tree
version=v4
num_class=1
num_tree_per_iteration=1
label_index=0
max_feature_idx=63
objective=binary sigmoid:1
feature_names=Column_0 Column_1 Column_2 Column_3 Column_4 Column_5 Column_6 Column_7 Column_8 Column_9 Column_10 Column_11 Column_12 Column_13 Column_14 Column_15 Column_16 Column_17 Column_18 Column_19 Column_20 Column_21 Column_22 Column_23 Column_24 Column_25 Column_26 Column_27 Column_28 Column_29 Column_30 Column_31 Column_32 Column_33 Column_34 Column_35 Column_36 Column_37 Column_38 Column_39 Column_40 Column_41 Column_42 Column_43 Column_44 Column_45 Column_46 Column_47 Column_48 Column_49 Column_50 Column_51 Column_52 Column_53 Column_54 Column_55 Column_56 Column_57 Column_58 Column_59 Column_60 Column_61 Column_62 Column_63
feature_infos=[-4.6197931847155571:5.9954558253433117] [-3.8590427701933976:4.0745545503753817] [-3.7006363548840562:3.6394565242699604] [-3.4980158346722385:3.2780148828578226] [-3.1999785198786843:2.610347494666029] [-2.1738283218639527:2.4895288086863725] [-3.4289366036448481:3.3364656086789584] [-1.1855167883782549:4.7938504253610938] [-1.6055658018150698:1.6212003046256909] [-3.1259897337209077:2.6779997207171977] [-1.2559288986268582:3.8744210684851921] [-2.4385148065339846:2.6934138560055256] [-2.089779261663173:2.5193293522476043] [-1.3234480727037761:2.7918759496744281] [-2.5204889128810786:3.0312031031188589] [-1.7985784569391383:1.461920888580696] [-1.8765941820849508:1.7838415334625943] [-1.039879775715675:0.67337113695867323] [-1.1128739172860969:0.69940197379011548] [-1.039879775715675:0.67337113695867323] [-2.3458261685465569:2.90808264112031] [-3.2376202311154865:3.5372892838090544] [-2.8844189775848479:2.8578372581832143] [-1.959377286342999:2.8100613773522927] [-2.218806723366312:1.8729898442725346] [-2.0711465073177044:1.8850318965655108] [-3.2689961065748441:2.2068739042765939] [-1.7991879499849253:1.5766680134482451] [-0.95580814064788056:2.8509843221340203] [-3.5672384251110967:3.359314784073069] [-3.280578047393814:2.9491138050114722] [-2.5277821494913666:2.2343153906774247] [-2.4773443806928408:2.382601414218533] [-2.0274700212050707:2.4637040279382165] [-2.1662999543162167:2.3117258022874321] [-1.9334544827373028:2.0030195014669325] [-2.0274614049673487:2.1915077311452715] [-1.2400797419821532:3.2155373949744424] [-1.2585922833209671:3.7630257070024191] [-1.3373970976211238:2.7107458318127908] [-1.1827696544083273:1.8645796270349586] [-2.0357621338741887:1.5852634820366831] [-1.7784888033346966:1.6766103993437165] [-1.976954241894801:11.837550384004633] [-597.3325696117804:95.248719800791037] [-508.49201776933643:105.83474118348761] [-656.48803750582067:48.277629840725055] [-1.1196522221866796:3.2683613614147284] [-1.8789159197136569:1.7316631968769354] [-1.1648515990167034:6.3037245507823627] [-3.8474290931651831:4.5651690630223642] [-10.225138859082454:8.4756836365510111] [-1:1] [-0.83333333333333337:1] [0:1] [0:1] [-5.2186824047976028:4.6346635437425681] [-4.7114188802404344:3.1305962556603983] [-3.4168175486945085:2.8144407990681009] [-1.2025675410664958:2.8129672786371502] [-2.327739568870435:2.3865320541644865] [-2.596261494346439:0.62382464195733733] [-3.8250300719717516:4.3778048806796326] [-5.8796568702502761:4.8140346171214858]
tree_sizes=963 888 888 991 992 997 996 682 683 888 688 787 992 891 992 689 997 892 998 691 997 684 688 994 889 685 684 789 685 997 786 687 680 886 783 999 681 687 887 680 687 784 677 685 782 684 895 686 682 786 680 681 685 686 786 898 783 689 893 786 998 682 685 686 688 680 687 680 783 899 689 891 798 683 796 792 682 688 894 890 997 688 787 684 686 893 791 892 783 792 891 682 686 897 687 686 788 578 785 684 692 900 791 897 892 786 787 785 689 688 901 789 691 889 891 891 688 1007 689 679

Tree=0
num_leaves=8
num_cat=0
split_feature=25 34 5 28 46 63 42
split_gain=36.8596 40.3838 32.663 28.2889 14.0992 12.018 10.1894
threshold=0.79066405081951741 0.48655140758938958 -0.19380934866828339 0.89026903245456523 -1.1048688637181567 0.25012666615333129 0.69819902855852967
decision_type=2 2 2 2 2 2 2
left_child=1 2 -1 4 -2 -5 -3
right_child=3 6 -4 5 -6 -7 -8
leaf_value=0.28098754854654118 0.26749707946034634 0.31202196188366005 0.25896097662817896 0.24492765533752345 0.21273854273326481 0.29494096791196889 0.28290518676061716
leaf_weight=223.84340572357178 10.063135564327238 49.088466167449951 203.96257692575455 10.554020226001741 32.152945339679718 17.917290151119232 34.116483986377716
leaf_count=912 41 200 831 43 131 73 139
internal_value=0.271701 0.275479 0.270476 0.245043 0.225011 0.275861 0.300626
internal_weight=581.698 511.011 427.806 70.6874 42.2161 28.4713 83.205
internal_count=2370 2082 1743 288 172 116 339
is_linear=0
shrinkage=1


Tree=1
num_leaves=7
num_cat=0
split_feature=25 34 33 45 39 17
split_gain=34.0644 37.5123 31.3375 22.002 21.5634 8.58555
threshold=0.79066405081951741 0.48655140758938958 -0.95562987592101967 2.9149260470693084 0.59589743512621507 0.55702907900052268
decision_type=2 2 2 2 2 2
left_child=1 2 -1 4 -2 -3
right_child=3 5 -4 -5 -6 -7
leaf_value=0.028265652834339523 -0.048064268802613677 0.039996557502202566 -0.0051156979720163509 0.024275554348237454 0.0062105192849772704 0.013463900670536572
leaf_weight=49.028093621134758 45.34443499147892 43.25644625723362 378.83568280935287 10.554544419050215 15.00122347474098 39.609924256801605
leaf_count=200 184 177 1543 43 61 162
internal_value=-1.34453e-06 0.00363629 -0.00117688 -0.0255859 -0.0348058 0.0279302
internal_weight=581.63 510.73 427.864 70.9002 60.3457 82.8664
internal_count=2370 2082 1743 288 245 339
is_linear=0
shrinkage=0.04


Tree=2
num_leaves=7
num_cat=0
split_feature=25 34 5 45 13 62
split_gain=31.3904 34.8675 29.7687 20.3571 20.072 8.47121
threshold=0.79066405081951741 0.47427826113554705 -0.19380934866828339 2.9149260470693084 0.21996190571237781 1.0644109033599845
decision_type=2 2 2 2 2 2
left_child=1 2 -1 4 -2 -3
right_child=3 5 -4 -5 -6 -7
leaf_value=0.008782972224205262 -0.054858517948544017 0.030831919867599065 -0.012332175701721699 0.023527637088540054 -0.0087707030804055775 -0.0073887707282484583
leaf_weight=223.23739989101887 30.98079489171505 76.206883043050766 201.23738953471184 10.51876552402973 29.585521176457405 9.7474079430103284
leaf_count=911 125 313 818 43 120 40
internal_value=7.87692e-06 0.00350559 -0.0012383 -0.0245162 -0.0333455 0.0264282
internal_weight=581.514 510.429 424.475 71.0851 60.5663 85.9543
internal_count=2370 2082 1729 288 245 353
is_linear=0
shrinkage=0.04


Tree=3
num_leaves=8
num_cat=0
split_feature=25 47 28 37 46 63 10
split_gain=28.9861 32.464 24.2605 19.4394 12.429 10.7858 10.6475
threshold=0.79066405081951741 0.96813863805627409 0.89026903245456523 1.1435195348959724 -1.1048688637181567 0.25012666615333129 -0.60394383413499619
decision_type=2 2 2 2 2 2 2
left_child=1 3 4 -1 -2 -4 -3
right_child=2 6 5 -5 -6 -7 -8
leaf_value=-0.0029936911134274351 -0.0024521574694524599 0.053602525521598825 -0.024287666208217734 0.020485288020898391 -0.053362274314361004 0.023035919921637029 0.012446128884812004
leaf_weight=404.19162434339523 10.117106214165686 22.862545043230057 10.634742960333826 63.523372322320938 32.569398537278175 17.888713255524635 19.494210362434387
leaf_count=1648 41 94 43 260 131 73 80
internal_value=5.72523e-06 0.00337153 -0.0235368 0.000268786 -0.0419459 0.0049564 0.036076
internal_weight=581.282 510.072 71.21 467.715 42.6865 28.5235 42.3568
internal_count=2370 2082 288 1908 172 116 174
is_linear=0
shrinkage=0.04


Tree=4
num_leaves=8
num_cat=0
split_feature=25 47 28 41 38 35 46
split_gain=27.0043 29.758 26.8477 19.2688 12.1444 11.4238 4.79817
threshold=0.86939992631866492 0.96813863805627409 0.89026903245456523 0.38616079279740628 -0.62240510546924332 0.81829070689951766 0.18321419067117781
decision_type=2 2 2 2 2 2 2
left_child=1 3 6 -1 -3 -4 -2
right_child=2 4 5 -5 -6 -7 -8
leaf_value=-0.0046515669884903696 -0.027217568927430106 0.051824336619193494 0.025741198656650557 0.013973173227172857 0.010235463326769617 -0.024190302511885742 -0.064107708829668278
leaf_weight=361.69971641898155 15.424156069755556 23.678133457899094 15.22739787399769 115.6215808391571 22.13974004983902 10.814020767807959 16.453931346535683
leaf_count=1475 62 98 62 472 91 44 66
internal_value=9.95301e-06 0.00291276 -0.0254308 -0.000100615 0.0329967 0.00476006 -0.048919
internal_weight=581.059 523.139 57.9195 477.321 45.8179 26.0414 31.8781
internal_count=2370 2136 234 1947 189 106 128
is_linear=0
shrinkage=0.04


Tree=5
num_leaves=8
num_cat=0
split_feature=25 34 33 28 46 42 27
split_gain=25.3211 30.1099 27.3982 21.0424 10.602 10.1424 7.62374
threshold=0.79066405081951741 0.48655140758938958 -0.95562987592101967 0.81062826380865982 -1.0630931646769961 0.69819902855852967 0.45092510905968769
decision_type=2 2 2 2 2 2 2
left_child=1 2 -1 4 -2 -3 -5
right_child=3 5 -4 6 -6 -7 -8
leaf_value=0.02651914908340141 -0.0035892829466693649 0.036534655053985204 -0.0047961361442979888 0.017051072347802645 -0.051767951681625846 0.0075652044624931062 -0.021131762906447634
leaf_weight=48.644254967570305 9.8799508064985258 48.138443529605865 379.18742550909519 19.882222533226017 29.965845093131065 33.555608630180359 11.568564176559446
leaf_count=200 40 200 1543 81 120 139 47
internal_value=7.77732e-06 0.00315838 -0.00112878 -0.02198 -0.0405643 0.0251007 0.00258253
internal_weight=580.822 509.526 427.832 71.2966 39.8458 81.6941 31.4508
internal_count=2370 2082 1743 288 160 339 128
is_linear=0
shrinkage=0.04


Tree=6
num_leaves=8
num_cat=0
split_feature=25 47 41 39 35 38 61
split_gain=23.5468 27.1588 17.4452 16.2736 24.5348 11.5662 5.55983
threshold=0.86939992631866492 0.96813863805627409 0.38616079279740628 0.18397505484420557 0.79286049044460882 -0.62240510546924332 0.52290435741971897
decision_type=2 2 2 2 2 2 2
left_child=1 2 -1 6 -5 -3 -2
right_child=3 5 -4 4 -6 -7 -8
leaf_value=-0.0044691407403712044 -0.063097687146353276 0.05010676467087917 0.013272462319607181 0.023036834305565936 -0.042780246797332458 0.0094337076355857172 -0.020289352466063261
leaf_weight=361.82395122945309 13.718854099512102 23.371613278985023 115.25655680894852 19.667360708117485 13.606222420930861 22.042704403400421 10.951643154025076
leaf_count=1475 55 98 472 80 55 91 44
internal_value=9.11623e-06 0.00272339 -0.000145481 -0.0237404 -0.00477668 0.031596 -0.0470409
internal_weight=580.439 522.495 477.081 57.9441 33.2736 45.4143 24.6705
internal_count=2370 2136 1947 234 135 189 99
is_linear=0
shrinkage=0.04


Tree=7
num_leaves=5
num_cat=0
split_feature=40 40 13 11
split_gain=25.7418 29.1835 25.4615 24.6143
threshold=-0.97400064663699559 -0.68354251664810606 -0.2451573503881114 -0.406624044637722
decision_type=2 2 2 2
left_child=-1 3 -3 -2
right_child=1 2 -4 -5
leaf_value=0.053447585650248243 0.012160876470088873 0.014638440390893268 -0.0044520000969221494 -0.05064220448435694
leaf_weight=12.072987720370291 13.422348514199255 158.71876309812069 365.22768379747868 30.675809606909752
leaf_count=50 55 649 1491 125
internal_value=4.6654e-06 -0.00131472 0.00136473 -0.0318283
internal_weight=580.118 568.045 523.946 44.0982
internal_count=2370 2320 2140 180
is_linear=0
shrinkage=0.04


Tree=8
num_leaves=5
num_cat=0
split_feature=40 40 5 39
split_gain=24.2025 26.931 22.9858 22.0211
threshold=-0.97400064663699559 -0.68354251664810606 -0.23352769356645975 -0.25927747405592583
decision_type=2 2 2 2
left_child=-1 2 -2 -3
right_child=1 3 -4 -5
leaf_value=0.052047139282964443 0.016011813414682094 0.013797694751818806 -0.046928470533314462 -0.0040374740564419797
leaf_weight=11.958048447966574 11.531923756003378 156.17734742164612 32.693688169121742 367.65942734479904
leaf_count=50 47 640 133 1500
internal_value=8.62137e-06 -0.00126558 -0.030534 0.00131218
internal_weight=580.02 568.062 44.2256 523.837
internal_count=2370 2320 180 2140
is_linear=0
shrinkage=0.04


Tree=9
num_leaves=7
num_cat=0
split_feature=33 40 40 47 14 53
split_gain=22.8827 25.0564 23.372 13.8526 8.67188 2.66868
threshold=-0.95562987592101967 -0.97400064663699559 -0.68354251664810606 0.13948554399331478 0.056422692070893822 -0.41666666666666657
decision_type=2 2 2 2 2 2
left_child=3 -2 -3 4 -1 -5
right_child=1 2 -4 5 -6 -7
leaf_value=-0.019029644140811909 0.050731623116550717 -0.031251600534566819 -0.0012033389972626806 0.058538417887954573 0.02707383298377888 0.025978950874192837
leaf_weight=12.379861891269686 11.831810653209685 43.382633671164513 476.20801079273224 12.353318721055986 9.9671005010604841 13.747123703360556
leaf_count=51 50 176 1944 51 41 57
internal_value=1.3147e-05 -0.00242213 -0.0038224 0.0257628 0.00206809 0.0444589
internal_weight=579.87 531.422 519.591 48.4474 22.347 26.1004
internal_count=2370 2170 2120 200 92 108
is_linear=0
shrinkage=0.04


Tree=10
num_leaves=5
num_cat=0
split_feature=40 28 40 25
split_gain=21.4464 24.0354 28.535 28.2086
threshold=-0.97400064663699559 -0.58523657228503778 -0.46475067906709899 0.86939992631866492
decision_type=2 2 2 2
left_child=-1 2 -2 -3
right_child=1 3 -4 -5
leaf_value=0.049492362690304742 -0.052355708445207039 0.0054599120973942688 -0.0016613537271090535 -0.024007053600473692
leaf_weight=11.695774629712103 28.194358214735985 439.39064128696918 43.490942090749741 56.929347977042198
leaf_count=50 114 1799 177 230
internal_value=2.86174e-05 -0.00115997 -0.0224797 0.00199718
internal_weight=579.701 568.005 71.6853 496.32
internal_count=2370 2320 291 2029
is_linear=0
shrinkage=0.04


Tree=11
num_leaves=6
num_cat=0
split_feature=16 40 40 28 36
split_gain=20.4696 22.3458 26.2292 10.5968 15.0444
threshold=-0.87332803801139591 -0.97400064663699559 -0.69548316301572066 0.84762053091455869 -1.0040384623120768
decision_type=2 2 2 2 2
left_child=3 -2 -3 4 -1
right_child=1 2 -4 -5 -6
leaf_value=-0.028689872572967984 0.048321768356001903 -0.035318809281127461 -0.0011448461734121056 0.048464414460575068 0.025124465783689046
leaf_weight=9.7088235765695554 11.551310911774634 36.872443422675133 477.67395375669003 16.084243878722191 27.501895561814308
leaf_count=40 50 149 1951 67 113
internal_value=2.4904e-05 -0.00239967 -0.00372102 0.02318 0.0103363
internal_weight=579.393 526.098 514.546 53.295 37.2107
internal_count=2370 2150 2100 220 153
is_linear=0
shrinkage=0.04


Tree=12
num_leaves=8
num_cat=0
split_feature=33 41 36 46 28 36 11
split_gain=20.3069 22.4278 22.4456 19.3322 16.418 13.0329 0.997991
threshold=-0.95562987592101967 0.40308680202977132 1.1872428634530801 -2.6942456312764165 0.84762053091455869 -1.2487805368366851 -0.099035412663338179
decision_type=2 2 2 2 2 2 2
left_child=4 3 -3 -2 5 -1 -6
right_child=1 2 -4 -5 6 -7 -8
leaf_value=-0.031411976587602995 -0.040927086022581785 0.014013923587091554 -0.037129141138801509 -0.005263826955201582 0.026597004188407204 0.023464346338148718 0.055768232916812446
leaf_weight=9.7391052842140216 24.310981765389442 156.51273995637894 13.11708791553974 337.15269419550896 9.510970667004587 14.887708336114882 13.908130317926405
leaf_count=40 99 646 53 1372 40 62 58
internal_value=3.24607e-05 -0.00225471 0.00967257 -0.00787444 0.0243943 0.00103319 0.046946
internal_weight=579.139 531.094 169.63 361.464 48.0459 24.6268 23.4191
internal_count=2370 2170 699 1471 200 102 98
is_linear=0
shrinkage=0.04


Tree=13
num_leaves=7
num_cat=0
split_feature=33 40 40 28 35 11
split_gain=18.997 20.7657 18.7335 15.5329 14.9621 0.954751
threshold=-0.95562987592101967 -0.97400064663699559 -0.68354251664810606 0.84762053091455869 -1.0227670134287363 -0.099035412663338179
decision_type=2 2 2 2 2 2
left_child=3 -2 -3 4 -1 -5
right_child=1 2 -4 5 -6 -7
leaf_value=-0.027261903727515406 0.047061654686342803 -0.027928289311683507 -0.0010783853900026669 0.025846712976155446 0.030620847521916964 0.054392932521919832
leaf_weight=12.685296878218653 11.371347263455389 43.575544744729996 476.15128597617149 9.4547808766365069 11.918170690536497 13.743285551667212
leaf_count=52 50 176 1944 40 50 58
internal_value=3.27566e-05 -0.00217446 -0.003428 0.0236585 0.00097119 0.0457333
internal_weight=578.9 531.098 519.727 47.8015 24.6035 23.1981
internal_count=2370 2170 2120 200 102 98
is_linear=0
shrinkage=0.04


Tree=14
num_leaves=8
num_cat=0
split_feature=16 41 35 5 60 14 3
split_gain=18.0502 20.1192 25.0979 18.3954 9.60404 9.85659 8.20638
threshold=-0.87332803801139591 0.40308680202977132 1.039395282782799 -0.19380934866828339 -0.70329214163039755 -0.47932978112151198 -1.2259857098794507
decision_type=2 2 2 2 2 2 2
left_child=4 3 -3 -2 6 -6 -1
right_child=1 2 -4 -5 5 -7 -8
leaf_value=0.0096062397659069289 0.0022634054890515311 0.013514945276749124 -0.041791610980695698 -0.015914953115154264 0.025625179847185528 -0.024127458674485375 0.051827514067552941
leaf_weight=13.450195237994196 163.29187245666981 157.34512113034725 12.369707494974135 192.79104344546795 10.813303872942926 10.674590483307837 17.8519396930933
leaf_count=56 666 651 50 783 45 44 75
internal_value=4.62843e-05 -0.00222237 0.00904411 -0.00761267 0.0218987 0.000959539 0.0353519
internal_weight=578.588 525.798 169.715 356.083 52.79 21.4879 31.3021
internal_count=2370 2150 701 1449 220 89 131
is_linear=0
shrinkage=0.04


Tree=15
num_leaves=5
num_cat=0
split_feature=40 28 40 42
split_gain=17.8072 20.237 24.7782 23.7022
threshold=-0.97400064663699559 -0.58523657228503778 -0.46475067906709899 -0.74433383180874524
decision_type=2 2 2 2
left_child=-1 2 -2 -3
right_child=1 3 -4 -5
leaf_value=0.045983553428123651 -0.048278828439944611 0.024203251691684531 -0.0011504922040838873 -0.0015221459249704576
leaf_weight=11.196549847722052 28.365542516112328 64.056213170289993 43.549320250749588 431.1011541634798
leaf_count=50 114 265 177 1764
internal_value=4.81489e-05 -0.00101724 -0.0205428 0.00188981
internal_weight=578.269 567.072 71.9149 495.157
internal_count=2370 2320 291 2029
is_linear=0
shrinkage=0.04


Tree=16
num_leaves=8
num_cat=0
split_feature=25 34 5 28 35 35 42
split_gain=18.0347 24.8433 23.2513 18.7126 13.3801 12.9466 11.0853
threshold=0.79066405081951741 0.48655140758938958 -0.19380934866828339 0.81062826380865982 0.63721571264681132 0.81829070689951766 0.68464520758131531
decision_type=2 2 2 2 2 2 2
left_child=1 2 -1 4 -2 -5 -3
right_child=3 6 -4 5 -6 -7 -8
leaf_value=0.0077823591599336045 -0.016501293198200512 0.035097324265729313 -0.010823939128572118 0.025670540394432992 -0.064921337716646765 -0.023002262431228774 0.0048859164049319765
leaf_weight=221.88889816403389 25.482984289526939 46.570691019296646 204.67065517604351 17.874355494976047 14.201599583029745 13.663542732596396 33.621414050459862
leaf_count=912 103 196 831 73 57 55 143
internal_value=4.94712e-05 0.00272066 -0.00115411 -0.0185113 -0.0361125 0.00446923 0.022858
internal_weight=577.974 506.752 426.56 71.2225 39.6846 31.5379 80.1921
internal_count=2370 2082 1743 288 160 128 339
is_linear=0
shrinkage=0.04


Tree=17
num_leaves=7
num_cat=0
split_feature=25 33 26 63 36 39
split_gain=16.9573 19.7933 20.4892 15.0181 13.9239 7.14543
threshold=0.86939992631866492 0.54220873454856078 0.60951071196796092 0.60634840130756074 0.2987094697631642 0.58844080679235289
decision_type=2 2 2 2 2 2
left_child=1 2 -1 5 -3 -2
right_child=3 4 -4 -5 -6 -7
leaf_value=0.0028840119663933296 -0.04228440944576508 0.043106618251824741 -0.020393790300196637 0.010086052674345128 0.0073654440647755864 -0.0031273608513934189
leaf_weight=376.22678305208683 30.217041715979576 27.005825400352478 70.024995878338814 17.45229771733284 46.372444108128548 10.140315249562262
leaf_count=1541 122 113 286 71 196 41
internal_value=4.23282e-05 0.00235526 -0.000843392 -0.0201313 0.0213142 -0.0330579
internal_weight=577.44 519.63 446.252 57.8097 73.3783 40.3574
internal_count=2370 2136 1827 234 309 163
is_linear=0
shrinkage=0.04


Tree=18
num_leaves=8
num_cat=0
split_feature=33 41 14 58 28 36 11
split_gain=16.0879 18.7698 21.1564 17.4968 14.6491 11.2448 1.00127
threshold=-0.95562987592101967 0.40308680202977132 -1.0639615499016055 0.096941679185480051 0.84762053091455869 -1.2487805368366851 -0.099035412663338179
decision_type=2 2 2 2 2 2 2
left_child=4 3 -3 -2 5 -1 -6
right_child=1 2 -4 -5 6 -7 -8
leaf_value=-0.029897922242359744 -0.00069557370693944817 -0.037664832730472608 0.01311906719125972 -0.019125284145925705 0.024202353778649491 0.021156273736180457 0.052233386085268778
leaf_weight=9.7977805733680743 237.14921024441719 12.388462752103804 155.95107914507389 124.45749707520008 9.3077263683080691 14.635454297065733 13.418873384594916
leaf_count=40 965 51 648 506 40 62 58
internal_value=4.07852e-05 -0.00198262 0.00898342 -0.007109 0.0219339 -2.96937e-05 0.0436394
internal_weight=577.106 529.946 168.34 361.607 47.1598 24.4332 22.7266
internal_count=2370 2170 699 1471 200 102 98
is_linear=0
shrinkage=0.04


Tree=19
num_leaves=5
num_cat=0
split_feature=40 28 40 13
split_gain=16.8437 18.4219 22.8875 19.6458
threshold=-0.97400064663699559 -0.58523657228503778 -0.46475067906709899 -0.22935869269294551
decision_type=2 2 2 2
left_child=-1 2 -2 -3
right_child=1 3 -4 -5
leaf_value=0.04505022886597345 -0.046241074389579098 0.013470288607478871 -0.00097153334110589712 -0.003619119167740944
leaf_weight=11.006402701139448 28.404073864221573 155.45766508579254 43.556695505976677 338.34038677811623
leaf_count=50 114 642 177 1387
internal_value=4.32512e-05 -0.000987936 -0.0196074 0.00179361
internal_weight=576.765 565.759 71.9608 493.798
internal_count=2370 2320 291 2029
is_linear=0
shrinkage=0.04


Tree=20
num_leaves=8
num_cat=0
split_feature=25 34 5 28 35 63 17
split_gain=15.9514 21.5963 20.5421 17.1932 11.7514 9.38957 9.09582
threshold=0.79066405081951741 0.48655140758938958 -0.19380934866828339 0.89026903245456523 0.63721571264681132 0.25012666615333129 0.55702907900052268
decision_type=2 2 2 2 2 2 2
left_child=1 2 -1 4 -2 -5 -3
right_child=3 6 -4 5 -6 -7 -8
leaf_value=0.0073768186127398227 -0.014468332616125004 0.034024252611163742 -0.010118771784355081 -0.020939322990119275 -0.057823278157014796 0.023256797826968295 0.0067648578781471817
leaf_weight=221.29800732433796 26.160312041640282 41.305638805031776 204.86237975955009 10.674845293164255 16.353595986962318 17.818866908550262 38.001180723309517
leaf_count=912 106 177 831 43 66 73 162
internal_value=4.30491e-05 0.00255796 -0.00104158 -0.017439 -0.0329941 0.00641184 0.0214502
internal_weight=576.475 505.467 426.16 71.0076 42.5139 28.4937 79.3068
internal_count=2370 2082 1743 288 172 116 339
is_linear=0
shrinkage=0.04


Tree=21
num_leaves=5
num_cat=0
split_feature=40 28 61 42
split_gain=15.7715 16.8799 21.9212 20.5938
threshold=-0.97400064663699559 -0.58523657228503778 -0.31558647800197021 -0.74433383180874524
decision_type=2 2 2 2
left_child=-1 2 -2 -3
right_child=1 3 -4 -5
leaf_value=0.043961000105948569 0.023651186675232739 0.022623724046629851 -0.029505364305685209 -0.001463428785491955
leaf_weight=10.791121214628218 14.043970093131064 63.407938256859779 57.9266716837883 429.70400686562061
leaf_count=50 57 265 234 1764
internal_value=3.7403e-05 -0.00095347 -0.0187737 0.00171275
internal_weight=575.874 565.083 71.9706 493.112
internal_count=2370 2320 291 2029
is_linear=0
shrinkage=0.04


Tree=22
num_leaves=5
num_cat=0
split_feature=40 24 35 60
split_gain=14.9214 15.9302 18.8154 9.58296
threshold=-0.97400064663699559 -0.96172529072939195 -0.60182863781658891 -1.5094993912425545
decision_type=2 2 2 2
left_child=-1 3 -3 -2
right_child=1 2 -4 -5
leaf_value=0.043060653236007926 0.042955173028246252 -0.019795388103109834 0.00036888052628122957 0.0075447907000909887
leaf_weight=10.621344238519667 16.272279620170593 87.851734310388565 420.35919326543808 40.455589964985847
leaf_count=50 69 358 1722 171
internal_value=4.47415e-05 -0.000913048 -0.00318074 0.0188191
internal_weight=575.56 564.939 508.211 56.7279
internal_count=2370 2320 2080 240
is_linear=0
shrinkage=0.04


Tree=23
num_leaves=8
num_cat=0
split_feature=25 24 26 35 13 63 42
split_gain=15.0042 20.5121 19.9675 15.1194 23.0782 4.81276 4.50626
threshold=0.79066405081951741 0.63830510760177084 0.60951071196796092 0.69178048832748285 0.19407711421324722 0.48916907412167471 1.2086625823505439
decision_type=2 2 2 2 2 2 2
left_child=1 2 -1 4 -2 -5 -3
right_child=3 6 -4 5 -6 -7 -8
leaf_value=0.0039806440284748989 -0.027627035516744274 0.040447666969097747 -0.017926802928367468 -0.05189083053895005 0.028908203668917169 -0.015620241197754325 0.0062528152065918878
leaf_weight=393.19822210073471 22.878695011138916 24.103389620780945 78.051573917269707 16.276575043797497 19.572433054447174 12.112591177225111 9.1558368206024152
leaf_count=1619 93 104 319 66 80 49 40
internal_value=5.38984e-05 0.00249482 0.000291759 -0.016921 -0.00143313 -0.038462 0.0319229
internal_weight=575.349 504.509 471.25 70.8403 42.4511 28.3892 33.2592
internal_count=2370 2082 1938 288 173 115 144
is_linear=0
shrinkage=0.04


Tree=24
num_leaves=7
num_cat=0
split_feature=25 24 26 45 28 7
split_gain=14.2455 22.0067 19.345 19.1074 17.7329 4.92609
threshold=0.72083728961583804 0.62209154219833296 0.60951071196796092 3.205939097846624 0.81062826380865982 0.049332304931665454
decision_type=2 2 2 2 2 2
left_child=1 2 -1 4 -2 -3
right_child=3 5 -4 -5 -6 -7
leaf_value=0.0042157849764866409 -0.037351020925583726 0.048799508934338494 -0.017437568989995132 0.033310178591753309 0.0022783425168837394 0.011472205421703199
leaf_weight=386.77769447863102 44.694014400243759 16.823785766959194 77.518106251955032 9.6673586666583997 29.110063120722771 10.290984019637106
leaf_count=1593 183 75 316 40 119 44
internal_value=4.75816e-05 0.00265904 0.000541289 -0.015029 -0.0220726 0.0363938
internal_weight=574.882 491.411 464.296 83.4714 73.8041 27.1148
internal_count=2370 2028 1909 342 302 119
is_linear=0
shrinkage=0.04


Tree=25
num_leaves=5
num_cat=0
split_feature=40 28 40 42
split_gain=13.9887 15.8418 21.0509 18.4905
threshold=-0.97400064663699559 -0.58523657228503778 -0.46475067906709899 -0.74433383180874524
decision_type=2 2 2 2
left_child=-1 2 -2 -3
right_child=1 3 -4 -5
leaf_value=0.04211589340179283 -0.04367475720032208 0.021606373858712821 -0.00029923262766312278 -0.0012848560005586217
leaf_weight=10.379131749272345 28.399572163820267 62.98399144411087 43.612886995077133 429.01596626639366
leaf_count=50 114 265 177 1764
internal_value=5.25517e-05 -0.000867592 -0.0181232 0.0017212
internal_weight=574.392 564.012 72.0125 492
internal_count=2370 2320 291 2029
is_linear=0
shrinkage=0.04


Tree=26
num_leaves=5
num_cat=0
split_feature=46 25 28 13
split_gain=13.7947 18.8911 15.6959 13.3613
threshold=6.5800175089735982 0.95729880621181951 -0.5734523579355405 0.3909001749028454
decision_type=2 2 2 2
left_child=1 2 -1 -3
right_child=-2 3 -4 -5
leaf_value=-0.014788915073520188 0.033361940497574114 -0.045463619580428508 0.0041115030241524794 -0.00099003608844801597
leaf_weight=81.874146550893784 17.231904223561287 22.999285370111465 432.66894736886024 19.200788363814354
leaf_count=334 72 94 1792 78
internal_value=5.34766e-05 -0.00109319 0.00105845 -0.0261888
internal_weight=573.975 556.743 514.543 42.2001
internal_count=2370 2298 2126 172
is_linear=0
shrinkage=0.04


Tree=27
num_leaves=6
num_cat=0
split_feature=28 25 47 13 58
split_gain=13.3754 17.9731 18.3998 11.2766 8.21099
threshold=1.7314320925526236 0.83611143403727128 1.1696548938011777 0.23572409803175681 -0.38323431000172176
decision_type=2 2 2 2 2
left_child=1 2 -1 -3 -2
right_child=4 3 -4 -5 -6
leaf_value=-0.00063366352592426553 0.0027185971449307715 -0.039721178878281055 0.030983799011274443 -0.0046093016529030941 0.053812378702450626
leaf_weight=467.48267701268196 9.2521300017833727 27.093110591173172 29.424719333648682 30.65254445374012 9.6526778191328031
leaf_count=1922 40 111 131 125 41
internal_value=4.81157e-05 -0.00113168 0.00135529 -0.0218613 0.0314592
internal_weight=573.558 554.653 496.907 57.7457 18.9048
internal_count=2370 2289 2053 236 81
is_linear=0
shrinkage=0.04


Tree=28
num_leaves=5
num_cat=0
split_feature=40 35 41 13
split_gain=13.3579 14.5525 22.3437 16.7364
threshold=-0.97400064663699559 0.57967160405181517 0.5441512467194739 0.91005570004811609
decision_type=2 2 2 2
left_child=-1 2 -2 -3
right_child=1 3 -4 -5
leaf_value=0.041474316944173986 -0.0018424215152030995 -0.023403835368095968 0.021332518752851422 0.014527312657085243
leaf_weight=10.193336442112921 384.99617151916027 76.598065167665482 78.416051104664803 22.885296911001205
leaf_count=50 1580 317 328 95
internal_value=5.25092e-05 -0.000841771 0.00215393 -0.0145638
internal_weight=573.089 562.896 463.412 99.4834
internal_count=2370 2320 1908 412
is_linear=0
shrinkage=0.04


Tree=29
num_leaves=8
num_cat=0
split_feature=16 7 40 63 60 26 21
split_gain=12.7835 14.9813 16.5146 10.9756 9.04007 10.5491 7.92168
threshold=-0.87332803801139591 -0.66953718131209772 -0.49376822210454874 -0.1485120380711033 -0.70329214163039755 -1.2715032194126081 -1.193600093409134
decision_type=2 2 2 2 2 2 2
left_child=4 3 -3 -2 6 -6 -1
right_child=1 2 -4 -5 5 -7 -8
leaf_value=0.0069549799524219035 0.040935673648942988 -0.02042814281747651 -0.00066918325700679308 0.003389249430665714 0.025353854175156957 -0.026497042505587893 0.048450296114816715
leaf_weight=13.197437942028047 18.883370026946068 79.902374088764191 390.59932471811771 31.873137757182121 10.169112578034403 10.975172206759451 17.179071679711342
leaf_count=56 79 334 1603 134 43 46 75
internal_value=5.82917e-05 -0.00184642 -0.00409699 0.0183803 0.018678 -0.00152391 0.0319654
internal_weight=572.779 521.258 470.502 50.7565 51.5208 21.1443 30.3765
internal_count=2370 2150 1937 213 220 89 131
is_linear=0
shrinkage=0.04


Tree=30
num_leaves=6
num_cat=0
split_feature=33 35 36 40 61
split_gain=12.7768 17.3978 23.7069 13.6639 2.39412
threshold=-1.2359235257950387 -0.60182863781658891 -0.23038527448237298 0.040335577809470842 -1.53359962796106
decision_type=2 2 2 2 2
left_child=4 3 -3 -2 -1
right_child=1 2 -4 -5 -6
leaf_value=0.044274518302335489 0.0052191479020714613 0.022384583503458365 -0.0017582962416753019 -0.023991287579120172 0.0125611251274975
leaf_weight=9.1627948582172412 36.666043967008591 77.287630692124367 361.74469085037708 78.54523192346096 9.1376092731952649
leaf_count=40 151 318 1499 322 40
internal_value=6.75282e-05 -0.00107027 0.00257407 -0.0147646 0.0312372
internal_weight=572.544 554.244 439.032 115.211 18.3004
internal_count=2370 2290 1817 473 80
is_linear=0
shrinkage=0.04


Tree=31
num_leaves=5
num_cat=0
split_feature=40 28 61 39
split_gain=12.6607 13.5165 19.5606 16.3691
threshold=-0.97400064663699559 -0.58523657228503778 -0.31558647800197021 -0.2452774980099868
decision_type=2 2 2 2
left_child=-1 2 -2 -3
right_child=1 3 -4 -5
leaf_value=0.040659416233702159 0.023321456865157596 0.012537558320914015 -0.026872182164906857 -0.0032447894575474028
leaf_weight=10.040849685668944 14.014361143112181 149.73857428133488 57.961041614413261 340.67426738142967
leaf_count=50 57 625 234 1404
internal_value=7.3627e-05 -0.000792505 -0.0167327 0.00160541
internal_weight=572.429 562.388 71.9754 490.413
internal_count=2370 2320 291 2029
is_linear=0
shrinkage=0.04


Tree=32
num_leaves=5
num_cat=0
split_feature=46 25 34 13
split_gain=12.5881 16.3347 14.266 11.9555
threshold=6.5800175089735982 0.95729880621181951 0.47427826113554705 0.3909001749028454
decision_type=2 2 2 2
left_child=1 2 -1 -3
right_child=-2 3 -4 -5
leaf_value=-0.0022237300649948105 0.032046712342896889 -0.042814919307236049 0.01475843436160915 -0.00066167102929862002
leaf_weight=417.59648163616657 17.054920971393585 22.72940830886364 95.557279646396637 19.17741347849369
leaf_count=1713 72 94 413 78
internal_value=7.7634e-05 -0.00101619 0.000983635 -0.0244336
internal_weight=572.116 555.061 513.154 41.9068
internal_count=2370 2298 2126 172
is_linear=0
shrinkage=0.04


Tree=33
num_leaves=7
num_cat=0
split_feature=37 59 53 46 44 44
split_gain=12.2466 18.3198 27.1778 17.2609 12.8583 8.22345
threshold=1.3148953476411311 0.2018189160020539 -0.74999999999999989 -5.5697767287415525 -0.85973937472234707 1.4566055995451181
decision_type=2 2 2 2 2 2
left_child=1 3 -3 -1 -2 -6
right_child=4 2 -4 -5 5 -7
leaf_value=0.049554812759445087 -0.019729350536219874 0.034230866228843894 -0.017162707533016644 0.001874442843360207 0.039284436926494665 0.0010285951937674452
leaf_weight=10.619948923587797 9.899211645126341 16.435501158237457 162.04609249532223 331.28912234306335 28.461355313658714 12.910515189170836
leaf_count=45 41 68 665 1376 120 55
internal_value=7.48334e-05 -0.00178851 -0.0121032 0.003635 0.0183445 0.0279442
internal_weight=571.662 520.391 178.482 341.909 51.2711 41.3719
internal_count=2370 2154 733 1421 216 175
is_linear=0
shrinkage=0.04


Tree=34
num_leaves=6
num_cat=0
split_feature=28 25 13 14 58
split_gain=11.9816 16.0341 17.6172 17.0241 7.66567
threshold=1.7314320925526236 0.72083728961583804 -0.2451573503881114 1.3298826592184201 -0.38323431000172176
decision_type=2 2 2 2 2
left_child=1 2 -1 -3 -2
right_child=4 3 -4 -5 -6
leaf_value=0.011556631584001711 0.0023291482632690846 -0.025187880091079494 -0.0042552590697434679 0.025070813678769108 0.05190717126484197
leaf_weight=179.83073316514492 9.2061550021171588 66.977118134498596 294.8977106064558 11.118790239095686 9.4284535348415357
leaf_count=755 40 277 1211 46 41
internal_value=8.51063e-05 -0.00102828 0.00175776 -0.017585 0.0300136
internal_weight=571.459 552.824 474.728 78.0959 18.6346
internal_count=2370 2289 1966 323 81
is_linear=0
shrinkage=0.04


Tree=35
num_leaves=8
num_cat=0
split_feature=33 35 53 36 28 35 41
split_gain=11.9613 17.0435 23.4077 17.5121 13.5537 12.586 1.10338
threshold=-0.95562987592101967 -0.60182863781658891 0.41666666666666669 -0.23038527448237298 0.84762053091455869 -1.0227670134287363 -0.83340860713890064
decision_type=2 2 2 2 2 2 2
left_child=4 2 -2 -3 5 -1 -6
right_child=1 3 -4 -5 6 -7 -8
leaf_value=-0.027307532784719528 -0.0034429345458670902 0.019342733902999513 -0.046334050552108305 -0.0019357982159830481 0.050641460381541867 0.026306136579521699 0.023347292572963699
leaf_weight=12.654207259416582 65.172028735280037 72.686734735965729 27.848780646920204 359.43104612827301 11.364432260394098 11.430545225739477 10.479437991976736
leaf_count=52 264 299 113 1494 52 50 46
internal_value=9.07315e-05 -0.00164908 -0.0169887 0.0017161 0.0192221 -0.00179662 0.040604
internal_weight=571.067 525.139 93.0208 432.118 45.9286 24.0848 21.8439
internal_count=2370 2170 377 1793 200 102 98
is_linear=0
shrinkage=0.04


Tree=36
num_leaves=5
num_cat=0
split_feature=40 40 11 13
split_gain=11.837 13.4415 18.425 18.3368
threshold=-0.97400064663699559 -0.68354251664810606 -0.406624044637722 -0.2451573503881114
decision_type=2 2 2 2
left_child=-1 2 -2 -3
right_child=1 3 -4 -5
leaf_value=0.03974959724912247 0.016264692132037805 0.012488399190974882 -0.037907215601467432 -0.0038476347611412398
leaf_weight=9.7959961891174299 13.19093146920204 155.57975336909294 30.465668499469757 361.73392133414745
leaf_count=50 55 649 125 1491
internal_value=9.37248e-05 -0.000737523 -0.0215436 0.00109453
internal_weight=570.766 560.97 43.6566 517.314
internal_count=2370 2320 180 2140
is_linear=0
shrinkage=0.04


Tree=37
num_leaves=5
num_cat=0
split_feature=18 37 40 28
split_gain=11.7777 14.6585 20.8327 11.0533
threshold=0.63902903501319142 -0.66828481721552258 -0.49376822210454874 -0.54562791796531163
decision_type=2 2 2 2
left_child=1 3 -3 -1
right_child=-2 2 -4 -5
leaf_value=-0.0116202795635075 -0.037835807469636065 -0.020202786660769682 0.0023896662512664091 0.033966081634899101
leaf_weight=10.198074176907538 10.806557387113569 74.555127888917923 442.49946169555187 32.286165148019791
leaf_count=43 45 313 1826 143
internal_value=9.40929e-05 0.000958794 -0.000933277 0.0229929
internal_weight=570.345 559.539 517.055 42.4842
internal_count=2370 2325 2139 186
is_linear=0
shrinkage=0.04


Tree=38
num_leaves=7
num_cat=0
split_feature=37 59 40 28 44 44
split_gain=11.4862 15.8333 21.73 16.6025 11.9358 7.61965
threshold=1.3148953476411311 0.2018189160020539 0.93226053028807032 -0.59288484701552246 -0.85973937472234707 1.4566055995451181
decision_type=2 2 2 2 2 2
left_child=1 3 -3 -1 -2 -6
right_child=4 2 -4 -5 5 -7
leaf_value=-0.014446453659782747 -0.018795521450386911 -0.017961393321338913 0.0170887311127517 0.0076631936841875872 0.038143676085083497 0.0012011127517456476
leaf_weight=65.67703253030777 9.9241400957107526 145.21038068830967 33.352111175656319 274.95042465627193 28.172218099236488 12.879513591527937
leaf_count=269 41 595 138 1152 120 55
internal_value=8.61318e-05 -0.00171789 -0.0112979 0.00334075 0.0178313 0.0271476
internal_weight=570.166 519.19 178.562 340.627 50.9759 41.0517
internal_count=2370 2154 733 1421 216 175
is_linear=0
shrinkage=0.04


Tree=39
num_leaves=5
num_cat=0
split_feature=46 37 59 44
split_gain=11.6332 11.8629 16.4563 13.966
threshold=6.5800175089735982 1.2457024731971067 0.2018189160020539 -0.85973937472234707
decision_type=2 2 2 2
left_child=1 2 -1 -3
right_child=-2 3 -4 -5
leaf_value=0.0022419178163409197 0.030957381485338799 -0.021410396711284769 -0.013084511823537382 0.026629836797053181
leaf_weight=332.72970698773861 16.886082917451859 10.727753818035124 166.68639175593853 42.810325309634209
leaf_count=1389 72 44 682 183
internal_value=8.5175e-05 -0.000965768 -0.00290526 0.0165794
internal_weight=569.84 552.954 499.416 53.5381
internal_count=2370 2298 2071 227
is_linear=0
shrinkage=0.04


Tree=40
num_leaves=5
num_cat=0
split_feature=40 40 12 37
split_gain=11.1601 12.2733 18.0694 16.653
threshold=-0.97400064663699559 -0.68354251664810606 -0.2414284682079075 -0.61933949666190657
decision_type=2 2 2 2
left_child=-1 2 -2 -3
right_child=1 3 -4 -5
leaf_value=0.038951434810269289 0.020176735945362474 0.030623001905532958 -0.035438725299400287 -0.00069914198289121017
leaf_weight=9.5822439640760404 11.38165597617626 26.748843625187874 32.105411931872368 489.75348788499832
leaf_count=50 47 115 133 2025
internal_value=8.58356e-05 -0.000715465 -0.0206356 0.00103485
internal_weight=569.572 559.989 43.4871 516.502
internal_count=2370 2320 180 2140
is_linear=0
shrinkage=0.04


Tree=41
num_leaves=6
num_cat=0
split_feature=33 35 36 14 61
split_gain=11.0247 14.3154 20.6975 13.3812 2.42914
threshold=-1.2359235257950387 -0.60182863781658891 -0.23038527448237298 -0.501332199738175 -1.53359962796106
decision_type=2 2 2 2 2
left_child=4 3 -3 -2 -1
right_child=1 2 -4 -5 -6
leaf_value=0.042496422001203904 0.016118584259058894 0.020960918892239323 -0.0016905458469135845 -0.019364530537122639 0.010906051733568298
leaf_weight=8.9184776246547717 18.963249161839485 76.613704100251198 359.26649191975594 96.465298548340797 8.9426124542951566
leaf_count=40 79 318 1499 394 40
internal_value=9.03032e-05 -0.000961052 0.00236841 -0.0133599 0.0293708
internal_weight=569.17 551.309 435.88 115.429 17.8611
internal_count=2370 2290 1817 473 80
is_linear=0
shrinkage=0.04


Tree=42
num_leaves=5
num_cat=0
split_feature=18 41 35 5
split_gain=10.9011 13.19 18.282 16.4501
threshold=0.63902903501319142 0.5441512467194739 0.99820722300014497 -0.19380934866828339
decision_type=2 2 2 2
left_child=1 3 -3 -1
right_child=-2 2 -4 -5
leaf_value=0.0056725910270795299 -0.036343439563220642 0.018610212240071561 -0.029659450407494816 -0.009667547766091765
leaf_weight=216.27520063519478 10.840702712535856 101.825404971838 12.464020743966101 227.56592382490635
leaf_count=901 45 438 52 934
internal_value=9.70084e-05 0.00093204 0.0129265 -0.00220068
internal_weight=568.971 558.131 114.289 443.841
internal_count=2370 2325 490 1835
is_linear=0
shrinkage=0.04


Tree=43
num_leaves=5
num_cat=0
split_feature=40 35 41 46
split_gain=10.6045 12.5333 18.4976 14.9308
threshold=-0.97400064663699559 0.57967160405181517 0.5441512467194739 0.58707555452033766
decision_type=2 2 2 2
left_child=-1 2 -2 -3
right_child=1 3 -4 -5
leaf_value=0.038277601796732695 -0.0015341117539838043 -0.029671639873296112 0.019682664864257699 0.0011180427907837936
leaf_weight=9.4009830653667432 383.04142485558987 45.82365782558918 77.313885375857353 52.972921073436737
leaf_count=50 1580 189 328 223
internal_value=8.6355e-05 -0.000689888 0.00209884 -0.0134682
internal_weight=568.553 559.152 460.355 98.7966
internal_count=2370 2320 1908 412
is_linear=0
shrinkage=0.04


Tree=44
num_leaves=6
num_cat=0
split_feature=28 25 14 13 58
split_gain=10.5134 13.7349 15.7519 14.6293 7.61191
threshold=1.7314320925526236 0.72083728961583804 1.3298826592184201 -0.2451573503881114 -0.38323431000172176
decision_type=2 2 2 2 2
left_child=1 3 -3 -1 -2
right_child=4 2 -4 -5 -6
leaf_value=0.01062533116699203 0.00089078306755003308 -0.023684606249752993 0.02475215860245121 -0.0038357417019310781 0.050383409807837662
leaf_weight=177.85116754472256 9.0567620396614092 66.490585625171661 11.053915977478026 294.55482129752636 9.2254128456115705
leaf_count=755 40 277 46 1211 41
internal_value=8.7393e-05 -0.00095224 -0.0163312 0.0016304 0.0283709
internal_weight=568.233 549.95 77.5445 472.406 18.2822
internal_count=2370 2289 323 1966 81
is_linear=0
shrinkage=0.04


Tree=45
num_leaves=5
num_cat=0
split_feature=46 25 41 37
split_gain=10.3796 12.2365 12.3728 12.1778
threshold=6.5800175089735982 0.95729880621181951 0.38616079279740628 0.10606675009785105
decision_type=2 2 2 2
left_child=1 2 -1 -3
right_child=-2 3 -4 -5
leaf_value=-0.0029965030714259027 0.029451548841777787 -0.04369065014403721 0.010898078735321422 -0.0011063050744227266
leaf_weight=370.32387219369411 16.638793855905533 18.494770407676697 139.52819167077541 22.809761688113213
leaf_count=1528 72 78 598 94
internal_value=9.26299e-05 -0.000896963 0.00083367 -0.0213113
internal_weight=567.795 551.157 509.852 41.3045
internal_count=2370 2298 2126 172
is_linear=0
shrinkage=0.04


Tree=46
num_leaves=7
num_cat=0
split_feature=33 35 36 61 11 14
split_gain=10.298 14.5432 14.9442 13.7543 11.8238 13.8814
threshold=-0.95562987592101967 -0.60182863781658891 -0.23038527448237298 -0.22330721901866932 0.19014772246082093 -0.41739387816722023
decision_type=2 2 2 2 2 2
left_child=4 3 -3 -2 5 -1
right_child=1 2 -4 -5 -6 -7
leaf_value=0.040269273245902813 -0.0030761370799783742 0.017956926763539008 -0.0017770704270025023 -0.034204867296871673 0.044201936249074106 -0.014967712110460725
leaf_weight=8.6151566803455335 56.866611331701279 72.09132593870163 356.87023003399372 36.311052411794662 15.391606256365774 21.204260542988781
leaf_count=40 230 299 1494 147 68 92
internal_value=8.79972e-05 -0.00152401 0.00160737 -0.0156708 0.0179808 0.0025189
internal_weight=567.35 522.139 428.962 93.1777 45.211 29.8194
internal_count=2370 2170 1793 377 200 132
is_linear=0
shrinkage=0.04


Tree=47
num_leaves=5
num_cat=0
split_feature=18 7 16 41
split_gain=10.1314 13.4947 12.7651 9.82076
threshold=0.63902903501319142 -0.66953718131209772 -0.73638309396949375 -0.53605536087064909
decision_type=2 2 2 2
left_child=1 3 -3 -1
right_child=-2 2 -4 -5
leaf_value=-0.016083247282989974 -0.035081471640055324 0.014288338960701674 -0.0036916797582502259 0.028104199226406928
leaf_weight=8.4868920594453794 10.808924436569212 71.885820984840393 434.28135725855827 41.59991666674614
leaf_count=36 45 309 1800 180
internal_value=9.21096e-05 0.000898824 -0.00109197 0.0202869
internal_weight=567.063 556.254 506.167 50.0868
internal_count=2370 2325 2109 216
is_linear=0
shrinkage=0.04


Tree=48
num_leaves=5
num_cat=0
split_feature=40 35 28 11
split_gain=9.90164 11.3946 12.7544 7.64451
threshold=-0.97400064663699559 0.79286049044460882 1.1484050531974017 -0.14547802838525095
decision_type=2 2 2 2
left_child=-1 2 -2 -3
right_child=1 3 -4 -5
leaf_value=0.037406326759775434 -0.00089780736688434076 0.00049730702664558027 0.021006328528227782 -0.0319924765117564
leaf_weight=9.1528509855270368 466.47094516456127 19.028250321745872 44.786484777927399 27.391715407371521
leaf_count=50 1929 80 196 115
internal_value=8.71025e-05 -0.00065688 0.00109539 -0.019204
internal_weight=566.83 557.677 511.257 46.42
internal_count=2370 2320 2125 195
is_linear=0
shrinkage=0.04


Tree=49
num_leaves=6
num_cat=0
split_feature=33 37 40 36 61
split_gain=9.6464 10.6098 18.5107 12.8635 2.47564
threshold=-1.2359235257950387 -0.66828481721552258 -0.49376822210454874 0.69299094678768025 -1.53359962796106
decision_type=2 2 2 2 2
left_child=4 3 -3 -2 -1
right_child=1 2 -4 -5 -6
leaf_value=0.041012922658249615 0.032229869359155047 -0.020777181917615933 0.00063953470120061697 -0.011219793455527857 0.0094339435308272799
leaf_weight=8.7026422321796435 29.23746694624424 73.947614133358002 430.34189616143703 15.479428157210348 8.7861129939556104
leaf_count=40 127 312 1778 73 40
internal_value=8.77516e-05 -0.000890763 -0.00257062 0.0173527 0.0277443
internal_weight=566.495 549.006 504.29 44.7169 17.4888
internal_count=2370 2290 2090 200 80
is_linear=0
shrinkage=0.04


Tree=50
num_leaves=5
num_cat=0
split_feature=18 7 37 41
split_gain=9.52653 12.3528 10.8568 9.06582
threshold=0.63902903501319142 -0.66953718131209772 1.2457024731971067 -0.53605536087064909
decision_type=2 2 2 2
left_child=1 3 -3 -1
right_child=-2 2 -4 -5
leaf_value=-0.01535949862151733 -0.033997275295882194 -0.0031241155657951835 0.01518876213858786 0.027064149646737014
leaf_weight=8.5261136889457685 10.821946650743483 449.19810128211975 56.522926405072212 41.250896170735359
leaf_count=36 45 1866 243 180
internal_value=9.19507e-05 0.000875642 -0.00102557 0.019485
internal_weight=566.32 555.498 505.721 49.777
internal_count=2370 2325 2109 216
is_linear=0
shrinkage=0.04


Tree=51
num_leaves=5
num_cat=0
split_feature=40 40 11 13
split_gain=9.3774 11.0255 16.8513 15.5633
threshold=-0.97400064663699559 -0.68354251664810606 -0.406624044637722 -0.2451573503881114
decision_type=2 2 2 2
left_child=-1 2 -2 -3
right_child=1 3 -4 -5
leaf_value=0.036693213928543911 0.016651892951950919 0.011577269586238715 -0.035398363886400358 -0.003531536669075352
leaf_weight=8.9810713529586774 13.02024833858013 154.16526867449284 30.015931099653244 359.92447917163372
leaf_count=50 55 649 125 1491
internal_value=8.72241e-05 -0.000632019 -0.0196108 0.0010266
internal_weight=566.107 557.126 43.0362 514.09
internal_count=2370 2320 180 2140
is_linear=0
shrinkage=0.04


Tree=52
num_leaves=5
num_cat=0
split_feature=46 25 24 58
split_gain=9.41812 11.0885 15.774 13.5612
threshold=6.5800175089735982 0.72083728961583804 0.62209154219833296 0.34018078882888031
decision_type=2 2 2 2
left_child=1 2 -1 -3
right_child=-2 3 -4 -5
leaf_value=-0.00033330153718857551 0.028227505026588707 -0.039030246259161676 0.031311823646970029 -0.0031915599348599668
leaf_weight=448.64372412860394 16.414578348398209 23.13722325861454 24.700406327843666 52.750946491956711
leaf_count=1863 72 97 116 222
internal_value=8.77003e-05 -0.000852662 0.00144282 -0.0148399
internal_weight=565.647 549.232 473.344 75.8882
internal_count=2370 2298 1979 319
is_linear=0
shrinkage=0.04


Tree=53
num_leaves=5
num_cat=0
split_feature=18 37 40 59
split_gain=8.94072 11.8623 18.2089 11.7576
threshold=0.63902903501319142 -0.66828481721552258 -0.49376822210454874 -0.77042288095609524
decision_type=2 2 2 2
left_child=1 3 -3 -1
right_child=-2 2 -4 -5
leaf_value=-0.0028185821059977106 -0.032935281999723134 -0.018933304549557689 0.0022768303966566 0.039206465056926078
leaf_weight=18.396402880549431 10.823045954108236 73.896565169095993 439.56022293865681 22.505275547504425
leaf_count=85 45 313 1826 101
internal_value=8.6975e-05 0.000847765 -0.000837345 0.0210546
internal_weight=565.182 554.358 513.457 40.9017
internal_count=2370 2325 2139 186
is_linear=0
shrinkage=0.04


Tree=54
num_leaves=6
num_cat=0
split_feature=28 25 14 47 58
split_gain=9.00431 10.8724 14.0567 13.681 7.55999
threshold=1.7314320925526236 0.72083728961583804 1.3298826592184201 1.1696548938011777 -0.38323431000172176
decision_type=2 2 2 2 2
left_child=1 3 -3 -1 -2
right_child=4 2 -4 -5 -6
leaf_value=-0.00013118809744940796 -0.00069283084355147072 -0.021638428826635751 0.02421670238238486 0.031237447405670166 0.048793325137483967
leaf_weight=448.94524124264717 8.8946916908025759 65.784921780228615 10.981140494346617 21.404633730649948 8.9548092633485776
leaf_count=1862 40 277 46 104 41
internal_value=8.20455e-05 -0.000874964 -0.0146307 0.00142255 0.0265484
internal_weight=564.965 547.116 76.7661 470.35 17.8495
internal_count=2370 2289 323 1966 81
is_linear=0
shrinkage=0.04


Tree=55
num_leaves=7
num_cat=0
split_feature=53 40 53 48 35 4
split_gain=8.98575 20.1039 13.6186 14.6767 14.1653 13.2296
threshold=-0.74999999999999989 0.24621933505858182 -0.58333333333333315 -0.37834955378923968 -0.61024213836396257 0.20172565134471751
decision_type=2 2 2 2 2 2
left_child=1 5 3 -2 -4 -1
right_child=2 -3 4 -5 -6 -7
leaf_value=0.017926721182016759 -0.052258067375920918 0.049971667097383786 -0.012242583648540289 -0.0068551504426982981 0.0045311430377614429 -0.026298976182992186
leaf_weight=23.71256685256958 14.24691019952297 16.100310698151588 102.41453376412392 40.691536545753479 350.56804740428925 16.689257726073265
leaf_count=100 58 70 427 173 1472 70
internal_value=9.0886e-05 0.0149385 -0.00161291 -0.0200513 0.000701637 -0.000720873
internal_weight=564.423 56.5021 507.921 54.9384 452.983 40.4018
internal_count=2370 240 2130 231 1899 170
is_linear=0
shrinkage=0.04


Tree=56
num_leaves=6
num_cat=0
split_feature=33 35 5 14 61
split_gain=8.9896 12.0103 18.3325 11.998 2.34498
threshold=-1.2359235257950387 -0.60182863781658891 -0.25139166254033568 -0.501332199738175 -1.53359962796106
decision_type=2 2 2 2 2
left_child=4 3 -3 -2 -1
right_child=1 2 -4 -5 -6
leaf_value=0.039976787065761722 0.015797069955292797 0.015675765569652621 -0.0027944205658004605 -0.017869256870631942 0.0091195499605386671
leaf_weight=8.5376729667186755 18.827143028378487 115.95550116896629 315.57041710615158 96.612000569701195 8.7458440065383893
leaf_count=40 79 482 1335 394 40
internal_value=8.43476e-05 -0.000858885 0.00221813 -0.012203 0.0269276
internal_weight=564.249 546.965 431.526 115.439 17.2835
internal_count=2370 2290 1817 473 80
is_linear=0
shrinkage=0.04


Tree=57
num_leaves=5
num_cat=0
split_feature=40 28 40 13
split_gain=8.92263 10.6597 18.1015 14.7203
threshold=-0.97400064663699559 -0.5734523579355405 -0.46475067906709899 -0.22935869269294551
decision_type=2 2 2 2
left_child=-1 2 -2 -3
right_child=1 3 -4 -5
leaf_value=0.036124679507258756 -0.037924727450647067 0.012093571497601961 0.00096287531457458218 -0.0030413877434609599
leaf_weight=8.785430431365965 29.187829911708832 147.08755838871002 49.379113346338272 329.55311632156372
leaf_count=50 119 629 201 1371
internal_value=8.99683e-05 -0.00060785 -0.0140668 0.00166016
internal_weight=563.993 555.208 78.5669 476.641
internal_count=2370 2320 320 2000
is_linear=0
shrinkage=0.04


Tree=58
num_leaves=7
num_cat=0
split_feature=37 59 53 47 47 17
split_gain=8.90135 14.3966 23.7342 16.202 11.8319 12.3756
threshold=1.1065576463016624 0.2018189160020539 -0.74999999999999989 -0.67233973928853874 -0.57237092411955059 0.032109179877546697
decision_type=2 2 2 2 2 2
left_child=1 3 -3 -1 -2 -6
right_child=4 2 -4 -5 5 -7
leaf_value=0.028407956010886665 -0.025274857951634921 0.032284139316341144 -0.017097626310633909 -0.00019340018205556589 0.029833893517601739 -0.0082451385517646712
leaf_weight=33.422067433595657 9.4612176418304426 15.623906180262564 140.62261198461056 300.48533917963505 45.82231330871582 18.087668836116791
leaf_count=136 39 66 577 1276 201 75
internal_value=8.77978e-05 -0.00187293 -0.0118141 0.00282152 0.0128885 0.0191337
internal_weight=563.525 490.154 156.247 333.907 73.3712 63.91
internal_count=2370 2055 643 1412 315 276
is_linear=0
shrinkage=0.04


Tree=59
num_leaves=6
num_cat=0
split_feature=40 36 40 14 40
split_gain=8.56559 16.4361 15.7767 14.1693 10.4006
threshold=0.90267824261146756 1.1530455401054185 0.45293143066497982 0.20510666312750062 1.4802025026310397
decision_type=2 2 2 2 2
left_child=1 2 -1 4 -2
right_child=3 -3 -4 -5 -6
leaf_value=0.0030845419151975923 0.011441221313299554 -0.046818773450996859 -0.014690942140131924 -0.015258074179277964 0.051434938639764609
leaf_weight=385.88070368766785 35.532293006777763 10.621608808636664 98.616317972540855 18.779017806053162 13.777087867259977
leaf_count=1627 150 45 410 79 59
internal_value=9.06191e-05 -0.0017554 -0.000579067 0.0131814 0.0241848
internal_weight=563.207 495.119 484.497 68.0884 49.3094
internal_count=2370 2082 2037 288 209
is_linear=0
shrinkage=0.04


Tree=60
num_leaves=8
num_cat=0
split_feature=24 35 53 36 11 36 33
split_gain=8.4561 12.6936 17.8787 16.7496 9.92641 8.46675 1.06772
threshold=-0.96172529072939195 -0.60182863781658891 0.41666666666666669 -0.27148805070038512 0.20462431874459566 -1.3292179985424781 -1.0055420272792828
decision_type=2 2 2 2 2 2 2
left_child=4 2 -2 -3 5 -1 -6
right_child=1 3 -4 -5 6 -7 -8
leaf_value=-0.025185348707014499 -0.0019266816446622177 0.020894205571398598 -0.039233588909022295 -0.0018597609363904491 0.046428655173515042 0.014581868166885881 0.019981717411314149
leaf_weight=10.806976541876791 58.438801437616348 58.349635109305382 29.88997320830822 362.1226442605257 9.6524583995342272 23.893835246562958 9.8239457905292493
leaf_count=47 237 244 121 1528 45 107 41
internal_value=8.58002e-05 -0.00153451 -0.0151403 0.00138181 0.0148157 0.00149949 0.0361918
internal_weight=562.978 508.801 88.3288 420.472 54.1772 34.7008 19.4764
internal_count=2370 2130 358 1772 240 154 86
is_linear=0
shrinkage=0.04


Tree=61
num_leaves=5
num_cat=0
split_feature=40 35 41 40
split_gain=8.49883 9.7569 15.762 14.0091
threshold=-0.97400064663699559 0.57967160405181517 0.75161525980307586 0.90267824261146756
decision_type=2 2 2 2
left_child=-1 2 -2 -3
right_child=1 3 -4 -5
leaf_value=0.03552086043701546 -0.00068089008032491737 -0.02111772499978953 0.023337956800443798 0.011951351247004798
leaf_weight=8.6275469660758954 409.30723850429058 70.76788604259491 46.928539931774139 27.030232548713684
leaf_count=50 1703 298 205 114
internal_value=8.78315e-05 -0.00058972 0.00188077 -0.0119215
internal_weight=562.661 554.034 456.236 97.7981
internal_count=2370 2320 1908 412
is_linear=0
shrinkage=0.04


Tree=62
num_leaves=5
num_cat=0
split_feature=46 37 39 44
split_gain=8.33918 9.24809 12.4917 12.1498
threshold=6.5800175089735982 1.2457024731971067 -0.25927747405592583 -0.85973937472234707
decision_type=2 2 2 2
left_child=1 2 -1 -3
right_child=-2 3 -4 -5
leaf_value=0.0051781418239455817 0.026812090578322054 -0.02049110205998738 -0.0077293826082043748 0.024478378086517615
leaf_weight=199.96175934374332 16.090504050254822 10.678514406085013 293.93537057936192 41.636771366000175
leaf_count=862 72 44 1209 183
internal_value=9.17837e-05 -0.000790297 -0.00250377 0.0148827
internal_weight=562.303 546.212 493.897 52.3153
internal_count=2370 2298 2071 227
is_linear=0
shrinkage=0.04


Tree=63
num_leaves=5
num_cat=0
split_feature=42 7 40 63
split_gain=8.07776 8.80068 12.059 7.98495
threshold=-1.2409079238273868 -0.66953718131209772 -0.49376822210454874 -0.1485120380711033
decision_type=2 2 2 2
left_child=-1 3 -3 -2
right_child=1 2 -4 -5
leaf_value=0.028346358493861558 0.033466388756419677 -0.016019323797332424 0.00047103786400871429 0.0016964034911969039
leaf_weight=13.739842519164084 19.677761018276215 83.602205231785774 413.99345169961452 30.968440338969231
leaf_count=60 87 360 1727 136
internal_value=9.26104e-05 -0.000715934 -0.00235258 0.0148426
internal_weight=561.982 548.242 497.596 50.6462
internal_count=2370 2310 2087 223
is_linear=0
shrinkage=0.04


Tree=64
num_leaves=5
num_cat=0
split_feature=40 28 61 42
split_gain=8.00882 10.2078 16.6308 12.4953
threshold=-0.97400064663699559 -0.58523657228503778 -0.31558647800197021 -0.74433383180874524
decision_type=2 2 2 2
left_child=-1 2 -2 -3
right_child=1 3 -4 -5
leaf_value=0.034787196676828558 0.022522969421751134 0.018211368402850626 -0.023899062023444419 -0.00092424419155050122
leaf_weight=8.4507325887680036 13.895951136946676 60.698970705270767 57.329448997974396 421.4062887430191
leaf_count=50 57 265 234 1764
internal_value=9.6067e-05 -0.000557129 -0.0144744 0.00155029
internal_weight=561.781 553.331 71.2254 482.105
internal_count=2370 2320 291 2029
is_linear=0
shrinkage=0.04


Tree=65
num_leaves=5
num_cat=0
split_feature=4 59 13 2
split_gain=7.72442 10.1019 11.3215 5.71877
threshold=-1.3832675891105157 2.1742071132759082 -0.2451573503881114 -1.0735953644625675
decision_type=2 2 2 2
left_child=3 2 -2 -1
right_child=1 -3 -4 -5
leaf_value=0.00090132978583680695 0.0056816233703768128 0.035531542225565989 -0.0063365934009413276 0.03853619441956601
leaf_weight=12.05704325437546 201.12974184751511 9.8929319828748685 326.08531911671162 12.164862379431723
leaf_count=54 869 44 1347 56
internal_value=9.98838e-05 -0.000931654 -0.00174756 0.0213001
internal_weight=561.33 537.108 527.215 24.2219
internal_count=2370 2260 2216 110
is_linear=0
shrinkage=0.04


Tree=66
num_leaves=5
num_cat=0
split_feature=18 37 40 59
split_gain=7.97934 10.4705 17.1297 11.1582
threshold=0.63902903501319142 -0.66828481721552258 -0.49376822210454874 -0.74704505700114465
decision_type=2 2 2 2
left_child=1 3 -3 -1
right_child=-2 2 -4 -5
leaf_value=-0.0018840181589091535 -0.031147971519096394 -0.018376232560127284 0.0022775411135347538 0.039260580311372043
leaf_weight=19.549775049090385 10.774173930287359 73.267323806881905 437.04484848678112 20.462020084261894
leaf_count=93 45 313 1826 93
internal_value=0.0001069 0.000829377 -0.000747956 0.0200247
internal_weight=561.098 550.324 510.312 40.0118
internal_count=2370 2325 2139 186
is_linear=0
shrinkage=0.04


Tree=67
num_leaves=5
num_cat=0
split_feature=46 43 18 40
split_gain=7.84313 8.53283 11.3268 9.5453
threshold=6.5800175089735982 -0.93390979040836364 0.098393763541741189 0.8961260410778692
decision_type=2 2 2 2
left_child=1 2 -1 -3
right_child=-2 3 -4 -5
leaf_value=0.040184063679892551 0.026109404744627966 -0.0041424755282117118 -0.0047224385882751836 0.012100648197944444
leaf_weight=16.26354917883873 15.962085366249083 447.18983722478151 16.953733161091805 64.490628883242607
leaf_count=69 72 1884 71 274
internal_value=0.000101618 -0.000752942 0.0182977 -0.0020561
internal_weight=560.86 544.898 33.2173 511.68
internal_count=2370 2298 140 2158
is_linear=0
shrinkage=0.04


Tree=68
num_leaves=6
num_cat=0
split_feature=35 41 28 58 7
split_gain=7.72322 11.329 15.813 12.4126 6.6386
threshold=0.99820722300014497 0.5441512467194739 0.054398683164614568 0.081582412194372109 0.13981010504805427
decision_type=2 2 2 2 2
left_child=1 3 -3 -1 -2
right_child=4 2 -4 -5 -6
leaf_value=0.0031041170484945669 0.0012504551010949067 0.033424774782970408 0.0013043547454022434 -0.01105248532678379 -0.041768207863727709
leaf_weight=284.69232691824436 10.195569172501566 36.054907992482185 69.446696534752846 149.52284701168537 10.80796082317829
leaf_count=1191 44 165 302 622 46
internal_value=0.000107825 0.00107139 0.0126991 -0.00179906 -0.0225929
internal_weight=560.72 539.717 105.502 434.215 21.0035
internal_count=2370 2280 467 1813 90
is_linear=0
shrinkage=0.04


Tree=69
num_leaves=7
num_cat=0
split_feature=53 40 53 24 35 4
split_gain=7.58085 18.3716 11.9609 17.7893 12.1234 11.9208
threshold=-0.74999999999999989 0.24621933505858182 -0.58333333333333315 -0.011465462399115308 -0.61024213836396257 0.20172565134471751
decision_type=2 2 2 2 2 2
left_child=1 5 3 -2 -4 -1
right_child=2 -3 4 -5 -6 -7
leaf_value=0.016792759435974806 -0.045216077182419795 0.047857520743280528 -0.011286622257137134 0.0002312740205029456 0.0042713442647990272 -0.025283883764646672
leaf_weight=23.447430834174156 21.700182840228081 15.637424334883688 101.94039916992188 32.875762827694416 348.03348434716463 16.685963183641434
leaf_count=100 88 70 427 143 1472 70
internal_value=0.000102035 0.0138299 -0.00146399 -0.0187989 0.000712381 -0.00107091
internal_weight=560.321 55.7708 504.55 54.5759 449.974 40.1334
internal_count=2370 240 2130 231 1899 170
is_linear=0
shrinkage=0.04


Tree=70
num_leaves=5
num_cat=0
split_feature=40 28 40 42
split_gain=7.48056 9.37297 15.9022 12.6029
threshold=-0.97400064663699559 -0.5734523579355405 -0.46475067906709899 -0.74433383180874524
decision_type=2 2 2 2
left_child=-1 2 -2 -3
right_child=1 3 -4 -5
leaf_value=0.034004243484258553 -0.03566231982894124 0.018538540561991265 0.00090393044695200346 -0.00089441970455966086
leaf_weight=8.2214830294251424 28.923675939440727 59.267993196845055 49.22314727306366 414.44495096802711
leaf_count=50 119 261 201 1739
internal_value=9.67984e-05 -0.000529313 -0.0131822 0.00160463
internal_weight=560.081 551.86 78.1468 473.713
internal_count=2370 2320 320 2000
is_linear=0
shrinkage=0.04


Tree=71
num_leaves=7
num_cat=0
split_feature=45 40 61 61 42 11
split_gain=7.48431 12.8474 24.5402 19 10.0172 8.99676
threshold=0.12088323476514702 0.15954974757201715 -0.21461117233148611 -0.66311711200796963 1.1063753632880227 0.51886764953052611
decision_type=2 2 2 2 2 2
left_child=1 2 -1 -3 5 -2
right_child=4 3 -4 -5 -6 -7
leaf_value=0.029185764057241242 0.0029261675311468456 0.0026262014562812518 -0.0048510626568633091 -0.027496318937729206 -0.027828822362951918 0.02162299410852829
leaf_weight=41.638443320989609 171.79449833929539 62.665738895535469 150.01300097256899 69.213877558708191 11.704264998435972 52.507399246096611
leaf_count=177 731 263 641 284 51 223
internal_value=9.56195e-05 -0.00384632 0.00276888 -0.0133575 0.00548638 0.00745537
internal_weight=559.537 323.531 191.651 131.88 236.006 224.302
internal_count=2370 1365 818 547 1005 954
is_linear=0
shrinkage=0.04


Tree=72
num_leaves=6
num_cat=0
split_feature=43 18 13 13 28
split_gain=7.36958 10.4916 9.23493 17.6144 15.0572
threshold=-0.93390979040836364 0.098393763541741189 -0.22422311725161873 1.0000000180025095e-35 -0.49797743362166885
decision_type=2 2 2 2 2
left_child=1 -1 4 -4 -2
right_child=2 -3 3 -5 -6
leaf_value=0.039050124856439078 -0.0079467822074335854 -0.0043032354436186486 -0.023967031337449519 -0.00063688115585711687 0.014293163359631583
leaf_weight=16.104896113276482 78.35313792526722 16.922735661268234 62.51491704583168 262.87962104380131 122.49557016789913
leaf_count=69 330 71 257 1102 541
internal_value=9.18063e-05 0.0178593 -0.0010867 -0.00523811 0.00562432
internal_weight=559.271 33.0276 526.243 325.395 200.849
internal_count=2370 140 2230 1359 871
is_linear=0
shrinkage=0.04


Tree=73
num_leaves=5
num_cat=0
split_feature=18 38 40 45
split_gain=7.41705 9.73136 9.34774 1.89314
threshold=0.63902903501319142 -0.93012162553155375 -0.49376822210454874 -0.30273976909373318
decision_type=2 2 2 2
left_child=1 3 -3 -1
right_child=-2 2 -4 -5
leaf_value=0.011644207124495647 -0.030056416967021264 -0.011638887966376658 0.0021905808838557799 0.038933712612088986
leaf_weight=10.157203599810602 10.76155239343643 93.225951947271824 435.44847916066647 9.3809917122125608
leaf_count=49 45 408 1826 42
internal_value=9.0986e-05 0.00078989 -0.000282768 0.0271455
internal_weight=558.974 548.213 528.674 19.5382
internal_count=2370 2325 2234 91
is_linear=0
shrinkage=0.04


Tree=74
num_leaves=6
num_cat=0
split_feature=35 41 46 28 45
split_gain=7.26332 10.3131 18.8952 15.0744 6.23397
threshold=0.99820722300014497 0.38616079279740628 -2.6942456312764165 0.054398683164614568 0.69250865278080631
decision_type=2 2 2 2 2
left_child=1 2 -1 -3 -2
right_child=4 3 -4 -5 -6
leaf_value=-0.034951940399640495 -0.041745648061613155 0.024710840852108597 -3.9239591161532305e-05 -0.00080970998344396345 -5.3171345798479495e-07
leaf_weight=24.620993912220001 10.06861771643162 61.605835862457752 363.26366628706455 88.346618704497814 10.886922195553778
leaf_count=101 44 276 1522 381 46
internal_value=8.91449e-05 0.00102589 -0.00242325 0.00986229 -0.0219476
internal_weight=558.793 537.837 387.885 149.952 20.9555
internal_count=2370 2280 1623 657 90
is_linear=0
shrinkage=0.04


Tree=75
num_leaves=6
num_cat=0
split_feature=33 35 5 61 28
split_gain=7.19614 9.93865 15.9188 10.9507 2.92989
threshold=-1.2359235257950387 -0.60182863781658891 -0.25139166254033568 -0.22330721901866932 0.94032675076583561
decision_type=2 2 2 2 2
left_child=4 3 -3 -2 -1
right_child=1 2 -4 -5 -6
leaf_value=0.0060667488402153889 -0.0017500127731108262 0.014679079275556063 -0.0026298694023007495 -0.02721048178173445 0.039590914180319334
leaf_weight=8.7026106864213961 74.224442049860954 114.59428511559963 312.25638131797314 40.781354114413261 7.8877028226852408
leaf_count=39 306 482 1335 167 41
internal_value=7.84049e-05 -0.000758383 0.00206376 -0.0110892 0.0245501
internal_weight=558.447 541.856 426.851 115.006 16.5903
internal_count=2370 2290 1817 473 80
is_linear=0
shrinkage=0.04


Tree=76
num_leaves=5
num_cat=0
split_feature=46 25 37 34
split_gain=7.0812 8.20156 11.9913 10.7252
threshold=6.5800175089735982 0.95729880621181951 0.10606675009785105 0.47427826113554705
decision_type=2 2 2 2
left_child=1 3 -3 -1
right_child=-2 2 -4 -5
leaf_value=-0.0020795300706822452 0.024971906311819194 -0.040362708930820335 0.0021610232120885925 0.01293678834613906
leaf_weight=410.87493303418159 15.709023147821425 17.791723862290382 22.457999348640442 91.306101530790329
leaf_count=1713 72 78 94 413
internal_value=7.98555e-05 -0.000730116 -0.0176568 0.000691211
internal_weight=558.14 542.431 40.2497 502.181
internal_count=2370 2298 172 2126
is_linear=0
shrinkage=0.04


Tree=77
num_leaves=5
num_cat=0
split_feature=40 40 16 13
split_gain=6.92998 8.47507 16.1506 12.4708
threshold=-0.97400064663699559 -0.65533551854497463 -0.29092973080125079 -0.2451573503881114
decision_type=2 2 2 2
left_child=-1 2 -2 -3
right_child=1 3 -4 -5
leaf_value=0.033122284145146001 0.022056050556359078 0.010897391046223186 -0.028698330756839471 -0.0029635672380272904
leaf_weight=7.9730860665440551 11.835434779524801 144.24197863042355 37.168430209159851 356.45902237296104
leaf_count=50 50 619 160 1491
internal_value=7.63948e-05 -0.000521248 -0.0160559 0.00105697
internal_weight=557.678 549.705 49.0039 500.701
internal_count=2370 2320 210 2110
is_linear=0
shrinkage=0.04


Tree=78
num_leaves=7
num_cat=0
split_feature=40 11 40 46 46 33
split_gain=7.00824 18.8493 14.5221 29.8027 15.0276 8.4777
threshold=0.90267824261146756 0.38196506378363743 0.36187212600844793 -2.6942456312764165 -6.1848534943115494 -0.88204910510039947
decision_type=2 2 2 2 2 2
left_child=2 5 4 -4 -1 -2
right_child=1 -3 3 -5 -6 -7
leaf_value=0.045311954623648606 -0.0051468019159444049 -0.023252417422428215 -0.063639309954689166 -0.0056297976396607243 0.00080502484269915091 0.032568696345660987
leaf_weight=10.563956528902052 11.792669251561163 16.476958706974983 14.500229999423025 104.08969667553902 360.93784917891026 38.849141046404839
leaf_count=46 55 69 59 438 1539 164
internal_value=7.85497e-05 0.0120051 -0.00159697 -0.0136606 0.00230647 0.0239242
internal_weight=557.211 67.1188 490.092 118.59 371.502 50.6418
internal_count=2370 288 2082 497 1585 219
is_linear=0
shrinkage=0.04


Tree=79
num_leaves=7
num_cat=0
split_feature=37 42 28 36 28 46
split_gain=6.94568 15.3944 14.7682 11.8653 8.88906 4.6232
threshold=-0.66828481721552258 1.0889418775329955 0.80438736794948951 0.69972544855366914 -0.49797743362166885 -0.40126494244978367
decision_type=2 2 2 2 2 2
left_child=3 2 -2 4 -1 -3
right_child=1 5 -4 -5 -6 -7
leaf_value=-0.0028871333727429126 -0.0029856946510602397 -0.011506408608582748 0.014876772379357585 -0.013464550623393579 0.04375623814396961 -0.050082249977308702
leaf_weight=9.1170929968357104 404.76658548414707 10.902672097086908 88.541558519005775 14.10584422200918 19.167079150676727 10.386493563652037
leaf_count=40 1689 46 391 71 89 44
internal_value=7.31962e-05 -0.00123176 0.000267481 0.0152565 0.0295235 -0.0330114
internal_weight=556.987 514.597 493.308 42.39 28.2842 21.2892
internal_count=2370 2170 2080 200 129 90
is_linear=0
shrinkage=0.04


Tree=80
num_leaves=8
num_cat=0
split_feature=35 7 45 25 60 59 11
split_gain=6.94004 15.4095 9.87493 14.4261 11.9193 7.01899 5.76646
threshold=0.79286049044460882 0.17884648756005853 0.12088323476514702 0.22894476521721704 -0.86100826676628606 -0.46627992970051751 0.014033209639538557
decision_type=2 2 2 2 2 2 2
left_child=2 5 4 -4 -1 -2 -3
right_child=1 6 3 -5 -6 -7 -8
leaf_value=0.018096484202445935 -0.019069862731043125 -0.013769444726318277 0.00082322292126870073 0.023569758015232121 -0.0058954296405692086 0.018604119780970582 -0.060177478970604166
leaf_weight=35.711704686284065 10.983399972319605 9.340054392814638 135.23585383594036 64.68282650411129 272.93695020675659 18.413323700428009 9.3745149075984937
leaf_count=156 56 40 570 286 1142 80 40
internal_value=6.76525e-05 -0.0141376 0.00146161 0.00834333 -0.00302085 0.00421 -0.0405819
internal_weight=556.679 48.1113 508.567 199.919 308.649 29.3967 18.7146
internal_count=2370 216 2154 856 1298 136 80
is_linear=0
shrinkage=0.04


Tree=81
num_leaves=5
num_cat=0
split_feature=18 37 40 36
split_gain=6.89335 9.02117 14.9729 8.74157
threshold=0.63902903501319142 -0.66828481721552258 -0.49376822210454874 0.69972544855366914
decision_type=2 2 2 2
left_child=1 3 -3 -1
right_child=-2 2 -4 -5
leaf_value=0.031023909931196636 -0.02904477019247707 -0.017281751086194865 0.0021155235071574105 -0.0082143290550520092
leaf_weight=26.561662599444389 10.724959477782248 72.558035463094711 434.18582363426685 12.286084666848181
leaf_count=123 45 313 1826 63
internal_value=5.98554e-05 0.000735971 -0.000718892 0.0188197
internal_weight=556.317 545.592 506.744 38.8477
internal_count=2370 2325 2139 186
is_linear=0
shrinkage=0.04


Tree=82
num_leaves=6
num_cat=0
split_feature=43 18 4 26 61
split_gain=6.8296 9.54207 7.47305 9.89974 4.77812
threshold=-0.93390979040836364 0.098393763541741189 -1.3832675891105157 -0.23057760250488207 -0.83358376813523816
decision_type=2 2 2 2 2
left_child=1 -1 4 -4 -2
right_child=2 -3 3 -5 -6
leaf_value=0.037597127391623485 0.0019473905870545675 -0.0039484731072336136 -0.009698989216892568 0.0020198976836431916 0.036749132870197578
leaf_weight=15.890686780214308 12.548899322748186 16.816351115703583 177.08212743699551 322.55897516012192 11.202145189046858
leaf_count=69 58 71 746 1374 52
internal_value=5.46545e-05 0.0172398 -0.00108079 -0.0021556 0.0199409
internal_weight=556.099 32.707 523.392 499.641 23.751
internal_count=2370 140 2230 2120 110
is_linear=0
shrinkage=0.04


Tree=83
num_leaves=5
num_cat=0
split_feature=42 41 46 26
split_gain=6.7507 7.5282 18.4294 12.0548
threshold=-1.2409079238273868 -0.80712299674019394 -1.9572779430471152 -0.42969149055109096
decision_type=2 2 2 2
left_child=-1 2 -2 -3
right_child=1 3 -4 -5
leaf_value=0.026199791437885828 -0.035293006360563449 -0.014923234849113051 0.020320118645300127 0.00077790053085115382
leaf_weight=13.375776216387747 9.4715118855237943 96.537072017788887 57.589442789554596 378.94576635211706
leaf_count=60 39 407 253 1611
internal_value=6.21749e-05 -0.000676077 0.0116709 -0.00245905
internal_weight=555.92 542.544 67.061 475.483
internal_count=2370 2310 292 2018
is_linear=0
shrinkage=0.04


Tree=84
num_leaves=5
num_cat=0
split_feature=40 35 46 35
split_gain=6.71794 8.67314 12.9773 12.442
threshold=-0.97400064663699559 0.57967160405181517 0.58707555452033766 0.27643469466030363
decision_type=2 2 2 2
left_child=-1 3 -3 -2
right_child=1 2 -4 -5
leaf_value=0.032748684001538395 -0.0014850718222022242 -0.026423340245957053 0.0025635600501311916 0.015105012597504533
leaf_weight=7.881220929324626 363.14997252821922 45.206062495708466 51.186172634363174 88.231729790568352
leaf_count=50 1535 189 223 373
internal_value=5.96759e-05 -0.000528069 -0.0112915 0.00181012
internal_weight=555.655 547.774 96.3922 451.382
internal_count=2370 2320 412 1908
is_linear=0
shrinkage=0.04


Tree=85
num_leaves=7
num_cat=0
split_feature=53 40 59 53 45 35
split_gain=6.57737 17.2081 11.1633 9.72756 13.9849 10.7505
threshold=-0.74999999999999989 0.24621933505858182 -0.25413063994992963 -0.58333333333333315 -1.3465717710553327 -0.61024213836396257
decision_type=2 2 2 2 2 2
left_child=1 2 -1 4 -2 -5
right_child=3 -3 -4 5 -6 -7
leaf_value=0.022426785072641266 -0.055962885922087528 0.04632571957772736 -0.018563557344275731 -0.010740743718551033 -0.0065056792323799316 0.003946741507434016
leaf_weight=16.288587868213654 9.754453241825102 15.233703032135962 23.400371536612511 101.5471126139164 44.397634461522102 344.80558659136295
leaf_count=73 40 70 97 427 191 1472
internal_value=6.0841e-05 0.0129473 -0.00147202 -0.00139916 -0.0170904 0.00057227
internal_weight=555.427 54.9227 39.689 500.505 54.1521 446.353
internal_count=2370 240 170 2130 231 1899
is_linear=0
shrinkage=0.04


Tree=86
num_leaves=6
num_cat=0
split_feature=33 35 36 40 28
split_gain=6.63882 8.21356 15.8551 11.1288 2.72945
threshold=-1.2359235257950387 -0.60182863781658891 -0.27148805070038512 0.040335577809470842 0.94032675076583561
decision_type=2 2 2 2 2
left_child=4 3 -3 -2 -1
right_child=1 2 -4 -5 -6
leaf_value=0.0059448531771813763 0.0078737169458840336 0.020186380521709398 -0.0014035720923916363 -0.01844994931675726 0.038538664070994759
leaf_weight=8.6860775500535983 36.354165703058243 62.01534041762352 361.85777162760496 78.601598083972931 7.6363530904054633
leaf_count=39 151 264 1553 322 41
internal_value=5.62346e-05 -0.000746203 0.00183514 -0.0101329 0.0237359
internal_weight=555.151 538.829 423.873 114.956 16.3224
internal_count=2370 2290 1817 473 80
is_linear=0
shrinkage=0.04


Tree=87
num_leaves=7
num_cat=0
split_feature=40 11 35 40 38 32
split_gain=6.54226 16.865 13.467 17.2594 12.6187 8.1724
threshold=0.90267824261146756 0.38196506378363743 0.61593369241110019 -0.21305471474800894 -0.93012162553155375 0.076378718255561057
decision_type=2 2 2 2 2 2
left_child=2 5 4 -4 -1 -2
right_child=1 -3 3 -5 -6 -7
leaf_value=0.034935778734481622 0.0053636877875719658 -0.021729309807761124 0.0011590694505329367 -0.039576783756597074 -0.00033527225657294601 0.037633898977451313
leaf_weight=14.898717269301413 24.056411981582642 16.456908211112022 34.67003757506609 29.808004841208458 408.80334125459194 26.154481485486031
leaf_count=68 107 69 163 124 1727 112
internal_value=6.20438e-05 0.011625 -0.00155803 -0.0182971 0.00106328 0.0229707
internal_weight=554.848 66.6678 488.18 64.478 423.702 50.2109
internal_count=2370 288 2082 287 1795 219
is_linear=0
shrinkage=0.04


Tree=88
num_leaves=6
num_cat=0
split_feature=35 45 28 40 7
split_gain=6.55245 8.01647 13.267 10.6753 5.94225
threshold=0.99820722300014497 0.12088323476514702 1.132543262026793 0.16710033897156973 0.13981010504805427
decision_type=2 2 2 2 2
left_child=1 3 -3 -1 -2
right_child=4 2 -4 -5 -6
leaf_value=0.0029804872964781693 0.0016359299418435233 0.0031675689437497124 0.033468360394277419 -0.0118612727048188 -0.039285347697108564
leaf_weight=188.47346387803555 10.042827919125559 191.93680064380169 24.380121663212776 129.0253571420908 10.618444874882696
leaf_count=810 44 815 117 538 46
internal_value=6.24735e-05 0.000953283 0.00685795 -0.00308741 -0.0210058
internal_weight=554.477 533.816 216.317 317.499 20.6613
internal_count=2370 2280 932 1348 90
is_linear=0
shrinkage=0.04


Tree=89
num_leaves=6
num_cat=0
split_feature=28 37 42 59 37
split_gain=6.49915 9.63667 14.2167 8.6547 4.12189
threshold=-0.7499239408899524 -0.61933949666190657 1.0889418775329955 -0.74704505700114465 -0.45239300672343891
decision_type=2 2 2 2 2
left_child=4 3 -3 -2 -1
right_child=1 2 -4 -5 -6
leaf_value=-0.038505927948543732 -0.0016632093026906817 0.00070428456326881083 -0.032253949515785175 0.032704272750452498 -0.0021853519499462808
leaf_weight=9.1283845752477664 20.141069523990154 469.9502956867218 19.914210140705109 25.450543954968452 9.5409119427204114
leaf_count=40 99 1988 84 119 40
internal_value=5.89122e-05 0.000905176 -0.000761251 0.0180898 -0.0219519
internal_weight=554.125 535.456 489.865 45.5916 18.6693
internal_count=2370 2290 2072 218 80
is_linear=0
shrinkage=0.04


Tree=90
num_leaves=7
num_cat=0
split_feature=43 26 13 13 61 37
split_gain=6.36019 8.9274 7.35287 16.1841 14.5271 4.88828
threshold=-0.93390979040836364 0.28835548479939005 -0.22422311725161873 1.0000000180025095e-35 -0.21461117233148611 -0.11066179003488937
decision_type=2 2 2 2 2 2
left_child=1 5 4 -4 -2 -1
right_child=2 -3 3 -5 -6 -7
leaf_value=0.0076204413512488594 0.02556313297582959 -0.0088435764291435841 -0.0227129532034453 -0.00031819957384851902 -0.0006465715401703533 0.0481724537400018
leaf_weight=8.931593269109726 41.101959824562073 12.626100167632101 62.3858592659235 260.94700121879578 156.95528147369623 10.898650661110878
leaf_count=40 177 53 257 1102 694 47
internal_value=5.0911e-05 0.016697 -0.00104514 -0.00475225 0.0049938 0.0322792
internal_weight=553.846 32.4563 521.39 323.333 198.057 19.8302
internal_count=2370 140 2230 1359 871 87
is_linear=0
shrinkage=0.04


Tree=91
num_leaves=5
num_cat=0
split_feature=46 37 7 44
split_gain=6.44451 7.10705 9.98131 9.54931
threshold=6.5800175089735982 1.1065576463016624 -0.029422188123876491 -0.83312329270641061
decision_type=2 2 2 2
left_child=1 2 -1 -3
right_child=-2 3 -4 -5
leaf_value=0.0030088105783738174 0.024010779566168657 -0.016513045582769784 -0.0086007481632800458 0.019083799959909335
leaf_weight=250.71300965547562 15.40838637948036 13.830779328942297 221.40000723302364 52.27619794011116
leaf_count=1087 72 58 919 234
internal_value=5.63849e-05 -0.000715745 -0.00244887 0.0113701
internal_weight=553.628 538.22 472.113 66.107
internal_count=2370 2298 2006 292
is_linear=0
shrinkage=0.04


Tree=92
num_leaves=5
num_cat=0
split_feature=18 7 16 41
split_gain=6.35573 7.96796 8.46654 7.96564
threshold=0.63902903501319142 -0.66953718131209772 -0.73638309396949375 -0.53605536087064909
decision_type=2 2 2 2
left_child=1 3 -3 -1
right_child=-2 2 -4 -5
leaf_value=-0.016605314334315637 -0.027937543147611939 0.01195931262727447 -0.0029342202344132852 0.023495512951872556
leaf_weight=8.3069895058870298 10.680437400937079 69.237945139408112 426.17270272225142 38.93338118493557
leaf_count=36 45 309 1800 180
internal_value=5.75216e-05 0.000709085 -0.000813003 0.0160559
internal_weight=553.331 542.651 495.411 47.2404
internal_count=2370 2325 2109 216
is_linear=0
shrinkage=0.04


Tree=93
num_leaves=7
num_cat=0
split_feature=28 61 28 25 40 42
split_gain=6.27845 12.2358 11.8367 16.0795 15.6637 11.5917
threshold=-0.58523657228503778 -0.3630433931701274 -0.066831161259210126 0.78062026996392542 0.80292630964653278 -0.14006897686056033
decision_type=2 2 2 2 2 2
left_child=1 -1 3 -2 -4 -3
right_child=2 5 4 -5 -6 -7
leaf_value=0.024329590712437295 0.013240012604163805 -0.034683416251635998 -0.0085928578517747451 -0.028946733920975097 0.012134114901629894 -0.00065440122060965629
leaf_weight=11.571790039539335 167.78231453895569 30.144408285617828 220.35999396443367 13.926806092262266 77.170467585325241 32.07854688167572
leaf_count=48 713 124 949 63 335 138
internal_value=5.38054e-05 -0.0106469 0.00173894 0.00972674 -0.00317178 -0.0177067
internal_weight=553.034 73.7947 479.24 181.709 297.53 62.223
internal_count=2370 310 2060 776 1284 262
is_linear=0
shrinkage=0.04


Tree=94
num_leaves=5
num_cat=0
split_feature=40 40 61 13
split_gain=6.18584 8.37258 20.65 14.7192
threshold=-0.97400064663699559 -0.49376822210454874 -0.20274815582726224 -0.27176663979384369
decision_type=2 2 2 2
left_child=-1 2 -2 -3
right_child=1 3 -4 -5
leaf_value=0.031814457208597297 0.032963083230024552 0.015932295733406342 -0.018055600370265056 -0.0018832187753279892
leaf_weight=7.6384230256080619 12.943238466978071 91.785782039165497 86.418064191937447 353.80095158517361
leaf_count=50 58 396 375 1491
internal_value=4.85893e-05 -0.000511373 -0.0108904 0.00184137
internal_weight=552.586 544.948 99.3613 445.587
internal_count=2370 2320 433 1887
is_linear=0
shrinkage=0.04


Tree=95
num_leaves=5
num_cat=0
split_feature=46 43 20 40
split_gain=6.09566 6.59656 8.67827 7.6209
threshold=6.5800175089735982 -0.93390979040836364 -0.099785683179544407 0.8961260410778692
decision_type=2 2 2 2
left_child=1 2 -1 -3
right_child=-2 3 -4 -5
leaf_value=0.039858951447719053 0.023431723566385225 -0.0037138719992135865 -0.00082373204106988261 0.010923537802748738
leaf_weight=12.456998258829115 15.293473213911055 441.25759854912758 19.801335588097572 63.336086213588715
leaf_count=55 72 1884 85 274
internal_value=5.59374e-05 -0.000694473 0.0162962 -0.00184073
internal_weight=552.145 536.852 32.2583 504.594
internal_count=2370 2298 140 2158
is_linear=0
shrinkage=0.04


Tree=96
num_leaves=6
num_cat=0
split_feature=35 34 25 45 7
split_gain=6.11847 8.86296 12.7273 11.4005 5.69173
threshold=0.99820722300014497 0.47427826113554705 0.51663350362437443 2.0176342059136716 0.13981010504805427
decision_type=2 2 2 2 2
left_child=1 2 -1 -3 -2
right_child=4 3 -4 -5 -6
leaf_value=0.00050799205294865249 0.0018169433752839334 0.0045550203894005837 -0.023218045076154069 0.036935412588040166 -0.038336891396969108
leaf_weight=383.26574894785881 9.9749889671802539 90.499475814402103 37.936199963092804 19.766819760203362 10.520799934864042
leaf_count=1613 44 416 160 91 46
internal_value=6.41273e-05 0.000925594 -0.00172856 0.0109143 -0.0203705
internal_weight=551.964 531.468 421.202 110.266 20.4958
internal_count=2370 2280 1773 507 90
is_linear=0
shrinkage=0.04


Tree=97
num_leaves=4
num_cat=0
split_feature=42 41 41
split_gain=5.96908 6.90386 6.70473
threshold=-1.2409079238273868 -1.2327926821096888 0.37794768737917345
decision_type=2 2 2
left_child=-1 -2 -3
right_child=1 2 -4
leaf_value=0.024840465837963809 0.025097834772703029 -0.004442970114423796 0.005297674916216316
leaf_weight=13.128198131918905 14.188436150550841 362.24619966745377 162.04744548350573
leaf_count=60 64 1524 722
internal_value=5.92858e-05 -0.000634564 -0.00142366
internal_weight=551.61 538.482 524.294
internal_count=2370 2310 2246
is_linear=0
shrinkage=0.04


Tree=98
num_leaves=6
num_cat=0
split_feature=35 36 32 13 11
split_gain=5.97828 10.8607 7.96271 7.2156 14.3593
threshold=0.79286049044460882 0.85032452934534586 0.63997328523152397 -0.72322952474699986 -0.14547802838525095
decision_type=2 2 2 2 2
left_child=1 2 -1 -2 -5
right_child=3 -3 -4 4 -6
leaf_value=-0.0015801803071516173 0.00901013863279943 0.034211030643240818 0.013932045692541717 0.0032556398482436366 -0.04813375146142973
leaf_weight=432.26340518891811 14.871944867074488 13.604492217302321 58.29856950044632 16.421406909823418 15.950198754668234
leaf_count=1836 75 60 258 72 69
internal_value=6.45007e-05 0.00135867 0.000312383 -0.0132407 -0.0233925
internal_weight=551.41 504.166 490.562 47.2436 32.3716
internal_count=2370 2154 2094 216 141
is_linear=0
shrinkage=0.04


Tree=99
num_leaves=5
num_cat=0
split_feature=18 37 42 59
split_gain=6.08689 7.77367 12.9592 9.71093
threshold=0.63902903501319142 -0.66828481721552258 1.0889418775329955 -0.77042288095609524
decision_type=2 2 2 2
left_child=1 3 -3 -1
right_child=-2 2 -4 -5
leaf_value=-0.004462556014022988 -0.027374197942593922 0.00073224090035791626 -0.030433706131266718 0.034909161658922105
leaf_weight=17.227944239974022 10.642189219594 482.26458566635847 20.332439720630646 20.689798109233379
leaf_count=85 45 2052 87 101
internal_value=6.35366e-05 0.000702682 -0.000644198 0.0176933
internal_weight=551.157 540.515 502.597 37.9177
internal_count=2370 2325 2139 186
is_linear=0
shrinkage=0.04


Tree=100
num_leaves=5
num_cat=0
split_feature=40 40 28 13
split_gain=5.8734 7.82352 15.8184 13.7968
threshold=-0.97400064663699559 -0.49376822210454874 -0.51092161146220116 -0.27176663979384369
decision_type=2 2 2 2
left_child=-1 2 -2 -3
right_child=1 3 -4 -5
leaf_value=0.031281142238109474 -0.032731336643950712 0.015467888444740964 0.00073347165274959382 -0.0018151091593881783
leaf_weight=7.4745090827345839 32.056744828820229 91.360345616936684 66.927986353635788 353.09118854254484
leaf_count=50 134 396 299 1491
internal_value=5.74515e-05 -0.000485131 -0.0105379 0.00179092
internal_weight=550.911 543.436 98.9847 444.452
internal_count=2370 2320 433 1887
is_linear=0
shrinkage=0.04


Tree=101
num_leaves=7
num_cat=0
split_feature=53 40 31 53 24 35
split_gain=5.75344 16.2156 10.9688 8.40125 16.1239 9.67571
threshold=-0.74999999999999989 0.24621933505858182 0.094015052843242214 -0.58333333333333315 -0.011465462399115308 -0.61024213836396257
decision_type=2 2 2 2 2 2
left_child=1 2 -1 4 -2 -5
right_child=3 -3 -4 5 -6 -7
leaf_value=0.017541184846866988 -0.041046969005589205 0.045091159500690391 -0.022741205703213883 -0.010226388523090603 0.0023831331673323346 0.0037502266608285509
leaf_weight=20.674477756023407 21.610172167420387 14.804590113461016 18.693029567599297 101.01994509994984 32.02537003159523 341.52537176012993
leaf_count=90 88 70 80 427 143 1472
internal_value=5.72609e-05 0.0121927 -0.00176098 -0.0013113 -0.0159617 0.000528126
internal_weight=550.353 54.1721 39.3675 496.181 53.6355 442.545
internal_count=2370 240 170 2130 231 1899
is_linear=0
shrinkage=0.04


Tree=102
num_leaves=6
num_cat=0
split_feature=33 59 37 63 28
split_gain=5.7771 6.83875 12.033 10.8373 3.17854
threshold=-1.2359235257950387 -0.17446221822401123 -0.083717327472796435 0.81260099039629419 0.9035436112012406
decision_type=2 2 2 2 2
left_child=4 3 -3 -2 -1
right_child=1 2 -4 -5 -6
leaf_value=0.0032468410736965752 0.0080459458162342908 -0.01882201582197808 -0.00024543589120756251 -0.020033458262372527 0.037956788330266771
leaf_weight=8.2034567445516569 189.34468541294336 69.656843155622482 252.21599660813808 22.923446327447891 7.694171890616416
leaf_count=37 837 295 1060 98 43
internal_value=5.47332e-05 -0.000691747 -0.00435702 0.00485488 0.0224102
internal_weight=550.039 534.141 321.873 212.268 15.8976
internal_count=2370 2290 1355 935 80
is_linear=0
shrinkage=0.04


Tree=103
num_leaves=7
num_cat=0
split_feature=35 38 40 40 39 40
split_gain=5.77504 10.5381 10.2183 15.122 11.2436 10.0835
threshold=0.61593369241110019 -0.93012162553155375 0.90267824261146756 -0.21305471474800894 1.1890383456342273 -0.49376822210454874
decision_type=2 2 2 2 2 2
left_child=1 -1 3 -2 -4 -3
right_child=2 5 4 -5 -6 -7
leaf_value=0.033272896627808086 0.00087540443006302001 -0.01263221695519128 -0.0085980304393375659 -0.037565133578514646 0.043067028493374009 0.0033793248800917607
leaf_weight=14.479181185364721 33.958800449967384 73.614070028066635 16.040975868701938 29.461094602942467 9.0080675482749921 373.31062388420105
leaf_count=68 163 323 68 124 41 1583
internal_value=5.44318e-05 0.00185893 -0.00918983 -0.0175843 0.0117922 0.000697496
internal_weight=549.873 461.404 88.4689 63.4199 25.049 446.925
internal_count=2370 1974 396 287 109 1906
is_linear=0
shrinkage=0.04


Tree=104
num_leaves=7
num_cat=0
split_feature=43 20 45 40 33 35
split_gain=5.63686 8.16092 6.38692 10.4816 8.13727 3.87635
threshold=-0.93390979040836364 -0.099785683179544407 0.12088323476514702 0.15954974757201715 1.1122785363580656 0.45386132998694811
decision_type=2 2 2 2 2 2
left_child=1 -1 3 -2 -4 -3
right_child=2 5 4 -5 -6 -7
leaf_value=0.038850204931493555 0.0013787720676633898 -0.017552930681485706 0.0067267799388944019 -0.013845158539475811 -0.018390996947429759 0.014818211980886072
leaf_weight=12.290366113185881 178.21447481215 9.3749271780252474 198.63943296670914 119.45183135569096 21.070406123995781 10.343599781394003
leaf_count=55 773 40 863 499 95 45
internal_value=5.57773e-05 0.015832 -0.000977472 -0.00478214 0.00417379 -0.00077138
internal_weight=549.385 32.0089 517.376 297.666 219.71 19.7185
internal_count=2370 140 2230 1272 958 85
is_linear=0
shrinkage=0.04


Tree=105
num_leaves=6
num_cat=0
split_feature=28 37 42 42 37
split_gain=5.68777 8.40193 11.8873 6.84166 3.7236
threshold=-0.7499239408899524 -0.61933949666190657 1.0889418775329955 0.44349236597362424 -0.45239300672343891
decision_type=2 2 2 2 2
left_child=4 3 -3 -2 -1
right_child=1 2 -4 -5 -6
leaf_value=-0.036534658702724175 0.037000759905305637 0.00064348821492105567 -0.029596269176023014 0.004880476968218749 -0.0018287680594192158
leaf_weight=8.9665305316448229 15.37784071266651 466.44234470278025 19.766735717654228 29.136154606938362 9.414702966809271
leaf_count=40 73 1988 84 145 40
internal_value=5.56016e-05 0.0008488 -0.000702111 0.0170906 -0.0206824
internal_weight=549.104 530.723 486.209 44.514 18.3812
internal_count=2370 2290 2072 218 80
is_linear=0
shrinkage=0.04


Tree=106
num_leaves=6
num_cat=0
split_feature=4 4 46 46 5
split_gain=5.53561 8.45819 12.5581 7.72558 3.95592
threshold=-1.428328185524997 -0.59233180687228637 -6.1848534943115494 -1.7348547737256406 -1.0403486979034431
decision_type=2 2 2 2 2
left_child=4 3 -3 -2 -1
right_child=1 2 -4 -5 -6
leaf_value=0.034919814382551928 -0.038763088627820137 0.038094807289090829 0.00039738558362818104 -0.0065650143052722858 0.0013768870148096984
leaf_weight=10.168749988079073 12.043282255530356 12.639850899577139 414.72455132752657 88.478136397898197 10.780383616685866
leaf_count=51 50 56 1786 378 49
internal_value=4.98861e-05 -0.000783279 0.00168459 -0.0111035 0.019283
internal_weight=548.835 527.886 427.364 100.521 20.9491
internal_count=2370 2270 1842 428 100
is_linear=0
shrinkage=0.04


Tree=107
num_leaves=6
num_cat=0
split_feature=25 13 36 11 33
split_gain=5.55739 7.50173 6.41218 15.491 9.85456
threshold=-1.229778813082903 1.4473209850979945 -1.0865064174663466 0.15982212588852512 -0.98746694647831434
decision_type=2 2 2 2 2
left_child=1 -1 3 -2 -4
right_child=2 -3 4 -5 -6
leaf_value=0.03290502286612506 -0.039504201900941192 -0.0089818117232883295 0.036888576539278531 0.011647044831340587 -0.0005353576295061528
leaf_weight=16.04460079967976 19.122104898095131 9.8826161772012693 9.5283709019422513 15.871955856680868 478.20902778953314
leaf_count=75 81 45 47 66 2056
internal_value=5.25839e-05 0.0174393 -0.00087297 -0.0169286 0.000343412
internal_weight=548.659 25.9272 522.731 34.9941 487.737
internal_count=2370 120 2250 147 2103
is_linear=0
shrinkage=0.04


Tree=108
num_leaves=5
num_cat=0
split_feature=18 48 40 49
split_gain=5.54017 7.32492 8.29846 7.06573
threshold=0.63902903501319142 0.99317947410994523 -0.49376822210454874 0.18994966365021204
decision_type=2 2 2 2
left_child=1 2 -1 -3
right_child=-2 3 -4 -5
leaf_value=-0.011649097909222668 -0.026187747583900883 0.028145625202304504 0.0017384972072377425 -0.0066853447131333087
leaf_weight=88.311029508709908 10.577866539359091 26.243282072246075 410.40240168571472 12.929179742932318
leaf_count=397 45 127 1743 58
internal_value=5.56813e-05 0.000666875 -0.000669208 0.0168831
internal_weight=548.464 537.886 498.713 39.1725
internal_count=2370 2325 2140 185
is_linear=0
shrinkage=0.04


Tree=109
num_leaves=5
num_cat=0
split_feature=42 41 41 46
split_gain=5.56997 6.59287 7.15977 5.88361
threshold=-1.2409079238273868 -0.99513311166931595 0.20645732937067413 -1.3823793617967741
decision_type=2 2 2 2
left_child=-1 3 -3 -2
right_child=1 2 -4 -5
leaf_value=0.024109498166776124 -0.010450609925533007 -0.0058743754826793585 0.0037931478690224245 0.024658400940586415
leaf_weight=12.979812502861021 9.1537986099719983 290.45188522338867 209.21929370611906 26.411022029817104
leaf_count=60 38 1225 927 120
internal_value=5.15724e-05 -0.000619429 -0.00182746 0.0155466
internal_weight=548.216 535.236 499.671 35.5648
internal_count=2370 2310 2152 158
is_linear=0
shrinkage=0.04


Tree=110
num_leaves=7
num_cat=0
split_feature=53 46 61 53 48 35
split_gain=5.48577 13.9801 17.2236 7.39432 12.5204 9.20053
threshold=-0.74999999999999989 0.59475150542753485 -0.23116229156110954 -0.58333333333333315 -0.3268917843200963 -0.61024213836396257
decision_type=2 2 2 2 2 2
left_child=1 2 -1 4 -2 -5
right_child=3 -3 -4 5 -6 -7
leaf_value=0.035731982577035006 -0.043136409866063437 0.045128841022774709 -0.017208993344055405 -0.010055486111243654 -0.002080508498297932 0.0035989009651894448
leaf_weight=12.521387368440626 15.422059223055838 12.892107367515562 28.450297266244888 100.66502425074577 38.082901582121849 339.94784419238567
leaf_count=55 63 65 120 427 168 1472
internal_value=5.50825e-05 0.0119384 -0.000119637 -0.00128322 -0.0150422 0.000447998
internal_weight=547.982 53.8638 40.9717 494.118 53.505 440.613
internal_count=2370 240 175 2130 231 1899
is_linear=0
shrinkage=0.04


Tree=111
num_leaves=6
num_cat=0
split_feature=46 61 14 36 60
split_gain=5.35436 6.7259 26.8735 19.7903 3.92639
threshold=5.2616153315017735 -0.23930597090480432 1.1007421712424237 -0.5091408167570366 0.091582612227368923
decision_type=2 2 2 2 2
left_child=1 2 -1 -3 -2
right_child=4 3 -4 -5 -6
leaf_value=0.0099635821069251826 0.0015410805099269364 -0.029086204852785451 -0.039499307883518117 -0.00040434602972080409 0.034868579380284509
leaf_weight=176.08927254378796 11.121336005628111 42.379242479801178 17.525008171796799 290.5450472086668 9.9326670765876752
leaf_count=757 51 176 72 1266 48
internal_value=5.52515e-05 -0.000768024 0.00512837 -0.00420726 0.018925
internal_weight=547.593 526.539 193.614 332.924 21.054
internal_count=2370 2271 829 1442 99
is_linear=0
shrinkage=0.04


Tree=112
num_leaves=5
num_cat=0
split_feature=40 40 36 28
split_gain=5.5382 7.35452 22.4169 8.99678
threshold=-0.97400064663699559 -0.65533551854497463 -0.21496342511102026 -0.066831161259210126
decision_type=2 2 2 2
left_child=-1 2 -2 -3
right_child=1 3 -4 -5
leaf_value=0.030665681643279971 0.036472139469569453 0.0071433921779737244 -0.028316783155493418 -0.0037232269274979075
leaf_weight=7.2941806986927977 8.9824189841747266 213.57127459347248 38.721104592084885 278.64686490595341
leaf_count=50 40 902 170 1208
internal_value=5.00208e-05 -0.000475235 -0.0151405 0.00100158
internal_weight=547.216 539.922 47.7035 492.218
internal_count=2370 2320 210 2110
is_linear=0
shrinkage=0.04


Tree=113
num_leaves=7
num_cat=0
split_feature=35 7 32 26 40 40
split_gain=5.46982 12.1914 8.67291 16.6141 9.88015 5.33076
threshold=0.79286049044460882 0.210968583797255 0.63997328523152397 0.60951071196796092 0.76851088774961229 -0.65533551854497463
decision_type=2 2 2 2 2 2
left_child=2 5 3 -1 -4 -2
right_child=1 -3 4 -5 -6 -7
leaf_value=0.0020881559023906691 -0.020080840230418527 -0.037309558008969353 0.005573542413612468 -0.022159995548892055 0.041791180920618828 0.014304005072775985
leaf_weight=388.69546946883202 8.6837777048349398 17.439919412136078 48.037948861718178 49.12912680208683 14.456540197134016 20.387708321213722
leaf_count=1669 48 77 218 203 64 91
internal_value=5.43675e-05 -0.0127723 0.00129288 -0.00072117 0.0149877 0.00340166
internal_weight=546.83 46.5114 500.319 437.825 62.4945 29.0715
internal_count=2370 216 2154 1872 282 139
is_linear=0
shrinkage=0.04


Tree=114
num_leaves=7
num_cat=0
split_feature=43 26 40 47 11 49
split_gain=5.39062 7.57643 6.32418 14.8627 11.7726 3.87544
threshold=-0.93390979040836364 0.28835548479939005 0.8961260410778692 -0.5907456467483353 0.76488363729541387 -0.34419053120064252
decision_type=2 2 2 2 2 2
left_child=1 5 4 -4 -2 -1
right_child=2 -3 3 -5 -6 -7
leaf_value=0.009268945134633385 -0.0055769866692410861 -0.0080597263011947442 -0.024043238452989266 0.02052473940612887 0.011463629960438338 0.046055120164358143
leaf_weight=9.6815479993820208 374.07691692560911 12.474434867501257 13.689082771539686 50.545598454773426 76.457212969660759 9.5639965236186999
leaf_count=44 1618 53 57 226 329 43
internal_value=5.01264e-05 0.0155456 -0.000961171 0.0105876 -0.00264725 0.0301643
internal_weight=546.489 31.72 514.769 64.2347 450.534 19.2455
internal_count=2370 140 2230 283 1947 87
is_linear=0
shrinkage=0.04


Tree=115
num_leaves=7
num_cat=0
split_feature=0 60 46 40 27 57
split_gain=5.43503 9.834 11.695 6.64355 5.47531 9.35284
threshold=0.95969170361641598 -1.0033368819008306 -6.1848534943115494 0.46253548233378311 -0.5150309139872763 -0.15133333944902555
decision_type=2 2 2 2 2 2
left_child=1 3 -3 -1 -2 -6
right_child=4 2 -4 -5 5 -7
leaf_value=0.039090668253664383 -0.034557574693457417 0.036672530933982157 -0.0013502861916427794 0.0057789792836502778 0.016369587469820507 -0.017784083525509375
leaf_weight=15.391861647367476 10.67476265132427 11.337760865688322 435.26043213158846 23.197023168206215 18.864982023835182 31.57464599609375
leaf_count=72 47 51 1880 106 80 134
internal_value=5.58508e-05 0.00148644 -0.000225808 0.0203374 -0.0109888 -0.00487309
internal_weight=546.301 485.187 446.598 38.5889 61.1144 50.4396
internal_count=2370 2109 1931 178 261 214
is_linear=0
shrinkage=0.04


Tree=116
num_leaves=5
num_cat=0
split_feature=40 35 46 41
split_gain=5.33989 7.06503 11.3519 10.5486
threshold=-0.97400064663699559 0.57967160405181517 0.58707555452033766 0.76305890857969438
decision_type=2 2 2 2
left_child=-1 3 -3 -2
right_child=1 2 -4 -5
leaf_value=0.030279095692497572 -0.00038843118476930848 -0.024475965477083965 0.0029238325465645726 0.020046324300262125
leaf_weight=7.1998089775443068 401.84299706667662 44.570738285779953 49.561235979199409 42.929334625601768
leaf_count=50 1710 189 223 198
internal_value=6.0677e-05 -0.000453508 -0.0102891 0.00166484
internal_weight=546.104 538.904 94.132 444.772
internal_count=2370 2320 412 1908
is_linear=0
shrinkage=0.04


Tree=117
num_leaves=8
num_cat=0
split_feature=28 28 40 40 53 24 40
split_gain=5.25663 10.7583 13.5271 12.3532 9.33068 12.3374 10.8352
threshold=-0.58523657228503778 -0.066831161259210126 0.80292630964653278 0.67259430609809423 1.0000000180025095e-35 -0.088945152870847241 -0.38760909323648124
decision_type=2 2 2 2 2 2 2
left_child=4 3 -3 -2 6 -6 -1
right_child=1 2 -4 -5 5 -7 -8
leaf_value=-0.01400010969651963 0.012127339260696068 -0.0081504967188233499 0.011255878760810028 -0.027721729092627215 0.0001268108818331977 -0.04535560354165899 0.027809148668399418
leaf_weight=20.784150063991547 167.70839756727219 217.95277942717075 75.888709522783756 11.557157874107359 18.253067165613174 17.970343619585037 15.630330339074133
leaf_count=93 726 949 335 50 76 76 65
internal_value=6.27484e-05 0.00161283 -0.00309632 0.00928077 -0.00980594 -0.0236295 0.00445936
internal_weight=545.745 473.107 293.841 179.266 72.6379 36.2234 36.4145
internal_count=2370 2060 1284 776 310 152 158
is_linear=0
shrinkage=0.04


Tree=118
num_leaves=5
num_cat=0
split_feature=18 37 40 59
split_gain=5.17289 6.95045 11.7802 8.87825
threshold=0.63902903501319142 -0.66828481721552258 -0.49376822210454874 -0.74704505700114465
decision_type=2 2 2 2
left_child=1 3 -3 -1
right_child=-2 2 -4 -5
leaf_value=-0.0030917490349534073 -0.025393978520584299 -0.015462915352314848 0.0019098639336561161 0.034939447227484058
leaf_weight=18.188278488814831 10.490032434463499 71.094760715961456 426.94753275811672 18.612863585352898
leaf_count=93 45 313 1826 93
internal_value=5.4056e-05 0.000645921 -0.000622001 0.0169527
internal_weight=545.333 534.843 498.042 36.8011
internal_count=2370 2325 2139 186
is_linear=0
shrinkage=0.04


Tree=119
num_leaves=5
num_cat=0
split_feature=39 37 44 59
split_gain=5.3702 11.3183 8.98763 8.20102
threshold=2.0265739768306292 1.2457024731971067 1.3037880444813041 0.2018189160020539
decision_type=2 2 2 2
left_child=1 3 -3 -1
right_child=-2 2 -4 -5
leaf_value=0.002567733775372086 -0.026574721737590332 0.029963350791912396 -0.0090162915567968856 -0.0082964401184505293
leaf_weight=323.98397755622864 9.858393579721449 32.449366718530655 11.98111769556999 166.75717313587666
leaf_count=1419 45 148 55 703
internal_value=5.11552e-05 0.000638747 0.0195165 -0.00114268
internal_weight=545.03 535.172 44.4305 490.741
internal_count=2370 2325 203 2122
is_linear=0
shrinkage=0.04


end of trees

feature_importances:
Column_40=87
Column_28=46
Column_35=41
Column_46=30
Column_25=26
Column_37=26
Column_13=23
Column_41=22
Column_33=20
Column_36=20
Column_42=20
Column_61=18
Column_11=16
Column_53=16
Column_18=15
Column_59=14
Column_7=12
Column_14=11
Column_45=11
Column_5=10
Column_26=9
Column_34=9
Column_47=9
Column_24=8
Column_39=8
Column_44=8
Column_63=8
Column_43=7
Column_58=7
Column_4=6
Column_16=6
Column_60=6
Column_38=5
Column_17=3
Column_32=3
Column_48=3
Column_20=2
Column_27=2
Column_49=2
Column_0=1
Column_2=1
Column_3=1
Column_10=1
Column_12=1
Column_21=1
Column_31=1
Column_57=1
Column_62=1

parameters:
[boosting: gbdt]
[objective: binary]
[metric: binary_logloss]
[tree_learner: serial]
[device_type: cpu]
[data_sample_strategy: bagging]
[data: ]
[valid: ]
[num_iterations: 120]
[learning_rate: 0.04]
[num_leaves: 15]
[num_threads: 2]
[seed: 42]
[deterministic: 0]
[force_col_wise: 0]
[force_row_wise: 0]
[histogram_pool_size: -1]
[max_depth: 3]
[min_data_in_leaf: 40]
[min_sum_hessian_in_leaf: 0.001]
[bagging_fraction: 0.85]
[pos_bagging_fraction: 1]
[neg_bagging_fraction: 1]
[bagging_freq: 0]
[bagging_seed: 400]
[bagging_by_query: 0]
[feature_fraction: 0.8]
[feature_fraction_bynode: 1]
[feature_fraction_seed: 30056]
[extra_trees: 0]
[extra_seed: 12879]
[early_stopping_round: 0]
[early_stopping_min_delta: 0]
[first_metric_only: 0]
[max_delta_step: 0]
[lambda_l1: 0]
[lambda_l2: 2]
[linear_lambda: 0]
[min_gain_to_split: 0]
[drop_rate: 0.1]
[max_drop: 50]
[skip_drop: 0.5]
[xgboost_dart_mode: 0]
[uniform_drop: 0]
[drop_seed: 17869]
[top_rate: 0.2]
[other_rate: 0.1]
[min_data_per_group: 100]
[max_cat_threshold: 32]
[cat_l2: 10]
[cat_smooth: 10]
[max_cat_to_onehot: 4]
[top_k: 20]
[monotone_constraints: ]
[monotone_constraints_method: basic]
[monotone_penalty: 0]
[feature_contri: ]
[forcedsplits_filename: ]
[refit_decay_rate: 0.9]
[cegb_tradeoff: 1]
[cegb_penalty_split: 0]
[cegb_penalty_feature_lazy: ]
[cegb_penalty_feature_coupled: ]
[path_smooth: 0]
[interaction_constraints: ]
[verbosity: -1]
[saved_feature_importance_type: 0]
[use_quantized_grad: 0]
[num_grad_quant_bins: 4]
[quant_train_renew_leaf: 0]
[stochastic_rounding: 1]
[linear_tree: 0]
[max_bin: 255]
[max_bin_by_feature: ]
[min_data_in_bin: 3]
[bin_construct_sample_cnt: 200000]
[data_random_seed: 175]
[is_enable_sparse: 1]
[enable_bundle: 1]
[use_missing: 1]
[zero_as_missing: 0]
[feature_pre_filter: 1]
[pre_partition: 0]
[two_round: 0]
[header: 0]
[label_column: ]
[weight_column: ]
[group_column: ]
[ignore_column: ]
[categorical_feature: ]
[forcedbins_filename: ]
[precise_float_parser: 0]
[parser_config_file: ]
[objective_seed: 16083]
[num_class: 1]
[is_unbalance: 0]
[scale_pos_weight: 1]
[sigmoid: 1]
[boost_from_average: 1]
[reg_sqrt: 0]
[alpha: 0.9]
[fair_c: 1]
[poisson_max_delta_step: 0.7]
[tweedie_variance_power: 1.5]
[lambdarank_truncation_level: 30]
[lambdarank_norm: 1]
[label_gain: ]
[lambdarank_position_bias_regularization: 0]
[eval_at: ]
[multi_error_top_k: 1]
[auc_mu_weights: ]
[num_machines: 1]
[local_listen_port: 12400]
[time_out: 120]
[machine_list_filename: ]
[machines: ]
[gpu_platform_id: -1]
[gpu_device_id: -1]
[gpu_device_id_list: ]
[gpu_use_dp: 0]
[num_gpu: 1]

end of parameters

pandas_categorical:null
