tree
version=v4
num_class=1
num_tree_per_iteration=1
label_index=0
max_feature_idx=126
objective=binary sigmoid:1
feature_names=Column_0 Column_1 Column_2 Column_3 Column_4 Column_5 Column_6 Column_7 Column_8 Column_9 Column_10 Column_11 Column_12 Column_13 Column_14 Column_15 Column_16 Column_17 Column_18 Column_19 Column_20 Column_21 Column_22 Column_23 Column_24 Column_25 Column_26 Column_27 Column_28 Column_29 Column_30 Column_31 Column_32 Column_33 Column_34 Column_35 Column_36 Column_37 Column_38 Column_39 Column_40 Column_41 Column_42 Column_43 Column_44 Column_45 Column_46 Column_47 Column_48 Column_49 Column_50 Column_51 Column_52 Column_53 Column_54 Column_55 Column_56 Column_57 Column_58 Column_59 Column_60 Column_61 Column_62 Column_63 Column_64 Column_65 Column_66 Column_67 Column_68 Column_69 Column_70 Column_71 Column_72 Column_73 Column_74 Column_75 Column_76 Column_77 Column_78 Column_79 Column_80 Column_81 Column_82 Column_83 Column_84 Column_85 Column_86 Column_87 Column_88 Column_89 Column_90 Column_91 Column_92 Column_93 Column_94 Column_95 Column_96 Column_97 Column_98 Column_99 Column_100 Column_101 Column_102 Column_103 Column_104 Column_105 Column_106 Column_107 Column_108 Column_109 Column_110 Column_111 Column_112 Column_113 Column_114 Column_115 Column_116 Column_117 Column_118 Column_119 Column_120 Column_121 Column_122 Column_123 Column_124 Column_125 Column_126
feature_infos=[-4.5853521084726072:5.9520355302374881] [-3.8453988002914379:4.0601486204700157] [-3.6884360645800283:3.6256054594362048] [-3.4484045632864078:3.2296810608800821] [-3.1579965226732596:2.5881471045355724] [-2.2325787000742272:2.4967356908958367] [-3.3828384675870522:3.2899175344794824] [-1.1978599154069776:4.778054677523337] [-1.6132423104293592:1.6271703648058498] [-3.0744433126824902:2.6484363477285786] [-1.2526418326000563:3.8184041681100331] [-2.4834771856292455:2.7629953994214231] [-2.2089946086601873:2.5249742270115103] [-1.3526379118330165:2.8025844696954234] [-2.5270965302994406:3.0747951585072721] [-1.7686425766396185:1.4533232767659467] [-1.8771717367215817:1.8002830986900054] [-1.0282627390201342:0.67133895675352384] [-1.0847897449732762:0.70260539409426825] [-1.028262739020134:0.67133895675352373] [-2.313015413535124:2.8939072486281407] [-3.1919765429292739:3.4854283028863682] [-2.8471163424830586:2.8341104159805166] [-2.0080681085208045:2.8214084465402567] [-2.1992728181978798:1.8775671013623572] [-2.0609049865358928:1.9086904939893665] [-3.2371091275031119:2.1922122832883226] [-1.7699264150880909:1.5752587792624471] [-0.95021426490944461:2.8094427003895794] [-3.4912122293272065:3.2893663474434112] [-3.2518949614783232:2.930826250974671] [-2.491044777468125:2.2204025621215329] [-2.4620349716386625:2.3865801210488304] [-2.0037075537808811:2.4646188686557062] [-2.1365523020369306:2.3133401835966869] [-1.9072807349605521:2.0070882784652455] [-2.0159799375305218:2.2156747207086078] [-1.2392541432581772:3.1420851114334507] [-1.2594658248521127:3.7111829239807506] [-1.3664576907957451:2.720590687560291] [-1.2158648581938194:1.909004445557126] [-2.0558046263447185:1.6061152041156022] [-1.8011494634276526:1.7085999818230289] [-1.9694303223569281:11.778361219628195] [-598.39470517955044:95.429648380904368] [-507.12346622217348:105.55703696267862] [-676.25397679037087:49.738152493049043] [-1.1275804990278895:3.2261681171578842] [-1.8591570488841085:1.7296046736719248] [-1.168399974477899:6.2473136951318686] [-3.8207974025917619:4.5294753320345684] [-10.155760878512245:8.4264205924667195] [-1:1] [-0.83333333333333337:1] [0:1] [0:1] [-3.5533395644518837:4.2905064224522862] [-4.0416472096050997:2.3299581829274896] [-2.3002485353670701:1.5977551079919505] [-1.0448333404185497:2.3894846258619182] [-2.3345513383578598:1.3347328649243415] [-1.747094133567882:0.33305195895623096] [-3.1154730448586534:3.5523995463188793] [-2.6298455102958047:2.4573842372717714] [-2.1375423780790332:1.8878771036755975] [-5.2088722498961246:4.6217219063426018] [-4.6619431155577473:3.0977210969027777] [-3.391745451277989:2.8324524868431471] [-1.2350992893290524:2.8248380099672259] [-2.2818210309289335:2.3757238170622692] [-2.6397491037952503:0.64119207919130572] [-3.8164394062034397:4.3688423395454565] [-5.8803055307669601:4.8118941258908885] [-3.0319770654823799:3.9711035966598911] [-3.371333218120995:2.2638551490909546] [-2.3746070738288316:1.6726918640080279] [-1.0033973916422634:2.3018803146236175] [-2.1712480229932223:1.347802153275923] [-1.5572426719877823:0.33608769909169273] [-4.4654480951976048:7.7434493276284382] [-4.0031334159505914:5.4966028306641048] [-2.3833447252475954:4.0375748679937846] [-1.3412533718842496:4.5744391012879282] [-1.2114772985252851:7.759703156166335] [-1.2180520187712178:2.3722256144078799] [-6.6131255474812356:6.8188375590372665] [-4.6655007424887538:3.6264284762556418] [-2.7439158768695022:3.8766565395968682] [-1.2197282410759405:3.5968916330834619] [-1.8029576983784328:4.5659806411640265] [-0.80899504090749808:2.3182009503035963] [-11.131161631101028:10.91152941115298] [-5.8957036804030274:5.1164470095519468] [-3.4904205511755384:3.7517946778655151] [-1.0442671595428499:3.1870894369812688] [-2.182664208095948:3.911757386421221] [-1.2860866695381248:0.64760500654483699] [-3.9280524977070237:2.9467722865418118] [-3.4042016424026929:3.0058299192519984] [-2.4955992402849203:1.7222822328034528] [-1.363891642857189:3.0993270293844892] [-2.0271172249476934:1.843868421530636] [-1.5790506281666512:0.4800774858694612] [-5.5480519707414215:3.2500648689237024] [-4.2726626539473571:3.641898022308939] [-1.913438483640767:2.9166332416189826] [-1.2617048878541155:4.0640749823728672] [-1.7887249425094061:4.6689903192498159] [-1.690920656588587:1.3725569005876674] [-4.4451318438332565:2.686863318690484] [-3.9360747524266757:3.6492822206134488] [-1.9601199163049632:2.6788345555376312] [-1.2707206007796923:3.8043461554401903] [-1.6366012209741589:3.9974271250490756] [-1.7723967401021041:1.3222711348106906] [-3.3145273729109119:3.5321128476623458] [-2.2382152473155501:2.6094418536901918] [-1.9919699039284051:1.9726491900477334] [-1.5990428448397396:2.0872996043160348] [-1.4687936038507499:1.8898728674292991] [-2.4630786837254175:0.62992871391849725] [-3.3384184041881344:3.5859093031001552] [-2.8422376375190157:3.7409053146048787] [-1.6701323078519825:2.5477898513574333] [-0.73182331029470504:2.7499326140846887] [-1.4525552333555156:2.4417999715874745] [-1.4540782295732726:0.93454475769334644]
tree_sizes=762 783 782 783 787 786 999 902 999 789 995 688 1000 690 782 1006 786 691 896 1000 901 1002 894 1002 786 683 904 1004 1002 891 892 1004 786 686 688 1003 1006 900 898 898 1010 1001 789 996 686 691 999 685 786 1003 685 897 582 893 1003 793 1005 900 790 900 689 688 1000 998 793 896 795 1008 582 789 686 786 797 1008 901 902 797 1001 1005 1006 579 899 891 896 793 892 688 1001 689 796 795 1004 1000 687 689 795 794 784 1003 792 900 895 686 789 894 789 1007 681 578 584 789 793 891 1000 898 689 898 795 697 904

Tree=0
num_leaves=6
num_cat=0
split_feature=78 123 83 45 56
split_gain=15.4087 13.9437 15.2323 11.2482 2.06025
threshold=-1.4121070711216686 0.57997105484648659 -0.57987180583012132 2.7758422328595294 -0.55550876450578146
decision_type=2 2 2 2 2
left_child=4 2 -2 -3 -1
right_child=1 3 -4 -5 -6
leaf_value=0.16629921194442288 0.1083389376938079 0.10493336015283095 0.12769031636048003 0.1374195173172163 0.13740874356674054
leaf_weight=10.460857540369036 76.712955296039581 113.07688865065575 374.59832715988159 18.431034713983536 10.460857540369032
leaf_count=42 308 454 1504 74 42
internal_value=0.122264 0.121003 0.124354 0.109645 0.154436
internal_weight=603.741 582.819 451.311 131.508 20.9217
internal_count=2424 2340 1812 528 84
is_linear=0
shrinkage=1


Tree=1
num_leaves=6
num_cat=0
split_feature=78 50 8 82 73
split_gain=14.4126 13.3275 11.5937 9.70979 1.9946
threshold=-1.4121070711216686 -0.72347364067872877 0.25978371994113009 1.1321916829726011 -0.53141456267038589
decision_type=2 2 2 2 2
left_child=4 3 -3 -2 -1
right_child=1 2 -4 -5 -6
leaf_value=0.042799306937799146 -0.01943544517449064 0.0064561473879575747 -0.0061534823517028995 0.016186453018704354 0.014513598344805265
leaf_weight=10.431002587080004 84.695897191762924 295.39972053468227 190.04898130893707 12.70246861875057 10.447327405214308
leaf_count=42 340 1186 763 51 42
internal_value=6.58331e-06 -0.00121178 0.00151459 -0.0145575 0.0311515
internal_weight=603.725 582.847 485.449 97.3984 20.8783
internal_count=2424 2340 1949 391 84
is_linear=0
shrinkage=0.04


Tree=2
num_leaves=6
num_cat=0
split_feature=78 123 83 45 73
split_gain=13.4858 12.7608 13.9595 10.3813 1.87899
threshold=-1.4121070711216686 0.57997105484648659 -0.57987180583012132 2.7758422328595294 -0.53141456267038589
decision_type=2 2 2 2 2
left_child=4 2 -2 -3 -1
right_child=1 3 -4 -5 -6
leaf_value=0.041501611638948728 -0.013280387467928541 -0.016545345032201814 0.005238759200248631 0.014667995823700998 0.01403928520637711
leaf_weight=10.390225052833559 76.782516986131668 113.19780299067497 374.47947277128696 18.414099752902985 10.436074733734129
leaf_count=42 308 454 1504 74 42
internal_value=1.36658e-05 -0.00116355 0.00204302 -0.012024 0.0301761
internal_weight=603.7 582.874 451.262 131.612 20.8263
internal_count=2424 2340 1812 528 84
is_linear=0
shrinkage=0.04


Tree=3
num_leaves=6
num_cat=0
split_feature=78 123 83 45 56
split_gain=12.6245 11.7539 13.3023 9.60645 1.82334
threshold=-1.4121070711216686 0.57997105484648659 -0.22604892846401584 2.7758422328595294 -0.55550876450578146
decision_type=2 2 2 2 2
left_child=4 2 -2 -3 -1
right_child=1 3 -4 -5 -6
leaf_value=0.040385402926672836 -0.0064223189354933544 -0.0158825693599359 0.0075374027229968832 0.014152428871378993 0.013457476830809462
leaf_weight=10.346017062664034 180.13481466472149 113.28622177243233 271.05087022483349 18.394772350788116 10.42002761363983
leaf_count=42 723 454 1089 74 42
internal_value=1.93215e-05 -0.00111827 0.00196027 -0.011538 0.0292427
internal_weight=603.633 582.867 451.186 131.681 20.766
internal_count=2424 2340 1812 528 84
is_linear=0
shrinkage=0.04


Tree=4
num_leaves=6
num_cat=0
split_feature=78 50 83 67 56
split_gain=11.8215 12.0687 10.0228 9.53511 1.72362
threshold=-1.4121070711216686 -0.72347364067872877 -0.57987180583012132 0.25938982782001924 -0.55550876450578146
decision_type=2 2 2 2 2
left_child=4 3 -3 -2 -1
right_child=1 2 -4 -5 -6
leaf_value=0.039208022179287448 -0.022336981316948154 -0.011548131551293779 0.0040248218190537897 0.0039230957716973151 0.013019358424351837
leaf_weight=10.291582077741625 65.313860803842545 76.849072739481926 408.5146728605032 32.164438635110855 10.40740719437599
leaf_count=42 262 308 1641 129 42
internal_value=2.57554e-05 -0.00107357 0.00152184 -0.0137674 0.0283477
internal_weight=603.541 582.842 485.364 97.4783 20.699
internal_count=2424 2340 1949 391 84
is_linear=0
shrinkage=0.04


Tree=5
num_leaves=6
num_cat=0
split_feature=78 50 8 82 73
split_gain=11.0762 11.1363 10.5533 8.89489 1.67751
threshold=-1.4121070711216686 -0.72347364067872877 0.25978371994113009 1.1321916829726011 -0.53141456267038589
decision_type=2 2 2 2 2
left_child=4 3 -3 -2 -1
right_child=1 2 -4 -5 -6
leaf_value=0.038196738713920833 -0.017891965005880157 0.0061773377731230436 -0.0058540094385918394 0.016158256201932477 0.012476175732828004
leaf_weight=10.236213415861132 84.838888928294182 295.20430290699005 190.08967952430248 12.698383599519728 10.389294058084486
leaf_count=42 340 1186 763 51 42
internal_value=2.83636e-05 -0.00103411 0.00145997 -0.0132234 0.0274891
internal_weight=603.457 582.831 485.294 97.5373 20.6255
internal_count=2424 2340 1949 391 84
is_linear=0
shrinkage=0.04


Tree=6
num_leaves=8
num_cat=0
split_feature=87 103 108 95 80 99 86
split_gain=10.903 14.0051 12.6622 11.4624 11.9944 11.0399 7.57854
threshold=0.40459494471722496 -0.40434708059588348 -0.14353929317428024 1.8548106232567882 -0.059041247123534861 0.82903412427579914 -0.31380774541610129
decision_type=2 2 2 2 2 2 2
left_child=3 2 -2 4 -1 -3 -5
right_child=1 5 -4 6 -6 -7 -8
leaf_value=-0.012364264034849977 0.015334110382157243 0.019743688358486361 -0.023564346623328149 0.0035404240838432244 0.0014910863267658309 -0.016791595338067559 0.044384442581473213
leaf_weight=192.05816675722599 20.091593787074089 110.77174007892609 32.622992351651192 18.62693659961224 205.39510445296764 13.453712567687033 10.340257421135901
leaf_count=771 81 445 131 75 825 54 42
internal_value=3.39062e-05 0.00832639 -0.00872004 -0.00342981 -0.00523251 0.0155835 0.0200452
internal_weight=603.361 176.94 52.7146 426.42 397.453 124.225 28.9672
internal_count=2424 711 212 1713 1596 499 117
is_linear=0
shrinkage=0.04


Tree=7
num_leaves=7
num_cat=0
split_feature=83 118 122 107 79 117
split_gain=10.4983 14.1249 13.2884 12.1296 12.0663 11.3481
threshold=-0.57987180583012132 0.7550914551948581 -1.0128529151826815 -0.98654456313059768 -0.39034755891772027 0.27878702964296492
decision_type=2 2 2 2 2 2
left_child=3 2 -2 -1 -5 -3
right_child=1 5 -4 4 -6 -7
leaf_value=0.01865547618702448 0.019694223754251297 0.029035515241383401 -0.0032138714126154102 -0.037667532915962164 -0.0052335495956982057 0.00046298954922815712
leaf_weight=14.978275865316389 43.300295755267143 49.117438435554504 381.74934008717537 30.217050582170486 44.440615400671959 39.486412867903709
leaf_count=60 174 198 1534 121 178 159
internal_value=3.70299e-05 0.00225396 -0.000798893 -0.0124389 -0.0190012 0.0165934
internal_weight=603.289 513.653 425.05 89.6359 74.6577 88.6039
internal_count=2424 2065 1708 359 299 357
is_linear=0
shrinkage=0.04


Tree=8
num_leaves=8
num_cat=0
split_feature=72 104 87 24 57 1 104
split_gain=10.5974 13.9496 10.12 10.5987 10.3561 9.75216 9.58907
threshold=0.14168346931676298 -0.78495751025873328 0.39277660121816121 0.94158455216266301 0.38913331535115547 0.23627257618569855 0.99219302339910997
decision_type=2 2 2 2 2 2 2
left_child=1 5 4 -4 -2 -1 -3
right_child=2 6 3 -5 -6 -7 -8
leaf_value=0.020874760242920374 0.0072801799570586757 -0.0061483501705053758 0.024086629676717933 -0.017546815629525175 -0.013397552312359893 -0.010017771371505347 -0.032155843935122996
leaf_weight=48.801165476441383 124.88186110556126 254.3567603379488 65.600913465023041 9.9564932435750944 53.803850188851357 22.657103672623634 23.142241284251213
leaf_count=196 502 1022 264 40 216 91 93
internal_value=3.86308e-05 -0.00447686 0.00622287 0.0182894 0.000974553 0.0110737 -0.00853184
internal_weight=603.2 348.957 254.243 75.5574 178.686 71.4583 277.499
internal_count=2424 1402 1022 304 718 287 1115
is_linear=0
shrinkage=0.04


Tree=9
num_leaves=6
num_cat=0
split_feature=78 123 83 45 56
split_gain=9.63369 10.4716 11.1515 8.79602 1.63244
threshold=-1.4121070711216686 0.57997105484648659 -0.22604892846401584 2.7758422328595294 -0.55550876450578146
decision_type=2 2 2 2 2
left_child=4 2 -2 -3 -1
right_child=1 3 -4 -5 -6
leaf_value=0.036271325246754811 -0.0057187949480041866 -0.014941849210997544 0.0070642446835722638 0.013798254040752991 0.011243831310057642
leaf_weight=10.111639842391016 180.21403832733631 113.34974333643913 270.75222919881344 18.374558448791504 10.342841058969496
leaf_count=42 723 454 1089 74 42
internal_value=3.37517e-05 -0.000953772 0.00195322 -0.0107864 0.0257448
internal_weight=603.145 582.691 450.966 131.724 20.4545
internal_count=2424 2340 1812 528 84
is_linear=0
shrinkage=0.04


Tree=10
num_leaves=8
num_cat=0
split_feature=72 110 43 66 103 77 110
split_gain=9.708 14.2011 9.97853 9.72888 10.7033 9.47849 8.69352
threshold=0.14168346931676298 -0.7653069499127706 0.83179650181028031 0.87989101567845129 -0.12367736725019408 0.25882962438888812 0.57721245581619929
decision_type=2 2 2 2 2 2 2
left_child=1 2 -1 4 -2 -5 -3
right_child=3 6 -4 5 -6 -7 -8
leaf_value=0.019202041893528216 -0.0011059537981015185 -0.0045371954567330871 -0.016868912440022751 0.0043973493675714247 0.017922997950760813 -0.027526640278224219 -0.021611235817751085
leaf_weight=55.45837077498436 78.747099414467812 220.0304851680994 13.934719473123549 37.519743651151657 115.5821585804224 22.18022783100605 59.537363886833191
leaf_count=223 317 884 56 151 465 89 239
internal_value=3.88872e-05 -0.00428189 0.011689 0.00596144 0.0102793 -0.00797113 -0.008301
internal_weight=602.99 348.961 69.3931 254.029 194.329 59.7 279.568
internal_count=2424 1402 279 1022 782 240 1123
is_linear=0
shrinkage=0.04


Tree=11
num_leaves=5
num_cat=0
split_feature=101 99 96 83
split_gain=9.44856 15.2357 11.5484 11.3008
threshold=-1.4823081901171833 -0.59773342155151965 -0.74362953833716328 -0.57987180583012132
decision_type=2 2 2 2
left_child=-1 2 -2 -3
right_child=1 3 -4 -5
leaf_value=-0.027039124961275026 -0.020254923065768017 -0.017787606615454758 0.020385565240284644 0.00039370727671671289
leaf_weight=17.948569670319557 11.207360178232191 60.69865870475769 84.98039722442627 428.07811143994331
leaf_count=72 45 243 342 1722
internal_value=3.35659e-05 0.000953544 0.0153342 -0.00192742
internal_weight=602.913 584.965 96.1878 488.777
internal_count=2424 2352 387 1965
is_linear=0
shrinkage=0.04


Tree=12
num_leaves=8
num_cat=0
split_feature=87 117 8 119 87 119 31
split_gain=9.24343 10.8363 17.5298 11.9019 10.7868 15.9946 11.2436
threshold=0.40459494471722496 0.69980252408441557 0.8074567921392487 -0.3068348462054642 0.76808016019310754 -0.76464670131289902 0.26449007707331018
decision_type=2 2 2 2 2 2 2
left_child=1 3 -3 -1 5 -2 -6
right_child=4 2 -4 -5 6 -7 -8
leaf_value=0.0013972674944730441 -0.024819011639831551 0.016437157797796302 -0.029328968311345731 -0.013653531215790582 -0.012808800876308821 0.023170042967230048 0.017383337194115802
leaf_weight=159.6797651797533 11.153824269771574 77.60448582470417 14.205736249685286 174.73421597480774 56.458093538880348 81.155494019389153 27.827866896986961
leaf_count=642 45 312 57 702 227 327 112
internal_value=2.64855e-05 -0.00316181 0.00888148 -0.00650132 0.00767087 0.0169681 -0.00266869
internal_weight=602.819 426.224 91.8102 334.414 176.595 92.3093 84.286
internal_count=2424 1713 369 1344 711 372 339
is_linear=0
shrinkage=0.04


Tree=13
num_leaves=5
num_cat=0
split_feature=90 72 104 66
split_gain=8.8173 8.26791 11.8398 9.52551
threshold=-0.69272129296413731 0.14168346931676298 0.36336981052894929 0.87989101567845129
decision_type=2 2 2 2
left_child=-1 2 -2 -3
right_child=1 3 -4 -5
leaf_value=-0.030556308572933195 0.0010568112900946579 0.010681490885877816 -0.016030566223227984 -0.0074743349987570571
leaf_weight=12.721136808395384 257.01666279137135 188.86844311654568 84.691376209259033 59.434111326932907
leaf_count=51 1033 761 340 239
internal_value=2.27815e-05 0.000783095 -0.00324688 0.00631068
internal_weight=602.732 590.011 341.708 248.303
internal_count=2424 2373 1373 1000
is_linear=0
shrinkage=0.04


Tree=14
num_leaves=6
num_cat=0
split_feature=78 0 43 115 73
split_gain=8.81976 9.62916 9.60807 8.71977 1.57479
threshold=-1.4121070711216686 -0.87248994990788253 1.4836906699595649 1.4022322622690093 -0.53141456267038589
decision_type=2 2 2 2 2
left_child=4 2 -2 -3 -1
right_child=1 3 -4 -5 -6
leaf_value=0.035037476027746643 -0.02000858548534307 0.0024298176333894359 0.012688676348545192 -0.021202967514860838 0.010577061525176257
leaf_weight=10.017119944095613 66.829093933105469 474.42543269693851 16.698383629322052 24.368091076612473 10.31169283390045
leaf_count=42 268 1907 67 98 42
internal_value=1.6375e-05 -0.000926494 -0.0133281 0.00119519 0.0246888
internal_weight=602.65 582.321 83.5275 498.794 20.3288
internal_count=2424 2340 335 2005 84
is_linear=0
shrinkage=0.04


Tree=15
num_leaves=8
num_cat=0
split_feature=87 103 51 95 61 115 115
split_gain=8.50846 12.8462 15.561 9.85876 11.499 9.21288 7.10092
threshold=0.40459494471722496 -0.40434708059588348 -0.29222535084449214 1.8548106232567882 0.22486066099514204 -0.3596879582544954 -0.25520104408640393
decision_type=2 2 2 2 2 2 2
left_child=3 2 -2 4 -1 -3 -5
right_child=1 5 -4 6 -6 -7 -8
leaf_value=-0.0095426355261889213 -0.037284422886946667 0.031655240653595859 0.0068061178279326456 -0.0058915422011441496 0.0047746038288238599 0.0073512613846241992 0.033229696816264913
leaf_weight=263.16495433449745 17.844490930438042 33.498789474368095 34.760373771190643 11.056519255042078 134.17587730288506 90.312141358852386 17.730216473340988
leaf_count=1057 72 135 140 45 539 364 72
internal_value=1.84567e-05 0.00735719 -0.00896797 -0.00303994 -0.00470823 0.0143257 0.0187973
internal_weight=602.543 176.416 52.6049 426.128 397.341 123.811 28.7867
internal_count=2424 711 212 1713 1596 499 117
is_linear=0
shrinkage=0.04


Tree=16
num_leaves=6
num_cat=0
split_feature=78 123 8 107 56
split_gain=8.25548 9.0861 9.19966 8.44557 1.52313
threshold=-1.4121070711216686 0.57997105484648659 0.25978371994113009 1.571703893555727 -0.55550876450578146
decision_type=2 2 2 2 2
left_child=4 2 -2 -3 -1
right_child=1 3 -4 -5 -6
leaf_value=0.034144139952304635 0.0063601338178216936 -0.013301092759713778 -0.0053128613833230533 0.019799658685350795 0.010140853306803959
leaf_weight=9.9412538558244723 275.48901000618935 119.76001007854939 175.01750431954861 11.948302775621412 10.288207724690436
leaf_count=42 1109 480 703 48 42
internal_value=2.21112e-05 -0.000888324 0.00182185 -0.010047 0.0239474
internal_weight=602.444 582.215 450.507 131.708 20.2295
internal_count=2424 2340 1812 528 84
is_linear=0
shrinkage=0.04


Tree=17
num_leaves=5
num_cat=0
split_feature=101 101 118 45
split_gain=8.24352 11.7586 10.4386 7.585
threshold=-1.4823081901171833 -1.0770093587028251 0.50902337812898735 -0.0090961259145141502
decision_type=2 2 2 2
left_child=-1 3 -3 -2
right_child=1 2 -4 -5
leaf_value=-0.025249912792464736 0.033322080645697437 -0.0038894692871018488 0.0088985216938685871 -0.0013586084134241544
leaf_weight=17.962071537971497 26.012082695960999 408.86251650750637 133.92694462835789 15.533995881676672
leaf_count=72 105 1644 540 63
internal_value=2.8248e-05 0.000888759 -0.000713098 0.0208882
internal_weight=602.298 584.336 542.789 41.5461
internal_count=2424 2352 2184 168
is_linear=0
shrinkage=0.04


Tree=18
num_leaves=7
num_cat=0
split_feature=83 118 122 63 46 117
split_gain=8.3612 11.6446 11.9955 11.3905 10.89 10.3092
threshold=-0.57987180583012132 0.7550914551948581 -1.0128529151826815 0.7229169431506276 0.86363222439656784 0.27878702964296492
decision_type=2 2 2 2 2 2
left_child=3 2 -2 4 -1 -3
right_child=1 5 -4 -5 -6 -7
leaf_value=-0.027728904447294513 0.018739748409551997 0.026984421415392732 -0.0030517456355336463 0.015283154280723157 0.0067802840425195392 -0.0002835173270919913
leaf_weight=51.423859924077988 43.183233663439751 48.755401805043221 381.36461561918259 18.954934105277061 19.215801194310188 39.335483446717262
leaf_count=206 174 198 1534 76 77 159
internal_value=2.87944e-05 0.00201049 -0.000757732 -0.0111063 -0.0184133 0.0150724
internal_weight=602.233 512.639 424.548 89.5946 70.6397 88.0909
internal_count=2424 2065 1708 359 283 357
is_linear=0
shrinkage=0.04


Tree=19
num_leaves=8
num_cat=0
split_feature=72 110 80 1 66 64 77
split_gain=7.90071 13.2155 10.2573 10.1844 8.41556 11.0659 8.38449
threshold=0.14168346931676298 -0.7653069499127706 1.5177730507685168 0.23627257618569855 0.87989101567845129 -1.1302100346503952 0.25882962438888812
decision_type=2 2 2 2 2 2 2
left_child=1 3 -3 -1 5 -2 -6
right_child=4 2 -4 -5 6 -7 -8
leaf_value=0.021765101265414422 -0.028242647833396681 -0.0095942580307221623 0.022909048418386053 -0.010222246899492511 0.0040822401412177953 0.011722399362088002 -0.025948203418329593
leaf_weight=47.160996437072754 9.9126454740762693 264.78380370140076 14.622047841548918 22.116626471281052 37.450263679027557 183.83292901515961 22.199093192815781
leaf_count=190 40 1064 59 89 151 742 89
internal_value=3.27047e-05 -0.00386482 -0.00774254 0.011553 0.00538415 0.00940999 -0.00757311
internal_weight=602.078 348.683 279.406 69.2776 253.395 193.746 59.6494
internal_count=2424 1402 1123 279 1022 782 240
is_linear=0
shrinkage=0.04


Tree=20
num_leaves=7
num_cat=0
split_feature=79 90 122 99 51 79
split_gain=7.61237 15.8858 15.3891 12.2771 11.4734 11.3689
threshold=-0.36128368123821147 -0.58361454068374075 0.77009886273701533 -0.55895658747198629 -0.028744158186754649 1.2110156025510745
decision_type=2 2 2 2 2 2
left_child=1 -1 5 -3 -4 -2
right_child=2 3 4 -5 -6 -7
leaf_value=-0.050303030351555693 0.002430494798155471 0.015995104313222496 0.0035136539835595878 -0.0091037361403046753 0.036046859677984371 -0.01861027827355791
leaf_weight=10.469296202063559 302.13328050076962 38.245546653866768 34.713785767555237 137.23271743953228 33.647471830248833 45.506810218095779
leaf_count=42 1217 154 140 552 136 183
internal_value=2.98184e-05 -0.00665638 0.00303601 -0.00351483 0.020096 -0.000414485
internal_weight=601.949 185.948 416.001 175.478 68.3613 347.64
internal_count=2424 748 1676 706 276 1400
is_linear=0
shrinkage=0.04


Tree=21
num_leaves=8
num_cat=0
split_feature=110 72 121 87 102 58 74
split_gain=7.36899 12.5983 11.887 9.75569 10.9501 8.65246 4.99174
threshold=-0.32896803343897746 -0.25812435156476993 0.16999063447783999 -1.0320296426719338 -1.1145257524521024 0.52491755925447781 -0.3515541554083057
decision_type=2 2 2 2 2 2 2
left_child=3 2 -2 6 -5 -3 -1
right_child=1 5 -4 4 -6 -7 -8
leaf_value=0.0021362156090508526 -0.024677534733134342 0.004336171792827072 0.00050909897028606312 0.041544848262746861 0.0061753537137507154 -0.016178023778216519 -0.034478948017869299
leaf_weight=10.433996647596361 67.706633538007736 240.37264005839825 52.469869241118431 13.403100669384001 170.15490414202213 36.078103646636009 11.234053701162336
leaf_count=42 272 969 211 54 686 145 45
internal_value=2.61421e-05 -0.00315462 -0.0138526 0.00614451 0.00917792 0.001562 -0.0181567
internal_weight=601.853 396.627 120.177 205.226 183.558 276.451 21.6681
internal_count=2424 1597 483 827 740 1114 87
is_linear=0
shrinkage=0.04


Tree=22
num_leaves=7
num_cat=0
split_feature=87 116 117 119 114 99
split_gain=7.28196 11.5391 9.97653 10.5375 8.83853 8.6623
threshold=0.40459494471722496 1.0556836540835774 0.69980252408441557 -0.3068348462054642 0.59702537935317113 0.88197211689555588
decision_type=2 2 2 2 2 2
left_child=2 5 3 -1 -4 -2
right_child=1 -3 4 -5 -6 -7
leaf_value=0.0014284914114435499 0.013174774735113397 -0.024051686688342892 0.013304866563387561 -0.012740359756176795 -0.023015782484382623 -0.016711840047272698
leaf_weight=159.3601960092783 144.74201963841915 15.646074920892714 81.186683371663094 174.69839836657047 10.456005558371542 15.633646473288534
leaf_count=642 585 63 327 702 42 63
internal_value=2.2507e-05 0.00682043 -0.00280709 -0.00601294 0.00875779 0.0100914
internal_weight=601.723 176.022 425.701 334.059 91.6427 160.376
internal_count=2424 711 1713 1344 369 648
is_linear=0
shrinkage=0.04


Tree=23
num_leaves=8
num_cat=0
split_feature=8 51 83 110 1 24 108
split_gain=7.24107 13.4314 13.1632 9.34352 18.5043 10.4116 7.59407
threshold=0.25978371994113009 -1.180838285199979 -0.57987180583012132 -0.43821477776913648 0.30334313353364184 0.42536872855855096 0.45028242078785635
decision_type=2 2 2 2 2 2 2
left_child=1 6 -3 4 -2 -5 -1
right_child=3 2 -4 5 -6 -7 -8
leaf_value=-0.029665183110957959 0.021427173660434166 -0.013521631104960271 0.0091469541038472144 -0.017793307401089656 -0.022450471906908499 0.003308445212710663 0.0091038186212372262
leaf_weight=26.378315523266792 44.460027530789375 45.867112070322037 289.95529593527317 107.69902858138084 21.099279925227165 55.934948563575745 10.211264327168463
leaf_count=106 179 184 1171 433 85 225 41
internal_value=1.53492e-05 0.0034523 0.00598912 -0.00555084 0.00705924 -0.0106273 -0.0189346
internal_weight=601.605 372.412 335.822 229.193 65.5593 163.634 36.5896
internal_count=2424 1502 1355 922 264 658 147
is_linear=0
shrinkage=0.04


Tree=24
num_leaves=6
num_cat=0
split_feature=78 50 50 36 110
split_gain=7.1875 8.64412 8.52002 7.05941 1.60986
threshold=-1.4121070711216686 -0.72347364067872877 -1.1359191521654701 -1.4462018278799968 0.12235063979018329
decision_type=2 2 2 2 2
left_child=4 2 -2 -3 -1
right_child=1 3 -4 -5 -6
leaf_value=0.032633517054684952 0.00026715973419836144 -0.021662450781997581 -0.023143467539990824 0.00236459951959264 0.0084803368199904625
leaf_weight=10.025237292051317 49.079076200723648 18.426742553710938 48.338917285203934 465.59611338376999 9.9738907516002637
leaf_count=42 197 74 194 1875 42
internal_value=9.58145e-06 -0.000836737 -0.0115811 0.00136451 0.022454
internal_weight=601.44 581.441 97.418 484.023 19.9991
internal_count=2424 2340 391 1949 84
is_linear=0
shrinkage=0.04


Tree=25
num_leaves=5
num_cat=0
split_feature=101 99 96 57
split_gain=7.03495 12.595 10.2185 9.76841
threshold=-1.4823081901171833 -0.59773342155151965 -0.74362953833716328 0.40381437975684126
decision_type=2 2 2 2
left_child=-1 2 -2 -3
right_child=1 3 -4 -5
leaf_value=-0.02336669270240696 -0.019516359334091776 0.0015650857733646815 0.018699768531521482 -0.011237538924809635
leaf_weight=17.921106070280075 11.203555554151533 360.20533598959446 84.47813481092453 127.50336176156998
leaf_count=72 45 1452 342 513
internal_value=9.16401e-06 0.000804624 0.013917 -0.00181417
internal_weight=601.311 583.39 95.6817 487.709
internal_count=2424 2352 387 1965
is_linear=0
shrinkage=0.04


Tree=26
num_leaves=7
num_cat=0
split_feature=79 122 90 14 99 51
split_gain=6.71899 14.2668 14.1858 11.4254 11.0133 10.4705
threshold=-0.36128368123821147 0.77009886273701533 -0.58361454068374075 0.67752227595153058 -0.55895658747198629 -0.028744158186754649
decision_type=2 2 2 2 2 2
left_child=2 3 -1 -2 -4 -3
right_child=1 5 4 -5 -6 -7
leaf_value=-0.047604909626942638 -0.0041315221368757801 0.0034397552696931537 0.015194511509944946 0.013792881591105685 -0.0086034477251511563 0.034568574221480512
leaf_weight=10.423525482416151 277.86087048053741 34.671177729964256 38.135498031973839 69.421541020274162 137.18938758969307 33.487808361649513
leaf_count=42 1120 140 154 280 552 136
internal_value=4.42672e-06 0.00283096 -0.00628016 -0.000489983 -0.00331408 0.0192834
internal_weight=601.19 415.441 185.748 347.282 175.325 68.159
internal_count=2424 1676 748 1400 706 276
is_linear=0
shrinkage=0.04


Tree=27
num_leaves=8
num_cat=0
split_feature=8 51 83 110 62 2 108
split_gain=6.74912 12.069 11.962 8.63783 16.9338 9.59527 7.03412
threshold=0.25978371994113009 -1.180838285199979 -0.57987180583012132 -0.43821477776913648 0.12229997690317844 -0.0046467200639381968 0.45028242078785635
decision_type=2 2 2 2 2 2 2
left_child=1 6 -3 5 -5 -2 -1
right_child=3 2 -4 4 -6 -7 -8
leaf_value=-0.028221542449144411 0.021065408377709507 -0.012871915040199281 0.0087467400831436198 -0.022356682843229409 0.0031938541049602327 -0.0087622226074586113 0.0090547422824648668
leaf_weight=26.387648776173592 33.713517382740974 45.832369580864906 289.55304265022278 85.371273905038834 78.215791821479797 31.764695078134537 10.20984101295471
leaf_count=106 136 184 1171 343 315 128 41
internal_value=5.2897e-06 0.00332598 0.00573363 -0.00536934 -0.0102492 0.00676464 -0.017892
internal_weight=601.048 371.983 335.385 229.065 163.587 65.4782 36.5975
internal_count=2424 1502 1355 922 658 264 147
is_linear=0
shrinkage=0.04


Tree=28
num_leaves=8
num_cat=0
split_feature=87 91 85 110 117 99 84
split_gain=6.67189 11.361 10.6976 9.42035 9.41003 8.90611 6.42319
threshold=0.40459494471722496 -0.67109530091617997 0.7102368905737132 0.47070775611876087 0.69980252408441557 0.80236645199994228 0.055559350937971874
decision_type=2 2 2 2 2 2 2
left_child=2 3 4 -2 -1 -3 -4
right_child=1 5 6 -5 -6 -7 -8
leaf_value=-0.0034034111615119135 -0.028116566257572331 0.015561879597272328 -0.030035243875824444 0.013076356973324064 0.0122550951712916 -0.012669682749022302 -0.0038242233457704733
leaf_weight=289.66079641878605 22.313113778829575 121.51881548762321 31.342438086867332 12.502222537994383 75.782244861125946 19.35814967751503 28.337458342313766
leaf_count=1167 90 492 126 51 306 78 114
internal_value=1.22865e-06 0.00651474 -0.00270854 -0.0134174 -0.000107262 0.0115595 -0.0181172
internal_weight=600.815 175.692 425.123 34.8153 365.443 140.877 59.6799
internal_count=2424 711 1713 141 1473 570 240
is_linear=0
shrinkage=0.04


Tree=29
num_leaves=7
num_cat=0
split_feature=108 37 85 94 86 108
split_gain=6.67587 10.7522 7.63572 14.0784 8.55556 7.52917
threshold=1.0275214972116469 0.95599199578469096 0.73544955836203363 0.83019598408142836 0.63062043160481818 1.2160814985120016
decision_type=2 2 2 2 2 2
left_child=2 5 4 -4 -1 -2
right_child=1 -3 3 -5 -6 -7
leaf_value=0.0010621831711734103 -0.054363123929193818 0.012815395836059151 -0.014356465243298229 0.026607247723954938 0.016495215324609649 -0.0095588883449658352
leaf_weight=394.07981538772583 9.981881260871889 12.416195765137671 90.877944514155388 13.808846801519392 65.354593172669411 14.160519436001776
leaf_count=1590 40 50 366 56 265 57
internal_value=-3.53602e-06 -0.0161079 0.00109335 -0.0085556 0.00331951 -0.0308254
internal_weight=600.68 36.5586 564.121 104.687 459.434 24.1424
internal_count=2424 147 2277 422 1855 97
is_linear=0
shrinkage=0.04


Tree=30
num_leaves=7
num_cat=0
split_feature=68 76 85 94 90 50
split_gain=6.50314 8.18981 9.17828 5.96619 5.85561 4.02131
threshold=1.3559580965492526 1.3167977401203459 0.69293530324041164 0.84902452435744435 -0.14297616882363914 0.10203743415374017
decision_type=2 2 2 2 2 2
left_child=1 2 -1 -3 -2 -6
right_child=4 3 -4 -5 5 -7
leaf_value=0.0025700953873676064 -0.011274658202352775 -0.040252662889288145 -0.010347594465015937 -0.0024199637549256899 0.035756361266738396 0.0086221707847730245
leaf_weight=419.41863319277763 10.107331305742262 12.440901324152948 109.23569397628307 12.899075031280516 15.285313799977301 21.201720342040062
leaf_count=1693 41 50 440 52 62 86
internal_value=-6.09474e-06 -0.00123252 -0.000128023 -0.0225801 0.0140264 0.0212567
internal_weight=600.589 553.994 528.654 25.34 46.5944 36.487
internal_count=2424 2235 2133 102 189 148
is_linear=0
shrinkage=0.04


Tree=31
num_leaves=8
num_cat=0
split_feature=72 110 70 26 26 2 110
split_gain=6.41427 11.4476 10.7321 7.86954 11.639 7.01962 6.98461
threshold=0.14168346931676298 0.57721245581619929 0.14340869192210751 -0.20120205106294251 0.035755858869300688 0.24039881767265045 -0.7653069499127706
decision_type=2 2 2 2 2 2 2
left_child=1 6 -3 5 -5 -2 -1
right_child=3 2 -4 4 -6 -7 -8
leaf_value=0.010734380313070504 0.0080458357783886655 -0.031661784945233799 0.0029875783856620625 -0.021711649089166223 0.005105567749165321 0.039233931202919868 -0.0036808472686693096
leaf_weight=69.01950316131115 38.389460444450378 37.507597118616104 21.915370419621468 28.482575550675392 170.18298582732677 15.472115203738211 219.55347530543804
leaf_count=279 155 151 88 115 689 63 884
internal_value=-8.05695e-06 -0.00352172 -0.0192018 0.00482358 0.00108272 0.0180888 -0.000182929
internal_weight=600.523 347.996 59.423 252.527 198.666 53.8616 288.573
internal_count=2424 1402 239 1022 804 218 1163
is_linear=0
shrinkage=0.04


Tree=32
num_leaves=6
num_cat=0
split_feature=78 123 74 45 110
split_gain=6.32499 7.73935 8.96937 7.84884 1.57726
threshold=-1.4121070711216686 0.57997105484648659 -1.3385364568081048 2.7758422328595294 0.12235063979018329
decision_type=2 2 2 2 2
left_child=4 2 -2 -3 -1
right_child=1 3 -4 -5 -6
leaf_value=0.031222812239393653 0.032594730936442599 -0.013193835344305453 0.00067555912966894003 0.013939312334551127 0.0075099930480924514
leaf_weight=9.9020024091005343 12.559215888381003 113.13393744826317 436.56108777225018 18.341467574238777 9.8820978850126249
leaf_count=42 51 454 1761 74 42
internal_value=-6.3681e-06 -0.000797611 0.0017087 -0.00925648 0.0211553
internal_weight=600.38 580.596 449.12 131.475 19.7841
internal_count=2424 2340 1812 528 84
is_linear=0
shrinkage=0.04


Tree=33
num_leaves=5
num_cat=0
split_feature=90 108 83 74
split_gain=6.27847 6.51295 8.01236 7.96167
threshold=-0.69272129296413731 0.82565905354079094 -0.57987180583012132 -1.0290754685702408
decision_type=2 2 2 2
left_child=-1 2 -2 -3
right_child=1 3 -4 -5
leaf_value=-0.025880497750200501 -0.0089908847319400288 0.011171303387627608 0.004301066529870036 -0.019662355219338411
leaf_weight=12.630522072315214 84.909829363226891 17.04981455206871 439.36601021885872 46.259408757090569
leaf_count=51 341 69 1777 186
internal_value=3.68762e-06 0.00064599 0.00212236 -0.0112707
internal_weight=600.216 587.585 524.276 63.3092
internal_count=2424 2373 2118 255
is_linear=0
shrinkage=0.04


Tree=34
num_leaves=5
num_cat=0
split_feature=101 99 70 68
split_gain=6.11567 11.0582 9.99955 8.77342
threshold=-1.4823081901171833 -0.59773342155151965 -0.21308897912494254 1.3559580965492526
decision_type=2 2 2 2
left_child=-1 2 -2 -3
right_child=1 3 -4 -5
leaf_value=-0.021835610498821875 0.028069957981246684 -0.0032258177541031365 0.0020281789293888994 0.017125102278299536
leaf_weight=17.851145699620247 39.041043996810913 452.23430380225182 56.289709821343422 34.643326550722122
leaf_count=72 159 1824 228 141
internal_value=-1.62095e-06 0.000740294 0.0130508 -0.00171363
internal_weight=600.06 582.208 95.3308 486.878
internal_count=2424 2352 387 1965
is_linear=0
shrinkage=0.04


Tree=35
num_leaves=8
num_cat=0
split_feature=8 51 83 47 110 34 108
split_gain=6.06018 10.8894 10.6148 7.80989 8.57762 7.46902 6.6269
threshold=0.25978371994113009 -1.180838285199979 -0.57987180583012132 0.46375931213152616 -0.50589648605393089 0.98341708387281013 0.45028242078785635
decision_type=2 2 2 2 2 2 2
left_child=1 6 -3 4 -2 -5 -1
right_child=3 2 -4 5 -6 -7 -8
leaf_value=-0.027045091348164758 0.0052174925511198908 -0.012090919330821639 0.0082861270736012908 0.01332580247873927 -0.015391349967531292 -0.016750331269042889 0.0091203075662902953
leaf_weight=26.364793166518211 43.127689749002457 45.787839412689209 288.85794486105442 52.39104700088501 117.61486464738846 15.591389581561087 10.192997381091116
leaf_count=106 174 184 1171 211 474 63 41
internal_value=1.53562e-06 0.00315207 0.00544277 -0.00509454 -0.00986577 0.00614644 -0.0170115
internal_weight=599.929 371.204 334.646 228.725 160.743 67.9824 36.5578
internal_count=2424 1502 1355 922 648 274 147
is_linear=0
shrinkage=0.04


Tree=36
num_leaves=8
num_cat=0
split_feature=72 110 86 43 14 63 104
split_gain=5.99927 15.1133 12.2559 8.11024 7.69155 4.7957 3.64253
threshold=-0.2486934436753607 0.57721245581619929 1.2356169092725857 0.074612089034943804 -0.84020431739925094 -0.19370997196504822 -0.013417267876742526
decision_type=2 2 2 2 2 2 2
left_child=1 3 4 -1 -2 -3 -4
right_child=2 5 6 -5 -6 -7 -8
leaf_value=0.0076089083750964541 0.016901277003610486 -0.0068620281815134311 0.046360066468583122 -0.0089598317025499051 -0.00099833388110376255 -0.039935402963752947 0.012283383541410668
leaf_weight=92.130982041358948 41.659158647060394 11.407548889517782 10.259215950965883 92.962921351194382 318.05902037024498 21.348219767212868 11.877362653613089
leaf_count=372 169 46 42 375 1286 86 48
internal_value=-3.11202e-06 -0.00527197 0.0030146 -0.00071952 0.00115662 -0.0294749 0.0306091
internal_weight=599.704 217.85 381.855 185.094 359.718 32.7558 22.1366
internal_count=2424 879 1545 747 1455 132 90
is_linear=0
shrinkage=0.04


Tree=37
num_leaves=7
num_cat=0
split_feature=79 90 107 97 45 115
split_gain=5.99059 12.3961 9.66136 7.83475 10.8171 10.6074
threshold=-0.36128368123821147 -0.58361454068374075 0.78106552813612729 -0.16749323920727335 -0.55346200544830182 -0.77088518805295492
decision_type=2 2 2 2 2 2
left_child=1 -1 -3 4 -2 -5
right_child=3 2 -4 5 -6 -7
leaf_value=-0.044765239434898137 0.030048006720960845 0.0015551122222248648 -0.02157210327586424 0.014554163941371732 0.0038850057147544791 -0.0048684754814855196
leaf_weight=10.30689564347267 32.278342261910439 140.57900184392929 34.30715723335743 53.886816993355751 99.296983137726784 228.8946563154459
leaf_count=42 131 568 138 219 402 924
internal_value=6.64306e-07 -0.00594262 -0.00317433 0.00267275 0.0106572 -0.00109108
internal_weight=599.55 185.193 174.886 414.357 131.575 282.781
internal_count=2424 748 706 1676 533 1143
is_linear=0
shrinkage=0.04


Tree=38
num_leaves=7
num_cat=0
split_feature=87 103 51 85 117 99
split_gain=5.80938 11.4847 12.9913 9.35331 8.68734 7.97335
threshold=0.40459494471722496 -0.40434708059588348 -0.29222535084449214 1.374763498805821 0.69980252408441557 0.82903412427579914
decision_type=2 2 2 2 2 2
left_child=3 2 -2 4 -1 -3
right_child=1 5 -4 -5 -6 -7
leaf_value=-0.0043192004955158051 -0.035248014693359322 0.016285443560440038 0.0051712451937281825 -0.030403439452048434 0.0097742278112035712 -0.014793926443893156
leaf_weight=320.43534968793392 17.784023076295853 109.43148724734783 34.476799637079239 16.435638323426247 87.404331564903259 13.408404678106306
leaf_count=1293 72 445 140 66 354 54
internal_value=-2.10867e-06 0.00608718 -0.0093754 -0.00253196 -0.00126587 0.0127104
internal_weight=599.376 175.101 52.2608 424.275 407.84 122.84
internal_count=2424 711 212 1713 1647 499
is_linear=0
shrinkage=0.04


Tree=39
num_leaves=7
num_cat=0
split_feature=57 74 103 82 111 1
split_gain=5.66715 10.0845 9.47494 15.822 9.34644 8.09244
threshold=0.40381437975684126 0.17449377314285516 -0.32067470814700799 0.2017121302857012 1.1580031119600991 0.33328635913973143
decision_type=2 2 2 2 2 2
left_child=2 -2 3 -1 -4 -3
right_child=1 5 4 -5 -6 -7
leaf_value=0.0054730216154897336 -0.040935456291290098 0.0038254906945433989 0.0089029944048732088 -0.020850887240191143 -0.016059860555360187 -0.014495001967115983
leaf_weight=83.98548823595047 10.408484071493147 96.349827975034714 260.37895505130291 61.812225580215454 24.585073858499527 61.659658342599869
leaf_count=341 42 389 1055 249 99 249
internal_value=-8.97032e-06 -0.00618748 0.00242412 -0.00581837 0.00665242 -0.00341549
internal_weight=599.18 168.418 430.762 145.798 284.964 158.009
internal_count=2424 680 1744 590 1154 638
is_linear=0
shrinkage=0.04


Tree=40
num_leaves=8
num_cat=0
split_feature=122 122 73 98 85 124 0
split_gain=6.10535 13.2815 12.5828 11.2784 9.6054 9.4252 7.23426
threshold=0.77009886273701533 0.23031967292852615 -0.032242697225374824 0.74509190745623599 0.77451026380405963 -0.044285601307684115 -0.26356688379171794
decision_type=2 2 2 2 2 2 2
left_child=1 4 6 -4 -1 -3 -2
right_child=2 5 3 -5 -6 -7 -8
leaf_value=0.0051743277068983977 0.0036138489510312449 -0.002850182569406261 0.0069962033399854316 -0.036649662169871984 -0.011399328721266803 -0.024126870105869586 0.031759232150898681
leaf_weight=301.19312526285648 25.490624457597733 74.303465366363525 25.278180196881294 12.690870746970175 66.660208761692047 59.305574968457222 34.135572239756584
leaf_count=1219 103 300 102 51 269 240 140
internal_value=-1.83625e-05 -0.00180838 0.00903068 -0.00869602 0.00212555 -0.0125109 0.0202347
internal_weight=599.058 501.462 97.5952 37.9691 367.853 133.609 59.6262
internal_count=2424 2028 396 153 1488 540 243
is_linear=0
shrinkage=0.04


Tree=41
num_leaves=8
num_cat=0
split_feature=122 79 122 97 76 51 92
split_gain=5.64519 12.2683 12.26 9.23623 9.19227 9.14275 6.11794
threshold=0.77009886273701533 -0.36128368123821147 0.23031967292852615 1.2151572195841325 0.23275421873336358 -0.028744158186754649 0.76372591953887203
decision_type=2 2 2 2 2 2 2
left_child=2 6 3 -1 -4 -3 -2
right_child=1 5 4 -5 -6 -7 -8
leaf_value=0.0036967998482170311 0.0030146171267869865 0.0031458971953307901 -0.0045101885839238702 -0.02181150343774774 -0.02669100127393894 0.032333394307659129 -0.032053201620324864
leaf_weight=345.47791521251202 17.870668306946758 34.542194083333015 90.137856438755989 22.314645230770111 43.532200843095779 33.112550124526024 11.920375257730482
leaf_count=1398 72 140 363 90 177 136 48
internal_value=-2.10781e-05 0.00868791 -0.00174123 0.00203957 -0.0120208 0.0179495 -0.0121509
internal_weight=598.908 97.4458 501.463 367.793 133.67 67.6547 29.791
internal_count=2424 396 2028 1488 540 276 120
is_linear=0
shrinkage=0.04


Tree=42
num_leaves=6
num_cat=0
split_feature=78 123 96 57 110
split_gain=5.70378 6.50154 11.3653 8.55317 1.53295
threshold=-1.4121070711216686 0.79217051641586556 0.38170222749686361 -1.4425201049609828 0.12235063979018329
decision_type=2 2 2 2 2
left_child=4 3 -3 -2 -1
right_child=1 2 -4 -5 -6
leaf_value=0.03012364976078628 0.0267994179358567 0.0010134893561110053 -0.029212177751189998 -0.00011543700128592139 0.0068302299054273921
leaf_weight=9.7684922963380831 17.662849262356758 49.10004734992981 31.328030720353127 481.06382112205029 9.8034094721078855
leaf_count=42 72 198 126 1944 42
internal_value=-2.57614e-05 -0.000775362 -0.011183 0.000941011 0.0201711
internal_weight=598.727 579.155 80.4281 498.727 19.5719
internal_count=2424 2340 324 2016 84
is_linear=0
shrinkage=0.04


Tree=43
num_leaves=8
num_cat=0
split_feature=72 110 1 43 26 68 123
split_gain=5.65825 10.1079 8.93665 7.53677 8.27425 7.31142 3.44586
threshold=0.14168346931676298 -0.7653069499127706 0.23627257618569855 1.3727787273577132 -0.214585237315813 0.17543101861039126 0.043760388400871257
decision_type=2 2 2 2 2 2 2
left_child=1 2 -1 4 -2 -3 -5
right_child=3 5 -4 6 -6 -7 -8
leaf_value=0.01984047560706971 0.016908019235270855 -0.0018466608783103086 -0.010171710805361346 0.041071758490449924 -0.0016378954922835174 -0.015329240357943448 0.009056284529409802
leaf_weight=46.748114660382271 46.685339614748955 179.19590623676777 22.03849846124649 10.104229062795641 182.47806890308857 98.99021215736866 12.347014605998991
leaf_count=190 190 722 89 41 741 401 50
internal_value=-1.98939e-05 -0.00332415 0.0102092 0.00452691 0.00225389 -0.0067195 0.0256458
internal_weight=598.587 346.973 68.7866 251.615 229.163 278.186 22.4512
internal_count=2424 1402 279 1022 931 1123 91
is_linear=0
shrinkage=0.04


Tree=44
num_leaves=5
num_cat=0
split_feature=77 108 107 85
split_gain=5.64152 6.05214 8.92143 7.1091
threshold=-1.804528110890528 1.0275214972116469 1.6541116013093358 0.73544955836203363
decision_type=2 2 2 2
left_child=-1 3 -3 -2
right_child=1 2 -4 -5
leaf_value=0.025523978604600834 0.0026033980679449737 -0.031764482601878911 0.0077813471987236218 -0.0090458263353301958
leaf_weight=11.532333701848982 451.10124671459198 20.875936344265938 14.097154349088667 100.84799878299236
leaf_count=48 1828 84 57 407
internal_value=-1.12048e-05 -0.000597917 -0.0162655 0.000449965
internal_weight=598.455 586.922 34.9731 551.949
internal_count=2424 2376 141 2235
is_linear=0
shrinkage=0.04


Tree=45
num_leaves=5
num_cat=0
split_feature=101 99 70 44
split_gain=5.53202 9.77366 9.34927 7.58825
threshold=-1.4823081901171833 -0.59773342155151965 -0.21308897912494254 0.41846753795492692
decision_type=2 2 2 2
left_child=-1 2 -2 -3
right_child=1 3 -4 -5
leaf_value=-0.020823174850218406 0.026865544262301266 -0.0048797181772567179 0.0016418978513607241 0.0059730981936110322
leaf_weight=17.764832481741905 38.804725825786591 339.99899435043335 56.140556484460831 145.64448404312134
leaf_count=72 159 1375 228 590
internal_value=-1.13737e-05 0.000694724 0.0122925 -0.00161381
internal_weight=598.354 580.589 94.9453 485.643
internal_count=2424 2352 387 1965
is_linear=0
shrinkage=0.04


Tree=46
num_leaves=8
num_cat=0
split_feature=122 79 122 57 49 51 98
split_gain=5.40207 11.2329 11.05 9.04736 8.45615 8.42933 8.28643
threshold=0.77009886273701533 -0.36128368123821147 0.23031967292852615 0.40381437975684126 -0.40033908483185809 -0.028744158186754649 0.74509190745623599
decision_type=2 2 2 2 2 2 2
left_child=2 6 3 -1 -4 -3 -2
right_child=1 5 4 -5 -6 -7 -8
leaf_value=0.0063988256760987442 0.0052332498766461365 0.0031841345914700664 0.0045033152121766338 -0.0067578546486420765 -0.017633293887972041 0.03126263397743978 -0.035778074923458122
leaf_weight=242.1270070374012 18.59442695975304 34.51457305252552 37.447332993149757 125.29724018275738 96.144733220338821 32.933125898241997 11.159359470009802
leaf_count=982 75 140 151 506 389 136 45
internal_value=-9.61844e-06 0.00852132 -0.001692 0.0018999 -0.0114533 0.0173997 -0.011433
internal_weight=598.218 97.2015 501.016 367.424 133.592 67.4477 29.7538
internal_count=2424 396 2028 1488 540 276 120
is_linear=0
shrinkage=0.04


Tree=47
num_leaves=5
num_cat=0
split_feature=90 68 76 63
split_gain=5.65601 5.61741 7.77154 5.91785
threshold=-0.70665707076576934 1.3559580965492526 1.3167977401203459 0.46042386625998677
decision_type=2 2 2 2
left_child=-1 2 -2 -3
right_child=1 3 -4 -5
leaf_value=-0.027729056174937927 0.00045006467012478099 0.0040247084178559748 -0.021869112475413535 0.034825998241183792
leaf_weight=9.5522651076316816 518.48682104051113 33.008510142564774 24.220611229538918 12.713515609502791
leaf_count=39 2100 135 98 52
internal_value=-1.03174e-05 0.000532059 -0.000622662 0.0136899
internal_weight=597.982 588.429 542.707 45.722
internal_count=2424 2385 2198 187
is_linear=0
shrinkage=0.04


Tree=48
num_leaves=6
num_cat=0
split_feature=45 108 37 85 62
split_gain=5.35502 6.40486 9.11638 6.29661 4.87296
threshold=6.3132616027673105 1.0275214972116469 0.95599199578469096 0.73544955836203363 -0.022437948761714146
decision_type=2 2 2 2 2
left_child=1 3 -3 -1 -2
right_child=4 2 -4 -5 -6
leaf_value=0.002360367704691964 0.036130980301564496 -0.031188931248928912 0.010458392448231706 -0.0086602268694146341 0.00012564074526608598
leaf_weight=441.83361287415028 10.265226528048517 22.309972330927849 11.62221974134445 100.0186006128788 11.82810068130493
leaf_count=1793 42 90 47 404 48
internal_value=-1.1231e-05 -0.000781657 -0.017136 0.000301748 0.0184654
internal_weight=597.878 575.784 33.9322 541.852 22.0933
internal_count=2424 2334 137 2197 90
is_linear=0
shrinkage=0.04


Tree=49
num_leaves=8
num_cat=0
split_feature=72 104 97 118 83 77 35
split_gain=5.38882 8.86264 8.28308 14.8215 11.4516 6.89721 3.32335
threshold=-0.2486934436753607 0.68741313736805232 -0.3780023457686858 0.90525141698359268 -0.59724566234069909 0.78885489495057182 -0.33277969005417679
decision_type=2 2 2 2 2 2 2
left_child=1 5 4 -4 -2 -1 -3
right_child=2 6 3 -5 -6 -7 -8
leaf_value=-0.0041590501452945794 -0.018260100688772471 -0.039484569971308552 -0.0049372538445667559 0.020929814490456233 0.017042867742876323 0.023744320354540258 -0.0090502228922459075
leaf_weight=179.10809050500393 15.593745723366736 12.8106045126915 228.75258475542068 39.877204746007919 96.373693451285362 13.388914883136747 11.876034215092657
leaf_count=725 63 52 926 164 392 54 48
internal_value=-9.51271e-06 -0.00501046 0.00285549 -0.000971076 0.011892 -0.00199406 -0.026619
internal_weight=597.781 217.184 380.597 268.63 111.967 192.497 24.6866
internal_count=2424 879 1545 1090 455 779 100
is_linear=0
shrinkage=0.04


Tree=50
num_leaves=5
num_cat=0
split_feature=90 45 92 62
split_gain=5.33044 5.27267 6.27848 4.34909
threshold=-0.70665707076576934 6.3132616027673105 -0.67359306438824806 -0.022437948761714146
decision_type=2 2 2 2
left_child=-1 2 -2 -3
right_child=1 3 -4 -5
leaf_value=-0.02694673354047649 -0.0093855447204903991 0.036302656706859199 0.0016767675064331671 0.0014888392462615919
leaf_weight=9.5296523272991163 97.40202371776104 9.750461012125017 469.33046773076057 11.576855540275572
leaf_count=39 394 40 1904 47
internal_value=-1.08913e-05 0.000515467 -0.000250787 0.0191529
internal_weight=597.589 588.06 566.732 21.3273
internal_count=2424 2385 2298 87
is_linear=0
shrinkage=0.04


Tree=51
num_leaves=7
num_cat=0
split_feature=86 72 79 108 60 104
split_gain=5.24656 7.49474 6.31317 10.916 9.5183 2.55599
threshold=1.3333760372175283 -0.23809197704954158 -0.49153350242114013 -1.359911846870572 -0.11459182947904102 -0.013417267876742526
decision_type=2 2 2 2 2 2
left_child=2 -2 4 -4 -1 -3
right_child=1 5 3 -5 -6 -7
leaf_value=0.0021192628797519646 -0.0073860556513114526 0.042995151467609259 0.02381531155309085 -0.00036718995445967408 -0.018922002107075349 0.011797810195879254
leaf_weight=68.106751456856728 13.467775553464888 9.6215987503528595 30.275198683142662 399.41644255816936 66.761894941329956 9.8557901084423065
leaf_count=276 55 40 123 1620 270 40
internal_value=-9.99382e-06 0.0150321 -0.000937747 0.0014391 -0.00842076 0.0297776
internal_weight=597.505 32.9452 564.56 429.692 134.869 19.4774
internal_count=2424 135 2289 1743 546 80
is_linear=0
shrinkage=0.04


Tree=52
num_leaves=4
num_cat=0
split_feature=77 71 114
split_gain=5.21285 5.86141 5.71855
threshold=-1.804528110890528 1.6627452880340854 0.59702537935317113
decision_type=2 2 2
left_child=-1 2 -2
right_child=1 -3 -4
leaf_value=0.024603450972238976 0.0017903466618069354 -0.024820248149996331 -0.0092514114462285881
leaf_weight=11.467559337615965 485.68075947463512 13.521119385957716 86.695359498262405
leaf_count=48 1971 55 350
internal_value=-2.21775e-06 -0.000565877 9.15086e-05
internal_weight=597.365 585.897 572.376
internal_count=2424 2376 2321
is_linear=0
shrinkage=0.04


Tree=53
num_leaves=7
num_cat=0
split_feature=8 8 83 97 115 115
split_gain=5.09616 9.19232 8.07575 7.68772 7.18721 9.7096
threshold=0.25978371994113009 0.12507955303105284 -0.57987180583012132 -0.087147005994774138 1.4022322622690093 1.0549734664863657
decision_type=2 2 2 2 2 2
left_child=1 2 -1 -3 5 -2
right_child=4 3 -4 -5 -6 -7
leaf_value=-0.01475212903479879 -0.0049080836718954487 0.038378990700099223 0.0031670024641633964 0.0035409656761615838 -0.033293509122455676 0.031868254293696059
leaf_weight=44.802854925394058 206.46298708021641 18.151630505919456 285.15989753603935 21.29604996740818 11.25850836932659 10.170084372162817
leaf_count=181 835 74 1161 86 46 41
internal_value=-3.09128e-06 0.00289406 0.000659696 0.0206499 -0.00468367 -0.00290585
internal_weight=597.302 369.41 329.963 39.4477 227.892 216.633
internal_count=2424 1502 1342 160 922 876
is_linear=0
shrinkage=0.04


Tree=54
num_leaves=8
num_cat=0
split_feature=122 73 122 37 98 97 18
split_gain=5.09531 10.6467 10.2169 10.5044 9.65107 8.75648 6.94854
threshold=0.77009886273701533 -0.032242697225374824 0.37927193520574171 -0.24179192398647006 0.74509190745623599 1.1974387773466504 0.20329131636094744
decision_type=2 2 2 2 2 2 2
left_child=2 6 5 -4 -3 -1 -2
right_child=1 4 3 -5 -6 -7 -8
leaf_value=0.002527693475999107 0.0076166915434769172 0.006507371125947679 0.0017685358929423443 -0.025941310971959352 -0.033953367044813686 -0.020948591618378542 0.035947385793169771
leaf_weight=388.3583692908287 37.809700891375542 25.186965852975845 38.239107102155685 48.450138285756111 12.620242357254027 25.195835292339325 21.285920828580856
leaf_count=1575 155 102 154 197 51 102 88
internal_value=3.48577e-07 0.00829901 -0.00163384 -0.0139541 -0.00802595 0.00100346 0.018664
internal_weight=597.146 96.9028 500.243 86.6892 37.8072 413.554 59.0956
internal_count=2424 396 2028 351 153 1677 243
is_linear=0
shrinkage=0.04


Tree=55
num_leaves=6
num_cat=0
split_feature=95 120 99 58 51
split_gain=5.08645 7.68647 7.52969 6.70591 5.54942
threshold=1.8548106232567882 -1.8432025125026725 0.92919495936851748 -0.78052740088899264 -0.55909895584975655
decision_type=2 2 2 2 2
left_child=1 -1 4 -3 -2
right_child=2 3 -4 -5 -6
leaf_value=-0.033135697349043605 -0.0022668908032582626 0.0091266182160581726 -0.014441558187703481 -0.0024013164155393132 0.033269245742062269
leaf_weight=9.6811342537403089 9.713277071714403 96.318761199712753 10.325371935963629 449.55406129360199 21.348469793796539
leaf_count=39 40 393 42 1821 89
internal_value=-3.06078e-06 -0.00102962 0.0131891 -0.000341332 0.0226919
internal_weight=596.941 555.554 41.3871 545.873 31.0617
internal_count=2424 2253 171 2214 129
is_linear=0
shrinkage=0.04


Tree=56
num_leaves=8
num_cat=0
split_feature=50 50 115 97 47 97 19
split_gain=5.04149 8.01422 7.46096 10.1232 6.86373 6.84286 6.48539
threshold=-0.72347364067872877 -1.1359191521654701 -0.77088518805295492 1.1974387773466504 0.27172967924298602 0.43565680241753374 -0.020730487161105215
decision_type=2 2 2 2 2 2 2
left_child=1 5 4 -4 -2 -1 -3
right_child=2 6 3 -5 -6 -7 -8
leaf_value=0.012347146568104173 0.0035523389022087083 -0.028504068496015524 0.00086012582377084504 -0.029934810418872231 0.028245086943104774 -0.017877197001557103 0.0022797720946974675
leaf_weight=36.210206300020218 47.840659141540527 34.096712976694107 404.4665062725544 15.829259067773817 27.566895440220833 15.501755803823469 15.316007032990454
leaf_count=147 195 138 1642 64 113 63 62
internal_value=-4.0991e-06 -0.00805357 0.00166378 -0.000435958 0.0130759 0.00295846 -0.0192448
internal_weight=596.828 101.125 495.703 420.296 75.4076 51.712 49.4127
internal_count=2424 410 2014 1706 308 210 200
is_linear=0
shrinkage=0.04


Tree=57
num_leaves=7
num_cat=0
split_feature=110 83 83 41 118 87
split_gain=4.94549 11.9977 9.18628 9.99087 9.67368 8.59267
threshold=-0.51564940354634003 1.3544164504147496 -0.47598573618921874 -0.060028353238197572 0.50902337812898735 -1.0252314679910934
decision_type=2 2 2 2 2 2
left_child=1 5 3 -2 -4 -1
right_child=2 -3 4 -5 -6 -7
leaf_value=-0.015117322139988178 -0.031433489181698485 -0.029517066550444088 -0.0028429109996271342 -0.0031043015551548698 0.01272757489925702 0.013485631530595321
leaf_weight=17.775777846574783 30.404687747359276 11.79953810572624 282.8176641613245 52.998474419116974 80.292592406272888 120.59698376059532
leaf_count=72 123 48 1146 214 330 491
internal_value=-7.73582e-06 0.00622333 -0.00212179 -0.013926 0.000650965 0.00964817
internal_weight=596.686 150.172 446.513 83.4032 363.11 138.373
internal_count=2424 611 1813 337 1476 563
is_linear=0
shrinkage=0.04


Tree=58
num_leaves=6
num_cat=0
split_feature=87 116 95 85 117
split_gain=4.89419 9.45318 10.4172 8.1204 7.19184
threshold=0.40459494471722496 1.0556836540835774 -0.3904344529364378 1.374763498805821 0.69980252408441557
decision_type=2 2 2 2 2
left_child=3 2 -2 4 -1
right_child=1 -3 -4 -5 -6
leaf_value=-0.0039380391589762496 -0.007515139899110874 -0.022393155141047665 0.014955094249428022 -0.02831511764839275 0.0089159509951867149
leaf_weight=319.12954147160053 44.771370738744736 15.553744122385977 113.60644292831421 16.424142390489578 86.956828534603119
leaf_count=1293 182 63 466 66 354
internal_value=-1.4771e-05 0.00559495 0.00858854 -0.00233956 -0.00115536
internal_weight=596.442 173.932 158.378 422.511 406.086
internal_count=2424 711 648 1713 1647
is_linear=0
shrinkage=0.04


Tree=59
num_leaves=7
num_cat=0
split_feature=86 72 79 90 122 104
split_gain=4.85543 7.02317 5.85521 9.58715 9.19323 2.28428
threshold=1.3333760372175283 -0.23809197704954158 -0.36128368123821147 -0.58361454068374075 0.77009886273701533 -0.013417267876742526
decision_type=2 2 2 2 2 2
left_child=2 -2 3 -1 -4 -3
right_child=1 5 4 -5 -6 -7
leaf_value=-0.041344215740652564 -0.0072107311425524262 0.04144684201601706 -0.00095520677147500292 -0.0043619733288393541 0.015334625406319743 0.011676176640614726
leaf_weight=10.101495474576948 13.445490628480909 9.5105363130569458 323.2147051692009 165.28812918066978 64.857056826353073 9.8431337773799896
leaf_count=42 55 40 1310 670 267 40
internal_value=-1.91688e-05 0.0144827 -0.000911561 -0.00693408 0.00183192 0.0288174
internal_weight=596.261 32.7992 563.461 175.39 388.072 19.3537
internal_count=2424 135 2289 712 1577 80
is_linear=0
shrinkage=0.04


Tree=60
num_leaves=5
num_cat=0
split_feature=90 90 27 118
split_gain=4.68564 5.02862 16.2294 7.58003
threshold=-0.70665707076576934 -0.39544776451542285 0.15550254978902092 0.50902337812898735
decision_type=2 2 2 2
left_child=-1 2 -2 -3
right_child=1 3 -4 -5
leaf_value=-0.02537861721520266 0.025953235310179214 -0.0038298082870009686 -0.011081230816630674 0.0071720965457076425
leaf_weight=9.4329252392053586 41.864694327116013 379.00740797817707 31.761329919099808 133.97549280524254
leaf_count=39 171 1536 129 549
internal_value=-1.6377e-05 0.000476306 0.0101065 -0.000939752
internal_weight=596.042 586.609 73.626 512.983
internal_count=2424 2385 300 2085
is_linear=0
shrinkage=0.04


Tree=61
num_leaves=5
num_cat=0
split_feature=101 99 35 57
split_gain=4.68936 8.71314 8.85742 7.54953
threshold=-1.4823081901171833 -0.59773342155151965 0.60138158654368523 0.40381437975684126
decision_type=2 2 2 2
left_child=-1 2 -2 -3
right_child=1 3 -4 -5
leaf_value=-0.019272772141074899 0.016904546768798556 0.001437055120538953 -0.015162609285242537 -0.0098544752558572656
leaf_weight=17.574235513806343 79.466051518917084 357.17300802469254 14.961831018328665 126.75256052613258
leaf_count=72 326 1452 61 513
internal_value=-1.66011e-05 0.000632931 0.0116145 -0.00154887
internal_weight=595.928 578.353 94.4279 483.926
internal_count=2424 2352 387 1965
is_linear=0
shrinkage=0.04


Tree=62
num_leaves=8
num_cat=0
split_feature=72 110 86 97 67 63 104
split_gain=4.70162 12.6341 10.2955 8.26132 7.59388 4.00814 2.57986
threshold=-0.2486934436753607 0.57721245581619929 1.2356169092725857 -0.3780023457686858 0.33321781879552814 -0.19370997196504822 -0.013417267876742526
decision_type=2 2 2 2 2 2 2
left_child=1 4 3 -2 -1 -3 -4
right_child=2 5 6 -5 -6 -7 -8
leaf_value=-0.0044266486291915184 0.010213270002968258 -0.0061951063425699417 0.0418565623371586 -0.0029933344130952887 0.016042243457018844 -0.036575347280632844 0.012290833324487015
leaf_weight=150.32523974776268 106.15298487246037 11.294128581881521 9.9195578396320361 251.35010249912739 33.821136206388474 21.087320119142532 11.809661000967024
leaf_count=610 433 46 42 1022 137 86 48
internal_value=-1.93158e-05 -0.004697 0.0026621 0.000963091 -0.000535272 -0.026956 0.0281781
internal_weight=595.76 216.528 379.232 357.503 184.146 32.3814 21.7292
internal_count=2424 879 1545 1455 747 132 90
is_linear=0
shrinkage=0.04


Tree=63
num_leaves=8
num_cat=0
split_feature=64 86 98 45 85 79 93
split_gain=4.74853 11.7603 8.82747 8.5592 7.34547 9.2443 6.72062
threshold=0.51039009197708196 -0.31930439159258817 0.3039784196373938 -0.29183209007954686 0.69293530324041164 1.7095401632285256 0.87228640099360277
decision_type=2 2 2 2 2 2 2
left_child=4 2 -2 -3 5 -1 -6
right_child=1 3 -4 -5 6 -7 -8
leaf_value=0.0019485866974695543 0.0037055552672339365 0.029401071567365406 -0.031887055662394206 0.0047076464741352356 -0.017609101459637858 -0.02775049570382513 0.008570285820913957
leaf_weight=351.7502806186676 27.476785451173782 35.011537238955498 16.357139244675636 59.551937326788902 71.156915426254272 15.604231864213942 18.655979692935944
leaf_count=1435 112 142 66 242 288 63 76
internal_value=-1.43861e-05 0.00642331 -0.0103881 0.0142698 -0.00198275 0.000543616 -0.0121029
internal_weight=595.565 138.397 43.8339 94.5635 457.167 367.355 89.8129
internal_count=2424 562 178 384 1862 1498 364
is_linear=0
shrinkage=0.04


Tree=64
num_leaves=6
num_cat=0
split_feature=45 71 102 47 104
split_gain=4.69312 5.94561 7.36793 6.83346 3.57272
threshold=6.3132616027673105 -0.45293815364211659 -0.4216674511013106 0.48168840314673483 0.31243104648409276
decision_type=2 2 2 2 2
left_child=1 2 -1 -3 -2
right_child=4 3 -4 -5 -6
leaf_value=0.0047386158202383849 0.030168821855023644 -0.0015069238476721606 -0.013311822418438349 0.009734054796378221 -0.0010723726095076744
leaf_weight=53.271458670496941 12.170688822865488 294.46986106038094 105.49284355342388 120.2889828979969 9.7561259120702726
leaf_count=217 50 1199 428 490 40
internal_value=-1.75734e-05 -0.000739163 -0.00727161 0.00178427 0.0173406
internal_weight=595.45 573.523 158.764 414.759 21.9268
internal_count=2424 2334 645 1689 90
is_linear=0
shrinkage=0.04


Tree=65
num_leaves=7
num_cat=0
split_feature=68 14 78 11 63 50
split_gain=4.58918 6.56839 12.2647 8.95248 5.79182 6.52363
threshold=1.3559580965492526 0.67752227595153058 0.015645284938679383 0.23780959419422656 0.46042386625998677 -0.01036398383621031
decision_type=2 2 2 2 2 2
left_child=1 3 -3 -1 5 -2
right_child=4 2 -4 -5 -6 -7
leaf_value=0.00058827319873823675 0.019691992257368559 -0.0071413406437911839 0.020074055321327298 -0.011688871113456161 0.032927628012469991 -0.013796691641160588
leaf_weight=311.11355678737164 16.021336436271667 46.612753957509995 57.040392071008682 134.71443212032318 12.55936476588249 17.292853236198425
leaf_count=1266 66 190 232 547 52 71
internal_value=-1.29193e-05 -0.00104414 0.0079318 -0.00315711 0.0118668 0.00251169
internal_weight=595.355 549.481 103.653 445.828 45.8736 33.3142
internal_count=2424 2235 422 1813 189 137
is_linear=0
shrinkage=0.04


Tree=66
num_leaves=6
num_cat=0
split_feature=95 120 79 115 12
split_gain=4.61953 7.01243 6.36439 6.08753 4.61032
threshold=1.8548106232567882 -1.8432025125026725 -0.4840169811892327 -0.50953514907158637 -0.064542920102359777
decision_type=2 2 2 2 2
left_child=1 -1 -3 -2 -5
right_child=3 2 -4 4 -6
leaf_value=-0.031681819616043425 -0.0077514958176179019 -0.007824112557150124 0.0021508445014077927 0.0066665014274845148 0.039803943149107866
leaf_weight=9.6577088087797147 14.352038651704786 134.14154644310474 410.26268769800663 14.766143798828125 12.037578374147415
leaf_count=39 60 546 1668 61 50
internal_value=-6.76728e-06 -0.000985162 -0.000326633 0.0126002 0.023279
internal_weight=595.218 554.062 544.404 41.1558 26.8037
internal_count=2424 2253 2214 171 111
is_linear=0
shrinkage=0.04


Tree=67
num_leaves=8
num_cat=0
split_feature=122 56 49 122 124 97 57
split_gain=4.59362 9.39457 9.72725 9.00688 7.68183 7.51498 5.68365
threshold=0.77009886273701533 -0.028431781769838491 0.96881470923514101 0.23031967292852615 -0.044285601307684115 1.2151572195841325 0.35976584091181202
decision_type=2 2 2 2 2 2 2
left_child=3 2 -2 5 -5 -1 -3
right_child=1 6 -4 4 -6 -7 -8
leaf_value=0.0031954664985716038 0.025960198590409957 -0.019268009731537732 -0.012048745574933104 -0.0016891290716660402 -0.020906621650564148 -0.019856268599510573 0.011037652993993809
leaf_weight=343.42235887050629 46.084230363368988 22.942108944058418 12.587073385715483 74.142538085579872 58.962832272052765 22.226180255413055 14.739058434963225
leaf_count=1398 191 93 52 300 240 90 60
internal_value=-6.19999e-06 0.00789706 0.0176776 -0.00155844 -0.0103855 0.00169386 -0.00745504
internal_weight=595.106 96.3525 58.6713 498.754 133.105 365.649 37.6812
internal_count=2424 396 243 2028 540 1488 153
is_linear=0
shrinkage=0.04


Tree=68
num_leaves=4
num_cat=0
split_feature=77 51 110
split_gain=4.57886 5.39824 5.71804
threshold=-1.804528110890528 2.3752275007431707 -0.97703405992099246
decision_type=2 2 2
left_child=-1 2 -2
right_child=1 -3 -4
leaf_value=0.023177214937808999 0.010907102359692925 -0.027342895389048216 -0.0014410741910801791
leaf_weight=11.322908937931059 66.006001770496368 9.7791398167610151 507.76788029074669
leaf_count=48 269 40 2067
internal_value=-1.03083e-05 -0.000537852 1.23922e-05
internal_weight=594.876 583.553 573.774
internal_count=2424 2376 2336
is_linear=0
shrinkage=0.04


Tree=69
num_leaves=6
num_cat=0
split_feature=84 26 15 5 105
split_gain=4.44465 12.8406 8.65538 11.8439 3.37174
threshold=-0.85763270943916081 0.49730302047902231 1.0584301550481281 0.82997436590724338 -0.028786127832094683
decision_type=2 2 2 2 2
left_child=1 4 3 -2 -1
right_child=2 -3 -4 -5 -6
leaf_value=-0.010317054663463233 -0.00016157068447097251 0.021367600413581721 -0.024719039790836259 0.019502461489222672 -0.042745344608017925
leaf_weight=10.638330906629562 491.27360308170319 9.8696741312742216 18.432434901595116 52.43532432615757 12.165987700223923
leaf_count=43 2002 40 75 215 49
internal_value=-9.11476e-06 -0.0139094 0.000845274 0.00179936 -0.029669
internal_weight=594.815 32.674 562.141 543.709 22.8043
internal_count=2424 132 2292 2217 92
is_linear=0
shrinkage=0.04


Tree=70
num_leaves=5
num_cat=0
split_feature=101 99 42 88
split_gain=4.43443 7.78406 8.5201 6.58639
threshold=-1.4823081901171833 -0.7187971194841194 0.6824322966149784 -0.41842228591439751
decision_type=2 2 2 2
left_child=-1 2 -2 -3
right_child=1 3 -4 -5
leaf_value=-0.018761333671499989 0.022621255831333321 0.0071456917464201844 -0.010037115346039592 -0.003484073718704368
leaf_weight=17.528056874871254 44.808130025863647 119.80822962522507 16.252377197146416 396.33377140760422
leaf_count=72 185 487 66 1614
internal_value=-1.36328e-05 0.000618501 0.013886 -0.000998607
internal_weight=594.731 577.203 61.0605 516.142
internal_count=2424 2352 251 2101
is_linear=0
shrinkage=0.04


Tree=71
num_leaves=6
num_cat=0
split_feature=28 14 8 110 82
split_gain=4.35811 6.52063 6.04395 4.7396 5.48905
threshold=-0.62893539432868073 0.72304552693243751 0.27065214919847375 -1.6042498035178643 1.1851983708915677
decision_type=2 2 2 2 2
left_child=1 2 -1 -2 -5
right_child=3 -3 -4 4 -6
leaf_value=-0.0038385771908198648 0.020842599618515926 0.01569839383610688 -0.034118101560792272 -0.0012155812300684457 0.010917281036597113
leaf_weight=23.764520421624184 16.71031180024147 10.156846910715101 17.836037456989288 459.61065275967121 66.518610820174217
leaf_count=97 68 41 72 1874 272
internal_value=-1.33102e-05 -0.0108789 -0.0177903 0.00105881 0.000353913
internal_weight=594.597 51.7574 41.6006 542.84 526.129
internal_count=2424 210 169 2214 2146
is_linear=0
shrinkage=0.04


Tree=72
num_leaves=6
num_cat=0
split_feature=78 50 67 115 119
split_gain=4.37114 5.57105 7.25959 6.35974 2.41056
threshold=-1.4121070711216686 -0.72347364067872877 0.25938982782001924 -0.77088518805295492 -0.52910819763986372
decision_type=2 2 2 2 2
left_child=4 2 -2 -3 -1
right_child=1 3 -4 -5 -6
leaf_value=0.03132561627952718 -0.016874309760736412 0.011875855401637698 0.0060661367081025624 -0.00084913006833813801 0.0034573062370464535
leaf_weight=8.6479321420192736 64.539819896221161 72.272528275847435 31.758856415748596 406.94078953564167 10.361320897936819
leaf_count=39 262 295 129 1654 45
internal_value=-1.16205e-05 -0.000663574 -0.00933917 0.00111137 0.0179107
internal_weight=594.521 575.512 96.2987 479.213 19.0093
internal_count=2424 2340 391 1949 84
is_linear=0
shrinkage=0.04


Tree=73
num_leaves=8
num_cat=0
split_feature=83 53 104 97 0 49 49
split_gain=4.36597 9.20714 7.90537 7.08435 11.746 10.3785 3.83515
threshold=-0.57987180583012132 -1.0000000180025095e-35 -0.71405449378080454 -0.3780023457686858 1.2305408224554739 -0.74785811852897022 -0.031605533506702234
decision_type=2 2 2 2 2 2 2
left_child=1 6 -3 4 -2 -5 -1
right_child=3 2 -4 5 -6 -7 -8
leaf_value=-0.044764107058801336 0.012066228920146298 0.022090541562908971 -0.0084177399827676212 0.024306210210170782 -0.026746362402502614 -0.0034035702265534052 -0.0091981265926145833
leaf_weight=10.860086604952814 137.64303064346313 16.215594097971916 51.526605516672134 21.116019383072853 11.818821072578428 335.30669631063938 9.8632310628890973
leaf_count=44 564 66 209 86 48 1367 40
internal_value=-6.36057e-06 -0.00810221 -0.00069084 0.00143571 0.00868444 -0.00163545 -0.030136
internal_weight=594.35 88.4655 67.7422 505.885 149.462 356.423 20.7233
internal_count=2424 359 275 2065 612 1453 84
is_linear=0
shrinkage=0.04


Tree=74
num_leaves=7
num_cat=0
split_feature=122 73 122 79 8 92
split_gain=4.31541 8.84689 8.49165 9.03188 6.62835 5.98161
threshold=0.77009886273701533 -0.032242697225374824 0.6982677438314836 1.3791209441854855 0.46167627431253866 -0.27327978219077415
decision_type=2 2 2 2 2 2
left_child=2 4 3 -1 -2 -3
right_child=1 5 -4 -5 -6 -7
leaf_value=0.0010624353950961399 0.025339044502452789 0.016624577011673129 -0.027231041821707328 -0.020120653500833158 -0.0039128209223031176 -0.016779434361100538
leaf_weight=447.66744087636471 41.847963199019432 10.307769671082495 17.734775364398956 32.690191030502319 16.603239223361015 27.295461714267731
leaf_count=1824 175 42 72 132 68 111
internal_value=-1.06025e-05 0.00766232 -0.00151501 -0.000456605 0.0171754 -0.00724562
internal_weight=594.147 96.0544 498.092 480.358 58.4512 37.6032
internal_count=2424 396 2028 1956 243 153
is_linear=0
shrinkage=0.04


Tree=75
num_leaves=7
num_cat=0
split_feature=57 103 82 74 122 1
split_gain=4.40359 8.72672 13.5291 8.12046 7.69485 7.53179
threshold=0.40381437975684126 -0.32067470814700799 0.2017121302857012 0.17449377314285516 0.17735841901552726 0.33328635913973143
decision_type=2 2 2 2 2 2
left_child=1 2 -1 -2 -3 -5
right_child=3 4 -4 5 -6 -7
leaf_value=0.0047275620807530521 -0.036786709608005015 0.012628161358164428 -0.019705993720964862 0.0040257104884106488 -0.00053433684094974447 -0.013705378970522802
leaf_weight=83.075311601161957 10.307448074221609 143.97540704905987 61.528631940484047 95.620941787958145 138.17052093148232 61.263076663017273
leaf_count=341 42 590 249 389 564 249
internal_value=-1.34151e-05 0.00214299 -0.00579586 -0.00547783 0.00622392 -0.00298363
internal_weight=593.941 426.75 144.604 167.191 282.146 156.884
internal_count=2424 1744 590 680 1154 638
is_linear=0
shrinkage=0.04


Tree=76
num_leaves=6
num_cat=0
split_feature=45 71 56 47 62
split_gain=4.25578 5.46231 7.71552 6.12472 4.30257
threshold=6.3132616027673105 -0.45293815364211659 0.42536545319498925 0.48168840314673483 -0.022437948761714146
decision_type=2 2 2 2 2
left_child=1 2 -1 -3 -2
right_child=4 3 -4 -5 -6
leaf_value=-0.0014451565696518931 0.033342581620023175 -0.0014030016281171892 -0.020962965807988575 0.0092564547869795587 -0.0005803706412171205
leaf_weight=115.08416670560837 10.055462732911112 293.71524971723557 43.291052371263504 119.85816262662411 11.741338238120077
leaf_count=469 42 1199 176 490 48
internal_value=-1.94193e-05 -0.000706604 -0.00697514 0.00171591 0.0165562
internal_weight=593.745 571.949 158.375 413.573 21.7968
internal_count=2424 2334 645 1689 90
is_linear=0
shrinkage=0.04


Tree=77
num_leaves=8
num_cat=0
split_feature=92 116 116 84 9 43 93
split_gain=4.2929 13.0271 9.29364 7.31363 9.99258 7.91035 6.87804
threshold=-0.69374212714741967 0.0662869024437618 0.39300809172744117 -0.85763270943916081 0.40224179818651845 0.1605000309813541 0.77262427688405599
decision_type=2 2 2 2 2 2 2
left_child=1 6 -3 4 -2 -5 -1
right_child=3 2 -4 5 -6 -7 -8
leaf_value=-0.030789890138802331 -0.035997666207544285 0.029993191366390764 -0.0048217717978297735 0.0071151576252077679 0.011425744329185727 -0.0034206581485737042 0.0044778553626248618
leaf_weight=35.386510908603668 16.329547420144085 15.511261999607084 39.55422006547451 271.65803381800652 10.356392487883566 193.85007172822952 10.982240140438078
leaf_count=143 66 63 162 1112 42 791 45
internal_value=-1.61113e-05 -0.00742636 0.00569265 0.00153491 -0.0180799 0.0027319 -0.0225971
internal_weight=593.628 101.434 55.0655 492.194 26.6859 465.508 46.3688
internal_count=2424 413 225 2011 108 1903 188
is_linear=0
shrinkage=0.04


Tree=78
num_leaves=8
num_cat=0
split_feature=72 110 1 80 26 26 85
split_gain=4.24475 8.17932 8.22704 8.18865 7.39139 10.0377 7.06592
threshold=0.14168346931676298 -0.7653069499127706 0.095942263771451042 1.7287368024751648 -0.20120205106294251 0.035755858869300688 -0.35858418966180594
decision_type=2 2 2 2 2 2 2
left_child=1 2 -1 -3 6 -6 -2
right_child=4 3 -4 -5 5 -7 -8
leaf_value=0.020139455973061486 0.037621175750949913 -0.0073783391973280925 -0.0076121176082839873 0.026213422093838451 -0.0209444532356153 0.0040766393009189165 0.0065476057675361412
leaf_weight=41.418437778949738 15.901147738099096 265.79747165739536 26.791468411684036 10.205402955412863 28.212501674890518 168.00688916444778 37.100877344608307
leaf_count=170 66 1081 109 42 115 689 152
internal_value=-1.83794e-05 -0.00289041 0.00933287 -0.00595661 0.00393976 0.000304069 0.016899
internal_weight=593.434 344.213 68.2099 276.003 249.221 196.219 53.002
internal_count=2424 1402 279 1123 1022 804 218
is_linear=0
shrinkage=0.04


Tree=79
num_leaves=8
num_cat=0
split_feature=64 86 45 98 83 46 85
split_gain=4.1781 10.8486 7.82824 7.64042 6.60748 8.61095 7.31029
threshold=0.51039009197708196 -0.31930439159258817 -0.29183209007954686 0.3039784196373938 -0.57987180583012132 -0.19810479203524631 0.69293530324041164
decision_type=2 2 2 2 2 2 2
left_child=4 3 -3 -2 5 -1 -6
right_child=1 2 -4 -5 6 -7 -8
leaf_value=-0.033707142053855513 0.0030405730089739669 0.028114332435660784 0.0044419407222171612 -0.030163521259654606 0.0028142483443947433 -0.0025090834862569432 -0.010483962479969442
leaf_weight=20.595234394073486 27.340941086411476 34.804857805371284 59.304052203893661 16.289425164461136 314.43004041910172 38.854035004973412 81.618749514222145
leaf_count=84 112 142 242 66 1288 158 332
internal_value=-9.53786e-06 0.00604406 0.0135997 -0.0101349 -0.00185852 -0.0140624 3.4812e-05
internal_weight=593.237 137.739 94.1089 43.6304 455.498 59.4493 396.049
internal_count=2424 562 384 178 1862 242 1620
is_linear=0
shrinkage=0.04


Tree=80
num_leaves=4
num_cat=0
split_feature=77 71 110
split_gain=4.10786 5.30363 5.14989
threshold=-1.804528110890528 1.6627452880340854 -0.33293014168743479
decision_type=2 2 2
left_child=-1 2 -2
right_child=1 -3 -4
leaf_value=0.022057625972158119 0.005489420738483658 -0.023612002539712518 -0.0025635419952717143
leaf_weight=11.193263217806814 188.39924977719784 13.48234575986862 379.94267138838768
leaf_count=48 770 55 1551
internal_value=-1.4288e-05 -0.00051302 0.000115817
internal_weight=593.018 581.824 568.342
internal_count=2424 2376 2321
is_linear=0
shrinkage=0.04


Tree=81
num_leaves=7
num_cat=0
split_feature=122 79 122 79 51 98
split_gain=4.09658 8.35536 7.80301 8.3527 7.70561 6.66454
threshold=0.77009886273701533 -0.36128368123821147 0.6982677438314836 1.3791209441854855 -0.028744158186754649 0.74509190745623599
decision_type=2 2 2 2 2 2
left_child=2 5 3 -1 -3 -2
right_child=1 4 -4 -5 -6 -7
leaf_value=0.00099815762267200852 0.0051186823020947817 0.0016708966500106563 -0.026166162253712381 -0.019382599590998122 0.028637169215986052 -0.031840265712210339
leaf_weight=446.82429254055023 18.451197177171711 34.166393771767616 17.679770916700363 32.659803315997124 32.179049402475357 10.97640937566757
leaf_count=1824 75 140 72 132 136 45
internal_value=-1.3466e-05 0.00747376 -0.00147996 -0.000464812 0.0152054 -0.00981586
internal_weight=592.937 95.773 497.164 479.484 66.3454 29.4276
internal_count=2424 396 2028 1956 276 120
is_linear=0
shrinkage=0.04


Tree=82
num_leaves=7
num_cat=0
split_feature=8 8 48 115 115 49
split_gain=4.07376 8.36349 6.95665 6.61799 9.00966 5.71536
threshold=0.25978371994113009 0.12507955303105284 1.1214531986198424 1.4022322622690093 1.0549734664863657 -0.310117184479973
decision_type=2 2 2 2 2 2
left_child=1 2 -1 4 -2 -3
right_child=3 5 -4 -5 -6 -7
leaf_value=0.0016699099136243138 -0.004449074562399416 0.039180314180773057 -0.026932190282698186 -0.03184086610846068 0.031087762534663239 0.0075038475198323708
leaf_weight=315.02590747177601 205.15001468360424 13.210564985871313 12.216439038515089 11.095479816198347 10.091650694608687 25.893890783190727
leaf_count=1292 835 54 50 46 41 106
internal_value=-1.83355e-05 0.00258395 0.000445037 -0.00421611 -0.00251206 0.0195907
internal_weight=592.684 366.347 327.242 226.337 215.242 39.1045
internal_count=2424 1502 1342 922 876 160
is_linear=0
shrinkage=0.04


Tree=83
num_leaves=7
num_cat=0
split_feature=86 72 88 89 118 104
split_gain=4.07136 6.1266 5.02098 9.2087 6.58319 1.99186
threshold=1.3333760372175283 -0.23809197704954158 -0.42637365454099763 0.080119660158266659 0.85245942956053866 -0.013417267876742526
decision_type=2 2 2 2 2 2
left_child=2 -2 3 -1 -4 -3
right_child=1 5 4 -5 -6 -7
leaf_value=-0.0005157959708681259 -0.0069257892688637107 0.038842623309534412 -0.005970712274541985 0.021010714640819207 0.006473109915878337 0.010870189329866574
leaf_weight=123.84578104317188 13.358583554625509 9.2574537843465805 310.43195089697838 40.736462339758873 85.178107470273972 9.7865607887506485
leaf_count=507 55 40 1265 166 351 40
internal_value=-1.52946e-05 0.0133426 -0.00083266 0.00500061 -0.00327237 0.0268671
internal_weight=592.595 32.4026 560.192 164.582 395.61 19.044
internal_count=2424 135 2289 673 1616 80
is_linear=0
shrinkage=0.04


Tree=84
num_leaves=6
num_cat=0
split_feature=45 92 116 41 62
split_gain=4.04549 5.95587 12.0913 6.82488 4.0081
threshold=6.3132616027673105 -0.69374212714741967 0.0662869024437618 0.44446776623265333 -0.022437948761714146
decision_type=2 2 2 2 2
left_child=1 2 -1 -3 -2
right_child=4 3 -4 -5 -6
leaf_value=-0.02472758774418523 0.032448714852734886 -0.0016749795792773692 0.003339185093995238 0.0091941950231835979 -0.00037922464301517604
leaf_weight=43.591303810477257 9.9875502437353152 351.63285098969936 52.338174372911453 123.18356414139271 11.726057678461073
leaf_count=177 42 1438 214 505 48
internal_value=-5.90134e-06 -0.000676187 -0.00965917 0.00117159 0.0161838
internal_weight=592.46 570.746 95.9295 474.816 21.7136
internal_count=2424 2334 391 1943 90
is_linear=0
shrinkage=0.04


Tree=85
num_leaves=7
num_cat=0
split_feature=95 99 115 64 80 85
split_gain=4.0627 6.45454 5.70688 5.20174 9.90827 7.17649
threshold=1.8548106232567882 0.92919495936851748 -0.50953514907158637 0.51039009197708196 1.0069285974977369 0.69293530324041164
decision_type=2 2 2 2 2 2
left_child=3 2 -2 5 -5 -1
right_child=1 -3 -4 4 -6 -7
leaf_value=-0.00043657099976079179 -0.0050681584334727097 -0.013698425428597755 0.03129924040905329 0.0016425873593712862 0.033684911836799433 -0.013356587308563341
leaf_weight=337.96592818200588 9.086987644433977 10.260230168700216 21.380241766571999 113.29025803506374 15.9221004396677 84.411977499723434
leaf_count=1382 39 42 90 462 66 343
internal_value=-3.13358e-06 0.0118811 0.0208085 -0.000920373 0.00604424 -0.00306941
internal_weight=592.318 40.7275 30.4672 551.59 129.212 422.378
internal_count=2424 171 129 2253 528 1725
is_linear=0
shrinkage=0.04


Tree=86
num_leaves=5
num_cat=0
split_feature=101 101 81 45
split_gain=4.04763 6.95792 7.216 6.87752
threshold=-1.4823081901171833 -1.0770093587028251 1.6194158525774867 -0.0090961259145141502
decision_type=2 2 2 2
left_child=-1 3 -3 -2
right_child=1 2 -4 -5
leaf_value=-0.017951208220664355 0.028283166735218392 -0.0014043582210046643 0.026843539971043016 -0.0048468360150092536
leaf_weight=17.437989354133606 25.174426376819611 521.59982393682003 12.881438449025152 15.069855630397795
leaf_count=72 105 2130 54 63
internal_value=1.77967e-06 0.000606862 -0.000626026 0.0162352
internal_weight=592.164 574.726 534.481 40.2443
internal_count=2424 2352 2184 168
is_linear=0
shrinkage=0.04


Tree=87
num_leaves=8
num_cat=0
split_feature=57 42 35 87 72 110 79
split_gain=3.9982 7.68549 8.22731 6.56511 6.41112 7.61986 7.29101
threshold=0.40381437975684126 0.69609628462164685 -0.8312037510482394 0.28976809199099951 0.054572396444502867 0.32283651201474645 1.3480143366299693
decision_type=2 2 2 2 2 2 2
left_child=4 2 -2 -3 5 -1 -6
right_child=1 3 -4 -5 6 -7 -8
leaf_value=0.0017997158532175245 -0.022474237705597106 -0.034634538362418005 0.0036140299745721278 0.0012800871385862658 0.010083148725847084 -0.014741484447082849 -0.01412968832248675
leaf_weight=173.23993360996246 21.283141002058983 20.727357894182205 112.31211146712303 12.475421875715254 173.47667895257473 57.829134315252304 20.677985072135925
leaf_count=707 87 84 458 51 716 237 84
internal_value=6.01195e-06 -0.00520602 -0.000812296 -0.0218341 0.00206528 -0.00243099 0.00738664
internal_weight=592.022 166.798 133.595 33.2028 425.224 231.069 194.155
internal_count=2424 680 545 135 1744 944 800
is_linear=0
shrinkage=0.04


Tree=88
num_leaves=5
num_cat=0
split_feature=90 90 34 103
split_gain=3.93887 4.81527 18.4142 6.20822
threshold=-0.70665707076576934 -0.39544776451542285 0.38533931573979058 -0.15490603059020017
decision_type=2 2 2 2
left_child=-1 2 -2 -3
right_child=1 3 -4 -5
leaf_value=-0.023403804601763098 0.023566139769939435 -0.0062507736628849928 -0.017998391230761364 0.0027043377350048866
leaf_weight=9.2911567687988263 49.267871469259262 206.81978490948677 23.804010257124901 302.5885111540556
leaf_count=39 203 846 97 1239
internal_value=-3.4961e-06 0.00044857 0.00990724 -0.000941664
internal_weight=591.771 582.48 73.0719 509.408
internal_count=2424 2385 300 2085
is_linear=0
shrinkage=0.04


Tree=89
num_leaves=6
num_cat=0
split_feature=88 74 87 103 117
split_gain=3.92634 6.55016 4.97334 9.92748 7.59171
threshold=-0.90621751475981605 0.2749473347887848 0.40459494471722496 -0.40434708059588348 0.69980252408441557
decision_type=2 2 2 2 2
left_child=1 -1 4 -4 -2
right_child=2 -3 3 -5 -6
leaf_value=0.028766607037527519 -0.0063179652610261981 -0.0075098595619754764 -0.0096135268037710556 0.011075279906117116 0.0068209314444211896
leaf_weight=16.852444306015972 300.10989838838577 12.618269160389898 51.422362521290779 120.70717088878155 89.935364574193954
leaf_count=69 1224 51 212 499 369
internal_value=-6.15917e-06 0.0137442 -0.000773158 0.00485523 -0.0032691
internal_weight=591.646 29.4707 562.175 172.13 390.045
internal_count=2424 120 2304 711 1593
is_linear=0
shrinkage=0.04


Tree=90
num_leaves=6
num_cat=0
split_feature=95 120 51 80 80
split_gain=3.85988 7.09627 6.27188 6.81528 5.29164
threshold=1.8548106232567882 -1.8717024874270387 -0.68646212988761934 -0.32770680140386704 -0.046129080508800289
decision_type=2 2 2 2 2
left_child=1 -1 -2 -4 -3
right_child=2 4 3 -5 -6
leaf_value=-0.032954678651409192 -0.011168965476850616 -0.0044454747807398656 0.041522403120853681 0.0031664843654496642 0.0034456108620096104
leaf_weight=8.8315645456314069 12.184529334306715 253.99867437779903 12.33773009479046 16.092134028673172 287.99870158731937
leaf_count=36 50 1038 53 68 1179
internal_value=-2.63674e-06 -0.000896776 0.011597 0.0214469 -0.000255172
internal_weight=591.443 550.829 40.6144 28.4299 541.997
internal_count=2424 2253 171 121 2217
is_linear=0
shrinkage=0.04


Tree=91
num_leaves=8
num_cat=0
split_feature=122 73 98 122 68 85 18
split_gain=3.94085 7.63048 7.77688 7.18299 7.56967 7.16387 6.17201
threshold=0.77009886273701533 -0.032242697225374824 0.74509190745623599 0.23031967292852615 0.14901269506270665 0.77451026380405963 0.24664485988643553
decision_type=2 2 2 2 2 2 2
left_child=3 6 -3 5 -5 -1 -2
right_child=1 2 -4 4 -6 -7 -8
leaf_value=0.0041284454755172503 0.0063535181248602791 0.0065175064016651553 -0.029971825451135952 -0.0021027340048191657 -0.021881460954066269 -0.010247916762419462 0.033624161541321779
leaf_weight=297.38995358347893 38.697345733642578 24.976463779807091 12.441526994109152 85.42425662279129 46.998206302523613 66.09884674847126 19.259580045938492
leaf_count=1219 161 102 51 346 194 269 82
internal_value=-2.44618e-06 0.007357 -0.00652036 -0.0014417 -0.00934354 0.00147239 0.0162351
internal_weight=591.286 95.3749 37.418 495.911 132.422 363.489 57.9569
internal_count=2424 396 153 2028 540 1488 243
is_linear=0
shrinkage=0.04


Tree=92
num_leaves=8
num_cat=0
split_feature=93 117 116 98 108 105 49
split_gain=3.94788 9.91204 9.06144 11.9205 7.51285 7.05116 5.82292
threshold=-0.30748551219930342 0.65866591383765793 0.99000563935837083 -0.60080603734705929 -1.359911846870572 0.35811814972124995 0.16275688729526525
decision_type=2 2 2 2 2 2 2
left_child=1 4 3 -2 -1 -3 -4
right_child=2 5 6 -5 -6 -7 -8
leaf_value=0.016189137785371049 0.019012232012914031 -0.0010232422830810646 -0.0014731349212583082 0.00064095743510973974 -0.01485593683219553 0.029749795285019597 -0.032613867477367706
leaf_weight=12.433199584484099 66.782951653003693 34.903446927666664 20.419990122318268 317.60305251181126 106.38509771227837 15.988377943634985 16.484136268496513
leaf_count=51 277 144 83 1303 433 66 67
internal_value=-4.06267e-06 -0.00511974 0.00207116 0.00391466 -0.0113932 0.0094039 -0.0163445
internal_weight=591 169.71 421.29 384.386 118.818 50.8918 36.9041
internal_count=2424 694 1730 1580 484 210 150
is_linear=0
shrinkage=0.04


Tree=93
num_leaves=5
num_cat=0
split_feature=101 101 81 45
split_gain=3.859 6.05481 6.70645 6.49277
threshold=-1.4823081901171833 -1.0770093587028251 1.6194158525774867 -0.0090961259145141502
decision_type=2 2 2 2
left_child=-1 3 -3 -2
right_child=1 2 -4 -5
leaf_value=-0.017559613374876312 0.026990531969551854 -0.0013085745345568351 0.02601710191321787 -0.0052348230141832609
leaf_weight=17.375863954424858 24.963526695966721 520.64771063625813 12.777633741497992 15.007779046893118
leaf_count=72 105 2130 54 63
internal_value=-1.6157e-06 0.000589637 -0.000559279 0.0152182
internal_weight=590.773 573.397 533.425 39.9713
internal_count=2424 2352 2184 168
is_linear=0
shrinkage=0.04


Tree=94
num_leaves=5
num_cat=0
split_feature=113 72 110 86
split_gain=3.92994 4.19611 10.1347 9.08481
threshold=-1.3287701015741342 -0.2486934436753607 0.57721245581619929 1.2356169092725857
decision_type=2 2 2 2
left_child=-1 2 -2 -3
right_child=1 3 -4 -5
leaf_value=0.021335984393800231 -0.0011419381746504043 0.00044397760132124499 -0.025011361885005572 0.026253309114118665
leaf_weight=11.502253800630568 176.51221911609173 349.34170503914356 31.982335805892944 21.280814811587334
leaf_count=47 721 1434 132 90
internal_value=2.49019e-06 -0.000493202 -0.00500628 0.00205888
internal_weight=590.619 579.117 208.495 370.623
internal_count=2424 2377 853 1524
is_linear=0
shrinkage=0.04


Tree=95
num_leaves=6
num_cat=0
split_feature=45 92 38 84 62
split_gain=3.87619 5.24384 12.5653 6.29132 3.80775
threshold=6.3132616027673105 -0.69374212714741967 -0.20874401792276862 -0.85763270943916081 -0.022437948761714146
decision_type=2 2 2 2 2
left_child=1 2 -1 -3 -2
right_child=4 3 -4 -5 -6
leaf_value=-0.029200316724015539 0.031805408160095437 -0.017283027741780161 0.0011155428263439594 0.0022297832085480429 -0.00027198796315961804
leaf_weight=30.948913961648941 9.9129135459661502 26.098239913582802 64.674106925725937 447.09952749311924 11.704823136329649
leaf_count=126 42 106 265 1837 48
internal_value=5.39896e-06 -0.000651639 -0.00909356 0.00108538 0.015885
internal_weight=590.439 568.821 95.623 473.198 21.6177
internal_count=2424 2334 391 1943 90
is_linear=0
shrinkage=0.04


Tree=96
num_leaves=6
num_cat=0
split_feature=28 37 112 110 78
split_gain=3.78783 6.40347 6.6982 4.22871 4.83594
threshold=-0.62893539432868073 -0.2292636520831991 -0.28051145599893951 -1.6042498035178643 1.0000000180025095e-35
decision_type=2 2 2 2 2
left_child=1 2 -1 -2 -5
right_child=3 -3 -4 4 -6
leaf_value=-0.017165101311052998 0.019769367896663968 -0.028737314803360083 0.016283993642345014 -0.0034578495820520622 0.0042111706261519569
leaf_weight=16.5094855427742 16.561888620257378 17.079237371683121 17.852742671966553 263.79939539730549 258.50604212284088
leaf_count=67 68 70 73 1091 1055
internal_value=3.6747e-06 -0.0101554 0.000153036 0.00100745 0.000339384
internal_weight=590.309 51.4415 34.3622 538.867 522.305
internal_count=2424 210 140 2214 2146
is_linear=0
shrinkage=0.04


Tree=97
num_leaves=6
num_cat=0
split_feature=15 5 86 34 110
split_gain=3.748 9.33529 8.27201 6.1309 5.89356
threshold=1.0584301550481281 0.82997436590724338 0.37655867680658445 0.95399525078823355 -0.32896803343897746
decision_type=2 2 2 2 2
left_child=1 4 -3 -2 -1
right_child=3 2 -4 -5 -6
leaf_value=0.004690778915943411 0.0059401778354624436 0.0061630734960288125 0.04036630988092383 -0.033731106201870871 -0.0042307492248946504
leaf_weight=182.11394999921322 10.782412171363832 41.440634906291962 14.074830055236815 11.280699282884596 330.52031809091568
leaf_count=748 44 171 59 46 1356
internal_value=2.35435e-06 0.000654981 0.0159367 -0.0154611 -0.00105545
internal_weight=590.213 568.15 55.5155 22.0631 512.634
internal_count=2424 2334 230 90 2104
is_linear=0
shrinkage=0.04


Tree=98
num_leaves=8
num_cat=0
split_feature=64 86 115 92 46 87 86
split_gain=3.7086 9.59222 7.38328 7.21459 6.47111 9.94391 7.89033
threshold=0.51039009197708196 -0.31930439159258817 -0.62558537301511341 -0.1402420816843418 0.56608474731667036 -1.0252314679910934 -0.085280625961793519
decision_type=2 2 2 2 2 2 2
left_child=4 3 -3 -2 5 -1 -6
right_child=1 2 -4 -5 6 -7 -8
leaf_value=-0.024831985649772365 0.0059618051277057016 0.035286961934300309 0.0071077236299530722 -0.025503824701035859 0.017834312037528232 -0.0021613954179294315 -0.0034137889305958713
leaf_weight=32.439524173736572 22.694272071123123 16.980719700455666 76.494921863079071 20.724566608667374 51.029184311628342 311.67764459550381 58.02837461233139
leaf_count=133 93 70 314 85 210 1280 239
internal_value=5.038e-06 0.0057263 0.0128587 -0.00951898 -0.0017408 -0.00442967 0.00667055
internal_weight=590.069 136.894 93.4756 43.4188 453.175 344.117 109.058
internal_count=2424 562 384 178 1862 1413 449
is_linear=0
shrinkage=0.04


Tree=99
num_leaves=6
num_cat=0
split_feature=95 120 99 115 79
split_gain=3.71495 6.39825 5.72969 5.29233 5.03278
threshold=1.8548106232567882 -1.8717024874270387 0.92919495936851748 -0.50953514907158637 -0.4840169811892327
decision_type=2 2 2 2 2
left_child=1 -1 3 -2 -3
right_child=2 4 -4 -5 -6
leaf_value=-0.031368453694228096 -0.005097205849327587 -0.0069614755009663014 -0.012714250674227542 0.030039192017343123 0.0019456583575753689
leaf_weight=8.7912806272506696 9.008773013949396 132.91020219027996 10.232382282614706 21.158904388546944 407.83241517841816
leaf_count=36 39 546 42 90 1671
internal_value=6.33386e-06 -0.000870819 0.0114159 0.0198821 -0.000261229
internal_weight=589.934 549.534 40.4001 30.1677 540.743
internal_count=2424 2253 171 129 2217
is_linear=0
shrinkage=0.04


Tree=100
num_leaves=7
num_cat=0
split_feature=122 79 51 122 79 98
split_gain=3.7325 7.28302 7.08416 6.49687 7.3879 5.85001
threshold=0.77009886273701533 -0.36128368123821147 -0.028744158186754649 0.6982677438314836 1.3791209441854855 0.74509190745623599
decision_type=2 2 2 2 2 2
left_child=3 5 -3 4 -1 -2
right_child=1 2 -4 -5 -6 -7
leaf_value=0.00090959512541269056 0.0049544483641085994 0.001457957977203115 0.027418360290275653 -0.024021196497019327 -0.018281548383356189 -0.029798860169516776
leaf_weight=444.69654352962971 18.382725030183796 33.997095212340355 31.751140594482422 17.513730809092522 32.581102699041367 10.836495891213415
leaf_count=1824 75 140 136 72 132 45
internal_value=2.92202e-06 0.00718133 0.0144341 -0.00139823 -0.000471299 -0.00901777
internal_weight=589.759 94.9675 65.7482 494.791 477.278 29.2192
internal_count=2424 396 276 2028 1956 120
is_linear=0
shrinkage=0.04


Tree=101
num_leaves=7
num_cat=0
split_feature=82 8 103 107 50 41
split_gain=3.61491 8.74829 8.879 5.25695 8.39449 6.15796
threshold=1.1851983708915677 -0.54555381634738753 -0.054602585405395927 -1.0832842584924915 0.52974140739880238 0.46628288697115666
decision_type=2 2 2 2 2 2
left_child=3 -2 -3 4 -1 -5
right_child=1 2 -4 5 -6 -7
leaf_value=0.028168479607979763 0.030228732393146298 -0.020128303753196838 0.012715810170678568 -0.0049000673533262651 -0.014024800618733388 0.0051574811381981276
leaf_weight=20.52106706798077 18.865354642271996 20.035647839307785 30.733931660652161 357.72097899019718 9.8527752757072431 131.7469462454319
leaf_count=85 79 82 127 1467 40 544
internal_value=-2.15866e-06 0.0084237 -0.000517377 -0.0011588 0.0144608 -0.00218297
internal_weight=589.477 69.6349 50.7696 519.842 30.3738 489.468
internal_count=2424 288 209 2136 125 2011
is_linear=0
shrinkage=0.04


Tree=102
num_leaves=5
num_cat=0
split_feature=101 99 42 88
split_gain=3.68931 6.15711 7.7692 5.38409
threshold=-1.4823081901171833 -0.7187971194841194 0.6824322966149784 -0.41842228591439751
decision_type=2 2 2 2
left_child=-1 2 -2 -3
right_child=1 3 -4 -5
leaf_value=-0.017203340133275086 0.020890989836893869 0.0065413418151785323 -0.01036312594213494 -0.0031157732843050401
leaf_weight=17.289725705981255 44.157666012644768 118.5814601033926 16.161569803953171 393.12358969449997
leaf_count=72 185 487 66 1614
internal_value=3.16246e-06 0.000581365 0.0124531 -0.000861099
internal_weight=589.314 572.024 60.3192 511.705
internal_count=2424 2352 251 2101
is_linear=0
shrinkage=0.04


Tree=103
num_leaves=6
num_cat=0
split_feature=15 5 86 28 110
split_gain=3.64047 8.39227 7.79172 6.91445 5.48163
threshold=1.0584301550481281 0.82997436590724338 0.37655867680658445 0.45070508846295515 -0.32896803343897746
decision_type=2 2 2 2 2
left_child=1 4 -3 -2 -1
right_child=3 2 -4 -5 -6
leaf_value=0.0045728472741805651 0.0054080346594895037 0.0057046898099657132 0.038994851847213803 -0.03672815508510005 -0.00403807167822391
leaf_weight=181.79109291732311 11.999669149518015 41.308966889977455 13.938148230314253 10.039210379123686 330.07678699493408
leaf_count=748 49 171 59 41 1356
internal_value=2.70892e-06 0.000646739 0.0151723 -0.0152448 -0.000973988
internal_weight=589.154 567.115 55.2471 22.0389 511.868
internal_count=2424 2334 230 90 2104
is_linear=0
shrinkage=0.04


Tree=104
num_leaves=7
num_cat=0
split_feature=83 63 62 14 68 78
split_gain=3.65955 7.93539 6.92081 6.5312 11.1984 8.78819
threshold=-0.57987180583012132 0.7229169431506276 0.44988606569715456 0.67752227595153058 0.57833027865082209 0.28942004640416935
decision_type=2 2 2 2 2 2
left_child=1 2 -1 5 -5 -2
right_child=3 -3 -4 4 -6 -7
leaf_value=-0.018923769739795458 0.0017722556352395796 0.014671725857006875 0.014518641880332334 0.019560313560030781 -0.014647095292148669 -0.014155221694569469
leaf_weight=58.626796081662178 356.98773638904095 18.58623069524765 10.300059497356413 62.464610636234283 18.469460293650627 63.553295195102692
leaf_count=241 1473 76 42 257 77 258
internal_value=4.66107e-06 -0.00744776 -0.0136578 0.00132961 0.0115891 -0.000690355
internal_weight=588.988 87.5131 68.9269 501.475 80.9341 420.541
internal_count=2424 359 283 2065 334 1731
is_linear=0
shrinkage=0.04


Tree=105
num_leaves=6
num_cat=0
split_feature=45 108 107 85 62
split_gain=3.56752 4.42268 8.0178 4.35748 3.61448
threshold=6.3132616027673105 1.0275214972116469 1.571703893555727 0.73544955836203363 -0.022437948761714146
decision_type=2 2 2 2 2
left_child=1 3 -3 -1 -2
right_child=4 2 -4 -5 -6
leaf_value=0.0020081376310896095 0.030874100855167473 -0.029969278055934578 0.0079876711831062281 -0.0072204130233808009 -0.00043448417481092296
leaf_weight=435.18123398721218 9.8189537972211856 19.21439915895462 14.162956342101095 98.726640179753304 11.67120525240898
leaf_count=1793 42 79 58 404 48
internal_value=4.93579e-06 -0.000625422 -0.014322 0.000281078 0.0152813
internal_weight=588.775 567.285 33.3774 533.908 21.4902
internal_count=2424 2334 137 2197 90
is_linear=0
shrinkage=0.04


Tree=106
num_leaves=8
num_cat=0
split_feature=122 73 98 122 58 97 14
split_gain=3.50746 6.69223 6.94307 6.00198 7.29079 6.39325 5.99967
threshold=0.77009886273701533 -0.032242697225374824 0.74509190745623599 0.23031967292852615 0.56122069175640599 1.2151572195841325 0.090634777067992042
decision_type=2 2 2 2 2 2 2
left_child=3 6 -3 5 -5 -1 -2
right_child=1 2 -4 4 -6 -7 -8
leaf_value=0.002711295917178161 0.025428440006912495 0.0062636137253348776 -0.02832999418423425 -0.0051514691846114577 -0.034705193016884989 -0.018640785548103968 -0.00061202955307699354
leaf_weight=339.97117136418819 34.445038884878159 24.878214880824089 12.316554665565489 118.76057234406471 13.227238789200781 22.020917236804962 22.996724799275398
leaf_count=1398 146 102 51 486 54 90 97
internal_value=5.19159e-06 0.00697675 -0.00605267 -0.00135316 -0.00858704 0.00131711 0.0153334
internal_weight=588.616 94.6365 37.1948 493.98 131.988 361.992 57.4418
internal_count=2424 396 153 2028 540 1488 243
is_linear=0
shrinkage=0.04


Tree=107
num_leaves=5
num_cat=0
split_feature=28 4 49 114
split_gain=3.5323 4.9784 4.92201 3.79466
threshold=2.1258117790962072 1.1695652635014808 1.9055434894762009 0.17076736535046161
decision_type=2 2 2 2
left_child=1 2 -1 -3
right_child=-2 3 -4 -5
leaf_value=-0.00047529997922755987 0.020979345997533753 -0.031329479433613562 0.017217262736342175 -0.0012641686945396582
leaf_weight=528.05876937508583 10.56587992608547 12.324270501732828 24.41279111802578 12.977462232112883
leaf_count=2173 45 51 101 54
internal_value=-2.13943e-06 -0.00045688 0.000365788 -0.017131
internal_weight=588.339 577.773 552.472 25.3017
internal_count=2424 2379 2274 105
is_linear=0
shrinkage=0.04


Tree=108
num_leaves=4
num_cat=0
split_feature=77 71 35
split_gain=3.51425 5.06975 4.91234
threshold=-1.804528110890528 1.6627452880340854 1.0246964550749693
decision_type=2 2 2
left_child=-1 2 -2
right_child=1 -3 -4
leaf_value=0.020592326287081936 0.0008516063025277061 -0.023097620150347262 -0.019716749480184526
leaf_weight=10.968004927039145 546.7143510133028 13.410798996686934 17.229622572660446
leaf_count=48 2250 55 71
internal_value=-1.30174e-06 -0.000462255 0.000155745
internal_weight=588.323 577.355 563.944
internal_count=2424 2376 2321
is_linear=0
shrinkage=0.04


Tree=109
num_leaves=4
num_cat=0
split_feature=100 37 83
split_gain=3.46215 3.96215 4.56689
threshold=-1.0034397183399968 -0.85063535781300748 -0.57987180583012132
decision_type=2 2 2
left_child=-1 -2 -3
right_child=1 2 -4
leaf_value=0.022567425927435006 0.018988238806889629 -0.0096582146377650144 0.0005050444629983344
leaf_weight=8.6768931597471219 14.363820120692251 80.805563628673553 484.43055760860443
leaf_count=36 59 332 1997
internal_value=-4.09084e-06 -0.00041844 -0.000976815
internal_weight=588.277 579.6 565.236
internal_count=2424 2388 2329
is_linear=0
shrinkage=0.04


Tree=110
num_leaves=6
num_cat=0
split_feature=68 71 35 85 25
split_gain=3.46281 6.5915 6.43435 6.18882 5.79707
threshold=1.3199550009991274 1.6627452880340854 1.0246964550749693 0.4575320115419888 -0.091197762031797622
decision_type=2 2 2 2 2
left_child=1 2 -1 4 -2
right_child=3 -3 -4 -5 -6
leaf_value=0.00054740273060622298 -0.011488812870883406 -0.029127869771557069 -0.024588028418205538 0.031566623819218306 0.019472991036444801
leaf_weight=513.07859052717686 22.170549347996712 10.956851765513418 14.827464208006857 12.981421843171118 14.139130771160124
leaf_count=2111 92 45 61 55 60
internal_value=4.9971e-07 -0.000941466 -0.000248721 0.00993348 0.000955013
internal_weight=588.154 538.863 527.906 49.2911 36.3097
internal_count=2424 2217 2172 207 152
is_linear=0
shrinkage=0.04


Tree=111
num_leaves=6
num_cat=0
split_feature=15 16 28 1 84
split_gain=3.35044 7.67324 6.19399 6.05428 5.55786
threshold=1.0584301550481281 0.97504171959070063 0.45070508846295515 0.31426844163800915 -0.85763270943916081
decision_type=2 2 2 2 2
left_child=1 4 -2 -3 -1
right_child=2 3 -4 -5 -6
leaf_value=-0.017556452468107178 0.0049549234558175668 0.037078988901016269 -0.034979297255070575 -0.00023135167040771524 0.00051181785348146022
leaf_weight=26.761712834239006 11.972741007804872 14.054206222295763 10.023714661598204 12.238868430256842 513.00427274405956
leaf_count=109 49 58 41 51 2116
internal_value=-1.24216e-06 0.000617214 -0.0146416 0.0209231 -0.000445516
internal_weight=588.056 566.059 21.9965 26.2931 539.766
internal_count=2424 2334 90 109 2225
is_linear=0
shrinkage=0.04


Tree=112
num_leaves=7
num_cat=0
split_feature=115 63 106 97 0 36
split_gain=3.43553 11.1083 10.9681 10.4804 6.07035 2.32389
threshold=-0.77088518805295492 -0.89759115793279642 1.3606638877532369 1.1753430965232592 1.714777045896456 -0.12150466107113551
decision_type=2 2 2 2 2 2
left_child=1 -1 -3 4 -2 -5
right_child=3 2 -4 5 -6 -7
leaf_value=-0.029496478812272974 0.00067924492400762938 0.017898292441118301 -0.023698967149465316 -0.040721710864787999 -0.026877269540004422 -0.011113962265521639
leaf_weight=9.7508879601955396 467.52968540787697 69.732932865619659 10.040880784392355 9.9922888576984423 11.148635432124136 9.7491374611854535
leaf_count=40 1925 290 42 41 46 40
internal_value=-2.49006e-06 0.007123 0.012211 -0.0013057 -7.1719e-05 -0.0284676
internal_weight=587.944 89.5247 79.7738 498.42 478.678 19.7414
internal_count=2424 372 332 2052 1971 81
is_linear=0
shrinkage=0.04


Tree=113
num_leaves=8
num_cat=0
split_feature=93 119 72 116 98 27 49
split_gain=3.42082 10.2322 9.85379 7.87603 10.4421 7.47865 5.235
threshold=-0.30748551219930342 0.72748764849418779 1.220449479865463 0.99000563935837083 -0.60080603734705929 0.44443217961124548 0.16275688729526525
decision_type=2 2 2 2 2 2 2
left_child=1 2 -1 4 -2 -3 -5
right_child=3 5 -4 6 -6 -7 -8
leaf_value=-0.013187489217229287 0.017844211809969781 0.025269432481798772 0.02365486266019462 -0.0011896189851442361 0.00057863618205357642 -0.012671380813787299 -0.030748746523995837
leaf_weight=122.51994912326336 66.16663983464241 24.75384496152401 10.981847316026686 20.369317293167114 316.03006938099861 10.597264736890791 16.395785123109818
leaf_count=502 277 103 45 83 1303 44 67
internal_value=-1.77116e-05 -0.00479121 -0.00985243 0.00191976 0.00364502 0.0138264 -0.0152781
internal_weight=587.815 168.853 133.502 418.962 382.197 35.3511 36.7651
internal_count=2424 694 547 1730 1580 147 150
is_linear=0
shrinkage=0.04


Tree=114
num_leaves=7
num_cat=0
split_feature=95 51 80 115 103 119
split_gain=3.39927 5.33294 5.80466 4.95516 13.2502 8.2435
threshold=1.8548106232567882 -0.68646212988761934 -0.32770680140386704 -0.3596879582544954 -0.34816816381283228 0.38983096392969474
decision_type=2 2 2 2 2 2
left_child=3 -2 -3 4 -1 -5
right_child=1 2 -4 5 -6 -7
leaf_value=-0.0090413268912601218 -0.010092754248322417 0.03895362130218552 0.0032055417045780093 -0.0079561922326479104 0.013845031148001055 0.0040820512311491716
leaf_weight=64.958713293075562 12.111492320895193 11.995362088084221 15.94083160161972 235.84213647246361 100.91144718229771 145.8359696418047
leaf_count=267 50 53 68 966 417 603
internal_value=-1.55545e-05 0.0109461 0.0201322 -0.000854206 0.00488125 -0.00335918
internal_weight=587.596 40.0477 27.9362 547.548 165.87 381.678
internal_count=2424 171 121 2253 684 1569
is_linear=0
shrinkage=0.04


Tree=115
num_leaves=5
num_cat=0
split_feature=101 99 42 45
split_gain=3.38392 5.54247 7.09029 5.21482
threshold=-1.4823081901171833 -0.7187971194841194 0.6824322966149784 0.88036725076935884
decision_type=2 2 2 2
left_child=-1 2 -2 -3
right_child=1 3 -4 -5
leaf_value=-0.016511730241566693 0.019944075855593057 -0.0028373390028623769 -0.0099613115200909343 0.0072291857684354619
leaf_weight=17.236619934439659 43.845412746071815 409.17402710020542 16.123173832893372 100.97557766735554
leaf_count=72 185 1683 66 418
internal_value=-1.02257e-05 0.000544648 0.0118417 -0.000824389
internal_weight=587.355 570.118 59.9686 510.15
internal_count=2424 2352 251 2101
is_linear=0
shrinkage=0.04


Tree=116
num_leaves=7
num_cat=0
split_feature=110 83 83 44 42 125
split_gain=3.36465 10.5423 6.54554 8.41938 7.80375 6.26841
threshold=-0.51564940354634003 1.3544164504147496 -0.47598573618921874 -1.0676661504346263 -0.2162307099811068 -0.71795222696870897
decision_type=2 2 2 2 2 2
left_child=1 5 3 -2 -4 -1
right_child=2 -3 4 -5 -6 -7
leaf_value=0.025175340934649282 0.01903577814902124 -0.028538406119240248 0.0077559375965537631 -0.016761109320635785 -0.00423202736602363 0.0039979285302057946
leaf_weight=26.452465370297432 10.557949811220167 11.609233155846594 143.31644496321678 71.492417186498642 214.09345822036266 109.65918330848217
leaf_count=111 43 48 593 294 883 452
internal_value=-1.00005e-05 0.00517176 -0.00176734 -0.0118115 0.000591391 0.00841859
internal_weight=587.181 147.721 439.46 82.0504 357.41 136.112
internal_count=2424 611 1813 337 1476 563
is_linear=0
shrinkage=0.04


Tree=117
num_leaves=6
num_cat=0
split_feature=88 74 71 45 115
split_gain=3.34255 5.83022 4.62606 7.3461 7.09078
threshold=-0.90621751475981605 0.2749473347887848 -0.45293815364211659 3.1341606674908689 -0.32803441844460685
decision_type=2 2 2 2 2
left_child=1 -1 3 -2 -4
right_child=2 -3 4 -5 -6
leaf_value=0.027004166976908245 -0.0094243890192790315 -0.0073352389577183699 0.0091865314638549609 0.018374047746293386 -0.0021139860877295866
leaf_weight=16.657376363873485 140.71977160871029 12.532512426376341 129.45164673030376 15.160953879356383 272.43545024096966
leaf_count=69 579 51 537 64 1124
internal_value=-8.6102e-06 0.0127358 -0.000718688 -0.00652221 0.00155348
internal_weight=586.958 29.1899 557.768 155.881 401.887
internal_count=2424 120 2304 643 1661
is_linear=0
shrinkage=0.04


Tree=118
num_leaves=5
num_cat=0
split_feature=51 110 109 109
split_gain=3.31635 4.08884 7.16651 6.52479
threshold=2.3752275007431707 -0.97703405992099246 -0.66727911780558335 -0.43583647053560798
decision_type=2 2 2 2
left_child=1 2 -1 -3
right_child=-2 3 -4 -5
leaf_value=0.021722661849745563 -0.020148069262158664 -0.0086965349955486233 -0.0042348179274133216 0.0017870890348821789
leaf_weight=34.500616297125816 10.792298525571821 123.69592435657978 30.849228277802467 386.97665083408356
leaf_count=143 45 508 128 1600
internal_value=-3.30014e-06 0.000442538 0.00970722 -0.000776291
internal_weight=586.815 576.022 65.3498 510.673
internal_count=2424 2379 271 2108
is_linear=0
shrinkage=0.04


Tree=119
num_leaves=7
num_cat=0
split_feature=118 50 65 118 115 123
split_gain=3.32866 8.54663 9.29035 5.97948 6.18869 5.70762
threshold=0.7550914551948581 -0.44954985572421502 -0.38191817852822979 0.63240197471240533 -0.77088518805295492 -0.34398770784511851
decision_type=2 2 2 2 2 2
left_child=3 5 -3 4 -1 -2
right_child=1 2 -4 -5 -6 -7
leaf_value=0.011073918087864355 -0.024878428167750637 0.03261520843473744 0.0040073744714422804 -0.023242724539624657 -0.0024641716904701496 0.0078304408101665599
leaf_weight=60.706261515617371 18.356017887592319 23.641712918877602 64.676845163106918 17.464211463928223 388.49267479777336 13.397398084402083
leaf_count=252 76 101 271 72 1596 56
internal_value=-4.39368e-06 0.00587892 0.012218 -0.00153679 -0.000593612 -0.0114317
internal_weight=586.735 120.072 88.3186 466.663 449.199 31.7534
internal_count=2424 504 372 1920 1848 132
is_linear=0
shrinkage=0.04


end of trees

feature_importances:
Column_110=28
Column_122=26
Column_83=22
Column_45=20
Column_79=18
Column_115=18
Column_72=17
Column_99=17
Column_51=16
Column_78=16
Column_85=15
Column_8=14
Column_86=14
Column_87=14
Column_101=14
Column_90=13
Column_50=12
Column_97=12
Column_108=12
Column_98=11
Column_104=11
Column_103=10
Column_57=9
Column_73=9
Column_95=9
Column_117=9
Column_118=9
Column_123=9
Column_1=8
Column_49=8
Column_62=8
Column_68=8
Column_77=8
Column_56=7
Column_63=7
Column_71=7
Column_74=7
Column_80=7
Column_92=7
Column_116=7
Column_14=6
Column_26=6
Column_82=6
Column_107=6
Column_119=6
Column_28=5
Column_35=5
Column_37=5
Column_42=5
Column_43=5
Column_64=5
Column_84=5
Column_88=5
Column_0=4
Column_15=4
Column_47=4
Column_93=4
Column_120=4
Column_5=3
Column_34=3
Column_41=3
Column_46=3
Column_58=3
Column_66=3
Column_67=3
Column_70=3
Column_76=3
Column_96=3
Column_114=3
Column_2=2
Column_18=2
Column_24=2
Column_27=2
Column_36=2
Column_44=2
Column_81=2
Column_94=2
Column_102=2
Column_105=2
Column_109=2
Column_124=2
Column_4=1
Column_9=1
Column_11=1
Column_12=1
Column_16=1
Column_19=1
Column_25=1
Column_31=1
Column_38=1
Column_48=1
Column_53=1
Column_60=1
Column_61=1
Column_65=1
Column_89=1
Column_91=1
Column_100=1
Column_106=1
Column_111=1
Column_112=1
Column_113=1
Column_121=1
Column_125=1

parameters:
[boosting: gbdt]
[objective: binary]
[metric: binary_logloss]
[tree_learner: serial]
[device_type: cpu]
[data_sample_strategy: bagging]
[data: ]
[valid: ]
[num_iterations: 120]
[learning_rate: 0.04]
[num_leaves: 15]
[num_threads: 2]
[seed: 42]
[deterministic: 0]
[force_col_wise: 0]
[force_row_wise: 0]
[histogram_pool_size: -1]
[max_depth: 3]
[min_data_in_leaf: 40]
[min_sum_hessian_in_leaf: 0.001]
[bagging_fraction: 0.85]
[pos_bagging_fraction: 1]
[neg_bagging_fraction: 1]
[bagging_freq: 0]
[bagging_seed: 400]
[bagging_by_query: 0]
[feature_fraction: 0.8]
[feature_fraction_bynode: 1]
[feature_fraction_seed: 30056]
[extra_trees: 0]
[extra_seed: 12879]
[early_stopping_round: 0]
[early_stopping_min_delta: 0]
[first_metric_only: 0]
[max_delta_step: 0]
[lambda_l1: 0]
[lambda_l2: 2]
[linear_lambda: 0]
[min_gain_to_split: 0]
[drop_rate: 0.1]
[max_drop: 50]
[skip_drop: 0.5]
[xgboost_dart_mode: 0]
[uniform_drop: 0]
[drop_seed: 17869]
[top_rate: 0.2]
[other_rate: 0.1]
[min_data_per_group: 100]
[max_cat_threshold: 32]
[cat_l2: 10]
[cat_smooth: 10]
[max_cat_to_onehot: 4]
[top_k: 20]
[monotone_constraints: ]
[monotone_constraints_method: basic]
[monotone_penalty: 0]
[feature_contri: ]
[forcedsplits_filename: ]
[refit_decay_rate: 0.9]
[cegb_tradeoff: 1]
[cegb_penalty_split: 0]
[cegb_penalty_feature_lazy: ]
[cegb_penalty_feature_coupled: ]
[path_smooth: 0]
[interaction_constraints: ]
[verbosity: -1]
[saved_feature_importance_type: 0]
[use_quantized_grad: 0]
[num_grad_quant_bins: 4]
[quant_train_renew_leaf: 0]
[stochastic_rounding: 1]
[linear_tree: 0]
[max_bin: 255]
[max_bin_by_feature: ]
[min_data_in_bin: 3]
[bin_construct_sample_cnt: 200000]
[data_random_seed: 175]
[is_enable_sparse: 1]
[enable_bundle: 1]
[use_missing: 1]
[zero_as_missing: 0]
[feature_pre_filter: 1]
[pre_partition: 0]
[two_round: 0]
[header: 0]
[label_column: ]
[weight_column: ]
[group_column: ]
[ignore_column: ]
[categorical_feature: ]
[forcedbins_filename: ]
[precise_float_parser: 0]
[parser_config_file: ]
[objective_seed: 16083]
[num_class: 1]
[is_unbalance: 0]
[scale_pos_weight: 1]
[sigmoid: 1]
[boost_from_average: 1]
[reg_sqrt: 0]
[alpha: 0.9]
[fair_c: 1]
[poisson_max_delta_step: 0.7]
[tweedie_variance_power: 1.5]
[lambdarank_truncation_level: 30]
[lambdarank_norm: 1]
[label_gain: ]
[lambdarank_position_bias_regularization: 0]
[eval_at: ]
[multi_error_top_k: 1]
[auc_mu_weights: ]
[num_machines: 1]
[local_listen_port: 12400]
[time_out: 120]
[machine_list_filename: ]
[machines: ]
[gpu_platform_id: -1]
[gpu_device_id: -1]
[gpu_device_id_list: ]
[gpu_use_dp: 0]
[num_gpu: 1]

end of parameters

pandas_categorical:null
