tree
version=v4
num_class=1
num_tree_per_iteration=1
label_index=0
max_feature_idx=126
objective=quantile
feature_names=Column_0 Column_1 Column_2 Column_3 Column_4 Column_5 Column_6 Column_7 Column_8 Column_9 Column_10 Column_11 Column_12 Column_13 Column_14 Column_15 Column_16 Column_17 Column_18 Column_19 Column_20 Column_21 Column_22 Column_23 Column_24 Column_25 Column_26 Column_27 Column_28 Column_29 Column_30 Column_31 Column_32 Column_33 Column_34 Column_35 Column_36 Column_37 Column_38 Column_39 Column_40 Column_41 Column_42 Column_43 Column_44 Column_45 Column_46 Column_47 Column_48 Column_49 Column_50 Column_51 Column_52 Column_53 Column_54 Column_55 Column_56 Column_57 Column_58 Column_59 Column_60 Column_61 Column_62 Column_63 Column_64 Column_65 Column_66 Column_67 Column_68 Column_69 Column_70 Column_71 Column_72 Column_73 Column_74 Column_75 Column_76 Column_77 Column_78 Column_79 Column_80 Column_81 Column_82 Column_83 Column_84 Column_85 Column_86 Column_87 Column_88 Column_89 Column_90 Column_91 Column_92 Column_93 Column_94 Column_95 Column_96 Column_97 Column_98 Column_99 Column_100 Column_101 Column_102 Column_103 Column_104 Column_105 Column_106 Column_107 Column_108 Column_109 Column_110 Column_111 Column_112 Column_113 Column_114 Column_115 Column_116 Column_117 Column_118 Column_119 Column_120 Column_121 Column_122 Column_123 Column_124 Column_125 Column_126
feature_infos=[-4.5853521084726072:5.9520355302374881] [-3.8453988002914379:4.0601486204700157] [-3.6884360645800283:3.6256054594362048] [-3.4484045632864078:3.2296810608800821] [-3.1579965226732596:2.5881471045355724] [-2.2325787000742272:2.4967356908958367] [-3.3828384675870522:3.2899175344794824] [-1.1978599154069776:4.778054677523337] [-1.6132423104293592:1.6271703648058498] [-3.0744433126824902:2.6484363477285786] [-1.2526418326000563:3.8184041681100331] [-2.4834771856292455:2.7629953994214231] [-2.2089946086601873:2.5249742270115103] [-1.3526379118330165:2.8025844696954234] [-2.5270965302994406:3.0747951585072721] [-1.7686425766396185:1.4533232767659467] [-1.8771717367215817:1.8002830986900054] [-1.0282627390201342:0.67133895675352384] [-1.0847897449732762:0.70260539409426825] [-1.028262739020134:0.67133895675352373] [-2.313015413535124:2.8939072486281407] [-3.1919765429292739:3.4854283028863682] [-2.8471163424830586:2.8341104159805166] [-2.0080681085208045:2.8214084465402567] [-2.1992728181978798:1.8775671013623572] [-2.0609049865358928:1.9086904939893665] [-3.2371091275031119:2.1922122832883226] [-1.7699264150880909:1.5752587792624471] [-0.95021426490944461:2.8094427003895794] [-3.4912122293272065:3.2893663474434112] [-3.2518949614783232:2.930826250974671] [-2.491044777468125:2.2204025621215329] [-2.4620349716386625:2.3865801210488304] [-2.0037075537808811:2.4646188686557062] [-2.1365523020369306:2.3133401835966869] [-1.9072807349605521:2.0070882784652455] [-2.0159799375305218:2.2156747207086078] [-1.2392541432581772:3.1420851114334507] [-1.2594658248521127:3.7111829239807506] [-1.3664576907957451:2.720590687560291] [-1.2158648581938194:1.909004445557126] [-2.0558046263447185:1.6061152041156022] [-1.8011494634276526:1.7085999818230289] [-1.9694303223569281:11.778361219628195] [-598.39470517955044:95.429648380904368] [-507.12346622217348:105.55703696267862] [-676.25397679037087:49.738152493049043] [-1.1275804990278895:3.2261681171578842] [-1.8591570488841085:1.7296046736719248] [-1.168399974477899:6.2473136951318686] [-3.8207974025917619:4.5294753320345684] [-10.155760878512245:8.4264205924667195] [-1:1] [-0.83333333333333337:1] [0:1] [0:1] [-3.5533395644518837:4.2905064224522862] [-4.0416472096050997:2.3299581829274896] [-2.3002485353670701:1.5977551079919505] [-1.0448333404185497:2.3894846258619182] [-2.3345513383578598:1.3347328649243415] [-1.747094133567882:0.33305195895623096] [-3.1154730448586534:3.5523995463188793] [-2.6298455102958047:2.4573842372717714] [-2.1375423780790332:1.8878771036755975] [-5.2088722498961246:4.6217219063426018] [-4.6619431155577473:3.0977210969027777] [-3.391745451277989:2.8324524868431471] [-1.2350992893290524:2.8248380099672259] [-2.2818210309289335:2.3757238170622692] [-2.6397491037952503:0.64119207919130572] [-3.8164394062034397:4.3688423395454565] [-5.8803055307669601:4.8118941258908885] [-3.0319770654823799:3.9711035966598911] [-3.371333218120995:2.2638551490909546] [-2.3746070738288316:1.6726918640080279] [-1.0033973916422634:2.3018803146236175] [-2.1712480229932223:1.347802153275923] [-1.5572426719877823:0.33608769909169273] [-4.4654480951976048:7.7434493276284382] [-4.0031334159505914:5.4966028306641048] [-2.3833447252475954:4.0375748679937846] [-1.3412533718842496:4.5744391012879282] [-1.2114772985252851:7.759703156166335] [-1.2180520187712178:2.3722256144078799] [-6.6131255474812356:6.8188375590372665] [-4.6655007424887538:3.6264284762556418] [-2.7439158768695022:3.8766565395968682] [-1.2197282410759405:3.5968916330834619] [-1.8029576983784328:4.5659806411640265] [-0.80899504090749808:2.3182009503035963] [-11.131161631101028:10.91152941115298] [-5.8957036804030274:5.1164470095519468] [-3.4904205511755384:3.7517946778655151] [-1.0442671595428499:3.1870894369812688] [-2.182664208095948:3.911757386421221] [-1.2860866695381248:0.64760500654483699] [-3.9280524977070237:2.9467722865418118] [-3.4042016424026929:3.0058299192519984] [-2.4955992402849203:1.7222822328034528] [-1.363891642857189:3.0993270293844892] [-2.0271172249476934:1.843868421530636] [-1.5790506281666512:0.4800774858694612] [-5.5480519707414215:3.2500648689237024] [-4.2726626539473571:3.641898022308939] [-1.913438483640767:2.9166332416189826] [-1.2617048878541155:4.0640749823728672] [-1.7887249425094061:4.6689903192498159] [-1.690920656588587:1.3725569005876674] [-4.4451318438332565:2.686863318690484] [-3.9360747524266757:3.6492822206134488] [-1.9601199163049632:2.6788345555376312] [-1.2707206007796923:3.8043461554401903] [-1.6366012209741589:3.9974271250490756] [-1.7723967401021041:1.3222711348106906] [-3.3145273729109119:3.5321128476623458] [-2.2382152473155501:2.6094418536901918] [-1.9919699039284051:1.9726491900477334] [-1.5990428448397396:2.0872996043160348] [-1.4687936038507499:1.8898728674292991] [-2.4630786837254175:0.62992871391849725] [-3.3384184041881344:3.5859093031001552] [-2.8422376375190157:3.7409053146048787] [-1.6701323078519825:2.5477898513574333] [-0.73182331029470504:2.7499326140846887] [-1.4525552333555156:2.4417999715874745] [-1.4540782295732726:0.93454475769334644]
tree_sizes=675 680 877 880 770 866 693 775 779 874 694 861 782 605 687 782 781 608 521 787 787 609 606 519 875 876 872 788 605 875 879 866 605 879 612 788 875 695 691 875 693 702 877 867 878 883 608 610 604 872 603 873 602 786 881 607 605 776 881 876 879 600 876 885 880 771 522 864 782 693 697 791 680 787 872 781 765 874 599 871 783 514 689 877 598 693 768 782 871 604 680 786 789 870 595 691 859 862 764 785 596 779 608 611 869 779 777 874 606 604 599 686 610 786 611 686 610 605 879 785

Tree=0
num_leaves=6
num_cat=0
split_feature=78 123 83 45 56
split_gain=4.35182 3.65207 4.26088 3.50693 1.2796
threshold=-1.4121070711216686 0.57997105484648659 -0.22604892846401584 2.7758422328595294 -0.55550876450578146
decision_type=2 2 2 2 2
left_child=4 2 -2 -3 -1
right_child=1 3 -4 -5 -6
leaf_value=0.0015843586623668672 0.0010868441412458197 0.00095507548656314611 0.001205400861799717 0.0012457741517573596 0.0013171632215380669
leaf_weight=42 723 454 1089 74 42
leaf_count=42 723 454 1089 74 42
internal_value=0.0011393 0.00081479 0.00166852 -0.00210598 0.00997651
internal_weight=2424 2340 1812 528 84
internal_count=2424 2340 1812 528 84
is_linear=0
shrinkage=1


Tree=1
num_leaves=6
num_cat=0
split_feature=78 123 83 45 73
split_gain=3.90579 3.14734 3.72532 3.31227 1.55074
threshold=-1.4121070711216686 0.57997105484648659 -0.22604892846401584 2.7758422328595294 -0.53141456267038589
decision_type=2 2 2 2 2
left_child=4 2 -2 -3 -1
right_child=1 3 -4 -5 -6
leaf_value=0.00042725715190172195 -5.0356788374483592e-05 -0.00017685469686985015 6.3457663357257836e-05 0.00010221602171659469 0.0001396509263664484
leaf_weight=42 723 454 1089 74 42
leaf_count=42 723 454 1089 74 42
internal_value=0 -0.00030743 0.000485116 -0.00301887 0.00837209
internal_weight=2424 2340 1812 528 84
internal_count=2424 2340 1812 528 84
is_linear=0
shrinkage=0.04


Tree=2
num_leaves=8
num_cat=0
split_feature=83 118 97 79 60 117 48
split_gain=3.45975 3.09781 3.87487 3.01759 2.99711 2.86553 1.77543
threshold=-0.57987180583012132 0.90525141698359268 -0.3780023457686858 -0.39034755891772027 0.29461797360833597 0.27878702964296492 0.1191159710362112
decision_type=2 2 2 2 2 2 2
left_child=3 2 -2 6 -5 -3 -1
right_child=1 5 -4 4 -6 -7 -8
leaf_value=-0.00032958549711201336 0.00010221903141541407 0.00018506895872950554 -4.1247572459280493e-05 -0.00022856404337380084 5.6062277561984958e-05 3.4703419655561421e-06 -9.0546564043499539e-05
leaf_weight=63 528 150 1261 60 166 126 70
leaf_count=63 528 150 1261 60 166 126 70
internal_value=-9.89283e-05 0.000532172 -7.81686e-05 -0.00371191 -0.000877193 0.00446043 -0.00844444
internal_weight=2424 2065 1789 359 226 276 133
internal_count=2424 2065 1789 359 226 276 133
is_linear=0
shrinkage=0.04


Tree=3
num_leaves=8
num_cat=0
split_feature=83 79 53 118 97 117 48
split_gain=3.49138 3.01759 2.93506 2.84571 3.75536 2.68364 1.77543
threshold=-0.57987180583012132 -0.39034755891772027 -1.0000000180025095e-35 0.90525141698359268 -0.3780023457686858 0.27878702964296492 0.1191159710362112
decision_type=2 2 2 2 2 2 2
left_child=1 6 -3 4 -2 -5 -1
right_child=3 2 -4 5 -6 -7 -8
leaf_value=-0.00031640207722753282 9.8130270158797511e-05 -0.0002756343799826503 4.7576381527185441e-05 0.00017766620038032533 -3.9597669560909281e-05 3.3315282869338971e-06 -8.6924701481759544e-05
leaf_weight=63 528 45 181 150 1261 126 70
leaf_count=63 528 45 181 150 1261 126 70
internal_value=-8.24402e-05 -0.00371191 -0.000877193 0.000551524 -3.35008e-05 0.00431655 -0.00844444
internal_weight=2424 359 226 2065 1789 276 133
internal_count=2424 359 226 2065 1789 276 133
is_linear=0
shrinkage=0.04


Tree=4
num_leaves=7
num_cat=0
split_feature=83 63 108 48 74 74
split_gain=3.43691 3.34581 2.78886 2.67622 2.53944 2.52205
threshold=-0.57987180583012132 0.80776088953488567 0.70588149819145629 1.1214531986198424 -1.1696371307813915 0.045881257876327033
decision_type=2 2 2 2 2 2
left_child=1 5 3 -2 -4 -1
right_child=2 -3 4 -5 -6 -7
leaf_value=3.7202930838900805e-05 4.680748549954891e-05 0.00010047414400904179 0.00011296332176508308 -0.00010560786070568562 -0.00015981076813151762 -0.00018094896326110961
leaf_weight=70 1687 69 66 57 255 220
leaf_count=70 1687 69 66 57 255 220
internal_value=0 -0.00360111 0.000628931 0.00126002 -0.00278638 -0.00547945
internal_weight=2424 359 2065 1744 321 290
internal_count=2424 359 2065 1744 321 290
is_linear=0
shrinkage=0.04


Tree=5
num_leaves=8
num_cat=0
split_feature=87 83 85 99 65 95 95
split_gain=3.09806 3.16815 3.57498 2.96678 2.53012 2.50255 1.06358
threshold=0.40459494471722496 -0.65055632180950218 0.7102368905737132 -0.58848630629483345 -0.50269441481202748 1.0000000180025095e-35 -0.30331871671869165
decision_type=2 2 2 2 2 2 2
left_child=1 4 -3 6 -1 -5 -2
right_child=3 2 -4 5 -6 -7 -8
leaf_value=4.8198913249171261e-05 0.00014119462763411333 1.5746095984106539e-05 -0.00013562325684087946 -4.6981006578678611e-05 -0.00019852542951645058 0.00013238611163580383 0.00022363525530362774
leaf_weight=41 41 1277 228 279 167 330 61
leaf_count=41 41 1277 228 279 167 330 61
internal_value=0 -0.000921283 -0.000278699 0.00221599 -0.00552381 0.00114566 0.00846154
internal_weight=2424 1713 1505 711 208 609 102
internal_count=2424 1713 1505 711 208 609 102
is_linear=0
shrinkage=0.04


Tree=6
num_leaves=6
num_cat=0
split_feature=78 50 67 83 73
split_gain=3.0724 3.12745 2.88732 2.81487 1.06871
threshold=-1.4121070711216686 -0.72347364067872877 0.25938982782001924 -0.57987180583012132 -0.53141456267038589
decision_type=2 2 2 2 2
left_child=4 2 -2 -3 -1
right_child=1 3 -4 -5 -6
leaf_value=0.00040202692422451397 -0.00017877053773145309 -6.7347988935603402e-05 4.8106528958249357e-05 2.5539592340982969e-05 0.00012508692230287627
leaf_weight=42 262 308 129 1641 42
leaf_count=42 262 308 129 1641 42
internal_value=1.6488e-05 -0.000256191 -0.00351145 0.000399795 0.00744186
internal_weight=2424 2340 391 1949 84
internal_count=2424 2340 391 1949 84
is_linear=0
shrinkage=0.04


Tree=7
num_leaves=7
num_cat=0
split_feature=83 64 92 118 97 117
split_gain=3.02692 3.16059 2.90183 2.7875 3.63771 2.68364
threshold=-0.57987180583012132 0.75872101262085667 -0.5431044437330893 0.90525141698359268 -0.3780023457686858 0.27878702964296492
decision_type=2 2 2 2 2 2
left_child=1 2 -1 4 -2 -5
right_child=3 -3 -4 5 -6 -7
leaf_value=-0.00029083486989251654 9.3263025045158863e-05 9.3501312700739717e-05 -5.8893438068315523e-05 0.00016411874830025964 -3.8222125506622206e-05 -4.4981032437328878e-06
leaf_weight=73 528 69 217 150 1261 126
leaf_count=73 528 69 217 150 1261 126
internal_value=0 -0.0033795 -0.00520548 0.000590227 1.11669e-05 0.00431655
internal_weight=2424 359 290 2065 1789 276
internal_count=2424 359 290 2065 1789 276
is_linear=0
shrinkage=0.04


Tree=8
num_leaves=7
num_cat=0
split_feature=83 63 46 72 114 15
split_gain=2.99748 3.16059 2.95259 2.55077 3.66751 2.99927
threshold=-0.57987180583012132 0.80776088953488567 0.90721754092535922 0.13715552573549508 0.59702537935317113 1.0476740058402079
decision_type=2 2 2 2 2 2
left_child=1 2 -1 4 -2 -5
right_child=3 -3 -4 5 -6 -7
leaf_value=-0.00021279607831995988 7.5270676552094928e-06 8.9761260192710134e-05 3.5938011359840823e-05 7.0284525281383663e-05 -0.00020767933761828443 -0.0001381240205136888
leaf_weight=214 961 69 76 853 198 53
leaf_count=214 961 69 76 853 198 53
internal_value=-1.6488e-05 -0.0033795 -0.00520548 0.000570876 -0.000671835 0.00215859
internal_weight=2424 359 290 2065 1159 906
internal_count=2424 359 290 2065 1159 906
is_linear=0
shrinkage=0.04


Tree=9
num_leaves=8
num_cat=0
split_feature=87 103 51 83 85 32 115
split_gain=2.89845 3.37725 3.0701 2.9713 3.64875 2.37296 2.24303
threshold=0.40459494471722496 -0.40434708059588348 -0.29222535084449214 -0.73908499550201212 0.7102368905737132 -0.060486299831493381 -0.3596879582544954
decision_type=2 2 2 2 2 2 2
left_child=3 2 -2 5 -5 -1 -3
right_child=1 6 -4 4 -6 -7 -8
leaf_value=-0.00026543671498459732 -0.00032043561695063797 0.0002159724145804972 3.8293615528420274e-05 9.4793641134329185e-06 -0.00013658147106378215 -6.3781699735036032e-05 6.5073529997163227e-05
leaf_weight=50 72 135 140 1318 234 111 364
leaf_count=50 72 135 140 1318 234 111 364
internal_value=1.6488e-05 0.00215989 -0.00205607 -0.000874636 -0.00033462 -0.00601227 0.0039521
internal_weight=2424 711 212 1713 1552 161 499
internal_count=2424 711 212 1713 1552 161 499
is_linear=0
shrinkage=0.04


Tree=10
num_leaves=6
num_cat=0
split_feature=78 50 67 8 73
split_gain=2.73803 2.6874 2.65253 2.14184 0.860994
threshold=-1.4121070711216686 -0.72347364067872877 0.25938982782001924 0.25978371994113009 -0.53141456267038589
decision_type=2 2 2 2 2
left_child=4 2 -2 -3 -1
right_child=1 3 -4 -5 -6
leaf_value=0.00038023735922386811 -0.00016844822281801995 3.3622223384865697e-05 4.4520597244391605e-05 -4.6089483808555588e-05 0.00011526085723378892
leaf_weight=42 262 1186 129 763 42
leaf_count=42 262 1186 129 763 42
internal_value=-3.29761e-05 -0.00029035 -0.00330789 0.000317786 0.00697674
internal_weight=2424 2340 391 1949 84
internal_count=2424 2340 391 1949 84
is_linear=0
shrinkage=0.04


Tree=11
num_leaves=8
num_cat=0
split_feature=72 110 58 118 67 109 63
split_gain=2.71047 4.0249 3.06271 2.89452 2.383 2.21096 1.82783
threshold=-0.22950623217394295 0.57721245581619929 0.51664291143674712 0.9280348455410713 0.33321781879552814 0.33348663519560073 -0.19370997196504822
decision_type=2 2 2 2 2 2 2
left_child=1 4 3 -2 -1 -4 -3
right_child=2 6 5 -5 -6 -7 -8
leaf_value=-4.3557336457060607e-05 2.4039061973529683e-05 -9.464571997269519e-05 -0.00021304424026597206 0.00016075463988012492 9.7451061057924029e-05 8.4089022132612462e-05 -0.00033330759966837114
leaf_weight=625 1123 48 150 178 143 67 90
leaf_count=625 1123 48 150 178 143 67 90
internal_value=-3.29761e-05 -0.00176211 0.001 0.00173446 -0.000623377 -0.003379 -0.008
internal_weight=2424 906 1518 1301 768 217 138
internal_count=2424 906 1518 1301 768 217 138
is_linear=0
shrinkage=0.04


Tree=12
num_leaves=7
num_cat=0
split_feature=95 87 61 66 51 58
split_gain=2.63377 3.05852 3.11709 2.79829 2.23372 1.7784
threshold=1.8548106232567882 0.40459494471722496 0.22486066099514204 -0.17146904284686684 -0.68646212988761934 -0.76015602241640579
decision_type=2 2 2 2 2 2
left_child=1 2 -1 -3 -2 -6
right_child=4 3 -4 -5 5 -7
leaf_value=-7.6080898673887913e-05 -0.00019500716003919386 -2.8116440961251153e-05 1.5290480655408833e-05 0.00010429814339826312 0.00013312597432135301 0.00036609239120600297
leaf_weight=1057 50 276 539 381 57 64
leaf_count=1057 50 276 539 381 57 64
internal_value=-1.6488e-05 -0.000381375 -0.00132666 0.00191199 0.00473988 0.00764228
internal_weight=2424 2253 1596 657 171 121
internal_count=2424 2253 1596 657 171 121
is_linear=0
shrinkage=0.04


Tree=13
num_leaves=5
num_cat=0
split_feature=77 123 74 111
split_gain=2.45241 2.28141 3.41106 2.48939
threshold=-1.804528110890528 0.79217051641586556 -1.3385364568081048 0.29474028754317588
decision_type=2 2 2 2
left_child=-1 2 -2 -3
right_child=1 3 -4 -5
leaf_value=0.00048513870914497465 0.000231188229462646 -0.00028434743320433206 3.8285886331830729e-07 2.0205583023984167e-05
leaf_weight=48 57 180 1983 156
leaf_count=48 57 180 1983 156
internal_value=3.29761e-05 -0.000151388 0.000352595 -0.00319527
internal_weight=2424 2376 2040 336
internal_count=2424 2376 2040 336
is_linear=0
shrinkage=0.04


Tree=14
num_leaves=6
num_cat=0
split_feature=78 0 43 87 73
split_gain=2.67406 2.40696 2.89503 2.27338 0.860994
threshold=-1.4121070711216686 -1.0675122917665909 1.0323884296319059 0.079263392643143027 -0.53141456267038589
decision_type=2 2 2 2 2
left_child=4 2 -2 -3 -1
right_child=1 3 -4 -5 -6
leaf_value=0.00035090033920067863 -0.00024148356810609094 -3.7102887522958465e-05 5.9814045830800452e-05 4.2389803558735262e-05 0.00010651100311258809
leaf_weight=42 159 1136 79 966 42
leaf_count=42 159 1136 79 966 42
internal_value=4.94641e-05 -0.000204953 -0.004 0.000228137 0.00697674
internal_weight=2424 2340 238 2102 84
internal_count=2424 2340 238 2102 84
is_linear=0
shrinkage=0.04


Tree=15
num_leaves=7
num_cat=0
split_feature=68 72 110 86 63 25
split_gain=2.63015 2.46818 3.25915 2.98891 1.84294 1.7373
threshold=1.3199550009991274 -0.2486934436753607 0.57721245581619929 1.1245124323691194 0.46042386625998677 -0.091197762031797622
decision_type=2 2 2 2 2 2
left_child=1 2 -1 -3 5 -2
right_child=4 3 -4 -5 -6 -7
leaf_value=-2.7881684994230167e-05 -7.7171325665396828e-05 1.2923432033097246e-06 -0.00026890326764346601 0.00022024510814179076 0.00026445963801284631 0.00013176199516636437
leaf_weight=684 105 1307 125 101 59 43
leaf_count=684 105 1307 125 101 59 43
internal_value=1.6488e-05 -0.000387562 -0.0021455 0.000624113 0.00430622 0.00186667
internal_weight=2424 2217 809 1408 207 148
internal_count=2424 2217 809 1408 207 148
is_linear=0
shrinkage=0.04


Tree=16
num_leaves=7
num_cat=0
split_feature=95 87 104 80 122 96
split_gain=2.63377 2.17985 3.30098 2.7972 2.05643 1.72675
threshold=1.8548106232567882 0.079263392643143027 -0.60043336192318386 -0.059041247123534861 0.1529212456308652 0.51214428374998333
decision_type=2 2 2 2 2 2
left_child=1 3 -3 -1 -2 -6
right_child=4 2 -4 -5 5 -7
leaf_value=-9.2868858258239142e-05 0.0004121196828997255 0.00013169795342230412 -6.05979248560048e-06 1.0826641824659661e-05 0.00039272502360130219 -0.00028496522572492229
leaf_weight=607 75 239 807 600 45 51
leaf_count=607 75 239 807 600 45 51
internal_value=-1.6488e-05 -0.000381375 0.000954198 -0.00153846 0.00473988 0.000816327
internal_weight=2424 2253 1046 1207 171 96
internal_count=2424 2253 1046 1207 171 96
is_linear=0
shrinkage=0.04


Tree=17
num_leaves=5
num_cat=0
split_feature=77 72 67 58
split_gain=2.51735 2.18094 2.89575 2.55772
threshold=-1.804528110890528 -0.2486934436753607 0.33321781879552814 0.51664291143674712
decision_type=2 2 2 2
left_child=-1 2 -2 -3
right_child=1 3 -4 -5
leaf_value=0.00046606387230749741 -7.3711289147556592e-05 3.0952278160819686e-05 7.6255963768490559e-05 -7.8123868517472389e-05
leaf_weight=48 703 1288 162 223
leaf_count=48 703 1288 162 223
internal_value=-8.24402e-05 -0.000269134 -0.00186851 0.00064772
internal_weight=2424 2376 865 1511
internal_count=2424 2376 865 1511
is_linear=0
shrinkage=0.04


Tree=18
num_leaves=4
num_cat=0
split_feature=77 101 101
split_gain=2.52669 2.16919 4.06289
threshold=-1.804528110890528 -1.4823081901171833 -1.0770093587028251
decision_type=2 2 2
left_child=-1 -2 -3
right_child=1 2 -4
leaf_value=0.00044742131741519746 -0.00024611737607839771 0.00012828044738017331 -1.1414744682432863e-05
leaf_weight=48 72 168 2136
leaf_count=48 72 168 2136
internal_value=-9.89283e-05 -0.000285955 -6.93842e-05
internal_weight=2424 2376 2304
internal_count=2424 2376 2304
is_linear=0
shrinkage=0.04


Tree=19
num_leaves=7
num_cat=0
split_feature=83 63 97 122 90 122
split_gain=2.15862 3.05154 2.50971 2.24683 3.47257 3.32221
threshold=-0.57987180583012132 0.7229169431506276 -0.3438170186617176 -0.17340013860060102 -0.39544776451542285 0.77009886273701533
decision_type=2 2 2 2 2 2
left_child=1 2 -1 4 -2 -5
right_child=3 -3 -4 5 -6 -7
leaf_value=-0.00022008320753465858 0.00020938436296746743 6.6033100888447766e-05 -4.7866212086260499e-05 -5.0622733256066641e-05 3.3014228226043417e-05 8.3766648969263918e-05
leaf_weight=89 105 76 194 923 692 345
leaf_count=89 105 76 194 923 692 345
internal_value=-8.24402e-05 -0.00293629 -0.00484211 0.000416062 0.0020776 -0.000629921
internal_weight=2424 359 283 2065 797 1268
internal_count=2424 359 283 2065 797 1268
is_linear=0
shrinkage=0.04


Tree=20
num_leaves=7
num_cat=0
split_feature=99 101 83 35 78 53
split_gain=2.4139 3.56888 3.2946 3.11093 2.33434 2.24909
threshold=-0.59773342155151965 -1.4823081901171833 -0.57987180583012132 0.60138158654368523 -1.4121070711216686 -1.0000000180025095e-35
decision_type=2 2 2 2 2 2
left_child=1 -1 5 -3 -4 -2
right_child=2 3 4 -5 -6 -7
leaf_value=-0.0002392835529585003 -0.00024937446618303951 0.00013500792878230178 0.00039439449397178124 -0.00010036113288764579 -5.9389582653660706e-06 -3.8424392839035319e-05
leaf_weight=66 75 326 57 61 1671 168
leaf_count=66 75 326 57 61 1671 168
internal_value=-3.29761e-05 0.00259341 -0.000638621 0.0040617 -2.31214e-05 -0.00497959
internal_weight=2424 453 1971 387 1728 243
internal_count=2424 453 1971 387 1728 243
is_linear=0
shrinkage=0.04


Tree=21
num_leaves=5
num_cat=0
split_feature=90 99 60 101
split_gain=2.10896 2.34778 2.71305 2.46632
threshold=-0.69272129296413731 -0.59773342155151965 0.64867672334687865 -1.4823081901171833
decision_type=2 2 2 2
left_child=-1 3 -3 -2
right_child=1 2 -4 -5
leaf_value=-0.00032209278277684948 -0.00021652401201358655 -2.032978010193527e-06 -0.00022272201115562142 8.7982677656800546e-05
leaf_weight=51 48 1842 96 387
leaf_count=51 48 1842 96 387
internal_value=-3.29761e-05 0.000143158 -0.000453608 0.00279176
internal_weight=2424 2373 1938 435
internal_count=2424 2373 1938 435
is_linear=0
shrinkage=0.04


Tree=22
num_leaves=5
num_cat=0
split_feature=90 50 49 73
split_gain=2.07388 1.92104 3.25631 2.61015
threshold=-0.69272129296413731 -0.72347364067872877 1.7924391856888577 -0.23909101999819579
decision_type=2 2 2 2
left_child=-1 2 -2 -3
right_child=1 3 -4 -5
leaf_value=-0.00030920907146577548 -0.00010683592816810802 8.297848652989709e-05 0.00014512983549758 -5.8205644772517318e-06
leaf_weight=51 326 638 71 1338
leaf_count=51 326 638 71 1338
internal_value=-9.89283e-05 7.57895e-05 -0.00245614 0.000586451
internal_weight=2424 2373 397 1976
internal_count=2424 2373 397 1976
is_linear=0
shrinkage=0.04


Tree=23
num_leaves=4
num_cat=0
split_feature=77 110 123
split_gain=2.08431 2.16746 2.3211
threshold=-1.804528110890528 -1.6042498035178643 0.57997105484648659
decision_type=2 2 2
left_child=-1 -2 -3
right_child=1 2 -4
leaf_value=0.00042976085447861303 0.00036266011825121974 3.9837893294044587e-06 -9.8716514677184926e-05
leaf_weight=48 72 1791 513
leaf_count=48 72 1791 513
internal_value=-8.24402e-05 -0.000252313 -0.000468343
internal_weight=2424 2376 2304
internal_count=2424 2376 2304
is_linear=0
shrinkage=0.04


Tree=24
num_leaves=8
num_cat=0
split_feature=83 53 79 108 48 107 118
split_gain=2.15862 3.29182 2.72771 1.91638 2.47618 2.27583 1.25846
threshold=-0.57987180583012132 -1.0000000180025095e-35 -0.38601661603119425 0.70588149819145629 1.1214531986198424 1.571703893555727 0.88660182219626271
decision_type=2 2 2 2 2 2 2
left_child=1 6 -3 4 -2 -5 -1
right_child=3 2 -4 5 -6 -7 -8
leaf_value=-0.00038895994730769201 3.1093213486443857e-05 -9.8129649694029785e-05 5.2460618769264365e-05 -0.00014178985866982933 -0.00010193125713755583 0.00016047802009577658 -6.9874510641865044e-05
leaf_weight=42 1687 94 181 255 57 66 42
leaf_count=42 1687 94 181 255 57 66 42
internal_value=-8.24402e-05 -0.00293629 -0.000794224 0.000416062 0.00093929 -0.00241486 -0.00976744
internal_weight=2424 359 275 2065 1744 321 84
internal_count=2424 359 275 2065 1744 321 84
is_linear=0
shrinkage=0.04


Tree=25
num_leaves=8
num_cat=0
split_feature=83 53 79 8 51 110 73
split_gain=2.13377 2.8584 2.58603 2.06841 3.2029 2.38392 1.03066
threshold=-0.57987180583012132 -1.0000000180025095e-35 -0.38601661603119425 0.25978371994113009 -1.180838285199979 -0.43821477776913648 0.085088605132805459
decision_type=2 2 2 2 2 2 2
left_child=1 6 -3 4 -2 -5 -1
right_child=3 2 -4 5 -6 -7 -8
leaf_value=-8.0246070466832121e-05 -0.00022407927796035934 -9.4204463706268622e-05 5.0362194018493793e-05 8.4452882804329351e-05 5.739548723305125e-05 -8.8266803452547682e-05 -0.00025444566648964002
leaf_weight=42 130 94 181 213 1171 551 42
leaf_count=42 130 94 181 213 1171 551 42
internal_value=-9.89283e-05 -0.00293629 -0.000938628 0.00039671 0.00136608 -0.00125326 -0.00930233
internal_weight=2424 359 275 2065 1301 764 84
internal_count=2424 359 275 2065 1301 764 84
is_linear=0
shrinkage=0.04


Tree=26
num_leaves=8
num_cat=0
split_feature=72 110 66 99 8 122 88
split_gain=2.06314 3.1272 2.85758 2.66286 2.48291 2.44045 1.93381
threshold=0.14168346931676298 0.53015707344019736 0.50373162923104231 -0.58114200087803314 0.79657926686933089 0.81650408156679755 -0.41451047059424834
decision_type=2 2 2 2 2 2 2
left_child=1 6 4 -4 -2 -3 -1
right_child=2 5 3 -5 -6 -7 -8
leaf_value=4.3013842405914004e-05 0.0001050357509617857 -0.00018668970770977018 0.00014280924400271092 -4.6691252199600068e-05 -8.8173299949205025e-05 0.00010261932959383726 -3.5314765386667573e-05
leaf_weight=342 457 217 96 384 85 57 786
leaf_count=342 457 217 96 384 85 57 786
internal_value=-0.000115416 -0.00111111 0.00125 -0.000995851 0.00323529 -0.00492754 -0.000176991
internal_weight=2424 1402 1022 480 542 274 1128
internal_count=2424 1402 1022 480 542 274 1128
is_linear=0
shrinkage=0.04


Tree=27
num_leaves=7
num_cat=0
split_feature=83 107 14 76 8 118
split_gain=2.08449 3.04129 2.32786 3.31911 2.5602 2.20966
threshold=-0.57987180583012132 -0.98654456313059768 0.72304552693243751 -0.35202892220624221 0.25978371994113009 -0.18580278295766048
decision_type=2 2 2 2 2 2
left_child=1 -1 4 -4 -2 -3
right_child=2 5 3 -5 -6 -7
leaf_value=0.0002364136080232035 2.0367924482000772e-05 3.0633637846664758e-05 0.00012215794489714251 -1.1272516818300822e-05 -7.7532034672216625e-05 -0.0001196848448768365
leaf_weight=60 1154 68 139 168 604 231
leaf_count=60 1154 68 139 168 604 231
internal_value=-0.000131904 -0.00293629 0.000358007 0.00355987 -0.000204545 -0.00458472
internal_weight=2424 359 2065 307 1758 299
internal_count=2424 359 2065 307 1758 299
is_linear=0
shrinkage=0.04


Tree=28
num_leaves=5
num_cat=0
split_feature=83 94 85 85
split_gain=2.0169 2.03905 2.98747 2.1422
threshold=-0.96352722896044551 1.0314432025672668 0.73544955836203363 1.0000000180025095e-35
decision_type=2 2 2 2
left_child=-1 2 -2 -3
right_child=1 3 -4 -5
leaf_value=-0.00019211560020547717 1.2964545707485732e-05 -1.62527971896183e-05 -7.6707914717884983e-05 0.00019039977075405677
leaf_weight=48 1722 106 432 116
leaf_count=48 1722 106 432 116
internal_value=-4.94641e-05 0.000117746 -0.00025974 0.00375
internal_weight=2424 2376 2154 222
internal_count=2424 2376 2154 222
is_linear=0
shrinkage=0.04


Tree=29
num_leaves=8
num_cat=0
split_feature=72 110 70 66 8 115 88
split_gain=2.11895 2.80123 2.89725 2.53058 2.86605 2.08544 1.8796
threshold=0.14168346931676298 0.53015707344019736 0.14340869192210751 0.50373162923104231 0.79657926686933089 -0.77088518805295492 -0.41451047059424834
decision_type=2 2 2 2 2 2 2
left_child=1 6 -3 4 -2 -5 -1
right_child=3 2 -4 5 -6 -7 -8
leaf_value=3.5955427465290057e-05 0.00010001773819692923 -0.00020118004934156677 1.0546386186182519e-05 0.00020340343892998131 -8.2744600512185299e-05 -2.97346413337995e-05 -3.3508881347706796e-05
leaf_weight=342 457 174 100 52 85 428 786
leaf_count=342 457 174 100 52 85 428 786
internal_value=-1.6488e-05 -0.00102564 -0.00463768 0.00136719 0.00323529 -0.000746888 -0.000141593
internal_weight=2424 1402 274 1022 542 480 1128
internal_count=2424 1402 274 1022 542 480 1128
is_linear=0
shrinkage=0.04


Tree=30
num_leaves=8
num_cat=0
split_feature=50 50 115 56 124 11 110
split_gain=2.05142 2.72848 3.15588 2.04852 2.93008 2.3131 1.62938
threshold=-0.72347364067872877 -1.1359191521654701 -0.18477213381834748 -0.31630527497163258 -0.39260198354628123 -0.11747123576418401 -0.25250744123937346
decision_type=2 2 2 2 2 2 2
left_child=1 2 -1 4 -2 -5 -3
right_child=3 6 -4 5 -6 -7 -8
leaf_value=-0.00011364004455189261 -9.0510699285184743e-05 -9.6929744183033535e-05 0.0001134590614853738 3.403998498462818e-05 0.00010992599142820134 -3.5784528814142501e-05 -0.00018749860300553998
leaf_weight=81 119 72 129 612 478 805 128
leaf_count=81 119 72 129 612 478 805 128
internal_value=-4.94641e-05 -0.00262136 0.000566038 0.00047619 0.0024374 -0.000352361 -0.00594059
internal_weight=2424 410 210 2014 597 1417 200
internal_count=2424 410 210 2014 597 1417 200
is_linear=0
shrinkage=0.04


Tree=31
num_leaves=8
num_cat=0
split_feature=122 122 73 98 57 106 14
split_gain=2.10903 4.10904 3.03787 3.38706 2.95995 2.87053 2.25854
threshold=0.79703567822089683 0.23031967292852615 -0.032242697225374824 0.81023091021588456 0.41136059537568881 0.30282616366274623 0.090634777067992042
decision_type=2 2 2 2 2 2 2
left_child=1 4 6 -4 -1 -3 -2
right_child=2 5 3 -5 -6 -7 -8
leaf_value=3.8044759133305191e-05 0.00014544251250857385 -3.6233430043869259e-05 9.7556020448515357e-05 -0.00044037601838916462 -4.951971640431527e-05 -0.00019071668443550538 2.8336847559240053e-06
leaf_weight=988 140 411 102 45 500 147 91
leaf_count=988 140 411 102 45 500 147 91
internal_value=0 -0.000507813 0.00273684 -0.00174497 0.000590604 -0.00342857 0.0055794
internal_weight=2424 2046 378 147 1488 558 231
internal_count=2424 2046 378 147 1488 558 231
is_linear=0
shrinkage=0.04


Tree=32
num_leaves=5
num_cat=0
split_feature=77 123 84 85
split_gain=2.05047 1.86322 3.05246 2.30551
threshold=-1.804528110890528 0.57997105484648659 1.6882412166814762 0.73544955836203363
decision_type=2 2 2 2
left_child=-1 3 -3 -2
right_child=1 2 -4 -5
leaf_value=0.00041812389507592842 2.548319190301973e-05 -0.00011481293074561697 0.00045831256063805448 -6.4549931954185327e-05
leaf_weight=48 1504 495 48 329
leaf_count=48 1504 495 48 329
internal_value=-1.6488e-05 -0.000185029 -0.00223853 0.000425068
internal_weight=2424 2376 543 1833
internal_count=2424 2376 543 1833
is_linear=0
shrinkage=0.04


Tree=33
num_leaves=8
num_cat=0
split_feature=79 122 14 51 83 122 87
split_gain=1.78157 2.9086 3.84382 3.56356 2.7987 2.61249 1.61567
threshold=-0.17392255090505224 0.79703567822089683 0.68621078859199758 -0.058146993581624333 -0.57987180583012132 0.19828391615086688 -0.48717477159430084
decision_type=2 2 2 2 2 2 2
left_child=4 2 -2 -3 6 -6 -1
right_child=1 3 -4 -5 5 -7 -8
leaf_value=-0.00022549768330464728 -2.6493949831505235e-05 2.3728677547432724e-05 9.8239185115650814e-05 0.00015949905465713316 2.6473774062285148e-05 -8.2244740262930809e-05 -3.0635445686342704e-05
leaf_weight=87 989 118 235 116 444 336 99
leaf_count=87 989 118 235 116 444 336 99
internal_value=-3.29761e-05 0.000849315 6.52529e-05 0.00491525 -0.00136364 -0.000306905 -0.00574468
internal_weight=2424 1458 1224 234 966 780 186
internal_count=2424 1458 1224 234 966 780 186
is_linear=0
shrinkage=0.04


Tree=34
num_leaves=5
num_cat=0
split_feature=101 101 45 45
split_gain=1.97665 3.16702 3.06149 2.06113
threshold=-1.4823081901171833 -1.0770093587028251 -0.0090961259145141502 3.1341606674908689
decision_type=2 2 2 2
left_child=-1 2 -2 -3
right_child=1 3 -4 -5
leaf_value=-0.00021292173721369295 0.00016986107823428477 -1.2900189804608683e-05 -3.7380136351862612e-05 8.3693738270754141e-05
leaf_weight=72 105 2001 63 183
leaf_count=72 105 2001 63 183
internal_value=-4.94641e-05 0.000152931 0.00541176 -0.000256176
internal_weight=2424 2352 168 2184
internal_count=2424 2352 168 2184
is_linear=0
shrinkage=0.04


Tree=35
num_leaves=7
num_cat=0
split_feature=79 14 122 90 99 58
split_gain=1.85253 2.77303 3.45297 2.70184 2.71058 2.44933
threshold=-0.2082172411581715 0.67752227595153058 0.79703567822089683 -0.58361454068374075 -0.62947183202650014 0.55426462156443812
decision_type=2 2 2 2 2 2
left_child=3 2 -2 -1 -5 -3
right_child=1 5 -4 4 -6 -7
leaf_value=-0.00044188424297380262 -2.6360215099698021e-05 0.00011059339682706688 0.0001083230514147383 0.00013254096744477054 -4.5391802131597661e-05 -7.8019145628243418e-05
leaf_weight=51 1013 232 196 129 750 53
leaf_count=51 1013 232 196 129 750 53
internal_value=-1.6488e-05 0.000855615 1.65153e-05 -0.00141631 -0.000885358 0.00439024
internal_weight=2424 1494 1209 930 879 285
internal_count=2424 1494 1209 930 879 285
is_linear=0
shrinkage=0.04


Tree=36
num_leaves=8
num_cat=0
split_feature=50 67 16 83 123 91 123
split_gain=1.7051 2.68846 3.48779 2.0932 2.82265 2.7446 1.44083
threshold=-0.72347364067872877 0.1951712992652527 -0.71034983870057378 -0.22604892846401584 0.53325327602478234 -0.11655135660671222 0.043760388400871257
decision_type=2 2 2 2 2 2 2
left_child=1 2 -1 5 -5 -2 -3
right_child=3 6 -4 4 -6 -7 -8
leaf_value=3.6318176417284813e-05 -9.6267003550214706e-05 0.00010702010584857428 -0.00021130856229011771 7.0326086299394433e-05 -5.8678456660360096e-05 1.4316613146185103e-05 -6.5954701424437805e-05
leaf_weight=116 300 76 146 903 391 420 72
leaf_count=116 300 76 146 903 391 420 72
internal_value=-8.24402e-05 -0.00242718 -0.00484848 0.000396825 0.00135802 -0.00132964 0.00186667
internal_weight=2424 410 262 2014 1294 720 148
internal_count=2424 410 262 2014 1294 720 148
is_linear=0
shrinkage=0.04


Tree=37
num_leaves=6
num_cat=0
split_feature=10 86 95 103 93
split_gain=1.77452 2.02158 2.22811 1.61896 1.43768
threshold=-0.92771910666888802 1.3333760372175283 1.9094304669737829 -0.34816816381283228 -0.14657143748977661
decision_type=2 2 2 2 2
left_child=4 2 -2 -3 -1
right_child=1 3 -4 -5 -6
leaf_value=-3.1011882614040927e-05 -1.7308162705092852e-05 -4.2346056073655373e-05 0.00013926908313612464 0.00019219031826192906 8.7551443933521944e-05
leaf_weight=43 2030 44 162 88 57
leaf_count=43 2030 44 162 88 57
internal_value=-6.59522e-05 -0.000292347 -0.000583409 0.00447761 0.00509804
internal_weight=2424 2324 2192 132 100
internal_count=2424 2324 2192 132 100
is_linear=0
shrinkage=0.04


Tree=38
num_leaves=6
num_cat=0
split_feature=10 68 35 64 109
split_gain=1.77452 1.84089 2.88385 1.77857 1.43768
threshold=-0.92771910666888802 1.3559580965492526 1.0246964550749693 0.4779704703970083 -0.196618166701818
decision_type=2 2 2 2 2
left_child=4 2 -2 -3 -1
right_child=1 3 -4 -5 -6
leaf_value=-2.9771407309479286e-05 -6.8159282836355826e-06 3.7813491964255011e-05 -0.00027030012391052795 0.00027380781209146486 8.0516632820976067e-05
leaf_weight=43 2074 135 63 52 57
leaf_count=43 2074 135 63 52 57
internal_value=-6.59522e-05 -0.000292347 -0.000626461 0.00349206 0.00509804
internal_weight=2424 2324 2137 187 100
internal_count=2424 2324 2137 187 100
is_linear=0
shrinkage=0.04


Tree=39
num_leaves=8
num_cat=0
split_feature=79 60 60 14 14 105 9
split_gain=1.72038 4.35602 3.46553 2.53454 3.89525 2.82914 2.19304
threshold=-0.4840169811892327 -0.13306570258491979 -0.49502936907715939 0.67752227595153058 0.51950383445889248 -0.69157140131728145 0.61216582213618531
decision_type=2 2 2 2 2 2 2
left_child=1 2 -1 4 -2 -5 -3
right_child=3 6 -4 5 -6 -7 -8
leaf_value=-7.341317987321155e-05 6.4969291919454126e-06 -0.00010610362904588883 0.0001800397633715381 -2.8025496104834127e-05 -0.0001975637639649362 0.00011325602500849826 8.1383950625091926e-05
leaf_weight=177 1356 229 123 65 121 291 62
leaf_count=177 1356 229 123 65 121 291 62
internal_value=-4.94641e-05 -0.00192243 0.00145695 0.000555858 -0.000175794 0.00357542 -0.00539249
internal_weight=2424 591 300 1833 1477 356 291
internal_count=2424 591 300 1833 1477 356 291
is_linear=0
shrinkage=0.04


Tree=40
num_leaves=6
num_cat=0
split_feature=95 99 31 110 86
split_gain=1.98443 2.66245 2.17954 2.14041 2.11785
threshold=1.8548106232567882 0.92919495936851748 1.2037710712740295 -0.51564940354634003 -0.31380774541610129
decision_type=2 2 2 2 2
left_child=2 4 3 -1 -2
right_child=1 -3 -4 -5 -6
leaf_value=6.3985809636708457e-05 8.3366333489718941e-05 -0.00018180188745551461 -0.0001246329301839661 -1.5796613319563924e-05 0.00046241609548660023
leaf_weight=555 66 42 75 1623 63
leaf_count=555 66 42 75 1623 63
internal_value=-8.24402e-05 0.00404624 -0.000399113 -0.000165138 0.00687023
internal_weight=2424 171 2253 2178 129
internal_count=2424 171 2253 2178 129
is_linear=0
shrinkage=0.04


Tree=41
num_leaves=6
num_cat=0
split_feature=10 83 79 122 93
split_gain=1.79723 1.99457 2.77219 2.30965 1.43768
threshold=-0.92771910666888802 -0.57987180583012132 -0.39034755891772027 -0.9870909893339147 -0.14657143748977661
decision_type=2 2 2 2 2
left_child=4 2 -2 -3 -1
right_child=1 3 -4 -5 -6
leaf_value=-2.8208563651995373e-05 -0.00014639154673369868 0.00014220730320285366 -3.367816007412289e-06 -4.8183850395323415e-06 8.1200708228446749e-05
leaf_weight=43 126 227 203 1768 57
leaf_count=43 126 227 203 1768 57
internal_value=-9.89283e-05 -0.000326741 -0.00320242 0.000150225 0.00509804
internal_weight=2424 2324 329 1995 100
internal_count=2424 2324 329 1995 100
is_linear=0
shrinkage=0.04


Tree=42
num_leaves=8
num_cat=0
split_feature=99 87 44 83 42 42 124
split_gain=1.89031 3.33224 3.59233 2.62045 2.34781 2.27178 2.23904
threshold=-0.59773342155151965 0.23786875750930564 0.094027393984326635 -0.57987180583012132 -0.60737644445441286 0.6824322966149784 0.025955337102817909
decision_type=2 2 2 2 2 2 2
left_child=1 5 -3 6 -5 -1 -2
right_child=3 2 -4 4 -6 -7 -8
leaf_value=1.8878393446914105e-05 -1.0133855288596712e-05 0.00018433962814498221 -4.307411865360423e-05 7.922745897218226e-05 -1.6659188851782412e-05 -0.00015073070396866929 -0.0001739982454999467
leaf_weight=249 135 89 51 348 1380 64 108
leaf_count=249 135 89 51 348 1380 64 108
internal_value=-8.24402e-05 0.00224176 0.00732394 -0.000618348 -6.93642e-05 -6.34921e-05 -0.0044898
internal_weight=2424 453 140 1971 1728 313 243
internal_count=2424 453 140 1971 1728 313 243
is_linear=0
shrinkage=0.04


Tree=43
num_leaves=8
num_cat=0
split_feature=50 67 16 79 43 101 101
split_gain=1.89947 2.81089 3.69429 2.17954 3.53468 2.4907 1.90911
threshold=-0.72347364067872877 0.1951712992652527 -0.71034983870057378 -0.2268726378785598 -0.976657558160967 -1.1550828574071088 0.079298036233526478
decision_type=2 2 2 2 2 2 2
left_child=1 2 -1 4 -2 -5 -3
right_child=3 6 -4 5 -6 -7 -8
leaf_value=3.8993983710480414e-05 -0.00017762022369636606 0.00012516428182276135 -0.00020757453759159258 0.00015026325811578247 -1.2444592398458516e-05 1.2993797396593414e-05 -6.9401487376093729e-05
leaf_weight=116 52 87 146 95 697 1170 61
leaf_count=116 52 87 146 95 697 1170 61
internal_value=-4.94641e-05 -0.00252427 -0.005 0.000456349 -0.00125166 0.00146803 0.00186667
internal_weight=2424 410 262 2014 749 1265 148
internal_count=2424 410 262 2014 749 1265 148
is_linear=0
shrinkage=0.04


Tree=44
num_leaves=8
num_cat=0
split_feature=72 110 42 72 41 123 97
split_gain=2.08734 2.97446 3.10549 2.91836 4.87781 2.55275 2.34398
threshold=0.14168346931676298 -0.25887217161129777 1.0000000180025095e-35 0.78191637310151407 -0.25987326782648001 -0.92657868831934997 -0.45564033590427216
decision_type=2 2 2 2 2 2 2
left_child=1 5 -3 6 -5 -1 -2
right_child=3 2 -4 4 -6 -7 -8
leaf_value=0.00026880195465277457 0.00014146267124978326 -3.4153587907851531e-06 -0.00012021173437151742 0.00017372237702172269 -0.00010633423759132331 3.6058790992367408e-06 2.7296155095726919e-05
leaf_weight=67 156 445 360 94 311 530 461
leaf_count=67 156 445 360 94 311 530 461
internal_value=3.29761e-05 -0.000968661 -0.00255266 0.00140625 -0.0012285 0.00116861 0.00313409
internal_weight=2424 1402 805 1022 405 597 617
internal_count=2424 1402 805 1022 405 597 617
is_linear=0
shrinkage=0.04


Tree=45
num_leaves=8
num_cat=0
split_feature=122 122 73 98 70 51 99
split_gain=1.90139 4.27545 3.26604 3.18734 2.72769 2.48141 2.26709
threshold=0.79703567822089683 0.23031967292852615 -0.032242697225374824 0.81023091021588456 -0.33245885260434732 -0.028744158186754649 -0.59773342155151965
decision_type=2 2 2 2 2 2 2
left_child=1 6 5 -4 -3 -2 -1
right_child=2 4 3 -5 -6 -7 -8
leaf_value=7.0726253075700817e-05 7.0933305403431961e-05 -0.00020520803519648732 8.3925900979218255e-05 -0.00040150490927958154 -4.5439531444789654e-05 0.00014741961963236693 -4.2311043057119632e-06
leaf_weight=360 122 159 102 45 399 109 1128
leaf_count=360 122 159 102 45 399 109 1128
internal_value=3.29761e-05 -0.000449219 0.00263158 -0.00201342 -0.00342857 0.0055794 0.000671141
internal_weight=2424 2046 378 147 558 231 1488
internal_count=2424 2046 378 147 558 231 1488
is_linear=0
shrinkage=0.04


Tree=46
num_leaves=5
num_cat=0
split_feature=90 90 33 103
split_gain=1.74884 1.85259 5.60985 2.42131
threshold=-0.69272129296413731 -0.39544776451542285 0.34815220275244091 -0.15490603059020017
decision_type=2 2 2 2
left_child=-1 2 -2 -3
right_child=1 3 -4 -5
leaf_value=-0.00027459048881090219 0.000159204865849328 -3.9635481940227413e-05 -0.00018875341078168574 1.2094638814178476e-05
leaf_weight=51 195 846 93 1239
leaf_count=51 195 846 93 1239
internal_value=1.6488e-05 0.000176842 0.00317241 -0.000239578
internal_weight=2424 2373 288 2085
internal_count=2424 2373 288 2085
is_linear=0
shrinkage=0.04


Tree=47
num_leaves=5
num_cat=0
split_feature=90 72 110 92
split_gain=1.74884 1.60906 2.92817 2.49803
threshold=-0.69272129296413731 -0.22950623217394295 0.57721245581619929 0.93805011226453672
decision_type=2 2 2 2
left_child=-1 2 -2 -3
right_child=1 3 -4 -5
leaf_value=-0.00026360686925846615 -5.3276629292308516e-06 1.968411416483735e-06 -0.00021552981137388648 0.00012953663765576174
leaf_weight=51 758 1244 130 241
leaf_count=51 758 1244 130 241
internal_value=1.6488e-05 0.000176842 -0.00116854 0.000981843
internal_weight=2424 2373 888 1485
internal_count=2424 2373 888 1485
is_linear=0
shrinkage=0.04


Tree=48
num_leaves=5
num_cat=0
split_feature=90 85 94 85
split_gain=1.75687 1.86258 3.62816 3.41826
threshold=-0.69272129296413731 0.69293530324041164 1.0123864060809635 0.59344797346686284
decision_type=2 2 2 2
left_child=-1 3 -3 -2
right_child=1 2 -4 -5
leaf_value=-0.00025306259448812748 4.5887296841585268e-06 -6.4192299852177753e-05 0.00019123615020383275 0.00021575229003036939
leaf_weight=51 1816 441 44 72
leaf_count=51 1816 441 44 72
internal_value=3.29761e-05 0.000193684 -0.00201232 0.000761905
internal_weight=2424 2373 485 1888
internal_count=2424 2373 485 1888
is_linear=0
shrinkage=0.04


Tree=49
num_leaves=8
num_cat=0
split_feature=83 53 35 122 122 13 73
split_gain=1.79695 2.741 2.41628 1.92446 3.30029 2.64382 1.2796
threshold=-0.57987180583012132 -1.0000000180025095e-35 1.0000000180025095e-35 -0.096598144731513111 0.77009886273701533 -0.54752037815062071 0.085088605132805459
decision_type=2 2 2 2 2 2 2
left_child=1 6 -3 5 -5 -2 -1
right_child=3 2 -4 4 -6 -7 -8
leaf_value=-4.2824365971773823e-05 -5.0612981767109276e-05 -5.6419487205132158e-05 4.1376757347590022e-05 -4.9366424324573635e-05 6.569945959108689e-05 7.7123029438977772e-05 -0.00021647110798462936
leaf_weight=42 172 109 166 854 345 694 42
leaf_count=42 172 109 166 854 345 694 42
internal_value=0 -0.00260388 -0.000649819 0.000454765 -0.000582848 0.0018894 -0.00883721
internal_weight=2424 359 275 2065 1199 866 84
internal_count=2424 359 275 2065 1199 866 84
is_linear=0
shrinkage=0.04


Tree=50
num_leaves=5
num_cat=0
split_feature=90 85 85 93
split_gain=1.73284 1.91643 3.45273 2.64124
threshold=-0.69272129296413731 0.69293530324041164 0.59344797346686284 1.309971090602468
decision_type=2 2 2 2
left_child=-1 2 -2 -3
right_child=1 3 -4 -5
leaf_value=-0.00024096543373561944 3.6088605381482554e-06 -5.9649950885107691e-05 0.00020909685540213753 0.00053363573680624533
leaf_weight=51 1816 443 72 42
leaf_count=51 1816 443 72 42
internal_value=-1.6488e-05 0.000143158 0.000719577 -0.00209446
internal_weight=2424 2373 1888 485
internal_count=2424 2373 1888 485
is_linear=0
shrinkage=0.04


Tree=51
num_leaves=8
num_cat=0
split_feature=110 87 79 122 75 87 93
split_gain=1.77256 2.88881 2.79337 3.19585 3.06131 2.56874 2.24355
threshold=-0.51564940354634003 0.1506765467342924 -0.36128368123821147 0.77009886273701533 0.41169144498298971 -0.21284842057525602 -0.39569179202343002
decision_type=2 2 2 2 2 2 2
left_child=1 5 4 -4 -2 -1 -3
right_child=2 6 3 -5 -6 -7 -8
leaf_value=3.3469802122968043e-05 -2.7765900347611721e-05 -0.00011881604148248902 -5.7266681317227032e-06 8.7187229486666165e-05 -0.00017109543941926255 -0.00014473345816980887 0.00015428880449454386
leaf_weight=240 453 45 1026 219 115 111 215
leaf_count=240 453 45 1026 219 115 111 215
internal_value=0 0.00185971 -0.000628099 0.000433039 -0.00294737 -0.000509915 0.00503817
internal_weight=2424 611 1813 1245 568 351 260
internal_count=2424 611 1813 1245 568 351 260
is_linear=0
shrinkage=0.04


Tree=52
num_leaves=5
num_cat=0
split_feature=51 77 36 63
split_gain=1.75275 2.07437 2.81751 1.28463
threshold=2.0999172670573327 -1.602072789621688 -1.0721957031379454 0.024345896427348995
decision_type=2 2 2 2
left_child=1 3 -3 -1
right_child=-2 2 -4 -5
leaf_value=6.4860576087416512e-05 -0.00017990043337493827 -0.00014941583864584479 2.6404873232057683e-06 0.00041565538676800566
leaf_weight=40 54 177 2111 42
leaf_count=40 54 177 2111 42
internal_value=-0.000148392 1.68634e-05 -0.000209607 0.00619048
internal_weight=2424 2370 2288 82
internal_count=2424 2370 2288 82
is_linear=0
shrinkage=0.04


Tree=53
num_leaves=7
num_cat=0
split_feature=88 98 101 30 122 93
split_gain=1.73744 2.79796 2.77763 3.08894 2.5372 1.93512
threshold=-0.41451047059424834 -0.6377589992489725 -1.4823081901171833 0.83198365096995597 0.83220689423124194 -0.48258790875134411
decision_type=2 2 2 2 2 2
left_child=2 5 -1 -4 -3 -2
right_child=1 4 3 -5 -6 -7
leaf_value=-0.00021218751857839623 -7.3169126639115349e-05 -4.6554435969382599e-05 6.5078873423804191e-05 -0.00011208887086037074 5.9334018113522629e-05 8.9141133409011735e-05
leaf_weight=69 45 1154 568 63 279 246
leaf_count=69 45 1154 568 63 279 246
internal_value=-8.24402e-05 -0.000764774 0.00159544 0.00243286 -0.00149129 0.00279863
internal_weight=2424 1724 700 631 1433 291
internal_count=2424 1724 700 631 1433 291
is_linear=0
shrinkage=0.04


Tree=54
num_leaves=8
num_cat=0
split_feature=83 53 42 97 118 114 73
split_gain=1.79071 3.06153 2.32395 2.00521 4.09902 3.82492 1.03066
threshold=-0.57987180583012132 -1.0000000180025095e-35 -0.37321917124445014 -0.070210997541127473 0.96185558349401934 0.79125687884104645 0.085088605132805459
decision_type=2 2 2 2 2 2 2
left_child=1 6 -3 5 -5 -2 -1
right_child=3 2 -4 4 -6 -7 -8
leaf_value=-4.4314801495237471e-05 6.2087380647981617e-05 -4.7292463311321736e-05 1.9358273342375152e-05 -3.2076660322614007e-05 8.9716605021165742e-05 -0.00026759595575343129 -0.000204705817187189
leaf_weight=42 831 73 202 994 135 105 42
leaf_count=42 831 73 202 994 135 105 42
internal_value=-0.000115416 -0.00271468 -0.000649819 0.000338655 -0.000795756 0.00170576 -0.00930233
internal_weight=2424 359 275 2065 1129 936 84
internal_count=2424 359 275 2065 1129 936 84
is_linear=0
shrinkage=0.04


Tree=55
num_leaves=5
num_cat=0
split_feature=90 85 64 85
split_gain=1.6774 1.85586 2.83273 2.71868
threshold=-0.69272129296413731 0.69293530324041164 0.51039009197708196 0.59344797346686284
decision_type=2 2 2 2
left_child=-1 3 -3 -2
right_child=1 2 -4 -5
leaf_value=-0.00022249785370065067 2.9280990823470639e-06 -6.4806751438898779e-05 4.0783795322069174e-05 0.00019636537215585994
leaf_weight=51 1816 364 121 72
leaf_count=51 1816 364 121 72
internal_value=-0.000131904 2.52632e-05 -0.00217659 0.000592593
internal_weight=2424 2373 485 1888
internal_count=2424 2373 485 1888
is_linear=0
shrinkage=0.04


Tree=56
num_leaves=5
num_cat=0
split_feature=90 85 94 85
split_gain=1.68526 1.61563 3.06162 2.73403
threshold=-0.69272129296413731 0.69293530324041164 1.0123864060809635 0.59344797346686284
decision_type=2 2 2 2
left_child=-1 3 -3 -2
right_child=1 2 -4 -5
leaf_value=-0.00021359793955262461 2.8109751190531817e-06 -5.0340477369183885e-05 0.00016604133714277528 0.00018851075726962556
leaf_weight=51 1816 441 44 72
leaf_count=51 1816 441 44 72
internal_value=-0.000115416 4.21053e-05 -0.00201232 0.000571429
internal_weight=2424 2373 485 1888
internal_count=2424 2373 485 1888
is_linear=0
shrinkage=0.04


Tree=57
num_leaves=7
num_cat=0
split_feature=86 103 108 85 58 43
split_gain=1.72458 2.17868 1.91335 1.97604 1.42364 1.41401
threshold=1.2356169092725857 -0.40434708059588348 1.0589252524473252 0.69293530324041164 -0.82403434431094713 0.044301259063115987
decision_type=2 2 2 2 2 2
left_child=2 -2 3 -1 -4 -3
right_child=1 5 4 -5 -6 -7
leaf_value=5.7542176223689799e-06 -9.169429334116594e-05 2.0441728009617867e-05 -6.8593828803110234e-05 -5.3397359261840828e-05 -0.00042713243549001025 0.00031569961106184095
leaf_weight=1792 42 57 45 380 54 54
leaf_count=1792 42 57 45 380 54 54
internal_value=-8.24402e-05 0.004 -0.000360757 -0.000110396 -0.00574257 0.00690265
internal_weight=2424 153 2271 2172 99 111
internal_count=2424 153 2271 2172 99 111
is_linear=0
shrinkage=0.04


Tree=58
num_leaves=8
num_cat=0
split_feature=122 122 124 73 91 14 79
split_gain=1.66413 3.21383 2.86409 2.83881 2.29912 2.19024 2.13579
threshold=0.79703567822089683 0.37927193520574171 -0.038889809531971638 -0.032242697225374824 -0.20352431991652867 0.090634777067992042 1.3791209441854855
decision_type=2 2 2 2 2 2 2
left_child=1 6 -3 5 -5 -2 -1
right_child=3 2 -4 4 -6 -7 -8
leaf_value=8.5862157077647373e-06 0.00014496275781385388 -1.2005109701333918e-06 -0.00021734900859536588 8.9519247216227708e-05 -0.00018210845155660057 5.5584157235889693e-07 -0.00015115765341105686
leaf_weight=1566 140 186 183 75 72 91 111
leaf_count=1566 140 186 183 75 72 91 111
internal_value=-0.000115416 -0.000566406 -0.00393531 0.00231579 -0.00201342 0.00506438 0.000178678
internal_weight=2424 2046 369 378 147 231 1677
internal_count=2424 2046 369 378 147 231 1677
is_linear=0
shrinkage=0.04


Tree=59
num_leaves=8
num_cat=0
split_feature=83 53 104 42 8 97 73
split_gain=1.56134 2.83954 2.07862 1.89203 3.09564 2.79932 1.2796
threshold=-0.57987180583012132 -1.0000000180025095e-35 0.237664020216483 -0.12827589911644521 0.28359185372565693 -0.087826020160937837 0.085088605132805459
decision_type=2 2 2 2 2 2 2
left_child=1 6 -3 4 -2 -5 -1
right_child=3 2 -4 5 -6 -7 -8
leaf_value=-4.6248818872400309e-05 7.9450563215789565e-05 1.8072312348292676e-05 -0.00012083932396742686 4.2833902156923128e-05 -3.93759309954592e-05 -4.4901767822376415e-05 -0.00019423984908340295
leaf_weight=42 592 195 80 517 341 615 42
leaf_count=42 592 195 80 517 341 615 42
internal_value=-6.59522e-05 -0.00249307 -0.000505415 0.000358007 0.00168984 -0.000740741 -0.00883721
internal_weight=2424 359 275 2065 933 1132 84
internal_count=2424 359 275 2065 933 1132 84
is_linear=0
shrinkage=0.04


Tree=60
num_leaves=8
num_cat=0
split_feature=50 86 115 47 56 116 43
split_gain=1.65494 2.73283 3.32549 2.73182 2.08587 2.40164 2.05533
threshold=-0.72347364067872877 0.35975719191934208 -0.18477213381834748 -0.20036501224924508 -0.31630527497163258 1.048229257182659 -0.9638324215139068
decision_type=2 2 2 2 2 2 2
left_child=1 2 -1 -3 5 -2 -6
right_child=4 3 -4 -5 6 -7 -8
leaf_value=-0.00025933663118015343 8.1137650561592531e-05 -6.6483474725139306e-05 -4.6054931766279967e-05 0.00018442289842892618 -5.2690827196330082e-05 -0.00023100881264795614 -8.9076215137967557e-07
leaf_weight=100 541 56 168 86 101 56 1316
leaf_count=100 541 56 168 86 101 56 1316
internal_value=-0.000214345 -0.00252427 -0.00488889 0.00194444 0.000257937 0.00223706 -0.000577872
internal_weight=2424 410 268 142 2014 597 1417
internal_count=2424 410 268 142 2014 597 1417
is_linear=0
shrinkage=0.04


Tree=61
num_leaves=5
num_cat=0
split_feature=35 84 37 83
split_gain=1.56265 1.84101 1.7071 1.86861
threshold=1.0246964550749693 0.61768114622613102 -0.80864785725943522 -0.57987180583012132
decision_type=2 2 2 2
left_child=2 -2 -1 -4
right_child=1 -3 3 -5
leaf_value=0.000108775735801369 -0.00028100829244337113 1.3927323289868177e-05 -3.076400156229726e-05 4.8438092459051653e-06
leaf_weight=77 40 41 320 1946
leaf_count=77 40 41 320 1946
internal_value=-0.000148392 -0.00554217 4.26439e-05 -0.00015873
internal_weight=2424 81 2343 2266
internal_count=2424 81 2343 2266
is_linear=0
shrinkage=0.04


Tree=62
num_leaves=8
num_cat=0
split_feature=88 118 109 57 118 83 103
split_gain=1.49487 2.6181 2.74636 2.48666 2.16819 4.5218 1.92294
threshold=-0.41451047059424834 -0.2261681824809266 -0.56263157247049711 0.70582697447718401 0.86380046164395763 -0.5736076128312243 -0.54283478253153017
decision_type=2 2 2 2 2 2 2
left_child=1 3 -3 -1 5 -2 -6
right_child=4 2 -4 -5 6 -7 -8
leaf_value=0.0001078745529874116 -0.00015956484058107873 0.00012334590362236321 -5.3850324684833301e-05 -6.4741956954972969e-05 -3.1033069573384176e-05 -1.0314635072068877e-05 8.1008942194389275e-05
leaf_weight=271 62 108 255 66 84 1302 276
leaf_count=271 62 108 255 66 84 1302 276
internal_value=-0.000131904 0.0014245 -0.000931507 0.0039528 -0.000764774 -0.00149341 0.00198895
internal_weight=2424 700 363 337 1724 1364 360
internal_count=2424 700 363 337 1724 1364 360
is_linear=0
shrinkage=0.04


Tree=63
num_leaves=8
num_cat=0
split_feature=110 87 87 109 108 101 85
split_gain=1.65271 2.43171 2.21648 2.12042 3.89994 2.66832 2.11474
threshold=-0.51564940354634003 0.1506765467342924 -0.21284842057525602 -0.49998033902220257 -0.15819407344616612 0.72008580645604015 1.0770288579035838
decision_type=2 2 2 2 2 2 2
left_child=1 2 -1 4 -2 -5 -3
right_child=3 6 -4 5 -6 -7 -8
leaf_value=3.3864318446644196e-05 1.7120675328489957e-05 0.00014041754460022719 -0.00012810853613197265 -5.2479415331142461e-06 -0.00014863675250033779 0.00012342611829512542 -6.3523751430564007e-05
leaf_weight=240 120 209 111 1340 197 156 51
leaf_count=240 120 209 111 1340 197 156 51
internal_value=-0.000131904 0.00166395 -0.000509915 -0.000738292 -0.00369906 -0.000106809 0.00458015
internal_weight=2424 611 351 1813 317 1496 260
internal_count=2424 611 351 1813 317 1496 260
is_linear=0
shrinkage=0.04


Tree=64
num_leaves=8
num_cat=0
split_feature=122 79 51 122 68 85 98
split_gain=1.47405 3.56722 3.73684 2.82869 2.93729 2.56711 2.36189
threshold=0.77009886273701533 -0.36128368123821147 -0.028744158186754649 0.23031967292852615 0.14901269506270665 0.77451026380405963 0.74509190745623599
decision_type=2 2 2 2 2 2 2
left_child=3 6 -3 5 -5 -1 -2
right_child=1 2 -4 4 -6 -7 -8
leaf_value=2.3334782006024877e-05 8.3108561932867674e-05 5.8334695763387394e-06 0.00011848907356332039 -7.0226430684619373e-06 -0.00019683867097364146 -5.1949135198574944e-05 -0.00031488320080253661
leaf_weight=1219 75 140 136 346 194 269 45
leaf_count=1219 75 140 136 346 194 269 45
internal_value=-0.000115416 0.00211055 0.00460432 -0.000551724 -0.00302583 0.000348993 -0.00360656
internal_weight=2424 396 276 2028 540 1488 120
internal_count=2424 396 276 2028 540 1488 120
is_linear=0
shrinkage=0.04


Tree=65
num_leaves=7
num_cat=0
split_feature=86 108 114 56 72 3
split_gain=1.56602 1.90898 2.09546 1.97231 1.88101 1.12659
threshold=1.2356169092725857 0.82565905354079094 0.24888670063434323 -1.1823523353352874 -0.23809197704954158 0.20765937745923899
decision_type=2 2 2 2 2 2
left_child=1 2 -1 -3 -2 -6
right_child=4 3 -4 -5 5 -7
leaf_value=-5.563975033761209e-06 -3.756779755718978e-05 7.3053753203195011e-05 6.9061920027834429e-05 -0.00017447354179087597 0.00021648282168913952 5.3466080817150612e-05
leaf_weight=1596 63 42 462 171 49 41
leaf_count=1596 63 42 462 171 49 41
internal_value=-0.000148392 -0.00041355 -3.8835e-05 -0.004 0.00374194 0.0073913
internal_weight=2424 2271 2058 213 153 90
internal_count=2424 2271 2058 213 153 90
is_linear=0
shrinkage=0.04


Tree=66
num_leaves=4
num_cat=0
split_feature=110 90 103
split_gain=1.48005 1.87344 1.81758
threshold=-1.6042498035178643 -0.69272129296413731 0.55801139532569366
decision_type=2 2 2
left_child=-1 -2 -3
right_child=1 2 -4
leaf_value=0.00028818844195897147 -0.00023537574822834868 -5.8407617370294112e-06 4.3356516546608529e-05
leaf_weight=72 48 1772 532
leaf_count=72 48 1772 532
internal_value=-0.00016488 -0.000339847 -0.000173461
internal_weight=2424 2352 2304
internal_count=2424 2352 2304
is_linear=0
shrinkage=0.04


Tree=67
num_leaves=8
num_cat=0
split_feature=122 123 84 79 74 49 98
split_gain=1.518 2.96886 4.01855 2.7933 2.51347 2.27748 2.23106
threshold=0.77009886273701533 0.90590379048475411 1.4189812534617356 -0.36128368123821147 -1.3385364568081048 1.0672959537528854 0.74509190745623599
decision_type=2 2 2 2 2 2 2
left_child=1 4 -3 6 -1 -5 -2
right_child=3 2 -4 5 -6 -7 -8
leaf_value=0.00023543416174377682 7.8272517795039076e-05 -0.00048814805819908101 0.00014387060613027286 9.551938859536806e-05 -3.9362220116600716e-06 -5.3431566628831458e-05 -0.00030183168329960349
leaf_weight=60 75 81 54 233 1833 43 45
leaf_count=60 75 81 54 233 1833 43 45
internal_value=-0.000148392 -0.000591133 -0.00627737 0.00211055 -0.00017942 0.00431655 -0.00295082
internal_weight=2424 2028 135 396 1893 276 120
internal_count=2424 2028 135 396 1893 276 120
is_linear=0
shrinkage=0.04


Tree=68
num_leaves=7
num_cat=0
split_feature=0 37 37 13 85 125
split_gain=1.59707 2.072 1.9211 1.74632 3.43314 2.60819
threshold=0.98124872506243976 -0.036718388904217601 0.78627216506083475 0.90251983888126308 -0.56762884413606451 0.77490045277986697
decision_type=2 2 2 2 2 2
left_child=3 -2 -3 5 -5 -1
right_child=1 2 -4 4 -6 -7
leaf_value=3.5853610113346057e-06 -0.00014693657126862726 7.3194437971159086e-05 -0.00010144582126148976 -0.00014738309140208892 0.0001781578649216239 -0.00015545286188412368
leaf_weight=1727 51 88 113 65 185 195
leaf_count=1727 51 88 113 65 185 195
internal_value=-0.000148392 -0.00314961 -0.00128079 0.000202392 0.00333333 -0.0002079
internal_weight=2424 252 201 2172 250 1922
internal_count=2424 252 201 2172 250 1922
is_linear=0
shrinkage=0.04


Tree=69
num_leaves=6
num_cat=0
split_feature=72 43 15 105 42
split_gain=1.63435 2.46049 2.71066 2.41758 1.717
threshold=0.14168346931676298 2.0871140523250369 0.93881480196428202 1.1903134771584158 0.08832820549842206
decision_type=2 2 2 2 2
left_child=3 2 -2 4 -1
right_child=1 -3 -4 -5 -6
leaf_value=1.159823843987079e-05 2.225432085079155e-05 0.00021853466535834694 -6.0202359128069158e-05 -0.00024940643301849707 -3.8000244587590113e-05
leaf_weight=785 859 54 109 56 561
leaf_count=785 859 54 109 56 561
internal_value=-8.24402e-05 0.00113281 0.000659794 -0.000968661 -0.000623145
internal_weight=2424 1022 968 1402 1346
internal_count=2424 1022 968 1402 1346
is_linear=0
shrinkage=0.04


Tree=70
num_leaves=6
num_cat=0
split_feature=122 122 79 0 79
split_gain=1.61248 2.79817 2.70442 2.23829 2.1504
threshold=0.77009886273701533 0.6982677438314836 -0.58588995987686976 -0.32787624861641929 1.3791209441854855
decision_type=2 2 2 2 2
left_child=1 4 -2 -4 -1
right_child=2 -3 3 -5 -6
leaf_value=2.3995574970251147e-06 -0.00013151151042526549 -0.00021913460005990715 -1.2552444448342935e-05 0.00011929587846669215 -0.00016671026027592593
leaf_weight=1824 69 72 114 213 132
leaf_count=1824 69 72 114 213 132
internal_value=-1.6488e-05 -0.000472906 0.00231156 0.00382979 -0.000183861
internal_weight=2424 2028 396 327 1956
internal_count=2424 2028 396 327 1956
is_linear=0
shrinkage=0.04


Tree=71
num_leaves=7
num_cat=0
split_feature=85 88 72 122 85 108
split_gain=1.61809 2.63924 2.81086 2.52793 2.41242 2.05803
threshold=0.69293530324041164 0.091848939648518604 -0.12658444066225175 0.066144827987811974 0.59344797346686284 0.70588149819145629
decision_type=2 2 2 2 2 2
left_child=4 2 -2 -3 5 -1
right_child=1 3 -4 -5 -6 -7
leaf_value=7.0535727810407558e-06 -0.0002253472158512295 -5.7714370991092485e-05 -3.8784795615156853e-05 0.00010167069212572087 0.00016745776991137208 -0.00012625105000825486
leaf_weight=1630 86 135 126 138 72 237
leaf_count=1630 86 135 126 138 72 237
internal_value=-3.29761e-05 -0.00209446 -0.00542056 0.000509091 0.000484286 0.000203317
internal_weight=2424 485 212 273 1939 1867
internal_count=2424 485 212 273 1939 1867
is_linear=0
shrinkage=0.04


Tree=72
num_leaves=6
num_cat=0
split_feature=88 74 71 68 31
split_gain=1.45853 2.11648 1.82858 3.07838 2.53877
threshold=-0.90621751475981605 0.2749473347887848 -0.90929405175607159 1.1695511481887344 -1.4431227363177579
decision_type=2 2 2 2 2
left_child=1 -1 3 -2 -4
right_child=2 -3 4 -5 -6
leaf_value=0.00022508502017281679 -9.1294596650035555e-05 -0.0001371783120705868 0.00052536106391605833 6.8399651794666139e-05 -4.0763752388055589e-07
leaf_weight=69 242 51 49 55 1958
leaf_count=69 242 51 49 55 1958
internal_value=0 0.0042623 -0.000225499 -0.00314381 0.000209059
internal_weight=2424 120 2304 297 2007
internal_count=2424 120 2304 297 2007
is_linear=0
shrinkage=0.04


Tree=73
num_leaves=7
num_cat=0
split_feature=72 72 58 105 73 123
split_gain=1.68406 2.48895 2.7537 2.46968 2.30798 1.80737
threshold=0.14168346931676298 0.72065970890991748 -0.61612344738693314 1.1903134771584158 0.29894384748009578 0.57997105484648659
decision_type=2 2 2 2 2 2
left_child=3 4 -3 5 -2 -1
right_child=1 2 -4 -5 -6 -7
leaf_value=2.5174275855897618e-06 8.619264678902943e-05 0.00012125286715849792 -7.3131907940490683e-05 -0.00022854336877553972 -9.8385157624968044e-06 -9.7259587555909144e-05
leaf_weight=1049 384 148 302 56 188 297
leaf_count=1049 384 148 302 56 188 297
internal_value=1.6488e-05 0.00125 -0.000973451 -0.000883191 0.00299652 -0.000534125
internal_weight=2424 1022 450 1402 572 1346
internal_count=2424 1022 450 1402 572 1346
is_linear=0
shrinkage=0.04


Tree=74
num_leaves=8
num_cat=0
split_feature=2 110 80 121 8 48 62
split_gain=1.82933 2.87431 2.30218 1.90813 1.86659 3.29595 2.28791
threshold=-0.48881942847648646 -0.7653069499127706 0.68291394982897813 -0.57868890692160824 0.39746548091216299 1.1214531986198424 0.13227019307664692
decision_type=2 2 2 2 2 2 2
left_child=1 3 -3 -1 5 -2 -6
right_child=4 2 -4 -5 6 -7 -8
leaf_value=-6.3063968924430831e-05 2.5237235314153104e-05 -0.00010778566842285263 1.0819337723133985e-05 0.00030276066001932729 -7.1466624060641078e-05 -8.6254452430247649e-05 2.8535311319314133e-05
leaf_weight=48 1148 362 167 73 251 68 307
leaf_count=48 1148 362 167 73 251 68 307
internal_value=3.29761e-05 -0.00177914 -0.00305085 0.00373984 0.000698198 0.00157635 -0.00121429
internal_weight=2424 650 529 121 1774 1216 558
internal_count=2424 650 529 121 1774 1216 558
is_linear=0
shrinkage=0.04


Tree=75
num_leaves=7
num_cat=0
split_feature=50 82 49 0 79 49
split_gain=1.59235 2.60148 3.67568 1.74185 2.11449 2.05977
threshold=-0.72347364067872877 -0.61033470750774355 1.9055434894762009 0.98124872506243976 -0.58588995987686976 0.26003700251306333
decision_type=2 2 2 2 2 2
left_child=1 -1 -3 5 -5 -2
right_child=3 2 -4 4 -6 -7
leaf_value=9.9550522037081051e-05 2.5371045436195592e-06 -0.00010773023447774755 0.00014656282128578104 -0.00020587046017261015 -2.2734934953744887e-06 9.613129243045197e-05
leaf_weight=50 1379 299 61 52 199 384
leaf_count=50 1379 299 61 52 199 384
internal_value=3.29761e-05 -0.00223301 -0.00342541 0.000496032 -0.0026087 0.00094051
internal_weight=2424 410 360 2014 251 1763
internal_count=2424 410 360 2014 251 1763
is_linear=0
shrinkage=0.04


Tree=76
num_leaves=7
num_cat=0
split_feature=45 2 102 115 1 93
split_gain=1.57471 2.08437 3.33529 2.28774 1.96811 1.66186
threshold=3.1341606674908689 -0.48881942847648646 -0.46441474505451869 1.5913965219859005 0.52049349624369134 0.25993367255773187
decision_type=2 2 2 2 2 2
left_child=1 2 -1 -3 5 -2
right_child=4 3 -4 -5 -6 -7
leaf_value=4.7644727987040299e-05 0.00018320203405242813 6.7033207068304542e-06 -0.00010434526528539016 -0.00019187007353336166 -5.6768691075657199e-05 4.8376970644209321e-05
leaf_weight=174 70 1593 411 48 45 83
leaf_count=174 70 1593 411 48 45 83
internal_value=0 -0.000305206 -0.00235094 0.00042605 0.0034 0.00554839
internal_weight=2424 2226 585 1641 198 153
internal_count=2424 2226 585 1641 198 153
is_linear=0
shrinkage=0.04


Tree=77
num_leaves=8
num_cat=0
split_feature=50 50 97 0 79 60 51
split_gain=1.52606 2.70157 3.26623 1.78658 2.11449 1.80344 1.76757
threshold=-0.72347364067872877 -1.1592745011615242 0.43565680241753374 0.98124872506243976 -0.58588995987686976 0.64867672334687865 -0.29222535084449214
decision_type=2 2 2 2 2 2 2
left_child=1 2 -1 5 -5 -2 -3
right_child=3 6 -4 4 -6 -7 -8
leaf_value=0.00011567507022416538 1.8747064703415438e-05 -0.0003246425490728197 -0.00018391442945506515 -0.00019790377459397894 -2.4506865838327302e-06 -5.5890622316148512e-05 -4.9167220955822614e-05
leaf_weight=142 1617 75 58 52 199 146 135
leaf_count=142 1617 75 58 52 199 146 135
internal_value=8.24402e-05 -0.00213592 0.00118812 0.000535714 -0.0026087 0.000985836 -0.00528302
internal_weight=2424 410 200 2014 251 1763 210
internal_count=2424 410 200 2014 251 1763 210
is_linear=0
shrinkage=0.04


Tree=78
num_leaves=5
num_cat=0
split_feature=0 68 35 86
split_gain=1.46261 1.91396 2.88407 2.05744
threshold=1.6609052430474558 1.3559580965492526 1.0246964550749693 0.25875693251624554
decision_type=2 2 2 2
left_child=1 2 -1 -3
right_child=-2 3 -4 -5
leaf_value=2.3440148040248077e-06 -9.8774322170531464e-05 1.280426631850207e-05 -0.00024716207409244463 0.00052570689130776048
leaf_weight=2120 72 129 58 45
leaf_count=2120 72 129 58 45
internal_value=0.000131904 0.000305862 -1.83486e-05 0.00431818
internal_weight=2424 2352 2178 174
internal_count=2424 2352 2178 174
is_linear=0
shrinkage=0.04


Tree=79
num_leaves=8
num_cat=0
split_feature=64 85 98 122 122 96 45
split_gain=1.40638 3.58496 2.64444 2.20479 2.12201 3.66196 2.53156
threshold=0.51039009197708196 -0.026250052002690188 -0.35393410421833621 0.81650408156679755 -0.08325513728572545 -0.62833407865781565 2.7758422328595294
decision_type=2 2 2 2 2 2 2
left_child=4 2 -2 -3 5 -1 -6
right_child=1 3 -4 -5 6 -7 -8
leaf_value=-0.00013142117148863257 8.184136354938266e-05 5.809563047750372e-05 -9.1435733479888623e-05 0.00010211845613395241 -4.2016393277502929e-05 4.8187413294958361e-05 8.3917307882203594e-05
leaf_weight=157 79 237 192 54 882 706 117
leaf_count=157 79 237 192 54 882 706 117
internal_value=0.00016488 0.00191489 -0.00139194 0.00498294 -0.000364807 0.00108671 -0.00161838
internal_weight=2424 562 271 291 1862 863 999
internal_count=2424 562 271 291 1862 863 999
is_linear=0
shrinkage=0.04


Tree=80
num_leaves=7
num_cat=0
split_feature=95 51 98 120 110 58
split_gain=1.59352 2.15066 1.78139 1.73849 3.6355 2.38055
threshold=1.8548106232567882 -0.68646212988761934 0.092010528150108226 -0.96722965666969951 -1.0714662897489442 -0.80994571637255708
decision_type=2 2 2 2 2 2
left_child=3 -2 -3 4 -1 -5
right_child=1 2 -4 5 -6 -7
leaf_value=0.00026174563210192741 -0.00026713338140593268 0.00032629313579319837 1.1131209469536618e-05 0.0001081967923536809 -0.00014191532250565524 -2.5825753383985559e-06
leaf_weight=66 50 68 53 282 246 1659
leaf_count=66 50 68 53 282 246 1659
internal_value=0.000115416 0.00381503 0.00666667 -0.000168514 -0.00292994 0.000277921
internal_weight=2424 171 121 2253 312 1941
internal_count=2424 171 121 2253 312 1941
is_linear=0
shrinkage=0.04


Tree=81
num_leaves=4
num_cat=0
split_feature=77 71 64
split_gain=1.63896 1.91888 1.52162
threshold=-1.804528110890528 1.6627452880340854 0.51039009197708196
decision_type=2 2 2
left_child=-1 2 -2
right_child=1 -3 -4
leaf_value=0.00035958991021512593 -4.3431224355734796e-06 -9.8670858724397473e-05 2.17049121486262e-05
leaf_weight=48 1779 55 542
leaf_count=48 1779 55 542
internal_value=3.29761e-05 -0.000117746 6.02669e-05
internal_weight=2424 2376 2321
internal_count=2424 2376 2321
is_linear=0
shrinkage=0.04


Tree=82
num_leaves=6
num_cat=0
split_feature=31 49 41 87 14
split_gain=1.63573 1.97835 1.87416 3.2164 1.94356
threshold=1.2037710712740295 0.36239334440009235 0.44446776623265333 0.23786875750930564 0.76840693798385895
decision_type=2 2 2 2 2
left_child=2 -2 4 -4 -1
right_child=1 -3 3 -5 -6
leaf_value=-9.471866980791454e-06 5.7225878816313111e-06 -0.00036346769727838761 -1.1885776233597905e-08 9.6165695463222884e-05 5.648657045856091e-05
leaf_weight=1482 53 46 361 209 273
leaf_count=1482 53 46 361 209 273
internal_value=3.29761e-05 -0.0049505 0.000249248 0.00223776 -0.000398406
internal_weight=2424 99 2325 570 1755
internal_count=2424 99 2325 570 1755
is_linear=0
shrinkage=0.04


Tree=83
num_leaves=8
num_cat=0
split_feature=64 85 98 117 58 93 45
split_gain=1.53347 3.4332 2.64444 2.27894 3.08223 2.81086 1.65003
threshold=0.51039009197708196 -0.026250052002690188 -0.35393410421833621 0.72463587357114501 0.018303383477138651 -0.26985507607517772 -0.23060025065810005
decision_type=2 2 2 2 2 2 2
left_child=3 2 -2 5 -5 -1 -3
right_child=1 6 -4 4 -6 -7 -8
leaf_value=-8.068744767051834e-05 7.395618771646933e-05 0.00012128754777503797 -8.7609485432734165e-05 -4.2795583568641591e-05 7.6913391569271379e-05 -2.0104163662772353e-06 3.8171964733413535e-05
leaf_weight=392 79 108 192 158 249 1063 183
leaf_count=392 79 108 192 158 249 1063 183
internal_value=1.6488e-05 0.00184397 -0.00139194 -0.000536481 0.00210269 -0.0012766 0.00484642
internal_weight=2424 562 271 1862 407 1455 291
internal_count=2424 562 271 1862 407 1455 291
is_linear=0
shrinkage=0.04


Tree=84
num_leaves=5
num_cat=0
split_feature=51 17 66 42
split_gain=1.48058 1.44335 2.84632 1.98761
threshold=2.0999172670573327 -0.78727667263307244 -1.5467481600422766 -0.12827589911644521
decision_type=2 2 2 2
left_child=1 2 -1 -3
right_child=-2 3 -4 -5
leaf_value=0.00035994172230091896 -0.00014540745243191193 3.5773623992433053e-05 -5.7238049720572098e-05 -4.7281837929727229e-06
leaf_weight=44 54 771 284 1271
leaf_count=44 54 771 284 1271
internal_value=0 0.000151771 -0.00230303 0.000547945
internal_weight=2424 2370 328 2042
internal_count=2424 2370 328 2042
is_linear=0
shrinkage=0.04


Tree=85
num_leaves=6
num_cat=0
split_feature=115 11 115 88 2
split_gain=1.45883 1.93374 1.87803 1.99706 1.12524
threshold=1.3902286576032343 -0.18209964317353369 1.1358529032869666 -0.42637365454099763 -0.090101273215439925
decision_type=2 2 2 2 2
left_child=2 -2 3 -1 -3
right_child=1 4 -4 -5 -6
leaf_value=2.6187603248797834e-05 8.2688056849852752e-05 -7.7320871438075927e-05 0.00015170344092848415 -5.6304291262456246e-06 -0.00022448614724377959
leaf_weight=616 44 42 72 1607 43
leaf_count=616 44 42 72 1607 43
internal_value=-1.6488e-05 -0.00412214 0.000217675 8.98876e-06 -0.00758621
internal_weight=2424 129 2295 2223 85
internal_count=2424 129 2295 2223 85
is_linear=0
shrinkage=0.04


Tree=86
num_leaves=7
num_cat=0
split_feature=95 51 85 93 43 96
split_gain=1.49527 2.01043 1.96698 2.55988 2.05487 1.58593
threshold=1.8548106232567882 -0.68646212988761934 0.69293530324041164 1.309971090602468 0.1605000309813541 0.49242826264591483
decision_type=2 2 2 2 2 2
left_child=2 -2 3 -1 -4 -3
right_child=1 5 4 -5 -6 -7
leaf_value=6.3708184789183171e-06 -0.00025630601747935687 0.00060157143775670834 -2.0904695976223242e-07 -0.00010777742051243415 -0.00011883786807786569 5.4402063546971408e-05
leaf_weight=1693 50 41 243 102 215 80
leaf_count=1693 50 41 243 102 215 80
internal_value=0 0.00358382 -0.000274945 0.00032276 -0.0026087 0.00634146
internal_weight=2424 171 2253 1795 458 121
internal_count=2424 171 2253 1795 458 121
is_linear=0
shrinkage=0.04


Tree=87
num_leaves=7
num_cat=0
split_feature=64 86 80 122 85 117
split_gain=1.53347 3.01402 2.11031 1.95072 3.44254 2.30068
threshold=0.51039009197708196 -0.79448941902182513 1.1191972673875876 -0.08325513728572545 0.77451026380405963 0.87213292261695796
decision_type=2 2 2 2 2 2
left_child=3 -2 -3 4 -1 -5
right_child=1 2 -4 5 -6 -7
leaf_value=4.2800976315748899e-05 -0.00015189546186484287 2.3495417918530116e-05 0.00025849647642762396 -4.3623327746103585e-05 -5.7468184962340311e-05 0.00010706958630670401
leaf_weight=714 71 433 58 872 149 127
leaf_count=714 71 433 58 872 149 127
internal_value=1.6488e-05 0.00184397 0.00296146 -0.000536481 0.000855491 -0.00173826
internal_weight=2424 562 491 1862 863 999
internal_count=2424 562 491 1862 863 999
is_linear=0
shrinkage=0.04


Tree=88
num_leaves=8
num_cat=0
split_feature=35 35 77 101 2 1 87
split_gain=1.54464 2.76048 3.84256 2.3626 2.70974 2.3565 2.1612
threshold=0.60138158654368523 0.29208412643918397 0.70202924710753645 -0.10805732308648588 -0.28258585517499041 0.36119726752085418 -1.0252314679910934
decision_type=2 2 2 2 2 2 2
left_child=1 6 -3 5 -5 -2 -1
right_child=3 2 -4 4 -6 -7 -8
leaf_value=-0.00014867818292498214 -6.4447582310477494e-05 3.7380619187417842e-05 0.00025188717841372174 -0.00026159405024160252 5.3337851101338109e-05 -0.00020502166675344431 4.2268739998356251e-07
leaf_weight=142 117 358 42 41 209 65 1450
leaf_count=142 117 358 42 41 209 65 1450
internal_value=-4.94641e-05 0.000421264 0.00338308 -0.00221198 0.00031746 -0.00565217 -0.000326223
internal_weight=2424 1992 400 432 250 182 1592
internal_count=2424 1992 400 432 250 182 1592
is_linear=0
shrinkage=0.04


Tree=89
num_leaves=5
num_cat=0
split_feature=115 71 57 1
split_gain=1.5045 1.7841 2.81585 1.99544
threshold=1.5913965219859005 -0.92815935189322574 0.81666100252712426 0.30334313353364184
decision_type=2 2 2 2
left_child=1 2 -1 -3
right_child=-2 3 -4 -5
leaf_value=-9.1867815405542695e-05 -0.00012100617625664261 2.1082015536284111e-05 0.00011436814905170896 -9.120961672838529e-06
leaf_weight=222 66 1287 77 772
leaf_count=222 66 1287 77 772
internal_value=-1.6488e-05 0.000152542 -0.00272425 0.000572538
internal_weight=2424 2358 299 2059
internal_count=2424 2358 299 2059
is_linear=0
shrinkage=0.04


Tree=90
num_leaves=6
num_cat=0
split_feature=31 49 14 79 68
split_gain=1.61418 1.97835 1.76256 3.91779 2.17131
threshold=1.2037710712740295 0.36239334440009235 0.67752227595153058 -0.42205169231073375 1.3559580965492526
decision_type=2 2 2 2 2
left_child=2 -2 4 -4 -1
right_child=1 -3 3 -5 -6
leaf_value=-6.4986515706701272e-06 6.7709594261510658e-07 -0.00034112526882597028 -7.4049187661672343e-05 6.4743863969085808e-05 0.00018878098187444979
leaf_weight=1759 53 46 96 326 144
leaf_count=1759 53 46 96 326 144
internal_value=0 -0.0049505 0.000214869 0.00254717 -0.000304462
internal_weight=2424 99 2325 422 1903
internal_count=2424 99 2325 422 1903
is_linear=0
shrinkage=0.04


Tree=91
num_leaves=7
num_cat=0
split_feature=122 73 98 0 105 92
split_gain=1.56716 2.49548 2.46309 2.37288 2.05898 2.22738
threshold=0.77009886273701533 -0.032242697225374824 0.74509190745623599 -0.26356688379171794 1.1903134771584158 0.93805011226453672
decision_type=2 2 2 2 2 2
left_child=4 3 -3 -2 5 -1
right_child=1 2 -4 -5 -6 -7
leaf_value=-7.4630626483441459e-06 6.318276680061623e-07 1.8258877016641588e-05 -0.00029649949630392367 0.00014657968949423483 -0.00028729043652427164 0.00011022098109797775
leaf_weight=1698 103 102 51 140 57 273
leaf_count=1698 103 102 51 140 57 273
internal_value=1.6488e-05 0.00231156 -0.00167742 0.00481633 -0.000433498 -0.000212874
internal_weight=2424 396 153 243 2028 1971
internal_count=2424 396 153 243 2028 1971
is_linear=0
shrinkage=0.04


Tree=92
num_leaves=7
num_cat=0
split_feature=72 104 35 43 66 77
split_gain=1.54692 2.59296 2.68115 2.46049 2.57446 1.68972
threshold=0.14168346931676298 0.63839619598216479 -0.071273553687697486 2.0871140523250369 0.50373162923104231 0.78885489495057182
decision_type=2 2 2 2 2 2
left_child=1 5 -3 4 -2 -1
right_child=3 2 -4 -5 -6 -7
leaf_value=-3.8966376483678091e-06 3.7489693138686184e-05 -0.00018554801471272635 5.4368302607994342e-06 0.00019600115962908969 -1.4713904668733104e-05 0.00011351627151484761
leaf_weight=1102 517 120 91 54 451 89
leaf_count=1102 517 120 91 54 451 89
internal_value=-4.94641e-05 -0.000911681 -0.00497653 0.00113281 0.000659794 -0.000184409
internal_weight=2424 1402 211 1022 968 1191
internal_count=2424 1402 211 1022 968 1191
is_linear=0
shrinkage=0.04


Tree=93
num_leaves=8
num_cat=0
split_feature=71 97 49 83 48 92 111
split_gain=1.37808 2.706 2.91407 1.88847 2.56413 2.37526 1.59564
threshold=-0.92815935189322574 0.14831328229766497 1.3991855393413724 -0.19579694991799129 1.1214531986198424 -0.64332260195520863 0.31614926603949717
decision_type=2 2 2 2 2 2 2
left_child=1 2 -1 5 -5 -2 -3
right_child=3 6 -4 4 -6 -7 -8
leaf_value=-4.7042639890715706e-05 -9.8157843534039821e-05 -8.9883726644740709e-06 0.00017299666449842527 3.1524884472318314e-05 -0.00019069285909160071 -3.9368267820711486e-08 -0.0002052119006472794
leaf_weight=147 189 69 43 1255 47 623 51
leaf_count=147 189 69 43 1255 47 623 51
internal_value=-8.24402e-05 -0.0025641 0.000416667 0.000283554 0.00122699 -0.0012285 -0.00721311
internal_weight=2424 310 190 2114 1302 812 120
internal_count=2424 310 190 2114 1302 812 120
is_linear=0
shrinkage=0.04


Tree=94
num_leaves=5
num_cat=0
split_feature=51 45 108 51
split_gain=1.48058 1.67773 2.08116 1.62273
threshold=2.0999172670573327 2.6676279457870051 1.0275214972116469 -0.63156789566719362
decision_type=2 2 2 2
left_child=1 2 -1 -3
right_child=-2 3 -4 -5
leaf_value=4.3169726124094032e-07 -0.00012948303176878498 -8.5930376888235931e-06 -0.0002517570249730491 8.0049670381149605e-05
leaf_weight=2039 54 57 104 170
leaf_count=2039 54 57 104 170
internal_value=0 0.000151771 -0.000195804 0.00340611
internal_weight=2424 2370 2143 227
internal_count=2424 2370 2143 227
is_linear=0
shrinkage=0.04


Tree=95
num_leaves=6
num_cat=0
split_feature=35 72 117 110 84
split_gain=1.3843 1.7571 2.58036 2.30602 1.55845
threshold=1.0246964550749693 0.13715552573549508 0.65866591383765793 -0.7653069499127706 0.61768114622613102
decision_type=2 2 2 2 2
left_child=1 3 -3 -1 -2
right_child=4 2 -4 -5 -6
leaf_value=5.8118775388533303e-05 -0.00027057902885909888 3.9766481090316215e-06 0.00012923456871895565 -2.3384224729061581e-05 3.1861749608054806e-05
leaf_weight=275 40 779 202 1087 41
leaf_count=275 40 779 202 1087 41
internal_value=1.6488e-05 0.000196162 0.00148525 -0.000733138 -0.00506024
internal_weight=2424 2343 981 1362 81
internal_count=2424 2343 981 1362 81
is_linear=0
shrinkage=0.04


Tree=96
num_leaves=8
num_cat=0
split_feature=45 71 108 107 92 123 112
split_gain=1.52069 1.94221 1.75221 2.49474 1.77984 1.74749 1.39247
threshold=2.6676279457870051 0.082670444108466343 1.0275214972116469 1.571703893555727 -0.67359306438824806 0.23497112470819306 -0.30141649374284035
decision_type=2 2 2 2 2 2 2
left_child=2 5 4 -4 -1 -2 -3
right_child=1 6 3 -5 -6 -7 -8
leaf_value=-4.6112849969396205e-05 3.997600542764199e-05 2.7949281228788246e-05 -0.00030518505662156467 9.0383718085339053e-05 4.7391562505626118e-06 0.00012400777195087701 -0.00014959723672392921
leaf_weight=372 63 52 66 43 1709 64 55
leaf_count=372 63 52 66 43 1709 64 55
internal_value=0 0.00305085 -0.000328467 -0.00522523 -6.72108e-05 0.00635659 -0.000917431
internal_weight=2424 234 2190 109 2081 127 107
internal_count=2424 234 2190 109 2081 127 107
is_linear=0
shrinkage=0.04


Tree=97
num_leaves=8
num_cat=0
split_feature=14 59 115 122 122 49 41
split_gain=1.40402 3.23094 2.95456 1.98968 2.69034 2.01119 1.64083
threshold=0.72304552693243751 -0.29790678745911309 -0.49681122129637961 0.77009886273701533 0.1529212456308652 1.0821401006593725 0.20442113732438652
decision_type=2 2 2 2 2 2 2
left_child=3 6 -3 4 -1 -5 -2
right_child=1 2 -4 5 -6 -7 -8
leaf_value=6.4953990326055072e-07 0.00013487131818896598 0.00014289926235141353 -4.4330330634874362e-05 8.6447061886183157e-05 -0.00010603008951560223 -9.7764971209661299e-05 3.3185249184313484e-05
leaf_weight=1132 70 62 198 277 540 61 84
leaf_count=1132 70 62 198 277 540 61 84
internal_value=0 0.00211538 -0.000610687 -0.000437376 -0.00100358 0.00235294 0.00666667
internal_weight=2424 414 260 2010 1672 338 154
internal_count=2424 414 260 2010 1672 338 154
is_linear=0
shrinkage=0.04


Tree=98
num_leaves=7
num_cat=0
split_feature=22 68 71 59 28 8
split_gain=1.61647 1.85085 2.44901 1.90751 1.34522 1.15979
threshold=1.1774303963648236 1.3559580965492526 -0.90929405175607159 1.7382441077675865 0.7703098005200556 0.35849737262695186
decision_type=2 2 2 2 2 2
left_child=1 2 -1 -3 -2 -6
right_child=4 3 -4 -5 5 -7
leaf_value=-4.5565153594287938e-05 6.6818841023041787e-05 0.00017055583559112087 3.8186310602953551e-06 -2.5117934622985277e-05 -0.00020007438949418095 -2.1252361322317873e-05
leaf_weight=267 43 104 1865 62 42 41
leaf_count=267 43 104 1865 62 42 41
internal_value=0 0.000243478 -7.49766e-05 0.00428571 -0.004375 -0.00729412
internal_weight=2424 2298 2132 166 126 83
internal_count=2424 2298 2132 166 126 83
is_linear=0
shrinkage=0.04


Tree=99
num_leaves=7
num_cat=0
split_feature=71 74 37 24 115 1
split_gain=1.37575 2.29671 2.13779 1.89303 1.7885 1.93369
threshold=-0.90929405175607159 0.37837064018671224 1.0000000180025095e-35 -0.15431551186587247 1.5913965219859005 0.29590139862393477
decision_type=2 2 2 2 2 2
left_child=1 3 -3 -1 5 -2
right_child=4 2 -4 -5 -6 -7
leaf_value=-7.4928070032514178e-06 2.2911626677842128e-05 -8.4826098712908755e-05 8.1995061843928406e-05 -0.00016546627881713633 -0.0001421113184486511 -9.5926925028444383e-06
leaf_weight=109 1268 44 81 86 55 781
leaf_count=109 1268 44 81 86 55 781
internal_value=-4.94641e-05 -0.00248447 0.00173228 -0.00517766 0.000322887 0.000516821
internal_weight=2424 320 125 195 2104 2049
internal_count=2424 320 125 195 2104 2049
is_linear=0
shrinkage=0.04


Tree=100
num_leaves=5
num_cat=0
split_feature=51 45 108 104
split_gain=1.48058 1.65319 2.17248 1.50838
threshold=2.0999172670573327 2.7758422328595294 1.0275214972116469 0.49481881053170457
decision_type=2 2 2 2
left_child=1 2 -1 -3
right_child=-2 3 -4 -5
leaf_value=9.9916514991943436e-07 -0.00011757431897013562 7.6943748376878844e-05 -0.0002306472989750373 -7.6407075721835871e-06
leaf_weight=2045 54 149 107 69
leaf_count=2045 54 149 107 69
internal_value=0 0.000151771 -0.000185701 0.00345455
internal_weight=2424 2370 2152 218
internal_count=2424 2370 2152 218
is_linear=0
shrinkage=0.04


Tree=101
num_leaves=7
num_cat=0
split_feature=0 13 37 71 31 57
split_gain=1.5042 1.74104 2.11049 1.72218 2.92916 2.43721
threshold=1.0299133227014809 0.024266793634141085 0.78627216506083475 -0.93944040576469323 -1.4431227363177579 0.81666100252712426
decision_type=2 2 2 2 2 2
left_child=3 -2 -3 5 -5 -1
right_child=1 2 -4 4 -6 -7
leaf_value=-8.3326953881160957e-05 -0.00017521107324926233 9.7648409839121432e-05 -7.8927260011994613e-05 0.00051314168701118692 4.8016555477330146e-06 9.6828079934273585e-05
leaf_weight=217 51 69 105 45 1861 76
leaf_count=217 51 69 105 45 1861 76
internal_value=1.6488e-05 -0.0030837 -0.00113636 0.000336211 0.000775681 -0.00250847
internal_weight=2424 225 174 2199 1906 293
internal_count=2424 225 174 2199 1906 293
is_linear=0
shrinkage=0.04


Tree=102
num_leaves=5
num_cat=0
split_feature=51 45 109 90
split_gain=1.51875 1.75226 2.14158 2.00404
threshold=2.0999172670573327 2.7758422328595294 0.44928047098674312 -0.16788460878182479
decision_type=2 2 2 2
left_child=1 2 -1 -3
right_child=-2 3 -4 -5
leaf_value=-8.0785297426922338e-06 -0.00011370841162584806 -2.1512525026369826e-05 3.1886178418516316e-05 0.00012940955905494427
leaf_weight=1610 54 58 542 160
leaf_count=1610 54 58 542 160
internal_value=8.24402e-05 0.000236088 -0.000111421 0.00363636
internal_weight=2424 2370 2152 218
internal_count=2424 2370 2152 218
is_linear=0
shrinkage=0.04


Tree=103
num_leaves=5
num_cat=0
split_feature=84 42 114 72
split_gain=1.41087 1.76668 2.41502 2.04432
threshold=-0.93511707178595849 -0.60737644445441286 0.59702537935317113 0.14168346931676298
decision_type=2 2 2 2
left_child=-1 2 -2 -3
right_child=1 3 -4 -5
leaf_value=-3.2441581869739454e-05 9.1281389056765627e-05 -2.1454976092824845e-05 -0.00014233826496895343 1.3169922582442282e-05
leaf_weight=72 355 1057 69 871
leaf_count=72 355 1057 69 871
internal_value=3.29761e-05 0.000203908 0.00253521 -0.000310881
internal_weight=2424 2352 424 1928
internal_count=2424 2352 424 1928
is_linear=0
shrinkage=0.04


Tree=104
num_leaves=8
num_cat=0
split_feature=66 72 41 64 40 107 118
split_gain=1.49379 2.57709 2.53136 2.16726 2.07358 1.82091 1.22409
threshold=0.87989101567845129 0.13715552573549508 0.15378159954187773 -1.1302100346503952 1.6210680443043979 -0.29727482787087428 0.23586753133965002
decision_type=2 2 2 2 2 2 2
left_child=1 4 6 -3 -1 -4 -2
right_child=2 3 5 -5 -6 -7 -8
leaf_value=-1.0195352399871389e-05 -5.0877601706849528e-05 -0.00014951828215474633 3.5491013989734236e-06 3.0847781132601566e-05 0.00022041263205828748 -0.0001751496210336851 0.00011546933729505521
leaf_weight=1326 53 40 42 751 46 109 57
leaf_count=1326 53 40 42 751 46 109 57
internal_value=3.29761e-05 0.000378753 -0.00281369 0.0021942 -0.000669578 -0.00614379 0.00178571
internal_weight=2424 2163 261 791 1372 151 110
internal_count=2424 2163 261 791 1372 151 110
is_linear=0
shrinkage=0.04


Tree=105
num_leaves=7
num_cat=0
split_feature=83 85 15 67 93 4
split_gain=1.59761 2.30964 1.6932 2.28437 1.64879 1.21997
threshold=-0.67924393116619342 -0.38838162047226615 1.0584301550481281 0.50103415832385101 -0.14657143748977661 0.30565732566589371
decision_type=2 2 2 2 2 2
left_child=1 5 3 -2 -3 -1
right_child=2 4 -4 -5 -6 -7
leaf_value=-0.00020335883047047467 -5.6103630310557279e-07 -5.571600130741426e-05 -0.00013453411274954769 6.017372187899455e-05 5.3068516239159569e-05 -7.1829669620711219e-06
leaf_weight=46 1717 80 68 379 94 40
leaf_count=46 1717 80 68 379 94 40
internal_value=4.94641e-05 -0.00290076 0.000406279 0.000610105 -0.000227273 -0.00818182
internal_weight=2424 260 2164 2096 174 86
internal_count=2424 260 2164 2096 174 86
is_linear=0
shrinkage=0.04


Tree=106
num_leaves=7
num_cat=0
split_feature=4 68 7 71 8 63
split_gain=1.42791 1.6094 2.10603 1.94303 1.4762 0.929199
threshold=1.1309428697784056 1.3559580965492526 1.7490967324435593 -0.90929405175607159 0.06652991919958566 -0.054863351998760961
decision_type=2 2 2 2 2 2
left_child=1 3 -3 -1 -2 -6
right_child=4 2 -4 -5 5 -7
leaf_value=-4.0117751358380931e-05 -0.00017968418518222979 0.00020897438694716011 -0.00010303525569542133 3.9038836144925006e-06 -6.0988030901525086e-05 1.4209883254394617e-05
leaf_weight=267 42 126 40 1865 41 43
leaf_count=267 42 126 40 1865 41 43
internal_value=4.94641e-05 0.000278261 0.00404762 -1.87441e-05 -0.0040625 -0.000930233
internal_weight=2424 2298 166 2132 126 84
internal_count=2424 2298 166 2132 126 84
is_linear=0
shrinkage=0.04


Tree=107
num_leaves=8
num_cat=0
split_feature=35 35 125 31 79 88 87
split_gain=1.50735 3.22263 2.74508 2.7627 2.13418 2.00672 1.91083
threshold=0.60138158654368523 0.29208412643918397 -0.15481692498532926 0.56077984637579281 -0.38601661603119425 -0.90621751475981605 0.21442278041067525
decision_type=2 2 2 2 2 2 2
left_child=1 5 3 -2 -4 -1 -3
right_child=2 6 4 -5 -6 -7 -8
leaf_value=8.6660719435353495e-05 -0.00015027938124786663 2.0989914235124754e-05 -3.6225678130329667e-05 -3.9123727126147428e-06 5.1188652313233443e-05 -5.5340242566019259e-06 0.00012530963450780737
leaf_weight=91 95 254 87 68 182 1501 146
leaf_count=91 95 254 87 68 182 1501 146
internal_value=1.6488e-05 0.000481444 -0.00211982 -0.00618182 0.000369004 -0.000326223 0.00368159
internal_weight=2424 1992 432 163 269 1592 400
internal_count=2424 1992 432 163 269 1592 400
is_linear=0
shrinkage=0.04


Tree=108
num_leaves=5
num_cat=0
split_feature=98 9 115 66
split_gain=1.40577 2.35278 1.79856 1.97579
threshold=-1.3403399552463757 0.032897862187368933 1.5913965219859005 0.87989101567845129
decision_type=2 2 2 2
left_child=1 -1 3 -2
right_child=2 -3 -4 -5
leaf_value=-7.694602086382402e-05 1.9977204935762345e-06 0.00013693552040502024 -0.00014050307480874011 -4.8456127818992971e-05
leaf_weight=49 2032 57 57 229
leaf_count=49 2032 57 57 229
internal_value=-1.6488e-05 0.00444444 -0.000224138 -4.41891e-05
internal_weight=2424 106 2318 2261
internal_count=2424 106 2318 2261
is_linear=0
shrinkage=0.04


Tree=109
num_leaves=5
num_cat=0
split_feature=51 98 9 60
split_gain=1.51108 1.81381 2.01553 1.94977
threshold=2.0999172670573327 -1.3403399552463757 0.032897862187368933 0.64867672334687865
decision_type=2 2 2 2
left_child=1 2 -1 -3
right_child=-2 3 -4 -5
leaf_value=-2.3283070009538003e-05 -0.00010751249739950751 1.706783382253741e-06 0.00013502406927357359 -6.1513471698638149e-05
leaf_weight=46 54 2112 56 156
leaf_count=46 54 2112 56 156
internal_value=6.59522e-05 0.000219224 0.00538462 -1.76211e-05
internal_weight=2424 2370 102 2268
internal_count=2424 2370 102 2268
is_linear=0
shrinkage=0.04


Tree=110
num_leaves=5
num_cat=0
split_feature=51 98 98 73
split_gain=1.49579 1.57575 2.33764 1.83591
threshold=2.0999172670573327 -1.3403399552463757 -1.7444022333622773 0.43043531191695811
decision_type=2 2 2 2
left_child=1 2 -1 -3
right_child=-2 3 -4 -5
leaf_value=-2.2351747209156487e-05 -0.0001032119975035272 5.3383606800877942e-06 0.00017428653869550824 -2.5091004295202869e-05
leaf_weight=46 54 1670 56 598
leaf_count=46 54 1670 56 598
internal_value=3.29761e-05 0.000185497 0.005 -3.52423e-05
internal_weight=2424 2370 102 2268
internal_count=2424 2370 102 2268
is_linear=0
shrinkage=0.04


Tree=111
num_leaves=6
num_cat=0
split_feature=4 8 78 120 84
split_gain=1.42791 1.4762 1.45122 1.94061 1.15846
threshold=1.1309428697784056 0.06652991919958566 -1.4121070711216686 -1.8717024874270387 0.18094535479624718
decision_type=2 2 2 2 2
left_child=2 -2 -1 -4 -3
right_child=1 4 3 -5 -6
leaf_value=0.00019981847297324183 -0.00017093154027557242 -0.00015305220307468306 -0.00017555973763006897 2.0101893669424067e-06 6.3703452328281123e-05
leaf_weight=76 42 40 64 2158 44
leaf_count=76 42 40 64 2158 44
internal_value=4.94641e-05 -0.0040625 0.000278261 8.99281e-05 -0.000930233
internal_weight=2424 126 2298 2222 84
internal_count=2424 126 2298 2222 84
is_linear=0
shrinkage=0.04


Tree=112
num_leaves=5
num_cat=0
split_feature=51 35 101 35
split_gain=1.51875 1.51289 3.09639 2.49638
threshold=2.0999172670573327 0.60138158654368523 -0.2215570692632188 0.30424919453058769
decision_type=2 2 2 2
left_child=1 3 -3 -1
right_child=-2 2 -4 -5
leaf_value=-2.3732341197617303e-08 -9.9163925178063811e-05 -0.00011831711967556797 5.5155118628050201e-06 7.7102298750808402e-05
leaf_weight=1564 54 154 271 381
leaf_count=1564 54 154 271 381
internal_value=8.24402e-05 0.000236088 -0.00192037 0.000708783
internal_weight=2424 2370 425 1945
internal_count=2424 2370 425 1945
is_linear=0
shrinkage=0.04


Tree=113
num_leaves=7
num_cat=0
split_feature=72 41 72 105 123 102
split_gain=1.42496 2.24875 2.42865 2.16297 2.00799 1.53277
threshold=0.14168346931676298 -0.50461969970433684 0.72065970890991748 1.1903134771584158 0.57997105484648659 -0.39841846576518875
decision_type=2 2 2 2 2 2
left_child=3 5 -3 4 -1 -2
right_child=1 2 -4 -5 -6 -7
leaf_value=2.9896805961952304e-06 0.0003156418534601672 2.31080880824683e-05 -2.0155436664528113e-05 -0.00017240517736090744 -7.6563938718919239e-05 5.1414670881305031e-05
leaf_weight=1049 55 466 397 56 297 104
leaf_count=1049 55 466 397 56 297 104
internal_value=0.000115416 0.00125 0.000439306 -0.000712251 -0.000385757 0.00559006
internal_weight=2424 1022 863 1402 1346 159
internal_count=2424 1022 863 1402 1346 159
is_linear=0
shrinkage=0.04


Tree=114
num_leaves=5
num_cat=0
split_feature=51 97 83 122
split_gain=1.56519 1.75316 2.58167 2.30029
threshold=2.0999172670573327 -0.3780023457686858 -0.59724566234069909 0.82411332396213244
decision_type=2 2 2 2
left_child=1 2 -1 -3
right_child=-2 3 -4 -5
leaf_value=-4.2947510738578214e-05 -9.4128251158212247e-05 -1.3041796114631588e-05 4.0197048442487185e-05 3.8688090436525591e-05
leaf_weight=106 54 1365 601 298
leaf_count=106 54 1365 601 298
internal_value=0.000181369 0.000337268 0.00200282 -0.000372372
internal_weight=2424 2370 707 1663
internal_count=2424 2370 707 1663
is_linear=0
shrinkage=0.04


Tree=115
num_leaves=6
num_cat=0
split_feature=88 74 71 49 31
split_gain=1.38066 2.11648 1.67034 2.30621 2.22407
threshold=-0.90621751475981605 0.2749473347887848 -0.93944040576469323 1.7221651619340275 -1.4431227363177579
decision_type=2 2 2 2 2
left_child=1 -1 3 -2 -4
right_child=2 -3 4 -5 -6
leaf_value=0.00020642040329812568 -7.1955316051553186e-05 -0.00012490965213176637 0.00043026854949250215 0.00015774357105837898 4.8215576836534159e-07
leaf_weight=69 236 51 50 42 1976
leaf_count=69 236 51 50 42 1976
internal_value=0.000115416 0.0042623 -0.000104076 -0.003 0.000295858
internal_weight=2424 120 2304 278 2026
internal_count=2424 120 2304 278 2026
is_linear=0
shrinkage=0.04


Tree=116
num_leaves=5
num_cat=0
split_feature=51 97 83 49
split_gain=1.53416 1.54672 2.36679 2.13649
threshold=2.0999172670573327 -0.42778060285255526 -0.54378261338083334 -0.58066005990237257
decision_type=2 2 2 2
left_child=1 2 -1 -3
right_child=-2 3 -4 -5
leaf_value=-3.6599531878947731e-05 -9.0382407342618352e-05 3.1252409645871659e-05 5.37965054845182e-05 -9.4299680723292279e-06
leaf_weight=121 54 263 532 1454
leaf_count=121 54 263 532 1454
internal_value=0.000115416 0.000269815 0.00192366 -0.000360675
internal_weight=2424 2370 653 1717
internal_count=2424 2370 653 1717
is_linear=0
shrinkage=0.04


Tree=117
num_leaves=5
num_cat=0
split_feature=51 122 112 73
split_gain=1.51108 1.51365 1.9733 1.65291
threshold=2.0999172670573327 -1.4442084021702095 0.22394772963534318 0.54773486579285702
decision_type=2 2 2 2
left_child=1 2 -1 -3
right_child=-2 3 -4 -5
leaf_value=0.00019919629321094875 -8.6767111048913627e-05 4.1305121430829078e-06 -7.262179683341866e-05 -2.3200952126254048e-05
leaf_weight=62 54 1758 51 499
leaf_count=62 54 1758 51 499
internal_value=6.59522e-05 0.000219224 0.00469565 -8.85347e-06
internal_weight=2424 2370 113 2257
internal_count=2424 2370 113 2257
is_linear=0
shrinkage=0.04


Tree=118
num_leaves=8
num_cat=0
split_feature=113 120 103 97 99 58 113
split_gain=1.48772 2.3788 2.44003 2.36871 2.64901 2.40984 2.11443
threshold=-0.82595901377940273 -1.0039503718148064 0.86539955039319938 -0.20871581208799331 -0.54993661477771105 0.011957483902099478 -0.62732711997570523
decision_type=2 2 2 2 2 2 2
left_child=3 6 -3 5 -5 -1 -2
right_child=1 2 -4 4 -6 -7 -8
leaf_value=0.00054023866582692817 -0.00037651267837576357 -7.6128917373748112e-07 8.8791408618727759e-05 0.00021593318880595687 -5.8579701234229005e-05 8.5570881453440534e-05 -4.4726968614800609e-05
leaf_weight=42 48 1677 198 46 111 74 228
leaf_count=42 48 1677 198 46 111 74 228
internal_value=6.59522e-05 -0.00028797 0.000223761 0.00283636 -0.000377358 0.00711864 -0.00374101
internal_weight=2424 2151 1875 273 157 116 276
internal_count=2424 2151 1875 273 157 116 276
is_linear=0
shrinkage=0.04


Tree=119
num_leaves=7
num_cat=0
split_feature=103 106 99 113 123 92
split_gain=1.31041 3.8977 3.88897 1.76118 2.12305 1.90612
threshold=0.55801139532569366 1.1260040695850686 0.82903412427579914 0.98927359648487079 0.17406260801042525 2.2887513456214514
decision_type=2 2 2 2 2 2
left_child=3 2 -2 5 -5 -1
right_child=1 -3 -4 4 -6 -7
leaf_value=-8.4206345877450677e-07 1.4880638922742558e-05 0.00032738254212929808 -0.00040044072614402767 -0.00025013660567864182 -2.5001742122857392e-05 0.00044161853187919196
leaf_weight=1655 430 75 42 48 132 42
leaf_count=1655 430 75 42 48 132 42
internal_value=6.59522e-05 0.00178506 0.000421941 -0.000436402 -0.00417582 -3.53149e-05
internal_weight=2424 547 472 1877 180 1697
internal_count=2424 547 472 1877 180 1697
is_linear=0
shrinkage=0.04


end of trees

feature_importances:
Column_122=32
Column_83=29
Column_85=24
Column_51=21
Column_72=20
Column_79=19
Column_73=16
Column_110=16
Column_87=14
Column_35=13
Column_90=13
Column_98=13
Column_123=13
Column_97=12
Column_101=12
Column_45=11
Column_50=11
Column_115=11
Column_8=10
Column_14=10
Column_49=10
Column_71=10
Column_99=10
Column_118=10
Column_58=9
Column_77=9
Column_88=9
Column_93=9
Column_108=9
Column_0=8
Column_42=8
Column_64=8
Column_68=8
Column_86=8
Column_95=8
Column_103=8
Column_31=7
Column_43=7
Column_53=7
Column_63=7
Column_66=7
Column_67=7
Column_74=7
Column_78=7
Column_48=6
Column_60=6
Column_84=6
Column_92=6
Column_117=6
Column_37=5
Column_41=5
Column_105=5
Column_109=5
Column_1=4
Column_2=4
Column_56=4
Column_57=4
Column_104=4
Column_107=4
Column_114=4
Column_4=3
Column_9=3
Column_10=3
Column_13=3
Column_15=3
Column_80=3
Column_94=3
Column_96=3
Column_113=3
Column_120=3
Column_124=3
Column_11=2
Column_16=2
Column_59=2
Column_70=2
Column_91=2
Column_102=2
Column_106=2
Column_111=2
Column_112=2
Column_125=2
Column_3=1
Column_7=1
Column_17=1
Column_22=1
Column_24=1
Column_25=1
Column_28=1
Column_30=1
Column_32=1
Column_33=1
Column_36=1
Column_40=1
Column_44=1
Column_46=1
Column_47=1
Column_61=1
Column_62=1
Column_65=1
Column_75=1
Column_76=1
Column_82=1
Column_116=1
Column_121=1

parameters:
[boosting: gbdt]
[objective: quantile]
[metric: quantile]
[tree_learner: serial]
[device_type: cpu]
[data_sample_strategy: bagging]
[data: ]
[valid: ]
[num_iterations: 120]
[learning_rate: 0.04]
[num_leaves: 15]
[num_threads: 2]
[seed: 42]
[deterministic: 0]
[force_col_wise: 0]
[force_row_wise: 0]
[histogram_pool_size: -1]
[max_depth: 3]
[min_data_in_leaf: 40]
[min_sum_hessian_in_leaf: 0.001]
[bagging_fraction: 0.85]
[pos_bagging_fraction: 1]
[neg_bagging_fraction: 1]
[bagging_freq: 0]
[bagging_seed: 400]
[bagging_by_query: 0]
[feature_fraction: 0.8]
[feature_fraction_bynode: 1]
[feature_fraction_seed: 30056]
[extra_trees: 0]
[extra_seed: 12879]
[early_stopping_round: 0]
[early_stopping_min_delta: 0]
[first_metric_only: 0]
[max_delta_step: 0]
[lambda_l1: 0]
[lambda_l2: 2]
[linear_lambda: 0]
[min_gain_to_split: 0]
[drop_rate: 0.1]
[max_drop: 50]
[skip_drop: 0.5]
[xgboost_dart_mode: 0]
[uniform_drop: 0]
[drop_seed: 17869]
[top_rate: 0.2]
[other_rate: 0.1]
[min_data_per_group: 100]
[max_cat_threshold: 32]
[cat_l2: 10]
[cat_smooth: 10]
[max_cat_to_onehot: 4]
[top_k: 20]
[monotone_constraints: ]
[monotone_constraints_method: basic]
[monotone_penalty: 0]
[feature_contri: ]
[forcedsplits_filename: ]
[refit_decay_rate: 0.9]
[cegb_tradeoff: 1]
[cegb_penalty_split: 0]
[cegb_penalty_feature_lazy: ]
[cegb_penalty_feature_coupled: ]
[path_smooth: 0]
[interaction_constraints: ]
[verbosity: -1]
[saved_feature_importance_type: 0]
[use_quantized_grad: 0]
[num_grad_quant_bins: 4]
[quant_train_renew_leaf: 0]
[stochastic_rounding: 1]
[linear_tree: 0]
[max_bin: 255]
[max_bin_by_feature: ]
[min_data_in_bin: 3]
[bin_construct_sample_cnt: 200000]
[data_random_seed: 175]
[is_enable_sparse: 1]
[enable_bundle: 1]
[use_missing: 1]
[zero_as_missing: 0]
[feature_pre_filter: 1]
[pre_partition: 0]
[two_round: 0]
[header: 0]
[label_column: ]
[weight_column: ]
[group_column: ]
[ignore_column: ]
[categorical_feature: ]
[forcedbins_filename: ]
[precise_float_parser: 0]
[parser_config_file: ]
[objective_seed: 16083]
[num_class: 1]
[is_unbalance: 0]
[scale_pos_weight: 1]
[sigmoid: 1]
[boost_from_average: 1]
[reg_sqrt: 0]
[alpha: 0.5]
[fair_c: 1]
[poisson_max_delta_step: 0.7]
[tweedie_variance_power: 1.5]
[lambdarank_truncation_level: 30]
[lambdarank_norm: 1]
[label_gain: ]
[lambdarank_position_bias_regularization: 0]
[eval_at: ]
[multi_error_top_k: 1]
[auc_mu_weights: ]
[num_machines: 1]
[local_listen_port: 12400]
[time_out: 120]
[machine_list_filename: ]
[machines: ]
[gpu_platform_id: -1]
[gpu_device_id: -1]
[gpu_device_id_list: ]
[gpu_use_dp: 0]
[num_gpu: 1]

end of parameters

pandas_categorical:null
