tree
version=v4
num_class=1
num_tree_per_iteration=1
label_index=0
max_feature_idx=126
objective=quantile
feature_names=Column_0 Column_1 Column_2 Column_3 Column_4 Column_5 Column_6 Column_7 Column_8 Column_9 Column_10 Column_11 Column_12 Column_13 Column_14 Column_15 Column_16 Column_17 Column_18 Column_19 Column_20 Column_21 Column_22 Column_23 Column_24 Column_25 Column_26 Column_27 Column_28 Column_29 Column_30 Column_31 Column_32 Column_33 Column_34 Column_35 Column_36 Column_37 Column_38 Column_39 Column_40 Column_41 Column_42 Column_43 Column_44 Column_45 Column_46 Column_47 Column_48 Column_49 Column_50 Column_51 Column_52 Column_53 Column_54 Column_55 Column_56 Column_57 Column_58 Column_59 Column_60 Column_61 Column_62 Column_63 Column_64 Column_65 Column_66 Column_67 Column_68 Column_69 Column_70 Column_71 Column_72 Column_73 Column_74 Column_75 Column_76 Column_77 Column_78 Column_79 Column_80 Column_81 Column_82 Column_83 Column_84 Column_85 Column_86 Column_87 Column_88 Column_89 Column_90 Column_91 Column_92 Column_93 Column_94 Column_95 Column_96 Column_97 Column_98 Column_99 Column_100 Column_101 Column_102 Column_103 Column_104 Column_105 Column_106 Column_107 Column_108 Column_109 Column_110 Column_111 Column_112 Column_113 Column_114 Column_115 Column_116 Column_117 Column_118 Column_119 Column_120 Column_121 Column_122 Column_123 Column_124 Column_125 Column_126
feature_infos=[-4.5853521084726072:5.9520355302374881] [-3.8453988002914379:4.0601486204700157] [-3.6884360645800283:3.6256054594362048] [-3.4484045632864078:3.2296810608800821] [-3.1579965226732596:2.5881471045355724] [-2.2325787000742272:2.4967356908958367] [-3.3828384675870522:3.2899175344794824] [-1.1978599154069776:4.778054677523337] [-1.6132423104293592:1.6271703648058498] [-3.0744433126824902:2.6484363477285786] [-1.2526418326000563:3.8184041681100331] [-2.4834771856292455:2.7629953994214231] [-2.2089946086601873:2.5249742270115103] [-1.3526379118330165:2.8025844696954234] [-2.5270965302994406:3.0747951585072721] [-1.7686425766396185:1.4533232767659467] [-1.8771717367215817:1.8002830986900054] [-1.0282627390201342:0.67133895675352384] [-1.0847897449732762:0.70260539409426825] [-1.028262739020134:0.67133895675352373] [-2.313015413535124:2.8939072486281407] [-3.1919765429292739:3.4854283028863682] [-2.8471163424830586:2.8341104159805166] [-2.0080681085208045:2.8214084465402567] [-2.1992728181978798:1.8775671013623572] [-2.0609049865358928:1.9086904939893665] [-3.2371091275031119:2.1922122832883226] [-1.7699264150880909:1.5752587792624471] [-0.95021426490944461:2.8094427003895794] [-3.4912122293272065:3.2893663474434112] [-3.2518949614783232:2.930826250974671] [-2.491044777468125:2.2204025621215329] [-2.4620349716386625:2.3865801210488304] [-2.0037075537808811:2.4646188686557062] [-2.1365523020369306:2.3133401835966869] [-1.9072807349605521:2.0070882784652455] [-2.0159799375305218:2.2156747207086078] [-1.2392541432581772:3.1420851114334507] [-1.2594658248521127:3.7111829239807506] [-1.3664576907957451:2.720590687560291] [-1.2158648581938194:1.909004445557126] [-2.0558046263447185:1.6061152041156022] [-1.8011494634276526:1.7085999818230289] [-1.9694303223569281:11.778361219628195] [-598.39470517955044:95.429648380904368] [-507.12346622217348:105.55703696267862] [-676.25397679037087:49.738152493049043] [-1.1275804990278895:3.2261681171578842] [-1.8591570488841085:1.7296046736719248] [-1.168399974477899:6.2473136951318686] [-3.8207974025917619:4.5294753320345684] [-10.155760878512245:8.4264205924667195] [-1:1] [-0.83333333333333337:1] [0:1] [0:1] [-3.5533395644518837:4.2905064224522862] [-4.0416472096050997:2.3299581829274896] [-2.3002485353670701:1.5977551079919505] [-1.0448333404185497:2.3894846258619182] [-2.3345513383578598:1.3347328649243415] [-1.747094133567882:0.33305195895623096] [-3.1154730448586534:3.5523995463188793] [-2.6298455102958047:2.4573842372717714] [-2.1375423780790332:1.8878771036755975] [-5.2088722498961246:4.6217219063426018] [-4.6619431155577473:3.0977210969027777] [-3.391745451277989:2.8324524868431471] [-1.2350992893290524:2.8248380099672259] [-2.2818210309289335:2.3757238170622692] [-2.6397491037952503:0.64119207919130572] [-3.8164394062034397:4.3688423395454565] [-5.8803055307669601:4.8118941258908885] [-3.0319770654823799:3.9711035966598911] [-3.371333218120995:2.2638551490909546] [-2.3746070738288316:1.6726918640080279] [-1.0033973916422634:2.3018803146236175] [-2.1712480229932223:1.347802153275923] [-1.5572426719877823:0.33608769909169273] [-4.4654480951976048:7.7434493276284382] [-4.0031334159505914:5.4966028306641048] [-2.3833447252475954:4.0375748679937846] [-1.3412533718842496:4.5744391012879282] [-1.2114772985252851:7.759703156166335] [-1.2180520187712178:2.3722256144078799] [-6.6131255474812356:6.8188375590372665] [-4.6655007424887538:3.6264284762556418] [-2.7439158768695022:3.8766565395968682] [-1.2197282410759405:3.5968916330834619] [-1.8029576983784328:4.5659806411640265] [-0.80899504090749808:2.3182009503035963] [-11.131161631101028:10.91152941115298] [-5.8957036804030274:5.1164470095519468] [-3.4904205511755384:3.7517946778655151] [-1.0442671595428499:3.1870894369812688] [-2.182664208095948:3.911757386421221] [-1.2860866695381248:0.64760500654483699] [-3.9280524977070237:2.9467722865418118] [-3.4042016424026929:3.0058299192519984] [-2.4955992402849203:1.7222822328034528] [-1.363891642857189:3.0993270293844892] [-2.0271172249476934:1.843868421530636] [-1.5790506281666512:0.4800774858694612] [-5.5480519707414215:3.2500648689237024] [-4.2726626539473571:3.641898022308939] [-1.913438483640767:2.9166332416189826] [-1.2617048878541155:4.0640749823728672] [-1.7887249425094061:4.6689903192498159] [-1.690920656588587:1.3725569005876674] [-4.4451318438332565:2.686863318690484] [-3.9360747524266757:3.6492822206134488] [-1.9601199163049632:2.6788345555376312] [-1.2707206007796923:3.8043461554401903] [-1.6366012209741589:3.9974271250490756] [-1.7723967401021041:1.3222711348106906] [-3.3145273729109119:3.5321128476623458] [-2.2382152473155501:2.6094418536901918] [-1.9919699039284051:1.9726491900477334] [-1.5990428448397396:2.0872996043160348] [-1.4687936038507499:1.8898728674292991] [-2.4630786837254175:0.62992871391849725] [-3.3384184041881344:3.5859093031001552] [-2.8422376375190157:3.7409053146048787] [-1.6701323078519825:2.5477898513574333] [-0.73182331029470504:2.7499326140846887] [-1.4525552333555156:2.4417999715874745] [-1.4540782295732726:0.93454475769334644]
tree_sizes=670 690 872 788 777 781 778 696 784 869 692 868 875 875 878 689 704 872 878 781 878 860 786 782 695 786 781 781 871 786 870 687 691 598 691 697 874 693 876 691 686 887 787 699 782 774 867 880 870 873 790 695 784 787 695 607 870 693 874 697 690 788 606 872 777 694 870 690 608 604 692 789 873 612 694 871 613 691 687 692 697 694 696 697 863 697 698 690 696 693 600 790 518 784 605 689 785 595 699 602 703 604 698 695 608 694 693 698 790 791 696 699 877 603 695 874 791 694 615 784

Tree=0
num_leaves=6
num_cat=0
split_feature=77 105 125 90 85
split_gain=5.30086 2.18923 2.02384 1.64909 1.60063
threshold=-0.46448700887503452 1.16669817858353 1.5446145271268863 -0.67524996558118633 1.374763498805821
decision_type=2 2 2 2 2
left_child=1 2 -1 -2 -5
right_child=3 -3 -4 4 -6
leaf_value=-0.01866955357405508 -0.018948013140866578 -0.019394929706998337 -0.019173850742765845 -0.018378931878434045 -0.01870374005451677
leaf_weight=618 60 66 69 1524 87
leaf_count=618 60 66 69 1524 87
internal_value=-0.0185718 -0.0213539 -0.0206693 -0.0173162 -0.0170715
internal_weight=2424 753 687 1671 1611
internal_count=2424 753 687 1671 1611
is_linear=0
shrinkage=1


Tree=1
num_leaves=6
num_cat=0
split_feature=77 0 106 90 85
split_gain=4.84458 2.11862 1.99119 1.61258 1.55557
threshold=-0.46448700887503452 -2.0718689808309345 0.9980764664149383 -0.67524996558118633 1.374763498805821
decision_type=2 2 2 2 2
left_child=1 -1 -3 -2 -5
right_child=3 2 -4 4 -6
leaf_value=-0.00079243461824326947 -0.00037067788039152132 -9.208058832316098e-05 -0.00059398615474358634 0.00017564013154371049 -0.00013617571749570596
leaf_weight=40 60 597 116 1524 87
leaf_count=40 60 597 116 1524 87
internal_value=-2.63807e-05 -0.00268609 -0.00216503 0.00117394 0.001416
internal_weight=2424 753 713 1671 1611
internal_count=2424 753 713 1671 1611
is_linear=0
shrinkage=0.04


Tree=2
num_leaves=8
num_cat=0
split_feature=59 74 74 123 89 115 110
split_gain=4.59292 1.88499 3.58898 1.87026 3.48981 1.51137 0.790167
threshold=0.86978707320800441 0.17449377314285516 -0.023684024616774373 0.8469872798067124 -0.09258303758035015 1.5913965219859005 0.62486509908959487
decision_type=2 2 2 2 2 2 2
left_child=3 2 -2 5 -5 -1 -3
right_child=1 6 -4 4 -6 -7 -8
leaf_value=0.00012199235930029127 -0.00039720648561613752 0.00013007846423915691 -0.00077007680011721745 -0.00063814327618879859 0.00014469328521473336 -0.00062720414065709569 -0.0003384783602836919
leaf_weight=1767 243 123 42 66 90 42 51
leaf_count=1767 243 123 42 66 90 42 51
internal_value=-5.93568e-05 -0.00365293 -0.0056446 0.000782918 -0.0033924 0.00114633 -0.000363636
internal_weight=2424 459 285 1965 156 1809 174
internal_count=2424 459 285 1965 156 1809 174
is_linear=0
shrinkage=0.04


Tree=3
num_leaves=7
num_cat=0
split_feature=37 49 122 125 74 117
split_gain=4.34211 2.01559 1.70741 1.40104 1.1602 0.940274
threshold=0.32690069207394007 0.70303337939253885 0.17225461145151763 0.79441880276964871 0.24554261162614585 0.22463907796487004
decision_type=2 2 2 2 2 2
left_child=3 4 -3 5 -2 -1
right_child=1 2 -4 -5 -6 -7
leaf_value=0.00019053416976143393 -0.00016995553218464041 -0.00030708033599857949 -0.00055263249461581082 -0.00014553265289445939 0.00014711623427352525 2.5104542637535839e-05
leaf_weight=893 237 238 185 51 182 638
leaf_count=893 237 238 185 51 182 638
internal_value=-4.28688e-05 -0.00236019 -0.00430118 0.00119192 -0.000389549 0.00141161
internal_weight=2424 842 423 1582 419 1531
internal_count=2424 842 423 1582 419 1531
is_linear=0
shrinkage=0.04


Tree=4
num_leaves=7
num_cat=0
split_feature=77 75 106 85 90 47
split_gain=4.2707 2.12721 1.7753 1.39678 1.49345 0.911433
threshold=-0.46448700887503452 -0.15971426182024581 1.1045746189563517 1.374763498805821 -0.65369228458339801 -0.050472311876551164
decision_type=2 2 2 2 2 2
left_child=1 2 -1 4 -2 -5
right_child=3 -3 -4 5 -6 -7
leaf_value=-6.9591167339043696e-05 -0.00032594341324865787 -0.00071821715657981633 -0.00062150693863432995 2.9165507375933767e-05 0.00016792834890617055 -0.0005587072554452268
leaf_weight=594 81 69 90 44 1503 43
leaf_count=594 81 69 90 44 1503 43
internal_value=2.30834e-05 -0.00247417 -0.00178426 0.00115003 0.00142245 -0.00373034
internal_weight=2424 753 684 1671 1584 87
internal_count=2424 753 684 1671 1584 87
is_linear=0
shrinkage=0.04


Tree=5
num_leaves=7
num_cat=0
split_feature=59 111 49 111 34 85
split_gain=4.05638 2.52092 1.545 1.63027 1.21766 0.599027
threshold=0.75002637583814413 1.1909508596073459 0.99280510461393001 -0.068221163298200119 0.18892415787737085 1.374763498805821
decision_type=2 2 2 2 2 2
left_child=2 4 5 -4 -2 -1
right_child=1 -3 3 -5 -6 -7
leaf_value=0.00014506275256718557 -0.00037774312943538883 -0.00068706733852799153 -0.00066014266778929506 6.2288930736515566e-05 0.00010815919354643592 -5.7686524154734308e-05
leaf_weight=1616 292 54 118 89 158 97
leaf_count=1616 292 54 118 89 158 97
internal_value=5.60595e-05 -0.00313043 0.000894901 -0.00235407 -0.00212389 0.0012898
internal_weight=2424 504 1920 207 450 1713
internal_count=2424 504 1920 207 450 1713
is_linear=0
shrinkage=0.04


Tree=6
num_leaves=7
num_cat=0
split_feature=76 44 123 89 115 23
split_gain=3.68259 1.93676 1.66937 1.80782 1.51371 1.19567
threshold=0.95670009883116836 1.1935833132508751 0.8469872798067124 -0.09258303758035015 1.5913965219859005 0.5091267452702567
decision_type=2 2 2 2 2 2
left_child=2 5 4 -4 -1 -2
right_child=1 -3 3 -5 -6 -7
leaf_value=0.00012323611339347298 -0.00033939614926878234 -0.00067627437020236067 -0.00054741637933079367 7.8930949861763346e-06 -0.00062259678936954033 0.00010383282517731047
leaf_weight=1779 215 74 75 135 48 98
leaf_count=1779 215 74 75 135 48 98
internal_value=3.95715e-05 -0.00352699 0.000719961 -0.00264151 0.0011088 -0.00212063
internal_weight=2424 387 2037 210 1827 313
internal_count=2424 387 2037 210 1827 313
is_linear=0
shrinkage=0.04


Tree=7
num_leaves=6
num_cat=0
split_feature=59 111 123 125 43
split_gain=3.36725 2.27743 1.60289 1.59623 0.960406
threshold=0.75002637583814413 1.1909508596073459 0.57009031900616802 1.3952857936615979 0.58413307755086696
decision_type=2 2 2 2 2
left_child=3 2 -2 4 -1
right_child=1 -3 -4 -5 -6
leaf_value=0.00015261656559142396 2.4356409750593446e-05 -0.00063253367017877761 -0.00042086641409305986 -0.00036868064740413846 -5.008276761176621e-05
leaf_weight=1404 255 54 195 57 459
leaf_count=1404 255 54 195 57 459
internal_value=8.90356e-05 -0.00281423 -0.00185841 0.000853278 0.00105737
internal_weight=2424 504 450 1920 1863
internal_count=2424 504 450 1920 1863
is_linear=0
shrinkage=0.04


Tree=8
num_leaves=7
num_cat=0
split_feature=60 100 77 89 86 68
split_gain=2.79522 1.36245 1.34108 1.30504 1.22768 0.753538
threshold=-0.78555523860912568 -0.34759915559859211 -1.1504676552086284 -0.89406297989915151 -0.073749064254723565 -0.195698925188377
decision_type=2 2 2 2 2 2
left_child=1 -1 -3 4 -2 -5
right_child=3 2 -4 5 -6 -7
leaf_value=7.4168019826629595e-05 -1.32947519559685e-06 -0.00030258807827472894 -0.00051974763476450917 0.00017985568120939296 -0.00031754799594239144 2.7123511846175288e-05
leaf_weight=72 207 231 126 775 75 938
leaf_count=72 207 231 126 775 75 938
internal_value=0.00022094 -0.0027007 -0.00371031 0.000851277 -0.00166197 0.00126647
internal_weight=2424 429 357 1995 282 1713
internal_count=2424 429 357 1995 282 1713
is_linear=0
shrinkage=0.04


Tree=9
num_leaves=8
num_cat=0
split_feature=76 17 111 85 68 89 85
split_gain=2.54467 1.66358 1.94153 1.40718 1.11397 0.779255 0.66913
threshold=0.16399044030685289 0.35713037777917128 1.1717560562615237 1.374763498805821 -0.32542666274948817 -0.77041007399955796 0.045431986963204558
decision_type=2 2 2 2 2 2 2
left_child=3 2 -2 5 -5 -1 -3
right_child=1 6 -4 4 -6 -7 -8
leaf_value=-4.4355129623495211e-05 -0.00027440814977036507 -8.3988764534854797e-06 -0.00060364541595764396 0.0001490749386059882 -0.00031657550319949215 0.00016262627034835029 0.00016965794177142317
leaf_weight=180 630 178 63 40 41 1167 125
leaf_count=180 630 178 63 40 41 1167 125
internal_value=0.000171476 -0.00137876 -0.00245755 0.00125315 -0.00380723 0.00156264 0.00108852
internal_weight=2424 996 693 1428 81 1347 303
internal_count=2424 996 693 1428 81 1347 303
is_linear=0
shrinkage=0.04


Tree=10
num_leaves=6
num_cat=0
split_feature=77 0 89 90 85
split_gain=2.35708 1.75369 1.75552 0.96547 0.829039
threshold=-0.4009891451787006 -1.9493864045954055 -0.94111621354648844 -0.67524996558118633 1.374763498805821
decision_type=2 2 2 2 2
left_child=1 -1 -3 -2 -5
right_child=3 2 -4 4 -6
leaf_value=-0.00060369224333719715 -0.00030817741415908493 -0.00046471689786563715 -4.8085378334063369e-05 0.00014004257443171706 -7.0898265230905582e-05
leaf_weight=44 60 42 694 1500 84
leaf_count=44 60 42 694 1500 84
internal_value=0.000171476 -0.00163683 -0.00115989 0.00103038 0.00122068
internal_weight=2424 780 736 1644 1584
internal_count=2424 780 736 1644 1584
is_linear=0
shrinkage=0.04


Tree=11
num_leaves=8
num_cat=0
split_feature=13 126 28 51 120 47 27
split_gain=2.49492 1.48565 1.37123 1.06763 0.752471 1.00467 0.490277
threshold=-0.19630941872372501 0.5081443888767766 1.23837450878857 1.9969291633954611 0.4103902308989768 0.49017440568168119 -0.80526620829495221
decision_type=2 2 2 2 2 2 2
left_child=4 3 -3 -2 6 -6 -1
right_child=1 2 -4 -5 5 -7 -8
leaf_value=9.1780827890382753e-06 3.16856539090924e-05 -0.0004189382730269307 5.3143114444382637e-05 -0.00074453782418574491 -0.00019357844525767125 0.00032365355466102265 0.0002102168652632852
leaf_weight=104 986 358 78 42 115 106 635
leaf_count=104 986 358 78 42 115 106 635
internal_value=0.000122012 -0.00091678 -0.00286758 -8.54367e-05 0.00170478 -0.000340807 0.00231579
internal_weight=2424 1464 436 1028 960 221 739
internal_count=2424 1464 436 1028 960 221 739
is_linear=0
shrinkage=0.04


Tree=12
num_leaves=8
num_cat=0
split_feature=49 44 15 117 123 43 93
split_gain=2.6355 1.25235 1.31383 1.03586 1.34481 1.07023 0.889414
threshold=0.70303337939253885 0.58260455869376537 -0.91227122478663025 0.20724696401217083 0.47079472276783824 0.42439577948286672 -0.18676066455393206
decision_type=2 2 2 2 2 2 2
left_child=3 6 -3 4 -1 -5 -2
right_child=1 2 -4 5 -6 -7 -8
leaf_value=0.0002072838646463324 -0.00026460181363930512 8.1609381588089208e-05 -0.00054003483142896669 5.0549101752662469e-05 -2.409658755957003e-05 -0.00013719650598243899 1.963230660536646e-05
leaf_weight=787 123 41 124 578 355 162 254
leaf_count=787 123 41 124 578 355 162 254
internal_value=0.000187964 -0.00226471 -0.0051497 0.000895966 0.00165035 -0.000269542 -0.00098153
internal_weight=2424 542 165 1882 1142 740 377
internal_count=2424 542 165 1882 1142 740 377
is_linear=0
shrinkage=0.04


Tree=13
num_leaves=8
num_cat=0
split_feature=49 7 110 87 117 123 93
split_gain=2.32891 1.2788 1.53727 0.989194 0.961796 1.25438 0.868472
threshold=0.70303337939253885 1.1848841664411689 -0.28570744394409736 -1.0157567782707602 0.20724696401217083 0.47079472276783824 1.2845194955176338
decision_type=2 2 2 2 2 2 2
left_child=4 3 -3 -2 5 -1 -6
right_child=1 2 -4 -5 6 -7 -8
leaf_value=0.00019899251006047909 -0.00025875846994923046 -8.3704865442846046e-05 -0.00057397407269913609 -3.5562218695415107e-06 2.7259516079217722e-05 -2.3132724057187164e-05 -0.00023591449876432646
leaf_weight=787 45 62 83 352 695 355 45
leaf_count=787 45 62 83 352 695 355 45
internal_value=0.000187964 -0.00211765 -0.00530612 -0.000932331 0.000853503 0.00158042 -0.000269542
internal_weight=2424 542 145 397 1882 1142 740
internal_count=2424 542 145 397 1882 1142 740
is_linear=0
shrinkage=0.04


Tree=14
num_leaves=8
num_cat=0
split_feature=49 106 114 117 43 13 3
split_gain=2.29575 1.04409 1.51918 0.837266 0.932358 0.802688 0.435156
threshold=0.70303337939253885 -0.56854906203515043 0.85137581977031884 0.20724696401217083 0.42439577948286672 -0.083913816293063742 -0.24486749629313648
decision_type=2 2 2 2 2 2 2
left_child=3 6 -3 5 -5 -1 -2
right_child=1 2 -4 4 -6 -7 -8
leaf_value=0.00019532640847026947 0.00017492436183074394 -0.00022376332491909763 -0.00071839987250292157 5.1125115102035456e-05 -0.0001327990263863102 1.657008885738001e-05 -0.00018289845781740104
leaf_weight=629 54 385 49 578 162 513 54
leaf_count=629 54 385 49 578 162 513 54
internal_value=0.000171476 -0.00211765 -0.00299083 0.000832272 -0.000215633 0.00151049 0.00138182
internal_weight=2424 542 434 1882 740 1142 108
internal_count=2424 542 434 1882 740 1142 108
is_linear=0
shrinkage=0.04


Tree=15
num_leaves=6
num_cat=0
split_feature=77 0 115 121 10
split_gain=2.17201 1.53822 1.41765 1.31177 1.11696
threshold=-0.67942154396127752 -1.9493864045954055 1.5913965219859005 -0.9394535945498661 1.3204475814197776
decision_type=2 2 2 2 2
left_child=1 -1 4 -3 -2
right_child=2 3 -4 -5 -6
leaf_value=-0.0004695542467517718 8.3550559272695495e-05 0.00033809466031287344 -0.00057823633501466833 -0.00019164858605269812 -0.00023629582216635561
leaf_weight=41 1732 78 48 454 71
leaf_count=41 1732 78 48 454 71
internal_value=0.00022094 -0.00192696 0.00088721 -0.00133333 0.00107036
internal_weight=2424 573 1851 532 1803
internal_count=2424 573 1851 532 1803
is_linear=0
shrinkage=0.04


Tree=16
num_leaves=6
num_cat=0
split_feature=39 0 89 115 14
split_gain=2.07914 1.36479 1.12865 0.882927 0.560848
threshold=-0.091430268025741376 -1.9493864045954055 -0.94111621354648844 1.3160176291537398 0.72304552693243751
decision_type=2 2 2 2 2
left_child=3 -2 -3 4 -1
right_child=1 2 -4 -5 -6
leaf_value=0.0001097633252743746 -0.00044438774847045442 -0.00023440294443743866 -3.4251717820298403e-06 -0.00051344946864048278 0.00026602775176042703
leaf_weight=890 64 155 1101 53 161
leaf_count=890 64 155 1101 53 161
internal_value=0.000253916 -0.000816944 -0.000521462 0.00153345 0.00178917
internal_weight=2424 1320 1256 1104 1051
internal_count=2424 1320 1256 1104 1051
is_linear=0
shrinkage=0.04


Tree=17
num_leaves=8
num_cat=0
split_feature=49 7 43 76 47 126 109
split_gain=2.37826 1.55127 1.1494 0.939576 1.4525 0.801716 0.623802
threshold=0.99280510461393001 1.0903603038754326 1.0323884296319059 0.82170075170078605 -0.24783534999786738 0.70641532690663944 -0.84338079611774741
decision_type=2 2 2 2 2 2 2
left_child=3 5 -3 6 -5 -2 -1
right_child=1 2 -4 4 -6 -7 -8
leaf_value=0.00023849423770423315 2.0771050411144146e-05 -0.00063567560744014087 -9.157747274912577e-05 -0.00032512285039668949 2.8975004264133564e-05 -0.00025057940882094217 6.7374841705247624e-05
leaf_weight=209 198 73 50 126 198 57 1513
leaf_count=209 198 73 50 126 198 57 1513
internal_value=0.000253916 -0.00265263 -0.006304 0.000792969 -0.00117791 -0.000856031 0.00116473
internal_weight=2424 378 123 2046 324 255 1722
internal_count=2424 378 123 2046 324 255 1722
is_linear=0
shrinkage=0.04


Tree=18
num_leaves=8
num_cat=0
split_feature=49 44 107 35 117 123 72
split_gain=1.93689 1.10789 1.03321 0.935675 0.782701 1.03927 0.979254
threshold=0.70303337939253885 0.15296131076074618 -0.76458447332432056 0.49707434105000053 0.20724696401217083 0.51248177781811033 -0.33231489750421561
decision_type=2 2 2 2 2 2 2
left_child=4 3 -3 -2 5 -1 -6
right_child=1 2 -4 -5 6 -7 -8
leaf_value=0.00016986165670904212 1.9941325360757526e-05 8.9914212270021649e-05 -0.00040579774471689222 -0.00067873560111850878 -0.00019522524001046397 -2.4189403078600027e-05 7.1786925355000409e-05
leaf_weight=816 246 42 213 41 223 326 517
leaf_count=816 246 42 213 41 223 326 517
internal_value=0.000352844 -0.00175 -0.00365759 -4.15223e-05 0.00095966 0.00161538 -5.39082e-05
internal_weight=2424 542 255 287 1882 1142 740
internal_count=2424 542 255 287 1882 1142 740
is_linear=0
shrinkage=0.04


Tree=19
num_leaves=7
num_cat=0
split_feature=49 87 7 39 13 80
split_gain=1.87669 1.01902 1.30488 0.72467 1.38683 0.712416
threshold=0.70303337939253885 -1.1060644740656969 1.7490967324435593 -0.091430268025741376 -0.026771914005932148 -0.65042111813469039
decision_type=2 2 2 2 2 2
left_child=3 -2 -3 5 -5 -1
right_child=1 2 -4 4 -6 -7
leaf_value=-0.00012749767309098691 -0.00032853482817319409 -5.56572408098988e-06 -0.00067958731143160994 -0.00038183746914143571 2.3397971470237533e-05 0.00015857607076838113
leaf_weight=157 49 429 64 61 803 861
leaf_count=157 49 429 64 61 803 861
internal_value=0.000319868 -0.00175 -0.00118788 0.000917198 6.46653e-05 0.00163922
internal_weight=2424 542 493 1882 864 1018
internal_count=2424 542 493 1882 864 1018
is_linear=0
shrinkage=0.04


Tree=20
num_leaves=8
num_cat=0
split_feature=49 44 107 35 123 47 117
split_gain=1.60464 1.01457 0.977784 0.935675 0.812411 1.30307 0.846683
threshold=0.70303337939253885 0.15296131076074618 -0.76458447332432056 0.49707434105000053 0.8469872798067124 -0.17699909919028325 0.27357259081081997
decision_type=2 2 2 2 2 2 2
left_child=4 3 -3 -2 6 -6 -1
right_child=1 2 -4 -5 5 -7 -8
leaf_value=0.00012292319390399346 1.9366301309566745e-05 8.6540272742460352e-05 -0.00038485695285709335 -0.00062440268622349678 -0.00038031927417369156 2.4119921743470373e-05 -2.4242646491460833e-06
leaf_weight=1064 246 42 213 41 72 90 656
leaf_count=1064 246 42 213 41 72 90 656
internal_value=0.000237428 -0.00167647 -0.00350195 -4.15223e-05 0.000789809 -0.00190244 0.0010453
internal_weight=2424 542 255 287 1882 162 1720
internal_count=2424 542 255 287 1882 162 1720
is_linear=0
shrinkage=0.04


Tree=21
num_leaves=8
num_cat=0
split_feature=76 6 105 85 68 71 106
split_gain=1.56383 1.42343 1.29106 1.06904 1.36372 0.941083 0.786941
threshold=0.16399044030685289 0.36843186562105806 1.16669817858353 1.374763498805821 -0.32542666274948817 1.1645609350212938 0.9980764664149383
decision_type=2 2 2 2 2 2 2
left_child=3 2 -2 5 -5 -1 -3
right_child=1 6 -4 4 -6 -7 -8
leaf_value=0.00013297514792777199 -0.00018299250915130899 9.2903883492467202e-05 -0.0006794538657642795 0.00011819559744721312 -0.00031711175914103608 -0.00042405349171358562 -0.00026454330420967064
leaf_weight=1290 608 253 43 40 41 57 92
leaf_count=1290 608 253 43 40 41 57 92
internal_value=0.000237428 -0.000977956 -0.00207657 0.00108531 -0.0033253 0.00135508 0.0010951
internal_weight=2424 996 651 1428 81 1347 345
internal_count=2424 996 651 1428 81 1347 345
is_linear=0
shrinkage=0.04


Tree=22
num_leaves=7
num_cat=0
split_feature=49 71 4 100 93 16
split_gain=1.68436 0.921272 1.76089 0.779742 0.778617 0.717375
threshold=0.99280510461393001 0.61554346096019874 -0.067508081614245916 0.68667514732742296 -1.9563652257142097 0.55569335707715517
decision_type=2 2 2 2 2 2
left_child=4 3 -3 -2 -1 -6
right_child=1 2 -4 -5 5 -7
leaf_value=-0.00022256473282796296 5.3904387097670966e-05 -0.00085745792898707547 -4.4018284359982844e-05 -0.00034303973284045581 1.9767651221384298e-05 0.00018279086434770488
leaf_weight=48 179 43 53 103 1518 480
leaf_count=48 179 43 53 103 1518 480
internal_value=0.000319868 -0.00212632 -0.00546939 -0.000957746 0.000773438 0.000896
internal_weight=2424 378 96 282 2046 1998
internal_count=2424 378 96 282 2046 1998
is_linear=0
shrinkage=0.04


Tree=23
num_leaves=7
num_cat=0
split_feature=74 31 0 97 25 1
split_gain=1.60408 1.40034 1.14124 1.31182 1.13669 0.911881
threshold=-0.96005885442278049 -1.2790433394300236 -0.12625950170469133 -1.5832958952049663 0.063168372330002595 1.6198730232199814
decision_type=2 2 2 2 2 2
left_child=1 -1 3 -2 -3 -4
right_child=2 4 5 -5 -6 -7
leaf_value=0.00015731024143542436 -0.00034507466431830594 -0.00036197408621651574 0.00013616303925248469 -2.077746231230669e-07 -0.0002333539907357313 -0.00014176117666972419
leaf_weight=60 42 134 1141 858 145 44
leaf_count=60 42 134 1141 858 145 44
internal_value=0.00030338 -0.00224047 0.000718735 -0.000354767 -0.0034306 0.00153328
internal_weight=2424 339 2085 900 279 1185
internal_count=2424 339 2085 900 279 1185
is_linear=0
shrinkage=0.04


Tree=24
num_leaves=6
num_cat=0
split_feature=74 90 31 49 0
split_gain=1.56282 1.3413 1.08721 1.07441 0.972618
threshold=-0.96005885442278049 -0.67524996558118633 -1.2790433394300236 0.55308024501942421 -1.01645591293996
decision_type=2 2 2 2 2
left_child=2 -2 -1 -4 -3
right_child=1 4 3 -5 -6
leaf_value=0.00015101783177800735 -0.0002801910205073899 -6.1743890220479304e-05 -4.5789366539238168e-05 -0.00054618797921412532 7.5475394083232116e-05
leaf_weight=60 54 209 141 138 1822
leaf_count=60 54 209 141 138 1822
internal_value=0.000270404 0.000680403 -0.00224047 -0.00328826 0.000848008
internal_weight=2424 2085 339 279 2031
internal_count=2424 2085 339 279 2031
is_linear=0
shrinkage=0.04


Tree=25
num_leaves=7
num_cat=0
split_feature=13 49 93 57 46 46
split_gain=1.47551 1.15818 1.06872 0.769777 0.620633 0.737971
threshold=-0.19630941872372501 0.69021757752081514 0.24308013403301901 0.85950540139455411 -1.7584812453526941 -0.3504844432311448
decision_type=2 2 2 2 2 2
left_child=4 3 -3 -2 -1 -6
right_child=1 2 -4 -5 5 -7
leaf_value=-0.00038622427357962494 -4.7852455416258026e-06 -0.00041209719076906704 -2.6570340189485869e-05 0.00018134475206229707 0.00026679660052248642 8.398482592128224e-05
leaf_weight=61 834 234 253 143 225 674
leaf_count=61 834 234 253 143 225 674
internal_value=0.000154988 -0.000643929 -0.00223313 0.000151175 0.00137214 0.00163818
internal_weight=2424 1464 487 977 960 899
internal_count=2424 1464 487 977 960 899
is_linear=0
shrinkage=0.04


Tree=26
num_leaves=7
num_cat=0
split_feature=76 123 85 115 71 85
split_gain=1.46237 1.1744 1.62706 0.979636 0.916027 0.7641
threshold=0.16399044030685289 -0.45504913091965038 0.8071350490228707 1.0107292423851588 1.1645609350212938 1.4218089974200649
decision_type=2 2 2 2 2 2
left_child=4 3 -3 -2 5 -1
right_child=1 2 -4 -5 -6 -7
leaf_value=0.00011769348074691091 0.00019499349377923058 -0.00022622752247943373 0.00015696512918779966 -0.00049773811490100013 -0.00048309739925395627 -0.00013986557877581664
leaf_weight=1304 255 549 150 42 62 62
leaf_count=1304 255 549 150 42 62 62
internal_value=0.000237428 -0.000937876 -0.00183167 0.00116388 0.00105734 0.00127485
internal_weight=2424 996 699 297 1428 1366
internal_count=2424 996 699 297 1428 1366
is_linear=0
shrinkage=0.04


Tree=27
num_leaves=7
num_cat=0
split_feature=74 15 93 40 106 93
split_gain=1.39829 1.28383 1.18709 1.09085 1.08321 0.814264
threshold=-0.96005885442278049 -0.98176161269830942 -0.11736900621023526 1.2632396950079887 0.54436715924810575 -1.9563652257142097
decision_type=2 2 2 2 2 2
left_child=1 -1 -3 5 -5 -2
right_child=3 2 -4 4 -6 -7
leaf_value=0.0001933770061452551 -0.00016611221735875615 -0.00062253829762980075 -0.00022258796265830119 -0.0004572743761919627 0.00010150458814253983 5.1160383912682736e-05
leaf_weight=60 49 86 193 53 76 1907
leaf_count=60 49 86 193 53 76 1907
internal_value=0.000369332 -0.00200586 -0.00314591 0.000757068 -0.00277863 0.00099285
internal_weight=2424 339 279 2085 129 1956
internal_count=2424 339 279 2085 129 1956
is_linear=0
shrinkage=0.04


Tree=28
num_leaves=8
num_cat=0
split_feature=95 17 108 106 16 93 40
split_gain=1.31967 1.3451 1.4048 1.12618 1.28124 0.942029 0.531734
threshold=0.59288037065032861 0.16785832267579406 0.45028242078785635 0.97213917005723693 -0.18024625385293278 -1.9563652257142097 0.53840597617086239
decision_type=2 2 2 2 2 2 2
left_child=3 2 -2 5 -5 -1 -3
right_child=1 6 -4 4 -6 -7 -8
leaf_value=-0.00014682999895275609 -0.00017064304699081684 -1.4505012998788951e-05 -0.00048058162659009372 0.00011501901067564067 -0.00059422055992775847 9.0584614812198695e-05 7.2880100305303729e-05
leaf_weight=54 266 76 88 58 56 1662 164
leaf_count=54 266 76 88 58 56 1662 164
internal_value=0.000319868 -0.00131544 -0.0028764 0.000851529 -0.00296552 0.00110827 0.000991736
internal_weight=2424 594 354 1830 114 1716 240
internal_count=2424 594 354 1830 114 1716 240
is_linear=0
shrinkage=0.04


Tree=29
num_leaves=7
num_cat=0
split_feature=74 31 37 0 92 38
split_gain=1.37897 1.28383 1.08324 0.997963 1.27251 0.763456
threshold=-0.96005885442278049 -1.2790433394300236 1.0720111199058915 -0.12625950170469133 -0.76751451036966345 1.8566339426878171
decision_type=2 2 2 2 2 2
left_child=1 -1 -3 4 -2 -5
right_child=3 2 -4 5 -6 -7
leaf_value=0.00015839602515082843 -0.00031157968405147592 -0.00015385415123131575 -0.00059973125713731865 0.00010527697037501591 1.3063314941876652e-05 -0.00028550848870912115
leaf_weight=60 138 215 64 1145 762 40
leaf_count=60 138 215 64 1145 762 40
internal_value=0.000352844 -0.00200586 -0.00314591 0.000737901 -0.000266075 0.00149958
internal_weight=2424 339 279 2085 900 1185
internal_count=2424 339 279 2085 900 1185
is_linear=0
shrinkage=0.04


Tree=30
num_leaves=8
num_cat=0
split_feature=76 87 111 101 85 68 93
split_gain=1.1625 0.990496 1.16119 0.824257 0.812167 0.711621 0.585452
threshold=0.16399044030685289 0.39277660121816121 -1.1035821799760526 0.98999468766685117 1.374763498805821 -0.32542666274948817 0.48286874837834071
decision_type=2 2 2 2 2 2 2
left_child=4 2 -2 -3 6 -6 -1
right_child=1 3 -4 -5 5 -7 -8
leaf_value=0.00012281634849792882 0.00016924224810348435 0.00014731148837782195 -0.00017542995036952063 -0.00066852180032182546 0.0001143937544407423 -0.00033460166692048733 -6.0963823141575211e-05
leaf_weight=1167 99 270 582 45 40 41 180
leaf_count=1167 99 270 582 45 40 41 180
internal_value=0.000270404 -0.000777555 -0.00163397 0.00107256 0.0010014 -0.00284337 0.00123647
internal_weight=2424 996 681 315 1428 81 1347
internal_count=2424 996 681 315 1428 81 1347
is_linear=0
shrinkage=0.04


Tree=31
num_leaves=6
num_cat=0
split_feature=37 12 17 125 115
split_gain=1.09099 1.46321 1.34983 0.923606 0.90752
threshold=1.4917059448426395 -1.2084536617079664 -0.41011734407633765 1.9794000858788843 1.5913965219859005
decision_type=2 2 2 2 2
left_child=3 -2 -3 4 -1
right_child=1 2 -4 -5 -6
leaf_value=3.7741213182425587e-05 9.97165687048919e-05 -0.00049498685751560518 -0.00026353922129110932 -0.00015929516529209604 -0.00041285655902459985
leaf_weight=2188 43 49 43 43 58
leaf_count=2188 43 49 43 43 58
internal_value=0.000402308 -0.00306569 -0.00587234 0.000609341 0.00072242
internal_weight=2424 135 92 2289 2246
internal_count=2424 135 92 2289 2246
is_linear=0
shrinkage=0.04


Tree=32
num_leaves=6
num_cat=0
split_feature=37 12 17 115 123
split_gain=1.08066 1.46321 1.34983 0.859159 0.691482
threshold=1.4917059448426395 -1.2084536617079664 -0.41011734407633765 1.5913965219859005 0.8469872798067124
decision_type=2 2 2 2 2
left_child=3 -2 -3 4 -1
right_child=1 2 -4 -5 -6
leaf_value=4.7941838016959361e-05 9.5727905956696232e-05 -0.00047518738321498092 -0.0002529976524394649 -0.00039634229666361587 -0.00013719897264227089
leaf_weight=1951 43 49 43 58 280
leaf_count=1951 43 49 43 58 280
internal_value=0.00038582 -0.00306569 -0.00587234 0.000591881 0.000718316
internal_weight=2424 135 92 2289 2231
internal_count=2424 135 92 2289 2231
is_linear=0
shrinkage=0.04


Tree=33
num_leaves=5
num_cat=0
split_feature=7 56 35 16
split_gain=0.92925 0.772114 0.728933 1.02162
threshold=1.9379730069919463 0.1746680527033356 1.071974905848329 0.55569335707715517
decision_type=2 2 2 2
left_child=2 -2 3 -1
right_child=1 -3 -4 -5
leaf_value=6.1441815076163803e-06 -0.00061119797074169282 2.732155917127176e-05 -0.00040505487844202985 0.00016649704873791446
leaf_weight=1800 40 41 61 482
leaf_count=1800 40 41 61 482
internal_value=0.000352844 -0.00380723 0.000499787 0.000616462
internal_weight=2424 81 2343 2282
internal_count=2424 81 2343 2282
is_linear=0
shrinkage=0.04


Tree=34
num_leaves=6
num_cat=0
split_feature=7 43 79 36 56
split_gain=0.936611 0.794966 1.24518 0.909756 0.772114
threshold=1.9379730069919463 0.58413307755086696 -0.90703312996913266 1.2387413120106896 0.1746680527033356
decision_type=2 2 2 2 2
left_child=1 3 -3 -1 -2
right_child=4 2 -4 -5 -6
leaf_value=5.5299976491836915e-05 -0.00058675005191202517 -0.00045162001289949469 -3.30250113768069e-06 -0.00033976014471518427 2.6228696804420875e-05
leaf_weight=1742 40 57 491 53 41
leaf_count=1742 40 57 491 53 41
internal_value=0.000369332 0.000516844 -0.000814545 0.000923762 -0.00380723
internal_weight=2424 2343 548 1795 81
internal_count=2424 2343 548 1795 81
is_linear=0
shrinkage=0.04


Tree=35
num_leaves=6
num_cat=0
split_feature=7 51 43 56 74
split_gain=0.900089 0.799694 1.41933 0.772114 0.670708
threshold=1.9379730069919463 -0.42828350785391739 0.29497052662921225 0.1746680527033356 -0.96005885442278049
decision_type=2 2 2 2 2
left_child=1 2 -1 -2 -3
right_child=3 4 -4 -5 -6
leaf_value=1.8744631751653996e-05 -0.0005632800498355441 -0.00018469055613439585 -0.00016315166972503178 2.5179548932244099e-05 8.4819271491728447e-05
leaf_weight=383 40 215 253 41 1492
leaf_count=383 40 215 253 41 1492
internal_value=0.000286892 0.000431557 -0.000777429 -0.00380723 0.000882387
internal_weight=2424 2343 636 81 1707
internal_count=2424 2343 636 81 1707
is_linear=0
shrinkage=0.04


Tree=36
num_leaves=8
num_cat=0
split_feature=123 16 32 50 26 124 26
split_gain=1.02694 0.982319 1.25016 0.967606 1.17363 0.733146 0.116747
threshold=0.53325327602478234 -0.80903860297083818 -0.63221175126161633 -0.16415590678425254 0.93105513365027504 -0.29563346359636239 -1.0885860423795564
decision_type=2 2 2 2 2 2 2
left_child=3 6 -3 4 -1 -5 -2
right_child=1 2 -4 5 -6 -7 -8
leaf_value=3.676124019261553e-06 0.00017524654124224253 -0.00038163990577716272 -4.9863431466623409e-05 1.0955677187500343e-05 -0.00035108128668640741 0.00015538319131083803 9.2433235688500469e-05
leaf_weight=645 53 91 428 365 50 752 40
leaf_count=645 53 91 428 365 50 752 40
internal_value=0.000319868 -0.00109446 -0.00177351 0.000798236 -0.000373027 0.00152636 0.00265263
internal_weight=2424 612 519 1812 695 1117 93
internal_count=2424 612 519 1812 695 1117 93
is_linear=0
shrinkage=0.04


Tree=37
num_leaves=6
num_cat=0
split_feature=10 41 51 97 28
split_gain=1.03837 1.34781 1.22679 0.885752 0.800489
threshold=1.1296155447924769 0.39502718574951384 0.71282068173121249 -1.6762420032423377 -0.79815477388012723
decision_type=2 2 2 2 2
left_child=3 2 -2 -1 -5
right_child=1 -3 -4 4 -6
leaf_value=-0.00027193563373820119 8.94096489549185e-05 -0.00028746968158356655 -0.0003126169060223652 -0.00045927302839700974 4.2092286896404036e-05
leaf_weight=64 151 49 70 40 2050
leaf_count=64 151 49 70 40 2050
internal_value=0.000270404 -0.00205882 -0.000699551 0.000564008 0.000707457
internal_weight=2424 270 221 2154 2090
internal_count=2424 270 221 2154 2090
is_linear=0
shrinkage=0.04


Tree=38
num_leaves=8
num_cat=0
split_feature=123 16 32 50 26 124 7
split_gain=0.979661 0.982319 1.25016 0.896163 1.17363 0.664039 0.116747
threshold=0.53325327602478234 -0.80903860297083818 -0.63221175126161633 -0.16415590678425254 0.93105513365027504 -0.38703207268512912 0.40574717684237399
decision_type=2 2 2 2 2 2 2
left_child=3 6 -3 4 -1 -5 -2
right_child=1 2 -4 5 -6 -7 -8
leaf_value=3.9278122356316819e-06 0.00021513334204448264 -0.00035386963520799014 -4.7017845777822799e-05 -1.4599269884879741e-05 -0.00032741672063480289 0.00013884387846068582 0.00011108234081070377
leaf_weight=645 53 91 428 311 50 806 40
leaf_count=645 53 91 428 311 50 806 40
internal_value=0.000286892 -0.00109446 -0.00177351 0.000754135 -0.000373027 0.00145487 0.00265263
internal_weight=2424 612 519 1812 695 1117 93
internal_count=2424 612 519 1812 695 1117 93
is_linear=0
shrinkage=0.04


Tree=39
num_leaves=6
num_cat=0
split_feature=38 41 51 97 35
split_gain=0.939079 1.35285 1.26371 0.860236 0.728536
threshold=1.1345649584990742 0.39502718574951384 0.71282068173121249 -1.6762420032423377 1.071974905848329
decision_type=2 2 2 2 2
left_child=3 2 -2 -1 -5
right_child=1 -3 -4 4 -6
leaf_value=-0.00024229195943764853 7.5761112731854256e-05 -0.00027053460199989921 -0.00029147113573228583 3.9703135184804617e-05 -0.00037774721656111816
leaf_weight=65 155 45 70 2040 49
leaf_count=65 155 45 70 2040 49
internal_value=0.00030338 -0.00191176 -0.00061674 0.00058256 0.000725012
internal_weight=2424 270 225 2154 2089
internal_count=2424 270 225 2154 2089
is_linear=0
shrinkage=0.04


Tree=40
num_leaves=6
num_cat=0
split_feature=7 98 73 56 97
split_gain=0.907337 0.929002 1.1898 0.772114 0.643466
threshold=1.9379730069919463 1.0491084039799861 -0.088011466239469663 0.1746680527033356 -1.6762420032423377
decision_type=2 2 2 2 2
left_child=1 4 -3 -2 -1
right_child=3 2 -4 -5 -6
leaf_value=-0.00012848813823326311 -0.00055490123580710529 3.5800723753444643e-05 -0.00034526944868834244 2.2065811401726912e-05 3.4710597200884717e-05
leaf_weight=74 40 100 68 41 2101
leaf_count=74 40 100 68 41 2101
internal_value=0.00030338 0.000448614 -0.0024 -0.00380723 0.000670648
internal_weight=2424 2343 168 81 2175
internal_count=2424 2343 168 81 2175
is_linear=0
shrinkage=0.04


Tree=41
num_leaves=8
num_cat=0
split_feature=49 42 51 123 57 0 33
split_gain=0.913991 0.943338 1.48911 0.719339 0.967005 0.949509 0.711928
threshold=0.69021757752081514 -0.22501186308002294 -0.096761532427251648 0.47079472276783824 -0.35126754974840768 -1.1281958318172585 -0.70778238468985555
decision_type=2 2 2 2 2 2 2
left_child=3 6 -3 5 -5 -1 -2
right_child=1 2 -4 4 -6 -7 -8
leaf_value=-9.4534771445313364e-05 8.3776968762182215e-05 -0.00029030641838661918 9.0128467934821355e-06 5.0369389698227055e-05 -0.00016564924370107397 0.00010851188821227511 -0.00019770724399564697
leaf_weight=47 129 152 148 218 235 1372 123
leaf_count=47 129 152 148 218 235 1372 123
internal_value=0.000286892 -0.00114079 -0.00264901 0.000708645 -0.000676923 0.0011513 0.000661417
internal_weight=2424 552 300 1872 453 1419 252
internal_count=2424 552 300 1872 453 1419 252
is_linear=0
shrinkage=0.04


Tree=42
num_leaves=7
num_cat=0
split_feature=77 75 28 49 40 115
split_gain=1.01638 1.5791 0.639383 0.619436 0.969197 0.961086
threshold=-0.4009891451787006 -0.15971426182024581 1.3639219227155499 -0.096670243248951779 -0.49148062984783963 1.0940064600337198
decision_type=2 2 2 2 2 2
left_child=1 2 -1 4 -2 -5
right_child=3 -3 -4 5 -6 -7
leaf_value=-2.4607544406261892e-05 0.00013797132535914164 -0.00028053373502269431 0.00030054428928876517 0.00011097976830268116 -3.6640520164135812e-05 -0.00013454399507484762
leaf_weight=584 330 72 124 693 558 63
leaf_count=584 330 72 124 693 558 63
internal_value=0.000369332 -0.000818414 -0.00023662 0.000933171 0.00021573 0.00177309
internal_weight=2424 780 708 1644 888 756
internal_count=2424 780 708 1644 888 756
is_linear=0
shrinkage=0.04


Tree=43
num_leaves=6
num_cat=0
split_feature=74 15 93 90 43
split_gain=0.8848 1.06584 1.12485 1.03844 0.559654
threshold=-0.96005885442278049 -0.98176161269830942 -0.18392236421938687 -0.67524996558118633 0.58413307755086696
decision_type=2 2 2 2 2
left_child=1 -1 -3 -2 -5
right_child=3 2 -4 4 -6
leaf_value=0.00020930306097535854 -0.00023683111271173907 -0.00057219401892866608 -0.00011688548336789132 5.4977581639001515e-05 -9.8319708691719301e-06
leaf_weight=60 54 73 206 1580 451
leaf_count=60 54 73 206 1580 451
internal_value=0.000352844 -0.00153666 -0.00257651 0.000661236 0.000808657
internal_weight=2424 339 279 2085 2031
internal_count=2424 339 279 2085 2031
is_linear=0
shrinkage=0.04


Tree=44
num_leaves=7
num_cat=0
split_feature=37 108 90 74 92 116
split_gain=0.89611 1.52492 0.756559 0.887357 0.847889 0.65739
threshold=1.4917059448426395 0.4776441246442778 0.6560352002887988 -0.96005885442278049 -1.033300450500118 -0.40703656319373488
decision_type=2 2 2 2 2 2
left_child=2 5 3 -1 -4 -2
right_child=1 -3 4 -5 -6 -7
leaf_value=-0.00016228497222999343 0.00015810690014962723 -0.00062115898685363312 -0.00014614802033010766 1.1567330220480527e-05 0.00017268863935936181 -0.00020306154229205099
leaf_weight=217 41 42 41 1489 542 52
leaf_count=217 41 42 41 1489 542 52
internal_value=0.000369332 -0.00277372 0.000556962 0.000131148 0.00179829 0.000126316
internal_weight=2424 135 2289 1706 583 93
internal_count=2424 135 2289 1706 583 93
is_linear=0
shrinkage=0.04


Tree=45
num_leaves=7
num_cat=0
split_feature=10 41 51 14 36 7
split_gain=0.871454 1.19839 1.33961 0.615482 1.0238 0.0581682
threshold=1.1296155447924769 0.41287076166538833 0.71282068173121249 -1.165255144232199 1.2387413120106896 -0.48607495145172458
decision_type=2 2 2 2 2 2
left_child=3 2 -2 5 -5 -1
right_child=1 -3 -4 4 -6 -7
leaf_value=0.00012883865173289507 6.8013512318818839e-05 -0.00026081045152096498 -0.00024632474957481424 1.8988503976495592e-05 -0.00050448574677863019 0.00024715889826893935
leaf_weight=40 152 48 70 1987 40 87
leaf_count=40 152 48 70 1987 40 87
internal_value=0.000369332 -0.00176471 -0.0005 0.000638219 0.000467225 0.00331783
internal_weight=2424 270 222 2154 2027 127
internal_count=2424 270 222 2154 2027 127
is_linear=0
shrinkage=0.04


Tree=46
num_leaves=8
num_cat=0
split_feature=16 35 47 67 35 16 88
split_gain=0.782925 1.41272 1.06193 0.912073 0.574709 1.29134 0.359174
threshold=0.55569335707715517 0.73394744695753145 -0.23998493659406886 0.017585927888165064 0.96398506775018666 1.0149361787810725 0.6321722907571069
decision_type=2 2 2 2 2 2 2
left_child=1 3 -3 -1 6 -6 -2
right_child=4 2 -4 -5 5 -7 -8
leaf_value=3.4506640509715082e-05 0.00015371263536745114 -4.9668447694906321e-07 -0.00066664878220275086 -4.4065027940101248e-05 0.00025125312372831611 -0.00077965945378987973 4.6583704959220508e-06
leaf_weight=1170 373 40 49 623 51 42 76
leaf_count=1170 373 40 49 623 51 42 76
internal_value=0.000369332 -1.6985e-05 -0.00487912 0.000229527 0.00170588 -0.00113684 0.00229712
internal_weight=2424 1882 89 1793 542 93 449
internal_count=2424 1882 89 1793 542 93 449
is_linear=0
shrinkage=0.04


Tree=47
num_leaves=8
num_cat=0
split_feature=68 35 17 118 110 71 2
split_gain=0.760204 0.658533 2.69043 0.726471 0.511841 0.604001 0.00587844
threshold=-0.69773443869352725 0.50741388647327601 -0.25513512145703854 0.84123659776976967 0.054278076261429102 0.026101153663077598 -0.3327905659274466
decision_type=2 2 2 2 2 2 2
left_child=4 3 -3 -2 5 -1 -6
right_child=1 2 -4 -5 6 -7 -8
leaf_value=-8.0872270659823852e-05 1.1139038325273777e-06 -0.00088139387549632524 -3.290120243806083e-06 0.00012130227737254697 0.00019887892014054635 0.00024346561624649253 0.00015675435808714828
leaf_weight=82 1407 42 358 307 40 65 123
leaf_count=82 1407 42 358 307 40 65 123
internal_value=0.000336356 6.42724e-05 -0.00139303 0.000405595 0.00217949 0.000456376 0.00370909
internal_weight=2424 2114 400 1714 310 147 163
internal_count=2424 2114 400 1714 310 147 163
is_linear=0
shrinkage=0.04


Tree=48
num_leaves=8
num_cat=0
split_feature=16 36 94 97 40 59 112
split_gain=0.774066 1.54951 1.56593 1.10865 0.634665 0.957751 0.286506
threshold=0.55569335707715517 0.74283948499016017 0.60240739147835554 -1.6762420032423377 -0.37944878639080426 -0.3671416221595416 -0.86017933690760351
decision_type=2 2 2 2 2 2 2
left_child=1 3 -3 -1 6 -6 -2
right_child=4 2 -4 -5 5 -7 -8
leaf_value=-0.00043776626226967584 3.5794954880195642e-05 -0.0004848426717370697 7.5700798048031073e-06 9.2639007438855943e-06 -0.00025050066119656502 8.5192660224442358e-05 0.00022866013401244044
leaf_weight=55 41 61 62 1704 58 242 201
leaf_count=55 41 61 62 1704 58 242 201
internal_value=0.00030338 -8.06793e-05 -0.004384 0.000224872 0.00163235 0.000397351 0.00314754
internal_weight=2424 1882 123 1759 542 300 242
internal_count=2424 1882 123 1759 542 300 242
is_linear=0
shrinkage=0.04


Tree=49
num_leaves=8
num_cat=0
split_feature=43 98 25 25 123 42 73
split_gain=0.741654 1.05327 0.974194 0.895364 0.803349 0.732869 0.714894
threshold=0.24050817146345396 1.0568480192860419 0.83883628050268177 1.0354939095867437 0.53325327602478234 -0.21158545518963454 0.031748019670563433
decision_type=2 2 2 2 2 2 2
left_child=3 2 -2 4 -1 -3 -5
right_child=1 5 -4 6 -6 -7 -8
leaf_value=9.4528058335841718e-05 -1.8078944545470185e-05 -9.4486632358252113e-06 0.00022744744306174336 0.00010987641083276371 -4.0917935130728327e-05 -0.00055916177141111638 -0.00025775421716074854
leaf_weight=1091 768 40 84 47 309 40 45
leaf_count=1091 768 40 84 47 309 40 45
internal_value=0.000336356 -0.00054818 -0.000131147 0.000888889 0.00114123 -0.00487805 -0.00289362
internal_weight=2424 932 852 1492 1400 80 92
internal_count=2424 932 852 1492 1400 80 92
is_linear=0
shrinkage=0.04


Tree=50
num_leaves=7
num_cat=0
split_feature=49 93 62 28 57 79
split_gain=0.776793 1.05665 1.41106 0.7256 0.591277 0.495188
threshold=0.69021757752081514 0.24308013403301901 -0.58319731569282574 -0.78444884362134248 0.94882089892658261 -0.79808973960942853
decision_type=2 2 2 2 2 2
left_child=3 2 -2 -1 -5 -3
right_child=1 5 -4 4 -6 -7
leaf_value=-0.00040605632973883483 3.7614961456774536e-05 -0.00010914206454730415 -0.00027770568119691653 1.7300922317239676e-05 0.00014507153904099094 6.7740554760379329e-05
leaf_weight=49 105 45 174 1631 192 228
leaf_count=49 105 45 174 1631 192 228
internal_value=0.000319868 -0.00099639 -0.00271886 0.000708645 0.000839452 0.000770909
internal_weight=2424 552 279 1872 1823 273
internal_count=2424 552 279 1872 1823 273
is_linear=0
shrinkage=0.04


Tree=51
num_leaves=6
num_cat=0
split_feature=68 35 43 46 110
split_gain=0.826537 0.851328 0.70724 0.506783 0.262098
threshold=-0.69773443869352725 1.0488752184172114 0.69976367210090396 -1.3302022819610959 -0.31180157067558883
decision_type=2 2 2 2 2
left_child=3 2 -2 -1 -5
right_child=1 -3 -4 4 -6
leaf_value=-7.9054959477913955e-05 1.2827279915140863e-05 -0.0002540756290705632 -8.1822371268969998e-05 0.00017696789814795479 0.00014377909847445829
leaf_weight=41 1642 60 412 58 211
leaf_count=41 1642 60 412 58 211
internal_value=0.00038582 0.00010208 0.000241245 0.00230769 0.00293727
internal_weight=2424 2114 2054 310 269
internal_count=2424 2114 2054 310 269
is_linear=0
shrinkage=0.04


Tree=52
num_leaves=7
num_cat=0
split_feature=37 108 90 123 116 58
split_gain=0.780462 1.23358 0.840307 0.794609 0.65739 0.647173
threshold=1.4917059448426395 0.4776441246442778 0.6560352002887988 0.82263580788736523 -0.40703656319373488 0.53100255466295143
decision_type=2 2 2 2 2 2
left_child=2 4 3 -1 -2 -4
right_child=1 -3 5 -5 -6 -7
leaf_value=9.9013605356620641e-06 0.00013716963163033387 -0.00060484059528665725 0.00015552542061627561 -0.00012590882712932696 -0.00015480454229480363 -4.2629507420811065e-05
leaf_weight=1506 41 42 501 200 52 82
leaf_count=1506 41 42 501 200 52 82
internal_value=0.000451773 -0.00248175 0.000626801 0.000177986 0.000126316 0.00193504
internal_weight=2424 135 2289 1706 93 583
internal_count=2424 135 2289 1706 93 583
is_linear=0
shrinkage=0.04


Tree=53
num_leaves=7
num_cat=0
split_feature=13 87 117 51 99 45
split_gain=0.797229 0.806084 0.943451 0.789192 0.665955 0.62988
threshold=-0.19630941872372501 0.37883568366152204 0.69980252408441557 -1.6171698041854197 0.77435320434650612 -1.9015135716241429
decision_type=2 2 2 2 2 2
left_child=4 2 -2 -3 5 -1
right_child=1 3 -4 -5 -6 -7
leaf_value=-0.00033223480335772452 -6.5865512194049943e-05 -0.00011723447171090753 4.9849147166743611e-05 9.1448535727981815e-05 -5.3918278043741562e-05 0.00010047095315779911
leaf_weight=53 801 46 221 396 41 866
leaf_count=53 801 46 221 396 41 866
internal_value=0.000352844 -0.000234652 -0.000851562 0.00118919 0.0012474 0.00147231
internal_weight=2424 1464 1022 442 960 919
internal_count=2424 1464 1022 442 960 919
is_linear=0
shrinkage=0.04


Tree=54
num_leaves=6
num_cat=0
split_feature=7 51 43 123 56
split_gain=0.707019 0.78795 0.839373 0.635081 0.593285
threshold=1.9379730069919463 -0.33616020029527155 0.26031989036710523 0.94448078353047349 0.1746680527033356
decision_type=2 2 2 2 2
left_child=1 2 -1 -3 -2
right_child=4 3 -4 -5 -6
leaf_value=7.6132810337556768e-06 -0.00050007571602652323 7.3142942707620962e-05 -7.4071588110642586e-05 -0.00011706181438046516 4.793331825609093e-06
leaf_weight=427 40 1483 282 151 41
leaf_count=427 40 1483 282 151 41
internal_value=0.00030338 0.000431557 -0.000680731 0.000914426 -0.0033253
internal_weight=2424 2343 709 1634 81
internal_count=2424 2343 709 1634 81
is_linear=0
shrinkage=0.04


Tree=55
num_leaves=5
num_cat=0
split_feature=36 34 36 27
split_gain=0.748852 1.03888 2.03377 0.702306
threshold=1.2387413120106896 0.48462371604815319 0.74283948499016017 0.36855465108322588
decision_type=2 2 2 2
left_child=1 2 -1 -3
right_child=-2 3 -4 -5
leaf_value=3.3633213553151887e-06 -0.00025341822016026604 -6.7072269246495521e-06 -0.00033397471016639131 0.0001593676189663405
leaf_weight=1776 72 145 44 387
leaf_count=1776 72 145 44 387
internal_value=0.000286892 0.000411215 -4.39076e-05 0.00196255
internal_weight=2424 2352 1820 532
internal_count=2424 2352 1820 532
is_linear=0
shrinkage=0.04


Tree=56
num_leaves=8
num_cat=0
split_feature=16 36 94 115 59 32 119
split_gain=0.862086 1.31353 1.52538 0.812532 0.63639 0.937123 0.523948
threshold=0.55569335707715517 0.74283948499016017 0.62275251644540031 -0.060447933207816475 -0.5710694911066424 0.65742725299401572 0.6553889501146194
decision_type=2 2 2 2 2 2 2
left_child=1 3 -3 -1 5 -2 -6
right_child=4 2 -4 -5 6 -7 -8
leaf_value=4.4388013143629932e-05 9.7532031046497703e-05 -0.00041363505905860179 1.7470056286869304e-05 -2.6080063750299328e-05 0.00018178211727360783 -0.00024986651462966225 -9.3917277033967602e-08
leaf_weight=826 42 64 59 933 347 47 106
leaf_count=826 42 64 59 933 347 47 106
internal_value=0.00030338 -0.000101911 -0.004064 0.000179444 0.00170588 -0.00136264 0.00231209
internal_weight=2424 1882 123 1759 542 89 453
internal_count=2424 1882 123 1759 542 89 453
is_linear=0
shrinkage=0.04


Tree=57
num_leaves=6
num_cat=0
split_feature=37 108 40 116 57
split_gain=0.720392 1.23358 0.777045 0.65739 0.652222
threshold=1.4917059448426395 0.4776441246442778 1.4432227849252242 -0.40703656319373488 0.96443843897933157
decision_type=2 2 2 2 2
left_child=2 3 4 -2 -1
right_child=1 -3 -4 -5 -6
leaf_value=1.1656820615112177e-05 0.00013492160513932253 -0.00057687599689317925 -0.00024344779128823108 -0.00014784622888500742 0.00013881025570754293
leaf_weight=2012 41 42 74 52 203
leaf_count=2012 41 42 74 52 203
internal_value=0.000336356 -0.00248175 0.000504583 0.000126316 0.000640505
internal_weight=2424 135 2289 93 2215
internal_count=2424 135 2289 93 2215
is_linear=0
shrinkage=0.04


Tree=58
num_leaves=8
num_cat=0
split_feature=16 67 69 48 117 88 5
split_gain=0.822031 1.12386 2.23074 0.805375 0.738482 0.941266 0.262253
threshold=0.55569335707715517 0.017585927888165064 -0.3133799814145739 0.59748969284103448 0.31697334176864583 0.36505622632985096 0.86077506752199251
decision_type=2 2 2 2 2 2 2
left_child=1 3 -3 -1 6 -6 -2
right_child=4 2 -4 -5 5 -7 -8
leaf_value=3.1447775471066734e-05 0.00018172580261528542 -0.0002788999456232861 -1.5471647459292473e-05 -0.00029540324433815964 7.6696331203338463e-05 -0.00018479569766627146 5.9143943417558294e-05
leaf_weight=1154 199 68 620 40 157 41 145
leaf_count=1154 199 68 620 40 157 41 145
internal_value=0.000336356 -5.94478e-05 -0.00134493 0.000682274 0.00170588 -0.00024 0.00282081
internal_weight=2424 1882 688 1194 542 198 344
internal_count=2424 1882 688 1194 542 198 344
is_linear=0
shrinkage=0.04


Tree=59
num_leaves=6
num_cat=0
split_feature=7 85 103 50 112
split_gain=0.921917 0.699468 0.66055 0.721477 0.322353
threshold=1.9379730069919463 -0.12004314466284631 -0.93508515494544142 -0.2893433852785014 -0.25833728617346757
decision_type=2 2 2 2 2
left_child=2 -2 4 -4 -1
right_child=1 -3 3 -5 -6
leaf_value=5.6686036921623983e-07 1.3901067306684272e-05 -0.00050047965021882319 -1.5646159851793392e-05 2.0867310608170415e-05 0.00018338263243683261
leaf_weight=53 40 41 698 1362 230
leaf_count=53 40 41 698 1362 230
internal_value=0.000336356 -0.00380723 0.000482729 0.000232784 0.00228772
internal_weight=2424 81 2343 2060 283
internal_count=2424 81 2343 2060 283
is_linear=0
shrinkage=0.04


Tree=60
num_leaves=6
num_cat=0
split_feature=7 114 90 56 7
split_gain=0.700625 0.609427 0.653529 0.593285 0.0540403
threshold=1.9379730069919463 -1.4440389134224765 -0.67524996558118633 0.1746680527033356 -0.29338356168455448
decision_type=2 2 2 2 2
left_child=1 4 -3 -2 -1
right_child=3 2 -4 -5 -6
leaf_value=0.00022859099056554268 -0.00045512690537157511 -0.00020466260996045962 9.7485557641673011e-06 1.6055956164931999e-05 0.00021009159085098525
leaf_weight=40 40 54 2175 41 74
leaf_count=40 40 54 2175 41 74
internal_value=0.000286892 0.000414499 0.000267145 -0.0033253 0.00324138
internal_weight=2424 2343 2229 81 114
internal_count=2424 2343 2229 81 114
is_linear=0
shrinkage=0.04


Tree=61
num_leaves=7
num_cat=0
split_feature=68 43 14 21 85 35
split_gain=0.709723 0.737404 0.751646 0.504039 0.789727 0.286613
threshold=-0.69773443869352725 2.5993064390203369 -0.87228424534893345 -0.27864284817039592 -0.099824753732333113 0.81700233059649074
decision_type=2 2 2 2 2 2
left_child=3 2 -2 4 -1 -5
right_child=1 -3 -4 5 -6 -7
leaf_value=0.00018166492865393934 0.00014483132100090787 -0.00034826183506348087 -9.5700232519168416e-07 0.00016352631847685998 -0.00016670005861499522 0.00014223170949655337
leaf_weight=47 192 69 1853 181 42 40
leaf_count=47 192 69 1853 181 42 40
internal_value=0.000270404 7.56159e-06 0.000146556 0.00205128 -0.000483516 0.00306726
internal_weight=2424 2114 2045 310 89 221
internal_count=2424 2114 2045 310 89 221
is_linear=0
shrinkage=0.04


Tree=62
num_leaves=5
num_cat=0
split_feature=14 36 34 101
split_gain=0.745232 1.01162 0.969545 0.109102
threshold=-1.165255144232199 1.2387413120106896 0.48462371604815319 -0.51879872464906562
decision_type=2 2 2 2
left_child=3 2 -2 -1
right_child=1 -3 -4 -5
leaf_value=0.00013836036513351074 -3.1735583943251921e-06 -0.00041860777468364876 9.6252109493735868e-05 0.00025582640719751823
leaf_weight=49 1709 56 519 91
leaf_count=49 1709 56 519 91
internal_value=0.000286892 0.000111986 0.000247534 0.00309859
internal_weight=2424 2284 2228 140
internal_count=2424 2284 2228 140
is_linear=0
shrinkage=0.04


Tree=63
num_leaves=8
num_cat=0
split_feature=68 28 113 104 101 95 42
split_gain=0.709723 0.762457 0.79753 0.475225 0.615558 0.169612 0.144264
threshold=-0.69773443869352725 1.4744243769366203 0.69654212622218326 -0.043273462974743632 -0.2215570692632188 0.16354608378285482 -0.63291645800714835
decision_type=2 2 2 2 2 2 2
left_child=3 2 -2 4 -1 -5 -3
right_child=1 6 -4 5 -6 -7 -8
leaf_value=-0.00016537256780087457 6.9076784367723578e-06 0.00011567706229696356 -9.6063100650486851e-05 0.00013316141362664291 0.00021615303042071005 0.00014567897661330945 0.00036388436640705067
leaf_weight=68 1653 40 335 146 56 40 86
leaf_count=68 1653 40 335 146 56 40 86
internal_value=0.000270404 7.56159e-06 -0.000184924 0.00205128 0.000126984 0.00331915 0.003
internal_weight=2424 2114 1988 310 124 186 126
internal_count=2424 2114 1988 310 124 186 126
is_linear=0
shrinkage=0.04


Tree=64
num_leaves=7
num_cat=0
split_feature=85 93 76 42 71 14
split_gain=0.714318 1.26096 0.731645 1.03613 0.832419 0.63263
threshold=1.374763498805821 -0.14657143748977661 0.16399044030685289 1.0482853426147007 1.1645609350212938 0.0087385823553800656
decision_type=2 2 2 2 2 2
left_child=2 -2 4 -4 -1 -3
right_child=1 5 3 -5 -6 -7
leaf_value=6.2493890341491234e-05 -0.00014466336481533482 0.0004740240346135312 -4.9983200000516986e-07 -0.00010988857029024598 -0.0003338291497835959 -0.0002062467942921262
leaf_weight=1290 63 47 875 52 57 40
leaf_count=1290 63 47 875 52 57 40
internal_value=0.000286892 -0.00236842 0.000463972 -0.00040043 0.00105856 0.000764045
internal_weight=2424 150 2274 927 1347 87
internal_count=2424 150 2274 927 1347 87
is_linear=0
shrinkage=0.04


Tree=65
num_leaves=6
num_cat=0
split_feature=90 80 0 58 110
split_gain=0.813903 1.06466 0.853655 0.893805 0.652847
threshold=0.72433838909199333 1.971726589340222 -1.1281958318172585 0.53100255466295143 -0.94275916816003857
decision_type=2 2 2 2 2
left_child=1 4 -2 -4 -1
right_child=2 -3 3 -5 -6
leaf_value=0.0001089306294517867 -0.00014998128517963445 -0.00044050546146174257 0.00013907570087584719 -9.6800992829128353e-05 -4.0554834533704265e-06
leaf_weight=258 48 42 479 73 1524
leaf_count=258 48 42 479 73 1524
internal_value=0.00038582 -3.50491e-05 0.00166113 0.0021083 0.000116592
internal_weight=2424 1824 600 552 1782
internal_count=2424 1824 600 552 1782
is_linear=0
shrinkage=0.04


Tree=66
num_leaves=8
num_cat=0
split_feature=123 89 96 85 87 0 59
split_gain=0.715746 1.4516 2.54033 0.849337 1.1253 0.933604 0.659713
threshold=0.79217051641586556 0.20169186347973073 0.39973316165408168 1.374763498805821 0.39277660121816121 -0.87248994990788253 1.1969056619650238
decision_type=2 2 2 2 2 2 2
left_child=3 2 -2 5 -5 -1 -3
right_child=1 6 -4 4 -6 -7 -8
leaf_value=-7.4998989173644175e-05 -6.236587427456643e-06 0.00011740922245453483 -0.00051167978182658689 -0.00036652382025121748 3.4421590874642815e-05 4.7547188114924663e-05 -0.00010325321586006165
leaf_weight=241 144 117 51 48 69 1706 48
leaf_count=241 144 117 51 48 69 1706 48
internal_value=0.000204452 -0.00143646 -0.00375634 0.000491772 -0.00278992 0.000691637 0.00131737
internal_weight=2424 360 195 2064 117 1947 165
internal_count=2424 360 195 2064 117 1947 165
is_linear=0
shrinkage=0.04


Tree=67
num_leaves=6
num_cat=0
split_feature=7 98 116 93 56
split_gain=0.726374 0.776754 1.38437 0.762749 0.593285
threshold=1.9379730069919463 0.96276581331852962 -1.0709466986831135 -1.9563652257142097 0.1746680527033356
decision_type=2 2 2 2 2
left_child=1 3 -3 -1 -2
right_child=4 2 -4 -5 -6
leaf_value=-7.0282342144307815e-05 -0.00040727635875826304 0.00011150416285613824 -0.00019202027568324763 1.9705477087408301e-05 2.4321837183242764e-05
leaf_weight=55 40 68 136 2084 41
leaf_count=55 40 68 136 2084 41
internal_value=0.000352844 0.000482729 -0.00186408 0.00070808 -0.0033253
internal_weight=2424 2343 204 2139 81
internal_count=2424 2343 204 2139 81
is_linear=0
shrinkage=0.04


Tree=68
num_leaves=5
num_cat=0
split_feature=83 126 48 80
split_gain=0.659065 0.612165 0.791682 0.666825
threshold=-0.96352722896044551 0.48064103252791374 -0.99944179660442034 1.8666816670114543
decision_type=2 2 2 2
left_child=-1 3 -3 -2
right_child=1 2 -4 -5
leaf_value=-7.2599354488816394e-05 3.1617075233012317e-05 5.8883073018067902e-05 -8.0714570704809e-05 -0.00040163421072706714
leaf_weight=48 1683 85 563 45
leaf_count=48 1683 85 563 45
internal_value=0.00038582 0.000481077 -0.000566154 0.000873989
internal_weight=2424 2376 648 1728
internal_count=2424 2376 648 1728
is_linear=0
shrinkage=0.04


Tree=69
num_leaves=5
num_cat=0
split_feature=83 28 77 7
split_gain=0.640147 0.68492 0.920256 0.0569887
threshold=-0.96352722896044551 1.4744243769366203 -0.81241856193747097 1.0120018692070503
decision_type=2 2 2 2
left_child=-1 2 -2 -3
right_child=1 3 -4 -5
leaf_value=-6.9695380309263739e-05 -7.7805803580520056e-05 0.00037878974978311362 1.4595440998207715e-05 4.9347226762826175e-05
leaf_weight=48 374 83 1879 40
leaf_count=48 374 83 1879 40
internal_value=0.000319868 0.000413793 0.000253659 0.003296
internal_weight=2424 2376 2253 123
internal_count=2424 2376 2253 123
is_linear=0
shrinkage=0.04


Tree=70
num_leaves=6
num_cat=0
split_feature=90 80 42 0 61
split_gain=0.710898 1.05709 0.858172 0.809514 0.598956
threshold=0.72433838909199333 1.971726589340222 1.2879170977083882 -1.1281958318172585 0.31599960802879562
decision_type=2 2 2 2 2
left_child=1 2 -1 -2 -5
right_child=3 -3 -4 4 -6
leaf_value=6.8714632980118185e-06 -0.00013849325486547131 -0.00039254200391981099 -0.00012805734325441344 0.00012946461052131566 2.4573258093117959e-07
leaf_weight=1741 48 42 41 398 154
leaf_count=1741 48 42 41 398 154
internal_value=0.000336356 -5.69549e-05 9.41706e-05 0.00152824 0.0019639
internal_weight=2424 1824 1782 600 552
internal_count=2424 1824 1782 600 552
is_linear=0
shrinkage=0.04


Tree=71
num_leaves=7
num_cat=0
split_feature=68 113 111 67 95 115
split_gain=0.74666 0.773862 1.31217 0.711212 0.387333 0.316712
threshold=-0.69773443869352725 0.69654212622218326 0.64595875030488925 0.95221202361523849 0.33440413700619731 -0.40766885975720418
decision_type=2 2 2 2 2 2
left_child=4 3 -3 -2 5 -1
right_child=1 2 -4 -5 -6 -7
leaf_value=5.6875737004939879e-05 4.3023247884936847e-06 -0.00017454843721230134 -2.2762292410099022e-06 0.00016522169365953959 -1.9684930007414248e-06 0.00015758522956322931
leaf_weight=66 1606 78 304 126 46 198
leaf_count=66 1606 78 304 126 46 198
internal_value=0.000352844 8.3176e-05 -0.00154167 0.000442907 0.00217949 0.00276692
internal_weight=2424 2114 382 1732 310 264
internal_count=2424 2114 382 1732 310 264
is_linear=0
shrinkage=0.04


Tree=72
num_leaves=8
num_cat=0
split_feature=16 67 69 126 117 44 35
split_gain=0.654975 1.09683 1.4428 0.650438 0.631197 1.16913 0.309308
threshold=0.55569335707715517 0.017585927888165064 -0.32904615700845247 -0.06058126226278121 0.31697334176864583 0.51210855857608972 0.98217514514488191
decision_type=2 2 2 2 2 2 2
left_child=1 3 -3 -1 6 -6 -2
right_child=4 2 -4 -5 5 -7 -8
leaf_value=0.00010804396137716258 0.00014599003304495328 -0.00028423614036648422 -1.4864228358718139e-05 3.6758576072416674e-07 7.2939229297861786e-05 -0.00025468051508851413 -5.5381087717984219e-06
leaf_weight=458 300 65 623 736 134 64 44
leaf_count=458 300 65 623 736 134 64 44
internal_value=0.000336356 -1.6985e-05 -0.00128696 0.000715719 0.00155882 -0.00024 0.0025896
internal_weight=2424 1882 688 1194 542 198 344
internal_count=2424 1882 688 1194 542 198 344
is_linear=0
shrinkage=0.04


Tree=73
num_leaves=5
num_cat=0
split_feature=28 37 83 106
split_gain=0.676309 0.547586 0.613304 0.527863
threshold=-0.79815477388012723 -0.59112820035597269 -0.90258327811700745 -0.48872745257422112
decision_type=2 2 2 2
left_child=-1 3 -3 -2
right_child=1 2 -4 -5
leaf_value=-0.00044546467102701197 -1.8863858617484139e-06 -6.157552787870374e-05 4.8792163201207341e-06 0.00017048894932640037
leaf_weight=40 106 61 2054 163
leaf_count=40 106 61 2054 163
internal_value=0.000270404 0.00035876 0.00014171 0.00205166
internal_weight=2424 2384 2115 269
internal_count=2424 2384 2115 269
is_linear=0
shrinkage=0.04


Tree=74
num_leaves=6
num_cat=0
split_feature=68 8 28 46 102
split_gain=0.74666 0.628651 0.649362 0.475789 0.405241
threshold=-0.69773443869352725 1.4478983585144627 1.4744243769366203 -1.3302022819610959 -1.0542168404398058
decision_type=2 2 2 2 2
left_child=3 2 -2 -1 -5
right_child=1 -3 -4 4 -6
leaf_value=-0.00012084084921926475 7.8467845974505468e-08 -0.00023442032595781336 0.00020552928757287326 -1.0523913859326049e-06 0.00015736785927965004
leaf_weight=41 1951 40 123 41 228
leaf_count=41 1951 40 123 41 228
internal_value=0.000352844 8.3176e-05 0.000181118 0.00217949 0.00278967
internal_weight=2424 2114 2074 310 269
internal_count=2424 2114 2074 310 269
is_linear=0
shrinkage=0.04


Tree=75
num_leaves=8
num_cat=0
split_feature=16 36 51 115 121 48 73
split_gain=0.570943 0.775594 1.02961 0.609428 0.553012 0.963274 0.146092
threshold=0.55569335707715517 0.74283948499016017 0.3739837995563115 -0.060447933207816475 -0.24951628154057423 1.1856451800112684 0.10259397726095945
decision_type=2 2 2 2 2 2 2
left_child=1 3 -3 -1 6 -6 -2
right_child=4 2 -4 -5 5 -7 -8
leaf_value=3.777734684430725e-05 0.00013999283433843948 -0.0003717999697730677 2.0410510459519366e-05 -1.5473196044100661e-05 4.6900576566877536e-05 -0.00012707627394162405 0.00020370987717955257
leaf_weight=826 90 75 48 933 283 50 119
leaf_count=826 90 75 48 933 283 50 119
internal_value=0.000270404 -5.94478e-05 -0.003104 0.000156729 0.00141176 0.00039403 0.00301422
internal_weight=2424 1882 123 1759 542 333 209
internal_count=2424 1882 123 1759 542 333 209
is_linear=0
shrinkage=0.04


Tree=76
num_leaves=5
num_cat=0
split_feature=83 110 60 68
split_gain=0.630787 0.569635 0.70188 0.655503
threshold=-0.96352722896044551 -0.94275916816003857 -0.5196985624754894 -0.69773443869352725
decision_type=2 2 2 2
left_child=-1 2 -2 -3
right_child=1 3 -4 -5
leaf_value=-6.8613582249905857e-05 -2.65692694938666e-05 5.5911629872606405e-05 0.00020567447770563122 -3.0305839958904827e-06
leaf_weight=48 105 289 183 1799
leaf_count=48 105 289 183 1799
internal_value=0.000286892 0.000380152 0.00204138 0.000149282
internal_weight=2424 2376 288 2088
internal_count=2424 2376 288 2088
is_linear=0
shrinkage=0.04


Tree=77
num_leaves=6
num_cat=0
split_feature=9 68 28 46 24
split_gain=0.675331 0.5457 0.577255 0.414139 0.302366
threshold=1.2959510979249351 -0.69773443869352725 1.3884400019034813 -1.3302022819610959 0.64739547886751903
decision_type=2 2 2 2 2
left_child=1 3 -3 -1 -2
right_child=4 2 -4 -5 -6
leaf_value=-0.00012011970371642532 -8.7132914818062779e-06 -2.0776535350581172e-06 0.00021177510103143738 9.8238813624696252e-05 -3.0685986484664271e-06
leaf_weight=41 40 1908 127 267 41
leaf_count=41 40 1908 127 267 41
internal_value=0.00022094 0.000346269 0.000108002 0.00190968 -0.0033253
internal_weight=2424 2343 2035 308 81
internal_count=2424 2343 2035 308 81
is_linear=0
shrinkage=0.04


Tree=78
num_leaves=6
num_cat=0
split_feature=9 119 90 0 80
split_gain=0.65666 0.978335 0.569715 1.1242 0.766645
threshold=1.2959510979249351 -0.24201276367212038 0.72433838909199333 -1.0545777265099194 1.971726589340222
decision_type=2 2 2 2 2
left_child=2 -2 4 -4 -1
right_child=1 -3 3 -5 -6
leaf_value=2.7690437395643019e-06 3.2821057493922014e-05 -0.0001481951533096964 -7.6115259526787822e-05 9.1260256122926785e-05 -0.00037976767781336759
leaf_weight=1732 41 40 54 515 42
leaf_count=1732 41 40 54 515 42
internal_value=0.000171476 -0.0033253 0.000295096 0.00139405 -5.85584e-05
internal_weight=2424 81 2343 569 1774
internal_count=2424 81 2343 569 1774
is_linear=0
shrinkage=0.04


Tree=79
num_leaves=6
num_cat=0
split_feature=57 35 10 69 10
split_gain=0.561661 0.850138 0.696726 0.64163 0.166571
threshold=0.94882089892658261 1.0488752184172114 1.8834101389065967 -0.30763679915073616 -0.36263609396130564
decision_type=2 2 2 2 2
left_child=1 2 -1 -2 -5
right_child=3 -3 -4 4 -6
leaf_value=5.4359551742818142e-06 -6.8379731563563188e-06 -0.00024535887265412782 -0.00016355050503698545 0.00011445007501120748 0.0002172685417806368
leaf_weight=2056 68 59 65 40 136
leaf_count=2056 68 59 65 40 136
internal_value=0.000204452 1.48875e-10 0.000133773 0.00201626 0.0032809
internal_weight=2424 2180 2121 244 176
internal_count=2424 2180 2121 244 176
is_linear=0
shrinkage=0.04


Tree=80
num_leaves=6
num_cat=0
split_feature=14 36 69 87 117
split_gain=0.541636 0.743598 0.776449 0.351084 0.725599
threshold=-0.91526900179587878 1.2387413120106896 0.87501051405800567 0.33561817045982756 0.58060919749171125
decision_type=2 2 2 2 2
left_child=3 2 -2 4 -1
right_child=1 -3 -4 -5 -6
leaf_value=-3.0006214476276647e-05 -1.8016922282941011e-06 -0.00044224186033171831 0.00015928441827151669 0.00023089002232159773 0.0002476578585295893
leaf_weight=84 1915 49 220 91 65
leaf_count=84 1915 49 220 91 65
internal_value=0.000187964 -1.09788e-05 0.000102948 0.00198347 0.000768212
internal_weight=2424 2184 2135 240 149
internal_count=2424 2184 2135 240 149
is_linear=0
shrinkage=0.04


Tree=81
num_leaves=6
num_cat=0
split_feature=43 117 73 7 112
split_gain=0.617631 0.72197 0.56556 0.791599 0.40116
threshold=2.3589512713433725 -0.0694112741597286 0.66136821994200445 1.0120018692070503 0.11789888649430978
decision_type=2 2 2 2 2
left_child=2 -2 3 -1 -4
right_child=1 -3 4 -5 -6
leaf_value=5.2765102540656954e-06 7.8386344303335467e-05 -0.00037788307323487289 1.7897190800985002e-05 -7.4579660730900513e-05 8.2867372669224057e-05
leaf_weight=1675 40 50 216 200 243
leaf_count=1675 40 50 216 200 243
internal_value=0.000171476 -0.00304348 0.000297945 -1.06552e-05 0.00155315
internal_weight=2424 90 2334 1875 459
internal_count=2424 90 2334 1875 459
is_linear=0
shrinkage=0.04


Tree=82
num_leaves=6
num_cat=0
split_feature=17 50 26 123 7
split_gain=0.688596 0.742468 1.13422 0.909047 0.146669
threshold=-0.93458920097481557 -0.2893433852785014 0.84152155349164526 0.53325327602478234 -0.10667554364981806
decision_type=2 2 2 2 2
left_child=4 2 -2 -3 -1
right_child=1 3 -4 -5 -6
leaf_value=0.00011403668589113546 -5.750382065904331e-06 4.4225796409774118e-05 -0.00024815374640567797 -4.9618770446718859e-05 0.00011102496767378125
leaf_weight=40 634 1215 85 360 90
leaf_count=40 634 1215 85 360 90
internal_value=0.00022094 5.92336e-05 -0.00100416 0.000545339 0.0030303
internal_weight=2424 2294 719 1575 130
internal_count=2424 2294 719 1575 130
is_linear=0
shrinkage=0.04


Tree=83
num_leaves=6
num_cat=0
split_feature=98 93 7 67 105
split_gain=0.615468 1.35672 0.711146 0.652699 0.568077
threshold=0.96276581331852962 -0.17177120083800193 1.9379730069919463 1.1247758500994063 0.42481992201171731
decision_type=2 2 2 2 2
left_child=2 -2 3 -1 -3
right_child=1 4 -4 -5 -6
leaf_value=9.1827994821064492e-06 -0.00030064212002752926 2.4290509834774746e-05 -0.00032644801133454004 0.00013296771253063657 -3.8390281895388343e-05
leaf_weight=2027 42 114 69 112 60
leaf_count=2027 42 114 69 112 60
internal_value=0.00030338 -0.00172477 0.000503168 0.000633349 -0.000136363
internal_weight=2424 216 2208 2139 174
internal_count=2424 216 2208 2139 174
is_linear=0
shrinkage=0.04


Tree=84
num_leaves=8
num_cat=0
split_feature=68 28 28 4 1 36 47
split_gain=0.658121 0.724439 0.647257 0.39227 0.523525 0.257148 0.144264
threshold=-0.69773443869352725 1.4744243769366203 0.96172666426756714 -0.21972121859139851 -0.31935973626767461 0.88110504578905047 0.47104872720257557
decision_type=2 2 2 2 2 2 2
left_child=3 2 -2 4 -1 -5 -3
right_child=1 6 -4 5 -6 -7 -8
leaf_value=0.00014497000310962672 1.1204016023911115e-06 1.0592331934626344e-05 -6.5391361441421197e-05 0.00012799636216898427 -0.00033864748725540283 -1.1712440946942383e-05 0.0002488676449472028
leaf_weight=41 1759 40 229 186 43 40 86
leaf_count=41 1759 40 229 186 43 40 86
internal_value=0.000336356 8.3176e-05 -0.000104522 0.00205128 -0.00027907 0.00291228 0.003
internal_weight=2424 2114 1988 310 84 226 126
internal_count=2424 2114 1988 310 84 226 126
is_linear=0
shrinkage=0.04


Tree=85
num_leaves=6
num_cat=0
split_feature=68 18 43 42 18
split_gain=0.575167 0.630303 0.568794 0.617157 0.325485
threshold=-0.69773443869352725 -0.41389629640632947 2.5993064390203369 -0.50784412649060717 0.57794709235322361
decision_type=2 2 2 2 2
left_child=1 -1 3 -2 -3
right_child=2 4 -4 -5 -6
leaf_value=-1.2410032907979438e-05 4.7005876961607344e-05 0.0001422621845039951 -0.00031121377038007605 -2.2035234643713614e-06 3.3776021091946062e-06
leaf_weight=64 522 197 69 1523 49
leaf_count=64 522 197 69 1523 49
internal_value=0.000319868 0.00192308 8.3176e-05 0.000205178 0.00283871
internal_weight=2424 310 2114 2045 246
internal_count=2424 310 2114 2045 246
is_linear=0
shrinkage=0.04


Tree=86
num_leaves=6
num_cat=0
split_feature=73 97 37 108 108
split_gain=0.609058 1.02531 0.756062 0.42245 0.473587
threshold=0.66136821994200445 -1.5832958952049663 1.4917059448426395 0.82565905354079094 -0.60839639775238152
decision_type=2 2 2 2 2
left_child=1 -1 -3 4 -2
right_child=3 2 -4 -5 -6
leaf_value=-0.00031581516243878844 -6.3013393392549948e-06 3.3925261707939405e-06 -0.00028406571230449605 -0.00010616850521352694 0.00011965117688572401
leaf_weight=54 123 1807 83 45 312
leaf_count=54 123 1807 83 45 312
internal_value=0.00022094 -9.45528e-05 6.34251e-05 0.00149378 0.00187643
internal_weight=2424 1944 1890 480 435
internal_count=2424 1944 1890 480 435
is_linear=0
shrinkage=0.04


Tree=87
num_leaves=6
num_cat=0
split_feature=28 28 121 117 63
split_gain=0.644543 0.818029 1.23179 0.678339 0.144264
threshold=1.4744243769366203 0.7703098005200556 -0.67542651616866867 0.86251061266205509 0.43043105881875288
decision_type=2 2 2 2 2
left_child=1 3 -3 -1 -2
right_child=4 2 -4 -5 -6
leaf_value=1.4610216622018364e-06 0.00034297642383987812 6.5707451579983842e-05 -7.4915054710539766e-05 9.9591697754945066e-05 3.5497567404270123e-05
leaf_weight=1658 86 74 277 289 40
leaf_count=1658 86 74 277 289 40
internal_value=0.000237428 8.34784e-05 -0.00168839 0.00040431 0.003
internal_weight=2424 2298 351 1947 126
internal_count=2424 2298 351 1947 126
is_linear=0
shrinkage=0.04


Tree=88
num_leaves=6
num_cat=0
split_feature=14 35 69 100 0
split_gain=0.541495 0.824353 0.848062 0.223695 0.000813227
threshold=-1.165255144232199 1.071974905848329 0.87501051405800567 -0.46710139780192778 -0.037812928749079891
decision_type=2 2 2 2 2
left_child=3 2 -2 -1 -5
right_child=1 -3 -4 4 -6
leaf_value=8.1384638414947703e-05 -1.5465000965621729e-06 -0.00039599691776731166 0.00014009576167327897 0.00013105126926436536 0.00022333803382445155
leaf_weight=40 1995 47 242 40 60
leaf_count=40 1995 47 242 40 60
internal_value=0.0001385 -1.04985e-05 0.000101831 0.00253521 0.00352941
internal_weight=2424 2284 2237 140 100
internal_count=2424 2284 2237 140 100
is_linear=0
shrinkage=0.04


Tree=89
num_leaves=6
num_cat=0
split_feature=67 17 0 122 17
split_gain=0.541669 0.594822 0.773458 0.16938 0.132937
threshold=1.1247758500994063 -0.95118663561833161 -0.75946753911900433 0.32240331394889776 -1.0012409868391663
decision_type=2 2 2 2 2
left_child=1 4 -3 -2 -1
right_child=3 2 -4 -5 -6
leaf_value=4.9124688426728634e-05 0.00015163782885516225 -5.6593779674906124e-05 2.9053930884163574e-06 8.8953630023056661e-06 0.00017667461085079313
leaf_weight=40 74 323 1865 52 70
leaf_count=40 74 323 1865 52 70
internal_value=0.000154988 1.39132e-05 -0.000131507 0.0026875 0.00285714
internal_weight=2424 2298 2188 126 110
internal_count=2424 2298 2188 126 110
is_linear=0
shrinkage=0.04


Tree=90
num_leaves=5
num_cat=0
split_feature=67 8 11 28
split_gain=0.527651 0.61875 0.579365 0.152209
threshold=1.1247758500994063 1.4478983585144627 0.81832409201837308 1.136033239603915
decision_type=2 2 2 2
left_child=1 2 -1 -2
right_child=3 -3 -4 -5
leaf_value=-1.0398241362568393e-06 0.00016436858563109206 -0.00017386901355602964 4.2956682433828597e-05 1.0250694999077715e-05
leaf_weight=1941 71 40 317 55
leaf_count=1941 71 40 317 55
internal_value=0.000187964 4.86958e-05 0.000138053 0.0026875
internal_weight=2424 2298 2258 126
internal_count=2424 2298 2258 126
is_linear=0
shrinkage=0.04


Tree=91
num_leaves=7
num_cat=0
split_feature=59 32 89 16 115 110
split_gain=0.531275 1.3882 0.892512 0.886914 0.80736 0.554304
threshold=-0.5710694911066424 0.65742725299401572 0.18599377211706658 0.55569335707715517 -0.060447933207816475 0.90511068508269132
decision_type=2 2 2 2 2 2
left_child=1 2 -1 4 -2 -5
right_child=3 -3 -4 5 -6 -7
leaf_value=7.4105903061371663e-05 2.6392462993855942e-05 -0.00020823953314217086 -2.6169921069531995e-05 0.00012947336561896242 -3.5591506455196376e-05 -4.2553516077372972e-05
leaf_weight=115 811 47 90 398 908 55
leaf_count=115 811 47 90 398 908 55
internal_value=0.000187964 -0.00154331 -9.66182e-05 0.000390065 -2.55664e-05 0.00196044
internal_weight=2424 252 205 2172 1719 453
internal_count=2424 252 205 2172 1719 453
is_linear=0
shrinkage=0.04


Tree=92
num_leaves=4
num_cat=0
split_feature=47 42 68
split_gain=0.56741 0.536088 0.583776
threshold=1.8817525616946689 1.2879170977083882 -0.79817611394903887
decision_type=2 2 2
left_child=1 2 -1
right_child=-2 -3 -4
leaf_value=0.00013341997954626077 0.00012885406480511063 -8.0743899277502612e-05 -1.1679770905722035e-07
leaf_weight=145 81 49 2149
leaf_count=145 81 49 2149
internal_value=0.000171476 5.62901e-05 0.000146342
internal_weight=2424 2343 2294
internal_count=2424 2343 2294
is_linear=0
shrinkage=0.04


Tree=93
num_leaves=7
num_cat=0
split_feature=69 123 4 85 74 1
split_gain=0.617513 0.673738 1.26358 0.947392 0.4604 0.394843
threshold=0.86275293887196403 0.57009031900616802 -0.33919648750807369 1.374763498805821 -0.56177155542167534 -0.37884416307968111
decision_type=2 2 2 2 2 2
left_child=1 3 -3 -1 -2 -6
right_child=4 2 -4 -5 5 -7
leaf_value=1.8029131505906096e-05 -0.00036570481012423154 8.9620015205349254e-06 -0.0001282675366795815 -0.0001003790440012663 -1.1274805900260145e-05 0.00012649093003011191
leaf_weight=1540 50 259 242 95 40 198
leaf_count=1540 50 259 242 95 40 198
internal_value=0.000171476 -6.36107e-05 -0.00134394 0.000329872 0.00190345 0.00263333
internal_weight=2424 2136 501 1635 288 238
internal_count=2424 2136 501 1635 288 238
is_linear=0
shrinkage=0.04


Tree=94
num_leaves=5
num_cat=0
split_feature=79 14 96 100
split_gain=0.534577 0.494601 0.56246 0.214862
threshold=-1.4662200071308742 -1.165255144232199 -0.76489785592469228 -0.46710139780192778
decision_type=2 2 2 2
left_child=-1 3 -3 -2
right_child=1 2 -4 -5
leaf_value=0.0001582946585530436 7.8026075622054139e-05 8.8199375619603848e-05 -1.9501094552478307e-06 0.00018234234085092173
leaf_weight=60 40 250 1981 93
leaf_count=60 40 250 1981 93
internal_value=0.000204452 0.0001082 -3.40348e-05 0.00245926
internal_weight=2424 2364 2231 133
internal_count=2424 2364 2231 133
is_linear=0
shrinkage=0.04


Tree=95
num_leaves=6
num_cat=0
split_feature=60 93 59 83 39
split_gain=0.675062 1.43145 0.644663 1.17333 0.655719
threshold=0.76691211078520805 -0.51244657542887617 -0.52479381283404669 0.26276375431110566 -0.22824064276437422
decision_type=2 2 2 2 2
left_child=2 -2 3 -1 -4
right_child=1 -3 4 -5 -6
leaf_value=1.2906970194512787e-06 -0.00010395894054493104 0.00017924307810582199 9.0070793308972356e-05 -0.00013338381229195198 1.3073028275504327e-06
leaf_weight=234 45 42 696 84 1323
leaf_count=234 45 42 696 84 1323
internal_value=0.0001385 -0.0032809 0.000268491 -0.0014 0.00053241
internal_weight=2424 87 2337 318 2019
internal_count=2424 87 2337 318 2019
is_linear=0
shrinkage=0.04


Tree=96
num_leaves=7
num_cat=0
split_feature=17 45 97 97 111 100
split_gain=0.619948 1.21781 1.18138 1.03381 0.785732 0.522204
threshold=0.37950516951442526 -1.5794606077934648 0.015922174723867089 -1.6762420032423377 1.2414328553777414 -0.56205528385653158
decision_type=2 2 2 2 2 2
left_child=3 2 -2 -1 -5 -3
right_child=1 5 -4 4 -6 -7
leaf_value=-0.00029017597166000733 1.116670835018157e-05 -1.0565634548606378e-05 -0.00012812396739239523 2.5953039022874376e-06 -0.00019253590438614288 0.00011693478352835183
leaf_weight=53 46 139 43 1595 74 474
leaf_count=53 46 139 43 1595 74 474
internal_value=0.000204452 0.00120455 -0.00312088 -0.000204176 -2.63314e-05 0.00184065
internal_weight=2424 702 89 1722 1669 613
internal_count=2424 702 89 1722 1669 613
is_linear=0
shrinkage=0.04


Tree=97
num_leaves=5
num_cat=0
split_feature=67 25 8 26
split_gain=0.621654 0.701636 0.671758 0.144264
threshold=1.1247758500994063 1.1989652155098818 1.4478983585144627 0.49730302047902231
decision_type=2 2 2 2
left_child=1 2 -1 -2
right_child=3 -3 -4 -5
leaf_value=5.0910954986659202e-06 4.0406887638204752e-05 -7.7794796041041252e-05 -0.00015031570624411095 6.657845729931472e-05
leaf_weight=2200 40 58 40 86
leaf_count=2200 40 58 40 86
internal_value=0.000286892 0.000135652 0.000249777 0.003
internal_weight=2424 2298 2240 126
internal_count=2424 2298 2240 126
is_linear=0
shrinkage=0.04


Tree=98
num_leaves=6
num_cat=0
split_feature=94 43 126 43 0
split_gain=0.531907 0.588663 1.10719 0.72963 0.047973
threshold=1.6020382493894896 -0.82666165092121646 -0.20221216069569073 0.067205013980035685 -0.085370396144206898
decision_type=2 2 2 2 2
left_child=1 2 -1 -3 -2
right_child=4 3 -4 -5 -6
leaf_value=0.00016911309719768648 1.2916109134172407e-05 3.7251363349179527e-05 -0.00012100678278264025 -5.3864678954071739e-06 0.00019987722764849291
leaf_weight=83 40 1029 112 1101 59
leaf_count=83 40 1029 112 1101 59
internal_value=0.000286892 0.000163301 -0.00192893 0.000356473 0.00312871
internal_weight=2424 2325 195 2130 99
internal_count=2424 2325 195 2130 99
is_linear=0
shrinkage=0.04


Tree=99
num_leaves=5
num_cat=0
split_feature=56 56 91 93
split_gain=0.553808 0.58653 0.760261 0.178674
threshold=1.373455247026768 1.1617973200801617 -0.12646698938665646 0.48785420854461042
decision_type=2 2 2 2
left_child=1 2 -1 -2
right_child=3 -3 -4 -5
leaf_value=-6.1003591554717205e-06 0.00013159172141592385 -0.00053221912583449236 2.219449268727094e-05 7.9017955484950552e-05
leaf_weight=910 51 54 1331 78
leaf_count=910 51 54 1331 78
internal_value=0.000187964 4.35352e-05 0.00014445 0.00271756
internal_weight=2424 2295 2241 129
internal_count=2424 2295 2241 129
is_linear=0
shrinkage=0.04


Tree=100
num_leaves=6
num_cat=0
split_feature=17 0 112 72 17
split_gain=0.535853 0.768846 0.871924 0.840848 0.132937
threshold=-0.95118663561833161 -0.75946753911900433 0.18186209306806017 -0.25812435156476993 -1.0012409868391663
decision_type=2 2 2 2 2
left_child=4 2 -2 -3 -1
right_child=1 3 -4 -5 -6
leaf_value=5.1110502358057913e-05 -8.6548894587920017e-05 -3.3573408375800649e-05 1.7075153230894419e-05 2.2115650976722418e-05 0.00016217808627217632
leaf_weight=40 191 672 151 1300 70
leaf_count=40 191 672 151 1300 70
internal_value=0.000154988 2.41798e-05 -0.00172093 0.000328268 0.00285714
internal_weight=2424 2314 342 1972 110
internal_count=2424 2314 342 1972 110
is_linear=0
shrinkage=0.04


Tree=101
num_leaves=5
num_cat=0
split_feature=46 46 51 1
split_gain=0.529332 0.978814 0.611284 0.12187
threshold=-4.7450753754617994 -3.2622556079715062 2.3752275007431707 -0.10560347648902219
decision_type=2 2 2 2
left_child=3 -2 -3 -1
right_child=1 2 -4 -5
leaf_value=0.00010953136680821804 -0.00013836940788847988 4.3259179304930909e-06 -0.00029480870470898922 0.00018012630001688407
leaf_weight=42 50 2223 41 68
leaf_count=42 50 2223 41 68
internal_value=0.000171476 4.14509e-05 0.000165931 0.00285714
internal_weight=2424 2314 2264 110
internal_count=2424 2314 2264 110
is_linear=0
shrinkage=0.04


Tree=102
num_leaves=6
num_cat=0
split_feature=14 35 91 100 0
split_gain=0.519373 0.597226 0.656071 0.223695 0.000813227
threshold=-1.165255144232199 1.071974905848329 -0.15446065100799747 -0.46710139780192778 -0.037812928749079891
decision_type=2 2 2 2 2
left_child=3 2 -2 -1 -5
right_child=1 -3 -4 4 -6
leaf_value=7.9525947036059675e-05 -5.629538040307578e-06 -0.00036611616296722862 1.8673769375187497e-05 0.00011652032970214204 0.00020498341311184847
leaf_weight=40 873 47 1364 40 60
leaf_count=40 873 47 1364 40 60
internal_value=0.000187964 4.19949e-05 0.000137562 0.00253521 0.00352941
internal_weight=2424 2284 2237 140 100
internal_count=2424 2284 2237 140 100
is_linear=0
shrinkage=0.04


Tree=103
num_leaves=6
num_cat=0
split_feature=28 28 53 126 47
split_gain=0.520711 0.608232 1.05103 0.740337 0.262642
threshold=1.4744243769366203 0.7703098005200556 -0.58333333333333315 0.35994262336978711 0.47104872720257557
decision_type=2 2 2 2 2
left_child=1 3 -3 -1 -2
right_child=4 2 -4 -5 -6
leaf_value=3.4096169064565102e-05 1.3836131003706638e-06 0.00024696250542610476 -6.5733073805667458e-05 -2.7941896893265679e-05 0.00022985259853422515
leaf_weight=1341 40 61 290 606 86
leaf_count=1341 40 61 290 606 86
internal_value=0.000204452 6.60871e-05 -0.00146176 0.00034274 0.0026875
internal_weight=2424 2298 351 1947 126
internal_count=2424 2298 351 1947 126
is_linear=0
shrinkage=0.04


Tree=104
num_leaves=5
num_cat=0
split_feature=76 121 43 68
split_gain=0.585327 1.36349 0.570335 0.69423
threshold=-0.80461172080915566 -0.15109603908760377 -1.1584495074377188 -0.79817611394903887
decision_type=2 2 2 2
left_child=1 -1 -2 -4
right_child=2 -3 3 -5
leaf_value=8.9290470485494592e-05 -6.1070872575599012e-05 -0.00018223763866380958 0.00012294826090239529 2.6432450104082648e-06
leaf_weight=42 57 42 173 2110
leaf_count=42 57 42 173 2110
internal_value=0.000171476 -0.00306977 0.00029035 0.000390372
internal_weight=2424 84 2340 2283
internal_count=2424 84 2340 2283
is_linear=0
shrinkage=0.04


Tree=105
num_leaves=6
num_cat=0
split_feature=26 14 17 17 61
split_gain=0.605691 1.20944 0.75005 0.852415 0.626951
threshold=1.2953466387835078 0.40048180350713009 0.36848117176134493 0.33378751577826477 0.31129157536213009
decision_type=2 2 2 2 2
left_child=2 -2 3 -1 -4
right_child=1 -3 4 -5 -6
leaf_value=1.0491090171076639e-06 -1.6095269897053614e-05 0.00016437043703962319 0.00010677535547875293 -0.00011713153749405694 -3.3901794146001034e-05
leaf_weight=1629 55 44 492 52 152
leaf_count=1629 55 44 492 52 152
internal_value=0.00022094 -0.00281188 0.000352385 -9.26915e-05 0.00151084
internal_weight=2424 99 2325 1681 644
internal_count=2424 99 2325 1681 644
is_linear=0
shrinkage=0.04


Tree=106
num_leaves=6
num_cat=0
split_feature=26 14 123 37 43
split_gain=0.573268 1.20944 0.622814 1.15025 0.915073
threshold=1.2953466387835078 0.40048180350713009 0.53325327602478234 -0.46803861215401926 0.58413307755086696
decision_type=2 2 2 2 2
left_child=2 -2 4 -4 -1
right_child=1 -3 3 -5 -6
leaf_value=3.9258543805248942e-05 -1.5451459101171483e-05 0.00015779561955803822 -0.00022363661151539094 -3.4343398381666001e-06 -6.160460537217226e-05
leaf_weight=1345 55 44 42 532 406
leaf_count=1345 55 44 42 532 406
internal_value=0.0001385 -0.00281188 0.000266438 -0.000875 0.000641187
internal_weight=2424 99 2325 574 1751
internal_count=2424 99 2325 574 1751
is_linear=0
shrinkage=0.04


Tree=107
num_leaves=6
num_cat=0
split_feature=9 119 117 93 14
split_gain=0.65666 0.978335 0.519219 0.728288 0.349407
threshold=1.2959510979249351 -0.24201276367212038 0.86251061266205509 -0.10285085797933682 -0.48154449500965341
decision_type=2 2 2 2 2
left_child=2 -2 3 -1 -4
right_child=1 -3 4 -5 -6
leaf_value=-1.5233971603433884e-05 2.3297659754840621e-05 -0.00011142347448954842 0.00012164144423589537 1.3547125149739382e-05 6.9406996242892311e-06
leaf_weight=872 41 40 111 1146 214
leaf_count=872 41 40 111 1146 214
internal_value=0.000171476 -0.0033253 0.000295096 5.54457e-05 0.0017737
internal_weight=2424 81 2343 2018 325
internal_count=2424 81 2343 2018 325
is_linear=0
shrinkage=0.04


Tree=108
num_leaves=7
num_cat=0
split_feature=98 48 69 122 29 90
split_gain=0.625497 1.59839 0.81437 0.670898 0.628507 0.238954
threshold=0.96276581331852962 0.46525646390523251 0.86275293887196403 0.79703567822089683 0.055203548273170498 0.089484420981657223
decision_type=2 2 2 2 2 2
left_child=2 4 3 -1 -2 -4
right_child=1 -3 5 -5 -6 -7
leaf_value=-8.939586030270517e-07 -6.5049629405632478e-05 -0.00014125619836523781 3.0744588272009165e-05 6.5970799234435124e-05 0.00031297265180066841 0.0001526885360785096
leaf_weight=1701 124 44 116 245 48 146
leaf_count=1701 124 44 116 245 48 146
internal_value=0.000319868 -0.00172477 0.000521267 0.000238193 4.59772e-05 0.00260606
internal_weight=2424 216 2208 1946 172 262
internal_count=2424 216 2208 1946 172 262
is_linear=0
shrinkage=0.04


Tree=109
num_leaves=7
num_cat=0
split_feature=91 59 7 8 47 36
split_gain=0.542319 1.43196 1.63071 0.94706 0.663106 0.663763
threshold=-0.15446065100799747 -0.52479381283404669 -0.35220554083386624 0.56993364455471052 -0.83303310300865374 0.74283948499016017
decision_type=2 2 2 2 2 2
left_child=1 2 -1 -3 -2 -6
right_child=4 3 -4 -5 5 -7
leaf_value=-0.00032569415308105815 -0.00040320364857521511 1.6020668240199011e-05 8.9212528732219718e-06 -4.9014866837033707e-05 3.5462406009542488e-05 -1.2710383084656677e-05
leaf_weight=46 44 656 56 185 1240 197
leaf_count=46 44 656 56 185 1240 197
internal_value=0.000253916 -0.000495238 -0.00492308 5.21947e-05 0.000730951 0.000881168
internal_weight=2424 943 102 841 1481 1437
internal_count=2424 943 102 841 1481 1437
is_linear=0
shrinkage=0.04


Tree=110
num_leaves=6
num_cat=0
split_feature=90 74 119 0 58
split_gain=0.542827 0.882217 0.809973 0.724685 0.715368
threshold=0.72433838909199333 -1.5767100858670084 1.0404338630029886 -1.1281958318172585 0.53100255466295143
decision_type=2 2 2 2 2
left_child=1 -1 -3 -2 -5
right_child=3 2 -4 4 -6
leaf_value=-0.00010749078661901694 -0.00010363873937692961 2.6437373368685951e-06 -0.00022678993415434917 0.00010279830734195941 -8.9678317237683244e-05
leaf_weight=45 48 1725 54 479 73
leaf_count=45 48 1725 54 479 73
internal_value=0.00022094 -0.000122672 2.02135e-05 0.00126246 0.00167509
internal_weight=2424 1824 1779 600 552
internal_count=2424 1824 1779 600 552
is_linear=0
shrinkage=0.04


Tree=111
num_leaves=6
num_cat=0
split_feature=14 36 33 100 0
split_gain=0.497704 0.542308 0.689924 0.223695 0.000813227
threshold=-1.165255144232199 1.2387413120106896 0.37906202742273287 -0.46710139780192778 -0.037812928749079891
decision_type=2 2 2 2 2
left_child=3 2 -2 -1 -5
right_child=1 -3 -4 4 -6
leaf_value=7.7196893691900889e-05 -1.4464614883823794e-06 -0.00030589696493369192 2.5713095838977212e-05 0.00010740300326795005 0.00019428073682082906
leaf_weight=40 1578 56 650 40 60
leaf_count=40 1578 56 650 40 60
internal_value=0.000237428 9.44883e-05 0.000193722 0.00253521 0.00352941
internal_weight=2424 2284 2228 140 100
internal_count=2424 2284 2228 140 100
is_linear=0
shrinkage=0.04


Tree=112
num_leaves=8
num_cat=0
split_feature=29 2 91 73 121 42 50
split_gain=0.52834 1.00499 1.23098 1.09886 0.6939 0.688906 0.303359
threshold=-0.02792145628302237 -0.32734096522763401 -0.92567711635991834 0.56613813368300525 -0.76028202170481674 1.3458406590185794 -0.28075544606337427
decision_type=2 2 2 2 2 2 2
left_child=1 2 -1 -3 6 -6 -2
right_child=4 3 -4 -5 5 -7 -8
leaf_value=-0.00024297367943230586 1.8402068347625414e-06 -0.00011580112273464344 3.6510631881571035e-05 3.7172120859620877e-05 1.1760560652672441e-05 -0.00011026911788345802 0.00019471415810018455
leaf_weight=84 40 320 660 112 1027 41 140
leaf_count=84 40 320 660 112 1027 41 140
internal_value=0.00022094 -0.000387097 0.000504022 -0.00191705 0.0007936 0.000403738 0.00307692
internal_weight=2424 1176 744 432 1248 1068 180
internal_count=2424 1176 744 432 1248 1068 180
is_linear=0
shrinkage=0.04


Tree=113
num_leaves=5
num_cat=0
split_feature=67 25 122 72
split_gain=0.493399 0.499594 0.494987 0.262642
threshold=1.1247758500994063 1.1989652155098818 0.77009886273701533 1.4485034100518384
decision_type=2 2 2 2
left_child=1 2 -1 -2
right_child=3 -3 -4 -5
leaf_value=-2.2933149663763344e-07 8.3966399663707797e-05 -5.9479676629050143e-05 3.79503367806051e-05 2.1489263891619786e-05
leaf_weight=1888 86 58 352 40
leaf_count=1888 86 58 352 40
internal_value=0.000270404 0.000135652 0.000231936 0.0026875
internal_weight=2424 2298 2240 126
internal_count=2424 2298 2240 126
is_linear=0
shrinkage=0.04


Tree=114
num_leaves=6
num_cat=0
split_feature=90 119 42 0 58
split_gain=0.509008 0.775839 0.898831 0.724685 0.715368
threshold=0.72433838909199333 1.0404338630029886 1.2879170977083882 -1.1281958318172585 0.53100255466295143
decision_type=2 2 2 2 2
left_child=1 2 -1 -2 -5
right_child=3 -3 -4 4 -6
leaf_value=2.8169697782106085e-06 -9.3061021857973407e-05 -0.00021857988363481969 -0.0001079680380179283 9.7351038121030797e-05 -8.6343186958267454e-05
leaf_weight=1730 48 54 40 479 73
leaf_count=1730 48 54 40 479 73
internal_value=0.000253916 -7.88607e-05 6.77202e-05 0.00126246 0.00167509
internal_weight=2424 1824 1770 600 552
internal_count=2424 1824 1770 600 552
is_linear=0
shrinkage=0.04


Tree=115
num_leaves=8
num_cat=0
split_feature=16 59 32 67 36 7 119
split_gain=0.522532 0.700243 0.735275 0.60521 0.964226 0.668181 0.403153
threshold=0.55569335707715517 -0.5710694911066424 0.65742725299401572 0.017585927888165064 -0.43159609857269593 1.7080251995069704 0.71664785685888976
decision_type=2 2 2 2 2 2 2
left_child=3 2 -2 5 -5 -1 -3
right_child=1 6 -4 4 -6 -7 -8
leaf_value=1.4147268099355344e-05 2.432552814860945e-05 9.7349028098100228e-05 -0.00017282302184869422 -0.00021711152167325508 -2.4150380722778224e-06 -7.7280279611581154e-05 -1.1782501886197901e-05
leaf_weight=1122 42 360 47 155 533 72 93
leaf_count=1122 42 360 47 155 533 72 93
internal_value=0.000319868 0.00141176 -0.0018022 4.24643e-06 -0.00093913 0.000548495 0.00204835
internal_weight=2424 542 89 1882 688 1194 453
internal_count=2424 542 89 1882 688 1194 453
is_linear=0
shrinkage=0.04


Tree=116
num_leaves=7
num_cat=0
split_feature=68 113 14 28 63 14
split_gain=0.582335 0.614131 1.15653 0.695184 0.467457 0.428571
threshold=-0.79817611394903887 0.69654212622218326 0.28450144995145177 -0.69459879877989483 1.0000000180025095e-35 -0.14676774699425651
decision_type=2 2 2 2 2 2
left_child=4 3 -3 -2 5 -1
right_child=1 2 -4 -5 -6 -7
leaf_value=9.3695772146063942e-05 -0.00037624542519930083 -0.00013049046168745463 1.3047891080835781e-05 9.7212993489052717e-06 0.00010165744808128423 -0.0003076009589744587
leaf_weight=40 69 254 147 1754 120 40
leaf_count=40 69 254 147 1754 120 40
internal_value=0.000319868 0.000132974 -0.0012804 0.000444932 0.00237624 1.45377e-10
internal_weight=2424 2224 401 1823 200 80
internal_count=2424 2224 401 1823 200 80
is_linear=0
shrinkage=0.04


Tree=117
num_leaves=6
num_cat=0
split_feature=68 8 11 45 96
split_gain=0.572466 0.663377 0.619775 0.452948 0.259142
threshold=-0.69773443869352725 1.4478983585144627 0.870899085898174 -1.1650703767257666 0.015063917974890791
decision_type=2 2 2 2 2
left_child=3 2 -2 -1 -5
right_child=1 -3 -4 4 -6
leaf_value=-9.5179747683467324e-07 3.074915259363551e-07 -0.00011883746028838887 5.3679763105886294e-05 0.00012123385471434418 7.6974799694101546e-06
leaf_weight=65 1787 40 287 167 78
leaf_count=65 1787 40 287 167 78
internal_value=0.000451773 0.000215501 0.000315992 0.00205128 0.00283401
internal_weight=2424 2114 2074 310 245
internal_count=2424 2114 2074 310 245
is_linear=0
shrinkage=0.04


Tree=118
num_leaves=5
num_cat=0
split_feature=28 121 15 28
split_gain=0.4699 0.503203 0.944852 0.850937
threshold=-0.79815477388012723 -0.65326623435706577 -0.0042372488482296201 0.7584297728829803
decision_type=2 2 2 2
left_child=-1 2 -2 -3
right_child=1 3 -4 -5
leaf_value=-0.00039875866535871255 -1.3528338170685258e-07 8.3801244333626932e-06 0.00014460725350384009 -1.1432720106576465e-05
leaf_weight=40 235 1561 212 376
leaf_count=40 235 1561 212 376
internal_value=0.00038582 0.000459346 0.00166592 0.000179474
internal_weight=2424 2384 447 1937
internal_count=2424 2384 447 1937
is_linear=0
shrinkage=0.04


Tree=119
num_leaves=7
num_cat=0
split_feature=90 80 8 91 122 89
split_gain=0.509513 0.779505 0.738441 1.28606 0.736295 0.637537
threshold=0.72433838909199333 1.971726589340222 0.60874733866277297 -0.21246602737009665 -0.11752905815880128 1.3045755477334555
decision_type=2 2 2 2 2 2
left_child=1 4 5 -4 -1 -2
right_child=2 -3 3 -5 -6 -7
leaf_value=3.3094544190667401e-05 9.9738875723472456e-05 -0.0002999633092351866 -0.0001204742903452373 0.0001201417516249289 -7.4475000510889314e-06 -3.8755391352989575e-06
leaf_weight=751 332 42 56 81 1031 131
leaf_count=751 332 42 56 81 1031 131
internal_value=0.000319868 -1.31433e-05 0.0013289 -0.00123741 0.000116592 0.00209032
internal_weight=2424 1824 600 137 1782 463
internal_count=2424 1824 600 137 1782 463
is_linear=0
shrinkage=0.04


end of trees

feature_importances:
Column_0=20
Column_7=20
Column_28=19
Column_123=19
Column_68=18
Column_43=17
Column_85=16
Column_90=16
Column_93=16
Column_14=15
Column_49=15
Column_16=14
Column_17=13
Column_35=13
Column_36=13
Column_117=13
Column_74=12
Column_115=12
Column_37=10
Column_51=10
Column_59=10
Column_67=10
Column_42=9
Column_47=9
Column_56=9
Column_89=9
Column_76=8
Column_77=8
Column_97=8
Column_26=7
Column_46=7
Column_69=7
Column_100=7
Column_106=7
Column_110=7
Column_111=7
Column_8=6
Column_73=6
Column_80=6
Column_87=6
Column_108=6
Column_119=6
Column_121=6
Column_126=6
Column_10=5
Column_13=5
Column_25=5
Column_32=5
Column_40=5
Column_44=5
Column_50=5
Column_57=5
Column_71=5
Column_83=5
Column_91=5
Column_98=5
Column_122=5
Column_1=4
Column_15=4
Column_48=4
Column_58=4
Column_112=4
Column_116=4
Column_125=4
Column_4=3
Column_9=3
Column_31=3
Column_34=3
Column_39=3
Column_41=3
Column_45=3
Column_60=3
Column_72=3
Column_79=3
Column_94=3
Column_95=3
Column_96=3
Column_101=3
Column_105=3
Column_113=3
Column_2=2
Column_11=2
Column_12=2
Column_18=2
Column_27=2
Column_29=2
Column_33=2
Column_38=2
Column_61=2
Column_63=2
Column_75=2
Column_88=2
Column_92=2
Column_107=2
Column_114=2
Column_124=2
Column_3=1
Column_5=1
Column_6=1
Column_21=1
Column_23=1
Column_24=1
Column_53=1
Column_62=1
Column_86=1
Column_99=1
Column_102=1
Column_103=1
Column_104=1
Column_109=1
Column_118=1
Column_120=1

parameters:
[boosting: gbdt]
[objective: quantile]
[metric: quantile]
[tree_learner: serial]
[device_type: cpu]
[data_sample_strategy: bagging]
[data: ]
[valid: ]
[num_iterations: 120]
[learning_rate: 0.04]
[num_leaves: 15]
[num_threads: 2]
[seed: 42]
[deterministic: 0]
[force_col_wise: 0]
[force_row_wise: 0]
[histogram_pool_size: -1]
[max_depth: 3]
[min_data_in_leaf: 40]
[min_sum_hessian_in_leaf: 0.001]
[bagging_fraction: 0.85]
[pos_bagging_fraction: 1]
[neg_bagging_fraction: 1]
[bagging_freq: 0]
[bagging_seed: 400]
[bagging_by_query: 0]
[feature_fraction: 0.8]
[feature_fraction_bynode: 1]
[feature_fraction_seed: 30056]
[extra_trees: 0]
[extra_seed: 12879]
[early_stopping_round: 0]
[early_stopping_min_delta: 0]
[first_metric_only: 0]
[max_delta_step: 0]
[lambda_l1: 0]
[lambda_l2: 2]
[linear_lambda: 0]
[min_gain_to_split: 0]
[drop_rate: 0.1]
[max_drop: 50]
[skip_drop: 0.5]
[xgboost_dart_mode: 0]
[uniform_drop: 0]
[drop_seed: 17869]
[top_rate: 0.2]
[other_rate: 0.1]
[min_data_per_group: 100]
[max_cat_threshold: 32]
[cat_l2: 10]
[cat_smooth: 10]
[max_cat_to_onehot: 4]
[top_k: 20]
[monotone_constraints: ]
[monotone_constraints_method: basic]
[monotone_penalty: 0]
[feature_contri: ]
[forcedsplits_filename: ]
[refit_decay_rate: 0.9]
[cegb_tradeoff: 1]
[cegb_penalty_split: 0]
[cegb_penalty_feature_lazy: ]
[cegb_penalty_feature_coupled: ]
[path_smooth: 0]
[interaction_constraints: ]
[verbosity: -1]
[saved_feature_importance_type: 0]
[use_quantized_grad: 0]
[num_grad_quant_bins: 4]
[quant_train_renew_leaf: 0]
[stochastic_rounding: 1]
[linear_tree: 0]
[max_bin: 255]
[max_bin_by_feature: ]
[min_data_in_bin: 3]
[bin_construct_sample_cnt: 200000]
[data_random_seed: 175]
[is_enable_sparse: 1]
[enable_bundle: 1]
[use_missing: 1]
[zero_as_missing: 0]
[feature_pre_filter: 1]
[pre_partition: 0]
[two_round: 0]
[header: 0]
[label_column: ]
[weight_column: ]
[group_column: ]
[ignore_column: ]
[categorical_feature: ]
[forcedbins_filename: ]
[precise_float_parser: 0]
[parser_config_file: ]
[objective_seed: 16083]
[num_class: 1]
[is_unbalance: 0]
[scale_pos_weight: 1]
[sigmoid: 1]
[boost_from_average: 1]
[reg_sqrt: 0]
[alpha: 0.1]
[fair_c: 1]
[poisson_max_delta_step: 0.7]
[tweedie_variance_power: 1.5]
[lambdarank_truncation_level: 30]
[lambdarank_norm: 1]
[label_gain: ]
[lambdarank_position_bias_regularization: 0]
[eval_at: ]
[multi_error_top_k: 1]
[auc_mu_weights: ]
[num_machines: 1]
[local_listen_port: 12400]
[time_out: 120]
[machine_list_filename: ]
[machines: ]
[gpu_platform_id: -1]
[gpu_device_id: -1]
[gpu_device_id_list: ]
[gpu_use_dp: 0]
[num_gpu: 1]

end of parameters

pandas_categorical:null
