tree
version=v4
num_class=1
num_tree_per_iteration=1
label_index=0
max_feature_idx=126
objective=quantile
feature_names=Column_0 Column_1 Column_2 Column_3 Column_4 Column_5 Column_6 Column_7 Column_8 Column_9 Column_10 Column_11 Column_12 Column_13 Column_14 Column_15 Column_16 Column_17 Column_18 Column_19 Column_20 Column_21 Column_22 Column_23 Column_24 Column_25 Column_26 Column_27 Column_28 Column_29 Column_30 Column_31 Column_32 Column_33 Column_34 Column_35 Column_36 Column_37 Column_38 Column_39 Column_40 Column_41 Column_42 Column_43 Column_44 Column_45 Column_46 Column_47 Column_48 Column_49 Column_50 Column_51 Column_52 Column_53 Column_54 Column_55 Column_56 Column_57 Column_58 Column_59 Column_60 Column_61 Column_62 Column_63 Column_64 Column_65 Column_66 Column_67 Column_68 Column_69 Column_70 Column_71 Column_72 Column_73 Column_74 Column_75 Column_76 Column_77 Column_78 Column_79 Column_80 Column_81 Column_82 Column_83 Column_84 Column_85 Column_86 Column_87 Column_88 Column_89 Column_90 Column_91 Column_92 Column_93 Column_94 Column_95 Column_96 Column_97 Column_98 Column_99 Column_100 Column_101 Column_102 Column_103 Column_104 Column_105 Column_106 Column_107 Column_108 Column_109 Column_110 Column_111 Column_112 Column_113 Column_114 Column_115 Column_116 Column_117 Column_118 Column_119 Column_120 Column_121 Column_122 Column_123 Column_124 Column_125 Column_126
feature_infos=[-4.5853521084726072:5.9520355302374881] [-3.8453988002914379:4.0601486204700157] [-3.6884360645800283:3.6256054594362048] [-3.4484045632864078:3.2296810608800821] [-3.1579965226732596:2.5881471045355724] [-2.2325787000742272:2.4967356908958367] [-3.3828384675870522:3.2899175344794824] [-1.1978599154069776:4.778054677523337] [-1.6132423104293592:1.6271703648058498] [-3.0744433126824902:2.6484363477285786] [-1.2526418326000563:3.8184041681100331] [-2.4834771856292455:2.7629953994214231] [-2.2089946086601873:2.5249742270115103] [-1.3526379118330165:2.8025844696954234] [-2.5270965302994406:3.0747951585072721] [-1.7686425766396185:1.4533232767659467] [-1.8771717367215817:1.8002830986900054] [-1.0282627390201342:0.67133895675352384] [-1.0847897449732762:0.70260539409426825] [-1.028262739020134:0.67133895675352373] [-2.313015413535124:2.8939072486281407] [-3.1919765429292739:3.4854283028863682] [-2.8471163424830586:2.8341104159805166] [-2.0080681085208045:2.8214084465402567] [-2.1992728181978798:1.8775671013623572] [-2.0609049865358928:1.9086904939893665] [-3.2371091275031119:2.1922122832883226] [-1.7699264150880909:1.5752587792624471] [-0.95021426490944461:2.8094427003895794] [-3.4912122293272065:3.2893663474434112] [-3.2518949614783232:2.930826250974671] [-2.491044777468125:2.2204025621215329] [-2.4620349716386625:2.3865801210488304] [-2.0037075537808811:2.4646188686557062] [-2.1365523020369306:2.3133401835966869] [-1.9072807349605521:2.0070882784652455] [-2.0159799375305218:2.2156747207086078] [-1.2392541432581772:3.1420851114334507] [-1.2594658248521127:3.7111829239807506] [-1.3664576907957451:2.720590687560291] [-1.2158648581938194:1.909004445557126] [-2.0558046263447185:1.6061152041156022] [-1.8011494634276526:1.7085999818230289] [-1.9694303223569281:11.778361219628195] [-598.39470517955044:95.429648380904368] [-507.12346622217348:105.55703696267862] [-676.25397679037087:49.738152493049043] [-1.1275804990278895:3.2261681171578842] [-1.8591570488841085:1.7296046736719248] [-1.168399974477899:6.2473136951318686] [-3.8207974025917619:4.5294753320345684] [-10.155760878512245:8.4264205924667195] [-1:1] [-0.83333333333333337:1] [0:1] [0:1] [-3.5533395644518837:4.2905064224522862] [-4.0416472096050997:2.3299581829274896] [-2.3002485353670701:1.5977551079919505] [-1.0448333404185497:2.3894846258619182] [-2.3345513383578598:1.3347328649243415] [-1.747094133567882:0.33305195895623096] [-3.1154730448586534:3.5523995463188793] [-2.6298455102958047:2.4573842372717714] [-2.1375423780790332:1.8878771036755975] [-5.2088722498961246:4.6217219063426018] [-4.6619431155577473:3.0977210969027777] [-3.391745451277989:2.8324524868431471] [-1.2350992893290524:2.8248380099672259] [-2.2818210309289335:2.3757238170622692] [-2.6397491037952503:0.64119207919130572] [-3.8164394062034397:4.3688423395454565] [-5.8803055307669601:4.8118941258908885] [-3.0319770654823799:3.9711035966598911] [-3.371333218120995:2.2638551490909546] [-2.3746070738288316:1.6726918640080279] [-1.0033973916422634:2.3018803146236175] [-2.1712480229932223:1.347802153275923] [-1.5572426719877823:0.33608769909169273] [-4.4654480951976048:7.7434493276284382] [-4.0031334159505914:5.4966028306641048] [-2.3833447252475954:4.0375748679937846] [-1.3412533718842496:4.5744391012879282] [-1.2114772985252851:7.759703156166335] [-1.2180520187712178:2.3722256144078799] [-6.6131255474812356:6.8188375590372665] [-4.6655007424887538:3.6264284762556418] [-2.7439158768695022:3.8766565395968682] [-1.2197282410759405:3.5968916330834619] [-1.8029576983784328:4.5659806411640265] [-0.80899504090749808:2.3182009503035963] [-11.131161631101028:10.91152941115298] [-5.8957036804030274:5.1164470095519468] [-3.4904205511755384:3.7517946778655151] [-1.0442671595428499:3.1870894369812688] [-2.182664208095948:3.911757386421221] [-1.2860866695381248:0.64760500654483699] [-3.9280524977070237:2.9467722865418118] [-3.4042016424026929:3.0058299192519984] [-2.4955992402849203:1.7222822328034528] [-1.363891642857189:3.0993270293844892] [-2.0271172249476934:1.843868421530636] [-1.5790506281666512:0.4800774858694612] [-5.5480519707414215:3.2500648689237024] [-4.2726626539473571:3.641898022308939] [-1.913438483640767:2.9166332416189826] [-1.2617048878541155:4.0640749823728672] [-1.7887249425094061:4.6689903192498159] [-1.690920656588587:1.3725569005876674] [-4.4451318438332565:2.686863318690484] [-3.9360747524266757:3.6492822206134488] [-1.9601199163049632:2.6788345555376312] [-1.2707206007796923:3.8043461554401903] [-1.6366012209741589:3.9974271250490756] [-1.7723967401021041:1.3222711348106906] [-3.3145273729109119:3.5321128476623458] [-2.2382152473155501:2.6094418536901918] [-1.9919699039284051:1.9726491900477334] [-1.5990428448397396:2.0872996043160348] [-1.4687936038507499:1.8898728674292991] [-2.4630786837254175:0.62992871391849725] [-3.3384184041881344:3.5859093031001552] [-2.8422376375190157:3.7409053146048787] [-1.6701323078519825:2.5477898513574333] [-0.73182331029470504:2.7499326140846887] [-1.4525552333555156:2.4417999715874745] [-1.4540782295732726:0.93454475769334644]
tree_sizes=831 686 862 783 864 781 874 862 782 781 689 689 779 863 696 786 867 693 873 692 690 772 875 872 606 784 782 787 788 785 883 787 695 784 609 695 780 885 878 696 698 884 706 877 882 708 607 883 789 887 881 793 887 884 613 696 792 869 793 780 876 878 790 698 881 699 615 787 875 614 797 610 610 786 782 886 793 700 612 871 615 878 701 614 792 880 621 874 705 790 697 790 788 789 618 875 876 610 697 614 525 613 879 885 700 876 784 617 791 614 790 702 883 701 791 695 879 702 613 609

Tree=0
num_leaves=8
num_cat=0
split_feature=37 77 110 97 28 97 32
split_gain=10.0585 3.79797 2.53936 2.5032 0.824834 1.71413 1.06696
threshold=0.57565067174335438 -1.602072789621688 -1.233380981645924 0.12296466836844004 0.73386885078777542 -0.22612327314881078 -0.083385946519609885
decision_type=2 2 2 2 2 2 2
left_child=4 3 -3 -2 6 -6 -1
right_child=1 2 -4 -5 5 -7 -8
leaf_value=0.019081501835504361 0.020164296870703636 0.019493652805289034 0.019268251257189482 0.019429780506278506 0.019531877253575365 0.018937400136531508 0.018943700841086909
leaf_weight=679 45 66 470 51 80 137 896
leaf_count=679 45 66 470 51 80 137 896
internal_value=0.0191427 0.0234735 0.0221365 0.0307246 0.0176122 0.0199182 0.0172939
internal_weight=2424 632 536 96 1792 217 1575
internal_count=2424 632 536 96 1792 217 1575
is_linear=0
shrinkage=1


Tree=1
num_leaves=6
num_cat=0
split_feature=84 78 69 122 112
split_gain=8.06065 4.31375 3.19601 3.44023 1.56185
threshold=1.6595271724022662 -0.61328071168383347 -1.291530160408481 -0.43223806812828708 1.0015674671060864
decision_type=2 2 2 2 2
left_child=2 -2 3 -1 -4
right_child=1 -3 4 -5 -6
leaf_value=0.00047986834213943125 0.00084448417620585628 0.00013200370794459133 -8.5049876155574407e-05 -4.0461011670404197e-05 0.00014757824825972443
leaf_weight=40 69 57 2030 52 176
leaf_count=40 69 57 2030 52 176
internal_value=4.2868e-05 0.0098125 -0.000500871 0.0067234 -0.000807972
internal_weight=2424 126 2298 92 2206
internal_count=2424 126 2298 92 2206
is_linear=0
shrinkage=0.04


Tree=2
num_leaves=8
num_cat=0
split_feature=37 84 87 110 70 59 12
split_gain=8.24967 3.62406 2.72121 2.18144 0.863334 1.29705 0.865512
threshold=0.57565067174335438 1.6595271724022662 0.72825548279108643 -1.1305949819760273 -0.94695190324156675 0.65760682190271458 -0.67010075495605714
decision_type=2 2 2 2 2 2 2
left_child=4 3 -3 -2 5 -1 -6
right_child=1 2 -4 -5 6 -7 -8
leaf_value=0.00048744962621787306 0.00029219084315233008 0.00092583377069434107 0.00044608844961054387 8.9352460303689581e-05 6.217010792837458e-05 -0.00016181554411058769 -0.0001387228038052708
leaf_weight=53 83 44 69 436 174 42 1523
leaf_count=53 83 44 69 436 174 42 1523
internal_value=-2.30842e-05 0.00389905 0.0103304 0.00246449 -0.00140914 0.00226804 -0.00161742
internal_weight=2424 632 113 519 1792 95 1697
internal_count=2424 632 113 519 1792 95 1697
is_linear=0
shrinkage=0.04


Tree=3
num_leaves=7
num_cat=0
split_feature=37 78 122 28 97 34
split_gain=7.8506 2.91842 2.41197 0.828689 1.58109 1.10569
threshold=0.57565067174335438 -1.4121070711216686 -0.9870909893339147 0.73386885078777542 -0.22612327314881078 -0.077044386514323313
decision_type=2 2 2 2 2 2
left_child=3 -2 -3 5 -5 -1
right_child=1 2 -4 4 -6 -7
leaf_value=-3.983547023208368e-05 0.00090729779651700648 0.00036264161842481269 8.8233104651784085e-05 0.00039125397731497666 -0.00017864049853551765 -0.00017603845770912938
leaf_weight=657 54 123 455 80 137 918
leaf_count=657 54 123 455 80 137 918
internal_value=9.89187e-06 0.00383596 0.00297931 -0.00134225 0.000968036 -0.00166138
internal_weight=2424 632 578 1792 217 1575
internal_count=2424 632 578 1792 217 1575
is_linear=0
shrinkage=0.04


Tree=4
num_leaves=8
num_cat=0
split_feature=37 84 87 34 28 97 32
split_gain=7.39566 3.37853 2.35512 1.57656 0.897689 1.4533 1.14154
threshold=0.57565067174335438 1.6595271724022662 0.72825548279108643 -1.3345320497100153 0.73386885078777542 -0.22612327314881078 -0.083385946519609885
decision_type=2 2 2 2 2 2 2
left_child=4 3 -3 -2 6 -6 -1
right_child=1 2 -4 -5 5 -7 -8
leaf_value=-3.8881845285079558e-05 0.00054425046919331802 0.00086775885865721038 0.00042252033712521843 0.00011085960435233348 0.00037560381822237762 -0.00017149487859409687 -0.00017067340440156078
leaf_weight=679 47 44 69 472 80 137 896
leaf_count=679 47 44 69 472 80 137 896
internal_value=5.9356e-05 0.00377287 0.00998261 0.00238771 -0.00125307 0.00115068 -0.00158529
internal_weight=2424 632 113 519 1792 217 1575
internal_count=2424 632 113 519 1792 217 1575
is_linear=0
shrinkage=0.04


Tree=5
num_leaves=7
num_cat=0
split_feature=37 78 112 110 70 46
split_gain=6.84912 3.0921 2.26011 0.835996 1.06059 0.851599
threshold=0.57565067174335438 -1.4121070711216686 1.062803212313884 -0.22847328063213626 -0.94695190324156675 4.4342525837221602
decision_type=2 2 2 2 2 2
left_child=3 -2 -3 4 -1 -5
right_child=1 2 -4 5 -6 -7
leaf_value=0.00043940256625266426 0.00083629553031003777 9.5809312621119411e-05 0.00038688307103599255 -0.00015641929794183598 -7.1302616850471462e-05 0.00039218099154173847
leaf_weight=44 54 429 149 1091 616 41
leaf_count=44 54 429 149 1091 616 41
internal_value=9.89187e-06 0.0035836 0.00270345 -0.00125307 -0.000120847 -0.00191182
internal_weight=2424 632 578 1792 660 1132
internal_count=2424 632 578 1792 660 1132
is_linear=0
shrinkage=0.04


Tree=6
num_leaves=8
num_cat=0
split_feature=124 99 57 12 86 88 83
split_gain=4.95981 3.74535 2.162 1.80652 1.27605 0.975109 0.637558
threshold=0.68610073549897577 0.52959272649678257 -0.3407985459319845 -0.86755309606694098 0.61981133311498826 -0.58760755851123569 -0.65055632180950218
decision_type=2 2 2 2 2 2 2
left_child=3 4 -3 5 -2 -1 -5
right_child=1 2 -4 6 -6 -7 -8
leaf_value=-8.3553746678550551e-05 -5.4314832948501895e-05 0.00065647951408257324 0.00013527535984829531 -0.0002944095699130712 0.00035295339034618927 0.00028022752125978287 -7.2954427962256013e-05
leaf_weight=59 246 93 108 213 102 114 1489
leaf_count=59 246 93 108 213 102 114 1489
internal_value=9.89187e-06 0.00334664 0.00766502 -0.000969633 0.000822856 0.00290286 -0.0013662
internal_weight=2424 549 201 1875 348 173 1702
internal_count=2424 549 201 1875 348 173 1702
is_linear=0
shrinkage=0.04


Tree=7
num_leaves=8
num_cat=0
split_feature=37 77 115 110 107 97 43
split_gain=5.91594 2.79674 2.17356 2.02893 0.871118 1.12724 0.794983
threshold=0.57565067174335438 -1.602072789621688 -0.14111306779455388 -1.1305949819760273 -1.0832842584924915 -0.070210997541127473 1.9114026116109331
decision_type=2 2 2 2 2 2 2
left_child=4 2 -2 -3 5 -1 -6
right_child=1 3 -4 -5 6 -7 -8
leaf_value=0.00022370402045107155 0.00027078462479080204 0.00024980732953847756 0.00080850122831096832 8.0531795120091911e-05 -0.00012184190268259557 -0.00020362367316503942 0.00020813797850781761
leaf_weight=41 54 83 42 453 1632 40 79
leaf_count=41 54 83 42 453 1632 40 79
internal_value=9.89187e-06 0.00333123 0.00955102 0.00218587 -0.00116388 0.00284337 -0.00135669
internal_weight=2424 632 96 536 1792 81 1711
internal_count=2424 632 96 536 1792 81 1711
is_linear=0
shrinkage=0.04


Tree=8
num_leaves=7
num_cat=0
split_feature=69 61 122 78 89 85
split_gain=5.05946 1.88971 1.60333 1.33559 1.17189 0.851131
threshold=-1.3350935141049121 0.11465175198302829 -0.39294193608430811 -1.4121070711216686 0.48929086276808925 0.26029111148707201
decision_type=2 2 2 2 2 2
left_child=2 3 -1 -2 -4 -3
right_child=1 5 4 -5 -6 -7
leaf_value=0.00044598045770271065 0.00045268228221208089 -6.5812484474246527e-05 -7.9452954241107868e-05 1.330982957578315e-05 0.00067780151339724779 -0.00018873078823231342
leaf_weight=50 67 651 40 1196 40 380
leaf_count=50 67 651 40 1196 40 380
internal_value=-3.95723e-05 -0.000477353 0.00757576 0.000559683 0.00390244 -0.00174637
internal_weight=2424 2294 130 1263 80 1031
internal_count=2424 2294 130 1263 80 1031
is_linear=0
shrinkage=0.04


Tree=9
num_leaves=7
num_cat=0
split_feature=37 78 122 70 76 69
split_gain=4.85458 2.56942 2.28626 0.922132 1.10074 0.905122
threshold=0.57565067174335438 -1.4121070711216686 -0.9870909893339147 -0.69695333593634989 0.43661531940228954 -0.33908688611499155
decision_type=2 2 2 2 2 2
left_child=3 -2 -3 4 -1 -5
right_child=1 2 -4 5 -6 -7
leaf_value=0.00015345405965576668 0.00072856953101213485 0.0002945918912214614 6.2658251820706969e-05 1.6457348473161854e-05 -0.00010178942551057266 -0.00012364174796671389
leaf_weight=78 54 123 455 346 100 1268
leaf_count=78 54 123 455 346 100 1268
internal_value=-5.60603e-05 0.00295268 0.00215172 -0.00111929 0.0016 -0.00142079
internal_weight=2424 632 578 1792 178 1614
internal_count=2424 632 578 1792 178 1614
is_linear=0
shrinkage=0.04


Tree=10
num_leaves=6
num_cat=0
split_feature=69 99 61 97 95
split_gain=4.28619 1.8162 1.76493 1.11703 0.925863
threshold=-1.3350935141049121 0.5546190380451812 0.11465175198302829 0.26837028128125923 1.3299292878223217
decision_type=2 2 2 2 2
left_child=1 -1 3 -2 -4
right_child=2 -3 4 -5 -6
leaf_value=0.00016173366305847857 8.5691660750041084e-05 0.00047658728086984544 -0.00011232259908968667 -0.0001179836290582754 6.8092124076196553e-05
leaf_weight=61 778 69 986 485 45
leaf_count=61 778 69 986 485 45
internal_value=-3.95723e-05 0.0069697 -0.00044251 0.000559683 -0.00166893
internal_weight=2424 130 2294 1263 1031
internal_count=2424 130 2294 1263 1031
is_linear=0
shrinkage=0.04


Tree=11
num_leaves=6
num_cat=0
split_feature=69 37 99 1 25
split_gain=4.38751 1.88908 1.8162 1.07077 0.807741
threshold=-1.3350935141049121 -0.17838798327916527 0.5546190380451812 -0.0936625304108024 -0.65130876681934391
decision_type=2 2 2 2 2
left_child=2 4 -1 -3 -2
right_child=1 3 -4 -5 -6
leaf_value=0.00015526431653613949 0.00010272947251278901 7.739742136897303e-05 0.00045752378963505162 -1.573708151195743e-05 -0.00015494734220136458
leaf_weight=61 80 621 69 698 895
leaf_count=61 80 621 69 698 895
internal_value=-0.000122012 -0.000529618 0.0069697 0.000457228 -0.00186285
internal_weight=2424 2294 130 1319 975
internal_count=2424 2294 130 1319 975
is_linear=0
shrinkage=0.04


Tree=12
num_leaves=7
num_cat=0
split_feature=69 37 112 48 119 69
split_gain=4.36716 1.69482 1.25217 1.67045 1.06927 0.796472
threshold=-1.3350935141049121 0.57565067174335438 0.17464376089502123 -0.77717763196510425 -0.93229612671382778 -0.33908688611499155
decision_type=2 2 2 2 2 2
left_child=2 5 -1 -4 -3 -2
right_child=1 4 3 -5 -6 -7
leaf_value=0.00013886516149303184 1.1606007858976689e-05 0.00055740492765522505 0.0005617132373439426 0.00026820767230438172 6.8208747308071119e-05 -9.2764306502194374e-05
leaf_weight=44 402 60 42 44 446 1386
leaf_count=44 402 60 42 44 446 1386
internal_value=-0.000105524 -0.000512196 0.0069697 0.00972727 0.00152756 -0.0010905
internal_weight=2424 2294 130 86 506 1788
internal_count=2424 2294 130 86 506 1788
is_linear=0
shrinkage=0.04


Tree=13
num_leaves=8
num_cat=0
split_feature=37 84 118 105 70 97 97
split_gain=3.32579 2.03356 2.401 1.50373 0.833891 1.15802 0.776342
threshold=0.57565067174335438 1.6595271724022662 0.14723628680582337 -1.3447088185212539 -0.69695333593634989 -0.24535561833977118 0.78952594425953604
decision_type=2 2 2 2 2 2 2
left_child=4 3 -3 -2 5 -1 -6
right_child=1 2 -4 -5 6 -7 -8
leaf_value=0.00038409423532506691 0.00016575318597946339 -2.0137561109784681e-05 0.00064883768123086554 4.2458789001133415e-05 -0.00011498767766963565 -0.00015305713000843483 5.7308194734491262e-05
leaf_weight=64 40 43 70 479 1428 114 186
leaf_count=64 40 43 70 479 1428 114 186
internal_value=-0.000105524 0.00238486 0.0072 0.00131286 -0.000985508 0.0016 -0.00127228
internal_weight=2424 632 113 519 1792 178 1614
internal_count=2424 632 113 519 1792 178 1614
is_linear=0
shrinkage=0.04


Tree=14
num_leaves=6
num_cat=0
split_feature=69 99 37 78 69
split_gain=3.28163 1.64122 1.62526 1.13782 0.757202
threshold=-1.3350935141049121 0.5546190380451812 -0.15177853382237869 -1.4121070711216686 -0.37538864846726261
decision_type=2 2 2 2 2
left_child=1 -1 4 -4 -2
right_child=2 -3 3 -5 -6
leaf_value=0.00011754566486301648 8.6739714336443632e-05 0.00042494892085242857 0.00049690016026604738 8.0787648266673338e-06 -0.00014140284140477943
leaf_weight=61 130 69 60 1223 881
leaf_count=61 130 69 60 1223 881
internal_value=-7.25484e-05 0.00606061 -0.000425088 0.000519843 -0.0016229
internal_weight=2424 130 2294 1283 1011
internal_count=2424 130 2294 1283 1011
is_linear=0
shrinkage=0.04


Tree=15
num_leaves=7
num_cat=0
split_feature=69 61 97 41 121 107
split_gain=3.26402 1.64442 1.24246 1.15268 0.880889 0.598954
threshold=-1.3350935141049121 0.11465175198302829 0.26837028128125923 -0.94663451428622269 0.30236509946473566 -0.18491599559148258
decision_type=2 2 2 2 2 2
left_child=3 2 -2 -1 -3 -5
right_child=1 4 -4 5 -6 -7
leaf_value=0.00054679270623963073 7.4964697323847844e-05 -0.00014934862923208082 -0.00010304386785776789 -0.00011345473150388797 8.9789989090908257e-06 0.00013177229317879301
leaf_weight=43 778 714 485 42 317 45
leaf_count=43 778 714 485 42 317 45
internal_value=-5.60603e-05 -0.000407666 0.000559683 0.00606061 -0.00159148 0.0032809
internal_weight=2424 2294 1263 130 1031 87
internal_count=2424 2294 1263 130 1031 87
is_linear=0
shrinkage=0.04


Tree=16
num_leaves=8
num_cat=0
split_feature=37 84 118 122 70 8 69
split_gain=2.83945 1.62815 1.97511 1.29314 0.828584 1.2551 0.76066
threshold=0.57565067174335438 1.6595271724022662 0.14723628680582337 -1.2055698199656244 -0.94695190324156675 0.0099351517555071739 -0.33398438570629313
decision_type=2 2 2 2 2 2 2
left_child=4 3 -3 -2 5 -1 -6
right_child=1 2 -4 -5 6 -7 -8
leaf_value=-0.0001819067686462978 0.00016445035586173232 -2.2653797151414022e-05 0.00061970204576878207 3.7811652193906019e-05 1.0761780977420389e-05 0.00025409638193897571 -9.5688680420864206e-05
leaf_weight=45 69 43 70 450 388 50 1309
leaf_count=45 69 43 70 450 388 50 1309
internal_value=-0.000105524 0.00219558 0.00650435 0.00123608 -0.000918619 0.00268041 -0.00112301
internal_weight=2424 632 113 519 1792 95 1697
internal_count=2424 632 113 519 1792 95 1697
is_linear=0
shrinkage=0.04


Tree=17
num_leaves=6
num_cat=0
split_feature=77 61 97 121 121
split_gain=2.29731 1.4145 1.27666 1.22289 0.892983
threshold=-1.602072789621688 0.11465175198302829 0.12296466836844004 -0.39369480170127952 0.30236509946473566
decision_type=2 2 2 2 2
left_child=2 3 -1 -2 -3
right_child=1 4 -4 -5 -6
leaf_value=0.0006907045387448185 0.00012168369872345828 -0.00013979740404116838 0.00011185007689868285 -2.246022135589889e-05 1.0710049269217587e-05
leaf_weight=45 396 715 51 900 317
leaf_count=45 396 715 51 900 317
internal_value=-0.000122012 -0.00037425 0.00587755 0.000505392 -0.00147776
internal_weight=2424 2328 96 1296 1032
internal_count=2424 2328 96 1296 1032
is_linear=0
shrinkage=0.04


Tree=18
num_leaves=8
num_cat=0
split_feature=37 84 118 72 37 64 95
split_gain=2.49829 1.46499 1.77774 1.19111 0.759476 0.840191 0.575468
threshold=0.57565067174335438 1.6595271724022662 0.14723628680582337 -1.5622785925356999 -0.31341103371210915 -0.94818982105235061 -0.77777942655488441
decision_type=2 2 2 2 2 2 2
left_child=4 3 -3 -2 6 -6 -1
right_child=1 2 -4 -5 5 -7 -8
leaf_value=0.00029309830173220546 0.00024551093981486314 -2.6300317709781954e-05 0.00057013839449988381 2.8358804981091386e-05 -0.00016741433122084804 3.3879626708681435e-06 -0.00013612175945024312
leaf_weight=41 45 43 70 474 103 936 712
leaf_count=41 45 43 70 474 103 936 712
internal_value=-8.90364e-05 0.0020694 0.00615652 0.00115931 -0.000851729 -0.000149857 -0.00181722
internal_weight=2424 632 113 519 1792 1039 753
internal_count=2424 632 113 519 1792 1039 753
is_linear=0
shrinkage=0.04


Tree=19
num_leaves=6
num_cat=0
split_feature=84 118 26 104 1
split_gain=2.26694 2.21537 1.44202 1.09648 1.06913
threshold=1.6595271724022662 0.14723628680582337 -1.3763379525703174 -0.41396204455620267 -0.16178199708420773
decision_type=2 2 2 2 2
left_child=2 -2 3 -1 -4
right_child=1 -3 4 -5 -6
leaf_value=0.00022045464412562241 -5.4089190510531182e-05 0.00054341215517474215 1.2130054336672161e-05 7.9738673613889703e-07 -7.6148829892606651e-05
leaf_weight=61 54 72 848 60 1329
leaf_count=61 54 72 848 60 1329
internal_value=-5.60603e-05 0.005125 -0.000344349 0.00386992 -0.000581919
internal_weight=2424 126 2298 121 2177
internal_count=2424 126 2298 121 2177
is_linear=0
shrinkage=0.04


Tree=20
num_leaves=6
num_cat=0
split_feature=84 62 26 104 1
split_gain=2.01528 1.69249 1.44202 1.09648 1.06913
threshold=1.6595271724022662 0.52359415169548684 -1.3763379525703174 -0.41396204455620267 -0.16178199708420773
decision_type=2 2 2 2 2
left_child=2 -2 3 -1 -4
right_child=1 -3 4 -5 -6
leaf_value=0.00021163645836059752 9.1072218525646768e-05 0.00051776649789548094 1.1644852163205236e-05 7.6549126669329953e-07 -7.310287669690235e-05
leaf_weight=61 78 48 848 60 1329
leaf_count=61 78 48 848 60 1329
internal_value=-7.25484e-05 0.0048125 -0.000344349 0.00386992 -0.000581919
internal_weight=2424 126 2298 121 2177
internal_count=2424 126 2298 121 2177
is_linear=0
shrinkage=0.04


Tree=21
num_leaves=7
num_cat=0
split_feature=95 1 26 85 28 62
split_gain=1.93831 1.4843 1.47791 1.4494 1.15962 0.901089
threshold=1.2450465586676025 -0.53268043686419764 -1.4219363299687593 -0.24570691273180495 1.23837450878857 0.89341315507173291
decision_type=2 2 2 2 2 2
left_child=2 -2 3 -1 -4 -3
right_child=1 5 4 -5 -6 -7
leaf_value=0.00058157478630302016 0.0004193942418116547 -2.7649221053923563e-06 -6.76612965341216e-05 2.297679071912354e-06 0.00018779471534196014 0.00025902310874468165
leaf_weight=43 78 170 1892 73 110 58
leaf_count=43 78 170 1892 73 110 58
internal_value=-5.60603e-05 0.00290909 -0.000486793 0.00386441 -0.000742516 0.00125217
internal_weight=2424 306 2118 116 2002 228
internal_count=2424 306 2118 116 2002 228
is_linear=0
shrinkage=0.04


Tree=22
num_leaves=8
num_cat=0
split_feature=37 116 2 40 70 90 14
split_gain=2.13748 1.65369 1.95861 1.00282 0.73024 0.766044 0.707731
threshold=0.57565067174335438 -0.93991606455554999 0.60034079018982356 0.34952579019729563 -0.017659098285006201 0.21470227952263249 -0.77405937096715105
decision_type=2 2 2 2 2 2 2
left_child=4 2 -2 -3 5 -1 -6
right_child=1 3 -4 -5 6 -7 -8
leaf_value=-7.165763707191895e-05 0.00056707091231161116 0.00021397964367087771 -2.0172835197834472e-05 4.2397371828825548e-06 4.3159504705811206e-05 9.4950849292065457e-05 -0.00011372806891209078
leaf_weight=553 63 120 42 407 167 176 896
leaf_count=553 63 120 42 407 167 176 896
internal_value=9.89187e-06 0.00200631 0.00654206 0.00108128 -0.000695653 0.000279069 -0.00136338
internal_weight=2424 632 105 527 1792 729 1063
internal_count=2424 632 105 527 1792 729 1063
is_linear=0
shrinkage=0.04


Tree=23
num_leaves=8
num_cat=0
split_feature=37 84 118 104 37 64 84
split_gain=1.8485 1.16451 1.41416 1.2235 0.755004 0.73131 0.499109
threshold=0.57565067174335438 1.6595271724022662 0.14723628680582337 -1.3790051792286715 -0.31341103371210915 -0.94818982105235061 -0.20611986923670586
decision_type=2 2 2 2 2 2 2
left_child=4 3 -3 -2 6 -6 -1
right_child=1 2 -4 -5 5 -7 -8
leaf_value=-0.00014445740398343786 0.00019425762429599848 -3.1462106961579538e-05 0.0004916718778673352 1.383507275499222e-05 -0.00014749211509058533 1.1653466285123611e-05 -1.3596968939615381e-05
leaf_weight=454 56 43 70 463 103 936 299
leaf_count=454 56 43 70 463 103 936 299
internal_value=-3.95723e-05 0.00181703 0.00546087 0.00100576 -0.000695653 3.84151e-06 -0.00165828
internal_weight=2424 632 113 519 1792 1039 753
internal_count=2424 632 113 519 1792 1039 753
is_linear=0
shrinkage=0.04


Tree=24
num_leaves=5
num_cat=0
split_feature=26 78 104 37
split_gain=1.83059 1.21781 1.14565 0.914222
threshold=-1.4219363299687593 -1.4121070711216686 -0.40348856936650696 -0.31341103371210915
decision_type=2 2 2 2
left_child=2 -2 -1 -3
right_child=1 3 -4 -5
leaf_value=0.0003614990664645726 0.000343598762104987 -0.00011172718439370606 4.3000301496686356e-05 3.9922574606111666e-06
leaf_weight=74 79 746 76 1449
leaf_count=74 79 746 76 1449
internal_value=-3.95723e-05 -0.000323375 0.00421053 -0.000500684
internal_weight=2424 2274 150 2195
internal_count=2424 2274 150 2195
is_linear=0
shrinkage=0.04


Tree=25
num_leaves=7
num_cat=0
split_feature=95 109 44 26 97 96
split_gain=1.77223 1.53623 1.58987 1.24478 0.865534 0.817808
threshold=1.2450465586676025 0.75365075562405071 0.44892137992501174 -1.4219363299687593 -0.23274349616711953 0.47290062195745464
decision_type=2 2 2 2 2 2
left_child=3 2 -2 4 -1 -5
right_child=1 -3 -4 5 -6 -7
leaf_value=0.00028062255919674963 0.00011547409594054419 0.00041770174856798985 -0.00013123242477994237 -1.8711781938369713e-05 5.4791569948091697e-05 -0.00012226113940600508
leaf_weight=47 159 69 78 1643 69 359
leaf_count=47 159 69 78 1643 69 359
internal_value=-5.60603e-05 0.00277922 0.00122176 -0.000467925 0.00352542 -0.000702596
internal_weight=2424 306 237 2118 116 2002
internal_count=2424 306 237 2118 116 2002
is_linear=0
shrinkage=0.04


Tree=26
num_leaves=7
num_cat=0
split_feature=26 95 2 72 109 52
split_gain=1.63764 1.29615 1.39715 1.03336 0.923088 0.767164
threshold=-1.4219363299687593 1.9094304669737829 0.24801841413959555 -1.2787142434914609 -1.1048217623268008 1.0000000180025095e-35
decision_type=2 2 2 2 2 2
left_child=3 4 -3 -1 -2 -5
right_child=1 2 -4 5 -6 -7
leaf_value=0.00040909229062704923 0.00012240305428035643 0.00040860281895795347 -7.1031110447344534e-06 -0.00013861111880592529 -5.2848015781189899e-05 0.00040038585978417529
leaf_weight=41 174 75 73 59 1952 50
leaf_count=41 174 75 73 59 1952 50
internal_value=-7.25484e-05 -0.00034095 0.00325333 0.00394737 -0.000593986 0.00183784
internal_weight=2424 2274 148 150 2126 109
internal_count=2424 2274 148 150 2126 109
is_linear=0
shrinkage=0.04


Tree=27
num_leaves=7
num_cat=0
split_feature=30 104 57 93 84 120
split_gain=1.20919 1.25531 1.37665 1.18866 1.1178 0.782275
threshold=0.12191891378115581 -0.83788202007506762 -1.264646785377866 1.8101331700534184 1.5199085872879707 0.17588630432089866
decision_type=2 2 2 2 2 2
left_child=1 2 -1 -3 5 -2
right_child=4 3 -4 -5 -6 -7
leaf_value=-0.00013980565036917915 -1.1924345513389143e-05 -3.2368457465665797e-06 0.00014945153141418359 0.0004237914386292954 0.00042971465862064488 -0.00016359635791518006
leaf_weight=43 632 1101 183 45 43 377
leaf_count=43 632 1101 183 45 43 377
internal_value=-8.90364e-05 0.000692867 0.00340351 0.000153309 -0.00110816 -0.00138081
internal_weight=2424 1372 226 1146 1052 1009
internal_count=2424 1372 226 1146 1052 1009
is_linear=0
shrinkage=0.04


Tree=28
num_leaves=7
num_cat=0
split_feature=95 89 109 29 125 113
split_gain=1.50382 1.44645 1.01776 0.937774 1.13146 0.88317
threshold=1.9094304669737829 0.54557168205388307 0.4834593154166682 -0.070616734420167152 -0.064003996086832299 1.1818034266366337
decision_type=2 2 2 2 2 2
left_child=3 2 -2 4 -1 -5
right_child=1 -3 -4 5 -6 -7
leaf_value=5.2465648331975081e-05 -5.2991029831238826e-05 0.00058782285953266867 0.00034460435270693818 -0.00010062820845299048 -2.1282872277121678e-05 2.9249077979668096e-05
leaf_weight=468 78 42 42 1099 597 98
leaf_count=468 78 42 42 1099 597 98
internal_value=-8.90364e-05 0.00360976 0.00131147 -0.000356891 0.000506091 -0.00112427
internal_weight=2424 162 120 2262 1065 1197
internal_count=2424 162 120 2262 1065 1197
is_linear=0
shrinkage=0.04


Tree=29
num_leaves=7
num_cat=0
split_feature=95 1 51 26 85 109
split_gain=1.33716 1.59551 0.950696 0.881793 1.32644 0.766616
threshold=1.9094304669737829 -0.34265910836692498 0.51947388129613403 -1.4219363299687593 1.0000000180025095e-35 -1.1048217623268008
decision_type=2 2 2 2 2 2
left_child=3 -2 -3 4 -1 -5
right_child=1 2 -4 5 -6 -7
leaf_value=0.00039170028729697498 0.00057309194911167008 -8.6572801876078352e-05 0.00036281542093448183 0.0001176027264153324 -4.6916172243250928e-05 -4.9666526378984456e-05
leaf_weight=66 55 63 44 174 70 1952
leaf_count=66 55 63 44 174 70 1952
internal_value=-0.000122012 0.00336585 0.000477063 -0.000374559 0.00272464 -0.000575189
internal_weight=2424 162 107 2262 136 2126
internal_count=2424 162 107 2262 136 2126
is_linear=0
shrinkage=0.04


Tree=30
num_leaves=8
num_cat=0
split_feature=37 95 42 38 67 126 49
split_gain=1.12311 0.997562 1.31224 0.806033 0.693193 1.01241 0.666714
threshold=-0.17838798327916527 0.42249951121469237 -0.12136558252006738 -0.13485378548679458 -0.093290375689175267 -0.2877241348332929 -0.77270219186168043
decision_type=2 2 2 2 2 2 2
left_child=4 3 -3 -2 5 -1 -6
right_child=1 2 -4 -5 6 -7 -8
leaf_value=0.0001466102897811692 8.3975971901894774e-05 0.00020332707912221215 -8.231575391740489e-07 -3.6994522360852698e-05 4.6567639604058414e-05 -6.7356911159900429e-05 -0.00014036908200213376
leaf_weight=75 183 299 284 680 101 231 571
leaf_count=75 183 299 284 680 101 231 571
internal_value=-8.90364e-05 0.000618784 0.00189402 -0.000245088 -0.00113469 0.000441557 -0.00185163
internal_weight=2424 1446 583 863 978 306 672
internal_count=2424 1446 583 863 978 306 672
is_linear=0
shrinkage=0.04


Tree=31
num_leaves=7
num_cat=0
split_feature=26 49 96 101 72 51
split_gain=1.11216 0.839287 1.11803 0.893133 0.655468 0.756546
threshold=-1.4219363299687593 0.10795799210897282 -0.60237264722197803 0.29739343915519734 -1.2787142434914609 0.45644395796414577
decision_type=2 2 2 2 2 2
left_child=4 3 -3 -2 -1 -6
right_child=1 2 -4 -5 5 -7
leaf_value=0.00035216218111222422 -1.7916394195714352e-05 -0.00016504237763873767 4.3256803975139224e-05 -0.00013951548353982883 -5.101955960322485e-05 0.00037320426474628037
leaf_weight=41 966 137 817 354 69 40
leaf_count=41 966 137 817 354 69 40
internal_value=-0.000154989 -0.000376099 0.000527196 -0.00102875 0.00315789 0.00147748
internal_weight=2424 2274 954 1320 150 109
internal_count=2424 2274 954 1320 150 109
is_linear=0
shrinkage=0.04


Tree=32
num_leaves=6
num_cat=0
split_feature=1 93 84 43 114
split_gain=1.06532 1.21308 1.01368 0.959673 0.922206
threshold=-0.16178199708420773 1.8101331700534184 1.6117939205445835 1.9114026116109331 0.5307297082922342
decision_type=2 2 2 2 2
left_child=1 4 3 -2 -1
right_child=2 -3 -4 -5 -6
leaf_value=3.8879902199815112e-05 -7.1131934228838475e-05 0.00036894885483306996 0.00037147733045373349 0.00026758155515902679 -0.00015558822101607856
leaf_weight=756 1292 41 65 62 208
leaf_count=756 1292 41 65 62 208
internal_value=-0.000220941 0.000774577 -0.000926109 -0.00116224 0.00048033
internal_weight=2424 1005 1419 1354 964
internal_count=2424 1005 1419 1354 964
is_linear=0
shrinkage=0.04


Tree=33
num_leaves=7
num_cat=0
split_feature=20 28 115 121 122 59
split_gain=0.976547 1.12815 1.78031 0.948185 0.730679 0.672148
threshold=0.31758609389760645 1.0624988096374255 0.37318604067093269 1.2748635815564444 -1.2055698199656244 -0.6782270197218222
decision_type=2 2 2 2 2 2
left_child=1 3 -3 -1 -2 -6
right_child=4 2 -4 -5 5 -7
leaf_value=-8.9953535516705393e-06 0.00026798926197050383 4.4221682897645952e-05 0.00047527195708489727 0.00026127260301084319 3.544884956721961e-05 -0.00013116605213895615
leaf_weight=1400 57 131 48 83 55 650
leaf_count=1400 57 131 48 83 55 650
internal_value=-0.000187965 0.000355768 0.00333702 -8.08176e-06 -0.00137173 -0.0017256
internal_weight=2424 1662 179 1483 762 705
internal_count=2424 1662 179 1483 762 705
is_linear=0
shrinkage=0.04


Tree=34
num_leaves=5
num_cat=0
split_feature=5 88 78 116
split_gain=0.90325 0.829797 0.761049 0.73735
threshold=-1.3059994618129838 -0.033700792068510628 -1.4121070711216686 0.40045121000109107
decision_type=2 2 2 2
left_child=1 -1 -2 -4
right_child=2 -3 3 -5
leaf_value=-9.7813628554977713e-06 0.0003416492901021654 0.00051735822194834023 7.6587811844301462e-07 -9.2695060980294767e-05
leaf_weight=51 72 49 1580 672
leaf_count=51 72 49 1580 672
internal_value=-0.000154989 0.00352941 -0.000316424 -0.000447206
internal_weight=2424 100 2324 2252
internal_count=2424 100 2324 2252
is_linear=0
shrinkage=0.04


Tree=35
num_leaves=6
num_cat=0
split_feature=5 88 43 97 116
split_gain=0.90325 0.829797 0.7315 1.33794 0.880145
threshold=-1.3059994618129838 -0.033700792068510628 1.5812550200062454 -0.79578729743200305 0.38693116709353909
decision_type=2 2 2 2 2
left_child=1 -1 4 -4 -2
right_child=2 -3 3 -5 -6
leaf_value=-9.3901083412777927e-06 1.6857844957343173e-07 0.00049666389307040674 0.0003500881851504769 1.4984541742282364e-05 -0.00011253673789278947
leaf_weight=51 1497 49 41 142 644
leaf_count=51 1497 49 41 142 644
internal_value=-0.000154989 0.00352941 -0.000316424 0.0020973 -0.000524499
internal_weight=2424 100 2324 183 2141
internal_count=2424 100 2324 183 2141
is_linear=0
shrinkage=0.04


Tree=36
num_leaves=7
num_cat=0
split_feature=28 18 98 121 115 43
split_gain=0.961398 1.08246 1.26941 0.910583 1.01399 0.656662
threshold=0.98905085538291326 0.55193717857583546 -0.76355715362129228 1.3430953036916875 -0.88386991311097385 1.5812550200062454
decision_type=2 2 2 2 2 2
left_child=3 2 -2 5 -5 -1
right_child=1 -3 -4 4 -6 -7
leaf_value=-5.0174361011357877e-05 0.00034113957352259054 -0.00026625439323007031 7.6381136190890921e-05 0.0004237769571223967 -1.7584716806729935e-05 7.7442215382902412e-05
leaf_weight=1818 45 66 231 43 55 166
leaf_count=1818 45 66 231 43 55 166
internal_value=-0.000122012 0.00183721 0.00293525 -0.000445298 0.00328 -0.000632428
internal_weight=2424 342 276 2082 98 1984
internal_count=2424 342 276 2082 98 1984
is_linear=0
shrinkage=0.04


Tree=37
num_leaves=8
num_cat=0
split_feature=37 16 123 59 116 92 97
split_gain=0.920105 0.870397 1.22232 0.902244 0.74468 0.690416 0.57676
threshold=-0.064033926229554408 -0.83213447720139944 0.82263580788736523 1.7334575170449029 0.39300809172744117 0.081936969528813644 -0.93656310971103229
decision_type=2 2 2 2 2 2 2
left_child=4 2 -2 -3 5 -1 -6
right_child=1 3 -4 -5 6 -7 -8
leaf_value=1.7284412472168721e-05 0.00023808021556615404 1.0020373605493472e-05 -7.6546710310825304e-05 -0.00013698211617060329 6.0201704192626054e-05 -9.8266253786139738e-05 -0.00017574708532882712
leaf_weight=464 134 1009 56 94 40 339 288
leaf_count=464 134 1009 56 94 40 339 288
internal_value=-8.90364e-05 0.000639381 0.003125 0.000206334 -0.000921448 -0.000263355 -0.00252121
internal_weight=2424 1293 190 1103 1131 803 328
internal_count=2424 1293 190 1103 1131 803 328
is_linear=0
shrinkage=0.04


Tree=38
num_leaves=8
num_cat=0
split_feature=96 16 126 96 121 85 99
split_gain=0.869107 0.938432 1.67256 0.956445 0.757402 0.755135 0.252401
threshold=-0.69881599339865508 -0.83213447720139944 -0.14074767218360967 0.50863878888216507 0.36394409250070847 0.16455769013844304 0.2385029204549893
decision_type=2 2 2 2 2 2 2
left_child=4 2 -2 -3 6 -6 -1
right_child=1 3 -4 -5 5 -7 -8
leaf_value=-0.00019709252485465711 0.00015564774569408075 9.1140030577675955e-06 0.00012498350777042933 -5.4613103303403551e-05 0.00024744875344189865 -0.00019624652129752705 -0.00013377867245841841
leaf_weight=210 47 1414 187 432 44 48 42
leaf_count=210 47 1414 187 432 44 48 42
internal_value=-3.95723e-05 0.000268971 0.00264407 -3.4633e-05 -0.00189595 0.00119149 -0.00302362
internal_weight=2424 2080 234 1846 344 92 252
internal_count=2424 2080 234 1846 344 92 252
is_linear=0
shrinkage=0.04


Tree=39
num_leaves=6
num_cat=0
split_feature=1 95 50 43 84
split_gain=0.923126 1.26249 1.16823 0.838648 0.734247
threshold=-0.16178199708420773 1.9094304669737829 0.2107973365141815 1.9114026116109331 1.6117939205445835
decision_type=2 2 2 2 2
left_child=1 2 -1 4 -2
right_child=3 -3 -4 -5 -6
leaf_value=-6.3444071073058206e-06 -5.5036971386030708e-05 0.00033168039462745213 0.00016017741383088396 0.00023303445669583495 0.0003288838936672875
leaf_weight=782 1292 66 157 68 59
leaf_count=782 1292 66 157 68 59
internal_value=-7.25484e-05 0.000854021 0.000471838 -0.000729065 -0.000949003
internal_weight=2424 1005 939 1419 1351
internal_count=2424 1005 939 1419 1351
is_linear=0
shrinkage=0.04


Tree=40
num_leaves=6
num_cat=0
split_feature=23 88 84 63 124
split_gain=0.879194 0.829797 0.711143 1.6542 0.758381
threshold=-1.2267150055498464 -0.033700792068510628 -0.17382522557383617 1.0648325906547653 -0.66417468433615456
decision_type=2 2 2 2 2
left_child=1 -1 4 -4 -2
right_child=2 -3 3 -5 -6
leaf_value=-2.439081953328434e-05 0.00016109258157051651 0.0004502914770485373 -4.6331246535052545e-07 0.00013261634482006576 -8.9646411635446556e-05
leaf_weight=51 45 49 1346 58 875
leaf_count=51 45 49 1346 58 875
internal_value=-0.000105524 0.00352941 -0.000264833 0.000301564 -0.00112798
internal_weight=2424 100 2324 1404 920
internal_count=2424 100 2324 1404 920
is_linear=0
shrinkage=0.04


Tree=41
num_leaves=8
num_cat=0
split_feature=30 120 125 85 92 46 64
split_gain=0.865747 0.939291 1.62146 0.797344 1.22904 1.17951 0.419648
threshold=0.12191891378115581 0.17588630432089866 -0.71795222696870897 0.15748375528091371 0.0048963638545548799 0.40417278949716301 -0.71093063243889276
decision_type=2 2 2 2 2 2 2
left_child=3 2 -2 4 -1 -5 -3
right_child=1 6 -4 5 -6 -7 -8
leaf_value=0.00012255904802930281 0.00017247267424395717 2.6436853421435079e-06 -2.6012044356875331e-05 -0.00010854179677620948 -1.7261228556691055e-06 0.00011323889585993368 -0.00014755796484700018
leaf_weight=356 51 76 608 442 413 161 317
leaf_count=356 51 76 608 442 413 161 317
internal_value=-5.60603e-05 -0.000918407 6.05049e-06 0.00060553 0.00145785 -0.000482646 -0.00246076
internal_weight=2424 1052 659 1372 769 603 393
internal_count=2424 1052 659 1372 769 603 393
is_linear=0
shrinkage=0.04


Tree=42
num_leaves=6
num_cat=0
split_feature=5 88 29 122 120
split_gain=0.879194 0.829797 0.62003 1.22233 0.843877
threshold=-1.3059994618129838 -0.033700792068510628 -0.070616734420167152 0.31566976081975023 0.17808824568951878
decision_type=2 2 2 2 2
left_child=1 -1 3 -2 -4
right_child=2 -3 4 -5 -6
leaf_value=-1.9073514880904529e-05 3.5083020379640212e-05 0.00043576696933591343 -4.156417221167761e-06 -6.0297645289152843e-05 -0.00012073680274250385
leaf_weight=51 652 49 801 388 483
leaf_count=51 652 49 801 388 483
internal_value=-0.000105524 0.00352941 -0.000264833 0.000460652 -0.000852256
internal_weight=2424 100 2324 1040 1284
internal_count=2424 100 2324 1040 1284
is_linear=0
shrinkage=0.04


Tree=43
num_leaves=8
num_cat=0
split_feature=29 114 28 77 94 100 59
split_gain=0.808303 1.08991 1.15999 0.928046 0.89156 1.5704 0.573517
threshold=0.037130229092521241 0.52672308207945184 1.1089271768658733 -1.5146158287032443 -0.088250961842660583 -0.54309698185508448 -0.70525101423625147
decision_type=2 2 2 2 2 2 2
left_child=1 2 -1 -3 6 -6 -2
right_child=4 3 -4 -5 5 -7 -8
leaf_value=9.7019987966373727e-06 3.5847425753723852e-05 0.00016286526594475514 0.00027624634959412455 -0.00018499337484538365 0.0002078746963737016 -1.5974639224188457e-05 -0.00014017892526104863
leaf_weight=946 45 41 65 210 51 600 466
leaf_count=946 45 41 65 210 51 600 466
internal_value=-0.000105524 0.000594936 0.00118065 -0.00175494 -0.00086598 0.000116385 -0.00211306
internal_weight=2424 1262 1011 251 1162 651 511
internal_count=2424 1262 1011 251 1162 651 511
is_linear=0
shrinkage=0.04


Tree=44
num_leaves=8
num_cat=0
split_feature=30 114 80 94 100 59 75
split_gain=0.747771 0.880346 0.954504 0.726358 1.03787 0.475464 0.448837
threshold=0.12191891378115581 0.6971691470804906 -1.0366720957969917 -0.1771872740477016 -0.54309698185508448 -0.70525101423625147 -1.0075387725942231
decision_type=2 2 2 2 2 2 2
left_child=1 2 -1 5 -5 -2 -3
right_child=3 6 -4 4 -6 -7 -8
leaf_value=-0.00015474046832521495 2.8523009818906265e-05 8.6042332737961343e-05 2.6661129060324261e-05 0.00019308242380712968 -2.1323418804539753e-05 -0.00014672700196643188 -0.00019595490516858809
leaf_weight=62 41 42 1110 57 580 374 158
leaf_count=62 41 42 1110 57 580 374 158
internal_value=-0.000154989 0.00045997 0.000879045 -0.000956358 -0.000106417 -0.0022542 -0.0019802
internal_weight=2424 1372 1172 1052 637 415 200
internal_count=2424 1372 1172 1052 637 415 200
is_linear=0
shrinkage=0.04


Tree=45
num_leaves=6
num_cat=0
split_feature=5 88 120 83 124
split_gain=0.895196 0.829797 0.640424 0.751214 0.598446
threshold=-1.3059994618129838 -0.033700792068510628 0.57412050401298897 -0.67924393116619342 -0.51775064211857369
decision_type=2 2 2 2 2
left_child=1 -1 3 -2 -4
right_child=2 -3 4 -5 -6
leaf_value=-2.3170797355472122e-05 -0.00014990272270037295 0.00041688176544819845 9.5002628139367837e-06 4.8505742108004123e-06 -0.00014624389412132394
leaf_weight=51 253 49 101 1795 175
leaf_count=51 253 49 101 1795 175
internal_value=-0.000138501 0.00352941 -0.000299227 -5.46351e-05 -0.00210072
internal_weight=2424 100 2324 2048 276
internal_count=2424 100 2324 2048 276
is_linear=0
shrinkage=0.04


Tree=46
num_leaves=5
num_cat=0
split_feature=23 43 97 27
split_gain=0.7557 0.646797 1.29487 0.657257
threshold=-1.4208051772564605 1.9114026116109331 0.069359824821709035 0.68269701245256587
decision_type=2 2 2 2
left_child=-1 3 -3 -2
right_child=1 2 -4 -5
leaf_value=0.00019349587425227489 -7.1996007112967252e-06 0.00032065673921257771 -5.9148925002133473e-05 -0.00016816879265731628
leaf_weight=50 2091 64 65 154
leaf_count=50 2091 64 65 154
internal_value=-0.000154989 -0.00025926 0.00247328 -0.000418337
internal_weight=2424 2374 129 2245
internal_count=2424 2374 129 2245
is_linear=0
shrinkage=0.04


Tree=47
num_leaves=8
num_cat=0
split_feature=28 115 18 115 28 11 47
split_gain=0.725047 0.914201 1.49059 1.1676 0.808389 0.764173 0.410729
threshold=0.58364474749633888 0.24885473652604889 0.54714244033856763 -0.78276869613517897 0.33915876519425964 0.45463847101041582 -0.37920300362607506
decision_type=2 2 2 2 2 2 2
left_child=4 3 -3 -2 5 -1 -6
right_child=1 2 -4 -5 6 -7 -8
leaf_value=5.3614398082372976e-06 0.00010752701673434548 0.00025411860117806453 -0.00022835169535338933 -4.7140708773521793e-05 6.5006871449495691e-06 -9.9140671692043663e-05 -0.00018393322222136799
leaf_weight=1174 92 171 48 291 41 418 189
leaf_count=1174 92 171 48 291 41 418 189
internal_value=-0.000154989 0.00104636 0.00309502 -0.000135066 -0.000552633 -0.000230867 -0.00275862
internal_weight=2424 602 219 383 1822 1592 230
internal_count=2424 602 219 383 1822 1592 230
is_linear=0
shrinkage=0.04


Tree=48
num_leaves=7
num_cat=0
split_feature=70 109 122 109 28 80
split_gain=0.732749 0.904289 1.44611 1.02114 0.731063 0.541693
threshold=0.19081150915504799 -1.1048217623268008 0.31566976081975023 0.10308839846369794 1.23837450878857 -0.50502419323087688
decision_type=2 2 2 2 2 2
left_child=1 2 -1 -3 5 -2
right_child=4 3 -4 -5 -6 -7
leaf_value=0.00018670879428225526 -0.00015066452868529813 -6.6977455858226512e-05 -8.0784039409112791e-05 3.2218224256635487e-05 0.00020734723430628442 -2.6303595633831542e-05
leaf_weight=110 219 642 51 666 53 683
leaf_count=110 219 642 51 666 53 683
internal_value=-0.000204453 0.000356219 0.00316564 6.10592e-06 -0.00106583 -0.00133628
internal_weight=2424 1469 161 1308 955 902
internal_count=2424 1469 161 1308 955 902
is_linear=0
shrinkage=0.04


Tree=49
num_leaves=8
num_cat=0
split_feature=30 51 91 120 0 64 98
split_gain=0.757119 1.05696 0.909844 0.849101 0.951784 0.419648 0.400543
threshold=0.12191891378115581 -0.84048179385832922 0.079557017214985107 0.17588630432089866 0.44380068162904174 -0.71093063243889276 -0.72008676924150883
decision_type=2 2 2 2 2 2 2
left_child=1 6 -3 4 -2 -5 -1
right_child=3 2 -4 5 -6 -7 -8
leaf_value=5.3057308705128284e-05 3.2993340020819302e-05 -3.2783050179063116e-06 6.92975511205258e-05 -1.4581468352929368e-06 -8.0593771956173415e-05 -0.00012665953022177192 -0.00013709457356758447
leaf_weight=40 355 574 514 76 304 317 244
leaf_count=40 355 574 514 76 304 317 244
internal_value=-0.000187965 0.000430858 0.000998164 -0.000994308 -0.000114978 -0.00246076 -0.00173427
internal_weight=2424 1372 1088 1052 659 393 284
internal_count=2424 1372 1088 1052 659 393 284
is_linear=0
shrinkage=0.04


Tree=50
num_leaves=8
num_cat=0
split_feature=20 31 60 98 120 125 98
split_gain=0.734611 1.0049 1.73286 0.904197 0.815892 0.890591 0.261303
threshold=0.31758609389760645 0.30222076080255261 1.0000000180025095e-35 -1.3403399552463757 0.17808824568951878 -0.71795222696870897 0.35897572994761717
decision_type=2 2 2 2 2 2 2
left_child=1 3 -3 -1 5 -2 -6
right_child=4 2 -4 -5 6 -7 -8
leaf_value=0.00023999873070917332 9.3266669895387003e-05 0.00028252382038029356 -6.3967979829732366e-06 -4.1838477239225646e-06 -0.00012174430845806044 -3.8206555668945237e-05 -5.3644213313666186e-05
leaf_weight=58 42 59 78 1467 233 414 73
leaf_count=58 42 59 78 1467 233 414 73
internal_value=-0.000187965 0.000283653 0.00353957 -1.30985e-05 -0.00121466 -0.000139739 -0.0028052
internal_weight=2424 1662 137 1525 762 456 306
internal_count=2424 1662 137 1525 762 456 306
is_linear=0
shrinkage=0.04


Tree=51
num_leaves=7
num_cat=0
split_feature=17 78 43 79 43 103
split_gain=0.692111 0.983233 0.641965 0.440128 0.496071 0.190611
threshold=0.52306771755849646 -1.4121070711216686 -0.55488489559329734 -0.017657390973001025 0.64301605909973292 0.4415699125877664
decision_type=2 2 2 2 2 2
left_child=1 -1 -3 4 -2 -5
right_child=3 2 -4 5 -6 -7
leaf_value=0.00030029977462433811 -4.8117822896165651e-05 -5.9517193258043689e-05 4.512894961659346e-06 -0.0001856086871196623 0.0001710499889603443 -0.00023652166949710541
leaf_weight=67 185 374 1569 130 43 56
leaf_count=67 185 374 1569 130 43 56
internal_value=-0.000187965 0.000119283 -4.73017e-05 -0.00167308 -0.000486957 -0.00310638
internal_weight=2424 2010 1943 414 228 186
internal_count=2424 2010 1943 414 228 186
is_linear=0
shrinkage=0.04


Tree=52
num_leaves=8
num_cat=0
split_feature=37 51 16 0 116 92 95
split_gain=0.698723 0.650925 1.40559 0.666436 0.641741 0.929839 0.784681
threshold=-0.31341103371210915 -0.84048179385832922 -0.68666978219606645 0.078288507721047826 -0.29648162438608544 0.081936969528813644 -0.71233406058602078
decision_type=2 2 2 2 2 2 2
left_child=4 3 -3 -2 5 -1 -6
right_child=1 2 -4 -5 6 -7 -8
leaf_value=0.00012314526727277007 -8.4707700269263963e-05 0.00015501900361752222 3.5656602136796884e-07 4.3347242592138425e-05 0.0002023693305066368 -0.00010666673749081082 -0.00011723313112035866
leaf_weight=128 273 221 1133 44 45 110 470
leaf_count=128 273 221 1133 44 45 110 470
internal_value=-0.000171477 0.000284518 0.000666666 -0.00134169 -0.00118146 0.000533332 -0.00197292
internal_weight=2424 1671 1354 317 753 238 515
internal_count=2424 1671 1354 317 753 238 515
is_linear=0
shrinkage=0.04


Tree=53
num_leaves=8
num_cat=0
split_feature=96 122 118 121 85 116 99
split_gain=0.707649 0.853012 0.868714 0.647498 0.849012 0.584419 0.313962
threshold=-0.69881599339865508 0.27190231368690915 -0.12496817741915654 0.43838042427966534 0.16455769013844304 0.45057815393745998 0.18952213625012987
decision_type=2 2 2 2 2 2 2
left_child=3 2 -2 6 -5 -3 -1
right_child=1 5 -4 4 -6 -7 -8
leaf_value=-0.00014880579833003192 4.5988015833452361e-05 -1.4695242639281591e-05 -5.9726867548309684e-07 0.00022255326762345579 -0.00033075065996739095 -0.00017519693954064805 -0.00010548627352269198
leaf_weight=207 436 648 861 44 42 135 51
leaf_count=207 436 648 861 44 42 135 51
internal_value=-0.000220941 5.76359e-05 0.000686681 -0.00189595 0.00109091 -0.00098344 -0.00289231
internal_weight=2424 2080 1297 344 86 783 258
internal_count=2424 2080 1297 344 86 783 258
is_linear=0
shrinkage=0.04


Tree=54
num_leaves=5
num_cat=0
split_feature=23 88 84 120
split_gain=0.750324 1.0191 0.613829 0.645381
threshold=-1.2267150055498464 -0.033700792068510628 -0.89659692681551417 0.57412050401298897
decision_type=2 2 2 2
left_child=1 -1 -2 -4
right_child=2 -3 3 -5
leaf_value=-3.1477945550726269e-05 -0.00015243661291862524 0.00037899688588051406 3.4230129884247965e-07 -9.1869057508202259e-05
leaf_weight=51 94 49 1960 270
leaf_count=51 94 49 1960 270
internal_value=-0.000220941 0.00313725 -0.000368015 -0.000232976
internal_weight=2424 100 2324 2230
internal_count=2424 100 2324 2230
is_linear=0
shrinkage=0.04


Tree=55
num_leaves=6
num_cat=0
split_feature=1 28 50 84 43
split_gain=0.654634 1.04689 1.11344 0.716426 0.655269
threshold=-0.16178199708420773 1.3884400019034813 0.2107973365141815 1.6117939205445835 1.9114026116109331
decision_type=2 2 2 2 2
left_child=1 2 -1 4 -2
right_child=3 -3 -4 -5 -6
leaf_value=-8.7848272506110789e-06 -4.204682926526637e-05 0.00012401512973581432 0.00015005634053754825 0.00028749675851525786 0.00019061236487460752
leaf_weight=791 1292 56 158 65 62
leaf_count=791 1292 56 158 65 62
internal_value=-0.000204453 0.000575967 0.000256571 -0.000757214 -0.000955753
internal_weight=2424 1005 949 1419 1354
internal_count=2424 1005 949 1419 1354
is_linear=0
shrinkage=0.04


Tree=56
num_leaves=7
num_cat=0
split_feature=37 51 0 0 104 15
split_gain=0.671297 0.670172 1.07332 0.666436 0.601614 0.632434
threshold=-0.31341103371210915 -0.84048179385832922 0.15112748639401599 0.078288507721047826 0.81067588227759069 0.088322131113946031
decision_type=2 2 2 2 2 2
left_child=4 3 -3 -2 5 -1
right_child=1 2 -4 -5 -6 -7
leaf_value=-1.3513775085952584e-06 -8.6397409004655807e-05 4.8776720695067049e-05 -1.3755208199239941e-05 4.0293003650742945e-05 6.046550157653482e-05 -0.00010691915695694306
leaf_weight=279 273 689 665 44 59 415
leaf_count=279 273 689 665 44 59 415
internal_value=-0.000138501 0.000308427 0.000696164 -0.00134169 -0.00112848 -0.00145977
internal_weight=2424 1671 1354 317 753 694
internal_count=2424 1671 1354 317 753 694
is_linear=0
shrinkage=0.04


Tree=57
num_leaves=8
num_cat=0
split_feature=49 49 85 100 113 119 53
split_gain=0.673237 0.939882 1.16692 0.9774 0.632732 1.61847 0.681058
threshold=0.72157162249666473 0.90131332332513048 0.10073860783092152 1.0793542295026011 -0.94899810660432948 0.037907214807682187 0.25000000000000006
decision_type=2 2 2 2 2 2 2
left_child=4 2 -2 -3 5 -1 -6
right_child=1 3 -4 -5 6 -7 -8
leaf_value=0.0002773036687840415 3.2188236945450693e-06 -2.4610270039019262e-05 0.00039684338599732798 0.00036314666241480233 -2.9221512460559983e-06 -0.00013134982235247757 -7.9188915624275755e-05
leaf_weight=75 47 372 44 69 1087 73 657
leaf_count=75 47 372 44 69 1087 73 657
internal_value=-0.000220941 0.00103371 0.00468817 0.00026185 -0.000574447 0.00192 -0.000788088
internal_weight=2424 532 91 441 1892 148 1744
internal_count=2424 532 91 441 1892 148 1744
is_linear=0
shrinkage=0.04


Tree=58
num_leaves=7
num_cat=0
split_feature=96 117 51 90 57 121
split_gain=0.666303 0.761949 0.585287 1.0752 0.539153 0.411733
threshold=-0.69881599339865508 -0.36417156905098813 -0.84048179385832922 0.20877191296739586 -0.76604351691752015 0.46951857746374859
decision_type=2 2 2 2 2 2
left_child=1 -1 4 -4 -2 -3
right_child=2 5 3 -5 -6 -7
leaf_value=0.00010000044870924678 -0.00016906781672786211 -0.00015528073833500307 -6.8436901695445918e-06 7.2514433755026245e-05 -2.850039937091237e-05 4.3567709731576276e-05
leaf_weight=45 96 234 1225 527 232 65
leaf_count=45 96 234 1225 527 232 65
internal_value=-0.000154989 -0.00178035 0.000115273 0.000405928 -0.0014303 -0.00251163
internal_weight=2424 344 2080 1752 328 299
internal_count=2424 344 2080 1752 328 299
is_linear=0
shrinkage=0.04


Tree=59
num_leaves=7
num_cat=0
split_feature=43 97 70 29 98 115
split_gain=0.646657 1.09778 1.025 0.631528 1.29193 0.57777
threshold=1.9114026116109331 0.58500922855208537 -0.092981355871331745 0.23328557946238537 -1.2287232120670022 0.062615262768962635
decision_type=2 2 2 2 2 2
left_child=3 2 -2 4 -1 -5
right_child=1 -3 -4 5 -6 -7
leaf_value=0.00027714296014073251 0.00046802048108738725 -0.00017378145926724901 5.233693222867229e-05 -4.5413343186910758e-06 -1.8365660100908488e-06 -9.6063142249088232e-05
leaf_weight=60 40 41 54 432 1393 404
leaf_count=60 40 41 54 432 1393 404
internal_value=-0.000187965 0.00248175 0.00483333 -0.000347447 0.0001567 -0.00122196
internal_weight=2424 135 94 2289 1453 836
internal_count=2424 135 94 2289 1453 836
is_linear=0
shrinkage=0.04


Tree=60
num_leaves=8
num_cat=0
split_feature=96 82 11 49 121 85 107
split_gain=0.639549 0.693323 1.62084 0.773702 0.598636 0.849012 0.344332
threshold=-0.69881599339865508 -0.63220225102541916 0.19045465071272141 -0.83462851956327389 0.43838042427966534 0.16455769013844304 0.69303371093498145
decision_type=2 2 2 2 2 2 2
left_child=4 2 -2 -3 6 -6 -1
right_child=1 3 -4 -5 5 -7 -8
leaf_value=-0.00014569927191048751 0.00022436632544469031 0.0001548792702680267 -0.000104156013700758 -6.1525695927564631e-06 0.00021173198742710828 -0.00031543491015186741 7.8715056285426955e-07
leaf_weight=213 131 50 120 1779 44 42 45
leaf_count=213 131 50 120 1779 44 42 45
internal_value=-0.000187965 7.68482e-05 0.00203952 -0.00019443 -0.00178035 0.00109091 -0.00273846
internal_weight=2424 2080 251 1829 344 86 258
internal_count=2424 2080 251 1829 344 86 258
is_linear=0
shrinkage=0.04


Tree=61
num_leaves=8
num_cat=0
split_feature=95 58 79 85 85 29 47
split_gain=0.628277 0.962375 1.50758 0.910141 0.711587 1.10549 0.71581
threshold=0.42249951121469237 0.18737159547138696 0.17885502577066967 0.89067337167220151 0.67581407416946504 -0.070616734420167152 -0.62571289834921795
decision_type=2 2 2 2 2 2 2
left_child=4 3 -3 -2 5 -1 -6
right_child=1 2 -4 -5 6 -7 -8
leaf_value=2.3548224450707056e-05 -1.5466664818286774e-05 1.9057343142319345e-05 0.00055360856388334543 0.00014698458468156986 3.5806655236157035e-05 -4.4371051609047411e-05 -0.00010477248726767522
leaf_weight=579 492 117 42 87 52 748 307
leaf_count=579 492 117 42 87 52 748 307
internal_value=-0.000204453 0.000767567 0.0035031 6.88373e-06 -0.000630333 -0.000201656 -0.00220499
internal_weight=2424 738 159 579 1686 1327 359
internal_count=2424 738 159 579 1686 1327 359
is_linear=0
shrinkage=0.04


Tree=62
num_leaves=7
num_cat=0
split_feature=120 83 15 2 11 100
split_gain=0.731034 0.732017 0.673422 0.502065 0.359958 0.218521
threshold=0.57412050401298897 -0.67924393116619342 1.0476740058402079 -0.67438257214342767 0.23780959419422656 0.33832292822629079
decision_type=2 2 2 2 2 2
left_child=1 4 -3 -2 -1 -5
right_child=3 2 -4 5 -6 -7
leaf_value=-4.7314720402235853e-05 4.14880286628158e-06 6.9329755108704388e-06 -0.00017669147031621702 -0.00012838590614466344 -0.00019998303278653527 -1.9141827876962203e-05
leaf_weight=140 50 1822 57 199 114 42
leaf_count=140 50 1822 57 199 114 42
internal_value=-0.000187965 6.93199e-05 0.00034237 -0.00206143 -0.0019375 -0.00281482
internal_weight=2424 2133 1879 291 254 241
internal_count=2424 2133 1879 291 254 241
is_linear=0
shrinkage=0.04


Tree=63
num_leaves=6
num_cat=0
split_feature=78 0 17 16 15
split_gain=0.585327 0.663633 0.613922 1.0851 0.339754
threshold=-1.4121070711216686 0.1776448110151255 -0.88457662886168642 -0.74660979483822809 -1.2780316519100323
decision_type=2 2 2 2 2
left_child=1 -1 4 -4 -2
right_child=2 -3 3 -5 -6
leaf_value=0.00057817290712052828 -3.0100647342332289e-05 -5.8871052723219873e-05 9.2427523048088593e-05 -1.0538421968823606e-05 -0.00029029949498707053
leaf_weight=40 43 44 180 1973 144
leaf_count=40 43 44 180 1973 144
internal_value=-0.000171477 0.00306977 -0.000290351 -9.83768e-05 -0.00247619
internal_weight=2424 84 2340 2153 187
internal_count=2424 84 2340 2153 187
is_linear=0
shrinkage=0.04


Tree=64
num_leaves=8
num_cat=0
split_feature=120 40 115 114 91 50 8
split_gain=0.692947 0.656946 0.80191 0.48427 0.357975 0.409543 0.162113
threshold=0.57412050401298897 -0.54802859835707252 0.24885473652604889 -0.45298336826854763 0.060986380728074115 -0.20772059980133081 0.20758543839185836
decision_type=2 2 2 2 2 2 2
left_child=1 3 -3 -1 6 -6 -2
right_child=4 2 -4 -5 5 -7 -8
leaf_value=4.5204735440357312e-05 -0.00013174378151037196 -5.9281153661692449e-06 2.8421190461865908e-05 -0.00011154259511217355 1.1443190921816016e-05 -0.0001353753050763072 -6.660206706861532e-05
leaf_weight=43 124 1161 601 328 49 56 62
leaf_count=43 124 1161 601 328 49 56 62
internal_value=-0.000237429 1.31138e-05 0.0003356 -0.00151207 -0.00206143 -0.000186917 -0.00310638
internal_weight=2424 2133 1762 371 291 105 186
internal_count=2424 2133 1762 371 291 105 186
is_linear=0
shrinkage=0.04


Tree=65
num_leaves=6
num_cat=0
split_feature=125 91 98 87 35
split_gain=0.667733 0.683566 1.29884 0.80749 0.0518095
threshold=-0.99972969187621663 -0.59757308437643453 -1.1589260847272687 0.68456495768770631 -0.22056979101720139
decision_type=2 2 2 2 2
left_child=4 2 -2 -3 -1
right_child=1 3 -4 -5 -6
leaf_value=-0.00023187978891808434 0.00029811279921351054 -1.3633519703548236e-06 -0.00010487447515404237 4.0747759178879011e-05 -0.00014617035977475951
leaf_weight=40 42 1525 464 285 68
leaf_count=40 42 1525 464 285 68
internal_value=-0.000154989 -1.03547e-05 -0.00130709 0.0003532 -0.0032
internal_weight=2424 2316 506 1810 108
internal_count=2424 2316 506 1810 108
is_linear=0
shrinkage=0.04


Tree=66
num_leaves=5
num_cat=0
split_feature=68 13 120 81
split_gain=0.637109 0.720734 0.870618 0.643187
threshold=-0.99618726690398296 -0.70068038408375621 0.57412050401298897 -0.59584055186576212
decision_type=2 2 2 2
left_child=-1 3 -3 -2
right_child=1 2 -4 -5
leaf_value=4.6114678271773015e-05 2.9580562509846074e-05 4.9480022785913305e-06 -6.8327606236731996e-05 -0.00015769700552054148
leaf_weight=40 62 1798 242 282
leaf_count=40 62 1798 242 282
internal_value=-0.000122012 -0.00020788 7.83536e-05 -0.00189595
internal_weight=2424 2384 2040 344
internal_count=2424 2384 2040 344
is_linear=0
shrinkage=0.04


Tree=67
num_leaves=7
num_cat=0
split_feature=37 70 114 56 104 11
split_gain=0.62271 0.682659 0.853381 0.767013 0.585162 0.588057
threshold=-0.31341103371210915 0.64093842173986693 0.6971691470804906 0.20406350347305022 0.81067588227759069 0.41211340478368347
decision_type=2 2 2 2 2 2
left_child=4 2 -2 -3 5 -1
right_child=1 3 -4 -5 -6 -7
leaf_value=-4.1098127293936044e-05 4.2755688292992302e-06 0.00029155915010248978 -9.0479800743754072e-05 -1.1654700507634986e-05 5.9867605840654013e-05 -0.00014485374879814802
leaf_weight=470 1355 45 222 49 59 224
leaf_count=470 1355 45 222 49 59 224
internal_value=-0.000122012 0.000308427 0.000108929 0.00358333 -0.0010755 -0.0014023
internal_weight=2424 1671 1577 94 753 694
internal_count=2424 1671 1577 94 753 694
is_linear=0
shrinkage=0.04


Tree=68
num_leaves=8
num_cat=0
split_feature=91 81 83 49 49 47 83
split_gain=0.704916 0.781861 1.10679 0.776956 1.30395 0.98558 0.73491
threshold=-0.59757308437643453 -0.28628608059292115 -0.21480187527386105 0.72157162249666473 0.91368046269524561 -0.68923440990753615 1.3544164504147496
decision_type=2 2 2 2 2 2 2
left_child=1 2 -1 5 -5 -2 -3
right_child=3 6 -4 4 -6 -7 -8
leaf_value=-0.00011729696686635744 2.5959041199166921e-05 -0.00013908785941585094 0.00030003573895484462 0.00036022664670900476 2.2792428735962363e-05 -2.175362838166474e-05 0.00022027832936719261
leaf_weight=152 135 291 48 75 331 1347 45
leaf_count=152 135 291 48 75 331 1347 45
internal_value=-0.000105524 -0.0013829 0.000594058 0.0002582 0.00180392 -0.000167117 -0.00255621
internal_weight=2424 536 200 1888 406 1482 336
internal_count=2424 536 200 1888 406 1482 336
is_linear=0
shrinkage=0.04


Tree=69
num_leaves=5
num_cat=0
split_feature=68 51 28 0
split_gain=0.685172 0.666086 0.925117 0.350269
threshold=-0.99618726690398296 -0.84048179385832922 0.58364474749633888 0.089025567245942253
decision_type=2 2 2 2
left_child=-1 3 -3 -2
right_child=1 2 -4 -5
leaf_value=4.5275362059306116e-05 -7.4569127083398611e-05 -1.9111262140369396e-05 6.3509535327972819e-05 3.812147717669226e-05
leaf_weight=40 313 1547 479 45
leaf_count=40 313 1547 479 45
internal_value=-0.000303381 -0.000392289 -0.000110455 -0.00197778
internal_weight=2424 2384 2026 358
internal_count=2424 2384 2026 358
is_linear=0
shrinkage=0.04


Tree=70
num_leaves=7
num_cat=0
split_feature=91 98 116 51 81 103
split_gain=0.660376 1.35122 0.750527 1.16834 0.623297 0.522359
threshold=-0.59757308437643453 -1.2287232120670022 0.40045121000109107 -0.77442762480480776 -0.28628608059292115 -0.86382194825947201
decision_type=2 2 2 2 2 2
left_child=1 -1 3 -2 -3 -4
right_child=2 4 5 -5 -6 -7
leaf_value=0.00027159656618625866 -8.1366713737065225e-05 -5.4932933100800811e-06 0.00010041938669921781 2.8103152554377739e-05 -0.00015218325619449272 -5.8197087903229121e-05
leaf_weight=42 221 176 72 1103 318 492
leaf_count=42 221 176 72 1103 318 492
internal_value=-0.000220941 -0.00145725 0.000131216 0.000651583 -0.00204839 -0.00108834
internal_weight=2424 536 1888 1324 494 564
internal_count=2424 536 1888 1324 494 564
is_linear=0
shrinkage=0.04


Tree=71
num_leaves=5
num_cat=0
split_feature=68 28 41 116
split_gain=0.671898 0.652979 0.964118 0.65391
threshold=-0.99618726690398296 0.91927145855994241 -1.0100494571005809 0.40045121000109107
decision_type=2 2 2 2
left_child=-1 3 -3 -2
right_child=1 2 -4 -5
leaf_value=4.2685419226798596e-05 -2.2134906579209306e-06 0.000240149950917487 7.2674929163143428e-06 -4.867571991890493e-05
leaf_weight=40 1405 44 334 601
leaf_count=40 1405 44 334 601
internal_value=-0.000253917 -0.000341996 0.00117895 -0.000629483
internal_weight=2424 2384 378 2006
internal_count=2424 2384 378 2006
is_linear=0
shrinkage=0.04


Tree=72
num_leaves=5
num_cat=0
split_feature=68 112 87 91
split_gain=0.667501 0.665024 1.1249 0.565542
threshold=-0.99618726690398296 1.062803212313884 -0.94993932205865017 -0.12011034085566899
decision_type=2 2 2 2
left_child=-1 3 -3 -2
right_child=1 2 -4 -5
leaf_value=4.0978002457726608e-05 -3.7307219069002874e-05 -4.4625376034857387e-05 0.00012534362691534319 -5.1988659154486257e-07
leaf_weight=40 905 81 141 1257
leaf_count=40 905 81 141 1257
internal_value=-0.000237429 -0.000325231 0.00175 -0.000539742
internal_weight=2424 2384 222 2162
internal_count=2424 2384 222 2162
is_linear=0
shrinkage=0.04


Tree=73
num_leaves=7
num_cat=0
split_feature=91 99 96 116 87 112
split_gain=0.723638 0.99627 0.7496 1.33166 0.72414 0.539748
threshold=-0.59757308437643453 -0.81807340506264914 0.50863878888216507 -0.29648162438608544 0.90529159564828177 0.63473758429372973
decision_type=2 2 2 2 2 2
left_child=1 -1 3 -2 -4 -3
right_child=2 5 4 -5 -6 -7
leaf_value=0.00020245873668125203 8.97687209305827e-05 -0.00013888805141339813 -4.1349458324168419e-05 -7.8587596169312713e-06 8.855649299657657e-05 6.7197238582019142e-06
leaf_weight=78 450 341 441 949 48 117
leaf_count=78 450 341 441 949 48 117
internal_value=-0.000237429 -0.0015316 0.000131216 0.000602426 -0.00121385 -0.00224348
internal_weight=2424 536 1888 1399 489 458
internal_count=2424 536 1888 1399 489 458
is_linear=0
shrinkage=0.04


Tree=74
num_leaves=7
num_cat=0
split_feature=43 97 72 0 0 78
split_gain=0.654656 1.09778 1.01953 0.820149 1.11826 0.472524
threshold=1.9114026116109331 0.58500922855208537 -0.084444337460808691 -0.81539136802438816 0.15112748639401599 -1.2267064545258461
decision_type=2 2 2 2 2 2
left_child=3 2 -2 5 -5 -1
right_child=1 -3 -4 4 -6 -7
leaf_value=2.8503913146023431e-05 0.00010084717069584863 -0.00016978321610994901 0.00028089899200759669 1.1501893891519174e-05 -3.423608755866735e-05 -0.00012305850796809361
leaf_weight=53 45 41 49 1009 946 281
leaf_count=53 45 41 49 1009 946 281
internal_value=-0.000204453 0.00248175 0.00483333 -0.000364907 -5.10996e-05 -0.00219048
internal_weight=2424 135 94 2289 1955 334
internal_count=2424 135 94 2289 1955 334
is_linear=0
shrinkage=0.04


Tree=75
num_leaves=8
num_cat=0
split_feature=51 0 84 41 46 116 88
split_gain=0.583333 0.789393 1.3116 0.914316 0.334385 0.441329 0.158093
threshold=-0.84048179385832922 0.15112748639401599 -0.14611671402131055 -0.98675601611623431 0.095771213635019184 -0.17076899882171356 -0.26380021103666867
decision_type=2 2 2 2 2 2 2
left_child=4 2 -2 -3 5 -1 -6
right_child=1 3 -4 -5 6 -7 -8
leaf_value=-0.00011176578503616009 -2.0516638312128334e-05 0.00013019688046135916 6.3754771836980125e-05 -3.6529311019807418e-05 -0.00021455905004570192 1.2702463138512948e-05 -0.00011301692431081551
leaf_weight=82 528 53 578 905 40 125 113
leaf_count=82 528 53 578 905 40 125 113
internal_value=-0.000286893 -2.71065e-05 0.00070036 -0.000866668 -0.00176796 -0.000708135 -0.00317419
internal_weight=2424 2064 1106 958 360 207 153
internal_count=2424 2064 1106 958 360 207 153
is_linear=0
shrinkage=0.04


Tree=76
num_leaves=7
num_cat=0
split_feature=120 120 115 84 2 7
split_gain=0.680476 0.657444 2.05458 0.648143 0.502065 0.250015
threshold=0.57412050401298897 0.48444244260475638 0.56057771699128511 1.5199085872879707 -0.67438257214342767 -0.51863200963282641
decision_type=2 2 2 2 2 2
left_child=1 3 -3 -1 -2 -6
right_child=4 2 -4 -5 5 -7
leaf_value=-6.7979640516475526e-06 1.2106970474018274e-05 -1.8887037424446382e-05 0.00035460209780796537 0.00023219244318858329 -6.8526648313073244e-05 -0.00010242826579413806
leaf_weight=1860 50 111 42 120 79 162
leaf_count=1860 50 111 42 120 79 162
internal_value=-0.000253917 -5.62156e-06 0.00250322 -0.000201817 -0.00206143 -0.00281482
internal_weight=2424 2133 153 1980 291 241
internal_count=2424 2133 153 1980 291 241
is_linear=0
shrinkage=0.04


Tree=77
num_leaves=6
num_cat=0
split_feature=116 61 84 0 124
split_gain=0.674488 0.979504 0.79798 0.780595 0.429406
threshold=0.40045121000109107 -1.268518675609785 1.6595271724022662 0.70878747953603283 -0.51775064211857369
decision_type=2 2 2 2 2
left_child=2 -2 3 -1 -3
right_child=1 4 -4 -5 -6
leaf_value=3.2969049519634326e-06 0.00023347217328930213 1.2067319286094735e-06 0.00032680331496482795 -0.00010006807823898542 -5.8161684437049687e-05
leaf_weight=1344 48 138 78 273 543
leaf_count=1344 48 138 78 273 543
internal_value=-0.000237429 -0.00125308 0.000200353 7.41103e-06 -0.00164568
internal_weight=2424 729 1695 1617 681
internal_count=2424 729 1695 1617 681
is_linear=0
shrinkage=0.04


Tree=78
num_leaves=5
num_cat=0
split_feature=68 37 116 7
split_gain=0.663118 0.754112 0.738856 0.722441
threshold=-0.99618726690398296 -0.17838798327916527 0.3761500505978746 0.58163577971599667
decision_type=2 2 2 2
left_child=-1 2 -2 -3
right_child=1 3 -4 -5
leaf_value=3.629332767602691e-05 -1.802509308571277e-05 1.3260293033860903e-05 -8.7774665358940961e-05 -1.2913592911145148e-05
leaf_weight=40 652 864 288 580
leaf_count=40 652 864 288 580
internal_value=-0.000220941 -0.000308467 -0.00118896 0.000265559
internal_weight=2424 2384 940 1444
internal_count=2424 2384 940 1444
is_linear=0
shrinkage=0.04


Tree=79
num_leaves=8
num_cat=0
split_feature=112 87 13 76 100 14 20
split_gain=0.598946 0.850739 1.38279 0.544448 0.662004 0.245398 0.107705
threshold=1.062803212313884 -0.94993932205865017 0.88313547086147748 1.3167977401203459 0.8274206745997158 -0.10340670243224925 0.022144356618143079
decision_type=2 2 2 2 2 2 2
left_child=3 6 -3 4 -1 -5 -2
right_child=1 2 -4 5 -6 -7 -8
leaf_value=-9.6331096479474657e-06 -6.5866590564854881e-05 0.00030658459333336729 -1.2944225261312833e-05 -2.8860152068231371e-05 9.6183868217274534e-05 -0.00020604160581234705 -7.602280086620472e-06
leaf_weight=1869 41 78 63 60 177 96 40
leaf_count=1869 41 78 63 60 177 96 40
internal_value=-0.000220941 0.00175 0.00360839 -0.000421054 -0.000246095 -0.00268355 -0.00149398
internal_weight=2424 222 141 2202 2046 156 81
internal_count=2424 222 141 2202 2046 156 81
is_linear=0
shrinkage=0.04


Tree=80
num_leaves=5
num_cat=0
split_feature=68 17 29 15
split_gain=0.676309 0.527916 0.875214 0.261703
threshold=-0.99618726690398296 -0.87353435380436684 -0.070616734420167152 -1.2780316519100323
decision_type=2 2 2 2
left_child=-1 3 -3 -2
right_child=1 2 -4 -5
leaf_value=3.5226918954903727e-05 7.2265830848726258e-05 1.0467629126378697e-05 -2.3160972286348762e-05 -0.0002099839848358786
leaf_weight=40 45 914 1260 165
leaf_count=40 45 914 1260 165
internal_value=-0.000270405 -0.00035876 -0.000172795 -0.00226415
internal_weight=2424 2384 2174 210
internal_count=2424 2384 2174 210
is_linear=0
shrinkage=0.04


Tree=81
num_leaves=8
num_cat=0
split_feature=40 97 43 104 117 7 100
split_gain=0.588353 0.657446 0.786618 0.590024 0.514723 1.48764 0.333374
threshold=-0.54802859835707252 0.26837028128125923 1.9114026116109331 -1.3790051792286715 -0.42518910298074236 -0.37326012621078108 0.28093844267749973
decision_type=2 2 2 2 2 2 2
left_child=4 2 -2 -3 5 -1 -6
right_child=1 3 -4 -5 6 -7 -8
leaf_value=0.00015635201794734436 2.3024834867619404e-06 0.00012941986519453871 0.00022453366144243488 -3.5126990988821353e-05 -0.00011498757283015183 -0.00016627810681334916 1.9607339159270344e-05
leaf_weight=40 1201 41 74 688 270 57 53
leaf_count=40 1201 41 74 688 270 57 53
internal_value=-0.000253917 3.19033e-05 0.000579482 -0.000924762 -0.00161138 0.000929292 -0.00237539
internal_weight=2424 2004 1275 729 420 97 323
internal_count=2424 2004 1275 729 420 97 323
is_linear=0
shrinkage=0.04


Tree=82
num_leaves=6
num_cat=0
split_feature=71 40 80 116 5
split_gain=0.556906 0.619554 0.564438 0.488995 0.047973
threshold=1.4195742915118277 -0.70393812636624775 -1.0680161353713515 -0.18927751733446332 -0.10274773917190604
decision_type=2 2 2 2 2
left_child=1 3 -3 -1 -2
right_child=4 2 -4 -5 -6
leaf_value=4.5747514724675638e-06 -1.1416141028566955e-05 -9.2243446778227971e-05 2.6895120217107993e-06 -0.00010871165197833903 -0.00018761576695932678
leaf_weight=81 40 156 1940 148 59
leaf_count=81 40 156 1940 148 59
internal_value=-0.000220941 -9.45433e-05 0.00012202 -0.00206061 -0.00312871
internal_weight=2424 2325 2096 229 99
internal_count=2424 2325 2096 229 99
is_linear=0
shrinkage=0.04


Tree=83
num_leaves=5
num_cat=0
split_feature=68 120 88 100
split_gain=0.641409 0.650255 0.760433 0.52957
threshold=-0.99618726690398296 0.57412050401298897 0.97345251802984223 0.24318181862012769
decision_type=2 2 2 2
left_child=-1 2 -2 -3
right_child=1 3 -4 -5
leaf_value=3.2927318238188119e-05 -6.7158686260432485e-06 -0.00010343914084448099 6.9637794991439538e-05 6.2763771575914117e-06
leaf_weight=40 1859 224 241 60
leaf_count=40 1859 224 241 60
internal_value=-0.000138501 -0.000224645 1.90285e-05 -0.00201399
internal_weight=2424 2384 2100 284
internal_count=2424 2384 2100 284
is_linear=0
shrinkage=0.04


Tree=84
num_leaves=7
num_cat=0
split_feature=96 117 82 11 75 121
split_gain=0.537848 0.725817 0.720714 1.62084 0.590818 0.373823
threshold=-0.69881599339865508 -0.36417156905098813 -0.63220225102541916 0.19045465071272141 1.0381968071546157 0.46951857746374859
decision_type=2 2 2 2 2 2
left_child=1 -1 3 -2 -4 -3
right_child=2 5 4 -5 -6 -7
leaf_value=9.5226276247786134e-05 0.00021227694608472628 -0.00010148573231215685 -6.707322397614059e-06 -8.1303243142857591e-05 0.00011653946440204859 3.8410885220981335e-05
leaf_weight=45 131 234 1766 120 63 65
leaf_count=45 131 234 1766 120 63 65
internal_value=-0.000204453 -0.00166474 3.84236e-05 0.00203952 -0.000238122 -0.00237874
internal_weight=2424 344 2080 251 1829 299
internal_count=2424 344 2080 251 1829 299
is_linear=0
shrinkage=0.04


Tree=85
num_leaves=8
num_cat=0
split_feature=116 103 116 45 66 51 68
split_gain=0.529807 1.44472 1.12628 0.973547 0.817423 0.711215 0.57759
threshold=0.38693116709353909 -0.86382194825947201 0.26026615652239599 -0.30094238535059059 -0.14856192182691352 -0.84048179385832922 0.013742257684963862
decision_type=2 2 2 2 2 2 2
left_child=2 4 5 -4 -2 -1 -3
right_child=1 6 3 -5 -6 -7 -8
leaf_value=-8.9826676261376938e-05 -4.2408355493694751e-06 -9.201253225057105e-05 -1.7928274524125107e-05 0.0001622870999390009 0.00035353425654113878 3.3267228100500217e-06 -7.2422368270781428e-06
leaf_weight=225 51 339 50 85 45 1317 312
leaf_count=225 51 339 50 85 45 1317 312
internal_value=-0.000220941 -0.00110547 0.000173912 0.00364963 0.00342857 -0.000134716 -0.00178254
internal_weight=2424 747 1677 135 96 1542 651
internal_count=2424 747 1677 135 96 1542 651
is_linear=0
shrinkage=0.04


Tree=86
num_leaves=5
num_cat=0
split_feature=101 81 48 91
split_gain=0.529775 0.591395 0.947427 0.794988
threshold=-1.5395132264796898 -0.28628608059292115 -0.20743355186188092 -0.59757308437643453
decision_type=2 2 2 2
left_child=-1 2 -2 -3
right_child=1 3 -4 -5
leaf_value=-0.00026550411531629076 0.00014880351727615399 -8.5549875922845734e-05 -2.1394362403404882e-06 -2.4955082268638021e-06
leaf_weight=60 216 333 582 1233
leaf_count=60 216 333 582 1233
internal_value=-0.000220941 -0.000125107 0.000759999 -0.000576532
internal_weight=2424 2364 798 1566
internal_count=2424 2364 798 1566
is_linear=0
shrinkage=0.04


Tree=87
num_leaves=8
num_cat=0
split_feature=64 84 117 122 120 40 84
split_gain=0.603652 1.81446 1.24789 0.858338 0.782039 0.603318 0.471384
threshold=0.73058018298376914 -0.1282764403349255 -0.27531800026255054 0.26632257545048593 -1.7820771868204317 -0.48679192732615967 1.6595271724022662
decision_type=2 2 2 2 2 2 2
left_child=3 5 -3 4 -1 -2 -5
right_child=1 2 -4 6 -6 -7 -8
leaf_value=0.00047446087092651494 7.0001524176410506e-06 0.00012664786071816316 2.6526103682369503e-05 -5.4811108287767121e-05 -1.2249018983768626e-06 -0.00018460214182191488 0.00019884075864486664
leaf_weight=53 89 43 90 724 1299 75 51
leaf_count=53 89 43 90 724 1299 75 51
internal_value=-0.000171477 0.0015117 0.00494815 -0.000407704 0.000200885 -0.00130121 -0.00146718
internal_weight=2424 297 133 2127 1352 164 775
internal_count=2424 297 133 2127 1352 164 775
is_linear=0
shrinkage=0.04


Tree=88
num_leaves=6
num_cat=0
split_feature=71 120 96 124 23
split_gain=0.585638 0.588718 0.722207 0.59208 0.138265
threshold=1.3255246201804172 0.57412050401298897 0.50863878888216507 -0.51775064211857369 -0.3036480732865881
decision_type=2 2 2 2 2
left_child=1 2 -1 -3 -2
right_child=4 3 -4 -5 -6
leaf_value=4.9918054668967795e-06 -1.0389629145398185e-05 2.0254963680822082e-06 -2.3645335640230457e-05 -8.7002180560756916e-05 -0.00017879501806137427
leaf_weight=1564 40 102 458 183 77
leaf_count=1564 40 102 458 183 77
internal_value=-0.000187965 -4.67744e-05 0.000193675 -0.00174216 -0.00292437
internal_weight=2424 2307 2022 285 117
internal_count=2424 2307 2022 285 117
is_linear=0
shrinkage=0.04


Tree=89
num_leaves=7
num_cat=0
split_feature=64 125 115 122 122 44
split_gain=0.568736 1.37521 1.1588 0.633117 0.744078 0.527498
threshold=0.73058018298376914 0.50309821210069072 -0.47038566697145284 0.26632257545048593 0.22158737308722334 0.17165717502097441
decision_type=2 2 2 2 2 2
left_child=3 2 -2 4 -1 -5
right_child=1 -3 -4 5 -6 -7
leaf_value=-1.5328972846772095e-06 0.00015151591491396812 0.00010286328814497417 -6.110914721013052e-05 -9.1445336117765737e-06 0.00019341617943698615 -9.8233379427150688e-05
leaf_weight=1304 63 57 177 453 48 322
leaf_count=1304 63 57 177 453 48 322
internal_value=-0.000122012 0.0015117 0.000165288 -0.00035134 0.000171343 -0.00126126
internal_weight=2424 297 240 2127 1352 775
internal_count=2424 297 240 2127 1352 775
is_linear=0
shrinkage=0.04


Tree=90
num_leaves=6
num_cat=0
split_feature=71 124 103 28 5
split_gain=0.538104 0.560212 1.00273 0.683265 0.047973
threshold=1.4195742915118277 -0.61699789735989374 0.13574622420438195 0.6939893203822517 -0.10274773917190604
decision_type=2 2 2 2 2
left_child=1 2 -1 -3 -2
right_child=4 3 -4 -5 -6
leaf_value=-8.6960599430945684e-05 -1.321179092341197e-05 -1.3913399146029451e-05 8.2375537905631668e-05 2.0470430704265671e-05 -0.00016776916862878445
leaf_weight=63 40 1700 76 486 59
leaf_count=63 40 1700 76 486 59
internal_value=-0.000270405 -0.000146112 0.00229787 -0.000303474 -0.00312871
internal_weight=2424 2325 139 2186 99
internal_count=2424 2325 139 2186 99
is_linear=0
shrinkage=0.04


Tree=91
num_leaves=7
num_cat=0
split_feature=28 41 115 17 29 3
split_gain=0.486123 1.37717 0.911098 0.5239 0.649193 0.270482
threshold=1.1223635084406844 -0.91466949369762018 0.2514956534147032 -0.87353435380436684 -0.070616734420167152 -1.4859425427103086
decision_type=2 2 2 2 2 2
left_child=3 -2 -3 5 -5 -1
right_child=1 2 -4 4 -6 -7
leaf_value=2.0853488014802805e-05 0.00015223474736335963 -3.5199004909889233e-05 0.00013273815582551932 6.3758886922367087e-06 -2.4094861719854035e-05 -0.00023753853709714535
leaf_weight=49 43 144 65 850 1135 138
leaf_count=49 43 144 65 850 1135 138
internal_value=-0.000270405 0.00138583 1.89564e-05 -0.000463662 -0.000271767 -0.00247619
internal_weight=2424 252 209 2172 1985 187
internal_count=2424 252 209 2172 1985 187
is_linear=0
shrinkage=0.04


Tree=92
num_leaves=7
num_cat=0
split_feature=96 69 0 43 121 99
split_gain=0.490362 0.722073 1.15865 0.881089 0.552141 0.391978
threshold=-0.69881599339865508 0.87501051405800567 0.45947288326883812 1.9114026116109331 0.46951857746374859 -0.2340012519451288
decision_type=2 2 2 2 2 2
left_child=4 3 -3 -2 5 -1
right_child=1 2 -4 -5 -6 -7
leaf_value=-0.00014224858413345828 -8.0976069036911064e-06 3.0115930765628151e-05 -0.00024369693082100619 0.00021198580909862673 0.0001284594712826746 -2.1263726414959454e-05
leaf_weight=141 1754 162 60 104 74 129
leaf_count=141 1754 162 60 104 74 129
internal_value=-0.000270405 -3.84255e-05 0.00210714 -0.000296775 -0.00166474 -0.0025
internal_weight=2424 2080 222 1858 344 270
internal_count=2424 2080 222 1858 344 270
is_linear=0
shrinkage=0.04


Tree=93
num_leaves=7
num_cat=0
split_feature=120 45 26 119 2 7
split_gain=0.558835 0.673017 1.24826 0.707226 0.465098 0.207372
threshold=0.57412050401298897 3.6805286743612418 0.16787649949116543 0.41093702521030817 -0.67438257214342767 -0.51863200963282641
decision_type=2 2 2 2 2 2
left_child=1 3 -3 -1 -2 -6
right_child=4 2 -4 -5 5 -7
leaf_value=-1.0662269396043156e-05 6.7108651682541279e-06 -7.8204104198876078e-06 0.00026363433247534424 1.491669885930356e-05 -3.8468306351863634e-05 -8.3895484039085664e-05
leaf_weight=1526 50 84 62 461 79 162
leaf_count=1526 50 84 62 461 79 162
internal_value=-0.000286893 -6.18277e-05 0.00254054 -0.000255406 -0.00192492 -0.00265021
internal_weight=2424 2133 146 1987 291 241
internal_count=2424 2133 146 1987 291 241
is_linear=0
shrinkage=0.04


Tree=94
num_leaves=5
num_cat=0
split_feature=68 11 68 68
split_gain=0.685172 0.567442 0.686541 0.678984
threshold=-0.99618726690398296 -0.60422783097742572 -0.41901550378316516 -0.4718834523363804
decision_type=2 2 2 2
left_child=-1 2 -2 -3
right_child=1 3 -4 -5
leaf_value=2.5727401886933749e-05 1.3240802060871996e-05 -9.2158663588783851e-05 -5.5928879254322606e-05 3.5264935493483078e-06
leaf_weight=40 143 333 356 1552
leaf_count=40 143 333 356 1552
internal_value=-0.000303381 -0.000392289 -0.00158882 -7.41928e-05
internal_weight=2424 2384 499 1885
internal_count=2424 2384 499 1885
is_linear=0
shrinkage=0.04


Tree=95
num_leaves=8
num_cat=0
split_feature=30 85 50 66 66 123 57
split_gain=0.532175 0.96081 1.39516 0.716 0.59824 1.15639 0.5133
threshold=0.12191891378115581 0.15748375528091371 -0.72347364067872877 -0.55239356406962614 1.0425982574806036 0.47217253969458722 0.81666100252712426
decision_type=2 2 2 2 2 2 2
left_child=1 2 -1 -3 6 -6 -2
right_child=4 3 -4 -5 5 -7 -8
leaf_value=-9.4800448473759838e-05 -1.0988821663067265e-05 -0.00010923539166359636 7.3468167639786068e-05 1.7991967244399636e-06 -3.3392432546409465e-05 0.00015936317341906945 -0.00017948236299272647
leaf_weight=192 771 261 577 342 106 49 126
leaf_count=192 771 261 577 342 106 49 126
internal_value=-0.000204453 0.00031441 0.00125032 -0.00087934 -0.000880456 0.00140127 -0.00127698
internal_weight=2424 1372 769 603 1052 155 897
internal_count=2424 1372 769 603 1052 155 897
is_linear=0
shrinkage=0.04


Tree=96
num_leaves=8
num_cat=0
split_feature=30 114 28 65 86 43 76
split_gain=0.506547 0.89763 0.999508 0.74343 0.60566 1.09602 0.597515
threshold=0.12191891378115581 0.6971691470804906 1.1089271768658733 0.22062155363775396 0.54431522218843476 -0.33528565298132146 -0.72044519361668791
decision_type=2 2 2 2 2 2 2
left_child=1 2 -1 -3 6 -6 -2
right_child=4 3 -4 -5 5 -7 -8
leaf_value=1.8402832995749055e-06 1.6742959572883998e-05 -0.00015448986737773144 0.00014263067787158079 0.00012341075152676116 -0.00015426008440350974 0.00010387392405337908 -3.4926374921153955e-05
leaf_weight=1081 53 157 91 43 63 142 794
leaf_count=1081 53 157 91 43 63 142 794
internal_value=-0.000220941 0.000285297 0.000708687 -0.00217822 -0.000880456 0.0010628 -0.00135218
internal_weight=2424 1372 1172 200 1052 205 847
internal_count=2424 1372 1172 200 1052 205 847
is_linear=0
shrinkage=0.04


Tree=97
num_leaves=5
num_cat=0
split_feature=68 27 7 87
split_gain=0.663118 0.518372 0.6111 0.529822
threshold=-0.99618726690398296 0.63894573086933348 2.0085796051018265 -0.52601418044367609
decision_type=2 2 2 2
left_child=-1 2 -2 -3
right_child=1 3 -4 -5
leaf_value=2.4119619677829765e-05 -2.0026853467416385e-08 1.7099788184772379e-05 -0.00010684029269785678 -8.9825995911812235e-05
leaf_weight=40 2100 52 65 167
leaf_count=40 2100 52 65 167
internal_value=-0.000220941 -0.000308467 -0.000119982 -0.00215385
internal_weight=2424 2384 2165 219
internal_count=2424 2384 2165 219
is_linear=0
shrinkage=0.04


Tree=98
num_leaves=6
num_cat=0
split_feature=95 65 71 102 120
split_gain=0.495477 1.57352 0.635324 0.563516 0.559924
threshold=1.9094304669737829 -0.57877080444849816 1.4669849414281655 0.23062091235954316 0.57412050401298897
decision_type=2 2 2 2 2
left_child=2 -2 4 -3 -1
right_child=1 3 -4 -5 -6
leaf_value=-4.1901403812207643e-08 0.00020611880366538295 0.0001340969988470456 -0.000133933288049181 -3.7603192046853022e-05 -5.1615512593196811e-05
leaf_weight=1912 45 57 77 60 273
leaf_count=1912 45 57 77 60 273
internal_value=-0.000220941 0.00190244 -0.000374559 -0.00057143 -0.000246915
internal_weight=2424 162 2262 117 2185
internal_count=2424 162 2262 117 2185
is_linear=0
shrinkage=0.04


Tree=99
num_leaves=5
num_cat=0
split_feature=68 116 61 116
split_gain=0.663118 0.591712 0.985467 0.951029
threshold=-0.99618726690398296 0.40045121000109107 -1.268518675609785 0.26026615652239599
decision_type=2 2 2 2
left_child=-1 3 -3 -2
right_child=1 2 -4 -5
leaf_value=2.3156510946869067e-05 -2.4263118893561992e-06 0.00019933279670622517 -3.3413473396515666e-05 4.0381275852508728e-05
leaf_weight=40 1515 48 670 151
leaf_count=40 1515 48 670 151
internal_value=-0.000220941 -0.000308467 -0.00126667 0.000105515
internal_weight=2424 2384 718 1666
internal_count=2424 2384 718 1666
is_linear=0
shrinkage=0.04


Tree=100
num_leaves=4
num_cat=0
split_feature=68 72 111
split_gain=0.654393 0.677723 0.541416
threshold=-0.99618726690398296 -2.3045383468049718 -0.28301723061085182
decision_type=2 2 2
left_child=-1 -2 -3
right_child=1 2 -4
leaf_value=2.2230250508994346e-05 0.0002290602335855816 1.7935020946302887e-06 -1.2258050788079105e-05
leaf_weight=40 40 846 1498
leaf_count=40 40 846 1498
internal_value=-0.000187965 -0.000274938 -0.000364877
internal_weight=2424 2384 2344
internal_count=2424 2384 2344
is_linear=0
shrinkage=0.04


Tree=101
num_leaves=5
num_cat=0
split_feature=68 20 41 108
split_gain=0.650051 0.527616 1.04614 0.565812
threshold=-0.99618726690398296 0.31758609389760645 0.65063088352666287 0.54472122108480525
decision_type=2 2 2 2
left_child=-1 2 -2 -3
right_child=1 3 -4 -5
leaf_value=2.1341040488634602e-05 -1.658334904503245e-06 -4.2302556499208778e-05 3.9085342762372721e-05 2.3925796461926104e-05
leaf_weight=40 1575 612 78 119
leaf_count=40 1575 612 78 119
internal_value=-0.000171477 -0.000258174 0.000137763 -0.00115143
internal_weight=2424 2384 1653 731
internal_count=2424 2384 1653 731
is_linear=0
shrinkage=0.04


Tree=102
num_leaves=8
num_cat=0
split_feature=91 100 2 106 53 43 124
split_gain=0.570283 1.15231 1.34485 0.874323 0.71053 0.965082 0.856593
threshold=-0.23241784172842242 0.53960297761098963 0.44289401740564455 0.41334321644451327 0.41666666666666669 0.1605000309813541 -0.61176593308837557
decision_type=2 2 2 2 2 2 2
left_child=1 3 -3 -1 5 -2 -6
right_child=4 2 -4 -5 6 -7 -8
leaf_value=-0.00010342778989562464 2.4461651490391272e-05 0.00019245062468081908 -0.00014887397078082665 1.8088372918063226e-06 0.000318575055044087 -1.3726150696190234e-05 -4.3422582368364651e-05
leaf_weight=483 624 145 87 129 42 438 476
leaf_count=483 624 145 87 129 42 438 476
internal_value=-0.000220941 -0.0010591 0.00133333 -0.00196743 0.000227559 0.000819548 -0.000984616
internal_weight=2424 844 232 612 1580 1062 518
internal_count=2424 844 232 612 1580 1062 518
is_linear=0
shrinkage=0.04


Tree=103
num_leaves=8
num_cat=0
split_feature=72 43 0 107 62 112 37
split_gain=0.679708 0.996089 0.779045 0.777571 1.13719 0.598868 0.521255
threshold=-0.15008231700307259 1.8034437920470117 -0.81539136802438816 -0.29080863949613506 -0.36904035362472104 0.026627608928224324 0.73994911871206692
decision_type=2 2 2 2 2 2 2
left_child=3 2 -2 4 -1 -3 -5
right_child=1 5 -4 6 -6 -7 -8
leaf_value=0.00010831440293925436 -0.00012251948698363947 0.00031861051735111799 3.1324898802754329e-06 -6.2078610590065187e-05 -8.2207354685552895e-05 1.0505182010493996e-05 4.332069211077389e-06
leaf_weight=203 175 43 1143 495 186 40 139
leaf_count=203 175 43 1143 495 186 40 139
internal_value=-0.000204453 0.000367782 9.69687e-05 -0.000987318 0.000419436 0.0045647 -0.00184906
internal_weight=2424 1401 1318 1023 389 83 634
internal_count=2424 1401 1318 1023 389 83 634
is_linear=0
shrinkage=0.04


Tree=104
num_leaves=6
num_cat=0
split_feature=51 81 0 0 126
split_gain=0.701824 0.751928 0.658499 0.418014 0.390202
threshold=-0.84048179385832922 1.6194158525774867 0.15112748639401599 0.1903812255968306 -0.44154855901132811
decision_type=2 2 2 2 2
left_child=3 2 -2 4 -1
right_child=1 -3 -4 -5 -6
leaf_value=5.4391308770033579e-06 4.9517462030598221e-06 0.00013451389009210693 -2.4121815505404079e-05 5.2016903372298731e-05 -0.00010266343084441252
leaf_weight=78 1085 55 924 40 242
leaf_count=78 1085 55 924 40 242
internal_value=-0.000253917 3.09768e-05 -9.74649e-05 -0.00187845 -0.00236025
internal_weight=2424 2064 2009 360 320
internal_count=2424 2064 2009 360 320
is_linear=0
shrinkage=0.04


Tree=105
num_leaves=8
num_cat=0
split_feature=116 88 14 51 103 97 71
split_gain=0.710856 1.16872 0.988479 0.752014 0.578007 0.678141 0.665758
threshold=0.40045121000109107 0.97345251802984223 -0.10340670243224925 0.79968651722391526 -0.86382194825947201 -1.0634405829453546 -0.0091722694803425316
decision_type=2 2 2 2 2 2 2
left_child=1 3 -3 -1 6 -6 -2
right_child=4 2 -4 -5 5 -7 -8
leaf_value=1.2000683574749056e-06 0.00031872919918584259 4.239847767493777e-07 0.0002978892045636113 -5.9195792307499988e-05 1.6154502026213442e-05 -6.2919713371410201e-05 -0.00014107911060165531
leaf_weight=1265 50 96 96 238 66 570 43
leaf_count=1265 50 96 96 238 66 570 43
internal_value=-0.000319869 0.00012964 0.00305155 -0.000247177 -0.00136252 -0.0017931 0.00155789
internal_weight=2424 1695 192 1503 729 636 93
internal_count=2424 1695 192 1503 729 636 93
is_linear=0
shrinkage=0.04


Tree=106
num_leaves=7
num_cat=0
split_feature=0 100 66 97 8 118
split_gain=0.577235 0.69582 0.652254 1.13162 0.803361 0.410686
threshold=-0.81539136802438816 1.0307115788472625 1.0425982574806036 0.2060979913196487 -1.2301149847964952 -0.58536933943972491
decision_type=2 2 2 2 2 2
left_child=1 5 4 -4 -2 -1
right_child=2 -3 3 -5 -6 -7
leaf_value=4.6097630962293741e-05 9.5398295176465055e-05 0.00057268221716835625 0.00014049992861065404 -0.00019310057460510241 -5.4868769825404617e-06 -8.337109670572955e-05
leaf_weight=62 92 47 90 58 1804 271
leaf_count=62 92 47 90 58 1804 271
internal_value=-0.000352845 -0.00178011 -8.60225e-05 0.00245333 -0.000286618 -0.00242388
internal_weight=2424 380 2044 148 1896 333
internal_count=2424 380 2044 148 1896 333
is_linear=0
shrinkage=0.04


Tree=107
num_leaves=5
num_cat=0
split_feature=101 89 2 11
split_gain=0.469249 0.531824 1.12828 0.700692
threshold=-1.5395132264796898 -0.3887905433261854 -0.27436108157306544 -0.60422783097742572
decision_type=2 2 2 2
left_child=-1 2 -2 -3
right_child=1 3 -4 -5
leaf_value=-0.00025547303392779632 0.00014064290205206232 -4.143308111763995e-05 -7.6425383291540343e-06 -3.480114448858369e-06
leaf_weight=60 233 370 445 1316
leaf_count=60 233 370 445 1316
internal_value=-0.000435285 -0.000344887 0.000599999 -0.000725119
internal_weight=2424 2364 678 1686
internal_count=2424 2364 678 1686
is_linear=0
shrinkage=0.04


Tree=108
num_leaves=7
num_cat=0
split_feature=80 98 104 116 25 4
split_gain=0.498691 0.580437 1.89705 0.801736 0.306486 0.00297023
threshold=-1.0680161353713515 -1.3403399552463757 1.0000000180025095e-35 0.40045121000109107 -0.70536149273086823 0.58829010734540443
decision_type=2 2 2 2 2 2
left_child=4 2 -2 -3 -1 -6
right_child=1 3 -4 -5 5 -7
leaf_value=-1.0955009221711018e-06 -0.00022731199111986259 1.0297127154555535e-06 0.00050449520026317712 -2.2405257522436216e-05 -0.00011068429831920351 -8.8162324857276767e-05
leaf_weight=48 46 1548 48 614 80 40
leaf_count=48 46 1548 48 614 80 40
internal_value=-0.000451773 -0.000294066 0.00275 -0.000428836 -0.00254118 -0.00360656
internal_weight=2424 2256 94 2162 168 120
internal_count=2424 2256 94 2162 168 120
is_linear=0
shrinkage=0.04


Tree=109
num_leaves=5
num_cat=0
split_feature=68 51 116 0
split_gain=0.716628 0.571069 0.75321 0.440252
threshold=-0.99618726690398296 -0.84048179385832922 0.40045121000109107 0.1776448110151255
decision_type=2 2 2 2
left_child=-1 3 -3 -2
right_child=1 2 -4 -5
leaf_value=2.2164135836786701e-05 -6.9626529093116393e-05 2.3141081850711223e-06 -2.0204052403021682e-05 3.9524895713476985e-05
leaf_weight=40 318 1419 607 40
leaf_count=40 318 1419 607 40
internal_value=-0.000418797 -0.000509641 -0.000248522 -0.00197778
internal_weight=2424 2384 2026 358
internal_count=2424 2384 2026 358
is_linear=0
shrinkage=0.04


Tree=110
num_leaves=7
num_cat=0
split_feature=0 43 8 86 43 99
split_gain=0.563971 0.710943 0.902423 0.645087 0.443968 0.461575
threshold=-0.81539136802438816 -0.47642826117875953 -1.2301149847964952 0.10929949178832515 1.8560007619144154 -0.72491194908748302
decision_type=2 2 2 2 2 2
left_child=4 3 -3 -2 5 -1
right_child=1 2 -4 -5 -6 -7
leaf_value=4.7330011937809122e-05 -2.0427519571291686e-06 0.00013483198782716655 1.4095017956694087e-06 -0.00012193333853139224 0.00018377632150595188 -0.0001153559742466079
leaf_weight=43 312 67 1434 231 48 289
leaf_count=43 312 67 1434 231 48 289
internal_value=-0.000369333 -0.000105573 0.000343312 -0.00134312 -0.00178011 -0.0022994
internal_weight=2424 2044 1501 543 380 332
internal_count=2424 2044 1501 543 380 332
is_linear=0
shrinkage=0.04


Tree=111
num_leaves=6
num_cat=0
split_feature=71 0 49 65 24
split_gain=0.544033 0.650273 0.656571 0.41351 0.138265
threshold=1.3255246201804172 -0.81539136802438816 0.72157162249666473 -1.1286916440511949 -0.55255917686660416
decision_type=2 2 2 2 2
left_child=1 3 -3 -1 -2
right_child=4 2 -4 -5 -6
leaf_value=1.2644320241235246e-05 -7.5189471926035823e-06 -2.2227040662624303e-06 0.00014697709963817969 -7.1965439115377638e-05 -0.00017691324846782973
leaf_weight=59 40 1654 275 319 77
leaf_count=59 40 1654 275 319 77
internal_value=-0.000286893 -0.000150716 0.000147073 -0.00166316 -0.00292437
internal_weight=2424 2307 1929 378 117
internal_count=2424 2307 1929 378 117
is_linear=0
shrinkage=0.04


Tree=112
num_leaves=8
num_cat=0
split_feature=116 88 44 116 81 111 28
split_gain=0.517619 1.0096 0.966946 0.745108 0.683416 0.873529 0.42638
threshold=0.40045121000109107 0.97345251802984223 0.47935398168033422 0.26026615652239599 0.037290232769102309 0.5084595916267417 0.51546063652715557
decision_type=2 2 2 2 2 2 2
left_child=1 3 -3 -1 5 -2 -6
right_child=4 2 -4 -5 6 -7 -8
leaf_value=-7.6087655184008672e-06 -2.8495412864614767e-05 1.2263357386995758e-05 0.00030900897391881977 7.6669648527778891e-05 -0.0001048127811768772 1.0834205598162876e-05 -6.9408706140729696e-06
leaf_weight=1371 291 136 56 132 227 99 112
leaf_count=1371 291 136 56 132 227 99 112
internal_value=-0.000253917 0.00012964 0.00284536 -0.000220599 -0.00114364 -9.48809e-10 -0.00245161
internal_weight=2424 1695 192 1503 729 390 339
internal_count=2424 1695 192 1503 729 390 339
is_linear=0
shrinkage=0.04


Tree=113
num_leaves=6
num_cat=0
split_feature=59 40 48 116 24
split_gain=0.510511 0.706454 1.40848 0.70068 0.138265
threshold=1.7334575170449029 0.92263372405030564 -0.23202584590195166 0.40045121000109107 -1.244403537916144
decision_type=2 2 2 2 2
left_child=1 3 -3 -1 -2
right_child=4 2 -4 -5 -6
leaf_value=1.7923059637346902e-07 -1.4985346634617887e-05 0.00036747313508064572 -4.1946282425369632e-06 -2.1803918728939518e-05 -0.00012462591583044694
leaf_weight=1451 40 66 149 641 77
leaf_count=1451 40 66 149 641 77
internal_value=-0.000369333 -0.000237333 0.00193548 -0.000462274 -0.00292437
internal_weight=2424 2307 215 2092 117
internal_count=2424 2307 215 2092 117
is_linear=0
shrinkage=0.04


Tree=114
num_leaves=7
num_cat=0
split_feature=51 0 116 8 18 118
split_gain=0.592463 0.843465 1.08731 0.923998 0.430416 0.453234
threshold=-0.84048179385832922 0.15112748639401599 -0.28905611478307602 -1.2301149847964952 0.33567316474926018 -0.54904083255144565
decision_type=2 2 2 2 2 2
left_child=4 2 -2 -3 5 -1
right_child=1 3 -4 -5 -6 -7
leaf_value=2.72074867374459e-05 7.5179297866541226e-05 0.00011844906014437789 -2.6228985389530183e-06 -1.9993903895331931e-05 2.0706567156722087e-05 -8.4754904805640319e-05
leaf_weight=47 384 54 722 904 62 251
leaf_count=47 384 54 722 904 62 251
internal_value=-0.000385821 -0.000123912 0.000628158 -0.000991668 -0.00187845 -0.00250667
internal_weight=2424 2064 1106 958 360 298
internal_count=2424 2064 1106 958 360 298
is_linear=0
shrinkage=0.04


Tree=115
num_leaves=6
num_cat=0
split_feature=59 121 46 97 89
split_gain=0.517389 0.526583 1.36297 0.538838 0.252571
threshold=1.700063868828394 1.146233865201596 0.21379983791624788 1.0654770298704932 0.48929086276808925
decision_type=2 2 2 2 2
left_child=1 3 -3 -1 -2
right_child=4 2 -4 -5 -6
leaf_value=-1.8448481606038399e-06 -4.4624429375651243e-05 0.00026485795678029612 -8.2739459280517746e-05 -0.00017853466188738582 -2.0370443608087158e-06
leaf_weight=2007 93 78 66 138 42
leaf_count=2007 93 78 66 138 42
internal_value=-0.000385821 -0.00024269 0.00208219 -0.00040056 -0.00277372
internal_weight=2424 2289 144 2145 135
internal_count=2424 2289 144 2145 135
is_linear=0
shrinkage=0.04


Tree=116
num_leaves=8
num_cat=0
split_feature=93 103 45 103 103 41 72
split_gain=0.513438 1.00062 1.07125 0.77075 1.3107 0.668836 0.551489
threshold=-0.31903360885090593 -0.12367736725019408 -0.15679098083161727 -0.86382194825947201 -1.2576706198174037 -1.1262348771907014 0.64258245753737253
decision_type=2 2 2 2 2 2 2
left_child=3 5 -3 4 -1 -2 -5
right_child=1 2 -4 6 -6 -7 -8
leaf_value=-1.8757212562071264e-05 0.00010255363084159068 3.4800645280041686e-05 -4.885311351758608e-07 -8.6090016608527336e-05 0.00038342775742612972 -4.0360443931727228e-05 1.8988053786906402e-05
leaf_weight=50 40 359 646 454 42 721 112
leaf_count=50 40 359 646 454 42 721 112
internal_value=-0.000369333 -1.35756e-05 0.000814299 -0.00132121 0.00204255 -0.00110616 -0.00187324
internal_weight=2424 1766 1005 658 92 761 566
internal_count=2424 1766 1005 658 92 761 566
is_linear=0
shrinkage=0.04


Tree=117
num_leaves=6
num_cat=0
split_feature=59 100 91 109 51
split_gain=0.535543 0.648351 0.724944 0.635172 0.066571
threshold=1.4584345439008226 1.3789933905879612 -0.23241784172842242 0.52966747535123238 -0.91886784051926396
decision_type=2 2 2 2 2
left_child=1 2 -1 4 -2
right_child=3 -3 -4 -5 -6
leaf_value=-2.9003662717705881e-05 -4.8213984651894343e-05 0.00021536892269609885 1.581361480679531e-06 0.00011484798314283177 -0.000112568977707251
leaf_weight=739 40 60 1400 60 125
leaf_count=739 40 60 1400 60 125
internal_value=-0.000352845 -0.000161746 -0.000278376 -0.00220264 -0.00347305
internal_weight=2424 2199 2139 225 165
internal_count=2424 2199 2139 225 165
is_linear=0
shrinkage=0.04


Tree=118
num_leaves=5
num_cat=0
split_feature=125 125 71 43
split_gain=0.576967 0.861712 0.504069 0.0518095
threshold=-0.99972969187621663 -0.90910773488287744 1.3255246201804172 -0.18305684099805578
decision_type=2 2 2 2
left_child=3 -2 -3 -1
right_child=1 2 -4 -5
leaf_value=-7.8813170193275738e-05 3.3766757806214381e-05 -1.5119601865229551e-06 -7.9183181457908396e-05 -0.00021992002864833422
leaf_weight=40 48 2153 115 68
leaf_count=40 48 2153 115 68
internal_value=-0.000369333 -0.000234686 -0.0003489 -0.0032
internal_weight=2424 2316 2268 108
internal_count=2424 2316 2268 108
is_linear=0
shrinkage=0.04


Tree=119
num_leaves=5
num_cat=0
split_feature=59 77 51 24
split_gain=0.544033 0.718414 0.61887 0.138265
threshold=1.7334575170449029 -1.602072789621688 0.79968651722391526 -1.244403537916144
decision_type=2 2 2 2
left_child=1 -1 -3 -2
right_child=3 2 -4 -5
leaf_value=0.00016670812202715133 -7.5578778889546759e-06 -6.3521549523586769e-08 -5.3792934448833439e-05 -0.0001104948824597385
leaf_weight=51 40 1934 322 77
leaf_count=51 40 1934 322 77
internal_value=-0.000286893 -0.000150716 -0.000258637 -0.00292437
internal_weight=2424 2307 2256 117
internal_count=2424 2307 2256 117
is_linear=0
shrinkage=0.04


end of trees

feature_importances:
Column_37=25
Column_116=24
Column_84=21
Column_97=20
Column_0=19
Column_43=19
Column_28=17
Column_120=17
Column_51=16
Column_68=16
Column_69=12
Column_95=12
Column_121=12
Column_122=12
Column_78=11
Column_85=11
Column_88=11
Column_96=11
Column_91=10
Column_100=10
Column_115=10
Column_26=9
Column_59=9
Column_70=9
Column_99=9
Column_104=9
Column_1=8
Column_49=8
Column_98=8
Column_103=8
Column_118=8
Column_2=7
Column_11=7
Column_29=7
Column_71=7
Column_72=7
Column_87=7
Column_109=7
Column_112=7
Column_124=7
Column_125=7
Column_5=6
Column_30=6
Column_40=6
Column_41=6
Column_61=6
Column_64=6
Column_81=6
Column_114=6
Column_7=5
Column_8=5
Column_77=5
Column_83=5
Column_15=4
Column_16=4
Column_17=4
Column_20=4
Column_23=4
Column_46=4
Column_50=4
Column_57=4
Column_66=4
Column_80=4
Column_89=4
Column_107=4
Column_110=4
Column_117=4
Column_14=3
Column_18=3
Column_24=3
Column_44=3
Column_45=3
Column_47=3
Column_48=3
Column_62=3
Column_65=3
Column_76=3
Column_86=3
Column_92=3
Column_93=3
Column_101=3
Column_119=3
Column_126=3
Column_12=2
Column_13=2
Column_25=2
Column_27=2
Column_32=2
Column_34=2
Column_53=2
Column_75=2
Column_79=2
Column_82=2
Column_90=2
Column_94=2
Column_111=2
Column_113=2
Column_123=2
Column_3=1
Column_4=1
Column_31=1
Column_35=1
Column_38=1
Column_42=1
Column_52=1
Column_56=1
Column_58=1
Column_60=1
Column_63=1
Column_67=1
Column_102=1
Column_105=1
Column_106=1
Column_108=1

parameters:
[boosting: gbdt]
[objective: quantile]
[metric: quantile]
[tree_learner: serial]
[device_type: cpu]
[data_sample_strategy: bagging]
[data: ]
[valid: ]
[num_iterations: 120]
[learning_rate: 0.04]
[num_leaves: 15]
[num_threads: 2]
[seed: 42]
[deterministic: 0]
[force_col_wise: 0]
[force_row_wise: 0]
[histogram_pool_size: -1]
[max_depth: 3]
[min_data_in_leaf: 40]
[min_sum_hessian_in_leaf: 0.001]
[bagging_fraction: 0.85]
[pos_bagging_fraction: 1]
[neg_bagging_fraction: 1]
[bagging_freq: 0]
[bagging_seed: 400]
[bagging_by_query: 0]
[feature_fraction: 0.8]
[feature_fraction_bynode: 1]
[feature_fraction_seed: 30056]
[extra_trees: 0]
[extra_seed: 12879]
[early_stopping_round: 0]
[early_stopping_min_delta: 0]
[first_metric_only: 0]
[max_delta_step: 0]
[lambda_l1: 0]
[lambda_l2: 2]
[linear_lambda: 0]
[min_gain_to_split: 0]
[drop_rate: 0.1]
[max_drop: 50]
[skip_drop: 0.5]
[xgboost_dart_mode: 0]
[uniform_drop: 0]
[drop_seed: 17869]
[top_rate: 0.2]
[other_rate: 0.1]
[min_data_per_group: 100]
[max_cat_threshold: 32]
[cat_l2: 10]
[cat_smooth: 10]
[max_cat_to_onehot: 4]
[top_k: 20]
[monotone_constraints: ]
[monotone_constraints_method: basic]
[monotone_penalty: 0]
[feature_contri: ]
[forcedsplits_filename: ]
[refit_decay_rate: 0.9]
[cegb_tradeoff: 1]
[cegb_penalty_split: 0]
[cegb_penalty_feature_lazy: ]
[cegb_penalty_feature_coupled: ]
[path_smooth: 0]
[interaction_constraints: ]
[verbosity: -1]
[saved_feature_importance_type: 0]
[use_quantized_grad: 0]
[num_grad_quant_bins: 4]
[quant_train_renew_leaf: 0]
[stochastic_rounding: 1]
[linear_tree: 0]
[max_bin: 255]
[max_bin_by_feature: ]
[min_data_in_bin: 3]
[bin_construct_sample_cnt: 200000]
[data_random_seed: 175]
[is_enable_sparse: 1]
[enable_bundle: 1]
[use_missing: 1]
[zero_as_missing: 0]
[feature_pre_filter: 1]
[pre_partition: 0]
[two_round: 0]
[header: 0]
[label_column: ]
[weight_column: ]
[group_column: ]
[ignore_column: ]
[categorical_feature: ]
[forcedbins_filename: ]
[precise_float_parser: 0]
[parser_config_file: ]
[objective_seed: 16083]
[num_class: 1]
[is_unbalance: 0]
[scale_pos_weight: 1]
[sigmoid: 1]
[boost_from_average: 1]
[reg_sqrt: 0]
[alpha: 0.9]
[fair_c: 1]
[poisson_max_delta_step: 0.7]
[tweedie_variance_power: 1.5]
[lambdarank_truncation_level: 30]
[lambdarank_norm: 1]
[label_gain: ]
[lambdarank_position_bias_regularization: 0]
[eval_at: ]
[multi_error_top_k: 1]
[auc_mu_weights: ]
[num_machines: 1]
[local_listen_port: 12400]
[time_out: 120]
[machine_list_filename: ]
[machines: ]
[gpu_platform_id: -1]
[gpu_device_id: -1]
[gpu_device_id_list: ]
[gpu_use_dp: 0]
[num_gpu: 1]

end of parameters

pandas_categorical:null
