tree
version=v4
num_class=1
num_tree_per_iteration=1
label_index=0
max_feature_idx=118
objective=regression
feature_names=Column_0 Column_1 Column_2 Column_3 Column_4 Column_5 Column_6 Column_7 Column_8 Column_9 Column_10 Column_11 Column_12 Column_13 Column_14 Column_15 Column_16 Column_17 Column_18 Column_19 Column_20 Column_21 Column_22 Column_23 Column_24 Column_25 Column_26 Column_27 Column_28 Column_29 Column_30 Column_31 Column_32 Column_33 Column_34 Column_35 Column_36 Column_37 Column_38 Column_39 Column_40 Column_41 Column_42 Column_43 Column_44 Column_45 Column_46 Column_47 Column_48 Column_49 Column_50 Column_51 Column_52 Column_53 Column_54 Column_55 Column_56 Column_57 Column_58 Column_59 Column_60 Column_61 Column_62 Column_63 Column_64 Column_65 Column_66 Column_67 Column_68 Column_69 Column_70 Column_71 Column_72 Column_73 Column_74 Column_75 Column_76 Column_77 Column_78 Column_79 Column_80 Column_81 Column_82 Column_83 Column_84 Column_85 Column_86 Column_87 Column_88 Column_89 Column_90 Column_91 Column_92 Column_93 Column_94 Column_95 Column_96 Column_97 Column_98 Column_99 Column_100 Column_101 Column_102 Column_103 Column_104 Column_105 Column_106 Column_107 Column_108 Column_109 Column_110 Column_111 Column_112 Column_113 Column_114 Column_115 Column_116 Column_117 Column_118
feature_infos=[-4.587254505021324:5.9534509962848157] [-3.8606233526781897:4.0809545878843059] [-3.7150668951008048:3.6467035710272557] [-3.4625472534965631:3.2404398641990255] [-3.1966293581440901:2.6069895121258075] [-2.2009279705599143:2.505990029070321] [-3.392563776337012:3.2934798262638978] [-1.1870422530926414:4.7312158377476932] [-1.610640357143287:1.5957470085933372] [-3.1198151551423017:2.6717482352147282] [-1.2516569720831578:3.7722530622933306] [-2.4044888192858433:2.6171782910818928] [-2.1143964840384513:2.5250822919607003] [-1.339315040512929:2.7284791597602589] [-2.4958226840994442:2.9417588247660142] [-1.6130114491981262:1.4745953476395546] [-1.6698804108796492:1.7712430470655496] [-1.0480761279239519:0.67621705598304205] [-1.1171487812228773:0.69954594913511803] [-1.0480761279239517:0.67621705598304194] [-2.3574933506772382:2.9148922976570231] [-3.203879775068597:3.4957378038410765] [-2.8807154015321332:2.8534805492164668] [-1.9834871131530534:2.8281224014350821] [-2.2240451641468888:1.8584326418773309] [-2.0925128565534639:1.8812392535333653] [-3.2680760755400118:2.2198084917284828] [-1.8260850422231187:1.5780135006494755] [-0.95350180399992868:2.8258432691031952] [-3.5527100308885164:3.3415606679809295] [-3.2824154934139891:2.947552914449608] [-2.5353548574459257:2.2319004091283854] [-2.4916319748342279:2.3833020094734003] [-2.0202540819043007:2.4346537475242287] [-2.1698506007128593:2.2774462302466896] [-1.9685416248693826:2.0515273008875736] [-2.1039962192610164:2.2892222280684131] [-1.2098951056545151:3.0465107941496115] [-1.2526482985127552:3.6498116163561938] [-1.3627003393125834:2.6703568211798752] [-1.2562236253073324:1.8082318162979931] [-1.8535435686573292:1.627865913589595] [-1.8003313040723843:1.6899524584370604] [-2.0009698359848627:12.020788627985478] [-583.47975673398196:93.074240510460413] [-496.04335236142583:103.24957474903138] [-664.85528030495436:48.90001412484844] [-1.1358395509995931:3.3870974731115382] [-1.8754772794999746:1.7276920265667735] [-1.1484711308268405:6.2234347069121911] [-3.8592350533124229:4.5820526394444601] [-10.008124418969476:8.2891952133121549] [-1:1] [-1:1.2] [0:1] [0:1] [-3.5528901170989826:4.2899637338858829] [-4.0635850526503319:2.3199034506631682] [-2.3055394746941063:1.5358628253233939] [-0.99254077042560451:2.2567637252378447] [-2.3509397398579162:1.2644532342341244] [-1.6152728293170404:0.34650210604321802] [-3.1610620486331817:3.615848441172993] [-2.7016268623128403:2.492552617935849] [-2.1895469557509424:1.764260997905353] [-3.0724666828699778:4.0190504225933052] [-3.4477571143407379:2.2733607982707644] [-2.3781152260624556:1.6219753078053003] [-0.95062419272884535:2.1960143758360458] [-2.141981787627707:1.2711356562915481] [-1.4145630104832934:0.36001393392513936] [-4.5554104631945478:7.1415184850531332] [-4.1499502866624045:5.7822927341474335] [-2.4182456641988077:4.2044248336797443] [-1.3315250380599231:4.8513821512666446] [-1.1870143020749218:7.8954702221458737] [-1.2491009928154833:2.3047424765703677] [-6.6107643511167051:6.7950302620718359] [-4.569151927221502:3.5830719681149641] [-2.7273577330268859:3.7473772036056126] [-1.2213081449787615:3.5791919514670631] [-1.7227791118975313:4.2895444267398952] [-0.79789020944857947:2.0508988617837582] [-11.31594643431035:11.096266020879515] [-6.1203589037153909:5.3375635623582314] [-3.9063031702642417:4.3054671139401393] [-0.97578366208323941:3.0238369846713442] [-2.2336860072765199:4.3105901753900602] [-1.1986754871175709:0.72546935680272062] [-3.9217386254809048:2.9430329784131821] [-3.4097795936217632:2.9718598990646172] [-2.5382703111902312:1.7096256409582509] [-1.265126976440337:3.0786853439367179] [-2.1158494055957844:1.9044047483004838] [-1.4372760610637376:0.46618311108634719] [-5.3159800186787391:3.1278088471934304] [-4.1427777039986458:3.5310659996498361] [-1.8854069329042829:2.8290569553871778] [-1.4184699700410217:4.1785293662454794] [-1.7052262745886235:4.4652180481010708] [-1.5358571053809074:1.2552251059176043] [-4.3212163838017297:2.603481620005204] [-3.8025489641074008:3.5241380821916395] [-1.9311444190155571:2.6191983750417296] [-1.4413025015396801:3.9449840148110979] [-1.5861783522980422:3.9070259325417185] [-1.5347901108510646:1.22089849029724] [-3.3546198455499439:3.5920197052505465] [-2.2246462275891785:2.6457121700013375] [-1.9412721479866413:2.0086597713454442] [-1.4394635169911907:1.9897504176422718] [-1.461142384949915:1.9862747962089509] [-2.2568063416247339:0.60357180410371247] [-3.1235842147467294:3.3551485579594447] [-2.7849543755952819:3.605525571041051] [-1.6918708344134428:2.4242587004269534] [-0.8373225982113679:2.858320643730953] [-1.4254764335219154:2.3150528100985257] [-1.3964404897655887:0.96469534481147823]
tree_sizes=771 796 790 794 793 793 794 797 794 887 796 797 792 794 797 796 703 791 701 703 791 794 701 794 702 702 792 701 708 882 706 708 793 700 704 790 794 701 705 883 704 701 881 789 701 883 796 792 703 797 705 795 705 703 706 701 704 891 793 706 789 884 799 882 789 706 802 702 882 703 707 700 610 793 704 522 794 706 619 701 610 880 882 700 801 804 522 615 702 621 885 797 614 708 701 613 797 797 803 613 888 704 710 614 615 621 896 624 704 622 799 611 704 702 892 896 703 786 803 892

Tree=0
num_leaves=7
num_cat=0
split_feature=87 114 73 106 114 42
split_gain=0.102271 0.0670275 0.0597889 0.0569702 0.0366753 0.0354499
threshold=1.9716471324835969 0.46684858568257742 1.5755902239562218 0.93675756995096049 -0.29973295592102006 -0.35994123848395959
decision_type=2 2 2 2 2 2
left_child=1 2 -1 -3 -2 -6
right_child=4 3 -4 -5 5 -7
leaf_value=0.003136385048519966 0.0031865387835066576 0.0028368164284313228 0.0044349834288616233 0.0016551678240167636 0.0054144528818007775 0.0039217206889425316
leaf_weight=1473 51 441 57 75 40 74
leaf_count=1473 51 441 57 75 40 74
internal_value=0.00313094 0.00305332 0.0031864 0.00266003 0.00408276 0.00447583
internal_weight=2211 2046 1530 516 165 114
internal_count=2211 2046 1530 516 165 114
is_linear=0
shrinkage=1


Tree=1
num_leaves=7
num_cat=0
split_feature=69 106 115 38 110 68
split_gain=0.0891312 0.108553 0.0779595 0.0420866 0.0394955 0.0443251
threshold=-1.2096801124775607 0.73450499967906469 0.71723463761908768 -0.059262449237135813 0.53998581345759955 0.78341783656892672
decision_type=2 2 2 2 2 2
left_child=4 2 -2 -3 5 -1
right_child=1 3 -4 -5 -6 -7
leaf_value=0.0014591582894741379 0.00011520924775685673 -0.00028152687582616256 -0.00071688178218752053 -0.0014185515033333092 0.0017097636712878738 -3.1963398185613942e-05
leaf_weight=45 1599 93 201 120 54 99
leaf_count=45 1599 93 201 120 54 99
internal_value=9.65067e-08 -7.98438e-05 2.15999e-05 -0.000929341 0.000805495 0.000447617
internal_weight=2211 2013 1800 213 198 144
internal_count=2211 2013 1800 213 198 144
is_linear=0
shrinkage=0.04


Tree=2
num_leaves=7
num_cat=0
split_feature=87 68 110 73 114 42
split_gain=0.0893997 0.0593737 0.0603991 0.0502891 0.0322523 0.0323805
threshold=1.9716471324835969 0.78341783656892672 0.051139525785601089 1.6189414323048432 -0.29973295592102006 -0.35994123848395959
decision_type=2 2 2 2 2 2
left_child=1 3 -3 -1 -2 -6
right_child=4 2 -4 -5 5 -7
leaf_value=-1.1676742787543136e-05 4.969402136202058e-05 -0.0013371084220968536 -0.00019870390955533133 0.001276020006556064 0.0021550482726611555 0.00073013475336330502
leaf_weight=1644 51 105 249 48 40 74
leaf_count=1644 51 105 249 48 40 74
internal_value=1.22843e-07 -7.24435e-05 -0.000541981 2.6317e-05 0.000890036 0.00125864
internal_weight=2211 2046 354 1692 165 114
internal_count=2211 2046 354 1692 165 114
is_linear=0
shrinkage=0.04


Tree=3
num_leaves=7
num_cat=0
split_feature=69 106 115 14 110 68
split_gain=0.0786297 0.0967396 0.0707354 0.0402335 0.0340135 0.0376258
threshold=-1.2096801124775607 0.73450499967906469 0.71723463761908768 -0.42208785022157802 0.53998581345759955 0.78341783656892672
decision_type=2 2 2 2 2 2
left_child=4 2 -2 -3 5 -1
right_child=1 3 -4 -5 -6 -7
leaf_value=0.0013563554682471651 0.00011006129834939697 2.581260031870296e-06 -0.00068253960553327296 -0.0012172543451700721 0.0015959660659011984 -1.7692882578882234e-05
leaf_weight=45 1599 60 201 153 54 99
leaf_count=45 1599 60 201 153 54 99
internal_value=2.14206e-07 -7.48694e-05 2.08949e-05 -0.000876811 0.000756679 0.000424395
internal_weight=2211 2013 1800 213 198 144
internal_count=2211 2013 1800 213 198 144
is_linear=0
shrinkage=0.04


Tree=4
num_leaves=7
num_cat=0
split_feature=87 114 106 67 114 42
split_gain=0.0781467 0.0540669 0.0461304 0.0339067 0.0283775 0.0295843
threshold=1.9716471324835969 0.46684858568257742 0.93675756995096049 -0.96001507890229765 -0.29973295592102006 -0.35994123848395959
decision_type=2 2 2 2 2 2
left_child=1 3 -3 -1 -2 -6
right_child=4 2 -4 -5 5 -7
leaf_value=0.00066732257976061628 4.4123455816176983e-05 -0.00026176249882531094 -0.001325032400729304 -5.611636839585155e-06 0.0020342496837977143 0.00067384198730762455
leaf_weight=129 51 441 75 1401 40 74
leaf_count=129 51 441 75 1401 40 74
internal_value=2.47117e-07 -6.75987e-05 -0.000420827 5.19231e-05 0.00083227 0.00117802
internal_weight=2211 2046 516 1530 165 114
internal_count=2211 2046 516 1530 165 114
is_linear=0
shrinkage=0.04


Tree=5
num_leaves=7
num_cat=0
split_feature=69 100 82 14 40 91
split_gain=0.0681296 0.0830694 0.0503796 0.0335062 0.029325 0.0287872
threshold=-1.2096801124775607 0.80771148438888429 -0.62455036407039299 0.43821144251788408 0.75843129953794863 -0.29777623403160541
decision_type=2 2 2 2 2 2
left_child=3 2 -2 4 -1 -3
right_child=1 5 -4 -5 -6 -7
leaf_value=-0.00025902218421723579 -0.00081002577752971078 -0.0018033919923684813 6.1624048694808187e-05 0.0015368847057106905 0.00087707305355096902 -0.00059621944420314317
leaf_weight=64 111 42 1734 54 80 126
leaf_count=64 111 42 1734 54 80 126
internal_value=3.03285e-07 -6.95875e-05 8.36299e-06 0.00070445 0.00037551 -0.000915678
internal_weight=2211 2013 1845 198 144 168
internal_count=2211 2013 1845 198 144 168
is_linear=0
shrinkage=0.04


Tree=6
num_leaves=7
num_cat=0
split_feature=87 59 110 78 32 111
split_gain=0.0697711 0.0513558 0.0580008 0.040073 0.024651 0.0294309
threshold=1.9716471324835969 0.68588877073617371 0.051139525785601089 1.0810371677738071 -1.0077837851799323 -0.71340993756393556
decision_type=2 2 2 2 2 2
left_child=1 3 -3 -1 -2 -6
right_child=4 2 -4 -5 5 -7
leaf_value=-3.0647375543859532e-05 0.001616796545337799 -0.0012771878110801923 -0.00016784904139617886 0.00066273261316532068 0.00091646581512930638 -0.00037415091472212228
leaf_weight=1539 41 105 258 144 83 41
leaf_count=1539 41 105 258 144 83 41
internal_value=2.55249e-07 -6.38518e-05 -0.000493972 2.93955e-05 0.000786427 0.000490564
internal_weight=2211 2046 363 1683 165 124
internal_count=2211 2046 363 1683 165 124
is_linear=0
shrinkage=0.04


Tree=7
num_leaves=7
num_cat=0
split_feature=87 118 102 82 114 31
split_gain=0.0644691 0.0482064 0.0562188 0.0423764 0.0246498 0.0193702
threshold=1.9716471324835969 0.42546047722794639 0.081132147158132939 -0.62455036407039299 -0.29973295592102006 -0.75348092378320353
decision_type=2 2 2 2 2 2
left_child=1 3 -3 -1 -2 -6
right_child=4 2 -4 -5 5 -7
leaf_value=-0.00073159990689283848 2.2210670749872114e-05 5.9353923482622084e-05 -0.00073637925429416418 0.00011725357357699331 0.0017126701232739428 0.00062788857850508471
leaf_weight=99 51 261 309 1377 45 69
leaf_count=99 51 261 309 1377 45 69
internal_value=2.93706e-07 -6.13295e-05 -0.000373084 5.94053e-05 0.000756004 0.00107824
internal_weight=2211 2046 570 1476 165 114
internal_count=2211 2046 570 1476 165 114
is_linear=0
shrinkage=0.04


Tree=8
num_leaves=7
num_cat=0
split_feature=87 59 110 67 114 42
split_gain=0.0595939 0.0463195 0.0526447 0.0424604 0.0227882 0.0259177
threshold=1.9716471324835969 0.68588877073617371 0.051139525785601089 -1.0239464789876023 -0.29973295592102006 -0.35994123848395959
decision_type=2 2 2 2 2 2
left_child=1 3 -3 -1 -2 -6
right_child=4 2 -4 -5 5 -7
leaf_value=0.00085109717771410937 2.1355764754775489e-05 -0.0012135813398412908 -0.00015674090783963598 -1.9428620885150277e-05 0.0018366592082505427 0.0005673699982396915
leaf_weight=93 51 105 258 1590 40 74
leaf_count=93 51 105 258 1590 40 74
internal_value=3.20691e-07 -5.89267e-05 -0.000467413 2.96284e-05 0.000726896 0.00103672
internal_weight=2211 2046 363 1683 165 114
internal_count=2211 2046 363 1683 165 114
is_linear=0
shrinkage=0.04


Tree=9
num_leaves=8
num_cat=0
split_feature=106 87 104 112 33 5 114
split_gain=0.055746 0.0541725 0.0532815 0.0465885 0.0408142 0.0356741 0.0182728
threshold=0.73450499967906469 1.9716471324835969 -0.50770900338151892 -1.2497090644929201 0.27043895136675822 -0.59513214770336498 -0.29973295592102006
decision_type=2 2 2 2 2 2 2
left_child=1 3 5 -1 -4 -2 -3
right_child=2 6 4 -5 -6 -7 -8
leaf_value=-0.00067151083888185813 0.00089394208897732475 0.00012021270553232171 -0.0016372848840255755 7.4320374456040346e-05 -8.3474147887456981e-05 -0.00041740047559966291 0.0010572720759350444
leaf_weight=144 45 48 83 1629 40 111 111
leaf_count=144 45 48 83 1629 40 111 111
internal_value=3.76061e-07 7.68657e-05 -0.000526072 1.30569e-05 -0.0011414 -3.26011e-05 0.000779394
internal_weight=2211 1932 279 1773 123 156 159
internal_count=2211 1932 279 1773 123 156 159
is_linear=0
shrinkage=0.04


Tree=10
num_leaves=7
num_cat=0
split_feature=69 106 82 38 47 88
split_gain=0.0544405 0.0715949 0.0448433 0.0335184 0.0251131 0.0219777
threshold=-1.2569109801887473 0.73450499967906469 -0.66325751297018976 -0.059262449237135813 -0.28362966092321945 0.53580158272449607
decision_type=2 2 2 2 2 2
left_child=4 2 -2 -3 -1 -6
right_child=1 3 -4 -5 5 -7
leaf_value=-0.00013915589860213611 -0.00088375540573643638 -0.00015459965129897076 6.8052529125594514e-05 -0.0011498339801238706 0.0013899482686974807 0.00035048451943082677
leaf_weight=46 81 94 1728 128 74 60
leaf_count=46 81 94 1728 128 74 60
internal_value=3.37017e-07 -5.8997e-05 2.45053e-05 -0.000733571 0.000663113 0.000936516
internal_weight=2211 2031 1809 222 180 134
internal_count=2211 2031 1809 222 180 134
is_linear=0
shrinkage=0.04


Tree=11
num_leaves=7
num_cat=0
split_feature=69 106 82 14 14 40
split_gain=0.0502864 0.0660598 0.0415132 0.0331749 0.0272824 0.0201661
threshold=-1.2569109801887473 0.73450499967906469 -0.62455036407039299 -0.49157440634519062 0.43821144251788408 0.75843129953794863
decision_type=2 2 2 2 2 2
left_child=4 2 -2 -3 5 -1
right_child=1 3 -4 -5 -6 -7
leaf_value=-0.00021171428444489957 -0.00071894527429434583 0.00013396002463133332 7.2811513449200642e-05 -0.00098584060696057792 0.0014577391828061081 0.00076532927952561666
leaf_weight=59 111 56 1698 166 46 75
leaf_count=59 111 56 1698 166 46 75
internal_value=3.04781e-07 -5.67205e-05 2.34891e-05 -0.000704694 0.000637293 0.000338351
internal_weight=2211 2031 1809 222 180 134
internal_count=2211 2031 1809 222 180 134
is_linear=0
shrinkage=0.04


Tree=12
num_leaves=7
num_cat=0
split_feature=87 114 73 60 42 40
split_gain=0.0473143 0.0423626 0.0385123 0.035611 0.0204682 0.0198667
threshold=1.9716471324835969 0.46684858568257742 1.5755902239562218 -0.60308187975043126 -0.45641707480744725 0.75843129953794863
decision_type=2 2 2 2 2 2
left_child=1 2 -1 -3 -2 -6
right_child=4 3 -4 -5 5 -7
leaf_value=1.3151946079856085e-05 0.0013477656186781438 -0.00088729113565200017 0.0010553987104232596 -0.00015348055997837996 -0.00024292196456092194 0.00079025047687767737
leaf_weight=1473 46 147 57 369 50 69
leaf_count=1473 46 147 57 369 50 69
internal_value=3.11147e-07 -5.24805e-05 5.33079e-05 -0.00036515 0.000647716 0.000359304
internal_weight=2211 2046 1530 516 165 119
internal_count=2211 2046 1530 516 165 119
is_linear=0
shrinkage=0.04


Tree=13
num_leaves=7
num_cat=0
split_feature=69 106 82 35 41 6
split_gain=0.0449079 0.0583928 0.0391787 0.0296689 0.0187979 0.0140264
threshold=-1.3880564511010984 0.73450499967906469 -0.66325751297018976 -0.28536283375179933 -0.94005162914364304 -0.56431997478097384
decision_type=2 2 2 2 2 2
left_child=4 2 -2 -3 -1 -6
right_child=1 3 -4 -5 5 -7
leaf_value=0.0013978866484492672 -0.00082050098473744756 -0.0012413856255246655 6.8716714700340817e-05 -0.00029438573338857972 -0.00018820744340441057 0.00078472596508488235
leaf_weight=41 81 83 1767 145 40 54
leaf_count=41 81 83 1767 145 40 54
internal_value=3.68221e-07 -4.58779e-05 2.88964e-05 -0.000646924 0.000701818 0.000375416
internal_weight=2211 2076 1848 228 135 94
internal_count=2211 2076 1848 228 135 94
is_linear=0
shrinkage=0.04


Tree=14
num_leaves=7
num_cat=0
split_feature=69 106 117 94 35 23
split_gain=0.0421785 0.0512774 0.0399729 0.0261106 0.0256436 0.0143885
threshold=-1.2096801124775607 0.73450499967906469 0.85997026063017501 0.44216932644604895 -0.28536283375179933 -0.86709210228387679
decision_type=2 2 2 2 2 2
left_child=3 2 -2 5 -3 -1
right_child=1 4 -4 -5 -6 -7
leaf_value=0.0013722249756886772 6.7743837456122439e-05 -0.0012306934891967104 -0.00065782530562737097 -0.00016424774302769513 -0.00031025047043292182 0.00051999147417044025
leaf_weight=51 1671 74 129 57 139 90
leaf_count=51 1671 74 129 57 139 90
internal_value=3.42895e-07 -5.4649e-05 1.50723e-05 0.000554383 -0.000638502 0.000843127
internal_weight=2211 2013 1800 198 213 141
internal_count=2211 2013 1800 198 213 141
is_linear=0
shrinkage=0.04


Tree=15
num_leaves=7
num_cat=0
split_feature=87 112 108 37 108 28
split_gain=0.0404503 0.0383459 0.0471738 0.0360145 0.021046 0.0150034
threshold=1.9716471324835969 -0.55536737931383684 0.42875692330676701 0.7010795738993657 0.26732921725401154 0.57364388130442401
decision_type=2 2 2 2 2 2
left_child=1 2 -1 -3 5 -2
right_child=4 3 -4 -5 -6 -7
leaf_value=-0.00059974206018461186 0.00027150246620294638 -2.2789672243089108e-05 0.00032380642684395704 0.00057818228813509153 -0.00016841307081366807 0.0011949077921424391
leaf_weight=348 46 1403 117 178 42 77
leaf_count=348 46 1403 117 178 42 77
internal_value=3.14607e-07 -4.84978e-05 -0.000366974 4.55169e-05 0.00059892 0.000859439
internal_weight=2211 2046 465 1581 165 123
internal_count=2211 2046 465 1581 165 123
is_linear=0
shrinkage=0.04


Tree=16
num_leaves=6
num_cat=0
split_feature=69 106 33 117 44
split_gain=0.0381038 0.0477562 0.0312148 0.0286021 0.0235179
threshold=-1.5246456623801912 0.73450499967906469 0.71571888846339615 1.4119082471237425 0.87184359660435706
decision_type=2 2 2 2 2
left_child=4 3 -3 -2 -1
right_child=1 2 -4 -5 -6
leaf_value=0.0011857681624207865 6.6063900758410902e-05 -0.00081292469765481112 0.00026310509659468377 -0.00066875340067781505 -1.727978466078639e-05
leaf_weight=66 1776 185 55 87 42
leaf_count=66 1776 185 55 87 42
internal_value=3.59042e-07 -3.75664e-05 -0.000566198 3.10684e-05 0.000726108
internal_weight=2211 2103 240 1863 108
internal_count=2211 2103 240 1863 108
is_linear=0
shrinkage=0.04


Tree=17
num_leaves=7
num_cat=0
split_feature=35 69 99 106 105 71
split_gain=0.0404349 0.0429673 0.0375328 0.0358873 0.0143434 0.0117178
threshold=0.90554204061712995 -1.5246456623801912 0.79783866832753769 0.73450499967906469 0.43462408365372618 0.13679417300777094
decision_type=2 2 2 2 2 2
left_child=1 5 4 -3 -2 -1
right_child=2 3 -4 -5 -6 -7
leaf_value=0.00032357967802367751 -0.00058705870520263435 6.5333682979507387e-05 -0.0015892882298921113 -0.00047877571559559187 0.00037201124958560934 0.0012380814493486755
leaf_weight=40 60 1756 44 216 40 55
leaf_count=40 60 1756 44 216 40 55
internal_value=3.45265e-07 4.57441e-05 -0.000643017 5.31079e-06 -0.000203659 0.000867639
internal_weight=2211 2067 144 1972 100 95
internal_count=2211 2067 144 1972 100 95
is_linear=0
shrinkage=0.04


Tree=18
num_leaves=6
num_cat=0
split_feature=35 69 115 11 44
split_gain=0.0373813 0.0397235 0.0422343 0.0319844 0.0180293
threshold=0.90554204061712995 -1.5246456623801912 0.70642224089718242 -0.15815259406114737 0.60894150578477124
decision_type=2 2 2 2 2
left_child=1 4 -3 -2 -1
right_child=3 2 -4 -5 -6
leaf_value=0.0013642276726197452 -2.5534886742631593e-05 7.9902488101524647e-05 -0.00045195444584815767 -0.0012103347727161361 0.00025934896241797475
leaf_weight=48 73 1696 276 71 47
leaf_count=48 73 1696 276 71 47
internal_value=3.07735e-07 4.39587e-05 5.08161e-06 -0.000618285 0.000834221
internal_weight=2211 2067 1972 144 95
internal_count=2211 2067 1972 144 95
is_linear=0
shrinkage=0.04


Tree=19
num_leaves=6
num_cat=0
split_feature=70 78 106 48 10
split_gain=0.0358848 0.0345562 0.0425838 0.0127498 0.0121218
threshold=-1.2678832370769271 1.0810371677738071 0.93675756995096049 -0.56872720075317618 0.79849032963920774
decision_type=2 2 2 2 2
left_child=4 2 -2 -3 -1
right_child=1 3 -4 -5 -6
leaf_value=0.00027942899857526243 -2.9742540102797024e-05 4.3315245281668634e-05 -0.00074694231371322012 0.00074342613044775963 0.0012151483134463586
leaf_weight=44 1800 65 141 115 46
leaf_count=44 1800 65 141 115 46
internal_value=2.95989e-07 -3.32199e-05 -8.25573e-05 0.000493863 0.000773705
internal_weight=2211 2121 1941 180 90
internal_count=2211 2121 1941 180 90
is_linear=0
shrinkage=0.04


Tree=20
num_leaves=7
num_cat=0
split_feature=42 115 98 36 39 73
split_gain=0.035459 0.0394778 0.0487523 0.0389817 0.0282099 0.0238579
threshold=-0.76909651167084625 0.9636024070290109 1.3954412911393603 0.59282980286866638 -0.57481971166491619 0.45788925662931029
decision_type=2 2 2 2 2 2
left_child=4 2 -2 -3 -1 -6
right_child=1 3 -4 -5 5 -7
leaf_value=-0.00046984097241268809 -4.1710661280549191e-05 -0.00096588086447318218 0.001091635400283387 0.00029401818664544926 0.00027359692386809214 0.0011064262245142076
leaf_weight=46 1682 135 61 54 144 89
leaf_count=46 1682 135 61 54 144 89
internal_value=3.38539e-07 -6.06662e-05 -8.41102e-07 -0.0006066 0.000420205 0.000598425
internal_weight=2211 1932 1743 189 279 233
internal_count=2211 1932 1743 189 279 233
is_linear=0
shrinkage=0.04


Tree=21
num_leaves=7
num_cat=0
split_feature=35 87 59 99 114 105
split_gain=0.0343012 0.0367451 0.0410424 0.0335913 0.0214266 0.013007
threshold=0.90554204061712995 1.7728364968891948 0.90757015242325301 0.79783866832753769 -0.51898420375919729 0.43462408365372618
decision_type=2 2 2 2 2 2
left_child=1 2 -1 5 -3 -2
right_child=3 4 -4 -5 -6 -7
leaf_value=5.8540044458869256e-05 -0.00054222047623742617 -0.00013096581678837538 -0.0005202575935274237 -0.0014872969658640417 0.00086156352191203267 0.00037080625842680182
leaf_weight=1673 60 47 220 44 127 40
leaf_count=1673 60 47 220 44 127 40
internal_value=3.71573e-07 4.21855e-05 -9.20454e-06 -0.000592188 0.000595025 -0.0001769
internal_weight=2211 2067 1893 144 174 100
internal_count=2211 2067 1893 144 174 100
is_linear=0
shrinkage=0.04


Tree=22
num_leaves=6
num_cat=0
split_feature=82 35 69 72 47
split_gain=0.0324726 0.0346338 0.0316262 0.029148 0.0188329
threshold=-0.66325751297018976 0.90554204061712995 -1.5246456623801912 0.36094293272593647 -0.40160805419612522
decision_type=2 2 2 2 2
left_child=4 2 -2 -3 -1
right_child=1 3 -4 -5 -6
leaf_value=-0.0013717463671872837 0.00077846044721921969 -0.00019998966696273005 3.7849811220351381e-05 -0.0014552395125307764 -0.00015785296815772388
leaf_weight=40 95 103 1892 40 41
leaf_count=40 95 103 1892 40 41
internal_value=3.06465e-07 3.0525e-05 7.40061e-05 -0.000566338 -0.000775916
internal_weight=2211 2130 1987 143 81
internal_count=2211 2130 1987 143 81
is_linear=0
shrinkage=0.04


Tree=23
num_leaves=7
num_cat=0
split_feature=48 100 33 115 11 96
split_gain=0.0318761 0.037037 0.0386575 0.031153 0.0252498 0.0147904
threshold=-0.81985713969796004 0.75695579471789143 0.71571888846339615 0.9636024070290109 0.4036013413763832 0.65952512065483526
decision_type=2 2 2 2 2 2
left_child=4 3 -3 -2 5 -1
right_child=1 2 -4 -5 -6 -7
leaf_value=0.00035848484676255163 4.9588009760761305e-05 -0.00095174067190301518 0.00024533480791433249 -0.00058553700450001593 0.001205588771571638 -0.00044288581789522947
leaf_weight=206 1585 135 62 132 48 43
leaf_count=206 1585 135 62 132 48 43
internal_value=2.08583e-07 -5.97353e-05 -0.000576317 1.36249e-07 0.000384329 0.000217669
internal_weight=2211 1914 197 1717 297 249
internal_count=2211 1914 197 1717 297 249
is_linear=0
shrinkage=0.04


Tree=24
num_leaves=6
num_cat=0
split_feature=70 78 106 48 50
split_gain=0.0310587 0.0306374 0.0366012 0.0121915 0.010754
threshold=-1.2678832370769271 1.0810371677738071 0.93675756995096049 -0.56872720075317618 0.11310060333137174
decision_type=2 2 2 2 2
left_child=4 2 -2 -3 -1
right_child=1 3 -4 -5 -6
leaf_value=0.0011638239560027917 -2.8475416098336184e-05 2.5291248049183901e-05 -0.00069339127665901743 0.00070933534803553524 0.00028249513757015981
leaf_weight=43 1800 65 141 115 47
leaf_count=43 1800 65 141 115 47
internal_value=1.95859e-07 -3.09849e-05 -7.74409e-05 0.000465312 0.000719721
internal_weight=2211 2121 1941 180 90
internal_count=2211 2121 1941 180 90
is_linear=0
shrinkage=0.04


Tree=25
num_leaves=6
num_cat=0
split_feature=82 35 99 69 39
split_gain=0.0301566 0.031666 0.0304938 0.0284568 0.00314098
threshold=-0.66325751297018976 0.90554204061712995 0.79783866832753769 -1.2096801124775607 0.098016698993625459
decision_type=2 2 2 2 2
left_child=4 3 -3 -2 -1
right_child=1 2 -4 -5 -6
leaf_value=-0.00046505614194672465 0.00055058716460997751 -0.00014289365484296244 -0.0013927010722767116 2.3186197771815754e-05 -0.0010016460504959383
leaf_weight=41 178 99 44 1809 40
leaf_count=41 178 99 44 1809 40
internal_value=2.40776e-07 2.93618e-05 -0.000541355 7.09381e-05 -0.00074779
internal_weight=2211 2130 143 1987 81
internal_count=2211 2130 143 1987 81
is_linear=0
shrinkage=0.04


Tree=26
num_leaves=7
num_cat=0
split_feature=42 115 86 98 39 73
split_gain=0.0302278 0.0342869 0.0450947 0.0434584 0.0253327 0.0209211
threshold=-0.76909651167084625 0.9636024070290109 0.16621594224930283 1.3954412911393603 -0.57481971166491619 0.45788925662931029
decision_type=2 2 2 2 2 2
left_child=4 3 -3 -2 -1 -6
right_child=1 2 -4 -5 5 -7
leaf_value=-0.00045539271629725897 -3.9016132580307261e-05 -0.001626438499224605 -0.0002057803960492963 0.0010310289233143161 0.00025261724137299224 0.0010324123640724453
leaf_weight=46 1682 46 143 61 144 89
leaf_count=46 1682 46 143 61 144 89
internal_value=1.43354e-07 -5.61818e-05 -0.000564959 -4.28851e-07 0.000387804 0.00055673
internal_weight=2211 1932 189 1743 279 233
internal_count=2211 1932 189 1743 279 233
is_linear=0
shrinkage=0.04


Tree=27
num_leaves=6
num_cat=0
split_feature=70 16 114 92 50
split_gain=0.027893 0.0282551 0.0326061 0.0119153 0.00983695
threshold=-1.2678832370769271 -0.90690058338801771 0.46684858568257742 -0.15511604721112934 0.11310060333137174
decision_type=2 2 2 2 2
left_child=4 3 -3 -2 -1
right_child=1 2 -4 -5 -6
leaf_value=0.0011066635022353795 0.0008416486402520125 2.2587172072252574e-05 -0.00035390353745579594 0.00015532563784630498 0.00026417984399108255
leaf_weight=43 74 1469 489 89 47
leaf_count=43 74 1469 489 89 47
internal_value=1.37231e-07 -2.94117e-05 -7.17045e-05 0.000473333 0.000682007
internal_weight=2211 2121 1958 163 90
internal_count=2211 2121 1958 163 90
is_linear=0
shrinkage=0.04


Tree=28
num_leaves=6
num_cat=0
split_feature=82 99 35 115 118
split_gain=0.0279676 0.0296944 0.0352113 0.0248581 0.00912589
threshold=-0.62455036407039299 0.79783866832753769 0.90554204061712995 0.9636024070290109 -0.11885176055991697
decision_type=2 2 2 2 2
left_child=4 3 -3 -2 -1
right_child=1 2 -4 -5 -6
leaf_value=-0.00024634694356976425 0.0001467499831236521 -0.00014532965370086631 -0.0013319202108845196 -0.00039860600040474435 -0.00097703813390710693
leaf_weight=57 1599 313 44 144 54
leaf_count=57 1599 313 44 144 54
internal_value=2.05364e-07 3.31604e-05 -0.000298182 0.00010129 -0.00061282
internal_weight=2211 2100 357 1743 111
internal_count=2211 2100 357 1743 111
is_linear=0
shrinkage=0.04


Tree=29
num_leaves=8
num_cat=0
split_feature=41 106 98 60 115 94 46
split_gain=0.0267681 0.0354285 0.0503114 0.0335934 0.0305626 0.0237556 0.0160975
threshold=-0.87893863036843589 0.93675756995096049 -0.46660602316878624 -0.42421415637369597 0.9636024070290109 -0.0483797519067811 -0.1224306655756694
decision_type=2 2 2 2 2 2 2
left_child=3 4 -3 6 -2 -5 -1
right_child=1 2 -4 5 -6 -7 -8
leaf_value=0.0013714413150992929 4.7589863086998702e-05 8.4219698720936031e-06 -0.0014436470078961813 0.00037879784467091378 -0.00057779617992195266 -0.00090723132304403747 0.00046635783058591188
leaf_weight=47 1691 87 66 49 133 40 98
leaf_count=47 1691 87 66 49 133 40 98
internal_value=9.04179e-08 -4.79289e-05 -0.000628506 0.00040276 1.40589e-06 -0.000206429 0.000774397
internal_weight=2211 1977 153 234 1824 89 145
internal_count=2211 1977 153 234 1824 89 145
is_linear=0
shrinkage=0.04


Tree=30
num_leaves=6
num_cat=0
split_feature=42 28 106 13 75
split_gain=0.0256661 0.0285425 0.0458842 0.0226254 0.0155774
threshold=-0.76909651167084625 1.7342832875794421 0.93675756995096049 -0.57785337472119236 1.2069208314729276
decision_type=2 2 2 2 2
left_child=3 2 -2 -1 -5
right_child=1 -3 -4 4 -6
leaf_value=-0.00047064492634187142 -2.0926535854784697e-05 0.00083008569889914314 -0.00075703024990907337 0.00035229405254002052 0.0011937308434756813
leaf_weight=43 1732 55 145 194 42
leaf_count=43 1732 55 145 194 42
internal_value=6.30794e-08 -5.18382e-05 -7.85365e-05 0.000357277 0.000510814
internal_weight=2211 1932 1877 279 236
internal_count=2211 1932 1877 279 236
is_linear=0
shrinkage=0.04


Tree=31
num_leaves=6
num_cat=0
split_feature=82 35 109 72 47
split_gain=0.0259638 0.0263081 0.0261179 0.0254707 0.0181041
threshold=-0.62455036407039299 0.90554204061712995 0.51720921381659402 0.36094293272593647 -0.40160805419612522
decision_type=2 2 2 2 2
left_child=4 2 -2 -3 -1
right_child=1 3 -4 -5 -6
leaf_value=-0.0010925018951182433 -9.8799303548000199e-06 -0.00014561401511645482 0.00033648661198248676 -0.0013194966280744189 -7.689781047482593e-05
leaf_weight=55 1507 102 451 40 56
leaf_count=55 1507 102 451 40 56
internal_value=1.01321e-07 3.18539e-05 7.01631e-05 -0.000490019 -0.000590555
internal_weight=2211 2100 1958 142 111
internal_count=2211 2100 1958 142 111
is_linear=0
shrinkage=0.04


Tree=32
num_leaves=7
num_cat=0
split_feature=48 78 100 11 13 96
split_gain=0.0247384 0.0275756 0.0361318 0.0218583 0.0154237 0.0125655
threshold=-0.81985713969796004 1.0810371677738071 0.75695579471789143 0.4036013413763832 0.14641838444488378 0.65952512065483526
decision_type=2 2 2 2 2 2
left_child=3 2 -2 5 -3 -1
right_child=1 4 -4 -5 -6 -7
leaf_value=0.00031341279412467531 -3.6945518069502363e-05 6.9393503083847467e-05 -0.00064867547962389749 0.0011023629973031348 0.00089948824615034104 -0.00042498911468283036
leaf_weight=206 1603 73 169 48 69 43
leaf_count=206 1603 73 169 48 69 43
internal_value=1.38344e-08 -5.27938e-05 -9.59532e-05 0.000338406 0.00047964 0.000183527
internal_weight=2211 1914 1772 297 142 249
internal_count=2211 1914 1772 297 142 249
is_linear=0
shrinkage=0.04


Tree=33
num_leaves=6
num_cat=0
split_feature=70 115 14 98 10
split_gain=0.0246117 0.0256661 0.047536 0.035949 0.00943296
threshold=-1.2678832370769271 0.45833965693821027 0.38056435669952454 1.3471050535224125 0.79849032963920774
decision_type=2 2 2 2 2
left_child=4 3 -3 -2 -1
right_child=1 2 -4 -5 -6
leaf_value=0.00020687017959299619 1.2104746103236073e-05 -0.00047676589547283616 0.00037892795347092714 0.00091524032492039582 0.0010295055715323542
leaf_weight=44 1500 412 137 72 46
leaf_count=44 1500 412 137 72 46
internal_value=5.93372e-08 -2.76971e-05 -0.000262632 5.45801e-05 0.000640568
internal_weight=2211 2121 549 1572 90
internal_count=2211 2121 549 1572 90
is_linear=0
shrinkage=0.04


Tree=34
num_leaves=6
num_cat=0
split_feature=82 35 11 109 47
split_gain=0.0240135 0.0236949 0.0249716 0.0231564 0.0158655
threshold=-0.66325751297018976 0.90554204061712995 -0.15815259406114737 0.51720921381659402 -0.40160805419612522
decision_type=2 2 2 2 2
left_child=4 3 -3 -2 -1
right_child=1 2 -4 -5 -6
leaf_value=-0.0012140170668828345 -1.381868374168613e-05 5.2351769727344316e-05 -0.00099616817450926941 0.00030744558139675528 -0.00010240522581477498
leaf_weight=40 1519 73 70 468 41
leaf_count=40 1519 73 70 468 41
internal_value=1.31648e-07 2.6118e-05 -0.000467571 6.20821e-05 -0.000667375
internal_weight=2211 2130 143 1987 81
internal_count=2211 2130 143 1987 81
is_linear=0
shrinkage=0.04


Tree=35
num_leaves=7
num_cat=0
split_feature=69 115 98 14 14 35
split_gain=0.0231084 0.0346554 0.0306582 0.0273223 0.0238935 0.0192355
threshold=-1.2096801124775607 0.70642224089718242 1.3471050535224125 0.38056435669952454 0.43821144251788408 -0.43460499625002835
decision_type=2 2 2 2 2 2
left_child=4 2 -2 -3 5 -1
right_child=1 3 -4 -5 -6 -7
leaf_value=-0.00024841304623586096 -1.1069773298719242e-05 -0.00067068496915209891 0.00085512270233319967 0.00040219748495493404 0.0011115755533267345 0.000678573775908635
leaf_weight=85 1695 207 66 45 54 59
leaf_count=85 1695 207 66 45 54 59
internal_value=5.52906e-08 -4.06486e-05 2.23272e-05 -0.00047744 0.000410146 0.000135487
internal_weight=2211 2013 1761 252 198 144
internal_count=2211 2013 1761 252 198 144
is_linear=0
shrinkage=0.04


Tree=36
num_leaves=7
num_cat=0
split_feature=48 78 100 11 13 96
split_gain=0.0227033 0.0248212 0.0325855 0.0189871 0.0138717 0.0115379
threshold=-0.81985713969796004 1.0810371677738071 0.75695579471789143 0.4036013413763832 0.14641838444488378 0.65952512065483526
decision_type=2 2 2 2 2 2
left_child=3 2 -2 5 -3 -1
right_child=1 4 -4 -5 -6 -7
leaf_value=0.00030430972184359028 -3.5368913999864561e-05 6.5630807479222613e-05 -0.00061630368574484308 0.0010363934964640067 0.00085285030641514342 -0.00040330886310483842
leaf_weight=206 1603 73 169 48 69 43
leaf_count=206 1603 73 169 48 69 43
internal_value=1.29617e-07 -5.04595e-05 -9.14064e-05 0.000324305 0.000454685 0.000179871
internal_weight=2211 1914 1772 297 142 249
internal_count=2211 1914 1772 297 142 249
is_linear=0
shrinkage=0.04


Tree=37
num_leaves=6
num_cat=0
split_feature=70 63 16 94 50
split_gain=0.0218352 0.0240146 0.0250459 0.0167162 0.00894877
threshold=-1.2678832370769271 1.0068000500201806 -0.90690058338801771 -0.10500314266286183 0.28783041569799289
decision_type=2 2 2 2 2
left_child=4 2 -2 -3 -1
right_child=1 3 -4 -5 -6
leaf_value=0.0009500052089928292 0.00040815606739006338 6.3201079322636655e-05 -0.00010986541787650703 0.00084303734742858117 0.00014568330121359654
leaf_weight=50 161 97 1784 79 40
leaf_count=50 161 97 1784 79 40
internal_value=1.67964e-07 -2.59761e-05 -6.66103e-05 0.000418781 0.000603467
internal_weight=2211 2121 1945 176 90
internal_count=2211 2121 1945 176 90
is_linear=0
shrinkage=0.04


Tree=38
num_leaves=6
num_cat=0
split_feature=82 99 35 115 47
split_gain=0.0220081 0.0221452 0.0282012 0.0194863 0.0156967
threshold=-0.62455036407039299 0.79783866832753769 0.90554204061712995 0.9636024070290109 -0.40160805419612522
decision_type=2 2 2 2 2
left_child=4 3 -3 -2 -1
right_child=1 2 -4 -5 -6
leaf_value=-0.0010109265091453206 0.00012856351744365807 -0.0001199424662114498 -0.00118174251837089 -0.00035428181950246905 -6.5505965201360775e-05
leaf_weight=55 1599 313 44 144 56
leaf_count=55 1599 313 44 144 56
internal_value=2.44399e-07 2.94781e-05 -0.000256663 8.83123e-05 -0.000543559
internal_weight=2211 2100 357 1743 111
internal_count=2211 2100 357 1743 111
is_linear=0
shrinkage=0.04


Tree=39
num_leaves=8
num_cat=0
split_feature=41 60 106 87 63 94 46
split_gain=0.0210092 0.0284943 0.0264058 0.0402122 0.022145 0.0209947 0.0151642
threshold=-0.87893863036843589 -0.42421415637369597 0.93675756995096049 0.79291903578123935 1.0547145469470118 -0.0483797519067811 -0.1224306655756694
decision_type=2 2 2 2 2 2 2
left_child=1 6 4 -4 -2 -3 -1
right_child=2 5 3 -5 -6 -7 -8
leaf_value=0.0012776223079738569 -4.1885437391867337e-05 0.00034650614110789463 -0.00013543170599670734 -0.0015672356385568326 0.00046084200123932179 -0.00086261989931309862 0.00040177078860579056
leaf_weight=47 1673 49 111 42 151 40 98
leaf_count=47 1673 49 111 42 151 40 98
internal_value=1.40496e-07 0.000356874 -4.24009e-05 -0.000543627 1.92069e-07 -0.000203937 0.000699188
internal_weight=2211 234 1977 153 1824 89 145
internal_count=2211 234 1977 153 1824 89 145
is_linear=0
shrinkage=0.04


Tree=40
num_leaves=6
num_cat=0
split_feature=42 28 106 39 73
split_gain=0.0203084 0.0248791 0.0357097 0.0203247 0.0161919
threshold=-0.76909651167084625 1.7342832875794421 0.93675756995096049 -0.57481971166491619 0.45788925662931029
decision_type=2 2 2 2 2
left_child=3 2 -2 -1 -5
right_child=1 -3 -4 4 -6
leaf_value=-0.00043672926528415701 -2.014048453941519e-05 0.00077733946514822402 -0.000669526276003936 0.00020213344222499212 0.00088764813457421223
leaf_weight=46 1732 55 145 144 89
leaf_count=46 1732 55 145 144 89
internal_value=1.30522e-07 -4.6037e-05 -7.09654e-05 0.000317881 0.000469308
internal_weight=2211 1932 1877 279 233
internal_count=2211 1932 1877 279 233
is_linear=0
shrinkage=0.04


Tree=41
num_leaves=6
num_cat=0
split_feature=82 70 115 47 50
split_gain=0.0202273 0.0190043 0.0216402 0.0136521 0.00751171
threshold=-0.66325751297018976 -1.2678832370769271 0.49428769838340536 -0.40160805419612522 0.11310060333137174
decision_type=2 2 2 2 2
left_child=3 4 -3 -1 -2
right_child=1 2 -4 -5 -6
leaf_value=-0.0011195260813526278 0.00096939325147435407 7.2722751505188495e-05 -0.0002306002739462505 -8.8728664572848841e-05 0.00022142016051456014
leaf_weight=40 42 1548 495 41 45
leaf_count=40 42 1548 495 41 45
internal_value=1.52079e-07 2.40019e-05 -9.23262e-07 -0.000612475 0.00059618
internal_weight=2211 2130 2043 81 87
internal_count=2211 2130 2043 81 87
is_linear=0
shrinkage=0.04


Tree=42
num_leaves=8
num_cat=0
split_feature=35 7 109 64 117 104 39
split_gain=0.0192101 0.0379828 0.0225416 0.0257722 0.019291 0.0176606 0.013524
threshold=0.76943570603718936 0.1861174456179398 0.51720921381659402 0.5203383196064576 0.45393809235571858 0.18161638195903343 0.50836571316652768
decision_type=2 2 2 2 2 2 2
left_child=2 5 3 -1 -3 -2 -4
right_child=1 4 6 -5 -6 -7 -8
leaf_value=-0.00013075947472504943 -0.00023877525961908856 -0.0015367985287108846 0.00016261107174091991 0.00025084504207638413 -0.0003420080201437321 0.00072335902849833176 0.00067122223872452167
leaf_weight=1136 93 46 369 375 42 43 107
leaf_count=1136 93 46 369 375 42 43 107
internal_value=1.39654e-07 -0.000349324 3.98473e-05 -3.58465e-05 -0.00098683 7.15037e-05 0.000279272
internal_weight=2211 224 1987 1511 88 136 476
internal_count=2211 224 1987 1511 88 136 476
is_linear=0
shrinkage=0.04


Tree=43
num_leaves=7
num_cat=0
split_feature=69 115 86 98 14 40
split_gain=0.0192557 0.0288913 0.031641 0.029721 0.0216325 0.0214895
threshold=-1.2096801124775607 0.76588348504651516 0.18995248931195877 1.3471050535224125 0.43821144251788408 0.75843129953794863
decision_type=2 2 2 2 2 2
left_child=4 3 -3 -2 5 -1
right_child=1 2 -4 -5 -6 -7
leaf_value=-0.00042561194328520673 -1.7941111010544195e-05 -0.0011676300645143477 -0.00013002093822957452 0.00081702536172036772 0.001041808420725699 0.00054441812583074975
leaf_weight=64 1734 69 141 69 54 80
leaf_count=64 1734 69 141 69 54 80
internal_value=1.18153e-07 -3.70381e-05 -0.000478749 1.48826e-05 0.000374466 0.000113369
internal_weight=2211 2013 210 1803 198 144
internal_count=2211 2013 210 1803 198 144
is_linear=0
shrinkage=0.04


Tree=44
num_leaves=6
num_cat=0
split_feature=82 35 72 40 47
split_gain=0.0187657 0.019214 0.0261368 0.0210162 0.0132501
threshold=-0.62455036407039299 0.99138812612800631 -0.17359829512381184 0.74291932781451697 -0.40160805419612522
decision_type=2 2 2 2 2
left_child=4 3 -3 -2 -1
right_child=1 2 -4 -5 -6
leaf_value=-0.00093142013565388003 1.1208040252148004e-06 0.00016985299105339862 -0.0011461556788091519 0.00037302682640248181 -6.2697379617020489e-05
leaf_weight=55 1725 45 49 281 56
leaf_count=55 1725 45 49 281 56
internal_value=1.37359e-07 2.7132e-05 -0.000525738 5.3537e-05 -0.000502012
internal_weight=2211 2100 94 2006 111
internal_count=2211 2100 94 2006 111
is_linear=0
shrinkage=0.04


Tree=45
num_leaves=8
num_cat=0
split_feature=78 64 16 112 44 35 110
split_gain=0.0185553 0.0230389 0.0280375 0.0154819 0.0120415 0.0244233 0.00525671
threshold=1.0810371677738071 0.96666705068388215 -0.64032651416036568 -0.0077365647479146595 -0.18276796374356477 0.20104461869281898 0.35155341911102655
decision_type=2 2 2 2 2 2 2
left_child=1 2 -1 -3 6 -6 -2
right_child=4 3 -4 -5 5 -7 -8
leaf_value=0.00025220686593802023 0.0010591106635651419 0.00096948413833160892 -0.00014276373238737808 7.4419838686784105e-05 -0.00039097204657357937 0.00084317433614549894 0.00039523414568975567
leaf_weight=351 40 56 1551 67 64 40 42
leaf_count=351 40 56 1551 67 64 40 42
internal_value=7.41588e-08 -3.5184e-05 -6.96865e-05 0.00049092 0.000380224 9.06525e-05 0.000736583
internal_weight=2211 2025 1902 123 186 104 82
internal_count=2211 2025 1902 123 186 104 82
is_linear=0
shrinkage=0.04


Tree=46
num_leaves=7
num_cat=0
split_feature=42 110 73 16 39 73
split_gain=0.0179627 0.0230773 0.0215633 0.0200637 0.0185446 0.0145188
threshold=-0.76909651167084625 1.1099885646107175 -1.175203068792545 0.73072802429902428 -0.57481971166491619 0.45788925662931029
decision_type=2 2 2 2 2 2
left_child=4 3 -3 -2 -1 -6
right_child=1 2 -4 -5 5 -7
leaf_value=-0.00042169118016962181 -0.00015416422142751547 -0.00046338729105543258 0.00053922527774623384 0.0002088183250903274 0.00019070013032744523 0.0008398138412919182
leaf_weight=46 1425 41 174 292 144 89
leaf_count=46 1425 41 174 292 144 89
internal_value=1.81808e-07 -4.32377e-05 0.000345521 -9.22628e-05 0.000299018 0.000443682
internal_weight=2211 1932 215 1717 279 233
internal_count=2211 1932 215 1717 279 233
is_linear=0
shrinkage=0.04


Tree=47
num_leaves=7
num_cat=0
split_feature=14 35 63 82 92 64
split_gain=0.0173691 0.0413012 0.0235084 0.0213307 0.0147582 0.0137318
threshold=-0.74058655188087019 1.0024421393555933 1.0547145469470118 0.02528980644104559 -0.26684490590669846 -0.014521409682070314
decision_type=2 2 2 2 2 2
left_child=3 2 -2 5 -5 -1
right_child=1 -3 -4 4 -6 -7
leaf_value=0.00031902361741482184 -5.2874734851762281e-05 -0.001070212131541711 0.00049186760727290644 0.00023949303543058169 0.001029803621996608 -0.00038968949658737986
leaf_weight=85 1693 59 135 83 70 86
leaf_count=85 1693 59 135 83 70 86
internal_value=2.01263e-07 -4.63313e-05 -1.21513e-05 0.000269832 0.000609695 -3.77897e-05
internal_weight=2211 1887 1828 324 153 171
internal_count=2211 1887 1828 324 153 171
is_linear=0
shrinkage=0.04


Tree=48
num_leaves=6
num_cat=0
split_feature=70 59 82 37 10
split_gain=0.0173688 0.0222534 0.0440012 0.0307148 0.00770515
threshold=-1.2678832370769271 0.99035164078067639 0.55539563144645998 1.0983158369790609 0.79849032963920774
decision_type=2 2 2 2 2
left_child=4 3 -3 -2 -1
right_child=1 2 -4 -5 -6
leaf_value=0.00014848006777870267 -5.4792155754130271e-06 -0.00066579615594577579 0.00032167546341026372 0.00076912828542422072 0.00088941815643920567
leaf_weight=44 1719 210 108 84 46
leaf_count=44 1719 210 108 84 46
internal_value=2.13725e-07 -2.31037e-05 -0.000330514 3.14212e-05 0.000538284
internal_weight=2211 2121 318 1803 90
internal_count=2211 2121 318 1803 90
is_linear=0
shrinkage=0.04


Tree=49
num_leaves=7
num_cat=0
split_feature=41 106 28 115 75 117
split_gain=0.016736 0.0219841 0.0338761 0.0221432 0.0189229 0.0208985
threshold=-0.87893863036843589 0.73450499967906469 1.2389684684369338 0.84457426944921565 1.3142677775488021 0.83900845915904088
decision_type=2 2 2 2 2 2
left_child=4 3 -3 -2 5 -1
right_child=1 2 -4 -5 -6 -7
leaf_value=0.00035462473994964772 5.6187456334420957e-05 -0.00063132441314323344 0.00055955391275347216 -0.00044468494135165406 0.0010187844965578419 -0.00065613232486482181
leaf_weight=147 1587 191 46 153 47 40
leaf_count=147 1587 191 46 153 47 40
internal_value=2.57861e-07 -3.77116e-05 -0.000397435 1.16852e-05 0.000318652 0.000133765
internal_weight=2211 1977 237 1740 234 187
internal_count=2211 1977 237 1740 234 187
is_linear=0
shrinkage=0.04


Tree=50
num_leaves=6
num_cat=0
split_feature=82 35 24 7 47
split_gain=0.0165065 0.0162843 0.0195996 0.0194123 0.0121635
threshold=-0.62455036407039299 0.90554204061712995 0.60617741420866444 0.20451268476175324 -0.40160805419612522
decision_type=2 2 2 2 2
left_child=4 2 -2 -3 -1
right_child=1 3 -4 -5 -6
leaf_value=-0.00088209823942171379 5.8018401503836901e-06 -2.4712637428899103e-05 0.00037631620849644994 -0.00098459745619308074 -5.0158483690807015e-05
leaf_weight=55 1696 90 262 52 56
leaf_count=55 1696 90 262 52 56
internal_value=2.5684e-07 2.55743e-05 5.57138e-05 -0.000385013 -0.000470697
internal_weight=2211 2100 1958 142 111
internal_count=2211 2100 1958 142 111
is_linear=0
shrinkage=0.04


Tree=51
num_leaves=7
num_cat=0
split_feature=80 110 112 27 87 59
split_gain=0.0161757 0.0280576 0.0274034 0.0241403 0.0229573 0.0296748
threshold=0.82095388325397567 1.0248203065641499 0.4204693984728175 0.25922631671667717 2.4934311728155056 1.0818225543462583
decision_type=2 2 2 2 2 2
left_child=4 2 -2 -3 5 -1
right_child=1 3 -4 -5 -6 -7
leaf_value=-1.8250100569718684e-05 0.00028652889844688848 0.00097225733481305231 -0.00056491441364229036 -5.8343177962732238e-05 0.00063823045848088482 -0.00051753809739656131
leaf_weight=1509 156 108 96 54 72 216
leaf_count=1509 156 108 96 54 72 216
internal_value=1.90189e-07 0.000224978 -3.97246e-05 0.000632202 -5.179e-05 -8.12966e-05
internal_weight=2211 414 252 162 1797 1725
internal_count=2211 414 252 162 1797 1725
is_linear=0
shrinkage=0.04


Tree=52
num_leaves=6
num_cat=0
split_feature=42 28 115 28 73
split_gain=0.0157773 0.0206433 0.0294722 0.0168889 0.0130981
threshold=-0.76909651167084625 1.7342832875794421 0.9636024070290109 -0.53881292019552285 0.45788925662931029
decision_type=2 2 2 2 2
left_child=3 2 -2 -1 -5
right_child=1 -3 -4 4 -6
leaf_value=-0.00039067959571257237 -1.2409797305514216e-05 0.00070952862778907275 -0.0005575256855692715 0.00018102055153877732 0.00080048965409191132
leaf_weight=48 1704 55 173 143 88
leaf_count=48 1704 55 173 143 88
internal_value=2.0926e-07 -4.04834e-05 -6.31922e-05 0.000280278 0.000421854
internal_weight=2211 1932 1877 279 231
internal_count=2211 1932 1877 279 231
is_linear=0
shrinkage=0.04


Tree=53
num_leaves=6
num_cat=0
split_feature=70 59 82 37 50
split_gain=0.0153854 0.0185868 0.0382887 0.0274947 0.00769595
threshold=-1.2678832370769271 0.99035164078067639 0.55539563144645998 1.0983158369790609 0.28783041569799289
decision_type=2 2 2 2 2
left_child=4 3 -3 -2 -1
right_child=1 2 -4 -5 -6
leaf_value=0.00082770996888239807 -6.7976643727457364e-06 -0.00061544302199694845 0.00030564976505808195 0.00072608005620950703 8.5010130202309005e-05
leaf_weight=50 1719 210 108 84 40
leaf_count=50 1719 210 108 84 40
internal_value=2.27294e-07 -2.17185e-05 -0.000302664 2.81131e-05 0.000506645
internal_weight=2211 2121 318 1803 90
internal_count=2211 2121 318 1803 90
is_linear=0
shrinkage=0.04


Tree=54
num_leaves=6
num_cat=0
split_feature=14 35 64 76 37
split_gain=0.0152407 0.0354431 0.0202834 0.0166989 0.0109042
threshold=-0.74058655188087019 1.0024421393555933 0.51091557575620128 0.58263253263245596 -0.53697376151349163
decision_type=2 2 2 2 2
left_child=3 2 -2 4 -1
right_child=1 -3 -4 -5 -6
leaf_value=0.00063026978023117408 -8.3226231633951826e-05 -0.00099181554787868605 0.00023583735033859545 0.00075500198701774937 -4.073452885668393e-05
leaf_weight=46 1419 59 409 78 200
leaf_count=46 1419 59 409 78 200
internal_value=2.66001e-07 -4.33224e-05 -1.16586e-05 0.000252837 8.88088e-05
internal_weight=2211 1887 1828 324 246
internal_count=2211 1887 1828 324 246
is_linear=0
shrinkage=0.04


Tree=55
num_leaves=6
num_cat=0
split_feature=81 109 38 87 33
split_gain=0.0149144 0.0183882 0.0256002 0.0204404 0.018251
threshold=-1.132837461907211 0.77153533672658059 0.11888318282901793 1.9716471324835969 0.20699503733672966
decision_type=2 2 2 2 2
left_child=4 3 -3 -2 -1
right_child=1 2 -4 -5 -6
leaf_value=8.3085866359879773e-05 -6.8929439382661335e-05 0.00061684364944024947 -8.7509907533268579e-05 0.0004204043138369093 -0.0010063003078696557
leaf_weight=47 1638 179 151 147 49
leaf_count=47 1638 179 151 147 49
internal_value=2.73628e-07 2.26054e-05 0.000295963 -2.8206e-05 -0.000482144
internal_weight=2211 2115 330 1785 96
internal_count=2211 2115 330 1785 96
is_linear=0
shrinkage=0.04


Tree=56
num_leaves=6
num_cat=0
split_feature=64 73 60 112 59
split_gain=0.0143831 0.0190917 0.0201036 0.0163688 0.011571
threshold=0.96666705068388215 -1.1208901003536231 0.80649916808964084 -0.0077365647479146595 0.18281095759334046
decision_type=2 2 2 2 2
left_child=1 4 -3 -2 -1
right_child=3 2 -4 -5 -6
leaf_value=-0.00022377758480918904 0.00090855980621136977 2.6120251219831806e-05 -0.00077855778739367623 5.4650346440187585e-06 -0.0010479369272278357
leaf_weight=82 56 1912 49 72 40
leaf_count=82 56 1912 49 72 40
internal_value=2.61151e-07 -2.51909e-05 5.24081e-06 0.000408468 -0.000506538
internal_weight=2211 2083 1961 128 122
internal_count=2211 2083 1961 128 122
is_linear=0
shrinkage=0.04


Tree=57
num_leaves=8
num_cat=0
split_feature=99 74 14 82 38 109 47
split_gain=0.014304 0.0224886 0.0303099 0.0171045 0.0162639 0.0156361 0.0110129
threshold=0.79783866832753769 0.44838488261964971 -0.39657443022899436 -0.62455036407039299 0.12369637378747329 0.77153533672658059 -0.40160805419612522
decision_type=2 2 2 2 2 2 2
left_child=3 2 -2 6 -3 -5 -1
right_child=1 4 -4 5 -6 -7 -8
leaf_value=-0.00082352383111260435 0.00010756730815046467 0.00077224073848790602 -0.00089476249424740668 2.4266644094264633e-05 -0.00012529151931243098 0.00035440024774502756 -3.2511929628150217e-05
leaf_weight=55 78 43 123 1473 113 270 56
leaf_count=55 78 43 123 1473 113 270 56
internal_value=2.10573e-07 -0.000230913 -0.000508571 4.49157e-05 0.000128749 7.57537e-05 -0.000432093
internal_weight=2211 357 201 1854 156 1743 111
internal_count=2211 357 201 1854 156 1743 111
is_linear=0
shrinkage=0.04


Tree=58
num_leaves=7
num_cat=0
split_feature=48 78 64 11 13 92
split_gain=0.0141507 0.0180915 0.021124 0.0152545 0.0111317 0.009528
threshold=-0.81985713969796004 1.0810371677738071 0.85609091680468252 0.4036013413763832 0.14641838444488378 -0.15511604721112934
decision_type=2 2 2 2 2 2
left_child=3 2 -2 5 -3 -1
right_child=1 4 -4 -5 -6 -7
leaf_value=0.00039515591892616255 -0.00011577582507265165 4.3429169862065467e-05 0.00038810807999608844 0.0008941209053620697 0.00074814206435227062 -9.8344923226513731e-05
leaf_weight=113 1629 73 143 48 69 136
leaf_count=113 1629 73 143 48 69 136
internal_value=1.79825e-07 -3.97596e-05 -7.47208e-05 0.000256112 0.000391495 0.000126977
internal_weight=2211 1914 1772 297 142 249
internal_count=2211 1914 1772 297 142 249
is_linear=0
shrinkage=0.04


Tree=59
num_leaves=6
num_cat=0
split_feature=70 110 76 59 50
split_gain=0.0140583 0.0173039 0.0269394 0.0262585 0.00702903
threshold=-1.2678832370769271 1.0248203065641499 -0.11228760620744864 0.99035164078067639 0.28783041569799289
decision_type=2 2 2 2 2
left_child=4 3 -3 -2 -1
right_child=1 2 -4 -5 -6
leaf_value=0.00079117610065553056 -3.3611457435108832e-06 -0.00024826759776782871 0.00057271459808527487 -0.00043489913736197155 8.1377476966562902e-05
leaf_weight=50 1587 99 174 261 40
leaf_count=50 1587 99 174 261 40
internal_value=2.54143e-07 -2.07238e-05 0.000275355 -6.47132e-05 0.000484337
internal_weight=2211 2121 273 1848 90
internal_count=2211 2121 273 1848 90
is_linear=0
shrinkage=0.04


Tree=60
num_leaves=7
num_cat=0
split_feature=99 28 26 82 40 45
split_gain=0.0134366 0.0217034 0.0208839 0.015438 0.0152652 0.0082857
threshold=0.79783866832753769 1.2389684684369338 0.66874824960285351 -0.62455036407039299 0.74291932781451697 -0.1658297598591536
decision_type=2 2 2 2 2 2
left_child=3 2 -2 5 -5 -1
right_child=1 -3 -4 4 -6 -7
leaf_value=1.0987053219070459e-05 -0.00020082556063827977 0.00046629610272948859 -0.0010600341180439241 2.0705686321606039e-05 0.00034123770473535177 -0.0006882171102059896
leaf_weight=45 244 59 54 1461 282 66
leaf_count=45 244 59 54 1461 282 66
internal_value=2.71405e-07 -0.000223735 -0.00036255 4.36e-05 7.28962e-05 -0.000409579
internal_weight=2211 357 298 1854 1743 111
internal_count=2211 357 298 1854 1743 111
is_linear=0
shrinkage=0.04


Tree=61
num_leaves=8
num_cat=0
split_feature=41 60 106 98 115 46 106
split_gain=0.0133354 0.0214652 0.0182408 0.0369618 0.0177973 0.0138489 0.00826276
threshold=-0.87893863036843589 -0.42421415637369597 0.93675756995096049 -0.46660602316878624 0.9636024070290109 -0.1224306655756694 0.17767814989849864
decision_type=2 2 2 2 2 2 2
left_child=1 5 4 -4 -2 -1 -3
right_child=2 6 3 -5 -6 -7 -8
leaf_value=0.0011329559835472278 3.6968480329835953e-05 0.00019301961114009223 9.3759515187362993e-05 -0.0011490424325251403 -0.00044026332831924303 0.00029983591694326609 -0.00056371476467271956
leaf_weight=47 1691 43 87 66 133 98 46
leaf_count=47 1691 43 87 66 133 98 46
internal_value=2.20428e-07 0.000284432 -3.36727e-05 -0.00045026 1.72623e-06 0.000581622 -0.000201895
internal_weight=2211 234 1977 153 1824 145 89
internal_count=2211 234 1977 153 1824 145 89
is_linear=0
shrinkage=0.04


Tree=62
num_leaves=7
num_cat=0
split_feature=14 63 64 69 112 37
split_gain=0.0130113 0.0185722 0.0206051 0.0166725 0.0161635 0.00843702
threshold=-0.74058655188087019 1.0547145469470118 -0.77428940949378156 -0.90448211280832813 0.072199267506641726 -0.53697376151349163
decision_type=2 2 2 2 2 2
left_child=3 2 -2 -1 -3 -5
right_child=1 4 -4 5 -6 -7
leaf_value=0.00093967846909198791 0.00022875922215658846 0.00078659093258186025 -0.0001373943648133598 0.00058237387489427027 -7.2710675026218475e-05 1.3801999209756473e-05
leaf_weight=44 294 76 1454 49 63 231
leaf_count=44 294 76 1454 49 63 231
internal_value=1.97278e-07 -4.00771e-05 -7.56191e-05 0.000233565 0.000401616 0.000116727
internal_weight=2211 1887 1748 324 139 280
internal_count=2211 1887 1748 324 139 280
is_linear=0
shrinkage=0.04


Tree=63
num_leaves=8
num_cat=0
split_feature=116 63 37 115 28 99 36
split_gain=0.0131764 0.0399925 0.0274089 0.0270975 0.0256343 0.0185246 0.0136641
threshold=0.78746436725147173 -0.61575234285303204 0.7010795738993657 0.84457426944921565 0.51984836295466608 1.0469148707269123 -0.6264103794193947
decision_type=2 2 2 2 2 2 2
left_child=3 6 -3 5 -5 -1 -2
right_child=1 2 -4 4 -6 -7 -8
leaf_value=2.882940108991425e-05 0.00041974480700446293 -0.00041041128215860324 0.00029477296575831409 -0.0010799513949702184 0.00015704738257756067 -0.00050180060739538307 0.0014158734683185181
leaf_weight=1536 46 149 210 73 41 111 45
leaf_count=1536 46 149 210 73 41 111 45
internal_value=2.74018e-07 0.00019295 1.43979e-06 -4.91249e-05 -0.000640029 -7.49779e-06 0.000932191
internal_weight=2211 450 359 1761 114 1647 91
internal_count=2211 450 359 1761 114 1647 91
is_linear=0
shrinkage=0.04


Tree=64
num_leaves=7
num_cat=0
split_feature=35 7 36 87 104 117
split_gain=0.0130928 0.0302621 0.0178839 0.0176443 0.0149657 0.0146815
threshold=0.76943570603718936 0.1861174456179398 0.89374443064405307 1.7728364968891948 0.18161638195903343 0.45393809235571858
decision_type=2 2 2 2 2 2
left_child=2 4 3 -1 -2 -3
right_child=1 5 -4 -5 -6 -7
leaf_value=-2.1629005659439716e-05 -0.00019888201509112198 -0.0013370499445591122 0.00083994654483746654 0.00040835191107258862 0.00068692605321605995 -0.00029498551120261919
leaf_weight=1781 93 46 41 165 43 42
leaf_count=1781 93 46 41 165 43 42
internal_value=2.74774e-07 -0.00028823 3.30558e-05 1.52106e-05 8.70861e-05 -0.000857308
internal_weight=2211 224 1987 1946 136 88
internal_count=2211 224 1987 1946 136 88
is_linear=0
shrinkage=0.04


Tree=65
num_leaves=6
num_cat=0
split_feature=7 80 39 48 48
split_gain=0.0128563 0.0172467 0.029057 0.0192517 0.00989094
threshold=1.7680984614540454 0.82095388325397567 0.21203906351727611 -0.81985713969796004 -0.40143296254949323
decision_type=2 2 2 2 2
left_child=1 3 -3 -1 -2
right_child=4 2 -4 -5 -6
leaf_value=0.00030750712231171316 3.1968774464057419e-06 -0.00010809960763103195 0.00060043585484946202 -8.3162296615840479e-05 -0.0007744475581162309
leaf_weight=231 47 173 196 1507 57
leaf_count=231 47 173 196 1507 57
internal_value=2.6677e-07 2.18711e-05 0.000269458 -3.09441e-05 -0.000429583
internal_weight=2211 2107 369 1738 104
internal_count=2211 2107 369 1738 104
is_linear=0
shrinkage=0.04


Tree=66
num_leaves=7
num_cat=0
split_feature=42 110 75 41 39 104
split_gain=0.0122287 0.0169617 0.0202203 0.0192099 0.0147213 0.00913516
threshold=-0.76909651167084625 1.1099885646107175 -0.18689680985616794 0.45101870940957284 -0.57481971166491619 -0.88148151144785236
decision_type=2 2 2 2 2 2
left_child=4 3 -3 -2 -1 -6
right_child=1 2 -4 -5 5 -7
leaf_value=-0.00039489961214712822 -0.00016437549536740408 2.6190650847023555e-06 0.00080300405851448889 0.00012817062095977247 0.00085746900010854005 0.00024298880782002024
leaf_weight=46 1208 137 78 509 48 185
leaf_count=46 1208 137 78 509 48 185
internal_value=2.54129e-07 -3.55712e-05 0.000297716 -7.76028e-05 0.000246823 0.000375797
internal_weight=2211 1932 215 1717 279 233
internal_count=2211 1932 215 1717 279 233
is_linear=0
shrinkage=0.04


Tree=67
num_leaves=6
num_cat=0
split_feature=70 115 14 105 90
split_gain=0.0120852 0.0143754 0.0361499 0.025749 0.00624481
threshold=-1.2678832370769271 0.45833965693821027 0.38056435669952454 1.1838350417396297 -0.020656243249848341
decision_type=2 2 2 2 2
left_child=4 3 -3 -2 -1
right_child=1 2 -4 -5 -6
leaf_value=0.00010716232164029746 8.467755000811402e-05 -0.00038178994726380651 0.000364233755377597 -0.00057553048874654962 0.00077197866279017581
leaf_weight=45 1473 412 137 99 45
leaf_count=45 1473 412 137 99 45
internal_value=2.97283e-07 -1.9153e-05 -0.000194977 4.24211e-05 0.000449126
internal_weight=2211 2121 549 1572 90
internal_count=2211 2121 549 1572 90
is_linear=0
shrinkage=0.04


Tree=68
num_leaves=8
num_cat=0
split_feature=35 7 109 69 104 117 43
split_gain=0.0119692 0.0278074 0.0169679 0.0193564 0.0139157 0.0134874 0.0121164
threshold=0.76943570603718936 0.1861174456179398 0.51720921381659402 -1.2096801124775607 0.18161638195903343 0.45393809235571858 0.7203471457691869
decision_type=2 2 2 2 2 2 2
left_child=2 4 3 -1 -2 -3 -4
right_child=1 5 6 -5 -6 -7 -8
leaf_value=0.00038504619398920594 -0.00019154493773883012 -0.001280871038713182 0.00033519710698881399 -8.2771067844972151e-05 0.00066262551521261543 -0.0002821293913505294 -0.00018120529569892421
leaf_weight=156 93 46 388 1355 43 42 88
leaf_count=156 93 46 388 1355 43 42 88
internal_value=2.98794e-07 -0.000275549 3.16417e-05 -3.40271e-05 8.42129e-05 -0.000821061 0.000239369
internal_weight=2211 224 1987 1511 136 88 476
internal_count=2211 224 1987 1511 136 88 476
is_linear=0
shrinkage=0.04


Tree=69
num_leaves=6
num_cat=0
split_feature=64 31 117 45 40
split_gain=0.0123672 0.0217181 0.0182266 0.0244831 0.017837
threshold=0.5203383196064576 0.79474112240339057 1.4119082471237425 0.45337183263746089 0.91231623090942204
decision_type=2 2 2 2 2
left_child=2 4 3 -1 -2
right_child=1 -3 -4 -5 -6
leaf_value=-0.00011418695500478568 0.00018261401136049723 -0.00055237252579335577 -0.00071280738462519365 0.00023917413106599791 0.0010091485049417044
leaf_weight=1238 392 56 62 418 45
leaf_count=1238 392 56 62 418 45
internal_value=2.63864e-07 0.000176449 -5.04409e-05 -2.48122e-05 0.000271936
internal_weight=2211 493 1718 1656 437
internal_count=2211 493 1718 1656 437
is_linear=0
shrinkage=0.04


Tree=70
num_leaves=6
num_cat=0
split_feature=81 32 102 88 85
split_gain=0.0115778 0.0147884 0.0144145 0.022149 0.0183355
threshold=-1.132837461907211 -0.096380043687506037 -0.32453207111484672 0.091833365867934738 -0.12398913515300065
decision_type=2 2 2 2 2
left_child=1 -1 4 -4 -2
right_child=2 -3 3 -5 -6
leaf_value=0.00015958786060634469 -6.9055044746058891e-05 -0.00083330908067652889 9.6319908224051058e-05 -0.00022033676872703582 0.00034374877595369204
leaf_weight=40 299 56 745 669 402
leaf_count=40 299 56 745 669 402
internal_value=2.55174e-07 -0.000424788 1.9931e-05 -5.35982e-05 0.000167979
internal_weight=2211 96 2115 1414 701
internal_count=2211 96 2115 1414 701
is_linear=0
shrinkage=0.04


Tree=71
num_leaves=6
num_cat=0
split_feature=7 31 115 96 118
split_gain=0.0120562 0.0185079 0.0157386 0.0146128 0.00745019
threshold=1.7680984614540454 -1.381819496794648 1.0738951102533376 0.13708809915319975 0.52875677216398598
decision_type=2 2 2 2 2
left_child=1 4 -3 -2 -1
right_child=3 2 -4 -5 -6
leaf_value=0.00021328805465897432 -2.715324377641082e-05 2.5831428467499406e-05 -0.00041972315055318178 -0.00098452475219748406 0.00094530628404269608
leaf_weight=47 63 1883 134 41 43
leaf_count=47 63 1883 134 41 43
internal_value=2.26058e-07 2.11474e-05 -4.15557e-06 -0.000416033 0.000575977
internal_weight=2211 2107 2017 104 90
internal_count=2211 2107 2017 104 90
is_linear=0
shrinkage=0.04


Tree=72
num_leaves=5
num_cat=0
split_feature=82 105 98 98
split_gain=0.0114267 0.0128315 0.018321 0.0123221
threshold=-0.67789441955680141 -1.0433745800300913 0.8686761169339795 1.0104020365800264
decision_type=2 2 2 2
left_child=-1 3 -3 -2
right_child=1 2 -4 -5
leaf_value=-0.00053516954228642491 9.149111363129984e-05 3.8328019779158749e-05 -0.00031771080798965784 0.0009225141415570645
leaf_weight=60 74 1768 264 45
leaf_count=60 74 1768 264 45
internal_value=2.08088e-07 1.56252e-05 -8.19591e-06 0.000415797
internal_weight=2211 2151 2032 119
internal_count=2211 2151 2032 119
is_linear=0
shrinkage=0.04


Tree=73
num_leaves=7
num_cat=0
split_feature=64 31 67 18 35 14
split_gain=0.0114864 0.0195094 0.0183169 0.0171904 0.024016 0.0121525
threshold=0.5203383196064576 0.79474112240339057 -1.0105644280608648 0.31005246657720015 0.70768308763414922 -0.67871689140083147
decision_type=2 2 2 2 2 2
left_child=3 2 -2 4 -1 -5
right_child=1 -3 -4 5 -6 -7
leaf_value=-8.4585571946098396e-05 0.0010354428181811024 -0.00052079716918122928 0.00017329463298298813 0.00058632649154327578 -0.00077587466002522227 5.6407776153014923e-05
leaf_weight=1073 42 56 395 79 85 481
leaf_count=1073 42 56 395 79 85 481
internal_value=2.06974e-07 0.000170002 0.000260495 -4.86588e-05 -0.000136578 0.000132985
internal_weight=2211 493 437 1718 1158 560
internal_count=2211 493 437 1718 1158 560
is_linear=0
shrinkage=0.04


Tree=74
num_leaves=6
num_cat=0
split_feature=0 70 66 4 107
split_gain=0.0115418 0.0174807 0.0141833 0.00872822 0.00857587
threshold=1.17657060411243 -1.2678832370769271 0.92372223108646112 -0.25279443205840557 -0.18257450394548738
decision_type=2 2 2 2 2
left_child=1 -1 -3 -2 -5
right_child=3 2 -4 4 -6
leaf_value=0.00063810412125248051 -0.00074045319105843434 -2.9012481909857014e-05 0.00035410205043849579 -0.00051009932295324246 0.00019613640039183554
leaf_weight=70 52 1814 167 47 61
leaf_count=70 52 1814 167 47 61
internal_value=2.15694e-07 2.58646e-05 3.60897e-06 -0.000324832 -0.000114893
internal_weight=2211 2051 1981 160 108
internal_count=2211 2051 1981 160 108
is_linear=0
shrinkage=0.04


Tree=75
num_leaves=4
num_cat=0
split_feature=0 73 106
split_gain=0.0109505 0.0130728 0.0150222
threshold=1.9945567260968728 1.8325015046621183 0.93675756995096049
decision_type=2 2 2
left_child=1 2 -1
right_child=-2 -3 -4
leaf_value=3.0303578872459577e-05 -0.00063952564660298996 0.00071141367778182029 -0.00035852010667608716
leaf_weight=1960 40 40 171
leaf_count=1960 40 40 171
internal_value=2.03769e-07 1.25683e-05 -1.20411e-06
internal_weight=2211 2171 2131
internal_count=2211 2171 2131
is_linear=0
shrinkage=0.04


Tree=76
num_leaves=7
num_cat=0
split_feature=41 106 33 64 13 73
split_gain=0.0114333 0.0151501 0.0272201 0.014382 0.0143206 0.0118266
threshold=-0.87893863036843589 0.74967161821730011 0.54895560486413741 0.96666705068388215 0.51693933928623459 0.64198339143746408
decision_type=2 2 2 2 2 2
left_child=4 3 -3 -2 5 -1
right_child=1 2 -4 -5 -6 -7
leaf_value=-0.00022787249134271405 -2.230160211519814e-05 -0.00062353729276946976 0.00032463160577754025 0.00043138996665220475 0.00069440633212331188 0.00048628486392987991
leaf_weight=98 1633 158 68 118 79 57
leaf_count=98 1633 158 68 118 79 57
internal_value=1.8635e-07 -3.11966e-05 -0.000337902 8.72999e-06 0.000263349 3.76023e-05
internal_weight=2211 1977 226 1751 234 155
internal_count=2211 1977 226 1751 234 155
is_linear=0
shrinkage=0.04


Tree=77
num_leaves=6
num_cat=0
split_feature=42 28 106 98 81
split_gain=0.0109706 0.0155098 0.0214161 0.013481 0.0138863
threshold=-0.76909651167084625 1.8586256700331949 0.93675756995096049 -0.91652997621641907 0.6545725156841119
decision_type=2 2 2 2 2
left_child=3 2 -2 -1 -5
right_child=1 -3 -4 4 -6
leaf_value=0.00083692718100049812 -1.2050951864888888e-05 0.00070027608615863654 -0.00051480724896006539 -7.6679665565357685e-05 0.00062451893975194847
leaf_weight=47 1744 43 145 173 59
leaf_count=47 1744 43 145 173 59
internal_value=2.17326e-07 -3.37152e-05 -5.11463e-05 0.000233759 0.000105456
internal_weight=2211 1932 1889 279 232
internal_count=2211 1932 1889 279 232
is_linear=0
shrinkage=0.04


Tree=78
num_leaves=5
num_cat=0
split_feature=80 80 110 98
split_gain=0.0108005 0.0127555 0.0206761 0.0166595
threshold=-0.95138398693676451 0.82095388325397567 1.0248203065641499 0.89575527476422179
decision_type=2 2 2 2
left_child=-1 3 -3 -2
right_child=1 2 -4 -5
leaf_value=0.00047536835068132024 -2.0588876367613095e-05 -4.4456129723735425e-05 0.00053228243035846395 -0.00041949949065654322
leaf_weight=72 1539 252 162 186
leaf_count=72 1539 252 162 186
internal_value=2.6496e-07 -1.61564e-05 0.000182698 -6.40378e-05
internal_weight=2211 2139 414 1725
internal_count=2211 2139 414 1725
is_linear=0
shrinkage=0.04


Tree=79
num_leaves=6
num_cat=0
split_feature=7 31 80 102 118
split_gain=0.0106583 0.0162494 0.0138148 0.0115056 0.00709765
threshold=1.7680984614540454 -1.381819496794648 0.82095388325397567 -0.29461818762777098 0.52875677216398598
decision_type=2 2 2 2 2
left_child=1 4 -3 -2 -1
right_child=3 2 -4 -5 -6
leaf_value=0.00018698221295881942 0.0001278603997021957 -5.1871370546938102e-05 0.00022357057177421448 -0.00072239571926463843 0.00090003067120495773
leaf_weight=47 41 1666 351 63 43
leaf_count=47 41 1666 351 63 43
internal_value=2.73272e-07 1.99443e-05 -3.76475e-06 -0.000391111 0.000539821
internal_weight=2211 2107 2017 104 90
internal_count=2211 2107 2017 104 90
is_linear=0
shrinkage=0.04


Tree=80
num_leaves=5
num_cat=0
split_feature=82 105 98 40
split_gain=0.0103255 0.0118137 0.01673 0.0127404
threshold=-0.67789441955680141 -1.0433745800300913 0.8686761169339795 0.6656820559636597
decision_type=2 2 2 2
left_child=-1 3 -3 -2
right_child=1 2 -4 -5
leaf_value=-0.00050864119465733246 8.6288694682813984e-05 3.6542874679893385e-05 -0.00030368513113331519 0.00094209083969789469
leaf_weight=60 77 1768 264 42
leaf_count=60 77 1768 264 42
internal_value=2.8635e-07 1.49417e-05 -7.91512e-06 0.000398916
internal_weight=2211 2151 2032 119
internal_count=2211 2151 2032 119
is_linear=0
shrinkage=0.04


Tree=81
num_leaves=8
num_cat=0
split_feature=64 26 13 45 118 117 7
split_gain=0.0103884 0.0207386 0.018816 0.0159325 0.0248031 0.0197666 0.0133552
threshold=0.5203383196064576 0.4027582221599329 0.69855037621063698 0.11936269374620596 -0.30305082251310106 1.4438228862076914 -0.18982825559207628
decision_type=2 2 2 2 2 2 2
left_child=3 2 -2 4 -1 -5 -3
right_child=1 6 -4 5 -6 -7 -8
leaf_value=0.00011170316207099247 0.00019357065127678652 0.00015675678979204275 0.00096971476145210817 0.00014875902218725465 -0.00030220431168160602 -0.0007261132627503354 -0.00059525238178395785
leaf_weight=365 286 72 59 683 628 42 76
leaf_count=365 286 72 59 683 628 42 76
internal_value=2.84029e-07 0.00016176 0.000331127 -4.61876e-05 -0.000150144 9.62186e-05 -0.000232198
internal_weight=2211 493 345 1718 993 725 148
internal_count=2211 493 345 1718 993 725 148
is_linear=0
shrinkage=0.04


Tree=82
num_leaves=8
num_cat=0
split_feature=41 60 64 116 66 46 106
split_gain=0.0102359 0.0160826 0.0147787 0.0281859 0.0215781 0.0128584 0.00733038
threshold=-0.87893863036843589 -0.42421415637369597 -0.76076150375241591 0.74112144455801887 0.14845976294154881 -0.1224306655756694 0.17767814989849864
decision_type=2 2 2 2 2 2 2
left_child=1 5 3 -2 -4 -1 -3
right_child=2 6 4 -5 -6 -7 -8
leaf_value=0.0010370362626046551 2.2561034804451852e-05 0.0001996297793359392 -0.00020395744183352167 0.0009277575993577817 8.7668107426735518e-05 0.00023641633830266074 -0.00051273722337403648
leaf_weight=47 258 43 938 68 713 98 46
leaf_count=47 258 43 938 68 713 98 46
internal_value=2.7111e-07 0.000249273 -2.94231e-05 0.000215881 -7.80625e-05 0.000506506 -0.000171737
internal_weight=2211 234 1977 326 1651 145 89
internal_count=2211 234 1977 326 1651 145 89
is_linear=0
shrinkage=0.04


Tree=83
num_leaves=6
num_cat=0
split_feature=0 70 66 4 107
split_gain=0.0103931 0.0158816 0.0128 0.00839316 0.00785895
threshold=1.17657060411243 -1.2678832370769271 0.92372223108646112 -0.25279443205840557 -0.18257450394548738
decision_type=2 2 2 2 2
left_child=1 -1 -3 -2 -5
right_child=3 2 -4 4 -6
leaf_value=0.00060822875491188218 -0.00071562139921028305 -2.7539012330615128e-05 0.00033641314410057591 -0.0004808891837589671 0.00019509843299890653
leaf_weight=70 52 1814 167 47 61
leaf_count=70 52 1814 167 47 61
internal_value=3.25134e-07 2.46641e-05 3.45082e-06 -0.000308123 -0.000102476
internal_weight=2211 2051 1981 160 108
internal_count=2211 2051 1981 160 108
is_linear=0
shrinkage=0.04


Tree=84
num_leaves=7
num_cat=0
split_feature=42 35 35 37 75 116
split_gain=0.00992075 0.0141639 0.0208424 0.0188904 0.0129247 0.0115257
threshold=-0.76909651167084625 -0.60943311406728295 -1.3987154359730907 0.7010795738993657 -0.54757257622972844 -0.16122200900134762
decision_type=2 2 2 2 2 2
left_child=4 2 -2 -3 -1 -6
right_child=1 3 -4 -5 5 -7
leaf_value=-0.00037871785500707722 0.00030192850875731012 -3.5665291732595802e-05 -0.00039130787680323925 0.00035550034530021151 0.00069913500358557534 0.0001207425111653695
leaf_weight=46 87 1296 318 231 88 145
leaf_count=46 87 1296 318 231 88 145
internal_value=3.09079e-07 -3.19591e-05 -0.000241639 2.38967e-05 0.000222394 0.000343282
internal_weight=2211 1932 405 1527 279 233
internal_count=2211 1932 405 1527 279 233
is_linear=0
shrinkage=0.04


Tree=85
num_leaves=7
num_cat=0
split_feature=35 105 117 109 24 33
split_gain=0.0100618 0.0200152 0.0157064 0.0138174 0.0178079 0.0109303
threshold=0.76943570603718936 0.96748273318808187 -0.26362366350182581 0.51720921381659402 0.60617741420866444 0.046929303895874526
decision_type=2 2 2 2 2 2
left_child=3 2 -2 4 -1 -5
right_child=1 -3 -4 5 -6 -7
leaf_value=-8.0520218394762989e-05 -0.00073272125673776666 -0.0010406206134385208 0.00013096856290859351 0.00038945411782078873 0.00034332770902700658 4.9113548438017547e-06
leaf_weight=1333 42 40 142 261 178 215
leaf_count=1333 42 40 142 261 178 215
internal_value=3.20996e-07 -0.000252594 -7.19369e-05 2.90582e-05 -3.02019e-05 0.000216511
internal_weight=2211 224 184 1987 1511 476
internal_count=2211 224 184 1987 1511 476
is_linear=0
shrinkage=0.04


Tree=86
num_leaves=4
num_cat=0
split_feature=0 73 66
split_gain=0.00976478 0.0109176 0.0123722
threshold=1.9945567260968728 1.8325015046621183 -0.82144140490713868
decision_type=2 2 2
left_child=1 2 -1
right_child=-2 -3 -4
leaf_value=-0.00021516657697905853 -0.00060382888818691881 0.00065059648943133653 4.2582175755872929e-05
leaf_weight=356 40 40 1775
leaf_count=356 40 40 1775
internal_value=2.7254e-07 1.19484e-05 -6.38119e-07
internal_weight=2211 2171 2131
internal_count=2211 2171 2131
is_linear=0
shrinkage=0.04


Tree=87
num_leaves=5
num_cat=0
split_feature=80 73 86 34
split_gain=0.00980694 0.0108863 0.0148331 0.00991246
threshold=-0.95138398693676451 -1.1208901003536231 1.6265973392085524 -0.12978216927361327
decision_type=2 2 2 2
left_child=-1 3 -3 -2
right_child=1 2 -4 -5
leaf_value=0.00045297958604941099 -0.00086494430140213131 -1.1713740983126634e-05 0.00060717632771229552 -0.00012577966291536677
leaf_weight=72 41 1944 62 92
leaf_count=72 41 1944 62 92
internal_value=2.5709e-07 -1.53907e-05 8.00017e-06 -0.000363081
internal_weight=2211 2139 2006 133
internal_count=2211 2139 2006 133
is_linear=0
shrinkage=0.04


Tree=88
num_leaves=6
num_cat=0
split_feature=7 114 31 114 118
split_gain=0.00954735 0.0174962 0.0139295 0.0126918 0.00669511
threshold=1.7680984614540454 -0.25960941602174525 -1.381819496794648 0.46684858568257742 0.52875677216398598
decision_type=2 2 2 2 2
left_child=2 -2 4 -4 -1
right_child=1 -3 3 -5 -6
leaf_value=0.00015874113136788413 -0.0009041357820616196 0.00012056596497514923 5.5841018233072207e-05 -0.00017360774766002614 0.00084978580260131932
leaf_weight=47 49 55 1500 517 43
leaf_count=47 49 55 1500 517 43
internal_value=2.48893e-07 -0.000370176 1.88665e-05 -3.0853e-06 0.000500203
internal_weight=2211 104 2107 2017 90
internal_count=2211 104 2107 2017 90
is_linear=0
shrinkage=0.04


Tree=89
num_leaves=5
num_cat=0
split_feature=70 59 110 67
split_gain=0.00984633 0.0115455 0.0290302 0.0183959
threshold=-1.3126600869921907 0.99035164078067639 -0.011153230036959059 -0.97602242342694956
decision_type=2 2 2 2
left_child=-1 3 -3 -2
right_child=1 2 -4 -5
leaf_value=0.00048527744334849279 0.00049996165885040386 -0.00098880175476034112 -4.7803830738782631e-05 -8.608526586956763e-06
leaf_weight=63 120 63 273 1692
leaf_count=63 120 63 273 1692
internal_value=2.42813e-07 -1.44213e-05 -0.000229048 2.55857e-05
internal_weight=2211 2148 336 1812
internal_count=2211 2148 336 1812
is_linear=0
shrinkage=0.04


Tree=90
num_leaves=8
num_cat=0
split_feature=64 26 13 18 16 44 14
split_gain=0.00942946 0.0191419 0.0166817 0.0146668 0.0205712 0.0126343 0.0110378
threshold=0.5203383196064576 0.4027582221599329 0.69855037621063698 0.31005246657720015 -0.64032651416036568 0.12472289794097526 -0.67871689140083147
decision_type=2 2 2 2 2 2 2
left_child=3 2 -2 4 -1 -3 -5
right_child=1 5 -4 6 -6 -7 -8
leaf_value=0.00014868429258103931 0.00018722975586772211 8.1974879424605103e-05 0.00091811585951917117 0.00055577824283161283 -0.00022861873415110656 -0.00066190955930881413 5.0769637426911948e-05
leaf_weight=317 286 88 59 79 841 60 481
leaf_count=317 286 88 59 79 841 60 481
internal_value=2.30932e-07 0.000154074 0.000316793 -4.40439e-05 -0.000125255 -0.000224404 0.000123736
internal_weight=2211 493 345 1718 1158 148 560
internal_count=2211 493 345 1718 1158 148 560
is_linear=0
shrinkage=0.04


Tree=91
num_leaves=7
num_cat=0
split_feature=99 35 36 97 46 64
split_gain=0.0093715 0.0159206 0.0247983 0.0142512 0.0154961 0.0140027
threshold=0.79783866832753769 0.90554204061712995 0.65177052616070819 0.27424545159151908 0.51574443965843275 0.96666705068388215
decision_type=2 2 2 2 2 2
left_child=3 2 -2 5 -5 -1
right_child=1 -3 -4 4 -6 -7
leaf_value=-5.1579594383742605e-05 -0.00022566014574051769 -0.0008818525242690079 0.00079779743578083898 9.0562787541506107e-05 0.00065223765313029622 0.00046064676535264638
leaf_weight=1384 271 44 42 272 109 89
leaf_count=1384 271 44 42 272 109 89
internal_value=2.59725e-07 -0.000186817 -8.41338e-05 3.64451e-05 0.000253819 -2.00478e-05
internal_weight=2211 357 313 1854 381 1473
internal_count=2211 357 313 1854 381 1473
is_linear=0
shrinkage=0.04


Tree=92
num_leaves=5
num_cat=0
split_feature=78 45 118 102
split_gain=0.00934781 0.011498 0.0193252 0.0141066
threshold=1.8196584304531511 0.12608434083917994 -0.17260918724352189 1.2859624748036873
decision_type=2 2 2 2
left_child=1 2 -1 -3
right_child=-2 3 -4 -5
leaf_value=8.0023625918120085e-05 0.00047287612566008016 0.00013266131061642774 -0.00023660470051040379 -0.00054607718325524514
leaf_weight=563 63 857 678 50
leaf_count=563 63 857 678 50
internal_value=2.7978e-07 -1.40083e-05 -9.30634e-05 9.41255e-05
internal_weight=2211 2148 1241 907
internal_count=2211 2148 1241 907
is_linear=0
shrinkage=0.04


Tree=93
num_leaves=6
num_cat=0
split_feature=35 117 105 36 106
split_gain=0.00930428 0.0168551 0.019484 0.0131476 0.0142828
threshold=0.69891090993292415 -0.47254632376426703 0.96748273318808187 0.79391561549904754 0.93675756995096049
decision_type=2 2 2 2 2
left_child=3 -2 -3 4 -1
right_child=1 2 -4 -5 -6
leaf_value=4.8253076432482902e-05 -0.00090449904257609956 8.986127272857872e-05 -0.0008387907106820918 0.00072367569576504878 -0.00036236142145697865
leaf_weight=1737 45 201 42 41 145
leaf_count=1737 45 201 42 41 145
internal_value=2.65078e-07 -0.000210953 -7.61835e-05 3.20847e-05 1.62659e-05
internal_weight=2211 288 243 1923 1882
internal_count=2211 288 243 1923 1882
is_linear=0
shrinkage=0.04


Tree=94
num_leaves=6
num_cat=0
split_feature=0 70 80 4 107
split_gain=0.00919353 0.013957 0.0118782 0.00779519 0.00715646
threshold=1.17657060411243 -1.2678832370769271 0.82095388325397567 -0.25279443205840557 -0.18257450394548738
decision_type=2 2 2 2 2
left_child=1 -1 -3 -2 -5
right_child=3 2 -4 4 -6
leaf_value=0.000570163998003813 -0.00068256495636887849 -4.4089683562064527e-05 0.00020562450396182806 -0.00045303167889312824 0.00019197432424074837
leaf_weight=70 52 1607 374 47 61
leaf_count=70 52 1607 374 47 61
internal_value=2.09509e-07 2.3101e-05 3.21458e-06 -0.000289893 -9.18561e-05
internal_weight=2211 2051 1981 160 108
internal_count=2211 2051 1981 160 108
is_linear=0
shrinkage=0.04


Tree=95
num_leaves=5
num_cat=0
split_feature=80 73 86 45
split_gain=0.00896573 0.0100453 0.0133224 0.0120011
threshold=-0.95138398693676451 -1.1208901003536231 1.6265973392085524 0.13964686763111314
decision_type=2 2 2 2
left_child=-1 3 -3 -2
right_child=1 2 -4 -5
leaf_value=0.00043306434659186647 -0.00061589510683228985 -1.0982116950785516e-05 0.00057554676277504768 0.00017762021181431223
leaf_weight=72 88 1944 62 45
leaf_count=72 88 1944 62 45
internal_value=1.93468e-07 -1.47682e-05 7.70109e-06 -0.000348759
internal_weight=2211 2139 2006 133
internal_count=2211 2139 2006 133
is_linear=0
shrinkage=0.04


Tree=96
num_leaves=7
num_cat=0
split_feature=35 82 108 109 24 59
split_gain=0.00889549 0.019201 0.0148053 0.0147 0.0194919 0.013531
threshold=0.61342023580205518 -0.39023121040164521 0.67632554794509991 0.5497151774629806 0.60617741420866444 0.39755855662357226
decision_type=2 2 2 2 2 2
left_child=3 -2 -3 4 -1 -5
right_child=1 2 -4 5 -6 -7
leaf_value=-7.5248994417123809e-05 -0.00087376133836288429 6.608719786877786e-05 -0.00061827824681043449 0.00041390363243893566 0.00040987737956989755 -6.2263130707253746e-05
leaf_weight=1265 52 273 60 268 146 147
leaf_count=1265 52 273 60 268 146 147
internal_value=2.0595e-07 -0.000174011 -6.01769e-05 3.70887e-05 -2.45426e-05 0.000245748
internal_weight=2211 385 333 1826 1411 415
internal_count=2211 385 333 1826 1411 415
is_linear=0
shrinkage=0.04


Tree=97
num_leaves=7
num_cat=0
split_feature=42 35 25 35 39 44
split_gain=0.008813 0.0126675 0.0294055 0.0182358 0.0119467 0.00772192
threshold=-0.76909651167084625 -0.60943311406728295 -0.81563983829198683 -1.3987154359730907 -0.58354702271986736 0.015946493139146124
decision_type=2 2 2 2 2 2
left_child=4 3 -3 -2 -1 -6
right_child=1 2 -4 -5 5 -7
leaf_value=-0.0003832430250780738 0.0002799367615848445 0.0010185884395816727 -8.302476739209861e-06 -0.00036852724863774711 0.00053176972242577596 7.1797320272625332e-05
leaf_weight=44 87 44 1483 318 127 108
leaf_count=44 87 44 1483 318 127 108
internal_value=1.70973e-07 -3.02422e-05 2.25807e-05 -0.000228536 0.00020949 0.000322768
internal_weight=2211 1932 1527 405 279 235
internal_count=2211 1932 1527 405 279 235
is_linear=0
shrinkage=0.04


Tree=98
num_leaves=7
num_cat=0
split_feature=41 60 64 116 66 46
split_gain=0.00862999 0.0141073 0.0131819 0.0243516 0.0193296 0.00985264
threshold=-0.87893863036843589 -0.16943873814406418 -0.76076150375241591 0.74112144455801887 -0.57124825660094214 -0.1224306655756694
decision_type=2 2 2 2 2 2
left_child=1 5 3 -2 -4 -1
right_child=2 -3 4 -5 -6 -7
leaf_value=0.00081129122271968602 2.4890005580416002e-05 -0.00031684860310131872 -0.00032464308737116662 0.00086630080846537437 1.3505169748062091e-06 0.00018403148494932489
leaf_weight=60 258 56 375 68 1276 118
leaf_count=60 258 56 375 68 1276 118
internal_value=2.05418e-07 0.000228842 -2.70601e-05 0.000204611 -7.29973e-05 0.000402132
internal_weight=2211 234 1977 326 1651 178
internal_count=2211 234 1977 326 1651 178
is_linear=0
shrinkage=0.04


Tree=99
num_leaves=5
num_cat=0
split_feature=70 7 114 80
split_gain=0.00885845 0.0106588 0.0126179 0.0116437
threshold=-1.3126600869921907 1.7680984614540454 -0.25960941602174525 0.75694466882214406
decision_type=2 2 2 2
left_child=-1 3 -3 -2
right_child=1 2 -4 -5
leaf_value=0.00046030222793790303 -4.1133061303778298e-05 -0.00085737059278329195 3.9889365617258878e-05 0.00019845932644289356
leaf_weight=63 1648 49 49 402
leaf_count=63 1648 49 49 402
internal_value=2.42259e-07 -1.36668e-05 -0.000416915 5.99806e-06
internal_weight=2211 2148 98 2050
internal_count=2211 2148 98 2050
is_linear=0
shrinkage=0.04


Tree=100
num_leaves=8
num_cat=0
split_feature=108 63 63 116 102 57 117
split_gain=0.00861692 0.0177231 0.0139289 0.0193116 0.0150963 0.0128198 0.00872696
threshold=-0.83557975159276676 0.39618063833269124 -0.88374468144258433 0.74112144455801887 0.35068380740161803 -1.032562895777134 0.26005723159679656
decision_type=2 2 2 2 2 2 2
left_child=1 5 3 -2 -4 -1 -3
right_child=2 6 4 -5 -6 -7 -8
leaf_value=-0.0006322793604894764 5.7079790499413459e-05 0.00028380473952411731 1.025530811606131e-05 0.00088626422694530987 -0.00024708537046644238 0.00015779918654504178 0.0010808864455713436
leaf_weight=40 201 49 1141 56 534 149 41
leaf_count=40 201 49 1141 56 534 149 41
internal_value=2.25343e-07 0.000207203 -2.98477e-05 0.000243207 -7.19833e-05 -1.4283e-05 0.000662523
internal_weight=2211 279 1932 257 1675 189 90
internal_count=2211 279 1932 257 1675 189 90
is_linear=0
shrinkage=0.04


Tree=101
num_leaves=6
num_cat=0
split_feature=0 70 66 113 59
split_gain=0.00879956 0.0126895 0.0112329 0.00742527 0.00593608
threshold=1.17657060411243 -1.2678832370769271 0.92372223108646112 -0.4934280731402822 0.60081018979162082
decision_type=2 2 2 2 2
left_child=1 -1 -3 -2 -5
right_child=3 2 -4 4 -6
leaf_value=0.00054430172392231832 -0.00071403715587423544 -2.5324389236954476e-05 0.00031562164691745264 0.00015004637177424649 -0.00041530049196444451
leaf_weight=70 44 1814 167 63 53
leaf_count=70 44 1814 167 63 53
internal_value=2.74049e-07 2.26696e-05 3.70699e-06 -0.000283545 -0.00011092
internal_weight=2211 2051 1981 160 116
internal_count=2211 2051 1981 160 116
is_linear=0
shrinkage=0.04


Tree=102
num_leaves=6
num_cat=0
split_feature=14 35 64 104 78
split_gain=0.00837795 0.0228832 0.013286 0.0126703 0.00975738
threshold=-0.74058655188087019 1.0024421393555933 0.51091557575620128 0.35592430125335361 -0.52621609457813323
decision_type=2 2 2 2 2
left_child=3 2 -2 4 -1
right_child=1 -3 -4 -5 -6
leaf_value=0.00046305287435585983 -6.4545388349607924e-05 -0.00079418432490411595 0.00019368262382404348 0.00080298554536927013 -6.0425340106409817e-05
leaf_weight=77 1419 59 409 44 203
leaf_count=77 1419 59 409 44 203
internal_value=2.57856e-07 -3.20597e-05 -6.62046e-06 0.000187519 8.57943e-05
internal_weight=2211 1887 1828 324 280
internal_count=2211 1887 1828 324 280
is_linear=0
shrinkage=0.04


Tree=103
num_leaves=5
num_cat=0
split_feature=82 81 33 80
split_gain=0.00832059 0.00967805 0.014877 0.0100645
threshold=-0.67789441955680141 -1.132837461907211 0.20699503733672966 -0.39694951908109199
decision_type=2 2 2 2
left_child=-1 2 -2 -3
right_child=1 3 -4 -5
leaf_value=-0.00045658604514169234 0.00013030549052266659 0.00016939101214749169 -0.0009167603369860444 -2.5392295018993261e-05
leaf_weight=60 42 594 42 1473
leaf_count=60 42 594 42 1473
internal_value=2.67085e-07 1.34228e-05 -0.000402372 3.06928e-05
internal_weight=2211 2151 84 2067
internal_count=2211 2151 84 2067
is_linear=0
shrinkage=0.04


Tree=104
num_leaves=5
num_cat=0
split_feature=78 45 105 68
split_gain=0.00829228 0.0102016 0.0184408 0.012695
threshold=1.8196584304531511 0.12608434083917994 -0.74529181883488327 1.6830290074669219
decision_type=2 2 2 2
left_child=1 2 -1 -3
right_child=-2 3 -4 -5
leaf_value=0.0002613057068312825 0.00044533179829326963 5.5172736143296683e-05 -0.00015553070512263844 0.00075955648635795639
leaf_weight=201 63 866 1040 41
leaf_count=201 63 866 1040 41
internal_value=2.16672e-07 -1.32405e-05 -8.77055e-05 8.86148e-05
internal_weight=2211 2148 1241 907
internal_count=2211 2148 1241 907
is_linear=0
shrinkage=0.04


Tree=105
num_leaves=5
num_cat=0
split_feature=0 28 93 42
split_gain=0.00815853 0.00875354 0.0245513 0.0129581
threshold=1.9945567260968728 -0.56568599943319764 -0.25477560173975483 -0.76909651167084625
decision_type=2 2 2 2
left_child=1 2 -1 -3
right_child=-2 3 -4 -5
leaf_value=-0.00061211203478251264 -0.00055192753904044543 0.00032560996913146126 9.7215574301094538e-05 4.7347247703631489e-06
leaf_weight=126 40 228 199 1618
leaf_count=126 40 228 199 1618
internal_value=2.57379e-07 1.09298e-05 -0.000179847 4.46756e-05
internal_weight=2211 2171 325 1846
internal_count=2211 2171 325 1846
is_linear=0
shrinkage=0.04


Tree=106
num_leaves=8
num_cat=0
split_feature=14 75 116 105 14 36 38
split_gain=0.00814769 0.0262132 0.0162869 0.0142684 0.0157465 0.0145041 0.0112451
threshold=0.61549140472547703 0.074476701110710627 -0.12194126510903357 -0.74529181883488327 -0.4563361789488331 -0.60900523162648323 1.0000000180025095e-35
decision_type=2 2 2 2 2 2 2
left_child=3 2 -2 5 -5 -1 -3
right_child=1 6 -4 4 -6 -7 -8
leaf_value=-0.00029314590950434648 0.00030509371468464712 0.00097317397997127289 -0.00029360466633293343 9.1100304750060397e-05 -0.0001803559984862533 0.00040030744122632314 0.00026343282493089429
leaf_weight=62 117 65 185 523 980 198 81
leaf_count=62 117 65 185 523 980 198 81
internal_value=2.20461e-07 0.000152155 -6.11774e-05 -3.85166e-05 -8.59016e-05 0.00023397 0.000588294
internal_weight=2211 448 302 1763 1503 260 146
internal_count=2211 448 302 1763 1503 260 146
is_linear=0
shrinkage=0.04


Tree=107
num_leaves=5
num_cat=0
split_feature=70 59 110 67
split_gain=0.00799511 0.00995933 0.0249694 0.0163836
threshold=-1.3126600869921907 0.99035164078067639 -0.011153230036959059 -0.97602242342694956
decision_type=2 2 2 2
left_child=-1 3 -3 -2
right_child=1 2 -4 -5
leaf_value=0.00043732401608632731 0.00047187993114959208 -0.00091691074523371832 -4.4206247059628367e-05 -8.0695707631905474e-06
leaf_weight=63 120 63 273 1692
leaf_count=63 120 63 273 1692
internal_value=2.57408e-07 -1.29565e-05 -0.000212296 2.42004e-05
internal_weight=2211 2148 336 1812
internal_count=2211 2148 336 1812
is_linear=0
shrinkage=0.04


Tree=108
num_leaves=6
num_cat=0
split_feature=0 70 66 4 77
split_gain=0.00792709 0.0113622 0.0102041 0.00719987 0.00626978
threshold=1.17657060411243 -1.2678832370769271 0.92372223108646112 -0.25279443205840557 0.042734475263783857
decision_type=2 2 2 2 2
left_child=1 -1 -3 -2 -5
right_child=3 2 -4 4 -6
leaf_value=0.00051509796935230649 -0.00064646450449126194 -2.4112199521709456e-05 0.00030084514412333219 -0.00032301889710760771 0.00028780619875113994
leaf_weight=70 52 1814 167 65 43
leaf_count=70 52 1814 167 65 43
internal_value=2.44943e-07 2.15013e-05 3.55778e-06 -0.000269136 -7.9009e-05
internal_weight=2211 2051 1981 160 108
internal_count=2211 2051 1981 160 108
is_linear=0
shrinkage=0.04


Tree=109
num_leaves=5
num_cat=0
split_feature=80 14 40 96
split_gain=0.00781643 0.00901151 0.0269568 0.0156674
threshold=-0.95138398693676451 0.61549140472547703 0.30365800232193446 0.45140785465115646
decision_type=2 2 2 2
left_child=-1 3 -3 -2
right_child=1 2 -4 -5
leaf_value=0.00040441438178547554 1.7288281268821938e-05 0.00041054159765065894 -0.00022551358824725019 -0.00025778911860219926
leaf_weight=72 1255 256 180 448
leaf_count=72 1255 256 180 448
internal_value=2.39128e-07 -1.37307e-05 0.000148119 -5.52925e-05
internal_weight=2211 2139 436 1703
internal_count=2211 2139 436 1703
is_linear=0
shrinkage=0.04


Tree=110
num_leaves=7
num_cat=0
split_feature=48 78 66 11 83 86
split_gain=0.0078734 0.0114777 0.0125845 0.0111341 0.00909996 0.00789363
threshold=-0.81985713969796004 1.0810371677738071 -0.89189009661737007 0.43116262166256875 0.1984264140195677 -0.25638963243344987
decision_type=2 2 2 2 2 2
left_child=3 2 -2 5 -3 -1
right_child=1 4 -4 -5 -6 -7
leaf_value=0.00044820883008651435 -0.00034893487095614462 5.1562254163648256e-05 -1.8441255768198946e-05 0.00076383332732012088 0.00070121497425636083 -5.0043439374922867e-05
leaf_weight=68 207 86 1565 44 56 185
leaf_count=68 207 86 1565 44 56 185
internal_value=2.42178e-07 -2.95495e-05 -5.73984e-05 0.000191147 0.000313944 8.63392e-05
internal_weight=2211 1914 1772 297 142 253
internal_count=2211 1914 1772 297 142 253
is_linear=0
shrinkage=0.04


Tree=111
num_leaves=5
num_cat=0
split_feature=59 35 74 5
split_gain=0.00773678 0.0154107 0.0120319 0.0109163
threshold=1.8840829951239502 0.99138812612800631 -0.58202510619372072 1.3590926549930342
decision_type=2 2 2 2
left_child=1 3 -3 -1
right_child=-2 2 -4 -5
leaf_value=-2.8789618437480276e-06 0.00052540601712693883 -3.1907599990344827e-05 -0.00098701251230926988 0.00060739477562795708
leaf_weight=2040 42 40 43 46
leaf_count=2040 42 40 43 46
internal_value=2.88428e-07 -1.03545e-05 -0.000538302 1.11476e-05
internal_weight=2211 2169 83 2086
internal_count=2211 2169 83 2086
is_linear=0
shrinkage=0.04


Tree=112
num_leaves=6
num_cat=0
split_feature=63 60 69 94 110
split_gain=0.00774906 0.0182462 0.0176516 0.0125747 0.00451119
threshold=1.0547145469470118 0.80649916808964084 0.76635663897045403 -0.10500314266286183 -0.18759673973398783
decision_type=2 2 2 2 2
left_child=1 2 -1 4 -2
right_child=3 -3 -4 -5 -6
leaf_value=-2.3843320039291169e-05 0.0002278550411839123 -0.00082651440953751185 0.00067269855004269629 0.00064157677707139804 -0.00033898023255776776
leaf_weight=1951 42 42 58 74 44
leaf_count=1951 42 42 58 74 44
internal_value=2.80904e-07 -2.07359e-05 -3.08508e-06 0.00026662 -6.32667e-05
internal_weight=2211 2051 2009 160 86
internal_count=2211 2051 2009 160 86
is_linear=0
shrinkage=0.04


Tree=113
num_leaves=6
num_cat=0
split_feature=7 114 31 115 118
split_gain=0.00760463 0.014608 0.0106021 0.0113585 0.00644422
threshold=1.7680984614540454 -0.25960941602174525 -1.381819496794648 1.0738951102533376 0.52875677216398598
decision_type=2 2 2 2 2
left_child=2 -2 4 -4 -1
right_child=1 -3 3 -5 -6
leaf_value=0.0001044481613065059 -0.00081825406123957074 0.00011785434673360567 2.3219980184543556e-05 -0.00035529058700322985 0.00077933679782371545
leaf_weight=47 49 55 1883 134 43
leaf_count=47 49 55 1883 134 43
internal_value=2.82422e-07 -0.000330314 1.68982e-05 -2.25352e-06 0.000436827
internal_weight=2211 104 2107 2017 90
internal_count=2211 104 2107 2017 90
is_linear=0
shrinkage=0.04


Tree=114
num_leaves=8
num_cat=0
split_feature=108 63 63 116 115 57 118
split_gain=0.00759214 0.0157917 0.0131254 0.0182549 0.0143477 0.0112363 0.00641785
threshold=-0.83557975159276676 0.39618063833269124 -0.88374468144258433 0.74112144455801887 0.70009123366735138 -1.032562895777134 0.28515125040568784
decision_type=2 2 2 2 2 2 2
left_child=1 5 3 -2 -4 -1 -3
right_child=2 6 4 -5 -6 -7 -8
leaf_value=-0.00059307217686658815 5.6127412818152031e-05 0.00030318017628115532 -1.9406519386240305e-05 0.00086231499268063191 -0.00034580034990318298 0.00014660377166810637 0.00099223907227583594
leaf_weight=40 201 50 1423 56 252 149 40
leaf_count=40 201 50 1423 56 252 149 40
internal_value=2.6575e-07 0.000194546 -2.79625e-05 0.000237097 -6.88656e-05 -1.45124e-05 0.000624341
internal_weight=2211 279 1932 257 1675 189 90
internal_count=2211 279 1932 257 1675 189 90
is_linear=0
shrinkage=0.04


Tree=115
num_leaves=8
num_cat=0
split_feature=35 117 109 68 33 114 85
split_gain=0.00741949 0.0229054 0.013216 0.0149914 0.0143698 0.0109194 0.00709605
threshold=0.61342023580205518 -0.47254632376426703 0.5497151774629806 0.44012116118462546 0.54391032398458139 0.26065881187658529 -0.16571056886477992
decision_type=2 2 2 2 2 2 2
left_child=2 6 4 -4 -1 -3 -2
right_child=1 5 3 -5 -6 -7 -8
leaf_value=-7.3540879843130228e-05 -0.00034834876595348099 0.00020029517916018299 0.00037380349547151085 -0.00017117489338852466 0.00030633731736913526 -0.00028705629067234242 -0.0011040791209115713
leaf_weight=1230 42 181 307 108 181 121 41
leaf_count=1230 42 181 307 108 181 121 41
internal_value=3.05808e-07 -0.000158803 3.39898e-05 0.000231837 -2.44463e-05 4.42794e-06 -0.000738856
internal_weight=2211 385 1826 415 1411 302 83
internal_count=2211 385 1826 415 1411 302 83
is_linear=0
shrinkage=0.04


Tree=116
num_leaves=6
num_cat=0
split_feature=63 60 69 94 42
split_gain=0.00744434 0.0173545 0.0153716 0.0119274 0.00660533
threshold=1.0068000500201806 0.80649916808964084 0.76635663897045403 -0.10500314266286183 0.48579806114471258
decision_type=2 2 2 2 2
left_child=1 2 -1 4 -2
right_child=3 -3 -4 -5 -6
leaf_value=-2.3623351092429791e-05 -0.00035682780618717858 -0.00081648324410496065 0.00063177168892175595 0.0006066863995654808 0.00029107472073519602
leaf_weight=1937 51 41 57 79 46
leaf_count=1937 51 41 57 79 46
internal_value=2.53675e-07 -2.14236e-05 -4.27412e-06 0.000248322 -4.99019e-05
internal_weight=2211 2035 1994 176 97
internal_count=2211 2035 1994 176 97
is_linear=0
shrinkage=0.04


Tree=117
num_leaves=7
num_cat=0
split_feature=69 7 114 99 14 40
split_gain=0.0074338 0.0115098 0.0121196 0.0105561 0.0102888 0.00948959
threshold=-1.3880564511010984 1.623136047378356 -0.077918747423218235 0.79783866832753769 0.41606855941384707 0.83482755087173399
decision_type=2 2 2 2 2 2
left_child=4 3 -3 -2 5 -1
right_child=1 2 -4 -5 -6 -7
leaf_value=-0.0004034192400563154 4.0441316726108178e-05 -0.000826286698731045 8.1585868971333609e-05 -0.00021996651296320448 0.0008070799830325302 0.00038912040638949791
leaf_weight=40 1692 54 40 290 40 55
leaf_count=40 1692 54 40 290 40 55
internal_value=2.55551e-07 -1.85602e-05 -0.000446307 2.15593e-06 0.000285647 5.3982e-05
internal_weight=2211 2076 94 1982 135 95
internal_count=2211 2076 94 1982 135 95
is_linear=0
shrinkage=0.04


Tree=118
num_leaves=7
num_cat=0
split_feature=48 35 25 87 14 91
split_gain=0.00741645 0.0113759 0.0228684 0.0156928 0.00925876 0.00913379
threshold=-0.81985713969796004 -0.60428265508828871 -0.81563983829198683 -0.69859739805484888 0.32951007242467217 -0.3234888539848173
decision_type=2 2 2 2 2 2
left_child=4 3 -3 -2 5 -1
right_child=1 2 -4 -5 -6 -7
leaf_value=0.00054060296136885881 0.00046015743911761715 0.00074215779177420557 -1.3407980342068255e-05 -0.00032264785941824264 0.00058822338976564686 -6.9587829443587933e-05
leaf_weight=48 45 65 1476 328 68 181
leaf_count=48 45 65 1476 328 68 181
internal_value=2.40576e-07 -2.86737e-05 1.93827e-05 -0.000226257 0.000185522 6.18856e-05
internal_weight=2211 1914 1541 373 297 229
internal_count=2211 1914 1541 373 297 229
is_linear=0
shrinkage=0.04


Tree=119
num_leaves=8
num_cat=0
split_feature=28 91 100 72 42 66 73
split_gain=0.00732398 0.0227801 0.021427 0.0164937 0.010645 0.0128226 0.00877745
threshold=-0.56568599943319764 -0.28736011001361256 -0.33583115857350543 -0.44420727360621709 -0.76909651167084625 0.073639389844574257 0.45788925662931029
decision_type=2 2 2 2 2 2 2
left_child=1 2 -1 -3 6 -6 -2
right_child=4 3 -4 -5 5 -7 -8
leaf_value=7.1866901856207965e-05 8.9458597834915832e-05 -0.00053502624263055624 -0.00098503959416929216 0.00030345565387331541 -0.00010419096892441437 0.00012008265702544797 0.00059254329288119657
leaf_weight=49 147 48 79 149 924 727 88
leaf_count=49 147 48 79 149 924 727 88
internal_value=3.00562e-07 -0.000174472 -0.000585562 9.58316e-05 3.05708e-05 -5.4087e-06 0.000281258
internal_weight=2211 325 128 197 1886 1651 235
internal_count=2211 325 128 197 1886 1651 235
is_linear=0
shrinkage=0.04


end of trees

feature_importances:
Column_35=33
Column_106=25
Column_82=23
Column_14=21
Column_115=21
Column_69=19
Column_42=18
Column_70=18
Column_114=17
Column_64=16
Column_73=16
Column_87=15
Column_110=14
Column_59=13
Column_7=12
Column_98=12
Column_117=12
Column_28=11
Column_63=11
Column_78=11
Column_80=11
Column_40=10
Column_48=10
Column_99=10
Column_39=9
Column_41=9
Column_47=9
Column_60=9
Column_66=9
Column_105=9
Column_109=9
Column_118=9
Column_0=8
Column_33=8
Column_11=7
Column_13=7
Column_31=7
Column_37=7
Column_116=7
Column_36=6
Column_45=6
Column_46=6
Column_50=6
Column_94=6
Column_104=6
Column_112=6
Column_16=5
Column_38=5
Column_44=5
Column_67=5
Column_68=5
Column_75=5
Column_86=5
Column_96=5
Column_100=5
Column_102=5
Column_108=5
Column_4=4
Column_72=4
Column_81=4
Column_10=3
Column_24=3
Column_26=3
Column_91=3
Column_92=3
Column_107=3
Column_5=2
Column_18=2
Column_25=2
Column_32=2
Column_57=2
Column_74=2
Column_76=2
Column_85=2
Column_88=2
Column_6=1
Column_23=1
Column_27=1
Column_34=1
Column_43=1
Column_71=1
Column_77=1
Column_83=1
Column_90=1
Column_93=1
Column_97=1
Column_111=1
Column_113=1

parameters:
[boosting: gbdt]
[objective: regression]
[metric: l2]
[tree_learner: serial]
[device_type: cpu]
[data_sample_strategy: bagging]
[data: ]
[valid: ]
[num_iterations: 120]
[learning_rate: 0.04]
[num_leaves: 15]
[num_threads: 2]
[seed: 42]
[deterministic: 1]
[force_col_wise: 1]
[force_row_wise: 0]
[histogram_pool_size: -1]
[max_depth: 3]
[min_data_in_leaf: 40]
[min_sum_hessian_in_leaf: 0.001]
[bagging_fraction: 0.85]
[pos_bagging_fraction: 1]
[neg_bagging_fraction: 1]
[bagging_freq: 0]
[bagging_seed: 400]
[bagging_by_query: 0]
[feature_fraction: 0.8]
[feature_fraction_bynode: 1]
[feature_fraction_seed: 30056]
[extra_trees: 0]
[extra_seed: 12879]
[early_stopping_round: 0]
[early_stopping_min_delta: 0]
[first_metric_only: 0]
[max_delta_step: 0]
[lambda_l1: 0]
[lambda_l2: 2]
[linear_lambda: 0]
[min_gain_to_split: 0]
[drop_rate: 0.1]
[max_drop: 50]
[skip_drop: 0.5]
[xgboost_dart_mode: 0]
[uniform_drop: 0]
[drop_seed: 17869]
[top_rate: 0.2]
[other_rate: 0.1]
[min_data_per_group: 100]
[max_cat_threshold: 32]
[cat_l2: 10]
[cat_smooth: 10]
[max_cat_to_onehot: 4]
[top_k: 20]
[monotone_constraints: ]
[monotone_constraints_method: basic]
[monotone_penalty: 0]
[feature_contri: ]
[forcedsplits_filename: ]
[refit_decay_rate: 0.9]
[cegb_tradeoff: 1]
[cegb_penalty_split: 0]
[cegb_penalty_feature_lazy: ]
[cegb_penalty_feature_coupled: ]
[path_smooth: 0]
[interaction_constraints: ]
[verbosity: -1]
[saved_feature_importance_type: 0]
[use_quantized_grad: 0]
[num_grad_quant_bins: 4]
[quant_train_renew_leaf: 0]
[stochastic_rounding: 1]
[linear_tree: 0]
[max_bin: 255]
[max_bin_by_feature: ]
[min_data_in_bin: 3]
[bin_construct_sample_cnt: 200000]
[data_random_seed: 175]
[is_enable_sparse: 1]
[enable_bundle: 1]
[use_missing: 1]
[zero_as_missing: 0]
[feature_pre_filter: 1]
[pre_partition: 0]
[two_round: 0]
[header: 0]
[label_column: ]
[weight_column: ]
[group_column: ]
[ignore_column: ]
[categorical_feature: ]
[forcedbins_filename: ]
[precise_float_parser: 0]
[parser_config_file: ]
[objective_seed: 16083]
[num_class: 1]
[is_unbalance: 0]
[scale_pos_weight: 1]
[sigmoid: 1]
[boost_from_average: 1]
[reg_sqrt: 0]
[alpha: 0.9]
[fair_c: 1]
[poisson_max_delta_step: 0.7]
[tweedie_variance_power: 1.5]
[lambdarank_truncation_level: 30]
[lambdarank_norm: 1]
[label_gain: ]
[lambdarank_position_bias_regularization: 0]
[eval_at: ]
[multi_error_top_k: 1]
[auc_mu_weights: ]
[num_machines: 1]
[local_listen_port: 12400]
[time_out: 120]
[machine_list_filename: ]
[machines: ]
[gpu_platform_id: -1]
[gpu_device_id: -1]
[gpu_device_id_list: ]
[gpu_use_dp: 0]
[num_gpu: 1]

end of parameters

pandas_categorical:null
