tree
version=v4
num_class=1
num_tree_per_iteration=1
label_index=0
max_feature_idx=118
objective=regression
feature_names=Column_0 Column_1 Column_2 Column_3 Column_4 Column_5 Column_6 Column_7 Column_8 Column_9 Column_10 Column_11 Column_12 Column_13 Column_14 Column_15 Column_16 Column_17 Column_18 Column_19 Column_20 Column_21 Column_22 Column_23 Column_24 Column_25 Column_26 Column_27 Column_28 Column_29 Column_30 Column_31 Column_32 Column_33 Column_34 Column_35 Column_36 Column_37 Column_38 Column_39 Column_40 Column_41 Column_42 Column_43 Column_44 Column_45 Column_46 Column_47 Column_48 Column_49 Column_50 Column_51 Column_52 Column_53 Column_54 Column_55 Column_56 Column_57 Column_58 Column_59 Column_60 Column_61 Column_62 Column_63 Column_64 Column_65 Column_66 Column_67 Column_68 Column_69 Column_70 Column_71 Column_72 Column_73 Column_74 Column_75 Column_76 Column_77 Column_78 Column_79 Column_80 Column_81 Column_82 Column_83 Column_84 Column_85 Column_86 Column_87 Column_88 Column_89 Column_90 Column_91 Column_92 Column_93 Column_94 Column_95 Column_96 Column_97 Column_98 Column_99 Column_100 Column_101 Column_102 Column_103 Column_104 Column_105 Column_106 Column_107 Column_108 Column_109 Column_110 Column_111 Column_112 Column_113 Column_114 Column_115 Column_116 Column_117 Column_118
feature_infos=[-6.1494263252328025:6.6061960993655529] [-5.6522784346433577:5.4832838684511591] [-4.8559241605259214:4.1477959605288151] [-4.33888282187307:3.824279883304142] [-3.6414431646999081:2.1625018577196875] [-2.584660181685583:2.3755294842494035] [-4.2285280778511627:3.9729044606645747] [-1.3381510876261198:6.4766165432213398] [-1.6783332715664483:1.6290114926236889] [-3.5975055655820118:2.2047623296026582] [-1.4896162687556538:5.2197471217980853] [-2.4465927334399118:2.1345520030130363] [-2.5447284368719827:2.4509230795873793] [-1.4552411016693578:3.9207061093180591] [-2.8232168863287725:2.6238444139443988] [-1.578419311864117:1.6219208859723271] [-1.7641344462963811:1.7858000541608721] [-0.9555316294552727:0.77153972766360324] [-1.0014586054677583:0.78312327608897747] [-0.95553162945527259:0.77153972766360335] [-2.236022825448658:1.6628352523810395] [-4.0101948763906297:4.1136839338227524] [-3.2941972767850598:2.3034162605961641] [-2.330090478874141:2.610391676138732] [-2.1497203954504807:1.5849148362405623] [-2.1580666772069192:1.5776500705641745] [-3.3740672975345571:2.0325201033051816] [-1.78685205411133:1.4187506318541363] [-1.1740389847534209:3.6353595895542314] [-3.7029372328752115:4.2663329863372192] [-3.6928841446672904:4.4999448642381603] [-3.0645141778222365:3.2695631752433072] [-3.1876180100898388:3.4367669681823227] [-1.9650602119963321:2.0854736061815387] [-2.2048070207626553:2.2377199059736479] [-1.7870279372344176:1.7595132022350959] [-1.8118353004790653:1.8481789149766474] [-1.5818531459409828:3.8317327797649186] [-1.4717876624517972:4.9894452178114053] [-1.4482381781921132:3.8021014741433574] [-1.1766149869204305:3.1686055099290296] [-1.6677591782064429:1.4478383247540301] [-1.97860756207653:1.7379185936070511] [-1.8738137062410385:14.029786202998315] [-181.8676745335967:162.37016701151938] [-397.40505650234456:131.2649119205891] [-325.94020498646915:76.491907701529883] [-1.3726837840162185:2.8311544749495972] [-1.9442321499051451:1.9988497826964602] [-1.1939428390087008:9.0184297688006829] [-4.8797530978009371:4.443622956831601] [-8.9976670568740182:6.6833137351881202] [-1:1] [-0.83333333333333337:1] [0:1] [0:1] [-6.4047156225222386:3.3341970520779416] [-2.9921316023223743:2.2722183253291721] [-2.3188574790080199:2.1983317192307692] [-1.0641717865348141:3.109165003299446] [-2.2569775924697169:1.8436964290932365] [-2.6611769355386707:0.55844612798166771] [-4.5411529035394462:3.6757536127437742] [-3.2753891089851783:2.4642842810957788] [-2.9496960929589218:2.0704061731140517] [-3.0492585173359399:3.997020471703594] [-3.4013406933631081:2.2570305485626045] [-2.2920747121329543:1.5799927445346897] [-0.9478825388445028:2.1446192663460937] [-2.0436656999992779:1.2371074081227864] [-1.3740090300471668:0.35241732705539019] [-4.525540226857852:7.1421988438634587] [-4.1951379978685965:5.854363850293332] [-2.4360070041401345:4.2308794416620072] [-1.2789996049275307:4.8332299486974764] [-1.1995200493852389:7.9639652798064224] [-1.0859219244900009:2.3006975765388638] [-6.5367895696088674:6.7073473359072455] [-4.5902263932938059:3.5532217461542404] [-3.3362295653270166:3.669601970798464] [-1.2103947788856002:3.5448267214798435] [-1.7492582356046078:4.326002286467336] [-0.7841322370702436:2.0005146080155143] [-11.32703163466349:11.105335188711166] [-5.9612414146408881:5.2190346539849655] [-3.6529578367215239:4.0245515238104321] [-0.99303799465963494:3.0489392696515356] [-2.187787418289969:4.264994612816337] [-1.3394030597733593:0.73043373982817406] [-3.9510544801765133:2.9642181446572184] [-3.4899660730333029:3.060403858141302] [-2.5314097556064912:1.7177773326879078] [-1.2686046620856066:3.0527887643434344] [-1.9996997211690439:1.8290971815506269] [-1.4050804549025588:0.47400153606163398] [-5.2567068122514806:2.6350421120750878] [-3.9889467347548617:3.4026258704799917] [-1.8241257739893431:2.7355288883320719] [-1.4530535419961319:4.1432370169171557] [-1.6517628774159003:4.387061124633802] [-1.4710938262346245:1.1929356080011335] [-4.2531948684837353:2.4368701735741731] [-3.7612608519904582:3.4923494232901628] [-1.8974280614639452:2.5965043880301386] [-1.4643086829627063:3.9475622535160353] [-1.4986959863574343:3.8064190164794147] [-1.4486101005755379:1.1374218824344038] [-3.4200107359923004:3.7181960458765135] [-2.2298902782856893:2.6792187739290445] [-1.972366955776762:2.0491065850626997] [-1.4679832832005844:2.0686730800067834] [-1.4524841859704558:1.8967311786050898] [-2.1675284767264524:0.57906891098412872] [-3.0803370434432149:3.271570682463576] [-2.7824577473515886:3.58808894075865] [-1.6675850293785217:2.3805251008513824] [-0.86439570251993936:2.919768428348954] [-1.4130858841661282:2.285489754159626] [-1.3943396325113102:0.9957277852179961]
tree_sizes=767 871 787 882 787 880 788 791 784 784 873 879 796 886 795 790 878 797 791 700 798 700 797 893 704 792 702 880 790 702 793 797 706 802 698 612 790 882 615 795 704 613 789 796 799 788 704 802 890 696 791 613 800 886 791 885 701 884 886 790 795 797 792 804 704 804 614 887 797 616 794 617 805 704 705 884 799 705 893 619 889 614 795 520 893 616 887 611 790 620 891 889 805 796 884 522 618 798 801 704 614 708 799 622 622 797 704 704 523 789 614 790 886 615 888 895 607 886 619 894

Tree=0
num_leaves=7
num_cat=0
split_feature=87 115 81 29 68 115
split_gain=0.222623 0.239894 0.128217 0.0728476 0.0442692 0.017878
threshold=1.5659260195206344 0.32740585480474854 0.11091277009372687 -0.28535114310811072 1.3550127031579529 0.64240516788018309
decision_type=2 2 2 2 2 2
left_child=1 2 -1 -3 5 -2
right_child=4 3 -4 -5 -6 -7
leaf_value=0.0022743905332472314 0.0043537618650524692 0.002084420062411876 0.0030686556425669354 0.0011965351514644665 0.0026561277812688073 0.003448693331264852
leaf_weight=774 93 300 558 294 54 69
leaf_count=774 93 300 558 294 54 69
internal_value=0.00244631 0.00230932 0.00260756 0.00164224 0.0036579 0.00398519
internal_weight=2142 1926 1332 594 216 162
internal_count=2142 1926 1332 594 216 162
is_linear=0
shrinkage=1


Tree=1
num_leaves=8
num_cat=0
split_feature=110 115 81 68 39 28 32
split_gain=0.188798 0.203103 0.129096 0.12699 0.0678138 0.0579912 0.0167821
threshold=0.26447701748223057 -0.80526864894375527 0.12981832595793744 0.030603489768722462 1.1998622757022912 1.1663174551082987 0.29842315065395347
decision_type=2 2 2 2 2 2 2
left_child=1 6 5 -3 -4 -2 -1
right_child=2 3 4 -5 -6 -7 -8
leaf_value=0.0019094768609782611 0.00018331374969613159 -9.9557602507377725e-05 0.00071779927093933561 -0.00093781550031621006 0.0020301247555762529 -0.0010971413803935956 0.00081478564482068225
leaf_weight=52 395 687 321 498 78 64 47
leaf_count=52 395 687 321 498 78 64 47
internal_value=7.3079e-08 -0.000306739 0.000458864 -0.000452825 0.00098319 7.90081e-07 0.0014162
internal_weight=2142 1284 858 1185 399 459 99
internal_count=2142 1284 858 1185 399 459 99
is_linear=0
shrinkage=0.04


Tree=2
num_leaves=7
num_cat=0
split_feature=87 115 106 29 68 115
split_gain=0.197323 0.211897 0.0890345 0.067139 0.0391332 0.0154086
threshold=1.5659260195206344 0.32740585480474854 0.70291891407590323 -0.28535114310811072 1.3550127031579529 0.64240516788018309
decision_type=2 2 2 2 2 2
left_child=1 2 -1 -3 5 -2
right_child=4 3 -4 -5 -6 -7
leaf_value=0.00024469180160909297 0.0017912301177788516 -0.00033136792614707559 -0.00099073782164976927 -0.001183560425187524 0.00019892627297459905 0.00094933088237590256
leaf_weight=1233 93 300 99 294 54 69
leaf_count=1233 93 300 99 294 54 69
internal_value=2.0153e-07 -0.000128774 0.000151522 -0.000755716 0.00114087 0.00144859
internal_weight=2142 1926 1332 594 216 162
internal_count=2142 1926 1332 594 216 162
is_linear=0
shrinkage=0.04


Tree=3
num_leaves=8
num_cat=0
split_feature=110 115 68 81 74 39 34
split_gain=0.167639 0.180436 0.127586 0.11745 0.0621413 0.0612986 0.0216932
threshold=0.26447701748223057 -0.72332800518296836 -0.030564446729883326 0.12981832595793744 -0.018492106081602767 1.1998622757022912 0.20940485491567815
decision_type=2 2 2 2 2 2 2
left_child=1 6 -3 4 -2 -5 -1
right_child=3 2 -4 5 -6 -7 -8
leaf_value=0.0015713056232308663 0.00042712707816756467 -8.4502968510789619e-05 -0.0009322398185825769 0.00068035393045788443 -0.00050204360604741026 0.0019279980435385369 0.00042870886634207434
leaf_weight=77 246 675 489 321 213 78 43
leaf_count=77 246 675 489 321 213 78 43
internal_value=2.1879e-07 -0.000288891 -0.000441628 0.000432538 -4.36412e-06 0.000932654 0.00117562
internal_weight=2142 1284 1164 858 459 399 120
internal_count=2142 1284 1164 858 459 399 120
is_linear=0
shrinkage=0.04


Tree=4
num_leaves=7
num_cat=0
split_feature=87 115 81 29 68 115
split_gain=0.174719 0.18535 0.103323 0.0619611 0.0340431 0.0138172
threshold=1.5659260195206344 0.32740585480474854 0.11091277009372687 -0.28535114310811072 1.3550127031579529 0.85605378265209897
decision_type=2 2 2 2 2 2
left_child=1 2 -1 -3 5 -2
right_child=4 3 -4 -5 -6 -7
leaf_value=-0.00015794479971819532 0.0015919254442770816 -0.0002998908714273768 0.00055505400863434522 -0.001118345545027468 0.00019473923781853438 0.00071743340399908892
leaf_weight=774 117 300 558 294 54 45
leaf_count=774 117 300 558 294 54 45
internal_value=3.41255e-07 -0.000121023 0.000141128 -0.000707378 0.00107369 0.00136072
internal_weight=2142 1926 1332 594 216 162
internal_count=2142 1926 1332 594 216 162
is_linear=0
shrinkage=0.04


Tree=5
num_leaves=8
num_cat=0
split_feature=110 80 81 97 81 28 13
split_gain=0.149517 0.150327 0.0967181 0.0911101 0.0668955 0.055001 0.0548766
threshold=0.22884074129961438 -0.40904913808577498 0.12981832595793744 0.29486947699422156 0.3440983792580144 1.1663174551082987 1.3294932065700984
decision_type=2 2 2 2 2 2 2
left_child=1 3 5 -1 -3 -2 -4
right_child=2 4 6 -5 -6 -7 -8
leaf_value=0.00069464127060224414 0.00017935351232032214 -0.00088154191127438886 0.00061371504703846159 -0.00052980652728136426 -0.00011500982617267447 -0.0010396285557299448 0.0017984565293702943
leaf_weight=303 416 516 341 141 282 67 76
leaf_count=303 416 516 341 141 282 67 76
internal_value=3.82939e-07 -0.000283921 0.000392483 0.000305164 -0.000611627 6.67092e-06 0.000837193
internal_weight=2142 1242 900 444 798 483 417
internal_count=2142 1242 900 444 798 483 417
is_linear=0
shrinkage=0.04


Tree=6
num_leaves=7
num_cat=0
split_feature=87 115 81 4 68 115
split_gain=0.155066 0.165545 0.092366 0.0671153 0.0303067 0.0125554
threshold=1.5659260195206344 0.44301093597454649 0.11091277009372687 -0.42445378474521306 1.3550127031579529 0.85605378265209897
decision_type=2 2 2 2 2 2
left_child=1 2 -1 -3 5 -2
right_child=4 3 -4 -5 -6 -7
leaf_value=-0.00016125774895191645 0.0015025896656898265 -0.00018864169808655557 0.00049344920085911317 -0.0011250585513899766 0.00018232504820584188 0.00067032054694557679
leaf_weight=840 117 211 582 293 54 45
leaf_count=840 117 211 582 293 54 45
internal_value=3.94493e-07 -0.000113941 0.000107019 -0.000735322 0.00101158 0.0012824
internal_weight=2142 1926 1422 504 216 162
internal_count=2142 1926 1422 504 216 162
is_linear=0
shrinkage=0.04


Tree=7
num_leaves=7
num_cat=0
split_feature=87 115 81 4 68 114
split_gain=0.143149 0.152652 0.085147 0.0618857 0.0279726 0.0118376
threshold=1.5659260195206344 0.44301093597454649 0.11091277009372687 -0.42445378474521306 1.3550127031579529 0.043011667998033916
decision_type=2 2 2 2 2 2
left_child=1 2 -1 -3 5 -2
right_child=4 3 -4 -5 -6 -7
leaf_value=-0.00015482275632283077 0.0017069047717382477 -0.00018116688576883289 0.00047377883814714219 -0.0010803613043528335 0.00017529250496798858 0.00094735659771380196
leaf_weight=840 57 211 582 293 54 105
leaf_count=840 57 211 582 293 54 105
internal_value=4.29975e-07 -0.000109424 0.000102757 -0.000706117 0.000971977 0.00123216
internal_weight=2142 1926 1422 504 216 162
internal_count=2142 1926 1422 504 216 162
is_linear=0
shrinkage=0.04


Tree=8
num_leaves=7
num_cat=0
split_feature=87 70 110 28 68 115
split_gain=0.1322 0.145899 0.112121 0.0822925 0.0258325 0.0111892
threshold=1.5659260195206344 0.24166089945357586 0.094428803937716313 0.8326601166505484 1.3550127031579529 0.85605378265209897
decision_type=2 2 2 2 2 2
left_child=1 2 -1 -3 5 -2
right_child=4 3 -4 -5 -6 -7
leaf_value=-0.00070350106136174873 0.0013916861414791971 0.00055783038949129267 5.3263642999607831e-05 -0.0006875367716842447 0.0001685312159159886 0.00060836695471501098
leaf_weight=684 117 568 576 98 54 45
leaf_count=684 117 568 576 98 54 45
internal_value=4.83185e-07 -0.000105086 -0.000358015 0.000373068 0.000934136 0.00118417
internal_weight=2142 1926 1260 666 216 162
internal_count=2142 1926 1260 666 216 162
is_linear=0
shrinkage=0.04


Tree=9
num_leaves=7
num_cat=0
split_feature=110 37 33 74 59 92
split_gain=0.122684 0.106842 0.0908534 0.0878194 0.0707132 0.0274581
threshold=0.22884074129961438 -1.0404479053506837 1.1681581832840882 1.1273804851427369 2.0250206276435079 -0.19584050178341891
decision_type=2 2 2 2 2 2
left_child=1 5 4 -3 -2 -1
right_child=2 3 -4 -5 -6 -7
leaf_value=0.00028658298856538278 0.00033533300521585341 -0.00024223097850579938 -0.00096983754223880462 -0.0013782014841997241 0.001452793440755788 0.0016660563624007444
leaf_weight=44 724 1029 74 120 102 49
leaf_count=44 724 1029 74 120 102 49
internal_value=5.15671e-07 -0.000257017 0.000355692 -0.000363059 0.0004765 0.00103318
internal_weight=2142 1242 900 1149 826 93
internal_count=2142 1242 900 1149 826 93
is_linear=0
shrinkage=0.04


Tree=10
num_leaves=8
num_cat=0
split_feature=87 70 110 28 95 86 114
split_gain=0.11893 0.13155 0.096778 0.0742222 0.0174624 0.0166892 0.0107193
threshold=1.5659260195206344 0.24166089945357586 0.094428803937716313 0.92543115164506851 -0.32320800207499528 1.0127748002445067 0.11597536312164988
decision_type=2 2 2 2 2 2 2
left_child=1 2 -1 -3 5 -2 -6
right_child=4 3 -4 -5 6 -7 -8
leaf_value=-0.00066073960878657359 -0.00014300349475392565 0.0005194003314245492 4.2363274547937696e-05 -0.00071650918567967091 0.0015197350861321033 0.00096582737497308041 0.00075481552451562423
leaf_weight=684 42 578 576 88 69 42 63
leaf_count=684 42 578 576 88 69 42 63
internal_value=5.37975e-07 -9.95929e-05 -0.000339763 0.000354441 0.000886094 0.00042098 0.00117137
internal_weight=2142 1926 1260 666 216 84 132
internal_count=2142 1926 1260 666 216 84 132
is_linear=0
shrinkage=0.04


Tree=11
num_leaves=8
num_cat=0
split_feature=110 80 86 81 97 39 47
split_gain=0.107275 0.114905 0.11332 0.0721312 0.0534702 0.0442144 0.0152787
threshold=0.29130072240350163 -0.90761894125226084 1.067162500257737 0.12981832595793744 -0.16766005535088885 1.1998622757022912 -0.045852858376836607
decision_type=2 2 2 2 2 2 2
left_child=1 6 -3 4 -2 -5 -1
right_child=3 2 -4 5 -6 -7 -8
leaf_value=0.0013815879354766314 -0.00048561063952044336 -0.00043652240105738089 0.0011220029337564482 0.00053569215240068966 0.00040446507032238779 0.0016075151135476354 0.00038192390366782286
leaf_weight=67 195 1134 78 314 237 76 41
leaf_count=67 195 1134 78 314 237 76 41
internal_value=6.01603e-07 -0.000222675 -0.000334538 0.000358819 2.30842e-06 0.000751696 0.00101593
internal_weight=2142 1320 1212 822 432 390 108
internal_count=2142 1320 1212 822 432 390 108
is_linear=0
shrinkage=0.04


Tree=12
num_leaves=7
num_cat=0
split_feature=87 115 106 4 115 103
split_gain=0.103615 0.125091 0.0745244 0.0571557 0.0196698 0.0243856
threshold=1.5659260195206344 0.44301093597454649 0.70291891407590323 -0.42445378474521306 -0.6088141530493566 -0.12501264125090647
decision_type=2 2 2 2 2 2
left_child=1 2 -1 -3 -2 -6
right_child=4 3 -4 -5 5 -7
leaf_value=0.00018281979681956717 0.0015609110899745149 -0.00012888111845407626 -0.000901058661243455 -0.00099247039285472647 -0.0001423982891254127 0.00091289811046794055
leaf_weight=1314 45 211 108 293 48 123
leaf_count=1314 45 211 108 293 48 123
internal_value=7.45861e-07 -9.27158e-05 9.935e-05 -0.000632866 0.000827317 0.000618453
internal_weight=2142 1926 1422 504 216 171
internal_count=2142 1926 1422 504 216 171
is_linear=0
shrinkage=0.04


Tree=13
num_leaves=8
num_cat=0
split_feature=81 34 74 28 73 117 86
split_gain=0.0993017 0.0920185 0.10018 0.0701697 0.0789794 0.0312061 0.0286599
threshold=0.36101761315873215 0.95488269954023897 -0.54794310719033157 -0.34601526552390971 -0.12459690222187582 -0.60916758149181449 0.9241345090687455
decision_type=2 2 2 2 2 2 2
left_child=1 2 -1 4 -2 -3 -5
right_child=3 5 -4 6 -6 -7 -8
leaf_value=0.00065113172102577001 0.00055878048544967334 -0.00028164487188444176 -0.00024345506605406034 0.00045367597667846955 -0.0012546777982845323 -0.0015771914037697493 0.0011507372673174438
leaf_weight=243 75 45 1096 391 75 92 125
leaf_count=243 75 45 1096 391 75 92 125
internal_value=7.34378e-07 -0.000182192 -8.03776e-05 0.00040547 -0.000352527 -0.00116182 0.000626329
internal_weight=2142 1476 1339 666 150 137 516
internal_count=2142 1476 1339 666 150 137 516
is_linear=0
shrinkage=0.04


Tree=14
num_leaves=7
num_cat=0
split_feature=110 80 33 103 59 81
split_gain=0.0930356 0.107858 0.0769606 0.071566 0.0572057 0.0529101
threshold=0.22884074129961438 -0.40904913808577498 1.1681581832840882 0.44268021620031578 2.0250206276435079 0.3440983792580144
decision_type=2 2 2 2 2 2
left_child=1 3 4 -1 -2 -3
right_child=2 5 -4 -5 -6 -7
leaf_value=0.00059933400656352238 0.00029425409776757494 -0.00074120595700502318 -0.00090985153881391811 -0.00051284126620135414 0.0012992672328758859 -5.9850087195051124e-05
leaf_weight=315 724 516 74 129 102 282
leaf_count=315 724 516 74 129 102 282
internal_value=6.84755e-07 -0.000223582 0.000309982 0.000275351 0.000421198 -0.000501178
internal_weight=2142 1242 900 444 826 798
internal_count=2142 1242 900 444 826 798
is_linear=0
shrinkage=0.04


Tree=15
num_leaves=7
num_cat=0
split_feature=87 115 106 40 68 40
split_gain=0.0887474 0.109151 0.0602501 0.0590108 0.0196808 0.00969799
threshold=1.5659260195206344 0.32740585480474854 0.70291891407590323 1.5623160482578344 1.2900358780658909 1.0233550468845369
decision_type=2 2 2 2 2 2
left_child=1 2 -1 -3 5 -2
right_child=4 3 -4 -5 -6 -7
leaf_value=0.00019197985404411421 0.00077746723488528733 -0.00040215676787244226 -0.00082428662841770766 -0.0017386542619363863 0.00014367928217735984 0.001508010112852587
leaf_weight=1233 112 537 99 57 60 44
leaf_count=1233 112 537 99 57 60 44
internal_value=6.56211e-07 -8.58407e-05 0.000115324 -0.000535811 0.000765632 0.000999998
internal_weight=2142 1926 1332 594 216 156
internal_count=2142 1926 1332 594 216 156
is_linear=0
shrinkage=0.04


Tree=16
num_leaves=8
num_cat=0
split_feature=81 80 34 61 37 62 63
split_gain=0.0860597 0.0835968 0.0667955 0.051182 0.0324496 0.0145054 0.012035
threshold=0.36101761315873215 -0.90761894125226084 0.95488269954023897 -1.1117499610144368 -0.91269817888004445 0.11765887222574072 -0.13854288646584631
decision_type=2 2 2 2 2 2 2
left_child=1 5 -3 6 -5 -1 -2
right_child=3 2 -4 4 -6 -7 -8
leaf_value=0.0012762256843179235 0.00072324256499586501 -0.00016059705743560893 -0.0010950126182390652 0.0011693786344874431 0.00010891785564449346 0.00029975005750392756 0.001555225963903857
leaf_weight=64 69 1237 134 49 494 41 54
leaf_count=64 69 1237 134 49 494 41 54
internal_value=6.17127e-07 -0.000169676 -0.000253388 0.000377402 0.000208553 0.000907665 0.00110754
internal_weight=2142 1476 1371 666 543 105 123
internal_count=2142 1476 1371 666 543 105 123
is_linear=0
shrinkage=0.04


Tree=17
num_leaves=7
num_cat=0
split_feature=110 80 33 103 59 81
split_gain=0.0832699 0.0884416 0.0726661 0.0599063 0.0507068 0.0461903
threshold=0.29130072240350163 -0.40904913808577498 1.1681581832840882 0.44268021620031578 1.6883685153420613 0.31670409288975909
decision_type=2 2 2 2 2 2
left_child=1 3 4 -1 -2 -3
right_child=2 5 -4 -5 -6 -7
leaf_value=0.00053664649842680059 0.00029059747188134598 -0.00065990387640300213 -0.00088144682316900847 -0.00047415922833331112 0.0011955157139706544 -5.4078299848466606e-05
leaf_weight=330 634 540 72 129 116 321
leaf_count=330 634 540 72 129 116 321
internal_value=7.37112e-07 -0.000195978 0.00031634 0.000251739 0.000433365 -0.000434687
internal_weight=2142 1320 822 459 750 861
internal_count=2142 1320 822 459 750 861
is_linear=0
shrinkage=0.04


Tree=18
num_leaves=7
num_cat=0
split_feature=86 70 9 28 115 48
split_gain=0.0786806 0.0729528 0.0851855 0.0568568 0.0515125 0.0203987
threshold=1.0127748002445067 0.24166089945357586 -0.43346950364644804 0.92543115164506851 0.97817723838202864 0.53376756946638371
decision_type=2 2 2 2 2 2
left_child=1 2 -1 -3 5 -2
right_child=4 3 -4 -5 -6 -7
leaf_value=0.00017851317941676824 0.001237897253146878 0.00042065712953498247 -0.00050160369157501231 -0.00066555575835001144 -0.0005587798321026971 0.00033193942437093461
leaf_weight=458 133 542 820 88 42 59
leaf_count=458 133 542 820 88 42 59
internal_value=7.05881e-07 -8.44318e-05 -0.00025797 0.000267306 0.000689738 0.000965796
internal_weight=2142 1908 1278 630 234 192
internal_count=2142 1908 1278 630 234 192
is_linear=0
shrinkage=0.04


Tree=19
num_leaves=6
num_cat=0
split_feature=36 106 73 34 114
split_gain=0.077191 0.0761463 0.0865525 0.0778134 0.0132696
threshold=-1.2813472575879956 0.70291891407590323 -0.084982367243300119 -0.32708158595054909 0.35858431339806002
decision_type=2 2 2 2 2
left_child=4 2 -2 -3 -1
right_child=1 3 -4 -5 -6
leaf_value=0.0017065314897557809 0.00034108066126432483 0.00018460518855135889 -0.00021165396669886122 -0.0012902409468657104 0.00064309381538742161
leaf_weight=40 832 93 991 145 41
leaf_count=40 832 93 991 145 41
internal_value=6.94176e-07 -4.74256e-05 4.07062e-05 -0.0007172 0.00119672
internal_weight=2142 2061 1823 238 81
internal_count=2142 2061 1823 238 81
is_linear=0
shrinkage=0.04


Tree=20
num_leaves=7
num_cat=0
split_feature=110 115 68 33 63 34
split_gain=0.0733994 0.0950893 0.078341 0.0609361 0.0492749 0.0163017
threshold=0.22884074129961438 -0.72332800518296836 -0.030564446729883326 1.1681581832840882 -0.57572402343016804 0.20940485491567815
decision_type=2 2 2 2 2 2
left_child=1 5 -3 4 -2 -1
right_child=3 2 -4 -5 -6 -7
leaf_value=0.0012374671231220036 -5.3448045223934996e-05 -3.0532675371391535e-05 -0.00070699085232929363 -0.00080998887565281055 0.00059677183542960251 0.00022645976765835212
leaf_weight=74 283 663 465 74 543 40
leaf_count=74 283 663 465 74 543 40
internal_value=7.17657e-07 -0.000198481 -0.00031015 0.000275442 0.000374406 0.000892748
internal_weight=2142 1242 1128 900 826 114
internal_count=2142 1242 1128 900 826 114
is_linear=0
shrinkage=0.04


Tree=21
num_leaves=6
num_cat=0
split_feature=87 40 70 36 68
split_gain=0.0706856 0.108214 0.0686106 0.0256108 0.0356438
threshold=1.3103769733817241 1.7078721342566718 0.24166089945357586 -1.2813472575879956 1.3216978772820489
decision_type=2 2 2 2 2
left_child=1 2 -1 -2 -5
right_child=3 -3 -4 4 -6
leaf_value=-0.00021750352746191529 0.0014996574924920091 -0.0018171177531309827 0.00029115430499314788 0.00076543312346527071 -0.00033660376763745099
leaf_weight=1161 42 54 666 153 66
leaf_count=1161 42 54 666 153 66
internal_value=7.06104e-07 -8.50898e-05 -3.19658e-05 0.000614973 0.000433272
internal_weight=2142 1881 1827 261 219
internal_count=2142 1881 1827 261 219
is_linear=0
shrinkage=0.04


Tree=22
num_leaves=7
num_cat=0
split_feature=60 100 73 29 63 91
split_gain=0.0698622 0.0720872 0.0656947 0.0635731 0.0283066 0.0147112
threshold=-1.1533707496262526 0.59706924023473895 -0.084982367243300119 -0.31242708349801701 -0.45588449663342917 0.55492128136799146
decision_type=2 2 2 2 2 2
left_child=4 2 -2 -3 -1 -6
right_child=1 3 -4 -5 5 -7
leaf_value=-5.8433641069790441e-05 0.00029896402092458713 0.00012779892396147006 -0.00019632811395179525 -0.0011097210125904011 0.00067202922922593574 0.0016590993945202273
leaf_weight=40 807 105 909 177 52 52
leaf_count=40 807 105 909 177 52 52
internal_value=6.84766e-07 -6.09793e-05 3.66746e-05 -0.000651287 0.000845389 0.00118756
internal_weight=2142 1998 1716 282 144 104
internal_count=2142 1998 1716 282 144 104
is_linear=0
shrinkage=0.04


Tree=23
num_leaves=8
num_cat=0
split_feature=115 70 26 82 64 100 46
split_gain=0.0661094 0.0636235 0.0587538 0.0579278 0.0470766 0.0348988 0.0116821
threshold=0.32740585480474854 -1.1204198027633088 0.85081827100450746 -0.54809610684579757 0.089959658635450482 0.43611559878291534 -0.16611403668700017
decision_type=2 2 2 2 2 2 2
left_child=2 6 3 -1 -3 -4 -2
right_child=1 4 5 -5 -6 -7 -8
leaf_value=-0.00062003140071967408 -1.4245087790879467e-05 -0.00081791106135913462 -0.00021244113936438224 0.00032882877078551476 -9.6187179416528867e-05 -0.0015524485804711558 0.00082957750596841307
leaf_weight=111 40 315 123 1172 267 40 74
leaf_count=111 40 315 123 1172 267 40 74
internal_value=7.09368e-07 -0.000319058 0.00015485 0.0002459 -0.000488274 -0.000556109 0.000538359
internal_weight=2142 696 1446 1283 582 163 114
internal_count=2142 696 1446 1283 582 163 114
is_linear=0
shrinkage=0.04


Tree=24
num_leaves=6
num_cat=0
split_feature=59 106 73 32 29
split_gain=0.0648269 0.0616771 0.0764678 0.0722655 0.0185827
threshold=2.3195702608057851 0.70291891407590323 -0.16635590300409253 -0.75076480379956456 0.54142234658794852
decision_type=2 2 2 2 2
left_child=1 2 -1 -3 -2
right_child=4 3 -4 -5 -6
leaf_value=0.00033862027560186656 0.0013760831699446067 0.00067077163444813706 -0.0001917815266065306 -0.0010404667149951361 0.00037092782377616545
leaf_weight=735 61 49 1059 179 59
leaf_count=735 61 49 1059 179 59
internal_value=6.00587e-07 -5.33756e-05 2.56587e-05 -0.000670066 0.000896064
internal_weight=2142 2022 1794 228 120
internal_count=2142 2022 1794 228 120
is_linear=0
shrinkage=0.04


Tree=25
num_leaves=7
num_cat=0
split_feature=31 86 80 40 63 114
split_gain=0.0643425 0.076563 0.0611168 0.0264354 0.0249858 0.0194011
threshold=1.0158816699493187 1.0127748002445067 -0.90761894125226084 1.3607045112080176 -0.71162276740370689 -0.01355623829708291
decision_type=2 2 2 2 2 2
left_child=1 2 -1 5 -3 -2
right_child=3 4 -4 -5 -6 -7
leaf_value=0.00091364885679268756 9.8486552151906139e-06 3.0792449452829629e-05 -8.1237167428320321e-05 -0.0016338330472908205 0.0010356269969127459 -0.0010021048213820906
leaf_weight=103 66 53 1670 40 156 54
leaf_count=103 66 53 1670 40 156 54
internal_value=6.33436e-07 6.32194e-05 -2.24763e-05 -0.000765859 0.00078352 -0.000454493
internal_weight=2142 1982 1773 160 209 120
internal_count=2142 1982 1773 160 209 120
is_linear=0
shrinkage=0.04


Tree=26
num_leaves=6
num_cat=0
split_feature=36 115 86 48 115
split_gain=0.0631132 0.067968 0.0650586 0.0356428 0.00980882
threshold=-1.2813472575879956 0.94400628188823033 1.0127748002445067 0.32278878359518409 0.20047735761813806
decision_type=2 2 2 2 2
left_child=4 2 -2 -3 -1
right_child=1 3 -4 -5 -6
leaf_value=0.0015219692844853161 -4.6533195760516511e-05 -0.00039883232050287652 0.00074937923110965224 -0.0015996296532256038 0.00060204118609341768
leaf_weight=40 1690 136 180 55 41
leaf_count=40 1690 136 180 55 41
internal_value=5.80962e-07 -4.29301e-05 3.07975e-05 -0.000757605 0.00108205
internal_weight=2142 2061 1870 191 81
internal_count=2142 2061 1870 191 81
is_linear=0
shrinkage=0.04


Tree=27
num_leaves=8
num_cat=0
split_feature=81 36 74 40 61 47 63
split_gain=0.0608366 0.0621333 0.0697028 0.0496321 0.033785 0.0247257 0.0109282
threshold=0.36101761315873215 0.48959886776160116 -0.54794310719033157 1.2967328457863643 -1.1117499610144368 -0.658529399159412 -0.13854288646584631
decision_type=2 2 2 2 2 2 2
left_child=1 2 -1 -3 6 -6 -2
right_child=4 3 -4 -5 5 -7 -8
leaf_value=0.00068851779420264845 0.0005517231466406038 -0.00042705921980086716 -0.00014313623352395005 -0.0018617614128937324 -0.00052891802194568775 0.0002817512721136367 0.0013331608986066254
leaf_weight=192 69 288 953 43 67 476 54
leaf_count=192 69 288 953 43 67 476 54
internal_value=5.88633e-07 -0.000142591 -2.72245e-06 -0.000623503 0.000317382 0.00018015 0.000910635
internal_weight=2142 1476 1145 331 666 543 123
internal_count=2142 1476 1145 331 666 543 123
is_linear=0
shrinkage=0.04


Tree=28
num_leaves=7
num_cat=0
split_feature=110 37 115 35 82 28
split_gain=0.0584212 0.0712352 0.0550624 0.0454973 0.0442387 0.0113677
threshold=0.29130072240350163 -1.097225253966341 -0.88263912444349779 0.8861483278714517 -0.57080953485332531 0.8326601166505484
decision_type=2 2 2 2 2 2
left_child=1 -1 -3 4 -2 -5
right_child=3 2 -4 5 -6 -7
leaf_value=0.0011172901253060747 -0.00075567478654333027 0.00089455576796987747 -0.00029302068248066319 -0.00015662431886250325 0.00045717237804637989 -0.001039065852853318
leaf_weight=64 50 64 1192 53 678 41
leaf_count=64 50 64 1192 53 678 41
internal_value=5.61144e-07 -0.000164209 -0.000231181 0.000264913 0.00037203 -0.000555148
internal_weight=2142 1320 1256 822 728 94
internal_count=2142 1320 1256 822 728 94
is_linear=0
shrinkage=0.04


Tree=29
num_leaves=6
num_cat=0
split_feature=36 115 100 97 114
split_gain=0.0557178 0.0617745 0.0543368 0.0333994 0.00872872
threshold=-1.2813472575879956 0.94400628188823033 0.59706924023473895 0.22030147216358056 0.35858431339806002
decision_type=2 2 2 2 2
left_child=4 2 -2 -3 -1
right_child=1 3 -4 -5 -6
leaf_value=0.0014315471053123474 0.00011266535789093011 -0.0012347196871791072 -0.00053075485508005584 -0.0001775548260836028 0.00056418275785480819
leaf_weight=40 1631 97 239 94 41
leaf_count=40 1631 97 239 94 41
internal_value=5.47077e-07 -4.03354e-05 2.99522e-05 -0.000721671 0.00101668
internal_weight=2142 2061 1870 191 81
internal_count=2142 2061 1870 191 81
is_linear=0
shrinkage=0.04


Tree=30
num_leaves=7
num_cat=0
split_feature=31 86 69 117 63 40
split_gain=0.0544361 0.0613648 0.0543344 0.0229845 0.0216259 0.0198434
threshold=1.0158816699493187 1.0127748002445067 0.4500702911880487 -0.61918213653247944 -0.71162276740370689 0.70956045978320137
decision_type=2 2 2 2 2 2
left_child=1 2 -1 -2 -3 -5
right_child=3 4 -4 5 -6 -7
leaf_value=-0.00012560401065133596 4.9996579133827863e-05 3.6269110542806712e-06 0.00043861375596562199 -0.00056015032699279908 0.00093749430303202502 -0.0016564435775027328
leaf_weight=1438 46 53 335 70 156 44
leaf_count=1438 46 53 335 70 156 44
internal_value=5.31366e-07 5.80981e-05 -1.86236e-05 -0.00070449 0.000702955 -0.00100455
internal_weight=2142 1982 1773 160 209 114
internal_count=2142 1982 1773 160 209 114
is_linear=0
shrinkage=0.04


Tree=31
num_leaves=7
num_cat=0
split_feature=110 80 33 112 64 64
split_gain=0.053024 0.0694876 0.0567264 0.0524813 0.0398409 0.0142662
threshold=0.094428803937716313 -0.90761894125226084 1.1681581832840882 -0.21804783748905951 -0.5747115831261761 0.29100948427423157
decision_type=2 2 2 2 2 2
left_child=1 5 4 -3 -2 -1
right_child=2 3 -4 -5 -6 -7
leaf_value=0.00035252681289178625 -6.8621328494092299e-05 -0.00070093857276126996 -0.00081712090004331024 -9.161717810739812e-05 0.00049630720801712705 0.0012969192214386197
leaf_weight=58 299 324 76 741 597 47
leaf_count=58 299 324 76 741 597 47
internal_value=4.76063e-07 -0.000180782 0.000218581 -0.000277955 0.000308055 0.000791595
internal_weight=2142 1170 972 1065 896 105
internal_count=2142 1170 972 1065 896 105
is_linear=0
shrinkage=0.04


Tree=32
num_leaves=6
num_cat=0
split_feature=59 115 31 93 62
split_gain=0.0540018 0.0505635 0.0482083 0.0377711 0.0151665
threshold=2.3195702608057851 -0.85774757097376952 0.9870578917326247 -0.92307199860231492 0.2479021722174263
decision_type=2 2 2 2 2
left_child=1 3 -3 -1 -2
right_child=4 2 -4 -5 -6
leaf_value=-7.1434902843868576e-05 0.0012970179379835987 -6.6489947423581923e-05 -0.00085867599848503796 0.00088769952116546618 0.00038562368194975738
leaf_weight=117 55 1627 131 147 65
leaf_count=117 55 1627 131 147 65
internal_value=4.74465e-07 -4.87893e-05 -0.00012643 0.000465288 0.000817761
internal_weight=2142 2022 1758 264 120
internal_count=2142 2022 1758 264 120
is_linear=0
shrinkage=0.04


Tree=33
num_leaves=7
num_cat=0
split_feature=82 115 31 34 46 94
split_gain=0.0507013 0.0569871 0.0486937 0.0287615 0.013144 0.00945244
threshold=-0.54809610684579757 -0.63892284667850374 0.9870578917326247 0.48340132970670735 -0.58861596790142756 -0.78920238545189603
decision_type=2 2 2 2 2 2
left_child=4 3 -3 -2 -1 -6
right_child=1 2 -4 -5 5 -7
leaf_value=-0.00012214038921520113 0.00078488446038886247 2.4752305029601051e-05 -0.00075018299814038193 1.1034569891970764e-05 -0.00041671110373665051 -0.0012026436572474702
leaf_weight=48 226 1501 140 116 42 69
leaf_count=48 226 1501 140 116 42 69
internal_value=5.14206e-07 5.58854e-05 -4.21931e-05 0.000523999 -0.000682174 -0.000917903
internal_weight=2142 1983 1641 342 159 111
internal_count=2142 1983 1641 342 159 111
is_linear=0
shrinkage=0.04


Tree=34
num_leaves=6
num_cat=0
split_feature=59 115 99 4 29
split_gain=0.0502454 0.048035 0.0536906 0.0494147 0.0141562
threshold=2.3195702608057851 0.94400628188823033 1.0103216477096673 0.20987902079125853 0.54142234658794852
decision_type=2 2 2 2 2
left_child=1 2 -1 -3 -2
right_child=4 3 -4 -5 -6
leaf_value=8.6137975886713147e-05 0.0012078228048122829 -0.00018135711553753285 -0.00066627381153371251 -0.001511942020669641 0.00033013616577859541
leaf_weight=1659 61 132 165 66 59
leaf_count=1659 61 132 165 66 59
internal_value=4.31289e-07 -4.70882e-05 1.74192e-05 -0.00063557 0.00078878
internal_weight=2142 2022 1824 198 120
internal_count=2142 2022 1824 198 120
is_linear=0
shrinkage=0.04


Tree=35
num_leaves=5
num_cat=0
split_feature=36 115 86 64
split_gain=0.0490701 0.0492802 0.0532368 0.0334688
threshold=-1.3485250905597284 0.94400628188823033 1.0127748002445067 0.14271068307068027
decision_type=2 2 2 2
left_child=-1 2 -2 -3
right_child=1 3 -4 -5
leaf_value=0.00108264949362134 -4.0271127942417777e-05 -0.0010529325515187034 0.00067423067808566569 7.1241954387522043e-06
leaf_weight=63 1699 118 183 79
leaf_count=63 1699 118 183 79
internal_value=3.86594e-07 -3.34182e-05 2.98469e-05 -0.000632034
internal_weight=2142 2079 1882 197
internal_count=2142 2079 1882 197
is_linear=0
shrinkage=0.04


Tree=36
num_leaves=7
num_cat=0
split_feature=82 110 37 35 38 57
split_gain=0.047203 0.0472749 0.053862 0.0479253 0.0123809 0.00460847
threshold=-0.54809610684579757 0.32274263965914946 -1.097225253966341 0.84044827436874403 -0.47801660946813329 0.10474672238765285
decision_type=2 2 2 2 2 2
left_child=4 2 -2 -3 -1 -6
right_child=1 3 -4 -5 5 -7
leaf_value=-0.0001149579686112702 0.001019154698587954 0.00042682800654284431 -0.0001546342894101907 -0.00060691562849154448 -0.00060962505325613944 -0.0011676717847499444
leaf_weight=48 64 641 1199 79 59 52
leaf_count=48 64 641 1199 79 59 52
internal_value=3.9616e-07 5.3823e-05 -9.36376e-05 0.000312036 -0.000658319 -0.000887092
internal_weight=2142 1983 1263 720 159 111
internal_count=2142 1983 1263 720 159 111
is_linear=0
shrinkage=0.04


Tree=37
num_leaves=8
num_cat=0
split_feature=81 36 74 61 46 61 63
split_gain=0.0454244 0.0496547 0.0556561 0.0247412 0.0239853 0.0221347 0.0107422
threshold=0.37166829593417633 0.48959886776160116 -0.54794310719033157 -1.293184766376098 1.1978344138644543 -0.21913979662041827 -0.095874718009268653
decision_type=2 2 2 2 2 2 2
left_child=1 2 -1 6 -5 -3 -2
right_child=3 5 -4 4 -6 -7 -8
leaf_value=0.00062014130941101888 0.00045706539570043481 -0.0013141602734909753 -0.00012241839978432609 8.3731932479523774e-05 0.00090063960269953195 -0.00040860912297743741 0.0013529102755493896
leaf_weight=192 49 50 962 504 63 281 41
leaf_count=192 49 50 962 504 63 281 41
internal_value=3.35247e-07 -0.000122177 1.98623e-06 0.000276776 0.000177346 -0.000552471 0.000885712
internal_weight=2142 1485 1154 657 567 331 90
internal_count=2142 1485 1154 657 567 331 90
is_linear=0
shrinkage=0.04


Tree=38
num_leaves=5
num_cat=0
split_feature=36 115 86 63
split_gain=0.0439068 0.0451152 0.0462164 0.0286753
threshold=-1.3485250905597284 0.94400628188823033 1.0127748002445067 0.053943292625908884
decision_type=2 2 2 2
left_child=-1 2 -2 -3
right_child=1 3 -4 -5
leaf_value=0.0010241216701956895 -3.6396856322019284e-05 -0.0010451736092013393 0.00062932927641904334 -7.944583682523619e-05
leaf_weight=63 1699 106 183 91
leaf_count=63 1699 106 183 91
internal_value=3.80392e-07 -3.15965e-05 2.89357e-05 -0.000604358
internal_weight=2142 2079 1882 197
internal_count=2142 2079 1882 197
is_linear=0
shrinkage=0.04


Tree=39
num_leaves=7
num_cat=0
split_feature=82 110 37 35 46 94
split_gain=0.0424445 0.0422553 0.0488576 0.0430269 0.0116362 0.00912071
threshold=-0.54809610684579757 0.32274263965914946 -1.097225253966341 0.84044827436874403 -0.58861596790142756 -0.78920238545189603
decision_type=2 2 2 2 2 2
left_child=4 2 -2 -3 -1 -6
right_child=1 3 -4 -5 5 -7
leaf_value=-9.8116687964648012e-05 0.00097146663350003741 0.00040393425531639731 -0.00014646176124146409 -0.00057555311132383386 -0.00035747112251225516 -0.0011249190377412548
leaf_weight=48 64 641 1199 79 42 69
leaf_count=48 64 641 1199 79 42 69
internal_value=3.8355e-07 5.10459e-05 -8.83666e-05 0.000295166 -0.000624247 -0.000846
internal_weight=2142 1983 1263 720 159 111
internal_count=2142 1983 1263 720 159 111
is_linear=0
shrinkage=0.04


Tree=40
num_leaves=6
num_cat=0
split_feature=59 100 16 73 28
split_gain=0.0421668 0.0422307 0.0580321 0.0495566 0.0145605
threshold=2.3195702608057851 0.59706924023473895 -0.4274073445506314 -0.16635590300409253 0.82061665851488985
decision_type=2 2 2 2 2
left_child=1 3 -3 -1 -2
right_child=4 2 -4 -5 -6
leaf_value=0.00028274256307518191 0.0010393411904515233 0.00040599881378928181 -0.00085001736697944293 -0.0001499154945219033 0.00011366943307538431
leaf_weight=726 78 81 204 1011 42
leaf_count=726 78 81 204 1011 42
internal_value=3.33612e-07 -4.31984e-05 -0.000492703 3.10363e-05 0.000722531
internal_weight=2142 2022 285 1737 120
internal_count=2142 2022 285 1737 120
is_linear=0
shrinkage=0.04


Tree=41
num_leaves=5
num_cat=0
split_feature=36 70 28 87
split_gain=0.0401757 0.0418691 0.0485149 0.0444601
threshold=-1.3485250905597284 0.24166089945357586 0.92543115164506851 1.5659260195206344
decision_type=2 2 2 2
left_child=-1 3 -3 -2
right_child=1 2 -4 -5
leaf_value=0.00097962993469375825 -0.00024079116850171317 0.00036343465461953587 -0.00066076148169882151 0.0004123911039102726
leaf_weight=63 1229 576 83 191
leaf_count=63 1229 576 83 191
internal_value=3.51681e-07 -3.02364e-05 0.00023283 -0.000152477
internal_weight=2142 2079 659 1420
internal_count=2142 2079 659 1420
is_linear=0
shrinkage=0.04


Tree=42
num_leaves=7
num_cat=0
split_feature=80 80 60 30 10 64
split_gain=0.0388151 0.0409497 0.035299 0.0244992 0.0218503 0.0143405
threshold=2.3244561455144983 -0.90761894125226084 -1.1533707496262526 -0.037408052184577864 0.44990488076894802 0.29100948427423157
decision_type=2 2 2 2 2 2
left_child=1 5 -3 -2 -5 -1
right_child=3 2 -4 4 -6 -7
leaf_value=0.00028008503981658982 0.0012826304214023467 0.00058176244753824376 -0.00013886288180169429 -0.00027575321863257575 0.00079269832915936913 0.0012114238626399667
leaf_weight=61 52 114 1749 61 58 47
leaf_count=61 52 114 1749 61 58 47
internal_value=3.69475e-07 -5.00047e-05 -9.41901e-05 0.000574864 0.0002495 0.000700047
internal_weight=2142 1971 1863 171 119 108
internal_count=2142 1971 1863 171 119 108
is_linear=0
shrinkage=0.04


Tree=43
num_leaves=7
num_cat=0
split_feature=31 82 73 28 114 46
split_gain=0.0379711 0.0442041 0.047531 0.0200662 0.0155464 0.0110639
threshold=1.0158816699493187 -0.54809610684579757 -0.22299139734933626 1.241159481913892 -0.44825136350634581 -0.58861596790142756
decision_type=2 2 2 2 2 2
left_child=1 5 -3 4 -2 -1
right_child=3 2 -4 -5 -6 -7
leaf_value=-8.301281882449986e-05 0.00032574161670968999 0.00038224222993309592 -4.5448198729354468e-05 -0.0012973129544812051 -0.00063223280012607579 -0.00081458860686556864
leaf_weight=48 40 637 1189 44 76 108
leaf_count=48 40 637 1189 44 76 108
internal_value=4.94023e-07 4.85729e-05 0.000104007 -0.00058833 -0.000301975 -0.000593389
internal_weight=2142 1982 1826 160 116 156
internal_count=2142 1982 1826 160 116 156
is_linear=0
shrinkage=0.04


Tree=44
num_leaves=7
num_cat=0
split_feature=115 40 92 26 109 100
split_gain=0.0367767 0.050173 0.0387378 0.038482 0.0414674 0.0229434
threshold=0.32740585480474854 1.6134076157762769 0.71334125304177054 0.86199026242709531 -0.37503422316286766 0.43611559878291534
decision_type=2 2 2 2 2 2
left_child=3 2 -2 4 -1 -5
right_child=1 -3 -4 5 -6 -7
leaf_value=0.00062635280516320461 -0.00028683175953613172 -0.0013442184428373975 0.00049571337822329486 -0.00018086276619505343 7.0262855531927839e-05 -0.001274800205913683
leaf_weight=270 514 58 124 117 1019 40
leaf_count=270 514 58 124 117 1019 40
internal_value=3.93494e-07 -0.000238107 -0.000133665 0.000115361 0.000187534 -0.000472102
internal_weight=2142 696 638 1446 1289 157
internal_count=2142 696 638 1446 1289 157
is_linear=0
shrinkage=0.04


Tree=45
num_leaves=7
num_cat=0
split_feature=80 63 115 79 38 33
split_gain=0.0359207 0.0392569 0.0427585 0.030201 0.020669 0.0097549
threshold=2.3244561455144983 0.053943292625908884 1.0426384429391369 -0.78928357560755613 0.34284051829202628 -0.068090054028412686
decision_type=2 2 2 2 2 2
left_child=1 2 -1 -3 -2 -6
right_child=4 3 -4 -5 5 -7
leaf_value=-0.00014284265726296336 5.7462428318476904e-05 0.00073582760627484976 -0.001071359503280971 5.0456399940729561e-05 0.00054670068160207438 0.0013889231661927293
leaf_weight=916 76 115 85 855 53 42
leaf_count=916 76 115 85 855 53 42
internal_value=3.07068e-07 -4.81525e-05 -0.000223667 0.000133059 0.000552967 0.000940012
internal_weight=2142 1971 1001 970 171 95
internal_count=2142 1971 1001 970 171 95
is_linear=0
shrinkage=0.04


Tree=46
num_leaves=6
num_cat=0
split_feature=36 106 22 73 27
split_gain=0.0354954 0.0364921 0.0513327 0.0442979 0.0064982
threshold=-1.2813472575879956 0.70291891407590323 -0.33570034053416248 -0.084982367243300119 -0.78183041398778774
decision_type=2 2 2 2 2
left_child=4 3 -3 -2 -1
right_child=1 2 -4 -5 -6
leaf_value=0.0011587000038301529 0.00024362255195892627 0.00030951072691961948 -0.00091787917322349883 -0.00015180610666447588 0.00041717621919122485
leaf_weight=41 832 82 156 991 40
leaf_count=41 832 82 156 991 40
internal_value=3.53189e-07 -3.22774e-05 -0.000495942 2.8733e-05 0.000811392
internal_weight=2142 2061 238 1823 81
internal_count=2142 2061 238 1823 81
is_linear=0
shrinkage=0.04


Tree=47
num_leaves=7
num_cat=0
split_feature=82 115 6 48 38 46
split_gain=0.0346295 0.0423381 0.0396762 0.0185729 0.010417 0.00518936
threshold=-0.54809610684579757 -0.73849565386569382 0.0095196370370619343 0.074665745626221622 -0.034773161928359685 -0.40816982993664774
decision_type=2 2 2 2 2 2
left_child=4 3 -3 -2 5 -1
right_child=1 2 -4 -5 -6 -7
leaf_value=4.2533098762346934e-05 0.00092354738171601181 0.00015410709251365072 -0.00023324706952531659 0.00025242748420472102 -0.00095687569326792781 -0.00054375736957548986
leaf_weight=42 101 885 807 190 63 54
leaf_count=42 101 885 807 190 63 54
internal_value=3.78588e-07 4.61398e-05 -3.06989e-05 0.000490073 -0.000563825 -0.000291622
internal_weight=2142 1983 1692 291 159 96
internal_count=2142 1983 1692 291 159 96
is_linear=0
shrinkage=0.04


Tree=48
num_leaves=8
num_cat=0
split_feature=81 28 80 36 74 40 41
split_gain=0.0338594 0.053441 0.0527452 0.0417955 0.042113 0.0358799 0.0159937
threshold=0.33271681164517602 -0.34601526552390971 -0.074958867161479398 0.48959886776160116 -0.54794310719033157 1.2967328457863643 -0.87874698717605038
decision_type=2 2 2 2 2 2 2
left_child=3 2 -2 4 -1 -5 -3
right_child=1 6 -4 5 -6 -7 -8
leaf_value=0.00054548356502285363 0.00053621173790488084 -7.0091022567434619e-05 -0.00094556284428662851 -0.00033776621703038946 -0.00010550512999407884 -0.0015582527132290934 0.00051497946690693991
leaf_weight=190 59 89 103 284 923 43 451
leaf_count=190 59 89 103 284 923 43 451
internal_value=3.49964e-07 0.000227745 -0.000405946 -0.000110667 6.40412e-06 -0.000506755 0.000418648
internal_weight=2142 702 162 1440 1113 327 540
internal_count=2142 702 162 1440 1113 327 540
is_linear=0
shrinkage=0.04


Tree=49
num_leaves=6
num_cat=0
split_feature=59 37 28 1 29
split_gain=0.0330261 0.0352684 0.0323621 0.0124529 0.00820559
threshold=2.3195702608057851 -1.097225253966341 -0.35900461308037906 0.05911148681259127 0.18355650979864821
decision_type=2 2 2 2 2
left_child=1 4 -3 -2 -1
right_child=3 2 -4 -5 -6
leaf_value=0.0011659902279886108 0.0011349534969871903 -0.00033053952770302632 3.0615626229951783e-05 0.00029863244524846479 0.0003460417966206753
leaf_weight=40 47 554 1387 73 41
leaf_count=40 47 554 1387 73 41
internal_value=2.82961e-07 -3.82428e-05 -7.26994e-05 0.000639427 0.000769294
internal_weight=2142 2022 1941 120 81
internal_count=2142 2022 1941 120 81
is_linear=0
shrinkage=0.04


Tree=50
num_leaves=7
num_cat=0
split_feature=31 73 106 80 81 115
split_gain=0.0323456 0.0382726 0.040981 0.0403267 0.0196122 0.0164633
threshold=0.97749538627402399 -0.14493766371824132 0.71557794403883945 2.869211314572786 0.15625573722632466 -0.3789976698192305
decision_type=2 2 2 2 2 2
left_child=1 2 -1 -3 5 -2
right_child=4 3 -4 -5 -6 -7
leaf_value=0.00036561715635335083 -0.00025959498161205746 -0.00015414496365045847 -0.0006516120911442808 0.00075447565410286194 0.00013386381738070797 -0.0011692672921982531
leaf_weight=683 59 1125 68 82 54 71
leaf_count=683 59 1125 68 82 54 71
internal_value=3.70361e-07 4.82089e-05 0.000272025 -9.127e-05 -0.000503739 -0.000766605
internal_weight=2142 1958 751 1207 184 130
internal_count=2142 1958 751 1207 184 130
is_linear=0
shrinkage=0.04


Tree=51
num_leaves=5
num_cat=0
split_feature=36 115 86 42
split_gain=0.0313238 0.0343497 0.0327609 0.0273782
threshold=-1.3485250905597284 0.94400628188823033 1.0127748002445067 0.66350954503725845
decision_type=2 2 2 2
left_child=-1 2 -2 -3
right_child=1 3 -4 -5
leaf_value=0.00086501106170292668 -2.8880299863568138e-05 -0.00076265733902131745 0.00053162095469196102 0.0003927655364999997
leaf_weight=63 1699 157 183 40
leaf_count=63 1699 157 183 40
internal_value=3.18956e-07 -2.669e-05 2.61276e-05 -0.000526464
internal_weight=2142 2079 1882 197
internal_count=2142 2079 1882 197
is_linear=0
shrinkage=0.04


Tree=52
num_leaves=7
num_cat=0
split_feature=82 115 6 48 10 84
split_gain=0.0317523 0.0353923 0.0361006 0.0173799 0.00975265 0.005088
threshold=-0.54809610684579757 -0.73849565386569382 0.0095196370370619343 0.074665745626221622 -0.49436437116208681 0.34617659617357327
decision_type=2 2 2 2 2 2
left_child=4 3 -3 -2 -1 -6
right_child=1 2 -4 -5 5 -7
leaf_value=-5.964549463242292e-05 0.0008692042545858518 0.00015018430916464382 -0.00021930266521011718 0.00022050345189806347 -0.00095291142306015112 -0.00037015968362208115
leaf_weight=48 101 885 807 190 69 42
leaf_count=48 101 885 807 190 69 42
internal_value=3.43431e-07 4.41624e-05 -2.60935e-05 0.00045005 -0.000539913 -0.000742865
internal_weight=2142 1983 1692 291 159 111
internal_count=2142 1983 1692 291 159 111
is_linear=0
shrinkage=0.04


Tree=53
num_leaves=8
num_cat=0
split_feature=63 115 33 6 79 80 63
split_gain=0.0294009 0.0370582 0.0512078 0.0323184 0.0301892 0.0253532 0.0136172
threshold=0.048856187717747412 0.50451203249650367 -0.048467255084180559 -0.51525902664379564 -0.81572113874022312 -0.90761894125226084 0.47302524153091041
decision_type=2 2 2 2 2 2 2
left_child=1 3 -3 -1 6 -6 -2
right_child=4 2 -4 -5 5 -7 -8
leaf_value=0.00042982732691218274 0.0010909698606621832 -0.00013763252603894217 -0.0013119827751471613 -0.00014838319547790492 0.00097837906766762121 2.3885072293855688e-05 0.00023740837079557509
leaf_weight=199 71 166 91 669 45 848 53
leaf_count=199 71 166 91 669 45 848 53
internal_value=3.16182e-07 -0.000140467 -0.000560373 -1.51377e-05 0.00015602 7.40627e-05 0.0007357
internal_weight=2142 1125 257 868 1017 893 124
internal_count=2142 1125 257 868 1017 893 124
is_linear=0
shrinkage=0.04


Tree=54
num_leaves=7
num_cat=0
split_feature=34 110 80 13 53 46
split_gain=0.0293764 0.034815 0.0409031 0.0289912 0.0243333 0.0248994
threshold=0.95488269954023897 0.32274263965914946 -0.40904913808577498 1.5469041842068405 -0.58333333333333315 -0.3896809223603751
decision_type=2 2 2 2 2 2
left_child=1 2 -1 -3 -2 -6
right_child=4 3 -4 -5 5 -7
leaf_value=0.00023189993187803671 0.00024886148437163082 0.00018491276935162022 -0.00024808297123634574 0.001018548984779045 -0.00019958917169442662 -0.001226402475608905
leaf_weight=438 57 623 800 73 77 74
leaf_count=438 57 623 800 73 77 74
internal_value=3.46911e-07 4.90884e-05 -7.81666e-05 0.000275017 -0.000449006 -0.000712249
internal_weight=2142 1934 1238 696 208 151
internal_count=2142 1934 1238 696 208 151
is_linear=0
shrinkage=0.04


Tree=55
num_leaves=8
num_cat=0
split_feature=81 35 70 115 61 14 64
split_gain=0.0283527 0.035466 0.0451242 0.0186094 0.0154488 0.0201736 0.00959018
threshold=0.33271681164517602 0.79022029944947458 0.31231166814329187 -0.44385675878043013 -1.293184766376098 0.40702864233412844 -0.1029478399552861
decision_type=2 2 2 2 2 2 2
left_child=1 2 -1 -3 6 -6 -2
right_child=4 3 -4 -5 5 -7 -8
leaf_value=-0.00011143421734308311 0.0002951827775298928 -0.00010641815522924448 0.00062606110458034061 -0.00090818627499340279 -9.4488987465792441e-06 0.00049841724037957781 0.0011305851749209472
leaf_weight=1096 49 76 149 119 439 173 41
leaf_count=1096 49 76 149 119 439 173 41
internal_value=3.33413e-07 -0.000101256 -2.23092e-05 -0.000599955 0.000208417 0.00013527 0.00069206
internal_weight=2142 1440 1245 195 702 612 90
internal_count=2142 1440 1245 195 702 612 90
is_linear=0
shrinkage=0.04


Tree=56
num_leaves=6
num_cat=0
split_feature=37 28 25 81 40
split_gain=0.0273864 0.0380517 0.052206 0.0494454 0.00747015
threshold=-1.097225253966341 -0.35900461308037906 0.53029606078032632 0.12096130093768082 -0.69079408585409119
decision_type=2 2 2 2 2
left_child=4 2 -2 -3 -1
right_child=1 3 -4 -5 -6
leaf_value=0.00031032457947731016 -0.00013567446149078709 -0.00013084397378667828 -0.0011698588573385001 0.00032975138168147379 0.0010908586957624981
leaf_weight=41 466 827 92 676 40
leaf_count=41 466 827 92 676 40
internal_value=3.72866e-07 -2.82892e-05 -0.000309754 7.64796e-05 0.000712771
internal_weight=2142 2061 558 1503 81
internal_count=2142 2061 558 1503 81
is_linear=0
shrinkage=0.04


Tree=57
num_leaves=8
num_cat=0
split_feature=6 106 28 86 82 98 44
split_gain=0.0274682 0.0379485 0.0325235 0.0317566 0.0268672 0.0112132 0.00375043
threshold=0.13181580263175122 0.70792429020341219 0.70796483713514002 0.98342079915856562 -0.54809610684579757 -0.50743460012936992 0.10957412819290198
decision_type=2 2 2 2 2 2 2
left_child=3 2 -2 4 -1 -3 -5
right_child=1 5 -4 6 -6 -7 -8
leaf_value=-0.00060023848896150248 5.2936484205357277e-05 -0.00045691419742070142 -0.00056538593913953367 0.00047052742764876437 0.00011637318815334714 -0.0013612816880534714 0.00098052217070722868
leaf_weight=89 637 46 171 47 1045 46 61
leaf_count=89 637 46 171 47 1045 46 61
internal_value=3.68941e-07 -0.000167693 -7.89943e-05 0.000122227 5.91734e-05 -0.00092844 0.00077117
internal_weight=2142 900 808 1242 1134 92 108
internal_count=2142 900 808 1242 1134 92 108
is_linear=0
shrinkage=0.04


Tree=58
num_leaves=8
num_cat=0
split_feature=110 37 74 63 94 13 28
split_gain=0.0267969 0.0388288 0.0516716 0.0315817 0.0297251 0.024009 0.0122948
threshold=0.22884074129961438 -1.0404479053506837 1.1273804851427369 -0.57572402343016804 -0.15065841083532691 1.3294932065700984 -0.61285676823625035
decision_type=2 2 2 2 2 2 2
left_child=1 6 -3 5 -5 -2 -1
right_child=3 2 -4 4 -6 -7 -8
leaf_value=0.0011703107468340368 -0.00032333080152209109 -9.1559274621654717e-05 -0.00096246064699743495 5.4762565340506776e-06 0.00057901851261650962 0.00059130591855916588 0.00024208313226699828
leaf_weight=40 255 1029 120 250 341 54 53
leaf_count=40 255 1029 120 250 341 54 53
internal_value=3.03309e-07 -0.000120056 -0.000184029 0.000166298 0.00033724 -0.000160717 0.000657554
internal_weight=2142 1242 1149 900 591 309 93
internal_count=2142 1242 1149 900 591 309 93
is_linear=0
shrinkage=0.04


Tree=59
num_leaves=7
num_cat=0
split_feature=6 40 106 37 28 98
split_gain=0.0259394 0.0375173 0.0272823 0.0258577 0.0462474 0.010844
threshold=0.13181580263175122 1.7078721342566718 0.70792429020341219 -0.93333119997846203 -0.35900461308037906 0.049417199258804743
decision_type=2 2 2 2 2 2
left_child=3 2 -2 5 -5 -1
right_child=1 -3 -4 4 -6 -7
leaf_value=0.00027044555591960805 -3.2176585988105524e-05 -0.0013305385200129377 -0.00079513986882506814 -0.0003313949925808607 0.00022771944950377061 0.0011651144544128327
leaf_weight=41 779 40 81 330 823 48
leaf_count=41 779 40 81 330 823 48
internal_value=3.36357e-07 -0.000162981 -0.000105715 0.000118754 6.73986e-05 0.000767966
internal_weight=2142 900 860 1242 1153 89
internal_count=2142 900 860 1242 1153 89
is_linear=0
shrinkage=0.04


Tree=60
num_leaves=7
num_cat=0
split_feature=80 63 53 79 30 10
split_gain=0.0256475 0.0298187 0.0367001 0.0244014 0.0179888 0.0158765
threshold=2.3244561455144983 0.053943292625908884 0.58333333333333337 -0.81572113874022312 -0.055111403268384984 0.44990488076894802
decision_type=2 2 2 2 2 2
left_child=1 2 -1 -3 -2 -6
right_child=4 3 -4 -5 5 -7
leaf_value=-0.00032314537330752595 0.0010818360800380414 0.00067266360394049635 0.00025710395857200233 4.4841118429682388e-05 -0.00025647327562587126 0.0006501698732131818
leaf_weight=778 51 110 223 860 61 59
leaf_count=778 51 110 223 860 61 59
internal_value=2.92083e-07 -4.06557e-05 -0.000193624 0.000117275 0.000467282 0.000192644
internal_weight=2142 1971 1001 970 171 120
internal_count=2142 1971 1001 970 171 120
is_linear=0
shrinkage=0.04


Tree=61
num_leaves=7
num_cat=0
split_feature=115 86 105 48 37 48
split_gain=0.0252323 0.0284672 0.0273209 0.0264834 0.0222814 0.00964268
threshold=0.94400628188823033 1.0127748002445067 1.051832004145286 0.32278878359518409 0.19621062613600346 0.53376756946638371
decision_type=2 2 2 2 2 2
left_child=1 2 -1 4 -2 -3
right_child=3 5 -4 -5 -6 -7
leaf_value=4.4347898994835532e-05 -0.00088572427660793724 0.00069218787021452081 -0.00051205499561864044 -0.0011501742764621189 0.00015521171833448723 7.6351212852894044e-05
leaf_weight=1584 44 133 153 55 114 59
leaf_count=1584 44 133 153 55 114 59
internal_value=3.59766e-07 4.61264e-05 -5.19422e-06 -0.000410692 -0.000142117 0.000505684
internal_weight=2142 1929 1737 213 158 192
internal_count=2142 1929 1737 213 158 192
is_linear=0
shrinkage=0.04


Tree=62
num_leaves=7
num_cat=0
split_feature=31 73 28 106 28 114
split_gain=0.0243602 0.0300131 0.0566936 0.0326599 0.0164807 0.011491
threshold=1.0158816699493187 -0.14493766371824132 -0.35900461308037906 0.71557794403883945 1.241159481913892 -0.44825136350634581
decision_type=2 2 2 2 2 2
left_child=1 3 -3 -1 5 -2
right_child=4 2 -4 -5 -6 -7
leaf_value=0.00031836755855890958 0.00032511174188195062 -0.00051292610337854555 8.9154717801192271e-05 -0.000566313135417216 -0.001113142592113708 -0.00049753101132153415
leaf_weight=696 40 350 864 72 44 76
leaf_count=696 40 350 864 72 44 76
internal_value=2.86425e-07 3.87961e-05 -8.49852e-05 0.000234173 -0.000471341 -0.000213159
internal_weight=2142 1982 1214 768 160 116
internal_count=2142 1982 1214 768 160 116
is_linear=0
shrinkage=0.04


Tree=63
num_leaves=7
num_cat=0
split_feature=82 115 3 11 38 46
split_gain=0.0260788 0.0281378 0.0261445 0.0176758 0.00867972 0.00464156
threshold=-0.54809610684579757 -0.73849565386569382 1.0000000180025095e-35 -0.21121510702174309 -0.034773161928359685 -0.40816982993664774
decision_type=2 2 2 2 2 2
left_child=4 3 -3 -2 5 -1
right_child=1 2 -4 -5 -6 -7
leaf_value=7.2958298313262115e-05 0.00081183326469786527 0.00012817311418857036 -0.00018618330237814566 0.00016418646516237284 -0.00084787019399496216 -0.00048025621587709921
leaf_weight=42 105 880 812 186 63 54
leaf_count=42 105 880 812 186 63 54
internal_value=2.01935e-07 3.99137e-05 -2.27299e-05 0.00040182 -0.000489415 -0.000241675
internal_weight=2142 1983 1692 291 159 96
internal_count=2142 1983 1692 291 159 96
is_linear=0
shrinkage=0.04


Tree=64
num_leaves=6
num_cat=0
split_feature=80 110 59 64 64
split_gain=0.0241426 0.0347868 0.0339421 0.0273291 0.0129038
threshold=-0.90761894125226084 0.094428803937716313 1.0439858564021234 -0.5747115831261761 0.40933830216133399
decision_type=2 2 2 2 2
left_child=4 2 -2 -3 -1
right_child=1 3 -4 -5 -6
leaf_value=0.00021627238139284173 -0.00011541963173742772 -0.00015612518665486156 -0.00088650681935988432 0.00029286784521388227 0.001109223661690273
leaf_weight=66 966 325 99 644 42
leaf_count=66 966 325 99 644 42
internal_value=1.81279e-07 -3.10038e-05 -0.000188625 0.000142265 0.000577385
internal_weight=2142 2034 1065 969 108
internal_count=2142 2034 1065 969 108
is_linear=0
shrinkage=0.04


Tree=65
num_leaves=7
num_cat=0
split_feature=82 115 3 11 38 46
split_gain=0.0241129 0.0252842 0.0265317 0.0237035 0.0080139 0.00460494
threshold=-0.54809610684579757 -0.63892284667850374 1.0000000180025095e-35 -0.21121510702174309 0.086005836259666069 -0.40816982993664774
decision_type=2 2 2 2 2 2
left_child=4 3 -3 -2 5 -1
right_child=1 2 -4 -5 -6 -7
leaf_value=6.8528697963550012e-05 0.00077366472870637559 0.00012712087929944314 -0.00019445199633825962 8.8900504666272306e-05 -0.00084859093764580082 -0.00046928822698574216
leaf_weight=42 129 855 786 213 56 61
leaf_count=42 129 855 786 213 56 61
internal_value=1.91203e-07 3.83769e-05 -2.69541e-05 0.000350185 -0.00047061 -0.000252856
internal_weight=2142 1983 1641 342 159 103
internal_count=2142 1983 1641 342 159 103
is_linear=0
shrinkage=0.04


Tree=66
num_leaves=5
num_cat=0
split_feature=36 70 87 47
split_gain=0.0232776 0.0250829 0.0275672 0.0246456
threshold=-1.4272145106823577 0.22095903080251209 1.5659260195206344 0.60305365260311994
decision_type=2 2 2 2
left_child=-1 2 -2 -3
right_child=1 3 -4 -5
leaf_value=0.00088054935606394678 -0.00018963376463368805 0.00032410562331538779 0.0003155471405272584 -0.00020395217757662618
leaf_weight=45 1200 502 200 195
leaf_count=45 1200 502 200 195
internal_value=1.6661e-07 -1.95467e-05 -0.000117118 0.00017621
internal_weight=2142 2097 1400 697
internal_count=2142 2097 1400 697
is_linear=0
shrinkage=0.04


Tree=67
num_leaves=8
num_cat=0
split_feature=63 117 33 45 40 38 14
split_gain=0.022505 0.0314247 0.0698571 0.025875 0.041581 0.02413 0.0222748
threshold=0.048856187717747412 0.91022035059711726 0.041025423358207413 -0.56134763134383436 -0.82088868175686569 1.9100861057638907 -0.29681962882078328
decision_type=2 2 2 2 2 2 2
left_child=1 5 -3 6 -5 -1 -2
right_child=3 2 -4 4 -6 -7 -8
leaf_value=-9.8093517834889576e-05 3.8776435437338313e-06 -9.7522441086497302e-05 -0.0019805505689647462 -0.00094270341366416578 0.00010815973317005649 0.00063526865382953427 0.00075966372301662481
leaf_weight=900 100 106 43 64 689 76 164
leaf_count=900 100 106 43 64 689 76 164
internal_value=2.01983e-07 -0.000122969 -0.000659981 0.000136428 1.65827e-05 -3.98051e-05 0.000475563
internal_weight=2142 1125 149 1017 753 976 264
internal_count=2142 1125 149 1017 753 976 264
is_linear=0
shrinkage=0.04


Tree=68
num_leaves=7
num_cat=0
split_feature=80 63 53 45 30 10
split_gain=0.0217964 0.0244869 0.0321451 0.0214728 0.0156034 0.0139856
threshold=2.3244561455144983 0.053943292625908884 0.58333333333333337 -0.54499986877544615 -0.055111403268384984 0.44990488076894802
decision_type=2 2 2 2 2 2
left_child=1 2 -1 -3 -2 -6
right_child=4 3 -4 -5 5 -7
leaf_value=-0.00029745667114650879 0.0010029603299280664 0.00042673179500965372 0.00024557282618091752 -4.5190339424703836e-06 -0.00024644431652083609 0.00060441838970529984
leaf_weight=778 51 246 223 724 61 59
leaf_count=778 51 246 223 724 61 59
internal_value=1.33758e-07 -3.76146e-05 -0.000176234 0.000105503 0.000430638 0.000174947
internal_weight=2142 1971 1001 970 171 120
internal_count=2142 1971 1001 970 171 120
is_linear=0
shrinkage=0.04


Tree=69
num_leaves=5
num_cat=0
split_feature=36 115 42 106
split_gain=0.0213822 0.0240012 0.025287 0.0233368
threshold=-1.3485250905597284 0.94400628188823033 0.66350954503725845 0.66137986411914562
decision_type=2 2 2 2
left_child=-1 3 -3 -2
right_child=1 2 -4 -5
leaf_value=0.00071460829592811376 7.2343763103680772e-05 -0.00066718423927975999 0.0004415572039683217 -0.00037129725332705907
leaf_weight=63 1670 157 40 212
leaf_count=63 1670 157 40 212
internal_value=1.93007e-07 -2.21219e-05 -0.000439884 2.20282e-05
internal_weight=2142 2079 197 1882
internal_count=2142 2079 197 1882
is_linear=0
shrinkage=0.04


Tree=70
num_leaves=7
num_cat=0
split_feature=34 69 60 53 46 116
split_gain=0.021641 0.0271579 0.0318421 0.020886 0.0220312 0.0198951
threshold=0.95488269954023897 0.4500702911880487 0.64822132115423503 -0.58333333333333315 -0.3896809223603751 -0.1970401042109079
decision_type=2 2 2 2 2 2
left_child=1 2 -1 -2 -5 -3
right_child=3 5 -4 4 -6 -7
leaf_value=3.3045801594873249e-05 0.00026031067768522237 0.00071108642467685671 -0.0005568902316486086 -0.0001484556516030191 -0.0011129301482402584 9.3688222007889043e-05
leaf_weight=1435 57 148 161 77 74 190
leaf_count=1435 57 148 161 77 74 190
internal_value=1.92376e-07 4.20273e-05 -2.70878e-05 -0.000385487 -0.000629482 0.000366621
internal_weight=2142 1934 1596 208 151 338
internal_count=2142 1934 1596 208 151 338
is_linear=0
shrinkage=0.04


Tree=71
num_leaves=5
num_cat=0
split_feature=116 115 10 26
split_gain=0.0209539 0.0239651 0.0302723 0.0236108
threshold=-0.78889829217045881 0.32740585480474854 1.1354143793410121 0.85081827100450746
decision_type=2 2 2 2
left_child=-1 3 -3 -2
right_child=1 2 -4 -5
leaf_value=-0.00083512691275632771 0.00017233311313976884 -8.4674539147500038e-05 -0.00096225072701469931 -0.0003439620293193002
leaf_weight=45 1246 625 68 158
leaf_count=45 1246 625 68 158
internal_value=1.57812e-07 1.8861e-05 -0.000173307 0.000113825
internal_weight=2142 2097 693 1404
internal_count=2142 2097 693 1404
is_linear=0
shrinkage=0.04


Tree=72
num_leaves=7
num_cat=0
split_feature=82 2 100 114 38 65
split_gain=0.0211956 0.0232273 0.0348418 0.0160393 0.00714359 0.00386585
threshold=-0.54809610684579757 -0.41978653915901681 0.59706924023473895 0.14711172516782792 0.086005836259666069 -0.14122294615731348
decision_type=2 2 2 2 2 2
left_child=4 3 -3 -2 5 -1
right_child=1 2 -4 -5 -6 -7
leaf_value=-8.4790533131534419e-06 0.00046887794859607569 3.0744631907929522e-05 -0.00053594869228312174 3.7300985084080143e-05 -0.00079815113218501216 -0.00049529003554346922
leaf_weight=56 278 1233 200 272 56 47
leaf_count=56 278 1233 200 272 56 47
internal_value=7.48683e-08 3.58762e-05 -4.8984e-05 0.000256352 -0.000441328 -0.000235819
internal_weight=2142 1983 1433 550 159 103
internal_count=2142 1983 1433 550 159 103
is_linear=0
shrinkage=0.04


Tree=73
num_leaves=6
num_cat=0
split_feature=37 110 74 64 40
split_gain=0.0196022 0.0256768 0.0377686 0.0242419 0.0074611
threshold=-1.097225253966341 0.094428803937716313 1.1273804851427369 -0.5747115831261761 -0.69079408585409119
decision_type=2 2 2 2 2
left_child=4 2 -2 -3 -1
right_child=1 3 -4 -5 -6
leaf_value=0.00020732868164994342 -7.5832489641979917e-05 -0.00015545259912298103 -0.00084458648135248384 0.00027135453175289418 0.00097885109952628802
leaf_weight=41 998 319 112 632 40
leaf_count=41 998 319 112 632 40
internal_value=2.33301e-08 -2.42253e-05 -0.00015478 0.000128162 0.000602733
internal_weight=2142 2061 1110 951 81
internal_count=2142 2061 1110 951 81
is_linear=0
shrinkage=0.04


Tree=74
num_leaves=6
num_cat=0
split_feature=59 64 112 45 102
split_gain=0.0201257 0.0223079 0.0409964 0.0254373 0.0102747
threshold=2.3195702608057851 -0.10894425738938897 -1.1049208479683212 -0.54499986877544615 0.36990524576149569
decision_type=2 2 2 2 2
left_child=1 2 -1 -3 -2
right_child=4 3 -4 -5 -6
leaf_value=0.00040782113882127186 0.0001030959944256534 0.00039724794467344216 -0.00030986160347680822 -2.762708596727701e-05 0.00084295614099559883
leaf_weight=153 57 305 716 848 63
leaf_count=153 57 305 716 848 63
internal_value=3.6639e-08 -3.00377e-05 -0.000182857 8.52572e-05 0.000498974
internal_weight=2142 2022 869 1153 120
internal_count=2142 2022 869 1153 120
is_linear=0
shrinkage=0.04


Tree=75
num_leaves=8
num_cat=0
split_feature=6 106 28 73 28 93 98
split_gain=0.0199296 0.0239848 0.0261906 0.0201452 0.0285244 0.0154563 0.00945369
threshold=0.13181580263175122 0.70792429020341219 0.70796483713514002 0.10887764877659252 -0.43021960871784909 -1.135599269680073 -0.50743460012936992
decision_type=2 2 2 2 2 2 2
left_child=3 2 -2 5 -5 -1 -3
right_child=1 6 -4 4 -6 -7 -8
leaf_value=-0.0002147504079103884 4.5872964413751269e-05 -0.00032124284701846287 -0.00050899715982515481 -0.00053673705434186024 9.38380805059569e-05 0.00035541234575036577 -0.0011433655749230336
leaf_weight=88 637 46 171 147 498 509 46
leaf_count=88 637 46 171 147 498 509 46
internal_value=8.79209e-08 -0.000143065 -7.25231e-05 0.000103885 -5.10893e-05 0.000270932 -0.000747885
internal_weight=2142 900 808 1242 645 597 92
internal_count=2142 900 808 1242 645 597 92
is_linear=0
shrinkage=0.04


Tree=76
num_leaves=7
num_cat=0
split_feature=82 31 73 40 10 79
split_gain=0.0192692 0.0217871 0.0270981 0.0126477 0.00660285 0.00433448
threshold=-0.54809610684579757 1.0158816699493187 -0.22299139734933626 1.3607045112080176 -0.49436437116208681 -0.56820068388359901
decision_type=2 2 2 2 2 2
left_child=4 2 -2 -3 -1 -6
right_child=1 3 -4 -5 5 -7
leaf_value=-2.6689968700520692e-05 0.00028325357388134145 -0.00019747887277279144 -3.967177451795044e-05 -0.0010116232863982165 -0.0007727827226156242 -0.00023837110856437079
leaf_weight=48 637 117 1189 40 71 40
leaf_count=48 637 117 1189 40 71 40
internal_value=1.19525e-09 3.41369e-05 7.31674e-05 -0.00041502 -0.000420865 -0.000587829
internal_weight=2142 1983 1826 157 159 111
internal_count=2142 1983 1826 157 159 111
is_linear=0
shrinkage=0.04


Tree=77
num_leaves=6
num_cat=0
split_feature=59 59 69 73 28
split_gain=0.0189926 0.0208138 0.0610744 0.0200577 0.0099569
threshold=2.3195702608057851 1.0439858564021234 -1.2741042035355272 -0.22299139734933626 0.86512248999259311
decision_type=2 2 2 2 2
left_child=1 3 -3 -1 -2
right_child=4 2 -4 -5 -6
leaf_value=0.0001805288066990875 0.00074171648222815109 0.00043617954526846268 -0.00096588174982811337 -9.1822690354231303e-05 -2.2234624768823906e-05
leaf_weight=705 79 81 123 1113 41
leaf_count=705 79 81 123 1113 41
internal_value=-7.36025e-08 -2.92889e-05 -0.000410351 1.38745e-05 0.000484614
internal_weight=2142 2022 204 1818 120
internal_count=2142 2022 204 1818 120
is_linear=0
shrinkage=0.04


Tree=78
num_leaves=8
num_cat=0
split_feature=2 28 80 86 63 43 47
split_gain=0.0187516 0.0185339 0.0391101 0.0264138 0.0184611 0.0170791 0.016223
threshold=0.058911478563912177 -0.37284470011983917 -0.074958867161479398 0.9241345090687455 0.048856187717747412 -0.78031292935633301 0.33187135494518621
decision_type=2 2 2 2 2 2 2
left_child=1 2 -1 -3 5 -2 -6
right_child=4 3 -4 -5 6 -7 -8
leaf_value=0.00028038379956037482 0.00048525580581987185 0.00011274538227492076 -0.00058201830099456056 0.00073158173886247709 0.00021024035978839631 -0.00035851860540302974 -0.00028591535473993467
leaf_weight=171 40 680 162 130 328 478 153
leaf_count=171 40 680 162 130 328 478 153
internal_value=-6.02667e-08 0.000110495 -0.000140133 0.000213622 -0.000126519 -0.000291747 5.18891e-05
internal_weight=2142 1143 333 810 999 518 481
internal_count=2142 1143 333 810 999 518 481
is_linear=0
shrinkage=0.04


Tree=79
num_leaves=5
num_cat=0
split_feature=116 115 10 25
split_gain=0.0182333 0.0193506 0.027699 0.0188116
threshold=-0.78889829217045881 0.32740585480474854 1.1354143793410121 0.53029606078032632
decision_type=2 2 2 2
left_child=-1 3 -3 -2
right_child=1 2 -4 -5
leaf_value=-0.00077920980709406769 0.00019360743768102737 -7.0522947672199747e-05 -0.00090990787036051711 -0.00013245240929441731
leaf_weight=45 1013 625 68 391
leaf_count=45 1013 625 68 391
internal_value=-3.57032e-08 1.74113e-05 -0.000155268 0.000102744
internal_weight=2142 2097 693 1404
internal_count=2142 2097 693 1404
is_linear=0
shrinkage=0.04


Tree=80
num_leaves=8
num_cat=0
split_feature=29 106 36 82 53 46 11
split_gain=0.0181032 0.032158 0.0323889 0.0176856 0.0139432 0.0130204 0.00487168
threshold=-0.52559998739257374 0.70792429020341219 0.29012698545405902 0.97329278806826103 -0.58333333333333315 0.13420515343411585 -0.40251263202212434
decision_type=2 2 2 2 2 2 2
left_child=3 2 -2 4 -1 -3 -5
right_child=1 5 -4 6 -6 -7 -8
leaf_value=-0.00053098233139070757 0.00014717172189766307 -0.00036519175105027189 -0.00023905947458410952 0.00029885041273453017 0.00016675130859513637 -0.0011690165322927877 0.00086911651236352635
leaf_weight=50 862 113 579 42 386 45 65
leaf_count=50 862 113 579 42 386 45 65
internal_value=-9.76513e-08 -6.78813e-05 -8.13388e-06 0.000199025 8.46768e-05 -0.00060588 0.000654864
internal_weight=2142 1599 1441 543 436 158 107
internal_count=2142 1599 1441 543 436 158 107
is_linear=0
shrinkage=0.04


Tree=81
num_leaves=5
num_cat=0
split_feature=36 40 111 28
split_gain=0.0174785 0.0205477 0.0588063 0.0188879
threshold=-1.4272145106823577 1.7078721342566718 -0.70397589284008177 -0.34601526552390971
decision_type=2 2 2 2
left_child=-1 3 -3 -2
right_child=1 2 -4 -5
leaf_value=0.00076275249094791471 -0.00016782511817689286 0.00032176021045367964 -0.0015742124587639558 9.5723332090450562e-05
leaf_weight=45 638 55 47 1357
leaf_count=45 638 55 47 1357
internal_value=-1.2443e-07 -1.72064e-05 -0.000565347 1.1357e-05
internal_weight=2142 2097 102 1995
internal_count=2142 2097 102 1995
is_linear=0
shrinkage=0.04


Tree=82
num_leaves=7
num_cat=0
split_feature=80 80 81 13 64 29
split_gain=0.0174718 0.0196455 0.0216479 0.0128123 0.0118637 0.00770571
threshold=2.3244561455144983 -0.90761894125226084 0.31670409288975909 1.5880960582759522 0.40933830216133399 -0.0060610571083828816
decision_type=2 2 2 2 2 2
left_child=1 4 -3 5 -1 -2
right_child=3 2 -4 -5 -6 -7
leaf_value=0.00014173214864807534 0.00053551470823797658 -0.00016262104515075859 0.00012459325640343781 0.00084049317773268934 0.00099489846573719244 -0.00014081884621243391
leaf_weight=66 42 1227 636 61 42 68
leaf_count=66 42 1227 636 61 42 68
internal_value=-1.40415e-07 -3.39369e-05 -6.4542e-05 0.000385297 0.000485576 0.000122369
internal_weight=2142 1971 1863 171 108 110
internal_count=2142 1971 1863 171 108 110
is_linear=0
shrinkage=0.04


Tree=83
num_leaves=4
num_cat=0
split_feature=38 38 64
split_gain=0.0170078 0.023753 0.023812
threshold=2.740631553393051 1.9100861057638907 -0.11429613810995368
decision_type=2 2 2
left_child=1 2 -1
right_child=-2 -3 -4
leaf_value=-0.0001665064069031194 -0.00079706389645469334 0.00071979304876672475 0.00010973598690477869
leaf_weight=878 40 72 1152
leaf_count=878 40 72 1152
internal_value=-4.77179e-08 1.58623e-05 -9.78854e-06
internal_weight=2142 2102 2030
internal_count=2142 2102 2030
is_linear=0
shrinkage=0.04


Tree=84
num_leaves=8
num_cat=0
split_feature=30 74 111 81 42 60 63
split_gain=0.0169973 0.0294513 0.0232642 0.0228994 0.0207416 0.0288597 0.0138975
threshold=0.052290009657916157 -0.21234195809509768 -0.40401177321827758 0.058773161056563265 0.3277345267847756 0.77066786893973394 0.062585611850447101
decision_type=2 2 2 2 2 2 2
left_child=4 2 -2 -3 5 -1 -6
right_child=1 3 -4 -5 6 -7 -8
leaf_value=7.9600548287306165e-05 0.00065436970382525591 -0.00059090596572320276 -3.3867879607644588e-05 -5.4508912529150442e-05 8.0282736242406831e-05 -0.00083561517613924149 0.00070887481692983808
leaf_weight=838 95 263 413 246 98 57 132
leaf_count=838 95 263 413 246 98 57 132
internal_value=-5.08096e-08 -0.000118439 9.68994e-05 -0.000332893 0.000106993 1.95799e-05 0.000444041
internal_weight=2142 1017 508 509 1125 895 230
internal_count=2142 1017 508 509 1125 895 230
is_linear=0
shrinkage=0.04


Tree=85
num_leaves=5
num_cat=0
split_feature=37 28 60 81
split_gain=0.0170611 0.0256575 0.0450095 0.0316132
threshold=-1.1219483459740081 -0.35900461308037906 0.75798446702060496 0.12096130093768082
decision_type=2 2 2 2
left_child=-1 2 -2 -3
right_child=1 3 -4 -5
leaf_value=0.00063810990381394869 -0.00014353436627774719 -9.9088959184145451e-05 -0.0014620115861406601 0.00026890885157776853
leaf_weight=63 531 827 43 678
leaf_count=63 531 827 43 678
internal_value=-4.84715e-08 -1.99813e-05 -0.000247039 6.68303e-05
internal_weight=2142 2079 574 1505
internal_count=2142 2079 574 1505
is_linear=0
shrinkage=0.04


Tree=86
num_leaves=8
num_cat=0
split_feature=110 28 28 37 111 47 45
split_gain=0.0162682 0.0221322 0.0304297 0.0212067 0.0184603 0.0181671 0.0163656
threshold=0.42483323496521547 -0.76556417518205688 -0.24466683410670295 -0.93333119997846203 -0.15614115738659359 0.38418289215551849 1.6678660408837398
decision_type=2 2 2 2 2 2 2
left_child=1 3 -3 -1 5 -2 -6
right_child=4 2 -4 -5 6 -7 -8
leaf_value=0.0011692452651914209 0.00075912163039902223 -0.00037926015094543668 2.0014376305645022e-05 -2.0567028217815926e-05 -3.1273186619042373e-05 -0.00020948129356838764 0.0006907520923622153
leaf_weight=41 125 467 875 54 486 40 54
leaf_count=41 125 467 875 54 486 40 54
internal_value=-7.62944e-08 -7.72721e-05 -0.000119286 0.000506451 0.000157045 0.000524612 4.32118e-05
internal_weight=2142 1437 1342 95 705 165 540
internal_count=2142 1437 1342 95 705 165 540
is_linear=0
shrinkage=0.04


Tree=87
num_leaves=5
num_cat=0
split_feature=38 13 110 73
split_gain=0.016191 0.0218638 0.0274043 0.0223685
threshold=2.740631553393051 1.5880960582759522 0.28198368136144963 -0.22299139734933626
decision_type=2 2 2 2
left_child=1 3 -3 -1
right_child=-2 2 -4 -5
leaf_value=0.00015429255221109883 -0.00077764080460405061 -9.6485874249732932e-05 0.00099952812999104849 -0.00012452068382212542
leaf_weight=736 40 68 76 1222
leaf_count=736 40 68 76 1222
internal_value=1.33194e-09 1.55246e-05 0.000487734 -1.9666e-05
internal_weight=2142 2102 144 1958
internal_count=2142 2102 144 1958
is_linear=0
shrinkage=0.04


Tree=88
num_leaves=7
num_cat=0
split_feature=6 40 86 37 106 45
split_gain=0.0165197 0.0260921 0.0192432 0.01755 0.0161122 0.00353788
threshold=0.13181580263175122 1.7078721342566718 0.98342079915856562 -1.0091873138778815 0.80958953280572887 -0.039942017697807294
decision_type=2 2 2 2 2 2
left_child=2 4 3 -1 -2 -4
right_child=1 -3 5 -5 -6 -7
leaf_value=0.00068888042671119362 -3.6472236402067354e-05 -0.0011039854790128414 0.00032820199562611023 6.9991081013786264e-06 -0.00073251263253807427 0.00080696995984610238
leaf_weight=62 805 40 49 1072 55 59
leaf_count=62 805 40 49 1072 55 59
internal_value=7.068e-09 -0.000130326 9.45087e-05 4.54273e-05 -8.25827e-05 0.000599668
internal_weight=2142 900 1242 1134 860 108
internal_count=2142 900 1242 1134 860 108
is_linear=0
shrinkage=0.04


Tree=89
num_leaves=5
num_cat=0
split_feature=116 64 86 112
split_gain=0.0160582 0.016399 0.0270709 0.0265707
threshold=-0.78889829217045881 -0.11429613810995368 -0.26864696087609891 -1.1049208479683212
decision_type=2 2 2 2
left_child=-1 3 -3 -2
right_child=1 2 -4 -5
leaf_value=-0.00073121970513231177 0.00037051825084142968 0.00041150434245474607 -8.9211934042746678e-06 -0.00020501967786859033
leaf_weight=45 152 346 828 771
leaf_count=45 152 346 828 771
internal_value=5.22115e-09 1.63785e-05 0.000115475 -0.000109644
internal_weight=2142 2097 1174 923
internal_count=2142 2097 1174 923
is_linear=0
shrinkage=0.04


Tree=90
num_leaves=8
num_cat=0
split_feature=29 74 59 117 41 46 11
split_gain=0.0162546 0.0239887 0.02622 0.0223936 0.017511 0.017592 0.0164916
threshold=-0.52559998739257374 -0.11823412739296402 0.025141371609139811 0.85266937180406532 -0.36262660030840937 -0.086850348679707673 0.29114453128715773
decision_type=2 2 2 2 2 2 2
left_child=4 2 -2 -3 6 -6 -1
right_child=1 3 -4 -5 5 -7 -8
leaf_value=0.00014950067975052272 -6.2686136736550714e-05 -0.00012532634556256076 0.00043325260100954765 -0.00070071950152357542 0.00092695160953609702 0.00019522074919316372 -0.00054007781554699054
leaf_weight=240 545 681 246 127 79 154 70
leaf_count=240 545 681 246 127 79 154 70
internal_value=-1.0739e-09 -6.42307e-05 9.22539e-05 -0.000217272 0.000188681 0.000449096 -8.67448e-06
internal_weight=2142 1599 791 808 543 233 310
internal_count=2142 1599 791 808 543 233 310
is_linear=0
shrinkage=0.04


Tree=91
num_leaves=8
num_cat=0
split_feature=30 74 111 81 42 24 64
split_gain=0.0155306 0.0242415 0.0207494 0.0197571 0.0186411 0.0259423 0.0151597
threshold=0.052290009657916157 -0.21234195809509768 -0.40401177321827758 0.058773161056563265 0.3277345267847756 0.59773319571031547 -0.011929736660112064
decision_type=2 2 2 2 2 2 2
left_child=4 2 -2 -3 5 -1 -6
right_child=1 3 -4 -5 6 -7 -8
leaf_value=6.6985383251584937e-05 0.00060871604858230336 -0.00054737145496853014 -4.122777104781694e-05 -4.914840152166782e-05 1.5363070465948271e-05 -0.00095121383772320343 0.00067927669395994347
leaf_weight=855 95 263 413 246 90 40 140
leaf_count=855 95 263 413 246 90 40 140
internal_value=9.2714e-09 -0.000113156 8.22273e-05 -0.000307715 0.00010233 1.94599e-05 0.000421856
internal_weight=2142 1017 508 509 1125 895 230
internal_count=2142 1017 508 509 1125 895 230
is_linear=0
shrinkage=0.04


Tree=92
num_leaves=7
num_cat=0
split_feature=82 115 97 11 38 46
split_gain=0.0154303 0.0186779 0.019286 0.013369 0.00633395 0.00390127
threshold=-0.54809610684579757 -0.73849565386569382 -0.37929221167697175 -0.21121510702174309 0.086005836259666069 -0.40816982993664774
decision_type=2 2 2 2 2 2
left_child=4 3 -3 -2 5 -1
right_child=1 2 -4 -5 -6 -7
leaf_value=0.00010985888675680723 0.00068188441440759006 -0.00025483487643990048 5.7168487789683387e-05 0.00011905768852770091 -0.00071209510467175774 -0.00038361105143964764
leaf_weight=42 105 420 1272 186 56 61
leaf_count=42 105 420 1272 186 56 61
internal_value=7.42573e-10 3.05475e-05 -2.04886e-05 0.000325408 -0.000376616 -0.000184131
internal_weight=2142 1983 1692 291 159 103
internal_count=2142 1983 1692 291 159 103
is_linear=0
shrinkage=0.04


Tree=93
num_leaves=7
num_cat=0
split_feature=31 46 60 115 28 114
split_gain=0.0150501 0.0181273 0.0422722 0.0199049 0.0127446 0.00844151
threshold=1.0366778341000462 0.0068513046697011339 0.78298904131157376 0.44301093597454649 1.241159481913892 -0.39493796806605014
decision_type=2 2 2 2 2 2
left_child=1 3 -3 -1 5 -2
right_child=4 2 -4 -5 -6 -7
leaf_value=0.00026084682096875946 0.00031080298851260787 -4.1080586759709774e-06 -0.00087096315352246177 -0.00013949165972457691 -0.0009391067511624778 -0.0004075357596240273
leaf_weight=718 40 901 98 273 44 68
leaf_count=718 40 901 98 273 44 68
internal_value=-1.35615e-08 2.94396e-05 -9.07152e-05 0.000150503 -0.000380991 -0.000140671
internal_weight=2142 1990 999 991 152 108
internal_count=2142 1990 999 991 152 108
is_linear=0
shrinkage=0.04


Tree=94
num_leaves=8
num_cat=0
split_feature=2 106 73 80 70 28 13
split_gain=0.014675 0.0228385 0.022029 0.0138361 0.0123702 0.0112477 0.00676673
threshold=-0.41318529225959871 0.70792429020341219 -0.22299139734933626 0.89747954659664908 0.29666581368671691 -0.16383627742706858 0.60911194575823802
decision_type=2 2 2 2 2 2 2
left_child=3 2 -2 4 -1 -3 -5
right_child=1 5 -4 6 -6 -7 -8
leaf_value=-3.7882866502929644e-06 0.00017587124979916936 -0.0010500589054711956 -0.00014780786714214765 0.00025240820397933329 0.00050507138836227599 -0.0002939624404811877 0.0009663943015038967
leaf_weight=429 568 45 819 43 91 103 44
leaf_count=429 568 45 819 43 91 103 44
internal_value=-7.97932e-08 -6.59222e-05 -1.51934e-05 0.000166094 8.68561e-05 -0.000534792 0.000627107
internal_weight=2142 1535 1387 607 520 148 87
internal_count=2142 1535 1387 607 520 148 87
is_linear=0
shrinkage=0.04


Tree=95
num_leaves=4
num_cat=0
split_feature=38 38 63
split_gain=0.0146977 0.0201011 0.0202828
threshold=2.740631553393051 1.9100861057638907 -0.19256085336695222
decision_type=2 2 2
left_child=1 2 -1
right_child=-2 -3 -4
leaf_value=-0.00016951907007137936 -0.0007409763288506795 0.00066228902587239205 9.0450301316223914e-05
leaf_weight=775 40 72 1255
leaf_count=775 40 72 1255
internal_value=-6.15236e-08 1.47287e-05 -8.86825e-06
internal_weight=2142 2102 2030
internal_count=2142 2102 2030
is_linear=0
shrinkage=0.04


Tree=96
num_leaves=5
num_cat=0
split_feature=116 115 40 26
split_gain=0.0142234 0.014832 0.0285879 0.0179865
threshold=-0.78889829217045881 0.3148246199268892 1.5623160482578344 0.85081827100450746
decision_type=2 2 2 2
left_child=-1 3 -3 -2
right_child=1 2 -4 -5
leaf_value=-0.00068824839035167983 0.00014220198520799695 -5.0197459551819356e-05 -0.00090768976638977677 -0.00030858413003352327
leaf_weight=45 1237 635 67 158
leaf_count=45 1237 635 67 158
internal_value=-6.49492e-08 1.53447e-05 -0.000134384 9.07765e-05
internal_weight=2142 2097 702 1395
internal_count=2142 2097 702 1395
is_linear=0
shrinkage=0.04


Tree=97
num_leaves=7
num_cat=0
split_feature=29 115 45 35 53 59
split_gain=0.0143306 0.0184721 0.0202324 0.0159649 0.0363234 0.0112099
threshold=-0.52559998739257374 1.1661943588701928 -0.69120008526752386 0.39397393077908288 -0.74999999999999989 -0.086755432024386653
decision_type=2 2 2 2 2 2
left_child=3 2 -2 4 -1 -5
right_child=1 -3 -4 5 -6 -7
leaf_value=-0.00094838452943581705 0.00026090796297935191 -0.00068207511027688027 -0.00010313577925996626 0.00017760002991011321 0.00020375841792963346 0.0010929583972121807
leaf_weight=47 303 71 1225 41 410 45
leaf_count=47 303 71 1225 41 410 45
internal_value=-1.29983e-07 -6.04386e-05 -3.06998e-05 0.000177034 8.16506e-05 0.000670521
internal_weight=2142 1599 1528 543 457 86
internal_count=2142 1599 1528 543 457 86
is_linear=0
shrinkage=0.04


Tree=98
num_leaves=7
num_cat=0
split_feature=82 110 4 33 39 39
split_gain=0.014201 0.0169682 0.0194547 0.0184232 0.00579152 0.00516428
threshold=-0.54809610684579757 0.47216235614749158 0.42202423224186275 1.1303688703244033 0.079756093293643637 -0.16958169905816164
decision_type=2 2 2 2 2 2
left_child=4 2 -2 -3 5 -1
right_child=1 3 -4 -5 -6 -7
leaf_value=-0.00024587120887680121 3.5219834602540185e-05 0.00028990449091475888 -0.00031828468176284752 -0.00041118229417032342 4.0540149520066651e-05 -0.00078557377049167244
leaf_weight=63 1076 519 322 66 42 54
leaf_count=63 1076 519 322 66 42 54
internal_value=-1.24722e-07 2.91801e-05 -4.65409e-05 0.000209676 -0.000361429 -0.000503981
internal_weight=2142 1983 1398 585 159 117
internal_count=2142 1983 1398 585 159 117
is_linear=0
shrinkage=0.04


Tree=99
num_leaves=6
num_cat=0
split_feature=37 28 86 81 28
split_gain=0.0138372 0.0238427 0.0423375 0.0259662 0.00796032
threshold=-1.097225253966341 -0.35900461308037906 0.67728658276213272 0.12096130093768082 -0.60795445636198797
decision_type=2 2 2 2 2
left_child=4 2 -2 -3 -1
right_child=1 3 -4 -5 -6
leaf_value=0.00088431118532668719 -0.00012803181465251347 -8.7868488968147215e-05 -0.0012974870811131866 0.00024591874805778832 9.5006568756486696e-05
leaf_weight=41 505 827 53 676 40
leaf_count=41 505 827 53 676 40
internal_value=-1.71795e-07 -2.05448e-05 -0.000243346 6.23853e-05 0.000506213
internal_weight=2142 2061 558 1503 81
internal_count=2142 2061 558 1503 81
is_linear=0
shrinkage=0.04


Tree=100
num_leaves=5
num_cat=0
split_feature=38 13 110 73
split_gain=0.0133535 0.0190553 0.0245789 0.0182976
threshold=2.740631553393051 1.5880960582759522 0.28198368136144963 -0.22299139734933626
decision_type=2 2 2 2
left_child=1 3 -3 -1
right_child=-2 2 -4 -5
leaf_value=0.00013840623127249165 -0.00070639609824866059 -9.8337370935561405e-05 0.00093947127302854844 -0.00011376384772976215
leaf_weight=736 40 68 76 1222
leaf_count=736 40 68 76 1222
internal_value=-1.75673e-07 1.3922e-05 0.000454761 -1.89302e-05
internal_weight=2142 2102 144 1958
internal_count=2142 2102 144 1958
is_linear=0
shrinkage=0.04


Tree=101
num_leaves=6
num_cat=0
split_feature=80 28 60 81 47
split_gain=0.0135196 0.0208062 0.0503786 0.0249151 0.00878453
threshold=-0.90761894125226084 -0.35900461308037906 0.72897710539069016 0.12096130093768082 -0.045852858376836607
decision_type=2 2 2 2 2
left_child=4 2 -2 -3 -1
right_child=1 3 -4 -5 -6
leaf_value=0.00070733653897743509 -0.00011825559172773524 -9.7907990389726619e-05 -0.0015140337055005754 0.00023168627968996939 -3.0490499217236456e-05
leaf_weight=67 520 786 43 685 41
leaf_count=67 520 786 43 685 41
internal_value=-1.627e-07 -2.3499e-05 -0.000229842 5.56802e-05 0.000431774
internal_weight=2142 2034 563 1471 108
internal_count=2142 2034 563 1471 108
is_linear=0
shrinkage=0.04


Tree=102
num_leaves=7
num_cat=0
split_feature=2 115 110 53 80 100
split_gain=0.0133044 0.019905 0.0137505 0.0203959 0.0158701 0.0136016
threshold=0.058911478563912177 1.1661943588701928 0.75986151072672958 0.91666666666666685 -0.04549790905112281 0.59706924023473895
decision_type=2 2 2 2 2 2
left_child=2 5 4 -4 -1 -2
right_child=1 -3 3 -5 -6 -7
leaf_value=0.00021366398445444738 -1.0924769529186852e-05 -0.0009016026860141817 0.00060541400821202381 -0.0003561068445433984 -0.00011628352534337225 -0.00047654618164973762
leaf_weight=414 841 46 156 44 529 112
leaf_count=414 841 46 156 44 529 112
internal_value=-1.86852e-07 -0.000106706 9.29364e-05 0.000392448 2.87171e-05 -6.65297e-05
internal_weight=2142 999 1143 200 943 953
internal_count=2142 999 1143 200 943 953
is_linear=0
shrinkage=0.04


Tree=103
num_leaves=5
num_cat=0
split_feature=36 41 48 91
split_gain=0.0129706 0.0160507 0.0232683 0.0122699
threshold=-1.4272145106823577 -0.68308748792319529 -0.11475038363241696 0.13114257168789537
decision_type=2 2 2 2
left_child=-1 3 -3 -2
right_child=1 2 -4 -5
leaf_value=0.00065695924138244087 5.0431527188047766e-05 0.00023763538931706894 -6.9858600339928534e-05 -0.00044973259248437774
leaf_weight=45 123 591 1170 213
leaf_count=45 123 591 1170 213
internal_value=-2.18272e-07 -1.49333e-05 3.34904e-05 -0.000267422
internal_weight=2142 2097 1761 336
internal_count=2142 2097 1761 336
is_linear=0
shrinkage=0.04


Tree=104
num_leaves=5
num_cat=0
split_feature=37 110 74 63
split_gain=0.0128219 0.0148409 0.0279274 0.0190714
threshold=-1.1219483459740081 0.094428803937716313 1.1699215869230075 -0.57572402343016804
decision_type=2 2 2 2
left_child=-1 2 -2 -3
right_child=1 3 -4 -5
leaf_value=0.00055303080845624209 -5.0934712459559221e-05 -0.00015715603125309352 -0.0007275913692407173 0.00022267327570068662
leaf_weight=63 1017 313 106 643
leaf_count=63 1017 313 106 643
internal_value=-1.93668e-07 -1.74734e-05 -0.000115984 9.82465e-05
internal_weight=2142 2079 1123 956
internal_count=2142 2079 1123 956
is_linear=0
shrinkage=0.04


Tree=105
num_leaves=7
num_cat=0
split_feature=34 74 28 53 46 40
split_gain=0.0125618 0.0176266 0.0226823 0.0165035 0.0187317 0.0158586
threshold=0.95488269954023897 -0.89054482885779107 0.25976074532134347 -0.58333333333333315 -0.3896809223603751 -0.82088868175686569
decision_type=2 2 2 2 2 2
left_child=1 2 -1 -2 -5 -3
right_child=3 5 -4 4 -6 -7
leaf_value=0.00099023595395864852 0.00027890929548694826 -0.00049256502922709886 -0.00019934541491661652 -6.9541594071042593e-05 -0.00095669585623239209 3.0445683395243631e-05
leaf_weight=64 57 96 41 77 74 1733
leaf_count=64 57 96 41 77 74 1733
internal_value=-1.91891e-07 3.16816e-05 0.000530689 -0.000294033 -0.000511129 2.48601e-06
internal_weight=2142 1934 105 208 151 1829
internal_count=2142 1934 105 208 151 1829
is_linear=0
shrinkage=0.04


Tree=106
num_leaves=6
num_cat=0
split_feature=80 28 60 81 64
split_gain=0.0125551 0.0192975 0.0461355 0.0222491 0.010573
threshold=-0.90761894125226084 -0.35900461308037906 0.72897710539069016 0.12096130093768082 0.40933830216133399
decision_type=2 2 2 2 2
left_child=4 2 -2 -3 -1
right_child=1 3 -4 -5 -6
leaf_value=9.2865331984392152e-05 -0.00011461929464171921 -9.1573963792388019e-05 -0.0014503373186000521 0.00021988857393291541 0.0008965909471391404
leaf_weight=66 520 786 43 685 42
leaf_count=66 520 786 43 685 42
internal_value=-1.99832e-07 -2.26883e-05 -0.00022141 5.35663e-05 0.000416044
internal_weight=2142 2034 563 1471 108
internal_count=2142 2034 563 1471 108
is_linear=0
shrinkage=0.04


Tree=107
num_leaves=6
num_cat=0
split_feature=46 34 74 53 99
split_gain=0.0125081 0.017657 0.0214768 0.0134159 0.0107877
threshold=4.0440497816991892 0.97765992354157538 -0.89054482885779107 -0.58333333333333315 0.23452330756705048
decision_type=2 2 2 2 2
left_child=1 2 -1 -3 -2
right_child=4 3 -4 -5 -6
leaf_value=0.00057556290916041834 0.00091924600016195766 0.00016149710051117922 -1.5940539726622051e-05 -0.00059162537271044684 4.0701494495175319e-05
leaf_weight=102 41 51 1764 137 47
leaf_count=102 41 51 1764 137 47
internal_value=-2.08526e-07 -2.0413e-05 1.69741e-05 -0.000387771 0.000461355
internal_weight=2142 2054 1866 188 88
internal_count=2142 2054 1866 188 88
is_linear=0
shrinkage=0.04


Tree=108
num_leaves=4
num_cat=0
split_feature=38 38 63
split_gain=0.0124669 0.0165835 0.0176054
threshold=2.740631553393051 1.9100861057638907 -0.19256085336695222
decision_type=2 2 2
left_child=1 2 -1
right_child=-2 -3 -4
leaf_value=-0.0001576437458203131 -0.00068253434196646734 0.00060164004940275301 8.4560247340277603e-05
leaf_weight=775 40 72 1255
leaf_count=775 40 72 1255
internal_value=-1.59533e-07 1.34622e-05 -7.97094e-06
internal_weight=2142 2102 2030
internal_count=2142 2102 2030
is_linear=0
shrinkage=0.04


Tree=109
num_leaves=7
num_cat=0
split_feature=3 28 13 80 86 38
split_gain=0.0121715 0.0148048 0.0262118 0.0133547 0.0114997 0.00786126
threshold=-0.90191543440915101 1.1663174551082987 1.5880960582759522 0.9280620065862405 0.7274589352152071 1.1317391786446314
decision_type=2 2 2 2 2 2
left_child=3 2 -2 5 -3 -1
right_child=1 4 -4 -5 -6 -7
leaf_value=0.00023278438066317436 -3.7926610845646799e-05 -0.00072859245601908449 0.00073654168843585125 0.00087721360723177588 1.8902658983798966e-05 -0.0003544499333689196
leaf_weight=193 1656 82 71 43 54 43
leaf_count=193 1656 82 71 43 54 43
internal_value=-1.58897e-07 -3.71357e-05 -5.2717e-06 0.000245257 -0.00043582 0.000123709
internal_weight=2142 1863 1727 279 136 236
internal_count=2142 1863 1727 279 136 236
is_linear=0
shrinkage=0.04


Tree=110
num_leaves=5
num_cat=0
split_feature=116 40 111 60
split_gain=0.0118196 0.0125043 0.044592 0.0133575
threshold=-0.78889829217045881 1.7078721342566718 -0.70397589284008177 -1.4566191713265317
decision_type=2 2 2 2
left_child=-1 3 -3 -2
right_child=1 2 -4 -5
leaf_value=-0.00062746499348035516 0.00065197111048143021 0.00030945212967120687 -0.0012739814479673264 1.9764022073121501e-05
leaf_weight=45 53 63 49 1932
leaf_count=45 53 63 49 1932
internal_value=-1.24762e-07 1.39225e-05 -0.000393497 3.72834e-05
internal_weight=2142 2097 112 1985
internal_count=2142 2097 112 1985
is_linear=0
shrinkage=0.04


Tree=111
num_leaves=7
num_cat=0
split_feature=6 40 57 86 80 45
split_gain=0.0117002 0.0197171 0.0166711 0.015392 0.012101 0.00269256
threshold=0.13181580263175122 1.7078721342566718 1.0718703648166932 0.98342079915856562 -0.88600570635973541 -0.13177888215413666
decision_type=2 2 2 2 2 2
left_child=3 2 -2 4 -1 -5
right_child=1 -3 -4 5 -6 -7
leaf_value=0.00060349968282440516 -0.00012036648761033199 -0.00095622338549306051 0.00052367812464945024 0.00026265163270925931 5.4740086352929926e-06 0.0006892784916015123
leaf_weight=55 792 40 68 42 1079 66
leaf_count=55 792 40 68 42 1079 66
internal_value=-1.54109e-07 -0.000109839 -6.83452e-05 7.93766e-05 3.54902e-05 0.00053116
internal_weight=2142 900 860 1242 1134 108
internal_count=2142 900 860 1242 1134 108
is_linear=0
shrinkage=0.04


Tree=112
num_leaves=8
num_cat=0
split_feature=46 46 60 5 99 68 38
split_gain=0.0116696 0.025318 0.0341381 0.0238827 0.0146298 0.0133266 0.00893015
threshold=1.1404477124344257 0.0068513046697011339 0.78298904131157376 1.089242254925457 0.22413121538653932 -0.44065432962944057 0.67037889591516731
decision_type=2 2 2 2 2 2 2
left_child=1 3 -3 -1 5 -2 -6
right_child=4 2 -4 -5 6 -7 -8
leaf_value=0.00014119772087492973 0.0011067646308693775 -0.00011050812313371116 -0.00091621765376961168 -0.00058551056694108037 -0.00028222296930331876 0.00026525177004685152 0.00041955951612354035
leaf_weight=1004 41 688 94 76 92 107 40
leaf_count=1004 41 688 94 76 92 107 40
internal_value=-1.10333e-07 -3.63908e-05 -0.000209448 8.90712e-05 0.000239702 0.000510022 -6.64736e-05
internal_weight=2142 1862 782 1080 280 148 132
internal_count=2142 1862 782 1080 280 148 132
is_linear=0
shrinkage=0.04


Tree=113
num_leaves=5
num_cat=0
split_feature=37 28 86 81
split_gain=0.0114326 0.0178722 0.0355821 0.0178903
threshold=-1.1219483459740081 -0.35900461308037906 0.67728658276213272 0.12096130093768082
decision_type=2 2 2 2
left_child=-1 2 -2 -3
right_child=1 3 -4 -5
leaf_value=0.00052228918965332787 -0.00010031968369199043 -6.879463164135709e-05 -0.001145631890856372 0.00020804530588809617
leaf_weight=63 518 827 56 678
leaf_count=63 518 827 56 678
internal_value=-1.04491e-07 -1.64213e-05 -0.000205925 5.60319e-05
internal_weight=2142 2079 574 1505
internal_count=2142 2079 574 1505
is_linear=0
shrinkage=0.04


Tree=114
num_leaves=8
num_cat=0
split_feature=1 86 115 64 70 43 62
split_gain=0.0112862 0.0146487 0.0136147 0.0164703 0.0117515 0.00800348 0.00222446
threshold=0.1342845353239763 1.0826685974517944 -0.37347285433985322 0.043896270349543291 0.29666581368671691 -0.62638229828635594 -0.13160992127636775
decision_type=2 2 2 2 2 2 2
left_child=1 4 5 -4 -1 -2 -3
right_child=2 6 3 -5 -6 -7 -8
leaf_value=-2.983640139877205e-05 0.00059226749657207865 0.00074808876112322591 -0.00043306764065440581 -1.3382991387752318e-05 0.00027630718262382567 2.2337254072960106e-05 0.00032158008357371383
leaf_weight=877 44 49 291 306 258 277 40
leaf_count=877 44 49 291 306 258 277 40
internal_value=-1.22118e-07 7.93414e-05 -0.000106016 -0.000218716 4.01176e-05 0.000103642 0.00056768
internal_weight=2142 1224 918 597 1135 321 89
internal_count=2142 1224 918 597 1135 321 89
is_linear=0
shrinkage=0.04


Tree=115
num_leaves=8
num_cat=0
split_feature=114 70 118 9 87 13 40
split_gain=0.0110643 0.0171488 0.0229917 0.0225921 0.00943869 0.00953162 0.00799534
threshold=-0.75977381868714755 0.22095903080251209 -0.67642869234404857 -0.24737236527468881 -0.32151925295270151 -0.34884394846007033 0.17148342117473134
decision_type=2 2 2 2 2 2 2
left_child=4 3 -3 -2 6 -6 -1
right_child=1 2 -4 -5 5 -7 -8
leaf_value=-0.00028187047777304702 8.4592926924846034e-05 -0.00068940613456070431 0.00020664299337753593 -0.00027185806542368566 0.00080100413821316489 0.00020403138315706545 0.00037016540887351663
leaf_weight=89 473 48 552 709 56 172 43
leaf_count=89 473 48 552 709 56 172 43
internal_value=-6.1848e-08 -4.09751e-05 0.000132907 -0.000129315 0.000201566 0.000356347 -6.71102e-05
internal_weight=2142 1782 600 1182 360 228 132
internal_count=2142 1782 600 1182 360 228 132
is_linear=0
shrinkage=0.04


Tree=116
num_leaves=5
num_cat=0
split_feature=38 13 110 35
split_gain=0.01132 0.0152701 0.0206484 0.0157486
threshold=2.740631553393051 1.5880960582759522 0.28198368136144963 1.2977755258977306
decision_type=2 2 2 2
left_child=1 3 -3 -1
right_child=-2 2 -4 -5
leaf_value=2.7898793344949501e-06 -0.00065027281331519289 -9.9141743533047189e-05 0.0008518593473873364 -0.00068377067197368231
leaf_weight=1905 40 68 76 53
leaf_count=1905 40 68 76 53
internal_value=-4.35812e-08 1.29363e-05 0.000407569 -1.6473e-05
internal_weight=2142 2102 144 1958
internal_count=2142 2102 144 1958
is_linear=0
shrinkage=0.04


Tree=117
num_leaves=8
num_cat=0
split_feature=46 46 40 5 105 82 10
split_gain=0.0107948 0.0232453 0.0376527 0.0216004 0.0140842 0.0124943 0.00912814
threshold=1.1404477124344257 0.0068513046697011339 -0.82088868175686569 1.089242254925457 0.1500839859008998 -0.22469005432350755 0.65006948249599372
decision_type=2 2 2 2 2 2 2
left_child=1 3 -3 -1 5 -2 -6
right_child=4 2 -4 -5 6 -7 -8
leaf_value=0.00013483165553733351 -1.8424890027856643e-05 -0.0012519774416703546 -0.00012729350805855167 -0.00055628388027588915 -0.00027398940145767768 0.00077955924624705962 0.00040054823669682569
leaf_weight=1004 47 49 733 76 95 92 46
leaf_count=1004 47 49 733 76 95 92 46
internal_value=-6.34245e-08 -3.49577e-05 -0.00020078 8.52592e-05 0.000230585 0.000513303 -5.14032e-05
internal_weight=2142 1862 782 1080 280 139 141
internal_count=2142 1862 782 1080 280 139 141
is_linear=0
shrinkage=0.04


Tree=118
num_leaves=5
num_cat=0
split_feature=116 64 112 45
split_gain=0.01073 0.0118935 0.022331 0.0178187
threshold=-0.78889829217045881 -0.11429613810995368 -1.1049208479683212 -0.56134763134383436
decision_type=2 2 2 2
left_child=-1 2 -2 -3
right_child=1 3 -4 -5
leaf_value=-0.00059782187271110239 0.00034612716646946652 0.00034909998186201933 -0.00018148034685690822 1.2537243759558546e-06
leaf_weight=45 152 324 771 850
leaf_count=45 152 324 771 850
internal_value=-9.49558e-08 1.32892e-05 -9.40332e-05 9.76826e-05
internal_weight=2142 2097 923 1174
internal_count=2142 2097 923 1174
is_linear=0
shrinkage=0.04


Tree=119
num_leaves=8
num_cat=0
split_feature=2 106 41 68 80 69 44
split_gain=0.010514 0.0194717 0.017896 0.0103298 0.00937968 0.0105729 0.00463975
threshold=-0.41318529225959871 0.70792429020341219 -0.61997043737945889 0.99515101427854591 0.9280620065862405 -0.019434226138488827 -0.046407796993160472
decision_type=2 2 2 2 2 2 2
left_child=4 2 -2 -3 5 -1 -6
right_child=1 3 -4 -5 6 -7 -8
leaf_value=-9.1031868927530016e-05 -0.0003408874061541232 -0.00025858415352801481 5.3040737056706982e-05 -0.00098217281567408352 0.00083427945655005584 0.00026660729185385866 0.00021744631789347513
leaf_weight=278 217 103 1170 45 40 249 40
leaf_count=278 217 103 1170 45 40 249 40
internal_value=-9.42477e-08 -5.58257e-05 -8.99251e-06 -0.000488756 0.000140562 7.83166e-05 0.000538689
internal_weight=2142 1535 1387 148 607 527 80
internal_count=2142 1535 1387 148 607 527 80
is_linear=0
shrinkage=0.04


end of trees

feature_importances:
Column_115=47
Column_28=35
Column_80=27
Column_81=27
Column_110=25
Column_40=21
Column_46=20
Column_63=20
Column_86=20
Column_38=19
Column_36=17
Column_37=17
Column_64=17
Column_82=17
Column_106=16
Column_73=15
Column_59=14
Column_74=14
Column_68=13
Column_87=13
Column_29=11
Column_70=11
Column_13=10
Column_34=10
Column_60=10
Column_114=10
Column_31=9
Column_33=9
Column_53=9
Column_6=8
Column_10=8
Column_45=8
Column_48=7
Column_100=7
Column_116=7
Column_35=6
Column_47=6
Column_2=5
Column_4=5
Column_11=5
Column_30=5
Column_39=5
Column_61=5
Column_111=5
Column_26=4
Column_41=4
Column_42=4
Column_69=4
Column_79=4
Column_97=4
Column_112=4
Column_117=4
Column_3=3
Column_62=3
Column_94=3
Column_98=3
Column_99=3
Column_103=3
Column_1=2
Column_5=2
Column_9=2
Column_14=2
Column_25=2
Column_32=2
Column_43=2
Column_44=2
Column_57=2
Column_91=2
Column_92=2
Column_93=2
Column_105=2
Column_16=1
Column_22=1
Column_24=1
Column_27=1
Column_65=1
Column_84=1
Column_95=1
Column_102=1
Column_109=1
Column_118=1

parameters:
[boosting: gbdt]
[objective: regression]
[metric: l2]
[tree_learner: serial]
[device_type: cpu]
[data_sample_strategy: bagging]
[data: ]
[valid: ]
[num_iterations: 120]
[learning_rate: 0.04]
[num_leaves: 15]
[num_threads: 2]
[seed: 42]
[deterministic: 1]
[force_col_wise: 1]
[force_row_wise: 0]
[histogram_pool_size: -1]
[max_depth: 3]
[min_data_in_leaf: 40]
[min_sum_hessian_in_leaf: 0.001]
[bagging_fraction: 0.85]
[pos_bagging_fraction: 1]
[neg_bagging_fraction: 1]
[bagging_freq: 0]
[bagging_seed: 400]
[bagging_by_query: 0]
[feature_fraction: 0.8]
[feature_fraction_bynode: 1]
[feature_fraction_seed: 30056]
[extra_trees: 0]
[extra_seed: 12879]
[early_stopping_round: 0]
[early_stopping_min_delta: 0]
[first_metric_only: 0]
[max_delta_step: 0]
[lambda_l1: 0]
[lambda_l2: 2]
[linear_lambda: 0]
[min_gain_to_split: 0]
[drop_rate: 0.1]
[max_drop: 50]
[skip_drop: 0.5]
[xgboost_dart_mode: 0]
[uniform_drop: 0]
[drop_seed: 17869]
[top_rate: 0.2]
[other_rate: 0.1]
[min_data_per_group: 100]
[max_cat_threshold: 32]
[cat_l2: 10]
[cat_smooth: 10]
[max_cat_to_onehot: 4]
[top_k: 20]
[monotone_constraints: ]
[monotone_constraints_method: basic]
[monotone_penalty: 0]
[feature_contri: ]
[forcedsplits_filename: ]
[refit_decay_rate: 0.9]
[cegb_tradeoff: 1]
[cegb_penalty_split: 0]
[cegb_penalty_feature_lazy: ]
[cegb_penalty_feature_coupled: ]
[path_smooth: 0]
[interaction_constraints: ]
[verbosity: -1]
[saved_feature_importance_type: 0]
[use_quantized_grad: 0]
[num_grad_quant_bins: 4]
[quant_train_renew_leaf: 0]
[stochastic_rounding: 1]
[linear_tree: 0]
[max_bin: 255]
[max_bin_by_feature: ]
[min_data_in_bin: 3]
[bin_construct_sample_cnt: 200000]
[data_random_seed: 175]
[is_enable_sparse: 1]
[enable_bundle: 1]
[use_missing: 1]
[zero_as_missing: 0]
[feature_pre_filter: 1]
[pre_partition: 0]
[two_round: 0]
[header: 0]
[label_column: ]
[weight_column: ]
[group_column: ]
[ignore_column: ]
[categorical_feature: ]
[forcedbins_filename: ]
[precise_float_parser: 0]
[parser_config_file: ]
[objective_seed: 16083]
[num_class: 1]
[is_unbalance: 0]
[scale_pos_weight: 1]
[sigmoid: 1]
[boost_from_average: 1]
[reg_sqrt: 0]
[alpha: 0.9]
[fair_c: 1]
[poisson_max_delta_step: 0.7]
[tweedie_variance_power: 1.5]
[lambdarank_truncation_level: 30]
[lambdarank_norm: 1]
[label_gain: ]
[lambdarank_position_bias_regularization: 0]
[eval_at: ]
[multi_error_top_k: 1]
[auc_mu_weights: ]
[num_machines: 1]
[local_listen_port: 12400]
[time_out: 120]
[machine_list_filename: ]
[machines: ]
[gpu_platform_id: -1]
[gpu_device_id: -1]
[gpu_device_id_list: ]
[gpu_use_dp: 0]
[num_gpu: 1]

end of parameters

pandas_categorical:null
