tree
version=v4
num_class=1
num_tree_per_iteration=1
label_index=0
max_feature_idx=126
objective=binary sigmoid:1
feature_names=Column_0 Column_1 Column_2 Column_3 Column_4 Column_5 Column_6 Column_7 Column_8 Column_9 Column_10 Column_11 Column_12 Column_13 Column_14 Column_15 Column_16 Column_17 Column_18 Column_19 Column_20 Column_21 Column_22 Column_23 Column_24 Column_25 Column_26 Column_27 Column_28 Column_29 Column_30 Column_31 Column_32 Column_33 Column_34 Column_35 Column_36 Column_37 Column_38 Column_39 Column_40 Column_41 Column_42 Column_43 Column_44 Column_45 Column_46 Column_47 Column_48 Column_49 Column_50 Column_51 Column_52 Column_53 Column_54 Column_55 Column_56 Column_57 Column_58 Column_59 Column_60 Column_61 Column_62 Column_63 Column_64 Column_65 Column_66 Column_67 Column_68 Column_69 Column_70 Column_71 Column_72 Column_73 Column_74 Column_75 Column_76 Column_77 Column_78 Column_79 Column_80 Column_81 Column_82 Column_83 Column_84 Column_85 Column_86 Column_87 Column_88 Column_89 Column_90 Column_91 Column_92 Column_93 Column_94 Column_95 Column_96 Column_97 Column_98 Column_99 Column_100 Column_101 Column_102 Column_103 Column_104 Column_105 Column_106 Column_107 Column_108 Column_109 Column_110 Column_111 Column_112 Column_113 Column_114 Column_115 Column_116 Column_117 Column_118 Column_119 Column_120 Column_121 Column_122 Column_123 Column_124 Column_125 Column_126
feature_infos=[-4.6268041035720255:6.0069305704046343] [-3.862312370529994:4.0832619148893601] [-3.7163093795827353:3.6544265240928073] [-3.4609469411371871:3.2399873259530714] [-3.1786475454894174:2.5983333234850798] [-2.155857528548963:2.47447696952525] [-3.4063797337012889:3.3114305393002716] [-1.1734312413575929:4.755319658676413] [-1.6139140211723235:1.6124245649824895] [-3.1017724077380922:2.6638104644029181] [-1.2374679934516926:3.8504285899817301] [-2.4237876298289769:2.6587805542599083] [-2.0765162101788617:2.5153201656779127] [-1.3139947482908882:2.7745221388233214] [-2.5018184032706166:2.9866552178790267] [-1.7991902370546689:1.4641344636414955] [-1.8662701971189142:1.7718387800197279] [-1.0359136242208751:0.67130252868868656] [-1.0956022543138875:0.6894234222411012] [-1.0359136242208751:0.67130252868868645] [-2.3303958347442411:2.8911735732725234] [-3.203142619654467:3.4960634222766624] [-2.864976672415203:2.8444892239404105] [-1.9441823346786884:2.794539336112229] [-2.2045528349479473:1.8602207661181134] [-2.073806743600723:1.8776539872341427] [-3.22730697494781:2.1914908025246298] [-1.791596902848964:1.5798853244593614] [-0.95311332106779612:2.8266158281320117] [-3.5426093449479206:3.3343850685449112] [-3.266275601768867:2.9371165698319692] [-2.5035699052605871:2.2161594443066361] [-2.4779152874084187:2.3825223499519028] [-2.0050316247267843:2.4342637725924359] [-2.1502872428038593:2.2822282932168041] [-1.9410097563727928:2.0083515424798408] [-2.045958981274989:2.2115019867135035] [-1.2250202424984911:3.1623936328397653] [-1.233600967736864:3.7113562446940365] [-1.3255527136439367:2.6913239778421021] [-1.1779452161730728:1.8110293583140038] [-2.0395739001084059:1.6001082171943624] [-1.7567776806963606:1.65925414687714] [-1.9712004286400655:11.838204433314683] [-591.26272173030611:94.299742658723929] [-487.88452233125531:101.54981277526774] [-640.71422599092864:47.124909940064221] [-1.1315825525699543:3.3039451481235864] [-1.8575166379391064:1.7189113789261443] [-1.1630451037579781:6.3306757537243845] [-3.867652320206032:4.5928419695727802] [-10.080950183483392:8.3561647121438938] [-1:1] [-0.83333333333333337:1] [0:1] [0:1] [-3.5827524790285139:4.3154473429230844] [-4.0562963676519814:2.3325201469451535] [-2.3371901645858775:1.5896574009008153] [-1.0274268497732129:2.3357271815079783] [-2.4322724946438954:1.3307201708314245] [-1.6890439213934751:0.32198573389654961] [-3.1162375656751777:3.5618550970343854] [-2.6870600889011795:2.4642119376221836] [-2.2037955126117197:1.8814437383060789] [-5.2041482469319345:4.62175589265863] [-4.6824358897052862:3.1132511247180097] [-3.3848662895719825:2.7851417237344869] [-1.1908867465495157:2.8007615344486911] [-2.2681090010099756:2.3378761093364768] [-2.5250894390556629:0.63282021715880832] [-3.842542148544521:4.4110708728842782] [-5.8218830951028187:4.7771464635793484] [-3.0570301291189557:4.0039166123806176] [-3.4149222621736537:2.2637245097514103] [-2.4849234623351513:1.6988141700002217] [-0.97633263491196676:2.2945517100392245] [-2.1925063718660263:1.3054812176665234] [-1.4932433393359004:0.31621236668352115] [-4.5375414742882816:7.8684650966946004] [-4.026775521979026:5.531294041176305] [-2.4075809636944698:4.1386428494967609] [-1.3142431115432558:4.6913393178528615] [-1.2128981195284769:7.9575246151762205] [-1.2342879427283697:2.3332994795062194] [-6.5012829421683316:6.6774679662524203] [-4.5314239788777808:3.5165865070917639] [-2.7362485311784321:3.7476521811905683] [-1.2110853712017766:3.5468492269786567] [-1.7992957978891841:4.4364559203739287] [-0.82368239422926026:2.1645217940033317] [-11.27594426910813:11.053455300399325] [-6.0430216689232639:5.2431771126783069] [-3.4757321594287305:3.7646132649841171] [-0.99442636989927358:3.1105443689538159] [-2.1401439080565452:4.0585434417468562] [-1.2362702197861926:0.66804965344588041] [-3.9512664843552812:2.9641871078954387] [-3.4514510044756408:3.0002289885661177] [-2.5789550090238884:1.7081445447705399] [-1.3289290026479641:3.1979541374411764] [-2.1178782621448935:1.8611384999996154] [-1.4798276692460424:0.43536976673221567] [-5.4319512925505906:3.1945137541572954] [-4.1934446333566422:3.5527150999290673] [-1.9383757265739703:2.8733719832576732] [-1.3418839681076882:4.1208695833090481] [-1.7869055809535381:4.4869946740840305] [-1.5859886714312248:1.2791442770769939] [-4.4114147880816903:2.6608820866267151] [-3.8070309579488875:3.5206849978859003] [-1.9938529087765051:2.6178321298180087] [-1.382153821989083:3.9204440540424792] [-1.6127681151416453:3.8518977322871573] [-1.6113604439853819:1.2009760920944479] [-3.3361687522286663:3.5683491125216622] [-2.2396029048155199:2.6507179314534244] [-1.9757013423130925:2.042186105971624] [-1.4708356128285724:1.9617766305172581] [-1.488955723010376:2.0512904020169129] [-2.4266646458755412:0.64899957575063594] [-3.2185615159771666:3.4559804766769173] [-2.776366177316814:3.5941854834439781] [-1.7324055609268327:2.473058254893183] [-0.76630026662546491:2.7420384320344202] [-1.5092611797183133:2.4102295088095991] [-1.3774647631077823:0.90147170386274167]
tree_sizes=761 894 892 999 892 784 998 999 785 900 995 893 789 892 998 791 999 787 791 1007 792 789 996 789 996 786 786 998 887 791 683 685 1002 789 683 685 997 901 781 687 794 684 687 684 902 782 684 687 687 888 785 684 800 890 684 890 1000 892 786 784 783 796 679 889 682 789 999 785 894 790 788 690 785 893 997 1002 998 888 681 783 905 1002 685 892 792 686 789 1003 787 893 893 682 994 894 792 888 684 1007 790 679 686 889 1001 891 791 993 895 896 690 691 901 685 684 1008 891 886 990 688 790 791

Tree=0
num_leaves=6
num_cat=0
split_feature=35 61 76 125 45
split_gain=55.6695 57.3545 91.0983 11.1714 7.59415
threshold=0.94854217267500018 -1.1564599150557155 0.3879666408707802 0.13776390768107288 0.69504341271841563
decision_type=2 2 2 2 2
left_child=1 4 -3 -2 -1
right_child=3 2 -4 -5 -6
leaf_value=0.40963807312469935 0.28265586302705997 0.36773952918379632 0.32851501509885656 0.33883458059676747 0.37075574084875657
leaf_weight=38.739902973175049 14.769588008522989 355.68073417246342 126.87318223714828 11.379846498370169 11.864095285534857
leaf_count=160 61 1469 524 47 49
internal_value=0.358778 0.361662 0.357344 0.30395 0.401324
internal_weight=559.307 533.158 482.554 26.1494 50.604
internal_count=2310 2202 1993 108 209
is_linear=0
shrinkage=1


Tree=1
num_leaves=7
num_cat=0
split_feature=108 95 76 114 35 112
split_gain=57.6658 53.2597 72.0015 16.4516 16.2791 3.61955
threshold=-1.1966838268742359 1.6697031474721329 0.32173014998023902 0.43483355241117866 -0.17492299101748232 0.065641852827698757
decision_type=2 2 2 2 2 2
left_child=4 2 -2 -3 -1 -6
right_child=1 3 -4 -5 5 -7
leaf_value=0.0075568282513653572 0.0021752229517336291 0.046765032205002659 -0.031955442766452478 -0.0063408480412428473 0.025298478604053907 0.062606133851369525
leaf_weight=18.860814929008484 314.13978561758995 37.60294771194458 142.17806555330753 11.636728376150129 9.6726746261119825 25.120512530207634
leaf_count=78 1299 156 585 48 40 104
internal_value=-5.66945e-06 -0.00424392 -0.00855214 0.034457 0.0386469 0.0541734
internal_weight=559.212 505.558 456.318 49.2397 53.654 34.7932
internal_count=2310 2088 1884 204 222 144
is_linear=0
shrinkage=0.04


Tree=2
num_leaves=7
num_cat=0
split_feature=108 61 120 45 82 63
split_gain=53.8411 45.017 72.4557 12.8648 8.83396 12.3747
threshold=-1.1966838268742359 -1.1564599150557155 -0.43911744282201354 0.57566665714618781 -0.21604637254081757 0.54588106909998657
decision_type=2 2 2 2 2 2
left_child=4 3 -3 -2 -1 -6
right_child=1 2 -4 -5 5 -7
leaf_value=0.0030586787717922941 0.04589022544453087 -0.03818876725211811 0.0003863250501234724 0.00077951961438190906 0.055981010009777787 0.0039838008804398131
leaf_weight=10.103265941143034 32.241693094372749 97.269397437572479 361.85363362729549 14.454858541488646 33.539075881242752 9.6293768137693387
leaf_count=42 135 399 1494 60 140 40
internal_value=1.1831e-05 -0.00406882 -0.00791635 0.0325318 0.0375031 0.0450722
internal_weight=559.091 505.82 459.123 46.6966 53.2717 43.1685
internal_count=2310 2088 1893 195 222 180
is_linear=0
shrinkage=0.04


Tree=3
num_leaves=8
num_cat=0
split_feature=126 61 120 67 63 82 93
split_gain=51.905 49.7106 68.4011 34.3591 39.4918 18.1317 10.853
threshold=-0.20215372103913046 -1.1564599150557155 -0.49654430599581184 -0.20512506886229484 0.14331501959090998 1.9388051187753499 0.7876630629966801
decision_type=2 2 2 2 2 2 2
left_child=3 6 -3 5 -5 -1 -2
right_child=1 2 -4 4 -6 -7 -8
leaf_value=0.048157646288860038 0.0032501040080830474 -0.047870489977591052 -0.0042057527439550938 -0.014163602690522284 0.026471761494008803 -0.0086932280914951039 0.045042093888232299
leaf_weight=54.470542192459106 15.837560251355169 75.011251404881477 227.22530278563499 80.704163551330566 69.310692653059959 10.012591689825056 26.297050669789314
leaf_count=227 66 306 939 334 286 41 111
internal_value=2.36989e-05 -0.00957961 -0.0152862 0.0153876 0.00471224 0.0393342 0.0301925
internal_weight=558.869 344.371 302.237 214.498 150.015 64.4831 42.1346
internal_count=2310 1422 1245 888 620 268 177
is_linear=0
shrinkage=0.04


Tree=4
num_leaves=7
num_cat=0
split_feature=108 95 76 35 114 108
split_gain=48.7265 45.6169 61.2501 15.7068 14.5614 1.84746
threshold=-1.1966838268742359 1.6697031474721329 0.32534600957962512 -0.17492299101748232 0.43483355241117866 -1.3026805235424466
decision_type=2 2 2 2 2 2
left_child=3 2 -2 -1 -3 -5
right_child=1 4 -4 5 -6 -7
leaf_value=0.0054712209005588971 0.0020716373052214487 0.044088999992386871 -0.029404472911934057 0.058427091705392446 -0.005974871681436165 0.027257166621807355
leaf_weight=18.631365641951561 315.49022026360035 36.807333156466484 141.93661712110043 24.107050105929375 11.646316111087797 9.9249310940504056
leaf_count=78 1305 156 579 102 48 42
internal_value=3.22247e-05 -0.00383006 -0.00778069 0.0359158 0.0322958 0.0513543
internal_weight=558.544 505.88 457.427 52.6633 48.4536 34.032
internal_count=2310 2088 1884 222 204 144
is_linear=0
shrinkage=0.04


Tree=5
num_leaves=6
num_cat=0
split_feature=35 61 76 93 44
split_gain=47.8876 44.1839 67.217 7.3992 6.68242
threshold=0.94854217267500018 -1.1564599150557155 0.3879666408707802 0.7876630629966801 0.53838737399512915
decision_type=2 2 2 2 2
left_child=1 3 -3 -1 -2
right_child=4 2 -4 -5 -6
leaf_value=0.011645915154052434 -0.070334510325119851 0.0080294523092025293 -0.025498284741283139 0.047760933312997418 -0.025306565781020873
leaf_weight=14.161040246486662 12.803442656993868 353.84589383006096 128.85847875475883 34.776086300611496 13.705819368362425
leaf_count=59 52 1469 524 150 56
internal_value=4.74836e-05 0.00274576 -0.000989096 0.0381779 -0.0504627
internal_weight=558.151 531.641 482.704 48.9371 26.5093
internal_count=2310 2202 1993 209 108
is_linear=0
shrinkage=0.04


Tree=6
num_leaves=8
num_cat=0
split_feature=126 40 94 42 58 64 82
split_gain=46.5469 50.3927 59.9962 48.9169 34.9102 49.0384 45.8783
threshold=-0.20215372103913046 -0.59888148323027635 0.48465458846449577 -0.68997363390000455 0.29842928270220531 0.22176302720557947 4.3435690932629685
decision_type=2 2 2 2 2 2 2
left_child=4 3 -3 -2 6 -6 -1
right_child=1 2 -4 -5 5 -7 -8
leaf_value=0.034464423621440178 0.025202594214958535 0.011402671462524185 -0.025972096579395851 -0.063820248782261932 -0.033548549561429587 0.026763991055545278 -0.047271256535037623
leaf_weight=120.22752270102501 11.589291259646414 184.42245353758335 106.86357252299786 41.430023536086082 44.396289572119713 38.368485420942307 10.340299382805823
leaf_count=504 48 763 440 171 183 159 42
internal_value=3.953e-05 -0.00904095 -0.00239255 -0.0441523 0.0146427 -0.0056168 0.0273759
internal_weight=557.638 344.305 291.286 53.0193 213.333 82.7648 130.568
internal_count=2310 1422 1203 219 888 342 546
is_linear=0
shrinkage=0.04


Tree=7
num_leaves=8
num_cat=0
split_feature=126 40 94 112 69 47 26
split_gain=43.0624 44.5778 65.1488 51.3231 43.455 36.8439 26.4857
threshold=-0.29884573624550287 -0.59888148323027635 0.47166057725104388 -0.0046510177272243115 0.53660027831440771 1.0275253681588945 0.11742619661376706
decision_type=2 2 2 2 2 2 2
left_child=4 3 -3 -2 6 -6 -1
right_child=1 2 -4 -5 5 -7 -8
leaf_value=0.040691734961441191 -0.056141114469506689 0.011710743374352808 -0.026121986664359952 0.038767722769576157 -0.050281755365148263 0.027139805213748001 0.0066615538978774813
leaf_weight=80.191224753856659 48.074447572231293 202.29423287510872 111.18007811903954 9.6507283598184568 23.999356657266617 14.204621955752371 67.626980885863304
leaf_count=337 197 840 456 40 99 59 282
internal_value=3.07752e-05 -0.00783392 -0.00178795 -0.039507 0.0156408 -0.0215775 0.0254197
internal_weight=557.222 371.199 313.474 57.7252 186.022 38.204 147.818
internal_count=2310 1533 1296 237 777 158 619
is_linear=0
shrinkage=0.04


Tree=8
num_leaves=6
num_cat=0
split_feature=35 61 76 125 93
split_gain=41.1858 41.9756 57.1515 10.5023 7.14085
threshold=0.94854217267500018 -1.1564599150557155 0.3879666408707802 0.13776390768107288 0.63175563660622946
decision_type=2 2 2 2 2
left_child=1 4 -3 -2 -1
right_child=3 2 -4 -5 -6
leaf_value=0.0072919136773046149 -0.066788530552401873 0.0072819072514750454 -0.023606712880395939 -0.014333390594553798 0.045239013768022515
leaf_weight=11.01523172855377 15.137482911348345 352.10312503576279 129.4117933511734 11.60246294736862 37.475268498063087
leaf_count=46 61 1469 524 47 163
internal_value=3.13507e-05 0.00255086 -0.00108302 -0.0466096 0.0372491
internal_weight=556.745 530.005 481.515 26.7399 48.4905
internal_count=2310 2202 1993 108 209
is_linear=0
shrinkage=0.04


Tree=9
num_leaves=7
num_cat=0
split_feature=108 63 83 112 112 24
split_gain=40.5231 41.8884 51.2287 36.4667 8.47224 9.18187
threshold=-1.1966838268742359 0.70790972669923702 -0.59978666507103384 -0.79802171627388929 -0.011698397940914039 -0.23957270040998777
decision_type=2 2 2 2 2 2
left_child=4 2 -2 -3 -1 -6
right_child=1 3 -4 -5 5 -7
leaf_value=-0.00024463635113655273 -0.043362994934256188 -0.034749027083079018 -0.002884590526527348 0.035900897892375043 0.017587521209552179 0.057314089477756999
leaf_weight=9.8725578784942609 55.834881410002708 12.569418609142302 373.12182696163654 63.146826833486557 19.044259697198868 22.499366447329521
leaf_count=42 229 52 1546 261 82 98
internal_value=2.50152e-05 -0.00346853 -0.00833023 0.0235801 0.0331617 0.0407471
internal_weight=556.089 504.673 428.957 75.7162 51.4162 41.5436
internal_count=2310 2088 1775 313 222 180
is_linear=0
shrinkage=0.04


Tree=10
num_leaves=8
num_cat=0
split_feature=126 61 120 69 82 47 93
split_gain=39.0178 40.9985 55.793 39.5574 33.1646 33.0584 9.591
threshold=-0.29884573624550287 -1.1564599150557155 -0.49654430599581184 0.53660027831440771 4.3435690932629685 1.0275253681588945 0.63175563660622946
decision_type=2 2 2 2 2 2 2
left_child=3 6 -3 4 -1 -5 -2
right_child=1 2 -4 5 -6 -7 -8
leaf_value=0.029708546243752586 -0.0013088085143101462 -0.041161115500222022 -0.0028901397353372749 -0.047455789075526618 -0.039370046423829186 0.02598001375277666 0.040080614261219748
leaf_weight=136.21984629333019 12.224658861756323 78.785067349672318 249.63059096038342 24.188086450099945 10.383560821413992 14.064347565174101 30.299270376563072
leaf_count=577 51 318 1032 99 42 59 132
internal_value=3.02103e-05 -0.00744489 -0.0122647 0.0149492 0.0243519 -0.0205062 0.0286578
internal_weight=555.795 370.94 328.416 184.856 146.603 38.2524 42.5239
internal_count=2310 1533 1350 777 619 158 183
is_linear=0
shrinkage=0.04


Tree=11
num_leaves=7
num_cat=0
split_feature=107 100 46 90 61 61
split_gain=38.4894 39.0062 35.3391 37.4517 26.9152 11.1431
threshold=0.4018637899865512 2.3976044582140341 -0.87135953760263252 1.0161688219358316 -1.1548767187802091 -0.14587688832201232
decision_type=2 2 2 2 2 2
left_child=1 4 5 -4 -1 -2
right_child=2 -3 3 -5 -6 -7
leaf_value=0.038681938436734974 -0.012127813310305746 -0.056922642923298489 -0.02009253793155821 0.023968386301038747 0.0055776121971220262 -0.065265051323141157
leaf_weight=42.853973194956779 9.7956919968128187 12.681163951754568 96.620311260223389 43.015223667025566 326.37573534250259 23.599610909819603
leaf_count=189 40 51 397 177 1359 97
internal_value=2.60252e-05 0.00711337 -0.0155196 -0.00637262 0.0096075 -0.0512445
internal_weight=554.942 381.911 173.031 139.636 369.23 33.3953
internal_count=2310 1599 711 574 1548 137
is_linear=0
shrinkage=0.04


Tree=12
num_leaves=6
num_cat=0
split_feature=35 61 76 125 45
split_gain=36.4444 34.9432 49.2718 9.27782 6.60609
threshold=0.94854217267500018 -1.1564599150557155 0.41254950671804824 0.13776390768107288 0.69504341271841563
decision_type=2 2 2 2 2
left_child=1 4 -3 -2 -1
right_child=3 2 -4 -5 -6
leaf_value=0.042655561630344473 -0.062749746108270291 0.0067319536443956407 -0.022253813080774374 -0.013475392873248161 0.0065717437116985192
leaf_weight=35.683981716632843 15.179092407226564 355.33587571978569 125.24739320576191 11.60674476623535 11.38980972766876
leaf_count=160 61 1487 506 47 49
internal_value=1.42238e-05 0.00239637 -0.000883104 -0.0438181 0.0345485
internal_weight=554.443 527.657 480.583 26.7858 47.0738
internal_count=2310 2202 1993 108 209
is_linear=0
shrinkage=0.04


Tree=13
num_leaves=7
num_cat=0
split_feature=108 63 95 112 35 112
split_gain=35.7931 38.8493 44.5406 33.5488 15.271 3.63144
threshold=-1.1966838268742359 0.70790972669923702 1.7422086027224397 -0.79802171627388929 -0.17492299101748232 0.065641852827698757
decision_type=2 2 2 2 2 2
left_child=4 2 -2 -3 -1 -6
right_child=1 3 -4 -5 5 -7
leaf_value=0.0015491239849382932 -0.012244419486094133 -0.032837860623520516 0.03017171111695495 0.034805808840754793 0.019708538747248192 0.055608490273286793
leaf_weight=18.109709396958351 385.68193191289902 12.667406395077704 42.205120965838432 62.61894828081131 9.2318055033683759 23.140031158924103
leaf_count=78 1590 52 185 261 40 104
internal_value=8.61423e-06 -0.00325775 -0.00793975 0.0228691 0.0314494 0.047113
internal_weight=553.655 503.173 427.887 75.2864 50.4815 32.3718
internal_count=2310 2088 1775 313 222 144
is_linear=0
shrinkage=0.04


Tree=14
num_leaves=8
num_cat=0
split_feature=126 40 94 42 69 70 41
split_gain=35.0086 41.258 48.1777 42.1264 35.8721 32.0063 31.6556
threshold=-0.20215372103913046 -0.59888148323027635 0.48465458846449577 -0.68997363390000455 0.53660027831440771 -0.33586483615275342 0.77777232315422573
decision_type=2 2 2 2 2 2 2
left_child=4 3 -3 -2 5 -1 -6
right_child=1 2 -4 -5 6 -7 -8
leaf_value=0.044801744813799602 0.025022396321115303 0.010668261060862131 -0.022882522809943691 -0.057365137231631599 -0.044222550072486405 0.0081089170561656349 0.021960142756253732
leaf_weight=58.07179693877697 11.557946085929869 183.16675488650799 106.681451395154 42.11572377383709 27.117754027247429 106.84742367267609 17.589574724435806
leaf_count=253 48 763 440 171 111 450 74
internal_value=2.43787e-05 -0.00782281 -0.00175262 -0.0393625 0.0128362 0.0214113 -0.0183584
internal_weight=553.148 343.522 289.848 53.6737 209.627 164.919 44.7073
internal_count=2310 1422 1203 219 888 703 185
is_linear=0
shrinkage=0.04


Tree=15
num_leaves=6
num_cat=0
split_feature=35 61 120 125 93
split_gain=32.4928 31.6655 46.8443 8.36307 6.2234
threshold=0.94854217267500018 -1.1564599150557155 -0.10511742021549611 0.13776390768107288 0.7876630629966801
decision_type=2 2 2 2 2
left_child=1 4 -3 -2 -1
right_child=3 2 -4 -5 -6
leaf_value=0.0090647855131139096 -0.059372751502516571 -0.017242309135222594 0.0086222407513021279 -0.012631446860362151 0.042411245995306955
leaf_weight=13.879235878586767 15.149041429162027 174.45718574523926 304.91364760696888 11.616437539458273 32.322302252054214
leaf_count=59 61 715 1278 47 150
internal_value=2.37516e-05 0.00228091 -0.000823162 -0.0413753 0.0331855
internal_weight=552.338 525.572 479.371 26.7655 46.2015
internal_count=2310 2202 1993 108 209
is_linear=0
shrinkage=0.04


Tree=16
num_leaves=8
num_cat=0
split_feature=126 40 94 35 69 70 41
split_gain=31.8028 37.4452 44.5311 40.3733 32.9081 30.4064 29.1383
threshold=-0.20215372103913046 -0.59888148323027635 0.48465458846449577 -0.21569939831117343 0.53660027831440771 -0.33586483615275342 0.77777232315422573
decision_type=2 2 2 2 2 2 2
left_child=4 3 -3 -2 5 -1 -6
right_child=1 2 -4 -5 6 -7 -8
leaf_value=0.043549770259583349 0.02326394688804144 0.010309025736926054 -0.0219672746326714 -0.055746932121809457 -0.042275380836912915 0.0076090440566329515 0.021269570755969799
leaf_weight=57.213214889168739 12.336225569248198 182.70658980309963 106.62318058311939 41.480535283684731 27.227056533098221 106.50791421532631 17.489245489239693
leaf_count=253 51 763 440 168 111 450 74
internal_value=1.97022e-05 -0.00745306 -0.00165452 -0.0374509 0.0122759 0.0205427 -0.0175754
internal_weight=551.584 343.147 289.33 53.8168 208.437 163.721 44.7163
internal_count=2310 1422 1203 219 888 703 185
is_linear=0
shrinkage=0.04


Tree=17
num_leaves=6
num_cat=0
split_feature=108 95 96 35 114
split_gain=30.781 32.0453 39.8614 14.0589 11.146
threshold=-1.2821465264868603 1.6697031474721329 -0.32656573224288205 -0.17492299101748232 0.43483355241117866
decision_type=2 2 2 2 2
left_child=3 2 -2 -1 -3
right_child=1 4 -4 -5 -6
leaf_value=0.0014635527282537361 0.0087248571113935254 0.039308529259819119 -0.01517105985114873 0.050534234672688569 -0.0049965592163533227
leaf_weight=14.56696844100952 181.75453996658325 34.52507209777832 283.58724035322666 24.666651144623756 11.539168983697889
leaf_count=64 759 156 1170 113 48
internal_value=1.89889e-05 -0.00265157 -0.00584033 0.0332696 0.0284639
internal_weight=550.64 511.406 465.342 39.2336 46.0642
internal_count=2310 2133 1929 177 204
is_linear=0
shrinkage=0.04


Tree=18
num_leaves=6
num_cat=0
split_feature=64 83 40 38 106
split_gain=30.2169 39.0372 48.7501 20.1791 15.2494
threshold=0.92715902360740465 -0.60672693822662216 -0.5011207189811232 -0.59233962957472097 -0.25949875096895009
decision_type=2 2 2 2 2
left_child=1 3 -3 -1 -2
right_child=4 2 -4 -5 -6
leaf_value=0.01315843265663231 -0.0077308153520411448 -0.025021411106166701 0.0082467748266886343 -0.040890541882378527 0.049043979040477595
leaf_weight=12.731050908565519 9.6237085461616498 85.438551694154739 361.42868536710739 54.212934389710426 26.602679908275604
leaf_count=53 40 351 1530 223 113
internal_value=3.16414e-05 -0.0025115 0.00180294 -0.0305283 0.0343461
internal_weight=550.038 513.811 446.867 66.944 36.2264
internal_count=2310 2157 1881 276 153
is_linear=0
shrinkage=0.04


Tree=19
num_leaves=8
num_cat=0
split_feature=107 83 38 46 53 125 61
split_gain=29.2493 31.6276 34.2871 30.7825 34.1967 26.8305 9.42967
threshold=0.40781762578755143 -0.59978666507103384 -0.59233962957472097 -0.87135953760263252 -0.41666666666666657 -0.18644783943114512 -0.14587688832201232
decision_type=2 2 2 2 2 2 2
left_child=1 2 -1 6 -5 -3 -2
right_child=3 5 -4 4 -6 -7 -8
leaf_value=0.027559275724108902 -0.010996660305615285 0.023401424986761274 -0.034017551824890233 0.017427111652926892 -0.022220419922599106 -0.00010392513261072025 -0.059842108495741453
leaf_weight=18.100442364811897 9.7977622300386411 154.47813333570957 51.752308517694473 59.837779611349106 77.792677149176598 154.29731680452824 23.545365869998932
leaf_count=77 40 670 213 247 319 648 96
internal_value=3.11861e-05 0.00622918 -0.0177386 -0.0136078 -0.00498009 0.0117306 -0.0469235
internal_weight=549.602 378.628 69.8528 170.974 137.63 308.775 33.3431
internal_count=2310 1608 290 702 566 1318 136
is_linear=0
shrinkage=0.04


Tree=20
num_leaves=6
num_cat=0
split_feature=35 61 120 123 45
split_gain=28.2852 28.1037 41.754 7.3953 6.06511
threshold=0.94854217267500018 -1.1564599150557155 -0.43911744282201354 0.070421607334807138 0.69504341271841563
decision_type=2 2 2 2 2
left_child=1 4 -3 -2 -1
right_child=3 2 -4 -5 -6
leaf_value=0.039674028250565777 -0.055067427547554913 -0.023878089416392103 0.0052417111465066059 -0.010887993493062435 0.0049621046575322458
leaf_weight=33.867519170045853 15.524597406387331 97.261347249150276 379.94266399741173 11.100250154733656 11.195355430245398
leaf_count=160 63 397 1596 45 49
internal_value=2.30128e-05 0.00213698 -0.000768229 -0.0386961 0.0316276
internal_weight=548.892 522.267 477.204 26.6248 45.0629
internal_count=2310 2202 1993 108 209
is_linear=0
shrinkage=0.04


Tree=21
num_leaves=6
num_cat=0
split_feature=108 63 95 112 35
split_gain=27.8636 32.0268 33.9274 28.3973 13.3443
threshold=-1.2821465264868603 0.70790972669923702 1.7422086027224397 -0.79802171627388929 -0.17492299101748232
decision_type=2 2 2 2 2
left_child=4 2 -2 -3 -1
right_child=1 3 -4 -5 -6
leaf_value=0.0010543542356956249 -0.010357499184424461 -0.030011245531395416 0.027262851640900344 0.03201855103369796 0.049106715367391023
leaf_weight=14.490122497081755 392.99342395365238 12.755851730704306 40.558381721377373 63.248277395963669 23.996115922927856
leaf_count=64 1628 52 185 268 113
internal_value=1.70948e-05 -0.0025111 -0.00672912 0.0211055 0.0319607
internal_weight=548.042 509.556 433.552 76.0041 38.4862
internal_count=2310 2133 1813 320 177
is_linear=0
shrinkage=0.04


Tree=22
num_leaves=8
num_cat=0
split_feature=114 45 26 83 40 38 63
split_gain=26.9701 36.9226 39.4491 29.6784 35.089 30.2161 9.43501
threshold=0.5274758122894444 1.0439087856056106 -0.40492945113235973 -0.59978666507103384 -0.5011207189811232 -0.59233962957472097 0.068217330658870354
decision_type=2 2 2 2 2 2 2
left_child=3 2 -2 5 -5 -1 -3
right_child=1 6 -4 4 -6 -7 -8
leaf_value=0.025034495729330124 0.010424705533321857 0.037887756216833449 -0.055072194311230546 -0.01405269492554956 0.015251598041664942 -0.031855228032878567 -0.0058136327136119239
leaf_weight=18.13664148747921 20.417557612061501 14.963368162512781 45.940503299236298 82.310083791613579 292.71252442896366 58.967848286032677 13.933669716119764
leaf_count=78 84 62 187 341 1259 242 57
internal_value=2.83923e-05 -0.0190882 -0.0352042 0.00412224 0.00877946 -0.0181789 0.0178034
internal_weight=547.382 95.2551 66.3581 452.127 375.023 77.1045 28.897
internal_count=2310 390 271 1920 1600 320 119
is_linear=0
shrinkage=0.04


Tree=23
num_leaves=6
num_cat=0
split_feature=64 94 40 84 112
split_gain=26.5565 36.6965 69.9191 44.0512 18.0852
threshold=0.92715902360740465 0.55955758633123542 -0.5011207189811232 1.3214889217832881 -0.15547619497638196
decision_type=2 2 2 2 2
left_child=1 2 -1 -3 -2
right_child=4 3 -4 -5 -6
leaf_value=-0.027493413388673341 -0.0068401947721716269 -0.035958271746974239 0.012633515701245351 0.018493968389220274 0.051595305216030007
leaf_weight=87.854276195168495 12.049591809511183 87.535579547286034 304.67529971897602 30.943145960569382 23.518851920962334
leaf_count=359 51 361 1302 135 102
internal_value=2.59622e-05 -0.00235144 0.00355863 -0.021666 0.0324887
internal_weight=546.577 511.008 392.53 118.479 35.5684
internal_count=2310 2157 1661 496 153
is_linear=0
shrinkage=0.04


Tree=24
num_leaves=8
num_cat=0
split_feature=125 33 39 53 40 68 42
split_gain=25.5167 37.6627 38.0137 33.8119 24.572 38.5449 31.0509
threshold=-0.41131900708767893 0.10108357795365766 0.19763622637964659 0.75000000000000011 -0.5011207189811232 -0.28519461184642397 -0.5880632310292232
decision_type=2 2 2 2 2 2 2
left_child=1 3 -3 -1 6 -6 -2
right_child=4 2 -4 -5 5 -7 -8
leaf_value=0.0436492506837333 0.01977214408663441 0.011682510054355869 -0.0452817971743463 -0.016889646673879877 0.030726623594597269 -0.006904475227491054 -0.035920248322693582
leaf_weight=68.164635255932808 19.169853687286377 58.042773693799973 25.300483092665672 17.532728105783463 51.31523235142231 235.78611254692078 70.312827453017235
leaf_count=302 79 249 106 78 217 992 287
internal_value=2.82231e-05 0.0128506 -0.00626604 0.0311609 -0.00576494 -1.24221e-05 -0.0238179
internal_weight=545.625 169.041 83.3433 85.6974 376.584 287.101 89.4827
internal_count=2310 735 355 380 1575 1209 366
is_linear=0
shrinkage=0.04


Tree=25
num_leaves=6
num_cat=0
split_feature=108 95 76 114 33
split_gain=24.644 25.3304 35.1985 9.86754 9.62592
threshold=-1.2821465264868603 1.6697031474721329 0.32173014998023902 0.43483355241117866 -0.19025426904168799
decision_type=2 2 2 2 2
left_child=4 2 -2 -3 -1
right_child=1 3 -4 -5 -6
leaf_value=0.0062115831111826149 0.0023403750683282888 0.036400975709465558 -0.021311207582261616 -0.0055468340126068076 0.04711209102804368
leaf_weight=16.43942579627037 317.58426505327225 33.019017100334167 145.17607834935188 11.417129799723623 21.134428963065147
leaf_count=75 1335 156 594 48 102
internal_value=2.9629e-05 -0.00233358 -0.00513932 0.0258485 0.0304355
internal_weight=544.77 507.196 462.76 44.4361 37.5739
internal_count=2310 2133 1929 204 177
is_linear=0
shrinkage=0.04


Tree=26
num_leaves=6
num_cat=0
split_feature=64 94 40 84 112
split_gain=24.8932 32.7545 61.3716 39.9918 16.8651
threshold=0.92715902360740465 0.55955758633123542 -0.5011207189811232 1.3551883535861589 -0.15547619497638196
decision_type=2 2 2 2 2
left_child=1 2 -1 -3 -2
right_child=4 3 -4 -5 -6
leaf_value=-0.025702116262672929 -0.0062599847329168571 -0.033951428056964175 0.01189657029585996 0.018416206990032713 0.050347992880588562
leaf_weight=88.00211201608181 12.061477825045584 88.011890158057213 302.6529443860054 30.051294818520546 23.110230922698975
leaf_count=359 51 364 1302 132 102
internal_value=3.94522e-05 -0.00226091 0.00333901 -0.0205373 0.031643
internal_weight=543.89 508.718 390.655 118.063 35.1717
internal_count=2310 2157 1661 496 153
is_linear=0
shrinkage=0.04


Tree=27
num_leaves=8
num_cat=0
split_feature=114 45 18 83 35 35 63
split_gain=23.3908 32.9301 32.819 26.1494 29.3773 27.6492 8.78488
threshold=0.5274758122894444 1.0439087856056106 -0.51212275791409756 -0.59978666507103384 0.76438946283543729 -0.04836028053920511 0.068217330658870354
decision_type=2 2 2 2 2 2 2
left_child=3 2 -2 5 -5 -1 -3
right_child=1 6 -4 4 -6 -7 -8
leaf_value=-0.046690416428521508 0.011171074654756334 0.036716959794030703 -0.050050397636543141 0.011974582066353233 -0.025324420112797463 0.0018572990650078248 -0.0055920122927883929
leaf_weight=28.780038446187973 18.642126515507698 14.787564069032671 47.58036869764328 335.75352081656456 35.662337899208069 47.732554003596306 13.886984109878538
leaf_count=119 77 62 194 1452 148 201 57
internal_value=4.13737e-05 -0.0177856 -0.0329938 0.00388043 0.00827678 -0.017128 0.0171982
internal_weight=542.825 94.897 66.2225 447.928 371.416 76.5126 28.6745
internal_count=2310 390 271 1920 1600 320 119
is_linear=0
shrinkage=0.04


Tree=28
num_leaves=7
num_cat=0
split_feature=64 94 40 84 112 83
split_gain=23.1191 28.286 55.8606 36.2953 13.1986 0.952866
threshold=0.8944384307334089 0.55955758633123542 -0.5011207189811232 1.3551883535861589 -0.15547619497638196 -0.59978666507103384
decision_type=2 2 2 2 2 2
left_child=1 2 -1 -3 -2 -6
right_child=4 3 -4 -5 5 -7
leaf_value=-0.024754830250326321 -0.0031841499222790451 -0.03222565999190595 0.011173737816405268 0.017836417213806778 0.026181584239108675 0.054422519015806463
leaf_weight=87.818800315260887 12.733179092407225 86.909225344657898 300.43112251162529 29.877890676259995 9.673512324690817 14.515455871820452
leaf_count=358 54 360 1298 132 43 65
internal_value=3.0879e-05 -0.0022498 0.00296179 -0.0193335 0.0297397 0.0459905
internal_weight=541.959 505.037 388.25 116.787 36.9221 24.189
internal_count=2310 2148 1656 492 162 108
is_linear=0
shrinkage=0.04


Tree=29
num_leaves=6
num_cat=0
split_feature=108 63 95 112 35
split_gain=22.0001 26.3657 31.3022 24.5946 12.7728
threshold=-1.2821465264868603 0.60816266467231206 1.6697031474721329 -0.79802171627388929 -0.17492299101748232
decision_type=2 2 2 2 2
left_child=4 2 -2 -3 -1
right_child=1 3 -4 -5 -6
leaf_value=-0.0010380076197948986 -0.010187989338321242 -0.02502043590922224 0.026216839565802896 0.026502488389656523 0.046528789115686024
leaf_weight=14.145764514803885 371.57001678645611 16.635681614279747 40.122337162494659 75.798538044095039 22.575013369321823
leaf_count=64 1550 68 189 326 113
internal_value=3.80501e-05 -0.00218529 -0.00653049 0.0168962 0.0290977
internal_weight=540.847 504.127 411.692 92.4342 36.7208
internal_count=2310 2133 1739 394 177
is_linear=0
shrinkage=0.04


Tree=30
num_leaves=5
num_cat=0
split_feature=40 35 61 112
split_gain=22.8548 28.1035 24.5458 16.2334
threshold=-1.0279477716191043 0.81358806103646752 -1.1564599150557155 0.34532159301858206
decision_type=2 2 2 2
left_child=-1 2 -2 -3
right_child=1 3 -4 -5
leaf_value=0.05584340443356009 0.030411458784800983 -0.047932090821952003 -0.0011710093320495727 0.0038429087791251762
leaf_weight=9.4978369325399381 41.163482651114464 28.536151230335236 447.10368278622627 13.782124876976011
leaf_count=40 201 118 1893 58
internal_value=4.7642e-05 -0.0011571 0.00160476 -0.0316576
internal_weight=540.083 530.585 488.267 42.3183
internal_count=2310 2270 2094 176
is_linear=0
shrinkage=0.04


Tree=31
num_leaves=5
num_cat=0
split_feature=40 40 68 106
split_gain=21.5726 27.2013 33.3455 29.9542
threshold=-1.0279477716191043 -0.59888148323027635 -0.28519461184642397 -0.030138311625011328
decision_type=2 2 2 2
left_child=-1 3 -3 -2
right_child=1 2 -4 -5
leaf_value=0.054523118356613089 -0.040086594058964399 0.022666795477671312 -0.0032488923405646457 0.016874668942180881
leaf_weight=9.3893262147903425 49.834894791245461 99.702379405498505 361.24536688625813 19.34755851328373
leaf_count=40 203 429 1554 84
internal_value=5.25413e-05 -0.0011135 0.00243034 -0.0241303
internal_weight=539.52 530.13 460.948 69.1825
internal_count=2310 2270 1983 287
is_linear=0
shrinkage=0.04


Tree=32
num_leaves=8
num_cat=0
split_feature=125 33 63 53 84 94 47
split_gain=20.9019 35.3745 36.4538 30.2264 20.7808 24.3383 13.6516
threshold=-0.41131900708767893 0.10108357795365766 0.15822707927721494 0.75000000000000011 1.3816899370588722 0.48465458846449577 -0.28812015294263937
decision_type=2 2 2 2 2 2 2
left_child=1 3 -3 -1 5 -2 -6
right_child=4 2 -4 -5 6 -7 -8
leaf_value=0.041815838679764017 -0.0027004750674043203 -0.03267330630312356 0.019403516366706199 -0.015821701314629309 -0.016842475263107847 -0.028479161193829667 0.032528856415071944
leaf_weight=66.366186648607254 255.32509426772594 41.116521686315536 41.044201627373695 17.346993327140808 10.657382935285566 74.253420561552048 32.808704286813736
leaf_count=302 1077 176 179 78 44 309 145
internal_value=5.86204e-05 0.0117894 -0.00681494 0.0297817 -0.00519252 -0.00864511 0.0202152
internal_weight=538.919 165.874 82.1607 83.7132 373.045 329.579 43.4661
internal_count=2310 735 355 380 1575 1386 189
is_linear=0
shrinkage=0.04


Tree=33
num_leaves=6
num_cat=0
split_feature=64 94 40 84 112
split_gain=20.6958 27.0089 47.7626 31.5168 15.011
threshold=0.92715902360740465 0.56804964048571882 -0.5011207189811232 1.3551883535861589 -0.15547619497638196
decision_type=2 2 2 2 2
left_child=1 2 -1 -3 -2
right_child=4 3 -4 -5 -6
leaf_value=-0.022636705377086813 -0.0063431312468670452 -0.031026367554308053 0.010581422772776673 0.016081156015134206 0.047515105075394568
leaf_weight=87.759381294250488 11.953660413622854 85.338573917746544 301.5037002414465 29.297673672437668 22.133994549512863
leaf_count=359 51 355 1311 132 102
internal_value=5.80898e-05 -0.00202975 0.00301496 -0.0189178 0.0293236
internal_weight=537.987 503.899 389.263 114.636 34.0877
internal_count=2310 2157 1670 487 153
is_linear=0
shrinkage=0.04


Tree=34
num_leaves=5
num_cat=0
split_feature=40 35 125 61
split_gain=20.8287 24.4261 33.7522 22.7949
threshold=-1.0279477716191043 0.81358806103646752 0.60273381300136231 -1.1548767187802091
decision_type=2 2 2 2
left_child=-1 3 -3 -2
right_child=1 2 -4 -5
leaf_value=0.053790929348539851 0.028890931119143641 -0.048845119018498806 0.030633920101694505 -0.0012324277465977759
leaf_weight=9.3015984296798688 42.187411800026894 32.149374380707741 9.8815766721963865 443.2349249124527
leaf_count=40 208 135 41 1886
internal_value=5.89658e-05 -0.00108821 -0.0296167 0.00149336
internal_weight=536.755 527.453 42.031 485.422
internal_count=2310 2270 176 2094
is_linear=0
shrinkage=0.04


Tree=35
num_leaves=5
num_cat=0
split_feature=108 40 35 35
split_gain=20.0329 21.3321 22.4244 12.5438
threshold=-1.2821465264868603 -1.0279477716191043 0.81358806103646752 -0.17492299101748232
decision_type=2 2 2 2
left_child=3 -2 -3 -1
right_child=1 2 -4 -5
leaf_value=-0.0017536412022389179 0.052600220238802502 -0.00065297618141290422 -0.03098063089311992 0.045640796786840514
leaf_weight=14.011386483907698 9.1794093400239927 450.1711297929287 40.719965532422066 21.983633264899254
leaf_count=64 40 1922 171 113
internal_value=6.6618e-05 -0.00205292 -0.00328419 0.0280709
internal_weight=536.066 500.071 490.891 35.995
internal_count=2310 2133 2093 177
is_linear=0
shrinkage=0.04


Tree=36
num_leaves=8
num_cat=0
split_feature=114 45 26 95 63 46 63
split_gain=19.4285 29.1285 31.9274 24.3615 30.0605 13.5589 8.3469
threshold=0.5274758122894444 1.0439087856056106 -0.40492945113235973 0.91399011519557838 0.7183724162120958 0.95152957193586907 -0.01518522438982379
decision_type=2 2 2 2 2 2 2
left_child=3 2 -2 4 -1 -5 -3
right_child=1 6 -4 5 -6 -7 -8
leaf_value=-0.0053763537992760693 0.010492355471502497 0.036849117677559946 -0.048586366517328443 0.035653642930675702 0.024685732699922604 -0.0068512322643243563 -0.0045616998180868671
leaf_weight=314.87006978690624 20.274677380919456 13.907587349414827 45.429610505700111 49.614741235971451 61.963774934411049 14.898116394877432 14.490978717803953
leaf_count=1347 84 59 187 230 276 67 60
internal_value=7.46167e-05 -0.0162302 -0.0305847 0.00360862 -0.000328938 0.025927 0.0168085
internal_weight=535.45 94.1029 65.7043 441.347 376.834 64.5129 28.3986
internal_count=2310 390 271 1920 1623 297 119
is_linear=0
shrinkage=0.04


Tree=37
num_leaves=7
num_cat=0
split_feature=108 63 35 102 107 87
split_gain=18.8774 23.5939 30.0746 28.7679 11.6934 8.17013
threshold=-1.1482013833965665 0.28654048656212822 -0.60709681615140176 0.15819588291047548 -0.33619155351587665 -0.52456017949677813
decision_type=2 2 2 2 2 2
left_child=4 3 -3 -2 5 -1
right_child=1 2 -4 -5 -6 -7
leaf_value=0.00072670302039336656 -0.018339867636274883 -0.016949178778091437 0.019346450142414737 0.0072571172729442458 -0.0062090948859820994 0.042821253136941899
leaf_weight=9.7012281417846662 195.41553123295307 49.301182717084885 126.3371904194355 107.68763044476509 16.427845478057861 29.751010477542877
leaf_count=45 822 213 545 463 72 150
internal_value=7.91965e-05 -0.00251945 0.00908225 -0.00925772 0.0216603 0.0330048
internal_weight=534.622 478.742 175.638 303.103 55.8801 39.4522
internal_count=2310 2043 758 1285 267 195
is_linear=0
shrinkage=0.04


Tree=38
num_leaves=6
num_cat=0
split_feature=126 53 78 113 34
split_gain=18.7255 27.184 29.966 28.692 2.66317
threshold=-1.05821365901357 0.25000000000000006 -1.24525004367109 -0.14399051830373752 -0.14767904803075801
decision_type=2 2 2 2 2
left_child=4 3 -3 -2 -1
right_child=1 2 -4 -5 -6
leaf_value=0.050585264796069999 0.024335939752173897 0.025790286862907411 -0.018720971971125235 -0.0019619590421439659 0.016147746119589874
leaf_weight=9.8399133235216159 92.997802466154099 26.216975376009941 176.34786270558834 219.48485988378525 9.072827219963072
leaf_count=44 435 129 738 924 40
internal_value=8.19491e-05 -0.00141922 -0.0127643 0.00596954 0.0371891
internal_weight=533.96 515.048 202.565 312.483 18.9127
internal_count=2310 2226 867 1359 84
is_linear=0
shrinkage=0.04


Tree=39
num_leaves=5
num_cat=0
split_feature=40 40 94 35
split_gain=18.6047 21.7842 33.0299 28.7344
threshold=-1.0279477716191043 -0.59888148323027635 0.55955758633123542 -0.21569939831117343
decision_type=2 2 2 2
left_child=-1 3 -3 -2
right_child=1 2 -4 -5
leaf_value=0.051533287155669155 0.029122022276290772 0.0086782227655469585 -0.015539361650378428 -0.034002752897920388
leaf_weight=9.0193712711334211 12.790630236268042 334.71379446983337 121.06437309086323 55.574689909815788
leaf_count=40 53 1463 520 234
internal_value=9.46162e-05 -0.000983058 0.00220573 -0.0217005
internal_weight=533.163 524.143 455.778 68.3653
internal_count=2310 2270 1983 287
is_linear=0
shrinkage=0.04


Tree=40
num_leaves=6
num_cat=0
split_feature=64 83 125 88 112
split_gain=17.801 24.622 33.8283 15.0993 14.5479
threshold=0.92715902360740465 -0.58979208458605126 -0.19422466379563222 -0.62121554464212336 -0.15547619497638196
decision_type=2 2 2 2 2
left_child=1 3 -3 -1 -2
right_child=4 2 -4 -5 -6
leaf_value=0.0084443911382528474 -0.0075053335632740206 0.016755052614140651 -0.0065640662161690101 -0.033887508266537858 0.045822072805532361
leaf_weight=16.999708920717239 11.797973513603209 152.84483380615711 276.74787659943104 52.455256924033165 21.478078663349152
leaf_count=74 51 693 1173 217 102
internal_value=9.74272e-05 -0.00183655 0.00177184 -0.0235801 0.0275614
internal_weight=532.324 499.048 429.593 69.455 33.2761
internal_count=2310 2157 1866 291 153
is_linear=0
shrinkage=0.04


Tree=41
num_leaves=5
num_cat=0
split_feature=40 35 125 61
split_gain=17.529 20.3302 30.2649 19.7144
threshold=-1.0279477716191043 0.81358806103646752 0.60273381300136231 -1.1548767187802091
decision_type=2 2 2 2
left_child=-1 3 -3 -2
right_child=1 2 -4 -5
leaf_value=0.050372182826028462 0.027281454051017756 -0.045657597205887093 0.029863451453277495 -0.0011047236110644778
leaf_weight=8.8711909651756269 40.953357353806496 31.538694605231285 9.8165654391050321 440.28636291623116
leaf_count=40 208 135 41 1886
internal_value=9.82606e-05 -0.000943941 -0.0271804 0.00141384
internal_weight=531.466 522.595 41.3553 481.24
internal_count=2310 2270 176 2094
is_linear=0
shrinkage=0.04


Tree=42
num_leaves=5
num_cat=0
split_feature=82 125 14 46
split_gain=16.8973 26.833 45.2629 19.2052
threshold=4.3435690932629685 -0.41131900708767893 0.18866319292033193 -0.87135953760263252
decision_type=2 2 2 2
left_child=1 2 -1 -3
right_child=-2 3 -4 -5
leaf_value=0.034600925966403025 -0.045005762589602545 -0.024516085868594766 -0.0090391217568726884 -0.00043155307923443969
leaf_weight=83.751965627074242 10.964131891727446 62.047416165471077 67.116314247250557 306.82959577441216
leaf_count=390 45 261 300 1314
internal_value=0.00010403 0.0012245 0.0153226 -0.00459308
internal_weight=530.709 519.745 150.868 368.877
internal_count=2310 2265 690 1575
is_linear=0
shrinkage=0.04


Tree=43
num_leaves=5
num_cat=0
split_feature=40 40 68 35
split_gain=16.6765 19.4363 30.3189 26.4651
threshold=-1.0279477716191043 -0.59888148323027635 -0.28519461184642397 -0.21569939831117343
decision_type=2 2 2 2
left_child=-1 3 -3 -2
right_child=1 2 -4 -5
leaf_value=0.049470458621970151 0.028277321092172403 0.0215563976760558 -0.00335768120430122 -0.032429236435760331
leaf_weight=8.7246561199426633 12.733013644814489 98.043617486953735 355.46031850576401 55.142512068152428
leaf_count=40 53 429 1554 234
internal_value=9.47521e-05 -0.000917376 0.00209953 -0.0205577
internal_weight=530.104 521.379 453.504 67.8755
internal_count=2310 2270 1983 287
is_linear=0
shrinkage=0.04


Tree=44
num_leaves=7
num_cat=0
split_feature=64 83 125 35 106 90
split_gain=16.4305 22.3405 29.5988 14.6354 10.1397 1.1352
threshold=0.92715902360740465 -0.58979208458605126 -0.19422466379563222 1.0000000180025095e-35 -0.25949875096895009 0.75870549662587594
decision_type=2 2 2 2 2 2
left_child=1 3 -3 -1 -2 -6
right_child=4 2 -4 -5 5 -7
leaf_value=-0.042208585846202774 -0.0074962315742514579 0.015814316829595113 -0.0060830024978448137 -0.0055121208165264989 0.047360421831611488 0.020292239877259352
leaf_weight=30.678181722760201 9.3404875397682172 151.15048484504223 276.23646023869514 38.667354181408882 14.858807623386385 8.5656517744064313
leaf_count=128 40 693 1173 163 71 42
internal_value=0.000101269 -0.00175245 0.00169883 -0.0224746 0.0266887 0.0398373
internal_weight=529.497 496.732 427.387 69.3455 32.7649 23.4245
internal_count=2310 2157 1866 291 153 113
is_linear=0
shrinkage=0.04


Tree=45
num_leaves=6
num_cat=0
split_feature=16 113 69 63 69
split_gain=16.6155 20.1315 28.4834 21.8481 1.88707
threshold=-1.056263898786566 0.77627488585916837 0.69849390798737565 0.24594650025939754 -0.65712644817721311
decision_type=2 2 2 2 2
left_child=4 3 -3 -2 -1
right_child=1 2 -4 -5 -6
leaf_value=0.042385814367408056 -0.004778818498549102 -0.033509860504039424 0.01740879989404677 0.014035494502320188 0.015596235619101726
leaf_weight=12.0802019238472 269.03974096477032 59.829362586140633 23.108119860291481 153.42162124812603 11.193155422806738
leaf_count=53 1179 249 97 685 47
internal_value=0.00010165 -0.00147541 -0.019247 0.00208775 0.0317554
internal_weight=528.672 505.399 82.9375 422.461 23.2734
internal_count=2310 2210 346 1864 100
is_linear=0
shrinkage=0.04


Tree=46
num_leaves=5
num_cat=0
split_feature=126 83 108 47
split_gain=16.0072 17.227 20.8617 18.3571
threshold=-1.0957236535424899 1.0473521800788124 -1.1482013833965665 -0.34473349874417786
decision_type=2 2 2 2
left_child=-1 2 -2 -3
right_child=1 3 -4 -5
leaf_value=0.037591246462980343 0.019105528716140824 -0.017418034738464962 -0.0071995653554778995 0.029588579748579546
leaf_weight=15.622979223728178 52.99019131064415 16.455223321914673 393.95083571970463 49.208609223365784
leaf_count=72 261 70 1689 218
internal_value=0.000105896 -0.00117823 -0.00400956 0.0176422
internal_weight=528.228 512.605 446.941 65.6638
internal_count=2310 2238 1950 288
is_linear=0
shrinkage=0.04


Tree=47
num_leaves=5
num_cat=0
split_feature=82 125 58 46
split_gain=16.0971 22.7028 35.3802 17.3033
threshold=4.3435690932629685 -0.41131900708767893 0.29842928270220531 -0.87135953760263252
decision_type=2 2 2 2
left_child=1 2 -1 -3
right_child=-2 3 -4 -5
leaf_value=0.032158136124753732 -0.043858074314092645 -0.023038792950347071 -0.00656801362522036 -0.00016584797617541735
leaf_weight=79.549890741705894 10.996081441640852 61.993706166744232 69.209858253598213 305.92811258137226
leaf_count=390 45 261 300 1314
internal_value=0.000112134 0.00121342 0.0142928 -0.00412359
internal_weight=527.678 516.682 148.76 367.922
internal_count=2310 2265 690 1575
is_linear=0
shrinkage=0.04


Tree=48
num_leaves=5
num_cat=0
split_feature=40 40 94 106
split_gain=15.8108 17.4641 29.0429 24.7617
threshold=-1.0279477716191043 -0.59888148323027635 0.55955758633123542 -0.030138311625011328
decision_type=2 2 2 2
left_child=-1 3 -3 -2
right_child=1 2 -4 -5
leaf_value=0.048560994207797997 -0.034290013902189817 0.0080940398676594486 -0.014721804300073747 0.01800593974361343
leaf_weight=8.5586995482444745 48.536434173583984 330.97775763273239 119.99028936028481 18.846661001443863
leaf_count=40 203 1463 520 84
internal_value=0.000102905 -0.000880777 0.00198517 -0.0195657
internal_weight=526.91 518.351 450.968 67.3831
internal_count=2310 2270 1983 287
is_linear=0
shrinkage=0.04


Tree=49
num_leaves=7
num_cat=0
split_feature=95 76 37 35 46 124
split_gain=15.6679 27.9053 33.5014 19.2386 8.13993 1.56609
threshold=1.9328000278851938 0.38301560218602881 0.70718361453760636 0.81358806103646752 0.90868475194320075 0.76891780890921735
decision_type=2 2 2 2 2 2
left_child=1 3 -3 -1 5 -2
right_child=4 2 -4 -5 -6 -7
leaf_value=0.007205171985748971 0.018239136542374641 -0.03406073217416395 0.0034512809923703215 -0.028902193135188294 -0.003555559697386813 0.047589334213947863
leaf_weight=320.80705852806568 8.1771044880151802 76.858952641487122 73.039397493004799 23.510891631245613 9.7813432812690717 13.742423847317694
leaf_count=1410 38 327 312 102 45 76
internal_value=0.000103145 -0.00168969 -0.0159779 0.004587 0.026495 0.0390807
internal_weight=525.917 494.216 149.898 344.318 31.7009 21.9195
internal_count=2310 2151 639 1512 159 114
is_linear=0
shrinkage=0.04


Tree=50
num_leaves=6
num_cat=0
split_feature=16 114 46 53 57
split_gain=15.3595 19.5824 23.7231 17.9408 1.8929
threshold=-1.056263898786566 0.5274758122894444 2.1768576134514555 0.25000000000000006 -0.39540586463791283
decision_type=2 2 2 2 2
left_child=4 3 -3 -2 -1
right_child=1 2 -4 -5 -6
leaf_value=0.040379425280840472 0.0095802731036437744 -0.028181633681693442 0.024154377576269363 -0.007079632375784759 0.013647050199539986
leaf_weight=12.931175142526628 231.64113302528858 71.108226597309113 15.472098350524901 183.67675672471523 10.086168915033339
leaf_count=57 1043 297 65 805 43
internal_value=0.000101333 -0.00141786 -0.0184949 0.00221371 0.0306928
internal_weight=524.916 501.898 86.5803 415.318 23.0173
internal_count=2310 2210 362 1848 100
is_linear=0
shrinkage=0.04


Tree=51
num_leaves=5
num_cat=0
split_feature=40 35 125 78
split_gain=14.965 16.6657 27.1624 18.5002
threshold=-1.0279477716191043 0.81358806103646752 0.60273381300136231 -1.2602637288003857
decision_type=2 2 2 2
left_child=-1 3 -3 -2
right_child=1 2 -4 -5
leaf_value=0.047637515745983627 0.033322483365978303 -0.042688898840899506 0.029129725525459466 -0.00064010693687099082
leaf_weight=8.3896221071481687 25.209290906786919 30.771439626812935 9.7599031776189786 450.26014766097069
leaf_count=40 131 135 41 1963
internal_value=0.00010583 -0.000847929 -0.0248385 0.00129262
internal_weight=524.39 516.001 40.5313 475.469
internal_count=2310 2270 176 2094
is_linear=0
shrinkage=0.04


Tree=52
num_leaves=6
num_cat=0
split_feature=64 83 107 112 35
split_gain=14.6545 20.0713 20.0905 13.2285 12.5968
threshold=0.92715902360740465 -0.70646165458177801 -0.43159257893060909 -0.15547619497638196 1.0000000180025095e-35
decision_type=2 2 2 2 2
left_child=1 4 -3 -2 -1
right_child=3 2 -4 -5 -6
leaf_value=-0.047555475678026246 -0.0079801904503337944 0.016349150491413507 -0.0036363678590324356 0.043461921038272337 -0.0067080487476211615
leaf_weight=20.892184779047966 11.577368155121802 103.22961982339621 340.25987082719803 20.462039768695831 27.225368246436119
leaf_count=88 51 494 1460 102 115
internal_value=0.000112303 -0.00163868 0.00106811 0.0254967 -0.0256336
internal_weight=523.646 491.607 443.489 32.0394 48.1176
internal_count=2310 2157 1954 153 203
is_linear=0
shrinkage=0.04


Tree=53
num_leaves=7
num_cat=0
split_feature=42 108 108 63 112 108
split_gain=14.7997 21.535 21.3852 19.8835 13.8114 1.60878
threshold=-0.9687122909924254 -1.1482013833965665 -0.10874254104935695 0.59791966556986276 0.0057493275924042344 0.29238497329576113
decision_type=2 2 2 2 2 2
left_child=2 4 -1 -3 -2 -4
right_child=1 3 5 -5 -6 -7
leaf_value=-0.025538328051818628 -0.0068439463723559638 -0.0086523758084670246 0.023918013198468212 0.013044377676408443 0.037189546199052612 0.05149704445470988
leaf_weight=8.8401660621166211 16.164323747158051 357.18162742257118 12.126276120543482 81.37819992005825 32.65914560854435 14.527184009552
leaf_count=40 75 1544 52 361 174 64
internal_value=0.00010787 -0.00174815 0.0243277 -0.00458543 0.0229154 0.0414949
internal_weight=522.877 487.383 35.4936 438.56 48.8235 26.6535
internal_count=2310 2154 156 1905 249 116
is_linear=0
shrinkage=0.04


Tree=54
num_leaves=5
num_cat=0
split_feature=126 53 15 113
split_gain=14.4344 20.3501 24.5173 20.9813
threshold=-1.0957236535424899 0.25000000000000006 -1.0521420119324405 -0.14399051830373752
decision_type=2 2 2 2
left_child=-1 3 -3 -2
right_child=1 2 -4 -5
leaf_value=0.036152298949441282 0.02158424668293395 0.03233591934970427 -0.015175337187847594 -0.0013434390094464491
leaf_weight=15.204592764377592 88.620394632220268 17.277524411678314 185.61698181182146 215.54373091459274
leaf_count=72 435 75 804 924
internal_value=0.000118084 -0.00110022 -0.0108534 0.00543407
internal_weight=522.263 507.059 202.895 304.164
internal_count=2310 2238 879 1359
is_linear=0
shrinkage=0.04


Tree=55
num_leaves=7
num_cat=0
split_feature=95 76 37 36 46 124
split_gain=14.4589 25.1884 29.0412 20.5612 7.85164 1.43876
threshold=1.9328000278851938 0.32173014998023902 0.61296029044056033 1.0364627632680012 0.90868475194320075 0.76891780890921735
decision_type=2 2 2 2 2 2
left_child=1 3 -3 -1 5 -2
right_child=4 2 -4 -5 -6 -7
leaf_value=0.0063253099963010732 0.018030413768178224 -0.03279482572523678 0.0016571611143337344 -0.049366470841512855 -0.0037740022087925326 0.046690803823376328
leaf_weight=327.03201161324978 8.1264573484659248 73.108923017978668 81.382481217384338 8.974353224039076 9.7201995849609357 13.272801876068113
leaf_count=1445 38 315 351 40 45 76
internal_value=0.000125875 -0.00159502 -0.0148571 0.00455454 0.0257085 0.0382783
internal_weight=521.617 490.498 154.491 336.006 31.1195 21.3993
internal_count=2310 2151 666 1485 159 114
is_linear=0
shrinkage=0.04


Tree=56
num_leaves=8
num_cat=0
split_feature=83 76 40 36 41 64 117
split_gain=14.0822 17.1088 30.8482 17.4034 13.3367 8.41479 8.33894
threshold=0.92675280432352936 0.28862208111878357 0.61979384889815436 0.98209897343569319 -0.68283767157771458 -0.80774014698952834 -0.038902965962985224
decision_type=2 2 2 2 2 2 2
left_child=1 3 -3 -1 6 -6 -2
right_child=4 2 -4 -5 5 -7 -8
leaf_value=0.00497374358973108 0.0089681091393594165 -0.032793863920196759 0.0034799985885244317 -0.042078407423756493 0.033788689411047235 -0.0054960815171730603 0.052200018002134849
leaf_weight=280.70585136115551 12.909269168972971 69.18903174996376 78.564155623316765 11.171414256095884 8.8937388658523542 41.981056526303291 17.247202828526497
leaf_count=1243 59 297 360 50 39 186 76
internal_value=0.000119481 -0.00272247 -0.0137172 0.00289874 0.0152325 0.00238983 0.0354023
internal_weight=520.662 439.63 147.753 291.877 81.0313 50.8748 30.1565
internal_count=2310 1950 657 1293 360 225 135
is_linear=0
shrinkage=0.04


Tree=57
num_leaves=7
num_cat=0
split_feature=95 96 28 25 46 124
split_gain=13.4824 17.1555 30.215 28.4548 7.60187 1.45755
threshold=1.9328000278851938 -0.32656573224288205 0.20817265397675791 -0.76197746154221202 0.90868475194320075 0.76891780890921735
decision_type=2 2 2 2 2 2
left_child=1 3 -3 -1 5 -2
right_child=4 2 -4 -5 -6 -7
leaf_value=-0.036015745013458743 0.017424447619742111 0.0032910810429577133 -0.021663843178844427 0.014290422835402234 -0.003950221733216323 0.046025136456315521
leaf_weight=18.410846441984177 8.0685280710458809 186.60340264439583 130.39363676309586 153.85511115193367 9.7019259184598905 12.952169999480246
leaf_count=77 38 822 570 682 45 76
internal_value=0.000118905 -0.00153751 -0.00704535 0.00856234 0.0249793 0.0375147
internal_weight=519.986 489.263 316.997 172.266 30.7226 21.0207
internal_count=2310 2151 1392 759 159 114
is_linear=0
shrinkage=0.04


Tree=58
num_leaves=6
num_cat=0
split_feature=16 111 46 102 69
split_gain=13.5428 15.7702 26.2553 16.5961 1.84596
threshold=-1.056263898786566 0.65474109346419918 2.1768576134514555 0.33357696161382594 -0.65712644817721311
decision_type=2 2 2 2 2
left_child=4 3 -3 -2 -1
right_child=1 2 -4 -5 -6
leaf_value=0.039620829308274652 0.0056440565022649793 -0.024653230551296122 0.028943013534911181 -0.017070892729224265 0.013556006312347442
leaf_weight=11.621853753924372 340.26672665029764 82.001837804913521 15.948296159505842 58.598331958055496 10.99335230886936
leaf_count=53 1537 348 68 257 47
internal_value=0.000118354 -0.00131138 -0.0155221 0.00223842 0.0290815
internal_weight=519.43 496.815 97.9501 398.865 22.6152
internal_count=2310 2210 416 1794 100
is_linear=0
shrinkage=0.04


Tree=59
num_leaves=6
num_cat=0
split_feature=126 53 78 40 34
split_gain=13.2971 19.1618 23.6976 16.8274 2.67871
threshold=-1.05821365901357 0.25000000000000006 -1.2602637288003857 -0.5011207189811232 -0.14767904803075801
decision_type=2 2 2 2 2
left_child=4 3 -3 -2 -1
right_child=1 2 -4 -5 -6
leaf_value=0.046231055271025064 -0.012535211651435172 0.026449330016831266 -0.015635199943317361 0.010165918018464584 0.012233975112629554
leaf_weight=8.9202405661344546 65.064227029681206 22.475789360702038 177.28679253160954 236.59356292337179 8.5659018456935865
leaf_count=44 284 117 750 1075 40
internal_value=0.000121248 -0.00113416 -0.0106849 0.00521922 0.032542
internal_weight=518.907 501.42 199.763 301.658 17.4861
internal_count=2310 2226 867 1359 84
is_linear=0
shrinkage=0.04


Tree=60
num_leaves=6
num_cat=0
split_feature=46 111 37 30 78
split_gain=12.8202 18.9794 17.1589 15.1247 9.67372
threshold=5.1420216949275561 0.65969508432591584 1.1194354628083876 -0.92049199822123995 -0.51443450073534269
decision_type=2 2 2 2 2
left_child=1 2 -1 -3 -2
right_child=4 3 -4 -5 -6
leaf_value=-0.00013640816995854493 -0.0041394673355904165 0.01910294693360742 0.027445846002756624 -0.02352628495084734 0.047798482301177593
leaf_weight=361.4838185608387 8.6928724050521868 14.254598841071127 38.086680881679058 82.308404669165611 13.33601365983486
leaf_count=1613 40 61 188 349 59
internal_value=0.000127755 -0.00124931 0.0026163 -0.0169734 0.0286645
internal_weight=518.162 496.134 399.57 96.563 22.0289
internal_count=2310 2211 1801 410 99
is_linear=0
shrinkage=0.04


Tree=61
num_leaves=6
num_cat=0
split_feature=64 83 125 35 112
split_gain=13.0924 17.7445 20.7532 13.1699 12.6133
threshold=0.92715902360740465 -0.58979208458605126 -0.19422466379563222 -0.04836028053920511 -0.15547619497638196
decision_type=2 2 2 2 2
left_child=1 3 -3 -1 -2
right_child=4 2 -4 -5 -6
leaf_value=-0.039814928120558493 -0.008212508418513972 0.013679773174295562 -0.0049191388064460505 -0.0046201986759023279 0.04231071480758223
leaf_weight=28.683384642004967 11.507578849792482 145.66142249852419 272.43661665916443 39.539763584733009 19.838438019156456
leaf_count=122 51 693 1173 169 102
internal_value=0.000133688 -0.00152276 0.00159483 -0.0201298 0.0243828
internal_weight=517.667 486.321 418.098 68.2231 31.346
internal_count=2310 2157 1866 291 153
is_linear=0
shrinkage=0.04


Tree=62
num_leaves=5
num_cat=0
split_feature=82 88 114 71
split_gain=12.9761 18.3263 15.2231 2.24252
threshold=4.3943838709050285 2.7123693132880549 0.70801658249201427 0.15918199558744314
decision_type=2 2 2 2
left_child=1 2 -1 -3
right_child=-2 3 -4 -5
leaf_value=0.001963796497881619 -0.04305810439833116 0.043386120476991696 -0.019312592561350785 0.015143050494391854
leaf_weight=423.54067893326283 8.8987970203161222 14.106060028076174 59.59666146337986 10.640800938010214
leaf_count=1911 36 63 252 48
internal_value=0.000129153 0.00105178 -0.000729517 0.0332824
internal_weight=516.783 507.884 483.137 24.7469
internal_count=2310 2274 2163 111
is_linear=0
shrinkage=0.04


Tree=63
num_leaves=7
num_cat=0
split_feature=42 108 108 63 112 84
split_gain=12.7763 20.0942 18.218 18.1615 13.2917 2.98105
threshold=-0.9687122909924254 -0.10874254104935695 -1.1482013833965665 0.59791966556986276 0.0057493275924042344 -0.018475073666221902
decision_type=2 2 2 2 2 2
left_child=1 -1 4 -4 -2 -3
right_child=2 5 3 -5 -6 -7
leaf_value=-0.025453440740358789 -0.0077802904020911959 0.016222445602570832 -0.0081114494646047086 0.01275099897016937 0.035750223432012271 0.049378978461401782
leaf_weight=8.79456729441881 15.943774178624151 9.1523205041885394 353.7593566775322 80.310666188597679 31.52458468824625 16.9446906670928
leaf_count=40 75 39 1544 361 174 77
internal_value=0.000124127 0.0228136 -0.00160748 -0.00421075 0.0214057 0.0397333
internal_weight=516.43 34.8916 481.538 434.07 47.4684 26.097
internal_count=2310 156 2154 1905 249 116
is_linear=0
shrinkage=0.04


Tree=64
num_leaves=5
num_cat=0
split_feature=100 40 76 47
split_gain=12.6753 15.0417 19.7426 15.4732
threshold=2.3976044582140341 0.9162477058994799 0.38301560218602881 -0.60126261503583145
decision_type=2 2 2 2
left_child=1 2 -1 -3
right_child=-2 3 -4 -5
leaf_value=0.0038875320452254232 -0.037645990291265578 -0.021107445993923443 -0.014854899723016363 0.032868284795343525
leaf_weight=335.40635271370411 11.832440719008444 9.259162485599516 120.61003296077251 38.660430312156677
leaf_count=1498 54 42 533 183
internal_value=0.000132045 0.00116439 -0.0011128 0.0220111
internal_weight=515.768 503.936 456.016 47.9196
internal_count=2310 2256 2031 225
is_linear=0
shrinkage=0.04


Tree=65
num_leaves=6
num_cat=0
split_feature=16 35 106 94 98
split_gain=12.3241 14.9505 29.8047 23.0744 2.17681
threshold=-1.056263898786566 -0.60156041933416438 0.17788880938738613 0.45870724153795217 0.29437902986829617
decision_type=2 2 2 2 2
left_child=4 3 -3 -2 -1
right_child=1 2 -4 -5 -6
leaf_value=0.009455949839896725 0.0044133854118157245 -0.0053388875795541014 0.018171309521762637 -0.032375137785765291 0.037242155031615071
leaf_weight=8.8429466485977191 52.739767089486122 259.78304108977318 126.7357082515955 53.582463607192039 13.481261491775511
leaf_count=39 236 1140 595 239 61
internal_value=0.000121528 -0.00124532 0.00242373 -0.0143821 0.0279181
internal_weight=515.165 492.841 386.519 106.322 22.3242
internal_count=2310 2210 1735 475 100
is_linear=0
shrinkage=0.04


Tree=66
num_leaves=8
num_cat=0
split_feature=83 64 94 41 25 117 112
split_gain=12.5298 14.1856 21.8927 11.9826 11.0005 7.5058 5.68577
threshold=0.92675280432352936 1.0777530669315161 0.56804964048571882 -0.68283767157771458 -0.39751960437287553 -0.038902965962985224 -0.12480679549675631
decision_type=2 2 2 2 2 2 2
left_child=1 2 -1 5 -5 -2 -3
right_child=3 6 -4 4 -6 -7 -8
leaf_value=0.00046242712466847309 0.0086590782524212095 0.00071272287753523181 -0.022028060976260956 -0.023919422727634997 0.01460014673149884 0.050092071003153882 0.041290512779687309
leaf_weight=326.4203325137496 12.754249200224878 8.5958854258060473 85.871113643050194 15.497418150305746 34.899805322289467 16.718920558691025 13.832885727286337
leaf_count=1457 59 41 379 69 156 76 73
internal_value=0.000122306 -0.0025702 -0.00430557 0.0144819 0.00229429 0.0338519 0.0270705
internal_weight=514.591 434.72 412.291 79.8704 50.3972 29.4732 22.4288
internal_count=2310 1950 1836 360 225 135 114
is_linear=0
shrinkage=0.04


Tree=67
num_leaves=6
num_cat=0
split_feature=126 53 78 107 34
split_gain=11.9339 16.3915 22.2312 17.3206 2.63068
threshold=-1.05821365901357 0.25000000000000006 -1.24525004367109 -0.51115624488543754 -0.14767904803075801
decision_type=2 2 2 2 2
left_child=4 3 -3 -2 -1
right_child=1 2 -4 -5 -6
leaf_value=0.044968925993661958 0.031022582095903233 0.024142957867805778 -0.015010566773440268 0.0013229616387494315 0.011264685896886936
leaf_weight=8.5974884629249591 33.683845974504948 24.902868025004864 173.64986038208008 264.5982603803277 8.4345388412475568
leaf_count=44 189 129 738 1170 40
internal_value=0.000129325 -0.00105723 -0.00990806 0.00486111 0.0312158
internal_weight=513.867 496.835 198.553 298.282 17.032
internal_count=2310 2226 867 1359 84
is_linear=0
shrinkage=0.04


Tree=68
num_leaves=7
num_cat=0
split_feature=95 68 40 35 25 38
split_gain=11.8702 16.0551 24.1941 15.2912 6.21581 1.33576
threshold=1.9328000278851938 -0.20703430394508399 -0.5011207189811232 -0.60156041933416438 -1.161150201844465 0.32048720266010183
decision_type=2 2 2 2 2 2
left_child=1 2 -1 -3 -2 -6
right_child=4 3 -4 -5 5 -7
leaf_value=-0.0077274993356097055 -0.0057117927573845911 -0.021588685728177293 0.020560396024657805 -0.0014570277654908943 0.013981633921464197 0.040820316625182838
leaf_weight=88.273109436035156 7.8709539398551014 83.081584379076958 102.88924179971218 208.94462998211384 7.1516932696104076 14.80751086771488
leaf_count=387 44 362 470 932 35 80
internal_value=0.000140752 -0.00141218 0.00755312 -0.00729238 0.0238033 0.0339762
internal_weight=513.019 483.189 191.162 292.026 29.8302 21.9592
internal_count=2310 2151 857 1294 159 115
is_linear=0
shrinkage=0.04


Tree=69
num_leaves=6
num_cat=0
split_feature=46 111 95 49 120
split_gain=11.8457 16.6011 16.6678 14.3868 11.2759
threshold=5.1420216949275561 0.65969508432591584 0.99877125965325175 -0.32114834609828263 -0.049056968704309666
decision_type=2 2 2 2 2
left_child=1 2 -1 -3 -2
right_child=4 3 -4 -5 -6
leaf_value=-0.00060686637134964262 -0.007187481451257533 -0.042097916547936133 0.024380396586776883 -0.0067238492033279617 0.048666835972819213
leaf_weight=348.11545827239752 8.6303495168685931 23.113879889249802 46.673050798475742 72.680215835571289 13.09864918887615
leaf_count=1568 40 99 233 311 59
internal_value=0.00014235 -0.00118799 0.0024552 -0.0159455 0.0277466
internal_weight=512.312 490.583 394.789 95.7941 21.729
internal_count=2310 2211 1801 410 99
is_linear=0
shrinkage=0.04


Tree=70
num_leaves=6
num_cat=0
split_feature=35 119 82 35 125
split_gain=11.6314 14.7627 21.4022 20.1543 5.3821
threshold=0.94854217267500018 0.48849233885396609 4.3435690932629685 0.25665845582616759 0.13776390768107288
decision_type=2 2 2 2 2
left_child=1 3 -3 -1 -2
right_child=4 2 -4 -5 -6
leaf_value=-0.009242893167012451 -0.042175043711452441 0.017262459988729162 -0.036625172367456764 0.011412374252097518 -0.0042125827379417141
leaf_weight=242.48434959352016 12.551816269755365 127.20870492607355 11.104777812957762 107.4872282743454 10.970593497157095
leaf_count=1081 61 584 45 492 47
internal_value=0.000139933 0.00150986 0.0124756 -0.00287021 -0.0261873
internal_weight=511.807 488.285 138.313 349.972 23.5224
internal_count=2310 2202 629 1573 108
is_linear=0
shrinkage=0.04


Tree=71
num_leaves=5
num_cat=0
split_feature=40 40 28 106
split_gain=11.7624 15.3348 29.1925 27.8577
threshold=-0.97317536587423736 -0.5011207189811232 -0.26556360617926006 -0.036015566894238925
decision_type=2 2 2 2
left_child=-1 3 -3 -2
right_child=1 2 -4 -5
leaf_value=0.038635779568291367 -0.026860737106629597 0.018293567564548582 -0.0046989367192368358 0.021570748980374067
leaf_weight=10.384276852011679 73.793044716119766 127.65184024721384 275.62423003464937 23.692051902413368
leaf_count=50 313 589 1250 108
internal_value=0.000124861 -0.000824257 0.0026334 -0.0148933
internal_weight=511.145 500.761 403.276 97.4851
internal_count=2310 2260 1839 421
is_linear=0
shrinkage=0.04


Tree=72
num_leaves=6
num_cat=0
split_feature=16 114 46 37 98
split_gain=11.8869 13.2646 18.8646 13.5327 2.3304
threshold=-1.056263898786566 0.5274758122894444 2.1768576134514555 1.1194354628083876 0.26604129092720363
decision_type=2 2 2 2 2
left_child=4 3 -3 -2 -1
right_child=1 2 -4 -5 -6
leaf_value=0.0084589983487873433 -0.00062497298022178667 -0.024139496959724664 0.022902613209954001 0.023605851965909218 0.037006269680359298
leaf_weight=8.5852121412754077 364.40398998558521 69.710531756281853 15.163551345467566 39.019132882356644 13.529896624386309
leaf_count=38 1651 297 65 197 62
internal_value=0.000127977 -0.00122103 -0.0154012 0.00182352 0.0275447
internal_weight=510.412 488.297 84.8741 403.423 22.1151
internal_count=2310 2210 362 1848 100
is_linear=0
shrinkage=0.04


Tree=73
num_leaves=7
num_cat=0
split_feature=53 35 107 94 11 25
split_gain=11.351 14.8019 27.6987 24.675 12.6453 8.05067
threshold=-0.74999999999999989 -0.60709681615140176 -0.51115624488543754 0.45870724153795217 0.50780770464631042 0.1611104083289755
decision_type=2 2 2 2 2 2
left_child=4 3 -3 -2 5 -1
right_child=1 2 -4 -5 -6 -7
leaf_value=0.041498803189269351 0.0050778787699692187 0.023416313198284983 -0.0037985673548672221 -0.0339529229127059 -0.014413238658294407 0.0036631852442298731
leaf_weight=24.803693391382694 49.000698402523994 73.780624754726887 282.62280632555485 51.946807086467743 13.518795549869536 14.173535257577894
leaf_count=113 221 372 1242 235 61 66
internal_value=0.000133945 -0.00191429 0.00193453 -0.0152765 0.0173938 0.0285907
internal_weight=509.847 457.351 356.403 100.948 52.496 38.9772
internal_count=2310 2070 1614 456 240 179
is_linear=0
shrinkage=0.04


Tree=74
num_leaves=8
num_cat=0
split_feature=83 114 45 95 41 25 117
split_gain=11.5101 13.7301 16.7965 13.5148 11.2501 9.77065 6.89723
threshold=0.92675280432352936 0.62426429110261783 1.120403178532656 0.91399011519557838 -0.68283767157771458 -0.39751960437287553 -0.038902965962985224
decision_type=2 2 2 2 2 2 2
left_child=1 3 -3 -1 6 -6 -2
right_child=4 2 -4 -5 5 -7 -8
leaf_value=-0.0027794254171024384 0.0086145198264132479 -0.035035025861674035 0.016934547730162099 0.019355538157988697 -0.022562609367701016 0.013855563849545789 0.048735105041736684
leaf_weight=332.78903927654028 12.590249866247179 36.63341249525547 12.03669163584709 48.835321493446827 15.436407744884489 34.44460691511631 16.326477542519569
leaf_count=1503 59 159 51 237 69 156 76
internal_value=0.000133023 -0.00245757 -0.0220212 0.000139261 0.0139902 0.00215011 0.032954
internal_weight=509.092 430.294 48.6701 381.624 78.7977 49.881 28.9167
internal_count=2310 1950 210 1740 360 225 135
is_linear=0
shrinkage=0.04


Tree=75
num_leaves=8
num_cat=0
split_feature=7 82 118 94 82 29 84
split_gain=11.0507 20.3247 19.5566 17.8361 17.2344 14.6839 11.8665
threshold=-0.091810227812417447 -0.73014403901709224 -0.7486091681436231 0.53899585993266408 4.3435690932629685 -0.028840030861350046 0.28749001301284699
decision_type=2 2 2 2 2 2 2
left_child=2 6 5 -3 -4 -1 -2
right_child=1 3 4 -5 -6 -7 -8
leaf_value=-0.041186198619624345 -0.056337061051961727 0.00540174575814251 0.014903351534564077 -0.017378696929169202 -0.037254756013835551 0.0080136437999912061 -0.0038899098877872239
leaf_weight=19.612296000123024 16.309233129024509 181.93435052037239 177.10447454452515 76.459705144166946 8.862863212823866 16.614405021071434 11.586074188351629
leaf_count=82 72 835 811 349 36 73 52
internal_value=0.000135767 -0.00504458 0.00679592 -0.00142077 0.0120476 -0.0193833 -0.0362711
internal_weight=508.483 286.289 222.194 258.394 185.967 36.2267 27.8953
internal_count=2310 1308 1002 1184 847 155 124
is_linear=0
shrinkage=0.04


Tree=76
num_leaves=8
num_cat=0
split_feature=63 82 117 35 84 35 42
split_gain=11.1851 27.3303 30.4212 23.7143 38.6429 18.2287 16.4192
threshold=0.24594650025939754 -0.27801901709340276 -0.95142333444856331 -0.60709681615140176 -0.5149077523103458 -0.47980953604792126 -0.94473139068419132
decision_type=2 2 2 2 2 2 2
left_child=1 5 -3 6 -5 -1 -2
right_child=3 2 -4 4 -6 -7 -8
leaf_value=0.009031599255703817 0.029414794323102341 -0.030808577594406417 0.0099179977835558552 -0.023374550051600319 0.026794848301575431 -0.03082053936321566 -0.02582789139494468
leaf_weight=22.958009406924248 8.9435617625713331 32.885835558176041 183.3605076149106 29.682648986577988 111.4647129997611 76.585350304841995 41.832943938672543
leaf_count=103 40 144 845 135 517 336 190
internal_value=0.000110812 -0.0045093 0.0034989 0.00768081 0.0160653 -0.0216325 -0.0153517
internal_weight=507.714 315.79 216.246 191.924 141.147 99.5434 50.7765
internal_count=2310 1428 989 882 652 439 230
is_linear=0
shrinkage=0.04


Tree=77
num_leaves=7
num_cat=0
split_feature=95 76 37 36 46 112
split_gain=10.7684 16.77 23.3763 16.1856 6.9627 1.28395
threshold=1.9328000278851938 0.38301560218602881 0.70718361453760636 0.98209897343569319 0.90868475194320075 0.65861228476283096
decision_type=2 2 2 2 2 2
left_child=1 3 -3 -1 5 -2
right_child=4 2 -4 -5 -6 -7
leaf_value=0.0052977217222719584 0.01666855809180668 -0.028069959560130166 0.0038131677130213456 -0.040241117322755912 -0.0046870214649131379 0.044110443588417529
leaf_weight=322.05062090605497 8.0566663742065483 73.947131626307964 70.550687097012997 11.001449525356291 9.5391553491353971 11.603533707559107
leaf_count=1461 40 327 312 51 45 74
internal_value=0.000102125 -0.00137973 -0.0126636 0.00356224 0.0228724 0.0354423
internal_weight=506.749 477.55 144.498 333.052 29.1994 19.6602
internal_count=2310 2151 639 1512 159 114
is_linear=0
shrinkage=0.04


Tree=78
num_leaves=5
num_cat=0
split_feature=46 14 95 120
split_gain=10.5211 13.8388 11.8629 10.1331
threshold=5.1420216949275561 1.9197291994261421 2.0573083067946816 -0.049056968704309666
decision_type=2 2 2 2
left_child=1 2 -1 -2
right_child=3 -3 -4 -5
leaf_value=-0.0014148512286331341 -0.0066533718224460808 -0.041046932707342318 0.028486830532124481 0.046634626416451545
leaf_weight=452.63347292691469 8.6139803230762499 11.530258089303969 20.268341347575188 12.68061415851116
leaf_count=2041 40 53 117 59
internal_value=9.79786e-05 -0.00116 -1.87076e-05 0.0263583
internal_weight=505.727 484.432 472.902 21.2946
internal_count=2310 2211 2158 99
is_linear=0
shrinkage=0.04


Tree=79
num_leaves=6
num_cat=0
split_feature=16 28 84 41 98
split_gain=10.6352 13.0896 20.9525 14.7726 2.37666
threshold=-1.056263898786566 0.40436399496005238 -0.34798837710716629 0.77777232315422573 0.26604129092720363
decision_type=2 2 2 2 2
left_child=4 3 -3 -2 -1
right_child=1 2 -4 -5 -6
leaf_value=0.0072324435109758466 0.0003421725921313082 -0.046000820179222829 -0.0045272011759298278 0.028004657768176885 0.035825645280959488
leaf_weight=8.452628970146181 306.037139326334 21.255593433976173 124.0072878152132 32.362540267407894 13.272796347737311
leaf_count=38 1381 90 585 154 62
internal_value=9.90015e-05 -0.00117885 -0.0111382 0.00313665 0.0262485
internal_weight=505.388 483.663 145.263 338.4 21.7254
internal_count=2310 2210 675 1535 100
is_linear=0
shrinkage=0.04


Tree=80
num_leaves=7
num_cat=0
split_feature=7 83 107 35 13 41
split_gain=10.5038 13.6953 19.3416 11.4364 11.3697 11.8684
threshold=-0.58099657760162804 -0.59978666507103384 -0.43159257893060909 -0.04836028053920511 0.0079523298584892581 0.017162391546779936
decision_type=2 2 2 2 2 2
left_child=4 3 -3 -2 5 -1
right_child=1 2 -4 -5 -6 -7
leaf_value=-0.0004647784495109538 -0.039377400654689899 0.017740228568830493 -0.0041665054162127926 -0.0043735421299698684 -0.016250112620128331 0.036236393979355505
leaf_weight=23.026137106120586 24.818193212151527 80.502336449921131 293.30622287094593 34.996133238077164 14.230398520827292 34.15573151409626
leaf_count=102 110 420 1298 155 61 164
internal_value=9.89209e-05 -0.00226026 0.000620569 -0.0197015 0.0140954 0.0219412
internal_weight=505.035 433.623 373.809 59.8143 71.4123 57.1819
internal_count=2310 1983 1718 265 327 266
is_linear=0
shrinkage=0.04


Tree=81
num_leaves=8
num_cat=0
split_feature=63 82 117 96 107 119 123
split_gain=10.3304 24.885 27.9882 22.5872 17.1082 15.4052 6.64514
threshold=0.24594650025939754 -0.27801901709340276 -0.95142333444856331 -0.68609796126963907 0.72622243611119142 -0.43898368617710998 -0.4975444465677355
decision_type=2 2 2 2 2 2 2
left_child=1 5 -3 6 -5 -1 -2
right_child=3 2 -4 4 -6 -7 -8
leaf_value=0.015789408251808714 0.0097976729350128886 -0.029659254522974257 0.0094925657582987273 0.008903203693935987 -0.020904073967288259 -0.027175794915913643 0.054213207914667702
leaf_weight=14.427268847823141 8.974983364343645 32.738292530179024 182.26887601613998 125.66434410214424 38.620774164795876 84.62930203974247 16.973374456167221
leaf_count=70 45 144 845 589 167 369 81
internal_value=9.41108e-05 -0.00435346 0.00331267 0.00740568 0.00172885 -0.0207294 0.0406513
internal_weight=504.297 314.064 215.007 190.233 164.285 99.0566 25.9484
internal_count=2310 1428 989 882 756 439 126
is_linear=0
shrinkage=0.04


Tree=82
num_leaves=5
num_cat=0
split_feature=40 40 68 42
split_gain=10.4074 14.3077 26.8429 26.8324
threshold=-0.97317536587423736 -0.5011207189811232 -0.29060541475568674 -0.5880632310292232
decision_type=2 2 2 2
left_child=-1 3 -3 -2
right_child=1 2 -4 -5
leaf_value=0.036869994135504021 0.024447590969444471 0.023325328472077928 -0.0026012784784362102 -0.025427779102744023
leaf_weight=10.020540833473204 20.482423543930054 77.77039473503828 319.52096554636955 75.446462884545326
leaf_count=50 88 364 1475 333
internal_value=9.47111e-05 -0.000798322 0.00256531 -0.0144967
internal_weight=503.241 493.22 397.291 95.9289
internal_count=2310 2260 1839 421
is_linear=0
shrinkage=0.04


Tree=83
num_leaves=7
num_cat=0
split_feature=61 120 64 46 45 50
split_gain=10.1006 18.9753 27.2319 21.1962 6.4856 3.45936
threshold=-1.1564599150557155 -0.43911744282201354 0.39253035922992913 3.3293054571264258 0.57566665714618781 0.8711806497007345
decision_type=2 2 2 2 2 2
left_child=4 2 -2 -3 5 -1
right_child=1 3 -4 -5 -6 -7
leaf_value=0.038359835647381858 -0.030965678876922698 -8.9879931629889402e-05 0.013705181485261175 0.036673224213950063 -0.0025398166345376757 0.0036608390551337213
leaf_weight=18.853468887507919 67.330546572804451 340.04799328744411 30.484930083155632 25.091505646705627 14.262208580970762 6.478578843176364
leaf_count=111 300 1541 135 115 68 40
internal_value=0.000100695 -0.00158911 -0.017048 0.00262241 0.0189851 0.0304029
internal_weight=502.549 462.955 97.8155 365.139 39.5943 25.332
internal_count=2310 2091 435 1656 219 151
is_linear=0
shrinkage=0.04


Tree=84
num_leaves=6
num_cat=0
split_feature=64 58 96 119 112
split_gain=9.93556 13.3273 15.1191 13.0372 11.2204
threshold=0.92715902360740465 0.46501456152347787 -0.31913147167203498 -0.50086647454507094 -0.15547619497638196
decision_type=2 2 2 2 2
left_child=1 2 -1 -3 -2
right_child=4 3 -4 -5 -6
leaf_value=0.013504367578086308 -0.008849412273537095 0.023825450950314405 -0.0034746139486409315 -0.021576964491781574 0.03956266253578624
leaf_weight=119.52081429958344 11.264348223805429 10.006857112050055 269.36001368612051 73.125003516674042 18.419825524091721
leaf_count=541 51 46 1249 321 102
internal_value=0.000106752 -0.00134323 0.0017862 -0.0156804 0.0217926
internal_weight=501.697 472.013 388.881 83.1319 29.6842
internal_count=2310 2157 1790 367 153
is_linear=0
shrinkage=0.04


Tree=85
num_leaves=5
num_cat=0
split_feature=126 83 45 41
split_gain=9.97308 10.8281 12.9141 10.1518
threshold=-1.0957236535424899 0.92675280432352936 1.9393586769980597 -0.68283767157771458
decision_type=2 2 2 2
left_child=-1 2 -2 -3
right_child=1 3 -4 -5
leaf_value=0.03146901904130054 -0.0059945411403964765 0.031373218349067818 0.016028558203813732 0.0014324549494657514
leaf_weight=13.721228197216986 365.89229899644852 27.369461178779602 46.243656843900681 47.832121208310127
leaf_count=72 1682 130 208 218
internal_value=0.000110244 -0.000897688 -0.00345797 0.0128598
internal_weight=501.059 487.338 412.136 75.2016
internal_count=2310 2238 1890 348
is_linear=0
shrinkage=0.04


Tree=86
num_leaves=6
num_cat=0
split_feature=35 119 32 35 66
split_gain=9.90552 12.7523 19.2882 16.9203 4.93733
threshold=0.94854217267500018 0.48849233885396609 0.032627546215671634 0.25665845582616759 0.59170966089532862
decision_type=2 2 2 2 2
left_child=1 3 -3 -1 -2
right_child=4 2 -4 -5 -6
leaf_value=-0.008584017005557729 -0.039836251371594827 0.02632753570885913 -0.0035991969087318947 0.010569984270153088 -0.002998170682795663
leaf_weight=238.42033951729536 12.315342873334886 68.3373793810606 66.720757521688938 104.55426260083914 10.401114717125891
leaf_count=1081 61 327 302 492 47
internal_value=0.000118398 0.00138944 0.0117065 -0.00271758 -0.0245768
internal_weight=500.749 478.033 135.058 342.975 22.7165
internal_count=2310 2202 629 1573 108
is_linear=0
shrinkage=0.04


Tree=87
num_leaves=8
num_cat=0
split_feature=7 118 82 94 82 29 76
split_gain=9.93148 18.0104 17.1408 15.3775 15.1083 13.2538 10.8331
threshold=-0.091810227812417447 -0.7486091681436231 -0.73014403901709224 0.54349065306219868 4.3435690932629685 -0.028840030861350046 -0.36882474855195729
decision_type=2 2 2 2 2 2 2
left_child=1 5 6 -4 -3 -1 -2
right_child=2 4 3 -5 -6 -7 -8
leaf_value=-0.039607766711202634 -0.05660015704415642 0.014295639749806249 0.0048253343866507745 -0.016603887749915822 -0.034651696729366736 0.0075146880517604946 -0.0068804651441199943
leaf_weight=19.361449033021927 13.6332044005394 173.72810578346252 180.58474942296743 73.850124813616276 8.8290055394172651 16.288759782910347 13.857350185513495
leaf_count=82 59 811 840 344 36 73 65
internal_value=0.000111395 0.00648597 -0.00483339 -0.00147552 0.0115785 -0.0188218 -0.0337039
internal_weight=500.133 218.207 281.925 254.435 182.557 35.6502 27.4906
internal_count=2310 1002 1308 1184 847 155 124
is_linear=0
shrinkage=0.04


Tree=88
num_leaves=6
num_cat=0
split_feature=16 98 64 28 98
split_gain=9.78649 12.2247 14.8128 14.0401 2.32126
threshold=-1.056263898786566 0.35711690835983406 -0.79511499243558104 0.40436399496005238 0.26604129092720363
decision_type=2 2 2 2 2
left_child=4 2 -2 -3 -1
right_child=1 3 -4 -5 -6
leaf_value=0.006630007475133046 0.023367196559182766 -0.0023942666146883245 -0.00036198267692343208 -0.028704644281072299 0.034875550491537968
leaf_weight=8.37206017971039 47.566148400306702 106.79217151552439 278.72243685275316 44.882001392543316 13.038114905357359
leaf_count=38 225 484 1288 213 62
internal_value=8.70131e-05 -0.0011451 0.00321853 -0.010452 0.0253407
internal_weight=499.373 477.963 326.289 151.674 21.4102
internal_count=2310 2210 1513 697 100
is_linear=0
shrinkage=0.04


Tree=89
num_leaves=7
num_cat=0
split_feature=61 120 64 46 45 50
split_gain=9.86433 16.3968 25.471 19.3844 6.18169 3.23292
threshold=-1.1564599150557155 -0.43911744282201354 0.39253035922992913 3.3293054571264258 0.57566665714618781 0.8711806497007345
decision_type=2 2 2 2 2 2
left_child=4 2 -2 -3 5 -1
right_child=1 3 -4 -5 -6 -7
leaf_value=0.037839130055723293 -0.02956904882200681 -0.00024897797181696571 0.013765874570536631 0.035182744980364784 -0.0022349372712435886 0.0041244561606019973
leaf_weight=18.576690584421161 66.663456469774246 338.09752751886845 30.306109204888344 24.650387391448021 14.232047647237776 6.5255360305309287
leaf_count=111 300 1541 135 115 68 40
internal_value=8.95225e-05 -0.00158676 -0.016021 0.00233848 0.0188098 0.0300258
internal_weight=499.052 459.717 96.9696 362.748 39.3343 25.1022
internal_count=2310 2091 435 1656 219 151
is_linear=0
shrinkage=0.04


Tree=90
num_leaves=7
num_cat=0
split_feature=95 120 107 28 25 38
split_gain=9.40981 14.2014 13.6762 8.17512 6.90949 5.09222
threshold=1.7422086027224397 -1.3381748201805574 -0.44697769243794444 0.14533329183841448 -1.1865187170564597 0.15926511160707124
decision_type=2 2 2 2 2 2
left_child=1 3 -3 -1 -2 -6
right_child=4 2 -4 -5 5 -7
leaf_value=0.0028307833908303203 -0.010534208872289355 0.014844184774606958 -0.0030171588762643686 -0.039660340693026298 -0.0011047018044004536 0.038006689055350713
leaf_weight=10.153751686215402 8.3642283007502538 83.308839380741119 348.00899315625429 21.263366892933846 6.8587195202708271 20.231236912310123
leaf_count=46 47 432 1542 95 33 115
internal_value=9.60627e-05 -0.00145873 0.000485342 -0.02658 0.0193829 0.0287092
internal_weight=498.189 462.735 431.318 31.4171 35.4542 27.09
internal_count=2310 2115 1974 141 195 148
is_linear=0
shrinkage=0.04


Tree=91
num_leaves=5
num_cat=0
split_feature=82 7 40 44
split_gain=9.31666 13.1605 13.0076 9.636
threshold=4.3943838709050285 -0.57683970528237716 -0.33334584716041044 -1.5884966474889421
decision_type=2 2 2 2
left_child=1 3 -3 -1
right_child=-2 2 -4 -5
leaf_value=-0.018103468511555944 -0.036575480182142101 -0.013203007280970788 0.0025323352974606244 0.023068740297461501
leaf_weight=9.1882791072130185 8.846859931945799 113.36369948089123 308.04973895847797 57.984485231339931
leaf_count=41 36 510 1448 275
internal_value=9.30913e-05 0.000903454 -0.00174297 0.0170764
internal_weight=497.433 488.586 421.413 67.1728
internal_count=2310 2274 1958 316
is_linear=0
shrinkage=0.04


Tree=92
num_leaves=8
num_cat=0
split_feature=53 35 107 94 70 28 62
split_gain=9.35446 12.2369 23.0602 20.2807 12.0111 14.8138 4.77168
threshold=-0.74999999999999989 -0.60709681615140176 -0.51115624488543754 0.45870724153795217 0.20093308411128366 0.1203760507749843 0.2685452972749453
decision_type=2 2 2 2 2 2 2
left_child=4 3 -3 -2 6 -6 -1
right_child=1 2 -4 -5 5 -7 -8
leaf_value=0.047310807920873943 0.0044424316920834116 0.021902127803964656 -0.0034725696338029121 -0.031389365010522391 -0.030422311376343325 0.026822357619194995 0.010970893778740566
leaf_weight=15.150192596018316 48.150711327791214 70.099268205463886 277.4592552781105 50.200591616332531 13.477207124233248 11.609319821000097 11.026655718684195
leaf_count=72 221 372 1242 235 61 55 52
internal_value=8.29742e-05 -0.00180185 0.0017413 -0.014108 0.01593 -0.00390668 0.0338684
internal_weight=497.173 445.91 347.559 98.3513 51.2634 25.0865 26.1768
internal_count=2310 2070 1614 456 240 116 124
is_linear=0
shrinkage=0.04


Tree=93
num_leaves=7
num_cat=0
split_feature=78 53 14 40 97 14
split_gain=9.35799 14.3423 29.5009 12.3877 5.96597 1.48666
threshold=-1.2602637288003857 0.25000000000000006 0.23933456005016399 1.3985587848959897 0.72652068348590182 -0.0046725599006226838
decision_type=2 2 2 2 2 2
left_child=4 3 -3 -2 5 -1
right_child=1 2 -4 -5 -6 -7
leaf_value=0.016734171024516992 0.0027668093224573788 0.0015507422439211967 -0.03172887757571867 0.046833521828869004 -0.0045585019674095634 0.045635001189953915
leaf_weight=8.7528310492634809 274.02123571187258 124.88261185586452 62.561682492494583 8.6203921139240247 8.5141897499561292 9.0116331279277802
leaf_count=50 1280 558 276 49 45 52
internal_value=8.81035e-05 -0.00125108 -0.00977442 0.00443044 0.0224384 0.0345294
internal_weight=496.365 470.086 187.444 282.642 26.2787 17.7645
internal_count=2310 2163 834 1329 147 102
is_linear=0
shrinkage=0.04


Tree=94
num_leaves=6
num_cat=0
split_feature=64 81 41 118 112
split_gain=9.19046 11.2338 16.4503 13.6841 10.5524
threshold=0.92715902360740465 -0.36457987259704672 0.50480482896944145 1.0737273449594882 -0.15547619497638196
decision_type=2 2 2 2 2
left_child=1 2 -1 -3 -2
right_child=4 3 -4 -5 -6
leaf_value=-0.020204753177606682 -0.0084662580930512064 8.3376416768644345e-05 0.0078853758203162611 0.027260297022915624 0.038700550323544754
leaf_weight=94.128858849406242 11.270879507064821 291.699722006917 49.73431695997715 30.998763106763363 17.928321294486523
leaf_count=425 51 1347 225 160 102
internal_value=9.76587e-05 -0.00130244 -0.0105189 0.00284585 0.0211186
internal_weight=495.761 466.562 143.863 322.698 29.1992
internal_count=2310 2157 650 1507 153
is_linear=0
shrinkage=0.04


Tree=95
num_leaves=7
num_cat=0
split_feature=46 125 40 15 96 63
split_gain=9.23659 21.5063 38.5799 14.0809 13.2285 3.6616
threshold=-1.2384302414226613 0.5145220498100157 -0.1672221383977282 -1.0521420119324405 -0.32656573224288205 0.36166023953648047
decision_type=2 2 2 2 2 2
left_child=1 2 -1 5 -5 -2
right_child=3 -3 -4 4 -6 -7
leaf_value=-0.037509315066484757 0.044518595695243697 -0.04802439932307484 0.029874322342687592 0.010962525097224195 -0.0045357341198550604 0.012266330684888145
leaf_weight=22.065431520342827 12.334750734269621 18.316591843962669 29.246563896536827 127.74612133204937 272.6597401201725 12.749673575162886
leaf_count=99 60 79 140 595 1278 59
internal_value=0.000102086 -0.0131917 0.000577582 0.00232906 0.000438765 0.030242
internal_weight=495.119 69.6286 51.312 425.49 400.406 25.0844
internal_count=2310 318 239 1992 1873 119
is_linear=0
shrinkage=0.04


Tree=96
num_leaves=5
num_cat=0
split_feature=40 40 36 46
split_gain=9.75618 13.0083 21.9 18.1866
threshold=-0.97317536587423736 -0.59888148323027635 -0.095031865565116391 0.27549991082112729
decision_type=2 2 2 2
left_child=-1 2 -2 -3
right_child=1 3 -4 -5
leaf_value=0.036028329688752865 0.019215269273430091 -0.0042219557661117412 -0.032354921267227957 0.013156683319991837
leaf_weight=9.806158244609831 16.968168467283249 279.54920839518309 43.716654732823372 144.51639095693827
leaf_count=50 75 1311 202 672
internal_value=0.000100003 -0.000771851 -0.0177823 0.00173443
internal_weight=494.557 484.75 60.6848 424.066
internal_count=2310 2260 277 1983
is_linear=0
shrinkage=0.04


Tree=97
num_leaves=8
num_cat=0
split_feature=7 7 94 84 63 16 62
split_gain=9.18498 15.9806 12.7638 11.039 17.5835 10.9094 8.36493
threshold=-0.091810227812417447 0.047025699951530858 0.53899585993266408 -0.56887108034189049 0.25843077845978024 0.0055479414346519904 -0.33725206027422977
decision_type=2 2 2 2 2 2 2
left_child=3 6 -3 5 -5 -1 -2
right_child=1 2 -4 4 -6 -7 -8
leaf_value=0.014834055605957937 -0.002486894282324206 0.0063854267065966775 -0.013283932287979779 0.0017254423587826503 0.029405877319163366 -0.020640294744942302 -0.037452793348624822
leaf_weight=19.491725280880928 17.081364437937737 153.81348642706871 77.831836797297001 102.34282913058996 55.499919846653938 38.015425182878971 30.052689835429192
leaf_count=88 77 727 368 473 269 172 136
internal_value=0.000101367 -0.00467791 -0.000280533 0.00627446 0.0117045 -0.00852201 -0.0253982
internal_weight=494.129 278.779 231.645 215.35 157.843 57.5072 47.1341
internal_count=2310 1308 1095 1002 742 260 213
is_linear=0
shrinkage=0.04


Tree=98
num_leaves=6
num_cat=0
split_feature=35 78 53 123 97
split_gain=8.99967 12.2167 14.4682 4.87139 3.80233
threshold=0.94854217267500018 -1.2602637288003857 0.25000000000000006 -0.074419330569618733 0.72652068348590182
decision_type=2 2 2 2 2
left_child=1 4 -3 -2 -1
right_child=3 2 -4 -5 -6
leaf_value=0.037759297591364573 -0.039921723734147679 0.0057628722826461925 -0.0087859805995758444 -0.0032517277586409672 0.0025567331512299988
leaf_weight=16.490996971726421 11.33089339733124 263.85352699458599 183.79615405201912 10.937747217714785 7.1008314415812483
leaf_count=98 58 1246 819 50 39
internal_value=9.46332e-05 0.00131255 -0.00022311 -0.0236627 0.0281916
internal_weight=493.51 471.242 447.65 22.2686 23.5918
internal_count=2310 2202 2065 108 137
is_linear=0
shrinkage=0.04


Tree=99
num_leaves=5
num_cat=0
split_feature=126 53 15 33
split_gain=8.74228 11.4989 17.8979 14.4907
threshold=-1.0957236535424899 0.25000000000000006 -1.0521420119324405 0.401796524130699
decision_type=2 2 2 2
left_child=-1 3 -3 -2
right_child=1 2 -4 -5
leaf_value=0.029950593553185221 -0.0016875046561937168 0.029790088098781239 -0.012061167612357124 0.017799728066880818
leaf_weight=13.207123905420302 199.98358117043972 16.079018801450729 177.87111412733793 85.69629780203104
leaf_count=72 948 75 804 411
internal_value=9.03415e-05 -0.00085285 -0.00832293 0.00424125
internal_weight=492.837 479.63 193.95 285.68
internal_count=2310 2238 879 1359
is_linear=0
shrinkage=0.04


Tree=100
num_leaves=5
num_cat=0
split_feature=40 40 28 42
split_gain=8.92053 12.0765 24.832 23.2514
threshold=-0.97317536587423736 -0.5011207189811232 -0.26556360617926006 -0.5880632310292232
decision_type=2 2 2 2
left_child=-1 3 -3 -2
right_child=1 2 -4 -5
leaf_value=0.034837146396277954 0.023114804700422806 0.017070308692568308 -0.0045047343441641258 -0.023705548356660881
leaf_weight=9.5513304173946363 20.115731775760651 123.43666386604309 265.35976352542639 74.022540032863617
leaf_count=50 88 589 1250 333
internal_value=9.77137e-05 -0.000730196 0.0023973 -0.0134281
internal_weight=492.486 482.935 388.796 94.1383
internal_count=2310 2260 1839 421
is_linear=0
shrinkage=0.04


Tree=101
num_leaves=7
num_cat=0
split_feature=95 28 33 41 46 27
split_gain=8.69785 12.2064 18.4912 13.9572 6.20758 2.14735
threshold=1.9328000278851938 0.40436399496005238 -0.88958287122328039 1.0143522230253577 0.90868475194320075 0.42673033879617611
decision_type=2 2 2 2 2 2
left_child=1 3 -3 -1 5 -2
right_child=4 2 -4 -5 -6 -7
leaf_value=0.000937181844289903 0.042485349850858806 0.018969253681766801 -0.018366477911849519 0.037290946148901404 -0.0049213004749344815 0.010029909738722698
leaf_weight=314.51880096644163 12.112727023661142 24.511275857686996 109.16621349006891 15.864472225308416 9.3487180620431882 6.243428260087966
leaf_count=1451 79 120 499 81 45 35
internal_value=0.000102074 -0.00123592 -0.0113418 0.00289671 0.0210879 0.0335164
internal_weight=491.766 464.061 133.677 330.383 27.7049 18.3562
internal_count=2310 2151 619 1532 159 114
is_linear=0
shrinkage=0.04


Tree=102
num_leaves=8
num_cat=0
split_feature=7 118 82 82 94 29 76
split_gain=8.49616 15.3275 14.8108 12.7434 12.6025 11.746 10.3006
threshold=-0.091810227812417447 -0.7486091681436231 -0.73014403901709224 4.1704547506427057 0.54349065306219868 -0.028840030861350046 -0.36882474855195729
decision_type=2 2 2 2 2 2 2
left_child=1 5 6 -3 -4 -1 -2
right_child=2 3 4 -5 -6 -7 -8
leaf_value=-0.037268922831611387 -0.053736683699542862 0.013418837890786966 0.0043961294425882355 -0.030870590523567644 -0.015170658952661413 0.0074838713821325197 -0.0051229530506557751
leaf_weight=18.946700572967529 13.567249715328218 169.5910933688283 177.901671230793 9.1987441927194578 72.486051872372627 15.974968880414961 13.47683037817478
leaf_count=82 59 809 840 38 344 73 65
internal_value=0.000113054 0.00607618 -0.00449108 0.0108238 -0.00134369 -0.0175003 -0.0315321
internal_weight=491.143 213.712 277.432 178.79 250.388 34.9217 27.0441
internal_count=2310 1002 1308 847 1184 155 124
is_linear=0
shrinkage=0.04


Tree=103
num_leaves=7
num_cat=0
split_feature=84 114 45 95 47 28
split_gain=8.49839 11.6681 14.1891 11.4263 9.51413 6.57507
threshold=1.3816899370588722 0.62426429110261783 1.120403178532656 0.91399011519557838 -0.34473349874417786 0.63511982776642317
decision_type=2 2 2 2 2 2
left_child=1 3 -3 -1 -2 -6
right_child=4 2 -4 -5 5 -7
leaf_value=-0.0017194946302714769 -0.015537842953733796 -0.028833949635188628 0.016811477063494604 0.018545066108793293 0.044250130978582228 0.0085831318504147689
leaf_weight=341.27801162004471 9.936577305197714 43.665260434150696 12.848399281501768 49.159230880439281 15.291259460151194 18.17599068582058
leaf_count=1602 44 195 57 246 71 95
internal_value=8.98648e-05 -0.00157835 -0.0182365 0.000913488 0.0165811 0.0264558
internal_weight=490.355 446.951 56.5137 390.437 43.4038 33.4673
internal_count=2310 2100 252 1848 210 166
is_linear=0
shrinkage=0.04


Tree=104
num_leaves=6
num_cat=0
split_feature=35 78 96 125 97
split_gain=8.41144 11.2885 13.2144 4.84237 3.65462
threshold=0.94854217267500018 -1.2602637288003857 -0.32656573224288205 0.13776390768107288 0.72652068348590182
decision_type=2 2 2 2 2
left_child=1 4 -3 -2 -1
right_child=3 2 -4 -5 -6
leaf_value=0.036924128039779278 -0.038962920978452588 0.0091955085999421531 -0.0052138132811591457 -0.0022988246879366583 0.0022695205927484555
leaf_weight=16.047519654035572 11.426482774317266 154.20367193222046 290.54653909057379 10.564841285347937 7.044313207268714
leaf_count=98 61 720 1345 47 39
internal_value=9.34971e-05 0.00127278 -0.000199017 -0.0230091 0.027376
internal_weight=489.833 467.842 444.75 21.9913 23.0918
internal_count=2310 2202 2065 108 137
is_linear=0
shrinkage=0.04


Tree=105
num_leaves=8
num_cat=0
split_feature=83 45 123 42 47 5 60
split_gain=8.26484 9.89384 11.8275 10.3879 9.14097 9.25411 7.95799
threshold=0.92675280432352936 1.9393586769980597 0.56709886772855234 -0.21492667296816867 -0.34473349874417786 0.42070352916394199 -1.0035194056929202
decision_type=2 2 2 2 2 2 2
left_child=1 2 -1 -3 6 -6 -2
right_child=4 3 -4 -5 5 -7 -8
leaf_value=-0.0008382430983518512 -0.032592950414039486 -0.010177058508986243 -0.018948993761119966 0.028355532138484327 0.027535494571125831 -0.014176097471335081 0.01325204944683865
leaf_weight=298.39808505028486 10.0149162709713 16.002891957759857 69.586442604660988 29.72575281560421 45.860007733106613 9.0431028157472593 10.577115312218664
leaf_count=1432 43 72 306 140 224 43 50
internal_value=9.05081e-05 -0.0021455 -0.00434693 0.0150095 0.012083 0.0204084 -0.00995612
internal_weight=489.208 413.713 367.985 45.7286 75.4951 54.9031 20.592
internal_count=2310 1950 1738 212 360 267 93
is_linear=0
shrinkage=0.04


Tree=106
num_leaves=7
num_cat=0
split_feature=63 112 26 108 42 35
split_gain=8.22645 14.8953 15.2361 13.1646 14.6089 10.4898
threshold=0.7183724162120958 -0.79802171627388929 0.4504079828039152 -1.2912858218431202 -0.99847710563348835 -0.26823681064854987
decision_type=2 2 2 2 2 2
left_child=3 -2 -3 5 -5 -1
right_child=1 2 -4 4 -6 -7
leaf_value=-0.010603529231691167 -0.024304675801253298 0.033910832796959528 -0.010036594658924987 0.027161193584925906 -0.0057013738547168884 0.043048442987538245
leaf_weight=7.7072086781263378 12.53521393239498 40.714256852865219 16.832853063941002 20.995203569531441 374.26619405299425 15.650052085518835
leaf_count=41 52 211 79 101 1724 102
internal_value=8.64155e-05 0.0125715 0.0211506 -0.0020536 -0.00382785 0.0259049
internal_weight=488.701 70.0823 57.5471 418.619 395.261 23.3573
internal_count=2310 342 290 1968 1825 143
is_linear=0
shrinkage=0.04


Tree=107
num_leaves=7
num_cat=0
split_feature=46 125 39 10 84 11
split_gain=8.22507 19.2498 21.4029 13.784 14.7537 9.24077
threshold=-1.2384302414226613 0.5145220498100157 -0.56817039131157565 -0.68979823849328081 0.85267220446857872 -0.36057134702283372
decision_type=2 2 2 2 2 2
left_child=1 2 -1 5 -5 -2
right_child=3 -3 -4 4 -6 -7
leaf_value=-0.043197534220401755 0.045729448179945821 -0.045738485719798459 0.014916112295912663 -0.0044941479970658253 0.015552753920344097 0.009296856813381122
leaf_weight=11.466226369142531 14.945612914860247 18.023268058896065 39.054135732352734 296.48629102110863 71.132298536598682 36.735294431447983
leaf_count=54 80 79 185 1383 355 174
internal_value=9.35472e-05 -0.0125479 0.00058378 0.00220982 -0.000552009 0.021144
internal_weight=487.843 68.5436 50.5204 419.299 367.619 51.6809
internal_count=2310 318 239 1992 1738 254
is_linear=0
shrinkage=0.04


Tree=108
num_leaves=5
num_cat=0
split_feature=40 40 36 68
split_gain=8.16651 11.6067 19.5526 18.097
threshold=-0.97317536587423736 -0.59888148323027635 -0.095031865565116391 -0.28519461184642397
decision_type=2 2 2 2
left_child=-1 2 -2 -3
right_child=1 3 -4 -5
leaf_value=0.033763075073516689 0.018330355246721816 0.017365944334924201 -0.030894004627558199 -0.0026999634216902731
leaf_weight=9.2588338404893857 16.613334059715271 89.916397243738174 42.697444014251232 328.73938585817814
leaf_count=50 75 429 202 1554
internal_value=8.92628e-05 -0.000701014 -0.0169578 0.00167175
internal_weight=487.225 477.967 59.3108 418.656
internal_count=2310 2260 277 1983
is_linear=0
shrinkage=0.04


Tree=109
num_leaves=5
num_cat=0
split_feature=126 68 94 40
split_gain=8.0686 8.73178 16.5502 15.3959
threshold=-1.0957236535424899 -0.20703430394508399 -0.13739422467099058 -0.34540694613394313
decision_type=2 2 2 2
left_child=-1 3 -3 -2
right_child=1 2 -4 -5
leaf_value=0.029051983426531047 -0.0032628610215305501 -0.019566217091380737 0.0010687650311836771 0.020734916066625239
leaf_weight=12.924209594726561 107.60681070387363 85.969477407634258 211.56326618045568 68.506721153855324
leaf_count=72 510 380 1021 327
internal_value=9.19337e-05 -0.000817124 -0.00498437 0.00620009
internal_weight=486.57 473.646 297.533 176.114
internal_count=2310 2238 1401 837
is_linear=0
shrinkage=0.04


Tree=110
num_leaves=7
num_cat=0
split_feature=64 83 125 35 112 83
split_gain=8.18764 10.8139 12.3949 11.2366 9.83335 0.0420729
threshold=0.92715902360740465 -0.58979208458605126 -0.19422466379563222 -0.04836028053920511 -0.15547619497638196 -0.59978666507103384
decision_type=2 2 2 2 2 2
left_child=1 3 -3 -1 -2 -6
right_child=4 2 -4 -5 5 -7
leaf_value=-0.035008800186151219 -0.0085390686822983397 0.011063329358777867 -0.0038214055186186866 -0.001735479362951054 0.02124073571275268 0.043740692872304136
leaf_weight=26.723454907536507 10.976283095777037 134.20091117918491 259.25257940590382 37.871985167264938 7.111857362091544 10.100346982479094
leaf_count=122 51 693 1173 169 40 62
internal_value=9.36584e-05 -0.00123093 0.00128582 -0.0161388 0.0202731 0.037623
internal_weight=486.237 458.049 393.453 64.5954 28.1885 17.2122
internal_count=2310 2157 1866 291 153 102
is_linear=0
shrinkage=0.04


Tree=111
num_leaves=5
num_cat=0
split_feature=14 64 82 63
split_gain=8.03769 10.0279 17.4773 12.0474
threshold=1.9983085335803943 -0.87446826250480358 -0.41858639321429075 0.24594650025939754
decision_type=2 2 2 2
left_child=1 2 -1 -3
right_child=-2 3 -4 -5
leaf_value=-0.026802399072116609 -0.032261722237741298 -0.0070951445895464935 0.027441660003278408 0.006502352692374108
leaf_weight=10.23859617859125 9.9830392450094205 238.91199167072773 44.456996746361256 181.83971042186022
leaf_count=44 45 1123 220 878
internal_value=9.50394e-05 0.000906736 0.0167003 -0.00121564
internal_weight=485.43 475.447 54.6956 420.752
internal_count=2310 2265 264 2001
is_linear=0
shrinkage=0.04


Tree=112
num_leaves=5
num_cat=0
split_feature=82 88 119 0
split_gain=7.82778 12.4709 11.8869 1.83693
threshold=4.3943838709050285 2.7123693132880549 0.48849233885396609 0.092661062881154305
decision_type=2 2 2 2
left_child=1 2 -1 -3
right_child=-2 3 -4 -5
leaf_value=-0.0045406372404395937 -0.033694366534558269 0.039988302690380138 0.010049679359734805 0.014184573001494654
leaf_weight=333.84038013964891 8.7346097677946073 10.625791534781458 119.73252001404762 12.137573629617689
leaf_count=1572 36 53 591 58
internal_value=8.65726e-05 0.000844307 -0.000661928 0.0284864
internal_weight=485.071 476.336 453.573 22.7634
internal_count=2310 2274 2163 111
is_linear=0
shrinkage=0.04


Tree=113
num_leaves=8
num_cat=0
split_feature=7 7 118 76 94 29 118
split_gain=7.79207 13.9628 13.2949 11.1016 11.0687 10.5577 10.1387
threshold=-0.091810227812417447 0.047025699951530858 -0.7486091681436231 0.22166639779625122 0.53899585993266408 -0.028840030861350046 -0.20282932918461394
decision_type=2 2 2 2 2 2 2
left_child=2 6 5 -4 -3 -1 -2
right_child=1 4 3 -5 -6 -7 -8
leaf_value=-0.03518948122633387 -0.00049654608785852411 0.0060573393661429832 0.01575305332654716 -0.0077506460289831491 -0.012425167851493321 0.0075072564309523731 -0.038178805386574415
leaf_weight=18.6158786714077 18.529187373816967 151.46880812942982 135.41421060264111 40.625912629067898 76.291885323822498 15.762721762061117 28.018750637769699
leaf_count=82 84 727 653 194 368 73 129
internal_value=8.78343e-05 -0.00434098 0.00584789 0.0103028 -0.000187922 -0.0162764 -0.0238172
internal_weight=484.727 274.309 210.419 176.04 227.761 34.3786 46.5479
internal_count=2310 1308 1002 847 1095 155 213
is_linear=0
shrinkage=0.04


Tree=114
num_leaves=7
num_cat=0
split_feature=95 28 16 41 46 112
split_gain=7.91926 10.6749 15.3864 12.1694 6.02537 1.32073
threshold=1.9328000278851938 0.40436399496005238 -0.99663494064766212 1.0143522230253577 0.90868475194320075 0.65861228476283096
decision_type=2 2 2 2 2 2
left_child=1 3 -3 -1 5 -2
right_child=4 2 -4 -5 -6 -7
leaf_value=0.00086156713559729125 0.014381748756038837 0.026060165925594087 -0.015575954534827678 0.035393855112692239 -0.0052987259565236613 0.041882774111322421
leaf_weight=309.99189572036266 7.5975474044680658 14.288549385964869 117.30596546083689 15.243352882564066 9.2444237545132619 10.231339819729326
leaf_count=1451 40 69 550 81 45 74
internal_value=7.41291e-05 -0.00120897 -0.0107326 0.00268648 0.0203187 0.0327962
internal_weight=483.903 456.83 131.595 325.235 27.0733 17.8289
internal_count=2310 2151 619 1532 159 114
is_linear=0
shrinkage=0.04


Tree=115
num_leaves=7
num_cat=0
split_feature=37 7 46 28 114 120
split_gain=7.63516 13.0291 12.296 13.5057 5.45569 5.23123
threshold=1.2462427636291997 2.0077021060986762 4.2018614509664216 0.14533329183841448 0.62426429110261783 0.071802257963925267
decision_type=2 2 2 2 2 2
left_child=2 4 3 -1 -2 -4
right_child=1 -3 5 -5 -6 -7
leaf_value=0.0024780586501610405 0.037212070481134785 -0.018034233660789961 0.0029467802960742606 -0.012317500981355017 0.00066280648685680557 0.044909614617898858
leaf_weight=264.6929747313261 24.107344329357147 12.093808859586714 8.1595789045095461 154.93092857301235 8.8140796124935132 10.480991527438162
leaf_count=1250 137 57 40 733 40 53
internal_value=8.82861e-05 0.01541 -0.0015483 -0.00301718 0.0280251 0.0286065
internal_weight=483.28 45.0152 438.264 419.624 32.9214 18.6406
internal_count=2310 234 2076 1983 177 93
is_linear=0
shrinkage=0.04


Tree=116
num_leaves=8
num_cat=0
split_feature=53 70 28 64 68 62 118
split_gain=7.60097 10.9746 14.1303 10.2354 12.2514 4.59064 0.689003
threshold=-0.74999999999999989 0.20093308411128366 0.1203760507749843 1.0777530669315161 -0.90377668785868626 0.2685452972749453 0.26985712171176118
decision_type=2 2 2 2 2 2 2
left_child=1 5 -3 4 -2 -1 -5
right_child=3 2 -4 6 -6 -7 -8
leaf_value=0.045482675068651029 -0.042295926807676194 -0.03058991595510923 0.026073099490969701 0.036011907473438187 -0.0017056529867394369 0.0096527643172474135 0.01396599400853251
leaf_weight=14.51999978721142 10.265478499233721 13.174305930733683 11.180741667747496 8.0997323766350764 406.44195368140936 10.795379042625425 8.2819216772913915
leaf_count=72 50 61 55 49 1928 52 43
internal_value=9.53761e-05 0.0145996 -0.00457286 -0.00162756 -0.00290284 0.032029 0.0275986
internal_weight=482.76 49.6704 24.355 433.089 416.707 25.3154 16.3817
internal_count=2310 240 116 2070 1978 124 92
is_linear=0
shrinkage=0.04


Tree=117
num_leaves=5
num_cat=0
split_feature=40 40 35 68
split_gain=7.68279 10.6633 17.5363 14.8442
threshold=-0.97317536587423736 -0.59888148323027635 -0.21569939831117343 -0.28519461184642397
decision_type=2 2 2 2
left_child=-1 2 -2 -3
right_child=1 3 -4 -5
leaf_value=0.03298863684962184 0.025078060015225542 0.015981510032193561 -0.027007907443287706 -0.002340534309374565
leaf_weight=9.1058223545551282 11.410371467471121 88.195246540009975 47.095323316752911 326.50594230741262
leaf_count=50 53 429 224 1554
internal_value=0.000101767 -0.000667244 -0.0163564 0.00161405
internal_weight=482.313 473.207 58.5057 414.701
internal_count=2310 2260 277 1983
is_linear=0
shrinkage=0.04


Tree=118
num_leaves=6
num_cat=0
split_feature=78 53 14 33 107
split_gain=7.46297 10.1153 25.6308 14.7361 5.22278
threshold=-1.2602637288003857 0.25000000000000006 0.23933456005016399 0.401796524130699 0.042048394995194818
decision_type=2 2 2 2 2
left_child=4 3 -3 -2 -1
right_child=1 2 -4 -5 -6
leaf_value=0.037301449958485937 -0.0023763338158140027 0.0023284688574307464 -0.029049423689715012 0.017642726732058363 0.0017034945260365792
leaf_weight=12.165317334234716 190.76755878329277 122.16276326775551 60.993662714958191 82.820562094449997 12.713660456240175
leaf_count=84 919 558 276 410 63
internal_value=0.000105489 -0.00109524 -0.00832172 0.00376789 0.0205905
internal_weight=481.624 456.745 183.156 273.588 24.879
internal_count=2310 2163 834 1329 147
is_linear=0
shrinkage=0.04


Tree=119
num_leaves=6
num_cat=0
split_feature=35 46 53 47 123
split_gain=7.71181 10.4966 21.7499 13.5384 4.50735
threshold=0.94854217267500018 0.27549991082112729 0.91666666666666685 1.4678852788577392 -0.074419330569618733
decision_type=2 2 2 2 2
left_child=1 3 -3 -1 -2
right_child=4 2 -4 -5 -6
leaf_value=-0.0050424475407390137 -0.038280095819887394 0.014627528046385126 -0.03710118766284777 0.029782411178753791 -0.0025846813617419985
leaf_weight=293.16765817254782 10.800072073936464 136.88308837264776 12.436555281281469 17.027712471783161 10.703415289521216
leaf_count=1403 58 655 56 88 50
internal_value=0.000106423 0.00124422 0.00988572 -0.00295224 -0.0222445
internal_weight=481.019 459.515 149.32 310.195 21.5035
internal_count=2310 2202 711 1491 108
is_linear=0
shrinkage=0.04


end of trees

feature_importances:
Column_35=45
Column_40=44
Column_112=25
Column_46=24
Column_63=21
Column_94=21
Column_64=20
Column_95=20
Column_125=20
Column_82=19
Column_83=19
Column_108=19
Column_61=17
Column_53=16
Column_76=15
Column_126=14
Column_45=13
Column_114=13
Column_28=12
Column_84=12
Column_41=11
Column_107=11
Column_120=11
Column_7=10
Column_42=10
Column_16=9
Column_68=9
Column_78=9
Column_47=8
Column_69=7
Column_118=7
Column_14=6
Column_25=6
Column_33=6
Column_37=6
Column_96=6
Column_106=6
Column_36=5
Column_38=5
Column_93=5
Column_98=5
Column_117=5
Column_119=5
Column_123=5
Column_26=4
Column_29=4
Column_70=4
Column_15=3
Column_34=3
Column_58=3
Column_62=3
Column_88=3
Column_97=3
Column_111=3
Column_113=3
Column_124=3
Column_11=2
Column_39=2
Column_44=2
Column_50=2
Column_90=2
Column_100=2
Column_102=2
Column_0=1
Column_5=1
Column_10=1
Column_13=1
Column_18=1
Column_24=1
Column_27=1
Column_30=1
Column_32=1
Column_49=1
Column_57=1
Column_60=1
Column_66=1
Column_67=1
Column_71=1
Column_81=1
Column_87=1

parameters:
[boosting: gbdt]
[objective: binary]
[metric: binary_logloss]
[tree_learner: serial]
[device_type: cpu]
[data_sample_strategy: bagging]
[data: ]
[valid: ]
[num_iterations: 120]
[learning_rate: 0.04]
[num_leaves: 15]
[num_threads: 2]
[seed: 42]
[deterministic: 0]
[force_col_wise: 0]
[force_row_wise: 0]
[histogram_pool_size: -1]
[max_depth: 3]
[min_data_in_leaf: 40]
[min_sum_hessian_in_leaf: 0.001]
[bagging_fraction: 0.85]
[pos_bagging_fraction: 1]
[neg_bagging_fraction: 1]
[bagging_freq: 0]
[bagging_seed: 400]
[bagging_by_query: 0]
[feature_fraction: 0.8]
[feature_fraction_bynode: 1]
[feature_fraction_seed: 30056]
[extra_trees: 0]
[extra_seed: 12879]
[early_stopping_round: 0]
[early_stopping_min_delta: 0]
[first_metric_only: 0]
[max_delta_step: 0]
[lambda_l1: 0]
[lambda_l2: 2]
[linear_lambda: 0]
[min_gain_to_split: 0]
[drop_rate: 0.1]
[max_drop: 50]
[skip_drop: 0.5]
[xgboost_dart_mode: 0]
[uniform_drop: 0]
[drop_seed: 17869]
[top_rate: 0.2]
[other_rate: 0.1]
[min_data_per_group: 100]
[max_cat_threshold: 32]
[cat_l2: 10]
[cat_smooth: 10]
[max_cat_to_onehot: 4]
[top_k: 20]
[monotone_constraints: ]
[monotone_constraints_method: basic]
[monotone_penalty: 0]
[feature_contri: ]
[forcedsplits_filename: ]
[refit_decay_rate: 0.9]
[cegb_tradeoff: 1]
[cegb_penalty_split: 0]
[cegb_penalty_feature_lazy: ]
[cegb_penalty_feature_coupled: ]
[path_smooth: 0]
[interaction_constraints: ]
[verbosity: -1]
[saved_feature_importance_type: 0]
[use_quantized_grad: 0]
[num_grad_quant_bins: 4]
[quant_train_renew_leaf: 0]
[stochastic_rounding: 1]
[linear_tree: 0]
[max_bin: 255]
[max_bin_by_feature: ]
[min_data_in_bin: 3]
[bin_construct_sample_cnt: 200000]
[data_random_seed: 175]
[is_enable_sparse: 1]
[enable_bundle: 1]
[use_missing: 1]
[zero_as_missing: 0]
[feature_pre_filter: 1]
[pre_partition: 0]
[two_round: 0]
[header: 0]
[label_column: ]
[weight_column: ]
[group_column: ]
[ignore_column: ]
[categorical_feature: ]
[forcedbins_filename: ]
[precise_float_parser: 0]
[parser_config_file: ]
[objective_seed: 16083]
[num_class: 1]
[is_unbalance: 0]
[scale_pos_weight: 1]
[sigmoid: 1]
[boost_from_average: 1]
[reg_sqrt: 0]
[alpha: 0.9]
[fair_c: 1]
[poisson_max_delta_step: 0.7]
[tweedie_variance_power: 1.5]
[lambdarank_truncation_level: 30]
[lambdarank_norm: 1]
[label_gain: ]
[lambdarank_position_bias_regularization: 0]
[eval_at: ]
[multi_error_top_k: 1]
[auc_mu_weights: ]
[num_machines: 1]
[local_listen_port: 12400]
[time_out: 120]
[machine_list_filename: ]
[machines: ]
[gpu_platform_id: -1]
[gpu_device_id: -1]
[gpu_device_id_list: ]
[gpu_use_dp: 0]
[num_gpu: 1]

end of parameters

pandas_categorical:null
