tree
version=v4
num_class=1
num_tree_per_iteration=1
label_index=0
max_feature_idx=126
objective=quantile
feature_names=Column_0 Column_1 Column_2 Column_3 Column_4 Column_5 Column_6 Column_7 Column_8 Column_9 Column_10 Column_11 Column_12 Column_13 Column_14 Column_15 Column_16 Column_17 Column_18 Column_19 Column_20 Column_21 Column_22 Column_23 Column_24 Column_25 Column_26 Column_27 Column_28 Column_29 Column_30 Column_31 Column_32 Column_33 Column_34 Column_35 Column_36 Column_37 Column_38 Column_39 Column_40 Column_41 Column_42 Column_43 Column_44 Column_45 Column_46 Column_47 Column_48 Column_49 Column_50 Column_51 Column_52 Column_53 Column_54 Column_55 Column_56 Column_57 Column_58 Column_59 Column_60 Column_61 Column_62 Column_63 Column_64 Column_65 Column_66 Column_67 Column_68 Column_69 Column_70 Column_71 Column_72 Column_73 Column_74 Column_75 Column_76 Column_77 Column_78 Column_79 Column_80 Column_81 Column_82 Column_83 Column_84 Column_85 Column_86 Column_87 Column_88 Column_89 Column_90 Column_91 Column_92 Column_93 Column_94 Column_95 Column_96 Column_97 Column_98 Column_99 Column_100 Column_101 Column_102 Column_103 Column_104 Column_105 Column_106 Column_107 Column_108 Column_109 Column_110 Column_111 Column_112 Column_113 Column_114 Column_115 Column_116 Column_117 Column_118 Column_119 Column_120 Column_121 Column_122 Column_123 Column_124 Column_125 Column_126
feature_infos=[-4.6268041035720255:6.0069305704046343] [-3.862312370529994:4.0832619148893601] [-3.7163093795827353:3.6544265240928073] [-3.4609469411371871:3.2399873259530714] [-3.1786475454894174:2.5983333234850798] [-2.155857528548963:2.47447696952525] [-3.4063797337012889:3.3114305393002716] [-1.1734312413575929:4.755319658676413] [-1.6139140211723235:1.6124245649824895] [-3.1017724077380922:2.6638104644029181] [-1.2374679934516926:3.8504285899817301] [-2.4237876298289769:2.6587805542599083] [-2.0765162101788617:2.5153201656779127] [-1.3139947482908882:2.7745221388233214] [-2.5018184032706166:2.9866552178790267] [-1.7991902370546689:1.4641344636414955] [-1.8662701971189142:1.7718387800197279] [-1.0359136242208751:0.67130252868868656] [-1.0956022543138875:0.6894234222411012] [-1.0359136242208751:0.67130252868868645] [-2.3303958347442411:2.8911735732725234] [-3.203142619654467:3.4960634222766624] [-2.864976672415203:2.8444892239404105] [-1.9441823346786884:2.794539336112229] [-2.2045528349479473:1.8602207661181134] [-2.073806743600723:1.8776539872341427] [-3.22730697494781:2.1914908025246298] [-1.791596902848964:1.5798853244593614] [-0.95311332106779612:2.8266158281320117] [-3.5426093449479206:3.3343850685449112] [-3.266275601768867:2.9371165698319692] [-2.5035699052605871:2.2161594443066361] [-2.4779152874084187:2.3825223499519028] [-2.0050316247267843:2.4342637725924359] [-2.1502872428038593:2.2822282932168041] [-1.9410097563727928:2.0083515424798408] [-2.045958981274989:2.2115019867135035] [-1.2250202424984911:3.1623936328397653] [-1.233600967736864:3.7113562446940365] [-1.3255527136439367:2.6913239778421021] [-1.1779452161730728:1.8110293583140038] [-2.0395739001084059:1.6001082171943624] [-1.7567776806963606:1.65925414687714] [-1.9712004286400655:11.838204433314683] [-591.26272173030611:94.299742658723929] [-487.88452233125531:101.54981277526774] [-640.71422599092864:47.124909940064221] [-1.1315825525699543:3.3039451481235864] [-1.8575166379391064:1.7189113789261443] [-1.1630451037579781:6.3306757537243845] [-3.867652320206032:4.5928419695727802] [-10.080950183483392:8.3561647121438938] [-1:1] [-0.83333333333333337:1] [0:1] [0:1] [-3.5827524790285139:4.3154473429230844] [-4.0562963676519814:2.3325201469451535] [-2.3371901645858775:1.5896574009008153] [-1.0274268497732129:2.3357271815079783] [-2.4322724946438954:1.3307201708314245] [-1.6890439213934751:0.32198573389654961] [-3.1162375656751777:3.5618550970343854] [-2.6870600889011795:2.4642119376221836] [-2.2037955126117197:1.8814437383060789] [-5.2041482469319345:4.62175589265863] [-4.6824358897052862:3.1132511247180097] [-3.3848662895719825:2.7851417237344869] [-1.1908867465495157:2.8007615344486911] [-2.2681090010099756:2.3378761093364768] [-2.5250894390556629:0.63282021715880832] [-3.842542148544521:4.4110708728842782] [-5.8218830951028187:4.7771464635793484] [-3.0570301291189557:4.0039166123806176] [-3.4149222621736537:2.2637245097514103] [-2.4849234623351513:1.6988141700002217] [-0.97633263491196676:2.2945517100392245] [-2.1925063718660263:1.3054812176665234] [-1.4932433393359004:0.31621236668352115] [-4.5375414742882816:7.8684650966946004] [-4.026775521979026:5.531294041176305] [-2.4075809636944698:4.1386428494967609] [-1.3142431115432558:4.6913393178528615] [-1.2128981195284769:7.9575246151762205] [-1.2342879427283697:2.3332994795062194] [-6.5012829421683316:6.6774679662524203] [-4.5314239788777808:3.5165865070917639] [-2.7362485311784321:3.7476521811905683] [-1.2110853712017766:3.5468492269786567] [-1.7992957978891841:4.4364559203739287] [-0.82368239422926026:2.1645217940033317] [-11.27594426910813:11.053455300399325] [-6.0430216689232639:5.2431771126783069] [-3.4757321594287305:3.7646132649841171] [-0.99442636989927358:3.1105443689538159] [-2.1401439080565452:4.0585434417468562] [-1.2362702197861926:0.66804965344588041] [-3.9512664843552812:2.9641871078954387] [-3.4514510044756408:3.0002289885661177] [-2.5789550090238884:1.7081445447705399] [-1.3289290026479641:3.1979541374411764] [-2.1178782621448935:1.8611384999996154] [-1.4798276692460424:0.43536976673221567] [-5.4319512925505906:3.1945137541572954] [-4.1934446333566422:3.5527150999290673] [-1.9383757265739703:2.8733719832576732] [-1.3418839681076882:4.1208695833090481] [-1.7869055809535381:4.4869946740840305] [-1.5859886714312248:1.2791442770769939] [-4.4114147880816903:2.6608820866267151] [-3.8070309579488875:3.5206849978859003] [-1.9938529087765051:2.6178321298180087] [-1.382153821989083:3.9204440540424792] [-1.6127681151416453:3.8518977322871573] [-1.6113604439853819:1.2009760920944479] [-3.3361687522286663:3.5683491125216622] [-2.2396029048155199:2.6507179314534244] [-1.9757013423130925:2.042186105971624] [-1.4708356128285724:1.9617766305172581] [-1.488955723010376:2.0512904020169129] [-2.4266646458755412:0.64899957575063594] [-3.2185615159771666:3.4559804766769173] [-2.776366177316814:3.5941854834439781] [-1.7324055609268327:2.473058254893183] [-0.76630026662546491:2.7420384320344202] [-1.5092611797183133:2.4102295088095991] [-1.3774647631077823:0.90147170386274167]
tree_sizes=746 765 763 765 683 685 772 765 784 862 773 863 776 767 686 688 778 775 782 772 777 774 786 685 768 771 693 777 686 777 779 870 866 685 772 693 773 600 877 864 779 783 781 778 786 778 699 781 863 867 858 606 858 779 608 858 779 865 696 868 866 687 777 686 773 689 692 694 780 607 606 781 696 864 860 864 861 694 868 871 787 876 691 873 772 780 782 778 783 783 786 697 778 861 868 784 771 692 875 868 696 781 878 783 784 882 787 606 780 868 687 873 865 875 785 787 786 862 608 604

Tree=0
num_leaves=7
num_cat=0
split_feature=61 45 82 33 68 41
split_gain=16.5496 7.97087 7.0983 6.30493 5.98004 4.17208
threshold=-1.1777405690740224 4.4682015051787625 0.47080317444367054 0.020360324132464056 1.4432233010715765 -0.68283767157771458
decision_type=2 2 2 2 2 2
left_child=4 2 -2 -3 5 -1
right_child=1 3 -4 -5 -6 -7
leaf_value=0.065797025412321089 0.061223650649189949 0.061672275811433794 0.062214784622192383 0.063611694872379304 0.06486471772193908 0.062041472941637039
leaf_weight=42 1398 54 585 63 57 111
leaf_count=42 1398 54 585 63 57 111
internal_value=0.0618337 0.0607594 0.0601575 0.0708167 0.0724854 0.0682122
internal_weight=2310 2100 1983 117 210 153
internal_count=2310 2100 1983 117 210 153
is_linear=0
shrinkage=1


Tree=1
num_leaves=7
num_cat=0
split_feature=95 82 64 46 64 38
split_gain=18.2425 10.5362 9.72398 7.70288 3.92093 2.21209
threshold=2.0102710720401444 -0.3322904317289252 -0.92113007497273147 0.73694533060950096 1.1631762018125593 1.105800837213849
decision_type=2 2 2 2 2 2
left_child=1 4 -3 5 -1 -2
right_child=3 2 -4 -5 -6 -7
leaf_value=-0.0013203512996435166 0.002266403238475323 0.0010313478551805019 -4.377293661236764e-05 0.00010715005844831469 0.00063762440085411069 0.0048831081271171577
leaf_weight=581 55 194 1338 46 56 40
leaf_count=581 55 194 1338 46 56 40
internal_value=7.78547e-05 -0.000833717 0.000964798 0.0139161 -0.00514867 0.0203093
internal_weight=2310 2169 1532 141 637 95
internal_count=2310 2169 1532 141 637 95
is_linear=0
shrinkage=0.04


Tree=2
num_leaves=7
num_cat=0
split_feature=61 45 82 33 41 26
split_gain=14.1878 7.4555 6.44219 6.14312 5.08727 6.2642
threshold=-1.1777405690740224 5.3333217079177375 -0.3322904317289252 0.020360324132464056 -0.7543926213120512 0.96946575231474019
decision_type=2 2 2 2 2 2
left_child=4 2 -2 -3 -1 -6
right_child=1 3 -4 -5 5 -7
leaf_value=0.0047515321617126469 -0.0010680443758964539 -0.00014491770741343501 5.0960113406181562e-06 0.0017186201051920653 0.00019311848628520957 0.0025597080350965263
leaf_weight=44 617 42 1390 51 122 44
leaf_count=44 617 42 1390 51 122 44
internal_value=4.32526e-05 -0.000951475 -0.00146839 0.01 0.00990566 0.00654762
internal_weight=2310 2100 2007 93 210 166
internal_count=2310 2100 2007 93 210 166
is_linear=0
shrinkage=0.04


Tree=3
num_leaves=7
num_cat=0
split_feature=95 82 63 46 39 25
split_gain=16.14 9.23088 9.53488 6.92713 4.32843 1.67255
threshold=2.0102710720401444 -0.3322904317289252 -0.91301115153585222 0.57734264164716531 -0.86108296572131227 -0.77313659434487048
decision_type=2 2 2 2 2 2
left_child=1 4 -3 5 -1 -2
right_child=3 2 -4 -5 -6 -7
leaf_value=0.0002339268479156495 0.0031280540648619833 0.0011138878429788352 -8.871529570639136e-05 0.000611944389655739 -0.0012832570106391609 0.002823675345766843
leaf_weight=95 40 213 1319 58 542 43
leaf_count=95 40 213 1319 58 542 43
internal_value=6.05536e-05 -0.000796868 0.000886571 0.0130769 -0.00483568 0.0203529
internal_weight=2310 2169 1532 141 637 83
internal_count=2310 2169 1532 141 637 83
is_linear=0
shrinkage=0.04


Tree=4
num_leaves=6
num_cat=0
split_feature=95 45 76 37 46
split_gain=15.2864 7.5832 8.60714 6.96005 6.84783
threshold=2.0102710720401444 3.0103549126338969 -0.31644554353933424 1.2711795298389901 0.40364108530366205
decision_type=2 2 2 2 2
left_child=1 3 -3 -1 -2
right_child=4 2 -4 -5 -6
leaf_value=-0.00039924363106360732 0.0027107283319361686 0.0019565281285239934 0.00037697205160537665 0.0016377806765957357 0.00062245026228399853
leaf_weight=1851 75 47 135 136 66
leaf_count=1851 75 47 135 136 66
internal_value=0.000129758 -0.000704744 0.00706522 -0.00142283 0.0127972
internal_weight=2310 2169 182 1987 141
internal_count=2310 2169 182 1987 141
is_linear=0
shrinkage=0.04


Tree=5
num_leaves=6
num_cat=0
split_feature=95 82 63 46 90
split_gain=14.8235 8.74928 9.59862 6.44822 4.41843
threshold=2.0102710720401444 -0.3322904317289252 -0.91301115153585222 0.40364108530366205 1.6103329488471647
decision_type=2 2 2 2 2
left_child=1 4 -3 -2 -1
right_child=3 2 -4 -5 -6
leaf_value=-0.001118222138465304 0.002602299198658722 0.00099107120411872198 -7.5546370285695116e-05 0.0005975522517926385 0.00083307092327591405
leaf_weight=583 75 213 1319 66 54
leaf_count=583 75 213 1319 66 54
internal_value=4.32526e-05 -0.000778443 0.000860495 0.0125175 -0.00471049
internal_weight=2310 2169 1532 141 637
internal_count=2310 2169 1532 141 637
is_linear=0
shrinkage=0.04


Tree=6
num_leaves=7
num_cat=0
split_feature=95 82 64 46 102 38
split_gain=13.2595 8.58677 8.333 5.28971 4.27023 3.03315
threshold=2.0573083067946816 -0.3322904317289252 -0.92113007497273147 0.73694533060950096 -0.18027734589416691 1.105800837213849
decision_type=2 2 2 2 2 2
left_child=1 4 -3 5 -1 -2
right_child=3 2 -4 -5 -6 -7
leaf_value=-0.0013815002256786818 0.0019076561720501378 0.00091846077033321536 -3.9631544799990786e-05 5.1368733645693055e-06 -0.00030647988786261472 0.0041631230389366416
leaf_weight=284 50 195 1343 42 356 40
leaf_count=284 50 195 1343 42 356 40
internal_value=2.59516e-05 -0.000724771 0.000896104 0.0122388 -0.00461059 0.0176087
internal_weight=2310 2178 1538 132 640 90
internal_count=2310 2178 1538 132 640 90
is_linear=0
shrinkage=0.04


Tree=7
num_leaves=7
num_cat=0
split_feature=61 45 40 124 24 40
split_gain=12.6529 6.8435 6.59999 5.95575 4.28894 3.5671
threshold=-1.1777405690740224 5.3333217079177375 -1.0279477716191043 0.32259711478339542 0.080736967476366828 0.84423193260181328
decision_type=2 2 2 2 2 2
left_child=3 2 -2 -1 -3 -5
right_child=1 4 -4 5 -6 -7
leaf_value=-0.0001912738736799459 0.00053439302956170896 3.6678802681796712e-05 -0.00030881301433739603 0.0017403635310317249 0.0014482770086415154 0.0021889228807804384
leaf_weight=60 40 43 1967 76 50 74
leaf_count=60 40 43 1967 76 50 74
internal_value=2.59516e-05 -0.000913416 -0.00140866 0.00933962 0.00957895 0.0135526
internal_weight=2310 2100 2007 210 93 150
internal_count=2310 2100 2007 210 93 150
is_linear=0
shrinkage=0.04


Tree=8
num_leaves=7
num_cat=0
split_feature=61 82 68 124 46 13
split_gain=10.4316 7.03888 6.35157 4.94904 2.83679 2.67123
threshold=-1.1777405690740224 -0.67558702199963006 -0.20703430394508399 0.32259711478339542 0.39596494758302708 -0.95983396640125074
decision_type=2 2 2 2 2 2
left_child=3 5 -3 -1 -5 -2
right_child=1 2 -4 4 -6 -7
leaf_value=-0.00018362291873274823 0.00022617604416081725 0.00038638659852483658 -0.00032886515488345813 0.0021668273123135458 0.00077911782058774127 -0.0016568263008274397
leaf_weight=60 43 674 1165 100 50 218
leaf_count=60 43 674 1165 100 50 218
internal_value=-6.05536e-05 -0.000913416 -3.80228e-05 0.00839623 0.0122368 -0.00703422
internal_weight=2310 2100 1839 210 150 261
internal_count=2310 2100 1839 210 150 261
is_linear=0
shrinkage=0.04


Tree=9
num_leaves=8
num_cat=0
split_feature=37 113 45 76 40 58 125
split_gain=10.2178 8.25627 7.70098 8.33347 6.99522 5.45172 2.75537
threshold=1.0973117179318461 0.24518319876339256 2.922883125199661 -0.36882474855195729 -1.0279477716191043 -0.0072489187134310955 0.78727694099758971
decision_type=2 2 2 2 2 2 2
left_child=2 5 4 -4 -1 -2 -3
right_child=1 6 3 -5 -6 -7 -8
leaf_value=0.00049756184443824718 0.0026683685859611303 -0.0013336007670514674 0.0019264796657805278 0.00019907495627767446 -0.0003928885912326016 -9.5920815584687327e-05 0.0012642364590912706
leaf_weight=40 142 66 46 110 1808 40 58
leaf_count=40 142 66 46 110 1808 40 58
internal_value=-9.51557e-05 0.00668831 -0.00113659 0.00734177 -0.00185946 0.0120652 -0.00126984
internal_weight=2310 306 2004 156 1848 182 124
internal_count=2310 306 2004 156 1848 182 124
is_linear=0
shrinkage=0.04


Tree=10
num_leaves=7
num_cat=0
split_feature=95 82 25 99 68 90
split_gain=10.1869 7.44933 6.70919 5.90086 5.6114 4.29317
threshold=1.7769766182258862 -0.3322904317289252 -1.1865187170564597 0.41420782412588492 -0.20703430394508399 1.6103329488471647
decision_type=2 2 2 2 2 2
left_child=1 5 -2 -4 -3 -1
right_child=2 4 3 -5 -6 -7
leaf_value=-0.0010029735865691336 -0.00079908001895734055 0.00051100089170932786 4.5025718815204438e-05 0.0023564937702274537 -0.00018470014208104299 0.00082461988214118851
leaf_weight=571 45 509 42 99 990 54
leaf_count=571 45 509 42 99 990 54
internal_value=-9.51557e-05 -0.00088429 0.00882979 0.0130769 0.000646236 -0.00454545
internal_weight=2310 2124 186 141 1499 625
internal_count=2310 2124 186 141 1499 625
is_linear=0
shrinkage=0.04


Tree=11
num_leaves=8
num_cat=0
split_feature=37 113 35 63 28 53 126
split_gain=9.12688 7.46943 7.16529 7.28667 5.35807 2.74182 2.65922
threshold=1.0973117179318461 0.24518319876339256 0.61743145309555614 -0.6913470108272638 0.95229105536390268 -0.58333333333333315 0.57847039443319692
decision_type=2 2 2 2 2 2 2
left_child=2 4 3 -1 -2 -4 -3
right_child=1 6 5 -5 -6 -7 -8
leaf_value=0.00057045757444471469 0.0012299941383312799 -0.0016063776845827438 0.00017105565800911368 -0.0001862624710217886 0.0027333199396970555 -0.0014507432173927288 0.0011625160590752021
leaf_weight=306 111 56 55 1373 71 270 68
leaf_count=306 111 56 55 1373 71 270 68
internal_value=-0.000112457 0.0062987 -0.00109671 -4.16419e-05 0.011413 -0.00651376 -0.00126984
internal_weight=2310 306 2004 1679 182 325 124
internal_count=2310 306 2004 1679 182 325 124
is_linear=0
shrinkage=0.04


Tree=12
num_leaves=7
num_cat=0
split_feature=40 39 35 63 53 53
split_gain=9.6662 9.79705 7.85875 9.5459 6.53475 2.86349
threshold=0.97293223296669684 1.8153820813621631 0.61743145309555614 -0.97181841796701429 0.25000000000000006 -0.58333333333333315
decision_type=2 2 2 2 2 2
left_child=2 4 3 -1 -2 -4
right_child=1 -3 5 -5 -6 -7
leaf_value=0.00073209867317619332 0.0025287182955366005 -0.00082556521790830371 0.00015901090528232139 -0.00013033304182344732 0.0003430174763006133 -0.0015327244781122267
leaf_weight=175 88 75 56 1595 62 259
leaf_count=175 88 75 56 1595 62 259
internal_value=-0.000129758 0.00770925 -0.000982271 5.64334e-05 0.0135526 -0.00678233
internal_weight=2310 225 2085 1770 150 315
internal_count=2310 225 2085 1770 150 315
is_linear=0
shrinkage=0.04


Tree=13
num_leaves=7
num_cat=0
split_feature=95 82 63 46 60 41
split_gain=9.361 6.87094 6.13783 4.31632 4.57 2.55237
threshold=2.0573083067946816 -0.69605003543569011 -0.91301115153585222 0.73694533060950096 -0.98124740472142236 0.92511333404680807
decision_type=2 2 2 2 2 2
left_child=1 5 -3 4 -2 -1
right_child=3 2 -4 -5 -6 -7
leaf_value=-0.0013402162470941904 0.0032365552347503298 0.00052442160343296816 -0.00012738183192254074 -5.7900645532481464e-05 0.00061546281687436622 0.0002085642462541587
leaf_weight=209 48 254 1660 42 42 55
leaf_count=209 48 254 1660 42 42 55
internal_value=-0.000112457 -0.000743119 9.39457e-05 0.0101493 0.015 -0.00676692
internal_weight=2310 2178 1914 132 90 264
internal_count=2310 2178 1914 132 90 264
is_linear=0
shrinkage=0.04


Tree=14
num_leaves=6
num_cat=0
split_feature=40 13 40 40 67
split_gain=8.73535 10.7444 6.18044 7.08694 5.11899
threshold=0.97293223296669684 1.8032582953101233 -1.0279477716191043 -0.49673383730244064 0.056369186247758475
decision_type=2 2 2 2 2
left_child=2 4 -1 -4 -2
right_child=1 -3 3 -5 -6
leaf_value=0.00048988004741577285 0.0025935135456934782 -0.00086804551974557168 -0.0013951149096006149 2.5907176903539052e-06 0.00076072181698778722
leaf_weight=40 77 77 440 1605 71
leaf_count=40 77 77 440 1605 71
internal_value=-9.51557e-05 0.00735683 -0.000905606 -0.00121641 0.0136
internal_weight=2310 225 2085 2045 148
internal_count=2310 225 2085 2045 148
is_linear=0
shrinkage=0.04


Tree=15
num_leaves=6
num_cat=0
split_feature=95 40 35 46 60
split_gain=8.73269 5.98539 9.08155 4.07719 4.16913
threshold=2.0573083067946816 -1.0279477716191043 0.48701624927690412 0.73694533060950096 -0.98124740472142236
decision_type=2 2 2 2 2
left_child=1 -1 -3 4 -2
right_child=3 2 -4 -5 -6
leaf_value=0.00047028484551914207 0.0030033524835325772 5.0905769590862196e-05 -0.00094605097023904865 -5.5688248418796289e-05 0.00059074067549177739
leaf_weight=40 48 1648 490 42 42
leaf_count=40 48 1648 490 42 42
internal_value=-6.05536e-05 -0.000669725 -0.000962617 0.00985075 0.0145652
internal_weight=2310 2178 2138 132 90
internal_count=2310 2178 2138 132 90
is_linear=0
shrinkage=0.04


Tree=16
num_leaves=7
num_cat=0
split_feature=95 82 96 46 124 7
split_gain=8.18507 6.77931 6.26047 3.84487 2.97611 2.70188
threshold=2.0573083067946816 -0.69605003543569011 -0.48765352134083823 0.73694533060950096 0.87062082071476699 -0.42599290821562313
decision_type=2 2 2 2 2 2
left_child=1 5 -3 4 -2 -1
right_child=3 2 -4 -5 -6 -7
leaf_value=-2.6609992214624985e-05 0.00097632860958595359 0.00049804755190272323 -0.00015865087532577482 -5.3460718482044381e-05 0.0026788621932244856 -0.0016334369936297595
leaf_weight=96 47 432 1482 42 43 168
leaf_count=96 47 432 1482 42 43 168
internal_value=-4.32526e-05 -0.000633028 0.00019833 0.00955224 0.0141304 -0.00661654
internal_weight=2310 2178 1914 132 90 264
internal_count=2310 2178 1914 132 90 264
is_linear=0
shrinkage=0.04


Tree=17
num_leaves=7
num_cat=0
split_feature=35 61 70 106 41 53
split_gain=7.08396 7.24335 7.53976 5.73938 5.17 3.54152
threshold=0.61743145309555614 -1.1777405690740224 0.36721395937090318 1.085253858548787 -0.7543926213120512 -0.58333333333333315
decision_type=2 2 2 2 2 2
left_child=1 4 -3 5 -1 -2
right_child=3 2 -4 -5 -6 -7
leaf_value=0.0034866836058617778 0.00019994435945953369 -0.0002212919965654138 0.00039997037184465829 0.00066993858214747532 0.00063898536553780511 -0.0014403601516895001
leaf_weight=44 56 1338 407 50 143 272
leaf_count=44 56 1338 407 50 143 272
internal_value=-0.000112457 0.000868666 6.29651e-05 -0.00510526 0.00830688 -0.0070303
internal_weight=2310 1932 1745 378 187 328
internal_count=2310 1932 1745 378 187 328
is_linear=0
shrinkage=0.04


Tree=18
num_leaves=7
num_cat=0
split_feature=95 82 63 63 37 29
split_gain=7.36118 6.33232 7.19273 5.47502 4.32253 3.77661
threshold=1.5965791250455859 -0.30716620794196897 -0.89030093918367503 -0.5696917900947559 -0.42630681033257695 -0.78007272332248478
decision_type=2 2 2 2 2 2
left_child=1 4 -3 -2 -1 -5
right_child=3 2 -4 5 -6 -7
leaf_value=8.0712199283378137e-08 0.002540583331719221 0.00053144532460359494 -7.6395212607705966e-05 0.001475204966011926 -0.0010406175210882077 2.1680102514512469e-05
leaf_weight=247 40 218 1248 40 384 133
leaf_count=247 40 218 1248 40 384 133
internal_value=-2.59516e-05 -0.000747975 0.000694823 0.00702326 -0.00409163 0.00382857
internal_weight=2310 2097 1466 213 631 173
internal_count=2310 2097 1466 213 631 173
is_linear=0
shrinkage=0.04


Tree=19
num_leaves=7
num_cat=0
split_feature=40 94 40 40 14 125
split_gain=7.16102 10.8861 6.11843 6.39321 5.49677 4.85737
threshold=0.97293223296669684 0.51617067451365151 -1.0279477716191043 -0.47784466743499682 0.016030185232315995 1.0260035562778611
decision_type=2 2 2 2 2 2
left_child=2 4 -1 -4 -2 -3
right_child=1 5 3 -5 -6 -7
leaf_value=0.00044807897512192253 0.0023249595538856705 -0.0018123142258691656 -0.001103136187677013 1.408477734923308e-05 0.0005094529348355154 0.0013332138950611541
leaf_weight=40 62 79 476 1569 41 43
leaf_count=40 62 79 476 1569 41 43
internal_value=-9.51557e-05 0.00665198 -0.000828941 -0.00113825 0.0160952 -0.00145161
internal_weight=2310 225 2085 2045 103 122
internal_count=2310 225 2085 2045 103 122
is_linear=0
shrinkage=0.04


Tree=20
num_leaves=7
num_cat=0
split_feature=35 63 40 70 106 53
split_gain=7.03063 7.13329 11.1218 7.4524 5.38004 3.23187
threshold=0.61743145309555614 -0.6913470108272638 -0.28061206250720105 0.37293295706664925 1.2076874610156032 -0.58333333333333315
decision_type=2 2 2 2 2 2
left_child=1 2 -1 -3 5 -2
right_child=4 3 -4 -5 -6 -7
leaf_value=-0.0011967854292874935 0.00020561121214175395 -0.00028305019321850892 0.0014229647225486785 0.00043757939502184955 0.00086139968114078147 -0.0012764209050867359
leaf_weight=89 56 1267 279 297 40 282
leaf_count=89 56 1267 279 297 40 282
internal_value=-2.59516e-05 0.000951396 0.00594595 -0.000229885 -0.005 -0.00664706
internal_weight=2310 1932 368 1564 378 338
internal_count=2310 1932 368 1564 378 338
is_linear=0
shrinkage=0.04


Tree=21
num_leaves=7
num_cat=0
split_feature=95 94 90 64 46 60
split_gain=7.25365 5.7788 6.42672 4.88167 2.85805 3.46901
threshold=2.0573083067946816 0.54349065306219868 -0.087091617567762722 0.94779701904027303 0.75082648241727667 -0.98124740472142236
decision_type=2 2 2 2 2 2
left_child=1 2 -1 -3 5 -2
right_child=4 3 -4 -5 -6 -7
leaf_value=-0.00024051445499419623 0.0025552060685659441 -0.0014634710516245179 0.00050360291172509919 0.00051425784239506403 -2.8916829676546506e-05 0.00047214450273153064
leaf_weight=897 48 412 810 59 40 44
leaf_count=897 48 412 810 59 40 44
internal_value=-7.78547e-05 -0.000633028 0.000450556 -0.00454545 0.00895522 0.012766
internal_weight=2310 2178 1707 471 132 92
internal_count=2310 2178 1707 471 132 92
is_linear=0
shrinkage=0.04


Tree=22
num_leaves=7
num_cat=0
split_feature=37 35 45 108 99 123
split_gain=6.92453 6.3653 7.00407 6.21826 3.37144 3.01711
threshold=1.108167206300839 0.61743145309555614 0.64353540618891014 -0.68088466594357488 0.61849753987176681 -0.042857679491113285
decision_type=2 2 2 2 2 2
left_child=1 2 -1 -2 -5 -3
right_child=3 5 -4 4 -6 -7
leaf_value=-0.00015878006656689126 0.0024018148365912858 -0.0014291812643853006 0.00079034991104509178 -0.00020427407198292573 0.0011245791199535539 -0.00016094745055563909
leaf_weight=1384 70 181 303 123 104 145
leaf_count=1384 70 181 303 123 104 145
internal_value=-9.51557e-05 -0.000937965 5.3286e-05 0.00558528 0.00231441 -0.00603659
internal_weight=2310 2013 1687 297 227 326
internal_count=2310 2013 1687 297 227 326
is_linear=0
shrinkage=0.04


Tree=23
num_leaves=6
num_cat=0
split_feature=61 41 40 35 40
split_gain=7.1748 6.75828 6.12386 7.25367 3.36175
threshold=-1.1564599150557155 -0.7543926213120512 -1.0279477716191043 0.498566936762666 1.3655036720973097
decision_type=2 2 2 2 2
left_child=1 -1 -2 -4 -3
right_child=2 4 3 -5 -6
leaf_value=0.0029118379410982198 0.0003866651652743205 -5.7024571067638139e-05 2.1019011297394792e-05 -0.00083473279974764119 0.0012944821255557455
leaf_weight=45 40 133 1590 461 41
leaf_count=45 40 133 1590 461 41
internal_value=-0.000112457 0.00674208 -0.00083612 -0.00114467 0.00306818
internal_weight=2310 219 2091 2051 174
internal_count=2310 219 2091 2051 174
is_linear=0
shrinkage=0.04


Tree=24
num_leaves=7
num_cat=0
split_feature=101 35 64 40 46 93
split_gain=6.88781 6.50505 8.34184 8.28094 4.48779 1.63595
threshold=0.98343493556250572 0.498566936762666 0.96636474081501744 -0.97317536587423736 0.9286277085419542 1.423450963872168
decision_type=2 2 2 2 2 2
left_child=1 2 -1 -3 5 -2
right_child=4 3 -4 -5 -6 -7
leaf_value=-1.8586328954807856e-05 0.0018586395210151742 0.00034076013912740302 0.0013606365042958734 -0.00086372256868523902 -0.00035706594352445247 0.002642781386340361
leaf_weight=1602 43 46 76 460 43 40
leaf_count=1602 43 46 76 460 43 40
internal_value=-0.000112457 -0.000640439 0.000559524 -0.0046063 0.00890625 0.0142353
internal_weight=2310 2184 1678 506 126 83
internal_count=2310 2184 1678 506 126 83
is_linear=0
shrinkage=0.04


Tree=25
num_leaves=7
num_cat=0
split_feature=95 25 45 76 113 67
split_gain=7.10401 5.30269 5.2794 5.98586 5.2024 4.49268
threshold=1.7991155240866032 -1.1865187170564597 3.0103549126338969 -0.33174203805102148 0.79613060020927995 -0.3258285814435517
decision_type=2 2 2 2 2 2
left_child=2 -2 4 -4 -1 -3
right_child=1 5 3 -5 -6 -7
leaf_value=-5.8806019373259249e-05 -0.0010326499769915693 0.0021714266314023538 0.0016952384001461085 0.00015925591887967465 -0.0014777058999936852 0.00050772652359648703
leaf_weight=1653 44 58 46 130 304 75
leaf_count=1653 44 58 46 130 304 75
internal_value=-0.000112457 0.0075419 -0.000754098 0.0058427 -0.00135273 0.0114815
internal_weight=2310 177 2133 176 1957 133
internal_count=2310 177 2133 176 1957 133
is_linear=0
shrinkage=0.04


Tree=26
num_leaves=6
num_cat=0
split_feature=101 45 14 64 76
split_gain=6.52108 5.95389 5.34668 5.33459 4.58762
threshold=0.98343493556250572 2.8002923935915383 -0.066998414203087817 0.96636474081501744 -0.34005126284647952
decision_type=2 2 2 2 2
left_child=1 3 -2 -1 -3
right_child=2 4 -4 -5 -6
leaf_value=-0.00028780088436566246 0.0026994107201506103 0.0016447676383037873 0.00053466910430941482 0.00089854830020853966 0.00020930176016391766
leaf_weight=1858 47 49 79 131 146
leaf_count=1858 47 49 79 131 146
internal_value=-0.000181661 -0.000695334 0.00859375 -0.00135108 0.00593909
internal_weight=2310 2184 126 1989 195
internal_count=2310 2184 126 1989 195
is_linear=0
shrinkage=0.04


Tree=27
num_leaves=7
num_cat=0
split_feature=35 61 76 106 40 53
split_gain=6.12464 6.49293 5.80247 5.21657 3.10244 3.06087
threshold=0.61743145309555614 -1.2435610735563996 0.3879666408707802 1.2076874610156032 0.84423193260181328 -0.58333333333333315
decision_type=2 2 2 2 2 2
left_child=1 4 -3 5 -1 -2
right_child=3 2 -4 -5 -6 -7
leaf_value=0.0006074946580507069 0.00028343103270149137 0.00019069456448829293 -0.00077257734741906085 0.00084461067737422657 0.0014963485132666618 -0.0011513392174834867
leaf_weight=86 56 1306 472 40 68 282
leaf_count=86 56 1306 472 40 68 282
internal_value=-0.000147059 0.000765253 7.86517e-05 -0.00478947 0.00858974 -0.00641176
internal_weight=2310 1932 1778 378 154 338
internal_count=2310 1932 1778 378 154 338
is_linear=0
shrinkage=0.04


Tree=28
num_leaves=6
num_cat=0
split_feature=101 46 119 40 14
split_gain=6.0649 6.09341 6.51881 4.9044 4.83998
threshold=0.98343493556250572 4.2018614509664216 0.51406406535130411 -1.0279477716191043 -0.066998414203087817
decision_type=2 2 2 2 2
left_child=1 3 -3 -1 -2
right_child=4 2 -4 -5 -6
leaf_value=0.00034816189718969481 0.00256677353610666 -3.0268561230241895e-05 0.0015873668741535412 -0.00019051009682374733 0.00047792774429567783
leaf_weight=40 47 58 46 2040 79
leaf_count=40 47 58 46 2040 79
internal_value=-0.000181661 -0.000677036 0.00867925 -0.00115274 0.00828125
internal_weight=2310 2184 104 2080 126
internal_count=2310 2184 104 2080 126
is_linear=0
shrinkage=0.04


Tree=29
num_leaves=7
num_cat=0
split_feature=35 113 63 125 96 117
split_gain=6.23182 6.45542 6.0652 6.01116 6.49057 3.26656
threshold=0.498566936762666 0.79613060020927995 -1.0465878369092707 1.2755117178981774 -0.8033252051731673 0.23379230859924113
decision_type=2 2 2 2 2 2
left_child=1 2 -1 4 -2 -3
right_child=3 5 -4 -5 -6 -7
leaf_value=0.001289662677868561 0.00031851238656261256 -0.0018429748802712663 0.0001928219596200917 0.0010327281127479721 -0.00086205785094676114 7.4703949085809109e-05
leaf_weight=102 46 182 1391 46 439 104
leaf_count=102 46 182 1391 46 439 104
internal_value=-0.00016436 0.000971364 0.00202676 -0.00395872 -0.00527721 -0.00451389
internal_weight=2310 1779 1493 531 485 286
internal_count=2310 1779 1493 531 485 286
is_linear=0
shrinkage=0.04


Tree=30
num_leaves=7
num_cat=0
split_feature=95 94 40 40 46 90
split_gain=6.18313 5.08756 8.22404 4.931 4.59829 3.79738
threshold=1.5965791250455859 0.54349065306219868 -0.50953384921783396 -0.54383056301417498 0.7968900792464898 -0.10611529766226754
decision_type=2 2 2 2 2 2
left_child=1 2 -1 -3 5 -2
right_child=4 3 -4 -5 -6 -7
leaf_value=-0.0012150828985553644 -1.9829644385902513e-05 0.00088247062065041713 0.00020973127047841267 -0.0015125713889043407 -0.00058412656617980673 0.0013244217481707238
leaf_weight=388 41 52 1277 380 65 107
leaf_count=388 41 52 1277 380 65 107
internal_value=-0.000181661 -0.000843259 0.000161968 -0.00470046 0.00627907 0.0101333
internal_weight=2310 2097 1665 432 213 148
internal_count=2310 2097 1665 432 213 148
is_linear=0
shrinkage=0.04


Tree=31
num_leaves=8
num_cat=0
split_feature=90 35 70 101 113 66 64
split_gain=6.87171 5.71557 6.04041 5.3659 6.0177 2.84043 2.29247
threshold=-0.036845331284904352 0.42172608987141375 0.4092764805146592 -0.60818046468233888 0.69848570984874814 0.8773904233759876 0.92715902360740465
decision_type=2 2 2 2 2 2 2
left_child=1 2 -1 6 -5 -3 -2
right_child=3 5 -4 4 -6 -7 -8
leaf_value=-0.00023782315545050296 -0.0012038673470889717 -0.0010061012299121246 0.00054558857659483824 0.00074618426774036763 -0.00056277994909018829 0.00014254120908237578 0.00089660471708481629
leaf_weight=703 97 289 85 762 279 54 41
leaf_count=703 97 289 85 762 279 54 41
internal_value=-6.05536e-05 -0.00228597 -0.000405063 0.00207451 0.00305849 -0.00657971 -0.00528571
internal_weight=2310 1131 788 1179 1041 343 138
internal_count=2310 1131 788 1179 1041 343 138
is_linear=0
shrinkage=0.04


Tree=32
num_leaves=8
num_cat=0
split_feature=83 94 40 64 106 63 44
split_gain=6.16054 5.29697 10.5559 6.69174 4.89432 4.49606 3.86916
threshold=0.84776271587850183 0.54349065306219868 0.9925103455945351 0.76972390721447181 -0.19441752509213894 -0.64336344816343616 1.302038997436417
decision_type=2 2 2 2 2 2 2
left_child=1 2 -1 -3 5 -2 -6
right_child=4 3 -4 -5 6 -7 -8
leaf_value=-9.1426260536839609e-05 0.0010227294979116672 -0.0015755798763259332 0.0014526126649399979 0.00052346794352575601 0.0013921894066816528 -0.0005862571861922544 -0.00014053446078738602
leaf_weight=1366 47 352 98 80 171 142 54
leaf_count=1366 47 352 98 80 171 142 54
internal_value=-0.000129758 -0.00109589 5.45703e-05 -0.00497696 0.00427885 -0.000471204 0.00823789
internal_weight=2310 1896 1464 432 414 189 225
internal_count=2310 1896 1464 432 414 189 225
is_linear=0
shrinkage=0.04


Tree=33
num_leaves=6
num_cat=0
split_feature=101 46 40 119 14
split_gain=5.99082 6.5209 5.5896 5.15229 4.83998
threshold=0.98343493556250572 4.2018614509664216 -1.0279477716191043 0.56883105833744296 -0.066998414203087817
decision_type=2 2 2 2 2
left_child=1 2 -1 -3 -2
right_child=4 3 -4 -5 -6
leaf_value=0.00035699756366198125 0.0023418452691638201 7.9944056340952932e-05 -0.00016248526732810673 0.001577901975068946 0.00036072993587835724
leaf_weight=40 47 60 2040 44 79
leaf_count=40 47 60 2040 44 79
internal_value=-0.000129758 -0.000622141 -0.00111431 0.0090566 0.00828125
internal_weight=2310 2184 2080 104 126
internal_count=2310 2184 2080 104 126
is_linear=0
shrinkage=0.04


Tree=34
num_leaves=7
num_cat=0
split_feature=95 25 35 64 40 67
split_gain=6.29864 4.91601 4.82664 8.15597 7.73335 3.06445
threshold=1.7991155240866032 -1.1865187170564597 0.48701624927690412 1.1989535166314078 -0.97317536587423736 -0.3258285814435517
decision_type=2 2 2 2 2 2
left_child=2 -2 3 -1 -4 -3
right_child=1 5 4 -5 -6 -7
leaf_value=-1.5946521617563741e-05 -0.001106435902839776 0.001918526351414897 0.00031390498420770226 0.0013603131552363556 -0.00076434492499038108 0.00042304259113855379
leaf_weight=1564 44 58 46 54 469 75
leaf_count=1564 44 58 46 54 469 75
internal_value=-0.000112457 0.00709497 -0.000716628 0.000358025 -0.00408124 0.0108889
internal_weight=2310 177 2133 1618 515 133
internal_count=2310 177 2133 1618 515 133
is_linear=0
shrinkage=0.04


Tree=35
num_leaves=6
num_cat=0
split_feature=101 45 112 35 14
split_gain=5.99082 5.82346 5.00019 4.87082 4.83998
threshold=0.98343493556250572 2.8002923935915383 -0.011698397940914039 0.498566936762666 -0.066998414203087817
decision_type=2 2 2 2 2
left_child=1 3 -3 -1 -2
right_child=4 2 -4 -5 -6
leaf_value=-2.0195666508015241e-05 0.0022549975050743035 0.0014607643839136563 -2.12475548010041e-05 -0.00059493331702981502 0.00035996860467724768
leaf_weight=1517 47 103 92 472 79
leaf_count=1517 47 103 92 472 79
internal_value=-0.000129758 -0.000622141 0.00593909 -0.00127072 0.00828125
internal_weight=2310 2184 195 1989 126
internal_count=2310 2184 195 1989 126
is_linear=0
shrinkage=0.04


Tree=36
num_leaves=7
num_cat=0
split_feature=83 11 106 64 35 94
split_gain=5.63479 5.33809 5.02575 5.00856 7.45046 5.6591
threshold=0.84776271587850183 0.87853620755491035 0.079660583622310016 1.1989535166314078 0.3147530638416221 0.54349065306219868
decision_type=2 2 2 2 2 2
left_child=3 2 -2 5 -5 -1
right_child=1 -3 -4 4 -6 -7
leaf_value=-2.5612499741050067e-05 -0.00021883887625978918 0.0018183272874034752 0.0010389337191075909 0.0013573702898938384 -0.0006071413399539445 -0.0012481025303946213
leaf_weight=1409 200 41 173 41 55 391
leaf_count=1409 200 41 173 41 55 391
internal_value=-0.000129758 0.00408654 0.00253333 -0.00105374 0.0077551 -0.00153163
internal_weight=2310 414 373 1896 96 1800
internal_count=2310 414 373 1896 96 1800
is_linear=0
shrinkage=0.04


Tree=37
num_leaves=5
num_cat=0
split_feature=40 35 64 125
split_gain=5.5823 7.61828 6.8992 6.89111
threshold=-1.0279477716191043 0.498566936762666 0.96636474081501744 0.75221558562094115
decision_type=2 2 2 2
left_child=-1 2 -2 -3
right_child=1 3 -4 -5
leaf_value=0.00035498329441802838 2.2051012724230296e-05 -0.00092849295830151805 0.0011686103727949477 0.00055286211459863895
leaf_weight=40 1702 419 73 76
leaf_count=40 1702 419 73 76
internal_value=-0.00016436 -0.000431338 0.000793472 -0.00480885
internal_weight=2310 2270 1775 495
internal_count=2310 2270 1775 495
is_linear=0
shrinkage=0.04


Tree=38
num_leaves=8
num_cat=0
split_feature=90 41 34 108 5 64 119
split_gain=5.24608 6.31734 8.40168 7.70312 5.07956 11.5445 6.04722
threshold=-0.036845331284904352 0.39030671280031104 0.7726327490806727 -0.82053947688761242 -0.39086230889808665 -0.086774921414839515 -0.42889735713439642
decision_type=2 2 2 2 2 2 2
left_child=4 3 -3 -2 5 -1 -6
right_child=1 2 -4 -5 6 -7 -8
leaf_value=0.0013054955842707028 0.0016935952805055621 0.00087023223077449313 -0.00052368232059220538 -0.0001242470292257994 0.00026849727571752225 -0.0007022582856822233 -0.00063837573506879744
leaf_weight=123 46 235 108 790 214 131 663
leaf_count=123 46 235 108 790 214 131 663
internal_value=-0.000129758 0.00173582 0.00628986 -0.000143198 -0.00207414 0.00289062 -0.00351536
internal_weight=2310 1179 343 836 1131 254 877
internal_count=2310 1179 343 836 1131 254 877
is_linear=0
shrinkage=0.04


Tree=39
num_leaves=8
num_cat=0
split_feature=90 41 114 35 40 68 126
split_gain=5.34375 5.38921 7.56234 7.30031 4.8652 7.7447 0.831072
threshold=-0.036845331284904352 0.39030671280031104 -0.87122183713482604 0.9025729944709534 -0.51636289394051549 -0.44560859948250575 0.11455091398986712
decision_type=2 2 2 2 2 2 2
left_child=4 2 -2 -3 6 -6 -1
right_child=1 3 -4 -5 5 -7 -8
leaf_value=-0.00034522193812375668 0.0017474716293472601 0.00076965931237522758 -0.00011927714805676753 -0.0018093678304373349 0.00065355327560443714 -0.00027519152465111692 -0.0019493875646315016
leaf_weight=40 46 286 790 57 149 803 139
leaf_count=40 46 286 790 57 149 803 139
internal_value=-0.000147059 0.00173582 0 0.00594203 -0.00210944 -0.000964361 -0.00812155
internal_weight=2310 1179 836 343 1131 952 179
internal_count=2310 1179 836 343 1131 952 179
is_linear=0
shrinkage=0.04


Tree=40
num_leaves=7
num_cat=0
split_feature=35 113 64 106 53 117
split_gain=5.15474 6.31102 4.75359 4.34494 3.32108 3.19733
threshold=0.61743145309555614 0.79613060020927995 1.1989535166314078 1.2076874610156032 -0.58333333333333315 0.29124919306107394
decision_type=2 2 2 2 2 2
left_child=1 2 -1 4 -2 -3
right_child=3 5 -4 -5 -6 -7
leaf_value=0.0001237279649782433 0.00023753041188095362 -0.0015980588724721718 0.0010555710085228868 0.00068210526005181181 -0.00088530983533445268 0.00017795282551710535
leaf_weight=1569 56 205 62 40 282 96
leaf_count=1569 56 205 62 40 282 96
internal_value=-0.000320069 0.000517063 0.00150031 -0.00457895 -0.00605882 -0.00478548
internal_weight=2310 1932 1631 378 338 301
internal_count=2310 1932 1631 378 338 301
is_linear=0
shrinkage=0.04


Tree=41
num_leaves=7
num_cat=0
split_feature=90 64 40 93 61 107
split_gain=5.42248 5.26295 4.91452 5.3238 4.79435 1.20379
threshold=0.064450096653965519 -1.1196111470941841 -0.46191711406704133 0.5677847732035417 -1.453390842407974 -0.12588111630094906
decision_type=2 2 2 2 2 2
left_child=2 -2 5 -4 -3 -1
right_child=1 4 3 -5 -6 -7
leaf_value=-0.00016281974523149305 0.0012680191860500783 0.0020425500906009458 -0.00028619359850828044 0.00034005589920910629 4.8804485242576469e-05 -0.0014434679447357269
leaf_weight=41 50 42 799 229 967 182
leaf_count=41 50 42 799 229 967 182
internal_value=-0.000285467 0.00181904 -0.00206704 -0.000893204 0.00117705 -0.00742222
internal_weight=2310 1059 1251 1028 1009 223
internal_count=2310 1059 1251 1028 1009 223
is_linear=0
shrinkage=0.04


Tree=42
num_leaves=7
num_cat=0
split_feature=82 113 37 46 39 96
split_gain=4.92916 5.14249 5.30721 3.41195 2.51207 2.02727
threshold=-0.67558702199963006 0.79613060020927995 1.108167206300839 3.0164042189151252 -0.96930782787404302 -0.020223916245585855
decision_type=2 2 2 2 2 2
left_child=4 2 -2 -3 -1 -6
right_child=1 3 -4 -5 5 -7
leaf_value=0.00023500167610900709 3.1469077946439938e-05 -0.0013062135410642306 0.00097766773334411025 0.00032945209686067333 -0.0011479583673847892 1.9873192287397438e-05
leaf_weight=43 1458 300 201 51 203 54
leaf_count=43 1458 300 201 51 203 54
internal_value=-0.000268166 0.000447316 0.00137869 -0.00393768 -0.00503311 -0.0065251
internal_weight=2310 2010 1659 351 300 257
internal_count=2310 2010 1659 351 300 257
is_linear=0
shrinkage=0.04


Tree=43
num_leaves=7
num_cat=0
split_feature=95 63 28 64 89 50
split_gain=4.89942 5.13903 5.07599 9.17098 5.47037 2.97138
threshold=1.5965791250455859 -0.5696917900947559 0.046020894472346863 0.57993320273434601 1.5750376883596269 -0.50060879661291435
decision_type=2 2 2 2 2 2
left_child=2 -2 3 -1 -4 -3
right_child=1 5 4 -5 -6 -7
leaf_value=-6.7041886710416393e-05 0.0017223696715740612 0.0007374910744919539 -0.00058787900729171142 0.00079560998613419532 0.0010541374024639978 -0.00014968627726753294
leaf_weight=983 40 47 878 186 50 126
leaf_count=983 40 47 878 186 50 126
internal_value=-0.000216263 0.00553488 -0.000805145 0.000947908 -0.00301075 0.00245714
internal_weight=2310 213 2097 1169 928 173
internal_count=2310 213 2097 1169 928 173
is_linear=0
shrinkage=0.04


Tree=44
num_leaves=7
num_cat=0
split_feature=82 14 100 96 41 96
split_gain=5.07329 5.07852 12.2311 4.98698 2.22398 1.47825
threshold=-0.67558702199963006 0.96028391754748998 -0.24068592791400104 -0.81328181638438457 1.1215282592271978 -0.018123686871109525
decision_type=2 2 2 2 2 2
left_child=4 3 -3 -2 5 -1
right_child=1 2 -4 -5 -6 -7
leaf_value=-0.00098666187166099924 0.00060429603895555681 0.0013608364847759113 -8.249505812854774e-05 -8.1479497430648481e-05 0.00027744179062325238 2.1759940064318208e-05
leaf_weight=217 122 76 133 1679 41 42
leaf_count=217 122 76 133 1679 41 42
internal_value=-0.000198962 0.000526839 0.0063981 -0.000160843 -0.00503311 -0.00639847
internal_weight=2310 2010 209 1801 300 259
internal_count=2310 2010 209 1801 300 259
is_linear=0
shrinkage=0.04


Tree=45
num_leaves=7
num_cat=0
split_feature=37 13 63 76 40 40
split_gain=4.89806 5.69965 5.77495 4.21836 5.50882 3.85552
threshold=1.0973117179318461 1.8032582953101233 -0.70172274647587118 0.3879666408707802 -0.47026725734881508 0.92381421218821769
decision_type=2 2 2 2 2 2
left_child=3 2 -2 4 -1 -5
right_child=1 -3 -4 5 -6 -7
leaf_value=-0.00047551360720321788 0.0020240764229550144 -0.00075497550844809218 0.00059070814937408646 -0.0012896802721577597 0.00021448697531609024 0.00041227383305434686
leaf_weight=509 40 71 195 446 982 67
leaf_count=509 40 71 195 446 982 67
internal_value=-0.000216263 0.00448052 0.00746835 -0.000937188 0.000140656 -0.00405825
internal_weight=2310 306 235 2004 1491 513
internal_count=2310 306 235 2004 1491 513
is_linear=0
shrinkage=0.04


Tree=46
num_leaves=6
num_cat=0
split_feature=35 90 126 40 123
split_gain=4.67315 4.70169 5.17726 4.8422 1.10176
threshold=0.86651571157746476 0.064450096653965519 -0.6341520054834725 -0.46191711406704133 0.17162663441670487
decision_type=2 2 2 2 2
left_child=1 3 -3 -1 -2
right_child=4 2 -4 -5 -6
leaf_value=-0.0011140509827747044 -0.0020457734372160965 -0.00050541652214300013 0.00056569876510445094 -1.8681757778554464e-05 -0.00052542040005564982
leaf_weight=197 106 117 850 984 56
leaf_count=197 106 117 850 984 56
internal_value=-0.000198962 0.000297674 0.00236326 -0.00139476 -0.00670732
internal_weight=2310 2148 967 1181 162
internal_count=2310 2148 967 1181 162
is_linear=0
shrinkage=0.04


Tree=47
num_leaves=7
num_cat=0
split_feature=61 76 40 37 63 82
split_gain=4.97623 4.19973 5.37635 5.20635 3.84775 3.46243
threshold=-1.1564599150557155 0.3879666408707802 -0.47026725734881508 0.75692713680668999 -0.58098750172685565 0.11608602056420328
decision_type=2 2 2 2 2 2
left_child=4 2 -2 -3 -1 -6
right_child=1 3 -4 -5 5 -7
leaf_value=0.0017165245047504074 -0.00043327223219042591 -0.0018566850265467048 0.00026031791965710794 2.7797657884215954e-05 0.0005204330834771623 -0.00089291892956893575
leaf_weight=50 509 316 1006 260 121 48
leaf_count=50 509 316 1006 260 121 48
internal_value=-0.000233564 -0.00083612 0.00027027 -0.00373702 0.00547511 0.00251462
internal_weight=2310 2091 1515 576 219 169
internal_count=2310 2091 1515 576 219 169
is_linear=0
shrinkage=0.04


Tree=48
num_leaves=8
num_cat=0
split_feature=90 14 46 13 40 5 111
split_gain=4.98623 5.21422 5.88774 5.81239 5.14483 6.46959 0.929042
threshold=0.064450096653965519 1.149047764354558 -1.0890627543090841 0.74025450980088214 -0.51636289394051549 -0.39086230889808665 0.031196736416987215
decision_type=2 2 2 2 2 2 2
left_child=4 2 -2 -3 6 -6 -1
right_child=1 3 -4 -5 5 -7 -8
leaf_value=-0.00057559208959206379 -0.0010676379374929333 0.0016224919960860574 0.00027896908117540587 3.848604069489614e-08 0.00050112205972100126 -0.00022973303189227108 -0.0015021936279641763
leaf_weight=57 156 40 822 41 230 834 130
leaf_count=57 156 40 822 41 230 834 130
internal_value=-0.000198962 0.00181904 0.001 0.0114458 -0.00190742 -0.000825516 -0.00798942
internal_weight=2310 1059 978 81 1251 1064 187
internal_count=2310 1059 978 81 1251 1064 187
is_linear=0
shrinkage=0.04


Tree=49
num_leaves=8
num_cat=0
split_feature=84 94 40 64 47 47 64
split_gain=5.03667 5.00965 7.29106 7.12873 3.49765 3.49112 2.71447
threshold=1.3551883535861589 0.54349065306219868 -0.50953384921783396 0.76972390721447181 0.37328935909070021 -0.33336475006959826 0.057270759000337054
decision_type=2 2 2 2 2 2 2
left_child=1 2 -1 -3 5 -2 -6
right_child=4 3 -4 -5 6 -7 -8
leaf_value=-0.00093268239592816081 -5.5210472834625603e-07 -0.0013236168364231826 0.00020073840140750506 0.00039569582122193236 0.00064683401527414533 0.0013354288481847475 -0.00079238725643859212
leaf_weight=390 46 353 1269 79 41 89 43
leaf_count=390 46 353 1269 79 41 89 43
internal_value=-0.000268166 -0.000874343 0.00012643 -0.00470046 0.00547511 0.00941606 -0.000930233
internal_weight=2310 2091 1659 432 219 135 84
internal_count=2310 2091 1659 432 219 135 84
is_linear=0
shrinkage=0.04


Tree=50
num_leaves=8
num_cat=0
split_feature=27 63 64 35 40 66 102
split_gain=4.68098 5.3663 4.93211 6.88529 5.3703 3.80355 2.38796
threshold=-0.93897744431165042 0.1254319997168106 1.1989535166314078 0.3147530638416221 0.97293223296669684 -0.77555435371232762 -0.046758581402594659
decision_type=2 2 2 2 2 2 2
left_child=1 5 4 -4 -2 -1 -3
right_child=2 6 3 -5 -6 -7 -8
leaf_value=0.0016937816051017791 -0.00019691099955450279 0.00040383713283680193 0.0011709329449120101 -0.00036384541657623955 0.00065926659145189911 0.00069582057150507643 -0.00079390541765301745
leaf_weight=61 1802 44 40 56 193 57 57
leaf_count=61 1802 44 40 56 193 57 57
internal_value=-0.000423875 0.00511312 -0.00100812 0.0077551 -0.00143716 0.0108333 -0.00165049
internal_weight=2310 219 2091 96 1995 118 101
internal_count=2310 219 2091 96 1995 118 101
is_linear=0
shrinkage=0.04


Tree=51
num_leaves=5
num_cat=0
split_feature=40 35 125 113
split_gain=4.99615 6.03829 5.90676 5.10439
threshold=-1.0279477716191043 0.498566936762666 0.71742494563477932 0.79613060020927995
decision_type=2 2 2 2
left_child=-1 3 -3 -2
right_child=1 2 -4 -5
leaf_value=0.00029203684286265323 0.0002362297045850359 -0.00078762832641518065 0.00040311375918217749 -0.00074230868796833964
leaf_weight=40 1489 415 80 286
leaf_count=40 1489 415 80 286
internal_value=-0.00033737 -0.000589789 -0.00448692 0.000500844
internal_weight=2310 2270 495 1775
internal_count=2310 2270 495 1775
is_linear=0
shrinkage=0.04


Tree=52
num_leaves=8
num_cat=0
split_feature=27 63 64 35 90 74 102
split_gain=4.59375 5.3663 4.86796 6.88529 5.33303 2.48419 1.81833
threshold=-0.93897744431165042 0.1254319997168106 1.1989535166314078 0.3147530638416221 1.1824391103182459 -0.48475309757874457 -0.046758581402594659
decision_type=2 2 2 2 2 2 2
left_child=1 5 4 -4 -2 -1 -3
right_child=2 6 3 -5 -6 -7 -8
leaf_value=0.0015471076615431174 -0.00023393444230818849 0.00037823445933992853 0.0011146464389321284 -0.00032802504716658495 0.00032770760224288371 0.0010507133445357333 -0.00075289999524373629
leaf_weight=63 1701 44 40 56 294 55 57
leaf_count=63 1701 44 40 56 294 55 57
internal_value=-0.000371972 0.00511312 -0.000950788 0.0077551 -0.00137707 0.0108333 -0.00165049
internal_weight=2310 219 2091 96 1995 118 101
internal_count=2310 219 2091 96 1995 118 101
is_linear=0
shrinkage=0.04


Tree=53
num_leaves=7
num_cat=0
split_feature=27 63 40 64 66 102
split_gain=4.39338 5.3663 4.66454 5.01571 3.80355 1.81833
threshold=-0.93897744431165042 0.1254319997168106 -1.0279477716191043 0.96636474081501744 -0.77555435371232762 -0.046758581402594659
decision_type=2 2 2 2 2 2
left_child=1 4 -2 -4 -1 -3
right_child=2 5 3 -5 -6 -7
leaf_value=0.0015836860978939837 0.00026724706505843214 0.00036310508096633153 -0.00015596676546940762 0.00065855898251944293 0.00061651002668004274 -0.00072278399543398682
leaf_weight=61 40 44 1930 121 57 57
leaf_count=61 40 44 1930 121 57 57
internal_value=-0.000250865 0.00511312 -0.000817009 -0.00108622 0.0108333 -0.00165049
internal_weight=2310 219 2091 2051 118 101
internal_count=2310 219 2091 2051 118 101
is_linear=0
shrinkage=0.04


Tree=54
num_leaves=5
num_cat=0
split_feature=40 40 106 13
split_gain=4.26573 5.45328 10.1285 6.00428
threshold=-1.0279477716191043 -0.50953384921783396 0.1932748620410967 -0.39064645886049343
decision_type=2 2 2 2
left_child=-1 2 -2 -3
right_child=1 3 -4 -5
leaf_value=0.00025655718245609497 -0.001263331390292437 0.00070879875055074369 0.00090812117822924301 -3.7111512902201977e-05
leaf_weight=40 359 264 63 1584
leaf_count=40 359 264 63 1584
internal_value=-0.000250865 -0.000484155 -0.00457547 0.000454054
internal_weight=2310 2270 422 1848
internal_count=2310 2270 422 1848
is_linear=0
shrinkage=0.04


Tree=55
num_leaves=8
num_cat=0
split_feature=27 63 40 39 76 66 102
split_gain=4.04736 5.0841 4.1311 7.54766 5.33463 3.4718 1.81833
threshold=-0.93897744431165042 0.1254319997168106 0.92381421218821769 1.7735966008403008 0.38301560218602881 -0.77555435371232762 -0.046758581402594659
decision_type=2 2 2 2 2 2 2
left_child=1 5 4 -4 -2 -1 -3
right_child=2 6 3 -5 -6 -7 -8
leaf_value=0.0015218231144943123 -1.6425595826666252e-06 0.00035006533824376616 0.00096693749615814578 -0.00067425184782731959 -0.0010354942187461179 0.0005933340861289288 -0.00066203777389149145
leaf_weight=61 1361 44 142 80 508 57 57
leaf_count=61 1361 44 142 80 508 57 57
internal_value=-0.000216263 0.00493213 -0.000759675 0.004375 -0.0013736 0.0105 -0.00165049
internal_weight=2310 219 2091 222 1869 118 101
internal_count=2310 219 2091 222 1869 118 101
is_linear=0
shrinkage=0.04


Tree=56
num_leaves=7
num_cat=0
split_feature=82 113 37 46 7 119
split_gain=4.27768 4.38537 5.12849 4.44458 3.23522 3.22363
threshold=-0.3322904317289252 0.79613060020927995 -0.61378182555516092 3.0164042189151252 -0.74582007236942527 -0.68359541860120854
decision_type=2 2 2 2 2 2
left_child=4 2 -2 -3 -1 -6
right_child=1 3 -4 -5 5 -7
leaf_value=0.00035847449426636548 0.0005240287330817412 -0.001142507645840229 0.00019456175146920503 0.00040784635681952717 0.00040946798953109406 -0.00064489668751858942
leaf_weight=52 85 260 1222 46 80 565
leaf_count=52 85 260 1222 46 80 565
internal_value=-0.000147059 0.00098452 0.00199389 -0.00331169 -0.00276109 -0.00353941
internal_weight=2310 1613 1307 306 697 645
internal_count=2310 1613 1307 306 697 645
is_linear=0
shrinkage=0.04


Tree=57
num_leaves=8
num_cat=0
split_feature=84 113 82 63 47 47 64
split_gain=4.76756 3.79309 4.18403 3.86242 3.49765 3.89061 2.71447
threshold=1.3551883535861589 0.79613060020927995 -0.69605003543569011 -0.26501900407056384 0.37328935909070021 -0.34473349874417786 0.057270759000337054
decision_type=2 2 2 2 2 2 2
left_child=1 2 -1 -3 5 -2 -6
right_child=4 3 -4 -5 6 -7 -8
leaf_value=-0.00062268017307661014 -0.00011515468496359094 0.00011214902496273938 6.7924193529841643e-05 -0.0015748591386280277 0.00059390960525092847 0.001332471528303828 -0.00068183934939697452
leaf_weight=264 45 98 1545 184 41 90 43
leaf_count=264 45 98 1545 184 41 90 43
internal_value=-0.000112457 -0.000702341 -2.76091e-05 -0.005 0.00547511 0.00941606 -0.000930233
internal_weight=2310 2091 1809 282 219 135 84
internal_count=2310 2091 1809 282 219 135 84
is_linear=0
shrinkage=0.04


Tree=58
num_leaves=6
num_cat=0
split_feature=35 95 28 25 58
split_gain=4.58964 4.51426 5.37262 3.49965 0.529075
threshold=0.93471161137449543 1.5323419872066124 0.046020894472346863 -1.1865187170564597 -0.17466330209613645
decision_type=2 2 2 2 2
left_child=1 2 -1 -3 -2
right_child=4 3 -4 -5 -6
leaf_value=0.00014078205100647508 -0.00053657341632106479 -0.00090885875608815022 -0.00032412889151371943 0.00077524211348971165 -0.0017318961288788782
leaf_weight=1124 40 52 866 151 77
leaf_count=1124 40 52 866 151 77
internal_value=-0.00016436 0.000250569 -0.000331325 0.00590244 -0.00781513
internal_weight=2310 2193 1990 203 117
internal_count=2310 2193 1990 203 117
is_linear=0
shrinkage=0.04


Tree=59
num_leaves=8
num_cat=0
split_feature=82 114 90 45 7 18 83
split_gain=3.90993 3.90016 4.51502 4.13533 2.73603 2.32849 1.21984
threshold=-0.69605003543569011 0.68327547214351625 0.064450096653965519 1.2650117518674904 -0.46082411008646423 0.2480288632477525 0.03817937511195587
decision_type=2 2 2 2 2 2 2
left_child=4 2 -2 -3 5 -1 -6
right_child=1 3 -4 -5 6 -7 -8
leaf_value=-0.00075954314073502661 -4.2859971486770008e-05 -0.0014936263005287664 0.00055093778643019759 0.00031456299294600309 -0.0010200899375419066 0.00051124430711402746 -5.3103735027211184e-05
leaf_weight=44 1011 207 729 81 153 45 40
leaf_count=44 1011 207 729 81 153 45 40
internal_value=-0.000181661 0.000433498 0.00114811 -0.00386207 -0.00457746 0.00120879 -0.00723077
internal_weight=2310 2028 1740 288 282 89 193
internal_count=2310 2028 1740 288 282 89 193
is_linear=0
shrinkage=0.04


Tree=60
num_leaves=8
num_cat=0
split_feature=27 40 13 106 63 66 117
split_gain=4.25298 4.06994 7.31641 5.46535 3.65611 4.23423 1.66051
threshold=-0.93897744431165042 0.92381421218821769 1.7812038809986213 0.94941230361492257 0.1254319997168106 -0.77555435371232762 0.14379754059808456
decision_type=2 2 2 2 2 2 2
left_child=4 3 -3 -2 5 -1 -6
right_child=1 2 -4 -5 6 -7 -8
leaf_value=0.0014413783963179189 -5.7723599559885845e-05 0.00088276788454729306 -0.00059734070616365709 -0.0015797466517561321 -0.00073508851846363775 0.00056501082894585501 0.00018949502376073283
leaf_weight=61 1703 143 79 166 53 57 48
leaf_count=61 1703 143 79 166 53 57 48
internal_value=-0.00016436 -0.000721452 0.004375 -0.00133084 0.00511312 0.00983333 -0.000485437
internal_weight=2310 2091 222 1869 219 118 101
internal_count=2310 2091 222 1869 219 118 101
is_linear=0
shrinkage=0.04


Tree=61
num_leaves=6
num_cat=0
split_feature=35 37 13 44 58
split_gain=4.53019 4.75994 5.16581 4.40412 0.32381
threshold=0.94854217267500018 1.0973117179318461 1.8032582953101233 0.8660663872758364 -0.1697812522952252
decision_type=2 2 2 2 2
left_child=1 3 -3 -1 -2
right_child=4 2 -4 -5 -6
leaf_value=-0.00013906940346595286 -0.00053902030338260525 0.00079071228258559116 -0.00073819084861158444 0.00040238980675239662 -0.0017359247448330204
leaf_weight=1601 40 218 67 316 68
leaf_count=1601 40 218 67 316 68
internal_value=-7.78547e-05 0.000317604 0.00512195 -0.000401251 -0.008
internal_weight=2310 2202 285 1917 108
internal_count=2310 2202 285 1917 108
is_linear=0
shrinkage=0.04


Tree=62
num_leaves=7
num_cat=0
split_feature=95 25 94 40 64 67
split_gain=3.69753 4.25062 3.98513 5.38824 3.99619 2.40715
threshold=1.7769766182258862 -1.1865187170564597 0.54349065306219868 -0.51636289394051549 0.94779701904027303 -0.26273884243837148
decision_type=2 2 2 2 2 2
left_child=2 -2 3 -1 -4 -3
right_child=1 5 4 -5 -6 -7
leaf_value=-0.00071706539440727943 -0.0011245119795322467 0.0011196420648128377 -0.0010275318692617747 0.00018551143637182051 0.00045983474814093164 0.00025459457369277067
leaf_weight=382 45 63 389 1295 58 78
leaf_count=382 45 63 389 1295 58 78
internal_value=-0.00016436 0.00521277 -0.000639699 0.000256105 -0.00398664 0.0086014
internal_weight=2310 186 2124 1677 447 141
internal_count=2310 186 2124 1677 447 141
is_linear=0
shrinkage=0.04


Tree=63
num_leaves=6
num_cat=0
split_feature=35 95 28 25 58
split_gain=4.43186 4.55028 4.73846 3.49965 0.32381
threshold=0.94854217267500018 1.5323419872066124 0.046020894472346863 -1.1865187170564597 -0.1697812522952252
decision_type=2 2 2 2 2
left_child=1 2 -1 -3 -2
right_child=4 3 -4 -5 -6
leaf_value=0.00012831694618645613 -0.00051716024735805278 -0.0007923073309250646 -0.0003110244483922184 0.00066346192796878651 -0.0016378051392634083
leaf_weight=1131 40 52 868 151 68
leaf_count=1131 40 52 868 151 68
internal_value=-0.00016436 0.00022686 -0.000354823 0.00590244 -0.008
internal_weight=2310 2202 1999 203 108
internal_count=2310 2202 1999 203 108
is_linear=0
shrinkage=0.04


Tree=64
num_leaves=7
num_cat=0
split_feature=90 14 13 40 5 40
split_gain=4.02105 4.9015 5.3012 4.24861 4.86393 4.10363
threshold=0.064450096653965519 1.149047764354558 0.74025450980088214 -0.61905584089845056 -0.24951355870643591 1.4793331653679418
decision_type=2 2 2 2 2 2
left_child=3 5 -3 -1 -5 -2
right_child=1 2 -4 4 -6 -7
leaf_value=-0.0016854614009187952 1.8257467572216149e-05 0.0015145831768553265 2.7114626164951305e-05 0.00032332111239127939 -0.00024555191677817751 0.0008898056022042264
leaf_weight=111 930 40 41 333 807 48
leaf_count=111 930 40 41 333 807 48
internal_value=-0.000181661 0.00163054 0.0109639 -0.00171588 -0.000980736 0.000836735
internal_weight=2310 1059 81 1251 1140 978
internal_count=2310 1059 81 1251 1140 978
is_linear=0
shrinkage=0.04


Tree=65
num_leaves=6
num_cat=0
split_feature=35 90 41 40 58
split_gain=4.41232 4.41045 6.75062 4.29815 0.32381
threshold=0.94854217267500018 0.064450096653965519 0.39030671280031104 -0.61905584089845056 -0.1697812522952252
decision_type=2 2 2 2 2
left_child=1 3 -3 -1 -2
right_child=4 2 -4 -5 -6
leaf_value=-0.0015652285724208049 -0.00049456604232311517 1.71333714620292e-05 0.00059999480328641218 -4.6941005814129312e-05 -0.0015730232323957604
leaf_weight=105 40 735 256 1106 68
leaf_count=105 40 735 256 1106 68
internal_value=-0.000181661 0.000208711 0.0021853 -0.00140973 -0.008
internal_weight=2310 2202 991 1211 108
internal_count=2310 2202 991 1211 108
is_linear=0
shrinkage=0.04


Tree=66
num_leaves=6
num_cat=0
split_feature=35 84 94 11 75
split_gain=4.01143 4.23597 4.49024 3.68443 0.500433
threshold=0.94854217267500018 1.3551883535861589 0.52887014793366183 0.5840641417978335 -0.30613887290841274
decision_type=2 2 2 2 2
left_child=1 2 -1 -3 -2
right_child=4 3 -4 -5 -6
leaf_value=5.416131008253056e-05 -0.00047478340063019048 0.00039375081346991361 -0.00069233346619696325 0.0014632185782543084 -0.0016154678027441643
leaf_weight=1593 40 170 399 40 68
leaf_count=1593 40 170 399 40 68
internal_value=-0.000181661 0.000190563 -0.000381143 0.00556604 -0.00763636
internal_weight=2310 2202 1992 210 108
internal_count=2310 2202 1992 210 108
is_linear=0
shrinkage=0.04


Tree=67
num_leaves=6
num_cat=0
split_feature=35 120 70 44 20
split_gain=4.07703 3.97172 3.96915 3.91744 0.577611
threshold=0.93471161137449543 -1.8557576510098877 -1.7105901184234096 0.83988851432835265 0.5981166254510778
decision_type=2 2 2 2 2
left_child=1 2 -1 -3 -2
right_child=4 3 -4 -5 -6
leaf_value=-0.00031527430840144977 -0.0016044850530004685 -9.5484257053957001e-05 0.00096036802611900232 0.00036411174170344451 -0.00045011577152897077
leaf_weight=43 71 1719 60 371 46
leaf_count=43 71 1719 60 371 46
internal_value=-0.000268166 0.000123007 0.00771429 -0.000258126 -0.00747899
internal_weight=2310 2193 103 2090 117
internal_count=2310 2193 103 2090 117
is_linear=0
shrinkage=0.04


Tree=68
num_leaves=7
num_cat=0
split_feature=101 14 35 40 114 63
split_gain=3.83864 4.4542 3.67307 4.93906 2.46948 0.606782
threshold=0.93971264198547322 -0.066998414203087817 0.9025729944709534 -0.9143044473069758 -0.066625379575949981 -0.1737774115146665
decision_type=2 2 2 2 2 2
left_child=2 -2 3 -1 -3 -4
right_child=1 4 5 -5 -6 -7
leaf_value=0.00031918687225646059 0.0014837836194468137 0.00090984948077658728 -0.00059415859651253198 -4.1667180003177043e-05 -0.00063132141703858022 -0.0014211035887449644
leaf_weight=45 51 42 42 1997 51 82
leaf_count=45 51 42 42 1997 51 82
internal_value=-0.000250865 0.0060274 -0.000673432 -0.000264188 0.000736842 -0.00730159
internal_weight=2310 144 2166 2042 93 124
internal_count=2310 144 2166 2042 93 124
is_linear=0
shrinkage=0.04


Tree=69
num_leaves=5
num_cat=0
split_feature=35 40 40 123
split_gain=3.93732 4.26774 4.31104 0.500433
threshold=0.94854217267500018 -0.97317536587423736 0.84423193260181328 0.15181883162656792
decision_type=2 2 2 2
left_child=1 -1 -3 -2
right_child=3 2 -4 -5
leaf_value=0.0002368451906098687 -0.0016962517208593717 -6.043152622792751e-05 0.00046946949584605408 -0.00049032650956733551
leaf_weight=44 68 1900 258 40
leaf_count=44 68 1900 258 40
internal_value=-0.000250865 0.000117967 -0.000138889 -0.00763636
internal_weight=2310 2202 2158 108
internal_count=2310 2202 2158 108
is_linear=0
shrinkage=0.04


Tree=70
num_leaves=5
num_cat=0
split_feature=40 35 125 63
split_gain=3.64672 5.20406 5.43743 4.72324
threshold=-1.0279477716191043 0.498566936762666 0.71742494563477932 -0.6913470108272638
decision_type=2 2 2 2
left_child=-1 3 -3 -2
right_child=1 2 -4 -5
leaf_value=0.00020715524978083744 0.0005198202475988693 -0.00063616408390470408 0.00041104322247568814 -3.5923988870241451e-05
leaf_weight=40 344 415 80 1431
leaf_count=40 344 415 80 1431
internal_value=-0.000250865 -0.000466549 -0.00408451 0.000545864
internal_weight=2310 2270 495 1775
internal_count=2310 2270 495 1775
is_linear=0
shrinkage=0.04


Tree=71
num_leaves=7
num_cat=0
split_feature=101 14 44 94 96 114
split_gain=3.75458 3.75628 3.56969 4.97612 4.32943 2.18626
threshold=0.93971264198547322 -0.066998414203087817 3.0212482690846731 0.26441153399176542 -0.86551415620856964 -0.066625379575949981
decision_type=2 2 2 2 2 2
left_child=2 -2 4 -4 -1 -3
right_child=1 5 3 -5 -6 -7
leaf_value=0.00055832041294744757 0.0014065735901020058 0.00085290708978214924 0.0011011793173856365 -0.00038092429675834624 -0.00016948555740280133 -0.00060221433975311031
leaf_weight=104 51 42 103 68 1891 51
leaf_count=104 51 42 103 68 1891 51
internal_value=-0.000181661 0.0060274 -0.000599631 0.00491329 -0.00107661 0.00115789
internal_weight=2310 144 2166 171 1995 93
internal_count=2310 144 2166 171 1995 93
is_linear=0
shrinkage=0.04


Tree=72
num_leaves=6
num_cat=0
split_feature=35 90 41 114 20
split_gain=4.19521 3.93361 6.70525 3.97939 0.577611
threshold=0.93471161137449543 0.064450096653965519 0.65339492381730879 0.47800711922324041 0.5981166254510778
decision_type=2 2 2 2 2
left_child=1 3 -3 -1 -2
right_child=4 2 -4 -5 -6
leaf_value=-4.3384160086444369e-05 -0.0013833854528439763 6.0350084796449989e-05 0.00067236141094250855 -0.0010321477520933223 -0.00042458080781569485
leaf_weight=1086 71 835 153 119 46
leaf_count=1086 71 835 153 119 46
internal_value=-0.00016436 0.000232346 0.00210101 -0.00130075 -0.00747899
internal_weight=2310 2193 988 1205 117
internal_count=2310 2193 988 1205 117
is_linear=0
shrinkage=0.04


Tree=73
num_leaves=8
num_cat=0
split_feature=83 94 64 40 101 63 11
split_gain=3.84216 4.7649 6.51705 4.76787 4.44463 4.41274 1.1479
threshold=0.84776271587850183 0.54349065306219868 0.78671911168830055 -0.5011207189811232 -0.19523862437556147 -0.6913470108272638 -0.30288711758662074
decision_type=2 2 2 2 2 2 2
left_child=1 3 -3 -1 6 -6 -2
right_child=4 2 -4 -5 5 -7 -8
leaf_value=-0.00061529998122896053 -0.00027279853778816278 -0.0011568918838570563 0.00044153649381112325 0.00016934725388733987 0.001620054055253129 0.00036052323778159939 2.4462660655394374e-06
leaf_weight=349 52 354 78 1115 59 262 41
leaf_count=349 52 354 78 1115 59 262 41
internal_value=-0.00016436 -0.000927292 -0.00460829 0.000163711 0.00331731 0.0055418 -0.00431579
internal_weight=2310 1896 432 1464 414 321 93
internal_count=2310 1896 432 1464 414 321 93
is_linear=0
shrinkage=0.04


Tree=74
num_leaves=8
num_cat=0
split_feature=27 96 48 63 40 123 72
split_gain=3.63783 4.25266 9.92768 3.83966 3.6515 2.32196 2.29771
threshold=-0.93897744431165042 -0.86551415620856964 0.26175988827926472 0.038396574088618983 0.92381421218821769 0.3324166756244254 -0.53344619161231921
decision_type=2 2 2 2 2 2 2
left_child=3 2 -2 6 -3 -5 -1
right_child=1 4 -4 5 -6 -7 -8
leaf_value=0.0012608222707695628 -0.0012539893983014639 -0.00017847325055141619 0.00098552896704212655 0.00031698991789581935 0.00036710231081138185 -0.0011019983083699171 0.00046959237491224108
leaf_weight=57 41 1770 60 68 220 42 52
leaf_count=57 41 1770 60 68 220 42 52
internal_value=-0.000129758 -0.000645007 0.00728155 0.00475113 -0.00105422 -0.000535714 0.01
internal_weight=2310 2091 101 219 1990 110 109
internal_count=2310 2091 101 219 1990 110 109
is_linear=0
shrinkage=0.04


Tree=75
num_leaves=8
num_cat=0
split_feature=113 25 64 63 81 88 118
split_gain=3.53186 4.78639 5.16189 3.96338 3.87052 2.12084 1.10997
threshold=0.79613060020927995 0.94196843488008286 1.1989535166314078 -0.1737774115146665 0.19237063131006812 2.3257823669931299 0.79277536309395935
decision_type=2 2 2 2 2 2 2
left_child=1 2 -1 4 -2 -5 -3
right_child=3 6 -4 5 -6 -7 -8
leaf_value=5.2336761714060487e-05 -0.00052003746588792871 -0.0013072682117464774 0.00084669795069455388 -0.0013060203792050337 0.00053115522237223007 4.8416844609060417e-05 -0.00010555000691871804
leaf_weight=1732 64 93 76 198 55 52 40
leaf_count=1732 64 93 76 198 55 52 40
internal_value=-8.65052e-06 0.000674215 0.00121547 -0.00358491 0.00239669 -0.00642857 -0.00659259
internal_weight=2310 1941 1808 369 119 250 133
internal_count=2310 1941 1808 369 119 250 133
is_linear=0
shrinkage=0.04


Tree=76
num_leaves=8
num_cat=0
split_feature=27 96 48 63 66 40 123
split_gain=3.5355 4.17121 8.71238 3.83966 4.79615 3.53151 2.32196
threshold=-0.93897744431165042 -0.86551415620856964 0.26175988827926472 0.038396574088618983 -0.77555435371232762 0.92381421218821769 0.3324166756244254
decision_type=2 2 2 2 2 2 2
left_child=3 2 -2 4 -1 -3 -5
right_child=1 5 -4 6 -6 -7 -8
leaf_value=0.0012375292662296718 -0.0012376977403971878 -0.00016814149725446765 0.00093922615328529736 0.00030221685071142422 0.00034770737665260179 0.00035134408266805878 -0.0010111904942003299
leaf_weight=58 41 1770 60 68 51 220 42
leaf_count=58 41 1770 60 68 51 220 42
internal_value=-6.05536e-05 -0.000568562 0.00728155 0.00475113 0.01 -0.000973896 -0.000535714
internal_weight=2310 2091 101 219 109 1990 110
internal_count=2310 2091 101 219 109 1990 110
is_linear=0
shrinkage=0.04


Tree=77
num_leaves=6
num_cat=0
split_feature=35 95 28 25 123
split_gain=3.85988 3.6623 4.55015 4.03076 1.20157
threshold=0.86651571157746476 1.5965791250455859 0.057281561876651253 -0.82504729778751695 0.060320361037676046
decision_type=2 2 2 2 2
left_child=1 2 -1 -3 -2
right_child=4 3 -4 -5 -6
leaf_value=0.00013620426328232654 -0.0015504571722565472 -3.8953393902741999e-05 -0.00030102763582945321 0.00053899744173559617 -0.0001396566804257584
leaf_weight=1111 92 97 846 94 70
leaf_count=1111 92 97 846 94 70
internal_value=-6.05536e-05 0.000390698 -0.000127616 0.00564767 -0.00597561
internal_weight=2310 2148 1957 191 162
internal_count=2310 2148 1957 191 162
is_linear=0
shrinkage=0.04


Tree=78
num_leaves=8
num_cat=0
split_feature=113 35 117 68 63 81 26
split_gain=3.4639 4.8571 6.00584 5.18861 3.53435 4.20937 2.81842
threshold=0.79613060020927995 0.47652560580445341 0.1129348821922682 -0.21166162750017112 -0.1737774115146665 0.19237063131006812 -0.5349653463829378
decision_type=2 2 2 2 2 2 2
left_child=1 3 -3 -1 5 -2 -6
right_child=4 2 -4 -5 6 -7 -8
leaf_value=0.00050466336261169743 -0.00049795847789352592 4.3062065174358791e-05 -0.00062374400744036459 3.4765429686223204e-07 -2.3459755160288865e-05 0.00049922751421610512 -0.001519693676581328
leaf_weight=514 64 267 206 954 81 55 169
leaf_count=514 64 267 206 954 81 55 169
internal_value=-4.32526e-05 0.000633042 -0.00288421 0.00176871 -0.00358491 0.00206612 -0.00626984
internal_weight=2310 1941 473 1468 369 119 250
internal_count=2310 1941 473 1468 369 119 250
is_linear=0
shrinkage=0.04


Tree=79
num_leaves=8
num_cat=0
split_feature=29 117 96 48 36 64 108
split_gain=3.44025 5.08501 4.9025 9.00316 4.58235 4.04094 3.44641
threshold=-0.83448617188997887 0.14379754059808456 -0.86551415620856964 0.26175988827926472 -0.84635594602568853 1.1989535166314078 -0.42568073129198963
decision_type=2 2 2 2 2 2 2
left_child=1 6 3 -2 -3 -4 -1
right_child=2 4 5 -5 -6 -7 -8
leaf_value=0.0010489827126722966 -0.0011942141463186582 -0.00010413339755009042 -0.00016284321966817368 0.00089557855084264294 0.00089432514911558789 0.00055452528074336231 -0.00047547508493307939
leaf_weight=60 40 46 1786 60 101 88 129
leaf_count=60 40 46 1786 60 101 88 129
internal_value=-6.05536e-05 0.00366864 -0.000698381 0.00784314 0.00919463 -0.00116205 -0.000680628
internal_weight=2310 336 1974 100 147 1874 189
internal_count=2310 336 1974 100 147 1874 189
is_linear=0
shrinkage=0.04


Tree=80
num_leaves=7
num_cat=0
split_feature=35 90 41 114 123 10
split_gain=3.44078 3.55154 6.94271 4.06024 1.05808 0.0409771
threshold=0.86651571157746476 0.064450096653965519 0.39030671280031104 0.47800711922324041 0.060320361037676046 -0.44087569485493178
decision_type=2 2 2 2 2 2
left_child=1 3 -3 -1 5 -2
right_child=4 2 -4 -5 -6 -7
leaf_value=-2.6699426422217289e-05 -0.00097533933768975071 1.4986429516062606e-05 0.00052835102288093124 -0.00087565444514716968 -0.00013645285203309099 -0.0015213529502975855
leaf_weight=1063 40 730 237 118 70 52
leaf_count=1063 40 730 237 118 70 52
internal_value=-0.000147059 0.00027907 0.0020743 -0.00119189 -0.00573171 -0.00851064
internal_weight=2310 2148 967 1181 162 92
internal_count=2310 2148 967 1181 162 92
is_linear=0
shrinkage=0.04


Tree=81
num_leaves=8
num_cat=0
split_feature=83 94 63 40 112 45 64
split_gain=3.43095 4.01194 5.74193 4.8482 3.86817 5.66183 5.00444
threshold=0.80914489779081145 0.54349065306219868 0.62796306921798217 -0.58417725676502819 0.38011745424271048 1.9393586769980597 -0.075075208237356139
decision_type=2 2 2 2 2 2 2
left_child=1 3 -3 -1 6 -6 -2
right_child=4 2 -4 -5 5 -7 -8
leaf_value=-0.00069838945035468583 0.00057845704623307021 -0.0011360915579198426 0.00028976890902252623 9.9075062123883887e-05 0.0010792188789386071 -0.00059201891319766845 -0.0004106447803605315
leaf_weight=258 113 321 108 1191 132 42 145
leaf_count=258 113 321 108 1191 132 42 145
internal_value=-0.00016436 -0.000904255 -0.00429234 0.000103377 0.00304147 0.00761364 -7.69231e-05
internal_weight=2310 1878 429 1449 432 174 258
internal_count=2310 1878 429 1449 432 174 258
is_linear=0
shrinkage=0.04


Tree=82
num_leaves=6
num_cat=0
split_feature=83 41 68 40 35
split_gain=3.64462 4.8725 5.3855 3.89515 4.96408
threshold=1.1383098022104328 -0.01698070855687402 -0.22508343703055619 -1.0279477716191043 0.48701624927690412
decision_type=2 2 2 2 2
left_child=3 2 -2 -1 -5
right_child=1 -3 -4 4 -6
leaf_value=0.00015428801698348155 0.001590916784508915 -0.00053933733521384472 0.00031880678997735614 1.8987950472257736e-05 -0.00047931011598270569
leaf_weight=40 43 69 149 1548 461
leaf_count=40 43 69 149 1548 461
internal_value=-6.05536e-05 0.00437262 0.00762887 -0.000628961 -0.000880159
internal_weight=2310 261 192 2049 2009
internal_count=2310 261 192 2049 2009
is_linear=0
shrinkage=0.04


Tree=83
num_leaves=8
num_cat=0
split_feature=113 90 126 5 42 26 1
split_gain=3.41818 4.56528 6.12917 3.96694 3.33604 4.71039 0.0716078
threshold=0.69848570984874814 0.064450096653965519 -0.6341520054834725 -0.39086230889808665 -0.3605184919773729 -0.70974344486924179 -0.63995119919794796
decision_type=2 2 2 2 2 2 2
left_child=1 3 -3 -1 6 -6 -2
right_child=4 2 -4 -5 5 -7 -8
leaf_value=0.00036011384922387797 -0.00068588362738041366 -0.00031879670686705218 0.0004584527827399476 -0.00021715597406467559 0.00047333944376022163 -0.00044867184148346829 -0.0011363964171224332
leaf_weight=259 40 117 669 851 46 245 83
leaf_count=259 40 117 669 851 46 245 83
internal_value=-0.000129758 0.000590095 0.00291878 -0.00106115 -0.00341346 -0.00105802 -0.00888
internal_weight=2310 1896 786 1110 414 291 123
internal_count=2310 1896 786 1110 414 291 123
is_linear=0
shrinkage=0.04


Tree=84
num_leaves=7
num_cat=0
split_feature=82 28 45 78 41 46
split_gain=3.50992 4.67589 8.2677 6.93726 3.46334 3.30064
threshold=-0.3322904317289252 0.057281561876651253 0.39908518849010227 -1.165310768389862 1.2214533667080893 -3.1388136373435485
decision_type=2 2 2 2 2 2
left_child=4 2 -2 -3 5 -1
right_child=1 3 -4 -5 -6 -7
leaf_value=0.001085512977465777 5.5156266052611425e-05 0.00064013076530635316 0.0011339573667327064 -0.0003626051755222068 0.00042062537477226741 -0.00040346146725926571
leaf_weight=40 652 115 186 660 43 614
leaf_count=40 652 115 186 660 43 614
internal_value=-0.00016436 0.000860681 0.00292857 -0.00137709 -0.00253219 -0.0032622
internal_weight=2310 1613 838 775 697 654
internal_count=2310 1613 838 775 697 654
is_linear=0
shrinkage=0.04


Tree=85
num_leaves=7
num_cat=0
split_feature=27 96 63 117 64 63
split_gain=3.37302 4.65822 7.23382 3.60613 3.55519 2.79773
threshold=-0.93897744431165042 -0.86551415620856964 0.0072214391610355413 0.32249921359965822 1.1989535166314078 -0.24737889077930691
decision_type=2 2 2 2 2 2
left_child=3 2 -2 5 -3 -1
right_child=1 4 -4 -5 -6 -7
leaf_value=0.00098417780979083132 -0.00078150022397833661 -0.00013409479397047958 0.00094540985194963532 0.00077802554441448789 0.00051190346884324414 -0.0003400787538681019
leaf_weight=46 49 1896 52 75 94 98
leaf_count=46 49 1896 52 75 94 98
internal_value=-0.000129758 -0.000625896 0.0076699 0.00457014 -0.00105422 0.000821918
internal_weight=2310 2091 101 219 1990 144
internal_count=2310 2091 101 219 1990 144
is_linear=0
shrinkage=0.04


Tree=86
num_leaves=7
num_cat=0
split_feature=35 84 76 40 74 25
split_gain=4.09131 3.26267 4.67298 2.91296 0.807509 0.377067
threshold=0.86651571157746476 1.3551883535861589 0.3879666408707802 0.84423193260181328 0.42254632228402417 0.68311008475786739
decision_type=2 2 2 2 2 2
left_child=1 2 -1 -3 5 -2
right_child=4 3 -4 -5 -6 -7
leaf_value=8.434802800132916e-05 -0.00014004915712508302 0.00015979032222298033 -0.00057131908460365994 0.00079602573586985475 -0.00020391741689160196 -0.00099742617018374951
leaf_weight=1406 48 160 536 46 42 72
leaf_count=1406 48 160 536 46 42 72
internal_value=-0.000129758 0.000334884 -0.000174897 0.00509615 -0.00621951 -0.00786885
internal_weight=2310 2148 1942 206 162 120
internal_count=2310 2148 1942 206 162 120
is_linear=0
shrinkage=0.04


Tree=87
num_leaves=7
num_cat=0
split_feature=27 117 64 106 40 63
split_gain=3.14212 3.26518 3.03605 5.87701 4.18064 2.79773
threshold=-0.93897744431165042 0.32249921359965822 0.8944384307334089 0.12322600930120579 -0.97317536587423736 -0.24737889077930691
decision_type=2 2 2 2 2 2
left_child=1 5 4 -4 -2 -1
right_child=2 -3 3 -5 -6 -7
leaf_value=0.0009200864450430897 0.00017018985304830653 0.0007420217556334222 -0.0003077793981966723 0.00073604634076434423 -0.00012660517906312453 -0.00033060394777564747
leaf_weight=46 40 75 65 89 1897 98
leaf_count=46 40 75 65 89 1897 98
internal_value=-0.000147059 0.00438914 -0.000625896 0.00474359 -0.00105725 0.000821918
internal_weight=2310 219 2091 154 1937 144
internal_count=2310 219 2091 154 1937 144
is_linear=0
shrinkage=0.04


Tree=88
num_leaves=7
num_cat=0
split_feature=35 28 68 95 95 60
split_gain=3.20823 3.02007 3.5525 3.11826 0.939462 0.735935
threshold=0.86651571157746476 -0.64599215682095468 -0.20703430394508399 -0.24627758611767495 -0.5078482316904539 -0.2161761458821958
decision_type=2 2 2 2 2 2
left_child=1 3 -3 -1 -2 -6
right_child=4 2 -4 -5 5 -7
leaf_value=0.0002766398940294128 -1.8920754315671084e-06 0.00020066676540395707 -3.0497963489600558e-05 -0.00096920594322416761 -0.00047481094305754686 -0.0012580062359982083
leaf_weight=56 41 667 1316 109 48 73
leaf_count=56 41 667 1316 109 48 73
internal_value=-9.51557e-05 0.000316279 0.00075063 -0.0048503 -0.0054878 -0.00723577
internal_weight=2310 2148 1983 165 162 121
internal_count=2310 2148 1983 165 162 121
is_linear=0
shrinkage=0.04


Tree=89
num_leaves=7
num_cat=0
split_feature=35 28 37 32 125 37
split_gain=3.16721 2.97679 3.31963 2.01522 0.995771 0.65841
threshold=0.86651571157746476 -0.64599215682095468 -0.50427111557269433 0.11428364794205989 0.52897180695055768 -0.67832723202833389
decision_type=2 2 2 2 2 2
left_child=1 3 -3 -1 5 -2
right_child=4 2 -4 -5 -6 -7
leaf_value=-0.00058151022756127628 -5.9834675043523822e-05 0.00027870341661364028 4.4597064701218379e-06 0.0002655742982682362 -6.9848429461828729e-06 -0.0016740838651512144
leaf_weight=125 40 250 1733 40 40 82
leaf_count=125 40 250 1733 40 40 82
internal_value=-0.000129758 0.00027907 0.000710327 -0.0048503 -0.0054878 -0.00725806
internal_weight=2310 2148 1983 165 162 122
internal_count=2310 2148 1983 165 162 122
is_linear=0
shrinkage=0.04


Tree=90
num_leaves=7
num_cat=0
split_feature=82 95 68 63 26 37
split_gain=3.34232 4.2586 12.1905 7.47403 3.03325 3.43117
threshold=-0.3322904317289252 -0.14432774022125308 -0.21166162750017112 -0.51937944581739293 1.1340401589184272 -0.42630681033257695
decision_type=2 2 2 2 2 2
left_child=4 2 -2 -3 5 -1
right_child=1 3 -4 -5 -6 -7
leaf_value=2.3159936202008444e-05 0.00091124165429729486 0.00048574900697266089 -1.150526901227071e-05 -0.00034050248820314421 0.00042024702617835392 -0.00048138056183281904
leaf_weight=240 147 298 350 818 59 398
leaf_count=240 147 298 350 818 59 398
internal_value=-0.00016436 0.000835913 0.00390782 -0.000536673 -0.00247496 -0.00328125
internal_weight=2310 1613 497 1116 697 638
internal_count=2310 1613 497 1116 697 638
is_linear=0
shrinkage=0.04


Tree=91
num_leaves=6
num_cat=0
split_feature=118 41 108 37 47
split_gain=3.54309 4.4713 7.97714 5.19126 1.2871
threshold=-1.0379777613139485 -0.64469399714393993 -0.31459797128429595 -0.365626643531615 0.04324539646446731
decision_type=2 2 2 2 2
left_child=4 2 -2 -3 -1
right_child=1 3 -4 -5 -6
leaf_value=-9.3606172089955724e-06 0.0011388979683630918 0.00022628366964767778 -8.9825165999369427e-06 -0.00019842640618561393 -0.0011698008105766038
leaf_weight=40 135 509 284 1262 80
leaf_count=40 135 509 284 1262 80
internal_value=-0.000250865 0.000118613 0.00382423 -0.000761421 -0.00688525
internal_weight=2310 2190 419 1771 120
internal_count=2310 2190 419 1771 120
is_linear=0
shrinkage=0.04


Tree=92
num_leaves=7
num_cat=0
split_feature=84 94 118 37 11 68
split_gain=3.7416 3.60395 4.0706 4.06597 2.93845 3.09735
threshold=1.3551883535861589 0.52887014793366183 -1.0379777613139485 -0.42630681033257695 0.5840641417978335 1.4177611116742763
decision_type=2 2 2 2 2 2
left_child=1 2 -1 -3 5 -2
right_child=4 3 -4 -5 -6 -7
leaf_value=-0.00061036097154630131 -1.3416213615171646e-05 0.00046497260558390027 5.885422067761964e-05 -0.00082054738244014512 0.0012779698102631987 0.00052643330385653496
leaf_weight=120 138 57 1524 390 40 41
leaf_count=120 138 57 1524 390 40 41
internal_value=-0.000198962 -0.000721452 0.000145808 -0.00389755 0.00475113 0.00248619
internal_weight=2310 2091 1644 447 219 179
internal_count=2310 2091 1644 447 219 179
is_linear=0
shrinkage=0.04


Tree=93
num_leaves=8
num_cat=0
split_feature=29 64 36 40 116 75 96
split_gain=3.42276 3.45393 5.33869 3.6598 2.77634 2.20484 1.86231
threshold=-0.82427288435606416 1.2413046327783834 0.45801463678725274 -0.51636289394051549 0.44216775175902528 -1.2254099078328056 -0.18707400818524328
decision_type=2 2 2 2 2 2 2
left_child=4 3 -3 -2 5 -1 -6
right_child=1 2 -4 -5 6 -7 -8
leaf_value=0.00050068401958015222 -0.00050702515506567431 0.00080867964264203852 -0.0002365005473794618 -1.663474508763689e-05 0.0003008857256311934 -0.00010391855254446102 0.0011850653755654738
leaf_weight=60 370 40 41 1514 41 190 54
leaf_count=60 370 40 41 1514 41 190 54
internal_value=-0.000233564 -0.000879512 0.00710843 -0.00123012 0.00342939 0.00119048 0.00917526
internal_weight=2310 1965 81 1884 345 250 95
internal_count=2310 1965 81 1884 345 250 95
is_linear=0
shrinkage=0.04


Tree=94
num_leaves=8
num_cat=0
split_feature=113 35 125 41 63 123 122
split_gain=3.495 3.93751 5.12519 5.12109 3.65284 4.00899 2.51463
threshold=0.69848570984874814 0.47652560580445341 0.75221558562094115 1.1215282592271978 -0.1737774115146665 0.060320361037676046 -0.69572706372768811
decision_type=2 2 2 2 2 2 2
left_child=1 3 -3 -1 5 -2 -6
right_child=4 2 -4 -5 6 -7 -8
leaf_value=0.00011426665768923907 -0.0012355308837873444 -0.00027393627139020058 0.00042285280913987146 0.00085643507826881711 9.475703150006509e-05 0.00043058184793032418 -0.00098963863702389472
leaf_weight=1396 58 411 49 40 40 83 233
leaf_count=1396 58 411 49 40 40 83 233
internal_value=-0.000285467 0.000442571 -0.00277056 0.00147427 -0.00360577 0.00160839 -0.00629091
internal_weight=2310 1896 460 1436 414 141 273
internal_count=2310 1896 460 1436 414 141 273
is_linear=0
shrinkage=0.04


Tree=95
num_leaves=7
num_cat=0
split_feature=27 117 40 106 39 63
split_gain=3.33655 3.26518 3.08784 5.40078 5.15509 2.24106
threshold=-0.93897744431165042 0.32249921359965822 0.92381421218821769 0.78551953104228978 1.7735966008403008 -0.24737889077930691
decision_type=2 2 2 2 2 2
left_child=1 5 3 -2 -4 -1
right_child=2 -3 4 -5 -6 -7
leaf_value=0.00080285636915045544 -1.7868483660792856e-05 0.00066560209005524012 0.00068211703164301513 -0.0013489898006600139 -0.00058346095309883569 -0.00035920272253420004
leaf_weight=46 1657 75 142 212 80 98
leaf_count=46 1657 75 142 212 80 98
internal_value=-0.000285467 0.00438914 -0.000778786 -0.00130946 0.00366071 0.000821918
internal_weight=2310 219 2091 1869 222 144
internal_count=2310 219 2091 1869 222 144
is_linear=0
shrinkage=0.04


Tree=96
num_leaves=7
num_cat=0
split_feature=101 46 46 4 119 14
split_gain=3.45055 4.18294 3.54531 3.38093 3.28535 2.49228
threshold=0.93971264198547322 0.98413795093065348 4.2018614509664216 -0.53200328089632321 0.65484237939995793 -0.048243178863448019
decision_type=2 2 2 2 2 2
left_child=2 5 3 -1 -4 -2
right_child=1 -3 4 -5 -6 -7
leaf_value=0.00017191344105282224 0.0014256198313568769 -0.0011324971577116353 1.8740567752855014e-05 -0.00012533744903683045 0.0013142633220345841 0.00055657256140102416
leaf_weight=477 41 41 63 1586 40 62
leaf_count=477 41 41 63 1586 40 62
internal_value=-0.000198962 0.00575342 -0.000599631 -0.00096368 0.00657143 0.01
internal_weight=2310 144 2166 2063 103 103
internal_count=2310 144 2166 2063 103 103
is_linear=0
shrinkage=0.04


Tree=97
num_leaves=6
num_cat=0
split_feature=35 82 114 125 84
split_gain=3.12646 2.89358 3.1299 1.39055 0.596451
threshold=0.86651571157746476 4.3435690932629685 0.68327547214351625 0.52897180695055768 -0.087412056969922394
decision_type=2 2 2 2 2
left_child=1 2 -1 4 -2
right_child=3 -3 -4 -5 -6
leaf_value=7.5721777065242002e-05 -0.00023429407421843136 -0.0016842866248860827 -0.00042869495162965753 6.7796446572621356e-05 -0.0011920048086866415
leaf_weight=1844 46 45 259 40 76
leaf_count=1844 46 45 259 40 76
internal_value=-0.00016436 0.00024186 0.000460808 -0.0054878 -0.00758065
internal_weight=2310 2148 2103 162 122
internal_count=2310 2148 2103 162 122
is_linear=0
shrinkage=0.04


Tree=98
num_leaves=8
num_cat=0
split_feature=90 35 42 81 125 26 119
split_gain=3.07978 4.0743 5.72607 3.68073 3.44717 6.35362 2.66947
threshold=0.064450096653965519 -0.53885671993390238 0.3970873399112293 0.23069843471539411 -0.91416319772900334 -0.59698068970284424 -0.42889735713439642
decision_type=2 2 2 2 2 2 2
left_child=4 3 -3 -2 5 -1 -6
right_child=1 2 -4 -5 6 -7 -8
leaf_value=0.00064365024312722306 -0.0010617062431816833 0.00051123678890874441 -4.1581921951602261e-05 0.0002081320219262517 0.00012211168558859455 -0.00044557293634400665 -0.00032796860478261026
leaf_weight=51 172 405 277 205 333 66 801
leaf_count=51 172 405 277 205 333 66 801
internal_value=-0.000181661 0.00140434 0.00324561 -0.00192612 -0.00152434 0.00495798 -0.0022007
internal_weight=2310 1059 682 377 1251 117 1134
internal_count=2310 1059 682 377 1251 117 1134
is_linear=0
shrinkage=0.04


Tree=99
num_leaves=8
num_cat=0
split_feature=113 90 14 12 63 123 122
split_gain=3.27137 3.79045 6.46737 3.79361 3.51204 3.62158 2.28299
threshold=0.69848570984874814 0.064450096653965519 1.149047764354558 0.48512290788816798 -0.1737774115146665 0.060320361037676046 -0.69572706372768811
decision_type=2 2 2 2 2 2 2
left_child=1 3 -3 -1 5 -2 -6
right_child=4 2 -4 -5 6 -7 -8
leaf_value=3.1453639498089105e-05 -0.001155350960948916 0.0001062186133396139 0.0015107133820499879 -0.00039814014089812613 0.00012902902410408563 0.00042487577304671053 -0.00090275804041091228
leaf_weight=805 58 746 40 305 40 83 233
leaf_count=805 58 746 40 305 40 83 233
internal_value=-8.65052e-06 0.000695469 0.00281726 -0.000809353 -0.00322115 0.00188811 -0.00585455
internal_weight=2310 1896 786 1110 414 141 273
internal_count=2310 1896 786 1110 414 141 273
is_linear=0
shrinkage=0.04


Tree=100
num_leaves=6
num_cat=0
split_feature=96 63 4 117 64
split_gain=3.21964 7.84113 4.27531 8.69456 4.0553
threshold=-0.86551415620856964 0.0072214391610355413 -0.53200328089632321 0.14379754059808456 1.2413046327783834
decision_type=2 2 2 2 2
left_child=1 -1 3 -2 -4
right_child=2 -3 4 -5 -6
leaf_value=-0.00079043330536631177 -0.00015319224546808305 0.00079815309874695323 -0.00015380226006324411 0.0006423135580631875 0.00047395577507959477
leaf_weight=55 324 55 1573 223 80
leaf_count=55 324 55 1573 223 80
internal_value=-8.65052e-06 0.00660714 -0.000345141 0.00271403 -0.00135952
internal_weight=2310 110 2200 547 1653
internal_count=2310 110 2200 547 1653
is_linear=0
shrinkage=0.04


Tree=101
num_leaves=7
num_cat=0
split_feature=28 28 37 126 95 83
split_gain=2.85269 3.79189 5.74869 5.55576 2.86932 0.0607639
threshold=-0.64599215682095468 0.057281561876651253 0.44068378024166383 0.086335761793981849 -0.24627758611767495 0.48956458614990511
decision_type=2 2 2 2 2 2
left_child=4 3 -3 -2 -1 -6
right_child=1 2 -4 -5 5 -7
leaf_value=0.00011516655332974066 -6.047107047613201e-06 -0.00049718947829284 0.00012422089501556383 0.00053820742700679295 -0.00076986004786242629 -0.0010718965706655688
leaf_weight=64 652 528 567 389 70 40
leaf_count=64 652 528 567 389 70 40
internal_value=8.65052e-06 0.0004116 -0.00123063 0.00213806 -0.00488636 -0.00875
internal_weight=2310 2136 1095 1041 174 110
internal_count=2310 2136 1095 1041 174 110
is_linear=0
shrinkage=0.04


Tree=102
num_leaves=8
num_cat=0
split_feature=111 45 8 53 45 25 47
split_gain=2.86076 5.65885 4.23285 3.7807 5.26259 3.81242 3.2435
threshold=-0.64456288809048534 -0.31630554279826661 0.095063796221646499 1.0000000180025095e-35 0.081539780863275804 0.53392024327925236 -0.30896330445622427
decision_type=2 2 2 2 2 2 2
left_child=1 2 -1 4 -2 -5 -3
right_child=3 6 -4 5 -6 -7 -8
leaf_value=0.0010687253894827375 -9.9699461773393173e-05 -0.00066848755831433796 3.6713195350995199e-05 -0.00010413043288991924 0.00030938326016295567 -0.0012119666951732962 0.00024789258811980019
leaf_weight=86 581 136 64 627 451 194 171
leaf_count=86 581 136 64 627 451 194 171
internal_value=-6.05536e-05 0.00276688 0.00907895 -0.000760108 0.000851064 -0.0027825 -0.000355987
internal_weight=2310 457 150 1853 1032 821 307
internal_count=2310 457 150 1853 1032 821 307
is_linear=0
shrinkage=0.04


Tree=103
num_leaves=7
num_cat=0
split_feature=35 84 69 35 125 37
split_gain=2.94426 2.73729 4.34327 3.76356 0.909225 0.780511
threshold=0.86651571157746476 -0.095863007791388108 -0.15453569757911856 -0.60709681615140176 0.52897180695055768 -0.66074250387223443
decision_type=2 2 2 2 2 2
left_child=1 2 -1 -3 5 -2
right_child=4 3 -4 -5 -6 -7
leaf_value=-0.00070121743521088357 -5.2461068167311e-05 -0.00022733977410150681 2.6116999922663406e-05 0.00021877585055215672 4.8585508201313268e-06 -0.0014503834277229128
leaf_weight=308 43 394 666 780 40 79
leaf_count=308 43 394 666 780 40 79
internal_value=-7.78547e-05 0.000316279 -0.00125 0.00161565 -0.0052439 -0.00693548
internal_weight=2310 2148 974 1174 162 122
internal_count=2310 2148 974 1174 162 122
is_linear=0
shrinkage=0.04


Tree=104
num_leaves=7
num_cat=0
split_feature=35 40 13 76 125 37
split_gain=2.92458 2.92962 7.80474 4.98569 0.909225 0.780511
threshold=0.86651571157746476 0.84423193260181328 1.8032582953101233 0.3879666408707802 0.52897180695055768 -0.66074250387223443
decision_type=2 2 2 2 2 2
left_child=1 3 -3 -1 5 -2
right_child=4 2 -4 -5 -6 -7
leaf_value=5.0498081869893924e-05 -5.0362625440618651e-05 0.00077414303685653673 -0.00074795140797132302 -0.00061843156616290032 4.6642087873261661e-06 -0.0013923680906139963
leaf_weight=1420 43 164 83 481 40 79
leaf_count=1420 43 164 83 481 40 79
internal_value=-9.51557e-05 0.000297674 0.00437751 -0.000236469 -0.0052439 -0.00693548
internal_weight=2310 2148 247 1901 162 122
internal_count=2310 2148 247 1901 162 122
is_linear=0
shrinkage=0.04


Tree=105
num_leaves=8
num_cat=0
split_feature=29 117 36 75 122 53 40
split_gain=3.31604 4.69665 4.22025 3.62666 3.04749 3.43948 2.3141
threshold=-0.82427288435606416 0.14379754059808456 -0.84635594602568853 -1.2173259801397995 0.25516977714807704 1.0000000180025095e-35 -0.49673383730244064
decision_type=2 2 2 2 2 2 2
left_child=1 3 -3 -1 5 -2 -6
right_child=4 2 -4 -5 6 -7 -8
leaf_value=0.00078085107131596067 0.00016278620611186566 -0.00018192891828363396 0.00070294218291936284 -0.00054137140239607167 -0.0008189455862724741 -0.00015454547713577064 -0.00012287041998423044
leaf_weight=58 618 46 104 137 155 632 560
leaf_count=58 618 46 104 137 155 632 560
internal_value=-6.05536e-05 0.00354467 0.00881579 -0.000558376 -0.000696492 0.000495208 -0.00277545
internal_weight=2310 345 150 195 1965 1250 715
internal_count=2310 345 150 195 1965 1250 715
is_linear=0
shrinkage=0.04


Tree=106
num_leaves=7
num_cat=0
split_feature=35 41 40 53 14 25
split_gain=2.94341 4.43683 4.3507 3.90408 6.69164 1.83888
threshold=0.47652560580445341 1.1421340047895467 -0.51636289394051549 1.0000000180025095e-35 0.6550967201873793 -0.007997427762130839
decision_type=2 2 2 2 2 2
left_child=1 2 -1 4 -2 -5
right_child=3 -3 -4 5 -6 -7
leaf_value=-0.00063164896619906082 -0.00010659176875817522 0.00067660840565100908 8.7166036325957432e-05 0.00015571756749414398 0.00041677018199362092 -0.00063636380232122089
leaf_weight=268 241 51 1433 40 49 228
leaf_count=268 241 51 1433 40 49 228
internal_value=6.05536e-05 0.000866591 0.000510863 -0.00246429 0.000753425 -0.00592593
internal_weight=2310 1752 1701 558 290 268
internal_count=2310 1752 1701 558 290 268
is_linear=0
shrinkage=0.04


Tree=107
num_leaves=5
num_cat=0
split_feature=82 113 25 63
split_gain=2.77351 3.01803 3.49756 3.37375
threshold=4.3435690932629685 0.69848570984874814 1.1028181962800381 -0.1737774115146665
decision_type=2 2 2 2
left_child=1 2 -1 -3
right_child=-2 3 -4 -5
leaf_value=6.3285451832996163e-05 -0.0015720421359987375 0.00013381671207788381 -0.00075375968014101263 -0.00064923405377651725
leaf_weight=1773 45 141 78 273
leaf_count=1773 45 141 78 273
internal_value=4.32526e-05 0.000242611 0.000933621 -0.00283654
internal_weight=2310 2265 1851 414
internal_count=2310 2265 1851 414
is_linear=0
shrinkage=0.04


Tree=108
num_leaves=7
num_cat=0
split_feature=27 64 112 83 117 94
split_gain=2.90723 3.08562 5.33039 3.13697 2.77416 2.20698
threshold=-0.93897744431165042 1.2413046327783834 0.1280107457803962 -0.74216906525842108 0.32249921359965822 -0.072655663621214131
decision_type=2 2 2 2 2 2
left_child=4 3 -3 -2 5 -1
right_child=1 2 -4 -5 -6 -7
leaf_value=-0.0010546814026638404 -0.0010571618964536752 -0.00032882983401244406 0.00078639594631470776 -9.1435691302858834e-06 0.00057671481677496611 0.00042434729512247387
leaf_weight=53 164 40 47 1840 75 91
leaf_count=53 164 40 47 1840 75 91
internal_value=2.59516e-05 -0.000434783 0.00685393 -0.000757727 0.00438914 0.00109589
internal_weight=2310 2091 87 2004 219 144
internal_count=2310 2091 87 2004 219 144
is_linear=0
shrinkage=0.04


Tree=109
num_leaves=8
num_cat=0
split_feature=41 108 96 119 35 44 40
split_gain=3.01081 9.63745 6.46081 5.03114 4.12803 3.3609 2.55052
threshold=-0.60725687695499897 -0.33467763970505598 -0.86551415620856964 0.3791537419123871 -0.50245445953304524 0.81327731625230648 -0.49673383730244064
decision_type=2 2 2 2 2 2 2
left_child=1 4 6 -3 -1 -4 -2
right_child=2 3 5 -5 -6 -7 -8
leaf_value=0.0011090414487658785 3.3178104917409789e-05 -0.00057527641211297612 -0.00018853733782261498 0.00050503970515349049 0.00099066031327184833 0.00023474938547436765 0.0009946264477282466
leaf_weight=68 40 230 1425 105 77 325 40
leaf_count=68 40 230 1425 105 77 325 40
internal_value=8.65052e-06 0.00282158 -0.000731441 -0.000919881 0.0113605 -0.00124429 0.0102439
internal_weight=2310 480 1830 335 145 1750 80
internal_count=2310 480 1830 335 145 1750 80
is_linear=0
shrinkage=0.04


Tree=110
num_leaves=6
num_cat=0
split_feature=35 82 37 125 37
split_gain=2.78664 2.99291 2.85968 0.997257 0.763534
threshold=0.86651571157746476 4.3435690932629685 -0.61378182555516092 0.5145220498100157 -0.66074250387223443
decision_type=2 2 2 2 2
left_child=1 2 -1 4 -2
right_child=3 -3 -4 -5 -6
leaf_value=0.00024742871826371636 -6.4555936436982151e-05 -0.0015181846832125513 6.3260070175646944e-06 -3.791107584370651e-06 -0.001417445062776454
leaf_weight=181 43 45 1922 43 76
leaf_count=181 43 45 1922 43 76
internal_value=2.59516e-05 0.000409302 0.000631829 -0.005 -0.0068595
internal_weight=2310 2148 2103 162 119
internal_count=2310 2148 2103 162 119
is_linear=0
shrinkage=0.04


Tree=111
num_leaves=8
num_cat=0
split_feature=41 108 117 88 25 125 90
split_gain=3.12285 8.44849 5.06889 3.29357 4.54283 3.04635 2.96512
threshold=-0.60725687695499897 -0.33467763970505598 0.1155287351247863 -0.91170372508046216 -0.13194102752317013 -0.42259365365834639 0.89648702830793459
decision_type=2 2 2 2 2 2 2
left_child=1 5 -3 4 -2 -1 -5
right_child=3 2 -4 6 -6 -7 -8
leaf_value=0.001100201945218542 -0.00029415204146640339 -0.00068963997390998426 0.00023440921460651687 -0.00016568680475701898 0.00068436800710658364 0.00073175674728384675 5.4378925729877649e-05
leaf_weight=54 41 179 156 1376 47 91 366
leaf_count=54 41 179 156 1376 47 91 366
internal_value=-4.32526e-05 0.00282158 -0.000682493 -0.000796943 0.00666667 0.0108163 -0.00118119
internal_weight=2310 480 335 1830 88 145 1742
internal_count=2310 480 335 1830 88 145 1742
is_linear=0
shrinkage=0.04


Tree=112
num_leaves=8
num_cat=0
split_feature=41 108 96 119 40 64 40
split_gain=3.11648 7.4655 5.41094 4.87911 4.11504 3.31911 2.57375
threshold=-0.62769527997356678 -0.31459797128429595 -0.86551415620856964 0.44444299485979766 0.2092925435533268 1.2854416165016416 -0.49673383730244064
decision_type=2 2 2 2 2 2 2
left_child=1 4 6 -3 -1 -4 -2
right_child=2 3 5 -5 -6 -7 -8
leaf_value=0.00026262229883058724 2.8342885340265425e-05 -0.00049653889395058482 -0.00010916526724957215 0.00048345187118126258 0.0012262105248006278 0.00044808661413142604 0.00095241319250921911
leaf_weight=56 40 231 1693 92 83 75 40
leaf_count=56 40 231 1693 92 83 75 40
internal_value=-4.32526e-05 0.00288793 -0.000778378 -0.000461538 0.0105674 -0.00124294 0.00926829
internal_weight=2310 462 1848 323 139 1768 80
internal_count=2310 462 1848 323 139 1768 80
is_linear=0
shrinkage=0.04


Tree=113
num_leaves=8
num_cat=0
split_feature=113 69 114 64 64 88 122
split_gain=3.27137 3.8676 3.61592 3.51204 3.35198 2.43107 1.80011
threshold=0.69848570984874814 0.67186990363708632 0.15006622735730721 -0.17875284763399699 0.77891942051520335 -0.03150151786386484 -0.69572706372768811
decision_type=2 2 2 2 2 2 2
left_child=1 4 -3 5 -1 -2 -5
right_child=3 2 -4 6 -6 -7 -8
leaf_value=4.2347158815784077e-05 -0.00027459211211520589 -0.00040978866153529617 0.00026446092982494447 0.00013577588912783858 0.00037717994440187533 0.00041439152925627109 -0.00076071322556654536
leaf_weight=1463 65 244 52 40 137 76 233
leaf_count=1463 65 244 52 40 137 76 233
internal_value=-8.65052e-06 0.000695469 -0.00348993 -0.00322115 0.00147316 0.00188811 -0.00585455
internal_weight=2310 1896 296 414 1600 141 273
internal_count=2310 1896 296 414 1600 141 273
is_linear=0
shrinkage=0.04


Tree=114
num_leaves=7
num_cat=0
split_feature=29 76 61 35 100 116
split_gain=2.76817 3.42842 4.3802 3.76444 3.15216 3.13268
threshold=-0.82427288435606416 0.38301560218602881 -1.1777405690740224 0.42898051161292844 -0.38989757384695384 0.39777115519214229
decision_type=2 2 2 2 2 2
left_child=4 3 -3 -2 -1 -6
right_child=1 2 -4 -5 5 -7
leaf_value=-0.00048977457213261494 0.00013451043702058073 0.00021223478609429526 -0.00069050614711225588 -0.00010798951601735295 9.1688510096827605e-05 0.0007187820115469168
leaf_weight=67 959 141 473 392 193 85
leaf_count=67 959 141 473 392 193 85
internal_value=-9.51557e-05 -0.000676157 -0.00314935 0.00045085 0.00319885 0.00507143
internal_weight=2310 1965 614 1351 345 278
internal_count=2310 1965 614 1351 345 278
is_linear=0
shrinkage=0.04


Tree=115
num_leaves=7
num_cat=0
split_feature=83 11 106 94 40 63
split_gain=2.80852 3.85882 3.7889 3.40853 4.67424 3.42282
threshold=0.80914489779081145 0.89074437602585432 0.57797564013071701 0.52887014793366183 -0.5011207189811232 0.62796306921798217
decision_type=2 2 2 2 2 2
left_child=3 2 -2 4 -1 -5
right_child=1 -3 -4 5 -6 -7
leaf_value=-0.00031741979036193664 -5.5835141830790361e-05 0.0011853286620788263 0.00046527696987072934 -0.00090950939300176662 9.7475846591022354e-05 0.00016522095108219401
leaf_weight=344 269 42 121 334 1090 110
leaf_count=344 269 42 121 334 1090 110
internal_value=-4.32526e-05 0.00285714 0.00158163 -0.000712766 0.000236769 -0.00376682
internal_weight=2310 432 390 1878 1434 444
internal_count=2310 432 390 1878 1434 444
is_linear=0
shrinkage=0.04


Tree=116
num_leaves=7
num_cat=0
split_feature=113 82 38 42 26 20
split_gain=3.05928 3.21483 3.86081 2.71622 3.74257 0.482214
threshold=0.69848570984874814 4.3435690932629685 -0.60101842932033367 -0.32679573159611291 -0.5349653463829378 -0.87699387765488257
decision_type=2 2 2 2 2 2
left_child=1 2 -1 5 -5 -2
right_child=3 -3 -4 4 -6 -7
leaf_value=0.00029124818383925689 -0.00024682829053299582 -0.0014183034477986956 9.7221751022344422e-06 0.00047228078485968045 -0.00033723240808575846 -0.00099937895453457225
leaf_weight=316 40 45 1535 56 227 91
leaf_count=316 40 45 1535 56 227 91
internal_value=7.78547e-05 0.000758693 0.00101997 -0.00302885 -0.000807018 -0.00774436
internal_weight=2310 1896 1851 414 283 131
internal_count=2310 1896 1851 414 283 131
is_linear=0
shrinkage=0.04


Tree=117
num_leaves=8
num_cat=0
split_feature=107 63 88 83 7 35 26
split_gain=2.92924 3.3525 4.48112 3.33744 4.3787 3.17943 2.37046
threshold=0.76619479398405588 -0.1737774115146665 -0.03150151786386484 1.2152886889400172 0.4570239736235569 0.45239960003078106 -0.5349653463829378
decision_type=2 2 2 2 2 2 2
left_child=3 2 -2 5 -5 -1 -3
right_child=1 6 -4 4 -6 -7 -8
leaf_value=7.1804815409199369e-05 -0.00027534927237182787 -6.9862441261960351e-06 0.00057019360982980144 6.1753153242412317e-06 0.0010645840931552558 -0.00013341312942961162 -0.00102732226914933
leaf_weight=1305 58 84 60 95 64 477 167
leaf_count=1305 58 84 60 95 64 477 167
internal_value=-0.000112457 -0.00336927 0.00216667 0.000509521 0.00602484 1.12108e-05 -0.00596838
internal_weight=2310 369 118 1941 159 1782 251
internal_count=2310 369 118 1941 159 1782 251
is_linear=0
shrinkage=0.04


Tree=118
num_leaves=5
num_cat=0
split_feature=82 113 69 69
split_gain=2.76355 2.62971 3.9522 2.44145
threshold=4.3435690932629685 0.69097520163124659 0.69849390798737565 0.54539733476673147
decision_type=2 2 2 2
left_child=1 2 -1 -3
right_child=-2 3 -4 -5
leaf_value=8.4334081003773075e-05 -0.0013562347847095632 -0.00052108021197040829 -0.00028243217964000713 0.00010304402728153343
leaf_weight=1564 45 297 278 126
leaf_count=1564 45 297 278 126
internal_value=2.59516e-05 0.000224967 0.000878525 -0.00261176
internal_weight=2310 2265 1842 423
internal_count=2310 2265 1842 423
is_linear=0
shrinkage=0.04


Tree=119
num_leaves=5
num_cat=0
split_feature=82 111 83 45
split_gain=2.75361 2.58037 3.40078 2.1604
threshold=4.3435690932629685 0.88159692594102701 1.2152886889400172 0.77237047694110961
decision_type=2 2 2 2
left_child=1 2 -1 -3
right_child=-2 3 -4 -5
leaf_value=9.7226995854619868e-06 -0.0013019853933211806 -0.00067304383108032805 0.00042133974190126488 3.5110933062569714e-05
leaf_weight=1812 45 191 174 88
leaf_count=1812 45 191 174 88
internal_value=8.65052e-06 0.000207322 0.000714286 -0.00338078
internal_weight=2310 2265 1986 279
internal_count=2310 2265 1986 279
is_linear=0
shrinkage=0.04


end of trees

feature_importances:
Column_40=62
Column_35=49
Column_63=38
Column_64=34
Column_82=25
Column_95=23
Column_37=20
Column_46=20
Column_90=20
Column_41=19
Column_113=19
Column_45=15
Column_25=14
Column_94=14
Column_96=14
Column_125=14
Column_14=13
Column_117=12
Column_27=11
Column_76=11
Column_83=11
Column_106=11
Column_28=10
Column_53=10
Column_61=10
Column_101=10
Column_13=9
Column_68=9
Column_123=9
Column_114=8
Column_119=8
Column_26=7
Column_84=7
Column_108=7
Column_47=6
Column_66=6
Column_11=5
Column_29=5
Column_39=5
Column_44=5
Column_58=5
Column_102=5
Column_126=5
Column_5=4
Column_7=4
Column_60=4
Column_67=4
Column_69=4
Column_70=4
Column_88=4
Column_122=4
Column_20=3
Column_36=3
Column_38=3
Column_42=3
Column_48=3
Column_75=3
Column_81=3
Column_111=3
Column_112=3
Column_118=3
Column_124=3
Column_4=2
Column_33=2
Column_74=2
Column_93=2
Column_99=2
Column_100=2
Column_107=2
Column_116=2
Column_1=1
Column_8=1
Column_10=1
Column_12=1
Column_18=1
Column_24=1
Column_32=1
Column_34=1
Column_50=1
Column_72=1
Column_78=1
Column_89=1
Column_120=1

parameters:
[boosting: gbdt]
[objective: quantile]
[metric: quantile]
[tree_learner: serial]
[device_type: cpu]
[data_sample_strategy: bagging]
[data: ]
[valid: ]
[num_iterations: 120]
[learning_rate: 0.04]
[num_leaves: 15]
[num_threads: 2]
[seed: 42]
[deterministic: 0]
[force_col_wise: 0]
[force_row_wise: 0]
[histogram_pool_size: -1]
[max_depth: 3]
[min_data_in_leaf: 40]
[min_sum_hessian_in_leaf: 0.001]
[bagging_fraction: 0.85]
[pos_bagging_fraction: 1]
[neg_bagging_fraction: 1]
[bagging_freq: 0]
[bagging_seed: 400]
[bagging_by_query: 0]
[feature_fraction: 0.8]
[feature_fraction_bynode: 1]
[feature_fraction_seed: 30056]
[extra_trees: 0]
[extra_seed: 12879]
[early_stopping_round: 0]
[early_stopping_min_delta: 0]
[first_metric_only: 0]
[max_delta_step: 0]
[lambda_l1: 0]
[lambda_l2: 2]
[linear_lambda: 0]
[min_gain_to_split: 0]
[drop_rate: 0.1]
[max_drop: 50]
[skip_drop: 0.5]
[xgboost_dart_mode: 0]
[uniform_drop: 0]
[drop_seed: 17869]
[top_rate: 0.2]
[other_rate: 0.1]
[min_data_per_group: 100]
[max_cat_threshold: 32]
[cat_l2: 10]
[cat_smooth: 10]
[max_cat_to_onehot: 4]
[top_k: 20]
[monotone_constraints: ]
[monotone_constraints_method: basic]
[monotone_penalty: 0]
[feature_contri: ]
[forcedsplits_filename: ]
[refit_decay_rate: 0.9]
[cegb_tradeoff: 1]
[cegb_penalty_split: 0]
[cegb_penalty_feature_lazy: ]
[cegb_penalty_feature_coupled: ]
[path_smooth: 0]
[interaction_constraints: ]
[verbosity: -1]
[saved_feature_importance_type: 0]
[use_quantized_grad: 0]
[num_grad_quant_bins: 4]
[quant_train_renew_leaf: 0]
[stochastic_rounding: 1]
[linear_tree: 0]
[max_bin: 255]
[max_bin_by_feature: ]
[min_data_in_bin: 3]
[bin_construct_sample_cnt: 200000]
[data_random_seed: 175]
[is_enable_sparse: 1]
[enable_bundle: 1]
[use_missing: 1]
[zero_as_missing: 0]
[feature_pre_filter: 1]
[pre_partition: 0]
[two_round: 0]
[header: 0]
[label_column: ]
[weight_column: ]
[group_column: ]
[ignore_column: ]
[categorical_feature: ]
[forcedbins_filename: ]
[precise_float_parser: 0]
[parser_config_file: ]
[objective_seed: 16083]
[num_class: 1]
[is_unbalance: 0]
[scale_pos_weight: 1]
[sigmoid: 1]
[boost_from_average: 1]
[reg_sqrt: 0]
[alpha: 0.75]
[fair_c: 1]
[poisson_max_delta_step: 0.7]
[tweedie_variance_power: 1.5]
[lambdarank_truncation_level: 30]
[lambdarank_norm: 1]
[label_gain: ]
[lambdarank_position_bias_regularization: 0]
[eval_at: ]
[multi_error_top_k: 1]
[auc_mu_weights: ]
[num_machines: 1]
[local_listen_port: 12400]
[time_out: 120]
[machine_list_filename: ]
[machines: ]
[gpu_platform_id: -1]
[gpu_device_id: -1]
[gpu_device_id_list: ]
[gpu_use_dp: 0]
[num_gpu: 1]

end of parameters

pandas_categorical:null
