tree
version=v4
num_class=1
num_tree_per_iteration=1
label_index=0
max_feature_idx=126
objective=quantile
feature_names=Column_0 Column_1 Column_2 Column_3 Column_4 Column_5 Column_6 Column_7 Column_8 Column_9 Column_10 Column_11 Column_12 Column_13 Column_14 Column_15 Column_16 Column_17 Column_18 Column_19 Column_20 Column_21 Column_22 Column_23 Column_24 Column_25 Column_26 Column_27 Column_28 Column_29 Column_30 Column_31 Column_32 Column_33 Column_34 Column_35 Column_36 Column_37 Column_38 Column_39 Column_40 Column_41 Column_42 Column_43 Column_44 Column_45 Column_46 Column_47 Column_48 Column_49 Column_50 Column_51 Column_52 Column_53 Column_54 Column_55 Column_56 Column_57 Column_58 Column_59 Column_60 Column_61 Column_62 Column_63 Column_64 Column_65 Column_66 Column_67 Column_68 Column_69 Column_70 Column_71 Column_72 Column_73 Column_74 Column_75 Column_76 Column_77 Column_78 Column_79 Column_80 Column_81 Column_82 Column_83 Column_84 Column_85 Column_86 Column_87 Column_88 Column_89 Column_90 Column_91 Column_92 Column_93 Column_94 Column_95 Column_96 Column_97 Column_98 Column_99 Column_100 Column_101 Column_102 Column_103 Column_104 Column_105 Column_106 Column_107 Column_108 Column_109 Column_110 Column_111 Column_112 Column_113 Column_114 Column_115 Column_116 Column_117 Column_118 Column_119 Column_120 Column_121 Column_122 Column_123 Column_124 Column_125 Column_126
feature_infos=[-4.6268041035720255:6.0069305704046343] [-3.862312370529994:4.0832619148893601] [-3.7163093795827353:3.6544265240928073] [-3.4609469411371871:3.2399873259530714] [-3.1786475454894174:2.5983333234850798] [-2.155857528548963:2.47447696952525] [-3.4063797337012889:3.3114305393002716] [-1.1734312413575929:4.755319658676413] [-1.6139140211723235:1.6124245649824895] [-3.1017724077380922:2.6638104644029181] [-1.2374679934516926:3.8504285899817301] [-2.4237876298289769:2.6587805542599083] [-2.0765162101788617:2.5153201656779127] [-1.3139947482908882:2.7745221388233214] [-2.5018184032706166:2.9866552178790267] [-1.7991902370546689:1.4641344636414955] [-1.8662701971189142:1.7718387800197279] [-1.0359136242208751:0.67130252868868656] [-1.0956022543138875:0.6894234222411012] [-1.0359136242208751:0.67130252868868645] [-2.3303958347442411:2.8911735732725234] [-3.203142619654467:3.4960634222766624] [-2.864976672415203:2.8444892239404105] [-1.9441823346786884:2.794539336112229] [-2.2045528349479473:1.8602207661181134] [-2.073806743600723:1.8776539872341427] [-3.22730697494781:2.1914908025246298] [-1.791596902848964:1.5798853244593614] [-0.95311332106779612:2.8266158281320117] [-3.5426093449479206:3.3343850685449112] [-3.266275601768867:2.9371165698319692] [-2.5035699052605871:2.2161594443066361] [-2.4779152874084187:2.3825223499519028] [-2.0050316247267843:2.4342637725924359] [-2.1502872428038593:2.2822282932168041] [-1.9410097563727928:2.0083515424798408] [-2.045958981274989:2.2115019867135035] [-1.2250202424984911:3.1623936328397653] [-1.233600967736864:3.7113562446940365] [-1.3255527136439367:2.6913239778421021] [-1.1779452161730728:1.8110293583140038] [-2.0395739001084059:1.6001082171943624] [-1.7567776806963606:1.65925414687714] [-1.9712004286400655:11.838204433314683] [-591.26272173030611:94.299742658723929] [-487.88452233125531:101.54981277526774] [-640.71422599092864:47.124909940064221] [-1.1315825525699543:3.3039451481235864] [-1.8575166379391064:1.7189113789261443] [-1.1630451037579781:6.3306757537243845] [-3.867652320206032:4.5928419695727802] [-10.080950183483392:8.3561647121438938] [-1:1] [-0.83333333333333337:1] [0:1] [0:1] [-3.5827524790285139:4.3154473429230844] [-4.0562963676519814:2.3325201469451535] [-2.3371901645858775:1.5896574009008153] [-1.0274268497732129:2.3357271815079783] [-2.4322724946438954:1.3307201708314245] [-1.6890439213934751:0.32198573389654961] [-3.1162375656751777:3.5618550970343854] [-2.6870600889011795:2.4642119376221836] [-2.2037955126117197:1.8814437383060789] [-5.2041482469319345:4.62175589265863] [-4.6824358897052862:3.1132511247180097] [-3.3848662895719825:2.7851417237344869] [-1.1908867465495157:2.8007615344486911] [-2.2681090010099756:2.3378761093364768] [-2.5250894390556629:0.63282021715880832] [-3.842542148544521:4.4110708728842782] [-5.8218830951028187:4.7771464635793484] [-3.0570301291189557:4.0039166123806176] [-3.4149222621736537:2.2637245097514103] [-2.4849234623351513:1.6988141700002217] [-0.97633263491196676:2.2945517100392245] [-2.1925063718660263:1.3054812176665234] [-1.4932433393359004:0.31621236668352115] [-4.5375414742882816:7.8684650966946004] [-4.026775521979026:5.531294041176305] [-2.4075809636944698:4.1386428494967609] [-1.3142431115432558:4.6913393178528615] [-1.2128981195284769:7.9575246151762205] [-1.2342879427283697:2.3332994795062194] [-6.5012829421683316:6.6774679662524203] [-4.5314239788777808:3.5165865070917639] [-2.7362485311784321:3.7476521811905683] [-1.2110853712017766:3.5468492269786567] [-1.7992957978891841:4.4364559203739287] [-0.82368239422926026:2.1645217940033317] [-11.27594426910813:11.053455300399325] [-6.0430216689232639:5.2431771126783069] [-3.4757321594287305:3.7646132649841171] [-0.99442636989927358:3.1105443689538159] [-2.1401439080565452:4.0585434417468562] [-1.2362702197861926:0.66804965344588041] [-3.9512664843552812:2.9641871078954387] [-3.4514510044756408:3.0002289885661177] [-2.5789550090238884:1.7081445447705399] [-1.3289290026479641:3.1979541374411764] [-2.1178782621448935:1.8611384999996154] [-1.4798276692460424:0.43536976673221567] [-5.4319512925505906:3.1945137541572954] [-4.1934446333566422:3.5527150999290673] [-1.9383757265739703:2.8733719832576732] [-1.3418839681076882:4.1208695833090481] [-1.7869055809535381:4.4869946740840305] [-1.5859886714312248:1.2791442770769939] [-4.4114147880816903:2.6608820866267151] [-3.8070309579488875:3.5206849978859003] [-1.9938529087765051:2.6178321298180087] [-1.382153821989083:3.9204440540424792] [-1.6127681151416453:3.8518977322871573] [-1.6113604439853819:1.2009760920944479] [-3.3361687522286663:3.5683491125216622] [-2.2396029048155199:2.6507179314534244] [-1.9757013423130925:2.042186105971624] [-1.4708356128285724:1.9617766305172581] [-1.488955723010376:2.0512904020169129] [-2.4266646458755412:0.64899957575063594] [-3.2185615159771666:3.4559804766769173] [-2.776366177316814:3.5941854834439781] [-1.7324055609268327:2.473058254893183] [-0.76630026662546491:2.7420384320344202] [-1.5092611797183133:2.4102295088095991] [-1.3774647631077823:0.90147170386274167]
tree_sizes=849 848 857 857 775 850 774 772 607 863 602 863 605 608 611 865 600 876 869 782 600 869 869 870 599 784 869 871 872 603 774 599 778 776 787 516 875 777 786 867 855 784 784 700 607 594 771 773 603 601 877 869 777 863 868 866 773 868 855 778 780 604 868 779 873 694 685 607 686 691 774 773 686 864 871 686 686 780 784 695 684 692 870 861 609 769 780 786 600 608 785 611 779 771 780 608 605 756 605 868 609 688 778 775 870 686 773 777 607 783 605 697 604 607 781 609 781 876 518 606

Tree=0
num_leaves=8
num_cat=0
split_feature=76 61 63 70 118 13 124
split_gain=14.2545 21.9672 14.2816 8.54226 11.7183 5.1598 1.51294
threshold=0.32173014998023902 -1.1548767187802091 0.7318331836655364 0.20093308411128366 -0.77061972280752167 0.17695276523053183 0.23362541428349387
decision_type=2 2 2 2 2 2 2
left_child=3 6 -3 5 -5 -1 -2
right_child=1 2 -4 4 -6 -7 -8
leaf_value=-0.031241729995235799 -0.032012242525815963 -0.034553566724061964 -0.030985253751277923 -0.033885959088802341 -0.032257951702922581 -0.032478276826441291 -0.030275746192783119
leaf_weight=559 45 512 91 113 644 178 168
leaf_count=559 45 512 91 113 644 178 168
internal_value=-0.0324442 -0.0366898 -0.0405843 -0.0301227 -0.0331074 -0.0270634 -0.0256913
internal_weight=2310 816 603 1494 757 737 213
internal_count=2310 816 603 1494 757 737 213
is_linear=0
shrinkage=1


Tree=1
num_leaves=8
num_cat=0
split_feature=76 95 64 35 70 119 107
split_gain=13.2672 18.25 12.133 8.55282 5.45423 3.74721 1.53993
threshold=0.32173014998023902 1.7422086027224397 0.71864242435378811 0.86651571157746476 0.20093308411128366 0.44623765976905944 0.24101197281134593
decision_type=2 2 2 2 2 2 2
left_child=3 2 -2 4 -1 -5 -3
right_child=1 6 -4 5 -6 -7 -8
leaf_value=0.00089408580865710978 -0.0020076700389385226 0.002644759280607104 0.0010402735721319915 -0.0021285472989082334 8.6025200784206336e-05 -1.0643828660249766e-05 0.00078204392492771141
leaf_weight=735 537 123 99 45 674 40 57
leaf_count=735 537 123 99 45 674 40 57
internal_value=-6.05536e-05 -0.00415648 -0.00733542 0.00217914 0.002927 -0.01 0.00703297
internal_weight=2310 816 636 1494 1409 85 180
internal_count=2310 816 636 1494 1409 85 180
is_linear=0
shrinkage=0.04


Tree=2
num_leaves=8
num_cat=0
split_feature=106 94 37 69 64 120 46
split_gain=11.4702 9.66809 14.3922 7.10769 6.86525 6.65796 5.46614
threshold=0.78551953104228978 0.62280130517907273 0.74620501909110148 -0.2427531778021341 0.31632440111160537 -0.43911744282201354 -1.7064403536359851
decision_type=2 2 2 2 2 2 2
left_child=3 4 -3 6 -2 -5 -1
right_child=1 2 -4 5 -6 -7 -8
leaf_value=-0.0016592065807580947 -0.0012738770600557328 -0.0035360781457424162 -0.00076644580626487738 -0.0018439137959368529 0.0020173509776145221 0.00011269941472448406 0.00083954197673127059
leaf_weight=40 106 83 94 211 74 1056 646
leaf_count=40 106 83 94 211 74 1056 646
internal_value=2.59516e-05 -0.00654596 -0.0131285 0.00123274 0 -0.000543735 0.00450581
internal_weight=2310 357 177 1953 180 1267 686
internal_count=2310 357 177 1953 180 1267 686
is_linear=0
shrinkage=0.04


Tree=3
num_leaves=8
num_cat=0
split_feature=76 61 63 35 14 117 93
split_gain=11.4702 21.5114 13.2641 7.84688 4.91791 4.21191 1.47965
threshold=0.32173014998023902 -1.1548767187802091 0.7318331836655364 0.86651571157746476 0.10264190318114147 0.41005913639590291 0.84363326990769483
decision_type=2 2 2 2 2 2 2
left_child=3 6 -3 4 -1 -5 -2
right_child=1 2 -4 5 -6 -7 -8
leaf_value=0.00087488163146637375 0.00032671044039126503 -0.0019095807306934521 0.0013639932845877483 -0.0020479133835408837 9.4485058220848404e-05 1.6943944576010006e-05 0.0026475308671636134
leaf_weight=769 66 512 91 45 640 40 147
leaf_count=769 66 512 91 45 640 40 147
internal_value=4.32526e-05 -0.00376528 -0.00761983 0.00212567 0.00284196 -0.00954023 0.00711628
internal_weight=2310 816 603 1494 1409 85 213
internal_count=2310 816 603 1494 1409 85 213
is_linear=0
shrinkage=0.04


Tree=4
num_leaves=7
num_cat=0
split_feature=126 61 76 32 69 14
split_gain=11.4792 10.6846 23.413 9.23186 5.23951 1.16581
threshold=-0.25216691458784662 -1.1548767187802091 0.32534600957962512 1.000889295003246 0.53001435876890624 -0.16049286888612968
decision_type=2 2 2 2 2 2
left_child=3 5 -3 4 -1 -2
right_child=1 2 -4 -5 -6 -7
leaf_value=0.0013074225645007232 0.00066088084213344173 9.1009080786824125e-05 -0.0020464135293290749 -0.0012651686428164987 -0.00053596577195067299 0.0020002749088231546
leaf_weight=651 71 861 417 42 150 118
leaf_count=651 71 861 417 42 150 118
internal_value=6.05536e-05 -0.00207624 -0.00339062 0.00377515 0.00474471 0.00675393
internal_weight=2310 1467 1278 843 801 189
internal_count=2310 1467 1278 843 801 189
is_linear=0
shrinkage=0.04


Tree=5
num_leaves=8
num_cat=0
split_feature=106 95 64 35 75 114 61
split_gain=9.96723 10.1611 15.1763 7.79769 5.84687 5.13376 1.18731
threshold=0.78551953104228978 1.6697031474721329 0.75883142389032765 0.88388320976355939 0.14312441670866372 0.71840708837389222 -1.0462310066658991
decision_type=2 2 2 2 2 2 2
left_child=3 2 -2 5 -5 -1 -3
right_child=1 6 -4 4 -6 -7 -8
leaf_value=0.00051160244425771785 -0.0024407068267425108 0.002419107809258221 0.0014277231214023783 1.718459557766422e-05 -0.0018934301794894008 -0.00076693596937840453 0.00094968906692853778
leaf_weight=1623 214 48 53 59 54 217 42
leaf_count=1623 214 48 53 59 54 217 42
internal_value=2.59516e-05 -0.00610028 -0.01 0.0011509 -0.00895652 0.00178067 0.00543478
internal_weight=2310 357 267 1953 113 1840 90
internal_count=2310 357 267 1953 113 1840 90
is_linear=0
shrinkage=0.04


Tree=6
num_leaves=7
num_cat=0
split_feature=126 32 106 35 34 67
split_gain=10.2641 8.99102 8.7447 9.33789 7.17478 4.55177
threshold=-0.25216691458784662 1.000889295003246 0.78551953104228978 0.1242747947490826 -0.62332066450627954 0.79987450684498884
decision_type=2 2 2 2 2 2
left_child=1 5 4 -4 -2 -1
right_child=2 -3 3 -5 -6 -7
leaf_value=0.0011300584637017426 0.0007878502360595868 -0.0012109756686366766 -0.0022273325346372323 0.0014474713841625014 -0.00046817741254696801 -0.0010683332705859908
leaf_weight=738 245 42 177 90 955 63
leaf_count=738 245 42 177 90 955 63
internal_value=2.59516e-05 0.00353846 -0.00199455 -0.00851301 -0.000532446 0.00449564
internal_weight=2310 843 1467 267 1200 801
internal_count=2310 843 1467 267 1200 801
is_linear=0
shrinkage=0.04


Tree=7
num_leaves=7
num_cat=0
split_feature=126 61 59 32 69 93
split_gain=9.49903 9.10717 18.7174 8.61471 4.85902 1.23802
threshold=-0.29884573624550287 -1.1548767187802091 0.22235333643011071 0.97447740916121772 0.53001435876890624 0.7876630629966801
decision_type=2 2 2 2 2 2
left_child=3 5 -3 4 -1 -2
right_child=1 2 -4 -5 -6 -7
leaf_value=0.0012332830838079818 0.000440045113152622 6.2533912413049729e-05 -0.0017969637081848993 -0.001016351374010602 -0.00047546509712309006 0.002259039863472638
leaf_weight=601 72 921 420 41 135 120
leaf_count=601 72 921 420 41 135 120
internal_value=0.000112457 -0.00171336 -0.00288161 0.00370988 0.00471545 0.00639175
internal_weight=2310 1533 1341 777 736 192
internal_count=2310 1533 1341 777 736 192
is_linear=0
shrinkage=0.04


Tree=8
num_leaves=5
num_cat=0
split_feature=35 125 46 11
split_gain=9.41501 8.30591 8.92068 8.91846
threshold=1.1047145422063773 -0.20126659934567276 -0.87135953760263252 0.46075467654355645
decision_type=2 2 2 2
left_child=1 3 -3 -1
right_child=-2 2 -4 -5
leaf_value=0.0011313394600215095 -0.0025811409371115559 -0.0012921339002182313 -3.4163683335185492e-05 -0.00056870956621787069
leaf_weight=676 45 205 1130 254
leaf_count=676 45 205 1130 254
internal_value=6.05536e-05 0.000427878 -0.00159312 0.00332618
internal_weight=2310 2265 1335 930
internal_count=2310 2265 1335 930
is_linear=0
shrinkage=0.04


Tree=9
num_leaves=8
num_cat=0
split_feature=76 78 63 70 118 69 13
split_gain=9.08063 12.9198 12.6908 8.36771 10.4336 5.6693 4.16363
threshold=0.32173014998023902 -1.0802137043683384 0.7318331836655364 0.20093308411128366 -0.77061972280752167 0.23238956904061256 0.17695276523053183
decision_type=2 2 2 2 2 2 2
left_child=3 5 -3 6 -5 -2 -1
right_child=1 2 -4 4 -6 -7 -8
leaf_value=0.0010061284356390346 0.0012569691590983768 -0.0017237186125240961 0.0012067194895174905 -0.0013376092376317626 0.00012472936951016093 -0.0011575149326571461 -7.1420265479673161e-05
leaf_weight=559 229 392 91 113 644 104 178
leaf_count=559 229 392 91 113 644 104 178
internal_value=0.000112457 -0.00327628 -0.0074433 0.00196524 -0.000988142 0.00277612 0.00499323
internal_weight=2310 816 483 1494 757 333 737
internal_count=2310 816 483 1494 757 333 737
is_linear=0
shrinkage=0.04


Tree=10
num_leaves=5
num_cat=0
split_feature=35 61 76 93
split_gain=8.61999 8.02014 15.9619 0.625772
threshold=1.1047145422063773 -1.1548767187802091 0.3879666408707802 0.63175563660622946
decision_type=2 2 2 2
left_child=1 3 -3 -1
right_child=-2 2 -4 -5
leaf_value=0.00048819639539837727 -0.0024315947023208074 0.00030088776607811485 -0.0012703463400190889 0.0022786379405123985
leaf_weight=52 45 1508 538 167
leaf_count=52 45 1508 538 167
internal_value=0.000147059 0.000498456 -0.000283203 0.00773756
internal_weight=2310 2265 2046 219
internal_count=2310 2265 2046 219
is_linear=0
shrinkage=0.04


Tree=11
num_leaves=8
num_cat=0
split_feature=126 61 76 69 63 31 106
split_gain=9.13733 8.61404 17.2401 7.4374 5.17372 2.7873 0.899419
threshold=-0.25216691458784662 -1.1564599150557155 0.32534600957962512 0.53001435876890624 0.52354577803580382 0.7066800174389859 0.12322600930120579
decision_type=2 2 2 2 2 2 2
left_child=3 6 -3 5 -5 -1 -2
right_child=1 2 -4 4 -6 -7 -8
leaf_value=0.0011330376597203839 0.00039259934266708805 6.3422380819714295e-05 -0.0016501016581630882 -0.00099829658661207735 0.0014810565303009287 -0.00067696057334866704 0.0020716023598736063
leaf_weight=609 48 861 426 124 56 54 132
leaf_count=609 48 861 426 124 56 54 132
internal_value=0.000129758 -0.00177672 -0.00292475 0.00344379 -0.00373626 0.0053985 0.00637363
internal_weight=2310 1467 1287 843 180 663 180
internal_count=2310 1467 1287 843 180 663 180
is_linear=0
shrinkage=0.04


Tree=12
num_leaves=5
num_cat=0
split_feature=35 125 61 11
split_gain=8.60243 8.20438 8.05439 7.81107
threshold=1.1047145422063773 -0.19422466379563222 -1.1548767187802091 0.46075467654355645
decision_type=2 2 2 2
left_child=1 3 -3 -1
right_child=-2 2 -4 -5
leaf_value=0.0010491522075475905 -0.0022683268479014519 0.0011615437189950516 -0.00046703192493054629 -0.0005357898330729785
leaf_weight=681 45 153 1174 257
leaf_count=681 45 153 1174 257
internal_value=0.000129758 0.000480812 -0.00154251 0.00334043
internal_weight=2310 2265 1327 938
internal_count=2310 2265 1327 938
is_linear=0
shrinkage=0.04


Tree=13
num_leaves=5
num_cat=0
split_feature=76 125 46 58
split_gain=8.00269 6.6486 8.65564 6.4121
threshold=1.9487137687407663 -0.12336569723551243 -0.87135953760263252 0.29958642387846601
decision_type=2 2 2 2
left_child=1 3 -3 -1
right_child=-2 2 -4 -5
leaf_value=0.0010667294230481028 -0.0020420540627210833 -0.0012756085925720848 -3.4261916203678425e-05 -0.00011847103860954694
leaf_weight=600 42 189 1074 405
leaf_count=600 42 189 1074 405
internal_value=7.78547e-05 0.000405286 -0.00152569 0.00283019
internal_weight=2310 2268 1263 1005
internal_count=2310 2268 1263 1005
is_linear=0
shrinkage=0.04


Tree=14
num_leaves=5
num_cat=0
split_feature=76 125 46 83
split_gain=7.98633 6.31388 8.26778 5.9183
threshold=1.9487137687407663 -0.12336569723551243 -0.87135953760263252 -0.65268786472656914
decision_type=2 2 2 2
left_child=1 3 -3 -1
right_child=-2 2 -4 -5
leaf_value=-0.00061798782467858125 -0.0019603719002122401 -0.0012245842488692014 -3.2891439555531242e-05 0.00084275146285993027
leaf_weight=179 42 189 1074 826
leaf_count=179 42 189 1074 826
internal_value=6.05536e-05 0.000387665 -0.00149407 0.00275074
internal_weight=2310 2268 1263 1005
internal_count=2310 2268 1263 1005
is_linear=0
shrinkage=0.04


Tree=15
num_leaves=8
num_cat=0
split_feature=76 61 64 70 107 13 93
split_gain=7.71719 15.6026 10.9824 7.48042 7.47055 4.63658 2.14495
threshold=0.32173014998023902 -1.1548767187802091 0.71864242435378811 0.20093308411128366 -0.20312141718320043 0.17695276523053183 0.63175563660622946
decision_type=2 2 2 2 2 2 2
left_child=3 6 -3 5 -5 -1 -2
right_child=1 2 -4 4 -6 -7 -8
leaf_value=0.00093953493722866903 -2.8324581460983449e-05 -0.0014257117841755468 0.00093036901703831359 0.001416045127270899 -0.00064993248704055251 -0.0001032222374412849 0.0018693549859029935
leaf_weight=559 51 505 98 256 501 178 162
leaf_count=559 51 505 98 256 501 178 162
internal_value=4.32526e-05 -0.00308068 -0.00636364 0.00175134 -0.00104084 0.00461434 0.00618605
internal_weight=2310 816 603 1494 757 737 213
internal_count=2310 816 603 1494 757 737 213
is_linear=0
shrinkage=0.04


Tree=16
num_leaves=5
num_cat=0
split_feature=76 95 76 90
split_gain=7.24234 6.37368 11.0623 1.19536
threshold=1.9487137687407663 1.4154423910911156 0.3879666408707802 0.66461599701608032
decision_type=2 2 2 2
left_child=1 2 -1 -3
right_child=-2 3 -4 -5
leaf_value=0.00026546060847967948 -0.0018249285528367291 0.0015451643654285617 -0.00099162670725242569 0.00050047563743987075
leaf_weight=1494 42 198 534 42
leaf_count=1494 42 198 534 42
internal_value=0.00016436 0.000475771 -0.000256158 0.00661157
internal_weight=2310 2268 2028 240
internal_count=2310 2268 2028 240
is_linear=0
shrinkage=0.04


Tree=17
num_leaves=8
num_cat=0
split_feature=113 16 76 102 119 11 47
split_gain=7.02207 6.69234 6.98716 6.24894 7.29734 5.17096 2.05099
threshold=-0.07955129870105275 -0.69788818036462763 0.41254950671804824 0.33103819482696156 -0.66385447678883291 0.47557335082818442 0.44180387778979641
decision_type=2 2 2 2 2 2 2
left_child=3 6 -3 5 -5 -1 -2
right_child=1 2 -4 4 -6 -7 -8
leaf_value=0.00093281544662819757 5.7697993820501371e-05 -0.00015019782227263027 -0.0014404823095965219 0.00040782262032334593 -0.0018658393705402515 -0.00026313030504920073 0.00088862749731879619
leaf_weight=708 106 704 306 81 75 222 108
leaf_count=708 106 704 306 81 75 222 108
internal_value=0.000216263 -0.00185971 -0.00322134 0.00255515 -0.00481013 0.00379828 0.00453704
internal_weight=2310 1224 1010 1086 156 930 214
internal_count=2310 1224 1010 1086 156 930 214
is_linear=0
shrinkage=0.04


Tree=18
num_leaves=8
num_cat=0
split_feature=113 117 70 102 40 11 4
split_gain=6.62576 7.18592 6.02436 5.08017 6.54485 5.00565 3.44802
threshold=-0.07955129870105275 0.72101908763453015 0.20093308411128366 0.33103819482696156 0.56008051577381202 0.47557335082818442 0.64852586845550697
decision_type=2 2 2 2 2 2 2
left_child=3 2 -2 5 -5 -1 -3
right_child=1 6 -4 4 -6 -7 -8
leaf_value=0.00089550282876306973 -6.4534519192042538e-05 0.00061205652140230136 -0.0010955042814084881 -0.0017751346302148435 0.0004388091687988961 -0.00025260509284723265 -0.00078350794063889177
leaf_weight=708 545 213 409 76 80 222 57
leaf_count=708 545 213 409 76 80 222 57
internal_value=0.000320069 -0.00169657 -0.00332636 0.00259191 -0.00405063 0.00371245 0.00404412
internal_weight=2310 1224 954 1086 156 930 270
internal_count=2310 1224 954 1086 156 930 270
is_linear=0
shrinkage=0.04


Tree=19
num_leaves=7
num_cat=0
split_feature=16 113 102 69 46 83
split_gain=5.98515 9.59555 8.18738 6.9861 2.16346 1.57327
threshold=-0.66922974124956935 0.81765399241701997 0.33103819482696156 0.69849390798737565 -1.7064403536359851 -0.33994449838222091
decision_type=2 2 2 2 2 2
left_child=4 2 -2 -3 -1 -6
right_child=1 3 -4 -5 5 -7
leaf_value=-0.00040589283035138052 0.00027786715481940025 -0.0015821636960722349 -0.0012603926115277483 0.0001247615386395514 -1.0819394306607611e-05 0.0010288467872275717
leaf_weight=44 1420 180 215 96 59 296
leaf_count=44 1420 180 215 96 59 296
internal_value=0.000320069 -0.000611605 0.000555895 -0.00748201 0.00476309 0.00579832
internal_weight=2310 1911 1635 276 399 355
internal_count=2310 1911 1635 276 399 355
is_linear=0
shrinkage=0.04


Tree=20
num_leaves=5
num_cat=0
split_feature=35 61 123 38
split_gain=6.39972 6.92053 9.49594 1.01626
threshold=1.1047145422063773 -1.1116559636999137 0.73090092669704598 1.430026918650054
decision_type=2 2 2 2
left_child=1 3 -3 -1
right_child=-2 2 -4 -5
leaf_value=0.0015304108400116807 -0.001797146344540145 0.00012287526901020335 -0.0014117280900182471 0.00032175661066597891
leaf_weight=178 45 1777 244 66
leaf_count=178 45 1777 244 66
internal_value=0.000354671 0.000657256 -0.000113693 0.00699187
internal_weight=2310 2265 2021 244
internal_count=2310 2265 2021 244
is_linear=0
shrinkage=0.04


Tree=21
num_leaves=8
num_cat=0
split_feature=16 113 102 36 35 70 1
split_gain=6.29356 8.62516 7.49802 7.34657 1.8513 4.43849 0.10719
threshold=-0.66922974124956935 0.76116353747042798 0.33103819482696156 -0.72595955860722661 -0.44079491938692289 -0.094810686290985727 -0.86594533305393284
decision_type=2 2 2 2 2 2 2
left_child=4 2 -2 -3 5 -1 -6
right_child=1 3 -4 -5 6 -7 -8
leaf_value=0.00058615698994071003 0.00027051712365930926 -0.0028069317846975313 -0.0011870624575412026 -0.00077905891566183055 0.0014518731983394423 -0.0005083643405050897 0.0010442369304728531
leaf_weight=202 1399 48 215 249 52 60 85
leaf_count=202 1399 48 215 249 52 60 85
internal_value=0.000406574 -0.000548876 0.000606436 -0.0067893 0.00496259 0.00295455 0.00870504
internal_weight=2310 1911 1614 297 399 262 137
internal_count=2310 1911 1614 297 399 262 137
is_linear=0
shrinkage=0.04


Tree=22
num_leaves=8
num_cat=0
split_feature=83 94 64 40 110 47 93
split_gain=5.71874 8.30478 14.2405 8.75699 2.48187 2.10866 0.548495
threshold=0.84776271587850183 0.57794486498537123 0.75883142389032765 -0.5011207189811232 -0.1655950229279867 -0.34473349874417786 -0.16161434923591753
decision_type=2 2 2 2 2 2 2
left_child=1 3 -3 -1 6 -6 -2
right_child=4 2 -4 -5 5 -7 -8
leaf_value=-0.00068950437932116808 0.00083050652155229219 -0.0013308777613513659 0.0016304959528798688 0.0004595040662705238 -0.00059647946483223273 0.00052606382268460079 0.0011438431732508677
leaf_weight=349 45 321 84 1142 44 169 156
leaf_count=349 45 321 84 1142 44 169 156
internal_value=0.000320069 -0.00061117 -0.00567568 0.000770261 0.00456731 0.00153488 0.00773399
internal_weight=2310 1896 405 1491 414 213 201
internal_count=2310 1896 405 1491 414 213 201
is_linear=0
shrinkage=0.04


Tree=23
num_leaves=8
num_cat=0
split_feature=16 113 36 102 35 70 1
split_gain=6.11482 7.84625 6.79889 6.20037 1.953 4.29812 0.10719
threshold=-0.66922974124956935 0.76116353747042798 -0.72595955860722661 0.33103819482696156 -0.44079491938692289 -0.094810686290985727 -0.86594533305393284
decision_type=2 2 2 2 2 2 2
left_child=4 3 -3 -2 5 -1 -6
right_child=1 2 -4 -5 6 -7 -8
leaf_value=0.00054433054769226067 0.00027509780272265465 -0.0026414194028555756 -0.00074398794911806289 -0.0011072856110796016 0.0013747525101909029 -0.0005038146035424582 0.00097364523656549081
leaf_weight=202 1399 48 249 215 52 60 85
leaf_count=202 1399 48 249 215 52 60 85
internal_value=0.000371972 -0.000569786 -0.00652174 0.000532178 0.00486284 0.00280303 0.00870504
internal_weight=2310 1911 297 1614 399 262 137
internal_count=2310 1911 297 1614 399 262 137
is_linear=0
shrinkage=0.04


Tree=24
num_leaves=5
num_cat=0
split_feature=35 61 76 10
split_gain=5.6758 5.93137 10.2685 1.27933
threshold=1.1047145422063773 -1.1116559636999137 0.3879666408707802 1.4580157325006342
decision_type=2 2 2 2
left_child=1 3 -3 -1
right_child=-2 2 -4 -5
leaf_value=0.0014130144890649138 -0.0016938499773597633 0.0002612358383061572 -0.00088969718657183009 0.00030628070767917711
leaf_weight=183 45 1508 513 61
leaf_count=183 45 1508 513 61
internal_value=0.000354671 0.000639612 -7.41473e-05 0.00650407
internal_weight=2310 2265 2021 244
internal_count=2310 2265 2021 244
is_linear=0
shrinkage=0.04


Tree=25
num_leaves=7
num_cat=0
split_feature=16 113 36 102 46 83
split_gain=5.51565 7.34729 6.66062 6.32341 2.93562 1.4233
threshold=-0.59933025849030319 0.76116353747042798 -0.72595955860722661 0.33103819482696156 -1.7064403536359851 -0.33994449838222091
decision_type=2 2 2 2 2 2
left_child=4 3 -3 -2 -1 -6
right_child=1 2 -4 -5 5 -7
leaf_value=-0.00052144586938676477 0.00026771011559885638 -0.002664058633481411 -0.00077709167509164181 -0.0010511335732156589 7.5667007832145449e-06 0.00082560908993595781
leaf_weight=51 1351 43 242 203 74 346
leaf_count=51 1351 43 242 203 74 346
internal_value=0.000354671 -0.000635524 -0.00651568 0.000449871 0.00420719 0.00530806
internal_weight=2310 1839 285 1554 471 420
internal_count=2310 1839 285 1554 471 420
is_linear=0
shrinkage=0.04


Tree=26
num_leaves=8
num_cat=0
split_feature=113 117 70 53 11 75 123
split_gain=5.19849 6.46331 6.72636 5.9193 9.07506 3.8171 2.77962
threshold=-0.07955129870105275 0.37842273319815739 0.20093308411128366 0.25000000000000006 0.57209169545012972 0.19041113972226439 0.61142271275064142
decision_type=2 2 2 2 2 2 2
left_child=3 2 -2 6 -5 -3 -1
right_child=1 5 -4 4 -6 -7 -8
leaf_value=0.0012066814695890769 -3.2399600110489641e-05 0.00067777127984366221 -0.0011184103746132315 0.00031661762543964148 -0.0015949585685077719 -0.00027718300434484688 -0.001125767552131801
leaf_weight=441 496 252 356 502 101 120 42
leaf_count=441 496 252 356 502 101 120 42
internal_value=0.000285467 -0.00150082 -0.0034192 0.00229779 -0.000347107 0.0028877 0.00558763
internal_weight=2310 1224 852 1086 603 372 483
internal_count=2310 1224 852 1086 603 372 483
is_linear=0
shrinkage=0.04


Tree=27
num_leaves=8
num_cat=0
split_feature=16 107 36 102 35 70 117
split_gain=5.12952 6.8468 7.70965 5.70054 1.87827 3.91934 0.314009
threshold=-0.66922974124956935 0.53305222190958423 -0.75084277854509041 0.33103819482696156 -0.44079491938692289 0.01046212044249494 -0.3665955001429349
decision_type=2 2 2 2 2 2 2
left_child=4 3 -3 -2 5 -1 -6
right_child=1 2 -4 -5 6 -7 -8
leaf_value=0.00043374144655881534 0.00031529325150955739 -0.0021120729821148803 -0.00056677215807881209 -0.0010199276258216303 0.00039646369166814409 -0.00052474068106430651 0.0013232534673560132
leaf_weight=213 1271 60 380 200 40 49 97
leaf_count=213 1271 60 380 200 40 49 97
internal_value=0.000250865 -0.000611605 -0.00497738 0.000699253 0.00436409 0.00234848 0.0081295
internal_weight=2310 1911 440 1471 399 262 137
internal_count=2310 1911 440 1471 399 262 137
is_linear=0
shrinkage=0.04


Tree=28
num_leaves=8
num_cat=0
split_feature=83 94 64 40 110 8 46
split_gain=5.14346 6.94837 13.0526 9.19746 2.15074 1.44872 0.490157
threshold=0.84776271587850183 0.50630680819676244 0.75883142389032765 -0.5011207189811232 -0.16289508275386502 -0.063071091784039524 -0.30919510947715106
decision_type=2 2 2 2 2 2 2
left_child=1 3 -3 -1 6 -6 -2
right_child=4 2 -4 -5 5 -7 -8
leaf_value=-0.00064699880797804566 0.00061615728927286574 -0.0010175125482019829 0.0015745678363816057 0.00051599133693728291 -0.00025054711243105719 0.00063010366962258342 0.0011087110984494405
leaf_weight=349 51 380 88 1079 90 120 153
leaf_count=349 51 380 88 1079 90 120 153
internal_value=0.000250865 -0.000632244 -0.00485106 0.000755245 0.00427885 0.00141509 0.00718447
internal_weight=2310 1896 468 1428 414 210 204
internal_count=2310 1896 468 1428 414 210 204
is_linear=0
shrinkage=0.04


Tree=29
num_leaves=5
num_cat=0
split_feature=35 95 106 25
split_gain=4.96863 5.29846 6.78935 1.60456
threshold=1.1047145422063773 1.5166196616954819 0.78551953104228978 -1.2334423655184359
decision_type=2 2 2 2
left_child=1 2 -1 -3
right_child=-2 3 -4 -5
leaf_value=0.00013680756429168304 -0.0015286965796535662 3.1479808626692551e-06 -0.00095816703657177675 0.0020418947645673684
leaf_weight=1804 45 48 242 171
leaf_count=1804 45 48 242 171
internal_value=0.000320069 0.000586678 -4.88281e-05 0.00647059
internal_weight=2310 2265 2046 219
internal_count=2310 2265 2046 219
is_linear=0
shrinkage=0.04


Tree=30
num_leaves=7
num_cat=0
split_feature=95 76 70 26 46 105
split_gain=4.58257 8.80449 6.77683 6.57621 1.46904 0.880837
threshold=1.5166196616954819 0.3879666408707802 0.20093308411128366 0.49311162652103907 0.9286277085419542 0.49551847059383058
decision_type=2 2 2 2 2 2
left_child=1 2 -1 -3 5 -2
right_child=4 3 -4 -5 -6 -7
leaf_value=0.0005692528501494296 0.0027601814975060967 -0.00034673268641264454 -0.00023654609347826313 -0.0016482489444880366 9.506883064417937e-06 0.00059353956752171151
leaf_weight=758 117 420 748 153 69 45
leaf_count=758 117 420 748 153 69 45
internal_value=0.000302768 -0.000293128 0.001313 -0.00450435 0.00562232 0.00768293
internal_weight=2310 2079 1506 573 231 162
internal_count=2310 2079 1506 573 231 162
is_linear=0
shrinkage=0.04


Tree=31
num_leaves=5
num_cat=0
split_feature=35 95 76 25
split_gain=4.94201 4.42355 6.94805 1.34656
threshold=1.1047145422063773 1.5166196616954819 0.3879666408707802 -1.2334423655184359
decision_type=2 2 2 2
left_child=1 2 -1 -3
right_child=-2 3 -4 -5
leaf_value=0.00020349802576367102 -0.0014679289917900002 2.6417863055856708e-06 -0.00064696020597603389 0.0018990857212198282
leaf_weight=1499 45 48 547 171
leaf_count=1499 45 48 547 171
internal_value=0.000285467 0.00055139 -2.92969e-05 0.0059276
internal_weight=2310 2265 2046 219
internal_count=2310 2265 2046 219
is_linear=0
shrinkage=0.04


Tree=32
num_leaves=7
num_cat=0
split_feature=35 53 119 83 35 125
split_gain=5.02426 7.56115 5.64938 5.00129 8.7265 5.96662
threshold=0.86651571157746476 -0.24999999999999997 -0.60786502890831506 -0.70646165458177801 0.16198369032110674 -0.12336569723551243
decision_type=2 2 2 2 2 2
left_child=3 -2 -3 4 -1 -5
right_child=1 2 -4 5 -6 -7
leaf_value=-0.0016393849458723791 0.00020322031169577135 -9.1024336002219837e-05 -0.0017029033516178902 0.00074328475195006329 0.00059613013561325755 -7.4446471728650539e-05
leaf_weight=129 58 42 62 820 94 1105
leaf_count=129 58 42 62 820 94 1105
internal_value=0.000285467 -0.00646341 -0.0128302 0.0008 -0.00484444 0.00145823
internal_weight=2310 162 104 2148 223 1925
internal_count=2310 162 104 2148 223 1925
is_linear=0
shrinkage=0.04


Tree=33
num_leaves=7
num_cat=0
split_feature=119 68 35 63 107 27
split_gain=4.84566 6.35587 5.73986 5.48763 3.51344 2.92253
threshold=0.40682249519244207 1.2352206856167454 0.86651571157746476 0.70790972669923702 0.53305222190958423 0.095252826568867036
decision_type=2 2 2 2 2 2
left_child=2 5 3 -1 -4 -2
right_child=1 -3 4 -5 -6 -7
leaf_value=-0.00018952752407305426 0.0010408766839445972 -0.0015525501197889183 -0.00061856996362316956 0.00088156050724561463 -0.0022533881609972856 0.00011415964553791437
leaf_weight=1158 399 52 61 266 42 332
leaf_count=1158 399 52 61 266 42 332
internal_value=0.00033737 0.00289172 -0.000974493 -0.000308555 -0.01 0.00386085
internal_weight=2310 783 1527 1424 103 731
internal_count=2310 783 1527 1424 103 731
is_linear=0
shrinkage=0.04


Tree=34
num_leaves=7
num_cat=0
split_feature=107 119 32 102 40 83
split_gain=4.63526 6.13382 6.10913 4.94309 9.66876 3.98332
threshold=0.42229400895859648 -0.62870102939170625 -0.79641024779545488 0.33103819482696156 0.57929162123971778 -0.67995377256980394
decision_type=2 2 2 2 2 2
left_child=3 -2 -3 5 -5 -1
right_child=1 2 -4 4 -6 -7
leaf_value=-0.00042265767843726329 -0.0018505337731256509 0.0011896850077138235 -0.00050139906304555307 -0.0015776309932406078 0.00065282281582129318 0.00051155807475324934
leaf_weight=195 48 96 540 131 130 1170
leaf_count=195 48 96 540 131 130 1170
internal_value=0.000250865 -0.00250729 -0.00144201 0.00141278 -0.00361217 0.00237747
internal_weight=2310 684 636 1626 261 1365
internal_count=2310 684 636 1626 261 1365
is_linear=0
shrinkage=0.04


Tree=35
num_leaves=4
num_cat=0
split_feature=35 28 11
split_gain=4.91545 4.52923 4.98774
threshold=1.1047145422063773 -0.78646290573603628 -0.42611524389837668
decision_type=2 2 2
left_child=1 -1 -3
right_child=-2 2 -4
leaf_value=-0.0014510416387281877 -0.0012414139813133941 0.0004521662781481009 -3.7383586858051064e-05
leaf_weight=50 45 608 1607
leaf_count=50 45 608 1607
internal_value=0.000250865 0.000516101 0.000789355
internal_weight=2310 2265 2215
internal_count=2310 2265 2215
is_linear=0
shrinkage=0.04


Tree=36
num_leaves=8
num_cat=0
split_feature=113 117 70 53 11 30 81
split_gain=4.54969 6.17875 7.18653 4.73399 8.02548 3.57811 2.50583
threshold=-0.07955129870105275 0.37842273319815739 0.20093308411128366 0.25000000000000006 0.57209169545012972 0.31736061159391582 -0.98858300147111988
decision_type=2 2 2 2 2 2 2
left_child=3 2 -2 6 -5 -3 -1
right_child=1 5 -4 4 -6 -7 -8
leaf_value=-0.00063029979036107245 -1.1634792144247335e-05 0.00064550390403596953 -0.00099730885492556971 0.00034346693515555527 -0.0014553924055781379 -0.00020588082799891301 0.0010362264003248242
leaf_weight=42 496 235 356 502 101 137 441
leaf_count=42 496 235 356 502 101 137 441
internal_value=0.000268166 -0.00140294 -0.00327869 0.00215074 -0.000214876 0.0028877 0.00509278
internal_weight=2310 1224 852 1086 603 372 483
internal_count=2310 1224 852 1086 603 372 483
is_linear=0
shrinkage=0.04


Tree=37
num_leaves=7
num_cat=0
split_feature=119 68 95 100 61 46
split_gain=4.40399 5.5731 5.2631 7.74308 2.90512 1.52265
threshold=0.40682249519244207 1.2352206856167454 1.7422086027224397 -0.15149564758829986 -0.34608606905392664 0.77043500398330622
decision_type=2 2 2 2 2 2
left_child=2 4 3 -1 -2 -4
right_child=1 -3 5 -5 -6 -7
leaf_value=0.00021538385541458965 0.0012643549998854833 -0.0014582960314834565 0.0021902778582740139 -0.00071299173868081633 0.00018139461968225099 -2.5475084716765838e-05
leaf_weight=636 248 52 125 726 483 40
leaf_count=636 248 52 125 726 483 40
internal_value=0.000354671 0.00278981 -0.00089601 -0.00171554 0.00369714 0.00580838
internal_weight=2310 783 1527 1362 731 165
internal_count=2310 783 1527 1362 731 165
is_linear=0
shrinkage=0.04


Tree=38
num_leaves=7
num_cat=0
split_feature=42 126 46 69 94 86
split_gain=4.4206 5.39161 4.51111 4.48939 2.6371 0.68436
threshold=-0.83769028186527572 -0.067891442777139363 -0.87135953760263252 0.3644680007489538 -0.73463570733204508 0.012672035474672922
decision_type=2 2 2 2 2 2
left_child=4 3 -3 -2 -1 -6
right_child=1 2 -4 -5 5 -7
leaf_value=-0.00084841806059698325 0.00057188291940871909 -0.00093341919351415197 -0.00012350152520304117 -0.00026421504930319091 0.0005893343856430488 0.0011879778968384245
leaf_weight=41 634 128 950 370 72 115
leaf_count=41 634 128 950 370 72 115
internal_value=0.000302768 -0.000278311 -0.00224074 0.00182903 0.00556522 0.00756614
internal_weight=2310 2082 1078 1004 228 187
internal_count=2310 2082 1078 1004 228 187
is_linear=0
shrinkage=0.04


Tree=39
num_leaves=8
num_cat=0
split_feature=107 11 117 63 112 26 123
split_gain=4.45008 6.42961 6.00693 4.22447 5.54547 3.27073 2.89699
threshold=-0.42767195544057846 0.57209169545012972 0.31739366049558143 0.70790972669923702 1.7490671433982106 0.46829696001845295 0.73090092669704598
decision_type=2 2 2 2 2 2 2
left_child=1 6 -3 4 -2 -5 -1
right_child=3 2 -4 5 -6 -7 -8
leaf_value=0.0010469090240551977 -9.2422175157712787e-05 0.00033480124492220016 -0.0018925745225291607 0.0010174478957820279 -0.001558674959956255 -0.00085433300203846627 -0.00057028320102307784
leaf_weight=452 1363 74 44 204 61 46 66
leaf_count=452 1363 74 44 204 61 46 66
internal_value=0.000354671 0.00319749 -0.00516667 -0.000727924 -0.00157083 0.00404762 0.00511538
internal_weight=2310 636 118 1674 1424 250 518
internal_count=2310 636 118 1674 1424 250 518
is_linear=0
shrinkage=0.04


Tree=40
num_leaves=8
num_cat=0
split_feature=61 120 63 125 126 14 25
split_gain=4.3664 7.4996 9.00249 7.32022 2.15203 1.92045 0.407062
threshold=-1.1116559636999137 -0.49654430599581184 0.38308812802342201 1.1620118401080084 0.69024029138701803 -0.052021116936610587 -1.2095401782559956
decision_type=2 2 2 2 2 2 2
left_child=4 2 -2 -3 6 -6 -1
right_child=1 3 -4 -5 5 -7 -8
leaf_value=0.00041494870388843961 -0.0015408984313384885 0.00022299678705290908 0.00063352677029139103 -0.0014299760827990696 -0.00076488659995083293 0.00181615080036222 0.0012949703135888585
leaf_weight=42 284 1554 106 111 42 42 129
leaf_count=42 284 1554 106 111 42 42 129
internal_value=0.00033737 -0.000277103 -0.0052551 0.000893821 0.00525292 0 0.00780347
internal_weight=2310 2055 390 1665 255 84 171
internal_count=2310 2055 390 1665 255 84 171
is_linear=0
shrinkage=0.04


Tree=41
num_leaves=7
num_cat=0
split_feature=42 125 46 14 94 86
split_gain=4.24798 4.71223 7.22944 5.46951 2.6371 0.68436
threshold=-0.83769028186527572 -0.12336569723551243 -0.98051638073641656 0.45340894094497391 -0.73463570733204508 0.012672035474672922
decision_type=2 2 2 2 2 2
left_child=4 3 -3 -2 -1 -6
right_child=1 2 -4 -5 5 -7
leaf_value=-0.00081970432264891202 0.000549635549299559 -0.00087079612639583484 -7.8194920513531072e-05 -0.00059118234895414498 0.00051688107899686023 0.0010980458247888312
leaf_weight=41 676 146 998 262 72 115
leaf_count=41 676 146 998 262 72 115
internal_value=0.000406574 -0.000163148 -0.00188482 0.00193617 0.00556522 0.00756614
internal_weight=2310 2082 1144 938 228 187
internal_count=2310 2082 1144 938 228 187
is_linear=0
shrinkage=0.04


Tree=42
num_leaves=7
num_cat=0
split_feature=42 40 28 108 84 118
split_gain=4.45131 4.75199 8.34052 8.06216 1.6461 0.687606
threshold=-0.83769028186527572 -0.5011207189811232 -0.22513653021151167 -0.24850340392619322 -0.47773863449291237 -0.1909177871299241
decision_type=2 2 2 2 2 2
left_child=4 3 -3 -2 -1 -6
right_child=1 2 -4 -5 5 -7
leaf_value=-0.000401337857301158 -0.0015139458458786263 0.00089536330822964172 -0.00013540069277429874 -0.00010798387580044103 0.00029189644550821955 0.0014576963731216892
leaf_weight=54 71 557 1113 341 50 124
leaf_count=54 71 557 1113 341 50 124
internal_value=0.000458478 -0.00012476 0.000825359 -0.00396135 0.00573913 0.00761364
internal_weight=2310 2082 1670 412 228 174
internal_count=2310 2082 1670 412 228 174
is_linear=0
shrinkage=0.04


Tree=43
num_leaves=6
num_cat=0
split_feature=42 113 117 35 114
split_gain=4.3103 4.78953 4.90215 4.48946 1.33764
threshold=-0.9687122909924254 -0.07955129870105275 0.37842273319815739 -0.46008342178797484 -0.066625379575949981
decision_type=2 2 2 2 2
left_child=4 3 -3 -2 -1
right_child=1 2 -4 -5 -6
leaf_value=0.00014214863086508858 -0.00027433550904117684 -0.00054770442501869319 0.00019296429198234293 0.00057230597387652581 0.0013135700505569096
leaf_weight=44 237 796 348 773 112
leaf_count=44 237 796 348 773 112
internal_value=0.000458478 -9.27644e-06 -0.0017801 0.00199605 0.00683544
internal_weight=2310 2154 1144 1010 156
internal_count=2310 2154 1144 1010 156
is_linear=0
shrinkage=0.04


Tree=44
num_leaves=5
num_cat=0
split_feature=28 94 47 69
split_gain=4.46936 4.2972 6.30024 4.95665
threshold=-0.78646290573603628 0.53899585993266408 -0.37083685485436785 -0.25973032528025075
decision_type=2 2 2 2
left_child=-1 3 -3 -2
right_child=1 2 -4 -5
leaf_value=-0.0012555358252556176 0.00049441082014874517 -0.0008997260559315787 1.1710466470697401e-05 1.7440002310082151e-05
leaf_weight=50 609 148 421 1082
leaf_count=50 609 148 421 1082
internal_value=0.000441176 0.000707339 -0.00229422 0.00171884
internal_weight=2310 2260 569 1691
internal_count=2310 2260 569 1691
is_linear=0
shrinkage=0.04


Tree=45
num_leaves=5
num_cat=0
split_feature=18 7 40 44
split_gain=3.8346 4.68825 6.29062 2.90491
threshold=0.62995827876237021 -0.60062828444049532 -0.5011207189811232 -1.5884966474889421
decision_type=2 2 2 2
left_child=1 3 -3 -1
right_child=-2 2 -4 -5
leaf_value=-0.00038216057951164547 -0.0010291204983517647 -0.00053130220044933561 0.00013331019366018694 0.00090063643063726263
leaf_weight=42 45 336 1644 243
leaf_count=42 45 336 1644 243
internal_value=0.000458478 0.000692545 0 0.00547038
internal_weight=2310 2265 1980 285
internal_count=2310 2265 1980 285
is_linear=0
shrinkage=0.04


Tree=46
num_leaves=7
num_cat=0
split_feature=95 76 46 35 25 99
split_gain=4.34728 6.18683 6.31787 4.95462 1.19436 1.1075
threshold=1.5166196616954819 0.3879666408707802 -3.1388136373435485 0.81358806103646752 -1.2334423655184359 0.41420782412588492
decision_type=2 2 2 2 2 2
left_child=1 3 -3 -1 -2 -6
right_child=4 2 -4 -5 5 -7
leaf_value=0.00025778932738849627 8.6800050106400212e-05 -0.0012242468908275881 -0.00041056489981103437 -0.00078909620419637442 0.000135686955493525 0.0022238259989315117
leaf_weight=1408 48 55 518 98 59 124
leaf_count=1408 48 55 518 98 59 124
internal_value=0.000441176 -0.000139356 -0.00366957 0.0012069 0.00562232 0.00708108
internal_weight=2310 2079 573 1506 231 183
internal_count=2310 2079 573 1506 231 183
is_linear=0
shrinkage=0.04


Tree=47
num_leaves=7
num_cat=0
split_feature=95 76 64 70 46 99
split_gain=3.92484 5.19986 5.9537 5.75649 1.36781 1.02714
threshold=1.5166196616954819 0.32173014998023902 0.71864242435378811 0.17612480657886909 0.9286277085419542 0.29884581990018805
decision_type=2 2 2 2 2 2
left_child=1 3 -3 -1 5 -2
right_child=4 2 -4 -5 -6 -7
leaf_value=0.00042588346864088771 0.00034303364593574838 -0.00079578695213993855 0.0007292197260932834 -0.00015960832839903097 0.00012799476346512072 0.0020185266707557913
leaf_weight=710 48 515 94 760 69 114
leaf_count=710 48 515 94 760 69 114
internal_value=0.000527682 -2.40269e-05 -0.00312602 0.00126359 0.00545064 0.00743902
internal_weight=2310 2079 609 1470 231 162
internal_count=2310 2079 609 1470 231 162
is_linear=0
shrinkage=0.04


Tree=48
num_leaves=5
num_cat=0
split_feature=18 119 13 63
split_gain=3.86978 4.4851 4.87575 4.33301
threshold=0.62995827876237021 0.44623765976905944 1.1149077990127754 0.70790972669923702
decision_type=2 2 2 2
left_child=1 3 -3 -1
right_child=-2 2 -4 -5
leaf_value=-0.00021494706011163412 -0.00096385791751962271 0.0004753551389765712 -0.0016022479870638473 0.00065410327931565487
leaf_weight=1275 45 666 42 282
leaf_count=1275 45 666 42 282
internal_value=0.000510381 0.000745479 0.00338028 -0.00045542
internal_weight=2310 2265 708 1557
internal_count=2310 2265 708 1557
is_linear=0
shrinkage=0.04


Tree=49
num_leaves=5
num_cat=0
split_feature=28 37 13 76
split_gain=4.52274 3.68497 5.94087 1.34756
threshold=-0.78646290573603628 1.2462427636291997 0.63193039147203844 1.0013232346312571
decision_type=2 2 2 2
left_child=-1 2 -2 -3
right_child=1 3 -4 -5
leaf_value=-0.0011922724556265839 0.00012152869400300862 0.0019503953230207754 -0.0008343125167835074 0.00040387191161597795
leaf_weight=50 1707 89 319 145
leaf_count=50 1707 89 319 145
internal_value=0.000510381 0.000778073 0.000226824 0.00550847
internal_weight=2310 2260 2026 234
internal_count=2310 2260 2026 234
is_linear=0
shrinkage=0.04


Tree=50
num_leaves=8
num_cat=0
split_feature=107 35 34 83 76 24 114
split_gain=3.94426 5.39139 5.18442 3.71726 4.13577 2.93999 1.91166
threshold=-0.42767195544057846 -0.34254121271490878 -0.89371245241419428 0.84776271587850183 0.42381112584249109 0.53179589596651555 0.79146988340123581
decision_type=2 2 2 2 2 2 2
left_child=1 2 -1 4 -2 -3 -5
right_child=3 5 -4 6 -6 -7 -8
leaf_value=0.00075615068704899509 -1.1444469266914461e-05 0.0011783519214606289 -0.0008343801593950794 0.00073180718415100684 -0.00074848339130241526 2.8395570497495651e-05 -2.0029981591702246e-05
leaf_weight=59 1014 315 148 219 333 114 108
leaf_count=59 1014 315 148 219 333 114 108
internal_value=0.000458478 0.0031348 -0.00215311 -0.000560859 -0.00148999 0.00568445 0.00325228
internal_weight=2310 636 207 1674 1347 429 327
internal_count=2310 636 207 1674 1347 429 327
is_linear=0
shrinkage=0.04


Tree=51
num_leaves=8
num_cat=0
split_feature=61 120 63 125 126 14 46
split_gain=4.52129 4.76337 7.52895 5.33269 2.01875 2.22701 0.253661
threshold=-1.1116559636999137 -0.49654430599581184 0.38308812802342201 1.1620118401080084 0.69024029138701803 -0.052021116936610587 0.9286277085419542
decision_type=2 2 2 2 2 2 2
left_child=4 2 -2 -3 6 -6 -1
right_child=1 3 -4 -5 5 -7 -8
leaf_value=0.0012257198153766212 -0.0013369048466656097 0.00016380319999328294 0.00061700703962999225 -0.0012359721965205226 -0.00063059054398581786 0.0017244747896589044 0.00028646809682517094
leaf_weight=130 284 1554 106 111 42 42 41
leaf_count=130 284 1554 106 111 42 42 41
internal_value=0.000562284 -6.31988e-05 -0.00403061 0.000869826 0.0055642 0.000465116 0.00803468
internal_weight=2310 2055 390 1665 255 84 171
internal_count=2310 2055 390 1665 255 84 171
is_linear=0
shrinkage=0.04


Tree=52
num_leaves=7
num_cat=0
split_feature=95 76 68 70 76 70
split_gain=4.34728 4.61172 5.83671 5.35923 1.19436 0.743449
threshold=1.5166196616954819 0.32173014998023902 0.032609002845912463 0.17612480657886909 1.4084312771986216 -1.7105901184234096
decision_type=2 2 2 2 2 2
left_child=1 3 -3 -1 5 -2
right_child=4 2 -4 -5 -6 -7
leaf_value=0.00038923555691348677 0.00012701829242219077 -0.0012243521148156331 -0.00025928266424504574 -0.00018234726254923454 5.9258523320284575e-05 0.0016035344147669374
leaf_weight=710 42 95 514 760 48 141
leaf_count=710 42 95 514 760 48 141
internal_value=0.000441176 -0.000139356 -0.00306056 0.00107337 0.00562232 0.00708108
internal_weight=2310 2079 609 1470 231 183
internal_count=2310 2079 609 1470 231 183
is_linear=0
shrinkage=0.04


Tree=53
num_leaves=8
num_cat=0
split_feature=33 125 100 13 125 117 118
split_gain=3.92966 4.079 5.88742 4.95518 1.523 1.32953 0.319147
threshold=-0.91450322335759882 -0.12336569723551243 -0.14729254419385171 1.1386209179066158 0.60273381300136231 -0.42037994023582786 0.071054416073563983
decision_type=2 2 2 2 2 2 2
left_child=4 3 -3 -2 6 -6 -1
right_child=1 2 -4 -5 5 -7 -8
leaf_value=0.00028744501472888651 0.00030489727419129352 8.7477539743441445e-05 -0.00060749462653209322 -0.0015415282482390512 0.0007759224360204376 -0.00017409505101025096 0.0012297225168957945
leaf_weight=43 897 611 532 51 50 40 86
leaf_count=43 897 611 532 51 50 40 86
internal_value=0.00049308 -4.30005e-05 -0.00165066 0.00189474 0.00556561 0.00152174 0.00832061
internal_weight=2310 2091 1143 948 219 90 129
internal_count=2310 2091 1143 948 219 90 129
is_linear=0
shrinkage=0.04


Tree=54
num_leaves=8
num_cat=0
split_feature=61 120 106 125 126 11 122
split_gain=4.27465 5.26602 6.55032 4.9506 2.00401 2.5224 0.265642
threshold=-1.1116559636999137 -0.49654430599581184 1.2076874610156032 1.1620118401080084 0.61181709569762999 -0.081673729532133379 -0.89469587588206123
decision_type=2 2 2 2 2 2 2
left_child=4 2 -2 -3 6 -6 -1
right_child=1 3 -4 -5 5 -7 -8
leaf_value=0.00028491507617267305 -0.0010545752058489597 0.00015216647841207538 0.0010832571059051774 -0.0011758801582420146 -0.00029919653565644536 0.0015224025746032566 0.0011702410285153505
leaf_weight=42 330 1554 60 111 40 56 117
leaf_count=42 330 1554 60 111 40 56 117
internal_value=0.000544983 -6.31988e-05 -0.00423469 0.000917816 0.00540856 0.000816327 0.00813665
internal_weight=2310 2055 390 1665 255 96 159
internal_count=2310 2055 390 1665 255 96 159
is_linear=0
shrinkage=0.04


Tree=55
num_leaves=8
num_cat=0
split_feature=83 125 78 11 41 108 117
split_gain=3.59324 5.08107 5.4175 4.42088 1.94219 2.13702 0.611363
threshold=0.84776271587850183 -0.12336569723551243 -0.079301590455013601 0.46075467654355645 -0.68283767157771458 0.85112587128659278 -0.28741288562396833
decision_type=2 2 2 2 2 2 2
left_child=1 3 -3 -1 6 -6 -2
right_child=4 2 -4 -5 5 -7 -8
leaf_value=0.00046021415527125578 0.0005515301120990341 -0.00075072527228477095 1.994385999452248e-05 -0.00049781198305820116 0.00036900798754148411 -0.00021139889864241369 0.0020059110576483184
leaf_weight=658 66 384 591 263 209 55 84
leaf_count=658 66 384 591 263 209 55 84
internal_value=0.000527682 -0.000210748 -0.00222108 0.00191766 0.00389423 0.00180451 0.0075
internal_weight=2310 1896 975 921 414 264 150
internal_count=2310 1896 975 921 414 264 150
is_linear=0
shrinkage=0.04


Tree=56
num_leaves=7
num_cat=0
split_feature=95 46 4 46 99 120
split_gain=4.06182 4.02699 4.68295 1.46904 0.789092 0.64197
threshold=1.5166196616954819 3.5204901575243821 0.52848588523240247 0.9286277085419542 0.29884581990018805 0.0045331035856392707
decision_type=2 2 2 2 2 2
left_child=1 2 -1 4 -2 -3
right_child=3 5 -4 -5 -6 -7
leaf_value=4.3565733877732049e-05 0.00026927908504839615 0.00032586673093423448 -0.00064898388141254126 0.0001805456948993693 0.001851444603035486 0.0025725623346891306
leaf_weight=1574 48 59 381 69 114 65
leaf_count=1574 48 59 381 69 114 65
internal_value=0.000614187 5.28592e-05 -0.000393459 0.00562232 0.00768293 0.00698413
internal_weight=2310 2079 1955 231 162 124
internal_count=2310 2079 1955 231 162 124
is_linear=0
shrinkage=0.04


Tree=57
num_leaves=8
num_cat=0
split_feature=83 125 124 60 41 114 117
split_gain=3.70485 4.56849 4.2251 3.91888 1.94219 2.08255 0.611363
threshold=0.84776271587850183 -0.12336569723551243 -0.13592351351468659 -0.046759101078031898 -0.68283767157771458 0.79146988340123581 -0.28741288562396833
decision_type=2 2 2 2 2 2 2
left_child=1 3 -3 -1 6 -6 -2
right_child=4 2 -4 -5 5 -7 -8
leaf_value=0.0011185953321453596 0.00052772627825996353 4.3146165187861114e-05 -0.00063873202695637673 5.4381284531481723e-05 0.00035250503868471545 -0.00020468557205182648 0.0019239319859872765
leaf_weight=198 66 450 525 723 197 67 84
leaf_count=198 66 450 525 723 197 67 84
internal_value=0.000475779 -0.000273973 -0.00218014 0.00174431 0.00389423 0.00180451 0.0075
internal_weight=2310 1896 975 921 414 264 150
internal_count=2310 1896 975 921 414 264 150
is_linear=0
shrinkage=0.04


Tree=58
num_leaves=8
num_cat=0
split_feature=37 13 47 119 59 44 3
split_gain=3.77528 4.07264 5.41953 3.55569 1.63736 0.991952 0.195521
threshold=1.2462427636291997 0.63193039147203844 0.68997554373878545 0.86967292759571191 1.2689031254700129 1.0000000180025095e-35 -0.071373212725325791
decision_type=2 2 2 2 2 2 2
left_child=1 3 -3 -1 6 -6 -2
right_child=4 2 -4 -5 5 -7 -8
leaf_value=3.2756534559490874e-06 0.0015982741641800736 -0.0010319111240395672 0.00052708864658959067 0.00051103404133634868 -7.9603131087398576e-05 0.00097911763297113216 0.0016144663077642006
leaf_weight=1540 81 247 72 217 57 56 40
leaf_count=1540 81 247 72 217 57 56 40
internal_value=0.000544983 0 -0.0041433 0.000756111 0.00533898 0.00182609 0.00853659
internal_weight=2310 2076 319 1757 234 113 121
internal_count=2310 2076 319 1757 234 113 121
is_linear=0
shrinkage=0.04


Tree=59
num_leaves=7
num_cat=0
split_feature=61 70 117 126 14 112
split_gain=4.12404 5.14833 4.81373 1.44131 1.9194 0.551061
threshold=-1.1116559636999137 -1.4520266894753633 0.30070361941725676 0.69024029138701803 -0.052021116936610587 0.35783725338293076
decision_type=2 2 2 2 2 2
left_child=3 -2 -3 5 -5 -1
right_child=1 2 -4 4 -6 -7
leaf_value=0.0010638121954471089 -0.0017094889537024979 -0.00017467893672118326 0.00030253115022197389 -0.00055473711432376923 0.0015728333752786539 0.00049215092775375187
leaf_weight=81 48 1271 736 42 42 90
leaf_count=81 48 1271 736 42 42 90
internal_value=0.000475779 -0.000121536 0.000194126 0.00525292 0.000930233 0.00734104
internal_weight=2310 2055 2007 255 84 171
internal_count=2310 2055 2007 255 84 171
is_linear=0
shrinkage=0.04


Tree=60
num_leaves=7
num_cat=0
split_feature=70 14 123 46 68 26
split_gain=3.74864 8.36506 8.21238 6.21422 5.17213 4.7842
threshold=-0.15971917316606535 0.80591190170264837 0.73090092669704598 3.5204901575243821 0.38693036927973185 -0.52401580212362797
decision_type=2 2 2 2 2 2
left_child=1 2 -1 5 -3 -2
right_child=3 4 -4 -5 -6 -7
leaf_value=0.00073060101865070619 0.00041871031776789677 8.4514079644529698e-05 -0.00033011727929336269 0.0018142473172460083 -0.001543955762641202 -0.00039774011417866435
leaf_weight=616 245 62 199 92 72 1024
leaf_count=616 245 62 199 92 72 1024
internal_value=0.000354671 0.00228181 0.00380661 -0.000990462 -0.00691176 -0.00172305
internal_weight=2310 949 815 1361 134 1269
internal_count=2310 949 815 1361 134 1269
is_linear=0
shrinkage=0.04


Tree=61
num_leaves=5
num_cat=0
split_feature=28 37 39 59
split_gain=4.39496 3.32074 4.63931 1.48137
threshold=-0.80024200967934189 1.2462427636291997 0.63312060826603644 1.2689031254700129
decision_type=2 2 2 2
left_child=-1 2 -2 -3
right_child=1 3 -4 -5
leaf_value=-0.0012813592939588461 8.9578339559382919e-05 0.0014541355685732951 -0.00069950897879263619 0.00021721751647021031
leaf_weight=40 1727 121 309 113
leaf_count=40 1727 121 309 113
internal_value=0.000441176 0.000677817 0.000157017 0.00516949
internal_weight=2310 2270 2036 234
internal_count=2310 2270 2036 234
is_linear=0
shrinkage=0.04


Tree=62
num_leaves=8
num_cat=0
split_feature=70 14 36 123 46 100 66
split_gain=3.35001 6.0522 5.88964 5.84463 5.80556 5.30219 0.173319
threshold=-0.28105692090629869 0.80591190170264837 -0.54030719721120291 0.70634786609468647 3.1833873320151769 -0.027618183948698492 0.49045517534236671
decision_type=2 2 2 2 2 2 2
left_child=1 3 -3 -1 5 -2 -6
right_child=4 2 -4 -5 6 -7 -8
leaf_value=0.00077284052556014641 3.5103569389890088e-05 -0.0015693787576089131 8.7291815364113468e-05 -0.00027881833022254875 0.0015010276125169033 -0.00063357031308164998 0.0021070944209672575
leaf_weight=513 864 52 60 180 66 535 40
leaf_count=513 864 52 60 180 66 535 40
internal_value=0.000510381 0.00258984 -0.00596491 0.00398561 -0.000603849 -0.00129193 0.00833333
internal_weight=2310 805 112 693 1505 1399 106
internal_count=2310 805 112 693 1505 1399 106
is_linear=0
shrinkage=0.04


Tree=63
num_leaves=7
num_cat=0
split_feature=35 53 113 78 125 97
split_gain=3.60824 6.82581 4.94583 3.35059 3.92969 0.939941
threshold=0.86651571157746476 -1.0000000180025095e-35 0.28413871568627463 -1.2538724944821931 0.60273381300136231 0.72652068348590182
decision_type=2 2 2 2 2 2
left_child=3 -2 -3 5 -5 -1
right_child=1 2 -4 4 -6 -7
leaf_value=0.0013531267780903583 0.00020174074624350113 -0.00013920377694158205 -0.0019683457196059536 0.00012864182507326633 -0.00053285857632260096 0.00034354251233033285
leaf_weight=97 78 44 40 1692 314 45
leaf_count=97 78 44 40 1692 314 45
internal_value=0.000475779 -0.0052439 -0.0130233 0.000911628 0.000488048 0.00680556
internal_weight=2310 162 84 2148 2006 142
internal_count=2310 162 84 2148 2006 142
is_linear=0
shrinkage=0.04


Tree=64
num_leaves=8
num_cat=0
split_feature=83 126 40 106 110 0 93
split_gain=3.63025 4.16154 4.35052 4.32907 1.63192 1.2799 0.730092
threshold=0.84776271587850183 -0.0071019084765606344 0.57929162123971778 0.12322600930120579 -0.18161547830429645 -0.43642787627681773 -0.16161434923591753
decision_type=2 2 2 2 2 2 2
left_child=1 3 -3 -1 6 -6 -2
right_child=4 2 -4 -5 5 -7 -8
leaf_value=-0.00012269313526191649 0.00014564973415719351 -0.00062432140379036361 0.00019634270560104305 0.00047830334253797234 0.00069454802005873225 -1.7290206727601684e-05 0.00083191520449001901
leaf_weight=537 45 609 250 500 70 146 153
leaf_count=537 45 609 250 500 70 146 153
internal_value=0.000510381 -0.000231823 -0.00228804 0.00147257 0.00389423 0.00146789 0.0065
internal_weight=2310 1896 859 1037 414 216 198
internal_count=2310 1896 859 1037 414 216 198
is_linear=0
shrinkage=0.04


Tree=65
num_leaves=6
num_cat=0
split_feature=64 69 45 63 112
split_gain=3.42166 4.23825 6.34999 4.97573 2.05028
threshold=0.8944384307334089 -0.13772455480600235 1.5952383962889969 -0.51007633612594816 -0.1307325339153062
decision_type=2 2 2 2 2
left_child=1 3 -3 -1 -2
right_child=4 2 -4 -5 -6
leaf_value=0.00091300723363448575 0.0002048888135708049 -0.00038948381561909661 0.00096123207737397465 1.3808530418024275e-05 0.0016767836671545816
leaf_weight=264 61 1025 171 688 101
leaf_count=264 61 1025 171 688 101
internal_value=0.000406574 -1.86047e-05 -0.00160267 0.00197065 0.00597561
internal_weight=2310 2148 1196 952 162
internal_count=2310 2148 1196 952 162
is_linear=0
shrinkage=0.04


Tree=66
num_leaves=6
num_cat=0
split_feature=64 83 35 40 112
split_gain=3.28898 4.04309 6.39803 4.46926 2.33174
threshold=0.92715902360740465 -0.79372357832257345 0.17007864319116409 -0.5011207189811232 -0.1307325339153062
decision_type=2 2 2 2 2
left_child=1 2 -1 -3 -2
right_child=4 3 -4 -5 -6
leaf_value=-0.0013528628798931473 3.149333581656581e-05 -0.00033842648827060257 0.00040319421537345817 0.00015902060815386682 0.0021379211373822198
leaf_weight=80 58 375 47 1655 95
leaf_count=80 58 375 47 1655 95
internal_value=0.000371972 -3.24224e-05 -0.00689922 0.000403543 0.006
internal_weight=2310 2157 127 2030 153
internal_count=2310 2157 127 2030 153
is_linear=0
shrinkage=0.04


Tree=67
num_leaves=5
num_cat=0
split_feature=18 7 119 44
split_gain=3.25752 3.75034 3.45062 2.57998
threshold=0.62995827876237021 -0.60062828444049532 0.48311266380460272 -1.5884966474889421
decision_type=2 2 2 2
left_child=1 3 -3 -1
right_child=-2 2 -4 -5
leaf_value=-0.00028653558489479257 -0.00088649038414992539 -7.6288858421758154e-05 0.00034737493612301408 0.00073281162722050501
leaf_weight=42 45 1435 545 243
leaf_count=42 45 1435 545 243
internal_value=0.000423875 0.000639612 2.01816e-05 0.00491289
internal_weight=2310 2265 1980 285
internal_count=2310 2265 1980 285
is_linear=0
shrinkage=0.04


Tree=68
num_leaves=6
num_cat=0
split_feature=64 119 95 112 18
split_gain=3.28898 3.85941 4.18218 2.33174 2.02315
threshold=0.92715902360740465 0.86967292759571191 2.0102710720401444 -0.1307325339153062 0.44459059892803959
decision_type=2 2 2 2 2
left_child=1 2 -1 -2 -3
right_child=3 4 -4 -5 -6
leaf_value=-7.5280909236432602e-05 2.0575242884430384e-05 0.00073511584725879822 0.001155475749962497 0.0020392738365109563 -0.00019030987776137061
leaf_weight=1769 58 192 130 95 66
leaf_count=1769 58 192 130 95 66
internal_value=0.000371972 -3.24224e-05 -0.000657549 0.006 0.00453846
internal_weight=2310 2157 1899 153 258
internal_count=2310 2157 1899 153 258
is_linear=0
shrinkage=0.04


Tree=69
num_leaves=6
num_cat=0
split_feature=64 81 123 117 112
split_gain=3.34992 3.94713 4.97429 3.84377 2.33174
threshold=0.92715902360740465 1.0000000180025095e-35 1.390768087726449 0.28590369197804388 -0.1307325339153062
decision_type=2 2 2 2 2
left_child=1 2 -1 -3 -2
right_child=4 3 -4 -5 -6
leaf_value=-0.00012941795649047444 1.9752233169053198e-05 -4.1933827550300398e-06 -0.001128023211513683 0.00052059438126965732 0.0019577028830505177
leaf_weight=1016 58 734 42 365 95
leaf_count=1016 58 734 42 365 95
internal_value=0.000320069 -8.80037e-05 -0.00183019 0.00158946 0.006
internal_weight=2310 2157 1058 1099 153
internal_count=2310 2157 1058 1099 153
is_linear=0
shrinkage=0.04


Tree=70
num_leaves=7
num_cat=0
split_feature=35 53 114 63 84 83
split_gain=3.45729 5.29499 4.75651 3.39963 4.18532 4.0419
threshold=0.86651571157746476 -1.0000000180025095e-35 -0.42424971332349121 0.59791966556986276 -0.47400793371986699 -0.70646165458177801
decision_type=2 2 2 2 2 2
left_child=3 -2 -3 5 -5 -1
right_child=1 2 -4 4 -6 -7
leaf_value=-0.00096359294603639222 0.00015849836055535546 -0.00018254927010901402 -0.0020755466496654119 -0.00022759265413305223 0.00075257516510827277 6.6844549078921815e-05
leaf_weight=162 78 40 44 131 285 1570
leaf_count=162 78 40 44 131 285 1570
internal_value=0.000354671 -0.0052439 -0.012093 0.000781395 0.00401914 0
internal_weight=2310 162 84 2148 416 1732
internal_count=2310 162 84 2148 416 1732
is_linear=0
shrinkage=0.04


Tree=71
num_leaves=7
num_cat=0
split_feature=64 40 108 94 106 5
split_gain=3.32955 4.15594 10.264 5.91829 1.76083 0.0588745
threshold=0.92715902360740465 -0.5011207189811232 -0.26456369753974202 0.53899585993266408 -0.13835553814794008 0.12057060957960765
decision_type=2 2 2 2 2 2
left_child=1 2 -1 -3 -2 -6
right_child=4 3 -4 -5 5 -7
leaf_value=-0.0013724620391599774 -7.0444142444623105e-05 0.00029674527457593871 -4.0159062637026601e-05 -0.00026804108252906003 0.00058639751014709514 0.0016627567528237331
leaf_weight=56 45 1284 342 475 40 68
leaf_count=56 45 1284 342 475 40 68
internal_value=0.00033737 -6.94766e-05 -0.00375 0.00076661 0.006 0.00872727
internal_weight=2310 2157 398 1759 153 108
internal_count=2310 2157 398 1759 153 108
is_linear=0
shrinkage=0.04


Tree=72
num_leaves=6
num_cat=0
split_feature=16 114 44 40 96
split_gain=3.34211 3.53904 6.64341 5.20705 0.470769
threshold=-1.056263898786566 0.70801658249201427 0.81327731625230648 -0.5011207189811232 0.54396236362557515
decision_type=2 2 2 2 2
left_child=4 3 -3 -2 -1
right_child=1 2 -4 -5 -6
leaf_value=0.001146386058063702 -0.00034574068935834881 -0.00090792367170179492 0.00045136718647235632 0.0001893717174436238 0.00064166845079784184
leaf_weight=60 402 177 82 1549 40
leaf_count=60 402 177 82 1549 40
internal_value=0.000371972 4.5208e-05 -0.0043295 0.0006298 0.00745098
internal_weight=2310 2210 259 1951 100
internal_count=2310 2210 259 1951 100
is_linear=0
shrinkage=0.04


Tree=73
num_leaves=8
num_cat=0
split_feature=32 64 64 112 117 11 5
split_gain=3.28787 3.40374 3.79789 2.56478 1.40916 1.95514 0.0494779
threshold=-1.0465498350347919 0.92715902360740465 -0.87446826250480358 -0.15547619497638196 0.1005520491702234 -0.062917765036850468 -0.98754185501910485
decision_type=2 2 2 2 2 2 2
left_child=4 2 -2 -3 5 -1 -6
right_child=1 3 -4 -5 6 -7 -8
leaf_value=-0.00036431784381675065 0.00061523024114991821 -0.00015516008841567563 -9.1937664695751766e-05 0.0016453606752412533 0.0012991368075988452 0.00057462495164871288 0.0012432831596181865
leaf_weight=53 261 47 1693 99 59 58 40
leaf_count=53 261 47 1693 99 59 58 40
internal_value=0.000441176 -3.8059e-05 -0.000480573 0.00581081 0.00518868 0.0020354 0.00861386
internal_weight=2310 2100 1954 146 210 111 99
internal_count=2310 2100 1954 146 210 111 99
is_linear=0
shrinkage=0.04


Tree=74
num_leaves=8
num_cat=0
split_feature=83 125 78 106 41 63 117
split_gain=3.29975 3.64506 5.04784 4.14376 1.86712 1.90382 0.773902
threshold=0.84776271587850183 -0.12336569723551243 -0.079301590455013601 0.12322600930120579 -0.68283767157771458 0.54055965324903099 -0.28741288562396833
decision_type=2 2 2 2 2 2 2
left_child=1 3 -3 -1 6 -6 -2
right_child=4 2 -4 -5 5 -7 -8
leaf_value=-3.7529624966799638e-05 0.0004430662873755681 -0.00067198650458876353 3.3414660705285705e-05 0.00050799943557032652 3.1929967828454864e-06 0.00074588367625298951 0.0016651718643614318
leaf_weight=504 66 384 591 417 217 47 84
leaf_count=504 66 384 591 417 217 47 84
internal_value=0.000475779 -0.000231823 -0.00193449 0.00157096 0.00370192 0.00165414 0.00723684
internal_weight=2310 1896 975 921 414 264 150
internal_count=2310 1896 975 921 414 264 150
is_linear=0
shrinkage=0.04


Tree=75
num_leaves=6
num_cat=0
split_feature=64 125 69 106 7
split_gain=3.10949 3.94503 4.90159 1.76083 0.0588745
threshold=0.92715902360740465 1.8761461572906002 -0.13772455480600235 -0.13835553814794008 -0.15961543426071395
decision_type=2 2 2 2 2
left_child=1 2 -1 -2 -5
right_child=3 -3 -4 4 -6
leaf_value=0.00018732974663588378 -5.493837339225871e-05 -0.0010372581652983875 -0.00018115187787920691 0.0011745020188064738 0.0015103236855999488
leaf_weight=921 45 41 1195 68 40
leaf_count=921 45 41 1195 68 40
internal_value=0.000527682 0.000134321 0.000377715 0.006 0.00872727
internal_weight=2310 2157 2116 153 108
internal_count=2310 2157 2116 153 108
is_linear=0
shrinkage=0.04


Tree=76
num_leaves=6
num_cat=0
split_feature=95 46 26 46 76
split_gain=3.09097 4.14348 4.38309 1.73738 0.84968
threshold=2.0102710720401444 3.5204901575243821 0.52010609605036651 0.77043500398330622 0.45161381135425804
decision_type=2 2 2 2 2
left_child=1 2 -1 -2 -3
right_child=3 4 -4 -5 -6
leaf_value=4.9249531109638801e-05 0.0021075003346096156 0.0015908567766654618 -0.0005529797973671172 -5.8535266866425897e-05 7.0891052944454521e-05
leaf_weight=1620 100 94 415 41 40
leaf_count=1620 100 94 415 41 40
internal_value=0.000527682 0.000152004 -0.00029946 0.00622378 0.00691176
internal_weight=2310 2169 2035 141 134
internal_count=2310 2169 2035 141 134
is_linear=0
shrinkage=0.04


Tree=77
num_leaves=7
num_cat=0
split_feature=16 64 82 63 8 3
split_gain=3.08388 3.09785 5.61999 4.35831 0.720312 0.0369532
threshold=-0.99663494064766212 -0.87446826250480358 -0.41858639321429075 0.30153597802608406 -0.65410028365200445 -1.1186805926247552
decision_type=2 2 2 2 2 2
left_child=4 2 -2 -3 -1 -6
right_child=1 3 -4 -5 5 -7
leaf_value=0.00073841979329105202 -0.00054617021784046302 -0.00023979525249392036 0.0010275189873010624 0.00021603132485632553 0.00074667913299774269 0.00047592557400201382
leaf_weight=40 44 1171 230 736 49 40
leaf_count=40 44 1171 230 736 49 40
internal_value=0.000527682 0.000169492 0.00413043 -0.000403353 0.00648855 0.00846154
internal_weight=2310 2181 274 1907 129 89
internal_count=2310 2181 274 1907 129 89
is_linear=0
shrinkage=0.04


Tree=78
num_leaves=7
num_cat=0
split_feature=120 31 40 106 94 102
split_gain=2.9702 4.39069 3.44807 7.23672 3.864 1.67844
threshold=0.48006712707363852 0.7541530945641538 0.59206795249048716 0.76739785873285227 0.55955758633123542 -0.30028594797728897
decision_type=2 2 2 2 2 2
left_child=2 5 3 -1 -4 -2
right_child=1 -3 4 -5 -6 -7
leaf_value=-1.5039147192542346e-05 0.0007890084175793422 -0.00061648307566009345 0.00058293381880344594 -0.0010664944348666796 -3.2588067003601134e-05 0.00029274799159868163
leaf_weight=1241 124 50 253 120 282 240
leaf_count=1241 124 50 253 120 282 240
internal_value=0.000544983 0.00360577 -0.000126449 -0.00119589 0.00258845 0.00513661
internal_weight=2310 414 1896 1361 535 364
internal_count=2310 414 1896 1361 535 364
is_linear=0
shrinkage=0.04


Tree=79
num_leaves=6
num_cat=0
split_feature=119 68 28 30 68
split_gain=2.98256 6.33094 3.20615 2.97652 2.84996
threshold=0.42896819972724354 1.3211909812551417 -0.78646290573603628 -0.23261147320429851 1.3211909812551417
decision_type=2 2 2 2 2
left_child=2 3 -1 -2 -4
right_child=1 -3 4 -5 -6
leaf_value=-0.0010474612604711468 0.00063547182382008602 -0.0011544204486404659 -4.6367579740147597e-05 0.00012124864694960897 0.00074252720763734188
leaf_weight=40 273 45 1352 438 162
leaf_count=40 273 45 1352 438 162
internal_value=0.000475779 0.00253298 -0.000526992 0.00346424 -0.000224274
internal_weight=2310 756 1554 711 1514
internal_count=2310 756 1554 711 1514
is_linear=0
shrinkage=0.04


Tree=80
num_leaves=6
num_cat=0
split_feature=88 117 13 35 14
split_gain=3.15508 3.62333 6.50758 4.29028 0.127113
threshold=-0.92547027891367295 0.30070361941725676 1.2226581274225439 0.86651571157746476 0.10264190318114147
decision_type=2 2 2 2 2
left_child=4 3 -3 -2 -1
right_child=1 2 -4 -5 -6
leaf_value=0.00082030885937658059 -2.0034875118956804e-05 0.00026827377929543707 -0.0011678826605420929 -0.00068891828512908186 0.00120801790318711
leaf_weight=40 1342 743 49 92 44
leaf_count=40 1342 743 49 92 44
internal_value=0.000389273 9.87433e-05 0.002267 -0.00110028 0.00790698
internal_weight=2310 2226 792 1434 84
internal_count=2310 2226 792 1434 84
is_linear=0
shrinkage=0.04


Tree=81
num_leaves=6
num_cat=0
split_feature=64 64 82 95 112
split_gain=3.05243 3.64675 6.0581 3.56181 2.14591
threshold=0.92715902360740465 -0.87446826250480358 -0.27801901709340276 1.4154423910911156 -0.1307325339153062
decision_type=2 2 2 2 2
left_child=1 2 -1 -3 -2
right_child=4 3 -4 -5 -6
leaf_value=-0.00048943580347162146 -6.867526915414243e-05 -0.00010409153002867249 0.0011174950026328421 0.00056282457019315947 0.0016778819835627623
leaf_weight=65 58 1639 217 236 95
leaf_count=65 58 1639 217 236 95
internal_value=0.000320069 -6.94766e-05 0.00415493 -0.000708578 0.00574194
internal_weight=2310 2157 282 1875 153
internal_count=2310 2157 282 1875 153
is_linear=0
shrinkage=0.04


Tree=82
num_leaves=8
num_cat=0
split_feature=64 64 14 96 106 45 28
split_gain=2.86943 3.55603 7.39573 4.00097 3.39647 4.5813 0.21191
threshold=-0.87446826250480358 -0.32089435952606865 0.19696415145667487 -0.69266835486925515 -0.29961877527856678 0.090819939290204751 0.76124694602480825
decision_type=2 2 2 2 2 2 2
left_child=4 2 -2 -3 5 -1 -6
right_child=1 3 -4 -5 6 -7 -8
leaf_value=-0.00054295274314931626 3.268411577301261e-05 0.00085562992227940584 -0.0010443806501176909 2.6130303865280409e-06 0.0012712954486127424 0.0021831556620907021 0.00026903122275453008
leaf_weight=79 328 204 185 1311 95 68 40
leaf_count=79 328 204 185 1311 95 68 40
internal_value=0.000389273 -0.000137931 -0.00300971 0.000837179 0.00415493 -6.71141e-05 0.00868613
internal_weight=2310 2028 513 1515 282 147 135
internal_count=2310 2028 513 1515 282 147 135
is_linear=0
shrinkage=0.04


Tree=83
num_leaves=8
num_cat=0
split_feature=64 106 46 64 58 102 28
split_gain=2.89585 3.33464 4.56316 3.31901 5.29768 3.94022 0.21085
threshold=-0.87446826250480358 -0.2844353000668513 0.33269680530516366 -0.32089435952606865 -0.019564483697776702 0.33958798400907492 0.76124694602480825
decision_type=2 2 2 2 2 2 2
left_child=1 2 -1 4 -2 -5 -3
right_child=3 6 -4 5 -6 -7 -8
leaf_value=-0.00049539054103147544 7.4436338910144716e-05 0.0012382248121162469 0.0025964339585446217 0.00015114879000247729 -0.0007177669453841323 -0.0003307858571426907 0.00025826997384434879
leaf_weight=93 254 94 55 1259 259 256 40
leaf_count=93 254 94 55 1259 259 256 40
internal_value=0.000371972 0.00415493 0 -0.000157635 -0.00293204 0.000784443 0.00867647
internal_weight=2310 282 148 2028 513 1515 134
internal_count=2310 282 148 2028 513 1515 134
is_linear=0
shrinkage=0.04


Tree=84
num_leaves=5
num_cat=0
split_feature=28 68 70 113
split_gain=3.15593 3.80346 5.26756 2.74189
threshold=-0.80024200967934189 -0.52025623100043605 0.20093308411128366 0.89316020699406529
decision_type=2 2 2 2
left_child=-1 3 -3 -2
right_child=1 2 -4 -5
leaf_value=-0.0010067482266619559 0.00047524661675772282 0.00012426919014458138 -0.00040235720720663227 -0.00025998575764580591
leaf_weight=40 337 1287 601 45
leaf_count=40 337 1287 601 45
internal_value=0.000389273 0.000589789 -0.000148148 0.00421875
internal_weight=2310 2270 1888 382
internal_count=2310 2270 1888 382
is_linear=0
shrinkage=0.04


Tree=85
num_leaves=7
num_cat=0
split_feature=119 68 40 76 35 88
split_gain=2.88535 6.26557 4.5023 6.92844 3.17841 3.0077
threshold=0.42337101144293504 1.3211909812551417 0.59206795249048716 0.32534600957962512 0.94854217267500018 1.1570356339556123
decision_type=2 2 2 2 2 2
left_child=2 5 3 -1 -4 -2
right_child=1 -3 4 -5 -6 -7
leaf_value=-2.5423181436128735e-05 0.00042677264635940351 -0.0010191480874396802 0.00033862543796032404 -0.00096948944479179717 -0.0011960383043795641 -0.000234452565604278
leaf_weight=911 592 45 374 216 44 128
leaf_count=911 592 45 374 216 44 128
internal_value=0.000458478 0.00246415 -0.000536522 -0.0018512 0.003 0.0033795
internal_weight=2310 765 1545 1127 418 720
internal_count=2310 765 1545 1127 418 720
is_linear=0
shrinkage=0.04


Tree=86
num_leaves=7
num_cat=0
split_feature=64 83 35 35 112 25
split_gain=2.65858 3.8013 6.08078 3.82352 1.98396 0.0527845
threshold=0.92715902360740465 -0.70646165458177801 0.17007864319116409 0.81358806103646752 -0.15547619497638196 0.3041256750545549
decision_type=2 2 2 2 2 2
left_child=1 2 -1 -3 -2 -6
right_child=4 3 -4 -5 5 -7
leaf_value=-0.00098514398422741133 -9.7171001322403079e-05 9.5866120869470906e-05 0.00040687005371477111 -0.00037417284826812082 0.0010086846768384162 0.0014206299209935625
leaf_weight=123 51 1792 80 162 40 62
leaf_count=123 51 1792 80 162 40 62
internal_value=0.000423875 6.02131e-05 -0.00512195 0.000603272 0.00548387 0.00865385
internal_weight=2310 2157 203 1954 153 102
internal_count=2310 2157 203 1954 153 102
is_linear=0
shrinkage=0.04


Tree=87
num_leaves=7
num_cat=0
split_feature=7 40 36 35 46 45
split_gain=3.18493 3.60655 7.45215 4.94488 2.8808 1.31641
threshold=-0.58099657760162804 -0.5011207189811232 -0.0099070839709945232 -0.20478427412962855 -1.2384302414226613 -0.25788622418959539
decision_type=2 2 2 2 2 2
left_child=4 2 -2 -3 -1 -6
right_child=1 3 -4 -5 5 -7
leaf_value=-0.00025670673858084719 0.00021580532306732366 -0.00013291263918453812 -0.00073584657416201629 0.0002684201707993064 0.00080472670178239139 0.00033679760160522398
leaf_weight=48 136 725 193 929 108 171
leaf_count=48 136 725 193 929 108 171
internal_value=0.000458478 -0.000146096 -0.0039577 0.000615942 0.00410334 0.00565836
internal_weight=2310 1983 329 1654 327 279
internal_count=2310 1983 329 1654 327 279
is_linear=0
shrinkage=0.04


Tree=88
num_leaves=5
num_cat=0
split_feature=16 78 35 8
split_gain=2.95062 2.76339 3.1076 0.236594
threshold=-1.1612284983910663 -1.3545372555244326 -0.26823681064854987 -0.098224290925827365
decision_type=2 2 2 2
left_child=-1 3 -3 -2
right_child=1 2 -4 -5
leaf_value=0.0010342701373665423 0.00073369872206645737 -0.00021192349862498238 7.2611431576575651e-05 0.0013367248284086636
leaf_weight=60 40 734 1435 41
leaf_count=60 40 734 1435 41
internal_value=0.000423875 0.000186501 -8.75173e-05 0.0073494
internal_weight=2310 2250 2169 81
internal_count=2310 2250 2169 81
is_linear=0
shrinkage=0.04


Tree=89
num_leaves=5
num_cat=0
split_feature=88 58 64 117
split_gain=2.76093 3.40276 7.26358 4.10142
threshold=-0.96129239826324409 0.28612831674425271 0.028516268318521828 0.29124919306107394
decision_type=2 2 2 2
left_child=-1 3 -3 -2
right_child=1 2 -4 -5
leaf_value=0.0013251016579560687 -2.1342664531159433e-05 -0.00063208599357350331 0.0001193465549536471 0.00045063389807637724
leaf_weight=57 1074 284 352 543
leaf_count=57 1074 284 352 543
internal_value=0.000441176 0.000217295 -0.00225705 0.00119209
internal_weight=2310 2253 636 1617
internal_count=2310 2253 636 1617
is_linear=0
shrinkage=0.04


Tree=90
num_leaves=7
num_cat=0
split_feature=64 82 63 102 42 117
split_gain=2.70979 4.93924 3.70355 4.87355 3.83633 2.45297
threshold=-0.87446826250480358 -0.23268101007916084 0.30153597802608406 0.14963535420934113 -1.0166248573902477 -0.86174951713242931
decision_type=2 2 2 2 2 2
left_child=1 -1 4 -4 -2 -3
right_child=2 5 3 -5 -6 -7
leaf_value=-0.00032520632012309045 0.0011775491876644965 -8.7356650634146422e-05 0.00046715252439166261 -0.00010741042161268661 -0.00019730448337813622 0.0017307540682984365
leaf_weight=76 58 42 481 320 1169 164
leaf_count=76 58 42 481 320 1169 164
internal_value=0.000354671 0.00401408 -0.000157635 0.00195517 -0.00153784 0.00721154
internal_weight=2310 282 2028 801 1227 206
internal_count=2310 282 2028 801 1227 206
is_linear=0
shrinkage=0.04


Tree=91
num_leaves=5
num_cat=0
split_feature=18 11 70 7
split_gain=3.25752 2.99039 3.01313 1.35596
threshold=0.62995827876237021 -0.67342038138016369 -0.15971917316606535 -0.091810227812417447
decision_type=2 2 2 2
left_child=1 3 -3 -1
right_child=-2 2 -4 -5
leaf_value=0.00059757826271789212 -0.00076907764090901613 0.00012139184795769335 -0.00016269879659732147 6.0657299502968046e-05
leaf_weight=184 45 824 1022 235
leaf_count=184 45 824 1022 235
internal_value=0.000423875 0.000639612 -5.41126e-05 0.00368171
internal_weight=2310 2265 1846 419
internal_count=2310 2265 1846 419
is_linear=0
shrinkage=0.04


Tree=92
num_leaves=7
num_cat=0
split_feature=35 75 68 33 76 57
split_gain=2.61781 4.61506 3.33026 4.30176 3.15111 1.52512
threshold=0.88388320976355939 0.14312441670866372 -0.28519461184642397 0.55999166799380962 0.28154779964709409 -0.14959638138132383
decision_type=2 2 2 2 2 2
left_child=2 5 4 -4 -1 -2
right_child=1 -3 3 -5 -6 -7
leaf_value=0.00037009153444630266 -0.00026155820087016556 -0.00073116132677069473 -8.8383203207902244e-05 0.00079493796476357817 -0.00090225592948389634 0.00020921225310717391
leaf_weight=613 41 62 1279 221 44 50
leaf_count=613 41 62 1279 221 44 50
internal_value=0.000441176 -0.00458065 0.000801297 -0.00023968 0.00317147 0.0011828
internal_weight=2310 153 2157 1500 657 91
internal_count=2310 153 2157 1500 657 91
is_linear=0
shrinkage=0.04


Tree=93
num_leaves=7
num_cat=0
split_feature=95 46 28 76 70 89
split_gain=2.72625 4.11741 4.41907 1.72722 0.764962 0.296905
threshold=1.4154423910911156 4.2018614509664216 0.53976292949823412 1.4084312771986216 -1.7383079325183841 -0.087035697760560207
decision_type=2 2 2 2 2 2
left_child=1 2 -1 4 -2 -3
right_child=3 5 -4 -5 -6 -7
leaf_value=2.6627416077039113e-05 8.4275312119772711e-06 0.0010710673080855284 -0.00036212709971422647 -9.3953901154505414e-05 0.0011702816242215299 0.0017430624083291974
leaf_weight=1550 40 40 404 57 161 58
leaf_count=1550 40 40 404 57 161 58
internal_value=0.000371972 -0.000116845 -0.000521472 0.00423077 0.00596059 0.0078
internal_weight=2310 2052 1954 258 201 98
internal_count=2310 2052 1954 258 201 98
is_linear=0
shrinkage=0.04


Tree=94
num_leaves=7
num_cat=0
split_feature=35 53 113 78 68 107
split_gain=2.64978 3.69414 4.89383 3.12335 3.50212 0.71105
threshold=0.86651571157746476 -1.0000000180025095e-35 0.28413871568627463 -1.3172204409230643 -0.28519461184642397 -0.088904961053253254
decision_type=2 2 2 2 2 2
left_child=3 -2 -3 5 -5 -1
right_child=1 2 -4 4 -6 -7
leaf_value=0.0010919592570977296 0.00012739641787151988 -4.5501524342450132e-05 -0.0015950712181141554 0.00027036406124700214 -6.0081324488644887e-05 0.00029044272327249422
leaf_weight=69 78 44 40 648 1391 40
leaf_count=69 78 44 40 648 1391 40
internal_value=0.000389273 -0.0045122 -0.0102326 0.000762791 0.000406663 0.0072973
internal_weight=2310 162 84 2148 2039 109
internal_count=2310 162 84 2148 2039 109
is_linear=0
shrinkage=0.04


Tree=95
num_leaves=5
num_cat=0
split_feature=28 81 64 117
split_gain=3.12593 2.48037 4.3942 2.71381
threshold=-0.80024200967934189 1.0000000180025095e-35 1.0777530669315161 0.28153315450282018
decision_type=2 2 2 2
left_child=-1 2 -2 -3
right_child=1 3 -4 -5
leaf_value=-0.00093048586997364184 -0.0001332904752059555 3.0682141565677097e-05 0.0018635981552372676 0.00038144552735058709
leaf_weight=40 1067 751 72 380
leaf_count=40 1067 751 72 380
internal_value=0.00033737 0.000536972 -0.000780018 0.00186231
internal_weight=2310 2270 1139 1131
internal_count=2310 2270 1139 1131
is_linear=0
shrinkage=0.04


Tree=96
num_leaves=5
num_cat=0
split_feature=35 78 35 53
split_gain=2.44999 3.04282 2.80687 2.71253
threshold=0.94854217267500018 -1.3545372555244326 -0.2491478240688895 -1.0000000180025095e-35
decision_type=2 2 2 2
left_child=1 -1 -3 -2
right_child=3 2 -4 -5
leaf_value=0.001033871414810699 4.9216574734858959e-05 -0.00010276258075929804 0.00010379205539202813 -0.0014060727516140249
leaf_weight=79 56 808 1315 52
leaf_count=79 56 808 1315 52
internal_value=0.000371972 0.000662432 0.000371765 -0.00545455
internal_weight=2310 2202 2123 108
internal_count=2310 2202 2123 108
is_linear=0
shrinkage=0.04


Tree=97
num_leaves=7
num_cat=0
split_feature=95 46 17 70 46 84
split_gain=2.84118 3.2396 4.29957 1.7396 1.50278 0.266196
threshold=1.9892466871409409 3.5204901575243821 0.30140162367318474 -0.45582905547222169 0.9286277085419542 0.92370239709651336
decision_type=2 2 2 2 2 2
left_child=1 2 -1 -3 5 -2
right_child=4 3 -4 -5 -6 -7
leaf_value=5.7302051817395597e-05 0.0009416864367803872 -1.8517703198558667e-05 -0.00028544336825168519 0.0014941596463346047 -5.0549232053431307e-05 0.0028413146331974256
leaf_weight=1354 44 40 673 93 40 66
leaf_count=1354 44 40 673 93 40 66
internal_value=0.000371972 0 -0.000399211 0.006 0.00565789 0.00803571
internal_weight=2310 2160 2027 133 150 110
internal_count=2310 2160 2027 133 150 110
is_linear=0
shrinkage=0.04


Tree=98
num_leaves=5
num_cat=0
split_feature=35 78 63 53
split_gain=2.73461 2.67426 2.84385 2.41347
threshold=0.94854217267500018 -1.3545372555244326 0.60816266467231206 -1.0000000180025095e-35
decision_type=2 2 2 2
left_child=1 -1 -3 -2
right_child=3 2 -4 -5
leaf_value=0.00099022447614557528 2.4204966988177079e-05 -1.8324796711559545e-05 0.00027412318467017041 -0.001341839561020087
leaf_weight=79 56 1708 415 52
leaf_count=79 56 1708 415 52
internal_value=0.00033737 0.000644283 0.000371765 -0.00581818
internal_weight=2310 2202 2123 108
internal_count=2310 2202 2123 108
is_linear=0
shrinkage=0.04


Tree=99
num_leaves=8
num_cat=0
split_feature=119 63 108 106 42 1 69
split_gain=2.50126 3.00179 3.65928 3.42062 2.59496 2.16186 0.779649
threshold=0.86967292759571191 0.59791966556986276 -1.3026805235424466 -0.6374793827857973 0.42236062708598199 -0.14111187177706228 0.24280366578631782
decision_type=2 2 2 2 2 2 2
left_child=1 2 -1 -3 6 -6 -2
right_child=4 3 -4 -5 5 -7 -8
leaf_value=0.0013862477645466276 0.0012664694684196437 -0.00040154113229653603 -0.00010642901046899078 0.00055669597430824721 0.00026604067300299686 -0.00032562821721839578 0.00020694752955287588
leaf_weight=107 115 91 1517 334 40 56 50
leaf_count=107 115 91 1517 334 40 56 50
internal_value=0.000320069 -0.000151146 -0.000934809 0.00283372 0.0039924 -0.00122449 0.00700599
internal_weight=2310 2049 1624 425 261 96 165
internal_count=2310 2049 1624 425 261 96 165
is_linear=0
shrinkage=0.04


Tree=100
num_leaves=5
num_cat=0
split_feature=28 68 113 40
split_gain=2.59952 3.13041 3.75541 3.71722
threshold=-0.80024200967934189 -0.61384435224528822 0.89316020699406529 -0.68876434088453753
decision_type=2 2 2 2
left_child=-1 2 -2 -3
right_child=1 3 -4 -5
leaf_value=-0.00089472004717585101 0.00042449090413285596 -0.00084642046341467693 -0.00029707712588470194 1.3979933427027933e-05
leaf_weight=40 286 68 42 1874
leaf_count=40 286 68 42 1874
internal_value=0.00033737 0.000519366 0.00412121 -9.25926e-05
internal_weight=2310 2270 328 1942
internal_count=2310 2270 328 1942
is_linear=0
shrinkage=0.04


Tree=101
num_leaves=6
num_cat=0
split_feature=88 119 35 42 42
split_gain=2.81777 3.1047 3.10838 2.34051 0.248929
threshold=-0.92547027891367295 0.86967292759571191 0.88388320976355939 0.42236062708598199 0.30783609642047433
decision_type=2 2 2 2 2
left_child=4 2 -2 -3 -1
right_child=1 3 -4 -5 -6
leaf_value=0.0003527025426561168 -4.7187625932158111e-06 0.000790851560385899 -0.00029499266131242485 -2.6864146318516333e-05 0.001803782914369929
leaf_weight=40 1840 165 125 96 44
leaf_count=40 1840 165 125 96 44
internal_value=0.00033737 6.28366e-05 -0.000482969 0.00414449 0.00744186
internal_weight=2310 2226 1965 261 84
internal_count=2310 2226 1965 261 84
is_linear=0
shrinkage=0.04


Tree=102
num_leaves=7
num_cat=0
split_feature=119 64 82 5 112 98
split_gain=2.81119 2.70145 2.9728 2.42527 1.7285 1.07751
threshold=0.89095468629182084 1.0777530669315161 -1.0489979981873037 0.39195178589135865 -0.13762481610930768 -0.54869798067752018
decision_type=2 2 2 2 2 2
left_child=1 2 -1 5 -3 -2
right_child=3 4 -4 -5 -6 -7
leaf_value=-0.00033808660518859724 0.00025068389078026782 -7.7929805032908383e-05 -1.2289048338313402e-05 -0.00012297675249951798 0.0017562392361129059 0.0007660557168469354
leaf_weight=49 46 40 1911 78 76 110
leaf_count=49 46 40 1911 78 76 110
internal_value=0.000354671 -0.000115496 -0.000468909 0.00449153 0.00576271 0.00734177
internal_weight=2310 2076 1960 234 116 156
internal_count=2310 2076 1960 234 116 156
is_linear=0
shrinkage=0.04


Tree=103
num_leaves=7
num_cat=0
split_feature=7 119 68 38 44 84
split_gain=2.77334 3.09977 5.10938 4.5647 2.91179 1.56776
threshold=-0.58099657760162804 0.48311266380460272 1.1733169535872332 0.16849221496622971 -1.5884966474889421 -0.80541740044386201
decision_type=2 2 2 2 2 2
left_child=4 3 -3 -2 -1 -6
right_child=1 2 -4 -5 5 -7
leaf_value=-0.00023164328067494863 -0.00029041141982360673 0.00025430955997590243 -0.00083687948066915705 0.00010014762318230626 -7.7812902960546564e-05 0.00062218872264011265
leaf_weight=50 795 507 41 640 40 237
leaf_count=50 795 507 41 640 40 237
internal_value=0.00033737 -0.0002267 0.00232727 -0.0012039 0.0037386 0.0053405
internal_weight=2310 1983 548 1435 327 277
internal_count=2310 1983 548 1435 327 277
is_linear=0
shrinkage=0.04


Tree=104
num_leaves=8
num_cat=0
split_feature=15 114 44 40 100 86 28
split_gain=2.87277 3.34397 4.40107 4.08439 2.16533 1.67981 0.055912
threshold=-0.94262655678722151 0.70801658249201427 0.81327731625230648 -0.5011207189811232 -0.070283025583560685 0.26623178863972791 0.31588534304856036
decision_type=2 2 2 2 2 2 2
left_child=4 3 -3 -2 6 -6 -1
right_child=1 2 -4 -5 5 -7 -8
leaf_value=0.00057949729102806525 -0.00026046991831082364 -0.00079039968910457918 0.00029817124673868679 0.00014921040926497712 -0.00032905280403887875 0.00075237358454248178 0.0005573757728418434
leaf_weight=65 381 166 74 1488 44 52 40
leaf_count=65 381 166 74 1488 44 52 40
internal_value=0.000233564 -0.000203695 -0.0046281 0.000368787 0.00477833 0.000408163 0.00869159
internal_weight=2310 2109 240 1869 201 96 105
internal_count=2310 2109 240 1869 201 96 105
is_linear=0
shrinkage=0.04


Tree=105
num_leaves=6
num_cat=0
split_feature=15 126 68 5 5
split_gain=2.70529 2.78423 2.76438 0.395108 0.232288
threshold=-1.2121358813435175 -1.05821365901357 -0.21166162750017112 -0.1709786611194338 -0.93850262302610254
decision_type=2 2 2 2 2
left_child=4 3 -3 -2 -1
right_child=1 2 -4 -5 -6
leaf_value=0.0011133456348073839 0.0014811922813733332 0.00010285265409558428 -0.00010176450747279151 0.00016259227279798825 0.00033120370573459399
leaf_weight=40 44 784 1362 40 40
leaf_count=40 44 784 1362 40 40
internal_value=0.000181661 -8.06452e-05 -0.000363128 0.00697674 0.00731707
internal_weight=2310 2230 2146 84 80
internal_count=2310 2230 2146 84 80
is_linear=0
shrinkage=0.04


Tree=106
num_leaves=7
num_cat=0
split_feature=83 126 88 47 96 103
split_gain=2.76258 3.185 3.22864 1.84391 1.41291 1.40984
threshold=0.98915283936874665 -1.05821365901357 -0.92547027891367295 -0.34976953415369233 0.61168541824855194 0.05829488392237183
decision_type=2 2 2 2 2 2
left_child=1 -1 -3 5 -5 -2
right_child=3 2 -4 4 -6 -7
leaf_value=0.00072826724106460035 0.0001610236653039111 0.00086517902337258912 -5.917708422960355e-05 0.00087914482333048538 -2.664135260834071e-05 -0.0001679476078583475
leaf_weight=69 44 84 1833 191 49 40
leaf_count=69 44 84 1833 191 49 40
internal_value=0.000268166 -0.000291751 -0.00059927 0.00368098 0.00545455 -0.00139535
internal_weight=2310 1986 1917 324 240 84
internal_count=2310 1986 1917 324 240 84
is_linear=0
shrinkage=0.04


Tree=107
num_leaves=7
num_cat=0
split_feature=84 68 11 107 114 5
split_gain=2.65916 2.95271 3.70345 3.47026 1.18166 1.06765
threshold=1.3816899370588722 -0.21166162750017112 0.53747731759595474 0.905375306285647 0.9596938558591207 -0.98754185501910485
decision_type=2 2 2 2 2 2
left_child=1 3 -3 -1 5 -2
right_child=4 2 -4 -5 -6 -7
leaf_value=0.00023025553070335329 0.00012171851190635688 -8.7316074139617848e-06 -0.00069244259807193977 -0.00021922801964729553 3.7714345415927887e-05 0.0010504709458339734
leaf_weight=737 46 948 324 91 63 101
leaf_count=737 46 948 324 91 63 101
internal_value=0.00016436 -0.000266413 -0.00147567 0.00159036 0.00443396 0.00637584
internal_weight=2310 2100 1272 828 210 147
internal_count=2310 2100 1272 828 210 147
is_linear=0
shrinkage=0.04


Tree=108
num_leaves=5
num_cat=0
split_feature=28 68 70 12
split_gain=2.50928 2.49281 4.48511 3.15844
threshold=-0.80024200967934189 -0.52025623100043605 0.20093308411128366 0.115874497828485
decision_type=2 2 2 2
left_child=-1 3 -3 -2
right_child=1 2 -4 -5
leaf_value=-0.00084267808784544524 0.00059990282900113795 0.00010485198644316109 -0.00031386510075172877 2.2247780111240257e-05
leaf_weight=40 150 1287 601 232
leaf_count=40 150 1287 601 232
internal_value=0.00016436 0.00034331 -0.000253968 0.00328125
internal_weight=2310 2270 1888 382
internal_count=2310 2270 1888 382
is_linear=0
shrinkage=0.04


Tree=109
num_leaves=7
num_cat=0
split_feature=0 37 81 40 7 63
split_gain=2.33212 2.8185 2.86946 2.68575 4.63675 3.52274
threshold=0.1617917413398349 -0.72578237471727802 -0.40745002248353723 -0.29762508877465316 -0.12753478580489777 -0.83241559079614225
decision_type=2 2 2 2 2 2
left_child=1 -1 -3 4 -2 -5
right_child=3 2 -4 5 -6 -7
leaf_value=0.00046137921136902671 -2.4602065824258502e-05 -0.00022037990506808692 0.0001773581983309356 0.00097367697384379969 -0.00079390185928024371 -9.7191616570951425e-05
leaf_weight=75 197 388 911 104 95 540
leaf_count=75 197 388 911 104 95 540
internal_value=0.000216263 0.00126453 0.000822444 -0.00132196 -0.0044898 0.000123839
internal_weight=2310 1374 1299 936 292 644
internal_count=2310 1374 1299 936 292 644
is_linear=0
shrinkage=0.04


Tree=110
num_leaves=5
num_cat=0
split_feature=18 117 39 40
split_gain=2.64907 2.53139 5.6179 3.46405
threshold=0.62995827876237021 0.30070361941725676 1.2264927945744535 0.58624436636195021
decision_type=2 2 2 2
left_child=1 3 -3 -1
right_child=-2 2 -4 -5
leaf_value=-0.00013352837287332401 -0.00061869212460857412 0.00021864952559695703 -0.0010773465256366304 0.00021330658112501323
leaf_weight=1096 45 723 47 399
leaf_count=1096 45 723 47 399
internal_value=0.000250865 0.000445523 0.0023057 -0.000514362
internal_weight=2310 2265 770 1495
internal_count=2310 2265 770 1495
is_linear=0
shrinkage=0.04


Tree=111
num_leaves=6
num_cat=0
split_feature=88 27 114 117 26
split_gain=2.53846 2.78077 3.03608 2.65259 0.328424
threshold=-0.92547027891367295 -0.92841928420195508 0.70801658249201427 0.062745534291985802 0.26913823391715336
decision_type=2 2 2 2 2
left_child=4 3 -3 -2 -1
right_child=1 2 -4 -5 -6
leaf_value=0.0011075785742376608 -1.4388673883350238e-05 6.7621192296116181e-06 -0.00051661480100945211 0.00098303899788401662 0.00044999317957738122
leaf_weight=41 114 1767 232 113 43
leaf_count=41 114 1767 232 113 43
internal_value=0.000233564 -2.693e-05 -0.000504748 0.00414847 0.00697674
internal_weight=2310 2226 1999 227 84
internal_count=2310 2226 1999 227 84
is_linear=0
shrinkage=0.04


Tree=112
num_leaves=5
num_cat=0
split_feature=87 119 68 37
split_gain=2.38196 2.57866 5.62054 3.6855
threshold=-1.9390848001076362 0.44623765976905944 1.3211909812551417 -0.67832723202833389
decision_type=2 2 2 2
left_child=-1 3 -3 -2
right_child=1 2 -4 -5
leaf_value=0.001301082978625303 0.00078916698152320527 0.00020278518665918605 -0.0008198387601164144 -9.2727848696854963e-05
leaf_weight=48 112 686 43 1421
leaf_count=48 112 686 43 1421
internal_value=0.00016436 -2.65018e-05 0.00192886 -0.000957655
internal_weight=2310 2262 729 1533
internal_count=2310 2262 729 1533
is_linear=0
shrinkage=0.04


Tree=113
num_leaves=5
num_cat=0
split_feature=87 119 68 40
split_gain=2.40108 2.55033 5.49777 3.69558
threshold=-1.9390848001076362 0.48311266380460272 1.3211909812551417 0.58624436636195021
decision_type=2 2 2 2
left_child=-1 3 -3 -2
right_child=1 2 -4 -5
leaf_value=0.0012490396594802909 -0.00015959634804765539 0.00019479625631081487 -0.00077621167855631201 0.00017713182148027058
leaf_weight=48 1151 634 41 436
leaf_count=48 1151 634 41 436
internal_value=0.000129758 -6.18375e-05 0.00199409 -0.000937697
internal_weight=2310 2262 675 1587
internal_count=2310 2262 675 1587
is_linear=0
shrinkage=0.04


Tree=114
num_leaves=7
num_cat=0
split_feature=84 68 69 35 47 98
split_gain=2.49149 2.76995 5.37506 3.30222 1.27982 1.11502
threshold=1.3816899370588722 -0.21166162750017112 0.53001435876890624 -0.32431469533567719 -0.28812015294263937 1.1304086516504694
decision_type=2 2 2 2 2 2
left_child=1 2 -1 -3 -2 -6
right_child=4 3 -4 -5 5 -7
leaf_value=0.00030596683990198278 -3.6259457789039606e-05 -0.00032897996765718861 -0.00020399417221722666 8.1304744614356467e-06 0.0011193290283499479 0.0001036747643282504
leaf_weight=640 49 506 188 766 120 41
leaf_count=640 49 506 188 766 120 41
internal_value=0.000112457 -0.000304472 0.00149398 -0.00147567 0.00424528 0.00595092
internal_weight=2310 2100 828 1272 210 161
internal_count=2310 2100 828 1272 210 161
is_linear=0
shrinkage=0.04


Tree=115
num_leaves=5
num_cat=0
split_feature=88 84 70 47
split_gain=2.52911 2.74108 3.32405 1.27982
threshold=-0.96129239826324409 1.3816899370588722 -1.5027417273488635 -0.28812015294263937
decision_type=2 2 2 2
left_child=-1 2 -2 -3
right_child=1 3 -4 -5
leaf_value=0.0010730431801594775 -0.00058309417521177297 -3.4809079477478023e-05 -6.8240651104914395e-06 0.00098444715579192044
leaf_weight=57 102 49 1941 161
leaf_count=57 102 49 1941 161
internal_value=0.000129758 -8.42572e-05 -0.000533007 0.00424528
internal_weight=2310 2253 2043 210
internal_count=2310 2253 2043 210
is_linear=0
shrinkage=0.04


Tree=116
num_leaves=7
num_cat=0
split_feature=84 63 108 84 47 28
split_gain=2.47068 2.71033 4.51023 3.09094 1.27982 1.01513
threshold=1.3816899370588722 0.59791966556986276 -1.3026805235424466 -0.5149077523103458 -0.28812015294263937 0.63511982776642317
decision_type=2 2 2 2 2 2
left_child=1 2 -1 -3 -2 -6
right_child=4 3 -4 -5 5 -7
leaf_value=0.0012626045194913224 -3.3416716298378948e-05 -0.00021422089576055348 -8.7442598642022192e-05 0.00046878558286160403 0.0016424714992882997 0.00044418481779576679
leaf_weight=128 49 113 1551 308 66 95
leaf_count=128 49 113 1551 308 66 95
internal_value=0.000129758 -0.000285442 -0.00100535 0.00257683 0.00424528 0.00595092
internal_weight=2310 2100 1679 421 210 161
internal_count=2310 2100 1679 421 210 161
is_linear=0
shrinkage=0.04


Tree=117
num_leaves=8
num_cat=0
split_feature=84 123 35 44 35 104 116
split_gain=2.51238 2.72104 4.10577 3.85845 1.09535 1.71176 0.485825
threshold=1.3816899370588722 0.73090092669704598 -0.21569939831117343 -0.14142977775022461 -0.66731482768031192 0.0041872770674225958 -0.21422290474975283
decision_type=2 2 2 2 2 2 2
left_child=1 3 -3 -1 5 -2 -6
right_child=4 2 -4 -5 6 -7 -8
leaf_value=0.00015931425781327005 0.00054188223373944407 -0.00088021273818773935 0.00018808996878742616 -5.4495328056885821e-05 0.0011938705067471354 -0.00015313384272989882 0.0010498492767330803
leaf_weight=783 53 123 120 1074 44 47 66
leaf_count=783 53 123 120 1074 44 47 66
internal_value=9.51557e-05 -0.000323501 -0.00428571 0.000199032 0.00424528 0.00117647 0.00696429
internal_weight=2310 2100 243 1857 210 100 110
internal_count=2310 2100 243 1857 210 100 110
is_linear=0
shrinkage=0.04


Tree=118
num_leaves=4
num_cat=0
split_feature=87 40 40
split_gain=2.42028 2.47562 3.33247
threshold=-1.9390848001076362 -1.0279477716191043 -0.31207692310000029
decision_type=2 2 2
left_child=-1 -2 -3
right_child=1 2 -4
leaf_value=0.0011902059610167451 0.0027971115170967484 -0.00011918111065194997 7.1348973172286254e-05
leaf_weight=48 40 682 1540
leaf_count=48 40 682 1540
internal_value=9.51557e-05 -9.71731e-05 -0.000278777
internal_weight=2310 2262 2222
internal_count=2310 2262 2222
is_linear=0
shrinkage=0.04


Tree=119
num_leaves=5
num_cat=0
split_feature=18 82 45 114
split_gain=2.56217 2.45822 3.38582 2.42277
threshold=0.62995827876237021 -0.99813430379861323 -0.13777682439299929 0.71840708837389222
decision_type=2 2 2 2
left_child=1 2 -1 -3
right_child=-2 3 -4 -5
leaf_value=0.00025067720744655872 -0.0005920211557222724 8.6387794334965057e-05 -0.00075480336724480213 -0.00023002578811538818
leaf_weight=40 45 1916 42 267
leaf_count=40 45 1916 42 267
internal_value=9.51557e-05 0.000286723 -0.00642857 0.000544622
internal_weight=2310 2265 82 2183
internal_count=2310 2265 82 2183
is_linear=0
shrinkage=0.04


end of trees

feature_importances:
Column_35=39
Column_64=27
Column_76=26
Column_46=25
Column_70=23
Column_40=20
Column_117=20
Column_63=18
Column_68=18
Column_119=18
Column_61=16
Column_83=16
Column_95=16
Column_125=16
Column_28=15
Column_106=14
Column_11=13
Column_113=13
Column_69=12
Column_126=12
Column_102=11
Column_14=10
Column_84=10
Column_112=10
Column_114=10
Column_16=9
Column_107=9
Column_13=8
Column_42=8
Column_47=8
Column_53=8
Column_78=8
Column_94=8
Column_7=7
Column_18=7
Column_44=7
Column_88=7
Column_123=7
Column_5=6
Column_36=6
Column_37=6
Column_93=6
Column_120=6
Column_25=5
Column_26=5
Column_32=5
Column_82=5
Column_108=5
Column_45=4
Column_81=4
Column_100=4
Column_118=4
Column_1=3
Column_8=3
Column_41=3
Column_58=3
Column_59=3
Column_75=3
Column_86=3
Column_87=3
Column_96=3
Column_99=3
Column_110=3
Column_0=2
Column_3=2
Column_4=2
Column_15=2
Column_27=2
Column_30=2
Column_31=2
Column_33=2
Column_34=2
Column_38=2
Column_39=2
Column_98=2
Column_124=2
Column_10=1
Column_12=1
Column_17=1
Column_24=1
Column_57=1
Column_60=1
Column_66=1
Column_67=1
Column_89=1
Column_90=1
Column_97=1
Column_103=1
Column_104=1
Column_105=1
Column_116=1
Column_122=1

parameters:
[boosting: gbdt]
[objective: quantile]
[metric: quantile]
[tree_learner: serial]
[device_type: cpu]
[data_sample_strategy: bagging]
[data: ]
[valid: ]
[num_iterations: 120]
[learning_rate: 0.04]
[num_leaves: 15]
[num_threads: 2]
[seed: 42]
[deterministic: 0]
[force_col_wise: 0]
[force_row_wise: 0]
[histogram_pool_size: -1]
[max_depth: 3]
[min_data_in_leaf: 40]
[min_sum_hessian_in_leaf: 0.001]
[bagging_fraction: 0.85]
[pos_bagging_fraction: 1]
[neg_bagging_fraction: 1]
[bagging_freq: 0]
[bagging_seed: 400]
[bagging_by_query: 0]
[feature_fraction: 0.8]
[feature_fraction_bynode: 1]
[feature_fraction_seed: 30056]
[extra_trees: 0]
[extra_seed: 12879]
[early_stopping_round: 0]
[early_stopping_min_delta: 0]
[first_metric_only: 0]
[max_delta_step: 0]
[lambda_l1: 0]
[lambda_l2: 2]
[linear_lambda: 0]
[min_gain_to_split: 0]
[drop_rate: 0.1]
[max_drop: 50]
[skip_drop: 0.5]
[xgboost_dart_mode: 0]
[uniform_drop: 0]
[drop_seed: 17869]
[top_rate: 0.2]
[other_rate: 0.1]
[min_data_per_group: 100]
[max_cat_threshold: 32]
[cat_l2: 10]
[cat_smooth: 10]
[max_cat_to_onehot: 4]
[top_k: 20]
[monotone_constraints: ]
[monotone_constraints_method: basic]
[monotone_penalty: 0]
[feature_contri: ]
[forcedsplits_filename: ]
[refit_decay_rate: 0.9]
[cegb_tradeoff: 1]
[cegb_penalty_split: 0]
[cegb_penalty_feature_lazy: ]
[cegb_penalty_feature_coupled: ]
[path_smooth: 0]
[interaction_constraints: ]
[verbosity: -1]
[saved_feature_importance_type: 0]
[use_quantized_grad: 0]
[num_grad_quant_bins: 4]
[quant_train_renew_leaf: 0]
[stochastic_rounding: 1]
[linear_tree: 0]
[max_bin: 255]
[max_bin_by_feature: ]
[min_data_in_bin: 3]
[bin_construct_sample_cnt: 200000]
[data_random_seed: 175]
[is_enable_sparse: 1]
[enable_bundle: 1]
[use_missing: 1]
[zero_as_missing: 0]
[feature_pre_filter: 1]
[pre_partition: 0]
[two_round: 0]
[header: 0]
[label_column: ]
[weight_column: ]
[group_column: ]
[ignore_column: ]
[categorical_feature: ]
[forcedbins_filename: ]
[precise_float_parser: 0]
[parser_config_file: ]
[objective_seed: 16083]
[num_class: 1]
[is_unbalance: 0]
[scale_pos_weight: 1]
[sigmoid: 1]
[boost_from_average: 1]
[reg_sqrt: 0]
[alpha: 0.25]
[fair_c: 1]
[poisson_max_delta_step: 0.7]
[tweedie_variance_power: 1.5]
[lambdarank_truncation_level: 30]
[lambdarank_norm: 1]
[label_gain: ]
[lambdarank_position_bias_regularization: 0]
[eval_at: ]
[multi_error_top_k: 1]
[auc_mu_weights: ]
[num_machines: 1]
[local_listen_port: 12400]
[time_out: 120]
[machine_list_filename: ]
[machines: ]
[gpu_platform_id: -1]
[gpu_device_id: -1]
[gpu_device_id_list: ]
[gpu_use_dp: 0]
[num_gpu: 1]

end of parameters

pandas_categorical:null
