tree
version=v4
num_class=1
num_tree_per_iteration=1
label_index=0
max_feature_idx=126
objective=quantile
feature_names=Column_0 Column_1 Column_2 Column_3 Column_4 Column_5 Column_6 Column_7 Column_8 Column_9 Column_10 Column_11 Column_12 Column_13 Column_14 Column_15 Column_16 Column_17 Column_18 Column_19 Column_20 Column_21 Column_22 Column_23 Column_24 Column_25 Column_26 Column_27 Column_28 Column_29 Column_30 Column_31 Column_32 Column_33 Column_34 Column_35 Column_36 Column_37 Column_38 Column_39 Column_40 Column_41 Column_42 Column_43 Column_44 Column_45 Column_46 Column_47 Column_48 Column_49 Column_50 Column_51 Column_52 Column_53 Column_54 Column_55 Column_56 Column_57 Column_58 Column_59 Column_60 Column_61 Column_62 Column_63 Column_64 Column_65 Column_66 Column_67 Column_68 Column_69 Column_70 Column_71 Column_72 Column_73 Column_74 Column_75 Column_76 Column_77 Column_78 Column_79 Column_80 Column_81 Column_82 Column_83 Column_84 Column_85 Column_86 Column_87 Column_88 Column_89 Column_90 Column_91 Column_92 Column_93 Column_94 Column_95 Column_96 Column_97 Column_98 Column_99 Column_100 Column_101 Column_102 Column_103 Column_104 Column_105 Column_106 Column_107 Column_108 Column_109 Column_110 Column_111 Column_112 Column_113 Column_114 Column_115 Column_116 Column_117 Column_118 Column_119 Column_120 Column_121 Column_122 Column_123 Column_124 Column_125 Column_126
feature_infos=[-4.6268041035720255:6.0069305704046343] [-3.862312370529994:4.0832619148893601] [-3.7163093795827353:3.6544265240928073] [-3.4609469411371871:3.2399873259530714] [-3.1786475454894174:2.5983333234850798] [-2.155857528548963:2.47447696952525] [-3.4063797337012889:3.3114305393002716] [-1.1734312413575929:4.755319658676413] [-1.6139140211723235:1.6124245649824895] [-3.1017724077380922:2.6638104644029181] [-1.2374679934516926:3.8504285899817301] [-2.4237876298289769:2.6587805542599083] [-2.0765162101788617:2.5153201656779127] [-1.3139947482908882:2.7745221388233214] [-2.5018184032706166:2.9866552178790267] [-1.7991902370546689:1.4641344636414955] [-1.8662701971189142:1.7718387800197279] [-1.0359136242208751:0.67130252868868656] [-1.0956022543138875:0.6894234222411012] [-1.0359136242208751:0.67130252868868645] [-2.3303958347442411:2.8911735732725234] [-3.203142619654467:3.4960634222766624] [-2.864976672415203:2.8444892239404105] [-1.9441823346786884:2.794539336112229] [-2.2045528349479473:1.8602207661181134] [-2.073806743600723:1.8776539872341427] [-3.22730697494781:2.1914908025246298] [-1.791596902848964:1.5798853244593614] [-0.95311332106779612:2.8266158281320117] [-3.5426093449479206:3.3343850685449112] [-3.266275601768867:2.9371165698319692] [-2.5035699052605871:2.2161594443066361] [-2.4779152874084187:2.3825223499519028] [-2.0050316247267843:2.4342637725924359] [-2.1502872428038593:2.2822282932168041] [-1.9410097563727928:2.0083515424798408] [-2.045958981274989:2.2115019867135035] [-1.2250202424984911:3.1623936328397653] [-1.233600967736864:3.7113562446940365] [-1.3255527136439367:2.6913239778421021] [-1.1779452161730728:1.8110293583140038] [-2.0395739001084059:1.6001082171943624] [-1.7567776806963606:1.65925414687714] [-1.9712004286400655:11.838204433314683] [-591.26272173030611:94.299742658723929] [-487.88452233125531:101.54981277526774] [-640.71422599092864:47.124909940064221] [-1.1315825525699543:3.3039451481235864] [-1.8575166379391064:1.7189113789261443] [-1.1630451037579781:6.3306757537243845] [-3.867652320206032:4.5928419695727802] [-10.080950183483392:8.3561647121438938] [-1:1] [-0.83333333333333337:1] [0:1] [0:1] [-3.5827524790285139:4.3154473429230844] [-4.0562963676519814:2.3325201469451535] [-2.3371901645858775:1.5896574009008153] [-1.0274268497732129:2.3357271815079783] [-2.4322724946438954:1.3307201708314245] [-1.6890439213934751:0.32198573389654961] [-3.1162375656751777:3.5618550970343854] [-2.6870600889011795:2.4642119376221836] [-2.2037955126117197:1.8814437383060789] [-5.2041482469319345:4.62175589265863] [-4.6824358897052862:3.1132511247180097] [-3.3848662895719825:2.7851417237344869] [-1.1908867465495157:2.8007615344486911] [-2.2681090010099756:2.3378761093364768] [-2.5250894390556629:0.63282021715880832] [-3.842542148544521:4.4110708728842782] [-5.8218830951028187:4.7771464635793484] [-3.0570301291189557:4.0039166123806176] [-3.4149222621736537:2.2637245097514103] [-2.4849234623351513:1.6988141700002217] [-0.97633263491196676:2.2945517100392245] [-2.1925063718660263:1.3054812176665234] [-1.4932433393359004:0.31621236668352115] [-4.5375414742882816:7.8684650966946004] [-4.026775521979026:5.531294041176305] [-2.4075809636944698:4.1386428494967609] [-1.3142431115432558:4.6913393178528615] [-1.2128981195284769:7.9575246151762205] [-1.2342879427283697:2.3332994795062194] [-6.5012829421683316:6.6774679662524203] [-4.5314239788777808:3.5165865070917639] [-2.7362485311784321:3.7476521811905683] [-1.2110853712017766:3.5468492269786567] [-1.7992957978891841:4.4364559203739287] [-0.82368239422926026:2.1645217940033317] [-11.27594426910813:11.053455300399325] [-6.0430216689232639:5.2431771126783069] [-3.4757321594287305:3.7646132649841171] [-0.99442636989927358:3.1105443689538159] [-2.1401439080565452:4.0585434417468562] [-1.2362702197861926:0.66804965344588041] [-3.9512664843552812:2.9641871078954387] [-3.4514510044756408:3.0002289885661177] [-2.5789550090238884:1.7081445447705399] [-1.3289290026479641:3.1979541374411764] [-2.1178782621448935:1.8611384999996154] [-1.4798276692460424:0.43536976673221567] [-5.4319512925505906:3.1945137541572954] [-4.1934446333566422:3.5527150999290673] [-1.9383757265739703:2.8733719832576732] [-1.3418839681076882:4.1208695833090481] [-1.7869055809535381:4.4869946740840305] [-1.5859886714312248:1.2791442770769939] [-4.4114147880816903:2.6608820866267151] [-3.8070309579488875:3.5206849978859003] [-1.9938529087765051:2.6178321298180087] [-1.382153821989083:3.9204440540424792] [-1.6127681151416453:3.8518977322871573] [-1.6113604439853819:1.2009760920944479] [-3.3361687522286663:3.5683491125216622] [-2.2396029048155199:2.6507179314534244] [-1.9757013423130925:2.042186105971624] [-1.4708356128285724:1.9617766305172581] [-1.488955723010376:2.0512904020169129] [-2.4266646458755412:0.64899957575063594] [-3.2185615159771666:3.4559804766769173] [-2.776366177316814:3.5941854834439781] [-1.7324055609268327:2.473058254893183] [-0.76630026662546491:2.7420384320344202] [-1.5092611797183133:2.4102295088095991] [-1.3774647631077823:0.90147170386274167]
tree_sizes=853 863 865 867 867 865 778 865 784 874 866 867 781 869 866 869 781 610 785 864 780 786 864 864 869 611 695 868 875 693 867 609 874 875 690 863 778 776 871 784 874 783 788 787 873 783 605 784 784 788 789 864 784 780 691 782 778 783 783 777 689 700 784 870 875 605 696 600 694 687 779 607 876 777 778 604 780 785 877 791 872 698 782 782 694 698 788 876 871 602 786 790 603 776 786 869 788 881 691 785 874 786 783 611 699 875 783 780 873 875 874 780 611 788 785 785 694 784 784 787

Tree=0
num_leaves=8
num_cat=0
split_feature=76 61 126 102 5 102 74
split_gain=10.4671 7.99042 9.36215 3.41254 4.39887 2.13346 0.555084
threshold=0.32173014998023902 -1.1116559636999137 -0.1830848834295539 0.33958798400907492 -0.063707442618550048 -1.2047015704500197 -1.4447639852416312
decision_type=2 2 2 2 2 2 2
left_child=3 6 -3 5 -5 -1 -2
right_child=1 2 -4 4 -6 -7 -8
leaf_value=-0.080022895542837216 -0.079674908726364652 -0.078956647361108398 -0.08152208542787652 -0.077992868492668135 -0.081588469379764841 -0.07843605723739383 -0.077725903882079339
leaf_weight=102 42 186 390 59 49 1284 198
leaf_count=102 42 186 390 59 49 1284 198
internal_value=-0.0795889 -0.0832271 -0.0857758 -0.0775996 -0.0843889 -0.0770644 -0.0771096
internal_weight=2310 816 576 1494 108 1386 240
internal_count=2310 816 576 1494 108 1386 240
is_linear=0
shrinkage=1


Tree=1
num_leaves=8
num_cat=0
split_feature=76 95 126 102 12 102 95
split_gain=10.1876 6.04288 6.53963 3.38583 4.39887 2.14231 0.372527
threshold=0.32173014998023902 1.7422086027224397 -0.17626810681317698 0.33958798400907492 -0.066901332273391428 -1.2013624599192239 2.0102710720401444
decision_type=2 2 2 2 2 2 2
left_child=3 2 -2 5 -5 -1 -3
right_child=1 6 -4 4 -6 -7 -8
leaf_value=-0.00040506713552312669 0.00055932022863551761 0.00029255618346420864 -0.0016839622914467788 0.001308915805315086 -0.0019195603691311363 0.0011148741874437485 0.0029687773700392732
leaf_weight=111 189 48 447 59 49 1275 132
leaf_count=111 189 48 447 59 49 1275 132
internal_value=1.48883e-10 -0.00358924 -0.00541693 0.00196257 -0.0048 0.00249568 0.00285714
internal_weight=2310 816 636 1494 108 1386 180
internal_count=2310 816 636 1494 108 1386 180
is_linear=0
shrinkage=0.04


Tree=2
num_leaves=8
num_cat=0
split_feature=106 37 126 14 90 59 114
split_gain=7.71899 4.56584 9.10535 4.11906 5.31845 3.42541 3.38658
threshold=0.78551953104228978 0.61296029044056033 1.0000000180025095e-35 0.4923314024296736 -0.42506158588380633 1.892766278234802 0.91569001659216009
decision_type=2 2 2 2 2 2 2
left_child=3 2 -2 6 -5 -3 -1
right_child=1 5 -4 4 -6 -7 -8
leaf_value=0.00096945050429796174 -0.0003360216626461987 0.00024602425563348016 -0.0025924949501052014 -0.0013708639920934551 0.00012972610741106532 -0.0016171834437275379 -0.0023709760785227203
leaf_weight=1327 72 177 66 110 418 42 98
leaf_count=1327 72 177 66 110 418 42 98
internal_value=0.000121107 -0.00527019 -0.0109143 0.001111 -0.00190189 -0.00164706 0.00222845
internal_weight=2310 357 138 1953 528 219 1425
internal_count=2310 357 138 1953 528 219 1425
is_linear=0
shrinkage=0.04


Tree=3
num_leaves=8
num_cat=0
split_feature=76 61 126 102 5 102 93
split_gain=7.71494 6.41955 7.22132 2.57794 3.90381 1.95998 0.691996
threshold=0.32173014998023902 -1.1116559636999137 -0.1830848834295539 0.33958798400907492 -0.05961668918363195 -1.2047015704500197 0.32414163267926788
decision_type=2 2 2 2 2 2 2
left_child=3 6 -3 5 -5 -1 -2
right_child=1 2 -4 4 -6 -7 -8
leaf_value=-0.00035358667977224422 -0.00016779675580575127 0.00055690286818278387 -0.0016980129556326345 0.0010725228178481681 -0.0018858369137391517 0.0010620415906694295 0.0025767172434516782
leaf_weight=102 48 186 390 61 47 1284 192
leaf_count=102 48 186 390 61 47 1284 192
internal_value=0.000121107 -0.00300244 -0.0052872 0.00182888 -0.00407273 0.00229395 0.00247934
internal_weight=2310 816 576 1494 108 1386 240
internal_count=2310 816 576 1494 108 1386 240
is_linear=0
shrinkage=0.04


Tree=4
num_leaves=8
num_cat=0
split_feature=76 61 126 14 67 17 93
split_gain=7.10287 5.60209 6.47181 2.07442 2.70564 1.48461 0.639666
threshold=0.32173014998023902 -1.1116559636999137 -0.1830848834295539 0.4923314024296736 0.62465801617143801 0.59326418413236059 0.32414163267926788
decision_type=2 2 2 2 2 2 2
left_child=3 6 -3 5 -5 -1 -2
right_child=1 2 -4 4 -6 -7 -8
leaf_value=0.0011265908887088504 -0.00016108488557352131 0.00053462675345547234 -0.001630092437407329 0.00049862482965598262 -0.00096114495661050678 -0.00050833468124450735 0.0024736485537136112
leaf_weight=997 48 186 390 307 88 102 192
leaf_count=997 48 186 390 307 88 102 192
internal_value=0.000190312 -0.00280685 -0.00494118 0.00182888 -0.000654912 0.00272116 0.00231405
internal_weight=2310 816 576 1494 395 1099 240
internal_count=2310 816 576 1494 395 1099 240
is_linear=0
shrinkage=0.04


Tree=5
num_leaves=8
num_cat=0
split_feature=76 61 88 102 5 28 107
split_gain=6.64686 5.39069 6.25185 2.53164 3.57976 1.70339 0.844102
threshold=0.32173014998023902 -1.1116559636999137 2.3257823669931299 0.33958798400907492 -0.063707442618550048 -0.78646290573603628 0.33598742477929316
decision_type=2 2 2 2 2 2 2
left_child=3 6 -3 5 -5 -1 -2
right_child=1 2 -4 4 -6 -7 -8
leaf_value=-0.00038212629984969861 0.002227490898607624 -0.0015209280449600025 0.00068494348359113809 0.0013531172818349031 -0.0017871269911721079 0.00089155818301889223 -0.00012157401197255215
leaf_weight=40 189 456 120 59 49 1346 51
leaf_count=40 189 456 120 59 49 1346 51
internal_value=0.000190312 -0.00270905 -0.00480277 0.0017754 -0.00407273 0.00223631 0.00231405
internal_weight=2310 816 576 1494 108 1386 240
internal_count=2310 816 576 1494 108 1386 240
is_linear=0
shrinkage=0.04


Tree=6
num_leaves=7
num_cat=0
split_feature=76 126 84 14 101 35
split_gain=6.20993 4.24861 6.85151 2.74577 2.21654 2.08256
threshold=0.28862208111878357 -0.20215372103913046 1.0740562243526144 0.58116370233640424 0.88413882058783788 0.80454699902727211
decision_type=2 2 2 2 2 2
left_child=4 3 -3 -2 5 -1
right_child=1 2 -4 -5 -6 -7
leaf_value=0.0009664428096282352 0.0011353857907066098 -0.0014906647663758812 0.00034229283316636122 -0.0021417527276168052 -0.0012724741247802287 -0.00044834217935133127
leaf_weight=1324 205 372 225 41 42 101
leaf_count=1324 205 372 225 41 42 101
internal_value=0.000190312 -0.00254201 -0.0043606 0.00187097 0.00176174 0.00203224
internal_weight=2310 843 597 246 1467 1425
internal_count=2310 843 597 246 1467 1425
is_linear=0
shrinkage=0.04


Tree=7
num_leaves=8
num_cat=0
split_feature=106 40 28 90 47 111 16
split_gain=5.17727 4.91951 6.35771 3.28882 6.67167 2.63078 1.85943
threshold=0.78551953104228978 0.62341582420381048 0.53106636593444156 -0.58029369264862429 -0.44939001293412423 1.1059406773061242 0.4885885151065591
decision_type=2 2 2 2 2 2 2
left_child=3 2 -2 4 -1 -5 -3
right_child=1 6 -4 5 -6 -7 -8
leaf_value=-0.001691366784527923 -0.00090981445028331226 0.00040832069244804096 -0.0020813271165298739 0.0006747234704640976 0.0016482540898236644 -0.00063891050707396216 -0.0025481664508988046
leaf_weight=61 112 165 40 1683 86 123 40
leaf_count=61 112 165 40 1683 86 123 40
internal_value=0.000259516 -0.00415599 -0.00955844 0.00107008 -0.0046443 0.00153982 -9.66182e-05
internal_weight=2310 357 152 1953 147 1806 205
internal_count=2310 357 152 1953 147 1806 205
is_linear=0
shrinkage=0.04


Tree=8
num_leaves=7
num_cat=0
split_feature=76 61 45 101 35 107
split_gain=5.05469 4.48963 5.94055 2.15613 1.98382 0.844102
threshold=0.32173014998023902 -1.1116559636999137 -0.30659856377272859 0.88413882058783788 0.80454699902727211 0.33598742477929316
decision_type=2 2 2 2 2 2
left_child=3 5 -3 4 -1 -2
right_child=1 2 -4 -5 -6 -7
leaf_value=0.00085351973746757015 0.0020977106105181005 -0.0016818492041289568 -0.00052450353260061569 -0.0012433095594871855 -0.00045739743099584211 -8.4073400397527342e-05
leaf_weight=1351 189 159 417 42 101 51
leaf_count=1351 189 159 417 42 101 51
internal_value=0.000259516 -0.00226895 -0.00417993 0.00164171 0.00190371 0.00231405
internal_weight=2310 816 576 1494 1452 240
internal_count=2310 816 576 1494 1452 240
is_linear=0
shrinkage=0.04


Tree=9
num_leaves=8
num_cat=0
split_feature=76 118 38 81 14 67 17
split_gain=4.87262 3.52967 5.34603 4.10313 1.9767 3.01926 1.36942
threshold=0.32173014998023902 -0.12505426560364916 -0.029479407449001908 -0.63191434589628448 0.4923314024296736 0.62465801617143801 0.59326418413236059
decision_type=2 2 2 2 2 2 2
left_child=4 2 -2 -3 6 -6 -1
right_child=1 3 -4 -5 5 -7 -8
leaf_value=0.00096233297055271197 -0.0024621211827795483 -0.0012292718630869449 -0.00095011467781732956 0.00034857665961319037 0.00043415773487906327 -0.00099039849509618603 -0.00055296022880172433
leaf_weight=997 42 141 189 444 307 88 102
leaf_count=997 42 141 189 444 307 88 102
internal_value=0.000311419 -0.00217115 -0.00633476 -0.000511073 0.00166845 -0.000755667 0.00253951
internal_weight=2310 816 231 585 1494 395 1099
internal_count=2310 816 231 585 1494 395 1099
is_linear=0
shrinkage=0.04


Tree=10
num_leaves=8
num_cat=0
split_feature=106 40 28 69 40 16 16
split_gain=4.95884 4.6531 5.71009 3.29508 4.77145 1.85943 0.962905
threshold=0.78551953104228978 0.62341582420381048 0.53106636593444156 -0.13772455480600235 1.0164937921552466 0.4885885151065591 0.25080498411893731
decision_type=2 2 2 2 2 2 2
left_child=3 2 -2 6 -5 -3 -1
right_child=1 5 -4 4 -6 -7 -8
leaf_value=0.0013656631785089841 -0.00075809366017135849 0.00043084653293778876 -0.0018913768340815293 0.00010029246052219679 -0.0016057659863859528 -0.0023328228267527123 -0.00047162719973383116
leaf_weight=736 112 165 40 1111 43 40 63
leaf_count=736 112 165 40 1111 43 40 63
internal_value=0.000276817 -0.00404457 -0.0092987 0.00107008 -0.000297578 -9.66182e-05 0.0030412
internal_weight=2310 357 152 1953 1154 205 799
internal_count=2310 357 152 1953 1154 205 799
is_linear=0
shrinkage=0.04


Tree=11
num_leaves=8
num_cat=0
split_feature=76 61 126 69 102 107 1
split_gain=4.43219 4.39199 5.40952 1.96681 2.8843 0.633701 0.0110913
threshold=0.32534600957962512 -1.1116559636999137 -0.1830848834295539 -0.27337965296994804 0.33958798400907492 0.33598742477929316 0.91536020913866845
decision_type=2 2 2 2 2 2 2
left_child=3 5 -3 6 -5 -2 -1
right_child=1 2 -4 4 -6 -7 -8
leaf_value=0.0016338516296462997 0.0019452325925724901 0.00069315770046790212 -0.0013005055841389221 0.00039159693105298517 -0.0013296252448787751 -5.812516187426609e-05 0.00078961713373386204
leaf_weight=395 189 180 387 996 72 51 40
leaf_count=395 189 180 387 996 72 51 40
internal_value=0.000346021 -0.00204203 -0.00395782 0.00162924 0.000702804 0.00247934 0.00389016
internal_weight=2310 807 567 1503 1068 240 435
internal_count=2310 807 567 1503 1068 240 435
is_linear=0
shrinkage=0.04


Tree=12
num_leaves=7
num_cat=0
split_feature=106 11 69 39 125 24
split_gain=4.40626 4.18455 3.2094 3.92829 2.9078 0.507253
threshold=0.78551953104228978 0.70946755054334099 -0.29250697016615251 0.63312060826603644 0.016061666179529362 -0.060062058969849251
decision_type=2 2 2 2 2 2
left_child=2 4 5 -4 -2 -1
right_child=1 -3 3 -5 -6 -7
leaf_value=0.001443380649669216 0.00067776577827135848 -0.0020604827997759896 0.00023589827579318265 -0.0013855886529566342 -0.00065370496749256725 0.00041282644179874931
leaf_weight=543 108 42 1186 144 207 80
leaf_count=543 108 42 1186 144 207 80
internal_value=0.000363322 -0.00371031 0.001111 1.48788e-10 -0.00208202 0.0034752
internal_weight=2310 357 1953 1330 315 623
internal_count=2310 357 1953 1330 315 623
is_linear=0
shrinkage=0.04


Tree=13
num_leaves=8
num_cat=0
split_feature=76 61 126 102 5 102 107
split_gain=4.28906 4.13827 5.86335 1.91807 3.01939 1.77713 0.633701
threshold=0.28154779964709409 -1.1116559636999137 -0.20215372103913046 0.33958798400907492 -0.12941322492202664 -1.2013624599192239 0.33598742477929316
decision_type=2 2 2 2 2 2 2
left_child=3 6 -3 5 -5 -1 -2
right_child=1 2 -4 4 -6 -7 -8
leaf_value=-0.0003309679440027843 0.0018179324849977318 0.00056207879300484379 -0.0011212392732326698 0.001637934842191471 -0.0015695725598168346 0.00082481880873382194 -4.8053357390187474e-05
leaf_weight=111 189 204 408 53 52 1242 51
leaf_count=111 189 204 408 53 52 1242 51
internal_value=0.000294118 -0.00195785 -0.00370033 0.00161096 -0.0035514 0.00201624 0.00247934
internal_weight=2310 852 612 1458 105 1353 240
internal_count=2310 852 612 1458 105 1353 240
is_linear=0
shrinkage=0.04


Tree=14
num_leaves=8
num_cat=0
split_feature=106 40 28 69 40 16 46
split_gain=4.36896 3.89835 6.45172 2.92407 4.50367 1.85943 0.758928
threshold=0.78551953104228978 0.62341582420381048 0.53106636593444156 -0.29250697016615251 1.0164937921552466 0.4885885151065591 -1.7064403536359851
decision_type=2 2 2 2 2 2 2
left_child=3 2 -2 6 -5 -3 -1
right_child=1 5 -4 4 -6 -7 -8
leaf_value=-0.00030573849270818269 -0.00060475192076993767 0.00044075997852487759 -0.0016394804101880966 0.00013189128281225241 -0.001371235262958967 -0.0021108648126290735 0.0014028041552479364
leaf_weight=40 112 165 40 1284 46 40 583
leaf_count=40 112 165 40 1284 46 40 583
internal_value=0.000346021 -0.00371031 -0.00851948 0.00109054 3.00302e-05 -9.66182e-05 0.0033472
internal_weight=2310 357 152 1953 1330 205 623
internal_count=2310 357 152 1953 1330 205 623
is_linear=0
shrinkage=0.04


Tree=15
num_leaves=8
num_cat=0
split_feature=76 61 35 102 5 102 107
split_gain=3.84696 4.01717 4.97646 2.06687 3.07896 1.75316 0.633701
threshold=0.32534600957962512 -1.1116559636999137 -0.23768788117521322 0.33958798400907492 -0.12941322492202664 -1.2013624599192239 0.33598742477929316
decision_type=2 2 2 2 2 2 2
left_child=3 6 -3 5 -5 -1 -2
right_child=1 2 -4 4 -6 -7 -8
leaf_value=-0.00032300487755516325 0.0016891030193879053 -0.0012621374451393919 -0.00014870419850060115 0.0015811459486515678 -0.00140115390158631 0.0006795041202137407 -4.6015729412388744e-05
leaf_weight=111 189 252 315 53 55 1284 51
leaf_count=111 189 252 315 53 55 1284 51
internal_value=0.000380623 -0.00184425 -0.00367663 0.00157608 -0.00370909 0.00198998 0.00247934
internal_weight=2310 807 567 1503 108 1395 240
internal_count=2310 807 567 1503 108 1395 240
is_linear=0
shrinkage=0.04


Tree=16
num_leaves=7
num_cat=0
split_feature=106 11 69 40 40 24
split_gain=3.67851 3.77953 3.26497 4.74565 2.75634 1.03622
threshold=0.78551953104228978 0.70946755054334099 -0.13772455480600235 1.0164937921552466 0.87619172703636272 -0.10654653328041845
decision_type=2 2 2 2 2 2
left_child=2 4 5 -4 -2 -1
right_child=1 -3 3 -5 -6 -7
leaf_value=0.0013139330021496379 -0.0005548177876191641 -0.0018224865354657183 5.5108326028769027e-05 -0.0012885069120926501 0.00065134520616391732 7.5733497420477368e-05
leaf_weight=610 188 42 1111 43 127 189
leaf_count=610 188 42 1111 43 127 189
internal_value=0.000346021 -0.00337604 0.00102916 -0.00033218 -0.00182965 0.00299126
internal_weight=2310 357 1953 1154 315 799
internal_count=2310 357 1953 1154 315 799
is_linear=0
shrinkage=0.04


Tree=17
num_leaves=5
num_cat=0
split_feature=35 14 123 100
split_gain=3.65157 3.10187 4.38385 3.45444
threshold=1.1047145422063773 0.52541198024371949 0.71199919240066423 -0.027618183948698492
decision_type=2 2 2 2
left_child=1 2 -1 -3
right_child=-2 3 -4 -5
leaf_value=0.00068124085105779439 -0.0025837905477984497 0.00085567177708466388 -0.00048055420730111308 -0.00077820059955373635
leaf_weight=1399 45 254 310 302
leaf_count=1399 45 254 310 302
internal_value=0.000397924 0.000626379 0.00147049 -0.00196416
internal_weight=2310 2265 1709 556
internal_count=2310 2265 1709 556
is_linear=0
shrinkage=0.04


Tree=18
num_leaves=7
num_cat=0
split_feature=106 11 69 114 126 12
split_gain=3.26888 4.01481 2.99836 3.88822 2.70876 0.738781
threshold=0.78551953104228978 0.70946755054334099 -0.13772455480600235 0.91569001659216009 -0.067891442777139363 0.39960187992060298
decision_type=2 2 2 2 2 2
left_child=2 4 5 -4 -2 -1
right_child=1 -3 3 -5 -6 -7
leaf_value=0.00098547434984698631 0.00083808055645666704 -0.0017291743194586492 0.00010715271087055847 -0.0024860508541057029 -0.00046984228756851738 -0.00018845378056812231
leaf_weight=751 110 42 1077 77 205 48
leaf_count=751 110 42 1077 77 205 48
internal_value=0.000467128 -0.00304178 0.001111 -0.000193771 -0.0014511 0.00299126
internal_weight=2310 357 1953 1154 315 799
internal_count=2310 357 1953 1154 315 799
is_linear=0
shrinkage=0.04


Tree=19
num_leaves=8
num_cat=0
split_feature=106 40 87 69 40 38 46
split_gain=3.31571 3.54647 4.16773 3.01545 3.29736 2.10586 0.757408
threshold=0.78551953104228978 0.62341582420381048 0.22090577948528409 -0.30105242340857369 1.0164937921552466 0.4460979943158066 -1.7064403536359851
decision_type=2 2 2 2 2 2 2
left_child=3 2 -2 6 -5 -3 -1
right_child=1 5 -4 4 -6 -7 -8
leaf_value=-0.00026951274631411545 -0.0013016139902379657 -0.0012207128778546515 0.00011457062217053957 0.00011337806575306651 -0.0011875181626039993 0.00074198623878045974 0.0012481125900701783
leaf_weight=40 93 59 59 1291 46 146 576
leaf_count=40 93 59 59 1291 46 146 576
internal_value=0.000380623 -0.0031532 -0.00774026 0.00102916 -3.88348e-05 0.000289855 0.00333981
internal_weight=2310 357 152 1953 1337 205 616
internal_count=2310 357 152 1953 1337 205 616
is_linear=0
shrinkage=0.04


Tree=20
num_leaves=7
num_cat=0
split_feature=106 40 28 28 113 38
split_gain=3.20481 3.72067 4.70063 3.22412 2.22003 1.80457
threshold=0.78551953104228978 0.62341582420381048 0.47759915223484134 -0.78646290573603628 1.2019188699717098 0.4460979943158066
decision_type=2 2 2 2 2 2
left_child=3 2 -2 -1 -5 -3
right_child=1 5 -4 4 -6 -7
leaf_value=-0.0005097736433142255 -0.00041364008461771047 -0.0011718843627404657 -0.0012775660197488856 0.0004383264830386669 -0.00095705351091975087 0.00071230678922924165
leaf_weight=48 107 59 45 1784 121 146
leaf_count=48 107 59 45 1784 121 146
internal_value=0.000432526 -0.00304178 -0.00774026 0.00107008 0.00133194 0.000483092
internal_weight=2310 357 152 1953 1905 205
internal_count=2310 357 152 1953 1905 205
is_linear=0
shrinkage=0.04


Tree=21
num_leaves=7
num_cat=0
split_feature=106 11 69 117 125 46
split_gain=2.91066 3.46866 3.12319 2.75011 2.25853 0.757408
threshold=0.78551953104228978 0.70946755054334099 -0.30105242340857369 -1.0944265392532333 0.016061666179529362 -1.7064403536359851
decision_type=2 2 2 2 2 2
left_child=2 4 5 -4 -2 -1
right_child=1 -3 3 -5 -6 -7
leaf_value=-0.00027068377905093766 0.00082772480925591353 -0.0015568401462808287 -0.0010206282243176283 7.2940612623951219e-05 -0.00036927963126005652 0.0011806550271458245
leaf_weight=40 108 42 46 1291 207 576
leaf_count=40 108 42 46 1291 207 576
internal_value=0.000380623 -0.00293036 0.000988235 -9.85809e-05 -0.0014511 0.00333981
internal_weight=2310 357 1953 1337 315 616
internal_count=2310 357 1953 1337 315 616
is_linear=0
shrinkage=0.04


Tree=22
num_leaves=8
num_cat=0
split_feature=126 33 35 67 14 106 83
split_gain=3.133 3.66515 7.18299 3.21613 7.56889 1.61109 0.447823
threshold=-0.25216691458784662 -0.5293098317562841 -0.60709681615140176 0.62465801617143801 0.4923314024296736 1.0971130028550649 -0.67995377256980394
decision_type=2 2 2 2 2 2 2
left_child=3 5 -3 6 -5 -2 -1
right_child=1 2 -4 4 -6 -7 -8
leaf_value=7.8044184598478092e-05 0.00077307573644745057 -0.0011371676330409223 -0.00024032807162938549 0.00092497481954233868 -0.0016777064348150301 -0.00020778339203092057 0.00136223154485563
leaf_weight=45 357 108 938 96 50 64 652
leaf_count=45 357 108 938 96 50 64 652
internal_value=0.000346021 -0.000770592 -0.00203817 0.00228639 -0.00308108 0.00237352 0.00341631
internal_weight=2310 1467 1046 843 146 421 697
internal_count=2310 1467 1046 843 146 421 697
is_linear=0
shrinkage=0.04


Tree=23
num_leaves=8
num_cat=0
split_feature=126 33 36 67 14 106 83
split_gain=2.91365 3.20637 7.09722 2.89945 6.08935 1.24193 0.43464
threshold=-0.25216691458784662 -0.5293098317562841 -0.83059938482914031 0.62465801617143801 0.4923314024296736 1.0971130028550649 -0.67995377256980394
decision_type=2 2 2 2 2 2 2
left_child=3 5 -3 6 -5 -2 -1
right_child=1 2 -4 4 -6 -7 -8
leaf_value=7.4922417214539106e-05 0.00074215270698955245 -0.0014329460380352042 -0.00025789085750255219 0.00088797582676064535 -0.0016105981774224287 -0.00019947205634968359 0.001307742283061405
leaf_weight=45 357 56 990 96 50 64 652
leaf_count=45 357 56 990 96 50 64 652
internal_value=0.000415225 -0.000661674 -0.00184733 0.00228639 -0.00281081 0.00227896 0.00335908
internal_weight=2310 1467 1046 843 146 421 697
internal_count=2310 1467 1046 843 146 421 697
is_linear=0
shrinkage=0.04


Tree=24
num_leaves=8
num_cat=0
split_feature=114 80 102 40 90 35 69
split_gain=2.63365 4.71984 2.9945 4.20309 2.7538 2.10847 1.70871
threshold=0.70801658249201427 -0.0030618909810580853 0.33357696161382594 0.51811404653657778 -0.58029369264862429 -0.19716008204439764 -0.20517593230594666
decision_type=2 2 2 2 2 2 2
left_child=2 5 4 -4 -1 -2 -3
right_child=1 6 3 -5 -6 -7 -8
leaf_value=-0.00062524951014730236 -0.0024493801259507716 0.0010149284450588559 -0.00098344275916897872 0.00042494859797575417 0.00049503711917155786 -0.0014034744701021632 -0.0007348481281160479
leaf_weight=147 40 104 127 179 1578 53 82
leaf_count=147 40 104 127 179 1578 53 82
internal_value=0.000484429 -0.00314591 0.000985735 -0.00264935 0.00163289 -0.0104 0.000553192
internal_weight=2310 279 2031 306 1725 93 186
internal_count=2310 279 2031 306 1725 93 186
is_linear=0
shrinkage=0.04


Tree=25
num_leaves=5
num_cat=0
split_feature=28 106 40 69
split_gain=2.67742 2.50602 3.37578 2.33704
threshold=-0.80024200967934189 0.78551953104228978 0.60391072265580703 -0.059368092572797293
decision_type=2 2 2 2
left_child=-1 3 -3 -2
right_child=1 2 -4 -5
leaf_value=-0.00068192099465901274 0.00082478930748063691 -0.00079752991215050958 8.5710861512525711e-05 -2.273857372910548e-06
leaf_weight=40 876 137 218 1039
leaf_count=40 876 137 218 1039
internal_value=0.000484429 0.000669014 -0.00240896 0.00124152
internal_weight=2310 2270 355 1915
internal_count=2310 2270 355 1915
is_linear=0
shrinkage=0.04


Tree=26
num_leaves=6
num_cat=0
split_feature=119 28 39 108 111
split_gain=2.67593 2.64145 2.52135 2.26052 0.655779
threshold=0.44623765976905944 -0.78646290573603628 1.1113159027858996 0.67011828372263904 1.1059406773061242
decision_type=2 2 2 2 2
left_child=1 -1 4 -3 -2
right_child=2 3 -4 -5 -6
leaf_value=-0.00065464415487265226 0.0010850618763436953 5.6759525207112403e-05 -0.00093438367022995259 -0.00077267977876232163 -0.0001039531412917059
leaf_weight=40 634 1324 43 217 52
leaf_count=40 634 1324 43 217 52
internal_value=0.000346021 -0.000578648 0.00234747 -0.00030849 0.00294186
internal_weight=2310 1581 729 1541 686
internal_count=2310 1581 729 1541 686
is_linear=0
shrinkage=0.04


Tree=27
num_leaves=8
num_cat=0
split_feature=126 18 36 14 68 87 32
split_gain=2.45649 3.53439 4.04183 2.83294 4.57835 2.21388 0.770106
threshold=0.26974201663152858 0.092241495644793406 -0.70916655110593751 0.4923314024296736 0.36589504385541088 -0.94236391370877148 1.0280767142970499
decision_type=2 2 2 2 2 2 2
left_child=3 5 -3 6 -5 -2 -1
right_child=1 2 -4 4 -6 -7 -8
leaf_value=0.00082035263962964189 -0.00076584137873382139 -0.0018887102380592052 -0.00070166446253662484 0.00022270214499021474 -0.0011784160010949007 0.00026220444571934911 -0.00068112385587001196
leaf_weight=989 48 40 290 323 88 492 40
leaf_count=989 48 40 290 323 88 492 40
internal_value=0.000346021 -0.00133028 -0.00457831 0.00135922 -0.0014431 0.000664207 0.00247915
internal_weight=2310 870 330 1440 411 540 1029
internal_count=2310 870 330 1440 411 540 1029
is_linear=0
shrinkage=0.04


Tree=28
num_leaves=8
num_cat=0
split_feature=33 113 119 102 106 11 94
split_gain=2.298 4.13901 4.77966 3.49586 0.758159 0.954991 0.489474
threshold=-0.5293098317562841 0.79613060020927995 -0.31920561812551379 0.33357696161382594 0.99515448740411105 0.18900098143197389 -0.73202519820934098
decision_type=2 2 2 2 2 2 2
left_child=4 3 -3 -2 6 -6 -1
right_child=1 2 -4 -5 5 -7 -8
leaf_value=-4.6707885565597231e-05 0.00027511964664907076 -0.0022815124778280873 -0.00019850648404617617 -0.0008557162837943569 -0.00013662755328943931 0.00088984794002193478 0.00096851859716438199
leaf_weight=40 1308 42 197 184 53 41 445
leaf_count=40 1308 42 197 184 53 41 445
internal_value=0.000432526 -0.000297749 -0.00516183 0.000487283 0.00260929 -0.000666667 0.00324435
internal_weight=2310 1731 239 1492 579 94 485
internal_count=2310 1731 239 1492 579 94 485
is_linear=0
shrinkage=0.04


Tree=29
num_leaves=6
num_cat=0
split_feature=119 35 13 44 81
split_gain=2.21967 3.34617 2.46225 2.12835 0.725299
threshold=0.44623765976905944 0.97344661038070968 1.1149077990127754 7.0051170892668928 -0.63191434589628448
decision_type=2 2 2 2 2
left_child=1 3 4 -1 -2
right_child=2 -3 -4 -5 -6
leaf_value=3.4957765273589674e-05 7.0314678082687837e-05 -0.0017281412436501204 -0.00086731845074010242 -0.00074269367092338738 0.0012177748078843521
leaf_weight=1477 120 61 43 43 566
leaf_count=1477 120 61 43 43 566
internal_value=0.000415225 -0.000427037 0.00223803 -5.25623e-05 0.00282558
internal_weight=2310 1581 729 1520 686
internal_count=2310 1581 729 1520 686
is_linear=0
shrinkage=0.04


Tree=30
num_leaves=8
num_cat=0
split_feature=119 35 90 117 81 70 110
split_gain=2.31175 2.94899 2.82431 2.66324 1.77445 2.04219 0.349577
threshold=0.44623765976905944 0.9025729944709534 -0.53530366079046499 -0.34821852346087073 -0.63191434589628448 0.33998425421842077 1.0819514327927913
decision_type=2 2 2 2 2 2 2
left_child=1 2 -1 -3 5 -2 -6
right_child=4 3 -4 -5 6 -7 -8
leaf_value=-0.00082590328194261076 -0.0005037186903084532 -1.5333882820746815e-06 8.9195533784798279e-05 -0.0017546938065023455 0.0011489743800885165 0.00090097484832247165 0.00022075252038942527
leaf_weight=92 80 40 1404 45 540 58 51
leaf_count=92 80 40 1404 45 540 58 51
internal_value=0.000432526 -0.000427037 -1.06808e-05 -0.00758621 0.00229275 -0.00177143 0.00324452
internal_weight=2310 1581 1496 85 729 138 591
internal_count=2310 1581 1496 85 729 138 591
is_linear=0
shrinkage=0.04


Tree=31
num_leaves=5
num_cat=0
split_feature=28 102 113 46
split_gain=2.15047 2.27644 2.56165 2.44148
threshold=-0.80024200967934189 0.33357696161382594 0.76116353747042798 -2.3913466835891293
decision_type=2 2 2 2
left_child=-1 2 -2 -3
right_child=1 3 -4 -5
leaf_value=-0.00064597953488862252 0.00041634430509508941 -0.00081517499423812033 -0.00038513491128277171 -0.00018299604801608134
leaf_weight=40 1604 48 308 310
leaf_count=40 1604 48 308 310
internal_value=0.000397924 0.00056338 0.00111181 -0.00235556
internal_weight=2310 2270 1912 358
internal_count=2310 2270 1912 358
is_linear=0
shrinkage=0.04


Tree=32
num_leaves=8
num_cat=0
split_feature=14 63 82 126 46 4 123
split_gain=2.19014 2.98034 6.31298 2.46959 2.91158 1.84624 0.822196
threshold=0.52541198024371949 -0.34789277314027361 -0.52805762225990016 0.32832436490217726 -2.2065337548892141 1.0211635129236003 0.73090092669704598
decision_type=2 2 2 2 2 2 2
left_child=3 2 -2 6 -5 -3 -1
right_child=1 5 -4 4 -6 -7 -8
leaf_value=0.00067299311530620413 -0.0014976027651655325 0.00024661384900609239 -0.00013907898276913953 -0.00092682205816110278 -8.9121828440355737e-06 -0.00054290054554097895 -0.00077803203133930583
leaf_weight=1046 56 338 124 42 618 40 46
leaf_count=1046 56 338 124 42 618 40 46
internal_value=0.000449827 -0.00172857 -0.00593407 0.00114481 -0.000785498 0.000294737 0.00231079
internal_weight=2310 558 180 1752 660 378 1092
internal_count=2310 558 180 1752 660 378 1092
is_linear=0
shrinkage=0.04


Tree=33
num_leaves=8
num_cat=0
split_feature=33 113 120 102 106 11 94
split_gain=2.22555 3.66689 5.58902 2.67206 0.724762 0.789394 0.474223
threshold=-0.5293098317562841 0.79613060020927995 -0.20941767502955583 0.33357696161382594 1.0971130028550649 0.14955769366948429 -0.73202519820934098
decision_type=2 2 2 2 2 2 2
left_child=4 3 -3 -2 6 -6 -1
right_child=1 2 -4 -5 5 -7 -8
leaf_value=-9.33791989213606e-05 0.00019100095181895645 -0.0021577917910790894 -0.00017297336602145323 -0.00079084452668750412 -0.00012032800081970839 0.00084021055423382559 0.00078181243497639063
leaf_weight=40 1308 40 199 184 40 42 457
leaf_count=40 1308 40 199 184 40 42 457
internal_value=0.000467128 -0.000251587 -0.00482988 0.000487283 0.00260929 -0.000857143 0.00318236
internal_weight=2310 1731 239 1492 579 82 497
internal_count=2310 1731 239 1492 579 82 497
is_linear=0
shrinkage=0.04


Tree=34
num_leaves=6
num_cat=0
split_feature=119 35 90 13 90
split_gain=2.13624 2.85957 2.24501 2.00243 0.558028
threshold=0.44623765976905944 0.98462485084346596 -0.64185957793959381 1.1149077990127754 1.9530242276400558
decision_type=2 2 2 2 2
left_child=1 2 -1 4 -2
right_child=3 -3 -4 -5 -6
leaf_value=-0.00084384817640306199 0.00093929799422486234 -0.001623881637710278 3.9380074922713472e-05 -0.00087371181304421452 -0.00030074403482295223
leaf_weight=62 644 57 1462 43 42
leaf_count=62 644 57 1462 43 42
internal_value=0.000449827 -0.0003765 -4.19396e-05 0.00223803 0.00276744
internal_weight=2310 1581 1524 729 686
internal_count=2310 1581 1524 729 686
is_linear=0
shrinkage=0.04


Tree=35
num_leaves=8
num_cat=0
split_feature=14 114 69 44 67 34 120
split_gain=1.91275 2.48182 3.72616 2.4731 2.24629 5.9575 2.12126
threshold=0.4822576999304003 0.91569001659216009 -0.13772455480600235 7.0051170892668928 0.62465801617143801 0.46245801800587261 -0.43911744282201354
decision_type=2 2 2 2 2 2 2
left_child=1 3 -3 -1 6 -6 -2
right_child=4 2 -4 -5 5 -7 -8
leaf_value=0.00036871403669447588 -0.00051286632151723857 0.00073802133410097285 -0.002392368083870727 -0.00055433313168362056 -0.0015126883533261445 0.0003697347020695179 0.00026808644000151451
leaf_weight=1554 119 61 49 43 51 95 338
leaf_count=1554 119 61 49 43 51 95 338
internal_value=0.000432526 0.00111644 -0.00464286 0.00151845 -0.00150083 -0.00578378 -0.00011329
internal_weight=2310 1707 110 1597 603 146 457
internal_count=2310 1707 110 1597 603 146 457
is_linear=0
shrinkage=0.04


Tree=36
num_leaves=7
num_cat=0
split_feature=33 114 93 70 106 94
split_gain=2.15495 3.46015 4.07328 2.62612 0.548736 0.404413
threshold=-0.5293098317562841 0.70801658249201427 0.19005582661833123 -1.4044435422177723 1.6326646671228737 -0.73202519820934098
decision_type=2 2 2 2 2 2
left_child=4 3 -3 -2 5 -1
right_child=1 2 -4 -5 -6 -7
leaf_value=-0.0001059677954291935 -0.00089425514898610139 9.0166969007134289e-05 -0.0016923240538056043 0.00010677325576688947 -0.000105508058452254 0.00073131252678676939
leaf_weight=40 60 85 89 1497 40 499
leaf_count=40 60 85 89 1497 40 499
internal_value=0.000432526 -0.000274668 -0.00559091 0.00032585 0.00254045 0.00287616
internal_weight=2310 1731 174 1557 579 539
internal_count=2310 1731 174 1557 579 539
is_linear=0
shrinkage=0.04


Tree=37
num_leaves=7
num_cat=0
split_feature=119 90 47 35 13 117
split_gain=2.03044 2.31101 3.75874 2.7202 1.37636 0.580952
threshold=0.48311266380460272 -0.53530366079046499 -0.29852892992624402 1.017661746058234 1.1149077990127754 0.4196600726036705
decision_type=2 2 2 2 2 2
left_child=1 2 -1 -3 5 -2
right_child=4 3 -4 -5 -6 -7
leaf_value=-0.00082811678544022777 0.00041426395013447685 3.7029239053033025e-05 0.0010729142222986794 -0.0016559929246195094 -0.00086486332861233819 0.00090604802896309842
leaf_weight=47 172 1492 49 47 40 463
leaf_count=47 172 1492 49 47 40 463
internal_value=0.000432526 -0.000329872 -0.00628571 4.93188e-05 0.00227474 0.00273155
internal_weight=2310 1635 96 1539 675 635
internal_count=2310 1635 96 1539 675 635
is_linear=0
shrinkage=0.04


Tree=38
num_leaves=8
num_cat=0
split_feature=119 114 16 90 81 25 110
split_gain=1.92972 1.95074 3.36114 2.04055 1.10342 1.1815 0.374844
threshold=0.45223009583186174 0.71840708837389222 -0.22401937628808377 -0.53530366079046499 -0.57211599229398735 0.49535821423053711 0.87088485408130134
decision_type=2 2 2 2 2 2 2
left_child=1 3 -3 -1 5 -2 -6
right_child=4 2 -4 -5 6 -7 -8
leaf_value=-0.00070242169711565161 -0.00050667214322741333 0.00036286579734428416 -0.00105026222761071 9.9767175660362906e-05 0.0010209159264837036 0.00075291312448903336 0.00021525751130612122
leaf_weight=93 96 102 120 1284 480 54 81
leaf_count=93 96 102 120 1284 480 54 81
internal_value=0.000519031 -0.000252342 -0.00371429 0.00031037 0.00224965 -0.000789474 0.00306217
internal_weight=2310 1599 222 1377 711 150 561
internal_count=2310 1599 222 1377 711 150 561
is_linear=0
shrinkage=0.04


Tree=39
num_leaves=7
num_cat=0
split_feature=33 114 120 102 116 58
split_gain=1.74709 3.21137 5.43398 2.3264 1.06352 0.28136
threshold=-0.58612321969852965 0.71840708837389222 -0.2410195462413762 0.33958798400907492 -0.99430770852422534 0.50888121342857728
decision_type=2 2 2 2 2 2
left_child=4 3 -3 -2 -1 -6
right_child=1 2 -4 -5 5 -7
leaf_value=-7.123493524688531e-05 0.00015536284009802463 -0.0017018844853914389 -0.00013822313367391743 -0.00082614488378135497 0.0008687357217421678 0.00012739508762677382
leaf_weight=63 1412 41 131 201 422 40
leaf_count=63 1412 41 131 201 422 40
internal_value=0.000519031 -7.83434e-05 -0.00524138 0.000478019 0.00254269 0.0032069
internal_weight=2310 1785 172 1613 525 462
internal_count=2310 1785 172 1613 525 462
is_linear=0
shrinkage=0.04


Tree=40
num_leaves=8
num_cat=0
split_feature=119 95 59 81 14 110 22
split_gain=1.79757 1.89647 3.01896 1.08774 0.938902 0.372936 0.00612282
threshold=0.45223009583186174 1.7422086027224397 0.14320837469038714 -0.54150224003562575 0.98732412744856879 0.87088485408130134 -0.62642420851789693
decision_type=2 2 2 2 2 2 2
left_child=1 2 -1 4 -2 -5 -3
right_child=3 6 -4 5 -6 -7 -8
leaf_value=9.5601874293439547e-05 0.00013257277647527288 0.0012149558788049216 -0.00049685223399288235 0.00097830732800257181 -0.00067840709779267718 0.0001662066656171335 0.0022586881348284067
leaf_weight=922 114 40 509 474 45 78 128
leaf_count=922 114 40 509 474 45 78 128
internal_value=0.000467128 -0.000277327 -0.000750872 0.00213745 -0.000770186 0.00297473 0.00371765
internal_weight=2310 1599 1431 711 159 552 168
internal_count=2310 1599 1431 711 159 552 168
is_linear=0
shrinkage=0.04


Tree=41
num_leaves=7
num_cat=0
split_feature=117 70 100 106 13 5
split_gain=1.76805 2.12278 2.97513 1.74508 1.6027 1.39437
threshold=0.27559364796502028 -0.28105692090629869 -0.052304838642404726 0.82609167991615984 1.1149077990127754 0.89651992465459418
decision_type=2 2 2 2 2 2
left_child=1 3 -3 -1 5 -2
right_child=4 2 -4 -5 -6 -7
leaf_value=0.00084236561827975202 0.00070067746617208078 7.5294044862256557e-05 -0.00074051563887292133 -9.4888963714136017e-05 -0.00075823126793478509 -0.00014458016869335258
leaf_weight=359 703 566 375 182 56 69
leaf_count=359 703 566 375 182 56 69
internal_value=0.000536332 -0.000291105 -0.00143796 0.00170166 0.00201446 0.00249096
internal_weight=2310 1482 941 541 828 772
internal_count=2310 1482 941 541 828 772
is_linear=0
shrinkage=0.04


Tree=42
num_leaves=7
num_cat=0
split_feature=33 113 120 14 116 83
split_gain=2.01902 3.07685 4.49544 2.41546 0.635509 0.736975
threshold=-0.58612321969852965 0.79613060020927995 -0.2410195462413762 0.4822576999304003 -0.99430770852422534 -0.64287298629852119
decision_type=2 2 2 2 2 2
left_child=4 3 -3 -2 -1 -6
right_child=1 2 -4 -5 5 -7
leaf_value=-6.7338511502107866e-05 0.00026194243982574801 -0.0016173168680009642 -0.00013040088104568853 -0.00039383011898487221 -0.00019356982635777083 0.00080720070760152956
leaf_weight=63 1133 40 206 406 40 422
leaf_count=63 1133 40 206 406 40 422
internal_value=0.000519031 -0.000123111 -0.00425806 0.000542505 0.0026945 0.0032069
internal_weight=2310 1785 246 1539 525 462
internal_count=2310 1785 246 1539 525 462
is_linear=0
shrinkage=0.04


Tree=43
num_leaves=7
num_cat=0
split_feature=119 113 70 14 40 118
split_gain=2.08706 2.25071 2.94813 1.38449 0.945054 0.573653
threshold=0.45223009583186174 -0.052598261764290562 0.17612480657886909 0.57396280523078669 -0.79346180937628263 0.87800643627846597
decision_type=2 2 2 2 2 2
left_child=1 3 -3 -1 -2 -6
right_child=4 2 -4 -5 5 -7
leaf_value=0.00047042661175261176 -0.00033464499873360492 5.3915442862878525e-05 -0.00056365248610986156 -0.00037546838778693744 0.0007601385207897922 3.3769615994635042e-05
leaf_weight=586 42 473 382 158 507 162
leaf_count=586 42 473 382 158 507 162
internal_value=0.000449827 -0.00035228 -0.00175029 0.00125469 0.00224965 0.00261699
internal_weight=2310 1599 855 744 711 669
internal_count=2310 1599 855 744 711 669
is_linear=0
shrinkage=0.04


Tree=44
num_leaves=8
num_cat=0
split_feature=119 64 106 35 118 11 116
split_gain=1.7616 1.86942 2.72712 1.08951 0.813528 1.5168 0.543563
threshold=0.46124908190948077 0.60198951898864494 1.4876722864213854 0.70818611644602814 0.53815413702989512 0.48228173268123492 -0.15839656813632222
decision_type=2 2 2 2 2 2 2
left_child=1 2 -1 -3 6 -6 -2
right_child=4 3 -4 -5 5 -7 -8
leaf_value=-6.070579249006616e-05 -4.9757883050764867e-05 0.00072317521806942661 -0.00089417788766600322 -0.00071643425593088115 0.00061620683080052907 -0.00061126234448817378 0.00098052694189593821
leaf_weight=1220 51 305 42 41 176 76 399
leaf_count=1220 51 305 42 41 176 76 399
internal_value=0.00050173 -0.000228571 -0.000943038 0.00236782 0.00217045 0.000346457 0.00318584
internal_weight=2310 1608 1262 346 702 252 450
internal_count=2310 1608 1262 346 702 252 450
is_linear=0
shrinkage=0.04


Tree=45
num_leaves=7
num_cat=0
split_feature=117 113 16 13 48 102
split_gain=1.68169 2.24798 2.11028 1.59776 1.38639 1.06583
threshold=0.4196600726036705 -0.052598261764290562 -0.67864428800261167 1.1149077990127754 1.0444550367279668 0.23513993511674486
decision_type=2 2 2 2 2 2
left_child=1 5 -3 4 -2 -1
right_child=3 2 -4 -5 -6 -7
leaf_value=0.00070158597057874553 0.00078602603756862128 0.00060014836060527589 -0.00032264256408860768 -0.00071999468926215967 -0.00017404651553720694 -8.1827760494045302e-05
leaf_weight=579 561 164 706 51 45 204
leaf_count=579 561 164 706 51 45 204
internal_value=0.000519031 -0.000161933 -0.00155963 0.00222762 0.00280263 0.00139108
internal_weight=2310 1653 870 657 606 783
internal_count=2310 1653 870 657 606 783
is_linear=0
shrinkage=0.04


Tree=46
num_leaves=5
num_cat=0
split_feature=125 14 114 63
split_gain=1.94182 1.8231 2.39479 2.33418
threshold=1.8761461572906002 0.4822576999304003 0.91569001659216009 0.19097407579931894
decision_type=2 2 2 2
left_child=1 2 -1 -3
right_child=-2 3 -4 -5
leaf_value=0.00030100323885256348 -0.00084313209658337912 -0.00044316310649418581 -0.0012685479155897057 0.00057716178637247622
leaf_weight=1547 54 384 110 215
leaf_count=1547 54 384 110 215
internal_value=0.00050173 0.000683791 0.00136709 -0.00120466
internal_weight=2310 2256 1657 599
internal_count=2310 2256 1657 599
is_linear=0
shrinkage=0.04


Tree=47
num_leaves=7
num_cat=0
split_feature=119 90 70 58 2 28
split_gain=1.60861 1.7371 1.73319 0.924213 1.20847 0.42514
threshold=0.46124908190948077 -0.64185957793959381 0.39152127732595798 0.29958642387846601 0.026346643453369893 -0.58972798961462647
decision_type=2 2 2 2 2 2
left_child=1 -1 -3 5 -5 -2
right_child=3 2 -4 4 -6 -7
leaf_value=-0.00058585581729295416 -0.0001576013280595872 0.00011510073522459086 -0.00028538351077796983 0.00019121284246567102 -0.00035248782338726962 0.0008694898020955422
leaf_weight=63 41 1126 419 104 97 460
leaf_count=63 41 1126 419 104 97 460
internal_value=0.000519031 -0.000178882 9.04979e-05 0.00211364 -0.00017734 0.00302982
internal_weight=2310 1608 1545 702 201 501
internal_count=2310 1608 1545 702 201 501
is_linear=0
shrinkage=0.04


Tree=48
num_leaves=7
num_cat=0
split_feature=119 64 106 31 40 13
split_gain=1.71634 1.53786 2.06655 1.30727 0.74519 0.576682
threshold=0.48311266380460272 0.60198951898864494 1.4876722864213854 0.73946334618223852 -0.79346180937628263 1.1149077990127754
decision_type=2 2 2 2 2 2
left_child=1 2 -1 -3 -2 -6
right_child=4 3 -4 -5 5 -7
leaf_value=-4.2625407737462675e-05 -0.00021287885859180822 0.00091193857002071113 -0.00081282435588800859 -0.00057941442050907872 0.00066335767214829703 -0.00070217526236373705
leaf_weight=1239 40 298 45 53 595 40
leaf_count=1239 40 298 45 53 595 40
internal_value=0.000640139 -6.10872e-05 -0.000702955 0.00227762 0.00233383 0.00266876
internal_weight=2310 1635 1284 351 675 635
internal_count=2310 1635 1284 351 675 635
is_linear=0
shrinkage=0.04


Tree=49
num_leaves=7
num_cat=0
split_feature=16 114 119 102 116 96
split_gain=1.59641 1.84603 3.42415 1.78632 0.417474 0.234325
threshold=-0.66922974124956935 0.71840708837389222 -0.43197134677124494 0.34066094789005036 -0.94309501371361637 0.61729187266125729
decision_type=2 2 2 2 2 2
left_child=4 3 -3 -2 -1 -6
right_child=1 2 -4 -5 5 -7
leaf_value=-4.2779580759531962e-05 0.00011190013275265384 -0.0013097889831152161 -4.0964577742215786e-05 -0.00050656221012789046 0.00089819881620428364 0.00051912454618121152
leaf_weight=40 1494 46 156 215 285 74
leaf_count=40 1494 46 156 215 285 74
internal_value=0.000588235 0.000106639 -0.0034902 0.00053536 0.00288279 0.00331302
internal_weight=2310 1911 202 1709 399 359
internal_count=2310 1911 202 1709 399 359
is_linear=0
shrinkage=0.04


Tree=50
num_leaves=7
num_cat=0
split_feature=33 114 120 102 83 44
split_gain=1.61849 2.14417 3.71397 2.16738 0.514581 0.431886
threshold=-0.58612321969852965 0.73389301704924248 -0.21754425463473506 0.34066094789005036 -0.64287298629852119 4.0398317668168238
decision_type=2 2 2 2 2 2
left_child=4 3 -3 -2 -1 -6
right_child=1 2 -4 -5 5 -7
leaf_value=-0.00019880163580929066 0.00010966031293799764 -0.0013438697666557056 -7.1688257048014569e-05 -0.00069395100945509399 0.00055835605031489611 -3.0211110907079801e-05
leaf_weight=41 1430 42 118 195 432 52
leaf_count=41 1430 42 118 195 432 52
internal_value=0.000519031 -5.59596e-05 -0.00444444 0.00038107 0.00246679 0.00283128
internal_weight=2310 1785 160 1625 525 484
internal_count=2310 1785 160 1625 525 484
is_linear=0
shrinkage=0.04


Tree=51
num_leaves=8
num_cat=0
split_feature=81 63 123 119 46 62 6
split_gain=1.49504 1.93159 2.12055 1.77382 1.88034 0.363009 0.00297024
threshold=-0.36457987259704672 0.6927642219075919 0.73090092669704598 0.25346777925348435 1.3137540696951648 0.2080747455005528 0.35690541374032214
decision_type=2 2 2 2 2 2 2
left_child=1 2 -1 4 -2 -5 -3
right_child=3 6 -4 5 -6 -7 -8
leaf_value=-9.6833028122635161e-05 7.6039243578323887e-05 0.0012951449448276218 -0.00070973778424807349 0.0010465373477266267 -0.00074175472271126644 0.00029271501802086484 0.001249413924814539
leaf_weight=542 842 80 52 378 136 240 40
leaf_count=542 842 80 52 378 136 240 40
internal_value=0.000536332 -0.00098324 -0.00191946 0.00121652 0.000155102 0.00289032 0.00360656
internal_weight=2310 714 594 1596 978 618 120
internal_count=2310 714 594 1596 978 618 120
is_linear=0
shrinkage=0.04


Tree=52
num_leaves=7
num_cat=0
split_feature=29 113 36 14 87 70
split_gain=1.46151 1.54456 2.64566 1.6431 0.74653 0.386135
threshold=-0.55793608514906856 0.82111769039391225 -0.72595955860722661 0.45340894094497391 -1.1920926516152055 -1.3749832753321496
decision_type=2 2 2 2 2 2
left_child=4 3 -3 -2 -1 -6
right_child=1 2 -4 -5 5 -7
leaf_value=-0.00042700353306799401 0.00016895727635049914 -0.0016521899810951718 -3.9463633470471965e-05 -0.00026238035850944657 0.00010040238936381373 0.00060290741599381672
leaf_weight=40 1058 45 202 435 85 445
leaf_count=40 1058 45 202 435 85 445
internal_value=0.000553633 -2.2962e-05 -0.00293976 0.000462876 0.00230769 0.00270677
internal_weight=2310 1740 247 1493 570 530
internal_count=2310 1740 247 1493 570 530
is_linear=0
shrinkage=0.04


Tree=53
num_leaves=7
num_cat=0
split_feature=69 120 64 31 44 11
split_gain=1.62199 1.4152 1.59868 1.27954 1.06594 0.385527
threshold=-0.5639549239438838 0.48006712707363852 0.57078575805007292 0.80786876338799651 2.5763477379408242 0.91306485100168977
decision_type=2 2 2 2 2 2
left_child=4 2 -2 -3 5 -1
right_child=1 3 -4 -5 -6 -7
leaf_value=0.0008951244784724694 -0.00016753928991381038 0.00074896290461449783 0.00044878843038725853 -4.759052994706246e-05 -0.00014749504585311643 3.0119455169639695e-05
leaf_weight=420 1113 300 310 44 61 62
leaf_count=420 1113 300 310 44 61 62
internal_value=0.000536332 -5.20066e-05 -0.000609123 0.00224277 0.00244404 0.00307438
internal_weight=2310 1767 1423 344 543 482
internal_count=2310 1767 1423 344 543 482
is_linear=0
shrinkage=0.04


Tree=54
num_leaves=6
num_cat=0
split_feature=33 125 33 83 56
split_gain=1.61849 1.95196 1.35795 0.514581 0.444961
threshold=-0.58612321969852965 1.547362801597689 1.4673321506793953 -0.64287298629852119 1.1813563177112694
decision_type=2 2 2 2 2
left_child=3 2 -2 -1 -5
right_child=1 -3 -4 4 -6
leaf_value=-0.00020439097309714847 3.3903733774501755e-05 -0.00085445210238003838 -0.001105263020343705 0.00055343341237372727 -4.5508953674980534e-06
leaf_weight=41 1691 50 44 433 51
leaf_count=41 1691 50 44 433 51
internal_value=0.000519031 -5.59596e-05 0.000172712 0.00246679 0.00283128
internal_weight=2310 1785 1735 525 484
internal_count=2310 1785 1735 525 484
is_linear=0
shrinkage=0.04


Tree=55
num_leaves=7
num_cat=0
split_feature=120 61 70 31 28 125
split_gain=1.53742 1.95136 2.3159 1.19847 0.422956 0.189436
threshold=0.48006712707363852 -1.1116559636999137 -1.3749832753321496 0.8288045388345231 -0.59387521444775182 1.0570649222271291
decision_type=2 2 2 2 2 2
left_child=1 5 -3 4 -2 -1
right_child=3 2 -4 -5 -6 -7
leaf_value=0.0010183174939468276 -3.6706273256616584e-05 -0.00070974550721157733 -1.2682099471157402e-05 -6.3819134325190138e-05 0.00089708383949393619 0.00078585224763892182
leaf_weight=171 48 57 1584 40 326 84
leaf_count=171 48 57 1584 40 326 84
internal_value=0.000432526 -5.05794e-05 -0.000557517 0.00263462 0.00334043 0.00319066
internal_weight=2310 1896 1641 414 374 255
internal_count=2310 1896 1641 414 374 255
is_linear=0
shrinkage=0.04


Tree=56
num_leaves=7
num_cat=0
split_feature=119 69 46 10 11 7
split_gain=1.41066 1.59435 1.90382 1.56381 0.464411 0.0708323
threshold=0.83671874095031373 -0.5639549239438838 -1.6089925112299805 0.010354186079376423 0.98582513800286053 -0.62014170131267432
decision_type=2 2 2 2 2 2
left_child=1 2 -1 -3 5 -2
right_child=4 3 -4 -5 -6 -7
leaf_value=-0.00022987502452482379 0.00061087910764769365 -0.00018342924687259326 0.00066948490619650523 0.0001103231081664151 -3.0955290657966314e-05 0.00087826704269085537
leaf_weight=59 42 873 439 651 40 206
leaf_count=59 42 873 439 651 40 206
internal_value=0.000397924 2.37156e-05 0.001984 -0.000618611 0.0030069 0.003648
internal_weight=2310 2022 498 1524 288 248
internal_count=2310 2022 498 1524 288 248
is_linear=0
shrinkage=0.04


Tree=57
num_leaves=7
num_cat=0
split_feature=122 46 37 39 14 84
split_gain=1.35567 1.67473 1.35816 1.26686 1.17451 1.09812
threshold=-0.2632257492945404 -3.397927121751247 0.74620501909110148 1.6277579165344476 -0.13257276616039207 -0.47400793371986699
decision_type=2 2 2 2 2 2
left_child=3 4 -3 5 -2 -1
right_child=1 2 -4 -5 -6 -7
leaf_value=-0.00031126732131686239 -0.00019502150207096971 -2.6083869136455562e-05 0.00050867754207388862 -0.00056301995313364915 -4.3422621293782974e-05 0.00061188948892578702
leaf_weight=171 40 1101 278 61 46 613
leaf_count=171 40 1101 278 61 46 613
internal_value=0.000449827 -0.000286298 5.50327e-05 0.00172373 -0.00563636 0.00215776
internal_weight=2310 1465 1379 845 86 784
internal_count=2310 1465 1379 845 86 784
is_linear=0
shrinkage=0.04


Tree=58
num_leaves=7
num_cat=0
split_feature=119 78 76 31 81 1
split_gain=1.52179 1.37401 2.30679 0.632694 0.321131 0.00480006
threshold=0.77457256881966607 -1.2538724944821931 0.3879666408707802 0.8288045388345231 -0.7528536493934247 -0.68729879462606391
decision_type=2 2 2 2 2 2
left_child=1 5 -3 4 -2 -1
right_child=3 2 -4 -5 -6 -7
leaf_value=0.0013313206231740705 -1.5635044557804693e-05 4.1646532827746233e-05 -0.00028457162412644883 -3.1665868909218085e-05 0.00090569811523067204 0.001522204992280742
leaf_weight=40 40 1254 552 40 280 104
leaf_count=40 40 1254 552 40 280 104
internal_value=0.000380623 -6.14753e-05 -0.000362832 0.00276243 0.00335404 0.00367123
internal_weight=2310 1950 1806 360 320 144
internal_count=2310 1950 1806 360 320 144
is_linear=0
shrinkage=0.04


Tree=59
num_leaves=7
num_cat=0
split_feature=120 61 76 26 47 38
split_gain=1.34761 1.6406 2.01221 1.369 0.551288 0.188486
threshold=0.48006712707363852 -1.1548767187802091 0.3879666408707802 0.67775026923161519 -0.54424389698936093 1.2361188142189337
decision_type=2 2 2 2 2 2
left_child=1 5 -3 4 -2 -1
right_child=3 2 -4 -5 -6 -7
leaf_value=0.0017135657612689129 2.7223886925278744e-05 2.3730000194623538e-05 -0.0003928974118351257 -5.4231568274020922e-05 0.00082845664979572687 0.0004419426381869355
leaf_weight=147 71 1191 477 43 300 81
leaf_count=147 71 1191 477 43 300 81
internal_value=0.000380623 -7.16542e-05 -0.000507784 0.00244231 0.00322788 0.00309565
internal_weight=2310 1896 1668 414 371 228
internal_count=2310 1896 1668 414 371 228
is_linear=0
shrinkage=0.04


Tree=60
num_leaves=6
num_cat=0
split_feature=24 123 90 47 117
split_gain=1.47585 3.06645 1.29016 3.75232 1.21106
threshold=1.1901946032600716 0.19088644336529093 -0.64185957793959381 -0.40194063102670113 0.42507851339217517
decision_type=2 2 2 2 2
left_child=2 -2 3 -1 -4
right_child=1 -3 4 -5 -6
leaf_value=-0.0009022664218221384 -0.0015358301541445176 0.00082614465767533618 1.5323578893191391e-05 0.0018788561039839978 0.00043463780430009059
leaf_weight=56 40 41 1531 55 587
leaf_count=56 40 41 1531 55 587
internal_value=0.000467128 -0.00477108 0.000661587 -0.00350442 0.000883019
internal_weight=2310 81 2229 111 2118
internal_count=2310 81 2229 111 2118
is_linear=0
shrinkage=0.04


Tree=61
num_leaves=6
num_cat=0
split_feature=16 122 18 43 8
split_gain=1.41797 1.47803 2.23518 1.41449 0.0726405
threshold=-0.88433416461654801 0.3774374804032693 0.48222812332742176 0.48631493305415879 -0.88361480098439626
decision_type=2 2 2 2 2
left_child=4 3 -3 -2 -1
right_child=1 2 -4 -5 -6
leaf_value=0.00050841420157006685 0.00018426072705867227 -1.6533431130249386e-05 -0.00085332551863435079 -6.7925143714392936e-05 0.00098785953348579374
leaf_weight=40 1101 508 102 389 170
leaf_count=40 1101 508 102 389 170
internal_value=0.000467128 0.000152236 -0.00150327 0.000831099 0.00358491
internal_weight=2310 2100 610 1490 210
internal_count=2310 2100 610 1490 210
is_linear=0
shrinkage=0.04


Tree=62
num_leaves=7
num_cat=0
split_feature=83 34 117 53 42 33
split_gain=1.41871 1.86149 1.41286 1.30852 1.12573 0.830749
threshold=-0.81693449550663699 0.048569253695068475 0.42507851339217517 -0.24999999999999997 0.67062746913542204 0.55014654749872194
decision_type=2 2 2 2 2 2
left_child=1 -1 3 -2 -4 -3
right_child=2 5 4 -5 -6 -7
leaf_value=-0.00087599217881656434 -0.0001842949507527518 0.00072599386138418325 0.00057690176718701541 6.8999455299492425e-05 -3.7141453016195143e-05 -0.0002094030964571699
leaf_weight=44 441 42 458 1138 142 45
leaf_count=44 441 42 458 1138 142 45
internal_value=0.000432526 -0.00357895 0.000676754 4.8071e-05 0.00232558 -0.000134831
internal_weight=2310 131 2179 1579 600 87
internal_count=2310 131 2179 1579 600 87
is_linear=0
shrinkage=0.04


Tree=63
num_leaves=8
num_cat=0
split_feature=81 64 117 63 35 42 6
split_gain=1.55346 1.99304 1.69676 1.56101 1.32259 0.389739 0.152089
threshold=-0.36457987259704672 0.64171974572330126 0.27559364796502028 -0.66767781287797878 0.80454699902727211 1.0851970422487214 -0.32920635189372538
decision_type=2 2 2 2 2 2 2
left_child=1 3 4 -1 -2 -4 -3
right_child=2 6 5 -5 -6 -7 -8
leaf_value=0.00065240089348424094 5.1683134589284609e-05 0.0010381419842064568 0.00064238756898499661 -0.00029302862990156296 -0.00068600102877775806 -1.0909553073090445e-05 0.00085353922750427958
leaf_weight=108 942 40 539 466 75 40 100
leaf_count=108 942 40 539 466 75 40 100
internal_value=0.000397924 -0.00115084 0.00109136 -0.00219444 0.000105986 0.00281583 0.00309859
internal_weight=2310 714 1596 574 1017 579 140
internal_count=2310 714 1596 574 1017 579 140
is_linear=0
shrinkage=0.04


Tree=64
num_leaves=8
num_cat=0
split_feature=64 83 10 40 29 47 124
split_gain=1.31405 2.13073 2.21443 1.42303 0.657112 0.452381 0.293035
threshold=0.57993320273434601 -0.78286009732199691 -0.42392401398321949 -0.47784466743499682 0.60147484439575893 0.02506600000572248 -0.20519714309878823
decision_type=2 2 2 2 2 2 2
left_child=1 2 -1 -3 6 -6 -2
right_child=4 3 -4 -5 5 -7 -8
leaf_value=0.00060875414623315274 0.00057945776026422323 -0.00013813180538612329 -0.00096825352025749667 7.9262139007818549e-05 0.0007048522265639815 -0.00055383046546971534 0.00093872534203963843
leaf_weight=50 103 362 59 1398 42 40 256
leaf_count=50 103 362 59 1398 42 40 256
internal_value=0.000397924 -6.62746e-05 -0.00544144 0.000272418 0.00235666 -0.000857143 0.00309141
internal_weight=2310 1869 109 1760 441 82 359
internal_count=2310 1869 109 1760 441 82 359
is_linear=0
shrinkage=0.04


Tree=65
num_leaves=5
num_cat=0
split_feature=33 125 90 39
split_gain=1.30054 1.71408 1.19835 0.286998
threshold=-0.89675829398314921 1.6096318766624973 -0.64185957793959381 1.4949283129827193
decision_type=2 2 2 2
left_child=3 2 -2 -1
right_child=1 -3 -4 -5
leaf_value=0.0010018613792106656 -0.0003985291880946462 -0.00060227638429815092 4.1333586557222917e-05 5.5625593826530324e-05
leaf_weight=184 107 60 1915 44
leaf_count=184 107 60 1915 44
internal_value=0.000415225 9.98082e-05 0.000300395 0.00326957
internal_weight=2310 2082 2022 228
internal_count=2310 2082 2022 228
is_linear=0
shrinkage=0.04


Tree=66
num_leaves=6
num_cat=0
split_feature=83 35 70 78 89
split_gain=1.28322 2.16138 1.21072 2.16346 1.22508
threshold=-0.84028643448049334 0.11285129254964334 -0.29096546599149403 -0.051538025897901144 -1.0171153389296241
decision_type=2 2 2 2 2
left_child=1 -1 4 -4 -2
right_child=2 -3 3 -5 -6
leaf_value=-0.00046177870888271385 -0.00029508783583912581 0.0014670543912033479 -0.0003566961463179412 8.4287633430800258e-05 0.00040827666113171465
leaf_weight=62 65 51 402 1032 698
leaf_count=62 65 51 402 1032 698
internal_value=0.000397924 -0.00372174 0.000613006 -7.24232e-05 0.00189804
internal_weight=2310 113 2197 1434 763
internal_count=2310 113 2197 1434 763
is_linear=0
shrinkage=0.04


Tree=67
num_leaves=5
num_cat=0
split_feature=60 117 35 37
split_gain=1.21331 1.48647 1.60813 1.10576
threshold=0.93278568933803918 0.42507851339217517 1.017661746058234 -0.74259298935923124
decision_type=2 2 2 2
left_child=1 2 -1 -3
right_child=-2 3 -4 -5
leaf_value=3.9275305141673318e-06 -0.00070372380807457 -5.1323407795426831e-05 -0.0012468656943000252 0.00040106546609215861
leaf_weight=1603 42 46 44 575
leaf_count=1603 42 46 44 575
internal_value=0.000397924 0.00052511 -0.000104305 0.00218941
internal_weight=2310 2268 1647 621
internal_count=2310 2268 1647 621
is_linear=0
shrinkage=0.04


Tree=68
num_leaves=6
num_cat=0
split_feature=83 35 125 34 81
split_gain=1.28322 2.16138 1.21609 1.38071 1.2526
threshold=-0.84028643448049334 0.11285129254964334 -0.12336569723551243 -0.54897141096337732 -1.0484465056012799
decision_type=2 2 2 2 2
left_child=1 -1 4 -4 -2
right_child=2 -3 3 -5 -6
leaf_value=-0.00044346466174797176 -0.00033416064581794037 0.0014365211653194787 0.00031743864414715279 -8.6809843789755761e-05 0.00039519261288986532
leaf_weight=62 61 51 362 907 867
leaf_count=62 61 51 362 907 867
internal_value=0.000397924 -0.00372174 0.000613006 -0.000191975 0.00171183
internal_weight=2310 113 2197 1269 928
internal_count=2310 113 2197 1269 928
is_linear=0
shrinkage=0.04


Tree=69
num_leaves=6
num_cat=0
split_feature=61 70 125 38 28
split_gain=1.19173 2.1881 1.48035 0.188486 0.298957
threshold=-1.1548767187802091 -1.4520266894753633 1.1620118401080084 1.2361188142189337 1.0622691953549113
decision_type=2 2 2 2 2
left_child=3 -2 -3 -1 -5
right_child=1 2 -4 4 -6
leaf_value=0.0015555979399334569 -0.00056992689114560165 4.2738178910805018e-05 -0.00047499104926997403 -6.5693261555108988e-05 0.0019646870100294761
leaf_weight=147 58 1891 133 40 41
leaf_count=147 58 1891 133 40 41
internal_value=0.000363322 6.14205e-05 0.000284304 0.00309565 0.00149398
internal_weight=2310 2082 2024 228 81
internal_count=2310 2082 2024 228 81
is_linear=0
shrinkage=0.04


Tree=70
num_leaves=7
num_cat=0
split_feature=119 43 25 61 75 8
split_gain=1.26545 1.37178 2.5136 1.03724 0.455284 0.00790493
threshold=0.83671874095031373 0.46972857669754448 0.50682708332898907 -0.99637290501316 0.31477713015081066 0.75788181240407138
decision_type=2 2 2 2 2 2
left_child=1 3 -3 -1 5 -2
right_child=4 2 -4 -5 -6 -7
leaf_value=0.00047723246989106455 0.00071762318596690444 -6.4796715427515464e-06 -0.00073047371475388687 1.0539763593866262e-05 5.8674977428986328e-05 0.00094739409262199791
leaf_weight=235 176 455 123 1209 72 40
leaf_count=235 176 455 123 1209 72 40
internal_value=0.000397924 4.34784e-05 -0.0016 0.000702628 0.00286897 0.00377982
internal_weight=2310 2022 578 1444 288 216
internal_count=2310 2022 578 1444 288 216
is_linear=0
shrinkage=0.04


Tree=71
num_leaves=5
num_cat=0
split_feature=60 125 119 14
split_gain=1.21331 1.34533 1.51069 1.12905
threshold=0.93278568933803918 -0.30923276593256466 0.36666310298051386 0.98732412744856879
decision_type=2 2 2 2
left_child=1 3 -3 -1
right_child=-2 2 -4 -5
leaf_value=0.00060750775882261398 -0.00066803845558796593 -6.339159328149662e-05 0.0004064644976735637 -0.0002381492886375171
leaf_weight=666 42 1125 369 108
leaf_count=666 42 1125 369 108
internal_value=0.000397924 0.00052511 -0.00017647 0.00187629
internal_weight=2310 2268 1494 774
internal_count=2310 2268 1494 774
is_linear=0
shrinkage=0.04


Tree=72
num_leaves=8
num_cat=0
split_feature=81 11 47 117 46 70 62
split_gain=1.08558 1.89717 1.84325 1.4728 1.75178 1.47235 0.682983
threshold=-0.36457987259704672 0.57209169545012972 -0.47025784744095606 0.28153315450282018 -3.9470518498873211 -0.2374459305920365 0.19973752942596448
decision_type=2 2 2 2 2 2 2
left_child=1 5 -3 4 -2 -1 -5
right_child=3 2 -4 6 -6 -7 -8
leaf_value=0.00072319550832652989 -0.00020875836666821773 -0.00081588383326890938 -8.4401891808398566e-05 0.00082163430643488237 2.4173529099517549e-05 -0.00012124950783029216 5.6175524868165332e-05
leaf_weight=188 43 54 149 345 983 323 225
leaf_count=188 43 54 149 345 983 323 225
internal_value=0.000311419 -0.00098324 -0.00423415 0.000891114 -1.55641e-05 0.000319688 0.00251748
internal_weight=2310 714 203 1596 1026 511 570
internal_count=2310 714 203 1596 1026 511 570
is_linear=0
shrinkage=0.04


Tree=73
num_leaves=7
num_cat=0
split_feature=16 35 70 20 58 72
split_gain=1.20864 1.27055 4.71696 1.98628 0.47304 0.299042
threshold=-0.7256477116685548 -0.22514979895002543 0.40162829414478568 0.03774928685136994 -1.3873437725547983 -1.53671188825654
decision_type=2 2 2 2 2 2
left_child=4 2 -2 -3 -1 -6
right_child=1 3 -4 -5 5 -7
leaf_value=-9.9272723426346026e-06 -2.8691629080843577e-05 0.00075789034482272506 -0.0012451319080155996 -1.8172715958679158e-05 0.00017184235495038724 0.00074152882726859107
leaf_weight=60 554 489 50 881 41 235
leaf_count=60 554 489 50 881 41 235
internal_value=0.000346021 -3.23885e-05 -0.00155776 0.0006414 0.00255621 0.0032518
internal_weight=2310 1974 604 1370 336 276
internal_count=2310 1974 604 1370 336 276
is_linear=0
shrinkage=0.04


Tree=74
num_leaves=7
num_cat=0
split_feature=61 76 10 62 80 42
split_gain=1.1598 2.62799 3.75065 1.00015 0.260793 0.0686097
threshold=-1.1116559636999137 0.3879666408707802 -0.17547974082037113 -0.088715313371374047 0.49262592020016155 0.1160988790102323
decision_type=2 2 2 2 2 2
left_child=4 3 -3 -2 5 -1
right_child=1 2 -4 -5 -6 -7
leaf_value=0.0011547212824887477 0.00034537048063159036 -0.00058173361104550225 -5.3394706776312014e-05 -3.7301717014639174e-06 7.2000153292253974e-05 3.4706031055153908e-05
leaf_weight=157 699 80 460 816 57 41
leaf_count=157 699 80 460 816 57 41
internal_value=0.000346021 2.91688e-05 -0.00236162 0.000883322 0.00287938 0.00356
internal_weight=2310 2055 540 1515 255 198
internal_count=2310 2055 540 1515 255 198
is_linear=0
shrinkage=0.04


Tree=75
num_leaves=5
num_cat=0
split_feature=33 43 87 88
split_gain=1.35739 1.34443 1.70491 1.07789
threshold=1.4673321506793953 0.46972857669754448 -1.1322080933786076 0.51710214787061981
decision_type=2 2 2 2
left_child=1 3 -3 -1
right_child=-2 2 -4 -5
leaf_value=0.00028211555944030766 -0.00077892757359272985 -0.0010625577503866294 -1.797858915637424e-05 -5.3297370102629473e-05
leaf_weight=1204 45 48 591 422
leaf_count=1204 45 48 591 422
internal_value=0.000346021 0.000485223 -0.00106708 0.00109582
internal_weight=2310 2265 639 1626
internal_count=2310 2265 639 1626
is_linear=0
shrinkage=0.04


Tree=76
num_leaves=7
num_cat=0
split_feature=119 3 14 125 11 8
split_gain=1.24827 1.36622 2.0228 1.72317 0.644336 0.092092
threshold=0.83671874095031373 -0.0047760968870456198 -1.0594047136955715 1.6967893616988834 0.98582513800286053 0.41890026409354403
decision_type=2 2 2 2 2 2
left_child=1 3 -3 -1 5 -2
right_child=4 2 -4 -5 -6 -7
leaf_value=0.00013130243086849832 0.00062475792951062069 -0.0012269454709244669 -2.9171055446170156e-05 -0.00048229509021492271 -6.7655731404002496e-05 0.00052301905049815015
leaf_weight=970 183 62 946 44 40 65
leaf_count=970 183 62 946 44 40 65
internal_value=0.000276817 -7.50987e-05 -0.00111683 0.00096063 0.00273103 0.003488
internal_weight=2310 2022 1008 1014 288 248
internal_count=2310 2022 1008 1014 288 248
is_linear=0
shrinkage=0.04


Tree=77
num_leaves=7
num_cat=0
split_feature=16 126 40 82 116 83
split_gain=1.26439 1.576 1.9842 1.71215 0.504962 0.395273
threshold=-0.66922974124956935 0.29462144078784003 0.54780098854574988 -0.41858639321429075 -0.94309501371361637 -0.33994449838222091
decision_type=2 2 2 2 2 2
left_child=4 3 -3 -2 -1 -6
right_child=1 2 -4 -5 5 -7
leaf_value=-3.0354983482681569e-05 -8.9630308629396786e-05 -0.00029873288146103829 0.00015459325018551956 0.00031027847164050756 -8.2530229173720648e-05 0.00064770287730764417
leaf_weight=40 467 405 227 812 55 304
leaf_count=40 467 405 227 812 55 304
internal_value=0.000242215 -0.000186095 -0.00181703 0.00062139 0.00228429 0.002759
internal_weight=2310 1911 632 1279 399 359
internal_count=2310 1911 632 1279 399 359
is_linear=0
shrinkage=0.04


Tree=78
num_leaves=8
num_cat=0
split_feature=81 117 11 47 94 46 62
split_gain=1.18132 1.68811 1.61561 1.88909 1.44643 1.35594 0.521158
threshold=-0.36457987259704672 0.28153315450282018 0.57209169545012972 -0.54424389698936093 -0.43193639916696058 -3.9470518498873211 0.19973752942596448
decision_type=2 2 2 2 2 2 2
left_child=2 5 4 -4 -1 -2 -3
right_child=1 6 3 -5 -6 -7 -8
leaf_value=-0.0002116977197877913 -0.00020572461812939488 0.00075717979883722572 -0.00087277057441664102 -9.2441876662981078e-05 0.00019866083830983057 1.7048760899500735e-05 3.3789737224808915e-05
leaf_weight=127 43 345 43 160 384 983 225
leaf_count=127 43 345 43 160 384 983 225
internal_value=0.000311419 0.000916145 -0.00103911 -0.00403902 0.000163743 -5.44746e-05 0.00265734
internal_weight=2310 1596 714 203 511 1026 570
internal_count=2310 1596 714 203 511 1026 570
is_linear=0
shrinkage=0.04


Tree=79
num_leaves=7
num_cat=0
split_feature=51 68 69 100 56 56
split_gain=1.10066 1.29925 1.88266 1.36787 0.429754 0.151339
threshold=-0.85682833358624744 -0.40375920438132934 -0.5639549239438838 -0.027618183948698492 0.69046874789330415 -0.88718162559471436
decision_type=2 2 2 2 2 2
left_child=4 3 -3 -2 5 -1
right_child=1 2 -4 -5 -6 -7
leaf_value=0.00028196172163473326 0.00076479279027044102 0.00023197935085520431 -0.00013009703404710414 -9.4668837339787143e-05 -2.0240438084626555e-07 0.00045856980708808601
leaf_weight=64 352 402 1076 144 76 196
leaf_count=64 352 402 1076 144 76 196
internal_value=0.00032872 -3.23885e-05 -0.000627027 0.00173494 0.00243787 0.00320611
internal_weight=2310 1974 1478 496 336 260
internal_count=2310 1974 1478 496 336 260
is_linear=0
shrinkage=0.04


Tree=80
num_leaves=8
num_cat=0
split_feature=81 117 64 123 35 62 69
split_gain=1.16523 1.52797 1.49885 1.90969 1.19988 0.591753 0.330803
threshold=-0.36457987259704672 0.28153315450282018 0.64171974572330126 0.73090092669704598 0.80454699902727211 0.18815745176952278 -0.18430163413020798
decision_type=2 2 2 2 2 2 2
left_child=2 4 3 -1 -2 -3 -4
right_child=1 5 6 -5 -6 -7 -8
leaf_value=-9.4395958876265884e-05 1.0472104221276158e-05 0.00071330387025496725 0.00023157018448231189 -0.00042469594831661897 -0.00057397572589136113 3.2752023479509509e-05 0.0019431885447865963
leaf_weight=529 951 339 48 45 75 231 92
leaf_count=529 951 339 48 45 75 231 92
internal_value=0.000190312 0.000790989 -0.00115084 -0.00205556 -0.000132296 0.00244755 0.00253521
internal_weight=2310 1596 714 574 1026 570 140
internal_count=2310 1596 714 574 1026 570 140
is_linear=0
shrinkage=0.04


Tree=81
num_leaves=6
num_cat=0
split_feature=33 64 76 18 13
split_gain=1.11671 1.24155 1.94638 0.975695 0.464626
threshold=-0.89675829398314921 0.57993320273434601 0.41254950671804824 0.59116961990330252 1.2742316563850822
decision_type=2 2 2 2 2
left_child=4 2 -2 -3 -1
right_child=1 3 -4 -5 -6
leaf_value=0.00091406820292172996 1.9105086338898468e-05 0.00067857593210411866 -0.00026452719288182707 -0.00048102354699271969 -1.0010753669990224e-05
leaf_weight=171 1217 359 466 40 57
leaf_count=171 1217 359 466 40 57
internal_value=0.000276817 -1.53549e-05 -0.000491394 0.00198504 0.00292174
internal_weight=2310 2082 1683 399 228
internal_count=2310 2082 1683 399 228
is_linear=0
shrinkage=0.04


Tree=82
num_leaves=7
num_cat=0
split_feature=119 61 63 31 14 105
split_gain=1.10143 1.16889 1.61273 0.784873 0.253733 0.201293
threshold=0.77457256881966607 -1.1548767187802091 0.70790972669923702 0.8288045388345231 0.69312240701675543 0.4273825721894236
decision_type=2 2 2 2 2 2
left_child=1 5 -3 4 -2 -1
right_child=3 2 -4 -5 -6 -7
leaf_value=0.0011985847334428051 0.00056696402076652022 -7.2438826861884152e-05 0.00073759638864619712 -9.6425771468771623e-05 6.9171049799200224e-05 3.1371151023489567e-05
leaf_weight=174 280 1401 333 40 40 42
leaf_count=174 280 1401 333 40 40 42
internal_value=0.000294118 -8.19671e-05 -0.000428571 0.00232044 0.00298137 0.0026789
internal_weight=2310 1950 1734 360 320 216
internal_count=2310 1950 1734 360 320 216
is_linear=0
shrinkage=0.04


Tree=83
num_leaves=7
num_cat=0
split_feature=6 115 108 125 100 87
split_gain=1.1813 1.38503 1.45466 1.26528 1.10891 0.495192
threshold=0.18844994249362826 0.40701421488534967 0.57251668649370402 1.547362801597689 -0.10889292103254679 -0.35698967655556652
decision_type=2 2 2 2 2 2
left_child=3 2 -2 4 -1 -3
right_child=1 5 -4 -5 -6 -7
leaf_value=0.00050538649907871426 -3.5290816553570463e-05 0.00059507525424434338 -0.00059083021203259665 -0.00045913539197942467 6.9316982077110071e-06 9.886346582420849e-05
leaf_weight=626 552 88 100 66 682 196
leaf_count=626 552 88 100 66 682 196
internal_value=0.000224914 -0.000869936 -0.00188379 0.00097093 0.0012458 0.00145455
internal_weight=2310 936 652 1374 1308 284
internal_count=2310 936 652 1374 1308 284
is_linear=0
shrinkage=0.04


Tree=84
num_leaves=6
num_cat=0
split_feature=53 24 53 119 1
split_gain=1.20563 1.395 1.86927 0.498607 0.00701135
threshold=-0.74999999999999989 1.256025599935356 -0.58333333333333315 -0.22379783764624378 0.6256526490203872
decision_type=2 2 2 2 2
left_child=3 2 -2 -1 -5
right_child=1 -3 -4 4 -6
leaf_value=-2.0446594818798485e-05 -0.00055120488640198839 -0.00081965004865942079 3.434702199143761e-05 0.0015579512604247496 0.00082368845065437899
leaf_weight=51 162 52 1856 149 40
leaf_count=51 162 52 1856 149 40
internal_value=0.000138408 -0.000173745 -3.96025e-06 0.00280992 0.00374869
internal_weight=2310 2070 2018 240 189
internal_count=2310 2070 2018 240 189
is_linear=0
shrinkage=0.04


Tree=85
num_leaves=6
num_cat=0
split_feature=90 41 38 76 68
split_gain=1.13119 1.88821 1.0689 2.20922 0.851734
threshold=-0.6675126491565283 -0.010597159382118944 0.099988893303090173 0.58567085073168201 -0.047683720814612349
decision_type=2 2 2 2 2
left_child=1 -1 3 -2 -4
right_child=2 -3 4 -5 -6
leaf_value=0.00033279860388823508 1.4017418658019458e-05 -0.00092601115168336066 0.00089896739854858061 -0.00042491439564246262 4.3250336238782335e-05
leaf_weight=48 1118 45 212 115 772
leaf_count=48 1118 45 212 115 772
internal_value=0.000190312 -0.00408421 0.000373141 -0.000411336 0.00135497
internal_weight=2310 93 2217 1233 984
internal_count=2310 93 2217 1233 984
is_linear=0
shrinkage=0.04


Tree=86
num_leaves=7
num_cat=0
split_feature=51 43 115 108 76 113
split_gain=1.13706 1.35785 2.44121 1.16921 0.261804 0.177111
threshold=-0.85682833358624744 0.49534304795472117 -0.18233214824511157 -1.1687103157372956 1.2977998027103184 -0.50937938192735988
decision_type=2 2 2 2 2 2
left_child=4 3 -3 -2 5 -1
right_child=1 2 -4 -5 -6 -7
leaf_value=0.00034451288399124923 0.0012197152613971007 -0.00046477095652129412 1.6596477038820878e-05 1.1564306534755737e-05 1.3528733395165583e-05 0.00041746469930256267
leaf_weight=73 163 172 324 1315 61 202
leaf_count=73 163 172 324 1315 61 202
internal_value=0.000294118 -7.28743e-05 -0.00187952 0.000535135 0.00243787 0.00296029
internal_weight=2310 1974 496 1478 336 275
internal_count=2310 1974 496 1478 336 275
is_linear=0
shrinkage=0.04


Tree=87
num_leaves=8
num_cat=0
split_feature=81 11 72 94 117 40 71
split_gain=1.15824 1.76908 1.585 1.44643 1.31465 1.26208 0.835015
threshold=-0.36457987259704672 0.57209169545012972 0.16456140438153355 -0.43193639916696058 0.28153315450282018 -0.48330238463383424 0.34999848155072272
decision_type=2 2 2 2 2 2 2
left_child=1 3 -3 -1 5 -2 -6
right_child=4 2 -4 -5 6 -7 -8
leaf_value=-0.00019491193160399258 -0.00020976450477714254 -0.00027594994777878254 1.0255703975151618e-05 0.00021819100655291989 0.00057248361344427903 7.515422760657308e-05 2.3962227093809759e-05
leaf_weight=127 270 116 87 384 380 756 190
leaf_count=127 270 116 87 384 380 756 190
internal_value=0.000242215 -0.00109497 -0.00423415 0.000163743 0.000841051 -1.55641e-05 0.00237762
internal_weight=2310 714 203 511 1596 1026 570
internal_count=2310 714 203 511 1596 1026 570
is_linear=0
shrinkage=0.04


Tree=88
num_leaves=8
num_cat=0
split_feature=81 11 47 87 119 116 62
split_gain=1.00036 1.46909 1.99357 1.62524 1.18058 1.3713 0.888281
threshold=-0.36457987259704672 0.57209169545012972 -0.54424389698936093 -1.315817843308688 0.15073458257850056 0.088894151038196159 0.18815745176952278
decision_type=2 2 2 2 2 2 2
left_child=1 3 -3 -1 5 -2 -6
right_child=4 2 -4 -5 6 -7 -8
leaf_value=-0.00035207263985587644 4.4139983860671493e-05 -0.00079288409640972406 -6.1575234609112024e-05 0.0001375437997353445 0.00062616551011892771 -0.00030491013186633017 3.456481023102171e-05
leaf_weight=59 654 43 160 452 400 270 272
leaf_count=59 654 43 160 452 400 270 272
internal_value=0.000259516 -0.00098324 -0.0038439 0.000163743 0.00081602 -0.000112311 0.00208902
internal_weight=2310 714 203 511 1596 924 672
internal_count=2310 714 203 511 1596 924 672
is_linear=0
shrinkage=0.04


Tree=89
num_leaves=5
num_cat=0
split_feature=78 24 125 1
split_gain=1.12455 1.23018 1.23904 0.066571
threshold=-1.24525004367109 1.1901946032600716 0.78727694099758971 -0.86594533305393284
decision_type=2 2 2 2
left_child=3 2 -2 -1
right_child=1 -3 -4 -5
leaf_value=0.0010311208134186328 3.9834536247866761e-05 -0.00072646436155640571 -0.00023163893527931655 0.0010668164232143166
leaf_weight=40 1849 63 233 125
leaf_count=40 1849 63 233 125
internal_value=0.000311419 6.52074e-05 0.000234165 0.00347305
internal_weight=2310 2145 2082 165
internal_count=2310 2145 2082 165
is_linear=0
shrinkage=0.04


Tree=90
num_leaves=7
num_cat=0
split_feature=66 14 63 40 18 87
split_gain=1.05447 1.28901 1.68711 1.11982 1.92231 1.54535
threshold=0.08564889753397513 -0.99571025398553059 0.13103645364678043 -0.49673383730244064 -0.67290667581614783 -1.0597015991032455
decision_type=2 2 2 2 2 2
left_child=3 -2 -3 4 -1 -5
right_child=1 2 -4 5 -6 -7
leaf_value=0.00081070380982727237 -0.00084914242962121165 -9.5618420974799838e-05 0.00033521660272330822 -0.00019307044834914215 -0.00022507214775688731 0.00030220953837326573
leaf_weight=93 79 550 406 104 186 892
leaf_count=93 79 550 406 104 186 892
internal_value=0.000311419 -0.000636451 -0.00022547 0.00108066 -0.00115302 0.00170741
internal_weight=2310 1035 956 1275 279 996
internal_count=2310 1035 956 1275 279 996
is_linear=0
shrinkage=0.04


Tree=91
num_leaves=7
num_cat=0
split_feature=117 37 40 11 107 96
split_gain=1.07776 1.46377 2.93075 1.40669 2.53809 1.01454
threshold=0.30070361941725676 -0.66074250387223443 -0.31207692310000029 0.89074437602585432 -0.17675336500839486 -0.66869005497989631
decision_type=2 2 2 2 2 2
left_child=1 -1 -3 5 -5 -2
right_child=3 2 -4 4 -6 -7
leaf_value=0.00091693450830137874 -3.3552145752759613e-05 -0.00033859397788125198 2.5677548859582198e-05 -0.0007568729243233478 0.00020350006230141938 0.00040537987935835017
leaf_weight=116 112 385 1017 40 65 575
leaf_count=116 112 385 1017 40 65 575
internal_value=0.000276817 -0.000347368 -0.000706553 0.00147103 -0.00280374 0.00213062
internal_weight=2310 1518 1402 792 105 687
internal_count=2310 1518 1402 792 105 687
is_linear=0
shrinkage=0.04


Tree=92
num_leaves=5
num_cat=0
split_feature=35 53 60 125
split_gain=1.38019 2.20765 1.24538 1.1274
threshold=1.00024968759336 -1.0000000180025095e-35 0.93278568933803918 -0.56180490637747116
decision_type=2 2 2 2
left_child=2 -2 3 -1
right_child=1 -3 -4 -5
leaf_value=0.00033793944111689468 0.00034064047534258573 -0.0011936353325643892 -0.00062153827915350677 2.3265356461030763e-06
leaf_weight=537 40 41 42 1650
leaf_count=537 40 41 42 1650
internal_value=0.000294118 -0.00477108 0.000482295 0.000615806
internal_weight=2310 81 2229 2187
internal_count=2310 81 2229 2187
is_linear=0
shrinkage=0.04


Tree=93
num_leaves=7
num_cat=0
split_feature=53 61 70 119 97 4
split_gain=1.02555 1.04595 2.33351 0.315517 0.232988 0.00626277
threshold=-0.74999999999999989 -1.1548767187802091 -1.3749832753321496 -0.12867801926709754 0.65500839530187915 0.67969416930208937
decision_type=2 2 2 2 2 2
left_child=3 4 -3 -1 -2 -5
right_child=1 2 -4 5 -6 -7
leaf_value=3.8515889695593465e-06 0.0012506664042555343 -0.00049414967938586141 9.1926130871189717e-07 0.0014424683801870872 0.00011567674856479551 0.0008725620364784559
leaf_weight=69 138 64 1790 131 78 40
leaf_count=69 138 64 1790 131 78 40
internal_value=0.000346021 5.79152e-05 -0.00025 0.00280992 0.0026789 0.00372254
internal_weight=2310 2070 1854 240 216 171
internal_count=2310 2070 1854 240 216 171
is_linear=0
shrinkage=0.04


Tree=94
num_leaves=7
num_cat=0
split_feature=16 35 125 18 96 95
split_gain=1.11879 1.58399 3.0545 1.89551 0.429754 0.275369
threshold=-0.7256477116685548 -0.22514979895002543 0.78727694099758971 0.19554917796978491 0.61729187266125729 -0.5800716221843184
decision_type=2 2 2 2 2 2
left_child=4 2 -2 -3 5 -1
right_child=1 3 -4 -5 -6 -7
leaf_value=0.00011940366535346466 -1.8191128654160214e-05 0.00051702005928865534 -0.00076013955738735953 -2.0334353987882432e-05 -1.7669441889344319e-05 0.00049676253245270366
leaf_weight=43 482 636 122 734 76 217
leaf_count=43 482 636 122 734 76 217
internal_value=0.000311419 -5.26314e-05 -0.00175578 0.000699709 0.00243787 0.00320611
internal_weight=2310 1974 604 1370 336 260
internal_count=2310 1974 604 1370 336 260
is_linear=0
shrinkage=0.04


Tree=95
num_leaves=8
num_cat=0
split_feature=81 64 88 40 64 3 69
split_gain=1.07016 1.45396 1.5339 1.29659 2.95284 1.32326 0.330803
threshold=-0.36457987259704672 0.64171974572330126 -0.46192587187230999 -0.48330238463383424 -0.39963908246168717 0.28061042756099713 -0.18430163413020798
decision_type=2 2 2 2 2 2 2
left_child=1 2 -1 4 -2 -5 -3
right_child=3 6 -4 5 -6 -7 -8
leaf_value=4.6040245647994662e-05 -0.0003845950811131301 0.00018269111492596999 -0.00021149029085380818 0.0003874765713391111 3.9676609599567152e-05 -1.9553086534175578e-05 0.0017855234332645534
leaf_weight=231 73 48 343 803 316 404 92
leaf_count=231 73 48 343 803 316 404 92
internal_value=0.000190312 -0.00109497 -0.00198611 0.000765958 -0.00123785 0.00141274 0.00253521
internal_weight=2310 714 574 1596 389 1207 140
internal_count=2310 714 574 1596 389 1207 140
is_linear=0
shrinkage=0.04


Tree=96
num_leaves=7
num_cat=0
split_feature=53 105 81 44 119 4
split_gain=1.08397 1.06546 1.63212 1.53159 0.315517 0.00626277
threshold=-0.74999999999999989 -0.55183225974878802 -1.2865002731198631 0.16637648746376585 -0.12867801926709754 0.67969416930208937
decision_type=2 2 2 2 2 2
left_child=4 3 -3 -2 -1 -6
right_child=1 2 -4 -5 5 -7
leaf_value=3.5636171736081138e-06 0.00053789760269355193 -0.00072999171573358084 -1.2500663973380767e-05 -0.00011995349881740743 0.001348589779754493 0.00084615621954552773
leaf_weight=69 352 51 1452 215 131 40
leaf_count=69 352 51 1452 215 131 40
internal_value=0.000276817 -1.93049e-05 -0.000576744 0.00145518 0.00280992 0.00372254
internal_weight=2310 2070 1503 567 240 171
internal_count=2310 2070 1503 567 240 171
is_linear=0
shrinkage=0.04


Tree=97
num_leaves=8
num_cat=0
split_feature=43 17 34 76 40 117 67
split_gain=1.08861 2.02812 1.64738 0.995148 2.29927 0.895151 0.667876
threshold=0.54306569505974978 -0.4058470502984724 -0.31178724431785682 -0.38366991293941782 -0.34540694613394313 0.14379754059808456 0.52519661088104697
decision_type=2 2 2 2 2 2 2
left_child=3 5 -3 6 -5 -2 -1
right_child=1 2 -4 4 -6 -7 -8
leaf_value=0.00040498926330454144 -9.6696067759934877e-06 -0.00015320167026823455 -0.00016448740592562864 -0.00039104832206927491 6.0881482338103271e-05 0.00087821229924542755 -8.5236631478771311e-06
leaf_weight=365 133 43 298 253 991 120 107
leaf_count=365 133 43 298 253 991 120 107
internal_value=0.000224914 -0.00124832 -0.00325364 0.000735739 0.000141252 0.00145882 0.00229536
internal_weight=2310 594 341 1716 1244 253 472
internal_count=2310 594 341 1716 1244 253 472
is_linear=0
shrinkage=0.04


Tree=98
num_leaves=6
num_cat=0
split_feature=33 35 70 20 39
split_gain=1.22129 1.8107 3.26471 1.74429 0.453769
threshold=-0.89675829398314921 -0.2431377022433393 0.42185152300421414 0.11270255248328605 1.2264927945744535
decision_type=2 2 2 2 2
left_child=4 2 -2 -3 -1
right_child=1 3 -4 -5 -6
leaf_value=0.00079209296597257828 -3.8018623709103036e-05 0.0005254295427081692 -0.0009725977593596282 -1.7129400505709629e-05 3.216906303839082e-06
leaf_weight=170 584 617 58 823 58
leaf_count=170 584 617 58 823 58
internal_value=0.000155709 -0.000149712 -0.00191304 0.000638003 0.00292174
internal_weight=2310 2082 642 1440 228
internal_count=2310 2082 642 1440 228
is_linear=0
shrinkage=0.04


Tree=99
num_leaves=7
num_cat=0
split_feature=16 126 63 82 96 44
split_gain=1.23955 1.64257 1.80132 1.37507 0.176567 0.00551077
threshold=-0.88433416461654801 0.29462144078784003 -0.55098319679414265 -0.40787041768606958 0.61729187266125729 1.4581456721791461
decision_type=2 2 2 2 2 2
left_child=4 3 -3 -2 5 -1
right_child=1 2 -4 -5 -6 -7
leaf_value=0.00056017691284371361 -3.5382933616363751e-05 0.00045781847915501604 -0.00021528474104973657 0.0002403099934437844 0.00066286638082731903 0.0002727539239771772
leaf_weight=116 497 178 539 886 54 40
leaf_count=116 497 178 539 886 54 40
internal_value=0.000103806 -0.000190295 -0.00174131 0.000615163 0.00301887 0.0036962
internal_weight=2310 2100 717 1383 210 156
internal_count=2310 2100 717 1383 210 156
is_linear=0
shrinkage=0.04


Tree=100
num_leaves=8
num_cat=0
split_feature=44 35 86 84 118 7 41
split_gain=1.20183 1.63673 1.76809 1.28217 2.37664 1.3246 0.602307
threshold=-0.20450605565771521 -0.2431377022433393 0.020099874561137415 0.076444284869137749 0.31105630465157369 1.8865035649355542 0.93666092188668093
decision_type=2 2 2 2 2 2 2
left_child=1 2 -1 4 -2 -5 -3
right_child=3 6 -4 5 -6 -7 -8
leaf_value=-0.00021941706499886441 -4.5134897150508467e-06 0.00067758871081565299 0.00018032135730792597 0.00023014654878036661 -0.0004589493339211602 -8.1276045882927868e-05 -2.8190188322696314e-05
leaf_weight=204 555 437 142 619 244 43 66
leaf_count=204 555 437 142 619 244 43 66
internal_value=6.92043e-05 0.00126439 -0.000850575 -0.000626111 -0.00170287 0.000674699 0.00271683
internal_weight=2310 849 346 1461 799 662 503
internal_count=2310 849 346 1461 799 662 503
is_linear=0
shrinkage=0.04


Tree=101
num_leaves=7
num_cat=0
split_feature=7 117 81 37 104 28
split_gain=1.27825 1.44757 1.72982 1.51486 0.542487 0.156869
threshold=-0.58099657760162804 0.28153315450282018 -0.2926581823834204 0.98370092709632784 0.50838092830138915 -0.58972798961462647
decision_type=2 2 2 2 2 2
left_child=4 3 -3 -2 5 -1
right_child=1 2 -4 -5 -6 -7
leaf_value=0.00058794543242683673 -0.00014544830759224541 -2.4292410036449029e-05 0.00034375844105653846 0.00035088059022059747 -2.5169657512431189e-05 0.00071798344722699085
leaf_weight=41 1053 245 440 245 69 217
leaf_count=41 1053 245 440 245 69 217
internal_value=0.000207613 -0.000175315 0.00131004 -0.00096 0.00251672 0.00335385
internal_weight=2310 1983 685 1298 327 258
internal_count=2310 1983 685 1298 327 258
is_linear=0
shrinkage=0.04


Tree=102
num_leaves=7
num_cat=0
split_feature=64 95 76 18 41 121
split_gain=1.18602 1.5197 2.69256 0.957153 0.399136 0.373899
threshold=0.58670587673357322 1.5166196616954819 0.40255885431802413 0.59116961990330252 -0.46694728003351843 0.67074521997857051
decision_type=2 2 2 2 2 2
left_child=1 2 -1 4 -2 -3
right_child=3 5 -4 -5 -6 -7
leaf_value=1.291746461195807e-05 5.2979299388812727e-05 0.0013741575627804145 -0.00026316909569677521 -0.0003894470641686789 0.00076075934401436936 2.0857889458872512e-05
leaf_weight=1256 118 147 426 40 274 49
leaf_count=1256 118 147 426 40 274 49
internal_value=6.92043e-05 -0.000365957 -0.000755344 0.00195392 0.00255838 0.0029495
internal_weight=2310 1878 1682 432 392 196
internal_count=2310 1878 1682 432 392 196
is_linear=0
shrinkage=0.04


Tree=103
num_leaves=5
num_cat=0
split_feature=60 126 15 106
split_gain=1.08932 1.30769 1.65239 1.51511
threshold=0.93278568933803918 0.29462144078784003 -0.87634531246939673 0.020643852427525113
decision_type=2 2 2 2
left_child=1 3 -3 -1
right_child=-2 2 -4 -5
leaf_value=-1.4043301694246316e-05 -0.00056102120137022386 0.0005607365405749181 -9.8379137841367282e-05 0.00031860834213877354
leaf_weight=735 42 142 701 690
leaf_count=735 42 142 701 690
internal_value=5.19033e-05 0.000172687 -0.00107456 0.000911002
internal_weight=2310 2268 843 1425
internal_count=2310 2268 843 1425
is_linear=0
shrinkage=0.04


Tree=104
num_leaves=6
num_cat=0
split_feature=63 106 40 59 47
split_gain=1.12402 1.39294 1.57583 1.05232 0.446494
threshold=0.70790972669923702 1.6326646671228737 -0.31207692310000029 -0.66723646588471719 -0.46166358408154745
decision_type=2 2 2 2 2
left_child=1 2 -1 -2 -5
right_child=3 -3 -4 4 -6
leaf_value=-0.00011953793055786574 -0.00015083611005850872 -0.00023476389041558952 3.909601410994728e-05 -9.6576154376395055e-05 0.00094225277458169531
leaf_weight=594 40 68 1297 40 271
leaf_count=594 40 68 1297 40 271
internal_value=8.65053e-05 -0.000287608 -8.24087e-05 0.00216431 0.00295208
internal_weight=2310 1959 1891 351 311
internal_count=2310 1959 1891 351 311
is_linear=0
shrinkage=0.04


Tree=105
num_leaves=8
num_cat=0
split_feature=3 122 38 47 106 53 102
split_gain=1.06903 1.43356 2.15807 1.03937 2.36701 0.875824 0.826514
threshold=0.25149696412778533 0.4580304987899036 -0.011849560371008074 -0.20129340176271054 1.4876722864213854 0.25000000000000006 -1.1673054685166979
decision_type=2 2 2 2 2 2 2
left_child=3 5 -3 4 -1 -2 -5
right_child=1 2 -4 6 -6 -7 -8
leaf_value=1.282634656713345e-05 0.00010334289164834241 -0.0005530182909631357 -6.5357729575976514e-05 -0.00023276706126363917 -0.00050843493298111575 -7.6363167768852386e-05 0.00025877544298343502
leaf_weight=561 380 74 133 57 44 259 802
leaf_count=561 380 74 133 57 44 259 802
internal_value=0.000121107 -0.00100943 -0.00388517 0.000774898 -0.000494234 -6.86426e-05 0.00166783
internal_weight=2310 846 207 1464 605 639 859
internal_count=2310 846 207 1464 605 639 859
is_linear=0
shrinkage=0.04


Tree=106
num_leaves=7
num_cat=0
split_feature=63 71 63 78 26 94
split_gain=1.08692 1.26895 1.28102 0.641831 0.382503 0.186927
threshold=0.70790972669923702 -1.053324811874204 -0.89030093918367503 0.31596951635041665 0.53532697805928298 0.42523734446804967
decision_type=2 2 2 2 2 2
left_child=1 5 -3 4 -2 -1
right_child=3 2 -4 -5 -6 -7
leaf_value=0.00035361418691258494 0.00095663104477742634 0.00048445426553186705 -3.5234974614443188e-05 -9.5014996841522354e-05 4.5780751521435386e-05 1.910122245143204e-05
leaf_weight=110 252 273 1501 55 44 75
leaf_count=110 252 273 1501 55 44 75
internal_value=0.000121107 -0.000246813 -0.000576576 0.00216431 0.00289933 0.0028877
internal_weight=2310 1959 1774 351 296 185
internal_count=2310 1959 1774 351 296 185
is_linear=0
shrinkage=0.04


Tree=107
num_leaves=7
num_cat=0
split_feature=6 114 119 46 90 26
split_gain=1.1591 1.81619 1.22016 1.20337 1.10296 0.589166
threshold=0.18844994249362826 0.81769602531864893 0.45034067203252109 -2.8953926340812397 -0.57391032905724482 0.3399400650807165
decision_type=2 2 2 2 2 2
left_child=2 4 3 -1 -2 -4
right_child=1 -3 5 -5 -6 -7
leaf_value=-0.00026535955573425257 -0.00073302834020769214 -0.0011685388309554537 0.00044140972236665139 3.005676056534342e-05 -4.4050434616495381e-06 -3.8030880449598001e-05
leaf_weight=52 50 66 364 893 820 65
leaf_count=52 50 66 364 893 820 65
internal_value=8.65053e-05 -0.000997868 0.000825582 2.11195e-05 -0.000504587 0.00258933
internal_weight=2310 936 1374 945 870 429
internal_count=2310 936 1374 945 870 429
is_linear=0
shrinkage=0.04


Tree=108
num_leaves=8
num_cat=0
split_feature=70 44 100 94 68 115 86
split_gain=1.02633 1.70174 1.61385 2.4969 1.56892 1.52067 0.638514
threshold=-0.24989496482023155 0.94462897214890118 -0.027618183948698492 1.0007972692000138 -0.43687851256934324 0.43810642897166757 -0.085937463806032746
decision_type=2 2 2 2 2 2 2
left_child=1 6 4 -4 -2 -3 -1
right_child=2 5 3 -5 -6 -7 -8
leaf_value=4.6615579897511222e-05 0.0006206295662581822 -0.00024809033049968 -0.00036755786404243262 0.00027006575108596653 -1.6217397938967552e-05 0.00090892968966010447 0.00071800055083979814
leaf_weight=334 321 94 421 144 592 47 357
leaf_count=334 321 94 421 144 592 47 357
internal_value=8.65053e-05 0.00120863 -0.000545946 -0.00222222 0.000493989 -0.00276923 0.00202597
internal_weight=2310 832 1478 565 913 141 691
internal_count=2310 832 1478 565 913 141 691
is_linear=0
shrinkage=0.04


Tree=109
num_leaves=8
num_cat=0
split_feature=11 47 37 107 68 14 35
split_gain=1.12593 2.11747 3.59007 2.0585 1.30674 1.28355 0.487506
threshold=0.51908526535403776 -0.42329460277133796 0.20558385830990719 -0.42458544434994622 -0.20703430394508399 0.4822576999304003 -0.55299602045574636
decision_type=2 2 2 2 2 2 2
left_child=3 2 -2 6 -3 -5 -1
right_child=1 4 -4 5 -6 -7 -8
leaf_value=1.1251648232421342e-05 3.8401889751508985e-06 0.0006133554930825237 -0.00094770873643938952 8.751046442774517e-06 -5.717173583115714e-05 -0.0003538815809563888 0.00099405890706893898
leaf_weight=115 82 155 53 1060 268 180 397
leaf_count=115 82 155 53 1060 268 180 397
internal_value=0.000190312 -0.00137143 -0.00569343 0.000688712 2.82354e-05 -0.000193237 0.00281712
internal_weight=2310 558 135 1752 423 1240 512
internal_count=2310 558 135 1752 423 1240 512
is_linear=0
shrinkage=0.04


Tree=110
num_leaves=8
num_cat=0
split_feature=51 43 115 108 7 83 46
split_gain=1.16369 1.47121 1.66908 1.10357 0.568823 1.00509 0.159028
threshold=-0.7850417388731491 0.46972857669754448 -0.18233214824511157 -1.1687103157372956 0.98361388717410603 0.60651202422697015 -0.75135787387178288
decision_type=2 2 2 2 2 2 2
left_child=4 3 -3 -2 6 -6 -1
right_child=1 2 -4 -5 5 -7 -8
leaf_value=0.00020361151449235771 0.00092002708536632677 -0.0003485233593684708 -6.4048626481122568e-06 7.5843991226293816e-06 -0.0002324563563230226 0.00061942801060074608 0.00037368366008037163
leaf_weight=59 157 181 330 1261 46 43 233
leaf_count=59 157 181 330 1261 46 43 233
internal_value=0.000294118 -0.000105645 -0.00194152 0.000557747 0.00230809 -0.000483516 0.00315646
internal_weight=2310 1929 511 1418 381 89 292
internal_count=2310 1929 511 1418 381 89 292
is_linear=0
shrinkage=0.04


Tree=111
num_leaves=7
num_cat=0
split_feature=0 90 61 120 108 13
split_gain=1.00438 1.04407 1.0313 1.19733 0.893049 0.04654
threshold=0.1617917413398349 -0.6675126491565283 -1.2086931003890786 -0.60433073139582938 0.95644816321165416 0.86804446030203197
decision_type=2 2 2 2 2 2
left_child=1 -1 5 -4 -3 -2
right_child=2 4 3 -5 -6 -7
leaf_value=-0.00043605493613211796 0.00064686301344160234 0.00013944337596563086 -0.00014326898737166902 -2.4692957550225136e-05 -0.00024542045866611262 0.0010742232643656377
leaf_weight=64 40 1212 163 677 98 56
leaf_count=64 40 1212 163 677 98 56
internal_value=0.000224914 0.000912791 -0.000784648 -0.00123515 0.00115854 0.00310204
internal_weight=2310 1374 936 840 1310 96
internal_count=2310 1374 936 840 1310 96
is_linear=0
shrinkage=0.04


Tree=112
num_leaves=5
num_cat=0
split_feature=33 125 47 44
split_gain=0.981691 0.984084 1.40279 1.10897
threshold=1.4673321506793953 -0.41131900708767893 0.6053583153032368 0.11735024449120977
decision_type=2 2 2 2
left_child=1 3 -3 -1
right_child=-2 2 -4 -5
leaf_value=0.0006366961423908996 -0.00051808808185726477 -3.5159921613201648e-05 0.00033468084193094598 -2.0767445770482877e-05
leaf_weight=463 45 1174 376 252
leaf_count=463 45 1174 376 252
internal_value=0.000190312 0.000308778 -0.000257732 0.00153417
internal_weight=2310 2265 1550 715
internal_count=2310 2265 1550 715
is_linear=0
shrinkage=0.04


Tree=113
num_leaves=7
num_cat=0
split_feature=42 64 40 59 72 117
split_gain=1.0395 1.04932 1.4305 0.563946 0.367327 0.171091
threshold=-0.81934314535642272 0.64665945252562629 -0.5011207189811232 -0.54963842350975944 -1.2057246565576765 -0.49242320985113974
decision_type=2 2 2 2 2 2
left_child=4 2 -2 -3 -1 -6
right_child=1 3 -4 -5 5 -7
leaf_value=-7.3418042007312377e-05 -0.00016713611720026622 -9.9545417462985035e-05 -1.6889986564402732e-06 0.00061708788287088805 8.7979316609183673e-05 0.0011242155899260349
leaf_weight=40 325 44 1418 277 62 144
leaf_count=40 325 44 1418 277 62 144
internal_value=6.92043e-05 -0.000224588 -0.000612034 0.00186997 0.00251613 0.00319231
internal_weight=2310 2064 1743 321 246 206
internal_count=2310 2064 1743 321 246 206
is_linear=0
shrinkage=0.04


Tree=114
num_leaves=7
num_cat=0
split_feature=53 64 81 59 11 3
split_gain=1.09054 1.16472 1.42229 0.70376 0.303225 0.0681854
threshold=-0.74999999999999989 0.64665945252562629 -0.31083343279182107 -0.55997093935344122 0.46075467654355645 -0.70067564463010645
decision_type=2 2 2 2 2 2
left_child=4 2 -2 -3 5 -1
right_child=1 3 -4 -5 -6 -7
leaf_value=0.00056846875311204986 -9.1186900901502193e-05 -0.0001403652939479451 1.0456964533655858e-05 0.00063317925561868593 7.7083000153434025e-06 0.0013149255268426596
leaf_weight=40 570 40 1177 283 65 135
leaf_count=40 570 40 1177 283 65 135
internal_value=0.000103806 -0.00019305 -0.000601486 0.00200615 0.00264463 0.00350282
internal_weight=2310 2070 1747 323 240 175
internal_count=2310 2070 1747 323 240 175
is_linear=0
shrinkage=0.04


Tree=115
num_leaves=7
num_cat=0
split_feature=53 37 108 7 119 11
split_gain=0.939446 1.07054 1.53219 0.788963 0.409144 0.159383
threshold=-0.74999999999999989 0.98370092709632784 0.99532207831173214 1.9376527562322108 -0.22379783764624378 0.46075467654355645
decision_type=2 2 2 2 2 2
left_child=4 2 -2 -3 -1 -6
right_child=1 3 -4 -5 5 -7
leaf_value=-3.6553830531221881e-05 -1.0635513901300013e-05 0.00041080539073781968 -0.0010944883928856446 -3.1802873472883681e-05 0.0014351040085565498 4.8595107797472681e-05
leaf_weight=51 1665 276 63 66 147 42
leaf_count=51 1665 276 63 66 147 42
internal_value=0.000121107 -0.00015444 -0.000559537 0.00188372 0.00247934 0.00332984
internal_weight=2310 2070 1728 342 240 189
internal_count=2310 2070 1728 342 240 189
is_linear=0
shrinkage=0.04


Tree=116
num_leaves=6
num_cat=0
split_feature=0 8 90 68 67
split_gain=1.0532 1.44976 1.00753 0.945724 0.931221
threshold=0.1617917413398349 -1.2245835448883426 -0.6675126491565283 -0.52025623100043605 0.34438992077952341
decision_type=2 2 2 2 2
left_child=2 -2 -1 -3 -4
right_child=1 3 4 -5 -6
leaf_value=-0.00040766772730908661 -0.0001434691864333387 0.00046921099520662698 0.00016944340518043732 -5.1800459066959487e-05 -9.9390070485092364e-06
leaf_weight=64 57 150 915 729 395
leaf_count=64 57 150 915 729 395
internal_value=0.000121107 -0.00091258 0.000825582 -0.000503973 0.00106707
internal_weight=2310 936 1374 879 1310
internal_count=2310 936 1374 879 1310
is_linear=0
shrinkage=0.04


Tree=117
num_leaves=7
num_cat=0
split_feature=0 8 11 58 100 126
split_gain=1.03452 1.4294 1.21808 0.989882 1.59047 1.1143
threshold=0.1617917413398349 -1.2245835448883426 0.31206309822374584 0.46501456152347787 0.22178657705465324 0.30297997101938434
decision_type=2 2 2 2 2 2
left_child=3 -2 -3 5 -5 -1
right_child=1 2 -4 4 -6 -7
leaf_value=0.00034747613656166225 -0.00013773041897600498 4.3451261163141305e-05 -0.00010123669506382907 -0.00015106836940343986 2.6348652061774797e-05 -1.2850074987868165e-05
leaf_weight=629 57 608 271 96 179 470
leaf_count=629 57 608 271 96 179 470
internal_value=6.92043e-05 -0.000955224 -0.000549376 0.000767442 -0.00137184 0.00130427
internal_weight=2310 936 879 1374 275 1099
internal_count=2310 936 879 1374 275 1099
is_linear=0
shrinkage=0.04


Tree=118
num_leaves=7
num_cat=0
split_feature=64 61 70 29 84 14
split_gain=1.11465 1.30418 2.17424 0.707725 0.390399 0.235793
threshold=0.58670587673357322 -1.1548767187802091 -1.3749832753321496 0.60147484439575893 -0.52770432778149534 -0.31066956261363315
decision_type=2 2 2 2 2 2
left_child=1 5 -3 4 -2 -1
right_child=3 2 -4 -5 -6 -7
leaf_value=2.1990437015089482e-05 7.7539988561182069e-05 -0.00038637908476100839 -1.1591921775805231e-05 -0.00032152850031685334 0.00077089640361738992 0.0015231937949684862
leaf_weight=55 86 67 1606 79 267 150
leaf_count=55 86 67 1606 79 267 150
internal_value=3.46022e-05 -0.000387234 -0.000757015 0.00186175 0.00262535 0.0026087
internal_weight=2310 1878 1673 432 353 205
internal_count=2310 1878 1673 432 353 205
is_linear=0
shrinkage=0.04


Tree=119
num_leaves=7
num_cat=0
split_feature=8 88 44 93 35 36
split_gain=1.03699 1.88915 0.984249 1.56735 0.997481 0.428571
threshold=-1.2245835448883426 -0.31938451476501251 -0.11596964769478076 0.45524464802296666 -0.23768788117521322 0.21435946072115955
decision_type=2 2 2 2 2 2
left_child=1 -1 4 -4 -2 -3
right_child=2 5 3 -5 -6 -7
leaf_value=-0.00061744088380715888 -4.8194474560784524e-06 -2.8413488111626724e-05 -6.5808376873076425e-05 0.00030932048217140775 0.00046975331850989012 0.00077179816095303137
leaf_weight=40 390 40 846 390 564 40
leaf_count=40 390 40 846 390 564 40
internal_value=-1.73009e-05 -0.00360656 0.000182482 -0.000562197 0.00114644 1.45377e-10
internal_weight=2310 120 2190 1236 954 80
internal_count=2310 120 2190 1236 954 80
is_linear=0
shrinkage=0.04


end of trees

feature_importances:
Column_119=26
Column_35=23
Column_40=23
Column_14=22
Column_106=22
Column_102=21
Column_11=19
Column_76=19
Column_81=18
Column_61=17
Column_117=17
Column_126=17
Column_33=16
Column_69=16
Column_70=15
Column_90=15
Column_125=15
Column_28=13
Column_64=13
Column_16=12
Column_46=12
Column_47=12
Column_83=11
Column_114=11
Column_44=10
Column_63=10
Column_53=9
Column_113=9
Column_120=9
Column_13=8
Column_37=7
Column_38=7
Column_67=7
Column_87=7
Column_94=7
Column_107=7
Column_5=6
Column_8=6
Column_18=6
Column_43=6
Column_62=6
Column_68=6
Column_100=6
Column_108=6
Column_116=6
Column_7=5
Column_24=5
Column_31=5
Column_39=5
Column_59=5
Column_95=5
Column_123=5
Column_1=4
Column_3=4
Column_6=4
Column_34=4
Column_36=4
Column_42=4
Column_58=4
Column_60=4
Column_78=4
Column_84=4
Column_88=4
Column_93=4
Column_96=4
Column_115=4
Column_118=4
Column_0=3
Column_4=3
Column_10=3
Column_17=3
Column_26=3
Column_29=3
Column_41=3
Column_51=3
Column_56=3
Column_72=3
Column_82=3
Column_110=3
Column_122=3
Column_12=2
Column_20=2
Column_25=2
Column_71=2
Column_80=2
Column_86=2
Column_101=2
Column_105=2
Column_111=2
Column_2=1
Column_15=1
Column_22=1
Column_32=1
Column_45=1
Column_48=1
Column_66=1
Column_74=1
Column_75=1
Column_89=1
Column_97=1
Column_104=1
Column_121=1
Column_124=1

parameters:
[boosting: gbdt]
[objective: quantile]
[metric: quantile]
[tree_learner: serial]
[device_type: cpu]
[data_sample_strategy: bagging]
[data: ]
[valid: ]
[num_iterations: 120]
[learning_rate: 0.04]
[num_leaves: 15]
[num_threads: 2]
[seed: 42]
[deterministic: 0]
[force_col_wise: 0]
[force_row_wise: 0]
[histogram_pool_size: -1]
[max_depth: 3]
[min_data_in_leaf: 40]
[min_sum_hessian_in_leaf: 0.001]
[bagging_fraction: 0.85]
[pos_bagging_fraction: 1]
[neg_bagging_fraction: 1]
[bagging_freq: 0]
[bagging_seed: 400]
[bagging_by_query: 0]
[feature_fraction: 0.8]
[feature_fraction_bynode: 1]
[feature_fraction_seed: 30056]
[extra_trees: 0]
[extra_seed: 12879]
[early_stopping_round: 0]
[early_stopping_min_delta: 0]
[first_metric_only: 0]
[max_delta_step: 0]
[lambda_l1: 0]
[lambda_l2: 2]
[linear_lambda: 0]
[min_gain_to_split: 0]
[drop_rate: 0.1]
[max_drop: 50]
[skip_drop: 0.5]
[xgboost_dart_mode: 0]
[uniform_drop: 0]
[drop_seed: 17869]
[top_rate: 0.2]
[other_rate: 0.1]
[min_data_per_group: 100]
[max_cat_threshold: 32]
[cat_l2: 10]
[cat_smooth: 10]
[max_cat_to_onehot: 4]
[top_k: 20]
[monotone_constraints: ]
[monotone_constraints_method: basic]
[monotone_penalty: 0]
[feature_contri: ]
[forcedsplits_filename: ]
[refit_decay_rate: 0.9]
[cegb_tradeoff: 1]
[cegb_penalty_split: 0]
[cegb_penalty_feature_lazy: ]
[cegb_penalty_feature_coupled: ]
[path_smooth: 0]
[interaction_constraints: ]
[verbosity: -1]
[saved_feature_importance_type: 0]
[use_quantized_grad: 0]
[num_grad_quant_bins: 4]
[quant_train_renew_leaf: 0]
[stochastic_rounding: 1]
[linear_tree: 0]
[max_bin: 255]
[max_bin_by_feature: ]
[min_data_in_bin: 3]
[bin_construct_sample_cnt: 200000]
[data_random_seed: 175]
[is_enable_sparse: 1]
[enable_bundle: 1]
[use_missing: 1]
[zero_as_missing: 0]
[feature_pre_filter: 1]
[pre_partition: 0]
[two_round: 0]
[header: 0]
[label_column: ]
[weight_column: ]
[group_column: ]
[ignore_column: ]
[categorical_feature: ]
[forcedbins_filename: ]
[precise_float_parser: 0]
[parser_config_file: ]
[objective_seed: 16083]
[num_class: 1]
[is_unbalance: 0]
[scale_pos_weight: 1]
[sigmoid: 1]
[boost_from_average: 1]
[reg_sqrt: 0]
[alpha: 0.1]
[fair_c: 1]
[poisson_max_delta_step: 0.7]
[tweedie_variance_power: 1.5]
[lambdarank_truncation_level: 30]
[lambdarank_norm: 1]
[label_gain: ]
[lambdarank_position_bias_regularization: 0]
[eval_at: ]
[multi_error_top_k: 1]
[auc_mu_weights: ]
[num_machines: 1]
[local_listen_port: 12400]
[time_out: 120]
[machine_list_filename: ]
[machines: ]
[gpu_platform_id: -1]
[gpu_device_id: -1]
[gpu_device_id_list: ]
[gpu_use_dp: 0]
[num_gpu: 1]

end of parameters

pandas_categorical:null
