tree
version=v4
num_class=1
num_tree_per_iteration=1
label_index=0
max_feature_idx=126
objective=regression
feature_names=Column_0 Column_1 Column_2 Column_3 Column_4 Column_5 Column_6 Column_7 Column_8 Column_9 Column_10 Column_11 Column_12 Column_13 Column_14 Column_15 Column_16 Column_17 Column_18 Column_19 Column_20 Column_21 Column_22 Column_23 Column_24 Column_25 Column_26 Column_27 Column_28 Column_29 Column_30 Column_31 Column_32 Column_33 Column_34 Column_35 Column_36 Column_37 Column_38 Column_39 Column_40 Column_41 Column_42 Column_43 Column_44 Column_45 Column_46 Column_47 Column_48 Column_49 Column_50 Column_51 Column_52 Column_53 Column_54 Column_55 Column_56 Column_57 Column_58 Column_59 Column_60 Column_61 Column_62 Column_63 Column_64 Column_65 Column_66 Column_67 Column_68 Column_69 Column_70 Column_71 Column_72 Column_73 Column_74 Column_75 Column_76 Column_77 Column_78 Column_79 Column_80 Column_81 Column_82 Column_83 Column_84 Column_85 Column_86 Column_87 Column_88 Column_89 Column_90 Column_91 Column_92 Column_93 Column_94 Column_95 Column_96 Column_97 Column_98 Column_99 Column_100 Column_101 Column_102 Column_103 Column_104 Column_105 Column_106 Column_107 Column_108 Column_109 Column_110 Column_111 Column_112 Column_113 Column_114 Column_115 Column_116 Column_117 Column_118 Column_119 Column_120 Column_121 Column_122 Column_123 Column_124 Column_125 Column_126
feature_infos=[-4.6268041035720255:6.0069305704046343] [-3.862312370529994:4.0832619148893601] [-3.7163093795827353:3.6544265240928073] [-3.4609469411371871:3.2399873259530714] [-3.1786475454894174:2.5983333234850798] [-2.155857528548963:2.47447696952525] [-3.4063797337012889:3.3114305393002716] [-1.1734312413575929:4.755319658676413] [-1.6139140211723235:1.6124245649824895] [-3.1017724077380922:2.6638104644029181] [-1.2374679934516926:3.8504285899817301] [-2.4237876298289769:2.6587805542599083] [-2.0765162101788617:2.5153201656779127] [-1.3139947482908882:2.7745221388233214] [-2.5018184032706166:2.9866552178790267] [-1.7991902370546689:1.4641344636414955] [-1.8662701971189142:1.7718387800197279] [-1.0359136242208751:0.67130252868868656] [-1.0956022543138875:0.6894234222411012] [-1.0359136242208751:0.67130252868868645] [-2.3303958347442411:2.8911735732725234] [-3.203142619654467:3.4960634222766624] [-2.864976672415203:2.8444892239404105] [-1.9441823346786884:2.794539336112229] [-2.2045528349479473:1.8602207661181134] [-2.073806743600723:1.8776539872341427] [-3.22730697494781:2.1914908025246298] [-1.791596902848964:1.5798853244593614] [-0.95311332106779612:2.8266158281320117] [-3.5426093449479206:3.3343850685449112] [-3.266275601768867:2.9371165698319692] [-2.5035699052605871:2.2161594443066361] [-2.4779152874084187:2.3825223499519028] [-2.0050316247267843:2.4342637725924359] [-2.1502872428038593:2.2822282932168041] [-1.9410097563727928:2.0083515424798408] [-2.045958981274989:2.2115019867135035] [-1.2250202424984911:3.1623936328397653] [-1.233600967736864:3.7113562446940365] [-1.3255527136439367:2.6913239778421021] [-1.1779452161730728:1.8110293583140038] [-2.0395739001084059:1.6001082171943624] [-1.7567776806963606:1.65925414687714] [-1.9712004286400655:11.838204433314683] [-591.26272173030611:94.299742658723929] [-487.88452233125531:101.54981277526774] [-640.71422599092864:47.124909940064221] [-1.1315825525699543:3.3039451481235864] [-1.8575166379391064:1.7189113789261443] [-1.1630451037579781:6.3306757537243845] [-3.867652320206032:4.5928419695727802] [-10.080950183483392:8.3561647121438938] [-1:1] [-0.83333333333333337:1] [0:1] [0:1] [-3.5827524790285139:4.3154473429230844] [-4.0562963676519814:2.3325201469451535] [-2.3371901645858775:1.5896574009008153] [-1.0274268497732129:2.3357271815079783] [-2.4322724946438954:1.3307201708314245] [-1.6890439213934751:0.32198573389654961] [-3.1162375656751777:3.5618550970343854] [-2.6870600889011795:2.4642119376221836] [-2.2037955126117197:1.8814437383060789] [-5.2041482469319345:4.62175589265863] [-4.6824358897052862:3.1132511247180097] [-3.3848662895719825:2.7851417237344869] [-1.1908867465495157:2.8007615344486911] [-2.2681090010099756:2.3378761093364768] [-2.5250894390556629:0.63282021715880832] [-3.842542148544521:4.4110708728842782] [-5.8218830951028187:4.7771464635793484] [-3.0570301291189557:4.0039166123806176] [-3.4149222621736537:2.2637245097514103] [-2.4849234623351513:1.6988141700002217] [-0.97633263491196676:2.2945517100392245] [-2.1925063718660263:1.3054812176665234] [-1.4932433393359004:0.31621236668352115] [-4.5375414742882816:7.8684650966946004] [-4.026775521979026:5.531294041176305] [-2.4075809636944698:4.1386428494967609] [-1.3142431115432558:4.6913393178528615] [-1.2128981195284769:7.9575246151762205] [-1.2342879427283697:2.3332994795062194] [-6.5012829421683316:6.6774679662524203] [-4.5314239788777808:3.5165865070917639] [-2.7362485311784321:3.7476521811905683] [-1.2110853712017766:3.5468492269786567] [-1.7992957978891841:4.4364559203739287] [-0.82368239422926026:2.1645217940033317] [-11.27594426910813:11.053455300399325] [-6.0430216689232639:5.2431771126783069] [-3.4757321594287305:3.7646132649841171] [-0.99442636989927358:3.1105443689538159] [-2.1401439080565452:4.0585434417468562] [-1.2362702197861926:0.66804965344588041] [-3.9512664843552812:2.9641871078954387] [-3.4514510044756408:3.0002289885661177] [-2.5789550090238884:1.7081445447705399] [-1.3289290026479641:3.1979541374411764] [-2.1178782621448935:1.8611384999996154] [-1.4798276692460424:0.43536976673221567] [-5.4319512925505906:3.1945137541572954] [-4.1934446333566422:3.5527150999290673] [-1.9383757265739703:2.8733719832576732] [-1.3418839681076882:4.1208695833090481] [-1.7869055809535381:4.4869946740840305] [-1.5859886714312248:1.2791442770769939] [-4.4114147880816903:2.6608820866267151] [-3.8070309579488875:3.5206849978859003] [-1.9938529087765051:2.6178321298180087] [-1.382153821989083:3.9204440540424792] [-1.6127681151416453:3.8518977322871573] [-1.6113604439853819:1.2009760920944479] [-3.3361687522286663:3.5683491125216622] [-2.2396029048155199:2.6507179314534244] [-1.9757013423130925:2.042186105971624] [-1.4708356128285724:1.9617766305172581] [-1.488955723010376:2.0512904020169129] [-2.4266646458755412:0.64899957575063594] [-3.2185615159771666:3.4559804766769173] [-2.776366177316814:3.5941854834439781] [-1.7324055609268327:2.473058254893183] [-0.76630026662546491:2.7420384320344202] [-1.5092611797183133:2.4102295088095991] [-1.3774647631077823:0.90147170386274167]
tree_sizes=752 776 777 782 779 779 781 784 865 871 785 778 784 783 785 783 784 786 785 875 788 880 875 700 791 787 786 704 790 790 702 868 699 793 696 881 789 702 781 872 700 788 796 700 879 795 787 703 882 794 878 881 795 615 787 794 878 877 798 614 614 797 880 618 614 790 794 886 614 888 615 610 618 889 886 607 791 885 793 706 796 614 611 610 697 617 612 702 884 886 877 523 790 610 616 613 613 882 617 698 701 709 886 886 611 618 797 798 790 705 796 614 622 618 891 798 705 620 795 871

Tree=0
num_leaves=7
num_cat=0
split_feature=61 76 63 40 41 99
split_gain=0.711203 0.622112 0.304586 0.249467 0.214942 0.0946098
threshold=-1.2086931003890786 0.3879666408707802 0.70790972669923702 -0.5011207189811232 -0.7543926213120512 0.52131926455113053
decision_type=2 2 2 2 2 2
left_child=4 3 -3 -2 -1 -6
right_child=1 2 -4 -5 5 -7
leaf_value=0.017695672186790159 0.012376161661228072 0.011233569406394719 0.01368089664248712 0.01349260131681411 0.013647770419321482 0.015632626040681906
leaf_weight=42 457 498 96 1058 93 66
leaf_count=42 457 498 96 1058 93 66
internal_value=0.0129426 0.0127251 0.0116302 0.0131555 0.0152039 0.0144949
internal_weight=2310 2109 594 1515 201 159
internal_count=2310 2109 594 1515 201 159
is_linear=0
shrinkage=1


Tree=1
num_leaves=7
num_cat=0
split_feature=95 94 64 82 46 60
split_gain=0.628312 0.548682 0.356737 0.19974 0.150153 0.103157
threshold=2.0573083067946816 0.53899585993266408 0.76972390721447181 -0.3322904317289252 0.73694533060950096 -0.98124740472142236
decision_type=2 2 2 2 2 2
left_child=1 3 -3 -1 5 -2
right_child=4 2 -4 -5 -6 -7
leaf_value=-0.00056621073032482551 0.0048227016247808932 -0.0018586715842891597 0.00097850858411837336 0.0004280712014182725 0.00064287021740297369 0.0019739798915741798
leaf_weight=432 48 395 85 1266 42 42
leaf_count=432 48 395 85 1266 42 42
internal_value=2.47812e-07 -0.000163167 -0.00135428 0.00017474 0.00265878 0.00356511
internal_weight=2310 2178 480 1698 132 90
internal_count=2310 2178 480 1698 132 90
is_linear=0
shrinkage=0.04


Tree=2
num_leaves=7
num_cat=0
split_feature=61 94 64 41 113 45
split_gain=0.622726 0.431228 0.36974 0.193636 0.175367 0.088327
threshold=-1.2086931003890786 0.53899585993266408 0.76972390721447181 -0.7543926213120512 0.79613060020927995 0.5443229670251627
decision_type=2 2 2 2 2 2
left_child=3 4 -3 -1 -2 -5
right_child=1 2 -4 5 -6 -7
leaf_value=0.0044808772187256681 0.00027236831290728357 -0.0017908691587273731 0.0010747242126655713 0.00203659131175474 -0.0009189314067707924 -3.5791415818190823e-05
leaf_weight=42 1407 387 87 113 228 46
leaf_count=42 1407 387 87 113 228 46
internal_value=4.60074e-07 -0.000203025 -0.0012626 0.0021165 0.000105322 0.00144404
internal_weight=2310 2109 474 201 1635 159
internal_count=2310 2109 474 201 1635 159
is_linear=0
shrinkage=0.04


Tree=3
num_leaves=7
num_cat=0
split_feature=61 76 37 35 41 46
split_gain=0.575249 0.531594 0.28659 0.230792 0.179344 0.0829702
threshold=-1.2086931003890786 0.3879666408707802 0.74620501909110148 0.86651571157746476 -0.7543926213120512 0.36028098219302757
decision_type=2 2 2 2 2 2
left_child=4 3 -3 -2 -1 -6
right_child=1 2 -4 -5 5 -7
leaf_value=0.0043097891214049682 0.00032419936441273008 -0.0020190030054372051 -0.00025735165350162679 -0.0017979041672440182 0.0020055795695463367 5.1636377191346765e-05
leaf_weight=42 1430 319 275 85 108 51
leaf_count=42 1430 319 275 85 108 51
internal_value=6.18796e-07 -0.000194955 -0.00120702 0.000202924 0.00203439 0.00138727
internal_weight=2310 2109 594 1515 201 159
internal_count=2310 2109 594 1515 201 159
is_linear=0
shrinkage=0.04


Tree=4
num_leaves=7
num_cat=0
split_feature=61 76 84 35 41 93
split_gain=0.534653 0.526489 0.317416 0.213047 0.154441 0.0861649
threshold=-1.1564599150557155 0.3879666408707802 1.3551883535861589 0.86651571157746476 -0.7543926213120512 0.84363326990769483
decision_type=2 2 2 2 2 2
left_child=4 3 -3 -2 -1 -6
right_child=1 2 -4 -5 5 -7
leaf_value=0.0039204718782863716 0.00031124951094348515 -0.0016738393967704937 0.0007201173645444215 -0.0017276412759233137 -8.9659863723474643e-06 0.0019001551716750073
leaf_weight=45 1430 468 108 85 55 119
leaf_count=45 1430 468 108 85 55 119
internal_value=6.846e-07 -0.000196888 -0.00122403 0.000194729 0.00187181 0.00130345
internal_weight=2310 2091 576 1515 219 174
internal_count=2310 2091 576 1515 219 174
is_linear=0
shrinkage=0.04


Tree=5
num_leaves=7
num_cat=0
split_feature=95 94 40 64 46 60
split_gain=0.501439 0.433309 0.364786 0.298493 0.125091 0.0806725
threshold=2.0573083067946816 0.53899585993266408 -0.5011207189811232 0.76462574791049998 0.73694533060950096 -0.98124740472142236
decision_type=2 2 2 2 2 2
left_child=1 2 -1 -3 5 -2
right_child=4 3 -4 -5 -6 -7
leaf_value=-0.00089480192489915702 0.0043163097541779275 -0.0016716801128202838 0.00048161004518553765 0.00090027902056217396 0.00053858424857025969 0.0017918314957271583
leaf_weight=402 48 393 1296 87 42 42
leaf_count=402 48 393 1296 87 42 42
internal_value=7.7631e-07 -0.000145211 0.000155076 -0.00120371 0.00237577 0.00320278
internal_weight=2310 2178 1698 480 132 90
internal_count=2310 2178 1698 480 132 90
is_linear=0
shrinkage=0.04


Tree=6
num_leaves=7
num_cat=0
split_feature=95 76 86 40 46 28
split_gain=0.464525 0.43332 0.262501 0.207976 0.170277 0.127362
threshold=1.7991155240866032 0.3879666408707802 0.12399689123758062 -0.5011207189811232 0.77043500398330622 0.51619942534251162
decision_type=2 2 2 2 2 2
left_child=1 3 -3 -1 5 -2
right_child=4 2 -4 -5 -6 -7
leaf_value=-0.00051761321873083053 0.00088489070184074258 -0.0017635165868680846 -9.2746301371774185e-05 0.00050453046208613064 0.00012524869991466405 0.0036878575727691404
leaf_weight=452 40 354 261 1066 56 81
leaf_count=452 40 354 261 1066 56 81
internal_value=9.3424e-07 -0.000163167 -0.00105706 0.000199896 0.00195822 0.00279071
internal_weight=2310 2133 615 1518 177 121
internal_count=2310 2133 615 1518 177 121
is_linear=0
shrinkage=0.04


Tree=7
num_leaves=7
num_cat=0
split_feature=61 120 106 125 106 40
split_gain=0.445038 0.388519 0.28677 0.246481 0.113474 0.0774921
threshold=-1.1564599150557155 -0.60433073139582938 1.2076874610156032 1.1620118401080084 0.041016061157856144 0.84423193260181328
decision_type=2 2 2 2 2 2
left_child=4 2 -2 -3 -1 -6
right_child=1 3 -4 -5 5 -7
leaf_value=-1.2110812877654097e-05 -0.0018040256061243043 0.00021126485938337961 0.0011773839905377358 -0.0016543089567309583 0.0014131501712144748 0.0031806992477661855
leaf_weight=48 321 1590 60 120 99 72
leaf_count=48 321 1590 60 120 99 72
internal_value=9.94754e-07 -0.000179262 -0.00133082 7.85677e-05 0.00170812 0.00218555
internal_weight=2310 2091 381 1710 219 171
internal_count=2310 2091 381 1710 219 171
is_linear=0
shrinkage=0.04


Tree=8
num_leaves=8
num_cat=0
split_feature=61 76 84 35 99 14 45
split_gain=0.410934 0.413665 0.27793 0.188999 0.109121 0.0683763 0.0238796
threshold=-1.1564599150557155 0.3879666408707802 1.3551883535861589 0.86651571157746476 0.56040853136187507 -0.19128692367067732 0.21201234599518343
decision_type=2 2 2 2 2 2 2
left_child=4 3 -3 -2 5 -1 -6
right_child=1 2 -4 -5 6 -7 -8
leaf_value=-0.00027805473972111939 0.00028471413814868714 -0.0015036161074444573 0.00073579548128922898 -0.0016356420293771501 0.0035113037854086521 0.0015740839624650898 0.0019252877481215234
leaf_weight=48 1430 468 108 85 41 90 40
leaf_count=48 1430 468 108 85 41 90 40
internal_value=1.04189e-06 -0.00017217 -0.00108263 0.000174957 0.00164145 0.000935093 0.00279335
internal_weight=2310 2091 576 1515 219 138 81
internal_count=2310 2091 576 1515 219 138 81
is_linear=0
shrinkage=0.04


Tree=9
num_leaves=8
num_cat=0
split_feature=37 76 78 45 113 83 76
split_gain=0.315216 0.361994 0.217407 0.200255 0.172854 0.079433 0.0766284
threshold=1.0973117179318461 0.41254950671804824 -1.0493107011701555 2.922883125199661 0.01401318716869218 -0.26608894409888023 1.6472766809023949
decision_type=2 2 2 2 2 2 2
left_child=1 3 -3 -1 5 -2 -6
right_child=4 2 -4 -5 6 -7 -8
leaf_value=-8.4573407142208211e-06 0.00058889785831394998 2.5796383819980187e-06 -0.0017372042946648028 0.0016882937909431048 0.00080693190569147927 0.00270083758158892 -0.0011281912166463293
leaf_weight=1387 40 179 319 119 112 110 44
leaf_count=1387 40 179 319 119 112 110 44
internal_value=1.15986e-06 -0.000181774 -0.00111435 0.000127677 0.0011926 0.00215281 0.000253756
internal_weight=2310 2004 498 1506 306 150 156
internal_count=2310 2004 498 1506 306 150 156
is_linear=0
shrinkage=0.04


Tree=10
num_leaves=7
num_cat=0
split_feature=95 76 86 40 25 67
split_gain=0.371786 0.334017 0.220499 0.185248 0.101938 0.0853284
threshold=1.7991155240866032 0.3879666408707802 0.12399689123758062 -0.5011207189811232 -1.1865187170564597 -0.26273884243837148
decision_type=2 2 2 2 2 2
left_child=1 3 -3 -1 -2 -6
right_child=4 2 -4 -5 5 -7
leaf_value=-0.00050397247667598752 7.6682579200006216e-05 -0.0015778714438148312 -4.690765023699381e-05 0.00046068902265115674 0.0034026979474395874 0.0013221242090221495
leaf_weight=452 44 354 261 1066 60 73
leaf_count=452 44 354 261 1066 60 73
internal_value=1.21428e-06 -0.000145596 -0.000930403 0.000173166 0.00175226 0.00229723
internal_weight=2310 2133 615 1518 177 133
internal_count=2310 2133 615 1518 177 133
is_linear=0
shrinkage=0.04


Tree=11
num_leaves=7
num_cat=0
split_feature=61 76 63 35 41 46
split_gain=0.349151 0.33447 0.258004 0.171534 0.124785 0.067825
threshold=-1.1564599150557155 0.3879666408707802 0.70790972669923702 0.88388320976355939 -0.7543926213120512 0.36028098219302757
decision_type=2 2 2 2 2 2
left_child=4 3 -3 -2 -1 -6
right_child=1 2 -4 -5 5 -7
leaf_value=0.0033515070592786407 0.00025444167350690557 -0.001354984043733204 0.0009015903154736128 -0.0016375936939162605 0.0015348046893361679 -0.00015406946502608072
leaf_weight=45 1436 480 96 79 119 55
leaf_count=45 1436 480 96 79 119 55
internal_value=1.27414e-06 -0.000158387 -0.00097707 0.000153752 0.00151335 0.00100528
internal_weight=2310 2091 576 1515 219 174
internal_count=2310 2091 576 1515 219 174
is_linear=0
shrinkage=0.04


Tree=12
num_leaves=7
num_cat=0
split_feature=95 76 37 35 25 101
split_gain=0.335297 0.305834 0.248942 0.17511 0.0831745 0.102444
threshold=1.7422086027224397 0.3879666408707802 0.70718361453760636 0.64168763510826621 -1.1865187170564597 0.59815695058808083
decision_type=2 2 2 2 2 2
left_child=1 3 -3 -1 -2 -6
right_child=4 2 -4 -5 5 -7
leaf_value=0.0003248371951796001 0.00010674874363906625 -0.0016951237636104741 -6.6921654218962673e-05 -0.0009427467033044616 0.00092048953199205363 0.0030494988778940382
leaf_weight=1316 47 309 291 199 72 76
leaf_count=1316 47 309 291 199 72 76
internal_value=1.32337e-06 -0.000145559 -0.000908292 0.000157313 0.00157974 0.00203985
internal_weight=2310 2115 600 1515 195 148
internal_count=2310 2115 600 1515 195 148
is_linear=0
shrinkage=0.04


Tree=13
num_leaves=7
num_cat=0
split_feature=61 76 63 40 41 68
split_gain=0.31097 0.289336 0.235147 0.159955 0.111823 0.0632651
threshold=-1.1564599150557155 0.3879666408707802 0.70790972669923702 -0.5011207189811232 -0.7543926213120512 1.4432233010715765
decision_type=2 2 2 2 2 2
left_child=4 3 -3 -2 -1 -6
right_child=1 2 -4 -5 5 -7
leaf_value=0.0031683330309200796 -0.00048303943326491824 -0.0012716155842340923 0.00088245412768387451 0.00041090965498706111 0.00045475202023627343 0.0021371940012071648
leaf_weight=45 457 480 96 1058 125 49
leaf_count=45 457 480 96 1058 125 49
internal_value=1.32914e-06 -0.00014935 -0.000910793 0.000140968 0.00142834 0.000947445
internal_weight=2310 2091 576 1515 219 174
internal_count=2310 2091 576 1515 219 174
is_linear=0
shrinkage=0.04


Tree=14
num_leaves=7
num_cat=0
split_feature=61 120 112 61 41 46
split_gain=0.287386 0.275866 0.259014 0.171936 0.103466 0.0611339
threshold=-1.1564599150557155 -0.60433073139582938 1.0704451638132051 -0.73297494035069533 -0.7543926213120512 0.36028098219302757
decision_type=2 2 2 2 2 2
left_child=4 2 -2 -3 -1 -6
right_child=1 3 -4 -5 5 -7
leaf_value=0.003046992580465814 -0.0016155521353628857 0.0018843900902720634 0.0010253057959867088 -1.4877314382230447e-05 0.0014135276674762493 -0.00018858082795703555
leaf_weight=45 309 78 72 1632 119 55
leaf_count=45 309 78 72 1632 119 55
internal_value=1.45933e-06 -0.000143393 -0.00111374 7.38561e-05 0.00137329 0.000910726
internal_weight=2310 2091 381 1710 219 174
internal_count=2310 2091 381 1710 219 174
is_linear=0
shrinkage=0.04


Tree=15
num_leaves=7
num_cat=0
split_feature=95 76 86 35 46 28
split_gain=0.287105 0.260749 0.208086 0.15966 0.123764 0.0806723
threshold=1.7422086027224397 0.3879666408707802 0.12399689123758062 0.80454699902727211 0.77043500398330622 0.47759915223484134
decision_type=2 2 2 2 2 2
left_child=1 3 -3 -1 5 -2
right_child=4 2 -4 -5 -6 -7
leaf_value=0.00025804080815912254 0.00061984868010594735 -0.0014892150761827258 1.1356594937343589e-05 -0.0013447006699568202 1.6353182551084144e-05 0.0028057537170287261
leaf_weight=1410 40 339 261 105 64 91
leaf_count=1410 40 339 261 105 64 91
internal_value=1.59306e-06 -0.000134324 -0.000838597 0.000145333 0.00146217 0.00215766
internal_weight=2310 2115 600 1515 195 131
internal_count=2310 2115 600 1515 195 131
is_linear=0
shrinkage=0.04


Tree=16
num_leaves=7
num_cat=0
split_feature=95 94 40 64 46 28
split_gain=0.265803 0.255577 0.261934 0.260343 0.114877 0.082675
threshold=1.7991155240866032 0.53899585993266408 -0.5011207189811232 0.75883142389032765 0.77043500398330622 0.51619942534251162
decision_type=2 2 2 2 2 2
left_child=1 2 -1 -3 5 -2
right_child=4 3 -4 -5 -6 -7
leaf_value=-0.00078355675386855691 0.00063548428050818901 -0.0014193700737633241 0.00038735935125918454 0.00098275692269413008 -1.8978844023438109e-05 0.0028881040273840172
leaf_weight=400 40 371 1274 88 56 81
leaf_count=400 40 371 1274 88 56 81
internal_value=1.55969e-06 -0.000122574 0.000106969 -0.000956566 0.00148214 0.00216588
internal_weight=2310 2133 1674 459 177 121
internal_count=2310 2133 1674 459 177 121
is_linear=0
shrinkage=0.04


Tree=17
num_leaves=7
num_cat=0
split_feature=95 76 35 53 46 83
split_gain=0.245676 0.232918 0.163323 0.158408 0.10561 0.0703684
threshold=1.7422086027224397 0.3879666408707802 1.0000000180025095e-35 1.0000000180025095e-35 0.77043500398330622 0.84776271587850183
decision_type=2 2 2 2 2 2
left_child=1 3 -3 -1 5 -2
right_child=4 2 -4 -5 -6 -7
leaf_value=0.0005257312755377623 0.0013198628411223384 -0.0014144991568053927 -9.4231815261519683e-05 -0.00029263282042060453 1.7048162284702288e-05 0.0033471300184380178
leaf_weight=801 90 315 285 714 64 41
leaf_count=801 90 315 285 714 64 41
internal_value=1.58975e-06 -0.00012414 -0.000789769 0.000140169 0.00135269 0.00199514
internal_weight=2310 2115 600 1515 195 131
internal_count=2310 2115 600 1515 195 131
is_linear=0
shrinkage=0.04


Tree=18
num_leaves=7
num_cat=0
split_feature=37 76 95 45 41 35
split_gain=0.237261 0.230795 0.221351 0.177278 0.138441 0.0913333
threshold=1.0973117179318461 0.41254950671804824 1.4632210004109727 2.922883125199661 -1.0034079527192001 -0.50245445953304524
decision_type=2 2 2 2 2 2
left_child=1 3 -3 -1 -2 -6
right_child=4 2 -4 -5 5 -7
leaf_value=-3.8006064414134794e-05 0.0031741531372868588 -0.0012727997149507514 0.00099339318209249209 0.0015584036125801503 -6.1829165762108298e-05 0.0014144893739641013
leaf_weight=1387 40 417 81 119 131 135
leaf_count=1387 40 417 81 119 131 135
internal_value=1.6441e-06 -0.000157066 -0.000901703 9.00374e-05 0.00103531 0.000692395
internal_weight=2310 2004 498 1506 306 266
internal_count=2310 2004 498 1506 306 266
is_linear=0
shrinkage=0.04


Tree=19
num_leaves=8
num_cat=0
split_feature=113 84 4 94 64 50 68
split_gain=0.225137 0.208076 0.186214 0.184171 0.131692 0.0578895 0.0407752
threshold=0.79613060020927995 1.3551883535861589 -0.60746709599197368 0.54349065306219868 -0.13680153310964099 -0.48227296164885186 0.14456498077522598
decision_type=2 2 2 2 2 2 2
left_child=1 3 6 -1 -4 -3 -2
right_child=2 5 4 -5 -6 -7 -8
leaf_value=0.00026275715683609312 -0.00031500657646765199 0.0029203844867473428 -0.00031806272795261527 -0.00074576889747073657 -0.0021161637307446014 0.0010921222792302449 0.0013388416092334824
leaf_weight=1449 41 41 107 360 168 91 53
leaf_count=1449 41 41 107 360 168 91 53
internal_value=1.77791e-06 0.000174182 -0.000901147 6.14535e-05 -0.00142389 0.0016951 0.000625948
internal_weight=2310 1941 369 1809 275 132 94
internal_count=2310 1941 369 1809 275 132 94
is_linear=0
shrinkage=0.04


Tree=20
num_leaves=7
num_cat=0
split_feature=61 120 63 61 63 93
split_gain=0.213787 0.224316 0.243408 0.148551 0.0945269 0.0974644
threshold=-1.1564599150557155 -0.60433073139582938 0.34037211407537821 -0.73297494035069533 -0.58098750172685565 0.7876630629966801
decision_type=2 2 2 2 2 2
left_child=4 2 -2 -3 -1 -6
right_child=1 3 -4 -5 5 -7
leaf_value=0.0026814466876273332 -0.0016592060855925154 0.0017556502011138947 0.00053309392723310583 -9.7436575251754692e-06 -0.00078617104855366055 0.0013150676217486674
leaf_weight=50 266 78 115 1632 48 121
leaf_count=50 266 78 115 1632 48 121
internal_value=1.78012e-06 -0.000123155 -0.00099816 7.274e-05 0.00118498 0.000716051
internal_weight=2310 2091 381 1710 219 169
internal_count=2310 2091 381 1710 219 169
is_linear=0
shrinkage=0.04


Tree=21
num_leaves=8
num_cat=0
split_feature=113 45 60 4 76 118 63
split_gain=0.204958 0.184928 0.180289 0.158765 0.150355 0.116252 0.0619539
threshold=0.79613060020927995 0.95066825820888845 -0.5084252093029662 0.6992977418348777 0.41254950671804824 -0.36842987363333102 0.068217330658870354
decision_type=2 2 2 2 2 2 2
left_child=2 3 5 -2 -4 -1 -3
right_child=1 6 4 -5 -6 -7 -8
leaf_value=-0.00066878271728295236 -0.00089778368283137508 0.0016517180766745599 0.00016115498647332715 -0.0032930774601143704 -0.00082365800831032683 0.0011320639639616934 -0.00029391463416262318
leaf_weight=66 211 45 1179 55 312 384 58
leaf_count=66 211 45 1179 55 312 384 58
internal_value=1.84145e-06 -0.00085967 0.000166338 -0.00141393 -4.57499e-05 0.000866149 0.000571389
internal_weight=2310 369 1941 266 1491 450 103
internal_count=2310 369 1941 266 1491 450 103
is_linear=0
shrinkage=0.04


Tree=22
num_leaves=8
num_cat=0
split_feature=37 39 45 107 76 102 69
split_gain=0.199281 0.210472 0.187587 0.119265 0.114631 0.0737351 0.0409054
threshold=1.0973117179318461 0.63312060826603644 1.226285220492344 0.53305222190958423 0.95515557410003293 0.15819588291047548 -0.57080673917324465
decision_type=2 2 2 2 2 2 2
left_child=1 2 -1 -3 6 -6 -2
right_child=4 3 -4 -5 5 -7 -8
leaf_value=-0.00014534894165598407 0.0024150746933144815 -0.00054872023240369302 0.0010872919714829108 -0.0023353021167414755 -0.0010844970044538217 0.00075969719150903784 0.00082415429266719995
leaf_weight=1520 80 166 225 93 44 140 42
leaf_count=1520 80 166 225 93 44 140 42
internal_value=1.66286e-06 -0.000143791 1.46504e-05 -0.00120321 0.00094899 0.000311775 0.00188951
internal_weight=2310 2004 1745 259 306 184 122
internal_count=2310 2004 1745 259 306 184 122
is_linear=0
shrinkage=0.04


Tree=23
num_leaves=6
num_cat=0
split_feature=35 61 76 53 63
split_gain=0.194025 0.208252 0.163617 0.0847319 0.0809314
threshold=0.94854217267500018 -1.1548767187802091 0.3879666408707802 -1.0000000180025095e-35 -0.70172274647587118
decision_type=2 2 2 2 2
left_child=1 4 -3 -2 -1
right_child=3 2 -4 -5 -6
leaf_value=0.0028439937171614951 -0.00052661683362234264 0.00017016592470954034 -0.00065589866602108304 -0.0027708191633293473 0.00086846159928049269
leaf_weight=40 56 1469 517 52 176
leaf_count=40 56 1469 517 52 176
internal_value=1.63e-06 8.34558e-05 -4.53206e-05 -0.00163789 0.00125704
internal_weight=2310 2202 1986 108 216
internal_count=2310 2202 1986 108 216
is_linear=0
shrinkage=0.04


Tree=24
num_leaves=7
num_cat=0
split_feature=83 113 123 46 112 7
split_gain=0.182835 0.21708 0.134106 0.0930631 0.0947081 0.0694699
threshold=0.84776271587850183 0.79613060020927995 0.73090092669704598 -1.6612955934226286 0.40618284467819038 0.56760367240235621
decision_type=2 2 2 2 2 2
left_child=1 2 -1 -2 -5 -3
right_child=3 5 -4 4 -6 -7
leaf_value=0.00012992823375836853 -0.0010353006757352324 -0.0016966884853768119 -0.0010048381985038855 0.00043593088236663962 0.00173785363099693 -0.00021518304711207748
leaf_weight=1464 40 174 186 226 148 72
leaf_count=1464 40 174 186 226 148 72
internal_value=1.56235e-06 -0.000164898 9.47463e-07 0.000761028 0.000957634 -0.00126831
internal_weight=2310 1896 1650 414 374 246
internal_count=2310 1896 1650 414 374 246
is_linear=0
shrinkage=0.04


Tree=25
num_leaves=7
num_cat=0
split_feature=95 94 40 13 46 99
split_gain=0.174653 0.170778 0.221705 0.189157 0.0929376 0.0626174
threshold=1.7422086027224397 0.53899585993266408 -0.5011207189811232 -0.26916394640620261 0.77043500398330622 0.55461296570142149
decision_type=2 2 2 2 2 2
left_child=1 2 -1 -3 5 -2
right_child=4 3 -4 -5 -6 -7
leaf_value=-0.00073636604971933164 0.00075522266080482834 0.00082554483702356211 0.00034301909832637012 -0.0011999438470581311 -0.00010852900927023835 0.0025348278672166474
leaf_weight=399 60 91 1263 362 64 71
leaf_count=399 60 91 1263 362 64 71
internal_value=1.44282e-06 -0.000104567 8.33151e-05 -0.000791217 0.00114063 0.00174336
internal_weight=2310 2115 1662 453 195 131
internal_count=2310 2115 1662 453 195 131
is_linear=0
shrinkage=0.04


Tree=26
num_leaves=7
num_cat=0
split_feature=37 39 45 41 107 44
split_gain=0.171368 0.185992 0.172888 0.118103 0.0987577 0.0721078
threshold=1.0973117179318461 0.63312060826603644 1.226285220492344 -1.0034079527192001 0.50785111140851469 -0.78236736072478941
decision_type=2 2 2 2 2 2
left_child=1 2 -1 -2 -3 -5
right_child=3 4 -4 5 -6 -7
leaf_value=-0.00013807814438287968 0.0028544930636971479 -0.00052836110705961506 0.0010452824729671169 -0.0007073247812590317 -0.0021512195605464515 0.00089884256245568398
leaf_weight=1520 40 165 225 55 94 211
leaf_count=1520 40 165 225 55 94 211
internal_value=1.46863e-06 -0.000133414 1.55262e-05 0.00087995 -0.00112932 0.00056394
internal_weight=2310 2004 1745 306 259 266
internal_count=2310 2004 1745 306 259 266
is_linear=0
shrinkage=0.04


Tree=27
num_leaves=6
num_cat=0
split_feature=35 61 120 53 63
split_gain=0.172772 0.172341 0.14393 0.0770047 0.0752616
threshold=0.94854217267500018 -1.1548767187802091 -0.59716704973595647 -1.0000000180025095e-35 -0.70172274647587118
decision_type=2 2 2 2 2
left_child=1 4 -3 -2 -1
right_child=3 2 -4 -5 -6
leaf_value=0.0026753099777159241 -0.0004869468875454161 -0.00077867237036116426 0.00011789169033940385 -0.0026255690921270463 0.00077261483738214586
leaf_weight=40 56 345 1641 52 176
leaf_count=40 56 345 1641 52 176
internal_value=1.45396e-06 7.86684e-05 -3.84825e-05 -0.00154567 0.00114628
internal_weight=2310 2202 1986 108 216
internal_count=2310 2202 1986 108 216
is_linear=0
shrinkage=0.04


Tree=28
num_leaves=7
num_cat=0
split_feature=83 113 123 46 7 7
split_gain=0.158138 0.18773 0.119856 0.0835008 0.083397 0.0636391
threshold=0.84776271587850183 0.79613060020927995 0.73090092669704598 -1.6612955934226286 0.31429768734005104 0.56760367240235621
decision_type=2 2 2 2 2 2
left_child=1 2 -1 -2 -5 -3
right_child=3 5 -4 4 -6 -7
leaf_value=0.0001227372895815182 -0.00099354355751226351 -0.0015894933848308443 -0.00095004729194655773 0.0003133071302252166 0.0015094676844839322 -0.00017262920447801415
leaf_weight=1464 40 174 186 194 180 72
leaf_count=1464 40 174 186 194 180 72
internal_value=1.38454e-06 -0.000153425 8.01438e-07 0.000707698 0.000893966 -0.00117954
internal_weight=2310 1896 1650 414 374 246
internal_count=2310 1896 1650 414 374 246
is_linear=0
shrinkage=0.04


Tree=29
num_leaves=7
num_cat=0
split_feature=35 95 119 25 125 124
split_gain=0.159819 0.172239 0.123604 0.0923297 0.0679165 0.0634024
threshold=0.89206339369642695 1.5166196616954819 0.46849212171323212 -1.1865187170564597 0.45901471348320105 -0.15164823804163705
decision_type=2 2 2 2 2 2
left_child=1 2 -1 -3 5 -2
right_child=4 3 -4 -5 -6 -7
leaf_value=-0.00024477883104792548 -0.00083089797395044572 -0.00022020701933733858 0.0004377418326507525 0.001681681687062207 0.00011893394181416148 -0.0028328138270287541
leaf_weight=1340 55 55 619 152 40 49
leaf_count=1340 55 55 619 152 40 49
internal_value=1.26825e-06 8.75331e-05 -2.88911e-05 0.00117908 -0.00127972 -0.00180976
internal_weight=2310 2166 1959 207 144 104
internal_count=2310 2166 1959 207 144 104
is_linear=0
shrinkage=0.04


Tree=30
num_leaves=6
num_cat=0
split_feature=35 95 76 53 25
split_gain=0.147739 0.158886 0.158582 0.0913569 0.0852018
threshold=0.89206339369642695 1.5166196616954819 0.3879666408707802 -1.0000000180025095e-35 -1.1865187170564597
decision_type=2 2 2 2 2
left_child=1 2 -1 -2 -3
right_child=3 4 -4 -5 -6
leaf_value=0.00018953488196761574 -0.00018243289960082621 -0.00021170778692242476 -0.00062271435077141388 -0.0021909776179266996 0.0016152880259739635
leaf_weight=1436 70 55 523 74 152
leaf_count=1436 70 55 523 74 152
internal_value=1.15211e-06 8.40928e-05 -2.77276e-05 -0.00123048 0.00113247
internal_weight=2310 2166 1959 144 207
internal_count=2310 2166 1959 144 207
is_linear=0
shrinkage=0.04


Tree=31
num_leaves=8
num_cat=0
split_feature=113 9 37 68 45 76 68
split_gain=0.14361 0.141298 0.137972 0.13698 0.11391 0.105457 0.0319989
threshold=0.79613060020927995 -0.58497144538833579 1.0973117179318461 -0.21166162750017112 0.95066825820888845 1.0765887500963662 0.16204026259979545
decision_type=2 2 2 2 2 2 2
left_child=2 6 3 -1 -3 -4 -2
right_child=1 4 5 -5 -6 -7 -8
leaf_value=0.00042955211843687932 -0.00022165220527147703 -0.0015983139187655062 0.0018370614272897087 -0.00029260415009159103 0.0003846818166784942 0.0001093281016773766 0.0012355147679971362
leaf_weight=731 42 216 124 983 58 103 53
leaf_count=731 42 216 124 983 58 103 53
internal_value=1.05748e-06 -0.000720083 0.000138752 1.55283e-05 -0.00117881 0.00106091 0.000600006
internal_weight=2310 369 1941 1714 274 227 95
internal_count=2310 369 1941 1714 274 227 95
is_linear=0
shrinkage=0.04


Tree=32
num_leaves=6
num_cat=0
split_feature=35 95 64 25 53
split_gain=0.136934 0.145422 0.146322 0.0759258 0.0488654
threshold=0.98462485084346596 1.5166196616954819 1.0777530669315161 -1.1865187170564597 -1.0000000180025095e-35
decision_type=2 2 2 2 2
left_child=1 2 -1 -3 -2
right_child=4 3 -4 -5 -6
leaf_value=-0.00012460833825871784 -0.00054126779687531455 -0.00022215659378848056 0.0013695108267763915 0.0014932808750872937 -0.0024166915106012465
leaf_weight=1898 45 55 109 158 45
leaf_count=1898 45 55 109 158 45
internal_value=1.08036e-06 6.36912e-05 -4.21803e-05 0.00105238 -0.00151113
internal_weight=2310 2220 2007 213 90
internal_count=2310 2220 2007 213 90
is_linear=0
shrinkage=0.04


Tree=33
num_leaves=7
num_cat=0
split_feature=83 113 94 46 114 45
split_gain=0.134753 0.155167 0.111849 0.0745864 0.0737494 0.0594945
threshold=0.84776271587850183 0.79613060020927995 0.54349065306219868 -1.6612955934226286 0.725481784233034 0.95066825820888845
decision_type=2 2 2 2 2 2
left_child=1 2 -1 -2 -5 -3
right_child=3 5 -4 4 -6 -7
leaf_value=0.0001733717689592925 -0.00095449138565787252 -0.0013587365647970994 -0.0006198050267045539 0.0011686385084261101 -9.3486941401457906e-05 0.00026662965636286472
leaf_weight=1287 40 203 363 273 101 43
leaf_count=1287 40 203 363 273 101 43
internal_value=1.02185e-06 -0.000141884 -1.66624e-06 0.000653024 0.000829113 -0.00107477
internal_weight=2310 1896 1650 414 374 246
internal_count=2310 1896 1650 414 374 246
is_linear=0
shrinkage=0.04


Tree=34
num_leaves=6
num_cat=0
split_feature=35 95 64 25 100
split_gain=0.125383 0.133149 0.133689 0.0727945 0.0443139
threshold=0.94854217267500018 1.5166196616954819 1.0777530669315161 -1.1865187170564597 0.71335710780565798
decision_type=2 2 2 2 2
left_child=1 2 -1 -3 -2
right_child=4 3 -4 -5 -6
leaf_value=-0.00011294244474896204 -0.00062597626667302935 -0.00022495652794053678 0.0013340878495526137 0.0014586343197152019 -0.002287427181843668
leaf_weight=1886 65 55 106 155 43
leaf_count=1886 65 55 106 155 43
internal_value=9.31914e-07 6.67102e-05 -3.4681e-05 0.00101973 -0.00131704
internal_weight=2310 2202 1992 210 108
internal_count=2310 2202 1992 210 108
is_linear=0
shrinkage=0.04


Tree=35
num_leaves=8
num_cat=0
split_feature=83 113 94 41 69 114 83
split_gain=0.122826 0.141787 0.102986 0.0746257 0.0569653 0.0543823 0.0207642
threshold=0.84776271587850183 0.79613060020927995 0.54349065306219868 -0.87137013055747736 0.69849390798737565 0.90049375613513161 1.3174644711828738
decision_type=2 2 2 2 2 2 2
left_child=1 2 -1 6 -3 -5 -2
right_child=3 4 -4 5 -6 -7 -8
leaf_value=0.00016644011631211552 0.00095752330776304004 -0.0013886155788481358 -0.00059466449402306384 0.00061034271548489056 -9.8053959490203142e-06 -0.00061982032026474678 0.0022073246777290479
leaf_weight=1287 48 181 363 247 65 73 46
leaf_count=1287 48 181 363 247 65 73 46
internal_value=8.78771e-07 -0.000135556 -1.52012e-06 0.000623357 -0.00102731 0.000327605 0.00160237
internal_weight=2310 1896 1650 414 246 320 94
internal_count=2310 1896 1650 414 246 320 94
is_linear=0
shrinkage=0.04


Tree=36
num_leaves=7
num_cat=0
split_feature=37 39 45 41 35 107
split_gain=0.118796 0.151651 0.158308 0.0970241 0.0779785 0.0710248
threshold=1.0973117179318461 0.63312060826603644 1.226285220492344 -1.0034079527192001 -0.50245445953304524 0.50785111140851469
decision_type=2 2 2 2 2 2
left_child=1 2 -1 -2 -5 -3
right_child=3 5 -4 4 -6 -7
leaf_value=-0.00012392889274739617 0.0025212791411294822 -0.00050019943309058358 0.0010084377673951015 -0.00024783346109740834 0.001114021417715444 -0.0018776912279524064
leaf_weight=1520 40 165 225 131 135 94
leaf_count=1520 40 165 225 131 135 94
internal_value=8.89595e-07 -0.000111414 2.30656e-05 0.000732314 0.000446489 -0.0010107
internal_weight=2310 2004 1745 306 266 259
internal_count=2310 2004 1745 306 266 259
is_linear=0
shrinkage=0.04


Tree=37
num_leaves=6
num_cat=0
split_feature=35 61 76 53 63
split_gain=0.116622 0.116977 0.138171 0.0749658 0.0719664
threshold=0.89206339369642695 -1.1548767187802091 0.38301560218602881 -1.0000000180025095e-35 -0.70172274647587118
decision_type=2 2 2 2 2
left_child=1 4 -3 -2 -1
right_child=3 2 -4 -5 -6
leaf_value=0.0024499850780037896 -0.00014460804258204817 0.00017988290087567749 -0.00058009913289327163 -0.0019633779918627912 0.00059162809486900064
leaf_weight=40 70 1433 520 74 173
leaf_count=40 70 1433 520 74 173
internal_value=9.1955e-07 7.461e-05 -2.28541e-05 -0.00109335 0.000960159
internal_weight=2310 2166 1953 144 213
internal_count=2310 2166 1953 144 213
is_linear=0
shrinkage=0.04


Tree=38
num_leaves=7
num_cat=0
split_feature=84 94 64 37 41 13
split_gain=0.108705 0.141928 0.248058 0.13336 0.048012 0.0446391
threshold=1.3551883535861589 0.53899585993266408 0.75883142389032765 1.0831635038707599 -0.87137013055747736 1.3084063424665382
decision_type=2 2 2 2 2 2
left_child=1 3 -3 -1 -2 -6
right_child=4 2 -4 -5 5 -7
leaf_value=-8.3360525307214121e-06 0.0017706113789063239 -0.0011834853561481587 0.0012114327910984326 0.0015058205001093825 3.9461179002156034e-05 0.0015280303272108236
leaf_weight=1553 62 357 84 97 114 43
leaf_count=1553 62 357 84 97 114 43
internal_value=9.01226e-07 -8.81865e-05 -0.000723901 8.23933e-05 0.000844606 0.000461251
internal_weight=2310 2091 441 1650 219 157
internal_count=2310 2091 441 1650 219 157
is_linear=0
shrinkage=0.04


Tree=39
num_leaves=8
num_cat=0
split_feature=114 45 60 63 26 40 63
split_gain=0.107854 0.172858 0.124855 0.142109 0.112712 0.108399 0.0596956
threshold=0.70801658249201427 1.0439087856056106 -0.2161761458821958 -0.59480802658588339 0.47614184856574876 -1.0279477716191043 0.1254319997168106
decision_type=2 2 2 2 2 2 2
left_child=2 4 3 -1 -2 -4 -3
right_child=1 6 5 -5 -6 -7 -8
leaf_value=0.0015610148887716638 -0.00068539334436018887 0.0018370895043370271 0.0018796434220192688 0.00021566628400850282 -0.0027264320946632148 -0.00018498672723999237 -0.00023958281832165085
leaf_weight=164 128 40 40 520 65 1307 46
leaf_count=164 128 40 40 520 65 1307 46
internal_value=1.03346e-06 -0.000733503 0.00010256 0.000541846 -0.0013937 -0.00012098 0.000746111
internal_weight=2310 279 2031 684 193 1347 86
internal_count=2310 279 2031 684 193 1347 86
is_linear=0
shrinkage=0.04


Tree=40
num_leaves=6
num_cat=0
split_feature=35 95 64 25 53
split_gain=0.104434 0.103739 0.118721 0.0667872 0.065602
threshold=0.89206339369642695 1.5166196616954819 1.0777530669315161 -1.1865187170564597 -1.0000000180025095e-35
decision_type=2 2 2 2 2
left_child=1 2 -1 -3 -2
right_child=4 3 -4 -5 -6
leaf_value=-9.4245104425224642e-05 -0.00014659808028732693 -0.00026963152706198265 0.0012760174550468573 0.0013455289181974995 -0.001848368333211463
leaf_weight=1854 70 55 105 152 74
leaf_count=1854 70 55 105 152 74
internal_value=1.04946e-06 7.07829e-05 -1.95742e-05 0.000917906 -0.00103446
internal_weight=2310 2166 1959 207 144
internal_count=2310 2166 1959 207 144
is_linear=0
shrinkage=0.04


Tree=41
num_leaves=7
num_cat=0
split_feature=107 11 40 40 53 35
split_gain=0.100943 0.15973 0.102208 0.135434 0.0729519 0.0710149
threshold=-0.47805524479299671 0.57209169545012972 -1.0279477716191043 -0.5011207189811232 0.25000000000000006 -0.55299602045574636
decision_type=2 2 2 2 2 2
left_child=1 5 -2 -4 -3 -1
right_child=2 4 3 -5 -6 -7
leaf_value=-9.9813458590727798e-05 0.0017988274428283886 0.00037368734189797016 -0.0008781119825251539 -1.1117712760545713e-05 -0.0017814857318567542 0.0010483145831899606
leaf_weight=113 40 40 366 1331 63 357
leaf_count=113 40 40 366 1331 63 357
internal_value=1.01657e-06 0.00046046 -0.0001509 -0.00019892 -0.00095335 0.000773022
internal_weight=2310 573 1737 1697 103 470
internal_count=2310 573 1737 1697 103 470
is_linear=0
shrinkage=0.04


Tree=42
num_leaves=7
num_cat=0
split_feature=83 113 123 46 14 26
split_gain=0.0976272 0.112706 0.101495 0.0653889 0.0713578 0.0526824
threshold=0.84776271587850183 0.71040107436953881 0.73090092669704598 -1.6612955934226286 0.62841515098976997 0.63016958792524236
decision_type=2 2 2 2 2 2
left_child=1 2 -1 -2 -5 -3
right_child=3 5 -4 4 -6 -7
leaf_value=0.00012040749402446793 -0.00094800124610108988 -0.00046822517457851431 -0.00087490499611453127 0.00051680215071847743 0.0022382155205493541 -0.0016433964643667463
leaf_weight=1437 40 185 183 332 42 91
leaf_count=1437 40 185 183 332 42 91
internal_value=9.91492e-07 -0.000120645 7.03388e-06 0.000555955 0.000720993 -0.000864727
internal_weight=2310 1896 1620 414 374 276
internal_count=2310 1896 1620 414 374 276
is_linear=0
shrinkage=0.04


Tree=43
num_leaves=6
num_cat=0
split_feature=35 84 64 47 96
split_gain=0.0947734 0.0989769 0.104514 0.0494784 0.0273898
threshold=0.98462485084346596 1.3551883535861589 0.8944384307334089 -0.34473349874417786 0.26428783741073919
decision_type=2 2 2 2 2
left_child=1 2 -1 -3 -2
right_child=4 3 -4 -5 -6
leaf_value=-0.00011683631915519701 -0.00059546344228482884 -0.00030657723505535852 0.00096428618483966405 0.0011881533008237879 -0.0020164961649459744
leaf_weight=1857 50 44 153 166 40
leaf_count=1857 50 44 153 166 40
internal_value=9.15184e-07 5.30031e-05 -3.36652e-05 0.000875034 -0.00125714
internal_weight=2310 2220 2010 210 90
internal_count=2310 2220 2010 210 90
is_linear=0
shrinkage=0.04


Tree=44
num_leaves=8
num_cat=0
split_feature=114 45 60 100 63 66 64
split_gain=0.0950204 0.154665 0.108124 0.13786 0.128709 0.0967418 0.0599548
threshold=0.70801658249201427 1.0439087856056106 -0.2161761458821958 -0.14729254419385171 -0.59480802658588339 0.31075172026340564 0.25532053456570775
decision_type=2 2 2 2 2 2 2
left_child=2 5 4 -4 -1 -2 -3
right_child=1 6 3 -5 -6 -7 -8
leaf_value=0.0014748450883465022 -0.00063448209387037579 0.0016658006538636983 0.00031928777488212317 -0.00049056978239197776 0.00019456576118880207 -0.002506827650857823 -0.00041424866643778629
leaf_weight=164 125 46 630 717 520 68 40
leaf_count=164 125 46 630 717 520 68 40
internal_value=8.48027e-07 -0.000688602 9.61426e-05 -0.000111883 0.000504938 -0.00131311 0.000710909
internal_weight=2310 279 2031 1347 684 193 86
internal_count=2310 279 2031 1347 684 193 86
is_linear=0
shrinkage=0.04


Tree=45
num_leaves=7
num_cat=0
split_feature=107 11 40 40 53 123
split_gain=0.0898244 0.144661 0.0922142 0.123777 0.0665809 0.052003
threshold=-0.47805524479299671 0.57209169545012972 -1.0279477716191043 -0.5011207189811232 0.25000000000000006 0.34195098629873472
decision_type=2 2 2 2 2 2
left_child=1 5 -2 -4 -3 -1
right_child=2 4 3 -5 -6 -7
leaf_value=0.00093967942648161349 0.0017094468043762304 0.00035655289267500244 -0.00083742178439063966 -8.5828910171388265e-06 -0.0017023792120520599 -0.00011360789600171541
leaf_weight=377 40 40 366 1331 63 93
leaf_count=377 40 40 366 1331 63 93
internal_value=8.00554e-07 0.000434202 -0.000142505 -0.000188118 -0.000911233 0.000731665
internal_weight=2310 573 1737 1697 103 470
internal_count=2310 573 1737 1697 103 470
is_linear=0
shrinkage=0.04


Tree=46
num_leaves=7
num_cat=0
split_feature=64 83 107 112 35 66
split_gain=0.0878064 0.149702 0.121235 0.110187 0.0967496 0.0142775
threshold=0.8944384307334089 -0.72109265346935736 -0.67111224321688956 0.041477759166905596 0.07257305396514134 0.19085855097666696
decision_type=2 2 2 2 2 2
left_child=1 4 -3 -2 -1 -5
right_child=3 2 -4 5 -6 -7
leaf_value=-0.002030687729250834 -0.00023071501644437092 0.00075778185960148603 -9.9857578409174306e-05 0.0024060429785898781 -0.00023402536398439548 0.0012655418566282605
leaf_weight=94 75 312 1645 41 97 46
leaf_count=94 75 312 1645 41 97 46
internal_value=7.80424e-07 -6.72728e-05 3.75079e-05 0.000892932 -0.00113013 0.00184501
internal_weight=2310 2148 1957 162 191 87
internal_count=2310 2148 1957 162 191 87
is_linear=0
shrinkage=0.04


Tree=47
num_leaves=6
num_cat=0
split_feature=35 40 11 106 53
split_gain=0.085525 0.0910376 0.179768 0.154133 0.0426692
threshold=0.94854217267500018 0.84423193260181328 0.37439075578574649 0.94941230361492257 -1.0000000180025095e-35
decision_type=2 2 2 2 2
left_child=1 3 -3 -1 -2
right_child=4 2 -4 -5 -6
leaf_value=6.8721896055009185e-05 -0.00030222506149961002 0.0013738647204272919 -0.0010209426585831404 -0.0012162457385951756 -0.0018910784122999759
leaf_weight=1783 56 192 66 161 52
leaf_count=1783 56 192 66 161 52
internal_value=8.12671e-07 5.51389e-05 0.000758099 -3.88384e-05 -0.0010877
internal_weight=2310 2202 258 1944 108
internal_count=2310 2202 258 1944 108
is_linear=0
shrinkage=0.04


Tree=48
num_leaves=8
num_cat=0
split_feature=114 45 83 4 64 46 64
split_gain=0.0854482 0.141802 0.0995983 0.0913017 0.0892621 0.0718874 0.0549136
threshold=0.70801658249201427 1.0439087856056106 0.83702415658247198 0.23321420835894943 0.96636474081501744 -0.79742372151596941 0.25532053456570775
decision_type=2 2 2 2 2 2 2
left_child=2 3 4 -2 -1 -4 -3
right_child=1 6 5 -5 -6 -7 -8
leaf_value=-0.00010660715443654021 -0.00057797926302999259 0.0016006458405172454 -0.00079258308346782415 -0.0023850263496731513 0.0010030957504455001 0.00099740321077582128 -0.00039022905872635811
leaf_weight=1605 123 46 40 70 123 263 40
leaf_count=1605 123 46 40 70 123 263 40
internal_value=6.76777e-07 -0.000653124 9.10441e-05 -0.00125112 -2.65496e-05 0.000757454 0.000686834
internal_weight=2310 279 2031 193 1728 303 86
internal_count=2310 279 2031 193 1728 303 86
is_linear=0
shrinkage=0.04


Tree=49
num_leaves=7
num_cat=0
split_feature=35 83 64 46 53 114
split_gain=0.0800212 0.0843852 0.137081 0.10617 0.0727794 0.0668879
threshold=0.86651571157746476 -0.58979208458605126 0.94779701904027303 0.37696457789966359 -1.0000000180025095e-35 -0.42424971332349121
decision_type=2 2 2 2 2 2
left_child=1 2 -1 -3 -2 -6
right_child=4 3 -4 -5 5 -7
leaf_value=-0.00084840303921187134 3.2906435371842236e-05 -1.548125562387028e-05 0.0016047809730904798 0.00066943003000341115 -0.00043340157296153757 -0.0026957162161884104
leaf_weight=279 78 1334 40 495 40 44
leaf_count=279 78 1334 40 495 40 44
internal_value=6.2717e-07 6.55922e-05 -0.000532712 0.000170412 -0.000851057 -0.00165356
internal_weight=2310 2148 319 1829 162 84
internal_count=2310 2148 319 1829 162 84
is_linear=0
shrinkage=0.04


Tree=50
num_leaves=8
num_cat=0
split_feature=114 45 40 106 40 26 64
split_gain=0.0801451 0.128744 0.0978326 0.161654 0.123808 0.0872124 0.0509637
threshold=0.70801658249201427 1.0439087856056106 -0.5011207189811232 -0.47300909430929389 -1.0279477716191043 0.54459692206528343 0.25532053456570775
decision_type=2 2 2 2 2 2 2
left_child=2 5 4 -4 -1 -2 -3
right_child=1 6 3 -5 -6 -7 -8
leaf_value=0.0016268882612209944 -0.00064770309616246126 0.0015247591811688231 0.0010186390146274395 2.695087787482872e-05 -0.00065909562167659947 -0.0025226538634875364 -0.00039266193163625543
leaf_weight=40 138 46 330 1266 395 55 40
leaf_count=40 138 46 330 1266 395 55 40
internal_value=5.43749e-07 -0.000632644 8.80621e-05 0.000233017 -0.000442407 -0.00120241 0.00064428
internal_weight=2310 279 2031 1596 435 193 86
internal_count=2310 279 2031 1596 435 193 86
is_linear=0
shrinkage=0.04


Tree=51
num_leaves=8
num_cat=0
split_feature=113 9 95 120 69 46 42
split_gain=0.0747971 0.0792904 0.0761989 0.12488 0.0761795 0.0635094 0.0274263
threshold=0.71040107436953881 -0.6371987086169405 1.5166196616954819 -1.3381748201805574 0.69849390798737565 0.77043500398330622 -0.29430706537242318
decision_type=2 2 2 2 2 2 2
left_child=2 6 3 -1 -3 -4 -2
right_child=1 4 5 -5 -6 -7 -8
leaf_value=-0.0011334357057259602 -0.00014201124730773204 -0.0012501798525389627 0.0013341073373290288 0.00012484247870754115 0.0001015896327327937 -0.00044998830813795419 0.0011547548917825428
leaf_weight=135 55 205 130 1599 98 41 47
leaf_count=135 55 205 130 1599 98 41 47
internal_value=5.21138e-07 -0.000491744 0.000105582 2.56867e-05 -0.000815175 0.000906085 0.000466234
internal_weight=2310 405 1905 1734 303 171 102
internal_count=2310 405 1905 1734 303 171 102
is_linear=0
shrinkage=0.04


Tree=52
num_leaves=7
num_cat=0
split_feature=107 11 40 40 35 53
split_gain=0.0751012 0.125168 0.0769738 0.103052 0.0599226 0.0575581
threshold=-0.47805524479299671 0.57209169545012972 -1.0279477716191043 -0.5011207189811232 -0.55299602045574636 0.25000000000000006
decision_type=2 2 2 2 2 2
left_child=1 4 -2 -4 -1 -3
right_child=2 5 3 -5 -6 -7
leaf_value=-0.00012770814958797848 0.00156146518353905 0.00032438919566283447 -0.00076467557160996252 -8.3994152087617635e-06 0.00092639863619877253 -0.0015902104139901125
leaf_weight=113 40 40 366 1331 357 63
leaf_count=113 40 40 366 1331 357 63
internal_value=4.91284e-07 0.000396785 -0.000130544 -0.000172217 0.000673497 -0.00085466
internal_weight=2310 573 1737 1697 470 103
internal_count=2310 573 1737 1697 470 103
is_linear=0
shrinkage=0.04


Tree=53
num_leaves=5
num_cat=0
split_feature=76 37 122 106
split_gain=0.0741786 0.0989793 0.0941166 0.0701603
threshold=1.9487137687407663 1.0973117179318461 0.26651518476531294 0.041016061157856144
decision_type=2 2 2 2
left_child=1 2 -1 -3
right_child=-2 3 -4 -5
leaf_value=0.00013849395396580097 -0.0016262054326944054 -0.00043525577923999383 -0.00043468699566242755 0.0010667663777212306
leaf_weight=1272 42 63 714 219
leaf_count=1272 42 63 714 219
internal_value=4.82748e-07 3.20128e-05 -6.78041e-05 0.000730506
internal_weight=2310 2268 1986 282
internal_count=2310 2268 1986 282
is_linear=0
shrinkage=0.04


Tree=54
num_leaves=7
num_cat=0
split_feature=64 83 107 112 28 13
split_gain=0.070076 0.123595 0.100025 0.0958914 0.0347757 0.0136574
threshold=0.8944384307334089 -0.72109265346935736 -0.67111224321688956 0.041477759166905596 0.41444273883587518 0.26284578951977305
decision_type=2 2 2 2 2 2
left_child=1 4 -3 -2 -1 -5
right_child=3 2 -4 5 -6 -7
leaf_value=-0.0006397126310250977 -0.0002499924932701767 0.00068906829255495144 -8.994285025018291e-05 0.0021567572869968655 -0.0018031507057862152 0.0010558453682322233
leaf_weight=130 75 312 1645 47 61 40
leaf_count=130 75 312 1645 47 61 40
internal_value=4.18771e-07 -6.03763e-05 3.48298e-05 0.000797422 -0.00102612 0.00168569
internal_weight=2310 2148 1957 162 191 87
internal_count=2310 2148 1957 162 191 87
is_linear=0
shrinkage=0.04


Tree=55
num_leaves=7
num_cat=0
split_feature=64 124 28 95 40 68
split_gain=0.0703032 0.111071 0.0810452 0.146138 0.125348 0.0743298
threshold=-0.87446826250480358 0.6664028170053542 0.3063994739338825 1.7991155240866032 0.56008051577381202 -0.25812392261253486
decision_type=2 2 2 2 2 2
left_child=1 5 4 -4 -2 -1
right_child=2 -3 3 -5 -6 -7
leaf_value=0.00077177425691237053 -4.6560825578617081e-05 0.0019474123841347237 -0.00067460482442527141 0.00083875960312647423 0.0011094229377071358 -0.00072698970621336572
leaf_weight=121 1132 70 604 121 171 91
leaf_count=121 1132 70 604 121 171 91
internal_value=4.40736e-07 0.000589901 -8.20261e-05 -0.000420417 0.000106613 0.000127655
internal_weight=2310 282 2028 725 1303 212
internal_count=2310 282 2028 725 1303 212
is_linear=0
shrinkage=0.04


Tree=56
num_leaves=8
num_cat=0
split_feature=27 113 69 64 117 98 36
split_gain=0.069767 0.0822609 0.0825235 0.0680585 0.0598851 0.0477803 0.0243321
threshold=-0.92841928420195508 0.79613060020927995 0.69849390798737565 1.1989535166314078 0.14379754059808456 0.54974557784352485 -0.73958623239517662
decision_type=2 2 2 2 2 2 2
left_child=4 3 -3 -2 5 -1 -6
right_child=1 2 -4 -5 6 -7 -8
leaf_value=-0.00055720010963387987 -2.297544537982337e-05 -0.0010675207370811183 0.00032310805454546093 0.0010888579109263035 0.00053993011605814995 0.0010366966026093887 0.0018234265948916827
leaf_weight=76 1667 228 96 91 40 47 65
leaf_count=76 1667 228 96 91 40 47 65
internal_value=5.34498e-07 -7.24316e-05 -0.000656028 3.57487e-05 0.000661666 5.86922e-05 0.00135371
internal_weight=2310 2082 324 1758 228 123 105
internal_count=2310 2082 324 1758 228 123 105
is_linear=0
shrinkage=0.04


Tree=57
num_leaves=8
num_cat=0
split_feature=83 45 114 33 41 63 83
split_gain=0.0676319 0.08902 0.124662 0.0963188 0.0589866 0.0444527 0.0145207
threshold=0.84776271587850183 2.2594059872764856 0.62426429110261783 0.020360324132464056 -0.87137013055747736 -0.95101827146329521 1.3677995334665947
decision_type=2 2 2 2 2 2 2
left_child=1 2 -1 -3 6 -6 -2
right_child=4 3 -4 -5 5 -7 -8
leaf_value=-8.0298917938508363e-05 0.00084370042095807468 -0.00039404188664868853 -0.0012311177117008338 0.0014203288210575477 0.0013663261723187235 1.0773519092234434e-05 0.0018957812161466412
leaf_weight=1538 53 76 165 117 43 277 41
leaf_count=1538 53 76 165 117 43 277 41
internal_value=6.22611e-07 -0.000100618 -0.000193113 0.000709148 0.00046253 0.000200281 0.00133252
internal_weight=2310 1896 1703 193 414 320 94
internal_count=2310 1896 1703 193 414 320 94
is_linear=0
shrinkage=0.04


Tree=58
num_leaves=7
num_cat=0
split_feature=35 83 35 46 100 118
split_gain=0.0688774 0.0715734 0.127341 0.0919438 0.0433576 0.0454855
threshold=0.86651571157746476 -0.58979208458605126 -0.12579287680675316 0.37696457789966359 0.12012634688912215 0.12208363297405919
decision_type=2 2 2 2 2 2
left_child=1 2 -1 -3 -2 -6
right_child=4 3 -4 -5 5 -7
leaf_value=-0.0015636239943029196 -7.0218872401471197e-05 -1.5452961749202904e-05 0.00010027933745471199 0.00062192068306656119 -0.0023226462708526227 -0.00049501687934508127
leaf_weight=112 74 1334 207 495 41 47
leaf_count=112 74 1334 207 495 41 47
internal_value=7.30284e-07 6.10022e-05 -0.000490015 0.000157537 -0.000789428 -0.00137922
internal_weight=2310 2148 319 1829 162 88
internal_count=2310 2148 319 1829 162 88
is_linear=0
shrinkage=0.04


Tree=59
num_leaves=5
num_cat=0
split_feature=76 37 68 44
split_gain=0.0652761 0.0827573 0.0853466 0.0507807
threshold=1.9487137687407663 1.0973117179318461 -0.20703430394508399 -0.80575743858496385
decision_type=2 2 2 2
left_child=1 2 -1 -3
right_child=-2 3 -4 -5
leaf_value=0.00023921948445367467 -0.0015253850917162544 -0.00043411210022697392 -0.00028959469634880398 0.00092566085347373572
leaf_weight=858 42 53 1128 229
leaf_count=858 42 53 1128 229
internal_value=5.71495e-07 3.0149e-05 -6.11234e-05 0.000668843
internal_weight=2310 2268 1986 282
internal_count=2310 2268 1986 282
is_linear=0
shrinkage=0.04


Tree=60
num_leaves=5
num_cat=0
split_feature=88 119 41 40
split_gain=0.0621361 0.0728835 0.140734 0.0913838
threshold=3.3246331733159136 0.46849212171323212 -0.49128717114645587 0.92381421218821769
decision_type=2 2 2 2
left_child=1 3 -3 -1
right_child=-2 2 -4 -5
leaf_value=-0.00029453937386510984 0.0014400616111952139 0.001308263547225632 -1.325023895706769e-05 0.00062867196158289775
leaf_weight=1378 45 169 524 194
leaf_count=1378 45 169 524 194
internal_value=5.11118e-07 -2.93344e-05 0.000311861 -0.000179952
internal_weight=2310 2265 693 1572
internal_count=2310 2265 693 1572
is_linear=0
shrinkage=0.04


Tree=61
num_leaves=7
num_cat=0
split_feature=35 40 14 106 125 37
split_gain=0.0632589 0.0663389 0.198896 0.139455 0.0511181 0.043665
threshold=0.86651571157746476 0.84423193260181328 -0.0046725599006226838 0.94941230361492257 0.52897180695055768 -0.67832723202833389
decision_type=2 2 2 2 2 2
left_child=1 3 -3 -1 5 -2
right_child=4 2 -4 -5 -6 -7
leaf_value=8.1974631297054168e-05 -6.766269693062419e-05 0.0017205605777015271 -0.00053979058401722809 -0.0011484038807162134 0.00046686950206224412 -0.0016768698180870466
leaf_weight=1742 40 132 115 159 40 82
leaf_count=1742 40 132 115 159 40 82
internal_value=5.96874e-07 5.83583e-05 0.000672288 -2.20332e-05 -0.000756649 -0.00115886
internal_weight=2310 2148 247 1901 162 122
internal_count=2310 2148 247 1901 162 122
is_linear=0
shrinkage=0.04


Tree=62
num_leaves=8
num_cat=0
split_feature=27 64 106 112 117 11 36
split_gain=0.0603996 0.0734241 0.0892471 0.0834266 0.0525632 0.039647 0.0246974
threshold=-0.92841928420195508 0.8944384307334089 1.6326646671228737 0.041477759166905596 0.1005520491702234 -0.14880401413674563 -0.75084277854509041
decision_type=2 2 2 2 2 2 2
left_child=4 2 -2 -3 5 -1 -6
right_child=1 3 -4 -5 6 -7 -8
leaf_value=-0.00072361263237356898 -8.2299068887467188e-05 -0.00027730715329692303 -0.0015474583374579314 0.0015810719308104704 0.00041615566434704182 0.00073073030586858271 0.0016689119914112844
leaf_weight=57 1861 68 67 86 41 59 71
leaf_count=57 1861 68 67 86 41 59 71
internal_value=5.32747e-07 -6.73584e-05 -0.000134766 0.000767454 0.000615681 1.59441e-05 0.00122566
internal_weight=2310 2082 1928 154 228 116 112
internal_count=2310 2082 1928 154 228 116 112
is_linear=0
shrinkage=0.04


Tree=63
num_leaves=5
num_cat=0
split_feature=40 40 68 106
split_gain=0.0599654 0.0946541 0.151518 0.146689
threshold=-1.0279477716191043 -0.5011207189811232 -0.30480478330830313 -0.036015566894238925
decision_type=2 2 2 2
left_child=-1 3 -3 -2
right_child=1 2 -4 -5
leaf_value=0.0014982141452353627 -0.00098455272975538381 0.00084052468676400433 -7.9196598106586521e-05 0.00070760593694550072
leaf_weight=40 323 353 1486 108
leaf_count=40 323 353 1486 108
internal_value=5.7255e-07 -2.71132e-05 9.80672e-05 -0.000559222
internal_weight=2310 2270 1839 431
internal_count=2310 2270 1839 431
is_linear=0
shrinkage=0.04


Tree=64
num_leaves=5
num_cat=0
split_feature=76 37 122 106
split_gain=0.059549 0.0709371 0.0785086 0.0593367
threshold=1.9487137687407663 1.0973117179318461 0.26651518476531294 0.041016061157856144
decision_type=2 2 2 2
left_child=1 2 -1 -3
right_child=-2 3 -4 -5
leaf_value=0.00013277414643453998 -0.001456860237839547 -0.00045078528156647314 -0.00039072333794422641 0.00092957437351847501
leaf_weight=1272 42 63 714 219
leaf_count=1272 42 63 714 219
internal_value=6.18251e-07 2.88684e-05 -5.56356e-05 0.000620193
internal_weight=2310 2268 1986 282
internal_count=2310 2268 1986 282
is_linear=0
shrinkage=0.04


Tree=65
num_leaves=7
num_cat=0
split_feature=64 124 46 64 106 112
split_gain=0.0571108 0.0998929 0.0666326 0.0661549 0.0909877 0.0749151
threshold=-0.87446826250480358 0.6664028170053542 0.33269680530516366 0.8944384307334089 1.6326646671228737 0.041477759166905596
decision_type=2 2 2 2 2 2
left_child=1 2 -1 4 -2 -5
right_child=3 -3 -4 5 -6 -7
leaf_value=-0.00041433404825306434 -8.4141445349095105e-05 0.0018191754563142443 0.0010661566538761396 -0.00022899599080733718 -0.0015063680401692788 0.0014817610480351729
leaf_weight=140 1793 70 72 75 73 87
leaf_count=140 1793 70 72 75 73 87
internal_value=5.5075e-07 0.000531834 9.37391e-05 -7.37771e-05 -0.000141334 0.00069661
internal_weight=2310 282 212 2028 1866 162
internal_count=2310 282 212 2028 1866 162
is_linear=0
shrinkage=0.04


Tree=66
num_leaves=7
num_cat=0
split_feature=82 117 41 40 63 7
split_gain=0.0573717 0.0754507 0.155393 0.101831 0.0701421 0.0403893
threshold=-0.71231738015395873 0.30070361941725676 -0.14604150928430218 1.4793331653679418 -0.26501900407056384 -0.339264010316363
decision_type=2 2 2 2 2 2
left_child=4 3 -3 -2 -1 -6
right_child=1 2 -4 -5 5 -7
leaf_value=-0.0016458271663704299 -0.00016863598223863598 0.0011405535684732187 -9.7435988707739247e-05 0.0015164206828825019 0.00047219081182912404 -0.00064926929438176252
leaf_weight=67 1316 278 385 58 88 118
leaf_count=67 1316 278 385 58 88 118
internal_value=6.02539e-07 7.37471e-05 0.00042353 -9.54048e-05 -0.000541735 -0.000170265
internal_weight=2310 2037 663 1374 273 206
internal_count=2310 2037 663 1374 273 206
is_linear=0
shrinkage=0.04


Tree=67
num_leaves=8
num_cat=0
split_feature=114 45 66 58 119 39 11
split_gain=0.0581657 0.0964359 0.0759191 0.075393 0.0836031 0.0764276 0.0415353
threshold=0.70801658249201427 1.0439087856056106 0.31075172026340564 0.28612831674425271 -0.40000423389789291 -0.65778832142964905 0.18900098143197389
decision_type=2 2 2 2 2 2 2
left_child=3 2 -2 5 -5 -1 -3
right_child=1 6 -4 4 -6 -7 -8
leaf_value=-0.00047378764576267102 -0.00043348418501495408 -0.00030973164387978612 -0.0020883177207516772 0.00072016826954431231 -0.00047377372464445998 0.00036933161004743919 0.0014169667588753831
leaf_weight=200 125 43 68 111 555 1165 43
leaf_count=200 125 43 68 111 555 1165 43
internal_value=5.98089e-07 -0.000538823 -0.00103197 7.51559e-05 -0.000273223 0.000245285 0.0005662
internal_weight=2310 279 193 2031 666 1365 86
internal_count=2310 279 193 2031 666 1365 86
is_linear=0
shrinkage=0.04


Tree=68
num_leaves=5
num_cat=0
split_feature=40 40 68 106
split_gain=0.0574224 0.0825654 0.141475 0.13049
threshold=-1.0279477716191043 -0.5011207189811232 -0.29651500913701184 -0.036015566894238925
decision_type=2 2 2 2
left_child=-1 3 -3 -2
right_child=1 2 -4 -5
leaf_value=0.0014660720143555887 -0.00092470003649001368 0.0008003610513047922 -8.2719985934650496e-05 0.0006712620751614767
leaf_weight=40 323 359 1480 108
leaf_count=40 323 359 1480 108
internal_value=5.3013e-07 -2.65622e-05 9.03527e-05 -0.00052353
internal_weight=2310 2270 1839 431
internal_count=2310 2270 1839 431
is_linear=0
shrinkage=0.04


Tree=69
num_leaves=8
num_cat=0
split_feature=83 35 46 35 46 53 118
split_gain=0.0553574 0.115785 0.0727344 0.0699503 0.0864796 0.084856 0.033206
threshold=-0.70646165458177801 -0.062801484772268087 0.094617356141573752 0.76438946283543729 0.36028098219302757 -1.0000000180025095e-35 0.67015553254707216
decision_type=2 2 2 2 2 2 2
left_child=1 6 -3 4 -2 -5 -1
right_child=3 2 -4 5 -6 -7 -8
leaf_value=-0.00093044443482017899 -2.1082671421410687e-05 0.0010696951927521322 -0.00068558072819210154 0.00018720606258319853 0.00059241069176360584 -0.0014373148361874672 -0.0025620461939944929
leaf_weight=45 1373 66 83 101 500 102 40
leaf_count=45 1373 66 83 101 500 102 40
internal_value=5.75717e-07 -0.000579966 9.57941e-05 6.65077e-05 0.000143147 -0.000635115 -0.0017395
internal_weight=2310 234 149 2076 1873 203 85
internal_count=2310 234 149 2076 1873 203 85
is_linear=0
shrinkage=0.04


Tree=70
num_leaves=5
num_cat=0
split_feature=76 33 28 63
split_gain=0.0544952 0.0630998 0.0828183 0.0436453
threshold=1.9487137687407663 -0.94464450744203377 0.057281561876651253 0.36166023953648047
decision_type=2 2 2 2
left_child=1 3 -3 -1
right_child=-2 2 -4 -5
leaf_value=0.0011772452767978452 -0.0013938392779197207 0.00018249593437382161 -0.00032662588107870125 -0.00010934483446886368
leaf_weight=120 42 1192 892 64
leaf_count=120 42 1192 892 64
internal_value=4.21646e-07 2.74466e-05 -3.55242e-05 0.000733372
internal_weight=2310 2268 2084 184
internal_count=2310 2268 2084 184
is_linear=0
shrinkage=0.04


Tree=71
num_leaves=5
num_cat=0
split_feature=88 119 41 95
split_gain=0.0537967 0.0588618 0.112387 0.0831784
threshold=3.3246331733159136 0.46849212171323212 -0.49128717114645587 1.7422086027224397
decision_type=2 2 2 2
left_child=1 3 -3 -1
right_child=-2 2 -4 -5
leaf_value=-0.00026558519276191617 0.0013398575113016239 0.0011696608936502114 -1.128952346971e-05 0.00065721865892225074
leaf_weight=1398 45 169 524 174
leaf_count=1398 45 169 524 174
internal_value=3.88512e-07 -2.7382e-05 0.000279243 -0.000162737
internal_weight=2310 2265 693 1572
internal_count=2310 2265 693 1572
is_linear=0
shrinkage=0.04


Tree=72
num_leaves=5
num_cat=0
split_feature=40 40 68 106
split_gain=0.0524371 0.0741537 0.127703 0.120607
threshold=-1.0279477716191043 -0.5011207189811232 -0.29651500913701184 -0.036015566894238925
decision_type=2 2 2 2
left_child=-1 3 -3 -2
right_child=1 2 -4 -5
leaf_value=0.0014009529994966994 -0.00088208516977521451 0.00075994831315432667 -7.9049454229869045e-05 0.00065219189489090985
leaf_weight=40 323 359 1480 108
leaf_count=40 323 359 1480 108
internal_value=4.72969e-07 -2.54166e-05 8.5383e-05 -0.000496389
internal_weight=2310 2270 1839 431
internal_count=2310 2270 1839 431
is_linear=0
shrinkage=0.04


Tree=73
num_leaves=8
num_cat=0
split_feature=27 122 53 87 117 98 36
split_gain=0.0506142 0.0603823 0.0749188 0.0626015 0.0418585 0.0424664 0.0229672
threshold=-0.92841928420195508 0.25516977714807704 1.0000000180025095e-35 -0.11215677221578374 0.1005520491702234 0.54974557784352485 -0.75084277854509041
decision_type=2 2 2 2 2 2 2
left_child=4 2 -2 -3 5 -1 -6
right_child=1 3 -4 -5 6 -7 -8
leaf_value=-0.00057606295491122227 0.00040506651830732272 -0.00072668620322023484 -0.00019859855910455296 -4.7470216539837239e-06 0.00033182748588990571 0.00096552431571019935 0.0015348029097646621
leaf_weight=71 656 359 656 411 41 45 71
leaf_count=71 656 359 656 411 41 45 71
internal_value=5.18131e-07 -6.16307e-05 0.000103391 -0.00034235 0.000563636 2.81953e-05 0.00110798
internal_weight=2310 2082 1312 770 228 116 112
internal_count=2310 2082 1312 770 228 116 112
is_linear=0
shrinkage=0.04


Tree=74
num_leaves=8
num_cat=0
split_feature=114 45 42 63 83 29 63
split_gain=0.0515017 0.0838245 0.0709097 0.0882965 0.0734302 0.0683537 0.0402328
threshold=0.70801658249201427 1.0439087856056106 0.56097582383711142 0.15120669005175899 -0.70646165458177801 -0.16928915916525497 0.1254319997168106
decision_type=2 2 2 2 2 2 2
left_child=2 5 4 -4 -1 -2 -3
right_child=1 6 3 -5 -6 -7 -8
leaf_value=-0.00063258178654706598 -0.0001542693592320733 0.0014195245558152065 -0.00086425047101197291 0.00019665975728135128 0.00029667449494174918 -0.0016602826138869637 -0.00028273244218629165
leaf_weight=149 90 40 253 246 1383 103 46
leaf_count=149 90 40 253 246 1383 103 46
internal_value=5.57307e-07 -0.000507023 7.07143e-05 -0.000342539 0.00020559 -0.000966782 0.000523283
internal_weight=2310 279 2031 499 1532 193 86
internal_count=2310 279 2031 499 1532 193 86
is_linear=0
shrinkage=0.04


Tree=75
num_leaves=5
num_cat=0
split_feature=76 40 14 106
split_gain=0.0494925 0.0578863 0.172682 0.107872
threshold=1.9487137687407663 0.92381421218821769 0.36685662138492153 0.93055818480459485
decision_type=2 2 2 2
left_child=1 3 -3 -1
right_child=-2 2 -4 -5
leaf_value=5.2212804013755863e-05 -0.00132824754554101 0.0012741401790608185 -0.00127554886590428 -0.00094838883820270168
leaf_weight=1858 42 167 55 188
leaf_count=1858 42 167 55 188
internal_value=4.76838e-07 2.62314e-05 0.000636712 -4.05655e-05
internal_weight=2310 2268 222 2046
internal_count=2310 2268 222 2046
is_linear=0
shrinkage=0.04


Tree=76
num_leaves=7
num_cat=0
split_feature=82 96 33 24 63 7
split_gain=0.0487202 0.0625488 0.16555 0.122355 0.062385 0.0345428
threshold=-0.71231738015395873 -0.44306343918019325 0.401796524130699 0.71981913494990846 -0.26501900407056384 -0.339264010316363
decision_type=2 2 2 2 2 2
left_child=4 2 -2 -3 -1 -6
right_child=1 3 -4 -5 5 -7
leaf_value=-0.0015406107610982398 -5.3838055201881601e-05 5.3783743204740937e-05 0.0015176333816125406 -0.0012020793105330086 0.0004448441795668461 -0.00059222955063645104
leaf_weight=67 325 1420 158 134 88 118
leaf_count=67 325 1420 158 134 88 118
internal_value=3.80744e-07 6.77852e-05 0.000464363 -5.59141e-05 -0.000499395 -0.00014919
internal_weight=2310 2037 483 1554 273 206
internal_count=2310 2037 483 1554 273 206
is_linear=0
shrinkage=0.04


Tree=77
num_leaves=8
num_cat=0
split_feature=114 45 7 40 106 63 64
split_gain=0.0478519 0.0762732 0.0664996 0.0610001 0.123376 0.0995551 0.0380292
threshold=0.70801658249201427 1.0439087856056106 -0.32840746435619111 -0.5011207189811232 -0.47300909430929389 0.038396574088618983 0.25532053456570775
decision_type=2 2 2 2 2 2 2
left_child=3 2 -2 5 -5 -1 -3
right_child=1 6 -4 4 -6 -7 -8
leaf_value=-0.0011224021630108158 0.00030296132449535125 0.0012551017365573594 -0.0013674806643919307 0.00086873984712651856 2.4155804082973089e-06 0.00012074503161617804 -0.0003994895036088392
leaf_weight=164 51 46 142 330 1266 271 40
leaf_count=164 51 46 142 330 1266 271 40
internal_value=3.18027e-07 -0.000488946 -0.000927489 6.79435e-05 0.000182406 -0.000350928 0.000493936
internal_weight=2310 279 193 2031 1596 435 86
internal_count=2310 279 193 2031 1596 435 86
is_linear=0
shrinkage=0.04


Tree=78
num_leaves=7
num_cat=0
split_feature=108 95 28 47 46 63
split_gain=0.0460389 0.0563113 0.09776 0.0473353 0.0460496 0.0312896
threshold=-1.1966838268742359 1.5166196616954819 0.40436399496005238 -0.48537467038720733 0.9286277085419542 -0.20231636169655626
decision_type=2 2 2 2 2 2
left_child=3 2 -2 -1 -3 -5
right_child=1 4 -4 5 -6 -7
leaf_value=-0.00042617085490686201 4.7953926192622156e-05 0.00089345885094300635 -0.00060013634604808778 0.0013831004352592255 -0.00033053670124426278 0.00026932638806388958
leaf_weight=58 1344 162 513 90 69 74
leaf_count=58 1344 162 513 90 69 74
internal_value=2.93558e-07 -5.81173e-05 -0.000131535 0.000545285 0.000528151 0.000889844
internal_weight=2310 2088 1857 222 231 164
internal_count=2310 2088 1857 222 231 164
is_linear=0
shrinkage=0.04


Tree=79
num_leaves=6
num_cat=0
split_feature=16 28 89 82 105
split_gain=0.0471842 0.0524048 0.0951181 0.0864913 0.0179344
threshold=-1.056263898786566 0.057281561876651253 0.11166778473959621 -0.3322904317289252 0.1073485146431946
decision_type=2 2 2 2 2
left_child=4 3 -3 -2 -1
right_child=1 2 -4 -5 -6
leaf_value=0.0014411276924527353 -0.00036564114717381718 -0.00056827549540427005 0.00021864750471641253 0.00036900043744902798 0.00035557298749385369
leaf_weight=43 370 604 412 824 57
leaf_count=43 370 604 412 824 57
internal_value=3.24621e-07 -3.84625e-05 -0.000249366 0.000141117 0.000841466
internal_weight=2310 2210 1016 1194 100
internal_count=2310 2210 1016 1194 100
is_linear=0
shrinkage=0.04


Tree=80
num_leaves=7
num_cat=0
split_feature=64 83 35 107 112 33
split_gain=0.0466085 0.0821141 0.0668688 0.0661335 0.0657634 0.0123029
threshold=0.8944384307334089 -0.72109265346935736 1.0000000180025095e-35 -0.67111224321688956 0.041477759166905596 0.36886766233106677
decision_type=2 2 2 2 2 2
left_child=1 2 -1 -3 -2 -6
right_child=4 3 -4 -5 5 -7
leaf_value=-0.0016758855580187896 -0.00021682301469679391 0.0005603606973635329 -0.00017248189328661695 -7.3073130319085191e-05 0.0018359182423834377 0.00081928599344263252
leaf_weight=83 75 312 108 1645 46 41
leaf_count=83 75 312 108 1645 46 41
internal_value=3.61823e-07 -4.92193e-05 -0.00083639 2.83828e-05 0.000650354 0.00138599
internal_weight=2310 2148 191 1957 162 87
internal_count=2310 2148 191 1957 162 87
is_linear=0
shrinkage=0.04


Tree=81
num_leaves=5
num_cat=0
split_feature=40 40 42 68
split_gain=0.0454685 0.0648015 0.134742 0.112521
threshold=-1.0279477716191043 -0.5011207189811232 -0.5880632310292232 -0.30480478330830313
decision_type=2 2 2 2
left_child=-1 2 -2 -3
right_child=1 3 -4 -5
leaf_value=0.0013044908027430729 0.00091784271010611625 0.00071967436638550061 -0.00082178602491309732 -7.2898804083872882e-05
leaf_weight=40 88 353 343 1486
leaf_count=40 88 353 343 1486
internal_value=3.84627e-07 -2.37233e-05 -0.000463996 7.98539e-05
internal_weight=2310 2270 431 1839
internal_count=2310 2270 431 1839
is_linear=0
shrinkage=0.04


Tree=82
num_leaves=5
num_cat=0
split_feature=88 117 5 40
split_gain=0.0453297 0.055424 0.108134 0.0861667
threshold=-0.96129239826324409 0.30070361941725676 -0.054502993495126058 1.4793331653679418
decision_type=2 2 2 2
left_child=-1 3 -3 -2
right_child=1 2 -4 -5
leaf_value=0.0010949426370878089 -0.00023164017925543057 0.00078177522209250689 -0.00016138274651862039 0.0014583365062251687
leaf_weight=57 1413 337 455 48
leaf_count=57 1413 337 455 48
internal_value=4.40083e-07 -2.8197e-05 0.000240894 -0.0001742
internal_weight=2310 2253 792 1461
internal_count=2310 2253 792 1461
is_linear=0
shrinkage=0.04


Tree=83
num_leaves=5
num_cat=0
split_feature=88 87 119 9
split_gain=0.0444058 0.0501992 0.0514758 0.0375647
threshold=3.3246331733159136 -1.315817843308688 0.30277448077346419 -0.13109001530051259
decision_type=2 2 2 2
left_child=1 3 -3 -1
right_child=-2 2 -4 -5
leaf_value=-0.0017628611306941442 0.0012174795343084855 -0.00013516270119740359 0.00026692381027290733 -0.0002938475256009302
leaf_weight=41 45 1312 830 82
leaf_count=41 45 1312 830 82
internal_value=5.24281e-07 -2.47064e-05 2.07448e-05 -0.00080389
internal_weight=2310 2265 2142 123
internal_count=2310 2265 2142 123
is_linear=0
shrinkage=0.04


Tree=84
num_leaves=6
num_cat=0
split_feature=64 106 112 40 66
split_gain=0.0441163 0.0773017 0.0601663 0.0587551 0.0117444
threshold=0.8944384307334089 1.6326646671228737 0.041477759166905596 -0.5011207189811232 0.19085855097666696
decision_type=2 2 2 2 2
left_child=1 3 -2 -1 -4
right_child=2 -3 4 -5 -6
leaf_value=-0.00043883354258144409 -0.000196842680512867 -0.0013007059137185265 0.0018299284222167591 0.00010168356657892392 0.00083870889235792374
leaf_weight=396 75 74 41 1678 46
leaf_count=396 75 74 41 1678 46
internal_value=4.7883e-07 -4.77586e-05 0.000632854 -1.84362e-06 0.00133646
internal_weight=2310 2148 162 2074 87
internal_count=2310 2148 162 2074 87
is_linear=0
shrinkage=0.04


Tree=85
num_leaves=5
num_cat=0
split_feature=40 40 35 68
split_gain=0.0437411 0.0560515 0.119546 0.0874939
threshold=-1.0279477716191043 -0.58417725676502819 0.094209884223748444 -0.30480478330830313
decision_type=2 2 2 2
left_child=-1 2 -2 -3
right_child=1 3 -4 -5
leaf_value=0.0012795833358541131 0.00039000255923666476 0.00058604204498088669 -0.0011812696786332733 -7.8319934210120321e-05
leaf_weight=40 133 396 181 1560
leaf_count=40 133 396 181 1560
internal_value=4.88534e-07 -2.31571e-05 -0.000517475 5.6644e-05
internal_weight=2310 2270 314 1956
internal_count=2310 2270 314 1956
is_linear=0
shrinkage=0.04


Tree=86
num_leaves=5
num_cat=0
split_feature=76 40 14 106
split_gain=0.0420696 0.0522943 0.153433 0.0883174
threshold=1.9487137687407663 0.92381421218821769 0.36685662138492153 0.93055818480459485
decision_type=2 2 2 2
left_child=1 3 -3 -1
right_child=-2 2 -4 -5
leaf_value=4.4711977757552019e-05 -0.0012245338284198872 0.0012053202700159876 -0.0011981177685339119 -0.00086066953510070517
leaf_weight=1858 42 167 55 188
leaf_count=1858 42 167 55 188
internal_value=5.03456e-07 2.42482e-05 0.000604493 -3.92397e-05
internal_weight=2310 2268 222 2046
internal_count=2310 2268 222 2046
is_linear=0
shrinkage=0.04


Tree=87
num_leaves=6
num_cat=0
split_feature=16 28 89 40 90
split_gain=0.0426672 0.046209 0.0872987 0.086437 0.0239145
threshold=-1.056263898786566 0.057281561876651253 0.11166778473959621 0.56008051577381202 0.56957240813058552
decision_type=2 2 2 2 2
left_child=4 3 -3 -2 -1
right_child=1 2 -4 -5 -6
leaf_value=0.0012922516413739012 2.0145251145416219e-05 -0.00054003895676011683 0.00021383402350139754 0.0011648334788843099 3.5927508170494722e-05
leaf_weight=60 1079 604 412 115 40
leaf_count=60 1079 604 412 115 40
internal_value=4.12962e-07 -3.6471e-05 -0.000234515 0.000132159 0.00080028
internal_weight=2310 2210 1016 1194 100
internal_count=2310 2210 1016 1194 100
is_linear=0
shrinkage=0.04


Tree=88
num_leaves=8
num_cat=0
split_feature=114 45 4 42 118 60 64
split_gain=0.0412071 0.0684694 0.0592402 0.0561383 0.0903339 0.0642668 0.0348636
threshold=0.70801658249201427 1.0439087856056106 0.23321420835894943 0.646914833758651 -0.26404863404694484 0.15133349549879568 0.25532053456570775
decision_type=2 2 2 2 2 2 2
left_child=3 2 -2 5 -5 -1 -3
right_child=1 6 -4 4 -6 -7 -8
leaf_value=0.00037929432894922378 -0.00032969459191495846 0.0012062993851335098 -0.0017814015557006417 0.00030366855203586358 -0.00086350140843184338 -0.00013616879754195719 -0.00037805081062418014
leaf_weight=958 123 46 70 190 236 647 40
leaf_count=958 123 46 70 190 236 647 40
internal_value=4.72117e-07 -0.000453553 -0.000869091 6.32268e-05 -0.000343946 0.000171592 0.000477548
internal_weight=2310 279 193 2031 426 1605 86
internal_count=2310 279 193 2031 426 1605 86
is_linear=0
shrinkage=0.04


Tree=89
num_leaves=8
num_cat=0
split_feature=64 112 34 45 90 111 70
split_gain=0.0413034 0.082775 0.0884686 0.0735212 0.0853041 0.084355 0.0562034
threshold=0.50584941581559228 -0.61514772400027573 -0.29769054418628749 0.18539609195610501 1.1574371307777216 -0.92595093121886751 0.18586683396797546
decision_type=2 2 2 2 2 2 2
left_child=3 6 -3 5 -5 -1 -2
right_child=1 2 -4 4 -6 -7 -8
leaf_value=0.00079677732436447552 8.1187899865698619e-05 -0.00025698648254572068 0.00095359815436825857 5.1988699781505682e-05 0.0013328128038742339 -0.00040627052166327429 -0.0018176372880440985
leaf_weight=101 59 144 287 586 95 997 41
leaf_count=101 59 144 287 586 95 997 41
internal_value=3.97885e-07 0.000309313 0.000549815 -9.20517e-05 0.000234044 -0.00029436 -0.000717705
internal_weight=2310 531 431 1779 681 1098 100
internal_count=2310 531 431 1779 681 1098 100
is_linear=0
shrinkage=0.04


Tree=90
num_leaves=8
num_cat=0
split_feature=27 40 14 106 117 11 90
split_gain=0.0394156 0.0468115 0.150449 0.124907 0.0354104 0.03171 0.011837
threshold=-0.92841928420195508 0.92381421218821769 0.4923314024296736 0.72370831230119304 0.1005520491702234 -0.14880401413674563 0.74461052739256461
decision_type=2 2 2 2 2 2 2
left_child=4 3 -3 -2 5 -1 -6
right_child=1 2 -4 -5 6 -7 -8
leaf_value=-0.00065602058150126782 2.0548239430692034e-06 0.00099220484492604385 -0.001641158375288035 -0.00099922232708323433 0.0013065375614120332 0.00064462320169159136 0.00042776985153512555
leaf_weight=57 1636 180 41 225 71 59 41
leaf_count=57 1636 180 41 225 71 59 41
internal_value=4.07419e-07 -5.44368e-05 0.000493325 -0.000119945 0.00049734 5.22713e-06 0.000997994
internal_weight=2310 2082 221 1861 228 116 112
internal_count=2310 2082 221 1861 228 116 112
is_linear=0
shrinkage=0.04


Tree=91
num_leaves=4
num_cat=0
split_feature=40 28 108
split_gain=0.0392303 0.0524269 0.0452622
threshold=-1.0279477716191043 -0.78646290573603628 -1.072895078298163
decision_type=2 2 2
left_child=-1 -2 -3
right_child=1 2 -4
leaf_value=0.0012117404042787496 -0.0013737198080246646 0.00045047318720005088 -6.7612870421445399e-05
leaf_weight=40 43 312 1915
leaf_count=40 43 312 1915
internal_value=3.93778e-07 -2.19994e-05 5.30942e-06
internal_weight=2310 2270 2227
internal_count=2310 2270 2227
is_linear=0
shrinkage=0.04


Tree=92
num_leaves=7
num_cat=0
split_feature=95 76 46 35 46 28
split_gain=0.0386065 0.0672629 0.0852331 0.0779063 0.0397082 0.0321784
threshold=1.5166196616954819 0.38301560218602881 -2.8953926340812397 0.516928978951542 0.9286277085419542 0.22034642953964112
decision_type=2 2 2 2 2 2
left_child=1 3 -3 -1 5 -2
right_child=4 2 -4 -5 -6 -7
leaf_value=0.00023276575973563341 -0.00012154530723240566 -0.0018086957989726215 -0.0002493345463285837 -0.00048433390260278861 -0.000308675238752777 0.0011567401438836986
leaf_weight=1195 42 61 521 302 69 120
leaf_count=1195 42 61 521 302 69 120
internal_value=3.85669e-07 -5.42848e-05 -0.000418407 8.76472e-05 0.000488662 0.000827892
internal_weight=2310 2079 582 1497 231 162
internal_count=2310 2079 582 1497 231 162
is_linear=0
shrinkage=0.04


Tree=93
num_leaves=5
num_cat=0
split_feature=88 119 46 64
split_gain=0.0414927 0.0444475 0.0972341 0.0676318
threshold=3.3246331733159136 0.46849212171323212 3.9588078009967718 0.50584941581559228
decision_type=2 2 2 2
left_child=1 3 -3 -1
right_child=-2 2 -4 -5
leaf_value=-0.00030307960981290611 0.001176677926324625 0.00010471585814111096 0.0018725711487112913 0.0002836204434052691
leaf_weight=1140 45 641 52 432
leaf_count=1140 45 641 52 432
internal_value=3.15467e-07 -2.40734e-05 0.000242376 -0.000141694
internal_weight=2310 2265 693 1572
internal_count=2310 2265 693 1572
is_linear=0
shrinkage=0.04


Tree=94
num_leaves=5
num_cat=0
split_feature=88 81 14 64
split_gain=0.0391182 0.0472971 0.0975757 0.0708316
threshold=-0.96129239826324409 -0.36457987259704672 0.98732412744856879 0.63487679069396996
decision_type=2 2 2 2
left_child=-1 3 -3 -2
right_child=1 2 -4 -5
leaf_value=0.0010171623660204143 -0.00051637947715653019 -6.1902904532697993e-06 0.001089018577892151 0.0005104051409634175
leaf_weight=57 530 1449 141 133
leaf_count=57 530 1449 141 133
internal_value=4.11305e-07 -2.61914e-05 9.21781e-05 -0.000309488
internal_weight=2310 2253 1590 663
internal_count=2310 2253 1590 663
is_linear=0
shrinkage=0.04


Tree=95
num_leaves=5
num_cat=0
split_feature=88 117 24 40
split_gain=0.0376541 0.0438013 0.107867 0.0720454
threshold=3.3246331733159136 0.45589148952298547 -0.18300927956413551 1.4793331653679418
decision_type=2 2 2 2
left_child=1 3 -3 -1
right_child=-2 2 -4 -5
leaf_value=-0.00018516324633481861 0.0011210943932119916 0.00093243483786604228 -0.00015018010630176972 0.0011542133205750984
leaf_weight=1579 45 236 385 65
leaf_count=1579 45 236 385 65
internal_value=4.67313e-07 -2.27662e-05 0.000262921 -0.000130869
internal_weight=2310 2265 621 1644
internal_count=2310 2265 621 1644
is_linear=0
shrinkage=0.04


Tree=96
num_leaves=5
num_cat=0
split_feature=40 40 42 28
split_gain=0.0375556 0.0493393 0.1102 0.0727388
threshold=-1.0279477716191043 -0.5011207189811232 -0.58022263235876104 -0.22513653021151167
decision_type=2 2 2 2
left_child=-1 2 -2 -3
right_child=1 3 -4 -5
leaf_value=0.0011857579542057855 0.00083531724146418895 0.00042146601156018906 -0.00073142449863997517 -0.00011020382157905452
leaf_weight=40 89 619 342 1220
leaf_count=40 89 619 342 1220
internal_value=5.4801e-07 -2.13622e-05 -0.000405534 6.90176e-05
internal_weight=2310 2270 431 1839
internal_count=2310 2270 431 1839
is_linear=0
shrinkage=0.04


Tree=97
num_leaves=8
num_cat=0
split_feature=114 45 7 42 88 83 11
split_gain=0.0367716 0.0582547 0.0588467 0.048737 0.0956171 0.0609909 0.0306977
threshold=0.70801658249201427 1.0439087856056106 -0.32840746435619111 0.646914833758651 -0.72666503502039193 -0.72109265346935736 0.18900098143197389
decision_type=2 2 2 2 2 2 2
left_child=3 2 -2 5 -5 -1 -3
right_child=1 6 -4 4 -6 -7 -8
leaf_value=-0.00059384519251574192 0.00034407996798795207 -0.00032035646491890979 -0.0012256378062819647 0.0014725820200387821 -0.00051699441183510042 0.00024106068412267379 0.0011625693748808568
leaf_weight=153 51 43 142 41 385 1452 43
leaf_count=153 51 43 142 41 385 1452 43
internal_value=5.81486e-07 -0.000428313 -0.000811567 5.98625e-05 -0.000319523 0.000160832 0.000430677
internal_weight=2310 279 193 2031 426 1605 86
internal_count=2310 279 193 2031 426 1605 86
is_linear=0
shrinkage=0.04


Tree=98
num_leaves=5
num_cat=0
split_feature=28 68 69 61
split_gain=0.0354253 0.0451879 0.0804839 0.0553329
threshold=-0.80024200967934189 -0.20703430394508399 0.53001435876890624 -1.1548767187802091
decision_type=2 2 2 2
left_child=-1 2 -2 -3
right_child=1 3 -4 -5
leaf_value=-0.0011505272605323367 0.00047210269647772192 0.00048108153390343449 -0.00046608081191018422 -0.00021571811875225908
leaf_weight=40 637 212 188 1233
leaf_count=40 637 212 188 1233
internal_value=5.77723e-07 2.18564e-05 0.0002577 -0.000112965
internal_weight=2310 2270 825 1445
internal_count=2310 2270 825 1445
is_linear=0
shrinkage=0.04


Tree=99
num_leaves=6
num_cat=0
split_feature=64 106 45 112 13
split_gain=0.035976 0.0628504 0.0535032 0.0487232 0.011325
threshold=0.8944384307334089 1.6326646671228737 0.27111600138640568 0.041477759166905596 0.26284578951977305
decision_type=2 2 2 2 2
left_child=1 2 -1 -2 -5
right_child=3 -3 -4 4 -6
leaf_value=-0.00014832504274996916 -0.00017510185568508777 -0.0011728121786482486 0.00027919987515712271 0.0016225875150091586 0.00065990208293355637
leaf_weight=1363 75 74 711 47 40
leaf_count=1363 75 74 711 47 40
internal_value=5.24193e-07 -4.30362e-05 -1.63496e-06 0.000571584 0.00120475
internal_weight=2310 2148 2074 162 87
internal_count=2310 2148 2074 162 87
is_linear=0
shrinkage=0.04


Tree=100
num_leaves=6
num_cat=0
split_feature=13 40 53 106 63
split_gain=0.0361681 0.0880623 0.110137 0.0738752 0.0251387
threshold=1.8434276893577326 0.97293223296669684 0.25000000000000006 0.78551953104228978 -0.52985813878127919
decision_type=2 2 2 2 2
left_child=1 3 -3 -1 -2
right_child=4 2 -4 -5 -6
leaf_value=5.076229644217567e-05 -0.0013565596626498378 0.0017589624986203032 -0.00041252470216484829 -0.00068903571153439733 -2.1652339824608396e-05
leaf_weight=1821 50 97 59 243 40
leaf_count=1821 50 97 59 243 40
internal_value=5.40094e-07 3.27179e-05 0.000942869 -3.69187e-05 -0.000776636
internal_weight=2310 2220 156 2064 90
internal_count=2310 2220 156 2064 90
is_linear=0
shrinkage=0.04


Tree=101
num_leaves=6
num_cat=0
split_feature=35 41 90 117 53
split_gain=0.0355681 0.0460014 0.129025 0.0820694 0.0260826
threshold=0.94854217267500018 0.53440927318076137 0.96920315761670672 0.49599389844235892 -1.0000000180025095e-35
decision_type=2 2 2 2 2
left_child=1 3 -3 -1 -2
right_child=4 2 -4 -5 -6
leaf_value=-0.00020561218588943675 -9.3174838653669269e-05 3.9180883516867951e-05 0.0016709464318071954 0.00044959161332454772 -0.0013288536066775798
leaf_weight=1354 56 358 97 393 52
leaf_count=1354 56 358 97 393 52
internal_value=4.95304e-07 3.55297e-05 0.000392842 -5.78739e-05 -0.000701475
internal_weight=2310 2202 455 1747 108
internal_count=2310 2202 455 1747 108
is_linear=0
shrinkage=0.04


Tree=102
num_leaves=8
num_cat=0
split_feature=64 106 34 45 90 72 16
split_gain=0.0349527 0.082793 0.0872319 0.0647658 0.0734566 0.0728597 0.0492789
threshold=0.50584941581559228 -0.55424914619866705 -0.29769054418628749 0.18539609195610501 1.1574371307777216 0.87555854184147985 -0.57745526952029957
decision_type=2 2 2 2 2 2 2
left_child=3 6 -3 5 -5 -1 -2
right_child=1 2 -4 4 -6 -7 -8
leaf_value=-0.00016069878248136876 0.00013851286126527365 -0.00028169638044622342 0.00092156133543971213 5.2552971292800293e-05 0.0012411290243719273 -0.0012093328938921209 -0.0016235742015837163
leaf_weight=981 50 143 289 586 95 117 49
leaf_count=981 50 143 289 586 95 117 49
internal_value=4.93903e-07 0.000284669 0.000523798 -8.45519e-05 0.000221509 -0.000274434 -0.000748511
internal_weight=2310 531 432 1779 681 1098 99
internal_count=2310 531 432 1779 681 1098 99
is_linear=0
shrinkage=0.04


Tree=103
num_leaves=8
num_cat=0
split_feature=27 122 41 78 63 86 74
split_gain=0.034504 0.0418774 0.0559366 0.0445443 0.0313624 0.0301557 0.0209719
threshold=-0.92841928420195508 0.25516977714807704 0.50480482896944145 -0.051538025897901144 -0.01518522438982379 0.03681870371091419 -0.56210836335263881
decision_type=2 2 2 2 2 2 2
left_child=4 2 -2 -3 6 -6 -1
right_child=1 3 -4 -5 5 -7 -8
leaf_value=0.0015560940799175524 -7.9136988504242812e-05 -0.000556347979108384 0.00049726428899380607 5.484734548836191e-05 -0.00083271358546605986 0.00046979297199175652 0.00041416073880351056
leaf_weight=49 936 427 376 343 41 82 56
leaf_count=49 936 427 376 343 41 82 56
internal_value=4.42259e-07 -5.08712e-05 8.65566e-05 -0.000284651 0.000465383 2.92474e-05 0.000966188
internal_weight=2310 2082 1312 770 228 123 105
internal_count=2310 2082 1312 770 228 123 105
is_linear=0
shrinkage=0.04


Tree=104
num_leaves=5
num_cat=0
split_feature=88 83 53 41
split_gain=0.0343197 0.0367647 0.0509594 0.0449089
threshold=3.3246331733159136 0.84776271587850183 -0.74999999999999989 -0.87137013055747736
decision_type=2 2 2 2
left_child=1 2 -1 -3
right_child=-2 3 -4 -5
leaf_value=0.00048584692966509264 0.001070336610737673 0.0010770094581190885 -0.00017318776457573185 8.991533323384168e-05
leaf_weight=210 45 94 1641 320
leaf_count=210 45 94 1641 320
internal_value=4.773e-07 -2.17037e-05 -9.79751e-05 0.000318139
internal_weight=2310 2265 1851 414
internal_count=2310 2265 1851 414
is_linear=0
shrinkage=0.04


Tree=105
num_leaves=5
num_cat=0
split_feature=88 58 117 7
split_gain=0.0340635 0.0394668 0.0658875 0.0446819
threshold=-0.96129239826324409 0.28612831674425271 0.28153315450282018 -0.74582007236942527
decision_type=2 2 2 2
left_child=-1 2 -2 -3
right_child=1 3 -4 -5
leaf_value=0.0009493356850688835 -0.00010387775288315828 0.00079078055918216708 0.00043313090973778223 -0.00039342316542101733
leaf_weight=57 1062 54 555 582
leaf_count=57 1062 54 555 582
internal_value=5.46443e-07 -2.42782e-05 8.07461e-05 -0.000290714
internal_weight=2310 2253 1617 636
internal_count=2310 2253 1617 636
is_linear=0
shrinkage=0.04


Tree=106
num_leaves=7
num_cat=0
split_feature=114 46 7 42 88 83
split_gain=0.0341477 0.0509125 0.0552009 0.0477296 0.0825536 0.0519148
threshold=0.70801658249201427 2.0556673058882615 -0.32840746435619111 0.646914833758651 -0.72666503502039193 -0.72109265346935736
decision_type=2 2 2 2 2 2
left_child=3 2 -2 5 -5 -1
right_child=1 -3 -4 4 -6 -7
leaf_value=-0.00053866877065288023 0.00036931983203006285 0.00064909294573790887 -0.0010525910443456251 0.0013477142003559788 -0.00050113971274735967 0.00023164102655716634
leaf_weight=153 58 56 165 41 385 1452
leaf_count=153 58 56 165 41 385 1452
internal_value=5.82574e-07 -0.000412726 -0.000682771 5.77093e-05 -0.000317732 0.000157631
internal_weight=2310 279 223 2031 426 1605
internal_count=2310 279 223 2031 426 1605
is_linear=0
shrinkage=0.04


Tree=107
num_leaves=7
num_cat=0
split_feature=64 106 35 35 120 16
split_gain=0.0335456 0.0772971 0.0725382 0.0597215 0.0790434 0.0446108
threshold=0.50584941581559228 -0.55424914619866705 -0.65646012366337769 -1.405687951609798 -0.43911744282201354 -0.57745526952029957
decision_type=2 2 2 2 2 2
left_child=3 5 -3 -1 -5 -2
right_child=1 2 -4 4 -6 -7
leaf_value=0.001203032773981769 0.00012486264898073457 -0.00031719300755379132 0.00083182939828504413 -0.00056114645541761269 4.3248097041621805e-05 -0.0015519226377592513
leaf_weight=54 50 121 311 477 1248 49
leaf_count=54 50 121 311 477 1248 49
internal_value=5.7676e-07 0.000278973 0.000510018 -8.27396e-05 -0.000124336 -0.000719358
internal_weight=2310 531 432 1779 1725 99
internal_count=2310 531 432 1779 1725 99
is_linear=0
shrinkage=0.04


Tree=108
num_leaves=7
num_cat=0
split_feature=64 82 117 28 87 41
split_gain=0.03301 0.09083 0.0748895 0.048718 0.0854701 0.0788675
threshold=-0.87446826250480358 -0.41858639321429075 -0.94630017391476595 0.057281561876651253 0.22480797430796837 0.77777232315422573
decision_type=2 2 2 2 2 2
left_child=1 -1 -3 5 -5 -2
right_child=3 2 -4 4 -6 -7
leaf_value=-0.0012284265337106975 3.4251586471443174e-05 -0.00079081584445454866 0.001041263759470159 -0.00054818865063828892 0.00022825399396935909 0.0013557587519813425
leaf_weight=44 983 42 196 610 359 76
leaf_count=44 983 42 196 610 359 76
internal_value=5.45822e-07 0.00040446 0.00071406 -5.59629e-05 -0.000260651 0.000131467
internal_weight=2310 282 238 2028 969 1059
internal_count=2310 282 238 2028 969 1059
is_linear=0
shrinkage=0.04


Tree=109
num_leaves=6
num_cat=0
split_feature=61 70 40 63 14
split_gain=0.0348301 0.0677302 0.0604793 0.0430813 0.0520096
threshold=-1.1548767187802091 -1.4520266894753633 0.97293223296669684 -0.70172274647587118 -0.19128692367067732
decision_type=2 2 2 2 2
left_child=3 -2 -3 -1 -5
right_child=1 2 -4 4 -6
leaf_value=0.0016266140195408038 -0.0013754684813320637 -5.9631424210303846e-05 0.00098464589902720547 -0.00087637526090615062 0.00060582431583316066
leaf_weight=40 58 1933 91 50 138
leaf_count=40 58 1933 91 50 138
internal_value=5.27177e-07 -5.10282e-05 -1.17546e-05 0.000467659 0.000206547
internal_weight=2310 2082 2024 228 188
internal_count=2310 2082 2024 228 188
is_linear=0
shrinkage=0.04


Tree=110
num_leaves=7
num_cat=0
split_feature=35 40 14 125 125 37
split_gain=0.0328048 0.0430902 0.128409 0.0748552 0.0311346 0.0275862
threshold=0.86651571157746476 0.84423193260181328 -0.01912831459979417 1.6096318766624973 0.52897180695055768 -0.67832723202833389
decision_type=2 2 2 2 2 2
left_child=1 3 -3 -1 5 -2
right_child=4 2 -4 -5 -6 -7
leaf_value=1.8957237376288451e-05 5.4108492830502139e-06 0.0014067181523781845 -0.00040643404199231138 -0.0015344325697286896 0.00040858227496972266 -0.0012706032866567729
leaf_weight=1852 40 128 119 49 40 82
leaf_count=1852 40 128 119 49 40 82
internal_value=5.37428e-07 4.21328e-05 0.000536927 -2.26534e-05 -0.000544774 -0.000858899
internal_weight=2310 2148 247 1901 162 122
internal_count=2310 2148 247 1901 162 122
is_linear=0
shrinkage=0.04


Tree=111
num_leaves=5
num_cat=0
split_feature=76 33 28 70
split_gain=0.031634 0.0387353 0.0483167 0.0329115
threshold=1.9487137687407663 -0.94464450744203377 0.3063994739338825 -0.42955581780216884
decision_type=2 2 2 2
left_child=1 3 -3 -1
right_child=-2 2 -4 -5
leaf_value=0.0009104836415464437 -0.0010618194605393166 0.00010024966775246433 -0.00031638156452304405 -0.00026003592057068916
leaf_weight=131 42 1442 642 53
leaf_count=131 42 1442 642 53
internal_value=4.68462e-07 2.10587e-05 -2.82786e-05 0.000574152
internal_weight=2310 2268 2084 184
internal_count=2310 2268 2084 184
is_linear=0
shrinkage=0.04


Tree=112
num_leaves=5
num_cat=0
split_feature=28 68 82 101
split_gain=0.0314179 0.0364465 0.0813789 0.0567768
threshold=-0.80024200967934189 -0.20703430394508399 -0.30716620794196897 0.98343493556250572
decision_type=2 2 2 2
left_child=-1 2 -2 -3
right_child=1 3 -4 -5
leaf_value=-0.0010836146871969548 -0.00024022864281001661 -0.00017503681253592385 0.00056479273310051882 0.00074054689271749446
leaf_weight=40 341 1329 484 116
leaf_count=40 341 1329 484 116
internal_value=4.28012e-07 2.04672e-05 0.000232274 -0.000100615
internal_weight=2310 2270 825 1445
internal_count=2310 2270 825 1445
is_linear=0
shrinkage=0.04


Tree=113
num_leaves=5
num_cat=0
split_feature=40 40 42 68
split_gain=0.0311167 0.0463202 0.0937443 0.0775292
threshold=-1.0279477716191043 -0.5011207189811232 -0.58022263235876104 -0.30480478330830313
decision_type=2 2 2 2
left_child=-1 2 -2 -3
right_child=1 3 -4 -5
leaf_value=0.0010792378676567405 0.00075287648570048372 0.00059912651240445248 -0.00069229428627295422 -5.8767426539214317e-05
leaf_weight=40 89 353 342 1486
leaf_count=40 89 353 342 1486
internal_value=4.04194e-07 -1.95394e-05 -0.000391772 6.80304e-05
internal_weight=2310 2270 431 1839
internal_count=2310 2270 431 1839
is_linear=0
shrinkage=0.04


Tree=114
num_leaves=8
num_cat=0
split_feature=64 106 34 90 47 64 70
split_gain=0.0309655 0.0696834 0.0740218 0.0546555 0.0704433 0.0538067 0.0400684
threshold=0.50584941581559228 -0.55424914619866705 -0.29769054418628749 -0.58029369264862429 -0.31430258508053438 -0.87446826250480358 0.21259205638802867
decision_type=2 2 2 2 2 2 2
left_child=3 6 -3 4 -1 -5 -2
right_child=1 2 -4 5 -6 -7 -8
leaf_value=-0.0016835217961229383 -7.5359796135701607e-06 -0.0002547662384037314 0.00085368734163992653 0.00050644167908645086 0.00027910282723605633 -0.00011805767710600479 -0.0016242761635831336
leaf_weight=71 59 143 289 260 48 1400 40
leaf_count=71 59 143 289 260 48 1400 40
internal_value=4.46161e-07 0.000267922 0.000487286 -7.9602e-05 -0.000900347 -1.97528e-05 -0.000679993
internal_weight=2310 531 432 1779 119 1660 99
internal_count=2310 531 432 1779 119 1660 99
is_linear=0
shrinkage=0.04


Tree=115
num_leaves=7
num_cat=0
split_feature=114 46 15 42 88 24
split_gain=0.0300482 0.0466953 0.0539372 0.042732 0.0635881 0.0493766
threshold=0.70801658249201427 2.0556673058882615 -0.58995609285309647 0.56097582383711142 -0.72666503502039193 0.10939468789784763
decision_type=2 2 2 2 2 2
left_child=3 2 -2 5 -5 -1
right_child=1 -3 -4 4 -6 -7
leaf_value=-8.0060835634125108e-07 0.00027801369379182729 0.00062940431837040683 -0.0010582664077176164 0.0010456027008839091 -0.00042024977971385748 0.00048163860789807861
leaf_weight=1027 69 56 154 51 448 505
leaf_count=1027 69 56 154 51 448 505
internal_value=3.57419e-07 -0.000387349 -0.000646003 5.39456e-05 -0.000266857 0.000158649
internal_weight=2310 279 223 2031 499 1532
internal_count=2310 279 223 2031 499 1532
is_linear=0
shrinkage=0.04


Tree=116
num_leaves=6
num_cat=0
split_feature=61 70 45 63 14
split_gain=0.0304632 0.0605116 0.0544599 0.0360671 0.0481217
threshold=-1.1548767187802091 -1.4520266894753633 0.98306216610707542 -0.70172274647587118 -0.19128692367067732
decision_type=2 2 2 2 2
left_child=3 -2 -3 -1 -5
right_child=1 2 -4 4 -6
leaf_value=0.001497729446827656 -0.0012997129922732711 -0.00010504782412135658 0.00044473165527772934 -0.00084343456466180777 0.00058228709100512793
leaf_weight=40 58 1678 346 50 138
leaf_count=40 58 1678 346 50 138
internal_value=3.76178e-07 -4.7839e-05 -1.07175e-05 0.000437244 0.000198219
internal_weight=2310 2082 2024 228 188
internal_count=2310 2082 2024 228 188
is_linear=0
shrinkage=0.04


Tree=117
num_leaves=5
num_cat=0
split_feature=88 117 5 41
split_gain=0.0293799 0.0343199 0.0864229 0.0540498
threshold=3.3246331733159136 0.45589148952298547 -0.054502993495126058 0.53440927318076137
decision_type=2 2 2 2
left_child=1 3 -3 -1
right_child=-2 2 -4 -5
leaf_value=-0.00022947448406394208 0.00099024487844485043 0.00077863813729898111 -0.00017305273684172165 0.00034567180878134228
leaf_weight=1320 45 264 357 324
leaf_count=1320 45 264 357 324
internal_value=3.70702e-07 -2.01519e-05 0.000232732 -0.000115842
internal_weight=2310 2265 621 1644
internal_count=2310 2265 621 1644
is_linear=0
shrinkage=0.04


Tree=118
num_leaves=7
num_cat=0
split_feature=37 40 42 94 36 117
split_gain=0.0290112 0.0680146 0.12218 0.0643397 0.0289967 0.0287291
threshold=-0.67832723202833389 -0.5011207189811232 -0.58022263235876104 0.53899585993266408 0.29482446079419083 0.11866422259680785
decision_type=2 2 2 2 2 2
left_child=4 2 -2 -3 -1 -6
right_child=1 3 -4 -5 5 -7
leaf_value=0.0012716390225895732 0.00072285950764575417 0.00020210377214912689 -0.0010508547836375367 -0.00032738100703893797 0.00074888414001342523 -0.00041462503285889611
leaf_weight=51 83 1303 232 509 65 67
leaf_count=51 83 1303 232 509 65 67
internal_value=4.15115e-07 -4.13355e-05 -0.000581883 5.31718e-05 0.000480881 0.000160941
internal_weight=2310 2127 315 1812 183 132
internal_count=2310 2127 315 1812 183 132
is_linear=0
shrinkage=0.04


Tree=119
num_leaves=8
num_cat=0
split_feature=53 40 64 123 34 77 118
split_gain=0.0292342 0.0868241 0.0468263 0.0494518 0.0409002 0.0396923 0.0245707
threshold=-0.74999999999999989 0.19186965257314606 1.0777530669315161 1.3457238861859351 -0.3282631912250053 -0.79559263176919048 0.18668284625608458
decision_type=2 2 2 2 2 2 2
left_child=1 4 3 -2 -1 -3 -4
right_child=2 5 6 -5 -6 -7 -8
leaf_value=0.0006969025274572362 -5.29266026131759e-05 0.00042526407031497608 0.0014577275510722152 -0.0011833270218630787 -0.0006563078140077944 0.002134685964853156 0.00015638852669023134
leaf_weight=54 1916 40 46 62 97 49 46
leaf_count=54 1916 40 46 62 97 49 46
internal_value=4.38392e-07 0.000416455 -4.81509e-05 -8.95183e-05 -0.000169594 0.00139264 0.000824229
internal_weight=2310 240 2070 1978 151 89 92
internal_count=2310 240 2070 1978 151 89 92
is_linear=0
shrinkage=0.04


end of trees

feature_importances:
Column_40=50
Column_64=36
Column_35=35
Column_76=28
Column_46=27
Column_45=24
Column_63=24
Column_106=22
Column_41=21
Column_83=21
Column_95=20
Column_53=18
Column_61=18
Column_28=16
Column_37=15
Column_114=15
Column_68=14
Column_88=13
Column_113=12
Column_117=12
Column_14=10
Column_42=10
Column_94=10
Column_112=10
Column_7=9
Column_107=9
Column_11=8
Column_25=7
Column_60=6
Column_82=6
Column_90=6
Column_119=6
Column_120=6
Column_13=5
Column_27=5
Column_33=5
Column_69=5
Column_70=5
Column_84=5
Column_118=5
Column_123=5
Column_125=5
Column_4=4
Column_16=4
Column_34=4
Column_36=4
Column_39=4
Column_66=4
Column_86=4
Column_122=4
Column_9=3
Column_24=3
Column_26=3
Column_47=3
Column_87=3
Column_99=3
Column_100=3
Column_124=3
Column_5=2
Column_44=2
Column_58=2
Column_78=2
Column_89=2
Column_93=2
Column_96=2
Column_98=2
Column_101=2
Column_108=2
Column_15=1
Column_29=1
Column_50=1
Column_67=1
Column_72=1
Column_74=1
Column_77=1
Column_81=1
Column_102=1
Column_105=1
Column_111=1

parameters:
[boosting: gbdt]
[objective: regression]
[metric: l2]
[tree_learner: serial]
[device_type: cpu]
[data_sample_strategy: bagging]
[data: ]
[valid: ]
[num_iterations: 120]
[learning_rate: 0.04]
[num_leaves: 15]
[num_threads: 2]
[seed: 42]
[deterministic: 1]
[force_col_wise: 1]
[force_row_wise: 0]
[histogram_pool_size: -1]
[max_depth: 3]
[min_data_in_leaf: 40]
[min_sum_hessian_in_leaf: 0.001]
[bagging_fraction: 0.85]
[pos_bagging_fraction: 1]
[neg_bagging_fraction: 1]
[bagging_freq: 0]
[bagging_seed: 400]
[bagging_by_query: 0]
[feature_fraction: 0.8]
[feature_fraction_bynode: 1]
[feature_fraction_seed: 30056]
[extra_trees: 0]
[extra_seed: 12879]
[early_stopping_round: 0]
[early_stopping_min_delta: 0]
[first_metric_only: 0]
[max_delta_step: 0]
[lambda_l1: 0]
[lambda_l2: 2]
[linear_lambda: 0]
[min_gain_to_split: 0]
[drop_rate: 0.1]
[max_drop: 50]
[skip_drop: 0.5]
[xgboost_dart_mode: 0]
[uniform_drop: 0]
[drop_seed: 17869]
[top_rate: 0.2]
[other_rate: 0.1]
[min_data_per_group: 100]
[max_cat_threshold: 32]
[cat_l2: 10]
[cat_smooth: 10]
[max_cat_to_onehot: 4]
[top_k: 20]
[monotone_constraints: ]
[monotone_constraints_method: basic]
[monotone_penalty: 0]
[feature_contri: ]
[forcedsplits_filename: ]
[refit_decay_rate: 0.9]
[cegb_tradeoff: 1]
[cegb_penalty_split: 0]
[cegb_penalty_feature_lazy: ]
[cegb_penalty_feature_coupled: ]
[path_smooth: 0]
[interaction_constraints: ]
[verbosity: -1]
[saved_feature_importance_type: 0]
[use_quantized_grad: 0]
[num_grad_quant_bins: 4]
[quant_train_renew_leaf: 0]
[stochastic_rounding: 1]
[linear_tree: 0]
[max_bin: 255]
[max_bin_by_feature: ]
[min_data_in_bin: 3]
[bin_construct_sample_cnt: 200000]
[data_random_seed: 175]
[is_enable_sparse: 1]
[enable_bundle: 1]
[use_missing: 1]
[zero_as_missing: 0]
[feature_pre_filter: 1]
[pre_partition: 0]
[two_round: 0]
[header: 0]
[label_column: ]
[weight_column: ]
[group_column: ]
[ignore_column: ]
[categorical_feature: ]
[forcedbins_filename: ]
[precise_float_parser: 0]
[parser_config_file: ]
[objective_seed: 16083]
[num_class: 1]
[is_unbalance: 0]
[scale_pos_weight: 1]
[sigmoid: 1]
[boost_from_average: 1]
[reg_sqrt: 0]
[alpha: 0.9]
[fair_c: 1]
[poisson_max_delta_step: 0.7]
[tweedie_variance_power: 1.5]
[lambdarank_truncation_level: 30]
[lambdarank_norm: 1]
[label_gain: ]
[lambdarank_position_bias_regularization: 0]
[eval_at: ]
[multi_error_top_k: 1]
[auc_mu_weights: ]
[num_machines: 1]
[local_listen_port: 12400]
[time_out: 120]
[machine_list_filename: ]
[machines: ]
[gpu_platform_id: -1]
[gpu_device_id: -1]
[gpu_device_id_list: ]
[gpu_use_dp: 0]
[num_gpu: 1]

end of parameters

pandas_categorical:null
