tree
version=v4
num_class=1
num_tree_per_iteration=1
label_index=0
max_feature_idx=109
objective=quantile
feature_names=Column_0 Column_1 Column_2 Column_3 Column_4 Column_5 Column_6 Column_7 Column_8 Column_9 Column_10 Column_11 Column_12 Column_13 Column_14 Column_15 Column_16 Column_17 Column_18 Column_19 Column_20 Column_21 Column_22 Column_23 Column_24 Column_25 Column_26 Column_27 Column_28 Column_29 Column_30 Column_31 Column_32 Column_33 Column_34 Column_35 Column_36 Column_37 Column_38 Column_39 Column_40 Column_41 Column_42 Column_43 Column_44 Column_45 Column_46 Column_47 Column_48 Column_49 Column_50 Column_51 Column_52 Column_53 Column_54 Column_55 Column_56 Column_57 Column_58 Column_59 Column_60 Column_61 Column_62 Column_63 Column_64 Column_65 Column_66 Column_67 Column_68 Column_69 Column_70 Column_71 Column_72 Column_73 Column_74 Column_75 Column_76 Column_77 Column_78 Column_79 Column_80 Column_81 Column_82 Column_83 Column_84 Column_85 Column_86 Column_87 Column_88 Column_89 Column_90 Column_91 Column_92 Column_93 Column_94 Column_95 Column_96 Column_97 Column_98 Column_99 Column_100 Column_101 Column_102 Column_103 Column_104 Column_105 Column_106 Column_107 Column_108 Column_109
feature_infos=[-6.0564827043038587:6.5144079878552734] [-5.6413619729224997:5.4948577717420015] [-4.8943524714291566:4.198959714908816] [-4.3119595272000062:3.8162659880866454] [-3.5793645670768228:2.1377241598571937] [-2.5530285342702492:2.3629570715739106] [-4.2129865234250801:3.9750710101211779] [-1.3761028582703652:6.6535374780960765] [-1.6713033842834026:1.6108380898387953] [-3.5317171059215222:2.1703019131657526] [-1.522182843559464:5.3390576869980251] [-2.5133656515841669:2.1703584638643574] [-2.5108044165634928:2.4352804210119423] [-1.5018703794860271:4.0028939014859874] [-2.9388396107628623:2.7015485859648578] [-1.5615074040210821:1.6211773460159291] [-1.7273260167956115:1.7914121314255265] [-0.92150636850058432:0.77789346779536228] [-0.97738668915119464:0.78390232812605942] [-0.92150636850058409:0.77789346779536228] [-2.2159117478760186:1.6695866805555455] [-3.9861906527340527:4.1060020058392999] [-3.2390068372006402:2.2777321439214395] [-2.3030426021228307:2.5982922340511974] [-2.1137576940528229:1.6006479082832017] [-2.1198197458827064:1.5799217621106765] [-3.330765343637244:2.0006496995771581] [-1.78050123188857:1.4338326049981676] [-1.1912149113818025:3.6228992636112336] [-3.6768048617086735:4.2487937477809314] [-3.6164841372578396:4.4427100879361037] [-3.0087694791533455:3.22066493154664] [-3.1392879522056076:3.4262007225299267] [-1.9420606878395317:2.0877619311637465] [-2.1360058600346541:2.1924941656495265] [-1.7715392511885608:1.7559399879665931] [-1.7775282443912166:1.8389642995561448] [-1.637960431905878:3.8866193443638135] [-1.5202684384640959:5.1537978497850903] [-1.4827370473662458:3.8424141325263541] [-1.2940263897823086:3.4181796826740505] [-1.6527172339481251:1.4798573972114148] [-1.9487498760259285:1.750710549255984] [-1.8612040625920705:14.014850793738292] [-188.23748692797554:168.05802166495434] [-408.93983011189255:135.07703832891835] [-338.26036305020546:79.377584777916852] [-1.3700170429470773:2.7656161408191702] [-1.9225529849146177:1.9933292286359605] [-1.2019148792924614:9.0113749428326706] [-4.8569180288663478:4.4361388619665449] [-8.9417081673990442:6.6442120351776941] [-1:1] [-0.83333333333333337:1] [0:1] [0:1] [-3.0436588323983731:3.9941648692054446] [-3.4163130721578145:2.2557911840449663] [-2.4188959788926288:1.6562093176887116] [-0.97712246269101266:2.2937618822601786] [-2.1482653136785923:1.2747186250416933] [-1.4771590973955526:0.30658884339777176] [-4.5387859206833241:7.8864903449530761] [-4.1827989315110674:5.7606848389006027] [-2.4049278851222384:4.1412959280689927] [-1.2841446092969466:4.7125937974434233] [-1.2043777326234839:7.9962168629871346] [-1.2323375000590915:2.3378410031304555] [-6.5364274078687155:6.7025763773798586] [-4.6665092132092276:3.6034395988678325] [-3.400868493616076:3.7602355625452772] [-1.198281708020936:3.5446983683960953] [-1.8213512928221691:4.4440484681284653] [-0.81375628472623551:2.2003506230755687] [-11.366117173508345:11.135491722872597] [-6.0049133677683955:5.2218235599107778] [-3.4116620103387767:3.6611761437768204] [-1.0040253894592004:3.1549742014834656] [-2.1104064187650731:4.0140092362331696] [-1.372811383025061:0.65625105148756568] [-3.9700334131539394:2.9767952127704289] [-3.5260562466518159:3.0773428492842037] [-2.5844998042810334:1.7086960227977901] [-1.3197045314921514:3.1152849595582648] [-2.0512593284264966:1.8064034284825001] [-1.4601242068311699:0.4385734822082013] [-5.4519913163194271:2.7417254591472404] [-4.1677134294328448:3.5474084839770179] [-1.898879981029548:2.8169808269559455] [-1.3721477754792861:4.1860552087523617] [-1.7255116228868592:4.4323833854802697] [-1.5623529386423194:1.2644056655467035] [-4.372201016404774:2.5335910514160451] [-3.789639091405451:3.5110373948948586] [-1.9856446892112203:2.6183712002477253] [-1.3980649405602616:3.9547209036179405] [-1.6024791594553922:3.8798901050368997] [-1.5911443450607516:1.1870503884304653] [-3.34748552362367:3.6109102834651825] [-2.2697344732413289:2.6985160920950224] [-1.9643529304495875:2.0682359841389384] [-1.4989571686627876:1.977933746279765] [-1.4711763731998373:1.9848988775821355] [-2.385760655833002:0.64779825337486019] [-3.2234960129147887:3.4100224345158643] [-2.7860475784593679:3.61906237250889] [-1.7098008259984852:2.449634162012245] [-0.796558877451918:2.8359338147038762] [-1.5005843200648428:2.4044387979774435] [-1.3852092130162026:0.9240358610867595]
tree_sizes=831 858 854 770 863 871 787 688 691 863 773 780 863 688 773 603 765 608 695 607 858 785 604 870 607 691 865 695 605 864 694 696 699 609 691 689 691 608 697 859 606 606 607 875 871 697 699 867 784 868 608 783 875 782 768 871 867 693 608 866 692 791 787 599 869 782 874 869 867 607 870 877 862 792 780 866 694 782 867 777 781 773 788 864 864 692 772 876 605 785 694 777 781 872 784 783 870 694 608 691 787 778 700 695 783 787 692 781 872 869 785 874 693 873 607 691 694 692 691 685

Tree=0
num_leaves=8
num_cat=0
split_feature=78 72 65 73 71 64 27
split_gain=18.0345 11.0531 9.95875 11.4831 9.26767 9.19356 3.80221
threshold=1.2097448990438779 0.36846158256166472 -0.22414716695965256 0.63797997657566319 3.3158253162610589 -0.14047306504832482 0.47881259859249531
decision_type=2 2 2 2 2 2 2
left_child=1 4 6 -4 -1 -3 -2
right_child=2 5 3 -5 -6 -7 -8
leaf_value=0.030190862957388164 0.032220086455345152 0.031343064606189727 0.030447742864489556 0.031891700997948649 0.031985893957316873 0.030666478052735327 0.031349442340433596
leaf_weight=1350 49 213 138 87 48 345 44
leaf_count=1350 49 213 138 87 48 345 44
internal_value=0.0307225 0.0292837 0.0395262 0.0348987 0.0273851 0.0340351 0.0503979
internal_weight=2274 1956 318 225 1398 558 93
internal_count=2274 1956 318 225 1398 558 93
is_linear=0
shrinkage=1


Tree=1
num_leaves=8
num_cat=0
split_feature=78 108 72 65 73 64 27
split_gain=15.498 10.8975 11.174 9.56933 9.86336 6.86423 3.08147
threshold=1.2097448990438779 -0.083112644586883777 0.098698015542955445 -0.22414716695965256 0.63797997657566319 -0.23196520128058515 0.47881259859249531
decision_type=2 2 2 2 2 2 2
left_child=1 2 -1 6 -5 -3 -2
right_child=3 5 -4 4 -6 -7 -8
leaf_value=-0.00031993485093116767 0.0014461312294006348 0.00017029279526323081 0.00055046545863151556 -0.00025531861782073981 0.0011308811902999876 -0.00078837026879191412 0.00061031287908554081
leaf_weight=546 49 282 411 138 87 717 44
leaf_count=546 49 282 411 138 87 717 44
internal_value=2.6362e-05 -0.00130746 0.0017414 0.0081875 0.00365639 -0.00422577 0.0188421
internal_weight=2274 1956 957 318 225 999 93
internal_count=2274 1956 957 318 225 999 93
is_linear=0
shrinkage=0.04


Tree=2
num_leaves=8
num_cat=0
split_feature=77 71 101 29 106 25 107
split_gain=14.2491 13.1921 19.9068 6.61524 4.80455 4.24748 2.34373
threshold=0.96575292573512062 -0.89628530987101929 0.07240843485746544 0.1977438430248 -0.35458789028281185 -0.32591464582256918 1.0000000180025095e-35
decision_type=2 2 2 2 2 2 2
left_child=1 4 -3 5 -1 -2 -5
right_child=3 2 -4 6 -6 -7 -8
leaf_value=0.0012349108101725578 0.0010443060115650298 -0.00066078974230587492 0.00021089384311437614 0.0011841137725450098 0.00055708014381676909 0.00073338727855682382 -3.0609219670295617e-05
leaf_weight=42 66 978 843 43 66 97 139
leaf_count=42 66 978 843 43 66 97 139
internal_value=-0.000114236 -0.0014552 -0.0022655 0.0073487 0.012 0.0131515 0.00206522
internal_weight=2274 1929 1821 345 108 163 182
internal_count=2274 1929 1821 345 108 163 182
is_linear=0
shrinkage=0.04


Tree=3
num_leaves=7
num_cat=0
split_feature=78 37 101 89 101 61
split_gain=13.7752 10.3487 11.7532 8.08962 5.1491 2.22443
threshold=1.2097448990438779 -1.168626280425572 0.30710884546055678 0.99003615009915602 0.25997158155592892 -0.95404121899798389
decision_type=2 2 2 2 2 2
left_child=1 -1 -3 4 -2 -5
right_child=3 2 -4 5 -6 -7
leaf_value=0.0013085313526579739 -0.00018451935276001696 -0.00044617176498636601 0.00021305203891016554 0.0013149713605535029 0.00056560090537533176 0.00085206424170464288
leaf_weight=63 123 1199 694 54 99 42
leaf_count=63 123 1199 694 54 99 42
internal_value=-0.00013181 -0.00138917 -0.00192612 0.0075625 0.00330357 0.0171429
internal_weight=2274 1956 1893 318 222 96
internal_count=2274 1956 1893 318 222 96
is_linear=0
shrinkage=0.04


Tree=4
num_leaves=8
num_cat=0
split_feature=105 101 106 72 78 87 40
split_gain=14.3555 9.6982 10.3873 8.39677 7.93781 3.98812 2.71875
threshold=-0.76897809341459122 0.22678556748657294 -0.75516107283603329 0.27556393569686433 -0.49500251241841842 0.18631113789853607 -0.065295128458246948
decision_type=2 2 2 2 2 2 2
left_child=4 2 -2 -3 6 -6 -1
right_child=1 3 -4 -5 5 -7 -8
leaf_value=-0.00082198960446723979 0.00062963724182949214 -0.00012114920818404561 -0.00048117348713473397 0.00062997832589656354 0.00057298520318261107 0.0011304045315690236 0.00030491041549055736
leaf_weight=51 78 450 1122 246 201 75 51
leaf_count=51 78 450 1122 246 201 75 51
internal_value=-9.66608e-05 -0.00151739 -0.00369384 0.00223496 0.007 0.0105036 -0.0025
internal_weight=2274 1896 1200 696 378 276 102
internal_count=2274 1896 1200 696 378 276 102
is_linear=0
shrinkage=0.04


Tree=5
num_leaves=8
num_cat=0
split_feature=105 65 101 95 78 93 40
split_gain=13.5854 9.34307 7.66506 7.47002 6.96874 3.80727 2.40961
threshold=-0.76897809341459122 -0.55424646375982811 0.22678556748657294 -0.15977706907682895 -0.49500251241841842 0.32720934117564265 -0.065295128458246948
decision_type=2 2 2 2 2 2 2
left_child=4 3 -3 -2 6 -6 -1
right_child=1 2 -4 -5 5 -7 -8
leaf_value=-0.00078911002028855012 -9.1794947681045355e-05 -0.00055595176483445603 0.0001220704626209737 0.00076033180433732618 0.00058735904984874457 0.0011619250176837642 0.00029271399887093508
leaf_weight=51 195 996 543 162 225 51 51
leaf_count=51 195 996 543 162 225 51 51
internal_value=-0.000114236 -0.00149631 -0.0028488 0.00431755 0.00678947 0.0100719 -0.00211538
internal_weight=2274 1896 1539 357 378 276 102
internal_count=2274 1896 1539 357 378 276 102
is_linear=0
shrinkage=0.04


Tree=6
num_leaves=7
num_cat=0
split_feature=105 65 101 100 95 11
split_gain=11.2137 8.88412 7.46455 6.19961 6.13328 4.62657
threshold=-0.76897809341459122 -0.51179602987403594 0.22678556748657294 -0.9311851790433745 -0.4057355479203173 -0.069669231630085163
decision_type=2 2 2 2 2 2
left_child=3 4 -3 -1 -2 -5
right_child=1 2 -4 5 -6 -7
leaf_value=0.0010377187055910324 -0.00020906638016435206 -0.00053873821016015065 0.00010841207480714898 0.00077392117213606398 0.00061784197660160888 9.3524225827541774e-06
leaf_weight=48 141 966 531 130 258 200
leaf_count=48 141 966 531 130 258 200
internal_value=-0.000219684 -0.00147524 -0.00288859 0.00605263 0.00381546 0.00403614
internal_weight=2274 1896 1497 378 399 330
internal_count=2274 1896 1497 378 399 330
is_linear=0
shrinkage=0.04


Tree=7
num_leaves=6
num_cat=0
split_feature=71 101 37 39 35
split_gain=12.1084 15.3126 10.8166 10.7126 3.70649
threshold=-0.89628530987101929 0.22678556748657294 -1.168626280425572 1.2119873642263126 0.043268104361598093
decision_type=2 2 2 2 2
left_child=4 2 -2 -3 -1
right_child=1 3 -4 -5 -6
leaf_value=0.0011137103433347677 0.0012829147990979417 0.00011362803840631271 -0.00040792386060433587 0.0013566896447559052 0.00051706712159401899
leaf_weight=68 45 776 1209 136 40
leaf_count=68 45 776 1209 136 40
internal_value=-0.000219684 -0.000876384 -0.00374204 0.00306346 0.0127273
internal_weight=2274 2166 1254 912 108
internal_count=2274 2166 1254 912 108
is_linear=0
shrinkage=0.04


Tree=8
num_leaves=6
num_cat=0
split_feature=71 101 37 35 35
split_gain=12.1413 14.9749 9.25819 8.84866 3.70649
threshold=-0.89628530987101929 0.024690550608092592 -1.168626280425572 0.83457659898438352 0.043268104361598093
decision_type=2 2 2 2 2
left_child=4 2 -2 -3 -1
right_child=1 3 -4 -5 -6
leaf_value=0.0010691619296013771 0.0012449072522488164 0.00032336844823566992 -0.00049010598964039037 -0.0010058665403507991 0.0004963844367302584
leaf_weight=68 43 956 1034 133 40
leaf_count=68 43 956 1034 133 40
internal_value=-0.000237258 -0.000894834 -0.0042354 0.00241063 0.0127273
internal_weight=2274 2166 1077 1089 108
internal_count=2274 2166 1077 1089 108
is_linear=0
shrinkage=0.04


Tree=9
num_leaves=8
num_cat=0
split_feature=78 89 61 28 79 105 61
split_gain=11.7951 8.68465 8.49345 10.2065 5.77803 5.63531 2.61683
threshold=1.2097448990438779 0.99003615009915602 0.17242967802767337 0.70105252766234327 0.43939986394964065 -0.76897809341459122 -0.95404121899798389
decision_type=2 2 2 2 2 2 2
left_child=2 4 5 -4 -2 -1 -3
right_child=1 6 3 -5 -6 -7 -8
leaf_value=0.00024676610413687842 0.00072527939286563706 0.0011189475559788401 0.00037393091236212375 -0.00068407335995084625 -5.140338450357718e-05 -0.0005761301889425542 0.00071636091378380706
leaf_weight=174 63 54 617 139 159 1026 42
leaf_count=174 63 54 617 139 159 1026 42
internal_value=-0.000307557 0.0068125 -0.00147089 0.00184697 0.00241071 -0.00356073 0.0167347
internal_weight=2274 318 1956 756 222 1200 96
internal_count=2274 318 1956 756 222 1200 96
is_linear=0
shrinkage=0.04


Tree=10
num_leaves=7
num_cat=0
split_feature=65 36 28 71 45 103
split_gain=9.85439 11.0789 9.65313 8.4195 5.36356 2.25519
threshold=-0.55424646375982811 -1.3227733232418362 0.54950938234384161 3.3231807553575572 -0.30449567349628953 -0.0040212328424078436
decision_type=2 2 2 2 2 2
left_child=2 -2 4 -3 -1 -4
right_child=1 3 5 -5 -6 -7
leaf_value=0.0010771833623551929 0.00093566779082832269 -0.0002336591165578126 9.1143885749618228e-05 0.0011392236924397709 0.00051720299448129216 -0.000454116605404723
leaf_weight=93 67 1706 43 42 224 99
leaf_count=93 67 1706 43 42 224 99
internal_value=-0.000342707 -0.00166758 0.00488069 -0.00228571 0.00874608 -0.00375
internal_weight=2274 1815 459 1748 317 142
internal_count=2274 1815 459 1748 317 142
is_linear=0
shrinkage=0.04


Tree=11
num_leaves=7
num_cat=0
split_feature=65 36 95 5 13 28
split_gain=9.02296 10.2859 8.81017 9.47589 8.22912 4.06985
threshold=-0.55424646375982811 -1.3808697284005362 -0.085304158932190385 0.63822345631116739 1.5722115427106036 0.54950938234384161
decision_type=2 2 2 2 2 2
left_child=2 -2 5 -4 -3 -1
right_child=1 4 3 -5 -6 -7
leaf_value=0.000474904255329225 0.0010665139946847175 -0.0002489448079952089 0.00087952548546667622 8.7498130319633443e-05 0.00079394924191055188 -0.00049049265102022778
leaf_weight=147 52 1620 109 107 143 96
leaf_count=147 52 1620 109 107 143 96
internal_value=-0.000377856 -0.00164557 0.00462039 0.0104587 -0.00216997 -0.000612245
internal_weight=2274 1815 459 216 1763 243
internal_count=2274 1815 459 216 1763 243
is_linear=0
shrinkage=0.04


Tree=12
num_leaves=8
num_cat=0
split_feature=106 84 77 3 105 33 28
split_gain=9.34321 13.4278 8.93388 7.44592 6.74583 4.24488 2.39528
threshold=-0.8776924715503549 -0.64676012644097092 0.96575292573512062 -0.015155976466554 0.15528027600010649 0.6867176218044676 0.36206191985559427
decision_type=2 2 2 2 2 2 2
left_child=1 5 4 -4 -2 -1 -3
right_child=2 6 3 -5 -6 -7 -8
leaf_value=0.00051769710729729107 5.5950214817045155e-06 0.00092803319107188063 0.00078072763589050469 7.2456564995723626e-05 -0.00049568277395876307 -0.00044659253883419585 0.00078769313493363697
leaf_weight=100 921 40 105 168 813 80 47
leaf_count=100 921 40 105 168 813 80 47
internal_value=-0.000272408 0.00672862 -0.00120956 0.00549091 -0.00226959 0.00043956 0.0194382
internal_weight=2274 267 2007 273 1734 180 87
internal_count=2274 267 2007 273 1734 180 87
is_linear=0
shrinkage=0.04


Tree=13
num_leaves=6
num_cat=0
split_feature=71 72 70 37 45
split_gain=9.62815 11.4075 7.72052 5.15844 3.33808
threshold=-0.89628530987101929 0.36846158256166472 -1.191628215623912 1.4821181372977266 0.12595808497865044
decision_type=2 2 2 2 2
left_child=4 2 -2 -3 -1
right_child=1 3 -4 -5 -6
leaf_value=0.00088857725295463075 0.00035079711297031818 0.00015519565116825694 -0.00044314981596182523 0.0010631293345344163 0.00045092032850841481
leaf_weight=64 183 599 1293 91 44
leaf_count=64 183 599 1293 91 44
internal_value=-0.000272408 -0.000857934 -0.00284168 0.0033815 0.0112727
internal_weight=2274 2166 1476 690 108
internal_count=2274 2166 1476 690 108
is_linear=0
shrinkage=0.04


Tree=14
num_leaves=7
num_cat=0
split_feature=78 37 101 106 37 40
split_gain=9.18254 7.44728 7.89216 6.37602 5.37106 2.34177
threshold=1.2097448990438779 -1.1433962949802772 0.30710884546055678 -0.61832213161855443 1.5670879688304742 -0.76717436885704327
decision_type=2 2 2 2 2 2
left_child=1 5 -3 -2 -5 -1
right_child=3 2 -4 4 -6 -7
leaf_value=0.00016275469993981217 0.00093986925409697943 -0.00034675749929214116 0.00015361980141956243 4.4392763236563995e-05 0.0011380640197649623 0.0012773186340495808
leaf_weight=41 48 1184 691 216 54 40
leaf_count=41 48 1184 691 216 54 40
internal_value=-0.000219684 -0.00124617 -0.00176345 0.0060625 0.00360294 0.0104819
internal_weight=2274 1956 1875 318 270 81
internal_count=2274 1956 1875 318 270 81
is_linear=0
shrinkage=0.04


Tree=15
num_leaves=5
num_cat=0
split_feature=36 64 31 71
split_gain=8.94633 8.92672 10.3535 8.1722
threshold=-1.3227733232418362 -0.23196520128058515 0.88531334061072464 2.9103728409820779
decision_type=2 2 2 2
left_child=-1 2 -2 -3
right_child=1 3 -4 -5
leaf_value=0.00093097137390247718 0.00031114362508419767 -0.0003341157212327775 -0.00061667617817206123 0.00089071823079721563
leaf_weight=72 691 1285 133 93
leaf_count=72 691 1285 133 93
internal_value=-0.00016696 -0.000626134 0.00266344 -0.0025942
internal_weight=2274 2202 824 1378
internal_count=2274 2202 824 1378
is_linear=0
shrinkage=0.04


Tree=16
num_leaves=7
num_cat=0
split_feature=78 71 37 65 37 31
split_gain=9.34337 7.17217 7.24496 6.01258 7.80828 4.87194
threshold=1.2097448990438779 3.3231807553575572 -1.1433962949802772 -0.22414716695965256 1.4493348659810528 0.3424612534027312
decision_type=2 2 2 2 2 2
left_child=1 2 -1 5 -5 -2
right_child=3 -3 -4 4 -6 -7
leaf_value=0.001009244571994278 0.00092069262499940767 0.0010442652563508647 -0.00018864674538427828 -0.00014673170934272368 0.0011327556272922145 0.00035519433639815892
leaf_weight=81 43 45 1830 157 68 50
leaf_count=81 43 45 1830 157 68 50
internal_value=-0.000149385 -0.00118488 -0.00156299 0.0061875 0.00259912 0.0146316
internal_weight=2274 1956 1911 318 225 93
internal_count=2274 1956 1911 318 225 93
is_linear=0
shrinkage=0.04


Tree=17
num_leaves=5
num_cat=0
split_feature=36 65 28 101
split_gain=8.53036 8.581 9.52518 6.92475
threshold=-1.3808697284005362 -0.55424646375982811 0.54950938234384161 0.30710884546055678
decision_type=2 2 2 2
left_child=-1 2 -2 -3
right_child=1 3 -4 -5
leaf_value=0.00093518017484595637 0.00060920805152533616 -0.0003475721324700687 -0.00029652889408577526 0.00014531157492389548
leaf_weight=54 317 1157 140 606
leaf_count=54 317 1157 140 606
internal_value=-6.15114e-05 -0.000450045 0.00442266 -0.00171671
internal_weight=2274 2220 457 1763
internal_count=2274 2220 457 1763
is_linear=0
shrinkage=0.04


Tree=18
num_leaves=6
num_cat=0
split_feature=71 101 35 37 65
split_gain=8.18117 10.6736 8.38337 6.98617 3.11641
threshold=-0.89628530987101929 0.024690550608092592 0.83457659898438352 -0.9550858920077735 -0.24732072644997866
decision_type=2 2 2 2 2
left_child=4 3 -3 -2 -1
right_child=1 2 -4 -5 -6
leaf_value=0.00082573982864056234 0.0004586202455262073 0.0002635209377977289 -0.00088524076918994506 -0.00044715135324624027 0.00026673230761089243
leaf_weight=63 105 956 133 972 45
leaf_count=63 105 956 133 972 45
internal_value=-9.66608e-05 -0.000636531 0.00215399 -0.0034569 0.0105455
internal_weight=2274 2166 1089 1077 108
internal_count=2274 2166 1089 1077 108
is_linear=0
shrinkage=0.04


Tree=19
num_leaves=5
num_cat=0
split_feature=36 65 28 71
split_gain=8.62776 7.69396 7.61999 7.06189
threshold=-1.3808697284005362 -0.55424646375982811 0.54950938234384161 3.3231807553575572
decision_type=2 2 2 2
left_child=-1 2 -2 -3
right_child=1 3 -4 -5
leaf_value=0.00088723213034020895 0.00057880869636369847 -0.00018898370975892504 -0.00027162336766644896 0.00096394688251218912
leaf_weight=54 317 1721 140 42
leaf_count=54 317 1721 140 42
internal_value=-0.000149385 -0.000540054 0.00407407 -0.00173938
internal_weight=2274 2220 457 1763
internal_count=2274 2220 457 1763
is_linear=0
shrinkage=0.04


Tree=20
num_leaves=8
num_cat=0
split_feature=78 72 65 37 106 10 17
split_gain=8.67048 8.34628 6.1088 7.25323 5.85762 5.77012 3.42229
threshold=1.2097448990438779 0.36846158256166472 -0.16184478438675234 1.5670879688304742 0.49125179617703213 -0.98960893075763878 0.31954718164415247
decision_type=2 2 2 2 2 2 2
left_child=1 5 6 -4 -3 -1 -2
right_child=2 4 3 -5 -6 -7 -8
leaf_value=0.00044783478409551577 0.00073526814714292498 0.00040348143778460091 -0.00015790171172945026 0.0011136783446716379 -0.00037363097421164545 -0.00039111451290303788 0.00033002940132818235
leaf_weight=69 50 420 153 60 138 1329 55
leaf_count=69 50 420 153 60 138 1329 55
internal_value=-0.00016696 -0.00116445 0.0059375 0.002 0.00296429 -0.00281429 0.0137383
internal_weight=2274 1956 318 213 558 1398 105
internal_count=2274 1956 318 213 558 1398 105
is_linear=0
shrinkage=0.04


Tree=21
num_leaves=7
num_cat=0
split_feature=78 72 106 59 106 65
split_gain=7.26818 8.14128 6.11265 5.54732 5.49332 2.92571
threshold=1.4522896760483295 0.36846158256166472 -0.35458789028281185 -0.71952781604909666 0.49125179617703213 -0.22414716695965256
decision_type=2 2 2 2 2 2
left_child=1 3 -2 -1 -3 -4
right_child=2 4 5 -5 -6 -7
leaf_value=0.00068227742000450287 0.00065696840624803713 0.00039992648855502781 0.00046783129043886132 -0.00035570820961301124 -0.00033829027834311417 -1.5923503437735991e-05
leaf_weight=63 57 444 54 1377 144 135
leaf_count=63 57 444 54 1377 144 135
internal_value=-0.000254833 -0.00104433 0.00620968 -0.00266297 0.00291525 0.00267016
internal_weight=2274 2028 246 1440 588 189
internal_count=2274 2028 246 1440 588 189
is_linear=0
shrinkage=0.04


Tree=22
num_leaves=5
num_cat=0
split_feature=36 71 77 15
split_gain=8.66687 6.81657 7.44488 2.88108
threshold=-1.3808697284005362 -0.89628530987101929 0.96575292573512062 0.45016263448763211
decision_type=2 2 2 2
left_child=-1 3 -3 -2
right_child=1 2 -4 -5
leaf_value=0.00085869585373328809 0.00061856972743844273 -0.00019426367428988922 0.00042886741014014021 9.813897423951064e-05
leaf_weight=54 62 1782 336 40
leaf_count=54 62 1782 336 40
internal_value=-0.000184534 -0.000576058 -0.00106604 0.00942308
internal_weight=2274 2220 2118 102
internal_count=2274 2220 2118 102
is_linear=0
shrinkage=0.04


Tree=23
num_leaves=8
num_cat=0
split_feature=105 65 72 78 95 13 40
split_gain=7.25238 6.67336 5.75355 5.52772 4.33866 3.18778 1.72569
threshold=-0.76897809341459122 -0.55424646375982811 0.36846158256166472 -0.350109442714649 -0.4057355479203173 1.3261605871094468 -0.065295128458246948
decision_type=2 2 2 2 2 2 2
left_child=3 4 -3 6 -2 -5 -1
right_child=1 2 -4 5 -6 -7 -8
leaf_value=-0.00054421609573679743 -6.2630456795425489e-05 -0.00045700175255389253 0.00011749133790892708 0.0003927318698024235 0.00049045607459612204 0.001225227587152093 0.00020193124610178525
leaf_weight=63 132 1131 408 207 225 45 63
leaf_count=63 132 1131 408 207 225 45 63
internal_value=-0.000254833 -0.00126449 -0.00240753 0.00478947 0.00364903 0.00818898 -0.00203125
internal_weight=2274 1896 1539 378 357 252 126
internal_count=2274 1896 1539 378 357 252 126
is_linear=0
shrinkage=0.04


Tree=24
num_leaves=5
num_cat=0
split_feature=36 106 36 78
split_gain=7.07727 6.27126 7.66006 3.74863
threshold=-1.4036172687768382 0.45790843004862619 0.3251898137636367 2.3823794353511674
decision_type=2 2 2 2
left_child=-1 2 -2 -3
right_child=1 3 -4 -5
leaf_value=0.00087279748759038433 0.00020625834204404322 -0.00058404448390130838 -0.00028037151764977923 0.00033136717789538825
leaf_weight=45 1007 557 621 44
leaf_count=45 1007 557 621 44
internal_value=-0.000254833 -0.000578216 0.000711656 -0.00406302
internal_weight=2274 2229 1628 601
internal_count=2274 2229 1628 601
is_linear=0
shrinkage=0.04


Tree=25
num_leaves=6
num_cat=0
split_feature=73 77 29 96 5
split_gain=6.97939 7.40823 8.0826 7.30276 0.398457
threshold=-0.5645101215131898 0.4909789025316505 0.2166670506013833 -1.0011320181060925 0.63049844907652375
decision_type=2 2 2 2 2
left_child=4 3 -3 -2 -1
right_child=1 2 -4 -5 -6
leaf_value=-0.001333828691825736 0.00044969674506089045 0.00052395252950673615 -0.00010189846151206106 -0.00013468044795438504 -0.0004070807387762544
leaf_weight=110 84 327 237 1476 40
leaf_count=110 84 327 237 1476 40
internal_value=-0.000272408 0.000319849 0.00424028 -0.00110115 -0.00855263
internal_weight=2274 2124 564 1560 150
internal_count=2274 2124 564 1560 150
is_linear=0
shrinkage=0.04


Tree=26
num_leaves=8
num_cat=0
split_feature=72 103 71 100 101 42 1
split_gain=6.35487 8.02215 6.0746 3.84923 3.83542 3.14914 2.68658
threshold=0.35936343762928358 -1.7329280852700524 3.3158253162610589 0.80522325812359674 0.024690550608092592 1.0000000180025095e-35 -0.05958717220533518
decision_type=2 2 2 2 2 2 2
left_child=1 5 -3 4 -2 -1 -5
right_child=3 2 -4 6 -6 -7 -8
leaf_value=0.00067359667162455701 -0.00012902831152114005 -0.00032953498202685424 0.00077259393817096379 0.00091816524829660894 0.00033943205898971765 5.7102246042672262e-05 0.00031971793957986607
leaf_weight=58 276 1425 45 40 345 44 41
leaf_count=58 276 1425 45 40 345 44 41
internal_value=-0.000289982 -0.00170267 -0.00245924 0.00286932 0.0017817 0.00903846 0.0109639
internal_weight=2274 1572 1470 702 621 102 81
internal_count=2274 1572 1470 702 621 102 81
is_linear=0
shrinkage=0.04


Tree=27
num_leaves=6
num_cat=0
split_feature=71 101 53 28 15
split_gain=7.30377 8.49956 7.43158 5.44727 3.05368
threshold=-0.89628530987101929 0.22678556748657294 0.91666666666666685 -0.74033548611218569 0.45016263448763211
decision_type=2 2 2 2 2
left_child=4 3 -3 -2 -1
right_child=1 2 -4 -5 -6
leaf_value=0.00061488158800420388 0.0004687748497837208 0.00032602930164173934 -0.00046871494038803677 -0.00031291255530969204 7.2736547236671521e-05
leaf_weight=68 99 732 180 1155 40
leaf_count=68 99 732 180 1155 40
internal_value=-0.000237258 -0.000747232 0.00218818 -0.00288217 0.00981818
internal_weight=2274 2166 912 1254 108
internal_count=2274 2166 912 1254 108
is_linear=0
shrinkage=0.04


Tree=28
num_leaves=5
num_cat=0
split_feature=36 65 4 15
split_gain=6.3806 6.69612 6.29206 5.95212
threshold=-1.3227733232418362 -0.55424646375982811 0.84390840013841528 0.78243203657616789
decision_type=2 2 2 2
left_child=-1 2 -2 -3
right_child=1 3 -4 -5
leaf_value=0.0006612123617195212 0.00038729878594173975 -7.5114129791819043e-05 -0.00025833201245110667 -0.0009432804900147368
leaf_weight=72 374 1576 80 172
leaf_count=72 374 1576 80 172
internal_value=-0.000202109 -0.000589837 0.00372807 -0.00171429
internal_weight=2274 2202 454 1748
internal_count=2274 2202 454 1748
is_linear=0
shrinkage=0.04


Tree=29
num_leaves=8
num_cat=0
split_feature=106 72 70 46 83 90 104
split_gain=6.55079 8.75449 9.16791 5.17865 4.17167 2.77631 1.52876
threshold=0.45790843004862619 0.17048447516954016 -0.7661586498938151 1.3116201439511317 0.53713899303709678 -0.2869563001269107 0.80054709387642964
decision_type=2 2 2 2 2 2 2
left_child=1 2 -1 -3 6 -6 -2
right_child=4 3 -4 -5 5 -7 -8
leaf_value=0.00026908869675437789 -0.00084728364946804586 0.00030362168442756704 -0.00039712476821615692 0.00057595126375349127 -0.00016809558600161008 0.0002095083974691024 -0.00013404793696721596
leaf_weight=297 378 551 741 67 45 108 87
leaf_count=297 378 551 741 67 45 108 87
internal_value=-0.000202109 0.00110977 -0.00113462 0.00487097 -0.00370968 0.002 -0.00558887
internal_weight=2274 1656 1038 618 618 153 465
internal_count=2274 1656 1038 618 618 153 465
is_linear=0
shrinkage=0.04


Tree=30
num_leaves=6
num_cat=0
split_feature=73 64 31 38 28
split_gain=6.28784 6.28533 9.67599 6.9855 0.507763
threshold=-0.5645101215131898 -0.23196520128058515 0.88531334061072464 1.977072156293431 0.11317395886165697
decision_type=2 2 2 2 2
left_child=4 2 -2 -3 -1
right_child=1 3 -4 -5 -6
leaf_value=-0.0012256903645712575 0.00029840409715673068 -0.00016010755738567618 -0.00057983703558932027 0.00091903006246427891 -0.00034164410383762946
leaf_weight=109 644 1272 127 81 41
leaf_count=109 644 1272 127 81 41
internal_value=-0.00016696 0.000395108 0.00327296 -0.00124723 -0.00802632
internal_weight=2274 2124 771 1353 150
internal_count=2274 2124 771 1353 150
is_linear=0
shrinkage=0.04


Tree=31
num_leaves=6
num_cat=0
split_feature=71 101 39 77 3
split_gain=6.21467 7.49065 7.55503 6.01966 2.11342
threshold=-0.89628530987101929 0.22678556748657294 1.2119873642263126 0.98221162898351611 -0.0037746927775513411
decision_type=2 2 2 2 2
left_child=4 3 -3 -2 -1
right_child=1 2 -4 -5 -6
leaf_value=0.00072245249726531318 -0.00033930281019142034 2.0446232896343917e-05 0.0010409072684863829 0.00056729043544761657 0.00033294289636538819
leaf_weight=40 1107 776 136 147 68
leaf_count=40 1107 776 136 147 68
internal_value=-0.000184534 -0.000654982 0.00210066 -0.00265924 0.00909091
internal_weight=2274 2166 912 1254 108
internal_count=2274 2166 912 1254 108
is_linear=0
shrinkage=0.04


Tree=32
num_leaves=6
num_cat=0
split_feature=73 106 84 101 28
split_gain=6.28784 6.56792 7.42065 6.54689 0.507763
threshold=-0.5645101215131898 -0.92713335895136784 -0.64676012644097092 0.22678556748657294 0.11317395886165697
decision_type=2 2 2 2 2
left_child=4 2 -2 -3 -1
right_child=1 3 -4 -5 -6
leaf_value=-0.001177480599304261 0.00021506455216867886 -0.00016732424107984418 0.00066489990967438925 0.00023103819766205416 -0.00031440622727646749
leaf_weight=109 138 1206 72 708 41
leaf_count=109 138 1206 72 708 41
internal_value=-0.00016696 0.000395108 0.00707547 -0.000344468 -0.00802632
internal_weight=2274 2124 210 1914 150
internal_count=2274 2124 210 1914 150
is_linear=0
shrinkage=0.04


Tree=33
num_leaves=5
num_cat=0
split_feature=36 65 28 70
split_gain=6.3806 6.16294 6.20531 5.43915
threshold=-1.3227733232418362 -0.55424646375982811 0.54950938234384161 0.36761385880430836
decision_type=2 2 2 2
left_child=-1 2 -2 -3
right_child=1 3 -4 -5
leaf_value=0.00063264616022657523 0.00042668061880808683 -0.00032946214616573017 -0.00028168031954933727 0.00013751583680992531
leaf_weight=72 317 1249 137 499
leaf_count=72 317 1249 137 499
internal_value=-0.000202109 -0.000589837 0.00355263 -0.00166857
internal_weight=2274 2202 454 1748
internal_count=2274 2202 454 1748
is_linear=0
shrinkage=0.04


Tree=34
num_leaves=6
num_cat=0
split_feature=71 77 71 30 7
split_gain=6.30911 6.55587 5.76142 5.58096 2.73247
threshold=-0.89628530987101929 0.50456341641494262 3.3231807553575572 0.24888380347547337 0.15733069944879796
decision_type=2 2 2 2 2
left_child=4 2 -2 -3 -1
right_child=1 3 -4 -5 -6
leaf_value=0.00027229916069993956 -0.00018924029395921512 0.00040641673100989568 0.0007742503354440189 -0.00018103271449875307 0.00074055168594984997
leaf_weight=68 1515 357 45 249 40
leaf_count=68 1515 357 45 249 40
internal_value=-0.000254833 -0.000728782 -0.00209987 0.00279605 0.00909091
internal_weight=2274 2166 1560 606 108
internal_count=2274 2166 1560 606 108
is_linear=0
shrinkage=0.04


Tree=35
num_leaves=6
num_cat=0
split_feature=71 72 106 103 7
split_gain=5.85048 7.13448 5.8613 4.64689 2.34459
threshold=-0.89628530987101929 0.33574536235866476 0.49125179617703213 -2.1010890391662715 0.15733069944879796
decision_type=2 2 2 2 2
left_child=4 3 -3 -2 -1
right_child=1 2 -4 -5 -6
leaf_value=0.00026140719427194203 0.00038474238842941828 0.00036753620606823595 -0.0001644120957624241 -0.00027507175373091389 0.00071092961851185589
leaf_weight=68 42 516 210 1398 40
leaf_count=68 42 516 210 1398 40
internal_value=-0.000272408 -0.000728782 0.0025 -0.00235784 0.00872727
internal_weight=2274 2166 726 1440 108
internal_count=2274 2166 726 1440 108
is_linear=0
shrinkage=0.04


Tree=36
num_leaves=6
num_cat=0
split_feature=71 77 105 3 7
split_gain=5.80493 6.26764 5.8231 4.81444 2.34459
threshold=-0.89628530987101929 0.96575292573512062 0.034229128152105194 -0.015155976466554 0.15733069944879796
decision_type=2 2 2 2 2
left_child=4 2 -2 -3 -1
right_child=1 3 -4 -5 -6
leaf_value=0.00025095090650106426 5.3216802997152963e-05 0.00056271342907627088 -0.00035112501104937131 8.9384835894365529e-06 0.00068249243377138159
leaf_weight=68 915 137 906 208 40
leaf_count=68 915 137 906 208 40
internal_value=-0.000237258 -0.000691882 -0.00162918 0.00423631 0.00872727
internal_weight=2274 2166 1821 345 108
internal_count=2274 2166 1821 345 108
is_linear=0
shrinkage=0.04


Tree=37
num_leaves=5
num_cat=0
split_feature=36 91 73 36
split_gain=6.31476 5.97463 7.12121 4.77029
threshold=-1.4036172687768382 0.6184360269763165 -0.5645101215131898 -0.84741126959627977
decision_type=2 2 2 2
left_child=-1 2 -2 -3
right_child=1 3 -4 -5
leaf_value=0.00071551574475075511 -0.00088223452783287774 0.00039617955767495719 7.4783431696978829e-05 -0.00077453551750275378
leaf_weight=45 150 47 1764 268
leaf_count=45 150 47 1764 268
internal_value=-0.000254833 -0.000560287 0.000281837 -0.00564669
internal_weight=2274 2229 1914 315
internal_count=2274 2229 1914 315
is_linear=0
shrinkage=0.04


Tree=38
num_leaves=6
num_cat=0
split_feature=73 91 36 16 76
split_gain=5.6852 6.08671 8.26296 5.51232 0.617508
threshold=-0.5645101215131898 0.6184360269763165 -0.84741126959627977 0.67404338692134391 -0.89322154122341002
decision_type=2 2 2 2 2
left_child=4 3 -3 -2 -1
right_child=1 2 -4 -5 -6
leaf_value=-0.00040418166072202086 0.00016284004325557087 0.00046385798851747873 -0.0007435540968026436 -0.00026167495466889845 -0.00091575528584654595
leaf_weight=45 1459 56 268 341 105
leaf_count=45 1459 56 268 341 105
internal_value=-0.000289982 0.000244591 -0.00478528 0.00115427 -0.00776316
internal_weight=2274 2124 324 1800 150
internal_count=2274 2124 324 1800 150
is_linear=0
shrinkage=0.04


Tree=39
num_leaves=8
num_cat=0
split_feature=106 95 26 10 83 7 61
split_gain=5.55204 6.985 5.86253 3.64788 2.9292 2.09928 1.70187
threshold=0.46303184936157288 0.99856785028278672 0.84981167263568957 0.53283162800161843 0.53713899303709678 0.38508802228780553 0.16761288495134577
decision_type=2 2 2 2 2 2 2
left_child=1 2 -1 -3 6 -6 -2
right_child=4 3 -4 -5 5 -7 -8
leaf_value=8.5883185335459969e-05 -0.00081095090951822436 7.9969607675303421e-05 -0.00076871142254733918 0.00089800522346451502 0.00024412546521186972 -9.8574600249164916e-05 -2.4560879064604511e-05
leaf_weight=1385 366 51 157 72 78 75 90
leaf_count=1385 366 51 157 72 78 75 90
internal_value=-0.000289982 0.000905819 0.000168394 0.01 -0.00355155 0.00122581 -0.00515284
internal_weight=2274 1665 1542 123 609 153 456
internal_count=2274 1665 1542 123 609 153 456
is_linear=0
shrinkage=0.04


Tree=40
num_leaves=5
num_cat=0
split_feature=36 65 28 16
split_gain=5.62449 5.64679 5.03425 5.02117
threshold=-1.4036172687768382 -0.55424646375982811 1.1723602047819528 0.67404338692134391
decision_type=2 2 2 2
left_child=-1 2 -2 -3
right_child=1 3 -4 -5
leaf_value=0.00064715069810414099 0.00026948867237487558 -4.6658350617602015e-05 -0.00076766407936415917 -0.0007801774665423789
leaf_weight=45 410 1538 47 234
leaf_count=45 410 1538 47 234
internal_value=-0.000289982 -0.000578216 0.00337691 -0.0016009
internal_weight=2274 2229 457 1772
internal_count=2274 2229 457 1772
is_linear=0
shrinkage=0.04


Tree=41
num_leaves=5
num_cat=0
split_feature=36 64 32 10
split_gain=5.59571 5.48688 6.77894 6.17534
threshold=-1.4036172687768382 -0.23196520128058515 0.94446683563604428 2.0233792338068999
decision_type=2 2 2 2
left_child=-1 2 -2 -3
right_child=1 3 -4 -5
leaf_value=0.00062126467017997538 0.00021462647250835605 -0.00022517619518289453 -0.00057593637472336116 0.00070790767373228299
leaf_weight=45 710 1330 117 72
leaf_count=45 710 1330 117 72
internal_value=-0.000254833 -0.000542358 0.0020386 -0.00206553
internal_weight=2274 2229 827 1402
internal_count=2274 2229 827 1402
is_linear=0
shrinkage=0.04


Tree=42
num_leaves=5
num_cat=0
split_feature=36 91 73 36
split_gain=5.56699 5.5172 6.28101 3.92461
threshold=-1.4036172687768382 0.6184360269763165 -0.5645101215131898 -0.84741126959627977
decision_type=2 2 2 2
left_child=-1 2 -2 -3
right_child=1 3 -4 -5
leaf_value=0.00059641408337277643 -0.00077429669693399982 0.00036410921260372867 6.1527927978975193e-05 -0.00068547230877107968
leaf_weight=45 150 47 1764 268
leaf_count=45 150 47 1764 268
internal_value=-0.000219684 -0.000506499 0.000302714 -0.00539432
internal_weight=2274 2229 1914 315
internal_count=2274 2229 1914 315
is_linear=0
shrinkage=0.04


Tree=43
num_leaves=8
num_cat=0
split_feature=72 65 35 106 37 79 101
split_gain=5.46408 6.34515 9.1601 5.31038 4.57703 3.84696 2.37145
threshold=0.33574536235866476 -0.56690149219612462 0.46047768571488912 0.49125179617703213 -1.1433962949802772 -0.79833234523276897 0.014828964011584766
decision_type=2 2 2 2 2 2 2
left_child=1 2 -1 5 -3 -2 -5
right_child=3 4 -4 6 -6 -7 -8
leaf_value=0.00038027412106080976 -0.00015798985710019955 0.00034341755248646044 -0.00044702511963024043 -0.00040495483318017314 -0.00032992879403854851 0.00041185117878170117 7.9979979553664732e-05
leaf_weight=183 99 47 108 132 1207 420 78
leaf_count=183 99 47 108 132 1207 420 78
internal_value=-0.000237258 -0.00158371 0.00372014 0.00261286 -0.00281847 0.00477927 -0.00273585
internal_weight=2274 1545 291 729 1254 519 210
internal_count=2274 1545 291 729 1254 519 210
is_linear=0
shrinkage=0.04


Tree=44
num_leaves=8
num_cat=0
split_feature=106 72 70 79 83 90 104
split_gain=5.1657 6.78549 8.44199 3.72924 3.0334 1.9269 1.74096
threshold=0.45790843004862619 0.098698015542955445 -0.7661586498938151 -0.79833234523276897 0.53713899303709678 -0.2869563001269107 0.80054709387642964
decision_type=2 2 2 2 2 2 2
left_child=1 2 -1 -3 6 -6 -2
right_child=4 3 -4 -5 5 -7 -8
leaf_value=0.00021596386343107317 -0.00066258752690460606 -0.00015723697949773633 -0.00035228154742839387 0.00039472071487865203 -0.00013038016540715486 0.00017567425942862099 -2.0306010735740322e-05
leaf_weight=297 378 114 684 561 45 108 87
leaf_count=297 378 114 684 561 45 108 87
internal_value=-0.000272408 0.000892642 -0.00123093 0.00397341 -0.0033871 0.00148387 -0.00498929
internal_weight=2274 1656 981 675 618 153 465
internal_count=2274 1656 981 675 618 153 465
is_linear=0
shrinkage=0.04


Tree=45
num_leaves=6
num_cat=0
split_feature=73 106 36 38 39
split_gain=4.91263 5.26295 7.23305 4.27262 0.683685
threshold=-0.5645101215131898 -0.89627293365300409 0.23182347040181769 -0.8906618021101913 0.0169953162575508
decision_type=2 2 2 2 2
left_child=4 2 -2 -3 -1
right_child=1 3 -4 -5 -6
leaf_value=-0.0010828373692253293 0.00054414669272399559 0.0003872265478335363 -0.00017274276755202046 -4.980063931930956e-05 -0.00018775260119146492
leaf_weight=103 132 112 99 1781 47
leaf_count=103 132 112 99 1781 47
internal_value=-0.000289982 0.000206961 0.00587983 -0.000490765 -0.00723684
internal_weight=2274 2124 231 1893 150
internal_count=2274 2124 231 1893 150
is_linear=0
shrinkage=0.04


Tree=46
num_leaves=6
num_cat=0
split_feature=73 31 64 64 39
split_gain=5.03764 5.14733 7.10594 0.69895 0.683685
threshold=-0.5645101215131898 1.0129244025432231 -0.22714170001760894 0.046144814884660636 0.0169953162575508
decision_type=2 2 2 2 2
left_child=4 2 -2 -3 -1
right_child=1 3 -4 -5 -6
leaf_value=-0.0010395238744563163 0.00022710628659634017 -0.00087187422426738583 -5.8320950420631746e-05 -0.00030383851567992461 -0.00018024249714380637
leaf_weight=103 690 116 1271 47 47
leaf_count=103 690 116 1271 47 47
internal_value=-0.000202109 0.000301035 0.000871116 -0.00648485 -0.00723684
internal_weight=2274 2124 1961 163 150
internal_count=2274 2124 1961 163 150
is_linear=0
shrinkage=0.04


Tree=47
num_leaves=8
num_cat=0
split_feature=106 36 100 65 61 25 7
split_gain=4.50828 5.98938 6.92456 4.97911 2.83683 2.33088 1.64256
threshold=0.46303184936157288 0.3251898137636367 -0.41658109290354423 -0.68419475480830838 -1.2100534663456757 0.7160507886299351 0.42822555702247395
decision_type=2 2 2 2 2 2 2
left_child=1 3 -3 -1 6 -6 -2
right_child=4 2 -4 -5 5 -7 -8
leaf_value=0.00040869343993793212 0.00027078003868783286 0.00044252986035341903 -0.00035537522223936217 8.9129033345563405e-05 -0.00055091179948823881 0.0003943865972138806 -6.7603177943548198e-05
leaf_weight=134 57 91 533 907 454 53 45
leaf_count=134 57 91 533 907 454 53 45
internal_value=-0.000219684 0.000857828 -0.00223642 0.00271333 -0.00315876 -0.00438114 0.00288462
internal_weight=2274 1665 624 1041 609 507 102
internal_count=2274 1665 624 1041 609 507 102
is_linear=0
shrinkage=0.04


Tree=48
num_leaves=7
num_cat=0
split_feature=73 31 64 28 2 2
split_gain=4.47604 4.90399 5.46352 0.795527 0.703641 0.0598274
threshold=-0.5645101215131898 1.0405445391233032 -0.22714170001760894 0.11317395886165697 1.5925803119646296 -0.25258201399152541
decision_type=2 2 2 2 2 2
left_child=3 2 -2 5 -3 -1
right_child=1 4 -4 -5 -6 -7
leaf_value=-0.00067960429198022146 0.00020417860934689419 -0.000942828109203465 -5.5710972392757007e-05 -0.00017413576912125305 -0.00028544064407695814 -0.0010446154138647823
leaf_weight=40 699 103 1279 41 43 69
leaf_count=40 699 103 1279 41 43 69
internal_value=-0.000342707 0.000131703 0.000656566 -0.00697368 -0.00689189 -0.00873874
internal_weight=2274 2124 1978 150 146 109
internal_count=2274 2124 1978 150 146 109
is_linear=0
shrinkage=0.04


Tree=49
num_leaves=8
num_cat=0
split_feature=72 36 65 46 64 108 37
split_gain=4.58317 6.33729 8.52423 3.97461 3.2117 2.29141 1.683
threshold=0.35936343762928358 0.50029049163786732 -0.58918175285247409 1.1567893747598779 -0.14047306504832482 0.016070730355945487 0.301551636480486
decision_type=2 2 2 2 2 2 2
left_child=1 2 -1 4 -2 -5 -3
right_child=3 6 -4 5 -6 -7 -8
leaf_value=0.00029548862499938704 0.00032615323670122625 -0.00076296118002584931 -8.6446429217424818e-05 0.00060992054327345293 -5.5816950975233343e-05 9.044903072437827e-05 -0.00024554940892475302
leaf_weight=184 229 248 1029 40 390 43 111
leaf_count=184 229 248 1029 40 390 43 111
internal_value=-0.000325132 -0.00152478 -0.000139918 0.00235795 0.00123994 0.0104706 -0.00617729
internal_weight=2274 1572 1213 702 619 83 359
internal_count=2274 1572 1213 702 619 83 359
is_linear=0
shrinkage=0.04


Tree=50
num_leaves=5
num_cat=0
split_feature=36 91 73 32
split_gain=4.33842 4.04507 4.44285 4.24695
threshold=-1.4036172687768382 0.6184360269763165 -0.5645101215131898 -0.69742569715221781
decision_type=2 2 2 2
left_child=-1 2 -2 -3
right_child=1 3 -4 -5
leaf_value=0.00056350040159509147 -0.00063523628054682846 0.00029754268411723522 3.9997522170639522e-05 -0.00076362809436369852
leaf_weight=45 150 68 1764 247
leaf_count=45 150 68 1764 247
internal_value=-0.000325132 -0.000578216 0.000114823 -0.00476341
internal_weight=2274 2229 1914 315
internal_count=2274 2229 1914 315
is_linear=0
shrinkage=0.04


Tree=51
num_leaves=7
num_cat=0
split_feature=72 36 70 46 64 61
split_gain=4.08037 6.01807 5.13028 3.5333 2.82177 2.07873
threshold=0.33574536235866476 0.50029049163786732 -0.8006347190260531 1.3116201439511317 -0.14047306504832482 0.23967972911459154
decision_type=2 2 2 2 2 2
left_child=1 2 -1 4 -2 -3
right_child=3 5 -4 -5 -6 -7
leaf_value=0.00022211921128634633 0.00030336481940839327 -0.00074847604899304756 -0.0001035874798701078 0.00039585951146862682 -4.9576323100882848e-05 -0.0002215579213220023
leaf_weight=279 238 227 909 79 412 130
leaf_count=279 238 227 909 79 412 130
internal_value=-0.000342707 -0.00150614 -0.000134454 0.00212038 0.00113497 -0.00604457
internal_weight=2274 1545 1188 729 650 357
internal_count=2274 1545 1188 729 650 357
is_linear=0
shrinkage=0.04


Tree=52
num_leaves=8
num_cat=0
split_feature=106 26 100 83 61 64 44
split_gain=3.98558 5.26652 5.30227 2.76987 2.37572 1.9269 1.13922
threshold=0.46303184936157288 0.84981167263568957 -0.30425501971487717 0.53713899303709678 0.16761288495134577 0.78013368949705153 -0.50388057069820136
decision_type=2 2 2 2 2 2 2
left_child=1 2 -1 4 -2 -5 -3
right_child=3 6 -4 5 -6 -7 -8
leaf_value=0.00032101670422283015 -0.00065171179637756775 -0.00013274391111217228 -5.9232865040210334e-06 0.00012310680731311604 1.2355235763981781e-05 -7.4711400828356695e-05 -0.0006446727652744187
leaf_weight=389 366 53 1099 108 90 45 124
leaf_count=389 366 53 1099 108 90 45 124
internal_value=-0.000395431 0.000617876 0.00139597 -0.00315876 -0.00471616 0.00148387 -0.00586592
internal_weight=2274 1665 1488 609 456 153 177
internal_count=2274 1665 1488 609 456 153 177
is_linear=0
shrinkage=0.04


Tree=53
num_leaves=7
num_cat=0
split_feature=58 32 33 14 100 77
split_gain=4.01479 5.24192 4.69082 4.05107 3.86808 3.06876
threshold=-0.18878607888109936 -1.329801474933298 0.69495640578207196 -0.64236159600051335 -0.31216381106246222 0.85665077673759116
decision_type=2 2 2 2 2 2
left_child=1 -1 3 -2 -4 -3
right_child=2 5 4 -5 -6 -7
leaf_value=0.0004372835130574848 -0.00023907526272313738 -0.00041881243287816779 0.00059742709597690132 0.00020815203443964511 -0.00040862619302926758 0.00014094184186301108
leaf_weight=64 218 696 75 810 256 155
leaf_count=64 218 696 75 810 256 155
internal_value=-0.000342707 -0.00238822 0.001036 0.00236893 -0.00309309 -0.00322392
internal_weight=2274 915 1359 1028 331 851
internal_count=2274 915 1359 1028 331 851
is_linear=0
shrinkage=0.04


Tree=54
num_leaves=7
num_cat=0
split_feature=31 71 64 13 6 108
split_gain=3.95703 5.10038 5.63103 2.9981 0.626226 0.837002
threshold=1.0405445391233032 2.9767745933485457 -0.18975289609379425 1.4081967644062929 1.1048963671380914 -0.37384496603764733
decision_type=2 2 2 2 2 2
left_child=1 2 -1 -3 -2 -6
right_child=4 3 -4 -5 5 -7
leaf_value=0.00014110085191879813 -0.001423688216079554 0.0001434661240608874 -0.00014825636010060649 0.0012476117729952657 2.710694415840667e-06 -0.0011895796911792634
leaf_weight=777 62 51 1257 42 40 45
leaf_count=777 62 51 1257 42 40 45
internal_value=-0.000342707 9.86379e-05 -0.000324165 0.00915789 -0.0066443 -0.00425287
internal_weight=2274 2127 2034 93 147 85
internal_count=2274 2127 2034 93 147 85
is_linear=0
shrinkage=0.04


Tree=55
num_leaves=8
num_cat=0
split_feature=72 95 65 34 65 70 2
split_gain=4.60575 5.29061 4.77593 5.85996 4.62743 3.49622 3.27321
threshold=0.10257582568229161 -0.12651189611653954 -0.58918175285247409 0.19342776621381622 0.52658902848595524 -1.6100544589570636 0.49172558843116937
decision_type=2 2 2 2 2 2 2
left_child=2 6 3 -1 -3 -4 -2
right_child=1 4 5 -5 -6 -7 -8
leaf_value=0.00030496257945798164 5.5227374191079426e-05 0.00010523258527057437 0.00057468580990973771 -6.5355858415411534e-05 0.00064494993775253754 -0.00033571631122339965 -0.00065228747571505642
leaf_weight=90 405 300 69 165 153 969 123
leaf_count=90 405 300 69 165 153 969 123
internal_value=-0.000325132 0.00173957 -0.00189189 0.00299611 0.0049011 -0.00309615 -0.000981132
internal_weight=2274 981 1293 255 453 1038 528
internal_count=2274 981 1293 255 453 1038 528
is_linear=0
shrinkage=0.04


Tree=56
num_leaves=8
num_cat=0
split_feature=72 106 36 65 46 33 13
split_gain=4.15118 5.11904 4.56991 5.71051 3.34521 1.7924 1.72214
threshold=0.10257582568229161 0.46303184936157288 0.50029049163786732 -0.58918175285247409 1.3116201439511317 -0.77681776406053826 1.0634806941465527
decision_type=2 2 2 2 2 2 2
left_child=2 4 3 -1 -2 -3 -4
right_child=1 5 6 -5 -6 -7 -8
leaf_value=0.00025683887598562465 0.00017872129943390534 4.6792309398619899e-05 -0.00065451736279476588 -0.00013706910548424409 0.00044168900372963281 -0.00033072298135102511 1.9778507824333436e-05
leaf_weight=167 597 80 261 812 78 226 53
leaf_count=167 597 80 261 812 78 226 53
internal_value=-0.000342707 0.0016175 -0.00183012 -0.000479103 0.00355982 -0.00266234 -0.00601266
internal_weight=2274 981 1293 979 675 306 314
internal_count=2274 981 1293 979 675 306 314
is_linear=0
shrinkage=0.04


Tree=57
num_leaves=6
num_cat=0
split_feature=71 64 16 77 93
split_gain=3.9016 3.7472 5.89928 4.62586 3.03528
threshold=2.9103728409820779 -0.23196520128058515 0.78294271398873205 0.50456341641494262 0.33835608407191259
decision_type=2 2 2 2 2
left_child=1 2 -1 -3 -2
right_child=4 3 -4 -5 -6
leaf_value=0.00016178569724077524 -1.7491924201512055e-05 -0.00029122827283898392 -0.00041836363094137184 0.00027325045383558527 0.0008727654365778127
leaf_weight=662 54 1080 157 258 63
leaf_count=662 54 1080 157 258 63
internal_value=-0.000413005 -0.000801297 0.00132765 -0.00210448 0.00663866
internal_weight=2274 2157 819 1338 117
internal_count=2274 2157 819 1338 117
is_linear=0
shrinkage=0.04


Tree=58
num_leaves=5
num_cat=0
split_feature=31 70 72 109
split_gain=3.78244 4.14969 4.12981 0.827042
threshold=1.0405445391233032 -1.8311010469458899 0.10257582568229161 -0.34448813331745326
decision_type=2 2 2 2
left_child=1 -1 -3 -2
right_child=3 2 -4 -5
leaf_value=0.00075004059458258802 -0.00019882242153154581 -0.00013603695866832465 0.00012961393925632308 -0.0010984741304397856
leaf_weight=45 55 1145 937 92
leaf_count=45 55 1145 937 92
internal_value=-0.000483304 -5.16674e-05 -0.000316699 -0.0066443
internal_weight=2274 2127 2082 147
internal_count=2274 2127 2082 147
is_linear=0
shrinkage=0.04


Tree=59
num_leaves=8
num_cat=0
split_feature=106 84 71 37 101 24 43
split_gain=3.60196 6.43071 4.04118 3.55233 2.94001 2.76158 0.960982
threshold=-0.92713335895136784 -0.72194765062903932 2.9103728409820779 -0.9550858920077735 0.74970744482581642 0.044364633789962679 0.022216142620036544
decision_type=2 2 2 2 2 2 2
left_child=1 4 3 -2 -1 -4 -3
right_child=2 6 5 -5 -6 -7 -8
leaf_value=0.00023606153893485887 0.00021875281523415705 0.00021682753902190974 0.00010210741419411834 -0.0001297884441031095 -0.0003605271838132568 0.00095111780027819172 0.00081928335681597268
leaf_weight=63 158 43 62 1777 84 46 41
leaf_count=63 158 43 62 1777 84 46 41
internal_value=-0.000377856 0.00433476 -0.000914425 -0.00133712 -0.000738255 0.00654545 0.0130233
internal_weight=2274 231 2043 1935 147 108 84
internal_count=2274 231 2043 1935 147 108 84
is_linear=0
shrinkage=0.04


Tree=60
num_leaves=6
num_cat=0
split_feature=15 106 37 42 79
split_gain=3.84746 4.369 4.4003 2.71234 0.918611
threshold=0.98834581387397702 0.45790843004862619 -0.97614194850119651 0.78819680622680177 -0.49716329612976823
decision_type=2 2 2 2 2
left_child=1 2 -1 -3 -2
right_child=4 3 -4 -5 -6
leaf_value=0.00048711012714577624 -0.00015549375915469024 -0.00027600011051658188 2.2149321022206929e-05 0.00033637297527194977 -0.0008658651003450406
leaf_weight=146 62 553 1375 53 85
leaf_count=146 62 553 1375 53 85
internal_value=-0.00043058 4.69704e-06 0.00114905 -0.00286184 -0.0066443
internal_weight=2274 2127 1521 606 147
internal_count=2274 2127 1521 606 147
is_linear=0
shrinkage=0.04


Tree=61
num_leaves=7
num_cat=0
split_feature=15 106 72 83 105 75
split_gain=3.50139 4.25531 4.21017 2.49487 0.892234 0.171622
threshold=0.98834581387397702 0.45790843004862619 0.098698015542955445 0.53713899303709678 -0.71221718832688952 -0.26167778249292312
decision_type=2 2 2 2 2 2
left_child=1 2 -1 -3 -2 -6
right_child=4 3 -4 -5 5 -7
leaf_value=-2.6243507340305007e-05 -0.00015638170312360503 -0.00040521600169681263 0.00026636786760645661 3.9998616139507238e-05 -0.00066365641458094541 -0.00075481435806270625
leaf_weight=885 42 454 636 152 40 65
leaf_count=885 42 454 636 152 40 65
internal_value=-0.000448155 -3.28793e-05 0.00109652 -0.00286184 -0.00637584 -0.00831776
internal_weight=2274 2127 1521 606 147 105
internal_count=2274 2127 1521 606 147 105
is_linear=0
shrinkage=0.04


Tree=62
num_leaves=7
num_cat=0
split_feature=16 37 101 25 53 65
split_gain=3.45566 5.97164 7.22088 3.68376 3.5917 2.00618
threshold=0.67404338692134391 -0.97614194850119651 0.22678556748657294 -0.025664165838011677 -0.74999999999999989 -0.54508328363740544
decision_type=2 2 2 2 2 2
left_child=1 3 -3 -1 -2 -6
right_child=4 2 -4 -5 5 -7
leaf_value=0.00017065718215567656 0.00036038265090614503 -0.00015399900002643755 0.0002051301110430122 0.0009433849917208553 -8.9346590423592946e-05 -0.00066475174583538899
leaf_weight=85 52 1018 696 58 161 204
leaf_count=85 52 1018 696 58 161 204
internal_value=-0.000465729 0.000274341 -0.000384615 0.00806897 -0.00374702 -0.00514986
internal_weight=2274 1857 1714 143 417 365
internal_count=2274 1857 1714 143 417 365
is_linear=0
shrinkage=0.04


Tree=63
num_leaves=5
num_cat=0
split_feature=77 36 71 35
split_gain=3.9683 3.63589 3.7294 2.29095
threshold=1.5771563880529504 -1.3808697284005362 3.3231807553575572 -0.12427220100705676
decision_type=2 2 2 2
left_child=1 -1 -3 -2
right_child=3 2 -4 -5
leaf_value=0.00043084252719242602 0.00078969504515007507 -6.7483491002981428e-05 0.0007091883743761834 -4.5782934507742487e-05
leaf_weight=53 61 2074 45 41
leaf_count=53 61 2074 45 41
internal_value=-0.000518453 -0.000883165 -0.00114569 0.00711538
internal_weight=2274 2172 2119 102
internal_count=2274 2172 2119 102
is_linear=0
shrinkage=0.04


Tree=64
num_leaves=8
num_cat=0
split_feature=65 28 3 13 101 36 90
split_gain=3.51271 5.90072 4.7923 4.29286 7.63506 4.43534 1.59306
threshold=-0.51179602987403594 0.54950938234384161 -0.091007786040799746 1.6158433413295823 0.22678556748657294 0.46889703558728751 -0.52206873927783348
decision_type=2 2 2 2 2 2 2
left_child=1 2 -1 5 -5 -2 -3
right_child=3 6 -4 4 -6 -7 -8
leaf_value=0.00063825272206887438 -4.2607619820213133e-05 8.6227776918995744e-05 9.0229642687514121e-05 -0.00063610294334420585 0.0011528043356157261 -0.0005799650837543446 -0.00037143721260066018
leaf_weight=109 1312 40 244 56 88 305 120
leaf_count=109 1312 40 244 56 88 305 120
internal_value=-0.000518453 0.00238835 0.00526761 -0.00136699 0.00520548 -0.001958 -0.00395062
internal_weight=2274 513 353 1761 144 1617 160
internal_count=2274 513 353 1761 144 1617 160
is_linear=0
shrinkage=0.04


Tree=65
num_leaves=7
num_cat=0
split_feature=61 34 8 47 36 92
split_gain=3.37368 5.69269 5.28047 3.97214 2.92825 2.26156
threshold=0.17242967802767337 -1.2505929155458289 0.41611366700703195 0.46320821602686685 0.45749469078081217 -0.62488435776289586
decision_type=2 2 2 2 2 2
left_child=1 -1 3 -2 -3 -4
right_child=2 4 5 -5 -6 -7
leaf_value=0.00045296601435143027 0.00038044924786590162 -5.108736324888775e-05 0.00011801635188932458 -0.00010106940713325839 -0.0005859428236005596 -0.00024347154268272261
leaf_weight=69 355 1182 41 164 249 214
leaf_count=69 355 1182 41 164 249 214
internal_value=-0.000518453 -0.0016245 0.00162371 0.00393474 -0.00217027 -0.00307393
internal_weight=2274 1500 774 519 1431 255
internal_count=2274 1500 774 519 1431 255
is_linear=0
shrinkage=0.04


Tree=66
num_leaves=8
num_cat=0
split_feature=65 28 3 16 13 56 42
split_gain=3.30377 5.01485 4.60707 4.18931 4.72022 1.82681 0.903739
threshold=-0.51179602987403594 0.54950938234384161 -0.091007786040799746 0.75836306256855346 1.5722115427106036 -0.24766742250623153 1.0275753082059731
decision_type=2 2 2 2 2 2 2
left_child=1 2 -1 4 -2 -3 -5
right_child=3 5 -4 6 -6 -7 -8
leaf_value=0.0006003928883424423 -7.1296961451660301e-05 5.8752276264755487e-05 8.3650225179280401e-05 -0.00062183347478216272 0.00039853976463769192 -0.00035722198159657574 -0.00045116249381286236
leaf_weight=109 1463 40 244 126 132 120 40
leaf_count=109 1463 40 244 126 132 120 40
internal_value=-0.00043058 0.00238835 0.00504225 -0.00125355 -0.000619912 -0.00345679 -0.0072619
internal_weight=2274 513 353 1761 1595 160 166
internal_count=2274 513 353 1761 1595 160 166
is_linear=0
shrinkage=0.04


Tree=67
num_leaves=8
num_cat=0
split_feature=72 36 65 46 109 41 89
split_gain=3.5962 4.25934 4.93847 2.93187 3.7597 2.26209 1.74418
threshold=0.33574536235866476 0.50029049163786732 -0.484185680444775 1.1567893747598779 0.17530913436845216 -0.81342380199542486 -0.44918582893595871
decision_type=2 2 2 2 2 2 2
left_child=1 2 -1 5 -5 -2 -3
right_child=3 6 -4 4 -6 -7 -8
leaf_value=0.000214854408873884 -0.00031203900862966367 -0.00024959941696648866 -0.00010528082541622992 0.00046262776477308559 -1.6931039228978984e-07 0.00012340885501528455 -0.00059844329905873474
leaf_weight=256 103 177 932 46 41 539 180
leaf_count=256 103 177 932 46 41 539 180
internal_value=-0.000465729 -0.00155785 -0.000403361 0.00184679 0.00865169 0.000900621 -0.00537604
internal_weight=2274 1545 1188 729 87 642 357
internal_count=2274 1545 1188 729 87 642 357
is_linear=0
shrinkage=0.04


Tree=68
num_leaves=8
num_cat=0
split_feature=72 106 46 36 58 33 14
split_gain=3.59158 5.17251 3.8666 3.54231 3.07987 2.18584 1.89642
threshold=0.097038039139326973 0.46303184936157288 1.3116201439511317 0.50029049163786732 -0.28847602763836327 -0.8148295278683434 1.1509111627142918
decision_type=2 2 2 2 2 2 2
left_child=3 2 -2 4 -1 -3 -5
right_child=1 5 -4 6 -6 -7 -8
leaf_value=-0.00045252208464452003 0.00014030469406563564 0.00016732913315138778 0.00033923366255451465 -0.00057126384560547607 5.5337854802485768e-05 -0.00028915147408992327 1.7713184743986949e-05
leaf_weight=297 608 73 79 257 668 239 53
leaf_count=297 608 73 79 257 668 239 53
internal_value=-0.000465729 0.00132867 0.0032656 -0.00187157 -0.000672182 -0.00292994 -0.00557692
internal_weight=2274 999 687 1275 965 312 310
internal_count=2274 999 687 1275 965 312 310
is_linear=0
shrinkage=0.04


Tree=69
num_leaves=5
num_cat=0
split_feature=71 14 30 37
split_gain=3.24087 4.30581 4.65394 3.89578
threshold=3.3231807553575572 -0.65597332635365635 0.051669833556510385 -0.7891976347269869
decision_type=2 2 2 2
left_child=1 3 -3 -1
right_child=-2 2 -4 -5
leaf_value=0.00033478697708688075 0.00067215677156192474 0.00015182703813664572 -0.00012589052990843717 -0.00044545985543569271
leaf_weight=54 45 921 924 330
leaf_count=54 45 921 924 330
internal_value=-0.000395431 -0.000614074 0.000189496 -0.00445596
internal_weight=2274 2229 1845 384
internal_count=2274 2229 1845 384
is_linear=0
shrinkage=0.04


Tree=70
num_leaves=8
num_cat=0
split_feature=72 106 46 65 102 33 90
split_gain=3.55881 4.44337 4.07708 3.40585 5.06291 2.3791 2.34713
threshold=0.10257582568229161 0.46303184936157288 1.3116201439511317 -0.20143290002066819 -0.38644327909050247 -0.70684955965914209 -0.90217376202601862
decision_type=2 2 2 2 2 2 2
left_child=3 2 -2 4 -1 -3 -5
right_child=1 5 -4 6 -6 -7 -8
leaf_value=0.00040292535299722113 0.00013520424298159862 6.5389021071777387e-05 0.00032062816036806295 9.3855235731591665e-05 -4.7883724042926365e-05 -0.00029745188812269633 -0.00043136334912979011
leaf_weight=123 597 85 78 63 411 221 696
leaf_count=123 597 85 78 63 411 221 696
internal_value=-0.000360281 0.00145473 0.0032644 -0.00173745 0.000708955 -0.00253247 -0.00345598
internal_weight=2274 981 675 1293 534 306 759
internal_count=2274 981 675 1293 534 306 759
is_linear=0
shrinkage=0.04


Tree=71
num_leaves=8
num_cat=0
split_feature=72 108 46 35 77 65 40
split_gain=3.37962 4.29315 5.37833 3.83387 3.49815 3.33305 1.68142
threshold=0.10257582568229161 -0.30179003657348585 1.2310323708198909 0.63498397952664176 -0.85773250597527706 -0.21629441504015748 0.38706930680382517
decision_type=2 2 2 2 2 2 2
left_child=3 2 -2 5 -3 -1 -5
right_child=1 4 -4 6 -6 -7 -8
leaf_value=0.00011118279101981266 0.00019749590480276128 0.00042293347182931977 0.00084683282231787585 -0.00064661927944683142 -3.2315218187170816e-05 -0.00020085519404728852 -0.00037733627612588489
leaf_weight=392 274 42 41 111 624 655 135
leaf_count=392 274 42 41 111 624 655 135
internal_value=-0.000395431 0.00137335 0.00520505 -0.00173745 -0.000449102 -0.000676835 -0.00620968
internal_weight=2274 981 315 1293 666 1047 246
internal_count=2274 981 315 1293 666 1047 246
is_linear=0
shrinkage=0.04


Tree=72
num_leaves=8
num_cat=0
split_feature=77 3 105 36 9 59 64
split_gain=3.47654 3.94436 3.46095 3.20491 2.5953 2.51007 1.71266
threshold=0.98221162898351611 0.17075914237114156 0.025712686291230889 1.0816391129402814 -0.98335090550603488 1.0974398967906307 -0.72252000225188262
decision_type=2 2 2 2 2 2 2
left_child=2 5 3 -1 -4 -2 -3
right_child=1 6 4 -5 -6 -7 -8
leaf_value=9.3018441476724477e-05 0.00059875282428784092 -0.00050255348635424603 0.00014810446766869514 -0.00061561285952092175 -0.00021971514667505109 3.9049078557317347e-05 0.00025176130685339722
leaf_weight=882 96 82 119 87 850 65 93
leaf_count=882 96 82 119 87 850 65 93
internal_value=-0.00043058 0.00331361 -0.00108247 0.000607621 -0.00277034 0.00779141 -0.000847458
internal_weight=2274 336 1938 969 969 161 175
internal_count=2274 336 1938 969 969 161 175
is_linear=0
shrinkage=0.04


Tree=73
num_leaves=7
num_cat=0
split_feature=15 65 14 105 74 40
split_gain=3.25117 3.83789 5.06154 4.09528 0.838604 0.0383222
threshold=0.98834581387397702 -0.51179602987403594 0.37535253683098257 -0.84578853136260679 -0.17528418738935525 -0.28459589869004609
decision_type=2 2 2 2 2 2
left_child=1 2 -1 -3 -2 -6
right_child=4 3 -4 -5 5 -7
leaf_value=-2.7208833979902384e-05 -0.00021599980654323587 0.00023330935019981583 0.00036410489815841247 -8.2583449644940061e-05 -0.00035104956352526864 -0.00084441133061364789
leaf_weight=242 57 226 199 1460 40 50
leaf_count=242 57 226 199 1460 40 50
internal_value=-0.000395431 4.69704e-06 0.00331828 -0.000864929 -0.00610738 -0.00847826
internal_weight=2274 2127 441 1686 147 90
internal_count=2274 2127 441 1686 147 90
is_linear=0
shrinkage=0.04


Tree=74
num_leaves=7
num_cat=0
split_feature=72 70 33 37 94 11
split_gain=3.49412 3.42526 3.44468 2.39277 4.4833 3.07763
threshold=0.33574536235866476 -1.8311010469458899 0.76406501345937394 1.2703417610123162 0.24261334161842116 -0.50026853649594272
decision_type=2 2 2 2 2 2
left_child=1 -1 -3 4 -2 -5
right_child=3 2 -4 5 -6 -7
leaf_value=0.00033738029188831286 0.00014555496689216705 -3.6198124070262603e-05 -0.0005166958946065805 -7.9370383284743944e-05 -0.00020718057629559681 0.00067760473357796752
leaf_weight=63 404 1270 212 45 209 71
leaf_count=63 404 1270 212 45 209 71
internal_value=-0.000377856 -0.00145443 -0.00184636 0.0019015 0.000894309 0.00711864
internal_weight=2274 1545 1482 729 613 116
internal_count=2274 1545 1482 729 613 116
is_linear=0
shrinkage=0.04


Tree=75
num_leaves=8
num_cat=0
split_feature=77 6 58 36 9 59 64
split_gain=3.22873 3.86518 3.20881 3.90356 3.79517 2.20426 1.39255
threshold=0.98221162898351611 0.16561097627854646 -0.19456314786408788 0.56941865039389405 -0.5898394610521146 1.0974398967906307 -0.56946291372175595
decision_type=2 2 2 2 2 2 2
left_child=2 5 4 -4 -1 -2 -3
right_child=1 6 3 -5 -6 -7 -8
leaf_value=2.5722640735376528e-05 0.00055754180310351429 -0.00037469985192155152 9.5732510093309996e-05 -0.00026783959396677433 -0.00044671390939339647 5.5315592633164989e-05 0.00024631947561532203
leaf_weight=271 96 92 865 302 500 64 84
leaf_count=271 96 92 865 302 500 64 84
internal_value=-0.000413005 0.00319527 -0.00104124 0.000282293 -0.0030401 0.00765432 -0.000898876
internal_weight=2274 336 1938 1167 771 160 176
internal_count=2274 336 1938 1167 771 160 176
is_linear=0
shrinkage=0.04


Tree=76
num_leaves=6
num_cat=0
split_feature=71 58 60 73 24
split_gain=3.50159 3.1217 3.68993 3.41611 2.86883
threshold=2.9103728409820779 -0.28847602763836327 -1.6340200163882213 -0.077662909812029876 0.044364633789962679
decision_type=2 2 2 2 2
left_child=1 2 -1 -3 -2
right_child=4 3 -4 -5 -6
leaf_value=0.00032178076342852219 7.4422903570798288e-05 -8.7789995123771251e-05 -0.00029100766457035255 0.00010730984019069607 0.00082088870243365506
leaf_weight=81 69 738 681 657 48
leaf_count=81 69 738 681 657 48
internal_value=-0.000377856 -0.000745716 -0.00280105 0.000379384 0.00630252
internal_weight=2274 2157 762 1395 117
internal_count=2274 2157 762 1395 117
is_linear=0
shrinkage=0.04


Tree=77
num_leaves=7
num_cat=0
split_feature=16 37 14 32 65 2
split_gain=3.10558 3.79319 4.64165 3.74785 0.91792 0.156835
threshold=1.0334906629130296 -0.97614194850119651 -0.65597332635365635 0.38584247851697745 -0.79810724863520643 1.052862638951354
decision_type=2 2 2 2 2 2
left_child=1 3 -3 -1 -2 -6
right_child=4 2 -4 -5 5 -7
leaf_value=0.00054896758805479142 -6.5610312715175535e-05 -0.00029531398874112382 1.8428693245603755e-05 -0.00029192305094089986 -0.0008028199622656751 -0.00060990225309771895
leaf_weight=127 59 368 1583 40 57 40
leaf_count=127 59 368 1583 40 57 40
internal_value=-0.000413005 -9.43396e-06 -0.000506912 0.00573964 -0.00582278 -0.00818182
internal_weight=2274 2118 1951 167 156 97
internal_count=2274 2118 1951 167 156 97
is_linear=0
shrinkage=0.04


Tree=78
num_leaves=8
num_cat=0
split_feature=72 35 108 46 79 13 13
split_gain=3.18431 3.78102 3.4785 4.32758 3.27348 2.845 1.54854
threshold=0.10257582568229161 0.63498397952664176 -0.30179003657348585 1.2310323708198909 -0.45096259473083616 1.6326189304764906 0.43666408990098249
decision_type=2 2 2 2 2 2 2
left_child=1 4 3 -2 -1 -4 -3
right_child=2 6 5 -5 -6 -7 -8
leaf_value=0.00026706367422110424 0.00016620199995488708 -0.00049276107295926795 -4.569014092562038e-05 0.0007924954809797255 -7.2553811156203521e-05 0.00029918924872821386 -0.0001764666144118883
leaf_weight=166 274 164 597 41 881 69 82
leaf_count=166 274 164 597 41 881 69 82
internal_value=-0.000465729 -0.00176834 0.00125127 0.00470032 -0.000714967 -0.000389222 -0.00620968
internal_weight=2274 1293 981 315 1047 666 246
internal_count=2274 1293 981 315 1047 666 246
is_linear=0
shrinkage=0.04


Tree=79
num_leaves=7
num_cat=0
split_feature=4 71 106 13 105 89
split_gain=3.04533 3.402 3.65826 2.41838 0.826006 0.507192
threshold=1.0050286683236789 2.9767745933485457 -0.92713335895136784 1.4081967644062929 -0.67929207038791573 0.2441390552497342
decision_type=2 2 2 2 2 2
left_child=1 2 -1 -3 -2 -6
right_child=4 3 -4 -5 5 -7
leaf_value=0.00018875828319409705 -0.00011217881838618858 4.8629557253379933e-05 -3.7015203728891779e-05 0.00096901851993387578 -0.0005844176217515083 -0.00035091681341892943
leaf_weight=201 46 50 1823 44 70 40
leaf_count=201 46 50 1823 44 70 40
internal_value=-0.000465729 -6.60377e-05 -0.00041461 0.00729167 -0.00582278 -0.00767857
internal_weight=2274 2118 2024 94 156 110
internal_count=2274 2118 2024 94 156 110
is_linear=0
shrinkage=0.04


Tree=80
num_leaves=7
num_cat=0
split_feature=16 65 14 28 65 2
split_gain=3.08543 3.72183 4.95677 3.55413 0.91792 0.156835
threshold=1.0334906629130296 -0.45569881484922048 -0.68018818922043789 0.33383382093714015 -0.79810724863520643 1.052862638951354
decision_type=2 2 2 2 2 2
left_child=1 2 -1 -3 -2 -6
right_child=4 3 -4 -5 5 -7
leaf_value=-0.00041289014433668351 -7.1680495068541654e-05 -0.00014747964861139704 0.00025093380983483028 9.5910863501236235e-05 -0.00076632440317964427 -0.00055411771879752326
leaf_weight=85 59 1107 399 527 57 40
leaf_count=85 59 1107 399 527 57 40
internal_value=-0.00043058 -2.83019e-05 0.00304527 -0.00094132 -0.00582278 -0.00818182
internal_weight=2274 2118 484 1634 156 97
internal_count=2274 2118 484 1634 156 97
is_linear=0
shrinkage=0.04


Tree=81
num_leaves=7
num_cat=0
split_feature=2 106 42 45 91 36
split_gain=3.2308 4.31183 3.8806 3.47495 2.48265 2.21384
threshold=0.13640264988063536 0.51854807393507873 0.5874277420764763 1.7980107336355375 0.76053857371181877 0.56941865039389405
decision_type=2 2 2 2 2 2
left_child=1 3 -3 -1 5 -2
right_child=4 2 -4 -5 -6 -7
leaf_value=8.323407940242708e-05 -8.2497890599241015e-06 -0.0002813153318613841 0.00038890936919406448 0.0004557488622158107 -0.00094275438143731551 -0.00034197867812231969
leaf_weight=889 641 315 40 73 81 235
leaf_count=889 641 315 40 73 81 235
internal_value=-0.000413005 0.000871873 -0.00288515 0.00226141 -0.00217935 -0.00154897
internal_weight=2274 1317 355 962 957 876
internal_count=2274 1317 355 962 957 876
is_linear=0
shrinkage=0.04


Tree=82
num_leaves=7
num_cat=0
split_feature=16 37 28 101 106 27
split_gain=3.14606 3.43976 4.49505 4.40129 0.74099 0.292316
threshold=1.0334906629130296 -0.97614194850119651 -0.78233959350109028 0.30710884546055678 -0.89627293365300409 0.85398228492387251
decision_type=2 2 2 2 2 2
left_child=1 2 -1 -3 -2 -6
right_child=4 3 -4 -5 5 -7
leaf_value=0.00085719913281035571 -0.00019950252502896261 -0.00010558793375360538 8.9906512086491974e-05 8.0170966040944152e-05 -0.00075531811535220722 -0.00040483045361990836
leaf_weight=47 48 1222 120 729 57 51
leaf_count=47 48 1222 120 729 57 51
internal_value=-0.000377856 2.83019e-05 0.00550296 -0.000445469 -0.00582278 -0.00763636
internal_weight=2274 2118 167 1951 156 108
internal_count=2274 2118 167 1951 156 108
is_linear=0
shrinkage=0.04


Tree=83
num_leaves=8
num_cat=0
split_feature=72 46 108 36 59 84 9
split_gain=3.2241 3.33222 4.01968 3.30096 4.09716 2.08539 1.85205
threshold=0.33574536235866476 1.1567893747598779 0.016070730355945487 0.5419051811723653 -0.4532249859577851 0.92570091951386757 -0.2842898594047692
decision_type=2 2 2 2 2 2 2
left_child=3 5 -3 4 -1 -2 -5
right_child=1 2 -4 6 -6 -7 -8
leaf_value=0.00036906842987412773 5.2005272258742739e-06 0.00029043260690552006 4.2117523360948875e-05 3.1930573672706508e-05 -5.7547849157510437e-05 0.00039545358218452177 -0.00041816407239400047
leaf_weight=179 588 40 47 49 1040 54 277
leaf_count=179 588 40 47 49 1040 54 277
internal_value=-0.000342707 0.00184679 0.00910112 -0.00137686 -0.00041769 0.000838509 -0.00493902
internal_weight=2274 729 87 1545 1219 642 326
internal_count=2274 729 87 1545 1219 642 326
is_linear=0
shrinkage=0.04


Tree=84
num_leaves=8
num_cat=0
split_feature=106 72 33 83 28 82 0
split_gain=2.97673 4.29973 3.11851 2.84888 2.86691 2.74395 2.03851
threshold=0.46303184936157288 0.23128406810411958 1.0874150071989974 0.71579718670476022 0.63938040634130988 0.53481161408934763 -0.1498584344849509
decision_type=2 2 2 2 2 2 2
left_child=1 2 -1 6 -5 -3 -2
right_child=3 5 -4 4 -6 -7 -8
leaf_value=-1.0558711975850038e-05 -0.00011575356213531594 8.6687355077150576e-05 -0.00046953533635111806 0.00021262514275819009 -0.00010924330114992247 0.00087347852751879255 -0.00059820683460116845
leaf_weight=997 227 504 83 82 41 81 259
leaf_count=997 227 504 83 82 41 81 259
internal_value=-0.000377856 0.0004979 -0.000998152 -0.00276596 0.00264 0.00325383 -0.00413934
internal_weight=2274 1665 1080 609 123 585 486
internal_count=2274 1665 1080 609 123 585 486
is_linear=0
shrinkage=0.04


Tree=85
num_leaves=6
num_cat=0
split_feature=71 106 33 14 24
split_gain=3.1232 3.30413 4.89708 3.79722 2.51555
threshold=2.9103728409820779 -0.89627293365300409 -0.14247303732788472 -0.65597332635365635 0.044364633789962679
decision_type=2 2 2 2 2
left_child=1 2 -1 -3 -2
right_child=4 3 -4 -5 -6
leaf_value=0.00038575727797050488 2.6137281444653106e-05 -0.00039891759923747712 2.1622996018726e-05 -1.2186959764034777e-05 0.00079594611219376932
leaf_weight=63 69 320 186 1588 48
leaf_count=63 69 320 186 1588 48
internal_value=-0.000342707 -0.000690134 0.0036255 -0.00125654 0.00596639
internal_weight=2274 2157 249 1908 117
internal_count=2274 2157 249 1908 117
is_linear=0
shrinkage=0.04


Tree=86
num_leaves=7
num_cat=0
split_feature=2 106 44 10 42 24
split_gain=3.44297 3.96396 3.42748 3.38041 3.0569 2.2573
threshold=0.13640264988063536 0.51854807393507873 0.6026504664698068 2.0233792338068999 0.5874277420764763 0.71542116413217394
decision_type=2 2 2 2 2 2
left_child=1 2 -1 5 -3 -2
right_child=3 4 -4 -5 -6 -7
leaf_value=4.6343531666730234e-05 -8.790492306456496e-05 -0.00024939029382561656 0.00034022181826112908 0.0005025119015736627 0.00037288440385189965 -0.00053789255976217779
leaf_weight=783 745 315 179 51 40 161
leaf_count=783 745 315 179 51 40 161
internal_value=-0.000272408 0.00105383 0.00238589 -0.00209593 -0.00254902 -0.0026652
internal_weight=2274 1317 962 957 355 906
internal_count=2274 1317 962 957 355 906
is_linear=0
shrinkage=0.04


Tree=87
num_leaves=8
num_cat=0
split_feature=15 106 37 37 65 101 90
split_gain=2.8302 3.95529 4.58845 3.31199 1.61512 2.94728 1.15966
threshold=0.76203409824421697 0.32535062102826789 -0.97614194850119651 0.09637745570758513 -0.79810724863520643 0.60860348983288326 -0.13224748027119199
decision_type=2 2 2 2 2 2 2
left_child=1 2 -1 -3 5 -2 -6
right_child=4 3 -4 -5 6 -7 -8
leaf_value=0.00058992103670359262 0.00036938024838288673 -0.00033861847154458528 2.9538289007314951e-05 1.0066354087339691e-05 -0.00045716789841491177 -0.00039223040390208672 -0.00030035671861687515
leaf_weight=111 40 327 1133 385 112 44 122
leaf_count=111 40 327 1133 385 112 44 122
internal_value=-0.000325132 0.000245148 0.00160514 -0.00212885 -0.0038125 0.000930233 -0.00550847
internal_weight=2274 1956 1244 712 318 84 234
internal_count=2274 1956 1244 712 318 84 234
is_linear=0
shrinkage=0.04


Tree=88
num_leaves=5
num_cat=0
split_feature=36 58 8 42
split_gain=2.9117 3.10761 3.26097 2.56014
threshold=-1.3227733232418362 -0.18878607888109936 0.37293526746886613 0.82649725011207131
decision_type=2 2 2 2
left_child=-1 3 -3 -2
right_child=1 2 -4 -5
leaf_value=0.00027181931341371341 -0.00020583890589301803 9.0220778046003845e-05 -0.00010386409619541237 0.00015277724529361075
leaf_weight=72 796 880 457 69
leaf_count=72 796 880 457 69
internal_value=-0.000237258 -0.000499093 0.000709485 -0.00236448
internal_weight=2274 2202 1337 865
internal_count=2274 2202 1337 865
is_linear=0
shrinkage=0.04


Tree=89
num_leaves=7
num_cat=0
split_feature=15 101 39 37 105 88
split_gain=2.92842 3.44802 5.55347 4.60151 0.94836 0.422935
threshold=0.98834581387397702 0.30710884546055678 1.2119873642263126 -1.1433962949802772 -0.71221718832688952 0.056000314964673455
decision_type=2 2 2 2 2 2
left_child=1 3 -3 -1 -2 -6
right_child=4 2 -4 -5 5 -7
leaf_value=0.00074560091453289821 -0.00012475414093295851 1.4077828643376985e-05 0.00086531116068811528 -7.2288889511674113e-05 -0.00071301397180284542 -0.0002964993406170383
leaf_weight=60 42 650 112 1305 62 43
leaf_count=60 42 650 112 1305 62 43
internal_value=-0.000149385 0.000230155 0.0023822 -0.000972933 -0.00557047 -0.00757009
internal_weight=2274 2127 762 1365 147 105
internal_count=2274 2127 762 1365 147 105
is_linear=0
shrinkage=0.04


Tree=90
num_leaves=6
num_cat=0
split_feature=4 65 14 17 83
split_gain=3.09734 3.59325 3.4461 3.40552 0.749336
threshold=1.0050286683236789 -0.45569881484922048 -0.68018818922043789 -0.38593688279387545 0.21259863460006886
decision_type=2 2 2 2 2
left_child=1 2 -1 -3 -2
right_child=4 3 -4 -5 -6
leaf_value=-0.00037493211407864282 -0.00052244896489763858 5.1864138006068592e-05 0.00018895352410427978 -0.00015619058607616178 -0.00019970648631561976
leaf_weight=88 79 648 426 956 77
leaf_count=88 79 648 426 956 77
internal_value=-0.00016696 0.000235849 0.00313953 -0.000697385 -0.00556962
internal_weight=2274 2118 514 1604 156
internal_count=2274 2118 514 1604 156
is_linear=0
shrinkage=0.04


Tree=91
num_leaves=7
num_cat=0
split_feature=15 106 42 38 65 87
split_gain=2.98141 3.19019 3.8058 3.14713 1.08363 0.522854
threshold=0.96642692028944099 0.45790843004862619 0.78819680622680177 -1.027490028125899 -0.79810724863520643 0.1756665446369641
decision_type=2 2 2 2 2 2
left_child=1 3 -3 -1 -2 -6
right_child=4 2 -4 -5 5 -7
leaf_value=0.00059843847725235696 -3.5471774936996564e-05 -0.00019539782210163263 0.00045324267779475947 1.7806721656707935e-05 -0.00062172396270968814 -0.00027602087002068134
leaf_weight=56 50 550 53 1450 67 48
leaf_count=56 50 550 53 1450 67 48
internal_value=-0.000184534 0.000222643 -0.0022314 0.0012069 -0.00532934 -0.0074359
internal_weight=2274 2109 603 1506 165 115
internal_count=2274 2109 603 1506 165 115
is_linear=0
shrinkage=0.04


Tree=92
num_leaves=7
num_cat=0
split_feature=16 65 14 28 47 91
split_gain=3.07723 3.9284 4.2988 3.7758 0.9658 0.500433
threshold=1.0334906629130296 -0.45569881484922048 -0.68018818922043789 0.33383382093714015 1.4430904286904096 0.071656925723465645
decision_type=2 2 2 2 2 2
left_child=1 2 -1 -3 5 -2
right_child=4 3 -4 -5 -6 -7
leaf_value=-0.00037993066979795679 -0.00038704118064546367 -0.00013592390551550942 0.00022372052525768474 6.790465084930634e-05 -9.1590647557227643e-05 -0.00038613414882321092
leaf_weight=85 68 1107 399 527 48 40
leaf_count=85 68 1107 399 527 48 40
internal_value=-0.000184534 0.000216981 0.00337449 -0.000721271 -0.00556962 -0.00763636
internal_weight=2274 2118 484 1634 156 108
internal_count=2274 2118 484 1634 156 108
is_linear=0
shrinkage=0.04


Tree=93
num_leaves=8
num_cat=0
split_feature=72 65 102 106 33 45 31
split_gain=3.02925 3.55399 4.66938 3.02329 2.9151 2.71995 2.51689
threshold=0.10257582568229161 -0.19401694020841839 -0.38644327909050247 0.49935809713195606 -0.8148295278683434 1.7308647579410334 0.33698336667553691
decision_type=2 2 2 2 2 2 2
left_child=1 2 -1 5 -5 -2 -3
right_child=3 6 -4 4 -6 -7 -8
leaf_value=0.00031022276641836586 6.8774542063039924e-05 -0.00012923594454810684 -6.9159877530170497e-05 0.00019946592550145102 -0.00021340324142188655 0.00031966016189991127 -0.00062772131095881927
leaf_weight=126 614 566 417 71 226 70 184
leaf_count=126 614 566 417 71 226 70 184
internal_value=-0.000219684 -0.00149035 0.000972477 0.00145473 -0.00190635 0.00291545 -0.00327128
internal_weight=2274 1293 543 981 297 684 750
internal_count=2274 1293 543 981 297 684 750
is_linear=0
shrinkage=0.04


Tree=94
num_leaves=7
num_cat=0
split_feature=30 106 84 37 10 28
split_gain=2.76011 4.19966 6.52019 2.75648 2.56354 1.5461
threshold=0.59052284768388319 -0.89627293365300409 -0.99911278633859035 -1.0535533276695246 1.9733828774447637 0.3483599318736153
decision_type=2 2 2 2 2 2
left_child=1 2 -1 -3 5 -2
right_child=4 3 -4 -5 -6 -7
leaf_value=-0.00029063048114527082 -8.9059546581052068e-05 0.00020506201892651782 0.00054242540599006689 -2.1758090511687264e-05 0.00046485321368997884 -0.00037469070860352173
leaf_weight=80 242 95 103 1534 41 179
leaf_count=80 242 95 103 1534 41 179
internal_value=-0.000307557 0.000396913 0.00610811 -0.00025138 -0.00306034 -0.00399527
internal_weight=2274 1812 183 1629 462 421
internal_count=2274 1812 183 1629 462 421
is_linear=0
shrinkage=0.04


Tree=95
num_leaves=7
num_cat=0
split_feature=0 77 24 106 2 108
split_gain=2.92196 2.81081 2.42892 2.30536 2.56989 2.08508
threshold=-0.14181607363911045 1.1456468037391125 -0.60821671622251394 0.45790843004862619 0.13640264988063536 0.31715249284838348
decision_type=2 2 2 2 2 2
left_child=1 2 -1 4 -2 -5
right_child=3 -3 -4 5 -6 -7
leaf_value=0.00021344736634655681 7.7145860708753775e-05 0.00037143510395411033 -7.9048732728645089e-06 0.00029602714101198483 -0.00014050540269410443 -0.00036738831176482371
leaf_weight=183 400 71 700 53 594 273
leaf_count=183 400 71 700 53 594 273
internal_value=-0.000325132 0.00135983 0.000734463 -0.00154312 -0.000582329 -0.00445122
internal_weight=2274 954 883 1320 994 326
internal_count=2274 954 883 1320 994 326
is_linear=0
shrinkage=0.04


Tree=96
num_leaves=8
num_cat=0
split_feature=72 85 40 65 0 102 28
split_gain=2.6686 3.06845 2.97314 2.78328 3.44916 2.75272 1.74749
threshold=0.44158385212972417 0.38018982651449679 -0.21635026041757913 0.025298892756587772 -0.17611139431954692 -0.65965393181996546 0.39845398778724433
decision_type=2 2 2 2 2 2 2
left_child=3 2 -2 5 -5 -1 -3
right_child=1 6 -4 4 -6 -7 -8
leaf_value=0.00019390622370817206 0.0001710235211199368 0.00096999382013857993 -4.3501133824746731e-05 -7.7186824022086602e-07 -0.00033299052487431412 -1.5990788240611218e-05 5.1049594955261922e-05
leaf_weight=123 195 41 354 338 424 759 40
leaf_count=123 195 41 354 338 424 759 40
internal_value=-0.000342707 0.00186709 0.000780399 -0.00119077 -0.00295812 0.000339367 0.00903614
internal_weight=2274 630 549 1644 762 882 81
internal_count=2274 630 549 1644 762 882 81
is_linear=0
shrinkage=0.04


Tree=97
num_leaves=6
num_cat=0
split_feature=15 70 65 74 40
split_gain=2.65059 2.90291 2.8805 0.916233 0.130723
threshold=0.98834581387397702 -1.976721480310303 -0.36785345307926931 -0.17528418738935525 -0.24941552200197264
decision_type=2 2 2 2 2
left_child=1 -1 -3 -2 -5
right_child=3 2 -4 4 -6
leaf_value=0.0004600386285530363 -0.0001467419113887064 8.5279989995783737e-05 -3.996289582274037e-05 -0.00016253510023654837 -0.00063964536058232105
leaf_weight=43 57 550 1534 41 49
leaf_count=43 57 550 1534 41 49
internal_value=-0.000413005 -5.16674e-05 -0.000268456 -0.00557047 -0.00804348
internal_weight=2274 2127 2084 147 90
internal_count=2274 2127 2084 147 90
is_linear=0
shrinkage=0.04


Tree=98
num_leaves=5
num_cat=0
split_feature=23 25 77 53
split_gain=2.77542 3.28283 2.62016 0.758776
threshold=1.1670021939375237 1.1630059223780782 1.3659027563193786 1.0000000180025095e-35
decision_type=2 2 2 2
left_child=1 2 -1 -2
right_child=3 -3 -4 -5
leaf_value=-2.179985463337003e-05 -0.00015363133430238327 0.00044915677918418249 0.00031272089356331265 -0.00049699097530387791
leaf_weight=1977 55 49 128 65
leaf_count=1977 55 49 128 65
internal_value=-0.000360281 -2.78293e-05 -0.000270527 -0.00622951
internal_weight=2274 2154 2105 120
internal_count=2274 2154 2105 120
is_linear=0
shrinkage=0.04


Tree=99
num_leaves=6
num_cat=0
split_feature=31 70 72 7 7
split_gain=2.65059 3.57051 2.9047 0.851775 0.102842
threshold=1.0405445391233032 -1.8311010469458899 0.10257582568229161 0.73413480175973966 -0.063361841491800699
decision_type=2 2 2 2 2
left_child=1 -1 -3 4 -2
right_child=3 2 -4 -5 -6
leaf_value=0.00047721767388879426 -0.00075337073635648203 -7.571675429962621e-05 5.4268587225819596e-05 -0.0001127405509288805 -0.00034357968449813021
leaf_weight=45 41 1145 937 51 55
leaf_count=45 41 1145 937 51 55
internal_value=-0.000413005 -5.16674e-05 -0.000297505 -0.00557047 -0.0077551
internal_weight=2274 2127 2082 147 96
internal_count=2274 2127 2082 147 96
is_linear=0
shrinkage=0.04


Tree=100
num_leaves=7
num_cat=0
split_feature=4 65 28 37 105 36
split_gain=2.60661 2.85287 3.92142 3.47744 0.966301 0.715526
threshold=1.0050286683236789 -0.45569881484922048 0.33383382093714015 0.64110456212816203 -0.67929207038791573 0.42119337198368489
decision_type=2 2 2 2 2 2
left_child=1 3 -3 -1 -2 -6
right_child=4 2 -4 -5 5 -7
leaf_value=0.00016119275364468623 -3.8290103479135635e-05 -0.00012157715818538535 9.1009248601306474e-05 -0.00025964737216891526 -0.00018269760424273501 -0.00046411256158672068
leaf_weight=446 46 1110 494 68 40 70
leaf_count=446 46 1110 494 68 40 70
internal_value=-0.000360281 9.43396e-06 -0.000821918 0.0025969 -0.00531646 -0.00732143
internal_weight=2274 2118 1604 514 156 110
internal_count=2274 2118 1604 514 156 110
is_linear=0
shrinkage=0.04


Tree=101
num_leaves=7
num_cat=0
split_feature=15 106 42 38 105 7
split_gain=2.5319 2.72639 3.97995 3.01174 1.08643 0.296905
threshold=0.99744960568911467 0.45790843004862619 0.84577119200280271 -1.027490028125899 -0.71221718832688952 0.021299901989963486
decision_type=2 2 2 2 2 2
left_child=1 3 -3 -1 -2 -6
right_child=4 2 -4 -5 5 -7
leaf_value=0.00055749373534700036 -5.8192666739904746e-06 -0.00016803237856938055 0.00040846143111721109 1.0873982370380938e-05 -0.00068279987770711401 -0.0002152982060040471
leaf_weight=58 40 558 49 1471 58 40
leaf_count=58 40 558 49 1471 58 40
internal_value=-0.000360281 -1.87091e-05 -0.00228243 0.000881777 -0.00557143 -0.0078
internal_weight=2274 2136 607 1529 138 98
internal_count=2274 2136 607 1529 138 98
is_linear=0
shrinkage=0.04


Tree=102
num_leaves=6
num_cat=0
split_feature=4 70 95 105 34
split_gain=2.34712 2.64939 3.02154 0.868652 0.56974
threshold=1.0050286683236789 -1.8311010469458899 -0.060866438012495999 -0.67929207038791573 0.92755961172434354
decision_type=2 2 2 2 2
left_child=1 -1 -3 -2 -5
right_child=3 2 -4 4 -6
leaf_value=0.00043719121979720249 -3.7026526144341678e-05 -7.0391522170982977e-05 3.4868297137880773e-05 -6.0661164100497128e-05 -0.00044265965024039476
leaf_weight=47 46 968 1103 41 69
leaf_count=47 46 968 1103 41 69
internal_value=-0.000360281 -9.43396e-06 -0.000226725 -0.00506329 -0.00696429
internal_weight=2274 2118 2071 156 110
internal_count=2274 2118 2071 156 110
is_linear=0
shrinkage=0.04


Tree=103
num_leaves=6
num_cat=0
split_feature=31 70 95 7 7
split_gain=2.72335 2.98967 2.81745 0.851775 0.102842
threshold=1.0405445391233032 -1.8311010469458899 -0.15977706907682895 0.73413480175973966 -0.063361841491800699
decision_type=2 2 2 2 2
left_child=1 -1 -3 4 -2
right_child=3 2 -4 -5 -6
leaf_value=0.00044506944517395453 -0.00072663518549421135 -8.0346096200964573e-05 3.2218543665569353e-05 -9.1332532513478041e-05 -0.00032122047879767365
leaf_weight=45 41 898 1184 51 55
leaf_count=45 41 898 1184 51 55
internal_value=-0.000342707 2.34852e-05 -0.000201536 -0.00557047 -0.0077551
internal_weight=2274 2127 2082 147 96
internal_count=2274 2127 2082 147 96
is_linear=0
shrinkage=0.04


Tree=104
num_leaves=7
num_cat=0
split_feature=72 46 36 59 4 71
split_gain=2.59715 3.59441 3.05921 3.61245 1.98423 1.86699
threshold=0.38059206509690041 1.1567893747598779 0.5419051811723653 -0.4532249859577851 -0.28056423092727883 -0.33481076608586441
decision_type=2 2 2 2 2 2
left_child=2 5 3 -1 -4 -2
right_child=1 -3 4 -5 -6 -7
leaf_value=0.00035054009915328892 0.00025145625901430604 0.00018362044774527055 7.4453152293932375e-05 -5.0738985757822206e-05 -0.00034530151168844076 -2.4067964306645312e-06
leaf_weight=185 71 78 50 1081 283 526
leaf_count=185 71 78 50 1081 283 526
internal_value=-0.000289982 0.0017873 -0.00116802 -0.000268139 -0.00456716 0.000717863
internal_weight=2274 675 1599 1266 333 597
internal_count=2274 675 1599 1266 333 597
is_linear=0
shrinkage=0.04


Tree=105
num_leaves=7
num_cat=0
split_feature=16 65 14 42 17 40
split_gain=2.66236 3.30652 4.12996 3.56994 0.946149 0.490342
threshold=1.0334906629130296 -0.45569881484922048 -0.71436310045831719 0.79833032292820127 0.72279590803172822 -0.52357409273015454
decision_type=2 2 2 2 2 2
left_child=1 2 -1 -3 5 -2
right_child=4 3 -4 -5 -6 -7
leaf_value=-0.00038581421952265413 -2.1947012956247401e-05 -5.4357300871606602e-05 0.0001721442411665912 0.00031941691460255276 7.4566348475183043e-06 -0.00048552074987332622
leaf_weight=79 45 1503 405 131 40 71
leaf_count=79 45 1503 405 131 40 71
internal_value=-0.000307557 6.60377e-05 0.00296296 -0.000794621 -0.00531646 -0.00711864
internal_weight=2274 2118 484 1634 156 116
internal_count=2274 2118 484 1634 156 116
is_linear=0
shrinkage=0.04


Tree=106
num_leaves=6
num_cat=0
split_feature=71 0 72 77 28
split_gain=2.41272 2.5471 2.95663 2.37042 1.79545
threshold=-0.89628530987101929 -0.14181607363911045 0.44158385212972417 1.1003355251653961 -0.45818596000800171
decision_type=2 2 2 2 2
left_child=4 3 -3 -2 -1
right_child=1 2 -4 -5 -6
leaf_value=0.00053589812508035236 4.4584623909139578e-06 -0.00017694522832359689 3.4942060309653686e-05 0.00033764161441296583 7.8121651807344646e-06
leaf_weight=51 840 859 385 82 57
leaf_count=51 840 859 385 82 57
internal_value=-0.000325132 -0.000618081 -0.00179775 0.000974026 0.00545455
internal_weight=2274 2166 1244 922 108
internal_count=2274 2166 1244 922 108
is_linear=0
shrinkage=0.04


Tree=107
num_leaves=7
num_cat=0
split_feature=16 65 20 28 17 0
split_gain=2.38233 3.20549 3.59652 3.43295 1.22945 0.398262
threshold=1.0334906629130296 -0.45569881484922048 0.7508733689988879 0.33383382093714015 0.72279590803172822 0.12343895627054428
decision_type=2 2 2 2 2 2
left_child=1 2 -1 -3 5 -2
right_child=4 3 -4 -5 -6 -7
leaf_value=3.8417115103970973e-05 -0.0001630344195340501 -0.00011224659458785719 0.00041092251289895994 6.9196847803553726e-05 1.4236178586561482e-05 -0.00044833226495212986
leaf_weight=425 49 1107 59 527 40 67
leaf_count=425 49 1107 59 527 40 67
internal_value=-0.000325132 2.83019e-05 0.00288066 -0.000819071 -0.00506329 -0.00711864
internal_weight=2274 2118 484 1634 156 116
internal_count=2274 2118 484 1634 156 116
is_linear=0
shrinkage=0.04


Tree=108
num_leaves=8
num_cat=0
split_feature=2 77 28 37 91 94 80
split_gain=2.29832 3.09275 3.00942 2.98388 2.09003 2.1662 0.118981
threshold=0.13640264988063536 1.0191203788300889 -0.03820865729602501 -0.76103268733998319 0.76053857371181877 -0.11190574682630711 -0.018120736112286592
decision_type=2 2 2 2 2 2 2
left_child=1 3 -3 -1 5 -2 -6
right_child=4 2 -4 -5 6 -7 -8
leaf_value=0.00024027056536807625 -0.00017624564855568832 -5.471479857104583e-05 0.00034161221242738307 -1.7491215731505335e-05 -0.00065023829099134119 1.3303041230536827e-05 -0.00085238504943864815
leaf_weight=144 435 46 98 1029 40 441 41
leaf_count=144 435 46 98 1029 40 441 41
internal_value=-0.000272408 0.000811221 0.00630137 0.00012766 -0.00176225 -0.00118451 -0.00783133
internal_weight=2274 1317 144 1173 957 876 81
internal_count=2274 1317 144 1173 957 876 81
is_linear=0
shrinkage=0.04


Tree=109
num_leaves=8
num_cat=0
split_feature=106 84 29 61 28 33 10
split_gain=2.42038 6.15438 3.09151 2.63935 4.57352 3.1224 1.72507
threshold=-0.89627293365300409 -0.96651475358334571 0.51170812079214534 0.17242967802767337 0.7427261637900936 -1.0473457739221834 -0.10354860326282174
decision_type=2 2 2 2 2 2 2
left_child=1 6 -3 5 -5 -2 -1
right_child=3 2 -4 4 -6 -7 -8
leaf_value=3.0557935858939944e-05 0.0002334770554242862 0.00055032972611888248 2.7597080217410532e-06 0.00010335249356149226 -0.00034339527646931476 -0.00010488341392928297 -0.00036802098568960827
leaf_weight=60 74 90 51 575 109 1258 57
leaf_count=60 74 90 51 575 109 1258 57
internal_value=-0.000325132 0.00330769 0.00888112 -0.000792864 0.00122449 -0.00182909 -0.00344538
internal_weight=2274 258 141 2016 684 1332 117
internal_count=2274 258 141 2016 684 1332 117
is_linear=0
shrinkage=0.04


Tree=110
num_leaves=7
num_cat=0
split_feature=14 30 105 10 61 5
split_gain=2.10682 2.66201 3.51753 3.12036 1.52044 0.0326705
threshold=-1.297636300226549 0.051669833556510385 0.080908720077541865 2.0233792338068999 -0.019882448937981374 -0.51886574944825314
decision_type=2 2 2 2 2 2
left_child=4 2 -2 -3 -1 -6
right_child=1 3 -4 -5 5 -7
leaf_value=3.320862254021147e-05 0.00020166498981253846 -0.00010616050689586168 -1.5770728884035302e-05 0.00055696150154046315 -0.00067366891107237866 -0.0005344897667205915
leaf_weight=40 557 995 536 60 46 40
leaf_count=40 557 995 536 60 46 40
internal_value=-0.000483304 -0.000186047 0.00119635 -0.00161779 -0.00546875 -0.00840909
internal_weight=2274 2148 1093 1055 126 86
internal_count=2274 2148 1093 1055 126 86
is_linear=0
shrinkage=0.04


Tree=111
num_leaves=8
num_cat=0
split_feature=77 45 59 105 46 76 57
split_gain=2.31942 3.25522 4.69364 2.61736 5.95046 2.25774 1.77195
threshold=1.0191203788300889 0.17169872589101673 1.1151209522353069 0.041600540756791704 -0.14750128310616648 0.3371109966735597 -0.16787969241406167
decision_type=2 2 2 2 2 2 2
left_child=3 6 -3 4 -1 -5 -2
right_child=1 2 -4 5 -6 -7 -8
leaf_value=0.00020544932244807661 0.00043951019706932619 0.00055900332800351668 -0.00015451562349939635 -2.8613553998857455e-05 -7.1446628628595582e-05 -0.00023356531034369438 -0.00012390321619059689
leaf_weight=375 49 74 40 609 630 351 146
leaf_count=375 49 74 40 609 630 351 146
internal_value=-0.000413005 0.00279743 0.00810345 -0.000920183 0.000506455 -0.00241164 -0.00035533
internal_weight=2274 309 114 1965 1005 960 195
internal_count=2274 309 114 1965 1005 960 195
is_linear=0
shrinkage=0.04


Tree=112
num_leaves=6
num_cat=0
split_feature=36 77 61 45 45
split_gain=2.35141 2.42977 2.34192 1.92169 0.923055
threshold=-1.2625397417042514 1.5771563880529504 0.17242967802767337 0.42242827963333024 -0.035325792383102836
decision_type=2 2 2 2 2
left_child=3 2 -2 -1 -3
right_child=1 4 -4 -5 -6
leaf_value=-9.2565654869766069e-06 -8.9258095078235681e-05 7.6629360759862543e-06 2.4846161330977361e-05 0.00030258495947093429 0.00042565145690088814
leaf_weight=47 1359 57 724 43 44
leaf_count=47 1359 57 724 43 44
internal_value=-0.000395431 -0.000658737 -0.000954436 0.00586957 0.00533981
internal_weight=2274 2184 2083 90 101
internal_count=2274 2184 2083 90 101
is_linear=0
shrinkage=0.04


Tree=113
num_leaves=8
num_cat=0
split_feature=34 106 85 101 41 59 58
split_gain=2.14582 2.93268 2.77231 2.74781 2.00299 1.44491 0.591085
threshold=0.96011221221797849 -0.89627293365300409 -0.10223744983360071 0.3193202762585029 0.63970591826764656 -0.31571308777233997 0.43928973368427598
decision_type=2 2 2 2 2 2 2
left_child=1 2 -1 -3 5 -2 -6
right_child=4 3 -4 -5 6 -7 -8
leaf_value=1.3410331318905178e-05 0.0001290289021415974 -5.6146245097079826e-05 0.00026760834951270823 5.126247044646117e-05 -0.00051582207263036156 -0.00052974591939962434 -0.00019478717022970029
leaf_weight=137 43 1249 83 595 84 40 43
leaf_count=137 43 1249 83 595 84 40 43
internal_value=-0.000413005 -1.93611e-05 0.00432432 -0.000541712 -0.00424528 0.000588235 -0.00736434
internal_weight=2274 2064 220 1844 210 83 127
internal_count=2274 2064 220 1844 210 83 127
is_linear=0
shrinkage=0.04


Tree=114
num_leaves=5
num_cat=0
split_feature=23 25 77 45
split_gain=2.14581 2.38756 2.38665 0.718827
threshold=1.1670021939375237 1.1630059223780782 1.3659027563193786 0.076324985922986407
decision_type=2 2 2 2
left_child=1 2 -1 -2
right_child=3 -3 -4 -5
leaf_value=-1.8267868798225727e-05 -0.00062424893237953804 0.00030013326071179401 0.00027286126240562766 -5.2024319658427463e-05
leaf_weight=1977 63 49 128 57
leaf_count=1977 63 49 128 57
internal_value=-0.000413005 -0.000120594 -0.00032748 -0.00557377
internal_weight=2274 2154 2105 120
internal_count=2274 2154 2105 120
is_linear=0
shrinkage=0.04


Tree=115
num_leaves=6
num_cat=0
split_feature=10 30 77 10 28
split_gain=2.35189 2.8194 4.20274 3.0716 2.06668
threshold=-1.0149591588743536 0.038123642395331635 1.1299671038790089 2.0233792338068999 -0.57804462593620742
decision_type=2 2 2 2 2
left_child=4 2 -2 -3 -1
right_child=1 3 -4 -5 -6
leaf_value=0.00066530194816447421 3.9065624572501641e-06 -0.00013174578103645917 0.00029232409927164332 0.00056552487812132075 -4.0407588289002454e-05
leaf_weight=40 1083 997 53 60 41
leaf_count=40 1083 997 53 60 41
internal_value=-0.000465729 -0.000715262 0.000667838 -0.00220019 0.00614458
internal_weight=2274 2193 1136 1057 81
internal_count=2274 2193 1136 1057 81
is_linear=0
shrinkage=0.04


Tree=116
num_leaves=6
num_cat=0
split_feature=10 14 30 28 67
split_gain=2.327 2.54147 3.25626 2.06668 0.813865
threshold=-1.0149591588743536 -1.297636300226549 0.051669833556510385 -0.57804462593620742 -0.11456669174275558
decision_type=2 2 2 2 2
left_child=3 4 -3 -1 -2
right_child=1 2 -4 -5 -6
leaf_value=0.0006386898702378951 -0.00049855776098322539 4.2706039897689625e-05 -8.1714297879664779e-05 -3.8791284757442312e-05 -9.094229503695053e-05
leaf_weight=40 69 1066 1018 41 40
leaf_count=40 69 1066 1018 41 40
internal_value=-0.00043058 -0.000678815 -0.000364334 0.00614458 -0.00657658
internal_weight=2274 2193 2084 81 109
internal_count=2274 2193 2084 81 109
is_linear=0
shrinkage=0.04


Tree=117
num_leaves=6
num_cat=0
split_feature=10 101 16 28 28
split_gain=2.28991 2.17902 3.50818 2.9643 2.06668
threshold=-1.0149591588743536 0.3193202762585029 0.82322612593788091 -0.15077234058013264 -0.57804462593620742
decision_type=2 2 2 2 2
left_child=4 3 -3 -2 -1
right_child=1 2 -4 -5 -6
leaf_value=0.00061314227542837933 -0.0002279471552754965 8.4823421378705242e-05 -0.00020797417986755503 5.1669919213571951e-06 -3.7239633367144586e-05
leaf_weight=40 613 657 152 771 41
leaf_count=40 613 657 152 771 41
internal_value=-0.000377856 -0.000624146 0.00102343 -0.0015873 0.00614458
internal_weight=2274 2193 809 1384 81
internal_count=2274 2193 809 1384 81
is_linear=0
shrinkage=0.04


Tree=118
num_leaves=6
num_cat=0
split_feature=10 14 36 28 67
split_gain=2.25311 2.63668 2.9296 2.06668 0.813865
threshold=-1.0149591588743536 -1.297636300226549 -1.3023460489167056 -0.57804462593620742 -0.11456669174275558
decision_type=2 2 2 2 2
left_child=3 4 -3 -1 -2
right_child=1 2 -4 -5 -6
leaf_value=0.00058861658441124425 -0.0004750062264415312 0.00022243213558202364 -1.2464989238295915e-05 -3.575004803245879e-05 -8.7511282912326673e-05
leaf_weight=40 69 72 2012 41 40
leaf_count=40 69 72 2012 41 40
internal_value=-0.000325132 -0.000569476 -0.000249281 0.00614458 -0.00657658
internal_weight=2274 2193 2084 81 109
internal_count=2274 2193 2084 81 109
is_linear=0
shrinkage=0.04


Tree=119
num_leaves=6
num_cat=0
split_feature=14 36 58 61 5
split_gain=2.25802 2.74297 2.60618 1.52044 0.0326705
threshold=-1.297636300226549 -1.3023460489167056 -0.19456314786408788 -0.019882448937981374 -0.51886574944825314
decision_type=2 2 2 2 2
left_child=3 -2 -3 -1 -5
right_child=1 2 -4 4 -6
leaf_value=4.691728708010376e-05 0.00021353485015874262 -0.00011332379594698898 2.4567023125690453e-05 -0.00061895750246073605 -0.00047413003349999652
leaf_weight=40 72 818 1258 46 40
leaf_count=40 72 818 1258 46 40
internal_value=-0.000307557 0 -0.00026949 -0.00546875 -0.00840909
internal_weight=2274 2148 2076 126 86
internal_count=2274 2148 2076 126 86
is_linear=0
shrinkage=0.04


end of trees

feature_importances:
Column_65=42
Column_36=38
Column_106=37
Column_72=31
Column_28=30
Column_71=28
Column_37=25
Column_101=24
Column_77=21
Column_105=17
Column_64=15
Column_14=14
Column_73=13
Column_10=12
Column_16=12
Column_46=12
Column_61=12
Column_70=12
Column_78=12
Column_15=11
Column_7=10
Column_31=10
Column_33=10
Column_2=9
Column_13=9
Column_40=9
Column_42=9
Column_35=8
Column_45=8
Column_95=8
Column_58=7
Column_59=7
Column_83=7
Column_91=7
Column_108=7
Column_3=6
Column_4=6
Column_30=6
Column_84=6
Column_0=5
Column_24=5
Column_25=5
Column_39=5
Column_79=5
Column_90=5
Column_100=5
Column_5=4
Column_17=4
Column_32=4
Column_34=4
Column_38=4
Column_89=4
Column_9=3
Column_27=3
Column_29=3
Column_53=3
Column_102=3
Column_103=3
Column_6=2
Column_8=2
Column_11=2
Column_23=2
Column_26=2
Column_41=2
Column_44=2
Column_47=2
Column_67=2
Column_74=2
Column_76=2
Column_85=2
Column_87=2
Column_93=2
Column_94=2
Column_104=2
Column_109=2
Column_1=1
Column_20=1
Column_43=1
Column_56=1
Column_57=1
Column_60=1
Column_75=1
Column_80=1
Column_82=1
Column_88=1
Column_92=1
Column_96=1
Column_107=1

parameters:
[boosting: gbdt]
[objective: quantile]
[metric: quantile]
[tree_learner: serial]
[device_type: cpu]
[data_sample_strategy: bagging]
[data: ]
[valid: ]
[num_iterations: 120]
[learning_rate: 0.04]
[num_leaves: 15]
[num_threads: 2]
[seed: 42]
[deterministic: 0]
[force_col_wise: 0]
[force_row_wise: 0]
[histogram_pool_size: -1]
[max_depth: 3]
[min_data_in_leaf: 40]
[min_sum_hessian_in_leaf: 0.001]
[bagging_fraction: 0.85]
[pos_bagging_fraction: 1]
[neg_bagging_fraction: 1]
[bagging_freq: 0]
[bagging_seed: 400]
[bagging_by_query: 0]
[feature_fraction: 0.8]
[feature_fraction_bynode: 1]
[feature_fraction_seed: 30056]
[extra_trees: 0]
[extra_seed: 12879]
[early_stopping_round: 0]
[early_stopping_min_delta: 0]
[first_metric_only: 0]
[max_delta_step: 0]
[lambda_l1: 0]
[lambda_l2: 2]
[linear_lambda: 0]
[min_gain_to_split: 0]
[drop_rate: 0.1]
[max_drop: 50]
[skip_drop: 0.5]
[xgboost_dart_mode: 0]
[uniform_drop: 0]
[drop_seed: 17869]
[top_rate: 0.2]
[other_rate: 0.1]
[min_data_per_group: 100]
[max_cat_threshold: 32]
[cat_l2: 10]
[cat_smooth: 10]
[max_cat_to_onehot: 4]
[top_k: 20]
[monotone_constraints: ]
[monotone_constraints_method: basic]
[monotone_penalty: 0]
[feature_contri: ]
[forcedsplits_filename: ]
[refit_decay_rate: 0.9]
[cegb_tradeoff: 1]
[cegb_penalty_split: 0]
[cegb_penalty_feature_lazy: ]
[cegb_penalty_feature_coupled: ]
[path_smooth: 0]
[interaction_constraints: ]
[verbosity: -1]
[saved_feature_importance_type: 0]
[use_quantized_grad: 0]
[num_grad_quant_bins: 4]
[quant_train_renew_leaf: 0]
[stochastic_rounding: 1]
[linear_tree: 0]
[max_bin: 255]
[max_bin_by_feature: ]
[min_data_in_bin: 3]
[bin_construct_sample_cnt: 200000]
[data_random_seed: 175]
[is_enable_sparse: 1]
[enable_bundle: 1]
[use_missing: 1]
[zero_as_missing: 0]
[feature_pre_filter: 1]
[pre_partition: 0]
[two_round: 0]
[header: 0]
[label_column: ]
[weight_column: ]
[group_column: ]
[ignore_column: ]
[categorical_feature: ]
[forcedbins_filename: ]
[precise_float_parser: 0]
[parser_config_file: ]
[objective_seed: 16083]
[num_class: 1]
[is_unbalance: 0]
[scale_pos_weight: 1]
[sigmoid: 1]
[boost_from_average: 1]
[reg_sqrt: 0]
[alpha: 0.75]
[fair_c: 1]
[poisson_max_delta_step: 0.7]
[tweedie_variance_power: 1.5]
[lambdarank_truncation_level: 30]
[lambdarank_norm: 1]
[label_gain: ]
[lambdarank_position_bias_regularization: 0]
[eval_at: ]
[multi_error_top_k: 1]
[auc_mu_weights: ]
[num_machines: 1]
[local_listen_port: 12400]
[time_out: 120]
[machine_list_filename: ]
[machines: ]
[gpu_platform_id: -1]
[gpu_device_id: -1]
[gpu_device_id_list: ]
[gpu_use_dp: 0]
[num_gpu: 1]

end of parameters

pandas_categorical:null
