tree
version=v4
num_class=1
num_tree_per_iteration=1
label_index=0
max_feature_idx=109
objective=quantile
feature_names=Column_0 Column_1 Column_2 Column_3 Column_4 Column_5 Column_6 Column_7 Column_8 Column_9 Column_10 Column_11 Column_12 Column_13 Column_14 Column_15 Column_16 Column_17 Column_18 Column_19 Column_20 Column_21 Column_22 Column_23 Column_24 Column_25 Column_26 Column_27 Column_28 Column_29 Column_30 Column_31 Column_32 Column_33 Column_34 Column_35 Column_36 Column_37 Column_38 Column_39 Column_40 Column_41 Column_42 Column_43 Column_44 Column_45 Column_46 Column_47 Column_48 Column_49 Column_50 Column_51 Column_52 Column_53 Column_54 Column_55 Column_56 Column_57 Column_58 Column_59 Column_60 Column_61 Column_62 Column_63 Column_64 Column_65 Column_66 Column_67 Column_68 Column_69 Column_70 Column_71 Column_72 Column_73 Column_74 Column_75 Column_76 Column_77 Column_78 Column_79 Column_80 Column_81 Column_82 Column_83 Column_84 Column_85 Column_86 Column_87 Column_88 Column_89 Column_90 Column_91 Column_92 Column_93 Column_94 Column_95 Column_96 Column_97 Column_98 Column_99 Column_100 Column_101 Column_102 Column_103 Column_104 Column_105 Column_106 Column_107 Column_108 Column_109
feature_infos=[-6.0564827043038587:6.5144079878552734] [-5.6413619729224997:5.4948577717420015] [-4.8943524714291566:4.198959714908816] [-4.3119595272000062:3.8162659880866454] [-3.5793645670768228:2.1377241598571937] [-2.5530285342702492:2.3629570715739106] [-4.2129865234250801:3.9750710101211779] [-1.3761028582703652:6.6535374780960765] [-1.6713033842834026:1.6108380898387953] [-3.5317171059215222:2.1703019131657526] [-1.522182843559464:5.3390576869980251] [-2.5133656515841669:2.1703584638643574] [-2.5108044165634928:2.4352804210119423] [-1.5018703794860271:4.0028939014859874] [-2.9388396107628623:2.7015485859648578] [-1.5615074040210821:1.6211773460159291] [-1.7273260167956115:1.7914121314255265] [-0.92150636850058432:0.77789346779536228] [-0.97738668915119464:0.78390232812605942] [-0.92150636850058409:0.77789346779536228] [-2.2159117478760186:1.6695866805555455] [-3.9861906527340527:4.1060020058392999] [-3.2390068372006402:2.2777321439214395] [-2.3030426021228307:2.5982922340511974] [-2.1137576940528229:1.6006479082832017] [-2.1198197458827064:1.5799217621106765] [-3.330765343637244:2.0006496995771581] [-1.78050123188857:1.4338326049981676] [-1.1912149113818025:3.6228992636112336] [-3.6768048617086735:4.2487937477809314] [-3.6164841372578396:4.4427100879361037] [-3.0087694791533455:3.22066493154664] [-3.1392879522056076:3.4262007225299267] [-1.9420606878395317:2.0877619311637465] [-2.1360058600346541:2.1924941656495265] [-1.7715392511885608:1.7559399879665931] [-1.7775282443912166:1.8389642995561448] [-1.637960431905878:3.8866193443638135] [-1.5202684384640959:5.1537978497850903] [-1.4827370473662458:3.8424141325263541] [-1.2940263897823086:3.4181796826740505] [-1.6527172339481251:1.4798573972114148] [-1.9487498760259285:1.750710549255984] [-1.8612040625920705:14.014850793738292] [-188.23748692797554:168.05802166495434] [-408.93983011189255:135.07703832891835] [-338.26036305020546:79.377584777916852] [-1.3700170429470773:2.7656161408191702] [-1.9225529849146177:1.9933292286359605] [-1.2019148792924614:9.0113749428326706] [-4.8569180288663478:4.4361388619665449] [-8.9417081673990442:6.6442120351776941] [-1:1] [-0.83333333333333337:1] [0:1] [0:1] [-3.0436588323983731:3.9941648692054446] [-3.4163130721578145:2.2557911840449663] [-2.4188959788926288:1.6562093176887116] [-0.97712246269101266:2.2937618822601786] [-2.1482653136785923:1.2747186250416933] [-1.4771590973955526:0.30658884339777176] [-4.5387859206833241:7.8864903449530761] [-4.1827989315110674:5.7606848389006027] [-2.4049278851222384:4.1412959280689927] [-1.2841446092969466:4.7125937974434233] [-1.2043777326234839:7.9962168629871346] [-1.2323375000590915:2.3378410031304555] [-6.5364274078687155:6.7025763773798586] [-4.6665092132092276:3.6034395988678325] [-3.400868493616076:3.7602355625452772] [-1.198281708020936:3.5446983683960953] [-1.8213512928221691:4.4440484681284653] [-0.81375628472623551:2.2003506230755687] [-11.366117173508345:11.135491722872597] [-6.0049133677683955:5.2218235599107778] [-3.4116620103387767:3.6611761437768204] [-1.0040253894592004:3.1549742014834656] [-2.1104064187650731:4.0140092362331696] [-1.372811383025061:0.65625105148756568] [-3.9700334131539394:2.9767952127704289] [-3.5260562466518159:3.0773428492842037] [-2.5844998042810334:1.7086960227977901] [-1.3197045314921514:3.1152849595582648] [-2.0512593284264966:1.8064034284825001] [-1.4601242068311699:0.4385734822082013] [-5.4519913163194271:2.7417254591472404] [-4.1677134294328448:3.5474084839770179] [-1.898879981029548:2.8169808269559455] [-1.3721477754792861:4.1860552087523617] [-1.7255116228868592:4.4323833854802697] [-1.5623529386423194:1.2644056655467035] [-4.372201016404774:2.5335910514160451] [-3.789639091405451:3.5110373948948586] [-1.9856446892112203:2.6183712002477253] [-1.3980649405602616:3.9547209036179405] [-1.6024791594553922:3.8798901050368997] [-1.5911443450607516:1.1870503884304653] [-3.34748552362367:3.6109102834651825] [-2.2697344732413289:2.6985160920950224] [-1.9643529304495875:2.0682359841389384] [-1.4989571686627876:1.977933746279765] [-1.4711763731998373:1.9848988775821355] [-2.385760655833002:0.64779825337486019] [-3.2234960129147887:3.4100224345158643] [-2.7860475784593679:3.61906237250889] [-1.7098008259984852:2.449634162012245] [-0.796558877451918:2.8359338147038762] [-1.5005843200648428:2.4044387979774435] [-1.3852092130162026:0.9240358610867595]
tree_sizes=849 863 866 766 865 866 776 777 772 771 768 860 863 865 768 862 869 773 857 854 691 783 779 868 687 856 860 854 778 868 771 870 780 858 779 864 867 604 603 866 606 603 517 782 609 604 779 606 607 776 784 783 777 866 860 686 682 861 687 778 780 868 773 596 852 779 781 857 866 776 786 691 866 609 777 862 863 775 784 688 609 860 869 781 777 784 865 692 781 783 774 881 859 682 687 610 871 781 864 777 783 698 865 777 774 781 775 780 788 786 865 870 783 883 600 768 688 865 875 874

Tree=0
num_leaves=8
num_cat=0
split_feature=72 78 106 95 47 65 53
split_gain=27.1456 20.0846 13.0305 10.8872 8.42872 4.35094 0.809682
threshold=0.36846158256166472 1.9822001336600592 0.46303184936157288 -0.12651189611653954 -0.62021100551405839 0.49144589259563187 0.58333333333333337
decision_type=2 2 2 2 2 2 2
left_child=1 2 -1 4 -2 -5 -3
right_child=3 6 -4 5 -6 -7 -8
leaf_value=0.0033989537809975445 0.0026483247429132462 0.0051532571017742154 0.0024954963847994803 0.0043487676233053205 0.0040226766467094423 0.0050504719465970993 0.0047696988284587861
leaf_weight=1110 57 42 378 171 327 138 51
leaf_count=1110 57 42 378 171 327 138 51
internal_value=0.0036116 0.000718363 -0.000415242 0.0102015 0.00568414 0.0157659 0.018559
internal_weight=2274 1581 1488 693 384 309 93
internal_count=2274 1581 1488 693 384 309 93
is_linear=0
shrinkage=1


Tree=1
num_leaves=8
num_cat=0
split_feature=72 78 66 65 101 106 36
split_gain=27.0813 20.2814 13.0479 8.98103 8.92176 8.39513 4.11968
threshold=0.36846158256166472 1.4522896760483295 -0.015898327655895429 0.45231156199657807 0.2177442446732443 0.31240854187915429 0.34864846564256974
decision_type=2 2 2 2 2 2 2
left_child=1 2 -1 -3 5 -2 -6
right_child=4 3 -4 -5 6 -7 -8
leaf_value=-0.00013985043334541843 0.00069393656551837923 0.0016672028183937074 -0.00075720123322680591 -0.00016945479235146193 0.0011003286033868789 -0.00039609857499599456 0.00053771986961364746
leaf_weight=786 201 93 654 48 239 162 91
leaf_count=786 201 93 654 48 239 162 91
internal_value=0.000123023 -0.0027669 -0.00418863 0.0116084 0.00670504 0.00235616 0.0114458
internal_weight=2274 1581 1440 141 693 363 330
internal_count=2274 1581 1440 141 693 363 330
is_linear=0
shrinkage=0.04


Tree=2
num_leaves=8
num_cat=0
split_feature=72 78 106 95 65 47 101
split_gain=25.4608 19.4992 13.0474 10.5592 8.74547 7.50972 6.02733
threshold=0.36846158256166472 1.4522896760483295 0.46303184936157288 -0.12651189611653954 -0.15695198343992667 -0.62021100551405839 0.21004286000706376
decision_type=2 2 2 2 2 2 2
left_child=1 2 -1 5 -3 -2 -5
right_child=3 4 -4 6 -6 -7 -8
leaf_value=-0.00020390926671028141 -0.00094625619626045225 0.0016293229665067046 -0.0010642842280380429 0.00056651338660717015 -0.00010894726895447821 0.00038197942548990249 0.0012262515797615051
leaf_weight=1065 57 90 375 114 51 327 195
leaf_count=1065 57 90 375 114 51 327 195
internal_value=3.51494e-05 -0.0027669 -0.00416089 0.00641727 0.0113287 0.00196891 0.0118971
internal_weight=2274 1581 1440 693 141 384 309
internal_count=2274 1581 1440 693 141 384 309
is_linear=0
shrinkage=0.04


Tree=3
num_leaves=7
num_cat=0
split_feature=78 108 35 67 59 59
split_gain=21.4072 16.5575 15.5108 13.0244 6.07801 3.7638
threshold=1.4522896760483295 0.1530117938767814 0.29581730455444344 -0.49724287302610232 1.4586090161024734 0.50561671612133652
decision_type=2 2 2 2 2 2
left_child=1 2 -1 -3 5 -2
right_child=4 3 -4 -5 -6 -7
leaf_value=0.00050055490191487596 0.00036142601881593463 0.00044739605243710807 -0.00029110201318355278 -0.00075699209118008622 -5.324337035275996e-05 0.0011514531183163823
leaf_weight=667 42 141 563 657 54 150
leaf_count=667 42 141 563 657 54 150
internal_value=3.51494e-05 -0.0013202 0.00159091 -0.0058 0.011129 0.014433
internal_weight=2274 2028 1230 798 246 192
internal_count=2274 2028 1230 798 246 192
is_linear=0
shrinkage=0.04


Tree=4
num_leaves=8
num_cat=0
split_feature=72 36 65 95 47 71 101
split_gain=22.5158 19.0343 23.7377 8.52715 7.62753 6.56459 4.75549
threshold=0.36846158256166472 0.3251898137636367 -0.56690149219612462 -0.12651189611653954 -0.62021100551405839 3.0649565278642243 -0.15095689722868108
decision_type=2 2 2 2 2 2 2
left_child=1 2 -1 4 -2 -3 -5
right_child=3 5 -4 6 -6 -7 -8
leaf_value=0.0013010983876640529 -0.00089676186788269208 -0.00083384905537897615 -0.00019617223078365325 0.0004944316997409344 0.00038193234168295865 0.00076233330150921941 0.0011438865906398662
leaf_weight=157 57 462 919 84 327 43 225
leaf_count=157 57 462 919 84 327 43 225
internal_value=7.02988e-05 -0.00256475 0.000445269 0.00607194 0.00207254 -0.00895464 0.0109968
internal_weight=2274 1581 1076 693 384 505 309
internal_count=2274 1581 1076 693 384 505 309
is_linear=0
shrinkage=0.04


Tree=5
num_leaves=8
num_cat=0
split_feature=72 36 65 95 71 47 101
split_gain=21.5314 18.5489 22.7874 8.04177 6.42631 6.24825 4.45905
threshold=0.36846158256166472 0.3251898137636367 -0.56690149219612462 -0.12651189611653954 3.0649565278642243 -0.62581405787405442 -0.15095689722868108
decision_type=2 2 2 2 2 2 2
left_child=1 2 -1 5 -3 -2 -5
right_child=3 4 -4 6 -6 -7 -8
leaf_value=0.0012490544521574906 -0.00086089139316738441 -0.00080049509316381707 -0.00018832534155230715 0.00047465443175129701 0.00073183996944885059 0.00035634120996097209 0.0010981311270142715
leaf_weight=157 55 462 919 84 43 329 225
leaf_count=157 55 462 919 84 43 329 225
internal_value=8.78735e-05 -0.00248895 0.000482375 0.00595683 -0.00879684 0.00207254 0.0107395
internal_weight=2274 1581 1076 693 505 384 309
internal_count=2274 1581 1076 693 505 384 309
is_linear=0
shrinkage=0.04


Tree=6
num_leaves=7
num_cat=0
split_feature=77 72 36 5 106 69
split_gain=20.1534 15.7336 11.8933 7.48756 6.48787 1.80717
threshold=1.0493718796801479 0.36846158256166472 0.3251898137636367 0.77115829425404814 0.31240854187915429 -0.55006362008908283
decision_type=2 2 2 2 2 2
left_child=1 2 -1 5 -3 -2
right_child=3 4 -4 -5 -6 -7
leaf_value=-8.7504886482675902e-05 0.00090787302792035289 0.00062133657895016179 -0.00072788343434924843 -9.5126806809711715e-05 -0.00021120737622945876 0.0011698167139797735
leaf_weight=954 48 408 480 58 195 131
leaf_count=954 48 408 480 58 195 131
internal_value=0.000140598 -0.00114762 -0.00342618 0.0111297 0.00426446 0.0151381
internal_weight=2274 2037 1434 237 603 179
internal_count=2274 2037 1434 237 603 179
is_linear=0
shrinkage=0.04


Tree=7
num_leaves=7
num_cat=0
split_feature=36 65 71 53 61 26
split_gain=16.1263 20.1198 12.1079 9.73901 7.88786 3.66702
threshold=0.3251898137636367 -0.58107370154739568 2.3274694070944233 -0.74999999999999989 0.20892462598325834 0.11266700690190037
decision_type=2 2 2 2 2 2
left_child=1 5 -3 -2 -5 -1
right_child=3 2 -4 4 -6 -7
leaf_value=0.00033028894070913475 0.00099348065611045409 -5.6892466847760852e-05 0.00091553848685552348 -0.00081479051499079385 -0.0001605481206378305 0.0012766877629352975
leaf_weight=48 75 1263 98 334 296 160
leaf_count=48 75 1263 98 334 296 160
internal_value=0.000123023 0.00238065 0.000601614 -0.00489392 -0.00651899 0.0139048
internal_weight=2274 1569 1361 705 630 208
internal_count=2274 1569 1361 705 630 208
is_linear=0
shrinkage=0.04


Tree=8
num_leaves=7
num_cat=0
split_feature=77 106 61 73 106 30
split_gain=19.5442 14.7148 11.8971 10.1936 7.84704 3.62227
threshold=1.0493718796801479 -0.68615144891452895 0.17076580972096345 -0.22712784069416717 1.0087210996529916 0.64311404739185585
decision_type=2 2 2 2 2 2
left_child=1 3 -3 -1 5 -2
right_child=4 2 -4 -5 -6 -7
leaf_value=-0.00026351417105037407 0.0010673013329437161 -0.00043979453371112567 0.00019617162590032422 0.0010302577538520803 -0.00017053758055914463 0.00031242887383104291
leaf_weight=96 144 1041 678 222 42 51
leaf_count=96 144 1041 678 222 42 51
internal_value=0.000140598 -0.001128 -0.00259152 0.00675 0.0109623 0.0143147
internal_weight=2274 2037 1719 318 237 195
internal_count=2274 2037 1719 318 237 195
is_linear=0
shrinkage=0.04


Tree=9
num_leaves=7
num_cat=0
split_feature=77 106 36 106 25 31
split_gain=19.4176 14.1078 11.7329 7.84704 7.7933 3.70785
threshold=1.0493718796801479 -0.68615144891452895 -1.3227733232418362 1.0087210996529916 0.69170838858716022 0.61966018498005881
decision_type=2 2 2 2 2 2
left_child=1 4 -3 5 -1 -2
right_child=3 2 -4 -5 -6 -7
leaf_value=0.0008270553658211127 0.0010872480423036802 0.00089207681500314039 -0.00025693924213547722 -0.00016371607733677886 -0.00028846916238082636 0.00029993171887780123
leaf_weight=222 140 56 1663 42 96 55
leaf_count=222 140 56 1663 42 96 55
internal_value=0.000175747 -0.00108877 -0.00252179 0.0109623 0.006625 0.0143147
internal_weight=2274 2037 1719 237 318 195
internal_count=2274 2037 1719 237 318 195
is_linear=0
shrinkage=0.04


Tree=10
num_leaves=7
num_cat=0
split_feature=77 72 71 106 47 31
split_gain=19.4176 13.9098 17.0692 7.84704 6.45802 3.70785
threshold=1.0493718796801479 0.36846158256166472 -0.89628530987101929 1.0087210996529916 -0.62021100551405839 0.61966018498005881
decision_type=2 2 2 2 2 2
left_child=1 2 -1 5 -3 -2
right_child=3 4 -4 -5 -6 -7
leaf_value=0.0013166146414234803 0.001043758120611533 -0.00074619027812531974 -0.0003676190078641996 -0.0001571674342433077 0.00050579034335446215 0.00028793445012268917
leaf_weight=105 140 66 1329 42 537 55
leaf_count=105 140 66 1329 42 537 55
internal_value=0.000175747 -0.00108877 -0.0032312 0.0109623 0.004 0.0143147
internal_weight=2274 2037 1434 237 603 195
internal_count=2274 2037 1434 237 603 195
is_linear=0
shrinkage=0.04


Tree=11
num_leaves=8
num_cat=0
split_feature=77 72 36 31 94 40 40
split_gain=17.9869 12.9236 11.3977 7.79916 6.40954 4.56856 0.628917
threshold=1.0493718796801479 0.36846158256166472 0.3251898137636367 0.46970884447634625 0.30474091182724578 0.26225917481385591 0.76546831360197432
decision_type=2 2 2 2 2 2 2
left_child=1 2 -1 6 -3 -5 -2
right_child=3 4 -4 5 -6 -7 -8
leaf_value=-5.0637087224311151e-05 0.0010035928761056698 0.00054086987267081953 -0.00067165987367779213 0.00065950400751972973 -5.886451999436139e-05 -0.00019890565883619611 0.0010861856506066878
leaf_weight=954 87 393 480 47 210 54 49
leaf_count=954 87 393 480 47 210 54 49
internal_value=0.000246046 -0.000971064 -0.00303621 0.0106276 0.00393388 0.00213592 0.0168116
internal_weight=2274 2037 1434 237 603 101 136
internal_count=2274 2037 1434 237 603 101 136
is_linear=0
shrinkage=0.04


Tree=12
num_leaves=8
num_cat=0
split_feature=78 106 36 65 28 61 79
split_gain=18.6836 20.2978 15.8509 6.32826 7.72861 4.2855 0.127769
threshold=1.4522896760483295 0.46303184936157288 0.3251898137636367 0.0038157495496295457 0.35938398037172459 0.13007624855096042 0.54026293717056706
decision_type=2 2 2 2 2 2 2
left_child=1 2 -1 6 -5 -3 -2
right_child=3 5 -4 4 -6 -7 -8
leaf_value=0.0004090221519276638 0.0010536985497451377 -0.00090922127456488785 -0.00024997577767669213 -0.00033055992939099929 0.00080025091336579236 -4.8712355527186572e-05 0.00089716443471671498
leaf_weight=887 75 414 622 50 79 105 42
leaf_count=887 75 414 622 50 79 105 42
internal_value=0.000281195 -0.000985222 0.00136334 0.0106452 0.00442748 -0.00779271 0.0173109
internal_weight=2274 2028 1509 246 129 519 117
internal_count=2274 2028 1509 246 129 519 117
is_linear=0
shrinkage=0.04


Tree=13
num_leaves=8
num_cat=0
split_feature=78 72 37 64 65 48 47
split_gain=16.4893 14.3986 9.72941 6.91496 6.28308 5.0847 0.512295
threshold=1.4522896760483295 0.36846158256166472 -0.97614194850119651 -0.13268657597710568 0.0038157495496295457 -0.010930464218871392 -0.0092691814621493063
decision_type=2 2 2 2 2 2 2
left_child=1 2 -1 -3 6 -6 -2
right_child=4 3 -4 -5 5 -7 -8
leaf_value=0.00056993088892546922 0.0011982446601055969 0.00079288737704228838 -0.00036771367096456259 7.4340138208920935e-05 0.00069025471891043895 -0.00025388873349792165 0.00079265849913211575
leaf_weight=143 74 231 1297 357 83 46 43
leaf_count=143 74 231 1297 357 83 46 43
internal_value=0.00026362 -0.000926108 -0.00307906 0.00433898 0.01 0.00381679 0.0166387
internal_weight=2274 2028 1440 588 246 129 117
internal_count=2274 2028 1440 588 246 129 117
is_linear=0
shrinkage=0.04


Tree=14
num_leaves=7
num_cat=0
split_feature=106 36 78 84 101 75
split_gain=16.2467 13.8081 13.9917 7.396 3.62904 1.17362
threshold=-0.8776924715503549 -1.3227733232418362 2.3823794353511674 -0.96651475358334571 0.77243624824730928 -0.14826564140959314
decision_type=2 2 2 2 2 2
left_child=3 -2 -3 4 -1 -5
right_child=1 2 -4 5 -6 -7
leaf_value=0.00035353060591853536 0.0010676454877345861 -0.00017407410694129154 0.00076338374651978638 0.00104228729090318 -0.00050774257535190093 0.0013190053074466567
leaf_weight=54 64 1888 55 75 63 75
leaf_count=54 64 1888 55 75 63 75
internal_value=0.000210896 -0.00102539 -0.00163496 0.00944238 0.00184874 0.0152632
internal_weight=2274 2007 1943 267 117 150
internal_count=2274 2007 1943 267 117 150
is_linear=0
shrinkage=0.04


Tree=15
num_leaves=8
num_cat=0
split_feature=78 106 36 67 85 17 89
split_gain=15.9475 18.5979 13.0119 5.74238 5.43972 5.02257 1.8281
threshold=1.4522896760483295 0.39283878740454165 0.3251898137636367 -0.51243483546169644 0.34290350879065234 -0.28759027629627848 0.11264803642714506
decision_type=2 2 2 2 2 2 2
left_child=1 2 -1 -3 6 -6 -2
right_child=4 3 -4 -5 5 -7 -8
leaf_value=0.00038169331950794187 0.00069333546945161083 0.00048453790037391296 -0.0001961777137908392 -0.00077038221179597595 0.00072156106752888918 -0.00023882414173427916 0.00085941537888129362
leaf_weight=832 42 57 602 537 61 41 102
leaf_count=832 42 57 602 537 61 41 102
internal_value=0.00026362 -0.000906404 0.00155989 -0.00684564 0.00983871 0.00269231 0.0147945
internal_weight=2274 2028 1434 594 246 102 144
internal_count=2274 2028 1434 594 246 102 144
is_linear=0
shrinkage=0.04


Tree=16
num_leaves=8
num_cat=0
split_feature=78 108 35 77 65 24 107
split_gain=15.5984 12.4228 10.0921 9.51257 5.34727 5.75488 0.539197
threshold=1.4522896760483295 0.17568857712482902 -1.2740790081593298 -0.74390939361381425 0.0038157495496295457 -0.44363943811246953 0.81662884227069554
decision_type=2 2 2 2 2 2 2
left_child=1 3 -3 -1 6 -6 -2
right_child=4 2 -4 -5 5 -7 -8
leaf_value=-0.00047899864906475567 0.00066689348072588336 0.00065981862757371083 -0.0005263409972933186 0.00027336251622666485 0.00059107626794348235 -0.00028703227579768525 0.00091887313759543164
leaf_weight=249 45 40 722 1017 75 54 72
leaf_count=249 45 40 722 1017 75 54 72
internal_value=0.000369069 -0.000788177 -0.00481675 0.00164038 0.00983871 0.00412214 0.0159664
internal_weight=2274 2028 762 1266 246 129 117
internal_count=2274 2028 762 1266 246 129 117
is_linear=0
shrinkage=0.04


Tree=17
num_leaves=7
num_cat=0
split_feature=77 36 106 31 67 40
split_gain=15.7152 12.4337 13.1341 6.77372 2.80587 0.673016
threshold=1.0493718796801479 -1.3227733232418362 0.46303184936157288 0.39883502028792828 0.2678300803194118 0.76546831360197432
decision_type=2 2 2 2 2 2
left_child=1 -1 -3 5 -5 -2
right_child=3 2 -4 4 -6 -7
leaf_value=0.00097785668257412204 0.00094609738359235722 4.1805367898202825e-05 -0.00058916452301125332 -9.7274169017665184e-05 0.0003949365803478739 0.00085809192318604406
leaf_weight=64 78 1470 503 54 59 46
leaf_count=64 78 1470 503 54 59 46
internal_value=0.000421793 -0.000716037 -0.00128608 0.0101255 0.00295652 0.0165079
internal_weight=2274 2037 1973 237 113 124
internal_count=2274 2037 1973 237 113 124
is_linear=0
shrinkage=0.04


Tree=18
num_leaves=8
num_cat=0
split_feature=77 71 72 31 35 2 40
split_gain=14.815 12.4669 14.4002 6.81295 3.20944 2.46153 0.552976
threshold=1.0493718796801479 -0.89628530987101929 0.36846158256166472 0.39883502028792828 -0.11992209250073506 0.21396835875144779 0.76546831360197432
decision_type=2 2 2 2 2 2 2
left_child=1 5 -3 6 -5 -1 -2
right_child=3 2 -4 4 -6 -7 -8
leaf_value=0.0012932299335337075 0.00090825348824866289 -0.00030772801686268855 0.00033963893642341279 0.00053075266657899253 -8.3420631862829309e-05 0.00088305827602230163 0.00082376824625860216
leaf_weight=52 78 1329 600 40 73 56 46
leaf_count=52 78 1329 600 40 73 56 46
internal_value=0.000369069 -0.000735655 -0.0014811 0.00979079 0.0026087 0.0123636 0.0161905
internal_weight=2274 2037 1929 237 113 108 124
internal_count=2274 2037 1929 237 113 108 124
is_linear=0
shrinkage=0.04


Tree=19
num_leaves=8
num_cat=0
split_feature=77 71 101 20 40 2 85
split_gain=14.1025 12.6164 13.7806 6.58072 5.28285 2.46153 0.511267
threshold=1.0493718796801479 -0.89628530987101929 0.04160881446273236 0.32969505607532246 0.26225917481385591 0.21396835875144779 0.33331071989882372
decision_type=2 2 2 2 2 2 2
left_child=1 5 -3 6 -5 -1 -2
right_child=3 2 -4 4 -6 -7 -8
leaf_value=0.0012415007361923592 0.00085035508610419583 -0.00038326673561474121 0.00018050135446488091 0.0005241969813736502 -0.000315855716825416 0.0008477359449814096 0.0011435137975376103
leaf_weight=52 75 1023 906 72 50 56 40
leaf_count=52 75 1023 906 72 50 56 40
internal_value=0.00026362 -0.000814125 -0.00156396 0.00945607 0.00290323 0.0123636 0.0162393
internal_weight=2274 2037 1929 237 122 108 115
internal_count=2274 2037 1929 237 122 108 115
is_linear=0
shrinkage=0.04


Tree=20
num_leaves=6
num_cat=0
split_feature=106 36 77 25 73
split_gain=14.4218 10.9524 10.3277 7.35976 1.62767
threshold=-0.8776924715503549 -1.3023460489167056 0.96575292573512062 0.69170838858716022 -0.20821502892626484
decision_type=2 2 2 2 2
left_child=3 -2 -3 4 -1
right_child=1 2 -4 -5 -6
leaf_value=0.00017963987381260535 0.00069273992065180289 -0.00019024466890168686 0.00047198066680036399 -8.1913064566051683e-05 0.0010251815152817752
leaf_weight=40 73 1672 262 79 148
leaf_count=40 73 1672 262 79 148
internal_value=0.00029877 -0.000866103 -0.00144628 0.00899628 0.0132632
internal_weight=2274 2007 1934 267 188
internal_count=2274 2007 1934 267 188
is_linear=0
shrinkage=0.04


Tree=21
num_leaves=7
num_cat=0
split_feature=106 101 37 24 33 73
split_gain=13.6784 10.228 13.7366 10.0755 8.74627 4.95703
threshold=-0.8776924715503549 0.18614205408815679 -0.89262489381932453 0.71542116413217394 1.1003842549279843 -0.22440694491451332
decision_type=2 2 2 2 2 2
left_child=4 2 -2 -3 5 -1
right_child=1 3 -4 -5 -6 -7
leaf_value=9.057913602969314e-05 0.00056147174635595438 0.00038374871872212668 -0.00037613112018147125 -0.00073028406649983254 -0.00043902944435885604 0.00098417425467050407
leaf_weight=60 153 691 1044 119 43 164
leaf_count=60 153 691 1044 119 43 164
internal_value=0.000228471 -0.000905923 -0.00325271 0.00256158 0.00869888 0.0118584
internal_weight=2274 2007 1197 810 267 224
internal_count=2274 2007 1197 810 267 224
is_linear=0
shrinkage=0.04


Tree=22
num_leaves=7
num_cat=0
split_feature=106 77 16 33 73 25
split_gain=13.6784 9.99852 9.35672 7.80222 4.78046 4.33778
threshold=-0.8776924715503549 0.96575292573512062 1.003325044163548 1.1003842549279843 -0.22440694491451332 -0.28420382149070283
decision_type=2 2 2 2 2 2
left_child=3 2 -2 4 -1 -3
right_child=1 5 -4 -5 -6 -7
leaf_value=8.6955970588505424e-05 -8.8812177068138556e-05 0.00064163207684000826 -0.00097566036054165832 -0.0004214682665845018 0.00094480728448368388 9.2900913665718287e-05
leaf_weight=60 1640 129 94 43 164 144
leaf_count=60 1640 129 94 43 164 144
internal_value=0.000228471 -0.000905923 -0.00202765 0.00869888 0.0116814 0.00618182
internal_weight=2274 2007 1734 267 224 273
internal_count=2274 2007 1734 267 224 273
is_linear=0
shrinkage=0.04


Tree=23
num_leaves=8
num_cat=0
split_feature=106 72 65 84 101 53 2
split_gain=13.1467 9.50397 8.42668 6.99626 6.3738 3.74733 1.34891
threshold=-0.8776924715503549 0.37306471174483447 -0.59666699652230715 -0.96651475358334571 0.21004286000706376 0.91666666666666685 0.61081762731979883
decision_type=2 2 2 2 2 2 2
left_child=3 2 -2 5 -3 -1 -5
right_child=1 4 -4 6 -6 -7 -8
leaf_value=0.00023843273909765638 0.00040857987823174623 -1.6428792851571301e-05 -0.00029240581533181945 0.0010763454136158749 0.00060379734680257797 -0.00089439322255943947 0.00042323370948674417
leaf_weight=63 237 315 1200 101 255 54 49
leaf_count=63 237 315 1200 101 255 54 49
internal_value=0.000246046 -0.000866103 -0.00259903 0.00855019 0.0034965 0.00117647 0.0142105
internal_weight=2274 2007 1437 267 570 117 150
internal_count=2274 2007 1437 267 570 117 150
is_linear=0
shrinkage=0.04


Tree=24
num_leaves=6
num_cat=0
split_feature=106 36 78 33 73
split_gain=12.1149 9.34241 8.77636 7.3612 4.91823
threshold=-0.8776924715503549 -1.3023460489167056 2.3823794353511674 1.1003842549279843 -0.22440694491451332
decision_type=2 2 2 2 2
left_child=3 -2 -3 4 -1
right_child=1 2 -4 -5 -6
leaf_value=5.7182168710694594e-05 0.00066492909477284406 -0.0001272778480941874 0.00054204914058846975 -0.00036883380701874415 0.00086915073854444919
leaf_weight=60 73 1880 54 43 164
leaf_count=60 73 1880 54 43 164
internal_value=0.000281195 -0.000786461 -0.00132231 0.00825279 0.0111504
internal_weight=2274 2007 1934 267 224
internal_count=2274 2007 1934 267 224
is_linear=0
shrinkage=0.04


Tree=25
num_leaves=8
num_cat=0
split_feature=77 106 95 83 30 40 109
split_gain=12.0733 10.39 9.0915 6.92384 5.75966 3.13508 1.11349
threshold=1.0493718796801479 0.46303184936157288 1.6081360260883215 0.79047363384616631 0.2695440358687739 0.26225917481385591 0.38208925052225684
decision_type=2 2 2 2 2 2 2
left_child=1 2 -1 -3 6 -6 -2
right_child=4 3 -4 -5 5 -7 -8
leaf_value=4.2075752098274209e-05 0.0010221689945675635 -0.00063868406669583433 0.0011139935255412377 0.00044935990408986447 0.00038443306429587011 -0.00011509321412084701 0.00048082503469042896
leaf_weight=1461 61 444 45 87 68 66 42
leaf_count=1461 61 444 45 87 68 66 42
internal_value=0.000281195 -0.000716037 0.000981432 -0.00551595 0.00878661 0.00323529 0.0158095
internal_weight=2274 2037 1506 531 237 134 103
internal_count=2274 2037 1506 531 237 134 103
is_linear=0
shrinkage=0.04


Tree=26
num_leaves=8
num_cat=0
split_feature=64 97 24 24 13 78 45
split_gain=10.9962 16.4907 12.4825 10.5138 9.07171 7.30286 0.776428
threshold=-0.17035343085759524 0.73386008927504898 0.72591316774484127 -0.60821671622251394 1.466426777349686 0.17593707987041252 -0.23295755163150469
decision_type=2 2 2 2 2 2 2
left_child=1 2 -1 5 -5 -2 -3
right_child=3 6 -4 4 -6 -7 -8
leaf_value=0.00053808281312183652 -9.4820438132607143e-05 -0.0017730650089631094 -0.00018593597454417992 -0.00035845991575095287 0.0010909944137259607 0.00049690176839102529 -0.0011813378150580707
leaf_weight=660 153 41 153 955 78 194 40
leaf_count=660 153 41 153 955 78 194 40
internal_value=0.00029877 0.00375 0.00547239 -0.00193922 -0.00396135 0.00406877 -0.013253
internal_weight=2274 894 813 1380 1033 347 81
internal_count=2274 894 813 1380 1033 347 81
is_linear=0
shrinkage=0.04


Tree=27
num_leaves=8
num_cat=0
split_feature=77 71 72 30 87 47 109
split_gain=11.554 11.0155 11.721 6.04039 3.37524 2.12198 1.11349
threshold=1.0493718796801479 -0.89628530987101929 0.36846158256166472 0.2695440358687739 -0.2023006869653938 -0.065745249665529054 0.38208925052225684
decision_type=2 2 2 2 2 2 2
left_child=1 5 -3 6 -5 -1 -2
right_child=3 2 -4 4 -6 -7 -8
leaf_value=0.0011792114515175494 0.0009652912583593315 -0.00024335270230732355 0.00030983456071439 -0.00012030545914665033 0.00028121316728962523 0.00026531567247173619 0.00044171596256717079
leaf_weight=67 61 1329 600 71 63 41 42
leaf_count=67 61 1329 600 71 63 41 42
internal_value=0.00029877 -0.000676802 -0.00137752 0.00861925 0.00294118 0.0116364 0.0158095
internal_weight=2274 2037 1929 237 134 108 103
internal_count=2274 2037 1929 237 134 108 103
is_linear=0
shrinkage=0.04


Tree=28
num_leaves=7
num_cat=0
split_feature=106 16 83 33 73 86
split_gain=11.3825 8.88185 9.85934 7.07427 3.94562 1.21888
threshold=-0.8776924715503549 1.0334906629130296 1.3044136273850822 1.1003842549279843 -0.22440694491451332 0.24301528190496677
decision_type=2 2 2 2 2 2
left_child=3 2 -2 4 -1 -3
right_child=1 5 -4 -5 -6 -7
leaf_value=7.2000757426123017e-05 -5.3973295239705208e-05 -0.00098781384667686939 0.00046970137282635745 -0.00035381847062046279 0.00080887042997852268 -0.0003776462358388255
leaf_weight=60 1791 62 112 43 164 42
leaf_count=60 1791 62 112 43 164 42
internal_value=0.000228471 -0.000806371 -0.000178478 0.00795539 0.0107965 -0.0120755
internal_weight=2274 2007 1903 267 224 104
internal_count=2274 2007 1903 267 224 104
is_linear=0
shrinkage=0.04


Tree=29
num_leaves=8
num_cat=0
split_feature=106 101 25 59 101 14 22
split_gain=11.4585 8.7077 15.6296 10.4035 6.77492 4.14071 1.75459
threshold=-0.8776924715503549 0.18614205408815679 0.43436328996727258 0.056274401956837215 0.74970744482581642 1.0000000180025095e-35 0.427121274182855
decision_type=2 2 2 2 2 2 2
left_child=4 3 -3 -2 6 -6 -1
right_child=1 2 -4 -5 5 -7 -8
leaf_value=0.00096375361398840832 2.3501844856178202e-05 0.00042996640426192563 -0.00060494438185329047 -0.00067225519784625118 0.0003979452406713531 -0.00069732913792689951 0.00027976961957240128
leaf_weight=87 690 614 196 507 43 71 66
leaf_count=87 690 614 196 507 43 71 66
internal_value=0.000351494 -0.000686909 0.00251232 -0.00285238 0.00810409 0.000689655 0.0135484
internal_weight=2274 2007 810 1197 267 114 153
internal_count=2274 2007 810 1197 267 114 153
is_linear=0
shrinkage=0.04


Tree=30
num_leaves=7
num_cat=0
split_feature=64 97 34 36 78 26
split_gain=10.6631 15.5677 12.1144 10.1396 9.35625 0.933675
threshold=-0.17035343085759524 0.73386008927504898 1.0312551797462062 -1.3227733232418362 2.3823794353511674 0.68947442899695721
decision_type=2 2 2 2 2 2
left_child=1 2 -1 -2 -5 -3
right_child=3 5 -4 4 -6 -7
leaf_value=0.00044369461656265739 0.00085716938132691131 -0.00093985570998481028 -0.00075388444459660391 -0.00023074751543348523 0.00043460850929652044 -0.0020905531038970999
leaf_weight=753 59 41 60 1273 48 40
leaf_count=753 59 41 60 1273 48 40
internal_value=0.000351494 0.00375 0.00542331 -0.00185239 -0.00258503 -0.0127711
internal_weight=2274 894 813 1380 1321 81
internal_count=2274 894 813 1380 1321 81
is_linear=0
shrinkage=0.04


Tree=31
num_leaves=8
num_cat=0
split_feature=106 72 65 84 28 101 46
split_gain=10.6463 7.80658 7.56516 6.25361 5.18742 2.59858 1.663
threshold=-0.8776924715503549 0.37306471174483447 -0.59666699652230715 -0.96651475358334571 -0.32144667567020541 0.77243624824730928 -0.12828632336475823
decision_type=2 2 2 2 2 2 2
left_child=3 2 -2 5 -3 -1 -5
right_child=1 4 -4 6 -6 -7 -8
leaf_value=0.0002185438233576672 0.00034683453927347702 -0.00028958307482139289 -0.00024725976194856647 0.00094034649351371362 0.00042381540706927056 -0.00037323478950644862 0.00051404377958546492
leaf_weight=54 237 138 1200 63 432 63 87
leaf_count=54 237 138 1200 63 432 63 87
internal_value=0.000333919 -0.000666999 -0.00223767 0.00780669 0.00328671 0.000840336 0.0131579
internal_weight=2274 2007 1437 267 570 117 150
internal_count=2274 2007 1437 267 570 117 150
is_linear=0
shrinkage=0.04


Tree=32
num_leaves=7
num_cat=0
split_feature=106 36 31 84 53 2
split_gain=10.1289 9.10279 7.22483 5.98891 3.42852 1.54537
threshold=-0.8776924715503549 -1.3023460489167056 0.95285649797761118 -0.96651475358334571 0.91666666666666685 0.61081762731979883
decision_type=2 2 2 2 2 2
left_child=3 -2 -3 4 -1 -5
right_child=1 2 -4 5 -6 -7
leaf_value=0.00017071276621473524 0.00057836096058066003 -2.7765891039553301e-05 -0.00084129135344099162 0.00091060622172916194 -0.00083770189703089818 0.00023023541723005193
leaf_weight=63 73 1760 174 101 54 49
leaf_count=63 73 1760 174 101 54 49
internal_value=0.000369069 -0.000607267 -0.00113636 0.00765799 0.000840336 0.0128947
internal_weight=2274 2007 1934 267 117 150
internal_count=2274 2007 1934 267 117 150
is_linear=0
shrinkage=0.04


Tree=33
num_leaves=8
num_cat=0
split_feature=77 71 101 30 40 15 109
split_gain=8.99917 9.32862 9.37527 6.49287 3.95172 1.85628 0.802097
threshold=1.0493718796801479 -0.89628530987101929 0.04160881446273236 0.20009322417004224 0.26225917481385591 0.45016263448763211 0.31758451591297382
decision_type=2 2 2 2 2 2 2
left_child=1 5 -3 6 -5 -1 -2
right_child=3 2 -4 4 -6 -7 -8
leaf_value=0.0010954507236166841 0.00087535980033027106 -0.0002902398624889704 0.00013271201626125281 0.00030407667399671339 -0.00011806387551806058 0.00022167221177310772 0.00041318408597079416
leaf_weight=68 53 1023 906 75 68 40 41
leaf_count=68 53 1023 906 75 68 40 41
internal_value=0.000439367 -0.000421775 -0.0010668 0.00778243 0.00234483 0.0109091 0.0158333
internal_weight=2274 2037 1929 237 143 108 94
internal_count=2274 2037 1929 237 143 108 94
is_linear=0
shrinkage=0.04


Tree=34
num_leaves=7
num_cat=0
split_feature=64 97 77 24 71 28
split_gain=10.0627 14.3783 9.84944 9.75281 7.1001 5.91462
threshold=-0.23196520128058515 0.73386008927504898 0.50456341641494262 0.72591316774484127 1.4737847566661608 -0.14410144294805857
decision_type=2 2 2 2 2 2
left_child=1 3 4 -1 -2 -4
right_child=2 -3 5 -5 -6 -7
leaf_value=0.00046576927429906392 -0.00027325650512157406 -0.0013882975544710066 -0.00041456299110188035 -0.00020551444873807311 0.00043161827783272432 0.00063770595345278484
leaf_weight=621 1059 72 72 144 90 216
leaf_count=621 1059 72 72 144 90 216
internal_value=0.000404218 0.00388558 -0.00162613 0.00550196 -0.0032841 0.00496552
internal_weight=2274 837 1437 765 1149 288
internal_count=2274 837 1437 765 1149 288
is_linear=0
shrinkage=0.04


Tree=35
num_leaves=8
num_cat=0
split_feature=106 16 71 84 53 46 86
split_gain=9.17933 7.61672 8.28858 6.06807 2.51241 1.61073 1.3809
threshold=-0.8776924715503549 1.0334906629130296 2.7118958356361991 -0.96651475358334571 0.91666666666666685 -0.12828632336475823 0.23944678570642144
decision_type=2 2 2 2 2 2 2
left_child=3 2 -2 4 -1 -5 -3
right_child=1 6 -4 5 -6 -7 -8
leaf_value=0.00013994500394373319 -3.5405538964061488e-05 -0.00092156533507552544 0.00098496009923058274 0.00089914499663837583 -0.00081470739831133218 0.00043311852791046715 -0.00030882155009269013
leaf_weight=63 1799 60 104 63 54 87 44
leaf_count=63 1799 60 104 63 54 87 44
internal_value=0.000421793 -0.000507715 7.34908e-05 0.00736059 0.000504202 0.0126316 -0.0109434
internal_weight=2274 2007 1903 267 117 150 104
internal_count=2274 2007 1903 267 117 150 104
is_linear=0
shrinkage=0.04


Tree=36
num_leaves=8
num_cat=0
split_feature=64 97 77 31 28 71 45
split_gain=9.00215 13.4104 9.98875 9.03328 6.03965 5.88406 0.623277
threshold=-0.17035343085759524 0.73386008927504898 0.50456341641494262 0.95285649797761118 -0.25392615033070459 2.7763429803076827 -0.23295755163150469
decision_type=2 2 2 2 2 2 2
left_child=1 3 5 -1 -4 -2 -3
right_child=2 6 4 -5 -6 -7 -8
leaf_value=0.00042870853093455433 -0.00026732435140299513 -0.0015343832534417852 -0.00071415399338843122 -0.00038806353929346477 0.00050795947875258748 0.00069927234360499875 -0.0010143640437251752
leaf_weight=710 1026 41 53 103 229 72 40
leaf_count=710 1026 41 53 103 229 72 40
internal_value=0.000404218 0.00352679 -0.00162084 0.00507975 0.00507042 -0.00334545 -0.0118072
internal_weight=2274 894 1380 813 282 1098 81
internal_count=2274 894 1380 813 282 1098 81
is_linear=0
shrinkage=0.04


Tree=37
num_leaves=5
num_cat=0
split_feature=36 106 64 37
split_gain=9.76975 9.37758 8.79648 3.70448
threshold=-1.3227733232418362 1.0087210996529916 -0.17035343085759524 0.1868427192672496
decision_type=2 2 2 2
left_child=-1 2 -2 -3
right_child=1 3 -4 -5
leaf_value=0.0009760915276402157 0.0002429258927618562 -0.0015940742220971155 -9.3358637337753844e-05 -0.00032862457258500476
leaf_weight=72 805 56 1216 125
leaf_count=72 805 56 1216 125
internal_value=0.00029877 -0.000181488 0.000603065 -0.00885246
internal_weight=2274 2202 2021 181
internal_count=2274 2202 2021 181
is_linear=0
shrinkage=0.04


Tree=38
num_leaves=5
num_cat=0
split_feature=36 106 73 42
split_gain=9.09118 8.52346 8.5654 5.1599
threshold=-1.3227733232418362 1.0516489672076663 -0.5645101215131898 0.64298433449913361
decision_type=2 2 2 2
left_child=-1 2 -2 -3
right_child=1 3 -4 -5
leaf_value=0.00093704786653460719 -0.00080541608837461783 -0.0009514348637520301 7.1124049642471237e-05 0.00035211515531955194
leaf_weight=72 147 123 1891 41
leaf_count=72 147 123 1891 41
internal_value=0.00026362 -0.000199637 0.000509804 -0.00891566
internal_weight=2274 2202 2038 164
internal_count=2274 2202 2038 164
is_linear=0
shrinkage=0.04


Tree=39
num_leaves=8
num_cat=0
split_feature=78 106 31 42 4 65 61
split_gain=8.29042 13.162 7.02518 5.30856 4.29621 3.17014 1.83133
threshold=1.2097448990438779 0.46303184936157288 0.95285649797761118 -0.39312304088213623 -0.78926008318276331 -0.22414716695965256 -0.70432690482902227
decision_type=2 2 2 2 2 2 2
left_child=1 2 -1 6 -3 -5 -2
right_child=3 4 -4 5 -6 -7 -8
leaf_value=0.00013304154112536972 0.00075257436899834555 5.3153535295293583e-05 -0.00049085519852528486 0.00052899754191073429 -0.0006408683709246616 -0.00010623352416164522 0.00039376840002877114
leaf_weight=1308 96 108 153 50 387 129 43
leaf_count=1308 96 108 153 50 387 129 43
internal_value=0.000281195 -0.000694586 0.00121668 0.00625 -0.00631791 0.00165746 0.0120567
internal_weight=2274 1956 1461 318 495 179 139
internal_count=2274 1956 1461 318 495 179 139
is_linear=0
shrinkage=0.04


Tree=40
num_leaves=5
num_cat=0
split_feature=36 65 70 60
split_gain=9.11436 8.24705 10.9283 8.51622
threshold=-1.3227733232418362 -0.46263174697223991 0.3202296086027791 0.76291324878555367
decision_type=2 2 2 2
left_child=-1 3 -3 -2
right_child=1 2 -4 -5
leaf_value=0.00089584205034480948 0.00041352272430709384 -0.00027332977910955812 0.00019275766560433575 -0.00068424410459945538
leaf_weight=72 513 1099 533 57
leaf_count=72 513 1099 533 57
internal_value=0.000246046 -0.000217786 -0.00166463 0.00391608
internal_weight=2274 2202 1632 570
internal_count=2274 2202 1632 570
is_linear=0
shrinkage=0.04


Tree=41
num_leaves=5
num_cat=0
split_feature=36 106 64 42
split_gain=9.1608 8.41737 7.336 5.1599
threshold=-1.3227733232418362 1.0516489672076663 -0.17035343085759524 0.64298433449913361
decision_type=2 2 2 2
left_child=-1 2 -2 -3
right_child=1 3 -4 -5
leaf_value=0.00086000836833101727 0.00022053263579700728 -0.00088821648363750672 -8.8542652970926834e-05 0.00035595497731958292
leaf_weight=72 808 123 1230 41
leaf_count=72 808 123 1230 41
internal_value=0.000210896 -0.000254083 0.00045098 -0.00891566
internal_weight=2274 2202 2038 164
internal_count=2274 2202 2038 164
is_linear=0
shrinkage=0.04


Tree=42
num_leaves=4
num_cat=0
split_feature=36 76 106
split_gain=8.37022 7.2545 10.3615
threshold=-1.3227733232418362 2.1256634379457089 0.46303184936157288
decision_type=2 2 2
left_child=-1 2 -2
right_child=1 -3 -4
leaf_value=0.00082560803359777661 6.3883742097026189e-05 0.00043349728213723586 -0.00042115959573322956
leaf_weight=72 1609 53 540
leaf_count=72 1609 53 540
internal_value=0.000281195 -0.000163339 -0.000529986
internal_weight=2274 2202 2149
internal_count=2274 2202 2149
is_linear=0
shrinkage=0.04


Tree=43
num_leaves=7
num_cat=0
split_feature=34 106 101 79 14 17
split_gain=8.79271 7.97955 7.13628 4.64052 3.82116 3.02688
threshold=0.96011221221797849 -0.92713335895136784 0.25997158155592892 -0.052590257666504561 -0.15103660784423734 0.52060665481044055
decision_type=2 2 2 2 2 2
left_child=1 4 -3 5 -1 -2
right_child=3 2 -4 -5 -6 -7
leaf_value=0.00081631687988670124 0.00016959572582210105 -8.0050566896067152e-05 0.00023245851320482236 -0.0011282093949870279 0.00028113839926953123 -0.00049652796440467978
leaf_weight=81 50 1203 663 47 117 113
leaf_count=81 50 1203 663 47 117 113
internal_value=0.000210896 0.00100678 0.000192719 -0.00754717 0.0086 -0.00424242
internal_weight=2274 2064 1866 210 198 163
internal_count=2274 2064 1866 210 198 163
is_linear=0
shrinkage=0.04


Tree=44
num_leaves=5
num_cat=0
split_feature=36 106 36 101
split_gain=8.30367 7.14189 6.56639 5.52775
threshold=-1.3227733232418362 0.97361042641495243 0.33358516676883382 0.07240843485746544
decision_type=2 2 2 2
left_child=-1 2 -2 -3
right_child=1 3 -4 -5
leaf_value=0.00079578573492970815 0.00014935896132586702 -0.0010884550233332601 -0.00021239327354800454 -6.9052457414756244e-07
leaf_weight=72 1333 107 672 90
leaf_count=72 1333 107 672 90
internal_value=0.000333919 -0.000108893 0.000607872 -0.00733668
internal_weight=2274 2202 2005 197
internal_count=2274 2202 2005 197
is_linear=0
shrinkage=0.04


Tree=45
num_leaves=5
num_cat=0
split_feature=36 65 72 14
split_gain=7.63652 7.4846 7.99521 4.42641
threshold=-1.3227733232418362 -0.55424646375982811 0.24154446501169644 -0.92205300833486525
decision_type=2 2 2 2
left_child=-1 3 -3 -2
right_child=1 2 -4 -5
leaf_value=0.00076395430553251992 -0.00030108471517560176 -0.00022654093261588001 0.00013785006139057726 0.00048061251784009914
leaf_weight=72 47 1107 641 407
leaf_count=72 47 1107 641 407
internal_value=0.000333919 -9.07441e-05 -0.00128 0.00447368
internal_weight=2274 2202 1748 454
internal_count=2274 2202 1748 454
is_linear=0
shrinkage=0.04


Tree=46
num_leaves=7
num_cat=0
split_feature=73 31 64 72 37 40
split_gain=7.67702 8.25488 9.15245 3.33783 3.09213 1.89049
threshold=-0.5645101215131898 0.95285649797761118 -0.17035343085759524 0.14275663103150935 -0.43258982533511864 -0.26420605128324498
decision_type=2 2 2 2 2 2
left_child=4 2 -2 -3 -1 -6
right_child=1 3 -4 -5 5 -7
leaf_value=-3.3401437532325218e-06 0.00035076987036507685 -0.00083405218225616508 -1.2837093977074487e-05 3.3241820336498731e-05 -0.00071010654038376243 -0.0012195817324397347
leaf_weight=51 710 135 1220 59 43 56
leaf_count=51 710 135 1220 59 43 56
internal_value=0.00026362 0.00088429 0.00167702 -0.00693878 -0.00842105 -0.0124752
internal_weight=2274 2124 1930 194 150 99
internal_count=2274 2124 1930 194 150 99
is_linear=0
shrinkage=0.04


Tree=47
num_leaves=5
num_cat=0
split_feature=36 106 36 42
split_gain=7.09928 7.23348 6.49573 4.57103
threshold=-1.3227733232418362 1.0516489672076663 0.3251898137636367 0.64298433449913361
decision_type=2 2 2 2
left_child=-1 2 -2 -3
right_child=1 3 -4 -5
leaf_value=0.00073390961707030223 0.00013671014784496987 -0.00083750017586483498 -0.00021867874623647852 0.00040030286696876176
leaf_weight=72 1354 123 684 41
leaf_count=72 1354 123 684 41
internal_value=0.000246046 -0.000163339 0.000490196 -0.00819277
internal_weight=2274 2202 2038 164
internal_count=2274 2202 2038 164
is_linear=0
shrinkage=0.04


Tree=48
num_leaves=5
num_cat=0
split_feature=36 65 70 28
split_gain=7.01764 6.92029 7.27335 7.07635
threshold=-1.3227733232418362 -0.55424646375982811 0.33750216421972506 0.99509338767146394
decision_type=2 2 2 2
left_child=-1 3 -3 -2
right_child=1 2 -4 -5
leaf_value=0.00070455323238749013 0.00048521939984898471 -0.00020087868383221702 0.00015790981703913922 -0.00033757590406764828
leaf_weight=72 388 1213 535 66
leaf_count=72 388 1213 535 66
internal_value=0.000316344 -9.07441e-05 -0.00123429 0.00429825
internal_weight=2274 2202 1748 454
internal_count=2274 2202 1748 454
is_linear=0
shrinkage=0.04


Tree=49
num_leaves=7
num_cat=0
split_feature=31 64 97 78 108 13
split_gain=7.04926 8.12365 9.06923 6.17567 3.7461 2.79139
threshold=0.95285649797761118 -0.17035343085759524 0.73386008927504898 2.3823794353511674 -0.66236637046162983 1.0634806941465527
decision_type=2 2 2 2 2 2
left_child=1 2 -1 -3 -2 -6
right_child=4 3 -4 -5 5 -7
leaf_value=0.00034554282383611267 5.3062661953173774e-05 -0.00010011442240572717 -0.0010421920831197888 0.00034706647750239601 -0.00098712552025028181 -0.00044507045015259618
leaf_weight=710 59 1247 65 51 91 51
leaf_count=710 59 1247 65 51 91 51
internal_value=0.000316344 0.00101205 0.0042471 -0.000923077 -0.00679803 -0.0102778
internal_weight=2274 2073 775 1298 201 142
internal_count=2274 2073 775 1298 201 142
is_linear=0
shrinkage=0.04


Tree=50
num_leaves=7
num_cat=0
split_feature=73 106 10 15 14 75
split_gain=7.18875 8.12579 6.42488 5.56379 4.31002 0.850724
threshold=-0.5645101215131898 -0.68615144891452895 -0.50712210384513534 0.92750911587458351 -0.17713265368345202 0.32212443361472481
decision_type=2 2 2 2 2 2
left_child=2 4 -1 -3 -2 -4
right_child=1 3 5 -5 -6 -7
leaf_value=8.8917529453497581e-05 0.00052356598543839476 1.9896646848006487e-05 -0.0012823150974321589 -0.0006045315225114865 0.00012300525559563063 -0.00078219513043202235
leaf_weight=46 156 1675 60 122 171 44
leaf_count=46 156 1675 60 122 171 44
internal_value=0.000246046 0.00084666 -0.00815789 -0.000211228 0.00662614 -0.0135849
internal_weight=2274 2124 150 1797 327 104
internal_count=2274 2124 150 1797 327 104
is_linear=0
shrinkage=0.04


Tree=51
num_leaves=7
num_cat=0
split_feature=31 64 28 91 108 38
split_gain=6.15913 7.92981 6.80138 6.55323 3.43528 3.51169
threshold=0.95285649797761118 -0.17035343085759524 -0.41284852478743944 0.6409975967107302 -0.71926126702291648 0.8704929852986184
decision_type=2 2 2 2 2 2
left_child=1 3 -3 -1 -2 -6
right_child=4 2 -4 -5 5 -7
leaf_value=0.00031976575991759794 8.1011505921576199e-05 -0.00042046366352129747 2.9224059307604509e-05 -0.00080311463097697093 -0.00097003752963039931 -4.6090563339566368e-05
leaf_weight=700 42 331 967 75 108 51
leaf_count=700 42 331 967 75 108 51
internal_value=0.000246046 0.000896386 -0.00101538 0.00409266 -0.00640394 -0.00906832
internal_weight=2274 2073 1298 775 201 159
internal_count=2274 2073 1298 775 201 159
is_linear=0
shrinkage=0.04


Tree=52
num_leaves=7
num_cat=0
split_feature=73 106 46 16 14 25
split_gain=6.34467 7.51424 6.59231 5.56619 4.82 1.01735
threshold=-0.5645101215131898 -0.62413248446333081 -0.67654219662573978 1.0621734056084884 -0.17713265368345202 0.63792654781347069
decision_type=2 2 2 2 2 2
left_child=2 4 -1 -3 -2 -4
right_child=1 3 5 -5 -6 -7
leaf_value=7.4360443376990626e-05 0.00051117405613230115 1.7542239710914322e-05 -0.00086571454841183077 -0.00057514869673263203 7.8400492816964424e-05 -0.0010974310723751164
leaf_weight=44 170 1683 66 81 190 40
leaf_count=44 170 1683 66 81 190 40
internal_value=0.00026362 0.000827846 -0.00763158 -0.000249151 0.00607735 -0.012963
internal_weight=2274 2124 150 1764 360 106
internal_count=2274 2124 150 1764 360 106
is_linear=0
shrinkage=0.04


Tree=53
num_leaves=8
num_cat=0
split_feature=72 71 42 105 33 102 85
split_gain=6.34327 8.81213 6.43349 6.28795 5.5372 2.64051 1.21526
threshold=0.23128406810411958 -0.80337977900795843 0.76793195198489272 0.52121291104670509 1.1706894260750176 -0.41358563744056825 -0.11949433807861537
decision_type=2 2 2 2 2 2 2
left_child=1 5 3 -2 -3 -1 -4
right_child=2 4 6 -5 -6 -7 -8
leaf_value=0.00063726726271903181 0.00024573063099406602 -9.5123648920861887e-05 0.00045969183419672155 -0.00022224298989018381 -0.00082433124519798939 -0.00013855790928722387 0.00097054072106816231
leaf_weight=111 581 1190 41 191 76 42 42
leaf_count=111 581 1190 41 191 76 42 42
internal_value=0.000246046 -0.00139338 0.00296383 0.00180879 -0.00249211 0.0076129 0.0134118
internal_weight=2274 1419 855 772 1266 153 83
internal_count=2274 1419 855 772 1266 153 83
is_linear=0
shrinkage=0.04


Tree=54
num_leaves=8
num_cat=0
split_feature=78 106 28 9 42 79 82
split_gain=6.33793 9.83357 6.33333 5.11323 4.15683 2.77098 1.77007
threshold=1.2097448990438779 0.46303184936157288 1.011269726210142 -0.7902762959285522 -0.39312304088213623 0.46654056437697194 0.61894813376090518
decision_type=2 2 2 2 2 2 2
left_child=1 2 -1 -3 6 -6 -2
right_child=4 3 -4 -5 5 -7 -8
leaf_value=8.4325398046655739e-05 0.00077317656155672602 3.4985580265894624e-05 -0.0004098424752259364 -0.00054944873004804775 0.00030070240029431421 -0.00016056513159096346 0.00023069178703886945
leaf_weight=1352 62 110 109 385 69 110 77
leaf_count=1352 62 110 109 385 69 110 77
internal_value=0.000281195 -0.000572012 0.00107997 -0.0054326 0.0055 0.00143646 0.0106383
internal_weight=2274 1956 1461 495 318 179 139
internal_count=2274 1956 1461 495 318 179 139
is_linear=0
shrinkage=0.04


Tree=55
num_leaves=6
num_cat=0
split_feature=37 65 72 28 29
split_gain=6.02617 6.36792 11.5343 6.46123 2.08582
threshold=-1.1433962949802772 -0.46263174697223991 0.17048447516954016 0.78217036376821436 0.18760165842539414
decision_type=2 2 2 2 2
left_child=4 3 -3 -2 -1
right_child=1 2 -4 -5 -6
leaf_value=0.001070252943407305 0.00039108723460994647 -0.0002707722111209584 0.00014251834715219103 -0.00018147762529332491 0.00028734605357838436
leaf_weight=40 433 950 690 120 41
leaf_count=40 433 950 690 120 41
internal_value=0.00026362 -0.000136674 -0.00138855 0.00356757 0.0108434
internal_weight=2274 2193 1640 553 81
internal_count=2274 2193 1640 553 81
is_linear=0
shrinkage=0.04


Tree=56
num_leaves=6
num_cat=0
split_feature=37 72 65 42 29
split_gain=6.0462 5.5917 10.7463 5.5884 2.08582
threshold=-1.1433962949802772 0.23128406810411958 -0.46263174697223991 0.76793195198489272 0.18760165842539414
decision_type=2 2 2 2 2
left_child=4 2 -2 -3 -1
right_child=1 3 -4 -5 -6
leaf_value=0.0010274428256710128 0.0002224477986582105 6.7993869406629938e-05 -0.00024346698719410038 0.00057149676862402587 0.00027585221143524896
leaf_weight=40 374 744 994 81 41
leaf_count=40 374 744 994 81 41
internal_value=0.000246046 -0.000154897 -0.00172263 0.00244256 0.0108434
internal_weight=2274 2193 1368 825 81
internal_count=2274 2193 1368 825 81
is_linear=0
shrinkage=0.04


Tree=57
num_leaves=8
num_cat=0
split_feature=78 76 28 89 42 89 105
split_gain=6.42354 8.93928 6.23449 5.28746 3.28711 2.89142 2.14688
threshold=1.2097448990438779 0.30686718118290096 1.011269726210142 -0.85817646649960644 -0.39312304088213623 0.99003615009915602 0.50973678597367633
decision_type=2 2 2 2 2 2 2
left_child=1 2 -1 -3 6 -6 -2
right_child=4 3 -4 -5 5 -7 -8
leaf_value=8.5384822664227316e-05 0.00071935594644369845 9.5570420036842041e-05 -0.00036996541396731332 -0.0004841564615740906 -5.2442487539575006e-05 0.00048035420828782444 0.00011703948707715753
leaf_weight=1373 95 90 136 357 122 57 44
leaf_count=1373 95 90 136 357 122 57 44
internal_value=0.000246046 -0.00061287 0.000860357 -0.00556793 0.0055 0.00187845 0.0100709
internal_weight=2274 1956 1509 447 318 179 139
internal_count=2274 1956 1509 447 318 179 139
is_linear=0
shrinkage=0.04


Tree=58
num_leaves=6
num_cat=0
split_feature=106 36 73 87 47
split_gain=6.08437 6.87392 5.77793 3.85467 2.55246
threshold=1.0516489672076663 -1.3227733232418362 -0.5645101215131898 0.79872077379028428 0.14006514562953906
decision_type=2 2 2 2 2
left_child=1 -1 -3 4 -2
right_child=3 2 -4 -5 -6
leaf_value=0.00078845741964714473 -0.0011693178494975702 -0.00063207029734050333 5.3685025512608605e-05 0.00019491206915362168 -2.1512765458229709e-05
leaf_weight=59 83 147 1891 42 52
leaf_count=59 83 147 1891 42 52
internal_value=0.00026362 0.00086708 0.000470588 -0.00681564 -0.010073
internal_weight=2274 2097 2038 177 135
internal_count=2274 2097 2038 177 135
is_linear=0
shrinkage=0.04


Tree=59
num_leaves=7
num_cat=0
split_feature=106 102 79 10 42 75
split_gain=6.31987 6.55043 5.64589 3.46216 3.34921 3.96538
threshold=1.0516489672076663 -0.7671252300696797 0.35102118589631143 0.056238354261536068 0.63636941796399127 0.36642553600056488
decision_type=2 2 2 2 2 2
left_child=1 3 -3 -1 5 -2
right_child=4 2 -4 -5 -6 -7
leaf_value=9.4786576588089943e-06 -0.0011692291631921548 7.2213050479245507e-05 -0.00020557746300080314 0.00065139281334363895 0.00040978240926532739 -3.0106562316642576e-05
leaf_weight=77 73 1281 627 112 42 62
leaf_count=77 73 1281 627 112 42 62
internal_value=0.000175747 0.000790853 8.37696e-05 0.0078534 -0.00703911 -0.010073
internal_weight=2274 2097 1908 189 177 135
internal_count=2274 2097 1908 189 177 135
is_linear=0
shrinkage=0.04


Tree=60
num_leaves=7
num_cat=0
split_feature=106 102 37 10 42 96
split_gain=6.38153 6.47991 5.31372 3.46216 2.97886 3.14629
threshold=1.0516489672076663 -0.7671252300696797 -0.97614194850119651 0.056238354261536068 0.64298433449913361 0.51992095883659106
decision_type=2 2 2 2 2 2
left_child=1 3 -3 -1 5 -2
right_child=4 2 -4 -5 -6 -7
leaf_value=9.0995113524566096e-06 -0.0010162017574131036 0.00041402586394115759 -1.8123872996922628e-05 0.00062533710080989321 0.00040312641531901476 -3.400533719806628e-05
leaf_weight=77 85 178 1730 112 41 51
leaf_count=77 85 178 1730 112 41 51
internal_value=0.000210896 0.000828966 0.000125654 0.0078534 -0.00703911 -0.00985507
internal_weight=2274 2097 1908 189 177 136
internal_count=2274 2097 1908 189 177 136
is_linear=0
shrinkage=0.04


Tree=61
num_leaves=8
num_cat=0
split_feature=78 76 106 33 65 40 87
split_gain=5.9964 7.98726 6.59924 4.44244 5.02677 3.99124 0.981106
threshold=1.2097448990438779 0.29066542846336402 0.39726429858722245 -0.71663751461408698 -0.21629441504015748 -0.36336529709353232 -0.14058375352440497
decision_type=2 2 2 2 2 2 2
left_child=1 2 -1 6 -5 -3 -2
right_child=3 5 -4 4 -6 -7 -8
leaf_value=9.4691980118841236e-05 0.00045159626607882896 0.00011249341009880487 -0.00038743264141589891 0.00042002461445954056 -0.00012124977585395259 -0.00049232941360154202 0.00058897193358498144
leaf_weight=1176 54 82 315 78 136 383 50
leaf_count=1176 54 82 315 78 136 383 50
internal_value=0.00029877 -0.000531154 0.000897522 0.005375 0.00203704 -0.00509636 0.0120755
internal_weight=2274 1956 1491 318 214 465 104
internal_count=2274 1956 1491 318 214 465 104
is_linear=0
shrinkage=0.04


Tree=62
num_leaves=7
num_cat=0
split_feature=31 73 64 46 3 5
split_gain=6.37321 6.86813 6.04548 5.34386 2.22696 1.38772
threshold=1.0129244025432231 -0.5645101215131898 -0.17035343085759524 -0.67654219662573978 1.4217501813003197 0.91567183901404448
decision_type=2 2 2 2 2 2
left_child=1 3 -3 -1 5 -2
right_child=4 2 -4 -5 -6 -7
leaf_value=0.00012336772404040821 -0.00083301689383248416 0.00024307941720627294 -2.2371785099616765e-06 -0.00086941175410352057 -3.3296127383951062e-06 -0.00080533834762146217
leaf_weight=44 40 731 1230 104 50 75
leaf_count=44 40 731 1230 104 50 75
internal_value=0.000456942 0.00105163 0.0016811 -0.0072 -0.00706587 -0.0100855
internal_weight=2274 2109 1961 148 165 115
internal_count=2274 2109 1961 148 165 115
is_linear=0
shrinkage=0.04


Tree=63
num_leaves=5
num_cat=0
split_feature=36 65 72 28
split_gain=6.32789 5.1114 6.21043 5.20151
threshold=-1.3227733232418362 -0.55424646375982811 0.24154446501169644 0.99509338767146394
decision_type=2 2 2 2
left_child=-1 3 -3 -2
right_child=1 2 -4 -5
leaf_value=0.00062914630969221666 0.00040414456590379735 -0.00017356377299149184 7.4607343045924172e-05 -0.00023601158341659401
leaf_weight=72 388 1107 641 66
leaf_count=72 388 1107 641 66
internal_value=0.000386643 0 -0.000982857 0.00377193
internal_weight=2274 2202 1748 454
internal_count=2274 2202 1748 454
is_linear=0
shrinkage=0.04


Tree=64
num_leaves=8
num_cat=0
split_feature=105 6 37 97 11 87 46
split_gain=5.8814 6.6645 8.30968 5.90693 4.2094 2.68579 1.88707
threshold=-0.93162317867666367 0.28088603808224216 -0.99982181173070706 0.63351452002750608 0.17007570098745564 -0.2723233712246606 -0.12828632336475823
decision_type=2 2 2 2 2 2 2
left_child=4 2 -2 -3 6 -6 -1
right_child=1 3 -4 -5 5 -7 -8
leaf_value=0.00061233274884109367 0.00069097591557637343 -0.00011285770467801784 1.0035875967268193e-05 -0.0011292249979194932 -0.00061492645882612251 0.00018138169289548694 0.00039540122255031149
leaf_weight=72 94 551 1250 91 48 74 94
leaf_count=72 94 551 1250 91 48 74 94
internal_value=0.000333919 -0.000442656 0.00115899 -0.00378882 0.00565517 0 0.0097619
internal_weight=2274 1986 1344 642 288 122 166
internal_count=2274 1986 1344 642 288 122 166
is_linear=0
shrinkage=0.04


Tree=65
num_leaves=7
num_cat=0
split_feature=78 76 106 89 35 37
split_gain=6.38564 7.31715 5.36786 3.91706 3.00016 3.92209
threshold=1.2097448990438779 0.29066542846336402 0.32803558328791244 -0.85817646649960644 -1.180963173365879 0.091169169954342322
decision_type=2 2 2 2 2 2
left_child=1 2 -1 -3 -2 -6
right_child=4 3 -4 -5 5 -7
leaf_value=8.2616415523400217e-05 0.00065136061709526283 9.9471122525231182e-05 -0.00034191925197472731 -0.00042462563130712841 0.00039058040109019254 1.2083312738541547e-05
leaf_weight=1149 60 90 342 375 61 197
leaf_count=1149 60 90 342 375 61 197
internal_value=0.000386643 -0.000469867 0.000897522 -0.0048394 0.005625 0.00369231
internal_weight=2274 1956 1491 465 318 258
internal_count=2274 1956 1491 465 318 258
is_linear=0
shrinkage=0.04


Tree=66
num_leaves=7
num_cat=0
split_feature=78 37 28 76 33 65
split_gain=5.3417 6.56584 6.75954 6.36857 3.68497 4.95174
threshold=1.2097448990438779 -0.97614194850119651 -0.69277425165448525 0.30686718118290096 -1.0819532376639025 -0.13783407701485692
decision_type=2 2 2 2 2 2
left_child=1 2 -1 -3 -2 -6
right_child=4 3 -4 -5 5 -7
leaf_value=0.00086012784788813625 0.00073173353334360727 8.4001644652804965e-06 6.6083915492444573e-05 -0.00039604427430239939 0.00037495718504658492 -1.3536250157246757e-05
leaf_weight=71 40 1347 118 420 107 171
leaf_count=71 40 1347 118 420 107 171
internal_value=0.000333919 -0.000449438 0.00659686 -0.00120972 0.005125 0.00342857
internal_weight=2274 1956 189 1767 318 278
internal_count=2274 1956 189 1767 318 278
is_linear=0
shrinkage=0.04


Tree=67
num_leaves=8
num_cat=0
split_feature=105 6 37 72 11 91 50
split_gain=5.6945 6.02565 6.73476 5.42319 4.00657 2.4128 2.00242
threshold=-0.93162317867666367 0.28088603808224216 -0.99982181173070706 0.24789528577856851 0.17007570098745564 -0.61247583428044561 0.24745045409982672
decision_type=2 2 2 2 2 2 2
left_child=4 2 -2 -3 6 -6 -1
right_child=1 3 -4 -5 5 -7 -8
leaf_value=0.00066248910867309856 0.00065738886571268477 -0.00033711205474946444 1.2366409784187496e-05 5.3991870272093388e-05 -0.00082578554200850697 0.00012820457425911767 0.00014578523684249348
leaf_weight=101 94 424 1250 218 47 75 65
leaf_count=101 94 424 1250 218 47 75 65
internal_value=0.000281195 -0.000482897 0.00104012 -0.0036646 0.00551724 0 0.00952381
internal_weight=2274 1986 1344 642 288 122 166
internal_count=2274 1986 1344 642 288 122 166
is_linear=0
shrinkage=0.04


Tree=68
num_leaves=8
num_cat=0
split_feature=105 3 37 72 11 1 87
split_gain=5.28742 5.07078 6.59686 4.9128 3.35847 2.44658 2.30212
threshold=-0.93162317867666367 0.27899025437162422 -0.99982181173070706 0.24789528577856851 0.17007570098745564 0.1568151185818816 -0.22446228240997315
decision_type=2 2 2 2 2 2 2
left_child=4 2 -2 -3 5 -1 -6
right_child=1 3 -4 -5 6 -7 -8
leaf_value=0.00080823242071947573 0.00060602313866451045 -0.00031864905961276118 1.0117720920286601e-05 5.6743456998037681e-05 -0.00056178471460567277 0.00011207874721123113 0.00020920411433542548
leaf_weight=79 93 424 1250 219 52 87 70
leaf_count=79 93 424 1250 219 52 87 70
internal_value=0.000333919 -0.000402414 0.000996283 -0.00331783 0.00537931 0.00904762 0.000322581
internal_weight=2274 1986 1343 643 288 166 122
internal_count=2274 1986 1343 643 288 166 122
is_linear=0
shrinkage=0.04


Tree=69
num_leaves=7
num_cat=0
split_feature=105 31 73 7 46 11
split_gain=5.06881 4.87771 5.24902 2.78327 2.4708 3.33136
threshold=-0.93162317867666367 1.0129244025432231 -0.55827033976490992 0.55790521319481601 1.0491541473702661 0.2049045258074273
decision_type=2 2 2 2 2 2
left_child=4 2 -2 -3 5 -1
right_child=1 3 -4 -5 -6 -7
leaf_value=0.00040998178885750554 -0.00055867105029382309 -0.000773655237255026 3.2933979198896491e-05 -3.6762412194977015e-06 0.00077914583389029305 -0.00020647135803957304
leaf_weight=148 136 86 1714 50 44 96
leaf_count=148 136 86 1714 50 44 96
internal_value=0.000439367 -0.00028169 0.000259179 -0.00753623 0.00537931 0.00373984
internal_weight=2274 1986 1850 136 288 244
internal_count=2274 1986 1850 136 288 244
is_linear=0
shrinkage=0.04


Tree=70
num_leaves=7
num_cat=0
split_feature=73 106 88 46 14 73
split_gain=4.93823 5.87213 6.12659 5.56891 4.53724 1.24471
threshold=-0.5645101215131898 -0.62413248446333081 -0.20506109543806281 -0.67654219662573978 -0.17713265368345202 -0.67444552333745877
decision_type=2 2 2 2 2 2
left_child=3 4 -3 -1 -2 -5
right_child=1 2 -4 5 -6 -7
leaf_value=0.00017014773803814489 0.00039256042294338352 -0.00021557763223072567 6.0420583105485779e-05 -0.0009213688951116095 4.7049001344586263e-05 -0.00062706744985211642
leaf_weight=44 170 525 1239 54 190 52
leaf_count=44 170 525 1239 54 190 52
internal_value=0.000386643 0.00088429 -6.79502e-05 -0.00657895 0.00552486 -0.0114815
internal_weight=2274 2124 1764 150 360 106
internal_count=2274 2124 1764 150 360 106
is_linear=0
shrinkage=0.04


Tree=71
num_leaves=6
num_cat=0
split_feature=73 46 83 108 70
split_gain=4.54821 5.32647 5.32001 5.42288 1.45308
threshold=-0.5645101215131898 -0.67654219662573978 1.8263574972449899 -0.70517654556579978 -0.57734721863873106
decision_type=2 2 2 2 2
left_child=1 -1 3 -2 -3
right_child=2 4 -4 -5 -6
leaf_value=0.00016334182851661906 0.0001926744382565005 -0.0008496810718347284 0.00026546934954445989 -1.3814391788525767e-05 -0.00027882061985355351
leaf_weight=44 336 66 75 1713 40
leaf_count=44 336 66 75 1713 40
internal_value=0.000369069 -0.00631579 0.00084666 0.000458313 -0.0111111
internal_weight=2274 150 2124 2049 106
internal_count=2274 150 2124 2049 106
is_linear=0
shrinkage=0.04


Tree=72
num_leaves=8
num_cat=0
split_feature=36 13 97 72 60 28 45
split_gain=4.5605 7.53908 7.62324 5.94758 5.7609 5.42713 5.27115
threshold=0.3251898137636367 -0.15633071791776917 0.72286296046578435 0.23128406810411958 -1.3453458323735299 -0.25942731109242517 -0.24714310943661669
decision_type=2 2 2 2 2 2 2
left_child=1 2 -1 6 -3 -5 -2
right_child=3 4 -4 5 -6 -7 -8
leaf_value=0.00030731909994639211 2.7880234305743475e-05 0.00028705652609663994 -0.0007599926031071452 -0.00078996486354324775 -0.00014279436852657781 0.00041355653523321835 -0.00056314453969086103
leaf_weight=588 168 152 52 65 777 168 304
leaf_count=588 168 152 52 65 777 168 304
internal_value=0.00026362 0.00146404 0.00479751 -0.00240453 -0.000837809 0.00280851 -0.0049789
internal_weight=2274 1569 640 705 929 233 472
internal_count=2274 1569 640 705 929 233 472
is_linear=0
shrinkage=0.04


Tree=73
num_leaves=5
num_cat=0
split_feature=36 37 65 28
split_gain=4.73648 4.68405 5.78848 5.40058
threshold=-1.3227733232418362 -0.97614194850119651 -0.44390662969032207 -0.69277425165448525
decision_type=2 2 2 2
left_child=-1 3 -3 -2
right_child=1 2 -4 -5
leaf_value=0.00054972148558121324 0.00075971188297903314 0.00015343150013312783 -0.00012176471923166917 3.1845076093180433e-05
leaf_weight=72 71 542 1471 118
leaf_count=72 71 542 1471 118
internal_value=0.000316344 -1.81488e-05 -0.000585608 0.00596859
internal_weight=2274 2202 2013 189
internal_count=2274 2202 2013 189
is_linear=0
shrinkage=0.04


Tree=74
num_leaves=7
num_cat=0
split_feature=78 108 28 88 42 107
split_gain=4.72056 6.24332 6.54809 4.25388 3.21017 3.17578
threshold=1.2097448990438779 0.89164109847346718 1.011269726210142 0.78411882987783377 -0.79051571792675535 -0.18794498269091062
decision_type=2 2 2 2 2 2
left_child=1 2 -1 -3 -2 -6
right_child=4 3 -4 -5 5 -7
leaf_value=3.448016464167583e-05 0.0004721274447207906 -0.0011164303049384595 -0.00048535222006819537 8.0247769584354257e-05 -0.00033745752716497979 0.00018862926968489334
leaf_weight=1656 73 120 129 51 42 203
leaf_count=1656 73 120 129 51 42 203
internal_value=0.000246046 -0.000490296 0.000212647 -0.00774566 0.00475 0.00251012
internal_weight=2274 1956 1785 171 318 245
internal_count=2274 1956 1785 171 318 245
is_linear=0
shrinkage=0.04


Tree=75
num_leaves=8
num_cat=0
split_feature=72 58 53 47 95 0 42
split_gain=4.82043 6.36691 7.696 6.0631 5.88617 5.12339 4.89555
threshold=0.17048447516954016 -0.31145254380243415 0.91666666666666685 -0.62021100551405839 0.066542933872243734 -0.48278835422174454 0.85400163035540821
decision_type=2 2 2 2 2 2 2
left_child=1 5 -3 4 -2 -1 -5
right_child=3 2 -4 6 -6 -7 -8
leaf_value=3.5839978306145546e-05 -0.0008478758419724773 7.1796387622038608e-05 -0.0010209534094381804 0.00013643416481071008 0.00078758633947388764 -0.00056851000060202444 0.00063533051656843075
leaf_weight=139 69 918 78 738 42 239 51
leaf_count=139 69 918 78 738 42 239 51
internal_value=0.000210896 -0.00127907 0.000400802 0.00248337 -0.00619469 -0.00568421 0.00371681
internal_weight=2274 1374 996 900 111 378 789
internal_count=2274 1374 996 900 111 378 789
is_linear=0
shrinkage=0.04


Tree=76
num_leaves=8
num_cat=0
split_feature=78 108 88 73 46 35 105
split_gain=4.61075 6.3492 4.25388 4.16268 3.5586 4.62433 1.49668
threshold=1.2097448990438779 0.89164109847346718 0.78411882987783377 -0.5645101215131898 -0.092626030720910107 -1.180963173365879 0.50973678597367633
decision_type=2 2 2 2 2 2 2
left_child=1 3 -3 -1 6 -6 -2
right_child=4 2 -4 -5 5 -7 -8
leaf_value=-0.00046680506121859295 0.00042100727556515716 -0.0010716465197495976 7.158049220855167e-05 2.8070723696161927e-05 0.00049935352175265119 -0.00017178843323426742 4.9940228616491975e-05
leaf_weight=150 96 120 51 1635 51 128 43
leaf_count=150 96 120 51 1635 51 128 43
internal_value=0.00029877 -0.000429009 -0.00774566 0.000279799 0.00475 0.000994475 0.00950355
internal_weight=2274 1956 171 1785 318 179 139
internal_count=2274 1956 171 1785 318 179 139
is_linear=0
shrinkage=0.04


Tree=77
num_leaves=7
num_cat=0
split_feature=106 103 6 37 88 26
split_gain=4.31527 4.65928 4.71235 3.76805 2.46874 2.27693
threshold=1.0516489672076663 -1.7178482028289552 -0.36345980311625842 0.09637745570758513 0.12903584315217589 0.64769635463782349
decision_type=2 2 2 2 2 2
left_child=1 5 -3 -2 -5 -1
right_child=3 2 -4 4 -6 -7
leaf_value=0.00038781207326659295 -0.001258778368929413 0.0002162765953190217 -3.4486690553422185e-05 -0.00024292302400342108 5.5924929131556905e-05 2.3101396990497792e-05
leaf_weight=71 40 624 1362 67 70 40
leaf_count=71 40 624 1362 67 70 40
internal_value=0.00026362 0.000771796 0.000321932 -0.00569832 -0.00244604 0.00867257
internal_weight=2274 2097 1986 177 137 111
internal_count=2274 2097 1986 177 137 111
is_linear=0
shrinkage=0.04


Tree=78
num_leaves=7
num_cat=0
split_feature=106 95 99 83 87 47
split_gain=4.46212 5.17354 5.20544 4.88843 4.36222 1.99923
threshold=1.0516489672076663 -0.009941972112111841 0.6329530569183176 -0.3828201477159659 0.78574162918684254 0.14006514562953906
decision_type=2 2 2 2 2 2
left_child=1 2 -1 -3 5 -2
right_child=4 3 -4 -5 -6 -7
leaf_value=6.5072613481993722e-07 -0.00090105697059938744 -0.00033359547558903469 -0.00036218013345892087 0.00015267845272165292 0.00016097526997002233 -0.00010311689130873207
leaf_weight=879 82 162 192 864 45 50
leaf_count=879 82 162 192 864 45 50
internal_value=0.000140598 0.000657456 -0.00128611 0.00268482 -0.00592179 -0.00955224
internal_weight=2274 2097 1071 1026 177 132
internal_count=2274 2097 1071 1026 177 132
is_linear=0
shrinkage=0.04


Tree=79
num_leaves=6
num_cat=0
split_feature=4 71 71 86 3
split_gain=4.5458 4.62162 4.58106 2.31643 2.23632
threshold=1.1171724215789862 -0.89628530987101929 2.9103728409820779 -0.10641280882910613 0.16460704938961893
decision_type=2 2 2 2 2
left_child=1 4 -3 -2 -1
right_child=3 2 -4 -5 -6
leaf_value=0.00064824017967141361 -0.00056957695756547507 -8.6143917896100092e-06 0.00065707452306514318 -0.00018401767583616164 7.2448936156562435e-05
leaf_weight=54 43 1952 109 68 48
leaf_count=54 43 1952 109 68 48
internal_value=0.000210896 0.000618938 0.000203587 -0.00761062 0.00884615
internal_weight=2274 2163 2061 111 102
internal_count=2274 2163 2061 111 102
is_linear=0
shrinkage=0.04


Tree=80
num_leaves=5
num_cat=0
split_feature=36 37 28 28
split_gain=4.83734 4.52789 5.82761 4.98144
threshold=-1.3227733232418362 -0.97614194850119651 -0.53627824018231618 -0.69277425165448525
decision_type=2 2 2 2
left_child=-1 3 -3 -2
right_child=1 2 -4 -5
leaf_value=0.00050016007221575403 0.00070310616571194948 -0.00032177848721635151 6.4891579070536565e-06 2.8317362345045109e-05
leaf_weight=72 71 295 1718 118
leaf_count=72 71 295 1718 118
internal_value=0.000210896 -0.000127042 -0.000684864 0.00575916
internal_weight=2274 2202 2013 189
internal_count=2274 2202 2013 189
is_linear=0
shrinkage=0.04


Tree=81
num_leaves=8
num_cat=0
split_feature=36 13 90 46 13 3 85
split_gain=4.31058 6.66888 7.42593 6.42507 8.4601 6.12897 5.1969
threshold=0.3251898137636367 -0.15633071791776917 0.8499909039733986 -0.0065509891374331145 1.6158433413295823 -0.35462116476427813 -1.09402213278331
decision_type=2 2 2 2 2 2 2
left_child=1 2 -1 5 -5 -2 -3
right_child=3 6 -4 4 -6 -7 -8
leaf_value=0.00027397947172443207 0.00060134018376772696 0.00055351836398772919 -0.00077388506090068725 -0.00053443228713874024 0.00072165131429581682 -8.226538188296454e-05 -8.2589715818724151e-05
leaf_weight=577 62 50 63 286 42 315 879
leaf_count=577 62 50 63 286 42 315 879
internal_value=0.000246046 0.00141311 0.00454829 -0.00234795 -0.00642424 0.00121372 -0.00075188
internal_weight=2274 1569 640 705 328 377 929
internal_count=2274 1569 640 705 328 377 929
is_linear=0
shrinkage=0.04


Tree=82
num_leaves=8
num_cat=0
split_feature=64 97 28 73 67 16 33
split_gain=3.96867 7.70997 5.01868 7.31375 4.63011 4.1163 0.903448
threshold=-0.1611250199660742 0.73386008927504898 -0.47219050572225196 -0.51335057503015002 0.31926855377793162 -0.21207939660324202 -0.026246705632485212
decision_type=2 2 2 2 2 2 2
left_child=1 4 5 -4 -1 -2 -3
right_child=2 6 3 -5 -6 -7 -8
leaf_value=7.4011677956408332e-05 3.4249282909548961e-05 -0.0011568780106598279 -0.0006499798045834672 3.2215914116725202e-05 0.00040210984738133995 -0.00053109342012435073 -0.00069653310696710558
leaf_weight=678 91 41 73 1016 144 191 40
leaf_count=678 91 41 73 1016 144 191 40
internal_value=0.000175747 0.00223204 -0.0011799 5.49954e-05 0.00339806 -0.00591549 -0.00939759
internal_weight=2274 903 1371 1089 822 282 81
internal_count=2274 903 1371 1089 822 282 81
is_linear=0
shrinkage=0.04


Tree=83
num_leaves=7
num_cat=0
split_feature=6 97 36 53 42 18
split_gain=4.13884 6.98829 6.66788 4.35332 5.12852 4.04007
threshold=-0.36345980311625842 0.63351452002750608 0.29153654216427166 0.91666666666666685 0.34879099654176349 -0.33587460942939096
decision_type=2 2 2 2 2 2
left_child=3 2 -2 4 -1 -3
right_child=1 5 -4 -5 -6 -7
leaf_value=8.5428023361970273e-05 9.6129812612915557e-05 7.4232036709379612e-05 -0.0002366718213463069 -0.00046623121245384049 0.00061897386391041585 -0.00079945036306333932
leaf_weight=542 790 40 573 59 128 142
leaf_count=542 790 40 573 59 128 142
internal_value=0.000228471 -0.000943762 4.3956e-05 0.00270862 0.00363095 -0.00826087
internal_weight=2274 1545 1363 729 670 182
internal_count=2274 1545 1363 729 670 182
is_linear=0
shrinkage=0.04


Tree=84
num_leaves=7
num_cat=0
split_feature=6 97 36 82 100 53
split_gain=3.60278 5.84315 6.42166 5.22128 4.50919 3.50287
threshold=-0.36345980311625842 0.63351452002750608 0.3251898137636367 0.34718068160599996 1.0311392250800238 0.91666666666666685
decision_type=2 2 2 2 2 2
left_child=4 2 -2 -3 5 -1
right_child=1 3 -4 -5 -6 -7
leaf_value=0.00012393581606529386 7.2155327582525616e-05 -0.00081156914607436598 -0.00024319578369912735 3.916866648669926e-05 0.00078798192648814628 -0.00044758196395568687
leaf_weight=620 825 125 538 57 50 59
leaf_count=620 825 125 538 57 50 59
internal_value=0.000175747 -0.000917906 -1.4652e-05 -0.0076087 0.00248974 0.00161527
internal_weight=2274 1545 1363 182 729 679
internal_count=2274 1545 1363 182 729 679
is_linear=0
shrinkage=0.04


Tree=85
num_leaves=7
num_cat=0
split_feature=37 28 71 71 28 29
split_gain=3.73866 5.45968 8.52572 5.3256 5.23917 3.61374
threshold=-0.97614194850119651 -0.53627824018231618 0.018453477087072324 2.030770907297696 -0.69277425165448525 0.068956706240712831
decision_type=2 2 2 2 2 2
left_child=4 2 -2 -3 -1 -6
right_child=1 3 -4 -5 5 -7
leaf_value=0.00065592136329029472 -6.1142176381598256e-05 -5.6660081513442309e-06 -0.00066012318889921125 0.00039458447992897489 0.00066731171352427034 -0.00023433283331175821
leaf_weight=71 200 1632 95 158 43 75
leaf_count=71 200 1632 95 158 43 75
internal_value=0.000193322 -0.000297077 -0.00531987 0.000535714 0.00554974 0.000333333
internal_weight=2274 2085 295 1790 189 118
internal_count=2274 2085 295 1790 189 118
is_linear=0
shrinkage=0.04


Tree=86
num_leaves=8
num_cat=0
split_feature=106 14 14 88 36 73 71
split_gain=3.89673 5.11656 5.79974 4.44692 6.4396 5.09038 3.88527
threshold=-0.603552990721408 -0.077695626231862366 1.3976450707275256 -0.31925805106166927 0.53668155641975412 -0.58285539635051087 0.14136291048256899
decision_type=2 2 2 2 2 2 2
left_child=1 6 -3 4 -2 -5 -1
right_child=3 2 -4 5 -6 -7 -8
leaf_value=0.00049000356069171433 -6.9192034914002879e-05 -0.00020074329682314668 0.00034821253646230918 -0.0008284584877222825 -0.00084021627618818611 3.7898291584999319e-05 3.4499951034223442e-05
leaf_weight=106 405 212 45 48 63 1287 108
leaf_count=106 405 212 45 48 63 1287 108
internal_value=0.000193322 0.00342495 -0.0003861 -0.00065374 -0.004 0.00052356 0.00796296
internal_weight=2274 471 257 1803 468 1335 214
internal_count=2274 471 257 1803 468 1335 214
is_linear=0
shrinkage=0.04


Tree=87
num_leaves=6
num_cat=0
split_feature=4 65 14 53 86
split_gain=4.14128 3.838 5.2271 5.15666 2.00257
threshold=1.1307123416272338 -0.56690149219612462 -0.71436310045831719 0.91666666666666685 0.28523804860704721
decision_type=2 2 2 2 2
left_child=1 2 -1 -3 -2
right_child=4 3 -4 -5 -6
leaf_value=-0.00012425025027179454 -0.00046450331143724075 5.2455036963855278e-06 0.00035975736666149673 -0.00055117191811689809 -1.9882545247715962e-05
leaf_weight=63 57 1644 342 123 45
leaf_count=63 57 1644 342 123 45
internal_value=0.000105448 0.000478381 0.00398034 -0.000327869 -0.00769231
internal_weight=2274 2172 405 1767 102
internal_count=2274 2172 405 1767 102
is_linear=0
shrinkage=0.04


Tree=88
num_leaves=7
num_cat=0
split_feature=6 91 37 28 44 104
split_gain=4.27236 6.14991 4.47354 6.53748 4.17198 2.53497
threshold=0.23650920487059787 0.92612351093761081 -0.9550858920077735 -0.47781782225880937 -3.1664873005184861 0.040665036993172414
decision_type=2 2 2 2 2 2
left_child=2 4 5 -4 -2 -1
right_child=1 -3 3 -5 -6 -7
leaf_value=0.00070247270650494937 0.00023446508281653705 -0.00097575362128520362 -0.00029825437671555482 0.00010083680026504129 -8.0001664347825879e-05 0.00028185396846846052
leaf_weight=58 41 40 280 1070 732 53
leaf_count=58 41 40 280 1070 732 53
internal_value=8.78735e-05 -0.00223313 0.00138072 0.000739645 -0.00141935 0.00902655
internal_weight=2274 813 1461 1350 773 111
internal_count=2274 813 1461 1350 773 111
is_linear=0
shrinkage=0.04


Tree=89
num_leaves=7
num_cat=0
split_feature=31 106 14 14 58 38
split_gain=3.98531 4.39487 6.05703 5.40164 2.46692 2.22489
threshold=0.90227526795084401 -0.603552990721408 0.06432394520015712 -0.17090917217315191 -0.13574687327497051 0.47095990579925134
decision_type=2 2 2 2 2 2
left_child=1 2 -1 -3 -2 -6
right_child=4 3 -4 -5 5 -7
leaf_value=0.0002843946786524232 -0.0010306094932452652 -0.00011080068074175741 -7.1633704494556213e-06 8.3374749838242067e-05 -0.00016872238052522353 8.0068806490650216e-05
leaf_weight=195 51 720 204 927 101 76
leaf_count=195 51 720 204 927 101 76
internal_value=0.000123023 0.000683594 0.0044389 -0.000230443 -0.00486957 -0.00256983
internal_weight=2274 2046 399 1647 228 177
internal_count=2274 2046 399 1647 228 177
is_linear=0
shrinkage=0.04


Tree=90
num_leaves=7
num_cat=0
split_feature=6 97 36 82 100 84
split_gain=3.75572 5.53124 6.20883 5.22128 4.59704 3.54695
threshold=-0.36345980311625842 0.63351452002750608 0.3251898137636367 0.34718068160599996 1.0311392250800238 0.12191946255606143
decision_type=2 2 2 2 2 2
left_child=4 2 -2 -3 5 -1
right_child=1 3 -4 -5 -6 -7
leaf_value=0.0003179776809904416 6.7958887879682742e-05 -0.00075117112004048474 -0.00022821940301657906 3.6571094992812566e-05 0.0007541786701132045 -3.4278983942000047e-05
leaf_weight=306 825 125 538 57 50 373
leaf_count=306 825 125 538 57 50 373
internal_value=1.75747e-05 -0.0010989 -0.00021978 -0.0076087 0.0023803 0.0014978
internal_weight=2274 1545 1363 182 729 679
internal_count=2274 1545 1363 182 729 679
is_linear=0
shrinkage=0.04


Tree=91
num_leaves=8
num_cat=0
split_feature=108 11 14 42 84 84 12
split_gain=4.22614 6.96327 5.85968 6.34563 5.50701 5.01263 2.83843
threshold=-0.58120550582504937 -0.014921964903773332 -0.64236159600051335 -0.92465474970166883 0.33538323991137031 -0.70012803042033522 0.43322085649228831
decision_type=2 2 2 2 2 2 2
left_child=1 6 4 -4 -2 -3 -1
right_child=2 5 3 -5 -6 -7 -8
leaf_value=0.00010231240020278011 -0.00055815313889223141 -0.0002710017339258289 0.00039710200060276288 -1.9782961154712499e-05 3.5108251193100063e-05 0.00024193625664284857 0.00058679696408068269
leaf_weight=149 191 195 125 1304 105 113 92
leaf_count=149 191 195 125 1304 105 113 92
internal_value=3.51494e-05 0.0030853 -0.000938043 0.000125786 -0.00604027 -0.000903226 0.00814815
internal_weight=2274 549 1725 1429 296 308 241
internal_count=2274 549 1725 1429 296 308 241
is_linear=0
shrinkage=0.04


Tree=92
num_leaves=8
num_cat=0
split_feature=71 4 71 93 45 92 15
split_gain=4.30192 5.14848 4.8373 3.30276 3.44358 1.08597 0.942703
threshold=2.030770907297696 1.1171724215789862 -0.030387062461494609 0.36833273865566701 0.0073096698341353203 0.11878481735095318 0.15715549050990554
decision_type=2 2 2 2 2 2 2
left_child=1 2 -1 4 -2 -3 -5
right_child=3 5 -4 6 -6 -7 -8
leaf_value=7.2012168402939991e-05 0.00056751654487920556 -0.00051145163352436102 -8.0786942785691023e-05 0.0014049832919099121 -0.00027245411899458284 -0.00033590709519988013 0.00014090460647854647
leaf_weight=1012 40 41 991 44 56 50 40
leaf_count=1012 40 41 991 44 56 50 40
internal_value=3.51494e-05 -0.000477099 -4.98753e-05 0.00593407 0.000816327 -0.00967742 0.0116279
internal_weight=2274 2094 2003 180 96 91 84
internal_count=2274 2094 2003 180 96 91 84
is_linear=0
shrinkage=0.04


Tree=93
num_leaves=6
num_cat=0
split_feature=106 36 70 87 29
split_gain=3.63932 5.09232 4.26047 4.00668 2.47986
threshold=1.0516489672076663 -1.3808697284005362 -1.2542234973386857 0.78574162918684254 -0.66783794673503893
decision_type=2 2 2 2 2
left_child=1 -1 -3 4 -2
right_child=3 2 -4 -5 -6
leaf_value=0.00065075167430822534 -2.6418283820234394e-05 0.0006197701502240351 -6.5621286028617023e-06 0.00023218971474190872 -0.00079861849054554523
leaf_weight=43 48 124 1930 45 84
leaf_count=43 48 124 1930 45 84
internal_value=0 0.000466889 0.000175097 -0.00547486 -0.00895522
internal_weight=2274 2097 2054 177 132
internal_count=2274 2097 2054 177 132
is_linear=0
shrinkage=0.04


Tree=94
num_leaves=6
num_cat=0
split_feature=37 60 28 28 84
split_gain=3.84524 3.60988 5.60847 2.66545 2.38708
threshold=-1.1433962949802772 -1.3453458323735299 1.4759027378701364 -0.62457533883072591 1.0614588783741843
decision_type=2 2 2 2 2
left_child=3 4 -3 -1 -2
right_child=1 2 -4 -5 -6
leaf_value=0.0010890709545328483 0.0003626894531919156 -9.5283151505240034e-06 -0.00046440547131963142 2.2364764030806741e-06 -8.5990126891183076e-05
leaf_weight=41 108 1950 90 40 45
leaf_count=41 108 1950 90 40 45
internal_value=-1.75747e-05 -0.00033713 -0.000783546 0.00843373 0.00554839
internal_weight=2274 2193 2040 81 153
internal_count=2274 2193 2040 81 153
is_linear=0
shrinkage=0.04


Tree=95
num_leaves=5
num_cat=0
split_feature=36 58 9 28
split_gain=3.41695 4.05832 7.75787 5.22738
threshold=-1.4036172687768382 -0.32853186297013387 -0.58316898332021017 1.1453013334791211
decision_type=2 2 2 2
left_child=-1 2 -2 -3
right_child=1 3 -4 -5
leaf_value=0.00058487762669549056 0.00016638983916085343 7.1555536991710906e-05 -0.00022642195087391612 -0.00055565407155165202
leaf_weight=45 253 1364 503 109
leaf_count=45 253 1364 503 109
internal_value=-3.51494e-05 -0.000259973 -0.00263852 0.000962712
internal_weight=2274 2229 756 1473
internal_count=2274 2229 756 1473
is_linear=0
shrinkage=0.04


Tree=96
num_leaves=8
num_cat=0
split_feature=72 47 65 42 59 89 41
split_gain=3.33143 6.7668 5.56437 10.4086 5.48501 5.43246 5.27924
threshold=0.17048447516954016 -0.62021100551405839 -0.25114799925702519 0.57416436553410644 -0.37750106583092291 -0.16105358451363952 -0.82257821971103884
decision_type=2 2 2 2 2 2 2
left_child=2 5 3 -1 -4 -2 -3
right_child=1 6 4 -5 -6 -7 -8
leaf_value=0.00029419392097809445 -0.00065578387070110579 -0.00021983892381339208 0.0001092453466214632 -0.00028165564372344078 -0.00024482148929977864 0.00078168606358808377 0.00025507935377164155
leaf_weight=329 70 137 150 196 699 41 652
leaf_count=329 70 137 150 196 699 41 652
internal_value=1.75747e-05 0.00190687 -0.00122093 0.00201139 -0.00321974 -0.00725664 0.00321113
internal_weight=2274 900 1374 525 849 111 789
internal_count=2274 900 1374 525 849 111 789
is_linear=0
shrinkage=0.04


Tree=97
num_leaves=7
num_cat=0
split_feature=31 46 46 42 101 65
split_gain=3.68067 3.92157 6.43807 3.45903 1.90843 2.28004
threshold=1.0129244025432231 1.0491541473702661 1.0000000180025095e-35 -0.3436183537945095 1.0485086359411413 -0.41908340150639883
decision_type=2 2 2 2 2 2
left_child=1 2 -1 -3 5 -2
right_child=4 3 -4 -5 -6 -7
leaf_value=6.8572395626942157e-05 -7.7308253276114138e-05 0.00042329373699024784 -0.00014778067629051602 2.2084184251195959e-05 8.2333249226623564e-05 -0.0010960067765151704
leaf_weight=1042 72 113 783 171 40 53
leaf_count=1042 72 113 783 171 40 53
internal_value=8.78735e-05 0.000540028 -0.00014231 0.0048951 -0.00562874 -0.0080315
internal_weight=2274 2109 1825 284 165 125
internal_count=2274 2109 1825 284 165 125
is_linear=0
shrinkage=0.04


Tree=98
num_leaves=8
num_cat=0
split_feature=6 97 44 77 71 82 73
split_gain=3.47717 5.78508 5.71379 5.37649 5.40787 2.52569 1.2447
threshold=1.0000000180025095e-35 0.63351452002750608 -3.1664873005184861 1.0284843424729546 -0.87472771418924256 0.33175225260143526 0.39621682331052421
decision_type=2 2 2 2 2 2 2
left_child=3 2 -2 4 -1 -3 -5
right_child=1 5 -4 6 -6 -7 -8
leaf_value=0.00067228873538438733 0.00036867518205764262 -0.00073409852969696964 -4.0553185226396283e-05 0.00063405524947310928 4.9959152750566304e-06 -5.9588727957079761e-05 0.00027093379470925571
leaf_weight=45 42 93 957 48 1002 45 42
leaf_count=45 42 93 957 48 1002 45 42
internal_value=3.51494e-05 -0.00152766 -0.00045954 0.00159789 0.000781697 -0.00914286 0.0108696
internal_weight=2274 1137 999 1137 1047 138 90
internal_count=2274 1137 999 1137 1047 138 90
is_linear=0
shrinkage=0.04


Tree=99
num_leaves=7
num_cat=0
split_feature=109 17 14 103 45 53
split_gain=3.2097 6.40655 6.35249 5.88879 3.98597 3.1405
threshold=-0.15147972754165753 -0.4196630180885772 -0.33651279102925385 0.0072271986189122433 -2.1977838544565249 1.0000000180025095e-35
decision_type=2 2 2 2 2 2
left_child=4 3 -3 -2 -1 -6
right_child=1 2 -4 -5 5 -7
leaf_value=0.00038856359782059503 -1.4432890649384022e-05 -0.00048059063697270264 -4.4416840606465034e-05 0.00061613398497064079 0.00018108480469454589 -2.9409742140613302e-05
leaf_weight=60 285 223 693 149 428 436
leaf_count=60 285 223 693 149 428 436
internal_value=0 -0.0012426 -0.00313725 0.00275229 0.00181425 0.00110855
internal_weight=2274 1350 916 434 924 864
internal_count=2274 1350 916 434 924 864
is_linear=0
shrinkage=0.04


Tree=100
num_leaves=7
num_cat=0
split_feature=73 10 108 6 11 40
split_gain=3.3706 5.77059 3.88973 5.11311 4.601 1.38855
threshold=-0.5645101215131898 -0.50712210384513534 -0.58120550582504937 0.15810593713011381 0.04998228601502868 -0.26946150327153134
decision_type=2 2 2 2 2 2
left_child=1 -1 4 -4 -2 -3
right_child=2 5 3 -5 -6 -7
leaf_value=0.0002955296166063028 0.00028572231431982334 -0.0004409360003613029 4.9220624775512257e-05 -0.00016504605918865484 -8.9795289797107762e-06 -0.00065607073558276562
leaf_weight=46 235 40 1027 620 242 64
leaf_count=46 235 40 1027 620 242 64
internal_value=-3.51494e-05 -0.00578947 0.000376294 -0.000545785 0.00354906 -0.0109434
internal_weight=2274 150 2124 1647 477 104
internal_count=2274 150 2124 1647 477 104
is_linear=0
shrinkage=0.04


Tree=101
num_leaves=6
num_cat=0
split_feature=32 46 46 105 38
split_gain=3.05635 3.7242 5.24551 4.33756 1.74477
threshold=1.1754988490726723 1.0491541473702661 1.0000000180025095e-35 -0.42060584712788857 0.47095990579925134
decision_type=2 2 2 2 2
left_child=1 2 -1 -3 -2
right_child=4 3 -4 -5 -6
leaf_value=5.5098718994120412e-05 -0.00044116700223274303 0.00071504024933821187 -0.00013747238550677895 3.3724099302607659e-05 -5.5677587353308692e-05
leaf_weight=1069 54 68 789 228 66
leaf_count=1069 54 68 789 228 66
internal_value=-7.02988e-05 0.000278293 -0.000387097 0.00442953 -0.00622951
internal_weight=2274 2154 1858 296 120
internal_count=2274 2154 1858 296 120
is_linear=0
shrinkage=0.04


Tree=102
num_leaves=8
num_cat=0
split_feature=106 78 15 100 28 68 74
split_gain=3.44233 5.12093 4.78931 4.1426 5.08824 2.86275 1.7311
threshold=0.46303184936157288 1.0841621487446866 -0.94426289913701023 -0.9311851790433745 1.3854904741017575 0.43179469374787116 0.44264299976582117
decision_type=2 2 2 2 2 2 2
left_child=3 2 -2 6 -5 -3 -1
right_child=1 5 -4 4 -6 -7 -8
leaf_value=0.00061012391271235953 0.00024906937015012657 0.00021091953446695011 -0.00042093361886171813 2.9629022583255606e-05 -0.00033435282330352632 -9.2741285152625483e-05 9.1269315545408213e-05
leaf_weight=66 62 99 406 1484 70 42 45
leaf_count=66 62 99 406 1484 70 42 45
internal_value=-1.75747e-05 -0.00258592 -0.00459574 0.000923815 0.000385604 0.00405594 0.00831858
internal_weight=2274 609 468 1665 1554 141 111
internal_count=2274 609 468 1665 1554 141 111
is_linear=0
shrinkage=0.04


Tree=103
num_leaves=7
num_cat=0
split_feature=6 97 88 71 100 25
split_gain=3.32265 4.94931 5.21242 4.79759 5.40304 2.17317
threshold=1.0000000180025095e-35 0.63351452002750608 -0.22478009711051875 -0.87472771418924256 1.0311392250800238 -0.025664165838011677
decision_type=2 2 2 2 2 2
left_child=3 2 -2 -1 -5 -3
right_child=1 5 -4 4 -6 -7
leaf_value=0.00062928996170026261 -0.00011097307109853107 -0.0010860947709560311 9.5052780847943065e-05 2.6733493673276877e-06 0.00052409558419204058 -6.9026709895996519e-05
leaf_weight=45 425 90 574 995 97 48
leaf_count=45 425 90 574 995 97 48
internal_value=0 -0.00152766 -0.000539461 0.00152766 0.000987203 -0.00857143
internal_weight=2274 1137 999 1137 1092 138
internal_count=2274 1137 999 1137 1092 138
is_linear=0
shrinkage=0.04


Tree=104
num_leaves=7
num_cat=0
split_feature=73 31 64 46 70 13
split_gain=3.72909 3.56148 3.63896 3.34346 2.49111 1.86022
threshold=-0.5645101215131898 1.0129244025432231 -0.17035343085759524 -0.61829106691508295 -0.57734721863873106 1.0634806941465527
decision_type=2 2 2 2 2 2
left_child=3 2 -2 -1 -5 -3
right_child=1 5 -4 4 -6 -7
leaf_value=0.00021242253070787956 0.00014572212029577509 -0.00045627361406942263 -1.8506346845484739e-05 -0.00070133725435728351 -0.00013774059019437714 5.0687443995885675e-05
leaf_weight=45 731 107 1230 65 40 56
leaf_count=45 731 107 1230 65 40 56
internal_value=0 0.000432738 0.000906775 -0.00605263 -0.00990654 -0.00521212
internal_weight=2274 2124 1961 150 105 163
internal_count=2274 2124 1961 150 105 163
is_linear=0
shrinkage=0.04


Tree=105
num_leaves=7
num_cat=0
split_feature=3 97 36 100 82 105
split_gain=3.02999 4.8382 5.23218 4.4428 3.97487 3.03546
threshold=-0.36427342892904646 0.72286296046578435 0.33932569797696932 1.0311392250800238 0.15300815173477939 0.080908720077541865
decision_type=2 2 2 2 2 2
left_child=3 2 -2 5 -3 -1
right_child=1 4 -4 -5 -6 -7
leaf_value=0.00031111362569679224 4.3808397757684677e-05 -0.00094766994677543187 -0.000236571944952447 0.00066786903520819245 -4.9545583622612139e-05 -4.4778052346669633e-05
leaf_weight=301 866 78 537 51 64 377
leaf_count=301 866 78 537 51 64 377
internal_value=-7.02988e-05 -0.00107304 -0.000355872 0.00205198 -0.00805556 0.00117647
internal_weight=2274 1545 1403 729 142 678
internal_count=2274 1545 1403 729 142 678
is_linear=0
shrinkage=0.04


Tree=106
num_leaves=7
num_cat=0
split_feature=73 10 106 88 67 70
split_gain=3.72909 3.73043 3.69284 5.70631 3.16969 1.38203
threshold=-0.5645101215131898 -0.50712210384513534 -0.65754489396175331 -0.29357752342246252 -0.067675624451902658 -0.57734721863873106
decision_type=2 2 2 2 2 2
left_child=1 -1 4 -4 -2 -3
right_child=2 5 3 -5 -6 -7
leaf_value=0.00027522660847990941 1.273429789247639e-05 -0.0007102875352627138 -0.0001698527853082773 3.9602410268663319e-05 0.00031694903855242901 -0.00032518355290998244
leaf_weight=46 207 63 468 1311 138 41
leaf_count=46 207 63 468 1311 138 41
internal_value=0 -0.00605263 0.000432738 -0.0003032 0.00420749 -0.0101887
internal_weight=2274 150 2124 1779 345 104
internal_count=2274 150 2124 1779 345 104
is_linear=0
shrinkage=0.04


Tree=107
num_leaves=7
num_cat=0
split_feature=73 108 18 28 10 70
split_gain=3.41187 3.71616 4.86811 4.66862 3.52648 1.20511
threshold=-0.5645101215131898 -0.70517654556579978 0.57352530357860487 -0.25392615033070459 -0.50712210384513534 -0.57734721863873106
decision_type=2 2 2 2 2 2
left_child=4 3 -3 -2 -1 -6
right_child=1 2 -4 -5 5 -7
leaf_value=0.00026421754414071303 -2.1449546105363273e-05 1.5425601533503396e-05 -0.00024859726297427862 0.00025768659659956394 -0.00068187603385220521 -0.00031217621079358311
leaf_weight=46 136 1537 251 200 63 41
leaf_count=46 136 1537 251 200 63 41
internal_value=0 0.000413923 -0.000312849 0.00426036 -0.00578947 -0.00981132
internal_weight=2274 2124 1788 336 150 104
internal_count=2274 2124 1788 336 150 104
is_linear=0
shrinkage=0.04


Tree=108
num_leaves=7
num_cat=0
split_feature=73 46 109 34 28 85
split_gain=3.06936 3.60664 3.30562 10.9173 4.62503 1.68616
threshold=-0.5645101215131898 -0.61829106691508295 0.44703390745378535 -0.59782446252518617 0.78217036376821436 -0.81729428327478326
decision_type=2 2 2 2 2 2
left_child=1 -1 4 -4 -2 -3
right_child=2 5 3 -5 -6 -7
leaf_value=0.0002035945107840878 0.00010993989341219572 -0.00026684805746348322 0.00020236482014146338 -0.00027586634574015281 -0.00015778204810159698 -0.00063715592769473584
leaf_weight=45 1206 47 205 467 246 58
leaf_count=45 1206 47 205 467 246 58
internal_value=-3.51494e-05 -0.00552632 0.000357479 -0.00195846 0.00143054 -0.00953271
internal_weight=2274 150 2124 672 1452 105
internal_count=2274 150 2124 672 1452 105
is_linear=0
shrinkage=0.04


Tree=109
num_leaves=7
num_cat=0
split_feature=73 60 9 77 10 70
split_gain=3.26851 3.62392 7.79267 5.35798 3.52648 1.20511
threshold=-0.5645101215131898 -0.13928006347897853 -0.58316898332021017 -0.63647943435116416 -0.50712210384513534 -0.57734721863873106
decision_type=2 2 2 2 2 2
left_child=4 2 -2 -3 -1 -6
right_child=1 3 -4 -5 5 -7
leaf_value=0.00024550506194372101 0.00023280484759659694 -8.1852490225269926e-05 -0.00014235307973188563 0.00014427170580976479 -0.00064392707019957779 -0.00027420292525405038
leaf_weight=46 274 366 656 828 63 41
leaf_count=46 274 366 656 828 63 41
internal_value=-0.000123023 0.00028222 -0.00158798 0.00173913 -0.00578947 -0.00981132
internal_weight=2274 2124 930 1194 150 104
internal_count=2274 2124 930 1194 150 104
is_linear=0
shrinkage=0.04


Tree=110
num_leaves=8
num_cat=0
split_feature=65 45 53 101 34 8 70
split_gain=2.98177 5.02299 4.68732 6.47782 3.39985 3.14835 1.63075
threshold=-0.62456669879941418 -0.3551391058339009 0.91666666666666685 0.48933241642874209 0.28036149457404919 0.34438921451212584 -0.7661586498938151
decision_type=2 2 2 2 2 2 2
left_child=1 6 3 -2 -3 -4 -1
right_child=2 4 5 -5 -6 -7 -8
leaf_value=0.00094741663762071976 -4.6259270534585442e-05 0.0003616333433386271 -6.621607136387487e-05 0.00022902675325019902 -6.8369219781713413e-05 -0.0011148676219117476 0.00032046468940151506
leaf_weight=41 1443 84 81 360 174 48 43
leaf_count=41 1443 84 81 360 174 48 43
internal_value=-0.000175747 0.00325581 -0.000785936 -0.000254848 0.000461538 -0.0080916 0.0116279
internal_weight=2274 342 1932 1803 258 129 84
internal_count=2274 342 1932 1803 258 129 84
is_linear=0
shrinkage=0.04


Tree=111
num_leaves=8
num_cat=0
split_feature=72 47 42 89 59 28 103
split_gain=2.9988 5.47946 5.1729 4.86923 4.44761 8.09437 6.74213
threshold=0.039068909324469998 -0.62021100551405839 0.44887080646885208 0.12009735901665514 -0.35879059531479324 0.69263420953433374 -1.2121329324416263
decision_type=2 2 2 2 2 2 2
left_child=4 3 -3 -2 5 -1 -6
right_child=1 2 -4 -5 6 -7 -8
leaf_value=0.00024040479379719296 -0.00044165307614082511 4.5405958738253538e-05 0.00035499936740838463 0.00030980866909509147 0.0001039009517635747 -0.00070935745785953466 -0.00029538980963442609
leaf_weight=283 86 731 213 59 216 62 624
leaf_count=283 86 731 213 59 216 62 624
internal_value=-0.000175747 0.00133822 0.00245243 -0.00585034 -0.00156698 0.00224784 -0.00313539
internal_weight=2274 1089 944 145 1185 345 840
internal_count=2274 1089 944 145 1185 345 840
is_linear=0
shrinkage=0.04


Tree=112
num_leaves=7
num_cat=0
split_feature=3 91 88 100 42 39
split_gain=3.02415 4.92745 4.55846 3.90252 3.2432 3.21276
threshold=-0.36427342892904646 0.6409975967107302 -0.22478009711051875 1.0311392250800238 0.34879099654176349 -0.27927984585468557
decision_type=2 2 2 2 2 2
left_child=3 2 -2 4 -1 -3
right_child=1 5 -4 -5 -6 -7
leaf_value=-1.373822354076841e-05 -6.7610763750006948e-05 1.1852397403003282e-05 6.4205790722061463e-05 0.00062607286374336522 0.00041278834683427656 -0.00056072758624153753
leaf_weight=535 578 58 779 51 143 130
leaf_count=535 578 58 779 51 143 130
internal_value=-0.000123023 -0.00112476 -0.000279617 0.00199726 0.00117647 -0.00715789
internal_weight=2274 1545 1357 729 678 188
internal_count=2274 1545 1357 729 678 188
is_linear=0
shrinkage=0.04


Tree=113
num_leaves=8
num_cat=0
split_feature=72 65 42 95 28 85 103
split_gain=3.15211 6.82315 8.24779 4.7131 7.14003 4.19457 3.84804
threshold=0.039068909324469998 -0.19401694020841839 0.57416436553410644 -0.009941972112111841 -0.22407280496563811 -0.82391446525500844 -0.88395988972302264
decision_type=2 2 2 2 2 2 2
left_child=1 2 -1 4 -2 -3 -5
right_child=3 5 -4 6 -6 -7 -8
leaf_value=0.00028442084486987921 -0.00027972947866134026 3.8821183905572987e-05 -0.00022221753850309626 -4.5176624841229006e-05 5.2063678420860708e-05 -0.00037445896194089677 0.00037333271736027923
leaf_weight=326 193 156 187 129 395 516 372
leaf_count=326 193 156 187 129 395 516 372
internal_value=-0.000140598 -0.00156698 0.00190291 0.00141155 -0.00101695 -0.00421365 0.00425447
internal_weight=2274 1185 513 1089 588 672 501
internal_count=2274 1185 513 1089 588 672 501
is_linear=0
shrinkage=0.04


Tree=114
num_leaves=5
num_cat=0
split_feature=36 40 13 105
split_gain=3.6535 3.75118 3.87249 2.70903
threshold=-1.2625397417042514 2.2504704136772866 1.5722115427106036 0.47319987709862821
decision_type=2 2 2 2
left_child=3 2 -2 -1
right_child=1 -3 -4 -5
leaf_value=0.00056159415808046214 -1.7245363958330262e-05 -0.00080827993157189901 0.00052224338795295257 -6.7396346781739554e-07
leaf_weight=50 1998 45 141 40
leaf_count=50 1998 45 141 40
internal_value=1.75747e-05 -0.00031107 -6.539e-05 0.00782609
internal_weight=2274 2184 2139 90
internal_count=2274 2184 2139 90
is_linear=0
shrinkage=0.04


Tree=115
num_leaves=7
num_cat=0
split_feature=71 9 96 0 39 14
split_gain=3.39399 3.4553 3.25414 2.86415 1.63702 1.55192
threshold=2.030770907297696 1.1199577560404832 1.0236101354863485 0.73205172108014649 1.633018073333518 0.79370277320105609
decision_type=2 2 2 2 2 2
left_child=1 2 -1 4 -2 -3
right_child=3 5 -4 -5 -6 -7
leaf_value=1.4269724988626807e-05 4.0539182476136001e-05 -0.00057850146845343645 -0.00022690876383211228 -0.00020710028456204219 0.0016349231749202004 -4.138686129549988e-05
leaf_weight=1806 94 51 197 44 42 40
leaf_count=1806 94 51 197 44 42 40
internal_value=3.51494e-05 -0.000419847 -6.98254e-05 0.00527473 0.00811594 -0.00795699
internal_weight=2274 2094 2003 180 136 91
internal_count=2274 2094 2003 180 136 91
is_linear=0
shrinkage=0.04


Tree=116
num_leaves=6
num_cat=0
split_feature=46 96 37 14 108
split_gain=3.03891 3.88553 3.27012 4.01901 2.93436
threshold=2.3985339258070111 0.015410646464270239 -1.1433962949802772 -0.64236159600051335 0.30909485486541394
decision_type=2 2 2 2 2
left_child=2 -2 -1 -4 -3
right_child=1 4 3 -5 -6
leaf_value=0.0003196805935466847 0.00084299386848327455 0.00014533691324334467 -0.00015875608803298473 1.9609662146141336e-06 -0.00032567471137535015
leaf_weight=78 58 42 372 1668 56
leaf_count=78 58 42 372 1668 56
internal_value=-3.51494e-05 0.00531646 -0.000433962 -0.000744368 0.0004
internal_weight=2274 156 2118 2040 98
internal_count=2274 156 2118 2040 98
is_linear=0
shrinkage=0.04


Tree=117
num_leaves=8
num_cat=0
split_feature=2 79 84 106 91 88 42
split_gain=2.855 3.84413 4.62655 3.21976 3.09316 4.27284 2.299
threshold=0.13640264988063536 0.51223457305940967 0.60045844622878175 0.52202988657286054 0.6184360269763165 -0.22478009711051875 0.31800161482772021
decision_type=2 2 2 2 2 2 2
left_child=1 3 -3 -1 5 -2 -6
right_child=4 2 -4 -5 6 -7 -8
leaf_value=0.00018531530276296831 -0.00013614362120511648 -0.00035469789857055174 0.000130002352970596 -8.0224162462962811e-05 -0.0005634021655960672 7.4820658588538934e-05 6.8824250747088341e-06
leaf_weight=773 355 194 139 211 76 486 40
leaf_count=773 355 194 139 211 76 486 40
internal_value=-7.02988e-05 0.00113723 -0.00256716 0.00239351 -0.00173097 -0.000877817 -0.00779661
internal_weight=2274 1317 333 984 957 841 116
internal_count=2274 1317 333 984 957 841 116
is_linear=0
shrinkage=0.04


Tree=118
num_leaves=8
num_cat=0
split_feature=6 91 88 81 14 42 102
split_gain=3.06737 4.05784 5.15185 4.04164 2.92949 2.50783 2.02026
threshold=0.23650920487059787 0.6409975967107302 -0.22478009711051875 -0.82174451221756906 -0.62286762976686105 0.36903242072148329 0.70235996908452114
decision_type=2 2 2 2 2 2 2
left_child=3 2 -2 6 -5 -3 -1
right_child=1 5 -4 4 -6 -7 -8
leaf_value=0.00037112306693471889 -0.00021265831148097877 -0.001043730946686197 8.7958706941173583e-05 -9.7939396807546482e-05 5.1445229072822132e-05 -2.2036179586025427e-05 -0.00011746549280015881
leaf_weight=123 302 65 405 277 1016 41 45
leaf_count=123 302 65 405 277 1016 41 45
internal_value=-7.02988e-05 -0.00203681 -0.000930889 0.00102529 0.000262548 -0.00925926 0.00682353
internal_weight=2274 813 707 1461 1293 106 168
internal_count=2274 813 707 1461 1293 106 168
is_linear=0
shrinkage=0.04


Tree=119
num_leaves=8
num_cat=0
split_feature=108 14 14 14 75 65 13
split_gain=2.97597 6.62332 7.44264 5.87051 5.09612 4.9284 3.14012
threshold=-0.58120550582504937 -0.19505417634309355 1.3976450707275256 -0.64236159600051335 0.940715179813011 -0.51179602987403594 -0.34427174039458425
decision_type=2 2 2 2 2 2 2
left_child=1 6 -3 4 -2 -5 -1
right_child=3 2 -4 5 -6 -7 -8
leaf_value=0.00056580411909406408 -0.00041190636653826759 -0.00020869690310502606 0.00058627832476958294 0.00026309639260005668 0.0002314296465559441 -2.5826371034230188e-05 0.00010538427124018528
leaf_weight=57 240 287 47 256 56 1173 158
leaf_count=57 240 287 47 256 56 1173 158
internal_value=1.75747e-05 0.00257713 -0.000952381 -0.000799074 -0.00590604 0.000265549 0.00801843
internal_weight=2274 549 334 1725 296 1429 215
internal_count=2274 549 334 1725 296 1429 215
is_linear=0
shrinkage=0.04


end of trees

feature_importances:
Column_106=49
Column_36=40
Column_28=28
Column_65=27
Column_72=26
Column_73=26
Column_71=22
Column_78=22
Column_42=21
Column_14=19
Column_37=19
Column_77=18
Column_46=17
Column_31=16
Column_101=16
Column_97=14
Column_64=13
Column_47=12
Column_108=12
Column_6=11
Column_40=11
Column_53=11
Column_84=10
Column_88=10
Column_105=10
Column_70=9
Column_13=8
Column_33=8
Column_95=8
Column_10=7
Column_87=7
Column_3=6
Column_11=6
Column_25=6
Column_45=6
Column_85=6
Column_89=6
Column_91=6
Column_100=6
Column_2=5
Column_16=5
Column_24=5
Column_35=5
Column_59=5
Column_67=5
Column_76=5
Column_79=5
Column_82=5
Column_109=5
Column_4=4
Column_9=4
Column_15=4
Column_29=4
Column_30=4
Column_34=4
Column_60=4
Column_61=4
Column_75=4
Column_83=4
Column_86=4
Column_102=4
Column_103=4
Column_17=3
Column_26=3
Column_38=3
Column_58=3
Column_96=3
Column_0=2
Column_5=2
Column_18=2
Column_39=2
Column_44=2
Column_107=2
Column_1=1
Column_7=1
Column_8=1
Column_12=1
Column_20=1
Column_22=1
Column_32=1
Column_41=1
Column_48=1
Column_50=1
Column_66=1
Column_68=1
Column_69=1
Column_74=1
Column_81=1
Column_90=1
Column_92=1
Column_93=1
Column_94=1
Column_99=1
Column_104=1

parameters:
[boosting: gbdt]
[objective: quantile]
[metric: quantile]
[tree_learner: serial]
[device_type: cpu]
[data_sample_strategy: bagging]
[data: ]
[valid: ]
[num_iterations: 120]
[learning_rate: 0.04]
[num_leaves: 15]
[num_threads: 2]
[seed: 42]
[deterministic: 0]
[force_col_wise: 0]
[force_row_wise: 0]
[histogram_pool_size: -1]
[max_depth: 3]
[min_data_in_leaf: 40]
[min_sum_hessian_in_leaf: 0.001]
[bagging_fraction: 0.85]
[pos_bagging_fraction: 1]
[neg_bagging_fraction: 1]
[bagging_freq: 0]
[bagging_seed: 400]
[bagging_by_query: 0]
[feature_fraction: 0.8]
[feature_fraction_bynode: 1]
[feature_fraction_seed: 30056]
[extra_trees: 0]
[extra_seed: 12879]
[early_stopping_round: 0]
[early_stopping_min_delta: 0]
[first_metric_only: 0]
[max_delta_step: 0]
[lambda_l1: 0]
[lambda_l2: 2]
[linear_lambda: 0]
[min_gain_to_split: 0]
[drop_rate: 0.1]
[max_drop: 50]
[skip_drop: 0.5]
[xgboost_dart_mode: 0]
[uniform_drop: 0]
[drop_seed: 17869]
[top_rate: 0.2]
[other_rate: 0.1]
[min_data_per_group: 100]
[max_cat_threshold: 32]
[cat_l2: 10]
[cat_smooth: 10]
[max_cat_to_onehot: 4]
[top_k: 20]
[monotone_constraints: ]
[monotone_constraints_method: basic]
[monotone_penalty: 0]
[feature_contri: ]
[forcedsplits_filename: ]
[refit_decay_rate: 0.9]
[cegb_tradeoff: 1]
[cegb_penalty_split: 0]
[cegb_penalty_feature_lazy: ]
[cegb_penalty_feature_coupled: ]
[path_smooth: 0]
[interaction_constraints: ]
[verbosity: -1]
[saved_feature_importance_type: 0]
[use_quantized_grad: 0]
[num_grad_quant_bins: 4]
[quant_train_renew_leaf: 0]
[stochastic_rounding: 1]
[linear_tree: 0]
[max_bin: 255]
[max_bin_by_feature: ]
[min_data_in_bin: 3]
[bin_construct_sample_cnt: 200000]
[data_random_seed: 175]
[is_enable_sparse: 1]
[enable_bundle: 1]
[use_missing: 1]
[zero_as_missing: 0]
[feature_pre_filter: 1]
[pre_partition: 0]
[two_round: 0]
[header: 0]
[label_column: ]
[weight_column: ]
[group_column: ]
[ignore_column: ]
[categorical_feature: ]
[forcedbins_filename: ]
[precise_float_parser: 0]
[parser_config_file: ]
[objective_seed: 16083]
[num_class: 1]
[is_unbalance: 0]
[scale_pos_weight: 1]
[sigmoid: 1]
[boost_from_average: 1]
[reg_sqrt: 0]
[alpha: 0.5]
[fair_c: 1]
[poisson_max_delta_step: 0.7]
[tweedie_variance_power: 1.5]
[lambdarank_truncation_level: 30]
[lambdarank_norm: 1]
[label_gain: ]
[lambdarank_position_bias_regularization: 0]
[eval_at: ]
[multi_error_top_k: 1]
[auc_mu_weights: ]
[num_machines: 1]
[local_listen_port: 12400]
[time_out: 120]
[machine_list_filename: ]
[machines: ]
[gpu_platform_id: -1]
[gpu_device_id: -1]
[gpu_device_id_list: ]
[gpu_use_dp: 0]
[num_gpu: 1]

end of parameters

pandas_categorical:null
