tree
version=v4
num_class=1
num_tree_per_iteration=1
label_index=0
max_feature_idx=109
objective=regression
feature_names=Column_0 Column_1 Column_2 Column_3 Column_4 Column_5 Column_6 Column_7 Column_8 Column_9 Column_10 Column_11 Column_12 Column_13 Column_14 Column_15 Column_16 Column_17 Column_18 Column_19 Column_20 Column_21 Column_22 Column_23 Column_24 Column_25 Column_26 Column_27 Column_28 Column_29 Column_30 Column_31 Column_32 Column_33 Column_34 Column_35 Column_36 Column_37 Column_38 Column_39 Column_40 Column_41 Column_42 Column_43 Column_44 Column_45 Column_46 Column_47 Column_48 Column_49 Column_50 Column_51 Column_52 Column_53 Column_54 Column_55 Column_56 Column_57 Column_58 Column_59 Column_60 Column_61 Column_62 Column_63 Column_64 Column_65 Column_66 Column_67 Column_68 Column_69 Column_70 Column_71 Column_72 Column_73 Column_74 Column_75 Column_76 Column_77 Column_78 Column_79 Column_80 Column_81 Column_82 Column_83 Column_84 Column_85 Column_86 Column_87 Column_88 Column_89 Column_90 Column_91 Column_92 Column_93 Column_94 Column_95 Column_96 Column_97 Column_98 Column_99 Column_100 Column_101 Column_102 Column_103 Column_104 Column_105 Column_106 Column_107 Column_108 Column_109
feature_infos=[-6.0564827043038587:6.5144079878552734] [-5.6413619729224997:5.4948577717420015] [-4.8943524714291566:4.198959714908816] [-4.3119595272000062:3.8162659880866454] [-3.5793645670768228:2.1377241598571937] [-2.5530285342702492:2.3629570715739106] [-4.2129865234250801:3.9750710101211779] [-1.3761028582703652:6.6535374780960765] [-1.6713033842834026:1.6108380898387953] [-3.5317171059215222:2.1703019131657526] [-1.522182843559464:5.3390576869980251] [-2.5133656515841669:2.1703584638643574] [-2.5108044165634928:2.4352804210119423] [-1.5018703794860271:4.0028939014859874] [-2.9388396107628623:2.7015485859648578] [-1.5615074040210821:1.6211773460159291] [-1.7273260167956115:1.7914121314255265] [-0.92150636850058432:0.77789346779536228] [-0.97738668915119464:0.78390232812605942] [-0.92150636850058409:0.77789346779536228] [-2.2159117478760186:1.6695866805555455] [-3.9861906527340527:4.1060020058392999] [-3.2390068372006402:2.2777321439214395] [-2.3030426021228307:2.5982922340511974] [-2.1137576940528229:1.6006479082832017] [-2.1198197458827064:1.5799217621106765] [-3.330765343637244:2.0006496995771581] [-1.78050123188857:1.4338326049981676] [-1.1912149113818025:3.6228992636112336] [-3.6768048617086735:4.2487937477809314] [-3.6164841372578396:4.4427100879361037] [-3.0087694791533455:3.22066493154664] [-3.1392879522056076:3.4262007225299267] [-1.9420606878395317:2.0877619311637465] [-2.1360058600346541:2.1924941656495265] [-1.7715392511885608:1.7559399879665931] [-1.7775282443912166:1.8389642995561448] [-1.637960431905878:3.8866193443638135] [-1.5202684384640959:5.1537978497850903] [-1.4827370473662458:3.8424141325263541] [-1.2940263897823086:3.4181796826740505] [-1.6527172339481251:1.4798573972114148] [-1.9487498760259285:1.750710549255984] [-1.8612040625920705:14.014850793738292] [-188.23748692797554:168.05802166495434] [-408.93983011189255:135.07703832891835] [-338.26036305020546:79.377584777916852] [-1.3700170429470773:2.7656161408191702] [-1.9225529849146177:1.9933292286359605] [-1.2019148792924614:9.0113749428326706] [-4.8569180288663478:4.4361388619665449] [-8.9417081673990442:6.6442120351776941] [-1:1] [-0.83333333333333337:1] [0:1] [0:1] [-3.0436588323983731:3.9941648692054446] [-3.4163130721578145:2.2557911840449663] [-2.4188959788926288:1.6562093176887116] [-0.97712246269101266:2.2937618822601786] [-2.1482653136785923:1.2747186250416933] [-1.4771590973955526:0.30658884339777176] [-4.5387859206833241:7.8864903449530761] [-4.1827989315110674:5.7606848389006027] [-2.4049278851222384:4.1412959280689927] [-1.2841446092969466:4.7125937974434233] [-1.2043777326234839:7.9962168629871346] [-1.2323375000590915:2.3378410031304555] [-6.5364274078687155:6.7025763773798586] [-4.6665092132092276:3.6034395988678325] [-3.400868493616076:3.7602355625452772] [-1.198281708020936:3.5446983683960953] [-1.8213512928221691:4.4440484681284653] [-0.81375628472623551:2.2003506230755687] [-11.366117173508345:11.135491722872597] [-6.0049133677683955:5.2218235599107778] [-3.4116620103387767:3.6611761437768204] [-1.0040253894592004:3.1549742014834656] [-2.1104064187650731:4.0140092362331696] [-1.372811383025061:0.65625105148756568] [-3.9700334131539394:2.9767952127704289] [-3.5260562466518159:3.0773428492842037] [-2.5844998042810334:1.7086960227977901] [-1.3197045314921514:3.1152849595582648] [-2.0512593284264966:1.8064034284825001] [-1.4601242068311699:0.4385734822082013] [-5.4519913163194271:2.7417254591472404] [-4.1677134294328448:3.5474084839770179] [-1.898879981029548:2.8169808269559455] [-1.3721477754792861:4.1860552087523617] [-1.7255116228868592:4.4323833854802697] [-1.5623529386423194:1.2644056655467035] [-4.372201016404774:2.5335910514160451] [-3.789639091405451:3.5110373948948586] [-1.9856446892112203:2.6183712002477253] [-1.3980649405602616:3.9547209036179405] [-1.6024791594553922:3.8798901050368997] [-1.5911443450607516:1.1870503884304653] [-3.34748552362367:3.6109102834651825] [-2.2697344732413289:2.6985160920950224] [-1.9643529304495875:2.0682359841389384] [-1.4989571686627876:1.977933746279765] [-1.4711763731998373:1.9848988775821355] [-2.385760655833002:0.64779825337486019] [-3.2234960129147887:3.4100224345158643] [-2.7860475784593679:3.61906237250889] [-1.7098008259984852:2.449634162012245] [-0.796558877451918:2.8359338147038762] [-1.5005843200648428:2.4044387979774435] [-1.3852092130162026:0.9240358610867595]
tree_sizes=772 790 786 868 883 879 789 886 786 793 888 887 887 876 888 796 784 891 879 613 893 875 700 702 797 888 786 615 797 701 885 786 606 793 800 884 789 705 797 889 617 884 801 889 616 704 796 699 882 704 800 797 705 707 795 880 615 793 612 887 791 798 881 702 700 803 702 793 796 794 793 711 794 608 702 794 798 707 791 881 888 883 799 613 524 788 793 799 705 706 715 788 611 707 890 621 519 610 797 702 803 620 611 711 710 708 616 802 881 707 525 885 616 620 616 524 897 890 800 616

Tree=0
num_leaves=7
num_cat=0
split_feature=78 106 72 40 77 106
split_gain=0.20635 0.210654 0.146984 0.0640165 0.0406658 0.0262586
threshold=1.4688054026668753 0.34520022938656997 0.17048447516954016 1.7283252010243568 0.24131289253195634 -0.35458789028281185
decision_type=2 2 2 2 2 2
left_child=1 2 -1 -3 -2 -6
right_child=4 3 -4 -5 5 -7
leaf_value=0.0014506544219960299 0.0016530227738839696 0.0010115226751647687 0.0022931988587687711 -0.00044868738123308495 0.0038346787423887098 0.0027038154078541264
leaf_weight=882 45 576 528 51 45 147
leaf_count=882 45 576 528 51 45 147
internal_value=0.00162563 0.00149529 0.00176666 0.000886532 0.00273761 0.0029889
internal_weight=2274 2037 1410 627 237 192
internal_count=2274 2037 1410 627 237 192
is_linear=0
shrinkage=1


Tree=1
num_leaves=7
num_cat=0
split_feature=78 106 72 61 106 77
split_gain=0.190554 0.194309 0.135539 0.0612752 0.0382875 0.049257
threshold=1.4688054026668753 0.34520022938656997 0.33574536235866476 0.084626615045630085 -0.61832213161855443 0.56307811476695047
decision_type=2 2 2 2 2 2
left_child=1 2 -1 -3 -2 -6
right_child=4 3 -4 -5 5 -7
leaf_value=-0.00013062486596282719 0.002102812851997132 -0.00095403390610974362 0.00071222079999292288 -7.0610689144814392e-05 -0.000251274162042394 0.0011879867903556076
leaf_weight=966 45 453 444 174 51 141
leaf_count=966 45 453 444 174 51 141
internal_value=3.93157e-08 -0.000125212 0.000135415 -0.000709877 0.00106861 0.000807034
internal_weight=2274 2037 1410 627 237 192
internal_count=2274 2037 1410 627 237 192
is_linear=0
shrinkage=0.04


Tree=2
num_leaves=7
num_cat=0
split_feature=78 106 72 4 77 106
split_gain=0.17602 0.177318 0.131184 0.0688821 0.044281 0.0215789
threshold=1.4522896760483295 0.46303184936157288 0.17048447516954016 -0.40832444030840015 0.24131289253195634 -0.35458789028281185
decision_type=2 2 2 2 2 2
left_child=1 2 -1 -3 -2 -6
right_child=4 3 -4 -5 5 -7
leaf_value=-0.00018766624492626719 -4.2736868468499832e-05 -0.00021458789231308564 0.00058462904061557484 -0.0011493069081407396 0.0020485839770829424 0.001022994359026071
leaf_weight=954 51 218 555 301 45 150
leaf_count=954 51 218 555 301 45 150
internal_value=1.29021e-07 -0.000122768 9.67766e-05 -0.00075902 0.0010061 0.00127806
internal_weight=2274 2028 1509 519 246 195
internal_count=2274 2028 1509 519 246 195
is_linear=0
shrinkage=0.04


Tree=3
num_leaves=8
num_cat=0
split_feature=78 108 29 37 95 83 59
split_gain=0.162524 0.139965 0.0892183 0.0795673 0.0300434 0.0438213 0.0166606
threshold=1.4522896760483295 0.89164109847346718 -0.25722604146863076 -1.1433962949802772 1.0679267301353825 1.3044136273850822 1.1798473588109186
decision_type=2 2 2 2 2 2 2
left_child=1 3 -3 -1 5 -2 -6
right_child=4 2 -4 -5 6 -7 -8
leaf_value=0.001196776044594281 -0.00014075086812790431 -0.00028388556673802359 -0.0020624021749820684 -7.0424467378445572e-05 0.0019801215044987787 0.0012197124965892859 0.00085558343731628912
leaf_weight=81 69 91 89 1767 54 81 42
leaf_count=81 69 91 89 1767 54 81 42
internal_value=1.96342e-07 -0.000117896 -0.00117626 -1.36478e-05 0.000966836 0.000600282 0.00151564
internal_weight=2274 2028 180 1848 246 150 96
internal_count=2274 2028 180 1848 246 150 96
is_linear=0
shrinkage=0.04


Tree=4
num_leaves=8
num_cat=0
split_feature=72 71 65 101 106 37 10
split_gain=0.158944 0.129539 0.0963219 0.0830221 0.0536921 0.0470264 0.0185883
threshold=0.35936343762928358 -0.89628530987101929 -0.60986924918395358 0.21004286000706376 0.32535062102826789 1.4821181372977266 -0.430574073715765
decision_type=2 2 2 2 2 2 2
left_child=1 6 -3 4 -2 -5 -1
right_child=3 2 -4 5 -6 -7 -8
leaf_value=0.00043985865375196397 0.00049171449306979992 0.00041503139126609434 -0.00046300770778809428 0.00073321654582404262 -0.00048787738118440875 0.0020153710044022383 0.0015478055928475581
leaf_weight=42 210 237 1230 285 153 54 63
leaf_count=42 210 237 1230 285 153 54 63
internal_value=2.83196e-07 -0.000223171 -0.000320785 0.000499881 7.84177e-05 0.000948076 0.00112113
internal_weight=2274 1572 1467 702 363 339 105
internal_count=2274 1572 1467 702 363 339 105
is_linear=0
shrinkage=0.04


Tree=5
num_leaves=8
num_cat=0
split_feature=72 71 106 101 28 13 7
split_gain=0.146573 0.119641 0.091429 0.0766313 0.0584566 0.048983 0.0187199
threshold=0.35936343762928358 -0.89628530987101929 0.97361042641495243 0.21004286000706376 -0.36830543757332551 1.2653581109693177 -0.22090557949573744
decision_type=2 2 2 2 2 2 2
left_child=1 6 -3 4 -2 -5 -1
right_child=3 2 -4 5 -6 -7 -8
leaf_value=0.00039705535523932087 -0.00081083203200250865 -0.00019807302671400774 -0.0012172001325400086 0.00066310109557876239 0.00036264536939292395 0.001868005121410217 0.0015054042282012792
leaf_weight=42 88 1311 156 272 275 67 63
leaf_count=42 88 1311 156 272 275 67 63
internal_value=4.36794e-07 -0.000214146 -0.000307956 0.000480199 7.52819e-05 0.000910798 0.00107777
internal_weight=2274 1572 1467 702 363 339 105
internal_count=2274 1572 1467 702 363 339 105
is_linear=0
shrinkage=0.04


Tree=6
num_leaves=7
num_cat=0
split_feature=77 101 106 25 70 37
split_gain=0.136612 0.109532 0.104298 0.0974129 0.0710894 0.0132963
threshold=1.0715066036890868 0.22678556748657294 -0.75516107283603329 0.43998135417422707 -1.0584675229527225 1.4821181372977266
decision_type=2 2 2 2 2 2
left_child=1 2 -1 -3 -2 -6
right_child=4 3 -4 -5 5 -7
leaf_value=0.0010184938328199867 -0.00029102675020852584 0.00057199202495666283 -0.00042440452278896953 -0.0004113657845817184 0.0010956054933205644 0.0019627220981585031
leaf_weight=84 57 533 1200 229 129 42
leaf_count=84 57 533 1200 229 129 42
internal_value=5.09659e-07 -0.000103298 -0.000328572 0.000276165 0.000924841 0.00132881
internal_weight=2274 2046 1284 762 228 171
internal_count=2274 2046 1284 762 228 171
is_linear=0
shrinkage=0.04


Tree=7
num_leaves=8
num_cat=0
split_feature=101 71 25 94 61 64 95
split_gain=0.10981 0.142353 0.0861853 0.0851622 0.0598684 0.0558158 0.0393871
threshold=0.16919247019288872 -0.37608469201389 0.43998135417422707 0.41178691762870084 0.19331403989023704 -1.2733955634535432 -0.32233731839405161
decision_type=2 2 2 2 2 2 2
left_child=1 3 5 -1 -3 -2 -4
right_child=2 4 6 -5 -6 -7 -8
leaf_value=0.00065348882766513492 -0.00086514979168506609 -0.00075758777829838884 -0.00089150324071083861 -0.00053112968278370705 4.1405238967854532e-05 0.00064362016388923781 7.9110971528280059e-05
leaf_weight=333 40 615 101 135 198 662 190
leaf_count=333 40 615 101 135 198 662 190
internal_value=6.13071e-07 -0.000243957 0.000315972 0.000310966 -0.000563375 0.000555437 -0.000261555
internal_weight=2274 1281 993 468 813 702 291
internal_count=2274 1281 993 468 813 702 291
is_linear=0
shrinkage=0.04


Tree=8
num_leaves=7
num_cat=0
split_feature=77 91 71 32 70 37
split_gain=0.122849 0.10114 0.0992042 0.0973471 0.0636896 0.0124277
threshold=1.0715066036890868 0.6184360269763165 -0.87472771418924256 -0.57032899271988213 -1.0584675229527225 1.4821181372977266
decision_type=2 2 2 2 2 2
left_child=1 2 -1 -3 -2 -6
right_child=4 3 -4 -5 5 -7
leaf_value=0.0012158551360838688 -0.00027382935393380664 0.00042153118876740335 -5.7842449383429909e-05 -0.0012161996513665864 0.0010348370135228597 0.0018708501565693457
leaf_weight=102 57 78 1650 216 129 42
leaf_count=102 57 78 1650 216 129 42
internal_value=5.31328e-07 -9.79081e-05 1.7613e-05 -0.000781787 0.000877066 0.00125943
internal_weight=2274 2046 1752 294 228 171
internal_count=2274 2046 1752 294 228 171
is_linear=0
shrinkage=0.04


Tree=9
num_leaves=7
num_cat=0
split_feature=78 106 26 29 77 106
split_gain=0.120918 0.133544 0.0784593 0.0577163 0.030165 0.0133668
threshold=1.4522896760483295 0.34520022938656997 0.84981167263568957 -0.2659184546285856 0.24131289253195634 -0.35458789028281185
decision_type=2 2 2 2 2 2
left_child=1 2 -1 -3 -2 -6
right_child=4 3 -4 -5 5 -7
leaf_value=0.00022100985337353103 -3.142030523070749e-05 -0.00021507443356784753 -0.00071980130930751325 -0.0009872439558435218 0.0016676066205539603 0.00085669575511833254
leaf_weight=1249 51 322 158 299 45 150
leaf_count=1249 51 322 158 299 45 150
internal_value=6.1536e-07 -0.000101246 0.000114489 -0.000588836 0.000834395 0.00105886
internal_weight=2274 2028 1407 621 246 195
internal_count=2274 2028 1407 621 246 195
is_linear=0
shrinkage=0.04


Tree=10
num_leaves=8
num_cat=0
split_feature=72 65 35 31 28 64 77
split_gain=0.124632 0.102669 0.0889155 0.0808212 0.0667902 0.0870944 0.0334581
threshold=0.35936343762928358 -0.56690149219612462 0.43444712223586057 0.97072416546706752 -0.36070829868215531 -0.13268657597710568 0.98221162898351611
decision_type=2 2 2 2 2 2 2
left_child=1 2 -1 -3 5 -2 -6
right_child=4 3 -4 -5 6 -7 -8
leaf_value=0.0010277252031479917 0.00066554812666077114 -0.00025630032189820936 -0.00038939422628301012 -0.001410619030581795 0.00047444875745480502 -0.0012260465947557476 0.0012197195921289389
leaf_weight=179 75 1174 115 104 425 77 125
leaf_count=179 75 1174 115 104 425 77 125
internal_value=6.18574e-07 -0.000197253 0.000474524 -0.000352293 0.000443016 -0.000296172 0.000647634
internal_weight=2274 1572 294 1278 702 152 550
internal_count=2274 1572 294 1278 702 152 550
is_linear=0
shrinkage=0.04


Tree=11
num_leaves=8
num_cat=0
split_feature=72 36 65 28 64 85 77
split_gain=0.114928 0.0974827 0.121056 0.0616269 0.0804371 0.0394441 0.0308941
threshold=0.35936343762928358 0.5419051811723653 -0.56690149219612462 -0.36070829868215531 -0.13268657597710568 0.28241721876519699 0.98221162898351611
decision_type=2 2 2 2 2 2 2
left_child=1 2 -1 4 -2 -3 -5
right_child=3 5 -4 6 -6 -7 -8
leaf_value=0.0008746097753988579 0.00063961768652880937 -0.00062365414694542985 -0.00019929487650097838 0.00045555969336376768 -0.0011782463058782151 -0.0019224420295689594 0.0011716991344028643
leaf_weight=198 75 286 1046 425 77 42 125
leaf_count=198 75 286 1046 425 77 42 125
internal_value=5.97524e-07 -0.000189415 -2.72384e-05 0.000425425 -0.000284616 -0.000800606 0.000621974
internal_weight=2274 1572 1244 702 152 328 550
internal_count=2274 1572 1244 702 152 328 550
is_linear=0
shrinkage=0.04


Tree=12
num_leaves=8
num_cat=0
split_feature=72 36 65 28 64 78 77
split_gain=0.105996 0.0900001 0.111644 0.0568628 0.0742888 0.0509955 0.0285266
threshold=0.35936343762928358 0.5419051811723653 -0.56690149219612462 -0.36070829868215531 -0.13268657597710568 0.30165035729747069 0.98221162898351611
decision_type=2 2 2 2 2 2 2
left_child=1 2 -1 4 -2 -3 -5
right_child=3 5 -4 6 -6 -7 -8
leaf_value=0.00083997524086153132 0.00061469750921846697 -0.00047166061610976628 -0.00019133829705764627 0.0004374226597988542 -0.0011323096099622029 -0.0016157102039193406 0.0011255692562419399
leaf_weight=198 75 245 1046 425 77 83 125
leaf_count=198 75 245 1046 425 77 83 125
internal_value=5.46131e-07 -0.000181933 -2.61055e-05 0.000408531 -0.000273511 -0.000769199 0.000597331
internal_weight=2274 1572 1244 702 152 328 550
internal_count=2274 1572 1244 702 152 328 550
is_linear=0
shrinkage=0.04


Tree=13
num_leaves=8
num_cat=0
split_feature=78 109 34 37 65 37 31
split_gain=0.0982594 0.101958 0.108452 0.0754652 0.0257143 0.0311352 0.00433263
threshold=1.4522896760483295 0.34908859668720621 -0.45465421389376104 -1.0930544636498003 -0.22414716695965256 1.6276044951041337 0.33698336667553691
decision_type=2 2 2 2 2 2 2
left_child=1 3 -3 -1 6 -6 -2
right_child=4 2 -4 -5 5 -7 -8
leaf_value=0.0012459511373755197 0.0016081315943632614 0.00016426181948005808 -0.00092271865728713346 2.3013799947102392e-05 9.2818504268445581e-05 0.0013656863531408211 0.00094912980031222106
leaf_weight=84 42 234 390 1320 116 40 48
leaf_count=84 42 234 390 1320 116 40 48
internal_value=5.1046e-07 -9.13123e-05 -0.000515878 9.78492e-05 0.00075212 0.000432351 0.00128494
internal_weight=2274 2028 624 1404 246 156 90
internal_count=2274 2028 624 1404 246 156 90
is_linear=0
shrinkage=0.04


Tree=14
num_leaves=8
num_cat=0
split_feature=72 71 71 28 71 101 15
split_gain=0.0968269 0.0859501 0.0710276 0.0514763 0.0719526 0.0260319 0.0133538
threshold=0.35936343762928358 -0.89628530987101929 3.3158253162610589 -0.36070829868215531 -0.065768762631947739 0.024690550608092592 0.45016263448763211
decision_type=2 2 2 2 2 2 2
left_child=1 6 -3 4 -2 -5 -1
right_child=3 2 -4 5 -6 -7 -8
leaf_value=0.0012682699967252174 0.00092628246069782316 -0.00030345997950959237 0.0012778633933370695 0.00024859306998334765 -0.00088046342337631854 0.00080708358674978526 0.0003237319165574653
leaf_weight=65 52 1422 45 235 100 315 40
leaf_count=65 52 1422 45 235 100 315 40
internal_value=6.49138e-07 -0.000173759 -0.000253279 0.000390588 -0.000258364 0.000570221 0.000921223
internal_weight=2274 1572 1467 702 152 550 105
internal_count=2274 1572 1467 702 152 550 105
is_linear=0
shrinkage=0.04


Tree=15
num_leaves=7
num_cat=0
split_feature=77 101 71 25 12 1
split_gain=0.092466 0.0828341 0.10509 0.0756504 0.0506126 0.00741768
threshold=1.0715066036890868 0.22678556748657294 -0.89628530987101929 0.54378331932457435 0.61413664325330775 -0.24635068730073062
decision_type=2 2 2 2 2 2
left_child=1 2 -1 -3 5 -2
right_child=4 3 -4 -5 -6 -7
leaf_value=0.00090281120642215357 0.0016627119303962521 0.00047550956318699936 -0.00039058577461294767 -0.00044058318017941266 -7.3364937915230952e-05 0.00097658365337078331
leaf_weight=108 41 571 1176 191 77 110
leaf_count=108 41 571 1176 191 77 110
internal_value=7.52095e-07 -8.46516e-05 -0.000280561 0.000245333 0.000761209 0.00118218
internal_weight=2274 2046 1284 762 228 151
internal_count=2274 2046 1284 762 228 151
is_linear=0
shrinkage=0.04


Tree=16
num_leaves=7
num_cat=0
split_feature=71 97 64 9 38 33
split_gain=0.08568 0.0877268 0.110835 0.07958 0.0345095 0.008394
threshold=2.3274694070944233 0.72286296046578435 -0.17635474132020337 -0.43318297416791324 0.3541337060250771 -0.051561180368945622
decision_type=2 2 2 2 2 2
left_child=1 2 -1 -3 -2 -6
right_child=4 3 -4 -5 5 -7
leaf_value=0.00039034772205097916 0.00021217991380044856 0.00032442855405887325 -0.00023435727588940963 -0.0013024357518048682 0.00095854387318038126 0.0017934396253390748
leaf_weight=765 76 68 1113 157 53 42
leaf_count=765 76 68 1113 157 53 42
internal_value=8.31434e-07 -6.94959e-05 2.02598e-05 -0.000812235 0.000856539 0.00135702
internal_weight=2274 2103 1878 225 171 95
internal_count=2274 2103 1878 225 171 95
is_linear=0
shrinkage=0.04


Tree=17
num_leaves=8
num_cat=0
split_feature=72 34 65 28 53 108 77
split_gain=0.0862952 0.0813422 0.0906066 0.0468972 0.0611491 0.0322488 0.0229438
threshold=0.33574536235866476 0.96011221221797849 -0.56690149219612462 -0.36070829868215531 -0.58333333333333315 -0.65179282194596233 0.98221162898351611
decision_type=2 2 2 2 2 2 2
left_child=1 2 -1 4 -2 -3 -5
right_child=3 5 -4 6 -6 -7 -8
leaf_value=0.00062559706513020199 -0.0014974777300117744 -0.00017744297337869401 -0.0002222533340396993 0.00039081929244569319 0.00023456063148949075 -0.0014775917859926743 0.0010048248292878271
leaf_weight=242 43 45 1161 444 117 97 125
leaf_count=242 43 45 1161 444 117 97 125
internal_value=8.73473e-07 -0.000168362 -7.53274e-05 0.000359021 -0.000243665 -0.00107376 0.000528753
internal_weight=2274 1545 1403 729 160 142 569
internal_count=2274 1545 1403 729 160 142 569
is_linear=0
shrinkage=0.04


Tree=18
num_leaves=8
num_cat=0
split_feature=106 71 31 85 17 38 17
split_gain=0.0808537 0.0933935 0.069018 0.0477282 0.0296933 0.0200132 0.00890741
threshold=-0.8776924715503549 2.3274694070944233 0.97072416546706752 -0.1763526205802064 -0.20330028428128444 0.3541337060250771 0.55655213587997054
decision_type=2 2 2 2 2 2 2
left_child=3 2 -2 4 -1 -3 -5
right_child=1 5 -4 6 -6 -7 -8
leaf_value=0.0010794451726643844 -9.0309216443428941e-05 0.00029685612494960943 -0.00099067119439447148 0.0015663547376575677 -0.00015497308739117886 0.0012796833691315662 0.00078720398366033124
leaf_weight=41 1720 56 146 67 112 85 47
leaf_count=41 1720 56 146 67 112 85 47
internal_value=7.99202e-07 -8.6402e-05 -0.000161741 0.000652047 0.000185479 0.000898952 0.00126424
internal_weight=2274 2007 1866 267 153 141 114
internal_count=2274 2007 1866 267 153 141 114
is_linear=0
shrinkage=0.04


Tree=19
num_leaves=5
num_cat=0
split_feature=36 97 64 4
split_gain=0.0776894 0.0730016 0.086202 0.0780818
threshold=-1.3227733232418362 0.72286296046578435 -0.17035343085759524 -0.3258704883913987
decision_type=2 2 2 2
left_child=-1 2 -2 -3
right_child=1 3 -4 -5
leaf_value=0.0012757341347232061 0.00035749604033098492 0.00026211757152685262 -0.00018125882113288511 -0.0012355265028985037
leaf_weight=72 801 86 1162 153
leaf_count=72 801 86 1162 153
internal_value=8.99876e-07 -4.19039e-05 3.87196e-05 -0.000698922
internal_weight=2274 2202 1963 239
internal_count=2274 2202 1963 239
is_linear=0
shrinkage=0.04


Tree=20
num_leaves=8
num_cat=0
split_feature=72 106 36 28 71 2 77
split_gain=0.0763841 0.0770455 0.0807257 0.0427756 0.0618013 0.0381038 0.0196831
threshold=0.33574536235866476 0.97361042641495243 0.48070913703447266 -0.36070829868215531 -0.065768762631947739 -0.060314700714009233 0.98221162898351611
decision_type=2 2 2 2 2 2 2
left_child=1 2 -1 4 -2 -3 -5
right_child=3 5 -4 6 -6 -7 -8
leaf_value=0.00011602592151697048 0.00080163792695187161 -0.00032937827017158271 -0.00057805125179182155 0.00037210970365018437 -0.00081720663454117526 -0.0015971376336173996 0.00094099225937462169
leaf_weight=1032 57 73 360 444 103 80 125
leaf_count=1032 57 73 360 444 103 80 125
internal_value=8.80703e-07 -0.00015834 -6.40486e-05 0.000337834 -0.000237716 -0.00100431 0.000499942
internal_weight=2274 1545 1392 729 160 153 569
internal_count=2274 1545 1392 729 160 153 569
is_linear=0
shrinkage=0.04


Tree=21
num_leaves=8
num_cat=0
split_feature=78 106 72 40 65 37 31
split_gain=0.0736202 0.0955346 0.0630398 0.0489362 0.022239 0.0244139 0.00264847
threshold=1.4522896760483295 0.46303184936157288 0.17048447516954016 1.7283252010243568 -0.22414716695965256 1.6276044951041337 0.3424612534027312
decision_type=2 2 2 2 2 2 2
left_child=1 2 -1 -3 6 -6 -2
right_child=4 3 -4 -5 5 -7 -8
leaf_value=-0.00011474243568467896 0.0014028759924694894 -0.00041318657808996583 0.00042063438633491943 -0.0017001861904941077 5.4757305659191931e-05 0.0011813093965784424 0.00086406553661265428
leaf_weight=954 43 468 555 51 116 40 47
leaf_count=954 43 468 555 51 116 40 47
internal_value=8.07123e-07 -7.86739e-05 8.24617e-05 -0.000545696 0.000651391 0.000354914 0.0011464
internal_weight=2274 2028 1509 519 246 156 90
internal_count=2274 2028 1509 519 246 156 90
is_linear=0
shrinkage=0.04


Tree=22
num_leaves=6
num_cat=0
split_feature=36 106 83 26 78
split_gain=0.0709542 0.0707153 0.0736724 0.0597039 0.00997671
threshold=-1.2625397417042514 0.34520022938656997 1.3809012260185003 0.84981167263568957 1.014964949279958
decision_type=2 2 2 2 2
left_child=4 3 -3 -2 -1
right_child=1 2 -4 -5 -6
leaf_value=0.00058553584640152589 0.00020146728936721412 -0.00051196496527602053 0.00087555568367379767 -0.00059087378831294661 0.0014708198920604498
leaf_weight=41 1320 628 66 170 49
leaf_count=41 1320 628 66 170 49
internal_value=8.34437e-07 -4.49637e-05 -0.000377874 0.000110395 0.00108902
internal_weight=2274 2184 694 1490 90
internal_count=2274 2184 694 1490 90
is_linear=0
shrinkage=0.04


Tree=23
num_leaves=6
num_cat=0
split_feature=71 106 83 84 2
split_gain=0.0689026 0.0750952 0.0568937 0.0425348 0.0204568
threshold=2.9103728409820779 -0.8776924715503549 1.1269701465038162 -0.96651475358334571 0.54796162044330599
decision_type=2 2 2 2 2
left_child=1 3 -3 -1 -2
right_child=4 2 -4 -5 -6
leaf_value=9.0299341085869659e-07 0.0013935457856346415 -0.00020428562019230594 0.0005751809565472507 0.0010397883670281759 0.00031791084891631059
leaf_weight=111 66 1740 162 144 51
leaf_count=111 66 1740 162 144 51
internal_value=8.72432e-07 -5.07757e-05 -0.000137361 0.000591094 0.000937902
internal_weight=2274 2157 1902 255 117
internal_count=2274 2157 1902 255 117
is_linear=0
shrinkage=0.04


Tree=24
num_leaves=7
num_cat=0
split_feature=34 101 71 53 89 38
split_gain=0.0664839 0.0770947 0.0922771 0.0557679 0.0369098 0.0139977
threshold=0.96011221221797849 0.26264340050055174 -0.3989989809502586 0.91666666666666685 0.16372706198776399 0.36114270770415119
decision_type=2 2 2 2 2 2
left_child=1 2 -1 -3 5 -2
right_child=4 3 -4 -5 -6 -7
leaf_value=0.00035111487608351755 -0.00074623855827924085 0.00054578907839305353 -0.00036146767125784643 -0.00033014314467334874 -0.0016650794153200818 -1.336898671330086e-05
leaf_weight=439 83 632 852 141 45 82
leaf_count=439 83 632 852 141 45 82
internal_value=9.47307e-07 7.01685e-05 -0.000118988 0.000385574 -0.000673642 -0.000386547
internal_weight=2274 2064 1291 773 210 165
internal_count=2274 2064 1291 773 210 165
is_linear=0
shrinkage=0.04


Tree=25
num_leaves=8
num_cat=0
split_feature=72 106 103 28 53 6 41
split_gain=0.0642304 0.0628983 0.066187 0.0386784 0.0508561 0.0353169 0.0170547
threshold=0.33574536235866476 0.97361042641495243 -1.7329280852700524 -0.36070829868215531 -0.58333333333333315 0.23650920487059787 -0.82257821971103884
decision_type=2 2 2 2 2 2 2
left_child=1 2 -1 4 -2 -3 -5
right_child=3 5 -4 6 -6 -7 -8
leaf_value=0.0010572345357213635 -0.0013807212395800484 -0.00039976627556012666 -0.00012779921764385216 3.3799541687645091e-06 0.00019896375760827372 -0.0016412896871389377 0.00056774823720695089
leaf_weight=78 43 92 1314 105 117 61 464
leaf_count=78 43 92 1314 105 117 61 464
internal_value=8.31405e-07 -0.000145174 -5.99749e-05 0.000309817 -0.000237381 -0.000909544 0.00046398
internal_weight=2274 1545 1392 729 160 153 569
internal_count=2274 1545 1392 729 160 153 569
is_linear=0
shrinkage=0.04


Tree=26
num_leaves=7
num_cat=0
split_feature=31 71 64 108 40 93
split_gain=0.061617 0.0691045 0.0885356 0.0300228 0.0214959 0.0187086
threshold=0.97072416546706752 2.9103728409820779 -0.17635474132020337 -0.66236637046162983 0.7469490276152404 0.12473227403793302
decision_type=2 2 2 2 2 2
left_child=1 2 -1 -2 -5 -3
right_child=3 5 -4 4 -6 -7
leaf_value=0.000351503580806799 8.7408281091237594e-05 0.00039585810327945754 -0.0001981205727467932 -0.00059827640853737571 -0.0016596562707541036 0.0015261202302501828
leaf_weight=757 57 41 1225 86 49 59
leaf_count=757 57 41 1225 86 49 59
internal_value=7.37611e-07 6.42095e-05 1.19442e-05 -0.000681102 -0.00100212 0.00107956
internal_weight=2274 2082 1982 192 135 100
internal_count=2274 2082 1982 192 135 100
is_linear=0
shrinkage=0.04


Tree=27
num_leaves=5
num_cat=0
split_feature=36 97 64 34
split_gain=0.0638533 0.0613385 0.0686308 0.0674711
threshold=-1.3227733232418362 0.72286296046578435 -0.17035343085759524 -0.30220047149324986
decision_type=2 2 2 2
left_child=-1 2 -2 -3
right_child=1 3 -4 -5
leaf_value=0.001156456681232698 0.00032023873227847921 0.00017179898802435609 -0.00016048160554537922 -0.0011898122651877606
leaf_weight=72 801 97 1162 142
leaf_count=72 801 97 1162 142
internal_value=7.04763e-07 -3.81006e-05 3.58021e-05 -0.000640352
internal_weight=2274 2202 1963 239
internal_count=2274 2202 1963 239
is_linear=0
shrinkage=0.04


Tree=28
num_leaves=7
num_cat=0
split_feature=77 97 31 73 12 1
split_gain=0.0596563 0.0559574 0.0660325 0.0622982 0.0351755 0.00601333
threshold=1.0715066036890868 0.72286296046578435 -0.76278114663447139 -0.55827033976490992 0.61413664325330775 -0.24635068730073062
decision_type=2 2 2 2 2 2
left_child=1 3 -3 -1 5 -2
right_child=4 2 -4 -5 -6 -7
leaf_value=-0.00078602946073148556 0.0013887034368506351 0.00073109927716561492 -0.00098246826977035732 7.547727812426694e-05 -8.3704339782412679e-05 0.00078164832513721199
leaf_weight=144 41 43 185 1674 77 110
leaf_count=144 41 43 185 1674 77 110
internal_value=6.87054e-07 -6.79114e-05 -0.000655748 6.45034e-06 0.000611505 0.000962476
internal_weight=2274 2046 228 1818 228 151
internal_count=2274 2046 228 1818 228 151
is_linear=0
shrinkage=0.04


Tree=29
num_leaves=6
num_cat=0
split_feature=36 106 77 88 105
split_gain=0.0580789 0.0580643 0.0666961 0.0334851 0.0109422
threshold=-1.2625397417042514 0.97361042641495243 1.0715066036890868 0.21558592459711398 0.34667010156683509
decision_type=2 2 2 2 2
left_child=4 2 -2 -3 -1
right_child=1 3 -4 -5 -6
leaf_value=0.0014486269517378374 -4.9022098786887192e-05 -0.0012110726126469671 0.00076023899344922511 -0.00015574073003335798 0.00053800643876893454
leaf_weight=42 1815 98 177 94 48
leaf_count=42 1815 98 177 94 48
internal_value=6.99105e-07 -4.07359e-05 2.35755e-05 -0.000701332 0.000985216
internal_weight=2274 2184 1992 192 90
internal_count=2274 2184 1992 192 90
is_linear=0
shrinkage=0.04


Tree=30
num_leaves=8
num_cat=0
split_feature=34 101 71 72 70 66 46
split_gain=0.0570845 0.063465 0.0918561 0.0421933 0.0320096 0.0193171 0.0107395
threshold=0.96011221221797849 0.10071338405375735 -0.3989989809502586 0.17048447516954016 -0.21749461299052372 -0.25110233083728933 0.43076875573691559
decision_type=2 2 2 2 2 2 2
left_child=1 2 -1 -3 5 -2 -6
right_child=4 3 -4 -5 6 -7 -8
leaf_value=0.00034118414816563581 -0.00061795175558764415 6.5821920425417868e-05 -0.00040496725167909705 0.00060845934472653377 -0.00045175733056385071 -0.0018078708540388319 0.00033962749122154148
leaf_weight=412 51 509 727 416 78 41 40
leaf_count=412 51 509 727 416 78 41 40
internal_value=7.17925e-07 6.48597e-05 -0.000134944 0.000310648 -0.000624368 -0.00117542 -0.000182302
internal_weight=2274 2064 1139 925 210 92 118
internal_count=2274 2064 1139 925 210 92 118
is_linear=0
shrinkage=0.04


Tree=31
num_leaves=7
num_cat=0
split_feature=71 106 26 25 13 38
split_gain=0.0543963 0.0616726 0.0491212 0.0381485 0.0230662 0.009293
threshold=2.3274694070944233 -0.8776924715503549 1.0624156583780577 0.69170838858716022 1.6158433413295823 0.3541337060250771
decision_type=2 2 2 2 2 2
left_child=1 3 -3 -1 5 -2
right_child=4 2 -4 -5 -6 -7
leaf_value=0.00087846988737250544 2.8820131109028621e-05 -9.0425068244958623e-05 -0.0011288963476832386 -0.00022208774513373636 0.0013023027499777177 0.00076807051259295445
leaf_weight=166 67 1792 74 71 60 44
leaf_count=166 67 1792 74 71 60 44
internal_value=6.2146e-07 -5.54148e-05 -0.000132772 0.000549668 0.000682443 0.000330264
internal_weight=2274 2103 1866 237 171 111
internal_count=2274 2103 1866 237 171 111
is_linear=0
shrinkage=0.04


Tree=32
num_leaves=5
num_cat=0
split_feature=36 37 101 29
split_gain=0.05275 0.0522786 0.0563488 0.00799789
threshold=-1.3227733232418362 -1.1433962949802772 0.16919247019288872 0.18760165842539414
decision_type=2 2 2 2
left_child=-1 3 -3 -2
right_child=1 2 -4 -5
leaf_value=0.001051121295769573 0.0013466593689684355 -0.00025526540837226576 0.00015981142454649813 0.00051884657789974715
leaf_weight=72 40 1190 931 41
leaf_count=72 40 1190 931 41
internal_value=6.506e-07 -3.46199e-05 -7.30911e-05 0.000950242
internal_weight=2274 2202 2121 81
internal_count=2274 2202 2121 81
is_linear=0
shrinkage=0.04


Tree=33
num_leaves=7
num_cat=0
split_feature=34 71 91 89 24 109
split_gain=0.0517021 0.0547191 0.0561433 0.0299631 0.0245365 0.0150277
threshold=0.96011221221797849 2.030770907297696 0.6184360269763165 0.16372706198776399 0.044364633789962679 -0.32856484340547665
decision_type=2 2 2 2 2 2
left_child=1 2 -1 5 -3 -2
right_child=3 4 -4 -5 -6 -7
leaf_value=9.4466496061388445e-05 3.1832377611532473e-05 0.00046798787210983308 -0.00051391828464540212 -0.0014872825094944539 0.0016225082715529771 -0.00072668849289371268
leaf_weight=1633 86 108 283 45 40 79
leaf_count=1633 86 108 283 45 40 79
internal_value=7.23738e-07 6.17667e-05 4.16372e-06 -0.000594164 0.000797493 -0.000335692
internal_weight=2274 2064 1916 210 148 165
internal_count=2274 2064 1916 210 148 165
is_linear=0
shrinkage=0.04


Tree=34
num_leaves=7
num_cat=0
split_feature=73 106 31 34 10 75
split_gain=0.0511488 0.0596506 0.0514787 0.0205023 0.0165517 0.00609703
threshold=-0.55827033976490992 -0.75516107283603329 0.97072416546706752 0.92755961172434354 -0.49519011302288579 0.32212443361472481
decision_type=2 2 2 2 2 2
left_child=4 3 -3 -2 -1 -6
right_child=1 2 -4 -5 5 -7
leaf_value=-7.0464212216856875e-05 0.00072911831333086164 3.4108887319481535e-05 -0.00071280830496646191 -0.00017604383350140889 -0.0011999495494648513 -0.00055123310596884593
leaf_weight=49 244 1664 160 47 66 44
leaf_count=49 244 1664 160 47 66 44
internal_value=6.76824e-07 5.29463e-05 -3.21191e-05 0.00058272 -0.000686627 -0.00095494
internal_weight=2274 2115 1824 291 159 110
internal_count=2274 2115 1824 291 159 110
is_linear=0
shrinkage=0.04


Tree=35
num_leaves=8
num_cat=0
split_feature=72 71 71 101 71 95 47
split_gain=0.0486908 0.0535017 0.048866 0.0238378 0.023201 0.0228338 0.0130026
threshold=0.33574536235866476 -0.89628530987101929 3.3158253162610589 0.21004286000706376 1.0355531722746874 -0.009941972112111841 -0.080959026152739894
decision_type=2 2 2 2 2 2 2
left_child=1 6 -3 4 -2 -5 -1
right_child=3 2 -4 5 -6 -7 -8
leaf_value=0.0010848139130482169 0.00016340699466549247 -0.00023286272450988345 0.0010790377888987039 0.00013264865540249285 -0.00081168258615600122 0.00079354944572131603 0.00016831858581755051
leaf_weight=64 345 1395 45 147 42 195 41
leaf_count=64 345 1395 45 147 42 195 41
internal_value=5.81305e-07 -0.000126541 -0.000190426 0.000269606 5.39542e-05 0.000511901 0.00073678
internal_weight=2274 1545 1440 729 387 342 105
internal_count=2274 1545 1440 729 387 342 105
is_linear=0
shrinkage=0.04


Tree=36
num_leaves=7
num_cat=0
split_feature=78 40 37 42 77 61
split_gain=0.0463125 0.0874626 0.0461192 0.0209451 0.0234196 0.0062642
threshold=1.2097448990438779 1.8391259090114673 -1.1433962949802772 -0.39312304088213623 0.76417439097456763 -0.94473841427987326
decision_type=2 2 2 2 2 2
left_child=1 2 -1 5 -5 -2
right_child=3 -3 -4 4 -6 -7
leaf_value=0.00089579896255205559 0.0010130195428136287 -0.0016303095678033839 -6.8327582174809864e-05 -0.00029447587988492478 0.00061114246129303931 0.00042808754698713669
leaf_weight=81 89 54 1821 90 89 50
leaf_count=81 89 54 1821 90 89 50
internal_value=6.41612e-07 -7.22713e-05 -2.63707e-05 0.000446773 0.000157581 0.000811669
internal_weight=2274 1956 1902 318 179 139
internal_count=2274 1956 1902 318 179 139
is_linear=0
shrinkage=0.04


Tree=37
num_leaves=6
num_cat=0
split_feature=36 97 64 34 105
split_gain=0.047408 0.0548938 0.056971 0.0426296 0.00999233
threshold=-1.1952853155223924 0.72286296046578435 -0.17035343085759524 -0.30220047149324986 -0.05464982231981301
decision_type=2 2 2 2 2
left_child=4 2 -2 -3 -1
right_child=1 3 -4 -5 -6
leaf_value=0.0012064685203208058 0.00028865364591257103 5.7170317102704321e-05 -0.0001533158570870436 -0.0010476085072433409 0.00044343299764607638
leaf_weight=49 790 91 1134 142 68
leaf_count=49 790 91 1134 142 68
internal_value=6.49514e-07 -4.21917e-05 2.82694e-05 -0.000619314 0.000777901
internal_weight=2274 2157 1924 233 117
internal_count=2274 2157 1924 233 117
is_linear=0
shrinkage=0.04


Tree=38
num_leaves=7
num_cat=0
split_feature=73 31 77 108 38 101
split_gain=0.0460359 0.0514395 0.0506355 0.0200161 0.01512 0.00526261
threshold=-0.55827033976490992 1.0129244025432231 1.0715066036890868 -0.66236637046162983 -0.49615503619154633 -0.11637919013734628
decision_type=2 2 2 2 2 2
left_child=4 2 -2 -3 -1 -6
right_child=1 3 -4 -5 5 -7
leaf_value=-5.4298295197077097e-05 4.0588956111920178e-05 8.768244767858785e-05 0.00072791322319933809 -0.00089789286362550527 -0.0012021753266108809 -0.00061053146875356557
leaf_weight=48 1764 45 188 118 52 59
leaf_count=48 1764 45 188 118 52 59
internal_value=6.51467e-07 5.02397e-05 0.000107463 -0.000628037 -0.000651396 -0.00090407
internal_weight=2274 2115 1952 163 159 111
internal_count=2274 2115 1952 163 159 111
is_linear=0
shrinkage=0.04


Tree=39
num_leaves=8
num_cat=0
split_feature=105 61 101 28 11 47 3
split_gain=0.0428648 0.0438425 0.057404 0.0471743 0.0379379 0.0179285 0.0116702
threshold=-0.76897809341459122 0.16761288495134577 0.04160881446273236 0.79197113466298663 0.11708687615046524 -0.35322998059750987 -0.38099197364219634
decision_type=2 2 2 2 2 2 2
left_child=4 2 -2 -3 6 -6 -1
right_child=1 3 -4 -5 5 -7 -8
leaf_value=0.0012293394674704741 -0.00047187105326961133 0.00032406520703692591 7.5506194451619498e-05 -0.00061827274950919668 0.00059401188869602408 -0.00028387353736871699 0.00055070715635215724
leaf_weight=60 660 568 570 98 50 129 139
leaf_count=60 660 568 570 98 50 129 139
internal_value=5.58322e-07 -7.70807e-05 -0.000218498 0.000183967 0.000388342 -3.48001e-05 0.000765516
internal_weight=2274 1896 1230 666 378 179 199
internal_count=2274 1896 1230 666 378 179 199
is_linear=0
shrinkage=0.04


Tree=40
num_leaves=5
num_cat=0
split_feature=36 106 97 42
split_gain=0.0438091 0.0446618 0.0439076 0.0308626
threshold=-1.3227733232418362 0.97361042641495243 0.72286296046578435 0.63636941796399127
decision_type=2 2 2 2
left_child=-1 2 -2 -3
right_child=1 3 -4 -5
leaf_value=0.00095790085382759578 8.5732750662813036e-05 -0.00087292054444309576 -0.00055181088494697672 0.00030661097180316265
leaf_weight=72 1816 152 189 45
leaf_count=72 1816 152 189 45
internal_value=5.85183e-07 -3.15575e-05 2.51451e-05 -0.000603111
internal_weight=2274 2202 2005 197
internal_count=2274 2202 2005 197
is_linear=0
shrinkage=0.04


Tree=41
num_leaves=8
num_cat=0
split_feature=34 106 71 70 66 84 41
split_gain=0.0417096 0.0484443 0.0541287 0.0273912 0.0175283 0.0168973 0.0118035
threshold=0.96011221221797849 -0.8776924715503549 2.030770907297696 -0.21749461299052372 -0.25110233083728933 -1.2082734376164266 0.62345186858398705
decision_type=2 2 2 2 2 2 2
left_child=1 5 -3 4 -2 -1 -5
right_child=3 2 -4 6 -6 -7 -8
leaf_value=-0.00013660737645945379 -0.00051661603310901045 -7.2012603097217499e-05 0.00078383034152917452 0.00030387334309385288 -0.0016440799115442258 0.00076216907763241421 -0.00048632544604708638
leaf_weight=40 51 1712 125 54 41 187 64
leaf_count=40 51 1712 125 54 41 187 64
internal_value=5.59156e-07 5.53869e-05 -1.2987e-05 -0.000533758 -0.00104336 0.000603984 -0.000125671
internal_weight=2274 2064 1837 210 92 227 118
internal_count=2274 2064 1837 210 92 227 118
is_linear=0
shrinkage=0.04


Tree=42
num_leaves=7
num_cat=0
split_feature=73 106 31 36 10 75
split_gain=0.0410221 0.0451953 0.0404132 0.0202062 0.0138493 0.00562567
threshold=-0.55827033976490992 -0.75516107283603329 0.97072416546706752 0.28670193352751194 -0.49519011302288579 0.32212443361472481
decision_type=2 2 2 2 2 2
left_child=4 3 -3 -2 -1 -6
right_child=1 2 -4 -5 5 -7
leaf_value=-5.1941425521291939e-05 0.0007736066259722116 3.1943876110198985e-05 -0.00062984498688393499 9.0513533650664612e-05 -0.0010944241331890226 -0.00047712247832627639
leaf_weight=49 177 1664 160 114 66 44
leaf_count=49 177 1664 160 114 66 44
internal_value=5.0144e-07 4.73117e-05 -2.67341e-05 0.000508448 -0.000615015 -0.000860433
internal_weight=2274 2115 1824 291 159 110
internal_count=2274 2115 1824 291 159 110
is_linear=0
shrinkage=0.04


Tree=43
num_leaves=8
num_cat=0
split_feature=72 65 25 4 101 57 76
split_gain=0.0388026 0.0469964 0.0558597 0.0413425 0.0181087 0.025108 0.0180325
threshold=0.33574536235866476 -0.58107370154739568 0.7018326449320379 0.41415086870698065 0.07240843485746544 0.060191180133987068 -0.17731459396024851
decision_type=2 2 2 2 2 2 2
left_child=1 2 -1 -3 5 -2 -6
right_child=4 3 -4 -5 6 -7 -8
leaf_value=0.00065269390925259518 -0.00021516916516829161 -7.9616055549903522e-05 -0.00066687451776311691 -0.00059732846898190512 3.5386241573141892e-05 0.00048379004627577163 0.00062603883178974319
leaf_weight=220 228 925 65 335 123 126 252
leaf_count=220 228 925 65 335 123 126 252
internal_value=4.33673e-07 -0.000113049 0.00034919 -0.00021799 0.000240593 3.49332e-05 0.00043352
internal_weight=2274 1545 285 1260 729 354 375
internal_count=2274 1545 285 1260 729 354 375
is_linear=0
shrinkage=0.04


Tree=44
num_leaves=5
num_cat=0
split_feature=36 106 97 42
split_gain=0.0391331 0.0394913 0.0394063 0.0291931
threshold=-1.3227733232418362 0.97361042641495243 0.72286296046578435 0.63636941796399127
decision_type=2 2 2 2
left_child=-1 2 -2 -3
right_child=1 3 -4 -5
leaf_value=0.00090520930485925755 8.076417894481143e-05 -0.00082988301859019536 -0.00052321632921754218 0.00031677043289590154
leaf_weight=72 1816 152 189 45
leaf_count=72 1816 152 189 45
internal_value=4.24724e-07 -2.99541e-05 2.33657e-05 -0.000567406
internal_weight=2274 2202 2005 197
internal_count=2274 2202 2005 197
is_linear=0
shrinkage=0.04


Tree=45
num_leaves=6
num_cat=0
split_feature=71 36 97 72 93
split_gain=0.0378456 0.0422231 0.0500866 0.0445413 0.0203985
threshold=2.9103728409820779 0.33932569797696932 0.72286296046578435 0.14275663103150935 0.36833273865566701
decision_type=2 2 2 2 2
left_child=1 2 -1 -3 -2
right_child=4 3 -4 -5 -6
leaf_value=0.00016608357929367632 0.00016941934771415209 -0.00056974245085355299 -0.00051020468548309097 0.00011989916646292751 0.0012234625252263653
leaf_weight=1321 60 397 200 239 57
leaf_count=1321 60 397 200 239 57
internal_value=4.05966e-07 -3.78714e-05 7.66036e-05 -0.000311021 0.00069486
internal_weight=2274 2157 1521 636 117
internal_count=2274 2157 1521 636 117
is_linear=0
shrinkage=0.04


Tree=46
num_leaves=7
num_cat=0
split_feature=73 106 71 33 71 37
split_gain=0.0366193 0.03955 0.0370258 0.0175967 0.0108435 0.0128209
threshold=-0.55827033976490992 -0.82977503603957448 2.3274694070944233 1.0288688932880026 0.047517924675696911 -0.39177150490984691
decision_type=2 2 2 2 2 2
left_child=4 3 -3 -2 5 -1
right_child=1 2 -4 -5 -6 -7
leaf_value=0.00023848339418649163 0.00068114878029716989 -6.9365061682592936e-05 0.00060694957941138581 -0.00015814316782566227 -0.00093861276375104647 -0.00071584677187881132
leaf_weight=41 200 1728 138 49 72 46
leaf_count=41 200 1728 138 49 72 46
internal_value=4.10779e-07 4.46378e-05 -1.87519e-05 0.000516043 -0.000581138 -0.000270852
internal_weight=2274 2115 1866 249 159 87
internal_count=2274 2115 1866 249 159 87
is_linear=0
shrinkage=0.04


Tree=47
num_leaves=6
num_cat=0
split_feature=36 37 101 28 105
split_gain=0.0355566 0.0382547 0.0397319 0.0146585 0.00685062
threshold=-1.2625397417042514 -1.0854548498426213 0.35954525322402608 -0.72472733134514489 0.20491572416396311
decision_type=2 2 2 2 2
left_child=4 3 -3 -2 -1
right_child=1 2 -4 -5 -6
leaf_value=0.0011539135589486078 0.001197907176077822 -0.0002020136963048441 0.0001641779089533426 0.00028452978967430278 0.00043155138401254172
leaf_weight=40 47 1334 733 70 50
leaf_count=40 47 1334 733 70 50
internal_value=3.81855e-07 -3.20384e-05 -7.21216e-05 0.000665408 0.000770707
internal_weight=2274 2184 2067 117 90
internal_count=2274 2184 2067 117 90
is_linear=0
shrinkage=0.04


Tree=48
num_leaves=8
num_cat=0
split_feature=34 65 53 28 70 106 41
split_gain=0.0342686 0.0429197 0.0397685 0.0279237 0.0242997 0.0162263 0.0108337
threshold=0.96011221221797849 -0.90302972241289736 0.91666666666666685 0.33383382093714015 -0.21749461299052372 -0.45799914403552444 0.62345186858398705
decision_type=2 2 2 2 2 2 2
left_child=1 3 -3 -1 5 -2 -6
right_child=4 2 -4 -5 6 -7 -8
leaf_value=0.0013102776360819522 -0.00034646826874746314 5.1928868367330945e-05 -0.00071165299402341123 2.0268732888243076e-06 0.00031124892777630259 -0.0014282462995538912 -0.00044559848149109516
leaf_weight=67 41 1841 114 42 54 51 64
leaf_count=67 41 1841 114 42 54 51 64
internal_value=4.73088e-07 5.01701e-05 6.72108e-06 0.0008153 -0.000483843 -0.000963779 -9.98297e-05
internal_weight=2274 2064 1955 109 210 92 118
internal_count=2274 2064 1955 109 210 92 118
is_linear=0
shrinkage=0.04


Tree=49
num_leaves=6
num_cat=0
split_feature=36 97 64 9 105
split_gain=0.0332451 0.037442 0.0453181 0.0378926 0.00767229
threshold=-1.1952853155223924 0.72286296046578435 -0.17035343085759524 -0.23570350688988037 0.050427297914387624
decision_type=2 2 2 2 2
left_child=4 2 -2 -3 -1
right_child=1 3 -4 -5 -6
leaf_value=0.001001101108648899 0.00025496285926136704 0.00013561020988413225 -0.00013922283943500102 -0.00090879533467782441 0.00034004163131061372
leaf_weight=53 790 89 1134 144 64
leaf_count=53 790 89 1134 144 64
internal_value=4.09999e-07 -3.54656e-05 2.27276e-05 -0.0005121 0.000651288
internal_weight=2274 2157 1924 233 117
internal_count=2274 2157 1924 233 117
is_linear=0
shrinkage=0.04


Tree=50
num_leaves=7
num_cat=0
split_feature=73 106 71 30 10 75
split_gain=0.0331183 0.0340187 0.0333724 0.0170727 0.0123224 0.00518072
threshold=-0.55827033976490992 -0.82977503603957448 2.3274694070944233 -0.031269481360371054 -0.50712210384513534 0.32212443361472481
decision_type=2 2 2 2 2 2
left_child=4 3 -3 -2 -1 -6
right_child=1 2 -4 -5 5 -7
leaf_value=-1.507313980255276e-05 0.00099118498556718623 -6.4366697423588051e-05 0.00057771428554717987 0.00026285519331268313 -0.0010016462829746846 -0.00041536094557554666
leaf_weight=48 72 1728 138 177 67 44
leaf_count=48 72 1728 138 177 67 44
internal_value=4.17631e-07 4.24773e-05 -1.63139e-05 0.000479676 -0.000552633 -0.00078071
internal_weight=2274 2115 1866 249 159 111
internal_count=2274 2115 1866 249 159 111
is_linear=0
shrinkage=0.04


Tree=51
num_leaves=7
num_cat=0
split_feature=31 64 28 91 40 94
split_gain=0.0320855 0.0387797 0.0544843 0.0385795 0.0195828 0.00971641
threshold=0.97072416546706752 -0.17035343085759524 -0.42652004731805099 0.6409975967107302 1.4640248953321859 0.0048924780990259684
decision_type=2 2 2 2 2 2
left_child=1 3 -3 -1 5 -2
right_child=4 2 -4 -5 -6 -7
leaf_value=0.00036091184561715751 -0.00061647462552291861 -0.00054651218063363389 5.8110751433559925e-05 -0.00058303665756036271 -0.0012245700068564879 2.7021868372685276e-05
leaf_weight=705 67 312 990 75 43 82
leaf_count=705 67 312 990 75 43 82
internal_value=4.12711e-07 4.62149e-05 -8.73918e-05 0.000268889 -0.000491611 -0.000266668
internal_weight=2274 2082 1302 780 192 149
internal_count=2274 2082 1302 780 192 149
is_linear=0
shrinkage=0.04


Tree=52
num_leaves=6
num_cat=0
split_feature=37 101 53 65 28
split_gain=0.0313824 0.0369328 0.0562381 0.0525334 0.00813459
threshold=-1.1433962949802772 0.16919247019288872 0.91666666666666685 1.0796728414465186 -0.62457533883072591
decision_type=2 2 2 2 2
left_child=4 3 -3 -2 -1
right_child=1 2 -4 -5 -6
leaf_value=0.0011491302922259758 -7.7996982768148209e-05 0.00029589465182272844 -0.00049557620720006522 -0.00088450533616654323 0.00033292306312692485
leaf_weight=41 1073 802 173 145 40
leaf_count=41 1073 802 173 145 40
internal_value=3.07467e-07 -2.85629e-05 0.000154732 -0.000175302 0.0007638
internal_weight=2274 2193 975 1218 81
internal_count=2274 2193 975 1218 81
is_linear=0
shrinkage=0.04


Tree=53
num_leaves=6
num_cat=0
split_feature=71 72 71 28 47
split_gain=0.0310625 0.0398872 0.0361152 0.0339099 0.0119405
threshold=-0.89628530987101929 0.33574536235866476 3.3158253162610589 -0.36830543757332551 -0.065745249665529054
decision_type=2 2 2 2 2
left_child=4 2 -2 -3 -1
right_child=1 3 -4 -5 -6
leaf_value=0.00097751282221313724 -0.00019128087091091077 -0.00030918675088967968 0.00093649064656347041 0.00035183324125650844 0.00010970308033879413
leaf_weight=67 1395 157 45 569 41
leaf_count=67 1395 157 45 569 41
internal_value=3.0641e-07 -3.29651e-05 -0.000154788 0.000208429 0.000656051
internal_weight=2274 2166 1440 726 108
internal_count=2274 2166 1440 726 108
is_linear=0
shrinkage=0.04


Tree=54
num_leaves=7
num_cat=0
split_feature=106 77 37 10 71 48
split_gain=0.0304311 0.0404324 0.0316698 0.0477739 0.0298267 0.0118989
threshold=0.97361042641495243 1.0715066036890868 0.063700945715104859 1.0332630560023057 -0.89628530987101929 0.53835327879773354
decision_type=2 2 2 2 2 2
left_child=1 4 -2 -4 -1 -3
right_child=2 5 3 -5 -6 -7
leaf_value=0.0006305997320450843 -0.001346679605467587 0.00082220876221220172 0.00020014784284285271 -0.0013552628036233641 -4.8238893864253734e-05 0.00013135442128557652
leaf_weight=108 47 127 126 40 1767 59
leaf_count=108 47 127 126 40 1767 59
internal_value=3.60063e-07 4.75564e-05 -0.000452509 -0.000186322 -8.50753e-06 0.000606795
internal_weight=2274 2061 213 166 1875 186
internal_count=2274 2061 213 166 1875 186
is_linear=0
shrinkage=0.04


Tree=55
num_leaves=8
num_cat=0
split_feature=34 65 53 28 70 66 41
split_gain=0.0301077 0.0372604 0.0337634 0.0248953 0.021995 0.0136373 0.00997574
threshold=0.96011221221797849 -0.90302972241289736 0.91666666666666685 0.33383382093714015 -0.26452971850799833 -0.2449398949463171 0.62345186858398705
decision_type=2 2 2 2 2 2 2
left_child=1 3 -3 -1 5 -2 -6
right_child=4 2 -4 -5 6 -7 -8
leaf_value=0.0012271648144477681 -0.00044766423313001937 4.8065400557857562e-05 -0.00065550759667530655 -7.65412200549194e-06 0.00029987571345243072 -0.0014575325045734645 -0.00041912447155007855
leaf_weight=67 49 1841 114 42 54 40 67
leaf_count=67 49 1841 114 42 54 40 67
internal_value=3.11711e-07 4.68941e-05 6.41066e-06 0.000759798 -0.00045365 -0.000923596 -9.85898e-05
internal_weight=2274 2064 1955 109 210 89 121
internal_count=2274 2064 1955 109 210 89 121
is_linear=0
shrinkage=0.04


Tree=56
num_leaves=5
num_cat=0
split_feature=36 106 77 42
split_gain=0.0299356 0.0308715 0.0349139 0.0271616
threshold=-1.3227733232418362 0.97361042641495243 1.0715066036890868 0.65279086505317285
decision_type=2 2 2 2
left_child=-1 2 -2 -3
right_child=1 3 -4 -5
leaf_value=0.00079159656989488854 -3.151035768258324e-05 -0.00074408649078386421 0.00055235027048749748 0.00038683891635049475
leaf_weight=72 1827 155 178 42
leaf_count=72 1827 155 178 42
internal_value=2.49598e-07 -2.63204e-05 2.08224e-05 -0.000501511
internal_weight=2274 2202 2005 197
internal_count=2274 2202 2005 197
is_linear=0
shrinkage=0.04


Tree=57
num_leaves=7
num_cat=0
split_feature=73 31 64 28 46 82
split_gain=0.0285635 0.0326922 0.0335822 0.017579 0.01146 0.00834694
threshold=-0.55827033976490992 1.0129244025432231 -0.23196520128058515 1.2122089040282484 -0.61829106691508295 -0.42349275284811622
decision_type=2 2 2 2 2 2
left_child=4 2 -2 -3 -1 -6
right_child=1 3 -4 -5 5 -7
leaf_value=4.2783232871443036e-06 0.00031270669379566989 -0.000243954544325863 -3.5733132801718425e-05 -0.0011770611002834307 -0.00038160150358453396 -0.0010902836094187065
leaf_weight=48 675 120 1277 43 58 53
leaf_count=48 675 120 1277 43 58 53
internal_value=2.73189e-07 3.93338e-05 8.49538e-05 -0.000501395 -0.00051334 -0.000733289
internal_weight=2274 2115 1952 163 159 111
internal_count=2274 2115 1952 163 159 111
is_linear=0
shrinkage=0.04


Tree=58
num_leaves=5
num_cat=0
split_feature=36 37 101 28
split_gain=0.027579 0.0287629 0.0323608 0.013784
threshold=-1.3227733232418362 -1.0854548498426213 0.35954525322402608 -0.72472733134514489
decision_type=2 2 2 2
left_child=-1 3 -3 -2
right_child=1 2 -4 -5
leaf_value=0.00075973068014718599 0.0010951981718214799 -0.00017635304137456507 0.00015283723944889356 0.00021255399438410274
leaf_weight=72 47 1347 738 70
leaf_count=72 47 1347 738 70
internal_value=1.70463e-07 -2.53322e-05 -5.97991e-05 0.000579568
internal_weight=2274 2202 2085 117
internal_count=2274 2202 2085 117
is_linear=0
shrinkage=0.04


Tree=59
num_leaves=8
num_cat=0
split_feature=105 11 61 67 9 3 47
split_gain=0.0273939 0.0306205 0.0302433 0.0401546 0.0383432 0.0117137 0.0114236
threshold=-0.76897809341459122 0.16367069992941838 0.16761288495134577 -0.956271445271628 -0.25177996328612617 -0.38099197364219634 -0.35322998059750987
decision_type=2 2 2 2 2 2 2
left_child=1 5 4 -4 -2 -1 -3
right_child=2 6 3 -5 -6 -7 -8
leaf_value=0.0010840197499055648 9.266628355049703e-05 0.00043547891382563939 -0.00097332185035214783 0.00023960242387312413 -0.00036219272044102829 0.00042567673607998971 -0.00029802404238077682
leaf_weight=62 495 45 45 621 735 150 121
leaf_count=62 495 45 45 621 735 150 121
internal_value=2.35488e-07 0.000310239 -6.18307e-05 0.000154979 -0.000179286 0.000626543 -9.63658e-05
internal_weight=2274 378 1896 666 1230 212 166
internal_count=2274 378 1896 666 1230 212 166
is_linear=0
shrinkage=0.04


Tree=60
num_leaves=7
num_cat=0
split_feature=78 40 37 42 79 105
split_gain=0.0263796 0.0679051 0.0258845 0.0184327 0.0199975 0.00503673
threshold=1.2097448990438779 1.8391259090114673 -1.1433962949802772 -0.39312304088213623 0.40664630869247148 0.50973678597367633
decision_type=2 2 2 2 2 2
left_child=1 2 -1 5 -5 -2
right_child=3 -3 -4 4 -6 -7
leaf_value=0.00067650582909696956 0.0008420171919782867 -0.0014276100543793291 -4.5783094278082959e-05 0.00069577872757300996 -0.00021170253124762708 0.00030590757307515521
leaf_weight=81 95 54 1821 54 125 44
leaf_count=81 95 54 1821 54 125 44
internal_value=2.48701e-07 -5.47798e-05 -1.43449e-05 0.000336953 6.67259e-05 0.00067906
internal_weight=2274 1956 1902 318 179 139
internal_count=2274 1956 1902 318 179 139
is_linear=0
shrinkage=0.04


Tree=61
num_leaves=7
num_cat=0
split_feature=36 40 10 97 34 73
split_gain=0.0256293 0.0368456 0.0518612 0.0299413 0.0609353 0.0329299
threshold=0.33932569797696932 1.4640248953321859 0.33578261957820849 0.72286296046578435 -0.30220047149324986 -0.5645101215131898
decision_type=2 2 2 2 2 2
left_child=3 2 -2 5 -5 -1
right_child=1 -3 -4 4 -6 -7
leaf_value=-0.00058601280234837807 -0.00036228275666655766 -0.001272696023612904 0.00041440418279298642 0.00032366741103552547 -0.00099444098961097203 0.00021006051294327383
leaf_weight=87 444 46 197 110 111 1279
leaf_count=87 444 46 197 110 111 1279
internal_value=2.68106e-07 -0.000203485 -0.000123035 8.86163e-05 -0.00034135 0.000158576
internal_weight=2274 687 641 1587 221 1366
internal_count=2274 687 641 1587 221 1366
is_linear=0
shrinkage=0.04


Tree=62
num_leaves=8
num_cat=0
split_feature=6 97 106 37 40 89 89
split_gain=0.0248919 0.0331181 0.0330643 0.0289605 0.0296771 0.0114306 0.0108661
threshold=0.14301918398107999 0.72286296046578435 0.97361042641495243 -0.97614194850119651 -0.89899606017297529 -0.42196730466910193 0.12009735901665514
decision_type=2 2 2 2 2 2 2
left_child=3 2 -2 6 -5 -3 -1
right_child=1 5 -4 4 -6 -7 -8
leaf_value=0.00030008369994479731 -4.5927926691116388e-06 -0.00040418342581251634 -0.00093696496449410913 -0.00097209038878899329 9.7386540271929766e-05 -0.0013020575743090982 0.0011979786554351449
leaf_weight=41 781 48 64 41 1205 46 48
leaf_count=41 781 48 64 41 1205 46 48
internal_value=1.77689e-07 -0.000157432 -7.7256e-05 0.000111106 6.06936e-05 -0.000861541 0.000800028
internal_weight=2274 939 845 1335 1246 94 89
internal_count=2274 939 845 1335 1246 94 89
is_linear=0
shrinkage=0.04


Tree=63
num_leaves=6
num_cat=0
split_feature=71 36 97 72 93
split_gain=0.0246003 0.0284633 0.0330386 0.0329053 0.0174036
threshold=2.9103728409820779 0.33932569797696932 0.72286296046578435 0.14275663103150935 0.36833273865566701
decision_type=2 2 2 2 2
left_child=1 2 -1 -3 -2
right_child=4 3 -4 -5 -6
leaf_value=0.0001359002032012412 7.7614220701375855e-05 -0.00047741501363937313 -0.00041336592034111718 0.00011526764794861458 0.0010479193687502105
leaf_weight=1321 60 397 200 239 57
leaf_count=1321 60 397 200 239 57
internal_value=9.94245e-08 -3.0761e-05 6.32279e-05 -0.00025503 0.000559994
internal_weight=2274 2157 1521 636 117
internal_count=2274 2157 1521 636 117
is_linear=0
shrinkage=0.04


Tree=64
num_leaves=6
num_cat=0
split_feature=36 40 102 64 105
split_gain=0.023869 0.0270473 0.0659925 0.0286709 0.00480773
threshold=-1.2625397417042514 1.8391259090114673 -0.6987862145213467 -0.17035343085759524 0.34667010156683509
decision_type=2 2 2 2 2
left_child=4 3 -3 -2 -1
right_child=1 2 -4 -5 -6
leaf_value=0.00093786553918934342 0.00018453442713129543 0.00038175285640271736 -0.0017474846320940144 -0.00011743525401561711 0.00033619921207427982
leaf_weight=42 835 45 45 1259 48
leaf_count=42 835 45 45 1259 48
internal_value=1.12527e-07 -2.64501e-05 -0.000697711 3.03886e-06 0.000631261
internal_weight=2274 2184 90 2094 90
internal_count=2274 2184 90 2094 90
is_linear=0
shrinkage=0.04


Tree=65
num_leaves=7
num_cat=0
split_feature=73 31 64 108 10 101
split_gain=0.0235796 0.0264686 0.0280789 0.0135319 0.0108287 0.0034688
threshold=-0.55827033976490992 1.0129244025432231 -0.23196520128058515 -0.66236637046162983 -0.50712210384513534 -0.11637919013734628
decision_type=2 2 2 2 2 2
left_child=4 2 -2 -3 -1 -6
right_child=1 3 -4 -5 5 -7
leaf_value=3.5344013525173073e-05 0.00028490254603463202 0.00013510508787263422 -3.3709014018366233e-05 -0.00067297059262940221 -0.00092043887190003371 -0.00044554526020665884
leaf_weight=48 675 45 1277 118 52 59
leaf_count=48 675 45 1277 118 52 59
internal_value=1.07163e-07 3.55969e-05 7.66454e-05 -0.000450949 -0.000466551 -0.000680371
internal_weight=2274 2115 1952 163 159 111
internal_count=2274 2115 1952 163 159 111
is_linear=0
shrinkage=0.04


Tree=66
num_leaves=6
num_cat=0
split_feature=71 36 53 28 93
split_gain=0.0228265 0.0251733 0.0397475 0.0322792 0.0159312
threshold=2.9103728409820779 0.33932569797696932 -0.74999999999999989 -0.72472733134514489 0.36833273865566701
decision_type=2 2 2 2 2
left_child=1 3 -3 -1 -2
right_child=4 2 -4 -5 -6
leaf_value=0.0006827476633556157 7.7728487198211013e-05 0.00061331644533323007 -0.00035652160262252696 4.3620570389028172e-06 0.0010062154179825685
leaf_weight=120 60 75 561 1401 57
leaf_count=120 60 75 561 1401 57
internal_value=4.60285e-08 -2.96809e-05 -0.00024059 5.87099e-05 0.000539377
internal_weight=2274 2157 636 1521 117
internal_count=2274 2157 636 1521 117
is_linear=0
shrinkage=0.04


Tree=67
num_leaves=7
num_cat=0
split_feature=105 11 67 61 1 10
split_gain=0.0225896 0.0269715 0.0268793 0.03784 0.0139951 0.0109045
threshold=-0.76897809341459122 0.16367069992941838 -0.96573914685649387 0.18907821085886636 0.85737663473094805 0.12707428348938324
decision_type=2 2 2 2 2 2
left_child=1 4 -2 -4 -1 -3
right_child=2 5 3 -5 -6 -7
leaf_value=0.00073365318600286406 -0.0010333938225680454 0.00022562422143805418 -0.0001561211365535275 0.0002316543559496433 -9.1837297437623856e-05 -0.00041550308669007624
leaf_weight=172 42 82 1266 588 40 84
leaf_count=172 42 82 1266 588 40 84
internal_value=1.15465e-07 0.000281625 -5.6246e-05 -3.30202e-05 0.000578498 -9.98859e-05
internal_weight=2274 378 1896 1854 212 166
internal_count=2274 378 1896 1854 212 166
is_linear=0
shrinkage=0.04


Tree=68
num_leaves=7
num_cat=0
split_feature=36 97 29 64 105 13
split_gain=0.0220493 0.0251515 0.0274627 0.0273022 0.00709338 0.00346081
threshold=-1.1744245548213244 0.72286296046578435 -0.30138042907864826 -0.17035343085759524 -0.28807272782452159 0.68459034602641988
decision_type=2 2 2 2 2 2
left_child=4 3 -3 -2 -1 -6
right_child=1 2 -4 -5 5 -7
leaf_value=0.00093951468824386784 0.00019790418052112335 9.5906043662784664e-05 -0.00078326078287964396 -0.00010861666220466558 0.0005388560612272057 3.5275442027745566e-05
leaf_weight=40 788 96 136 1128 43 43
leaf_count=40 788 96 136 1128 43 43
internal_value=9.30638e-08 -3.02715e-05 -0.000421757 1.75221e-05 0.000510121 0.00029359
internal_weight=2274 2148 232 1916 126 86
internal_count=2274 2148 232 1916 126 86
is_linear=0
shrinkage=0.04


Tree=69
num_leaves=7
num_cat=0
split_feature=6 106 91 105 42 60
split_gain=0.0217358 0.0337011 0.0274973 0.0180294 0.0197195 0.0125296
threshold=-0.36345980311625842 1.2064178339888745 0.6184360269763165 0.05929362104029403 0.52005538391703332 0.4029917167234458
decision_type=2 2 2 2 2 2
left_child=3 2 -2 5 -5 -1
right_child=1 -3 -4 4 -6 -7
leaf_value=0.00028698777298177781 1.6901264130164561e-05 -0.001022441446942956 -0.00050537295235857451 -0.00011127995895593298 0.00068488333599063859 0.00095401395103809504
leaf_weight=271 1306 57 182 349 56 53
leaf_count=271 1306 57 182 349 56 53
internal_value=1.21521e-07 -8.48131e-05 -4.75717e-05 0.000179866 1.63137e-06 0.000401284
internal_weight=2274 1545 1488 729 405 324
internal_count=2274 1545 1488 729 405 324
is_linear=0
shrinkage=0.04


Tree=70
num_leaves=7
num_cat=0
split_feature=78 40 103 42 77 61
split_gain=0.0215294 0.0549105 0.0235716 0.0165561 0.0156733 0.00442807
threshold=1.2097448990438779 1.8391259090114673 -0.5813085660631877 -0.39312304088213623 0.76417439097456763 -0.94473841427987326
decision_type=2 2 2 2 2 2
left_child=1 2 -1 5 -5 -2
right_child=3 -3 -4 4 -6 -7
leaf_value=-0.00030471706627011172 0.0007969907724047797 -0.0012840924716355012 5.4669427755078877e-05 -0.00032034005388951575 0.00042010159038229859 0.00030950161688871541
leaf_weight=358 89 54 1544 90 89 50
leaf_count=358 89 54 1544 90 89 50
internal_value=1.27336e-07 -4.95855e-05 -1.32244e-05 0.000304307 4.83865e-05 0.000628512
internal_weight=2274 1956 1902 318 179 139
internal_count=2274 1956 1902 318 179 139
is_linear=0
shrinkage=0.04


Tree=71
num_leaves=6
num_cat=0
split_feature=71 101 103 53 45
split_gain=0.0207845 0.0303092 0.0415017 0.0347249 0.0109903
threshold=-0.89628530987101929 0.04160881446273236 -0.23855876672020435 0.91666666666666685 0.13385682044324801
decision_type=2 2 2 2 2
left_child=4 2 -2 -3 -1
right_child=1 3 -4 -5 -6
leaf_value=0.00085683768245464536 -0.00056086078787638224 0.00022853775578839737 -1.8037253212893223e-05 -0.00037010003241061412 3.5726372876928915e-05
leaf_weight=65 315 885 780 186 43
leaf_count=65 315 885 780 186 43
internal_value=1.10717e-07 -2.71051e-05 -0.00017493 0.000124077 0.000536507
internal_weight=2274 2166 1095 1071 108
internal_count=2274 2166 1095 1071 108
is_linear=0
shrinkage=0.04


Tree=72
num_leaves=7
num_cat=0
split_feature=3 106 91 77 37 45
split_gain=0.021015 0.0280845 0.0261168 0.0243276 0.0234624 0.00503431
threshold=0.011488635634999899 1.2064178339888745 0.6409975967107302 1.0284843424729546 -0.92751906286652552 -0.039708290479045928
decision_type=2 2 2 2 2 2
left_child=3 2 -2 4 -1 -5
right_child=1 -3 -4 5 -6 -7
leaf_value=0.00075712659578030443 -8.9660815296275064e-06 -0.0011024805485374397 -0.00061157223188482938 0.00037178421875328892 1.4068834786473345e-05 0.0009930088615618404
leaf_weight=71 947 43 129 40 992 52
leaf_count=71 947 43 129 40 992 52
internal_value=1.12338e-07 -0.000123315 -8.22122e-05 0.000119699 6.50279e-05 0.000736568
internal_weight=2274 1119 1076 1155 1063 92
internal_count=2274 1119 1076 1155 1063 92
is_linear=0
shrinkage=0.04


Tree=73
num_leaves=5
num_cat=0
split_feature=36 40 102 70
split_gain=0.020203 0.0208519 0.0552533 0.0228522
threshold=-1.3227733232418362 1.8391259090114673 -0.6987862145213467 -1.0137912497241117
decision_type=2 2 2 2
left_child=-1 3 -3 -2
right_child=1 2 -4 -5
leaf_value=0.00065022359312688182 0.00036635343197012989 0.00032664037898239956 -0.001562645873721825 -4.3105556032422852e-05
leaf_weight=72 245 50 46 1861
leaf_count=72 245 50 46 1861
internal_value=1.2236e-07 -2.17051e-05 -0.000592058 4.83095e-06
internal_weight=2274 2202 96 2106
internal_count=2274 2202 96 2106
is_linear=0
shrinkage=0.04


Tree=74
num_leaves=6
num_cat=0
split_feature=6 106 10 53 101
split_gain=0.019874 0.0284644 0.0257069 0.0160508 0.0279191
threshold=-0.36345980311625842 1.2064178339888745 2.0233792338068999 0.91666666666666685 0.69123959585497696
decision_type=2 2 2 2 2
left_child=3 2 -2 4 -1
right_child=1 -3 -4 -5 -6
leaf_value=0.0001367809242840546 -8.3098998512785621e-05 -0.00094281945543332128 0.00071302920575630295 -0.00045046308455744483 0.00096120782334961608
leaf_weight=598 1422 57 66 59 72
leaf_count=598 1422 57 66 59 72
internal_value=1.08238e-07 -8.11075e-05 -4.68772e-05 0.000171983 0.000227973
internal_weight=2274 1545 1488 729 670
internal_count=2274 1545 1488 729 670
is_linear=0
shrinkage=0.04


Tree=75
num_leaves=7
num_cat=0
split_feature=73 83 108 10 28 56
split_gain=0.019521 0.0224354 0.0253707 0.0100485 0.00599014 0.00397659
threshold=-0.55827033976490992 1.3044136273850822 0.89164109847346718 -0.043003154270888626 0.48827976606586437 -0.13849024564657211
decision_type=2 2 2 2 2 2
left_child=3 2 -2 5 -3 -1
right_child=1 4 -4 -5 -6 -7
leaf_value=8.1005521615053411e-05 5.0403181886342012e-05 0.00079630689437383106 -0.00040671937962793189 -0.0008091556135668025 0.00020442850438744892 -0.00042639267398044469
leaf_weight=51 1782 70 216 63 47 45
leaf_count=51 1782 70 216 63 47 45
internal_value=1.15671e-07 3.2407e-05 6.27226e-07 -0.000424486 0.000565976 -0.000160685
internal_weight=2274 2115 1998 159 117 96
internal_count=2274 2115 1998 159 117 96
is_linear=0
shrinkage=0.04


Tree=76
num_leaves=7
num_cat=0
split_feature=34 101 71 53 53 46
split_gain=0.0193141 0.0232765 0.0365769 0.0286977 0.0169106 0.0256178
threshold=0.96011221221797849 0.35954525322402608 -0.3989989809502586 0.91666666666666685 -0.58333333333333315 -0.41025416672875231
decision_type=2 2 2 2 2 2
left_child=1 2 -1 -3 -2 -6
right_child=4 3 -4 -5 5 -7
leaf_value=0.0002426313867778684 0.00022585968173847629 0.00036166334370792532 -0.00019617147976348765 -0.00028754628638152279 -5.0691702501633423e-05 -0.0010776043056685012
leaf_weight=445 56 536 948 135 76 78
leaf_count=445 56 536 948 135 76 78
internal_value=9.31134e-08 3.74029e-05 -5.58471e-05 0.000230581 -0.000363502 -0.000577963
internal_weight=2274 2064 1393 671 210 154
internal_count=2274 2064 1393 671 210 154
is_linear=0
shrinkage=0.04


Tree=77
num_leaves=6
num_cat=0
split_feature=37 101 65 53 40
split_gain=0.0189626 0.0229396 0.0412326 0.0358078 0.00798386
threshold=-1.1433962949802772 0.16919247019288872 1.0796728414465186 0.91666666666666685 -0.76717436885704327
decision_type=2 2 2 2 2
left_child=4 2 -2 -3 -1
right_child=1 3 -4 -5 -6
leaf_value=0.00018626792143846234 -5.1855136988532921e-05 0.00023471892425732223 -0.0007663152437062371 -0.00039682810811292644 0.00098225947236642254
leaf_weight=41 1073 802 145 173 40
leaf_count=41 1073 802 145 173 40
internal_value=6.19075e-08 -2.23797e-05 -0.000138027 0.000122077 0.000593547
internal_weight=2274 2193 1218 975 81
internal_count=2274 2193 1218 975 81
is_linear=0
shrinkage=0.04


Tree=78
num_leaves=7
num_cat=0
split_feature=36 40 102 65 105 13
split_gain=0.0188874 0.0205894 0.0557418 0.0249152 0.00567386 0.00320547
threshold=-1.1744245548213244 1.8391259090114673 -0.70441382431175359 1.0796728414465186 -0.28807272782452159 0.68459034602641988
decision_type=2 2 2 2 2 2
left_child=4 3 -3 -2 -1 -6
right_child=1 2 -4 -5 5 -7
leaf_value=0.00085649657551021803 5.1152601990117444e-05 0.00036839566333219406 -0.0016544294047580901 -0.00036028934598023396 0.00051395528168520996 2.9540574074619349e-05
leaf_weight=40 1795 43 41 269 43 43
leaf_count=40 1795 43 41 269 43 43
internal_value=6.60471e-08 -2.80371e-05 -0.00063445 -2.76727e-06 0.000472111 0.000277924
internal_weight=2274 2148 84 2064 126 86
internal_count=2274 2148 84 2064 126 86
is_linear=0
shrinkage=0.04


Tree=79
num_leaves=8
num_cat=0
split_feature=2 97 64 71 77 45 13
split_gain=0.0186221 0.0255135 0.0233534 0.0148118 0.0129257 0.0113622 0.0106805
threshold=-0.45580722288233383 0.72286296046578435 -0.099813264124848908 0.90416629121211167 0.59080870665032259 0.13385682044324801 1.3877880418437123
decision_type=2 2 2 2 2 2 2
left_child=3 2 -2 6 -3 -5 -1
right_child=1 4 -4 5 -6 -7 -8
leaf_value=0.00016867555703424701 0.00014786996587194993 -0.0002922337866148841 -0.00016709635046666222 0.0011265016959011765 -0.0010734762086604651 0.00018399860981541376 -0.00043003938448580225
leaf_weight=479 709 104 799 42 50 40 51
leaf_count=479 709 104 799 42 50 40 51
internal_value=5.65451e-08 -6.94148e-05 -1.90123e-05 0.00018833 -0.000556395 0.000682072 0.000109663
internal_weight=2274 1662 1508 612 154 82 530
internal_count=2274 1662 1508 612 154 82 530
is_linear=0
shrinkage=0.04


Tree=80
num_leaves=8
num_cat=0
split_feature=72 36 65 28 103 85 41
split_gain=0.018598 0.0291384 0.0305421 0.0281505 0.0341346 0.0223475 0.018971
threshold=0.30971500683099024 0.5419051811723653 -0.58107370154739568 -0.36830543757332551 0.21518482882637821 0.2481856658033085 -0.82257821971103884
decision_type=2 2 2 2 2 2 2
left_child=1 2 -1 4 -2 -3 -5
right_child=3 5 -4 6 -6 -7 -8
leaf_value=0.00046969136738664828 0.00015626046695734513 -0.00026172413625102274 -7.8905915657800753e-05 -0.00018424954820819712 -0.00099684225885960298 -0.0011375488592475131 0.00039670679374839745
leaf_weight=192 105 268 994 109 65 55 486
leaf_count=192 105 268 994 109 65 55 486
internal_value=4.24805e-08 -8.13871e-05 1.0547e-05 0.00016046 -0.000291096 -0.000416941 0.000290019
internal_weight=2274 1509 1186 765 170 323 595
internal_count=2274 1509 1186 765 170 323 595
is_linear=0
shrinkage=0.04


Tree=81
num_leaves=8
num_cat=0
split_feature=6 37 28 28 70 97 89
split_gain=0.0183342 0.022182 0.0278488 0.0220805 0.0275745 0.023803 0.00943962
threshold=0.14301918398107999 -0.97614194850119651 -0.40735635547408483 0.69263420953433374 0.22883276213644155 0.72286296046578435 0.12009735901665514
decision_type=2 2 2 2 2 2 2
left_child=1 6 -3 5 -5 -2 -1
right_child=3 2 -4 4 -6 -7 -8
leaf_value=0.00023503163287979224 4.2633211059942442e-05 -0.00027362400235216239 0.00016081260745894719 -0.00082078041526277069 0.00018301600189163134 -0.00070452683121211045 0.0010684372222982347
leaf_weight=41 665 314 932 137 63 74 48
leaf_count=41 665 314 932 137 63 74 48
internal_value=-1.67456e-08 9.51848e-05 5.10687e-05 -0.000135282 -0.000505903 -3.38835e-05 0.000698112
internal_weight=2274 1335 1246 939 200 739 89
internal_count=2274 1335 1246 939 200 739 89
is_linear=0
shrinkage=0.04


Tree=82
num_leaves=7
num_cat=0
split_feature=73 1 97 42 10 75
split_gain=0.0175496 0.019272 0.0254573 0.0141215 0.00957738 0.00479293
threshold=-0.55827033976490992 -0.4600668003985004 0.72286296046578435 0.2255166231999465 -0.50712210384513534 0.32212443361472481
decision_type=2 2 2 2 2 2
left_child=4 3 -3 -2 -1 -6
right_child=1 2 -4 -5 5 -7
leaf_value=6.8059312016703185e-05 0.00010548499252000625 1.3059841584114094e-05 -0.00052376883737683582 0.00055568980374877722 -0.00081372066110816375 -0.00026253538547873334
leaf_weight=48 389 1416 155 155 67 44
leaf_count=48 389 1416 155 155 67 44
internal_value=-1.99071e-08 3.05976e-05 -4.0504e-05 0.000235326 -0.000402611 -0.000603746
internal_weight=2274 2115 1571 544 159 111
internal_count=2274 2115 1571 544 159 111
is_linear=0
shrinkage=0.04


Tree=83
num_leaves=5
num_cat=0
split_feature=71 72 65 0
split_gain=0.0184264 0.0217223 0.0348517 0.0166127
threshold=3.3231807553575572 0.17048447516954016 -0.58107370154739568 -1.3862542279691401
decision_type=2 2 2 2
left_child=1 2 -1 -3
right_child=-2 3 -4 -5
leaf_value=0.00028067384038720172 0.00078374804393883707 0.00077363468822068925 -0.0002224376072955149 8.9336090347411654e-05
leaf_weight=276 45 59 1062 832
leaf_count=276 45 59 1062 832
internal_value=-4.92588e-08 -1.65613e-05 -0.000118393 0.00013628
internal_weight=2274 2229 1338 891
internal_count=2274 2229 1338 891
is_linear=0
shrinkage=0.04


Tree=84
num_leaves=4
num_cat=0
split_feature=36 67 61
split_gain=0.0170145 0.0178853 0.0227213
threshold=-1.3227733232418362 -0.956271445271628 0.18907821085886636
decision_type=2 2 2
left_child=-1 -2 -3
right_child=1 2 -4
leaf_value=0.00059661105143006998 -0.00067367720145445611 -8.9047298602918775e-05 0.00019068387693476114
leaf_weight=72 63 1460 679
leaf_count=72 63 1460 679
internal_value=1.26403e-08 -2.00184e-05 -1.54802e-07
internal_weight=2274 2202 2139
internal_count=2274 2202 2139
is_linear=0
shrinkage=0.04


Tree=85
num_leaves=7
num_cat=0
split_feature=71 37 65 39 28 30
split_gain=0.0171484 0.0200651 0.0210972 0.0137142 0.0115847 0.0114933
threshold=2.030770907297696 -1.0854548498426213 1.0796728414465186 1.633018073333518 -0.72472733134514489 0.032744223742936805
decision_type=2 2 2 2 2 2
left_child=1 4 -3 5 -1 -2
right_child=3 2 -4 -5 -6 -7
leaf_value=0.00096395115695021888 0.00065725058394794659 -1.3195639069186428e-05 -0.00040971117809281816 0.00085584194442602781 0.0001445654468794524 -0.00015707973718768122
leaf_weight=45 40 1737 243 60 69 80
leaf_count=45 40 1737 243 60 69 80
internal_value=1.29977e-08 -3.23266e-05 -6.22232e-05 0.000372452 0.00047905 0.000120688
internal_weight=2274 2094 1980 180 114 120
internal_count=2274 2094 1980 180 114 120
is_linear=0
shrinkage=0.04


Tree=86
num_leaves=7
num_cat=0
split_feature=36 65 30 47 10 41
split_gain=0.0167875 0.0233586 0.0202224 0.020031 0.0174966 0.00978052
threshold=1.0346697455851117 -0.90302972241289736 0.069993833181821882 0.44758363426108189 -0.076509603394267295 0.5839057528813999
decision_type=2 2 2 2 2 2
left_child=1 3 -3 -1 -2 -6
right_child=4 2 -4 -5 5 -7
leaf_value=0.0010026163811193661 -0.0008989332534659367 0.00010381650385868525 -0.00015542726176822049 9.5407108288312772e-06 0.00025445286755712007 -0.00053127256271961543
leaf_weight=69 63 1160 820 60 62 40
leaf_count=69 63 1160 820 60 62 40
internal_value=8.42398e-08 3.06257e-05 -3.59558e-06 0.000547918 -0.000385983 -5.7966e-05
internal_weight=2274 2109 1980 129 165 102
internal_count=2274 2109 1980 129 165 102
is_linear=0
shrinkage=0.04


Tree=87
num_leaves=7
num_cat=0
split_feature=105 11 67 61 1 76
split_gain=0.015958 0.0224214 0.0212604 0.0247651 0.0121004 0.00978158
threshold=-0.76897809341459122 0.16367069992941838 -0.96573914685649387 0.16761288495134577 0.85737663473094805 -0.17330486422431216
decision_type=2 2 2 2 2 2
left_child=1 4 -2 -4 -1 -3
right_child=2 5 3 -5 -6 -7
leaf_value=0.0006517038298349281 -0.00091632967518473225 -0.00044736151991712272 -0.00013109194552323762 0.00017751756952234801 -0.00011465863133448042 0.00016337733195580362
leaf_weight=172 42 74 1227 627 40 92
leaf_count=172 42 74 1227 627 40 92
internal_value=7.33049e-08 0.000236681 -4.72982e-05 -2.66452e-05 0.000507387 -0.000110964
internal_weight=2274 378 1896 1854 212 166
internal_count=2274 378 1896 1854 212 166
is_linear=0
shrinkage=0.04


Tree=88
num_leaves=6
num_cat=0
split_feature=71 28 33 72 45
split_gain=0.0165565 0.0209885 0.0460517 0.0328518 0.0102934
threshold=-0.89628530987101929 -0.36070829868215531 0.24646160621844113 0.14275663103150935 0.13385682044324801
decision_type=2 2 2 2 2
left_child=4 2 -2 -3 -1
right_child=1 3 -4 -5 -6
leaf_value=0.00078877450648083623 1.474331964729423e-05 -0.00011401612010909667 -0.00074255091079052484 0.00025221007949426799 -4.0214170391360918e-06
leaf_weight=65 401 864 187 714 43
leaf_count=65 401 864 187 714 43
internal_value=4.8691e-08 -2.42417e-05 -0.000227798 5.18003e-05 0.00047879
internal_weight=2274 2166 588 1578 108
internal_count=2274 2166 588 1578 108
is_linear=0
shrinkage=0.04


Tree=89
num_leaves=6
num_cat=0
split_feature=46 24 46 101 58
split_gain=0.0154242 0.0220805 0.026843 0.021367 0.0125727
threshold=4.0408061384379605 0.72591316774484127 -0.43757800603175051 0.35954525322402608 -0.0066327876899444664
decision_type=2 2 2 2 2
left_child=1 3 -3 -1 -2
right_child=4 2 -4 -5 -6
leaf_value=-5.8217511338172666e-05 5.0999753122382306e-05 8.826771305698977e-05 -0.00062809075178051315 0.00023603911670376011 0.00097399108010627654
leaf_weight=1273 49 147 191 570 44
leaf_count=1273 49 147 191 570 44
internal_value=5.36024e-08 -2.16594e-05 -0.000317852 3.29469e-05 0.000498996
internal_weight=2274 2181 338 1843 93
internal_count=2274 2181 338 1843 93
is_linear=0
shrinkage=0.04


Tree=90
num_leaves=6
num_cat=0
split_feature=71 101 103 53 11
split_gain=0.0154398 0.0203645 0.0324996 0.0235545 0.00974222
threshold=-0.89628530987101929 0.04160881446273236 -0.23855876672020435 0.91666666666666685 -0.076241354859944807
decision_type=2 2 2 2 2
left_child=4 2 -2 -3 -1
right_child=1 3 -4 -5 -6
leaf_value=9.5817146751777093e-05 -0.00048606998335617101 0.00018657770768625164 -5.7406561775788036e-06 -0.00030645585046744253 0.00085301130663006095
leaf_weight=57 315 885 780 186 51
leaf_count=57 315 885 780 186 51
internal_value=7.47627e-08 -2.33822e-05 -0.000144552 0.000100541 0.000462389
internal_weight=2274 2166 1095 1071 108
internal_count=2274 2166 1095 1071 108
is_linear=0
shrinkage=0.04


Tree=91
num_leaves=7
num_cat=0
split_feature=3 40 10 37 37 82
split_gain=0.015409 0.021638 0.0199521 0.0194263 0.0266301 0.00522731
threshold=0.011488635634999899 1.8391259090114673 2.0233792338068999 -0.92751906286652552 0.1868427192672496 0.12907305429644611
decision_type=2 2 2 2 2 2
left_child=3 2 -2 5 -5 -1
right_child=1 -3 -4 4 -6 -7
leaf_value=0.0010123354539142125 -0.0001069367884928288 -0.00094579705601914772 0.00070375895803319473 -0.00012123385643727461 0.00027858834273449055 0.00034652203308983836
leaf_weight=40 1025 45 49 596 479 40
leaf_count=40 1025 45 49 596 479 40
internal_value=8.36224e-08 -0.000105606 -6.87104e-05 0.000102485 5.7106e-05 0.000696
internal_weight=2274 1119 1074 1155 1075 80
internal_count=2274 1119 1074 1155 1075 80
is_linear=0
shrinkage=0.04


Tree=92
num_leaves=5
num_cat=0
split_feature=38 13 101 65
split_gain=0.0155927 0.0231513 0.0355728 0.0227512
threshold=2.8309081251173622 1.6158433413295823 0.22678556748657294 1.0796728414465186
decision_type=2 2 2 2
left_child=1 3 -3 -1
right_child=-2 2 -4 -5
leaf_value=3.4914969518366785e-05 -0.00076345854000897998 -0.00012433872911355432 0.0011256266980470247 -0.00033934553227099015
leaf_weight=1789 40 72 71 302
leaf_count=1789 40 72 71 302
internal_value=1.21306e-07 1.44639e-05 0.000503239 -1.94115e-05
internal_weight=2274 2234 143 2091
internal_count=2274 2234 143 2091
is_linear=0
shrinkage=0.04


Tree=93
num_leaves=6
num_cat=0
split_feature=37 28 71 72 40
split_gain=0.0150284 0.0215299 0.0470254 0.0217404 0.00762181
threshold=-1.1433962949802772 -0.47219050572225196 -0.14809803574869015 0.10257582568229161 -0.76717436885704327
decision_type=2 2 2 2 2
left_child=4 2 -2 -3 -1
right_child=1 3 -4 -5 -6
leaf_value=0.00013340183170945492 0.00012350779254875028 -8.4852151666879624e-05 -0.00071026138428969361 0.00019725742243335045 0.00090775695296802699
leaf_weight=41 227 969 204 793 40
leaf_count=41 227 969 204 793 40
internal_value=1.14113e-07 -1.98644e-05 -0.000272588 4.21929e-05 0.000528459
internal_weight=2274 2193 431 1762 81
internal_count=2274 2193 431 1762 81
is_linear=0
shrinkage=0.04


Tree=94
num_leaves=8
num_cat=0
split_feature=6 40 71 64 28 85 14
split_gain=0.0149625 0.0204063 0.0287354 0.0182155 0.0203517 0.0141816 0.0116375
threshold=0.14301918398107999 0.3687085379874207 2.3274694070944233 0.093897413940428429 -0.51971828060879499 -0.40618805224124849 -0.66992363514795894
decision_type=2 2 2 2 2 2 2
left_child=3 5 -3 6 -5 -2 -1
right_child=1 2 -4 4 -6 -7 -8
leaf_value=-0.00011593751003965736 -0.00020396334223707008 -0.00059487349745454955 0.00031875254591189636 -0.00052187857514803828 4.4550274305102509e-05 0.00017700401181938841 0.0003225032252096706
leaf_weight=118 278 239 70 121 579 352 517
leaf_count=118 278 239 70 121 579 352 517
internal_value=1.29469e-07 -0.000122067 -0.000387184 8.61326e-05 -5.45689e-05 8.78115e-06 0.000240921
internal_weight=2274 939 309 1335 700 630 635
internal_count=2274 939 309 1335 700 630 635
is_linear=0
shrinkage=0.04


Tree=95
num_leaves=5
num_cat=0
split_feature=36 46 65 65
split_gain=0.0146891 0.0159674 0.0362967 0.0271371
threshold=-1.3227733232418362 1.0000000180025095e-35 1.0796728414465186 -0.69884592155664149
decision_type=2 2 2 2
left_child=-1 3 -3 -2
right_child=1 2 -4 -5
leaf_value=0.00055443686039448163 0.00057894483174107246 -3.5821287026742429e-05 -0.00070979149359265794 8.6108105998274705e-06
leaf_weight=72 153 941 146 962
leaf_count=72 153 941 146 962
internal_value=1.04123e-07 -1.85079e-05 -0.000127483 8.77684e-05
internal_weight=2274 2202 1087 1115
internal_count=2274 2202 1087 1115
is_linear=0
shrinkage=0.04


Tree=96
num_leaves=4
num_cat=0
split_feature=10 10 29
split_gain=0.0144135 0.02206 0.0193637
threshold=2.8223532582096351 2.0233792338068999 0.10283115496242438
decision_type=2 2 2
left_child=1 2 -1
right_child=-2 -3 -4
leaf_value=9.6702586835459292e-05 -0.00073402604498412638 0.00074582928231393454 -0.00014409231911102272
leaf_weight=1231 40 62 941
leaf_count=1231 40 62 941
internal_value=1.1389e-07 1.39035e-05 -7.65629e-06
internal_weight=2274 2234 2172
internal_count=2274 2234 2172
is_linear=0
shrinkage=0.04


Tree=97
num_leaves=5
num_cat=0
split_feature=78 106 42 67
split_gain=0.014335 0.0186312 0.0259996 0.0239319
threshold=2.3823794353511674 0.45790843004862619 0.99460758873579513 -0.956271445271628
decision_type=2 2 2 2
left_child=1 3 -3 -1
right_child=-2 2 -4 -5
leaf_value=-0.00071965648702556088 0.00057214484115213375 -0.0002898451214153114 0.00072293225702279337 8.157088180504937e-05
leaf_weight=60 66 531 42 1575
leaf_count=60 66 531 42 1575
internal_value=1.08083e-07 -1.74931e-05 -0.000213354 5.13247e-05
internal_weight=2274 2208 573 1635
internal_count=2274 2208 573 1635
is_linear=0
shrinkage=0.04


Tree=98
num_leaves=7
num_cat=0
split_feature=34 106 71 53 46 73
split_gain=0.0141457 0.0170248 0.0189227 0.0134898 0.0216592 0.0106632
threshold=0.96011221221797849 -0.8776924715503549 2.030770907297696 -0.58333333333333315 -0.41025416672875231 -0.21846520318154974
decision_type=2 2 2 2 2 2
left_child=1 5 -3 -2 -5 -1
right_child=3 2 -4 4 -6 -7
leaf_value=-9.7834481543207909e-05 0.00021500482079412402 -4.3384337267448083e-05 0.00046264138784168809 -1.8584850027437849e-05 -0.0009620409378258047 0.00051999513368630648
leaf_weight=60 56 1712 125 76 78 167
leaf_count=60 56 1712 125 76 78 167
internal_value=1.16664e-07 3.20465e-05 -8.48575e-06 -0.00031105 -0.000502647 0.000357264
internal_weight=2274 2064 1837 210 154 227
internal_count=2274 2064 1837 210 154 227
is_linear=0
shrinkage=0.04


Tree=99
num_leaves=6
num_cat=0
split_feature=46 24 40 106 58
split_gain=0.0138019 0.0195538 0.02414 0.018504 0.0112201
threshold=4.0408061384379605 0.72591316774484127 0.7469490276152404 1.0516489672076663 -0.0066327876899444664
decision_type=2 2 2 2 2
left_child=1 3 -3 -1 -2
right_child=4 2 -4 -5 -6
leaf_value=6.6907337782707297e-05 4.8845950562584521e-05 -0.00011888592835824871 -0.00093294033654965462 -0.00041463025791623902 0.00092080932586332382
leaf_weight=1707 49 265 73 136 44
leaf_count=1707 49 265 73 136 44
internal_value=1.14661e-07 -2.04248e-05 -0.000299156 3.09624e-05 0.000472088
internal_weight=2274 2181 338 1843 93
internal_count=2274 2181 338 1843 93
is_linear=0
shrinkage=0.04


Tree=100
num_leaves=7
num_cat=0
split_feature=6 106 45 105 56 90
split_gain=0.0137169 0.0205024 0.0184617 0.0113409 0.0113226 0.0110004
threshold=-0.36345980311625842 1.2064178339888745 -0.57943946920156997 0.05929362104029403 -0.44814299231639665 0.24552698159959643
decision_type=2 2 2 2 2 2
left_child=3 2 -2 4 -1 -5
right_child=1 -3 -4 5 -6 -7
leaf_value=0.00071297336840828846 0.00022525640980592364 -0.00079870526307909673 -0.00011340988053532933 -0.00018331444925391685 0.00017567288542485294 0.00023434196441892268
leaf_weight=84 329 57 1159 226 240 179
leaf_count=84 329 57 1159 226 240 179
internal_value=9.49644e-08 -6.73773e-05 -3.83282e-05 0.000142885 0.000318492 1.52384e-06
internal_weight=2274 1545 1488 729 324 405
internal_count=2274 1545 1488 729 324 405
is_linear=0
shrinkage=0.04


Tree=101
num_leaves=5
num_cat=0
split_feature=71 46 36 12
split_gain=0.0135953 0.0164446 0.0308119 0.0230599
threshold=3.3231807553575572 1.0000000180025095e-35 0.26031768741415801 1.1177995864179373
decision_type=2 2 2 2
left_child=1 3 -3 -1
right_child=-2 2 -4 -5
leaf_value=0.00014033875876640721 0.00067335396774727458 1.8521381011887376e-05 -0.00043891058199897775 -0.00058104143390090416
leaf_weight=1062 45 752 341 74
leaf_count=1062 45 752 341 74
internal_value=1.00052e-07 -1.40833e-05 -0.000124732 9.24089e-05
internal_weight=2274 2229 1093 1136
internal_count=2274 2229 1093 1136
is_linear=0
shrinkage=0.04


Tree=102
num_leaves=5
num_cat=0
split_feature=38 13 101 36
split_gain=0.013467 0.0199781 0.0316223 0.0181976
threshold=2.8309081251173622 1.6158433413295823 0.22678556748657294 1.0346697455851117
decision_type=2 2 2 2
left_child=1 3 -3 -1
right_child=-2 2 -4 -5
leaf_value=1.3995708636379528e-05 -0.00070953725925868461 -0.00012407199866641816 0.0010542943114287234 -0.00045196962162461006
leaf_weight=1949 40 72 71 142
leaf_count=1949 40 72 71 142
internal_value=8.94525e-08 1.34187e-05 0.000467463 -1.80497e-05
internal_weight=2274 2234 143 2091
internal_count=2274 2234 143 2091
is_linear=0
shrinkage=0.04


Tree=103
num_leaves=6
num_cat=0
split_feature=36 41 48 45 99
split_gain=0.0133147 0.0174071 0.0198767 0.0133821 0.00412404
threshold=-1.1744245548213244 -0.67265628373006592 -0.099551955692531155 0.76701246166261594 -0.14129282525093675
decision_type=2 2 2 2 2
left_child=4 3 -3 -2 -1
right_child=1 2 -4 -5 -6
leaf_value=0.00018662100762275547 -0.00043477477575231522 0.00021051842109803202 -6.8982616623304891e-05 0.00017405396027913268 0.00065118572326977489
leaf_weight=71 247 609 1218 74 55
leaf_count=71 247 609 1218 74 55
internal_value=7.82358e-08 -2.35176e-05 2.43127e-05 -0.000294213 0.000396413
internal_weight=2274 2148 1827 321 126
internal_count=2274 2148 1827 321 126
is_linear=0
shrinkage=0.04


Tree=104
num_leaves=6
num_cat=0
split_feature=71 28 71 72 45
split_gain=0.0131601 0.0177477 0.0406985 0.0245708 0.00935107
threshold=-0.89628530987101929 -0.36070829868215531 -0.14809803574869015 0.14275663103150935 0.13385682044324801
decision_type=2 2 2 2 2
left_child=4 2 -2 -3 -1
right_child=1 3 -4 -5 -6
leaf_value=0.0007223978231021606 0.00013525270265274701 -9.5039937953979821e-05 -0.00052888110102750844 0.00022168569688542524 -3.1983301974833013e-05
leaf_weight=65 284 864 304 714 43
leaf_count=65 284 864 304 714 43
internal_value=1.00367e-07 -2.15558e-05 -0.000208738 4.83686e-05 0.000426922
internal_weight=2274 2166 588 1578 108
internal_count=2274 2166 588 1578 108
is_linear=0
shrinkage=0.04


Tree=105
num_leaves=6
num_cat=0
split_feature=46 46 25 65 58
split_gain=0.012697 0.0181255 0.0359249 0.0236625 0.0105632
threshold=4.0408061384379605 1.0000000180025095e-35 0.55171107804259101 -0.69884592155664149 -0.31145254380243415
decision_type=2 2 2 2 2
left_child=1 3 -3 -1 -2
right_child=4 2 -4 -5 -6
leaf_value=0.00055020569861235634 -3.9850174857530791e-05 -2.9280647114151951e-05 -0.00063736734583385679 1.8436038135663672e-05 0.0008125391264276749
leaf_weight=153 40 856 188 984 53
leaf_count=153 40 856 188 984 53
internal_value=1.11235e-07 -1.9589e-05 -0.000139792 9.08339e-05 0.000452799
internal_weight=2274 2181 1044 1137 93
internal_count=2274 2181 1044 1137 93
is_linear=0
shrinkage=0.04


Tree=106
num_leaves=5
num_cat=0
split_feature=78 108 22 70
split_gain=0.0125506 0.0163385 0.02865 0.0147991
threshold=2.3823794353511674 0.89164109847346718 -0.85341922391574376 -1.1668252028094579
decision_type=2 2 2 2
left_child=1 3 -3 -1
right_child=-2 2 -4 -5
leaf_value=0.00039971810322879863 0.00053538031300858543 0.00050306474868532457 -0.00057492329621310816 -1.1000519042342331e-05
leaf_weight=150 66 49 176 1833
leaf_count=150 66 49 176 1833
internal_value=1.30499e-07 -1.63388e-05 -0.000337798 2.04389e-05
internal_weight=2274 2208 225 1983
internal_count=2274 2208 225 1983
is_linear=0
shrinkage=0.04


Tree=107
num_leaves=7
num_cat=0
split_feature=73 26 106 97 10 75
split_gain=0.0125985 0.0154335 0.016121 0.0132489 0.00815538 0.0040058
threshold=-0.55827033976490992 0.87792653170075308 0.35476883083751426 0.66549739659822171 -0.50712210384513534 0.32212443361472481
decision_type=2 2 2 2 2 2
left_child=4 2 -2 -3 -1 -6
right_child=1 3 -4 -5 5 -7
leaf_value=9.2304967762902383e-05 0.00014338131977749131 -0.00013872447084559757 -0.00010297789262722647 -0.00093737343485762335 -0.00071824961609757109 -0.00021628635703920104
leaf_weight=48 1276 164 635 40 67 44
leaf_count=48 1276 164 635 40 67 44
internal_value=1.55235e-07 2.60966e-05 6.14973e-05 -0.000302903 -0.000340951 -0.000526623
internal_weight=2274 2115 1911 204 159 111
internal_count=2274 2115 1911 204 159 111
is_linear=0
shrinkage=0.04


Tree=108
num_leaves=8
num_cat=0
split_feature=2 103 67 78 71 45 13
split_gain=0.0125003 0.0180941 0.0164938 0.0120922 0.00991438 0.010348 0.00968676
threshold=-0.45580722288233383 0.62997171279918129 -0.956271445271628 -0.24195610964872186 0.90416629121211167 0.13385682044324801 1.3877880418437123
decision_type=2 2 2 2 2 2 2
left_child=4 2 -2 -3 6 -6 -1
right_child=1 3 -4 -5 5 -7 -8
leaf_value=0.00014621888945771531 -0.00072372899692067327 -0.0010321418916767774 7.9509329086912483e-06 -0.00023176793197188716 0.00098180084415203464 8.8023708224119169e-05 -0.00042386047454234566
leaf_weight=479 49 43 1473 97 42 40 51
leaf_count=479 49 43 1473 97 42 40 51
internal_value=8.30186e-08 -5.68353e-05 -1.6524e-05 -0.000488672 0.000154337 0.000558288 8.9975e-05
internal_weight=2274 1662 1522 140 612 82 530
internal_count=2274 1662 1522 140 612 82 530
is_linear=0
shrinkage=0.04


Tree=109
num_leaves=6
num_cat=0
split_feature=37 28 71 72 28
split_gain=0.0122801 0.0179667 0.0378497 0.0224834 0.00751807
threshold=-1.1433962949802772 -0.36070829868215531 -0.14809803574869015 0.10257582568229161 -0.62457533883072591
decision_type=2 2 2 2 2
left_child=4 2 -2 -3 -1
right_child=1 3 -4 -5 -6
leaf_value=0.00084500725437930326 0.00012144419261614264 -8.619860612673549e-05 -0.00052156537453508154 0.00021350635903114542 7.8773621436474572e-05
leaf_weight=41 285 874 298 736 40
leaf_count=41 285 874 298 736 40
internal_value=3.79565e-08 -1.80216e-05 -0.000207889 5.09043e-05 0.000477636
internal_weight=2274 2193 583 1610 81
internal_count=2274 2193 583 1610 81
is_linear=0
shrinkage=0.04


Tree=110
num_leaves=4
num_cat=0
split_feature=38 10 30
split_gain=0.0123558 0.017876 0.0170783
threshold=2.8309081251173622 2.0233792338068999 0.062662113161604818
decision_type=2 2 2
left_child=1 2 -1
right_child=-2 -3 -4
leaf_value=9.8299562604395392e-05 -0.00067966171335207221 0.00067169704128900777 -0.00012631427121243723
leaf_weight=1158 40 62 1014
leaf_count=1158 40 62 1014
internal_value=5.93197e-08 1.28268e-05 -6.58133e-06
internal_weight=2274 2234 2172
internal_count=2274 2234 2172
is_linear=0
shrinkage=0.04


Tree=111
num_leaves=8
num_cat=0
split_feature=46 46 40 5 96 73 99
split_gain=0.0117969 0.0255486 0.0395475 0.0191597 0.0147274 0.0171282 0.00935252
threshold=1.1567893747598779 1.0000000180025095e-35 -0.90825640261143958 1.0927459910741821 0.015410646464270239 -0.13720740585567845 0.2419689088603573
decision_type=2 2 2 2 2 2 2
left_child=1 3 -3 -1 5 -2 -6
right_child=4 2 -4 -5 6 -7 -8
leaf_value=0.00013115889352303126 -6.7118186438724827e-05 -0.0012843093103797668 -0.00013388521203265327 -0.00051850625203373152 -0.0002994625158506729 0.00084838382218794151 0.0002919180413882714
leaf_weight=1061 50 49 779 76 90 91 78
leaf_count=1061 50 49 779 76 90 91 78
internal_value=5.56821e-08 -3.61392e-05 -0.000204897 8.68994e-05 0.000228979 0.00052734 -2.46889e-05
internal_weight=2274 1965 828 1137 309 141 168
internal_count=2274 1965 828 1137 309 141 168
is_linear=0
shrinkage=0.04


Tree=112
num_leaves=5
num_cat=0
split_feature=67 101 71 33
split_gain=0.0118324 0.0149349 0.0231946 0.0189308
threshold=-1.0019364439582719 0.35954525322402608 -0.27525763064621211 1.1506231284917219
decision_type=2 2 2 2
left_child=-1 2 -2 -3
right_child=1 3 -4 -5
leaf_value=-0.00060852741990238433 0.00014185817341980499 0.00023116043330668529 -0.00018194252402356948 -0.00043238992662949171
leaf_weight=48 570 654 927 75
leaf_count=48 570 654 927 75
internal_value=1.71877e-08 1.36739e-05 -5.86269e-05 0.000161898
internal_weight=2274 2226 1497 729
internal_count=2274 2226 1497 729
is_linear=0
shrinkage=0.04


Tree=113
num_leaves=5
num_cat=0
split_feature=36 41 48 45
split_gain=0.0118219 0.0164207 0.0185497 0.0132269
threshold=-1.3227733232418362 -0.67265628373006592 -0.10504508303765477 0.81410265864493858
decision_type=2 2 2 2
left_child=-1 3 -3 -2
right_child=1 2 -4 -5
leaf_value=0.00049728412889070005 -0.00040076234209075615 0.00020905755891064499 -5.8918972830984532e-05 0.00017538419516183372
leaf_weight=72 270 620 1230 82
leaf_count=72 270 620 1230 82
internal_value=-1.33708e-08 -1.67103e-05 3.10182e-05 -0.000266314
internal_weight=2274 2202 1850 352
internal_count=2274 2202 1850 352
is_linear=0
shrinkage=0.04


Tree=114
num_leaves=5
num_cat=0
split_feature=71 46 65 71
split_gain=0.0114531 0.0138053 0.0280961 0.0195158
threshold=3.3231807553575572 -0.12086475858396423 1.1935126593006153 0.8914427749439543
decision_type=2 2 2 2
left_child=1 3 -3 -1
right_child=-2 2 -4 -5
leaf_value=2.7958721089001785e-05 0.00061794069587275328 -2.3260634438206168e-05 -0.00056375326262266695 0.00054383763404228268
leaf_weight=819 45 1098 177 135
leaf_count=819 45 1098 177 135
internal_value=1.99767e-09 -1.3016e-05 -9.90591e-05 0.000101945
internal_weight=2274 2229 1275 954
internal_count=2274 2229 1275 954
is_linear=0
shrinkage=0.04


Tree=115
num_leaves=4
num_cat=0
split_feature=38 10 64
split_gain=0.0114914 0.0160456 0.0155412
threshold=2.8309081251173622 2.0233792338068999 -0.17635474132020337
decision_type=2 2 2
left_child=1 2 -1
right_child=-2 -3 -4
leaf_value=0.00012657257116597287 -0.00065548951843950258 0.00063656246271420974 -9.2213455540968912e-05
leaf_weight=855 40 62 1317
leaf_count=855 40 62 1317
internal_value=2.31035e-08 1.23359e-05 -6.05191e-06
internal_weight=2274 2234 2172
internal_count=2274 2234 2172
is_linear=0
shrinkage=0.04


Tree=116
num_leaves=8
num_cat=0
split_feature=1 8 108 64 97 10 34
split_gain=0.0113311 0.0144436 0.0172886 0.0162246 0.0135023 0.0132271 0.00584826
threshold=-0.065599729512468105 0.37969528916441642 -0.70140024510584487 0.093897413940428429 0.72286296046578435 -0.98960893075763878 0.1601628647837012
decision_type=2 2 2 2 2 2 2
left_child=1 3 -3 -1 5 -2 -6
right_child=4 2 -4 -5 6 -7 -8
leaf_value=0.00037732794655923578 0.00060800939895367865 -0.00086836062742319574 -1.1852663351361272e-05 9.7363852463499708e-06 -0.00075592138587239795 -7.0593224701716496e-05 -0.00013159245671150052
leaf_weight=367 46 43 233 401 62 1082 40
leaf_count=367 46 43 233 401 62 1082 40
internal_value=2.27219e-08 9.68415e-05 -0.000150581 0.000185919 -8.21789e-05 -4.18926e-05 -0.000518325
internal_weight=2274 1044 276 768 1230 1128 102
internal_count=2274 1044 276 768 1230 1128 102
is_linear=0
shrinkage=0.04


Tree=117
num_leaves=8
num_cat=0
split_feature=46 46 40 65 96 72 10
split_gain=0.0111344 0.0228656 0.0360827 0.0207519 0.0133396 0.00930976 0.00867329
threshold=1.1567893747598779 1.0000000180025095e-35 -0.90825640261143958 -0.69884592155664149 0.015410646464270239 0.11484891394448489 0.28608557349102842
decision_type=2 2 2 2 2 2 2
left_child=1 3 -3 -1 5 -2 -6
right_child=4 2 -4 -5 6 -7 -8
leaf_value=0.00051141914392581153 0.00020559282046451698 -0.0012258618454649753 -0.00012699454709489219 1.3437507438500146e-05 -0.00026862671729609296 0.00086092476633628111 0.00030418385018905005
leaf_weight=153 78 49 779 984 95 63 73
leaf_count=153 78 49 779 984 95 63 73
internal_value=-7.8265e-09 -3.51715e-05 -0.000194821 8.12286e-05 0.000222394 0.000506346 -1.90765e-05
internal_weight=2274 1965 828 1137 309 141 168
internal_count=2274 1965 828 1137 309 141 168
is_linear=0
shrinkage=0.04


Tree=118
num_leaves=7
num_cat=0
split_feature=73 26 64 79 38 46
split_gain=0.0112822 0.0129947 0.0173585 0.0126421 0.00725854 0.00496268
threshold=-0.55827033976490992 0.87792653170075308 -0.18975289609379425 0.3565082805817878 0.088294956246956116 -0.43757800603175051
decision_type=2 2 2 2 2 2
left_child=4 2 -2 -3 5 -1
right_child=1 3 -4 -5 -6 -7
leaf_value=0.00021005395652371755 0.00022363784254797559 -9.3950639872661821e-05 -3.0066797549432736e-05 -0.0008168323155349264 -0.00068114702019776252 -0.0003445313741926045
leaf_weight=42 655 154 1256 50 56 61
leaf_count=42 655 154 1256 50 56 61
internal_value=2.11834e-09 2.4551e-05 5.7034e-05 -0.000277338 -0.000322793 -0.000118696
internal_weight=2274 2115 1911 204 159 103
internal_count=2274 2115 1911 204 159 103
is_linear=0
shrinkage=0.04


Tree=119
num_leaves=5
num_cat=0
split_feature=36 41 3 45
split_gain=0.0110904 0.0143629 0.0151906 0.0123586
threshold=-1.3227733232418362 -0.67265628373006592 0.055253655353707722 0.81410265864493858
decision_type=2 2 2 2
left_child=-1 3 -3 -2
right_child=1 2 -4 -5
leaf_value=0.00048161470202250859 -0.00037964173231290151 0.00015094919832167594 -7.8582619689493148e-05 0.0001771637026519914
leaf_weight=72 270 862 988 82
leaf_count=72 270 862 988 82
internal_value=-5.18446e-08 -1.62239e-05 2.84143e-05 -0.000249663
internal_weight=2274 2202 1850 352
internal_count=2274 2202 1850 352
is_linear=0
shrinkage=0.04


end of trees

feature_importances:
Column_71=48
Column_106=38
Column_36=33
Column_28=29
Column_72=26
Column_101=26
Column_37=24
Column_65=23
Column_77=21
Column_10=20
Column_64=20
Column_40=19
Column_97=18
Column_46=17
Column_34=15
Column_73=15
Column_78=15
Column_53=14
Column_105=14
Column_31=12
Column_38=10
Column_45=10
Column_41=9
Column_42=9
Column_61=9
Column_70=9
Column_13=8
Column_108=8
Column_6=7
Column_67=7
Column_1=6
Column_25=6
Column_103=6
Column_3=5
Column_11=5
Column_26=5
Column_29=5
Column_47=5
Column_75=5
Column_89=5
Column_91=5
Column_2=4
Column_30=4
Column_33=4
Column_83=4
Column_85=4
Column_93=4
Column_4=3
Column_9=3
Column_12=3
Column_24=3
Column_48=3
Column_58=3
Column_66=3
Column_95=3
Column_102=3
Column_17=2
Column_56=2
Column_76=2
Column_79=2
Column_82=2
Column_84=2
Column_94=2
Column_96=2
Column_99=2
Column_109=2
Column_0=1
Column_5=1
Column_7=1
Column_8=1
Column_14=1
Column_15=1
Column_22=1
Column_32=1
Column_35=1
Column_39=1
Column_57=1
Column_59=1
Column_60=1
Column_88=1
Column_90=1

parameters:
[boosting: gbdt]
[objective: regression]
[metric: l2]
[tree_learner: serial]
[device_type: cpu]
[data_sample_strategy: bagging]
[data: ]
[valid: ]
[num_iterations: 120]
[learning_rate: 0.04]
[num_leaves: 15]
[num_threads: 2]
[seed: 42]
[deterministic: 1]
[force_col_wise: 1]
[force_row_wise: 0]
[histogram_pool_size: -1]
[max_depth: 3]
[min_data_in_leaf: 40]
[min_sum_hessian_in_leaf: 0.001]
[bagging_fraction: 0.85]
[pos_bagging_fraction: 1]
[neg_bagging_fraction: 1]
[bagging_freq: 0]
[bagging_seed: 400]
[bagging_by_query: 0]
[feature_fraction: 0.8]
[feature_fraction_bynode: 1]
[feature_fraction_seed: 30056]
[extra_trees: 0]
[extra_seed: 12879]
[early_stopping_round: 0]
[early_stopping_min_delta: 0]
[first_metric_only: 0]
[max_delta_step: 0]
[lambda_l1: 0]
[lambda_l2: 2]
[linear_lambda: 0]
[min_gain_to_split: 0]
[drop_rate: 0.1]
[max_drop: 50]
[skip_drop: 0.5]
[xgboost_dart_mode: 0]
[uniform_drop: 0]
[drop_seed: 17869]
[top_rate: 0.2]
[other_rate: 0.1]
[min_data_per_group: 100]
[max_cat_threshold: 32]
[cat_l2: 10]
[cat_smooth: 10]
[max_cat_to_onehot: 4]
[top_k: 20]
[monotone_constraints: ]
[monotone_constraints_method: basic]
[monotone_penalty: 0]
[feature_contri: ]
[forcedsplits_filename: ]
[refit_decay_rate: 0.9]
[cegb_tradeoff: 1]
[cegb_penalty_split: 0]
[cegb_penalty_feature_lazy: ]
[cegb_penalty_feature_coupled: ]
[path_smooth: 0]
[interaction_constraints: ]
[verbosity: -1]
[saved_feature_importance_type: 0]
[use_quantized_grad: 0]
[num_grad_quant_bins: 4]
[quant_train_renew_leaf: 0]
[stochastic_rounding: 1]
[linear_tree: 0]
[max_bin: 255]
[max_bin_by_feature: ]
[min_data_in_bin: 3]
[bin_construct_sample_cnt: 200000]
[data_random_seed: 175]
[is_enable_sparse: 1]
[enable_bundle: 1]
[use_missing: 1]
[zero_as_missing: 0]
[feature_pre_filter: 1]
[pre_partition: 0]
[two_round: 0]
[header: 0]
[label_column: ]
[weight_column: ]
[group_column: ]
[ignore_column: ]
[categorical_feature: ]
[forcedbins_filename: ]
[precise_float_parser: 0]
[parser_config_file: ]
[objective_seed: 16083]
[num_class: 1]
[is_unbalance: 0]
[scale_pos_weight: 1]
[sigmoid: 1]
[boost_from_average: 1]
[reg_sqrt: 0]
[alpha: 0.9]
[fair_c: 1]
[poisson_max_delta_step: 0.7]
[tweedie_variance_power: 1.5]
[lambdarank_truncation_level: 30]
[lambdarank_norm: 1]
[label_gain: ]
[lambdarank_position_bias_regularization: 0]
[eval_at: ]
[multi_error_top_k: 1]
[auc_mu_weights: ]
[num_machines: 1]
[local_listen_port: 12400]
[time_out: 120]
[machine_list_filename: ]
[machines: ]
[gpu_platform_id: -1]
[gpu_device_id: -1]
[gpu_device_id_list: ]
[gpu_use_dp: 0]
[num_gpu: 1]

end of parameters

pandas_categorical:null
