tree
version=v4
num_class=1
num_tree_per_iteration=1
label_index=0
max_feature_idx=118
objective=binary sigmoid:1
feature_names=Column_0 Column_1 Column_2 Column_3 Column_4 Column_5 Column_6 Column_7 Column_8 Column_9 Column_10 Column_11 Column_12 Column_13 Column_14 Column_15 Column_16 Column_17 Column_18 Column_19 Column_20 Column_21 Column_22 Column_23 Column_24 Column_25 Column_26 Column_27 Column_28 Column_29 Column_30 Column_31 Column_32 Column_33 Column_34 Column_35 Column_36 Column_37 Column_38 Column_39 Column_40 Column_41 Column_42 Column_43 Column_44 Column_45 Column_46 Column_47 Column_48 Column_49 Column_50 Column_51 Column_52 Column_53 Column_54 Column_55 Column_56 Column_57 Column_58 Column_59 Column_60 Column_61 Column_62 Column_63 Column_64 Column_65 Column_66 Column_67 Column_68 Column_69 Column_70 Column_71 Column_72 Column_73 Column_74 Column_75 Column_76 Column_77 Column_78 Column_79 Column_80 Column_81 Column_82 Column_83 Column_84 Column_85 Column_86 Column_87 Column_88 Column_89 Column_90 Column_91 Column_92 Column_93 Column_94 Column_95 Column_96 Column_97 Column_98 Column_99 Column_100 Column_101 Column_102 Column_103 Column_104 Column_105 Column_106 Column_107 Column_108 Column_109 Column_110 Column_111 Column_112 Column_113 Column_114 Column_115 Column_116 Column_117 Column_118
feature_infos=[-6.1494263252328025:6.6061960993655529] [-5.6522784346433577:5.4832838684511591] [-4.8559241605259214:4.1477959605288151] [-4.33888282187307:3.824279883304142] [-3.6414431646999081:2.1625018577196875] [-2.584660181685583:2.3755294842494035] [-4.2285280778511627:3.9729044606645747] [-1.3381510876261198:6.4766165432213398] [-1.6783332715664483:1.6290114926236889] [-3.5975055655820118:2.2047623296026582] [-1.4896162687556538:5.2197471217980853] [-2.4465927334399118:2.1345520030130363] [-2.5447284368719827:2.4509230795873793] [-1.4552411016693578:3.9207061093180591] [-2.8232168863287725:2.6238444139443988] [-1.578419311864117:1.6219208859723271] [-1.7641344462963811:1.7858000541608721] [-0.9555316294552727:0.77153972766360324] [-1.0014586054677583:0.78312327608897747] [-0.95553162945527259:0.77153972766360335] [-2.236022825448658:1.6628352523810395] [-4.0101948763906297:4.1136839338227524] [-3.2941972767850598:2.3034162605961641] [-2.330090478874141:2.610391676138732] [-2.1497203954504807:1.5849148362405623] [-2.1580666772069192:1.5776500705641745] [-3.3740672975345571:2.0325201033051816] [-1.78685205411133:1.4187506318541363] [-1.1740389847534209:3.6353595895542314] [-3.7029372328752115:4.2663329863372192] [-3.6928841446672904:4.4999448642381603] [-3.0645141778222365:3.2695631752433072] [-3.1876180100898388:3.4367669681823227] [-1.9650602119963321:2.0854736061815387] [-2.2048070207626553:2.2377199059736479] [-1.7870279372344176:1.7595132022350959] [-1.8118353004790653:1.8481789149766474] [-1.5818531459409828:3.8317327797649186] [-1.4717876624517972:4.9894452178114053] [-1.4482381781921132:3.8021014741433574] [-1.1766149869204305:3.1686055099290296] [-1.6677591782064429:1.4478383247540301] [-1.97860756207653:1.7379185936070511] [-1.8738137062410385:14.029786202998315] [-181.8676745335967:162.37016701151938] [-397.40505650234456:131.2649119205891] [-325.94020498646915:76.491907701529883] [-1.3726837840162185:2.8311544749495972] [-1.9442321499051451:1.9988497826964602] [-1.1939428390087008:9.0184297688006829] [-4.8797530978009371:4.443622956831601] [-8.9976670568740182:6.6833137351881202] [-1:1] [-0.83333333333333337:1] [0:1] [0:1] [-6.4047156225222386:3.3341970520779416] [-2.9921316023223743:2.2722183253291721] [-2.3188574790080199:2.1983317192307692] [-1.0641717865348141:3.109165003299446] [-2.2569775924697169:1.8436964290932365] [-2.6611769355386707:0.55844612798166771] [-4.5411529035394462:3.6757536127437742] [-3.2753891089851783:2.4642842810957788] [-2.9496960929589218:2.0704061731140517] [-3.0492585173359399:3.997020471703594] [-3.4013406933631081:2.2570305485626045] [-2.2920747121329543:1.5799927445346897] [-0.9478825388445028:2.1446192663460937] [-2.0436656999992779:1.2371074081227864] [-1.3740090300471668:0.35241732705539019] [-4.525540226857852:7.1421988438634587] [-4.1951379978685965:5.854363850293332] [-2.4360070041401345:4.2308794416620072] [-1.2789996049275307:4.8332299486974764] [-1.1995200493852389:7.9639652798064224] [-1.0859219244900009:2.3006975765388638] [-6.5367895696088674:6.7073473359072455] [-4.5902263932938059:3.5532217461542404] [-3.3362295653270166:3.669601970798464] [-1.2103947788856002:3.5448267214798435] [-1.7492582356046078:4.326002286467336] [-0.7841322370702436:2.0005146080155143] [-11.32703163466349:11.105335188711166] [-5.9612414146408881:5.2190346539849655] [-3.6529578367215239:4.0245515238104321] [-0.99303799465963494:3.0489392696515356] [-2.187787418289969:4.264994612816337] [-1.3394030597733593:0.73043373982817406] [-3.9510544801765133:2.9642181446572184] [-3.4899660730333029:3.060403858141302] [-2.5314097556064912:1.7177773326879078] [-1.2686046620856066:3.0527887643434344] [-1.9996997211690439:1.8290971815506269] [-1.4050804549025588:0.47400153606163398] [-5.2567068122514806:2.6350421120750878] [-3.9889467347548617:3.4026258704799917] [-1.8241257739893431:2.7355288883320719] [-1.4530535419961319:4.1432370169171557] [-1.6517628774159003:4.387061124633802] [-1.4710938262346245:1.1929356080011335] [-4.2531948684837353:2.4368701735741731] [-3.7612608519904582:3.4923494232901628] [-1.8974280614639452:2.5965043880301386] [-1.4643086829627063:3.9475622535160353] [-1.4986959863574343:3.8064190164794147] [-1.4486101005755379:1.1374218824344038] [-3.4200107359923004:3.7181960458765135] [-2.2298902782856893:2.6792187739290445] [-1.972366955776762:2.0491065850626997] [-1.4679832832005844:2.0686730800067834] [-1.4524841859704558:1.8967311786050898] [-2.1675284767264524:0.57906891098412872] [-3.0803370434432149:3.271570682463576] [-2.7824577473515886:3.58808894075865] [-1.6675850293785217:2.3805251008513824] [-0.86439570251993936:2.919768428348954] [-1.4130858841661282:2.285489754159626] [-1.3943396325113102:0.9957277852179961]
tree_sizes=971 997 784 988 889 990 785 891 891 885 890 889 890 895 887 785 996 892 885 895 891 995 797 782 897 891 889 1003 782 793 891 785 888 893 890 779 1002 890 898 787 898 893 893 896 1000 784 894 896 1001 785 780 785 898 681 999 893 895 897 786 893 786 894 780 894 888 894 892 682 999 888 996 680 899 890 784 894 676 782 890 992 787 888 685 789 892 681 684 785 783 790 891 890 891 894 996 684 685 891 685 990 787 796 789 894 686 900 794 896 997 1003 894 788 687 685 894 790 988 788 783 684

Tree=0
num_leaves=8
num_cat=0
split_feature=81 87 115 104 47 110 68
split_gain=105.896 81.4173 68.3771 32.1161 29.2222 22.9563 19.0895
threshold=0.37166829593417633 1.5659260195206344 0.37877865794292637 -0.17527683678599462 -0.61550742672704162 -0.17340852742724053 1.0914537272122842
decision_type=2 2 2 2 2 2 2
left_child=1 2 -1 4 -2 -5 -3
right_child=3 6 -4 5 -6 -7 -8
leaf_value=0.13084648282836059 0.096599315016742154 0.20340269030742228 0.091927982723278109 0.14223195676854894 0.15638187948863741 0.19366572531904644 0.13946184104965234
leaf_weight=233.65937872231007 13.934957623481749 21.648952022194862 103.01915100216866 18.662889674305916 72.660850465297699 58.228215783834457 11.197733804583548
leaf_count=939 56 87 414 75 292 234 45
internal_value=0.136533 0.124678 0.118745 0.163148 0.146077 0.181643 0.183024
internal_weight=533.012 369.525 336.679 163.487 86.5958 76.8911 32.8467
internal_count=2142 1485 1353 657 348 309 132
is_linear=0
shrinkage=1


Tree=1
num_leaves=8
num_cat=0
split_feature=81 36 115 104 47 80 110
split_gain=97.8131 61.4123 73.7725 29.9383 27.1299 22.5564 21.3918
threshold=0.37166829593417633 0.31618733206371347 0.37877865794292637 -0.17527683678599462 -0.61550742672704162 3.0638466882587507 -0.17340852742724053
decision_type=2 2 2 2 2 2 2
left_child=1 2 -1 4 -2 -3 -5
right_child=3 5 -4 6 -6 -7 -8
leaf_value=0.016385606686579516 -0.038456726101026177 -0.040663022703403801 -0.027804462834258477 0.0054951741719019825 0.019103797251684783 0.01807461894722949 0.055178716827692632
leaf_weight=158.49262887239456 13.96739077568054 105.83861254155636 94.965360045433044 18.65549124777317 72.555505037307739 10.455186098814009 57.954879909753799
leaf_count=637 56 425 381 75 292 42 234
internal_value=1.07625e-05 -0.0113684 -0.000259536 0.0256277 0.00915288 -0.035166 0.0435278
internal_weight=532.885 369.752 253.458 163.133 86.5229 116.294 76.6104
internal_count=2142 1485 1018 657 348 467 309
is_linear=0
shrinkage=0.04


Tree=2
num_leaves=6
num_cat=0
split_feature=87 115 36 4 68
split_gain=90.3904 99.4195 68.0076 21.7044 21.0613
threshold=1.5659260195206344 0.37877865794292637 0.31618733206371347 -0.81968390416366721 1.3550127031579529
decision_type=2 2 2 2 2
left_child=1 2 -1 -3 -2
right_child=4 3 -4 -5 -6
leaf_value=0.021367041206258649 0.062306651463891541 -0.0021654351860987686 -0.014812668472323969 -0.04124983097483656 0.0040535017901372934
leaf_weight=196.65248164534569 40.039022818207741 28.636123344302177 141.1200658082962 112.74180562794209 13.383361637592314
leaf_count=792 162 115 567 452 54
internal_value=1.28556e-05 -0.00555917 0.00625308 -0.0334739 0.048386
internal_weight=532.573 479.15 337.773 141.378 53.4224
internal_count=2142 1926 1359 567 216
is_linear=0
shrinkage=0.04


Tree=3
num_leaves=8
num_cat=0
split_feature=81 80 86 104 47 110 7
split_gain=89.638 56.258 60.08 26.8625 24.8053 19.2951 7.00313
threshold=0.37166829593417633 -0.90761894125226084 1.0127748002445067 -0.17527683678599462 -0.61550742672704162 -0.17340852742724053 -0.21478557565705711
decision_type=2 2 2 2 2 2 2
left_child=1 6 -3 4 -2 -5 -1
right_child=3 2 -4 5 -6 -7 -8
leaf_value=0.014514247491505141 -0.036492287795957576 -0.020959639007760468 0.032614254880227601 0.0055061255256170357 0.018525307073713936 0.052779657174355579 0.059586828971614623
leaf_weight=10.439431414008142 13.991400882601736 307.88743877410889 35.752692267298698 18.650384590029716 72.455463796854019 57.453072980046272 15.54707859456539
leaf_count=42 56 1236 144 75 292 234 63
internal_value=1.80367e-05 -0.010865 -0.0152293 0.0245965 0.0089969 0.0416322 0.0438112
internal_weight=532.177 369.627 343.64 162.55 86.4469 76.1035 25.9865
internal_count=2142 1485 1380 657 348 309 105
is_linear=0
shrinkage=0.04


Tree=4
num_leaves=7
num_cat=0
split_feature=81 87 75 115 110 24
split_gain=82.8186 68.6911 55.6225 25.8398 31.2178 18.744
threshold=0.37166829593417633 2.1242481308198014 -0.06866844215893074 0.3030980354153992 0.10014697881752969 1.0371026015568514
decision_type=2 2 2 2 2 2
left_child=1 2 -1 5 -5 -2
right_child=3 -3 -4 4 -6 -7
leaf_value=0.0012286557187101814 0.040932920228906523 0.055035110313635331 -0.030668851783878428 -0.022946148010155949 0.037455648835187601 -0.0081197791655351834
leaf_weight=173.19629263877869 94.988260999321938 22.094917848706245 174.41236509382725 32.823198184370995 20.560921311378479 13.61512143909931
leaf_count=696 386 90 699 132 84 55
internal_value=3.77649e-05 -0.0104089 -0.0148598 0.0237164 0.000830124 0.0347478
internal_weight=531.691 369.704 347.609 161.988 53.3841 108.603
internal_count=2142 1485 1395 657 216 441
is_linear=0
shrinkage=0.04


Tree=5
num_leaves=8
num_cat=0
split_feature=81 74 36 37 104 47 110
split_gain=76.6188 51.166 50.2582 39.8801 23.691 22.6238 18.6094
threshold=0.36101761315873215 -0.54794310719033157 0.25611228177271289 -0.7902167631639806 -0.17527683678599462 -0.61550742672704162 -0.17340852742724053
decision_type=2 2 2 2 2 2 2
left_child=1 2 -1 -3 5 -2 -6
right_child=4 3 -4 -5 6 -7 -8
leaf_value=0.052346897848906081 -0.03549457432645943 0.01554493334309151 -0.012639752538298434 -0.023941894503136725 0.0054313473535329837 0.017053928433348166 0.049976453534291809
leaf_weight=35.48314456641674 13.989092320203779 47.534245505928993 37.43266461789608 246.94878850877285 20.875593960285187 72.15701562166214 56.650730594992638
leaf_count=144 56 191 150 991 84 292 234
internal_value=4.86827e-05 -0.0100883 0.019538 -0.0175062 0.0226504 0.00790894 0.03842
internal_weight=531.071 367.399 72.9158 294.483 163.672 86.1461 77.5263
internal_count=2142 1476 294 1182 666 348 318
is_linear=0
shrinkage=0.04


Tree=6
num_leaves=6
num_cat=0
split_feature=87 115 36 4 68
split_gain=73.796 84.203 59.8587 19.0945 18.3479
threshold=1.5659260195206344 0.37877865794292637 0.31618733206371347 -0.81968390416366721 1.3550127031579529
decision_type=2 2 2 2 2
left_child=1 2 -1 -3 -2
right_child=4 3 -4 -5 -6
leaf_value=0.020188099528013443 0.057468610736450362 -0.0012798724744041738 -0.013800721359594696 -0.037912920118003422 0.0029449189897294988
leaf_weight=195.65105706453323 39.048684805631638 28.578308880329132 140.98278276622295 112.75193654000759 13.298105299472807
leaf_count=792 162 115 567 452 54
internal_value=5.87606e-05 -0.00494367 0.00595609 -0.0306266 0.0442356
internal_weight=530.311 477.964 336.634 141.33 52.3468
internal_count=2142 1926 1359 567 216
is_linear=0
shrinkage=0.04


Tree=7
num_leaves=7
num_cat=0
split_feature=81 87 75 115 61 104
split_gain=70.3213 59.6568 46.6464 24.6457 22.929 17.8685
threshold=0.36101761315873215 2.1242481308198014 -0.06866844215893074 0.3030980354153992 -0.78257954421283527 -0.060863342930335219
decision_type=2 2 2 2 2 2
left_child=1 2 -1 5 -5 -2
right_child=3 -3 -4 4 -6 -7
leaf_value=0.00097879499002452336 0.017958385631875712 0.051883066669596717 -0.028338877426593322 0.028497745246878554 -0.022029589571012462 0.051445946524118213
leaf_weight=172.19876775145531 62.826725274324417 21.688929602503777 172.88917016983032 23.31413821876049 31.237479105591774 45.353129297494888
leaf_count=693 255 90 693 96 126 189
internal_value=6.18883e-05 -0.00964432 -0.013788 0.02179 -0.000191191 0.0326767
internal_weight=529.508 366.777 345.088 162.731 54.5516 108.18
internal_count=2142 1476 1386 666 222 444
is_linear=0
shrinkage=0.04


Tree=8
num_leaves=7
num_cat=0
split_feature=86 81 80 79 115 12
split_gain=66.6795 52.1887 54.6082 26.3937 20.0673 4.25013
threshold=1.0127748002445067 0.37166829593417633 -0.90761894125226084 -1.044618319096789 0.3030980354153992 0.45836499540889364
decision_type=2 2 2 2 2 2
left_child=1 2 -1 -2 -3 -5
right_child=3 4 -4 5 -6 -7
leaf_value=0.040717728474957332 -0.0066026846165988208 0.026133324828367513 -0.018184684933298802 0.062577789703917155 -0.0058863289483179464 0.024621664350971163
leaf_weight=25.533742889761925 14.063194811344145 92.584763467311859 307.89757055044174 32.854543477296829 45.870710045099258 9.7626439779996854
leaf_count=105 57 381 1236 137 186 40
internal_value=7.62002e-05 -0.00490465 -0.0134581 0.0402976 0.0155924 0.0553763
internal_weight=528.567 471.887 333.431 56.6804 138.455 42.6172
internal_count=2142 1908 1341 234 567 177
is_linear=0
shrinkage=0.04


Tree=9
num_leaves=7
num_cat=0
split_feature=87 70 28 117 94 14
split_gain=62.9636 61.06 46.8137 46.3847 10.0111 12.1113
threshold=1.5659260195206344 0.24166089945357586 0.92543115164506851 0.021151364026910102 0.37668405467856075 -0.2647578296441383
decision_type=2 2 2 2 2 2
left_child=1 3 -3 -1 -2 -6
right_child=4 2 -4 -5 5 -7
leaf_value=0.0011636344307630146 0.055154795825845537 0.023530268634431695 -0.037272409475053794 -0.029584859432656201 0.043372996476555785 -0.014129483633914879
leaf_weight=150.49113568663597 31.106126293540001 142.48048187792301 21.730607539415359 161.74777367711067 10.453038617968561 9.655422165989874
leaf_count=609 132 578 88 651 44 40
internal_value=9.35665e-05 -0.00449753 0.0151324 -0.0148518 0.0413684 0.0169818
internal_weight=527.665 476.45 164.211 312.239 51.2146 20.1085
internal_count=2142 1926 666 1260 216 84
is_linear=0
shrinkage=0.04


Tree=10
num_leaves=7
num_cat=0
split_feature=86 81 79 79 47 12
split_gain=60.8289 47.7184 33.6819 24.337 19.6941 4.01549
threshold=1.0127748002445067 0.37166829593417633 -0.71623961901013711 -1.044618319096789 -0.61550742672704162 0.45836499540889364
decision_type=2 2 2 2 2 2
left_child=1 2 -1 -2 -3 -5
right_child=3 4 -4 5 -6 -7
leaf_value=0.0089966308050723059 -0.0062478656078403406 -0.024507524433704689 -0.020146723839395642 0.06049830262839026 0.020515113988041418 0.023578615622453773
leaf_weight=83.562315985560417 14.039411142468451 16.062344878911972 249.39246794581413 32.252925083041191 121.88232231140137 9.6967138946056348
leaf_count=339 57 65 1002 137 502 40
internal_value=9.76739e-05 -0.00464404 -0.0128225 0.0387629 0.0149973 0.0534256
internal_weight=526.889 470.899 332.955 55.9891 137.945 41.9496
internal_count=2142 1908 1341 234 567 177
is_linear=0
shrinkage=0.04


Tree=11
num_leaves=7
num_cat=0
split_feature=86 110 80 25 79 12
split_gain=56.823 46.2385 54.4826 50.9149 22.9892 3.85072
threshold=1.0127748002445067 0.10014697881752969 -0.90761894125226084 0.42778562999347552 -1.044618319096789 0.45836499540889364
decision_type=2 2 2 2 2 2
left_child=1 2 -1 -3 -2 -6
right_child=4 3 -4 -5 5 -7
leaf_value=0.038975753146423771 -0.0060268660818505269 0.023180730468914171 -0.020731731859854767 -0.021335130070430908 0.059039124280366173 0.022869122626376734
leaf_weight=25.239839300513268 14.045269235968588 139.62616831064224 249.48734876513481 56.133150115609169 31.78688782453537 9.6604312211275083
leaf_count=105 57 571 1005 227 137 40
internal_value=0.000104841 -0.00446437 -0.0150042 0.0103293 0.037652 0.0520495
internal_weight=525.979 470.487 274.727 195.759 55.4926 41.4473
internal_count=2142 1908 1110 798 234 177
is_linear=0
shrinkage=0.04


Tree=12
num_leaves=7
num_cat=0
split_feature=87 115 36 4 61 95
split_gain=54.3018 66.377 52.0724 17.3519 8.15493 0.523173
threshold=1.5659260195206344 0.37877865794292637 0.31618733206371347 -0.81968390416366721 -1.701095588783021 -0.52470678904020362
decision_type=2 2 2 2 2 2
left_child=1 2 -1 -3 -2 -6
right_child=4 3 -4 -5 5 -7
leaf_value=0.018957254531245974 0.013621626420910318 0.00088427291899650625 -0.012832576389633633 -0.033938780064201361 0.030335138500222767 0.055990572547741257
leaf_weight=193.88990606367588 16.431171849370003 28.514933511614799 140.53792437911034 112.12664505839348 10.800889715552328 22.723607093095779
leaf_count=792 69 115 567 452 48 99
internal_value=0.000117146 -0.00411246 0.00560122 -0.026965 0.0389499 0.0498981
internal_weight=525.025 475.069 334.428 140.642 49.9557 33.5245
internal_count=2142 1926 1359 567 216 147
is_linear=0
shrinkage=0.04


Tree=13
num_leaves=7
num_cat=0
split_feature=81 87 75 104 47 110
split_gain=53.6984 45.1916 36.6428 17.5417 18.5656 14.8084
threshold=0.36101761315873215 2.1242481308198014 -0.06866844215893074 -0.17527683678599462 -0.61550742672704162 -0.17340852742724053
decision_type=2 2 2 2 2 2
left_child=1 2 -1 4 -2 -5
right_child=3 -3 -4 5 -6 -7
leaf_value=0.0012197935066298048 -0.032722619822310867 0.046575186413078465 -0.024812857166296182 0.0038887287898403183 0.015036498638718301 0.044012709132485409
leaf_weight=171.52916039526463 13.885323882102965 20.579019099473953 172.17582349479198 20.565429210662842 71.480941981077194 53.694840863347054
leaf_count=693 56 90 693 84 292 234
internal_value=0.000124756 -0.0083501 -0.0118891 0.0193292 0.00669694 0.0332943
internal_weight=523.911 364.284 343.705 159.627 85.3663 74.2603
internal_count=2142 1476 1386 666 348 318
is_linear=0
shrinkage=0.04


Tree=14
num_leaves=7
num_cat=0
split_feature=86 110 80 33 79 18
split_gain=49.9498 40.2544 47.3148 30.8608 20.9662 2.25458
threshold=1.0127748002445067 0.32274263965914946 -0.90761894125226084 1.0880587009851401 -1.044618319096789 0.54275508461319688
decision_type=2 2 2 2 2 2
left_child=1 2 -1 -3 -2 -6
right_child=4 3 -4 -5 5 -7
leaf_value=0.037819750846367524 -0.0059237739457188576 0.018659109323939584 -0.017163022858600659 -0.035123584740359794 0.05682009997082034 0.027249228248958719
leaf_weight=25.550934493541718 13.985668778419493 139.4411835372448 285.72980690002441 17.546596005558968 28.405667543411255 11.900573149323462
leaf_count=108 57 574 1155 71 126 51
internal_value=0.000129658 -0.00413322 -0.0124372 0.0122816 0.0357376 0.0497901
internal_weight=522.56 468.269 311.281 156.988 54.2919 40.3062
internal_count=2142 1908 1263 645 234 177
is_linear=0
shrinkage=0.04


Tree=15
num_leaves=6
num_cat=0
split_feature=87 115 106 4 95
split_gain=46.8465 57.424 38.5698 17.0054 1.80269
threshold=2.11087388343786 0.37877865794292637 0.70291891407590323 -0.81968390416366721 -0.52470678904020362
decision_type=2 2 2 2 2
left_child=1 2 -1 -3 -2
right_child=4 3 -4 -5 -6
leaf_value=0.0097556767996902303 0.024469785219473985 0.0026275638825220687 -0.039458286661378329 -0.030920608632296374 0.054435688843651589
leaf_weight=321.29090231657028 9.946018263697626 30.164167776703835 25.693157806992531 113.99536310136318 20.436728894710541
leaf_count=1314 45 122 105 463 93
internal_value=0.000138939 -0.00292194 0.00590628 -0.023961 0.0467433
internal_weight=521.526 491.144 346.984 144.16 30.3827
internal_count=2142 2004 1419 585 138
is_linear=0
shrinkage=0.04


Tree=16
num_leaves=8
num_cat=0
split_feature=81 36 74 80 104 47 72
split_gain=48.7472 39.0763 51.9617 18.2744 15.6242 17.0208 9.7345
threshold=0.36101761315873215 0.31618733206371347 -0.56238825903147804 3.0638466882587507 -0.17527683678599462 -0.61550742672704162 0.44719463935440551
decision_type=2 2 2 2 2 2 2
left_child=1 2 -1 -3 5 -2 -6
right_child=4 3 -4 -5 6 -7 -8
leaf_value=0.044073972137107988 -0.031211967944056184 -0.031892576679267953 -0.0066251531824835768 0.020481940070974033 0.042030241582270457 0.014618315189792291 0.01027264812450958
leaf_weight=36.154048338532448 13.813447147607802 105.38294310867786 210.46813955903053 10.476184442639349 48.34872530400753 71.278249427676201 24.603480488061905
leaf_count=153 56 424 857 42 213 292 105
internal_value=0.000137557 -0.00794339 0.00110194 -0.0268896 0.0185392 0.0066325 0.0318797
internal_weight=520.525 362.481 246.622 115.859 158.044 85.0917 72.9522
internal_count=2142 1476 1010 466 666 348 318
is_linear=0
shrinkage=0.04


Tree=17
num_leaves=7
num_cat=0
split_feature=81 87 67 28 80 24
split_gain=45.1581 37.601 31.8043 14.7905 14.8309 9.7112
threshold=0.36101761315873215 2.1242481308198014 -0.28963243202149752 -0.34601526552390971 -0.074958867161479398 1.0491453453866555
decision_type=2 2 2 2 2 2
left_child=1 2 -1 4 -2 -5
right_child=3 -3 -4 5 -6 -7
leaf_value=-0.02853591722080397 0.028460103388250415 0.043518969007256596 -0.0024488590571611324 0.028227327386149397 -0.022544572185567748 -0.0080769172012347835
leaf_weight=108.16690634191036 12.230277568101881 19.708545982837677 234.09788683056831 109.16371780633926 23.523645162582397 12.317094773054121
leaf_count=438 52 90 948 466 98 50
internal_value=0.000143209 -0.00763009 -0.0108111 0.0179094 -0.00451409 0.0244752
internal_weight=519.208 361.973 342.265 157.235 35.7539 121.481
internal_count=2142 1476 1386 666 150 516
is_linear=0
shrinkage=0.04


Tree=18
num_leaves=7
num_cat=0
split_feature=86 70 115 28 115 34
split_gain=43.5227 34.0711 40.9864 37.7365 20.6857 10.7083
threshold=1.0127748002445067 0.24166089945357586 -0.67133303238339426 0.92543115164506851 0.97817723838202864 0.49656142209439874
decision_type=2 2 2 2 2 2
left_child=1 2 -1 -3 5 -2
right_child=4 3 -4 -5 -6 -7
leaf_value=0.018037323322517614 0.055801876105538696 0.019583778756422272 -0.018436005740323582 -0.035352943012291284 -0.015456758563589754 0.00666738074550905
leaf_weight=59.470701321959496 33.226020261645317 132.09202708303928 251.91909430921078 21.633529275655746 10.029889687895773 9.6284392029046995
leaf_count=249 152 542 1029 88 42 40
internal_value=0.000144794 -0.00381485 -0.0113995 0.0114979 0.0338396 0.045552
internal_weight=518 465.115 311.39 153.726 52.8843 42.8545
internal_count=2142 1908 1278 630 234 192
is_linear=0
shrinkage=0.04


Tree=19
num_leaves=7
num_cat=0
split_feature=82 106 4 36 37 37
split_gain=42.564 41.6026 57.9956 51.8955 11.2044 0.664882
threshold=-0.55386086207541319 0.66137986411914562 -0.83329428519737903 0.31618733206371347 -0.44364360219345417 0.036475920951459302
decision_type=2 2 2 2 2 2
left_child=4 3 -3 -2 -1 -6
right_child=1 2 -4 -5 5 -7
leaf_value=-0.0027181604829543972 0.01832910184846025 0.039184278571955153 -0.044771674103908692 -0.011555394505361414 -0.060247082886113315 -0.031170457357343341
leaf_weight=9.9223828762769681 272.47892659902573 15.626997932791708 52.810645997524261 138.94255757331848 17.247652366757396 9.9158722311258298
leaf_count=40 1145 66 216 565 70 40
internal_value=0.000145675 0.0034015 -0.025033 0.00822963 -0.0400002 -0.0524984
internal_weight=516.945 479.859 68.4376 411.421 37.0859 27.1635
internal_count=2142 1992 282 1710 150 110
is_linear=0
shrinkage=0.04


Tree=20
num_leaves=7
num_cat=0
split_feature=81 87 115 115 61 104
split_gain=40.2982 34.169 29.9493 18.0695 16.2116 13.9772
threshold=0.33271681164517602 2.1242481308198014 0.37877865794292637 0.3030980354153992 -0.78257954421283527 -0.060863342930335219
decision_type=2 2 2 2 2 2
left_child=1 2 -1 5 -5 -2
right_child=3 -3 -4 4 -6 -7
leaf_value=-0.0028182621833284516 0.013481085965363144 0.0418755818711384 -0.02908310009508026 0.023591127276976015 -0.018707788504979492 0.043160515143777715
leaf_weight=235.512645855546 65.308151230216026 19.154251366853714 96.824580192565918 22.064198911190033 34.492264196276665 42.728045031428337
leaf_count=954 270 90 396 96 141 195
internal_value=0.000125912 -0.00751829 -0.0105986 0.0163446 -0.00196371 0.0257904
internal_weight=516.084 351.491 332.337 164.593 56.5565 108.036
internal_count=2142 1440 1350 702 237 465
is_linear=0
shrinkage=0.04


Tree=21
num_leaves=8
num_cat=0
split_feature=81 36 74 80 28 80 104
split_gain=37.3998 33.3546 44.4428 16.635 14.6101 14.1418 10.0984
threshold=0.33271681164517602 0.31618733206371347 -0.47165089483532002 3.0638466882587507 -0.34601526552390971 -0.074958867161479398 -0.17527683678599462
decision_type=2 2 2 2 2 2 2
left_child=1 2 -1 -3 5 -2 -6
right_child=4 3 -4 -5 6 -7 -8
leaf_value=0.035783531442808221 0.024837994277568245 -0.029774671117916804 -0.0072249729558767533 0.02021031339901239 0.01159992724523143 -0.023138135414478157 0.034734520151469196
leaf_weight=45.971052557229996 13.666547715663908 102.79881931841373 191.5876492857933 10.465083613991736 69.375304266810417 24.577754765748978 56.080733329057693
leaf_count=198 59 416 784 42 286 103 254
internal_value=0.000133589 -0.0072289 0.00132706 -0.0248857 0.0158088 -0.00561158 0.0223242
internal_weight=514.523 350.823 237.559 113.264 163.7 38.2443 125.456
internal_count=2142 1440 982 458 702 162 540
is_linear=0
shrinkage=0.04


Tree=22
num_leaves=6
num_cat=0
split_feature=82 115 15 36 10
split_gain=38.1793 44.2304 35.4065 25.9325 10.8257
threshold=-0.55386086207541319 -0.67133303238339426 0.9245731848710087 0.33049333063556796 -0.50390345783378787
decision_type=2 2 2 2 2
left_child=4 3 -3 -2 -1
right_child=1 2 -4 -5 -6
leaf_value=-0.0038596212515058072 0.047599408811848876 0.0012505131101746669 -0.043927335699219285 -0.00096265397866125994 -0.051313186632378813
leaf_weight=11.110916405916212 48.961752578616142 372.52440948784351 27.982325479388237 26.752182275056839 25.801687180995941
leaf_count=45 217 1551 114 110 105
internal_value=0.000140116 0.00323987 -0.00210853 0.0308577 -0.0379619
internal_weight=513.133 476.221 400.507 75.7139 36.9126
internal_count=2142 1992 1665 327 150
is_linear=0
shrinkage=0.04


Tree=23
num_leaves=6
num_cat=0
split_feature=87 115 36 9 95
split_gain=35.949 45.144 37.2431 12.6576 2.22312
threshold=2.11087388343786 0.38649518170895308 0.31618733206371347 -0.78907165310992722 -0.52470678904020362
decision_type=2 2 2 2 2
left_child=1 2 -1 -3 -2
right_child=4 3 -4 -5 -6
leaf_value=0.015950475626824931 0.019940899258867047 0.00095331152187495371 -0.010612903372505708 -0.0280910275506994 0.05075416191591501
leaf_weight=206.47179788351059 9.3048120141029376 30.622844055294991 140.17071501910686 107.01569359004498 18.789476811885834
leaf_count=866 45 125 571 442 93
internal_value=0.000127723 -0.00249831 0.00520986 -0.0217079 0.0425523
internal_weight=512.375 484.281 346.643 137.639 28.0943
internal_count=2142 2004 1437 567 138
is_linear=0
shrinkage=0.04


Tree=24
num_leaves=7
num_cat=0
split_feature=82 106 4 73 39 36
split_gain=35.283 36.6831 51.5722 42.8806 10.9896 1.18142
threshold=-0.55386086207541319 0.66137986411914562 -0.83329428519737903 -0.10179333474500986 0.079756093293643637 -0.059766967954361601
decision_type=2 2 2 2 2 2
left_child=4 3 -3 -2 5 -1
right_child=1 2 -4 -5 -6 -7
leaf_value=-0.027523958244375341 0.022820139782873127 0.037334878045844691 -0.042404980855091756 -0.0033845298581133515 6.6554973100450967e-05 -0.057054918085370922
leaf_weight=9.8154109269380587 170.76557119190693 15.356347143650053 52.25395579636097 235.90232074260712 9.7847892045974714 17.155428946018219
leaf_count=40 726 66 216 984 40 70
internal_value=0.000131321 0.00311731 -0.0237413 0.00767701 -0.036571 -0.0489499
internal_weight=511.034 474.278 67.6103 406.668 36.7556 26.9708
internal_count=2142 1992 282 1710 150 110
is_linear=0
shrinkage=0.04


Tree=25
num_leaves=7
num_cat=0
split_feature=86 110 25 80 98 33
split_gain=36.3691 29.5162 41.5535 36.0179 17.6657 8.04415
threshold=1.0127748002445067 0.22884074129961438 0.42778562999347552 -0.90761894125226084 3.5773218031210363 0.51769640830754693
decision_type=2 2 2 2 2 2
left_child=1 3 -3 -1 5 -2
right_child=4 2 -4 -5 -6 -7
leaf_value=0.034010359521268504 0.051072627608883321 0.021823617823851338 -0.020157650814609119 -0.015799386248811765 -0.017417783351470463 0.0078120846903250909
leaf_weight=23.615891441702843 32.434441700577736 123.95697493851185 52.05154724419117 259.76853059232235 8.6154303848743421 9.6051458865404111
leaf_count=105 158 525 213 1065 36 40
internal_value=0.000115475 -0.00347923 0.00932138 -0.0114392 0.0316099 0.0419922
internal_weight=510.048 459.393 176.009 283.384 50.655 42.0396
internal_count=2142 1908 738 1170 234 198
is_linear=0
shrinkage=0.04


Tree=26
num_leaves=7
num_cat=0
split_feature=86 70 115 108 12 104
split_gain=34.0584 28.995 31.8198 25.8897 16.8628 8.82701
threshold=1.0127748002445067 0.24166089945357586 -0.67133303238339426 0.51922832857543766 0.45836499540889364 0.31690639383060337
decision_type=2 2 2 2 2 2
left_child=1 2 -1 -3 -2 -6
right_child=4 3 -4 -5 5 -7
leaf_value=0.01589993274524925 0.049786457792470207 0.02002566065192795 -0.016612201631412138 -0.017936116893315909 0.026537912433154079 -0.020764804797133222
leaf_weight=57.934396252036095 28.705119028687477 115.77103568613529 248.63083477318287 36.307904109358788 10.64359124004841 10.636579275131224
leaf_count=249 143 480 1029 150 47 44
internal_value=0.00012261 -0.00334147 -0.0104049 0.0108473 0.0308133 0.00314166
internal_weight=508.629 458.644 306.565 152.079 49.9853 21.2802
internal_count=2142 1908 1278 630 234 91
is_linear=0
shrinkage=0.04


Tree=27
num_leaves=8
num_cat=0
split_feature=81 79 58 37 104 40 18
split_gain=32.3581 29.4663 24.1524 20.9733 17.3016 19.9215 18.9704
threshold=0.088041913109687384 -0.71623961901013711 0.033740951856802613 -0.80574115049201367 -0.065611656987850167 -0.35402441366779352 -0.33830986982158023
decision_type=2 2 2 2 2 2 2
left_child=1 2 -1 -3 6 -6 -2
right_child=4 3 -4 -5 5 -7 -8
leaf_value=-0.029038149216541354 0.02043058705312855 0.010610343986563145 0.018666688040837234 -0.024452373908884467 0.049418452439886497 0.011514022471860022 -0.011949459630412518
leaf_weight=19.642712086439133 45.408536806702614 32.001930102705956 78.256759971380234 151.43911555409431 30.021087303757668 78.286467298865318 72.35749363899231
leaf_count=81 189 132 333 624 134 349 300
internal_value=0.000128364 -0.00889924 0.00870539 -0.0182871 0.0113424 0.022726 0.000668406
internal_weight=507.414 281.341 97.8995 183.441 226.074 108.308 117.766
internal_count=2142 1170 414 756 972 483 489
is_linear=0
shrinkage=0.04


Tree=28
num_leaves=6
num_cat=0
split_feature=87 115 81 42 95
split_gain=31.4132 38.0438 30.1665 13.395 2.37846
threshold=2.11087388343786 0.38649518170895308 0.11091277009372687 0.97717856615366683 -0.52470678904020362
decision_type=2 2 2 2 2
left_child=1 2 -1 -3 -2
right_child=4 3 -4 -5 -6
leaf_value=-0.0047843216898122614 0.017894683856159863 -0.023652378911246857 0.019318551340462068 0.020847159622328935 0.049180273619446727
leaf_weight=207.5524133592844 8.9412711858749407 125.81972235441208 135.8783228546381 10.302752509713171 17.859006434679031
leaf_count=849 45 524 588 43 93
internal_value=0.000131291 -0.00229615 0.00480861 -0.0200312 0.0407101
internal_weight=506.353 479.553 343.431 136.122 26.8003
internal_count=2142 2004 1437 567 138
is_linear=0
shrinkage=0.04


Tree=29
num_leaves=6
num_cat=0
split_feature=82 115 15 36 10
split_gain=30.5364 34.9758 32.385 22.0473 10.1542
threshold=-0.55386086207541319 -0.67133303238339426 0.9245731848710087 0.33049333063556796 -0.50390345783378787
decision_type=2 2 2 2 2
left_child=4 3 -3 -2 -1
right_child=1 2 -4 -5 -6
leaf_value=-0.0014520305417639429 0.044027609106760249 0.001432213294315994 -0.041947841714990206 -0.0011690004851273154 -0.047225338036363418
leaf_weight=11.001627579331396 46.470703050494194 367.78220556676388 27.754169136285782 26.669067621231079 25.364588171243668
leaf_count=45 217 1551 114 110 105
internal_value=0.000139709 0.00293624 -0.00180742 0.027955 -0.0341754
internal_weight=505.042 468.676 395.536 73.1398 36.3662
internal_count=2142 1992 1665 327 150
is_linear=0
shrinkage=0.04


Tree=30
num_leaves=7
num_cat=0
split_feature=86 70 28 33 115 33
split_gain=30.1407 26.0827 34.1884 32.586 15.9688 8.61563
threshold=1.0127748002445067 0.24166089945357586 0.92543115164506851 -0.9940820918875003 0.97817723838202864 0.51769640830754693
decision_type=2 2 2 2 2 2
left_child=1 3 -3 -1 5 -2
right_child=4 2 -4 -5 -6 -7
leaf_value=0.033339605933961951 0.050606929350500221 0.018160403142534535 -0.034454294956940704 -0.013714615600175031 -0.013753529566399691 0.0054704789465988227
leaf_weight=23.792773649096489 29.448131635785103 129.84615340828896 21.349718257784843 280.50872729718685 9.9128468483686429 9.2898177802562696
leaf_count=103 153 542 88 1175 42 39
internal_value=0.000127856 -0.00311411 0.0103781 -0.00984186 0.0294055 0.0405827
internal_weight=504.148 455.497 151.196 304.302 48.6508 38.7379
internal_count=2142 1908 630 1278 234 192
is_linear=0
shrinkage=0.04


Tree=31
num_leaves=6
num_cat=0
split_feature=87 70 28 114 95
split_gain=28.7367 29.4993 34.2463 27.7908 2.43705
threshold=2.11087388343786 0.24166089945357586 0.92543115164506851 -0.85266872871192112 -0.52470678904020362
decision_type=2 2 2 2 2
left_child=1 3 -3 -1 -2
right_child=4 2 -4 -5 -6
leaf_value=0.017840144777782889 0.01671946958647403 0.019311141321826396 -0.033179022816250646 -0.014220156268940418 0.048188690432808469
leaf_weight=49.689142465591431 8.7309020906686801 136.49356839060783 21.360121235251427 269.48449175059795 17.220761016011238
leaf_count=216 45 578 88 1122 93
internal_value=0.000131948 -0.00216899 0.0118821 -0.00914898 0.0395554
internal_weight=502.979 477.027 157.854 319.174 25.9517
internal_count=2142 2004 666 1338 138
is_linear=0
shrinkage=0.04


Tree=32
num_leaves=7
num_cat=0
split_feature=86 110 80 24 12 104
split_gain=27.8284 24.3734 30.2057 25.5118 15.3763 7.51668
threshold=1.0127748002445067 0.10014697881752969 -0.90761894125226084 1.0491453453866555 0.45836499540889364 0.31690639383060337
decision_type=2 2 2 2 2 2
left_child=1 2 -1 -3 -2 -6
right_child=4 3 -4 -5 5 -7
leaf_value=0.031526427441268094 0.047518212255580443 0.012156651940792757 -0.01490511146155268 -0.042460681994242952 0.024308598190170286 -0.019669393202868309
leaf_weight=22.80102427303791 26.798176288604736 175.22303648293018 243.21739080548286 12.87850199639797 10.291714891791345 10.604400530457495
leaf_count=105 143 745 1005 53 47 44
internal_value=0.000136745 -0.00296066 -0.0107198 0.00800986 0.0285609 0.00222192
internal_weight=501.814 454.12 266.018 188.102 47.6943 20.8961
internal_count=2142 1908 1110 798 234 91
is_linear=0
shrinkage=0.04


Tree=33
num_leaves=7
num_cat=0
split_feature=82 115 15 33 13 77
split_gain=27.0396 31.6684 29.3225 16.6902 9.72061 1.96321
threshold=-0.55386086207541319 -0.67133303238339426 0.9245731848710087 1.0880587009851401 0.046025815931134133 -0.28968577450489758
decision_type=2 2 2 2 2 2
left_child=4 3 -3 -2 5 -1
right_child=1 2 -4 -5 -6 -7
leaf_value=-0.024406619542867668 0.034878020141103028 0.0013699418949632415 -0.040054763851270422 -0.016323918257787468 0.0002056393236447842 -0.055264940534630352
leaf_weight=10.832799166440964 60.778378263115883 365.12168538570404 27.54417097568512 10.929390877485273 10.598192080855368 14.603080570697784
leaf_count=45 282 1551 114 45 44 61
internal_value=0.00013912 0.00278334 -0.00172412 0.0268429 -0.0322916 -0.04486
internal_weight=500.408 464.374 392.666 71.7078 36.0341 25.4359
internal_count=2142 1992 1665 327 150 106
is_linear=0
shrinkage=0.04


Tree=34
num_leaves=7
num_cat=0
split_feature=86 70 33 108 12 40
split_gain=26.1448 22.5623 29.6322 22.9188 14.3923 7.1522
threshold=1.0127748002445067 0.24166089945357586 -0.9940820918875003 0.51922832857543766 0.45836499540889364 0.25371967840755399
decision_type=2 2 2 2 2 2
left_child=1 2 -1 -3 -2 -6
right_child=4 3 -4 -5 5 -7
leaf_value=0.032278206495283561 0.046597967280245775 0.018421903405914018 -0.012843471362441357 -0.017446801788558845 0.025687170397336465 -0.017455815591841912
leaf_weight=23.489339366555214 26.084699973464012 114.30473382771015 278.87573590874672 36.009222954511642 9.3303743600845355 11.470336928963659
leaf_count=103 143 480 1175 150 44 47
internal_value=0.00011832 -0.00287072 -0.00914911 0.00971293 0.0279142 0.0024521
internal_weight=499.564 452.679 302.365 150.314 46.8854 20.8007
internal_count=2142 1908 1278 630 234 91
is_linear=0
shrinkage=0.04


Tree=35
num_leaves=6
num_cat=0
split_feature=87 115 36 42 95
split_gain=25.498 31.1154 28.4771 13.2855 2.58395
threshold=2.11087388343786 0.38649518170895308 0.31618733206371347 0.97717856615366683 -0.52470678904020362
decision_type=2 2 2 2 2
left_child=1 2 -1 -3 -2
right_child=4 3 -4 -5 -6
leaf_value=0.014037879656898209 0.014958647412565642 -0.02179411103017289 -0.0094081975022269147 0.022507486038386561 0.047032222168796808
leaf_weight=200.47072513401508 8.4011344611644763 124.29742991924286 138.53819309175014 10.243248596787451 16.39321731030941
leaf_count=866 45 524 571 43 93
internal_value=0.00012738 -0.00201225 0.0044575 -0.0181409 0.0380924
internal_weight=498.344 473.55 339.009 134.541 24.7944
internal_count=2142 2004 1437 567 138
is_linear=0
shrinkage=0.04


Tree=36
num_leaves=8
num_cat=0
split_feature=81 79 58 37 110 36 93
split_gain=25.3505 25.7908 20.4168 17.9142 17.4123 17.6597 16.4794
threshold=0.088041913109687384 -0.71623961901013711 0.033740951856802613 -0.80574115049201367 0.51273300357275953 -1.2201219607758838 -0.92307199860231492
decision_type=2 2 2 2 2 2 2
left_child=1 2 -1 -3 5 -2 -6
right_child=4 3 -4 -5 6 -7 -8
leaf_value=-0.026327049386185561 0.043795338084795889 0.010137834760912881 0.018009573837778549 -0.022486385582706953 -0.0081056281453646493 -0.0013461699357883703 0.038700229009423104
leaf_weight=19.203859642148018 13.327866345643995 31.543515279889107 76.502318903803825 149.13778296113014 15.047655448317526 144.33223523199558 47.966625928878784
leaf_count=81 62 132 333 624 63 619 228
internal_value=0.000134078 -0.00791316 0.00875644 -0.0167422 0.0101935 0.00297069 0.0276176
internal_weight=497.062 276.387 95.7062 180.681 220.674 157.66 63.0143
internal_count=2142 1170 414 756 972 681 291
is_linear=0
shrinkage=0.04


Tree=37
num_leaves=7
num_cat=0
split_feature=31 73 106 110 114 20
split_gain=24.6045 29.6472 39.0325 23.534 16.3752 2.7825
threshold=1.0366778341000462 -0.18000101796010981 0.71557794403883945 0.022075100898335271 -0.44825136350634581 0.82701393830694203
decision_type=2 2 2 2 2 2
left_child=1 2 -1 -3 -2 -6
right_child=4 3 -4 -5 5 -7
leaf_value=0.02229242675525113 0.006791064554332568 -0.015026840652230707 -0.038830570354910679 0.007826729145416423 -0.060615916804888335 -0.024738750040355896
leaf_weight=153.23083491623402 12.018427968025206 163.5888357013464 16.900412648916245 126.00059136748314 13.966780111193659 10.067346349358557
leaf_count=679 51 683 70 558 59 42
internal_value=0.000138487 0.00268584 0.01584 -0.00509775 -0.0307778 -0.0486428
internal_weight=495.773 459.721 170.131 289.589 36.0526 24.0341
internal_count=2142 1990 749 1241 152 101
is_linear=0
shrinkage=0.04


Tree=38
num_leaves=7
num_cat=0
split_feature=82 115 15 34 39 103
split_gain=24.4287 27.7639 25.9798 13.1416 10.1547 2.21998
threshold=-0.55386086207541319 -0.81111261774936583 0.9245731848710087 0.93201823315341892 0.079756093293643637 -0.054830901121881069
decision_type=2 2 2 2 2 2
left_child=4 3 -3 -2 5 -1
right_child=1 2 -4 -5 -6 -7
leaf_value=-0.052053268529877288 0.038907981070857203 0.0019322373165043113 -0.036122229816939661 -0.0096247704032484133 0.003960492791995813 -0.020514847222721736
leaf_weight=16.723248675465584 42.364691257476807 377.33651728928089 29.055388927459717 10.308283418416975 9.5380101650953275 9.3046725839376467
leaf_count=70 206 1621 122 43 40 40
internal_value=0.000116849 0.00264356 -0.00095208 0.0294053 -0.030901 -0.0430471
internal_weight=494.631 459.065 406.392 52.673 35.5659 26.0279
internal_count=2142 1992 1743 249 150 110
is_linear=0
shrinkage=0.04


Tree=39
num_leaves=6
num_cat=0
split_feature=87 81 67 118 95
split_gain=23.1133 24.4877 22.4063 15.4525 2.55831
threshold=2.11087388343786 0.088041913109687384 -0.26780069663514272 0.80139054009641086 -0.52470678904020362
decision_type=2 2 2 2 2
left_child=1 2 -1 -3 -2
right_child=4 3 -4 -5 -6
leaf_value=-0.028716360061640796 0.014011237592177135 0.013177584242659466 -0.0027244163653560127 -0.015403897389445823 0.045973989276822565
leaf_weight=71.88111138343811 8.2352070808410662 173.07079358398914 190.11697390675545 34.835117191076279 15.663274332880972
leaf_count=303 45 759 792 150 93
internal_value=0.000100971 -0.00191861 -0.010019 0.00828755 0.0368925
internal_weight=493.802 469.904 261.998 207.906 23.8985
internal_count=2142 2004 1095 909 138
is_linear=0
shrinkage=0.04


Tree=40
num_leaves=7
num_cat=0
split_feature=82 106 31 36 39 103
split_gain=22.2403 25.7703 50.9335 32.224 9.55505 2.0539
threshold=-0.55386086207541319 0.68244409737432576 -0.75163029837948392 0.31618733206371347 0.079756093293643637 -0.054830901121881069
decision_type=2 2 2 2 2 2
left_child=4 3 -3 -2 5 -1
right_child=1 2 -4 -5 -6 -7
leaf_value=-0.050155170260807749 0.014653173845427138 0.041298548631152218 -0.039877069882983888 -0.0092779537920584711 0.0041563774521071774 -0.019705472588731787
leaf_weight=16.562199428677559 257.19673128426075 14.523448310792444 49.22193706035614 136.26722477376461 9.5274783670902234 9.2426573783159274
leaf_count=70 1150 65 211 566 40 40
internal_value=0.000101937 0.00251526 -0.0206887 0.00636017 -0.0295888 -0.0414507
internal_weight=492.542 457.209 63.7454 393.464 35.3323 25.8049
internal_count=2142 1992 276 1716 150 110
is_linear=0
shrinkage=0.04


Tree=41
num_leaves=7
num_cat=0
split_feature=86 70 28 34 12 104
split_gain=21.8254 19.4629 27.4936 25.1776 13.4576 6.36339
threshold=1.0127748002445067 0.24166089945357586 0.92543115164506851 -0.89657420905315732 0.45836499540889364 0.31690639383060337
decision_type=2 2 2 2 2 2
left_child=1 3 -3 -1 -2 -6
right_child=4 2 -4 -5 5 -7
leaf_value=0.019210562147564184 0.044898102163972727 0.016176360573860259 -0.031255184045053494 -0.013296341462679044 0.022382588729065126 -0.018479498213484099
leaf_weight=42.955165654420853 24.446473859250546 127.60535560548306 21.128379508852959 254.84923379123211 9.8753459006547946 10.543938577175139
leaf_count=190 143 542 88 1088 47 44
internal_value=8.81871e-05 -0.00262604 0.00911316 -0.00851069 0.0260615 0.00151634
internal_weight=491.404 446.538 148.734 297.804 44.8658 20.4193
internal_count=2142 1908 630 1278 234 91
is_linear=0
shrinkage=0.04


Tree=42
num_leaves=7
num_cat=0
split_feature=31 73 106 86 114 20
split_gain=21.1069 26.9457 30.8663 22.3126 15.0151 2.77816
threshold=1.0366778341000462 -0.10407911708724665 0.71557794403883945 0.4788834629423469 -0.44825136350634581 0.82701393830694203
decision_type=2 2 2 2 2 2
left_child=1 2 -1 -3 -2 -6
right_child=4 3 -4 -5 5 -7
leaf_value=0.019613948205140737 0.0072376730364662077 -0.011333181005294922 -0.033936360092116161 0.016753951587278201 -0.057859454751605553 -0.022773248398797932
leaf_weight=165.94940526783466 11.939817637205122 215.98000191152096 17.363238915801048 55.232831791043282 13.688023135066034 9.9941094070672971
leaf_count=742 51 908 73 267 59 42
internal_value=9.25513e-05 0.00246537 0.0142302 -0.00553243 -0.0287054 -0.0459793
internal_weight=490.147 454.525 183.313 271.213 35.622 23.6821
internal_count=2142 1990 815 1175 152 101
is_linear=0
shrinkage=0.04


Tree=43
num_leaves=7
num_cat=0
split_feature=82 115 92 33 10 82
split_gain=20.5622 25.2293 21.9319 14.3081 9.41798 0.254039
threshold=-0.55386086207541319 -0.67133303238339426 1.2005136921118431 1.1188985204906943 -0.50390345783378787 -0.65542702386641893
decision_type=2 2 2 2 2 2
left_child=4 3 -3 -2 -1 -6
right_child=1 2 -4 -5 5 -7
leaf_value=0.0025101949100570964 0.03138660185005307 -0.0040681459292894427 0.035014635050290059 -0.019475641730075783 -0.050612096646836122 -0.027994855491915244
leaf_weight=10.753551587462423 59.650779098272324 362.81484768539667 22.521250307559967 8.947297126054762 11.204697012901304 13.102828130126001
leaf_count=45 290 1545 120 37 49 56
internal_value=7.57246e-05 0.00240448 -0.00161492 0.0243888 -0.0285773 -0.0414755
internal_weight=488.995 453.934 385.336 68.5981 35.0611 24.3075
internal_count=2142 1992 1665 327 150 105
is_linear=0
shrinkage=0.04


Tree=44
num_leaves=8
num_cat=0
split_feature=81 64 112 31 28 80 63
split_gain=19.8738 20.6551 27.3322 20.0194 14.1517 10.825 7.82697
threshold=0.33271681164517602 -0.024975239124276297 -1.1049208479683212 1.0366778341000462 -0.34601526552390971 -0.074958867161479398 0.22884351667145331
decision_type=2 2 2 2 2 2 2
left_child=1 2 -1 -3 5 -2 -6
right_child=4 3 -4 -5 6 -7 -8
leaf_value=0.018058499857856531 0.018739361008307812 0.0089495067484543778 -0.022675418878787733 -0.03861957903116825 0.026776059835237415 -0.024957317365209234 0.0054261562193518532
leaf_weight=30.859015017747879 12.333262577652929 152.26855728030205 138.44359990954399 13.608161017298697 70.887029767036438 23.411829218268394 46.07094893604517
leaf_count=149 59 653 580 58 331 103 209
internal_value=6.83164e-05 -0.00537811 -0.0151266 0.00463344 0.0119381 -0.00968642 0.0185987
internal_weight=487.882 335.179 169.303 165.877 152.703 35.7451 116.958
internal_count=2142 1440 729 711 702 162 540
is_linear=0
shrinkage=0.04


Tree=45
num_leaves=6
num_cat=0
split_feature=86 110 25 80 12
split_gain=19.34 19.8554 26.1449 22.5255 0.268865
threshold=1.515516726643831 0.22884074129961438 0.44227834129288662 -0.90761894125226084 0.12528907715927831
decision_type=2 2 2 2 2
left_child=1 3 -3 -1 -2
right_child=4 2 -4 -5 -6
leaf_value=0.029185091585238552 0.045241346100683498 0.018049706194263587 -0.013517004909041 -0.011780865592904612 0.021117347395137646
leaf_weight=21.531913965940475 10.728709779679777 132.65871565043926 59.283347189426422 255.20241774618626 7.3204955458641043
leaf_count=105 62 605 250 1080 40
internal_value=6.46273e-05 -0.00157455 0.00826114 -0.00840688 0.0385396
internal_weight=486.726 468.676 191.942 276.734 18.0492
internal_count=2142 2040 855 1185 102
is_linear=0
shrinkage=0.04


Tree=46
num_leaves=7
num_cat=0
split_feature=31 73 106 110 114 20
split_gain=18.7325 23.941 28.372 19.7105 13.802 2.65504
threshold=1.0366778341000462 -0.10407911708724665 0.71557794403883945 0.77881362602872983 -0.44825136350634581 0.82701393830694203
decision_type=2 2 2 2 2 2
left_child=1 2 -1 -3 -2 -6
right_child=4 3 -4 -5 5 -7
leaf_value=0.018695087996357246 0.0072774442407709085 -0.0099489625520652897 -0.032834274280984545 0.019136291110201632 -0.055600888224735974 -0.021471373506589751
leaf_weight=163.86977627873421 11.854328364133833 226.56963157653809 17.229455843567848 42.636754266917706 13.411592513322832 9.9125130474567396
leaf_count=742 51 975 73 200 59 42
internal_value=7.76721e-05 0.00232081 0.0134876 -0.00523531 -0.0272161 -0.0439374
internal_weight=485.484 450.306 181.099 269.206 35.1784 23.3241
internal_count=2142 1990 815 1175 152 101
is_linear=0
shrinkage=0.04


Tree=47
num_leaves=7
num_cat=0
split_feature=82 115 92 33 39 94
split_gain=18.8161 22.0468 18.6107 15.5003 9.07477 3.53253
threshold=-0.55386086207541319 -0.81111261774936583 1.2005136921118431 1.0880587009851401 0.079756093293643637 -0.85799740913239131
decision_type=2 2 2 2 2 2
left_child=4 3 -3 -2 5 -1
right_child=1 2 -4 -5 -6 -7
leaf_value=-0.014093306908540644 0.036814942897837398 -0.0030389629664150869 0.033419183516386126 -0.017900552802595039 0.0053286838552723268 -0.049514279736086117
leaf_weight=8.7140480875968915 41.259504109621048 377.64496598392725 21.808505609631538 8.9593186229467374 9.4023537635803205 16.53456544876099
leaf_count=38 212 1623 120 37 40 72
internal_value=6.24886e-05 0.00229891 -0.000891924 0.0267417 -0.0275017 -0.0392212
internal_weight=484.323 449.672 399.453 50.2188 34.651 25.2486
internal_count=2142 1992 1743 249 150 110
is_linear=0
shrinkage=0.04


Tree=48
num_leaves=8
num_cat=0
split_feature=81 74 36 37 28 25 40
split_gain=18.1458 20.7474 23.8053 16.9958 16.5821 21.052 13.6111
threshold=0.088041913109687384 -0.57065246324513941 -0.044842156495092281 -0.85149207915985048 -0.34601526552390971 0.42095251191277838 -0.33747576572028543
decision_type=2 2 2 2 2 2 2
left_child=1 2 -1 -3 5 -2 -6
right_child=4 3 -4 -5 6 -7 -8
leaf_value=0.049027090036113323 0.005083104789630916 0.01335725481949724 -0.0043548734324824079 -0.01729589002728087 0.036147483460418781 -0.047932465551624469 0.0085922949422845216
leaf_weight=18.613023281097412 42.850862294435501 32.858585849404335 37.200086399912834 180.57791203260422 36.545347422361374 14.468906253576277 120.12772185355425
leaf_count=95 194 140 157 778 167 62 549
internal_value=5.95861e-05 -0.00682894 0.0145276 -0.0124966 0.00870983 -0.00946419 0.0153944
internal_weight=483.242 269.25 55.8131 213.436 213.993 57.3198 156.673
internal_count=2142 1170 252 918 972 256 716
is_linear=0
shrinkage=0.04


Tree=49
num_leaves=6
num_cat=0
split_feature=86 31 110 114 35
split_gain=17.5426 16.889 18.2158 14.1345 0.346034
threshold=1.515516726643831 1.0366778341000462 0.55448368083100974 -0.44825136350634581 -0.13860874402746823
decision_type=2 2 2 2 2
left_child=1 2 -1 -3 -2
right_child=4 3 -4 -5 -6
leaf_value=-0.0040373731189526571 0.04419673337898692 0.0074224217507908889 0.014868021652861014 -0.045755992739687709 0.019935895322510503
leaf_weight=324.94336789101362 10.26970260590315 11.305688858032225 106.64667192101479 21.754023522138596 7.1294868141412726
leaf_count=1412 62 49 484 95 40
internal_value=6.51287e-05 -0.00148454 0.000681217 -0.0281842 0.0373359
internal_weight=482.049 464.65 431.59 33.0597 17.3992
internal_count=2142 2040 1896 144 102
is_linear=0
shrinkage=0.04


Tree=50
num_leaves=6
num_cat=0
split_feature=87 115 36 42 95
split_gain=17.7113 23.022 20.0129 13.6493 2.73046
threshold=2.11087388343786 0.38649518170895308 0.31618733206371347 0.97717856615366683 -0.52470678904020362
decision_type=2 2 2 2 2
left_child=1 2 -1 -3 -2
right_child=4 3 -4 -5 -6
leaf_value=0.012213990882890447 0.010736789994360989 -0.01952139069250592 -0.0077044162818673389 0.025676198737578548 0.043633772731444538
leaf_weight=193.17762731015682 7.6128878295421627 120.68500903248787 135.84669224917889 9.9979457557201368 13.932158976793287
leaf_count=866 45 524 571 43 93
internal_value=6.89927e-05 -0.001657 0.00399327 -0.0157286 0.0339091
internal_weight=481.252 459.707 329.024 130.683 21.545
internal_count=2142 2004 1437 567 138
is_linear=0
shrinkage=0.04


Tree=51
num_leaves=6
num_cat=0
split_feature=87 115 36 42 95
split_gain=16.7915 21.2681 18.4963 12.7077 2.68023
threshold=2.11087388343786 0.38649518170895308 0.31618733206371347 0.97717856615366683 -0.52470678904020362
decision_type=2 2 2 2 2
left_child=1 2 -1 -3 -2
right_child=4 3 -4 -5 -6
leaf_value=0.011756095114699848 0.010439825243688399 -0.018815721620366998 -0.0074026802075956941 0.024721350688732692 0.043127065650977403
leaf_weight=192.76028755307198 7.5739525631070164 120.28598396480083 135.81075762212276 10.045008152723311 13.562991827726362
leaf_count=866 45 524 571 43 93
internal_value=7.77072e-05 -0.00159183 0.00384018 -0.0151373 0.0333292
internal_weight=480.039 458.902 328.571 130.331 21.1369
internal_count=2142 2004 1437 567 138
is_linear=0
shrinkage=0.04


Tree=52
num_leaves=7
num_cat=0
split_feature=82 31 74 114 10 82
split_gain=17.2211 19.2151 22.8074 11.7372 8.93574 0.312019
threshold=-0.55386086207541319 1.0158816699493187 -0.018492106081602767 -0.44825136350634581 -0.50390345783378787 -0.65542702386641893
decision_type=2 2 2 2 2 2
left_child=4 2 -2 -3 -1 -6
right_child=1 3 -4 -5 5 -7
leaf_value=0.0037555100393479764 0.015421206246646717 0.0069672928614247535 -0.003551103690467964 -0.040128970879605028 -0.048271367931818653 -0.026146315769588674
leaf_weight=10.600089207291601 177.84898735582829 11.776725083589552 231.0162109285593 24.001118451356888 10.805195569992064 12.782244861125948
leaf_count=45 813 51 1022 106 49 56
internal_value=8.59059e-05 0.00223582 0.0047364 -0.0250785 -0.026454 -0.0392624
internal_weight=478.831 444.643 408.865 35.7778 34.1875 23.5874
internal_count=2142 1992 1835 157 150 105
is_linear=0
shrinkage=0.04


Tree=53
num_leaves=5
num_cat=0
split_feature=86 36 70 5
split_gain=16.2767 15.1744 15.9598 0.652745
threshold=1.515516726643831 -1.3485250905597284 0.24166089945357586 0.16787891970971694
decision_type=2 2 2 2
left_child=1 -1 -3 -2
right_child=3 2 -4 -5
leaf_value=0.038983362643562759 0.043755780624936617 -0.0078908850923280847 0.0081637402311328152 0.017628164428632232
leaf_weight=12.420590512454508 10.267340406775476 304.08519366383553 144.60734370350838 6.6005869731307021
leaf_count=62 64 1355 623 38
internal_value=6.69274e-05 -0.00141705 -0.00270344 0.0364841
internal_weight=477.981 461.113 448.693 16.8679
internal_count=2142 2040 1978 102
is_linear=0
shrinkage=0.04


Tree=54
num_leaves=8
num_cat=0
split_feature=81 79 16 28 25 37 40
split_gain=16.1537 20.126 17.0556 15.6214 19.1452 13.8276 12.7775
threshold=0.088041913109687384 -0.71623961901013711 0.82850954451308112 -0.34601526552390971 0.42095251191277838 -0.80574115049201367 -0.33747576572028543
decision_type=2 2 2 2 2 2 2
left_child=1 2 -1 4 -2 -3 -5
right_child=3 5 -4 6 -6 -7 -8
leaf_value=0.016974390974857357 0.0045299574156848531 0.0096021576555854801 -0.02549435991382409 0.035086768914002059 -0.046301232715205524 -0.01948056748657561 0.0082052057873848901
leaf_weight=74.067261144518852 42.37168624997139 30.569994181394577 17.014279410243034 35.977003380656242 14.30246828496456 144.27889499813318 118.77428858727217
leaf_count=341 194 132 73 167 62 624 549
internal_value=8.18402e-05 -0.00645845 0.00866379 0.00829163 -0.00943895 -0.0143448 0.0148226
internal_weight=477.356 265.93 91.0815 211.425 56.6742 174.849 154.751
internal_count=2142 1170 414 972 256 756 716
is_linear=0
shrinkage=0.04


Tree=55
num_leaves=7
num_cat=0
split_feature=64 24 14 34 39 112
split_gain=15.7306 24.4534 19.2283 25.0259 23.1206 17.8579
threshold=-0.10894425738938897 -1.0561666552183673 -0.56315311055798611 0.99954615068048114 -0.43478396546532927 -1.1049208479683212
decision_type=2 2 2 2 2 2
left_child=1 -1 4 -4 -2 -3
right_child=2 5 3 -5 -6 -7
leaf_value=0.039079327169389132 0.037186043358974387 0.017787899869153533 0.015667735305009135 -0.028179916598496533 -0.031675165506439902 -0.016610032167254762
leaf_weight=14.382265888154505 8.1162369102239591 26.411251604557037 201.51443806290627 21.362848609685898 34.590135499835014 169.98646731674671
leaf_count=76 39 135 907 91 154 740
internal_value=7.59153e-05 -0.00804172 0.00653041 0.0112517 -0.0175102 -0.0118516
internal_weight=476.364 210.78 265.584 222.877 42.7064 196.398
internal_count=2142 951 1191 998 193 875
is_linear=0
shrinkage=0.04


Tree=56
num_leaves=7
num_cat=0
split_feature=106 31 36 53 41 42
split_gain=15.6885 45.325 20.3459 29.8228 29.6104 6.44549
threshold=0.68244409737432576 -0.75163029837948392 0.31618733206371347 -0.74999999999999989 -0.68308748792319529 0.47634544188625688
decision_type=2 2 2 2 2 2
left_child=2 -2 4 -4 -1 -3
right_child=1 5 3 -5 -6 -7
leaf_value=-0.014203651990398126 0.040574422438963434 -0.044490856718358826 0.038685305005803229 -0.015421449188605069 0.016891299502350857 -0.0077455959562720061
leaf_weight=62.69811338186264 14.175601214170454 36.909600794315338 16.638932123780251 131.31127822399139 203.11465366184711 10.699146188795565
leaf_count=286 65 162 70 560 950 49
internal_value=7.90183e-05 -0.0183927 0.00291248 -0.00890162 0.00950553 -0.0368783
internal_weight=475.547 61.7843 413.763 147.95 265.813 47.6087
internal_count=2142 276 1866 630 1236 211
is_linear=0
shrinkage=0.04


Tree=57
num_leaves=7
num_cat=0
split_feature=82 115 15 35 39 103
split_gain=15.3845 18.3593 19.4149 14.5899 8.91328 2.17762
threshold=-0.55386086207541319 -0.67133303238339426 0.9245731848710087 0.92374549719423649 0.079756093293643637 -0.054830901121881069
decision_type=2 2 2 2 2 2
left_child=4 3 -3 -2 5 -1
right_child=1 2 -4 -5 -6 -7
leaf_value=-0.04571770429843202 0.028662397987652112 0.0012468993911422888 -0.033413454392525258 -0.024378846660029069 0.0072656080190536213 -0.015700661674021798
leaf_weight=15.770088568329809 56.490494512021542 350.20264890044928 25.909750208258629 8.1041281223297101 9.2292705178260785 8.7386167645454425
leaf_count=70 293 1551 114 34 40 40
internal_value=7.83456e-05 0.00211596 -0.0013049 0.0214755 -0.0251672 -0.0370071
internal_weight=474.445 440.707 376.112 64.5946 33.738 24.5087
internal_count=2142 1992 1665 327 150 110
is_linear=0
shrinkage=0.04


Tree=58
num_leaves=6
num_cat=0
split_feature=86 110 25 37 12
split_gain=14.7642 14.6959 20.7511 20.2464 0.853118
threshold=1.515516726643831 0.22884074129961438 0.44227834129288662 -0.93333119997846203 0.2149538385162709
decision_type=2 2 2 2 2
left_child=1 3 -3 -1 -2
right_child=4 2 -4 -5 -6
leaf_value=0.024612584346596102 0.042897643828674829 0.016138189921409415 -0.01235421224617303 -0.010925065671200074 0.015550782127132123
leaf_weight=26.73666886985302 10.068155698478224 128.57205185294151 57.823629721999168 244.20407488197088 6.1040133610367766
leaf_count=115 66 605 250 1070 36
internal_value=6.16812e-05 -0.00133756 0.00726196 -0.00726353 0.0354234
internal_weight=473.509 457.336 186.396 270.941 16.1722
internal_count=2142 2040 855 1185 102
is_linear=0
shrinkage=0.04


Tree=59
num_leaves=7
num_cat=0
split_feature=106 31 73 31 80 42
split_gain=14.4375 42.4806 19.3425 19.1074 18.3882 6.19711
threshold=0.68244409737432576 -0.75163029837948392 -0.18000101796010981 1.0158816699493187 0.99866293154048746 0.47634544188625688
decision_type=2 2 2 2 2 2
left_child=2 -2 3 -1 -4 -3
right_child=1 5 4 -5 -6 -7
leaf_value=0.018677258399897114 0.03951426204265307 -0.043236476286225296 -0.0079432237242023813 -0.02380062683073856 0.025015818997739685 -0.0071628023812769547
leaf_weight=139.99421835690737 14.073439151048659 36.521836809813976 224.95349178463221 17.504867926239967 28.792190983891487 10.618836916983126
leaf_count=664 65 162 987 77 138 49
internal_value=7.2882e-05 -0.0177303 0.00279588 0.0137169 -0.00403702 -0.0357328
internal_weight=472.459 61.2141 411.245 157.499 253.746 47.1407
internal_count=2142 276 1866 741 1125 211
is_linear=0
shrinkage=0.04


Tree=60
num_leaves=6
num_cat=0
split_feature=87 70 28 79 89
split_gain=14.4648 17.8527 23.3416 16.0873 2.80882
threshold=2.11087388343786 0.24166089945357586 0.92543115164506851 0.32504344896535581 0.97681984286762036
decision_type=2 2 2 2 2
left_child=1 3 -3 -1 -2
right_child=4 2 -4 -5 -6
leaf_value=-0.012573668004393102 0.040288703611368923 0.016138010415082584 -0.028027195263884162 0.0081616673151152491 0.0054070803718764783
leaf_weight=221.72513900697231 14.290114171802999 128.76940475404263 20.563340157270432 80.166830077767372 5.6699464991688719
leaf_count=972 105 578 88 366 33
internal_value=7.04232e-05 -0.00146606 0.00976637 -0.00704996 0.0317749
internal_weight=471.185 451.225 149.333 301.892 19.9601
internal_count=2142 2004 666 1338 138
is_linear=0
shrinkage=0.04


Tree=61
num_leaves=7
num_cat=0
split_feature=63 24 110 14 34 13
split_gain=13.932 21.1649 19.2703 16.7697 21.1601 19.7601
threshold=-0.10307795473716672 -1.0561666552183673 0.47216235614749158 -0.56315311055798611 0.99954615068048114 -0.51686783516909041
decision_type=2 2 2 2 2 2
left_child=1 -1 -3 5 -5 -2
right_child=3 2 -4 4 -6 -7
leaf_value=0.036497130368744524 0.036166195492529064 -0.020662467734355119 0.0053278262316421706 0.014711827952581148 -0.025870619207198325 -0.029069744339229726
leaf_weight=14.176438666880129 7.5013768523931494 122.76943989098072 70.891418516635895 198.89776866137981 21.069153189659119 34.753737114369869
leaf_count=77 37 545 329 906 91 157
internal_value=7.34419e-05 -0.00762161 -0.0111913 0.00618407 0.0106266 -0.0163776
internal_weight=470.059 207.837 193.661 262.222 219.967 42.2551
internal_count=2142 951 874 1191 997 194
is_linear=0
shrinkage=0.04


Tree=62
num_leaves=6
num_cat=0
split_feature=87 85 28 37 95
split_gain=13.577 17.4913 19.9457 15.1468 2.78335
threshold=2.11087388343786 0.91677463813528592 0.87942251609662547 1.5784825349543306 -0.52470678904020362
decision_type=2 2 2 2 2
left_child=1 2 -1 -3 -2
right_child=4 3 -4 -5 -6
leaf_value=0.0053424838100079352 0.0081801473943948835 -0.028658080072052561 -0.02165647102545263 0.0210876574395415 0.041529420004345008
leaf_weight=336.73263861984015 7.1977831721305874 54.359770320355892 48.290648177266121 10.330818966031073 12.305230647325514
leaf_count=1494 45 248 210 52 93
internal_value=7.37412e-05 -0.00140483 0.00186179 -0.0203197 0.0311271
internal_weight=469.217 449.714 385.023 64.6906 19.503
internal_count=2142 2004 1704 300 138
is_linear=0
shrinkage=0.04


Tree=63
num_leaves=7
num_cat=0
split_feature=64 24 110 28 88 110
split_gain=13.4794 21.0714 18.3034 15.4753 20.5641 19.1611
threshold=-0.10894425738938897 -1.0561666552183673 0.47216235614749158 0.72152962088123918 0.40423301905394898 0.25586823192136576
decision_type=2 2 2 2 2 2
left_child=1 -1 -3 4 -2 -5
right_child=3 2 -4 5 -6 -7
leaf_value=0.037185037242815931 0.020222756993881506 -0.020239558990540977 0.0051164803255192605 -0.032843570158344972 -0.0056487251398364092 0.015133944765363614
leaf_weight=13.726513303816317 134.02508950233459 122.81865587830544 70.656527832150459 30.162993080914021 75.841577410697937 21.162981189787388
leaf_count=76 613 546 329 136 342 100
internal_value=7.5593e-05 -0.00750347 -0.011022 0.00609932 0.0109083 -0.0132356
internal_weight=468.394 207.202 193.475 261.193 209.867 51.326
internal_count=2142 951 875 1191 955 236
is_linear=0
shrinkage=0.04


Tree=64
num_leaves=7
num_cat=0
split_feature=106 31 73 86 34 42
split_gain=13.3203 39.6 17.2405 19.6156 17.9752 5.6156
threshold=0.68244409737432576 -0.75163029837948392 -0.18000101796010981 0.4788834629423469 1.0794496033101877 0.47634544188625688
decision_type=2 2 2 2 2 2
left_child=2 -2 4 -4 -1 -3
right_child=1 5 3 -5 -6 -7
leaf_value=0.017111836988870591 0.038478354291027708 -0.041823013323769274 -0.0086309579235050327 0.021445983640864835 -0.030488249533389501 -0.0072718910092345749
leaf_weight=143.59547496587038 13.884465031325815 36.010513111948967 211.80372297763824 39.458846986293793 12.084841281175612 10.581520266830919
leaf_count=689 65 162 918 207 52 49
internal_value=7.62242e-05 -0.0171264 0.00270399 -0.00377555 0.013077 -0.0345984
internal_weight=467.419 60.4765 406.943 251.263 155.68 46.592
internal_count=2142 276 1866 1125 741 211
is_linear=0
shrinkage=0.04


Tree=65
num_leaves=7
num_cat=0
split_feature=82 106 9 36 39 25
split_gain=13.2477 15.5339 34.0077 17.4112 8.60687 2.26892
threshold=-0.55386086207541319 0.68244409737432576 -0.81526037650690475 0.31618733206371347 0.079756093293643637 0.32226596291120707
decision_type=2 2 2 2 2 2
left_child=4 3 -3 -2 5 -1
right_child=1 2 -4 -5 -6 -7
leaf_value=-0.016240386047391159 0.011395009433814255 0.034661250647337119 -0.032983573915075122 -0.0065819396447844647 0.0082407216106824034 -0.045736543416975299
leaf_weight=10.13255223631859 241.03445937484503 14.013269193470476 46.003224819898605 131.95663076639175 9.1000344455242139 13.750976681709288
leaf_count=49 1150 66 210 566 40 61
internal_value=7.14698e-05 0.00197562 -0.0165807 0.00503395 -0.02361 -0.0354446
internal_weight=465.991 433.008 60.0165 372.991 32.9836 23.8835
internal_count=2142 1992 276 1716 150 110
is_linear=0
shrinkage=0.04


Tree=66
num_leaves=7
num_cat=0
split_feature=115 59 37 110 42 95
split_gain=13.2156 14.8578 20.5091 14.0902 12.1854 6.59342
threshold=1.0199561665340844 -0.13693173683682816 -0.93333119997846203 0.42707258593930908 0.62489987901409949 0.42022359249091462
decision_type=2 2 2 2 2 2
left_child=1 2 -1 -3 5 -2
right_child=4 3 -4 -5 -6 -7
leaf_value=0.021132179213180623 -0.046399177685657912 0.00203649106898761 -0.01208838834335654 0.022957547796086067 0.015280939591414975 -0.0056211956386822822
leaf_weight=34.555132798850536 19.447150111198429 157.2846383228898 159.22343807667494 74.914349876344204 9.5352496951818448 9.8761017173528654
leaf_count=161 89 726 700 378 42 46
internal_value=6.01627e-05 0.00213494 -0.00600904 0.00892466 -0.0216753 -0.033901
internal_weight=464.836 425.978 193.779 232.199 38.8585 29.3233
internal_count=2142 1965 861 1104 177 135
is_linear=0
shrinkage=0.04


Tree=67
num_leaves=5
num_cat=0
split_feature=35 115 86 42
split_gain=12.7494 13.9252 19.5715 9.85448
threshold=-1.362366010369416 0.94400628188823033 1.0127748002445067 0.63109464685690986
decision_type=2 2 2 2
left_child=-1 2 -2 -3
right_child=1 3 -4 -5
leaf_value=0.040386165943210858 -0.0011815205540680123 -0.031959573010522074 0.031981488256363606 0.011888729292619438
leaf_weight=10.214946668595074 382.01940792798996 33.458422727882862 28.756963565945625 9.5103786736726743
leaf_count=54 1700 157 189 42
internal_value=5.76213e-05 -0.00102352 0.00128381 -0.0221574
internal_weight=463.96 453.745 410.776 42.9688
internal_count=2142 2088 1889 199
is_linear=0
shrinkage=0.04


Tree=68
num_leaves=8
num_cat=0
split_feature=81 28 25 73 16 40 92
split_gain=12.2925 15.3393 16.365 14.6677 18.0682 10.8097 7.67749
threshold=0.088041913109687384 -0.34601526552390971 0.42095251191277838 0.42562450335963647 0.82850954451308112 -0.33747576572028543 0.45608343516548094
decision_type=2 2 2 2 2 2 2
left_child=3 2 -2 4 -1 -3 -5
right_child=1 5 -4 6 -6 -7 -8
leaf_value=0.0048785114401177941 0.0028247073028739357 0.032929093471039519 -0.044730819918481962 -0.029187029014879934 -0.026791920127477629 0.0077582479374524683 0.0087399823448590479
leaf_weight=167.65121636539698 40.935751542448997 34.63804891705513 14.028511002659796 48.878511920571327 32.721754565834999 115.05353131890297 9.3104523196816427
leaf_count=762 194 167 62 219 144 549 45
internal_value=6.47955e-05 0.0073499 -0.0104572 -0.00571364 -0.000507069 0.01394 -0.0230298
internal_weight=463.218 204.656 54.9643 258.562 200.373 149.692 58.189
internal_count=2142 972 256 1170 906 716 264
is_linear=0
shrinkage=0.04


Tree=69
num_leaves=7
num_cat=0
split_feature=64 24 39 14 34 39
split_gain=12.201 18.5514 16.282 15.5931 18.817 18.7427
threshold=-0.10894425738938897 -1.0561666552183673 1.4071196580523964 -0.56315311055798611 0.99954615068048114 -0.43478396546532927
decision_type=2 2 2 2 2 2
left_child=1 -1 -3 5 -5 -2
right_child=3 2 -4 4 -6 -7
leaf_value=0.035476819667986742 0.034521763900896056 -0.014829237942471207 0.019839575654276419 0.014027418888047927 -0.024524758096147289 -0.028887183972324697
leaf_weight=13.208415690809487 7.6232596263289443 168.22821223735809 23.074982151389122 195.5438619852066 20.741775840520859 33.757088519632816
leaf_count=76 39 767 108 907 91 154
internal_value=5.44033e-05 -0.00720217 -0.0104855 0.00582512 0.0101394 -0.0161527
internal_weight=462.178 204.512 191.303 257.666 216.286 41.3803
internal_count=2142 951 875 1191 998 193
is_linear=0
shrinkage=0.04


Tree=70
num_leaves=8
num_cat=0
split_feature=74 81 36 37 60 28 116
split_gain=11.956 17.0236 15.6693 13.4298 11.6419 10.1448 2.0522
threshold=-0.54794310719033157 -0.04111399210055388 -0.044842156495092281 -0.7902167631639806 -0.15732111723215 -0.31788305870143185 -0.13187900559000446
decision_type=2 2 2 2 2 2 2
left_child=2 3 6 -2 -3 -4 -1
right_child=1 4 5 -5 -6 -7 -8
leaf_value=0.015728357393126773 0.011284066899312224 0.01227039599185204 -0.02896128005002226 -0.017309925389254889 -0.0077728872398616349 0.0098114173284045599 0.047858112639904471
leaf_weight=7.1335421279072788 30.623672559857368 123.78702269867063 11.190309993922709 143.27840881794691 71.734998188912868 57.84022119641304 15.860830716788767
leaf_count=34 132 606 52 645 318 261 94
internal_value=5.87819e-05 -0.00316702 0.0128003 -0.0122036 0.00491248 0.00288762 0.0399466
internal_weight=461.449 369.424 92.0249 173.902 195.522 69.0305 22.9944
internal_count=2142 1701 441 777 924 313 128
is_linear=0
shrinkage=0.04


Tree=71
num_leaves=5
num_cat=0
split_feature=86 35 115 12
split_gain=11.7304 12.4625 13.6612 1.22663
threshold=1.515516726643831 -1.362366010369416 1.0199561665340844 0.37668771426195574
decision_type=2 2 2 2
left_child=1 -1 -3 -2
right_child=3 2 -4 -5
leaf_value=0.039119164597049137 0.041001850198514149 -0.0001537544632957311 -0.026033068138046466 0.011101943562809481
leaf_weight=9.9690602011978608 9.4545238353311998 402.33565685153008 33.519897639751434 5.1058699935674658
leaf_count=54 71 1832 154 31
internal_value=6.46754e-05 -0.00115813 -0.00225385 0.0331239
internal_weight=460.385 445.825 435.856 14.5604
internal_count=2142 2040 1986 102
is_linear=0
shrinkage=0.04


Tree=72
num_leaves=7
num_cat=0
split_feature=82 74 109 9 39 36
split_gain=11.5158 14.2729 18.5288 17.9556 8.28689 1.96983
threshold=-0.55386086207541319 -0.018492106081602767 -0.5931209710756481 -0.44013944046853054 0.0085164007897714829 0.009194778454033924
decision_type=2 2 2 2 2 2
left_child=4 2 -2 -3 5 -1
right_child=1 3 -4 -5 -6 -7
leaf_value=-0.016037510054977975 0.038215091875265228 0.0092002427407497714 0.004435153952323234 -0.013456548312420203 0.0048463126824637879 -0.046105169115411314
leaf_weight=8.7644082754850405 28.990209855139256 88.971154630184174 165.33475108444691 144.04516058415174 11.44575050473213 12.240308985114096
leaf_count=40 156 407 762 667 51 59
internal_value=7.38822e-05 0.00185899 0.00981255 -0.00480097 -0.0221775 -0.0360442
internal_weight=459.792 427.341 194.325 233.016 32.4505 21.0047
internal_count=2142 1992 918 1074 150 99
is_linear=0
shrinkage=0.04


Tree=73
num_leaves=7
num_cat=0
split_feature=106 31 82 14 41 42
split_gain=11.3643 34.3836 13.9141 14.9717 14.7891 5.1561
threshold=0.68244409737432576 -0.75163029837948392 -0.35772896942857535 1.092736598463165 -0.85561750499769917 0.47634544188625688
decision_type=2 2 2 2 2 2
left_child=2 -2 3 -1 -4 -3
right_child=1 5 4 -5 -6 -7
leaf_value=-0.016260823231812459 0.036385226764853833 -0.039565320416071491 -0.017358785946996864 0.025511253474880084 0.010099657485547723 -0.0062990988420579897
leaf_weight=88.426519900560379 13.5182868540287 34.97775299847126 33.751214452087879 14.343969985842703 263.54345892369747 10.40577746927738
leaf_count=392 65 162 160 64 1250 49
internal_value=6.79015e-05 -0.0160348 0.00250667 -0.0100549 0.00688719 -0.0325257
internal_weight=458.967 58.9018 400.065 102.77 297.295 45.3835
internal_count=2142 276 1866 456 1410 211
is_linear=0
shrinkage=0.04


Tree=74
num_leaves=6
num_cat=0
split_feature=37 110 33 14 3
split_gain=11.2385 13.3957 16.5731 15.9358 2.64794
threshold=-1.097225253966341 0.22884074129961438 1.1984058017964292 -0.63663617941156769 0.18401086559286414
decision_type=2 2 2 2 2
left_child=4 3 -3 -2 -1
right_child=1 2 -4 -5 -6
leaf_value=0.04635473818614675 -0.026631248697628087 0.010627841476635017 -0.032015873975129512 -0.0019971051340681653 0.01039682508749209
leaf_weight=7.6029406264424306 50.724585182964802 169.76943424716592 13.999602913856505 208.79736761748791 7.2272053435444832
leaf_count=39 229 819 63 950 42
internal_value=6.36059e-05 -0.00114938 0.00706952 -0.00697879 0.0321492
internal_weight=458.121 443.291 183.769 259.522 14.8301
internal_count=2142 2061 882 1179 81
is_linear=0
shrinkage=0.04


Tree=75
num_leaves=7
num_cat=0
split_feature=64 24 110 28 110 106
split_gain=11.2838 16.9698 15.2289 13.6741 16.837 13.7776
threshold=-0.10894425738938897 -1.0561666552183673 0.47216235614749158 0.72152962088123918 0.25586823192136576 0.70291891407590323
decision_type=2 2 2 2 2 2
left_child=1 -1 -3 5 -5 -2
right_child=3 2 -4 4 -6 -7
leaf_value=0.034390356705275224 0.014867650850275159 -0.018568983426395538 0.0047909093035793625 -0.031336123482838568 0.014189505809318742 -0.012303067806067667
leaf_weight=12.844998799264429 170.38074514269829 120.39534855633974 69.217658974230289 29.422588132321835 20.610911041498184 34.526440419256687
leaf_count=76 797 546 329 136 100 158
internal_value=6.2364e-05 -0.00695025 -0.0100805 0.0056421 -0.0127576 0.0102148
internal_weight=457.399 202.458 189.613 254.941 50.0335 204.907
internal_count=2142 951 875 1191 236 955
is_linear=0
shrinkage=0.04


Tree=76
num_leaves=5
num_cat=0
split_feature=86 35 70 12
split_gain=10.86 11.4974 11.3042 1.2563
threshold=1.515516726643831 -1.362366010369416 0.24166089945357586 0.37668771426195574
decision_type=2 2 2 2
left_child=1 -1 -3 -2
right_child=3 2 -4 -5
leaf_value=0.037982333062156363 0.040377471397520369 -0.0065942120494607657 0.0071750559876968701 0.010357938637966595
leaf_weight=9.7266170494258386 9.0959587693214399 293.61626882851124 138.95887676626444 5.005270726978778
leaf_count=54 71 1368 618 31
internal_value=6.11311e-05 -0.00110863 -0.00215836 0.0323321
internal_weight=456.403 442.302 432.575 14.1012
internal_count=2142 2040 1986 102
is_linear=0
shrinkage=0.04


Tree=77
num_leaves=6
num_cat=0
split_feature=87 85 28 33 95
split_gain=10.681 15.5173 16.5091 13.0208 2.95158
threshold=2.11087388343786 0.91677463813528592 0.87942251609662547 -0.95251909892839992 -0.52470678904020362
decision_type=2 2 2 2 2
left_child=1 2 -1 -3 -2
right_child=4 3 -4 -5 -6
leaf_value=0.0050865262201119218 0.0055002855665066469 0.028756622133972051 -0.01976446075173343 -0.025629452806723494 0.04000186019327865
leaf_weight=328.55444557219744 6.7362041771411922 6.3379249125719062 47.143610127270222 55.978582799434662 11.059510730206965
leaf_count=1494 45 34 210 266 93
internal_value=7.50189e-05 -0.0012184 0.00188001 -0.0193759 0.0288172
internal_weight=455.81 438.015 375.698 62.3165 17.7957
internal_count=2142 2004 1704 300 138
is_linear=0
shrinkage=0.04


Tree=78
num_leaves=7
num_cat=0
split_feature=51 70 47 25 116 1
split_gain=10.6254 12.5625 18.7623 15.063 5.78905 4.74346
threshold=-1.2811305145651695 0.24166089945357586 0.56095829224493232 -0.52641068933725954 0.24787145273922759 -0.71611528282802228
decision_type=2 2 2 2 2 2
left_child=4 3 -3 -2 -1 -6
right_child=1 2 -4 -5 5 -7
leaf_value=0.00012088764025170773 0.010099137114253674 0.01740602684790098 -0.014353151575173488 -0.01168182345404056 0.046169381889836318 0.0074973672681975887
leaf_weight=14.369419515132902 64.600533708930016 97.916095435619354 40.644338347017765 215.45272167772055 12.979442324489353 9.0453516021370906
leaf_count=65 349 454 184 984 61 45
internal_value=7.83503e-05 -0.0017607 0.00801834 -0.00662157 0.0202213 0.0322335
internal_weight=455.008 418.614 138.56 280.053 36.3942 22.0248
internal_count=2142 1971 638 1333 171 106
is_linear=0
shrinkage=0.04


Tree=79
num_leaves=8
num_cat=0
split_feature=64 112 81 14 16 7 15
split_gain=10.5371 15.8542 19.1438 13.4266 17.2924 14.5702 10.0612
threshold=-0.10894425738938897 -1.1049208479683212 0.22796721498137337 -0.56315311055798611 1.0500960594899109 -0.29556125867405675 0.67078723625278991
decision_type=2 2 2 2 2 2 2
left_child=1 6 -3 5 -5 -2 -1
right_child=3 2 -4 4 -6 -7 -8
leaf_value=0.035397131657189711 0.018687199453280519 -0.020521661416324572 0.0074448542878551406 0.013123426046073557 -0.025378399798913768 -0.030575053120328502 -0.013052331727816066
leaf_weight=19.19396843016148 12.548193641006945 115.65386544167995 57.426203727722168 194.00451394915581 18.77682738751173 27.900575049221516 8.8700659498572332
leaf_count=111 61 514 284 907 91 132 42
internal_value=8.52679e-05 -0.006713 -0.0112636 0.00549552 0.00952116 -0.0151323 0.0202343
internal_weight=454.374 201.144 173.08 253.23 212.781 40.4488 28.064
internal_count=2142 951 798 1191 998 193 153
is_linear=0
shrinkage=0.04


Tree=80
num_leaves=6
num_cat=0
split_feature=37 74 79 36 28
split_gain=10.452 10.9337 14.9544 14.8178 1.90107
threshold=-1.097225253966341 -0.54794310719033157 0.32504344896535581 -0.044842156495092281 -0.61285676823625035
decision_type=2 2 2 2 2
left_child=4 3 -3 -2 -1
right_child=1 2 -4 -5 -6
leaf_value=0.043034607787025114 0.038684259426393433 -0.009666656581377284 0.0081931755967016226 0.0016639814302775652 0.010721516661996267
leaf_weight=7.857223354279995 21.481280207633972 244.95029427111149 105.97272793203592 66.448442213237286 6.6046033203601819
leaf_count=39 122 1119 521 299 42
internal_value=7.94283e-05 -0.00108946 -0.00425743 0.0113672 0.031373
internal_weight=453.315 438.853 350.923 87.9297 14.4618
internal_count=2142 2061 1640 421 81
is_linear=0
shrinkage=0.04


Tree=81
num_leaves=7
num_cat=0
split_feature=115 82 14 15 42 95
split_gain=10.27 12.2159 16.0863 15.9561 11.3449 6.29869
threshold=1.0199561665340844 -0.35772896942857535 1.092736598463165 -0.066906388689445706 0.62489987901409949 0.42022359249091462
decision_type=2 2 2 2 2 2
left_child=1 2 -1 -3 5 -2
right_child=4 3 -4 -5 -6 -7
leaf_value=-0.016107807054383919 -0.04401043134722165 0.015429375151497098 0.026662049698312242 -0.0026577820422746599 0.016283913453786231 -0.0037699441389838356
leaf_weight=90.401165053248405 18.614381037652496 146.43399342149496 14.739032015204428 163.50145057961345 9.3420252799987775 9.4911684691905958
leaf_count=404 89 694 67 800 42 46
internal_value=9.33229e-05 0.001938 -0.00972635 0.00593192 -0.019415 -0.0315745
internal_weight=452.523 415.076 105.14 309.935 37.4476 28.1055
internal_count=2142 1965 471 1494 177 135
is_linear=0
shrinkage=0.04


Tree=82
num_leaves=5
num_cat=0
split_feature=57 6 99 37
split_gain=10.3962 12.1766 15.0339 14.0013
threshold=1.2591543929379085 0.42871770992310559 0.57507464344710424 -1.0205802617656048
decision_type=2 2 2 2
left_child=1 3 -3 -1
right_child=-2 2 -4 -5
leaf_value=0.032906463517816488 0.037667381627896963 -0.0032374159489734467 -0.036282616127929844 0.00069723301028965943
leaf_weight=21.208870485424995 9.4817866608500463 81.076194524765015 28.484779514372349 311.74131375178695
leaf_count=107 54 394 139 1448
internal_value=8.79788e-05 -0.000883098 -0.0123253 0.00293319
internal_weight=451.993 442.511 109.561 332.95
internal_count=2142 2088 533 1555
is_linear=0
shrinkage=0.04


Tree=83
num_leaves=6
num_cat=0
split_feature=86 51 115 116 12
split_gain=10.0074 10.3578 11.9522 5.37942 1.34116
threshold=1.515516726643831 -1.2811305145651695 0.38649518170895308 0.24787145273922759 0.38395459302845208
decision_type=2 2 2 2 2
left_child=1 3 -3 -1 -2
right_child=4 2 -4 -5 -6
leaf_value=-0.00014404075189032559 0.039741250430043042 0.0013846683372794595 -0.013941064378097306 0.031157108131398017 0.0089757189839977589
leaf_weight=14.197365939617155 8.8655192181467992 292.13788969069719 110.71565800905228 20.965510208159685 4.6870397329330435
leaf_count=64 73 1338 536 102 29
internal_value=9.02692e-05 -0.0010247 -0.00287534 0.0191914 0.0316238
internal_weight=451.569 438.016 402.854 35.1629 13.5526
internal_count=2142 2040 1874 166 102
is_linear=0
shrinkage=0.04


Tree=84
num_leaves=7
num_cat=0
split_feature=80 63 112 5 27 24
split_gain=9.76043 13.2846 18.7646 12.1937 10.6282 0.181117
threshold=2.3244561455144983 -0.10307795473716672 -1.1049208479683212 -0.6892511953408379 0.23549153128939981 -0.26585872734785582
decision_type=2 2 2 2 2 2
left_child=1 2 -1 -3 5 -2
right_child=4 3 -4 -5 -6 -7
leaf_value=0.019424496179190957 0.022232178379920454 -0.017170804629315944 -0.015477257784966574 0.0081605263143420658 -0.0018613304578817315 0.048707197625485553
leaf_weight=27.668826952576637 6.4337766394019154 33.669283665716648 149.31156343221664 206.90859381854534 17.391662694513798 9.633781932294367
leaf_count=153 48 163 684 971 79 44
internal_value=9.89003e-05 -0.00160467 -0.00986469 0.00450302 0.0202502 0.0417406
internal_weight=451.017 417.558 176.98 240.578 33.4592 16.0676
internal_count=2142 1971 837 1134 171 92
is_linear=0
shrinkage=0.04


Tree=85
num_leaves=5
num_cat=0
split_feature=35 41 30 91
split_gain=9.66236 11.8573 16.676 14.6993
threshold=-1.362366010369416 -0.68308748792319529 0.14320501005353373 0.13114257168789537
decision_type=2 2 2 2
left_child=-1 3 -3 -2
right_child=1 2 -4 -5
leaf_value=0.036406775729996892 0.0074313769315796623 0.010277773606420515 -0.0065974129534508551 -0.029575487830320553
leaf_weight=9.4369357489049417 26.559142559766769 189.73098456859589 181.35074599832296 43.349156640470028
leaf_count=54 121 884 879 204
internal_value=0.0001068 -0.00083086 0.00203957 -0.0157004
internal_weight=450.427 440.99 371.082 69.9083
internal_count=2142 2088 1763 325
is_linear=0
shrinkage=0.04


Tree=86
num_leaves=5
num_cat=0
split_feature=57 6 99 37
split_gain=9.6156 10.9788 14.0892 13.1309
threshold=1.2591543929379085 0.42871770992310559 0.57507464344710424 -1.0205802617656048
decision_type=2 2 2 2
left_child=1 3 -3 -1
right_child=-2 2 -4 -5
leaf_value=0.032020274536840282 0.036539795918100949 -0.0029337393540805556 -0.03503479253883738 0.00064631847518034624
leaf_weight=20.925378486514091 9.3013449609279615 80.914426863193512 28.200831297785044 310.81053407490253
leaf_count=107 54 394 139 1448
internal_value=0.000105875 -0.000824379 -0.0117115 0.00280537
internal_weight=450.153 440.851 109.115 331.736
internal_count=2142 2088 533 1555
is_linear=0
shrinkage=0.04


Tree=87
num_leaves=6
num_cat=0
split_feature=80 81 59 28 13
split_gain=9.48979 11.422 12.3825 11.8448 4.56925
threshold=-0.91349472131882192 0.33271681164517602 2.3195702608057851 -0.34601526552390971 -0.67606331727571722
decision_type=2 2 2 2 2
left_child=4 2 -2 -3 -1
right_child=1 3 -4 -5 -6
leaf_value=0.0008572478475991108 -0.0074047855017562326 -0.012236821517523356 0.03104712697754184 0.014641018843462989 0.0413693487207255
leaf_weight=6.9583381265401867 280.32070039212704 32.910443134605885 12.113935276865957 106.5979018881917 10.820228703320025
leaf_count=31 1287 162 54 540 68
internal_value=0.000107385 -0.00112811 -0.00561186 0.00821712 0.0272034
internal_weight=449.722 431.943 292.435 139.508 17.7786
internal_count=2142 2043 1341 702 99
is_linear=0
shrinkage=0.04


Tree=88
num_leaves=6
num_cat=0
split_feature=86 80 110 13 5
split_gain=9.34637 9.69956 11.094 5.8325 1.19994
threshold=1.515516726643831 -0.91349472131882192 0.22884074129961438 -0.7410481254078255 0.3841874335942978
decision_type=2 2 2 2 2
left_child=1 3 -3 -1 -2
right_child=4 2 -4 -5 -6
leaf_value=-0.0042564046760333926 0.039019727567019873 -0.0077680159652053693 0.0053640951965618867 0.04146278549072991 0.0093266606725824833
leaf_weight=6.182555407285693 8.4391222856938821 241.86048045754433 176.27697340399027 11.383182421326635 4.7496290504932395
leaf_count=27 72 1089 852 72 30
internal_value=0.000116084 -0.000954852 -0.00223264 0.0265809 0.0309626
internal_weight=448.892 435.703 418.137 17.5657 13.1888
internal_count=2142 2040 1941 99 102
is_linear=0
shrinkage=0.04


Tree=89
num_leaves=6
num_cat=0
split_feature=16 37 38 104 88
split_gain=9.12382 10.357 13.6581 8.63766 7.68664
threshold=1.0621460847125328 -0.93333119997846203 -0.43776881519582117 0.10750574595365568 -0.44615867116887475
decision_type=2 2 2 2 2
left_child=1 3 -3 -1 -2
right_child=4 2 -4 -5 -6
leaf_value=0.0017774802739119677 -0.0016101644177618721 -0.01495550513604116 0.0035597196000564848 0.041510002554582544 -0.042163749415114853
leaf_weight=17.180759191513062 15.82937739044428 78.240573719143867 308.11176621168852 16.254863806068897 12.461964473128317
leaf_count=81 76 354 1482 89 60
internal_value=0.000127192 0.00164947 -0.000247526 0.0223462 -0.0210779
internal_weight=448.079 419.788 386.352 33.4356 28.2913
internal_count=2142 2006 1836 170 136
is_linear=0
shrinkage=0.04


Tree=90
num_leaves=7
num_cat=0
split_feature=115 86 42 51 16 36
split_gain=9.31986 13.1057 11.0773 10.5726 9.05869 6.4253
threshold=1.0199561665340844 1.0127748002445067 0.63109464685690986 -1.069933116111965 0.77935650127741807 -0.54167667616258253
decision_type=2 2 2 2 2 2
left_child=1 3 5 -1 -3 -2
right_child=2 4 -4 -5 -6 -7
leaf_value=0.021168461206075639 -0.0083467369476028404 0.040227928096473187 0.018223468991974801 -0.0021280007681529819 -0.010179260058441145 -0.046856021264504832
leaf_weight=32.18304868042469 13.594622164964674 20.259518653154377 8.5796349197626096 351.47097083181143 6.7363511174917212 14.787124626338484
leaf_count=147 66 167 39 1620 31 72
internal_value=0.000120096 0.00188523 -0.0185811 -7.41181e-05 0.0278152 -0.0301741
internal_weight=447.611 410.65 36.9614 383.654 26.9959 28.3817
internal_count=2142 1965 177 1767 198 138
is_linear=0
shrinkage=0.04


Tree=91
num_leaves=7
num_cat=0
split_feature=106 31 73 31 86 42
split_gain=9.11758 30.2872 12.5713 13.5156 13.4582 4.91447
threshold=0.68244409737432576 -0.75163029837948392 -0.18000101796010981 1.0158816699493187 0.4788834629423469 0.47634544188625688
decision_type=2 2 2 2 2 2
left_child=2 -2 3 -1 -4 -3
right_child=1 5 4 -5 -6 -7
leaf_value=0.015801609751296592 0.035273177852667453 -0.03735265858297683 -0.0073093472047274771 -0.0207226624683449 0.018312880521303195 -0.0047014229343174596
leaf_weight=130.89774047583342 13.086361169815062 33.669510416686535 205.4623194783926 16.713993392884731 37.005367621779442 10.094354286789892
leaf_count=664 65 162 918 77 207 49
internal_value=0.000118088 -0.0145635 0.00232116 0.0114443 -0.00328106 -0.0303561
internal_weight=446.93 56.8502 390.079 147.612 242.468 43.7639
internal_count=2142 276 1866 741 1125 211
is_linear=0
shrinkage=0.04


Tree=92
num_leaves=7
num_cat=0
split_feature=64 24 88 14 39 34
split_gain=9.05745 14.3327 14.9453 12.6135 15.3394 15.0993
threshold=-0.10894425738938897 -1.0561666552183673 -0.65890585226863163 -0.56315311055798611 -0.43478396546532927 0.99954615068048114
decision_type=2 2 2 2 2 2
left_child=1 -1 -3 4 -2 -5
right_child=3 2 -4 5 -6 -7
leaf_value=0.032762149199469702 0.032546642123531297 0.021419542932723409 -0.013217906533400683 0.012651268154905927 -0.026604210229867 -0.022394508197013299
leaf_weight=12.099370434880255 7.0010944306850424 20.82553043961525 164.15818473696709 188.94604665413499 32.491479009389877 20.095335811376572
leaf_count=76 39 91 784 907 154 91
internal_value=0.000113506 -0.00625581 -0.00913101 0.00517388 -0.0150548 0.00910198
internal_weight=445.617 197.083 184.984 248.534 39.4926 209.041
internal_count=2142 951 875 1191 193 998
is_linear=0
shrinkage=0.04


Tree=93
num_leaves=7
num_cat=0
split_feature=82 74 9 105 39 25
split_gain=8.80045 11.5894 15.0048 14.1527 7.74523 2.62547
threshold=-0.55386086207541319 -0.018492106081602767 -0.44013944046853054 1.055085111485869 0.079756093293643637 0.32226596291120707
decision_type=2 2 2 2 2 2
left_child=4 3 -3 -2 5 -1
right_child=1 2 -4 -5 -6 -7
leaf_value=-0.011668516072722542 0.012268116970734672 0.0085613712055254906 -0.012462400841672057 -0.026148246012761157 0.010496918227085735 -0.042298007517398817
leaf_weight=9.2911740988493019 173.24653720110655 86.479756001383066 139.25810927152634 14.945644363760946 8.721476808190344 12.962527208030222
leaf_count=49 852 407 667 66 40 61
internal_value=0.000116009 0.00169245 -0.00440378 0.00897432 -0.0197753 -0.0315266
internal_weight=444.905 413.93 225.738 188.192 30.9752 22.2537
internal_count=2142 1992 1074 918 150 110
is_linear=0
shrinkage=0.04


Tree=94
num_leaves=8
num_cat=0
split_feature=80 47 39 14 20 106 7
split_gain=8.71996 11.8062 18.6888 10.1088 9.35166 6.73803 0.379271
threshold=2.3244561455144983 -0.82555983741461081 -0.32004809395276151 -0.60119099694086653 0.21092477991348466 0.17584663234149714 0.48955371905419948
decision_type=2 2 2 2 2 2 2
left_child=1 2 -1 -3 6 -6 -2
right_child=4 3 -4 -5 5 -7 -8
leaf_value=0.019017509477854026 0.049205474482368741 -0.01351095262385113 -0.044561521922312303 0.003460914500007667 -0.024356687532773598 0.020544535119789372 0.022286725621285804
leaf_weight=9.5560202226042765 7.8459601551294309 66.258516646921635 20.906568847596645 314.62037844955921 8.3247642889618891 9.0976915061473829 7.4751747436821461
leaf_count=52 38 312 101 1506 38 42 53
internal_value=0.000100293 -0.00151794 -0.0246741 0.000453299 0.0193465 -0.00120892 0.0401617
internal_weight=444.085 411.341 30.4626 380.879 32.7436 17.4225 15.3211
internal_count=2142 1971 153 1818 171 80 91
is_linear=0
shrinkage=0.04


Tree=95
num_leaves=5
num_cat=0
split_feature=35 41 30 91
split_gain=8.72221 10.577 14.639 14.3705
threshold=-1.3122569646359672 -0.68308748792319529 0.14320501005353373 0.13114257168789537
decision_type=2 2 2 2
left_child=-1 3 -3 -2
right_child=1 2 -4 -5
leaf_value=0.03243524999860864 0.0079024208855488793 0.0096555362431914905 -0.0062963187106510801 -0.029060024291829696
leaf_weight=10.96221563592553 26.088281005620956 186.29398207738996 178.18008393794298 42.062472689896822
leaf_count=63 120 880 878 201
internal_value=0.000102224 -0.000862544 0.00186537 -0.0150888
internal_weight=443.587 432.625 364.474 68.1508
internal_count=2142 2079 1758 321
is_linear=0
shrinkage=0.04


Tree=96
num_leaves=5
num_cat=0
split_feature=57 30 14 100
split_gain=8.63942 9.61535 13.3583 11.5045
threshold=1.2591543929379085 0.17988247153353273 -0.57723048291106527 0.71734800049929082
decision_type=2 2 2 2
left_child=1 2 -1 -3
right_child=-2 3 -4 -5
leaf_value=-0.011526404195652283 0.035198567739677493 -0.0045432022721204638 0.0090765764986272986 -0.038315170244503038
leaf_weight=65.194958172738552 8.9465341642498952 152.93303753808141 200.04164327308536 16.16018008440733
leaf_count=307 54 743 954 84
internal_value=0.000100904 -0.00078008 0.00396402 -0.00818094
internal_weight=443.276 434.33 265.237 169.093
internal_count=2142 2088 1261 827
is_linear=0
shrinkage=0.04


Tree=97
num_leaves=7
num_cat=0
split_feature=115 86 42 51 16 105
split_gain=8.63179 11.9702 10.5771 9.5965 8.50656 5.92633
threshold=1.0199561665340844 1.0127748002445067 0.63109464685690986 -1.069933116111965 0.77935650127741807 0.55265409276116761
decision_type=2 2 2 2 2 2
left_child=1 3 5 -1 -3 -2
right_child=2 4 -4 -5 -6 -7
leaf_value=0.020234615189058076 -0.042790296929700683 0.039480736116305259 0.017943660250894916 -0.0020275216221746183 -0.0097241150617203894 -0.004612680006003473
leaf_weight=31.985967412590981 17.24466156959534 19.338223170489076 8.5351419597864133 348.42901290208101 6.7083961591124526 10.631059199571608
leaf_count=147 86 167 39 1620 31 52
internal_value=9.4969e-05 0.00179933 -0.0180342 -5.96457e-05 0.0270181 -0.0295139
internal_weight=442.872 406.462 36.4109 380.415 26.0466 27.8757
internal_count=2142 1965 177 1767 198 138
is_linear=0
shrinkage=0.04


Tree=98
num_leaves=5
num_cat=0
split_feature=36 106 4 73
split_gain=8.408 9.64042 21.1396 12.7358
threshold=-1.3485250905597284 0.68244409737432576 -0.93650530693753209 -0.10407911708724665
decision_type=2 2 2 2
left_child=-1 3 -3 -2
right_child=1 2 -4 -5
leaf_value=0.032300147230306837 0.0099812991650825109 0.032559395122031438 -0.028102524866994678 -0.0048098471628753563
leaf_weight=10.604108732193707 159.22025623545051 9.7048457525670511 44.035565987229347 218.67586396634579
leaf_count=63 795 46 216 1022
internal_value=9.51558e-05 -0.000841356 -0.0163726 0.0014419
internal_weight=442.241 431.637 53.7404 377.896
internal_count=2142 2079 262 1817
is_linear=0
shrinkage=0.04


Tree=99
num_leaves=8
num_cat=0
split_feature=64 39 112 5 5 116 61
split_gain=8.46246 13.9326 15.1519 11.8593 13.0189 12.6489 8.3358
threshold=-0.10894425738938897 1.4071196580523964 -1.1049208479683212 -0.67753423706839577 1.089242254925457 0.65582060406444909 -1.2588403192209088
decision_type=2 2 2 2 2 2 2
left_child=1 2 -1 5 -5 -2 -3
right_child=3 6 -4 4 -6 -7 -8
leaf_value=0.017413187845694917 -0.03030221648070882 -0.0090899371462635215 -0.015149324967808447 0.011279891968642793 -0.026102182866351364 0.021356135098835102 0.036849876192685767
leaf_weight=25.33044122159481 25.037169419229031 8.7692735902965087 145.46002271026373 197.84417196363211 14.228867672383783 8.9088966622948629 15.788224302232264
leaf_count=143 116 56 679 956 68 51 73
internal_value=9.89917e-05 -0.0060827 -0.0101742 0.00501694 0.00855134 -0.0163109 0.020996
internal_weight=441.367 195.348 170.79 246.019 212.073 33.9461 24.5575
internal_count=2142 951 822 1191 1024 167 129
is_linear=0
shrinkage=0.04


Tree=100
num_leaves=6
num_cat=0
split_feature=37 110 25 42 3
split_gain=8.46149 9.00777 17.7024 13.4291 2.30226
threshold=-1.097225253966341 0.47216235614749158 0.44227834129288662 0.38983036833723367 0.18401086559286414
decision_type=2 2 2 2 2
left_child=4 3 -3 -2 -1
right_child=1 2 -4 -5 -6
leaf_value=0.042823196194277581 -0.010194610660682795 0.018870036601660759 -0.011994373940686935 0.0080950179847459561 0.0082900151953599517
leaf_weight=6.8614115454256517 211.08401644229889 81.50045882537961 44.490767277777195 90.219609782099724 6.5637332648038864
leaf_count=39 1012 432 203 414 42
internal_value=9.64658e-05 -0.000949837 0.0079539 -0.00470086 0.0292034
internal_weight=440.72 427.295 125.991 301.304 13.4251
internal_count=2142 2061 635 1426 81
is_linear=0
shrinkage=0.04


Tree=101
num_leaves=6
num_cat=0
split_feature=80 81 28 43 39
split_gain=8.37611 9.39105 10.9758 10.6252 4.43261
threshold=-0.91349472131882192 0.33271681164517602 -0.34601526552390971 -0.71467373267941114 -0.70085660766743985
decision_type=2 2 2 2 2
left_child=4 3 -3 -2 -1
right_child=1 2 -4 -5 -6
leaf_value=-0.00066758192442436138 0.014852979761091701 -0.012304082862554052 0.013792857240131301 -0.0080562912352843061 0.040036738393950284
leaf_weight=6.4139358997344997 35.267921462655067 32.352142177522182 104.08080795034766 251.56546724587679 10.490391883999107
leaf_count=29 164 162 540 1177 70
internal_value=0.000103322 -0.00105527 0.00751617 -0.00515611 0.0261558
internal_weight=440.171 423.266 136.433 286.833 16.9043
internal_count=2142 2043 702 1341 99
is_linear=0
shrinkage=0.04


Tree=102
num_leaves=6
num_cat=0
split_feature=4 80 97 13 13
split_gain=8.10218 10.5454 10.6194 4.07284 2.83412
threshold=1.1487576788352569 -0.91349472131882192 -0.17703894029953812 0.81799695419869167 -0.68740006434346845
decision_type=2 2 2 2 2
left_child=1 4 -3 -2 -1
right_child=3 2 -4 -5 -6
leaf_value=0.0067057607323938598 -0.038254923781574551 -0.0075697851282050281 0.0054975510065865939 -0.002197706417077035 0.043564941655614253
leaf_weight=5.8885406702756873 10.771744213998319 169.39641765877604 235.23220639675856 8.6736611723899824 9.4839033707976323
leaf_count=27 51 822 1131 45 66
internal_value=0.000108545 0.00132691 1.66297e-05 -0.0238764 0.0318432
internal_weight=439.446 420.001 404.629 19.4454 15.3724
internal_count=2142 2046 1953 96 93
is_linear=0
shrinkage=0.04


Tree=103
num_leaves=7
num_cat=0
split_feature=115 86 42 85 16 101
split_gain=8.04677 10.9012 9.87871 9.30091 8.16132 6.19288
threshold=1.0199561665340844 1.0127748002445067 0.63109464685690986 0.91677463813528592 0.77935650127741807 0.30989291710999961
decision_type=2 2 2 2 2 2
left_child=1 3 5 -1 -3 -2
right_child=2 4 -4 -5 -6 -7
leaf_value=0.002711620398069201 -0.041977990206816876 0.038769966668968689 0.017301714682844728 -0.014338567826424141 -0.0096648231831435796 -0.0027659238252859199
leaf_weight=319.03736962378025 17.357729986310009 18.58170605823398 8.4961485564708692 58.901027023792267 6.6909209489822379 10.107364207506178
leaf_count=1458 86 167 39 309 31 52
internal_value=0.00010601 0.00175527 -0.0175043 -7.11175e-06 0.0261785 -0.0287149
internal_weight=439.172 403.211 35.9612 377.938 25.2726 27.4651
internal_count=2142 1965 177 1767 198 138
is_linear=0
shrinkage=0.04


Tree=104
num_leaves=5
num_cat=0
split_feature=35 115 86 42
split_gain=8.02323 8.55552 11.5053 7.74636
threshold=-1.3122569646359672 0.94400628188823033 1.0127748002445067 0.62489987901409949
decision_type=2 2 2 2
left_child=-1 2 -2 -3
right_child=1 3 -4 -5
leaf_value=0.031454169196779853 -0.00079807826713062992 -0.027748528785423651 0.026938123278017909 0.011131424733621631
leaf_weight=10.683834346011279 364.52960150688887 29.830284774303436 23.603267587721348 9.8040261864662153
leaf_count=63 1691 154 189 45
internal_value=0.00010057 -0.000825245 0.00101808 -0.0180584
internal_weight=438.451 427.767 388.133 39.6343
internal_count=2142 2079 1880 199
is_linear=0
shrinkage=0.04


Tree=105
num_leaves=7
num_cat=0
split_feature=82 115 97 11 38 103
split_gain=7.95573 10.7585 15.001 10.9908 7.11807 1.49157
threshold=-0.54809610684579757 -0.69662009742121389 -0.19158891740347986 -0.21121510702174309 -0.48709875032242872 -0.4888191917977851
decision_type=2 2 2 2 2 2
left_child=4 3 -3 -2 -1 -6
right_child=1 2 -4 -5 5 -7
leaf_value=0.0083176717547582633 0.039959776780354901 -0.012740132870873163 0.0047950320932490268 0.0034506314532775227 -0.042304534573472649 -0.017153380658683777
leaf_weight=10.169853299856184 20.04409209266305 113.79321207106113 237.58582019805908 33.916702210903168 9.2334315776824933 13.067286647856237
leaf_count=47 115 534 1140 194 43 69
internal_value=0.000104495 0.00166547 -0.000923652 0.0179556 -0.0183477 -0.0301917
internal_weight=437.81 405.34 351.379 53.9608 32.4706 22.3007
internal_count=2142 1983 1674 309 159 112
is_linear=0
shrinkage=0.04


Tree=106
num_leaves=6
num_cat=0
split_feature=37 59 116 74 76
split_gain=7.85527 9.12573 16.0334 12.3353 2.24492
threshold=-1.097225253966341 -0.13693173683682816 -0.34979372944099446 -0.16785112456220827 -0.52454949403009399
decision_type=2 2 2 2 2
left_child=4 2 -2 -3 -1
right_child=1 3 -4 -5 -6
leaf_value=0.043374129415491083 -0.025303385051043788 0.016808883393414655 0.0004874973126176589 -0.0020959997905146653 0.0091000487939684079
leaf_weight=6.0018507093191147 55.185660749673843 79.187897481024265 118.2287677899003 171.52994563058019 7.1567349731922132
leaf_count=29 248 402 552 859 52
internal_value=9.78386e-05 -0.000909155 -0.00791485 0.00396078 0.0283932
internal_weight=437.291 424.132 173.414 250.718 13.1586
internal_count=2142 2061 800 1261 81
is_linear=0
shrinkage=0.04


Tree=107
num_leaves=7
num_cat=0
split_feature=16 74 69 37 81 101
split_gain=7.91261 10.1977 15.2828 14.5137 7.29256 0.732181
threshold=1.0621460847125328 -0.3691879312320846 0.72552746869857598 -0.93333119997846203 0.096595965163619221 0.17012987544733993
decision_type=2 2 2 2 2 2
left_child=1 2 -1 -3 5 -2
right_child=4 3 -4 -5 -6 -7
leaf_value=0.017579359958928679 -0.044022965633359439 0.024775611506552556 -0.027985781269627238 -0.0049803168376720891 0.0055720852749914828 -0.018586112651237396
leaf_weight=93.811344683170319 8.6319633275270515 26.963296882808208 11.609638765454291 276.84311254695058 10.667540691792963 8.2299478948116285
leaf_count=484 43 132 51 1339 53 40
internal_value=0.000101836 0.00153755 0.0121338 -0.00219467 -0.0198988 -0.034895
internal_weight=436.757 409.227 105.421 303.806 27.5295 16.8619
internal_count=2142 2006 535 1471 136 83
is_linear=0
shrinkage=0.04


Tree=108
num_leaves=8
num_cat=0
split_feature=51 106 31 36 118 66 15
split_gain=7.916 9.52988 20.5748 10.6386 5.40565 5.33516 2.64097
threshold=-1.2811305145651695 0.68244409737432576 -0.75163029837948392 0.31618733206371347 0.35697200934489776 -0.99523269685977012 -0.57067595440332686
decision_type=2 2 2 2 2 2 2
left_child=4 3 -3 -2 6 -6 -1
right_child=1 2 -4 -5 5 -7 -8
leaf_value=0.011168190634523715 0.0061256326222953348 0.031272287211143238 -0.030856108065044466 -0.0080945340837627906 0.020802359534956068 -0.018255404099705136 0.045962193853135984
leaf_weight=7.5468097738921669 220.48815447092056 9.1052909307181817 37.97419860213995 133.42248664796352 9.6379887685179728 8.7991826012730581 9.0303347967565042
leaf_count=38 1135 44 190 602 44 44 45
internal_value=8.92493e-05 -0.00153716 -0.0180556 0.000749342 0.0177919 0.00219963 0.0330298
internal_weight=436.004 400.99 47.0795 353.911 35.0143 18.4372 16.5771
internal_count=2142 1971 234 1737 171 88 83
is_linear=0
shrinkage=0.04


Tree=109
num_leaves=8
num_cat=0
split_feature=64 10 33 5 112 92 28
split_gain=7.64328 12.866 13.0175 11.118 12.1128 11.2283 8.84389
threshold=-0.10894425738938897 -0.69030137184259666 -0.95251909892839992 -0.6892511953408379 -0.5565131186131318 -0.43336572637359022 -0.71813925324287919
decision_type=2 2 2 2 2 2 2
left_child=1 6 -3 5 -5 -2 -1
right_child=3 2 -4 4 -6 -7 -8
leaf_value=0.0033311568073580923 -0.044477675693234991 0.03554496349265767 -0.0047884876097435422 -0.0099117997337015915 0.013148483938140035 0.002112449670720256 -0.044430823390805098
leaf_weight=8.4813281893730181 11.69982013106346 11.955581918358801 153.43715360760689 44.987799540162086 165.48979678750038 20.476582735776901 18.690369673073292
leaf_count=38 53 70 754 222 808 108 89
internal_value=9.60945e-05 -0.00582138 -0.00148309 0.00480126 0.00817264 -0.0164399 -0.0303162
internal_weight=435.218 192.564 165.393 242.654 210.478 32.1764 27.1717
internal_count=2142 951 824 1191 1030 161 127
is_linear=0
shrinkage=0.04


Tree=110
num_leaves=7
num_cat=0
split_feature=30 41 33 63 38 63
split_gain=7.59628 12.0803 12.2943 11.369 9.31773 13.695
threshold=0.17988247153353273 -0.68308748792319529 -0.9940820918875003 -1.4075019712748122 1.8445084290518705 -0.41044025544824897
decision_type=2 2 2 2 2 2
left_child=1 3 -3 -1 5 -2
right_child=4 2 -4 -5 -6 -7
leaf_value=0.036833989497797523 -0.028018747670482531 0.050282811327155681 0.0069515532004638739 -0.014801521727000113 0.026079151517771192 -0.0018772121086230982
leaf_weight=5.6917993277311316 41.985531579703093 9.2138320133090001 182.7993099167943 64.188705952838063 11.215690080076454 119.50716937333345
leaf_count=25 206 53 876 315 62 605
internal_value=8.30758e-05 0.00436589 0.00952773 -0.00968794 -0.00638699 -0.00893321
internal_weight=434.602 261.894 192.013 69.8805 172.708 161.493
internal_count=2142 1269 929 340 873 811
is_linear=0
shrinkage=0.04


Tree=111
num_leaves=6
num_cat=0
split_feature=87 85 28 12 95
split_gain=7.46363 12.0371 13.0716 10.6188 3.24217
threshold=2.11087388343786 0.91677463813528592 0.87942251609662547 -0.29576470878225741 -0.52470678904020362
decision_type=2 2 2 2 2
left_child=1 2 -1 -3 -2
right_child=4 3 -4 -5 -6
leaf_value=0.0047190556928831621 0.0012985347236578613 0.0021733455343454491 -0.017836789375011722 -0.031576451545251343 0.038229214950449453
leaf_weight=314.94404496997595 5.9135112985968581 25.33679486066103 45.251782655715942 33.44035279750824 9.4450707305222732
leaf_count=1494 45 131 210 169 93
internal_value=9.39658e-05 -0.000966361 0.0018025 -0.0174353 0.0257977
internal_weight=434.332 418.973 360.196 58.7771 15.3586
internal_count=2142 2004 1704 300 138
is_linear=0
shrinkage=0.04


Tree=112
num_leaves=5
num_cat=0
split_feature=36 106 31 73
split_gain=7.4958 8.34935 20.0361 10.7498
threshold=-1.3485250905597284 0.68244409737432576 -0.75163029837948392 -0.10407911708724665
decision_type=2 2 2 2
left_child=-1 3 -3 -2
right_child=1 2 -4 -5
leaf_value=0.031057248670858177 0.009280506567426983 0.029422765587564452 -0.027890767261100777 -0.0044382766615181611
leaf_weight=10.158440385013817 155.85150825977325 10.805638723075388 41.613775782287121 215.15566758438945
leaf_count=63 795 52 210 1022
internal_value=8.97836e-05 -0.00079567 -0.0154291 0.00134353
internal_weight=433.585 423.427 52.4194 371.007
internal_count=2142 2079 262 1817
is_linear=0
shrinkage=0.04


Tree=113
num_leaves=5
num_cat=0
split_feature=57 6 106 14
split_gain=7.25042 8.97207 10.4589 10.3406
threshold=1.2591543929379085 0.42871770992310559 0.63456586011391269 -0.57723048291106527
decision_type=2 2 2 2
left_child=1 3 -3 -1
right_child=-2 2 -4 -5
leaf_value=-0.010501021436294835 0.032952185182262297 -0.0052895198498122435 -0.040142186260471044 0.0065049740432603607
leaf_weight=72.31141721829772 8.4859250858426076 89.995410457253456 14.46308998018503 247.46422235481441
leaf_count=349 54 455 78 1206
internal_value=9.30959e-05 -0.000715718 -0.0107786 0.00261801
internal_weight=432.72 424.234 104.459 319.776
internal_count=2142 2088 533 1555
is_linear=0
shrinkage=0.04


Tree=114
num_leaves=7
num_cat=0
split_feature=80 47 39 81 27 24
split_gain=7.33043 11.3417 15.9881 8.79578 8.65526 0.431911
threshold=2.3244561455144983 -0.82555983741461081 -0.32004809395276151 -0.027018228758864133 0.23549153128939981 -0.26585872734785582
decision_type=2 2 2 2 2 2
left_child=1 2 -1 -3 5 -2
right_child=4 3 -4 -5 -6 -7
leaf_value=0.016823869349090258 0.018250322777885308 -0.005707202641454797 -0.043032956506730134 0.0065424581890265489 -0.0019067882125322997 0.045491696917512141
leaf_weight=9.2029715105891245 5.5974309649318483 181.95522603392601 20.274281859397888 189.35720297694206 16.881427302956581 9.0516442805528623
leaf_count=52 48 887 101 931 79 44
internal_value=8.61959e-05 -0.0014101 -0.0244637 0.000541307 0.0180555 0.0385255
internal_weight=432.32 400.79 29.4773 371.312 31.5305 14.6491
internal_count=2142 1971 153 1818 171 92
is_linear=0
shrinkage=0.04


Tree=115
num_leaves=6
num_cat=0
split_feature=80 59 14 115 13
split_gain=7.29331 8.02952 13.767 11.1449 4.37235
threshold=-0.91349472131882192 -0.13693173683682816 1.0350234804333927 1.0199561665340844 -0.75941543232148823
decision_type=2 2 2 2 2
left_child=4 2 -2 -3 -1
right_child=1 3 -4 -5 -6
leaf_value=-0.002691125301551633 -0.012520118394540774 0.0070713641510271128 0.018306578623860863 -0.016786795970937206 0.038658559040977709
leaf_weight=5.789458915591239 143.08203887939453 212.12672490440309 25.76008240878582 34.758019112050533 10.183119986206291
leaf_count=26 664 1080 125 174 73
internal_value=8.96611e-05 -0.000984216 -0.00765767 0.00360455 0.0250392
internal_weight=431.699 415.727 168.842 246.885 15.9726
internal_count=2142 2043 789 1254 99
is_linear=0
shrinkage=0.04


Tree=116
num_leaves=8
num_cat=0
split_feature=51 37 110 118 28 15 3
split_gain=7.31255 8.0281 9.07047 5.14679 7.80854 2.47317 2.11431
threshold=-1.2811305145651695 -1.097225253966341 0.47216235614749158 0.35697200934489776 0.34916634720956485 -0.57067595440332686 0.18401086559286414
decision_type=2 2 2 2 2 2 2
left_child=3 6 -3 5 -5 -1 -2
right_child=1 2 -4 4 -6 -7 -8
leaf_value=0.010846914241998681 0.040854920039395282 -0.0066222204699129131 0.006667962052237816 -0.021709172762331565 0.025695364193802629 0.044740327075052495 0.0072164804990852349
leaf_weight=7.4647525809705284 6.4523120410740358 267.38373130559921 116.38041728921235 9.2360915541648883 9.0169166624546033 8.9074142985045892 6.2347357533872128
leaf_count=38 39 1289 602 45 43 45 41
internal_value=9.23719e-05 -0.00148028 -0.00257816 0.0171964 0.00193341 0.03215 0.0275579
internal_weight=431.076 396.451 383.764 34.6252 18.253 16.3722 12.687
internal_count=2142 1971 1891 171 88 83 80
is_linear=0
shrinkage=0.04


Tree=117
num_leaves=6
num_cat=0
split_feature=22 80 97 39 25
split_gain=7.12606 9.32913 9.15234 3.55501 2.63951
threshold=1.1884240251482596 -0.91349472131882192 -0.17703894029953812 1.0336456476642988 -0.069232044280108276
decision_type=2 2 2 2 2
left_child=1 4 -3 -2 -1
right_child=3 2 -4 -5 -6
leaf_value=0.0093573524071678786 -0.035531273570655955 -0.0070667598307115973 0.0051757050851246834 -0.0012963022780013553 0.045140340159712578
leaf_weight=7.1393815837800503 11.005348391830923 166.3387727253139 230.85363652557135 7.991939239203929 7.3284650892019254
leaf_count=49 53 822 1131 43 44
internal_value=0.000108939 0.00126235 3.90089e-05 -0.0226243 0.0307636
internal_weight=430.658 411.66 397.192 18.9973 14.4678
internal_count=2142 2046 1953 96 93
is_linear=0
shrinkage=0.04


Tree=118
num_leaves=6
num_cat=0
split_feature=16 74 69 42 74
split_gain=7.05565 8.93947 13.597 13.3181 6.68548
threshold=1.0621460847125328 -0.3691879312320846 0.72552746869857598 1.0285373868268224 -0.70783091566076373
decision_type=2 2 2 2 2
left_child=1 2 -1 -3 -2
right_child=4 3 -4 -5 -6
leaf_value=0.016646406568493321 0.0039052047771549227 -0.0039874522185630503 -0.02657319251234105 0.033925867384002967 -0.034704840070490225
leaf_weight=92.405700959265232 11.604073792696001 285.96030591800809 11.465670317411421 13.635552063584326 15.358932808041571
leaf_count=484 57 1411 51 60 79
internal_value=0.000107761 0.00146969 0.0114638 -0.00204836 -0.018966
internal_weight=430.43 403.467 103.871 299.596 26.963
internal_count=2142 2006 535 1471 136
is_linear=0
shrinkage=0.04


Tree=119
num_leaves=5
num_cat=0
split_feature=36 41 9 98
split_gain=6.98875 8.11398 12.89 11.1614
threshold=-1.3485250905597284 -0.68308748792319529 -0.26464959680152028 -0.60699018187808518
decision_type=2 2 2 2
left_child=-1 3 -3 -2
right_child=1 2 -4 -5
leaf_value=0.030203910509410896 0.013556377947175371 0.013938174051179135 -0.0030363274373434307 -0.022537487783316622
leaf_weight=9.9983558245003206 17.064407631754875 97.198302328586578 255.32410059869289 50.285226553678513
leaf_count=63 77 460 1294 248
internal_value=0.000101389 -0.00075523 0.00169615 -0.0132652
internal_weight=429.87 419.872 352.522 67.3496
internal_count=2142 2079 1754 325
is_linear=0
shrinkage=0.04


end of trees

feature_importances:
Column_115=38
Column_36=29
Column_86=28
Column_81=27
Column_110=26
Column_28=23
Column_80=23
Column_87=22
Column_37=20
Column_82=19
Column_106=19
Column_42=18
Column_39=17
Column_31=16
Column_95=14
Column_104=14
Column_12=13
Column_14=13
Column_74=13
Column_25=12
Column_33=12
Column_24=11
Column_70=11
Column_47=10
Column_73=10
Column_79=10
Column_15=9
Column_16=9
Column_64=9
Column_4=8
Column_34=8
Column_35=8
Column_13=7
Column_5=6
Column_41=6
Column_51=6
Column_112=6
Column_114=6
Column_9=5
Column_10=5
Column_40=5
Column_63=5
Column_116=5
Column_20=4
Column_30=4
Column_57=4
Column_59=4
Column_61=4
Column_85=4
Column_92=4
Column_103=4
Column_3=3
Column_6=3
Column_7=3
Column_38=3
Column_68=3
Column_75=3
Column_88=3
Column_97=3
Column_118=3
Column_18=2
Column_27=2
Column_58=2
Column_67=2
Column_69=2
Column_91=2
Column_94=2
Column_98=2
Column_99=2
Column_101=2
Column_105=2
Column_108=2
Column_1=1
Column_11=1
Column_22=1
Column_43=1
Column_53=1
Column_60=1
Column_66=1
Column_72=1
Column_76=1
Column_77=1
Column_89=1
Column_93=1
Column_100=1
Column_109=1
Column_117=1

parameters:
[boosting: gbdt]
[objective: binary]
[metric: binary_logloss]
[tree_learner: serial]
[device_type: cpu]
[data_sample_strategy: bagging]
[data: ]
[valid: ]
[num_iterations: 120]
[learning_rate: 0.04]
[num_leaves: 15]
[num_threads: 2]
[seed: 42]
[deterministic: 0]
[force_col_wise: 0]
[force_row_wise: 0]
[histogram_pool_size: -1]
[max_depth: 3]
[min_data_in_leaf: 40]
[min_sum_hessian_in_leaf: 0.001]
[bagging_fraction: 0.85]
[pos_bagging_fraction: 1]
[neg_bagging_fraction: 1]
[bagging_freq: 0]
[bagging_seed: 400]
[bagging_by_query: 0]
[feature_fraction: 0.8]
[feature_fraction_bynode: 1]
[feature_fraction_seed: 30056]
[extra_trees: 0]
[extra_seed: 12879]
[early_stopping_round: 0]
[early_stopping_min_delta: 0]
[first_metric_only: 0]
[max_delta_step: 0]
[lambda_l1: 0]
[lambda_l2: 2]
[linear_lambda: 0]
[min_gain_to_split: 0]
[drop_rate: 0.1]
[max_drop: 50]
[skip_drop: 0.5]
[xgboost_dart_mode: 0]
[uniform_drop: 0]
[drop_seed: 17869]
[top_rate: 0.2]
[other_rate: 0.1]
[min_data_per_group: 100]
[max_cat_threshold: 32]
[cat_l2: 10]
[cat_smooth: 10]
[max_cat_to_onehot: 4]
[top_k: 20]
[monotone_constraints: ]
[monotone_constraints_method: basic]
[monotone_penalty: 0]
[feature_contri: ]
[forcedsplits_filename: ]
[refit_decay_rate: 0.9]
[cegb_tradeoff: 1]
[cegb_penalty_split: 0]
[cegb_penalty_feature_lazy: ]
[cegb_penalty_feature_coupled: ]
[path_smooth: 0]
[interaction_constraints: ]
[verbosity: -1]
[saved_feature_importance_type: 0]
[use_quantized_grad: 0]
[num_grad_quant_bins: 4]
[quant_train_renew_leaf: 0]
[stochastic_rounding: 1]
[linear_tree: 0]
[max_bin: 255]
[max_bin_by_feature: ]
[min_data_in_bin: 3]
[bin_construct_sample_cnt: 200000]
[data_random_seed: 175]
[is_enable_sparse: 1]
[enable_bundle: 1]
[use_missing: 1]
[zero_as_missing: 0]
[feature_pre_filter: 1]
[pre_partition: 0]
[two_round: 0]
[header: 0]
[label_column: ]
[weight_column: ]
[group_column: ]
[ignore_column: ]
[categorical_feature: ]
[forcedbins_filename: ]
[precise_float_parser: 0]
[parser_config_file: ]
[objective_seed: 16083]
[num_class: 1]
[is_unbalance: 0]
[scale_pos_weight: 1]
[sigmoid: 1]
[boost_from_average: 1]
[reg_sqrt: 0]
[alpha: 0.9]
[fair_c: 1]
[poisson_max_delta_step: 0.7]
[tweedie_variance_power: 1.5]
[lambdarank_truncation_level: 30]
[lambdarank_norm: 1]
[label_gain: ]
[lambdarank_position_bias_regularization: 0]
[eval_at: ]
[multi_error_top_k: 1]
[auc_mu_weights: ]
[num_machines: 1]
[local_listen_port: 12400]
[time_out: 120]
[machine_list_filename: ]
[machines: ]
[gpu_platform_id: -1]
[gpu_device_id: -1]
[gpu_device_id_list: ]
[gpu_use_dp: 0]
[num_gpu: 1]

end of parameters

pandas_categorical:null
