tree
version=v4
num_class=1
num_tree_per_iteration=1
label_index=0
max_feature_idx=118
objective=quantile
feature_names=Column_0 Column_1 Column_2 Column_3 Column_4 Column_5 Column_6 Column_7 Column_8 Column_9 Column_10 Column_11 Column_12 Column_13 Column_14 Column_15 Column_16 Column_17 Column_18 Column_19 Column_20 Column_21 Column_22 Column_23 Column_24 Column_25 Column_26 Column_27 Column_28 Column_29 Column_30 Column_31 Column_32 Column_33 Column_34 Column_35 Column_36 Column_37 Column_38 Column_39 Column_40 Column_41 Column_42 Column_43 Column_44 Column_45 Column_46 Column_47 Column_48 Column_49 Column_50 Column_51 Column_52 Column_53 Column_54 Column_55 Column_56 Column_57 Column_58 Column_59 Column_60 Column_61 Column_62 Column_63 Column_64 Column_65 Column_66 Column_67 Column_68 Column_69 Column_70 Column_71 Column_72 Column_73 Column_74 Column_75 Column_76 Column_77 Column_78 Column_79 Column_80 Column_81 Column_82 Column_83 Column_84 Column_85 Column_86 Column_87 Column_88 Column_89 Column_90 Column_91 Column_92 Column_93 Column_94 Column_95 Column_96 Column_97 Column_98 Column_99 Column_100 Column_101 Column_102 Column_103 Column_104 Column_105 Column_106 Column_107 Column_108 Column_109 Column_110 Column_111 Column_112 Column_113 Column_114 Column_115 Column_116 Column_117 Column_118
feature_infos=[-6.1494263252328025:6.6061960993655529] [-5.6522784346433577:5.4832838684511591] [-4.8559241605259214:4.1477959605288151] [-4.33888282187307:3.824279883304142] [-3.6414431646999081:2.1625018577196875] [-2.584660181685583:2.3755294842494035] [-4.2285280778511627:3.9729044606645747] [-1.3381510876261198:6.4766165432213398] [-1.6783332715664483:1.6290114926236889] [-3.5975055655820118:2.2047623296026582] [-1.4896162687556538:5.2197471217980853] [-2.4465927334399118:2.1345520030130363] [-2.5447284368719827:2.4509230795873793] [-1.4552411016693578:3.9207061093180591] [-2.8232168863287725:2.6238444139443988] [-1.578419311864117:1.6219208859723271] [-1.7641344462963811:1.7858000541608721] [-0.9555316294552727:0.77153972766360324] [-1.0014586054677583:0.78312327608897747] [-0.95553162945527259:0.77153972766360335] [-2.236022825448658:1.6628352523810395] [-4.0101948763906297:4.1136839338227524] [-3.2941972767850598:2.3034162605961641] [-2.330090478874141:2.610391676138732] [-2.1497203954504807:1.5849148362405623] [-2.1580666772069192:1.5776500705641745] [-3.3740672975345571:2.0325201033051816] [-1.78685205411133:1.4187506318541363] [-1.1740389847534209:3.6353595895542314] [-3.7029372328752115:4.2663329863372192] [-3.6928841446672904:4.4999448642381603] [-3.0645141778222365:3.2695631752433072] [-3.1876180100898388:3.4367669681823227] [-1.9650602119963321:2.0854736061815387] [-2.2048070207626553:2.2377199059736479] [-1.7870279372344176:1.7595132022350959] [-1.8118353004790653:1.8481789149766474] [-1.5818531459409828:3.8317327797649186] [-1.4717876624517972:4.9894452178114053] [-1.4482381781921132:3.8021014741433574] [-1.1766149869204305:3.1686055099290296] [-1.6677591782064429:1.4478383247540301] [-1.97860756207653:1.7379185936070511] [-1.8738137062410385:14.029786202998315] [-181.8676745335967:162.37016701151938] [-397.40505650234456:131.2649119205891] [-325.94020498646915:76.491907701529883] [-1.3726837840162185:2.8311544749495972] [-1.9442321499051451:1.9988497826964602] [-1.1939428390087008:9.0184297688006829] [-4.8797530978009371:4.443622956831601] [-8.9976670568740182:6.6833137351881202] [-1:1] [-0.83333333333333337:1] [0:1] [0:1] [-6.4047156225222386:3.3341970520779416] [-2.9921316023223743:2.2722183253291721] [-2.3188574790080199:2.1983317192307692] [-1.0641717865348141:3.109165003299446] [-2.2569775924697169:1.8436964290932365] [-2.6611769355386707:0.55844612798166771] [-4.5411529035394462:3.6757536127437742] [-3.2753891089851783:2.4642842810957788] [-2.9496960929589218:2.0704061731140517] [-3.0492585173359399:3.997020471703594] [-3.4013406933631081:2.2570305485626045] [-2.2920747121329543:1.5799927445346897] [-0.9478825388445028:2.1446192663460937] [-2.0436656999992779:1.2371074081227864] [-1.3740090300471668:0.35241732705539019] [-4.525540226857852:7.1421988438634587] [-4.1951379978685965:5.854363850293332] [-2.4360070041401345:4.2308794416620072] [-1.2789996049275307:4.8332299486974764] [-1.1995200493852389:7.9639652798064224] [-1.0859219244900009:2.3006975765388638] [-6.5367895696088674:6.7073473359072455] [-4.5902263932938059:3.5532217461542404] [-3.3362295653270166:3.669601970798464] [-1.2103947788856002:3.5448267214798435] [-1.7492582356046078:4.326002286467336] [-0.7841322370702436:2.0005146080155143] [-11.32703163466349:11.105335188711166] [-5.9612414146408881:5.2190346539849655] [-3.6529578367215239:4.0245515238104321] [-0.99303799465963494:3.0489392696515356] [-2.187787418289969:4.264994612816337] [-1.3394030597733593:0.73043373982817406] [-3.9510544801765133:2.9642181446572184] [-3.4899660730333029:3.060403858141302] [-2.5314097556064912:1.7177773326879078] [-1.2686046620856066:3.0527887643434344] [-1.9996997211690439:1.8290971815506269] [-1.4050804549025588:0.47400153606163398] [-5.2567068122514806:2.6350421120750878] [-3.9889467347548617:3.4026258704799917] [-1.8241257739893431:2.7355288883320719] [-1.4530535419961319:4.1432370169171557] [-1.6517628774159003:4.387061124633802] [-1.4710938262346245:1.1929356080011335] [-4.2531948684837353:2.4368701735741731] [-3.7612608519904582:3.4923494232901628] [-1.8974280614639452:2.5965043880301386] [-1.4643086829627063:3.9475622535160353] [-1.4986959863574343:3.8064190164794147] [-1.4486101005755379:1.1374218824344038] [-3.4200107359923004:3.7181960458765135] [-2.2298902782856893:2.6792187739290445] [-1.972366955776762:2.0491065850626997] [-1.4679832832005844:2.0686730800067834] [-1.4524841859704558:1.8967311786050898] [-2.1675284767264524:0.57906891098412872] [-3.0803370434432149:3.271570682463576] [-2.7824577473515886:3.58808894075865] [-1.6675850293785217:2.3805251008513824] [-0.86439570251993936:2.919768428348954] [-1.4130858841661282:2.285489754159626] [-1.3943396325113102:0.9957277852179961]
tree_sizes=846 852 775 865 771 865 777 778 775 861 866 774 778 769 775 782 866 782 690 867 784 872 783 689 864 776 783 868 873 783 781 863 607 862 775 782 785 863 782 784 774 783 780 868 860 609 597 604 608 868 859 773 864 865 687 872 777 693 867 600 774 774 774 694 692 780 606 786 869 693 774 688 869 770 778 690 780 859 783 778 863 684 857 774 600 690 780 782 771 770 776 679 775 516 693 690 776 859 787 599 692 783 692 691 873 699 606 778 609 684 772 609 607 783 689 876 694 607 517 609

Tree=0
num_leaves=8
num_cat=0
split_feature=81 87 75 104 47 110 68
split_gain=25.7806 21.1167 16.1024 10.8892 7.35807 6.24144 0.705771
threshold=0.37166829593417633 2.1242481308198014 -0.06866844215893074 -0.17527683678599462 -0.60722008201193201 0.27353334724102735 1.0240390258625574
decision_type=2 2 2 2 2 2 2
left_child=1 2 -1 4 -2 -5 -3
right_child=3 6 -4 5 -6 -7 -8
leaf_value=0.0047046940308064222 0.0037145454436540602 0.0063329441845417023 0.003853032663464546 0.005246034972369671 0.0050579194724559781 0.0059627573192119598 0.0057471849769353866
leaf_weight=696 57 48 699 114 291 195 42
leaf_count=696 57 48 699 114 291 195 42
internal_value=0.00468998 0.00177135 0.000552544 0.0112757 0.00640427 0.0167157 0.0203422
internal_weight=2142 1485 1395 657 348 309 90
internal_count=2142 1485 1395 657 348 309 90
is_linear=0
shrinkage=1


Tree=1
num_leaves=8
num_cat=0
split_feature=81 80 86 104 47 110 7
split_gain=24.3746 16.9837 15.9458 10.5908 7.22932 6.40345 2.29826
threshold=0.37166829593417633 -0.90761894125226084 1.0127748002445067 -0.17527683678599462 -0.60722008201193201 0.27353334724102735 -0.21115807191785069
decision_type=2 2 2 2 2 2 2
left_child=1 6 -3 4 -2 -5 -1
right_child=3 2 -4 5 -6 -7 -8
leaf_value=0.00045679235700517892 -0.00093641835451126101 -0.00049377479720860717 0.00086401209924370065 0.00053381159305572511 0.00035322071313858032 0.0012218650460243225 0.0018041284054517745
leaf_weight=44 57 1236 144 114 291 195 61
leaf_count=44 57 1236 144 114 291 195 61
internal_value=0 -0.00283793 -0.00402315 0.00640364 0.0016 0.0117685 0.0125234
internal_weight=2142 1485 1380 657 348 309 105
internal_count=2142 1485 1380 657 348 309 105
is_linear=0
shrinkage=0.04


Tree=2
num_leaves=7
num_cat=0
split_feature=87 115 36 68 60 66
split_gain=23.8214 25.7071 19.7908 8.73847 4.83836 0.594008
threshold=1.5659260195206344 0.37877865794292637 0.31618733206371347 1.3550127031579529 -1.1166760092637251 -0.90866897012883963
decision_type=2 2 2 2 2 2
left_child=1 2 -1 5 -3 -2
right_child=3 4 -4 -5 -6 -7
leaf_value=0.00046832123414054517 0.00095069939184188853 0.00050243992382287977 -0.00035556488106399775 -7.1202125340700154e-05 -0.00096092863636463883 0.0012700118502192198
leaf_weight=792 42 45 567 54 522 120
leaf_count=792 42 45 567 54 522 120
internal_value=-5.59701e-05 -0.00147303 0.00151359 0.0124771 -0.0086116 0.0170732
internal_weight=2142 1926 1359 216 567 162
internal_count=2142 1926 1359 216 567 162
is_linear=0
shrinkage=0.04


Tree=3
num_leaves=8
num_cat=0
split_feature=81 80 86 104 47 110 7
split_gain=22.6981 16.8064 15.7262 8.6039 6.72712 4.75549 2.29826
threshold=0.37166829593417633 -0.90761894125226084 1.0127748002445067 -0.17527683678599462 -0.60722008201193201 -0.092316476598005445 -0.21115807191785069
decision_type=2 2 2 2 2 2 2
left_child=1 6 -3 4 -2 -5 -1
right_child=3 2 -4 5 -6 -7 -8
leaf_value=0.00044837281076945369 -0.0008793632076701521 -0.00046171070839129386 0.00079913542518153784 0.00045216259632796047 0.00037394787125080822 0.0011431149535118044 0.0016811627952249347
leaf_weight=44 57 1236 144 84 291 225 61
leaf_count=44 57 1236 144 84 291 225 61
internal_value=-1.86567e-05 -0.00275723 -0.00393632 0.00616085 0.00182857 0.0109968 0.0125234
internal_weight=2142 1485 1380 657 348 309 105
internal_count=2142 1485 1380 657 348 309 105
is_linear=0
shrinkage=0.04


Tree=4
num_leaves=7
num_cat=0
split_feature=87 115 36 68 60 25
split_gain=23.2689 25.0557 18.9043 8.51017 4.78436 0.539786
threshold=1.5659260195206344 0.37877865794292637 0.31618733206371347 1.3550127031579529 -1.1166760092637251 -0.51050082406630193
decision_type=2 2 2 2 2 2
left_child=1 2 -1 5 -3 -2
right_child=3 4 -4 -5 -6 -7
leaf_value=0.00044376855323077736 0.0010768868425110936 0.00046425582301684614 -0.0003228738574857861 -8.1982125229482371e-05 -0.00090402306257440161 0.0010385669406142981
leaf_weight=792 93 45 567 54 522 69
leaf_count=792 93 45 567 54 522 69
internal_value=-9.32836e-05 -0.00149378 0.00145481 0.0122936 -0.0085413 0.0168293
internal_weight=2142 1926 1359 216 567 162
internal_count=2142 1926 1359 216 567 162
is_linear=0
shrinkage=0.04


Tree=5
num_leaves=8
num_cat=0
split_feature=81 36 74 104 80 85 110
split_gain=21.7153 16.033 23.9633 7.91789 6.79246 6.45983 4.45905
threshold=0.37166829593417633 0.31618733206371347 -0.54794310719033157 -0.17527683678599462 3.0638466882587507 0.57964133306276111 -0.092316476598005445
decision_type=2 2 2 2 2 2 2
left_child=1 2 -1 5 -3 -2 -5
right_child=3 4 -4 6 -6 -7 -8
leaf_value=0.0012363699386965896 0.00035518950360763607 -0.00077516935586217407 -0.00025062464260889054 0.00045463556824949488 0.00078333258808371072 -0.00092098006469261114 0.0010786995611525736
leaf_weight=157 297 425 861 84 42 51 225
leaf_count=157 297 425 861 84 42 51 225
internal_value=5.59701e-05 -0.00262273 0.000196078 0.00610015 -0.008742 0.00194286 0.0107395
internal_weight=2142 1485 1018 657 467 348 309
internal_count=2142 1485 1018 657 467 348 309
is_linear=0
shrinkage=0.04


Tree=6
num_leaves=7
num_cat=0
split_feature=87 115 36 68 4 35
split_gain=22.0361 22.931 16.5174 7.40816 5.10392 0.746313
threshold=1.5659260195206344 0.37877865794292637 0.31618733206371347 1.3550127031579529 -0.81968390416366721 -0.30143706053012986
decision_type=2 2 2 2 2 2
left_child=1 2 -1 5 -3 -2
right_child=3 4 -4 -5 -6 -7
leaf_value=0.00040760042319874291 0.0010355515787064706 -8.4621410397305103e-05 -0.00029212850197168216 -7.7840537034052658e-05 -0.00091933834883010381 0.00093870874275868074
leaf_weight=792 121 115 567 54 452 41
leaf_count=792 121 115 567 54 452 41
internal_value=5.59701e-05 -0.00130705 0.00151359 0.0121101 -0.00804921 0.0163415
internal_weight=2142 1926 1359 216 567 162
internal_count=2142 1926 1359 216 567 162
is_linear=0
shrinkage=0.04


Tree=7
num_leaves=7
num_cat=0
split_feature=87 115 36 68 4 36
split_gain=20.4513 22.3465 15.3131 6.99106 4.82192 0.889444
threshold=1.5659260195206344 0.37877865794292637 0.31618733206371347 1.3550127031579529 -0.81968390416366721 -0.38380513315555914
decision_type=2 2 2 2 2 2
left_child=1 2 -1 5 -3 -2
right_child=3 4 -4 -5 -6 -7
leaf_value=0.00039129640627079312 0.00096520779893163422 -8.1236553981412914e-05 -0.00028044336189281488 -7.4726915552690549e-05 -0.00088256481487689975 0.0010255572896241461
leaf_weight=792 120 115 567 54 452 42
leaf_count=792 120 115 567 54 452 42
internal_value=0.000130597 -0.00118257 0.00160176 0.0117431 -0.00783831 0.0158537
internal_weight=2142 1926 1359 216 567 162
internal_count=2142 1926 1359 216 567 162
is_linear=0
shrinkage=0.04


Tree=8
num_leaves=7
num_cat=0
split_feature=87 115 81 68 4 115
split_gain=20.0694 20.5505 15.8958 6.78705 4.54792 1.08007
threshold=1.5659260195206344 0.37877865794292637 0.10445857627091526 1.3550127031579529 -0.81968390416366721 0.79923286973139807
decision_type=2 2 2 2 2 2
left_child=1 2 -1 5 -3 -2
right_child=3 4 -4 -5 -6 -7
leaf_value=-0.00019872329779936355 0.0014774018335719544 -7.7987091822156389e-05 0.0006134143522016106 -7.1737838930582915e-05 -0.0008472622222818238 0.00070843145780685886
leaf_weight=789 105 115 570 54 452 57
leaf_count=789 105 115 570 54 452 57
internal_value=5.59701e-05 -0.00124481 0.00142542 0.0115596 -0.00762742 0.0156098
internal_weight=2142 1926 1359 216 567 162
internal_count=2142 1926 1359 216 567 162
is_linear=0
shrinkage=0.04


Tree=9
num_leaves=8
num_cat=0
split_feature=87 70 28 117 74 37 47
split_gain=18.8094 17.7574 14.0709 13.9507 5.01408 4.44968 0.378165
threshold=1.5659260195206344 0.24166089945357586 0.92543115164506851 0.021151364026910102 -0.021876068298046569 1.1047568150754929 0.0076876844344487402
decision_type=2 2 2 2 2 2 2
left_child=1 3 -3 -1 6 -6 -2
right_child=4 2 -4 -5 5 -7 -8
leaf_value=4.138557603633068e-05 0.0012765061363516972 0.00057288966275478566 -0.00070232304062501207 -0.00076305164023560417 -0.00025675559528378451 0.0013122162414693972 0.00076819779407025777
leaf_weight=609 74 578 88 651 45 57 40
leaf_count=609 74 578 88 651 45 57 40
internal_value=5.59701e-05 -0.00120332 0.00407186 -0.00399366 0.0111927 0.00461538 0.0168966
internal_weight=2142 1926 666 1260 216 102 114
internal_count=2142 1926 666 1260 216 102 114
is_linear=0
shrinkage=0.04


Tree=10
num_leaves=8
num_cat=0
split_feature=87 81 75 73 74 105 47
split_gain=18.1947 17.262 12.3617 7.53166 5.34798 4.92615 0.378165
threshold=1.5659260195206344 0.37166829593417633 -0.06866844215893074 -0.12459690222187582 -0.021876068298046569 0.19723885029192953 0.0076876844344487402
decision_type=2 2 2 2 2 2 2
left_child=1 2 -1 -3 6 -6 -2
right_child=4 3 -4 -5 5 -7 -8
leaf_value=1.5666195026101184e-05 0.0012254458908976292 0.00086239937764343022 -0.00066556603444966949 0.00010457353051326064 -0.00023513204848964479 0.00095145981154958826 0.00073746988230744763
leaf_weight=666 74 222 687 351 45 57 40
leaf_count=666 74 222 687 351 45 57 40
internal_value=5.59701e-05 -0.00118257 -0.00364576 0.00462609 0.0110092 0.00423077 0.0168966
internal_weight=2142 1926 1353 573 216 102 114
internal_count=2142 1926 1353 573 216 102 114
is_linear=0
shrinkage=0.04


Tree=11
num_leaves=7
num_cat=0
split_feature=86 81 80 48 47 98
split_gain=17.3972 13.7609 17.4974 7.61474 6.55587 3.08103
threshold=1.0127748002445067 0.37166829593417633 -0.90761894125226084 0.82410914175705841 -0.60722008201193201 2.6106837356219406
decision_type=2 2 2 2 2 2
left_child=1 2 -1 5 -3 -2
right_child=3 4 -4 -5 -6 -7
leaf_value=0.0011233522336107557 0.00092340905230502103 -0.00072163070943620565 -0.00038078503202487501 -0.00024716212310007906 0.00050539406391395133 0.0003953445087536674
leaf_weight=105 146 66 1236 41 501 47
leaf_count=105 146 66 1236 41 501 47
internal_value=9.32836e-05 -0.00117277 -0.00338049 0.010339 0.00404218 0.013641
internal_weight=2142 1908 1341 234 567 193
internal_count=2142 1908 1341 234 567 193
is_linear=0
shrinkage=0.04


Tree=12
num_leaves=7
num_cat=0
split_feature=86 110 115 24 115 30
split_gain=17.8491 13.8892 12.7814 9.1157 7.41922 4.55933
threshold=1.0127748002445067 0.32274263965914946 -0.67133303238339426 1.0692514278521936 0.97817723838202864 0.62985916441380529
decision_type=2 2 2 2 2 2
left_child=1 2 -1 -3 5 -2
right_child=4 3 -4 -5 -6 -7
leaf_value=0.00093400061895283434 0.00094484665196529626 0.00040971225613873014 -0.00040326079933538067 -0.0014634364273050165 -0.00025526103205890079 0.00018225625765691146
leaf_weight=108 141 602 1155 43 42 51
leaf_count=108 141 602 1155 43 42 51
internal_value=0.000130597 -0.00115183 -0.00358893 0.00361669 0.0105085 0.0138144
internal_weight=2142 1908 1263 645 234 192
internal_count=2142 1908 1263 645 234 192
is_linear=0
shrinkage=0.04


Tree=13
num_leaves=7
num_cat=0
split_feature=87 81 75 75 68 74
split_gain=16.1192 15.4971 10.5549 7.25343 5.74262 1.26919
threshold=1.5659260195206344 0.37166829593417633 -0.06866844215893074 -0.71024322297049902 1.1939444696299815 -0.19858767858127688
decision_type=2 2 2 2 2 2
left_child=1 2 -1 -3 5 -2
right_child=4 3 -4 -5 -6 -7
leaf_value=1.1816085876220304e-05 0.0011724346366620566 0.0009546037104281699 -0.0006225806767615902 0.00030707862718403904 4.8400074212820369e-05 0.00051946752211725331
leaf_weight=666 90 60 687 513 66 60
leaf_count=666 90 60 687 513 66 60
internal_value=0.000149254 -0.0010166 -0.00335055 0.00448696 0.0104587 0.0147368
internal_weight=2142 1926 1353 573 216 150
internal_count=2142 1926 1353 573 216 150
is_linear=0
shrinkage=0.04


Tree=14
num_leaves=7
num_cat=0
split_feature=86 110 80 33 48 98
split_gain=15.2302 12.2555 15.3872 9.35306 7.89381 3.25533
threshold=1.0127748002445067 0.32274263965914946 -0.90761894125226084 1.1681581832840882 0.82410914175705841 2.6106837356219406
decision_type=2 2 2 2 2 2
left_child=1 2 -1 -3 5 -2
right_child=4 3 -4 -5 -6 -7
leaf_value=0.0010687217475755279 0.00083421030789090748 0.00042209302711928193 -0.00040041719419260365 -0.0012177958574854553 -0.00024503853191740118 0.00032095816144021865
leaf_weight=108 146 593 1155 52 41 47
leaf_count=108 146 593 1155 52 41 47
internal_value=7.46269e-05 -0.00110995 -0.00339921 0.0033694 0.00966102 0.0130256
internal_weight=2142 1908 1263 645 234 193
internal_count=2142 1908 1263 645 234 193
is_linear=0
shrinkage=0.04


Tree=15
num_leaves=7
num_cat=0
split_feature=115 110 25 37 25 82
split_gain=15.5555 13.695 15.285 14.2503 8.32767 1.82697
threshold=-0.85774757097376952 0.24608167729771926 0.42095251191277838 -0.93333119997846203 0.68500660540626968 -0.22469005432350755
decision_type=2 2 2 2 2 2
left_child=4 3 -3 -2 5 -1
right_child=1 2 -4 -5 -6 -7
leaf_value=0.00017944176582180416 0.00063526826143145616 0.00049752504622679579 -0.00052657051210790575 -0.00043973224302620492 -0.0001616019323371859 0.0010800372081955772
leaf_weight=40 124 551 166 1034 79 148
leaf_count=40 124 551 166 1034 79 148
internal_value=0.000149254 -0.00114012 0.00319889 -0.00382759 0.00914498 0.0136842
internal_weight=2142 1875 717 1158 267 188
internal_count=2142 1875 717 1158 267 188
is_linear=0
shrinkage=0.04


Tree=16
num_leaves=8
num_cat=0
split_feature=87 81 67 73 74 37 47
split_gain=15.3223 13.7879 10.0281 6.59938 5.43663 4.19212 0.191232
threshold=1.5659260195206344 0.37166829593417633 -0.28963243202149752 -0.12459690222187582 -0.021876068298046569 1.1047568150754929 0.0076876844344487402
decision_type=2 2 2 2 2 2 2
left_child=1 2 -1 -3 6 -6 -2
right_child=4 3 -4 -5 5 -7 -8
leaf_value=-0.00074208710876919851 0.0010015310274597209 0.00071633027838461565 -6.7714082875011144e-05 0.00011762809111097818 -0.00018933641008950119 0.0011813905290056538 0.00063857176361253962
leaf_weight=417 74 222 936 351 45 57 40
leaf_count=417 74 222 936 351 45 57 40
internal_value=0.000223881 -0.000912863 -0.00311439 0.00427826 0.0102752 0.00346154 0.0162069
internal_weight=2142 1926 1353 573 216 102 114
internal_count=2142 1926 1353 573 216 102 114
is_linear=0
shrinkage=0.04


Tree=17
num_leaves=7
num_cat=0
split_feature=82 86 106 31 37 37
split_gain=12.7014 11.3809 11.276 5.86286 2.84785 0.679051
threshold=-0.55386086207541319 1.0127748002445067 0.70291891407590323 0.39577447876026045 -0.43214535206766741 0.036475920951459302
decision_type=2 2 2 2 2 2
left_child=4 2 -2 -3 -1 -6
right_child=1 3 -4 -5 5 -7
leaf_value=-0.0002716101030568315 7.5974574429636292e-05 0.00096146978636133201 -0.00078006243569868209 0.00016419584231013696 -0.0012117251494713909 -0.0012328076352022227
leaf_weight=43 1542 116 231 103 67 40
leaf_count=43 1542 116 231 103 67 40
internal_value=9.32836e-05 0.000942828 -0.000123944 0.00950226 -0.0110526 -0.0144954
internal_weight=2142 1992 1773 219 150 107
internal_count=2142 1992 1773 219 150 107
is_linear=0
shrinkage=0.04


Tree=18
num_leaves=6
num_cat=0
split_feature=115 36 70 33 74
split_gain=15.2363 10.5797 9.60048 9.06505 3.10955
threshold=-0.85774757097376952 -1.3485250905597284 0.24166089945357586 1.0880587009851401 -0.3691879312320846
decision_type=2 2 2 2 2
left_child=3 -2 -3 4 -1
right_child=1 2 -4 -5 -6
leaf_value=0.00099539220747775319 0.0011806657523778822 -0.00028335502475245806 0.00022286617820421129 -0.00044976414074128301 0.0004002682782713174
leaf_weight=118 55 1254 566 43 106
leaf_count=118 55 1254 566 43 106
internal_value=9.32836e-05 -0.00118274 -0.0017124 0.00899628 0.0122124
internal_weight=2142 1875 1820 267 224
internal_count=2142 1875 1820 267 224
is_linear=0
shrinkage=0.04


Tree=19
num_leaves=8
num_cat=0
split_feature=81 36 74 104 47 80 74
split_gain=13.076 12.3623 18.3476 6.02242 7.48602 5.63367 3.79871
threshold=0.37166829593417633 0.31618733206371347 -0.54794310719033157 -0.17527683678599462 -0.60722008201193201 3.0638466882587507 0.52892570902101954
decision_type=2 2 2 2 2 2 2
left_child=1 2 -1 4 -2 -3 -5
right_child=3 5 -4 6 -6 -7 -8
leaf_value=0.0010539541006684447 -0.00097080177387503239 -0.00062589922714582197 -0.00014933124586866885 0.00044703176996265486 0.00028209575950822763 0.00073213124575857561 0.0010378494251701109
leaf_weight=157 57 425 861 171 291 42 138
leaf_count=157 57 425 861 171 291 42 138
internal_value=7.46269e-05 -0.00200403 0.000470588 0.0047648 0.00114286 -0.0073774 0.00881029
internal_weight=2142 1485 1018 657 348 467 309
internal_count=2142 1485 1018 657 348 467 309
is_linear=0
shrinkage=0.04


Tree=20
num_leaves=7
num_cat=0
split_feature=115 110 25 37 33 82
split_gain=14.7944 11.5921 13.6293 13.5186 7.95205 4.95703
threshold=-0.85774757097376952 0.24608167729771926 0.44227834129288662 -0.85149207915985048 1.0880587009851401 -0.23964930067799509
decision_type=2 2 2 2 2 2
left_child=4 3 -3 -2 5 -1
right_child=1 2 -4 -5 -6 -7
leaf_value=3.1124134447301561e-05 0.00050966845541737093 0.00044348182373066779 -0.0004714653458614493 -0.00041991193419922912 -0.00040673760602579878 0.00098141273232709683
leaf_weight=60 153 559 158 1005 43 164
leaf_count=60 153 559 158 1005 43 164
internal_value=7.46269e-05 -0.00118274 0.00280946 -0.00365517 0.00884758 0.0118584
internal_weight=2142 1875 717 1158 267 224
internal_count=2142 1875 717 1158 267 224
is_linear=0
shrinkage=0.04


Tree=21
num_leaves=8
num_cat=0
split_feature=81 74 36 37 104 85 74
split_gain=11.8814 11.3168 11.3934 9.43642 5.80103 4.26267 4.21601
threshold=0.37166829593417633 -0.54794310719033157 -0.06964971343013357 -0.93333119997846203 -0.17527683678599462 0.57964133306276111 0.52892570902101954
decision_type=2 2 2 2 2 2 2
left_child=1 2 -1 -3 5 -2 -6
right_child=4 3 -4 -5 6 -7 -8
leaf_value=0.0010188878130910407 0.00022412012359633999 0.00042943844588322176 -2.0393103057216033e-05 -0.00036746216669111489 0.00038989398987106477 -0.00065209585688053278 0.00097859617521407955
leaf_weight=99 297 133 195 1058 171 51 138
leaf_count=99 297 133 195 1058 171 51 138
internal_value=0.00011194 -0.00186954 0.00513514 -0.00360436 0.0045827 0.00102857 0.00855305
internal_weight=2142 1485 294 1191 657 348 309
internal_count=2142 1485 294 1191 657 348 309
is_linear=0
shrinkage=0.04


Tree=22
num_leaves=7
num_cat=0
split_feature=115 110 25 68 33 82
split_gain=14.2971 10.2188 12.4098 11.1446 7.80222 4.78046
threshold=-0.85774757097376952 0.24608167729771926 0.44227834129288662 0.030603489768722462 1.0880587009851401 -0.23964930067799509
decision_type=2 2 2 2 2 2
left_child=4 3 -3 -2 5 -1
right_child=1 2 -4 -5 -6 -7
leaf_value=4.4577655737054083e-05 -3.0663244794166578e-06 0.00041657592335246629 -0.00045179100790470266 -0.00076738000698310074 -0.0003757696151171222 0.00093833935792334803
leaf_weight=60 678 559 158 480 43 164
leaf_count=60 678 559 158 480 43 164
internal_value=7.46269e-05 -0.00116143 0.00258693 -0.00348276 0.00869888 0.0116814
internal_weight=2142 1875 717 1158 267 224
internal_count=2142 1875 717 1158 267 224
is_linear=0
shrinkage=0.04


Tree=23
num_leaves=6
num_cat=0
split_feature=115 36 110 33 82
split_gain=13.5664 9.57098 8.69143 7.6538 4.6071
threshold=-0.85774757097376952 -1.3485250905597284 0.77881362602872983 1.0880587009851401 -0.23964930067799509
decision_type=2 2 2 2 2
left_child=3 -2 -3 4 -1
right_child=1 2 -4 -5 -6
leaf_value=4.2794549507571929e-05 0.0010751892906301576 -0.00020354348268523961 0.00033772431302706767 -0.00036073883051243735 0.0009008057836064142
leaf_weight=60 55 1499 321 43 164
leaf_count=60 55 1499 321 43 164
internal_value=0.000149254 -0.00105487 -0.00155873 0.00855019 0.0115044
internal_weight=2142 1875 1820 267 224
internal_count=2142 1875 1820 267 224
is_linear=0
shrinkage=0.04


Tree=24
num_leaves=8
num_cat=0
split_feature=87 68 73 114 68 60 82
split_gain=10.4168 12.6575 12.7483 7.67611 4.96655 4.71829 1.37952
threshold=1.3103769733817241 0.078205022524584694 -0.10407911708724665 -0.30407769358665543 1.0914537272122842 -1.0676975921039853 0.26248224491402955
decision_type=2 2 2 2 2 2 2
left_child=1 2 -1 -3 6 -6 -2
right_child=4 3 -4 -5 5 -7 -8
leaf_value=0.00040935225683926772 0.0007505020905772987 2.4270073146270416e-05 -0.00013191261437950626 -0.00070952741047462906 0.0010037765678819093 -0.00018968301401759091 0.00039758287387052889
leaf_weight=468 90 273 663 477 54 63 54
leaf_count=468 90 273 663 477 54 63 54
internal_value=0.000223881 -0.000817844 0.00185349 -0.00484043 0.00768061 0.00151261 0.0126027
internal_weight=2142 1881 1131 750 261 117 144
internal_count=2142 1881 1131 750 261 117 144
is_linear=0
shrinkage=0.04


Tree=25
num_leaves=7
num_cat=0
split_feature=115 15 36 33 82 27
split_gain=12.221 9.82402 8.61397 7.21703 4.10619 2.70408
threshold=-0.85774757097376952 0.9245731848710087 -1.3485250905597284 1.0880587009851401 -0.23964930067799509 0.92378274908608549
decision_type=2 2 2 2 2 2
left_child=3 2 -2 4 -1 -3
right_child=1 5 -4 -5 -6 -7
leaf_value=3.9424267094576654e-05 0.0009920306562896746 -0.00084402307615477157 -4.7481693395078647e-05 -0.00034728008021779068 0.00084598992153969905 -0.00033364429109515587
leaf_weight=60 55 83 1687 43 164 50
leaf_count=60 55 83 1687 43 164 50
internal_value=0.000130597 -0.00101225 -0.000206422 0.00810409 0.0109735 -0.0114074
internal_weight=2142 1875 1742 267 224 133
internal_count=2142 1875 1742 267 224 133
is_linear=0
shrinkage=0.04


Tree=26
num_leaves=7
num_cat=0
split_feature=115 36 115 93 110 46
split_gain=11.6018 8.61276 8.34818 7.16805 3.53027 1.71589
threshold=-0.85774757097376952 -1.3485250905597284 0.97817723838202864 -0.92307199860231492 0.84245387970797603 -0.11947357479689895
decision_type=2 2 2 2 2 2
left_child=3 -2 -3 4 -1 -5
right_child=1 2 -4 5 -6 -7
leaf_value=0.00022010154406279774 0.00095234943003808773 -2.2774394044101018e-05 -0.00087666541541669908 0.00097014157872611889 -0.00042916778277052266 0.00061639930937087875
leaf_weight=54 55 1639 181 63 63 87
leaf_count=54 55 1639 181 63 63 87
internal_value=0.000186567 -0.000927011 -0.00140505 0.00795539 0.000504202 0.0136842
internal_weight=2142 1875 1820 267 117 150
internal_count=2142 1875 1820 267 117 150
is_linear=0
shrinkage=0.04


Tree=27
num_leaves=8
num_cat=0
split_feature=81 74 36 15 104 47 74
split_gain=10.3467 10.2967 11.2386 8.07661 4.6897 6.72545 3.02389
threshold=0.37166829593417633 -0.54794310719033157 -0.11298434327746265 0.78152199152442148 -0.17527683678599462 -0.60722008201193201 0.52892570902101954
decision_type=2 2 2 2 2 2 2
left_child=1 2 -1 -3 5 -2 -6
right_child=4 3 -4 -5 6 -7 -8
leaf_value=0.00095265364380304161 -0.00096181864420888884 -0.00014268936174839666 -9.344745077751616e-06 -0.00061648571344642266 0.00031277670019636049 0.00024311672169494521 0.00086974818297611304
leaf_weight=94 57 1049 200 142 171 291 138
leaf_count=94 57 1049 200 142 171 291 138
internal_value=0.00016791 -0.00168124 0.005 -0.00333613 0.00433991 0.00114286 0.00790997
internal_weight=2142 1485 294 1191 657 348 309
internal_count=2142 1485 294 1191 657 348 309
is_linear=0
shrinkage=0.04


Tree=28
num_leaves=8
num_cat=0
split_feature=115 110 25 37 93 37 62
split_gain=9.84199 8.71411 9.97702 9.64082 6.68942 3.01089 1.50239
threshold=-0.85774757097376952 0.094428803937716313 0.44227834129288662 -0.85149207915985048 -0.92307199860231492 -0.22428434768412875 -0.044986502278881867
decision_type=2 2 2 2 2 2 2
left_child=4 3 -3 -2 5 -1 -6
right_child=1 2 -4 -5 6 -7 -8
leaf_value=0.00015885916156179152 0.00048346395884347386 0.00034982543924900821 -0.00041847931051316122 -0.00037698384566048153 0.0011550567814892412 -0.00050094570021474928 0.00040521575917359769
leaf_weight=75 143 611 175 946 70 42 80
leaf_count=75 143 611 175 946 70 42 80
internal_value=0.000205224 -0.000820458 0.00238579 -0.00313474 0.00736059 0.000168067 0.0128947
internal_weight=2142 1875 786 1089 267 117 150
internal_count=2142 1875 786 1089 267 117 150
is_linear=0
shrinkage=0.04


Tree=29
num_leaves=7
num_cat=0
split_feature=82 115 92 34 10 84
split_gain=10.2577 11.8336 8.86279 5.44725 3.44967 1.02459
threshold=-0.55386086207541319 -0.81111261774936583 1.2883003733893119 0.91863898781070386 -0.50390345783378787 0.34617659617357327
decision_type=2 2 2 2 2 2
left_child=4 3 -3 -2 -1 -6
right_child=1 2 -4 -5 5 -7
leaf_value=-4.8790455504580878e-06 0.00064923446489320049 -5.2522015562833245e-05 0.00048130041535944485 -0.00013658008117064697 -0.0013894966861653386 -0.00090374684802870865
leaf_weight=45 205 1638 105 44 63 42
leaf_count=45 205 1638 105 44 63 42
internal_value=0.000279851 0.00104313 -0.000126074 0.00916335 -0.00973684 -0.0136449
internal_weight=2142 1992 1743 249 150 105
internal_count=2142 1992 1743 249 150 105
is_linear=0
shrinkage=0.04


Tree=30
num_leaves=7
num_cat=0
split_feature=115 36 92 106 81 22
split_gain=9.87693 10.7201 9.93335 9.06795 6.94454 5.08591
threshold=0.32740585480474854 0.31618733206371347 1.2883003733893119 0.70291891407590323 0.22796721498137337 -0.77960756534253484
decision_type=2 2 2 2 2 2
left_child=1 3 5 -1 -3 -2
right_child=2 4 -4 -5 -6 -7
leaf_value=0.00039821058884256105 7.5916918519438971e-05 -0.00035747688842063032 0.00043472312822061412 -0.00068279301580597915 0.00044710620238219034 -0.00058786163978665189
leaf_weight=798 128 369 72 84 195 496
leaf_count=798 128 369 72 84 195 496
internal_value=0.000298507 0.00218232 -0.00361032 0.00493213 -0.00212014 -0.00523962
internal_weight=2142 1446 696 882 564 624
internal_count=2142 1446 696 882 564 624
is_linear=0
shrinkage=0.04


Tree=31
num_leaves=8
num_cat=0
split_feature=86 67 19 28 27 10 53
split_gain=9.55103 8.23244 12.1459 10.2116 6.64669 3.12656 2.12933
threshold=1.0127748002445067 -0.1710793764171242 -0.35305906621011113 1.1879145775491198 0.38650843711311017 -0.041178737519340654 -0.24999999999999997
decision_type=2 2 2 2 2 2 2
left_child=1 2 -1 -3 6 -6 -2
right_child=4 3 -4 -5 5 -7 -8
leaf_value=3.829290439056502e-05 0.000870667392981159 0.00017541294999845605 -0.00067941486538514845 -0.0010853901576773196 0.00037785905091404504 -0.00016425450469210377 0.00082578501874619068
leaf_weight=383 52 1059 397 69 48 61 73
leaf_count=383 52 1059 397 69 48 61 73
internal_value=0.000205224 -0.000732984 -0.00388747 0.00145133 0.00779661 0.000540541 0.0140157
internal_weight=2142 1908 780 1128 234 109 125
internal_count=2142 1908 780 1128 234 109 125
is_linear=0
shrinkage=0.04


Tree=32
num_leaves=5
num_cat=0
split_feature=36 115 86 116
split_gain=9.19618 9.38382 9.86084 3.98674
threshold=-1.3485250905597284 0.97817723838202864 1.0127748002445067 0.92275885800378854
decision_type=2 2 2 2
left_child=-1 2 -2 -3
right_child=1 3 -4 -5
leaf_value=0.0011521406765883156 -1.6375244808764235e-05 -0.0014227341521979991 0.00042362283144238094 -0.00015048419503316363
leaf_weight=63 1715 100 183 81
leaf_count=63 1715 100 183 81
internal_value=0.000261194 -0.000201826 0.000631579 -0.00885246
internal_weight=2142 2079 1898 181
internal_count=2142 2079 1898 181
is_linear=0
shrinkage=0.04


Tree=33
num_leaves=8
num_cat=0
split_feature=115 87 30 86 63 15 42
split_gain=8.7659 9.29965 8.89934 6.60575 6.2969 5.27452 2.11363
threshold=0.3148246199268892 1.3103769733817241 0.062244458930688119 0.99773817360766615 -0.51143123279676972 -0.96311611984716528 -0.39516609228165206
decision_type=2 2 2 2 2 2 2
left_child=2 5 3 -1 -4 -2 -3
right_child=1 6 4 -5 -6 -7 -8
leaf_value=0.00024925458672854804 0.00025444386338362753 0.00050786778389327891 -0.00046695636940893403 0.00097880647857899201 7.6720003488968755e-05 -0.00060853476570101321 0.00015685226489434907
leaf_weight=638 69 46 195 53 551 522 68
leaf_count=638 69 46 195 53 551 522 68
internal_value=0.00016791 -0.00347949 0.00195969 0.00522367 -0.00106952 -0.00549747 0.00689655
internal_weight=2142 705 1437 691 746 591 114
internal_count=2142 705 1437 691 746 591 114
is_linear=0
shrinkage=0.04


Tree=34
num_leaves=7
num_cat=0
split_feature=31 73 106 86 81 47
split_gain=8.29776 10.9903 11.1808 7.24954 4.27777 1.9856
threshold=0.9630389944915122 -0.10407911708724665 0.71557794403883945 0.98342079915856562 0.15625573722632466 0.29237949604385788
decision_type=2 2 2 2 2 2
left_child=1 2 -1 -3 5 -2
right_child=4 3 -4 -5 -6 -7
leaf_value=0.0003747234206592689 -0.00041360709702527385 -0.00016737692713238695 -0.0011674036652442983 0.00050277982359839908 5.9750289751307958e-05 -0.00089903844668959895
leaf_weight=720 43 1084 67 79 55 94
leaf_count=720 43 1084 67 79 55 94
internal_value=0.000261194 0.00104508 0.00468948 -0.00142489 -0.00762887 -0.0113669
internal_weight=2142 1950 787 1163 192 137
internal_count=2142 1950 787 1163 192 137
is_linear=0
shrinkage=0.04


Tree=35
num_leaves=7
num_cat=0
split_feature=82 115 48 105 10 35
split_gain=8.56437 9.99776 8.60998 3.80011 3.3004 0.860573
threshold=-0.55386086207541319 -0.81111261774936583 1.0473256298278339 -0.42447554694361361 -0.49436437116208681 -0.1044082027659545
decision_type=2 2 2 2 2 2
left_child=4 3 -3 -2 -1 -6
right_child=1 2 -4 -5 5 -7
leaf_value=6.6680897789569293e-06 0.00058144999691890121 2.4864518136482224e-05 -0.00065760342318151824 9.1255243792662225e-05 -0.0009566464971803787 -0.0011707112128441024
leaf_weight=46 168 1637 106 81 40 64
leaf_count=46 168 1637 106 81 40 64
internal_value=0.000205224 0.000902708 -0.00017192 0.00836653 -0.00894737 -0.0128302
internal_weight=2142 1992 1743 249 150 104
internal_count=2142 1992 1743 249 150 104
is_linear=0
shrinkage=0.04


Tree=36
num_leaves=7
num_cat=0
split_feature=82 74 79 36 39 94
split_gain=7.97765 7.66978 10.8347 8.30879 3.18076 1.10611
threshold=-0.55386086207541319 -0.021876068298046569 0.30418484969766818 0.098451385279776413 0.079756093293643637 -0.83178975726032678
decision_type=2 2 2 2 2 2
left_child=4 3 -3 -2 5 -1
right_child=1 2 -4 -5 -6 -7
leaf_value=-0.00045237058615074557 0.00050993533069720095 -0.00030815078750706166 0.00022828259129645243 4.7828501129087815e-06 4.5398748928072317e-05 -0.00099036486884006704
leaf_weight=43 394 666 411 521 40 67
leaf_count=43 394 666 411 521 40 67
internal_value=0.000149254 0.000822467 -0.00146432 0.00351145 -0.00868421 -0.0121429
internal_weight=2142 1992 1077 915 150 110
internal_count=2142 1992 1077 915 150 110
is_linear=0
shrinkage=0.04


Tree=37
num_leaves=8
num_cat=0
split_feature=115 36 87 53 99 15 25
split_gain=8.42207 10.0333 8.88441 8.07619 6.97527 5.85761 1.94419
threshold=0.44301093597454649 0.31618733206371347 1.3103769733817241 -0.74999999999999989 0.98401478222748928 -0.96311611984716528 -0.51050082406630193
decision_type=2 2 2 2 2 2 2
left_child=1 4 5 -3 -1 -2 -4
right_child=2 3 6 -5 -6 -7 -8
leaf_value=0.00031658797740570315 0.00022820566248728802 0.0011740977702305181 0.00044006909827555259 -0.00028824643391795276 -0.00053343179271757952 -0.00063732057644093256 6.5943928387354747e-05
leaf_weight=863 65 66 48 518 107 430 45
leaf_count=863 65 66 48 518 107 430 45
internal_value=0.000205224 0.00174807 -0.00386441 -0.00238908 0.00423868 -0.00599598 0.00736842
internal_weight=2142 1554 588 584 970 495 93
internal_count=2142 1554 588 584 970 495 93
is_linear=0
shrinkage=0.04


Tree=38
num_leaves=7
num_cat=0
split_feature=82 31 74 114 39 103
split_gain=7.94403 8.702 10.2737 3.44497 3.18076 0.907057
threshold=-0.55386086207541319 1.0158816699493187 -0.22610851973635762 -0.44825136350634581 0.079756093293643637 -0.51192814040032852
decision_type=2 2 2 2 2 2
left_child=4 2 -2 -3 5 -1
right_child=1 3 -4 -5 -6 -7
leaf_value=-0.0010599116157654703 0.00047852475303310508 4.5440821636701308e-05 -1.9664724223049102e-05 -0.0010462048457399098 4.3015968101194418e-05 -0.00079856159915582016
leaf_weight=45 589 51 1246 106 40 65
leaf_count=45 589 51 1246 106 40 65
internal_value=0.000130597 0.000802407 0.00157866 -0.0081761 -0.00868421 -0.0121429
internal_weight=2142 1992 1835 157 150 110
internal_count=2142 1992 1835 157 150 110
is_linear=0
shrinkage=0.04


Tree=39
num_leaves=7
num_cat=0
split_feature=30 100 86 73 37 93
split_gain=7.51105 9.49715 8.97562 6.88477 5.60406 2.08597
threshold=0.052290009657916157 0.59706924023473895 1.0719806327135091 -0.26839178918002277 -0.91269817888004445 1.0000000180025095e-35
decision_type=2 2 2 2 2 2
left_child=2 3 4 -2 -1 -3
right_child=1 5 -4 -5 -6 -7
leaf_value=0.00073723425999475513 0.00015801938174417969 -0.0013541344286940283 0.00096385368880458442 -0.00021348940371420654 3.1531711103803852e-05 -0.00070384497744427506
leaf_weight=70 390 63 62 494 993 70
leaf_count=70 390 63 62 494 993 70
internal_value=7.46269e-05 -0.00241413 0.00232476 -0.000902935 0.00144601 -0.0122963
internal_weight=2142 1017 1125 884 1063 133
internal_count=2142 1017 1125 884 1063 133
is_linear=0
shrinkage=0.04


Tree=40
num_leaves=7
num_cat=0
split_feature=31 73 106 79 81 20
split_gain=7.52992 9.24358 8.89402 7.62778 4.09291 2.1438
threshold=0.9630389944915122 -0.10407911708724665 0.71557794403883945 1.1484232533492149 0.15625573722632466 0.8590015269097363
decision_type=2 2 2 2 2 2
left_child=1 2 -1 -3 5 -2
right_child=4 3 -4 -5 -6 -7
leaf_value=0.00033391498904467612 -0.0011241575857761608 -0.00013872052260236834 -0.0011160013313220296 0.00066615091609864346 0.00010152423667623589 -0.00052630252429274906
leaf_weight=720 85 1085 67 78 55 52
leaf_count=720 85 1085 67 78 55 52
internal_value=9.32836e-05 0.000840164 0.00418251 -0.00142489 -0.00742268 -0.0110791
internal_weight=2142 1950 787 1163 192 137
internal_count=2142 1950 787 1163 192 137
is_linear=0
shrinkage=0.04


Tree=41
num_leaves=7
num_cat=0
split_feature=82 115 15 34 46 82
split_gain=7.60769 8.46157 7.61057 4.29153 3.60903 1.24458
threshold=-0.55386086207541319 -0.81111261774936583 0.9245731848710087 0.91863898781070386 -0.74009749090132149 -0.65542702386641893
decision_type=2 2 2 2 2 2
left_child=4 3 -3 -2 -1 -6
right_child=1 2 -4 -5 5 -7
leaf_value=2.8390454101142361e-05 0.00050973561515215327 2.4034345179961488e-05 -0.00054731002820417084 -0.00012714119205054305 -0.001131729984704897 -0.00081399852800675249
leaf_weight=43 205 1621 122 44 55 52
leaf_count=43 205 1621 122 44 55 52
internal_value=0.000205224 0.000862588 -0.000126074 0.00772908 -0.00842105 -0.0122936
internal_weight=2142 1992 1743 249 150 107
internal_count=2142 1992 1743 249 150 107
is_linear=0
shrinkage=0.04


Tree=42
num_leaves=7
num_cat=0
split_feature=82 115 36 37 10 84
split_gain=7.54209 7.46555 8.3476 3.98347 3.55758 0.946586
threshold=-0.55386086207541319 1.0199561665340844 0.31618733206371347 0.20846041529200701 -0.49436437116208681 0.34617659617357327
decision_type=2 2 2 2 2 2
left_child=4 2 -2 -3 -1 -6
right_child=1 3 -4 -5 5 -7
leaf_value=3.4459341070995031e-05 0.00019751389060938826 -0.0014782045898843279 -0.00016039320573047841 -0.00022040152496633395 -0.0011260964416552385 -0.00068048534809305567
leaf_weight=46 1237 51 581 123 62 42
leaf_count=46 1237 51 581 123 62 42
internal_value=0.00016791 0.000822467 0.00158242 -0.00704545 -0.00842105 -0.0124528
internal_weight=2142 1992 1818 174 150 104
internal_count=2142 1992 1818 174 150 104
is_linear=0
shrinkage=0.04


Tree=43
num_leaves=8
num_cat=0
split_feature=115 92 30 14 73 37 4
split_gain=7.70585 9.36238 8.33229 6.94632 6.5846 6.5547 3.63213
threshold=0.50451203249650367 0.76959362024355549 0.052290009657916157 -0.60119099694086653 -0.084982367243300119 0.5605289036691351 -0.79636985855725251
decision_type=2 2 2 2 2 2 2
left_child=2 6 3 -1 -4 -3 -2
right_child=1 5 4 -5 -6 -7 -8
leaf_value=-7.1248993546818432e-05 7.7469884876770408e-05 0.00047812630530872513 7.9700070303888104e-05 0.00052778833781393325 -0.00031287287773777819 -3.9411886496158734e-05 -0.00061840778217650192
leaf_weight=212 87 54 490 579 339 60 321
leaf_count=212 87 54 490 579 339 60 321
internal_value=1.86567e-05 -0.00419847 0.00138101 0.00431274 -0.00141998 0.00586207 -0.00702439
internal_weight=2142 522 1620 791 829 114 408
internal_count=2142 522 1620 791 829 114 408
is_linear=0
shrinkage=0.04


Tree=44
num_leaves=8
num_cat=0
split_feature=115 36 53 106 92 37 15
split_gain=7.77412 7.55889 8.47313 7.82559 7.52895 5.16 4.07969
threshold=0.50451203249650367 0.27676489324704762 -0.74999999999999989 0.70291891407590323 0.76959362024355549 0.5605289036691351 -0.98301012494447337
decision_type=2 2 2 2 2 2 2
left_child=1 3 -3 -1 6 -6 -2
right_child=4 2 -4 -5 5 -7 -8
leaf_value=0.00029692759210458129 0.00016314138188960184 0.0010535156437353715 -0.00023173170390703725 -0.00066122469384615693 0.00045900125309637616 -3.7835411036312442e-05 -0.0006686317673506916
leaf_weight=874 50 72 575 99 54 60 358
leaf_count=874 50 72 575 99 54 60 358
internal_value=3.73134e-05 0.00140567 -0.00194145 0.00363077 -0.00419847 0.00482759 -0.00673171
internal_weight=2142 1620 647 973 522 114 408
internal_count=2142 1620 647 973 522 114 408
is_linear=0
shrinkage=0.04


Tree=45
num_leaves=5
num_cat=0
split_feature=36 115 82 110
split_gain=7.42735 7.15406 6.93649 3.95481
threshold=-1.4272145106823577 0.94400628188823033 -0.55386086207541319 0.10014697881752969
decision_type=2 2 2 2
left_child=-1 2 -2 -3
right_child=1 3 -4 -5
leaf_value=0.0011409685448583928 -0.00062693470109844492 -0.0010040165838338766 6.3639079387804725e-05 -2.8170512618065126e-05
leaf_weight=45 144 110 1751 92
leaf_count=45 144 110 1751 92
internal_value=1.86567e-05 -0.000333492 0.000432261 -0.00745098
internal_weight=2142 2097 1895 202
internal_count=2142 2097 1895 202
is_linear=0
shrinkage=0.04


Tree=46
num_leaves=5
num_cat=0
split_feature=36 37 74 29
split_gain=7.35708 6.65479 7.08285 2.08582
threshold=-1.4272145106823577 -1.097225253966341 -0.3691879312320846 0.18355650979864821
decision_type=2 2 2 2
left_child=-1 3 -3 -2
right_child=1 2 -4 -5
leaf_value=0.001095329803064057 0.0010778762950783398 0.00018798449746255466 -0.00013843825247158821 0.00021920544345428394
leaf_weight=45 40 602 1414 41
leaf_count=45 40 602 1414 41
internal_value=9.32836e-05 -0.000257265 -0.000713578 0.0108434
internal_weight=2142 2097 2016 81
internal_count=2142 2097 2016 81
is_linear=0
shrinkage=0.04


Tree=47
num_leaves=5
num_cat=0
split_feature=36 115 92 6
split_gain=7.23488 6.74374 6.27163 6.01303
threshold=-1.4272145106823577 0.50451203249650367 0.76959362024355549 0.24797290530458546
decision_type=2 2 2 2
left_child=-1 3 -3 -2
right_child=1 2 -4 -5
leaf_value=0.0010515166109414948 0.0001836216098366751 -0.00047516533460981359 0.00023184727706233304 -0.00010225342493762956
leaf_weight=45 982 399 106 610
leaf_count=45 982 399 106 610
internal_value=0.000223881 -0.000123869 -0.00414201 0.00115433
internal_weight=2142 2097 505 1592
internal_count=2142 2097 505 1592
is_linear=0
shrinkage=0.04


Tree=48
num_leaves=5
num_cat=0
split_feature=36 115 31 97
split_gain=7.30459 6.75291 5.39071 5.38027
threshold=-1.4272145106823577 0.50451203249650367 0.9630389944915122 -0.056336136132318186
decision_type=2 2 2 2
left_child=-1 2 -2 -3
right_child=1 3 -4 -5
leaf_value=0.001009455946503835 9.8488086018392316e-05 -0.00063243099813724171 -0.0004288297894397192 -4.2788774929524573e-05
leaf_weight=45 1435 213 157 292
leaf_count=45 1435 213 157 292
internal_value=0.000149254 -0.000200095 0.00107905 -0.00422091
internal_weight=2142 2097 1592 505
internal_count=2142 2097 1592 505
is_linear=0
shrinkage=0.04


Tree=49
num_leaves=8
num_cat=0
split_feature=81 74 36 68 41 20 63
split_gain=7.53913 6.93548 9.18014 8.41728 5.366 6.0355 5.20912
threshold=0.33271681164517602 -0.54794310719033157 -0.09449849128985971 -0.38812781165066357 -0.81996639968790641 -0.22462416610792138 0.13328910539622274
decision_type=2 2 2 2 2 2 2
left_child=1 2 -1 -3 6 -6 -2
right_child=4 3 -4 -5 5 -7 -8
leaf_value=0.00067902290945166723 0.00032094061333241944 0.00018039567297602771 -3.5968195918506738e-05 -0.00031943678382709398 0.00054940925768974329 9.4548562577656677e-05 -0.00059775899311845845
leaf_weight=97 69 216 194 933 238 351 44
leaf_count=97 69 216 194 933 238 351 44
internal_value=0.000186567 -0.00147018 0.0040273 -0.00286707 0.00357955 0.00510998 -0.00434783
internal_weight=2142 1440 291 1149 702 589 113
internal_count=2142 1440 291 1149 702 589 113
is_linear=0
shrinkage=0.04


Tree=50
num_leaves=8
num_cat=0
split_feature=115 60 14 16 117 63 98
split_gain=6.88441 8.02182 5.71204 5.4772 4.18093 4.17127 2.04041
threshold=-0.85774757097376952 -1.2108648533374897 -0.057357466311678894 1.0621460847125328 -0.99479832992085659 -0.17044576575272233 0.02182360735606945
decision_type=2 2 2 2 2 2 2
left_child=2 5 6 -3 -4 -2 -1
right_child=1 3 4 -5 -6 -7 -8
leaf_value=6.7701718340755919e-05 8.2280352213144614e-05 -3.2689635677454148e-05 -0.00066393960805672433 -0.00054494736138949672 0.00023499447649313277 0.0010428539554340958 0.00076888462164815315
leaf_weight=41 54 1662 60 90 89 69 77
leaf_count=41 54 1662 60 90 89 69 77
internal_value=0.000186567 -0.000671284 0.006171 -0.0013683 0.000927152 0.00912 0.0126667
internal_weight=2142 1875 267 1752 149 123 118
internal_count=2142 1875 267 1752 149 123 118
is_linear=0
shrinkage=0.04


Tree=51
num_leaves=7
num_cat=0
split_feature=115 86 0 63 37 100
split_gain=6.84041 6.61536 6.14897 5.52103 3.62402 3.12049
threshold=1.0199561665340844 1.0127748002445067 -0.040574009519557787 -0.19256085336695222 0.20846041529200701 0.37517505854564687
decision_type=2 2 2 2 2 2
left_child=1 3 -3 -1 -2 -6
right_child=4 2 -4 -5 5 -7
leaf_value=-0.00016279902048735309 -0.0012875874965267299 0.0006919209210344095 6.2791254315181194e-05 0.00010415770660016054 -0.00036195587505930633 0.00019379639306827236
leaf_weight=680 54 88 110 1087 65 58
leaf_count=680 54 88 110 1087 65 58
internal_value=0.000223881 0.000904931 0.0078 0.000124364 -0.00726257 -0.00336
internal_weight=2142 1965 198 1767 177 123
internal_count=2142 1965 198 1767 177 123
is_linear=0
shrinkage=0.04


Tree=52
num_leaves=8
num_cat=0
split_feature=115 60 28 14 87 64 109
split_gain=6.46316 6.90989 6.75249 5.81001 3.99987 2.95852 1.50008
threshold=-0.85774757097376952 -1.2108648533374897 1.1663174551082987 -0.13096711196161623 -0.37521424191155395 -0.16379074220971457 0.43197557526248315
decision_type=2 2 2 2 2 2 2
left_child=3 5 -3 6 -5 -2 -1
right_child=1 2 -4 4 -6 -7 -8
leaf_value=0.00070984483139419682 0.00013046535327976909 -1.8773701494928174e-05 -0.00059427128948721627 -0.00054338665672527353 0.00018472693406112344 0.0010123155377269133 0.00017198968294012754
leaf_weight=59 57 1617 135 51 108 66 49
leaf_count=59 57 1617 135 51 108 66 49
internal_value=0.000223881 -0.000607352 -0.00125428 0.0060223 0.00111801 0.00848 0.0130909
internal_weight=2142 1875 1752 267 159 123 108
internal_count=2142 1875 1752 267 159 123 108
is_linear=0
shrinkage=0.04


Tree=53
num_leaves=8
num_cat=0
split_feature=115 6 117 86 92 22 28
split_gain=6.60613 6.32304 7.16046 6.0558 6.02174 4.59357 4.15025
threshold=0.50451203249650367 0.24797290530458546 -0.67306916152713137 1.0268750779165001 0.76959362024355549 -0.87363731111917631 0.65715100682899752
decision_type=2 2 2 2 2 2 2
left_child=1 3 -3 -1 5 -2 -6
right_child=4 2 -4 -5 6 -7 -8
leaf_value=0.00015577869526563136 0.00011309720321497523 0.00012067993879168554 -0.00024277600906157947 0.00068715462925572222 0.00043208863856123429 -0.00049068356667994961 -8.7361597891036857e-05
leaf_weight=928 72 153 457 82 74 336 40
leaf_count=928 72 153 457 82 74 336 40
internal_value=0.000317164 0.0015783 -0.00163399 0.00351779 -0.00358779 -0.00585366 0.00448276
internal_weight=2142 1620 610 1010 522 408 114
internal_count=2142 1620 610 1010 522 408 114
is_linear=0
shrinkage=0.04


Tree=54
num_leaves=6
num_cat=0
split_feature=37 110 115 64 29
split_gain=6.1285 7.20417 8.22625 7.07375 2.08582
threshold=-1.097225253966341 0.22884074129961438 -0.9182079714947281 -0.5747115831261761 0.18355650979864821
decision_type=2 2 2 2 2
left_child=4 2 -2 -3 -1
right_child=1 3 -4 -5 -6
leaf_value=0.0010055770715313025 0.00058673177923244729 -0.00012789046353188526 -0.00018244603577235023 0.00034252274592677531 0.00019721643053746159
leaf_weight=40 56 309 1123 573 41
leaf_count=40 56 309 1123 573 41
internal_value=0.000186567 -0.000242365 -0.0022862 0.00248869 0.0108434
internal_weight=2142 2061 1179 882 81
internal_count=2142 2061 1179 882 81
is_linear=0
shrinkage=0.04


Tree=55
num_leaves=8
num_cat=0
split_feature=81 67 0 33 41 20 64
split_gain=6.33681 7.06992 8.69077 6.33117 4.88091 4.94567 3.17129
threshold=0.33271681164517602 -0.28963243202149752 -0.48968850465682529 0.67660734511253118 -0.86064172854986809 -0.22462416610792138 0.043896270349543291
decision_type=2 2 2 2 2 2 2
left_child=1 2 -1 -3 6 -6 -2
right_child=4 3 -4 -5 5 -7 -8
leaf_value=6.5812012051260122e-05 0.00020131396682875071 0.00012826694197467682 -0.00056467833884606383 -0.00035211981549265303 0.00049616755691624527 6.7541091687811012e-05 -0.00055764941251993847
leaf_weight=162 55 755 303 220 250 352 45
leaf_count=162 55 755 303 220 250 352 45
internal_value=0.000298507 -0.00122053 -0.00526767 0.000716479 0.00340909 0.00476821 -0.00470588
internal_weight=2142 1440 465 975 702 602 100
internal_count=2142 1440 465 975 702 602 100
is_linear=0
shrinkage=0.04


Tree=56
num_leaves=7
num_cat=0
split_feature=31 115 79 87 118 73
split_gain=6.18548 6.34535 5.11248 4.96701 2.65621 1.518
threshold=1.0919255782999822 0.44301093597454649 -0.78928357560755613 1.2338476171944788 -0.31719387114239789 -0.40356180930809982
decision_type=2 2 2 2 2 2
left_child=1 2 -1 -3 -2 -6
right_child=4 3 -4 -5 5 -7
leaf_value=0.00051986240848422459 -0.00014037889302972903 -0.00032685081886846739 4.1776103570138266e-05 0.00026584409757854171 -0.00032224475524225807 -0.0010088037251103738
leaf_weight=247 48 464 1205 98 40 40
leaf_count=247 48 464 1205 98 40 40
internal_value=0.000149254 0.000694444 0.00209078 -0.0029078 -0.00830769 -0.0126829
internal_weight=2142 2014 1452 562 128 80
internal_count=2142 2014 1452 562 128 80
is_linear=0
shrinkage=0.04


Tree=57
num_leaves=6
num_cat=0
split_feature=60 28 68 63 111
split_gain=5.92349 7.46512 9.09117 3.71082 2.0861
threshold=-1.2108648533374897 1.1879145775491198 -0.4128190429907081 -0.17044576575272233 0.22295704482906128
decision_type=2 2 2 2 2
left_child=3 2 -2 -1 -3
right_child=1 4 -4 -5 -6
leaf_value=4.1123374624337518e-05 0.00028640930378539582 -0.00095956991459582861 -5.9537460748136099e-05 0.00094184042064957875 -5.7968059658088519e-05
leaf_weight=56 491 101 1380 70 44
leaf_count=56 491 101 1380 70 44
internal_value=9.32836e-05 -0.000436075 0.000245595 0.0084375 -0.00911565
internal_weight=2142 2016 1871 126 145
internal_count=2142 2016 1871 126 145
is_linear=0
shrinkage=0.04


Tree=58
num_leaves=8
num_cat=0
split_feature=6 37 28 106 24 98 91
split_gain=5.90947 7.02255 11.5712 6.68448 5.2307 1.96989 0.724806
threshold=0.24797290530458546 -0.93333119997846203 -0.37284470011983917 0.70291891407590323 0.70675294182773629 0.049417199258804743 -0.025826136562950016
decision_type=2 2 2 2 2 2 2
left_child=1 5 -3 4 -2 -1 -5
right_child=3 2 -4 6 -6 -7 -8
leaf_value=0.00021929810388288752 3.2073025765244555e-05 -0.00034640093855891545 0.00017935637984665577 -0.0016043544322020718 -0.00040418833530656749 0.00086848873823779094 -0.00062936605121958697
leaf_weight=49 507 358 919 41 167 60 41
leaf_count=49 507 358 919 41 167 60 41
internal_value=0.000149254 0.00170029 0.000860047 -0.00269129 -0.00136095 0.0113514 -0.0133333
internal_weight=2142 1386 1277 756 674 109 82
internal_count=2142 1386 1277 756 674 109 82
is_linear=0
shrinkage=0.04


Tree=59
num_leaves=5
num_cat=0
split_feature=36 37 74 28
split_gain=6.54563 6.02419 6.01273 1.93377
threshold=-1.4272145106823577 -1.097225253966341 -0.53504435564176422 -0.60795445636198797
decision_type=2 2 2 2
left_child=-1 3 -3 -2
right_child=1 2 -4 -5
leaf_value=0.00086311302216643491 0.0013530155482211193 0.0002183775437442545 -8.5118510455363654e-05 0.00019828992131626645
leaf_weight=45 41 437 1579 40
leaf_count=45 41 437 1579 40
internal_value=0.000130597 -0.000200095 -0.000634291 0.0103614
internal_weight=2142 2097 2016 81
internal_count=2142 2097 2016 81
is_linear=0
shrinkage=0.04


Tree=60
num_leaves=7
num_cat=0
split_feature=80 37 32 28 30 25
split_gain=5.83761 5.65263 7.27144 5.85712 3.38716 3.23417
threshold=2.709874761839679 -0.93333119997846203 0.34559436292664941 -0.51963378565285401 -0.037408052184577864 -0.050853218845813487
decision_type=2 2 2 2 2 2
left_child=1 2 -1 -3 -2 -6
right_child=4 3 -4 -5 5 -7
leaf_value=0.0005769954201934167 0.0011078109261246527 -0.0003807034136038695 -0.0001153315904201745 -2.4745857497300571e-06 -0.00019237263931727819 0.00072005605132581172
leaf_weight=117 50 279 70 1532 46 48
leaf_count=117 50 279 70 1532 46 48
internal_value=0.000223881 -0.00034 0.00624339 -0.00102592 0.00794521 0.00333333
internal_weight=2142 1998 187 1811 144 94
internal_count=2142 1998 187 1811 144 94
is_linear=0
shrinkage=0.04


Tree=61
num_leaves=7
num_cat=0
split_feature=31 80 73 102 117 13
split_gain=5.9453 5.61585 7.216 2.63959 2.59637 0.706823
threshold=1.0673936831504476 2.869211314572786 -0.16635590300409253 0.072734246567818447 -0.52129660066130257 0.78715977957311734
decision_type=2 2 2 2 2 2
left_child=1 2 -1 -3 -2 -6
right_child=4 3 -4 -5 5 -7
leaf_value=0.00017049561076696196 -5.0411517992755147e-06 7.1521136123350868e-05 -0.00010769968356685594 0.0013536641351447015 -0.00071173291318384112 -0.00069745320449274588
leaf_weight=748 52 45 1152 61 44 40
leaf_count=748 52 45 1152 61 44 40
internal_value=0.000205224 0.000756972 0.000252366 0.00962963 -0.00782609 -0.012093
internal_weight=2142 2006 1900 106 136 84
internal_count=2142 2006 1900 106 136 84
is_linear=0
shrinkage=0.04


Tree=62
num_leaves=7
num_cat=0
split_feature=31 64 33 5 114 91
split_gain=5.52069 5.3125 7.66211 5.7355 3.12206 2.0779
threshold=1.0158816699493187 -0.10894425738938897 -0.9940820918875003 -0.6892511953408379 0.017092823778420311 -0.43246550051638755
decision_type=2 2 2 2 2 2
left_child=1 2 -1 -3 5 -2
right_child=4 3 -4 -5 -6 -7
leaf_value=0.00064352551482719264 -0.00022190720926641965 -0.00019082614638165195 -0.00013908456384387324 0.0002029216009937951 -0.0008264913289302944 0.00034746943605373033
leaf_weight=77 46 161 815 929 72 42
leaf_count=77 46 161 815 929 72 42
internal_value=0.000186567 0.000766129 -0.00152125 0.00263736 -0.00691358 -0.00177778
internal_weight=2142 1982 892 1090 160 88
internal_count=2142 1982 892 1090 160 88
is_linear=0
shrinkage=0.04


Tree=63
num_leaves=6
num_cat=0
split_feature=60 74 37 63 63
split_gain=5.36147 5.72979 6.34037 6.1145 3.41655
threshold=-1.2108648533374897 -0.53504435564176422 -0.93333119997846203 -0.66394621815035504 -0.17044576575272233
decision_type=2 2 2 2 2
left_child=4 3 -3 -2 -1
right_child=1 2 -4 -5 -6
leaf_value=2.6786200960386767e-05 -0.00013408307959372458 0.00029624118221798531 -0.00012666439588881234 0.00052670468166335653 0.00087906323922751954
leaf_weight=56 136 152 1405 323 70
leaf_count=56 136 152 1405 323 70
internal_value=0.000186567 -0.000317146 -0.0014753 0.00360087 0.008125
internal_weight=2142 2016 1557 459 126
internal_count=2142 2016 1557 459 126
is_linear=0
shrinkage=0.04


Tree=64
num_leaves=6
num_cat=0
split_feature=16 59 74 102 114
split_gain=5.64753 5.59827 6.1046 2.57163 1.65444
threshold=1.1315536015157972 2.3195702608057851 -0.33588524952061866 0.072734246567818447 -0.070395589643331605
decision_type=2 2 2 2 2
left_child=1 2 -1 -3 -2
right_child=4 3 -4 -5 -6
leaf_value=0.00022187494929383811 -9.724183861243061e-05 7.5888738136202716e-05 -6.5001723216887266e-05 0.0012546687325829492 -0.00052753638490329186
leaf_weight=565 70 44 1354 67 42
leaf_count=565 70 44 1354 67 42
internal_value=0.000242537 0.000728346 0.000218636 0.00938053 -0.00842105
internal_weight=2142 2030 1919 111 112
internal_count=2142 2030 1919 111 112
is_linear=0
shrinkage=0.04


Tree=65
num_leaves=7
num_cat=0
split_feature=34 110 80 39 46 46
split_gain=5.7355 6.33604 8.18216 6.55621 3.14398 3.04409
threshold=0.99954615068048114 0.55448368083100974 -0.039485848371756567 0.11083579700067754 0.61006947770419917 -0.3896809223603751
decision_type=2 2 2 2 2 2
left_child=1 2 -1 -3 5 -2
right_child=4 3 -4 -5 -6 -7
leaf_value=9.516214621065805e-05 -0.00010510063529996908 4.0681839297993828e-05 -0.00025227125086863314 0.00055579745833056113 8.6641703681347634e-05 -0.0014338945125733065
leaf_weight=724 85 286 724 216 63 44
leaf_count=724 85 286 724 216 63 44
internal_value=0.00016791 0.000819672 -0.000524138 0.00468254 -0.00639175 -0.00992366
internal_weight=2142 1950 1448 502 192 129
internal_count=2142 1950 1448 502 192 129
is_linear=0
shrinkage=0.04


Tree=66
num_leaves=5
num_cat=0
split_feature=36 31 68 117
split_gain=5.76604 5.07213 5.3944 2.38741
threshold=-1.4272145106823577 1.0673936831504476 -0.4128190429907081 -0.52129660066130257
decision_type=2 2 2 2
left_child=-1 2 -2 -3
right_child=1 3 -4 -5
leaf_value=0.00075737304283858315 0.00021336674405297786 -1.2942961296898495e-05 -3.8677655728622079e-05 -0.00061920890652549573
leaf_weight=45 478 52 1483 84
leaf_count=45 478 52 1483 84
internal_value=0.000186567 -0.000123869 0.000397351 -0.00753623
internal_weight=2142 2097 1961 136
internal_count=2142 2097 1961 136
is_linear=0
shrinkage=0.04


Tree=67
num_leaves=7
num_cat=0
split_feature=36 53 74 46 37 17
split_gain=5.31478 7.12193 5.82162 5.4948 4.85743 2.55325
threshold=0.32468371660464551 -0.74999999999999989 -0.66749532000212641 1.0000000180025095e-35 -0.93333119997846203 0.54929954129133274
decision_type=2 2 2 2 2 2
left_child=2 -2 5 -3 -4 -1
right_child=1 3 4 -5 -6 -7
leaf_value=0.00073240080085102289 0.0010009374549901653 -1.5072053883102913e-05 0.00033502738815695428 -0.00058285728767984511 -8.1406592787858218e-06 1.3656958856076291e-05
leaf_weight=100 73 323 133 261 1205 47
leaf_count=100 73 323 133 261 1205 47
internal_value=0.00016791 -0.00282246 0.00149294 -0.00430034 0.000656716 0.00899329
internal_weight=2142 657 1485 584 1338 147
internal_count=2142 657 1485 584 1338 147
is_linear=0
shrinkage=0.04


Tree=68
num_leaves=8
num_cat=0
split_feature=81 28 67 28 97 16 41
split_gain=5.3599 7.20183 6.40051 6.87917 6.11597 5.59525 4.26056
threshold=0.091483529507790887 -0.24466683410670295 -0.28963243202149752 1.1316868803475495 0.39557225421986292 -0.69295864925684081 -0.86064172854986809
decision_type=2 2 2 2 2 2 2
left_child=2 4 5 -4 -2 -1 -3
right_child=1 6 3 -5 -6 -7 -8
leaf_value=5.5752987520859916e-05 2.0270767088176566e-05 -0.00011963050943931301 5.4159897640017554e-05 -0.0010958020974214523 -0.00099794359701750341 -0.00064323839102910089 0.00034029921712431301
leaf_weight=69 240 119 779 70 62 261 542
leaf_count=69 240 119 779 70 62 261 542
internal_value=0.000130597 0.00234197 -0.00167655 0.000164512 -0.00276316 -0.00638554 0.00467572
internal_weight=2142 963 1179 849 302 330 661
internal_count=2142 963 1179 849 302 330 661
is_linear=0
shrinkage=0.04


Tree=69
num_leaves=6
num_cat=0
split_feature=87 40 21 35 46
split_gain=5.89624 5.98513 6.02261 3.43282 3.46185
threshold=1.3103769733817241 1.7078721342566718 -0.36697878128679456 -1.2088467160625334 -0.24329851304880953
decision_type=2 2 2 2 2
left_child=1 2 -1 -2 -5
right_child=3 -3 -4 4 -6
leaf_value=0.00015660895034368607 0.00071409422997777529 -0.0014161410935447669 -7.8661238975560733e-05 0.00049377103556251176 -3.9514458180391205e-05
leaf_weight=573 44 54 1254 92 125
leaf_count=573 44 54 1254 92 125
internal_value=9.32836e-05 -0.000690388 -0.000295243 0.00570342 0.00356164
internal_weight=2142 1881 1827 261 217
internal_count=2142 1881 1827 261 217
is_linear=0
shrinkage=0.04


Tree=70
num_leaves=7
num_cat=0
split_feature=87 37 3 36 74 28
split_gain=5.5049 5.98844 5.7814 3.22318 4.43419 2.27313
threshold=1.3103769733817241 -1.097225253966341 -0.36917059238554023 -1.2813472575879956 -0.11061228538548788 -0.60795445636198797
decision_type=2 2 2 2 2 2
left_child=1 5 -3 -2 -5 -1
right_child=3 2 -4 4 -6 -7
leaf_value=0.0012263476971001706 0.00069643038747105573 0.00010131180916679042 -0.00013208626863633926 0.00038078935677986729 -5.8885713301629517e-05 0.00011948911034976349
leaf_weight=41 42 597 1203 104 115 40
leaf_count=41 42 597 1203 104 115 40
internal_value=0.000130597 -0.00062666 -0.00110988 0.00555133 0.00352941 0.00987952
internal_weight=2142 1881 1800 261 219 81
internal_count=2142 1881 1800 261 219 81
is_linear=0
shrinkage=0.04


Tree=71
num_leaves=6
num_cat=0
split_feature=60 74 69 81 63
split_gain=5.36871 4.78214 6.91367 6.59963 2.52668
threshold=-1.308264690458748 -0.22610851973635762 0.74244370400261583 0.010830216746241021 -0.17044576575272233
decision_type=2 2 2 2 2
left_child=4 2 -2 -3 -1
right_child=1 3 -4 -5 -6
leaf_value=1.8936532319863905e-05 0.00018572623781228355 -0.00023645488501642428 -0.0003287208088401226 4.6933777671323421e-05 0.00090867543356404584
leaf_weight=40 681 618 87 666 50
leaf_count=40 681 618 87 666 50
internal_value=0.00011194 -0.000311587 0.00218182 -0.00180404 0.00956522
internal_weight=2142 2052 768 1284 90
internal_count=2142 2052 768 1284 90
is_linear=0
shrinkage=0.04


Tree=72
num_leaves=8
num_cat=0
split_feature=114 6 64 37 11 49 50
split_gain=5.55914 5.01164 6.86362 6.44016 4.60097 3.04247 2.98945
threshold=-0.93804019498768976 0.22837215990445525 0.11628149784278206 -0.91269817888004445 0.17807791856676439 -0.15277785766125729 0.23230922067741711
decision_type=2 2 2 2 2 2 2
left_child=4 3 -3 -2 6 -6 -1
right_child=1 2 -4 -5 5 -7 -8
leaf_value=0.000621871256048857 0.00043379969203715838 -0.00039647722548533429 1.8672720746224225e-05 -7.7519557094452022e-07 0.00023752836979135361 -0.00057377283183392472 0.00016118683954767621
leaf_weight=98 99 358 293 1113 41 77 63
leaf_count=98 99 358 293 1113 41 77 63
internal_value=9.32836e-05 -0.000697051 -0.00352221 0.000823723 0.00533808 -0.000666667 0.00969325
internal_weight=2142 1863 651 1212 279 118 161
internal_count=2142 1863 651 1212 279 118 161
is_linear=0
shrinkage=0.04


Tree=73
num_leaves=7
num_cat=0
split_feature=115 111 86 27 96 47
split_gain=4.72185 4.69058 4.69525 4.31443 3.84778 2.54319
threshold=1.0199561665340844 -0.77020190479472794 1.0826685974517944 0.47328337229328893 0.75677512466459973 0.16135951119174638
decision_type=2 2 2 2 2 2
left_child=1 3 -3 -1 5 -2
right_child=4 2 -4 -5 -6 -7
leaf_value=0.00048389006210897454 -0.0010376080848254585 -1.874065468626611e-05 0.00020242709365313527 -6.6293019716799059e-05 0.00012808377673041241 -0.00013385395396101169
leaf_weight=147 82 1620 156 42 45 50
leaf_count=147 82 1620 156 42 45 50
internal_value=7.46269e-05 0.000640569 0 0.00659686 -0.00614525 -0.00955224
internal_weight=2142 1965 1776 189 177 132
internal_count=2142 1965 1776 189 177 132
is_linear=0
shrinkage=0.04


Tree=74
num_leaves=7
num_cat=0
split_feature=115 16 64 87 2 114
split_gain=4.45376 5.21309 5.15318 4.88608 5.41834 1.71458
threshold=0.44301093597454649 1.1315536015157972 -0.10894425738938897 2.6034196460700434 -0.46315728630319136 -0.1220990708705262
decision_type=2 2 2 2 2 2
left_child=1 2 -1 4 -2 -3
right_child=3 5 -4 -5 -6 -7
leaf_value=-1.5707143912078967e-05 5.5529360986123456e-05 -3.5505360060958913e-05 0.00023477600635646802 0.00028938728779912551 -0.000359000800424375 -0.00046015704882297685
leaf_weight=692 191 64 757 42 355 41
leaf_count=692 191 64 757 42 355 41
internal_value=0.00011194 0.00123393 0.00186079 -0.00284746 -0.00386861 -0.00728972
internal_weight=2142 1554 1449 588 546 105
internal_count=2142 1554 1449 588 546 105
is_linear=0
shrinkage=0.04


Tree=75
num_leaves=6
num_cat=0
split_feature=36 67 28 16 66
split_gain=4.65288 4.8105 5.6413 5.02555 1.38684
threshold=-1.2813472575879956 -0.30586079205596561 1.1663174551082987 -0.69295864925684081 -0.51220161212096083
decision_type=2 2 2 2 2
left_child=4 3 -3 -2 -1
right_child=1 2 -4 -5 -6
leaf_value=0.00059947800766973732 0.00012182867895460994 9.4626221803306853e-05 -0.00066391744740873938 -0.00026645147370403885 0.0004544382233437448
leaf_weight=41 156 1271 103 531 40
leaf_count=41 156 1271 103 531 40
internal_value=0.00011194 -0.000261755 0.00110465 -0.00298984 0.00939759
internal_weight=2142 2061 1374 687 81
internal_count=2142 2061 1374 687 81
is_linear=0
shrinkage=0.04


Tree=76
num_leaves=7
num_cat=0
split_feature=110 33 111 80 25 34
split_gain=4.77737 6.37005 6.5004 5.95571 7.28106 5.50917
threshold=0.47216235614749158 1.1681581832840882 -0.15614115738659359 -0.21130410755396237 0.6077786771639172 0.46986143907122524
decision_type=2 2 2 2 2 2
left_child=3 2 -2 5 -5 -1
right_child=1 -3 -4 4 -6 -7
leaf_value=0.00017109992535707463 0.00054888371655438311 -0.00045758512444096284 8.1777206747472264e-05 -0.0002915133102997648 0.00025424313208685309 -0.00027953751102988535
leaf_weight=487 145 70 436 672 174 158
leaf_count=487 145 70 436 672 174 158
internal_value=5.59701e-05 0.00290965 0.00428816 -0.00119223 -0.00339623 0.00170015
internal_weight=2142 651 581 1491 846 645
internal_count=2142 651 581 1491 846 645
is_linear=0
shrinkage=0.04


Tree=77
num_leaves=8
num_cat=0
split_feature=80 115 14 64 45 79 27
split_gain=4.50938 4.89337 6.84373 5.4785 2.71802 2.99589 0.524312
threshold=2.0269918798780773 -0.85774757097376952 -0.17328418303103335 -0.10894425738938897 0.11198349140077567 -0.39718684130408816 0.20021509228442788
decision_type=2 2 2 2 2 2 2
left_child=1 2 -1 -3 6 -6 -2
right_child=4 3 -4 -5 5 -7 -8
leaf_value=0.00049150180739134517 0.00083506729620842518 -0.00021752586190491117 -3.7497435122556961e-06 2.8366079734572625e-05 0.0010846081544232614 -0.0001595512026539335 0.00020895391286079233
leaf_weight=81 42 744 156 981 40 55 43
leaf_count=81 42 744 156 981 40 55 43
internal_value=0.000130597 -0.000427699 0.00493724 -0.00116966 0.00615385 0.0014433 0.0112644
internal_weight=2142 1962 237 1725 180 95 85
internal_count=2142 1962 237 1725 180 95 85
is_linear=0
shrinkage=0.04


Tree=78
num_leaves=7
num_cat=0
split_feature=87 85 60 26 39 116
split_gain=4.76251 5.51905 5.41789 3.4574 3.35593 3.23621
threshold=1.3103769733817241 0.42435555789274626 -0.20500407497518539 0.82986256749684328 -0.30171342807332013 0.97565555595701581
decision_type=2 2 2 2 2 2
left_child=1 2 -1 5 -3 -2
right_child=3 4 -4 -5 -6 -7
leaf_value=0.00019358970739540994 0.00043798362074411157 1.7802404015221723e-05 -3.0620705459714559e-05 -0.00017660937826159546 -0.00050497383389869535 1.34569854054435e-05
leaf_weight=426 142 115 1080 45 260 74
leaf_count=426 142 115 1080 45 260 74
internal_value=0.000205224 -0.000499203 0.000583554 0.00524715 -0.00482759 0.00733945
internal_weight=2142 1881 1506 261 375 216
internal_count=2142 1881 1506 261 375 216
is_linear=0
shrinkage=0.04


Tree=79
num_leaves=7
num_cat=0
split_feature=21 106 63 79 42 91
split_gain=4.46255 6.37526 5.7656 3.7107 4.46104 3.17647
threshold=-0.36697878128679456 0.66137986411914562 -0.19256085336695222 1.1600443945460805 0.32121178114777138 0.37356124550725378
decision_type=2 2 2 2 2 2
left_child=3 2 -2 4 -1 -3
right_child=1 5 -4 -5 -6 -7
leaf_value=6.0442265380489253e-07 -0.00016224206281108947 -0.00088863748097093231 7.9481306265809243e-05 0.00080399529506669683 0.0004127370376114002 2.2130669499389433e-05
leaf_weight=484 523 118 772 56 139 50
leaf_count=484 523 118 772 56 139 50
internal_value=5.59701e-05 -0.00118771 -0.000231303 0.00273128 0.001824 -0.00847059
internal_weight=2142 1463 1295 679 623 168
internal_count=2142 1463 1295 679 623 168
is_linear=0
shrinkage=0.04


Tree=80
num_leaves=8
num_cat=0
split_feature=87 28 68 74 37 101 1
split_gain=4.65194 5.5176 5.65948 2.63274 6.04931 1.67918 0.62137
threshold=1.3103769733817241 1.4860541881085936 -0.4128190429907081 -0.12702630227357836 0.94681852612787465 -0.24349772536898351 -0.045990682403874945
decision_type=2 2 2 2 2 2 2
left_child=1 2 -1 5 -5 -2 -3
right_child=3 6 -4 4 -6 -7 -8
leaf_value=0.00023295323343223547 0.00020947952811330175 -7.0499766764401813e-05 -8.1017359628387793e-05 -0.00024270366357812822 0.00050233603309853122 0.00044005021038408032 -0.00099601636105586377
leaf_weight=510 48 40 1291 59 94 60 40
leaf_count=510 48 40 1291 59 94 60 40
internal_value=0.00011194 -0.000584174 -0.000122019 0.00509506 0.00167742 0.00981818 -0.0107317
internal_weight=2142 1881 1801 261 153 108 80
internal_count=2142 1881 1801 261 153 108 80
is_linear=0
shrinkage=0.04


Tree=81
num_leaves=6
num_cat=0
split_feature=60 37 110 63 28
split_gain=4.48433 4.62154 4.17641 3.34448 1.678
threshold=-1.308264690458748 -1.097225253966341 0.47216235614749158 -0.17044576575272233 -0.60795445636198797
decision_type=2 2 2 2 2
left_child=3 4 -3 -1 -2
right_child=1 2 -4 -5 -6
leaf_value=-4.6128287134049321e-06 0.0011298780973579812 -7.468032021961162e-05 9.8213069031443976e-05 0.00081421943381176606 9.0191553285787904e-05
leaf_weight=40 41 1363 608 50 40
leaf_count=40 41 1363 608 50 40
internal_value=5.59701e-05 -0.000331061 -0.000719716 0.00869565 0.00891566
internal_weight=2142 2052 1971 90 81
internal_count=2142 2052 1971 90 81
is_linear=0
shrinkage=0.04


Tree=82
num_leaves=8
num_cat=0
split_feature=6 86 37 106 59 28 66
split_gain=4.69952 6.2578 5.8389 5.18344 6.32075 2.58077 0.651515
threshold=0.24797290530458546 0.9241345090687455 -0.93333119997846203 0.70291891407590323 0.014061403091245815 -0.29972360705693279 -0.22019339365327695
decision_type=2 2 2 2 2 2 2
left_child=1 2 -1 4 -2 -3 -5
right_child=3 5 -4 6 -6 -7 -8
leaf_value=0.00041051508953147172 -0.00016630701645925736 -1.3805983770756036e-05 -1.850148106691745e-05 -0.00089244651768640609 0.00011030247537055663 0.00062762843645351805 -0.0010819653284490922
leaf_weight=90 345 43 1109 40 329 144 42
leaf_count=90 345 43 1109 40 329 144 42
internal_value=0 0.00138329 0.000316403 -0.00253298 -0.00136095 0.00814815 -0.0119048
internal_weight=2142 1386 1199 756 674 187 82
internal_count=2142 1386 1199 756 674 187 82
is_linear=0
shrinkage=0.04


Tree=83
num_leaves=7
num_cat=0
split_feature=82 46 115 97 48 82
split_gain=4.42528 5.09478 4.5096 4.88943 4.33662 1.53236
threshold=-0.55386086207541319 -0.74009749090132149 -0.85774757097376952 -0.27802405763648158 0.19540124053656924 -0.65542702386641893
decision_type=2 2 2 2 2 2
left_child=1 -1 4 -4 -2 -3
right_child=2 5 3 -5 -6 -7
leaf_value=9.0991699078324522e-05 0.00049401067767118395 -0.00088807107302521016 -0.0001588839006247815 6.8335875926583967e-05 4.0211946095295231e-05 -0.00060672279236205777
leaf_weight=43 92 55 537 1215 148 52
leaf_count=43 92 55 537 1215 148 52
internal_value=0 -0.00657895 0.000501505 -0.000205245 0.00561983 -0.0111927
internal_weight=2142 150 1992 1752 240 107
internal_count=2142 150 1992 1752 240 107
is_linear=0
shrinkage=0.04


Tree=84
num_leaves=5
num_cat=0
split_feature=60 37 28 28
split_gain=4.43109 4.05735 4.14605 1.41406
threshold=-1.4566191713265317 -1.097225253966341 -0.51359096869163445 -0.60795445636198797
decision_type=2 2 2 2
left_child=-1 3 -3 -2
right_child=1 2 -4 -5
leaf_value=0.00057320560562341462 0.0010897267762782202 -0.00025542261402574778 5.9926900245003488e-06 9.1065215372288969e-05
leaf_weight=72 41 343 1646 40
leaf_count=72 41 343 1646 40
internal_value=0.00011194 -0.00023166 -0.000592667 0.00843373
internal_weight=2142 2070 1989 81
internal_count=2142 2070 1989 81
is_linear=0
shrinkage=0.04


Tree=85
num_leaves=6
num_cat=0
split_feature=30 86 10 63 37
split_gain=4.47017 8.21786 6.57674 6.86516 4.45931
threshold=0.17988247153353273 1.0826685974517944 1.9495896313539947 -0.52203789095119324 -0.91269817888004445
decision_type=2 2 2 2 2
left_child=1 4 3 -2 -1
right_child=2 -3 -4 -5 -6
leaf_value=0.00043653664240510151 -0.00044338720479186354 0.00057959911477756287 0.0011366723528454016 -2.9281573796637855e-05 2.0645814383192517e-06
leaf_weight=80 183 78 58 632 1111
leaf_count=80 183 78 58 632 1111
internal_value=7.46269e-05 0.0015893 -0.00212571 -0.00305998 0.000754401
internal_weight=2142 1269 873 815 1191
internal_count=2142 1269 873 815 1191
is_linear=0
shrinkage=0.04


Tree=86
num_leaves=7
num_cat=0
split_feature=6 100 36 109 5 4
split_gain=4.27539 5.66214 5.71005 3.84684 3.14479 2.96222
threshold=-0.37628174105709616 0.58415276809965067 0.28179356894765262 0.99761639372884814 0.34490127367827911 -0.28585901301568567
decision_type=2 2 2 2 2 2
left_child=3 2 -2 4 -1 -3
right_child=1 5 -4 -5 -6 -7
leaf_value=1.7159127408959532e-05 8.4763938648051498e-05 0.00010876599460801457 -0.00021338644669987415 0.00064261817250052164 0.0003866507152218642 -0.00069800754606994561
leaf_weight=524 736 42 538 53 94 155
leaf_count=524 736 42 538 53 94 155
internal_value=-5.59701e-05 -0.00126273 -0.000282132 0.00258544 0.00167742 -0.00753769
internal_weight=2142 1471 1274 671 618 197
internal_count=2142 1471 1274 671 618 197
is_linear=0
shrinkage=0.04


Tree=87
num_leaves=7
num_cat=0
split_feature=82 46 110 26 24 94
split_gain=4.12663 4.86669 4.10672 6.13722 5.67497 1.82092
threshold=-0.55386086207541319 -0.74009749090132149 0.47216235614749158 0.94547576211658035 1.0491453453866555 -0.78920238545189603
decision_type=2 2 2 2 2 2
left_child=1 -1 3 -2 -4 -3
right_child=2 5 4 -5 -6 -7
leaf_value=0.00010727565649608195 1.5064766305476242e-06 -0.00047273673870376723 0.00023208449390170276 -0.00065515480770354264 -0.00048388842404240506 -0.00087686543519824593
leaf_weight=43 1310 40 531 94 57 67
leaf_count=43 1310 40 531 94 57 67
internal_value=3.73134e-05 -0.00631579 0.000521565 -0.000654339 0.00332203 -0.0108257
internal_weight=2142 150 1992 1404 588 107
internal_count=2142 150 1992 1404 588 107
is_linear=0
shrinkage=0.04


Tree=88
num_leaves=7
num_cat=0
split_feature=82 118 4 46 63 79
split_gain=4.42528 4.33953 6.78509 4.3221 4.20134 1.67816
threshold=-0.55386086207541319 0.55863037338252552 -0.83329428519737903 -0.74009749090132149 -0.19256085336695222 -0.57892766973904719
decision_type=2 2 2 2 2 2
left_child=3 4 -3 -1 -2 -5
right_child=1 2 -4 5 -6 -7
leaf_value=0.00010298463023623867 -3.6021873808046204e-05 0.00031865789958564954 -0.00025231847540591198 -0.0008245702628351581 0.00018087782282066479 -0.00028630601443509614
leaf_weight=43 589 96 435 66 872 41
leaf_count=43 589 96 435 66 872 41
internal_value=0 0.000501505 -0.00258912 -0.00657895 0.00162679 -0.0108257
internal_weight=2142 1992 531 150 1461 107
internal_count=2142 1992 531 150 1461 107
is_linear=0
shrinkage=0.04


Tree=89
num_leaves=7
num_cat=0
split_feature=82 46 118 4 47 79
split_gain=4.07834 4.2325 3.87483 6.01326 4.02237 1.74879
threshold=-0.55386086207541319 -0.58861596790142756 0.55863037338252552 -0.83329428519737903 0.37539849966927541 -0.57892766973904719
decision_type=2 2 2 2 2 2
left_child=1 -1 4 -4 -2 -3
right_child=2 5 3 -5 -6 -7
leaf_value=7.7531834122504805e-05 0.0001565472556462509 -0.00080880800727690981 0.00030591158360222359 -0.00024222573638967549 -2.9190864376448435e-05 -0.00030333732612991885
leaf_weight=45 957 65 96 435 504 40
leaf_count=45 957 65 96 435 504 40
internal_value=0 -0.00631579 0.000481444 -0.00243902 0.00154477 -0.0106542
internal_weight=2142 150 1992 531 1461 105
internal_count=2142 150 1992 531 1461 105
is_linear=0
shrinkage=0.04


Tree=90
num_leaves=7
num_cat=0
split_feature=87 40 6 74 37 26
split_gain=4.54264 5.35841 4.22785 2.80627 4.98329 1.51578
threshold=1.3103769733817241 1.7078721342566718 -0.37628174105709616 -0.12702630227357836 0.94681852612787465 0.71566473137583264
decision_type=2 2 2 2 2 2
left_child=1 2 -1 5 -5 -2
right_child=3 -3 -4 4 -6 -7
leaf_value=0.00013052134739366197 0.00040446950172149792 -0.0013130792337820302 -4.4873991023077765e-05 -0.00023497995477091542 0.00041416002975866835 7.2984794310688368e-05
leaf_weight=565 66 54 1262 59 94 42
leaf_count=565 66 54 1262 59 94 42
internal_value=1.86567e-05 -0.000669145 -0.000295243 0.00494297 0.00141935 0.00981818
internal_weight=2142 1881 1827 261 153 108
internal_count=2142 1881 1827 261 153 108
is_linear=0
shrinkage=0.04


Tree=91
num_leaves=6
num_cat=0
split_feature=36 115 96 46 70
split_gain=4.28939 4.09607 5.19505 3.66726 1.14699
threshold=-1.2813472575879956 0.94400628188823033 0.81943063259134874 3.4251651637646927 -0.98544795912937111
decision_type=2 2 2 2 2
left_child=4 3 -3 -2 -1
right_child=1 2 -4 -5 -6
leaf_value=0.00049726847555633784 -8.4680559026733418e-06 -0.0007094393331784452 0.00042564071864639296 0.00035179187264975688 0.00017740965527310158
leaf_weight=41 1779 151 40 91 40
leaf_count=41 1779 151 40 91 40
internal_value=0 -0.000358701 -0.00590674 0.000213675 0.00891566
internal_weight=2142 2061 191 1870 81
internal_count=2142 2061 191 1870 81
is_linear=0
shrinkage=0.04


Tree=92
num_leaves=7
num_cat=0
split_feature=82 46 6 100 115 79
split_gain=4.07834 4.2325 3.80098 5.29547 3.49084 1.74879
threshold=-0.55386086207541319 -0.58861596790142756 -0.37628174105709616 0.58415276809965067 -0.73849565386569382 -0.57892766973904719
decision_type=2 2 2 2 2 2
left_child=1 -1 4 -4 -2 -3
right_child=2 5 3 -5 -6 -7
leaf_value=7.6564242634634655e-05 0.00060423193691599173 -0.00078133781864547292 1.0581749022615244e-05 -0.00050836240608205421 0.00010248320193736363 -0.00029978325654707544
leaf_weight=45 56 65 1169 197 570 40
leaf_count=45 56 65 1169 197 570 40
internal_value=0 -0.00631579 0.000481444 -0.000701754 0.00305732 -0.0106542
internal_weight=2142 150 1992 1366 626 105
internal_count=2142 150 1992 1366 626 105
is_linear=0
shrinkage=0.04


Tree=93
num_leaves=4
num_cat=0
split_feature=60 87 117
split_gain=3.9958 3.79391 3.92576
threshold=-1.4566191713265317 2.6034196460700434 -0.54231201626522718
decision_type=2 2 2
left_child=-1 2 -2
right_child=1 -3 -4
leaf_value=0.00050987452574293866 8.5421368628061135e-05 0.0002783544861436102 -5.8268082309855822e-05
leaf_weight=72 546 54 1470
leaf_count=72 546 54 1470
internal_value=5.59701e-05 -0.00027027 -0.000555005
internal_weight=2142 2070 2016
internal_count=2142 2070 2016
is_linear=0
shrinkage=0.04


Tree=94
num_leaves=6
num_cat=0
split_feature=111 40 13 11 14
split_gain=3.88352 4.77246 3.81385 2.91762 4.19412
threshold=-0.77020190479472794 1.7078721342566718 1.5469041842068405 0.45675970671754745 -0.23264803457453614
decision_type=2 2 2 2 2
left_child=3 2 -2 4 -1
right_child=1 -3 -4 -5 -6
leaf_value=0.00032476238399546241 -2.0076752710380328e-05 -0.0013303785336738802 0.00064597177839075014 0.00053490942828298446 -0.00024509853508752205
leaf_weight=109 1734 62 121 41 75
leaf_count=109 1734 62 121 41 75
internal_value=7.46269e-05 -0.000510683 -0.000140011 0.00502203 0.0027957
internal_weight=2142 1917 1855 225 184
internal_count=2142 1917 1855 225 184
is_linear=0
shrinkage=0.04


Tree=95
num_leaves=6
num_cat=0
split_feature=36 73 100 7 70
split_gain=4.21795 4.14448 5.9913 4.16898 1.14699
threshold=-1.2813472575879956 -0.084982367243300119 0.59706924023473895 2.0891455065477875 -0.98544795912937111
decision_type=2 2 2 2 2
left_child=4 2 -2 -3 -1
right_child=1 3 -4 -5 -6
leaf_value=0.00050609856877382748 0.00010750282860476777 -0.0001155230780881125 -0.00067855992238006178 0.00092909917315242151 0.00022175980562403241
leaf_weight=41 818 1094 109 40 40
leaf_count=41 818 1094 109 40 40
internal_value=7.46269e-05 -0.000281144 0.00170075 -0.00190141 0.00891566
internal_weight=2142 2061 927 1134 81
internal_count=2142 2061 927 1134 81
is_linear=0
shrinkage=0.04


Tree=96
num_leaves=7
num_cat=0
split_feature=82 10 115 97 11 40
split_gain=4.07834 3.94009 3.51766 6.47661 5.47684 1.21416
threshold=-0.55386086207541319 -0.49436437116208681 -0.72332800518296836 -0.27802405763648158 -0.11754384225700579 -0.23036255590409896
decision_type=2 2 2 2 2 2
left_child=1 -1 4 -4 -2 -3
right_child=2 5 3 -5 -6 -7
leaf_value=0.00010399693473448869 0.0003913977021356731 -0.00045052008351330726 -0.0001869939681703725 6.5652666982801767e-05 1.1146231039069893e-05 -0.00074560163176560417
leaf_weight=46 116 40 495 1200 181 64
leaf_count=46 116 40 495 1200 181 64
internal_value=0 -0.00631579 0.000481444 -0.000223925 0.00448161 -0.010566
internal_weight=2142 150 1992 1695 297 104
internal_count=2142 150 1992 1695 297 104
is_linear=0
shrinkage=0.04


Tree=97
num_leaves=8
num_cat=0
split_feature=64 112 20 14 117 16 114
split_gain=3.81278 7.26499 7.54966 5.85772 7.72793 5.62425 2.70181
threshold=-0.10894425738938897 -1.1049208479683212 -1.109681015527012 -0.56315311055798611 -0.56889044435947256 1.1315536015157972 0.12243838701820452
decision_type=2 2 2 2 2 2 2
left_child=1 6 -3 4 -2 -5 -1
right_child=3 2 -4 5 -6 -7 -8
leaf_value=0.00028212236307276184 0.00050735875656094667 0.00049912848361088836 -0.00025851727135439847 0.00018346925952894173 -0.00057301266929418607 -0.00032725864279146364 -5.4650918697737862e-06
leaf_weight=90 40 47 751 927 153 71 63
leaf_count=90 40 47 751 927 153 71 63
internal_value=1.86567e-05 -0.00186779 -0.0034 0.00152557 -0.00482051 0.00276 0.00606452
internal_weight=2142 951 798 1191 193 998 153
internal_count=2142 951 798 1191 193 998 153
is_linear=0
shrinkage=0.04


Tree=98
num_leaves=7
num_cat=0
split_feature=87 85 60 64 63 98
split_gain=3.71361 4.39287 3.91303 3.57312 3.02606 2.19225
threshold=1.3103769733817241 0.42435555789274626 -0.24923601214558219 0.0063239696914662641 -0.69556972015885166 0.9612782334317419
decision_type=2 2 2 2 2 2
left_child=1 2 -1 -3 -2 -6
right_child=4 3 -4 -5 5 -7
leaf_value=0.00017016254951910116 -0.00014120968041610087 -0.00040276321423249355 -2.1157634364096823e-05 -7.1171641459494283e-06 0.00014100419608517264 0.00043928537845390041
leaf_weight=405 43 205 1101 170 141 77
leaf_count=405 43 205 1101 170 141 77
internal_value=0.000186567 -0.000435475 0.000530504 -0.00429708 0.00463878 0.00654545
internal_weight=2142 1881 1506 375 261 218
internal_count=2142 1881 1506 375 261 218
is_linear=0
shrinkage=0.04


Tree=99
num_leaves=5
num_cat=0
split_feature=60 87 25 63
split_gain=4.09432 3.70282 3.46797 2.30314
threshold=-1.3722231596287222 2.6034196460700434 -1.1668422962784823 -0.11334742103135419
decision_type=2 2 2 2
left_child=3 2 -2 -1
right_child=1 -3 -4 -5
leaf_value=2.6477041179593929e-05 -0.00024826200935654827 0.0002402452728853395 -1.9591615151789108e-06 0.0007985247133731687
leaf_weight=40 81 54 1926 41
leaf_count=40 81 54 1926 41
internal_value=0.000205224 -0.000145419 -0.000428074 0.00891566
internal_weight=2142 2061 2007 81
internal_count=2142 2061 2007 81
is_linear=0
shrinkage=0.04


Tree=100
num_leaves=6
num_cat=0
split_feature=60 74 69 62 63
split_gain=3.67038 3.52076 8.50332 5.94007 1.99269
threshold=-1.3722231596287222 -0.3691879312320846 0.72552746869857598 1.0000000180025095e-35 -0.11334742103135419
decision_type=2 2 2 2 2
left_child=4 2 -2 -3 -1
right_child=1 3 -4 -5 -6
leaf_value=2.5417959532410203e-05 0.0002118617066921866 5.4376583866230045e-05 -0.00066195938838046336 -0.00015205070530178525 0.00076658372483824188
leaf_weight=40 555 744 75 687 41
leaf_count=40 555 744 75 687 41
internal_value=0.000186567 -0.000145419 0.00234177 -0.00124215 0.00843373
internal_weight=2142 2061 630 1431 81
internal_count=2142 2061 630 1431 81
is_linear=0
shrinkage=0.04


Tree=101
num_leaves=7
num_cat=0
split_feature=82 46 28 37 6 79
split_gain=4.02744 4.75448 3.54634 7.91663 4.89856 1.74879
threshold=-0.55386086207541319 -0.58861596790142756 -0.37832506265458149 -0.93333119997846203 0.22837215990445525 -0.57892766973904719
decision_type=2 2 2 2 2 2
left_child=1 -1 3 -2 -4 -3
right_child=2 5 4 -5 -6 -7
leaf_value=7.7577149463548586e-05 0.00038456193747978635 -0.00070057058768986853 0.00016101315088227697 -0.0002293058915294298 -3.4194127364796862e-05 -0.00027317115537835938
leaf_weight=45 119 65 862 445 566 40
leaf_count=45 119 65 862 445 566 40
internal_value=0.000223881 -0.00605263 0.000702106 -0.0019788 0.00176224 -0.0106542
internal_weight=2142 150 1992 564 1428 105
internal_count=2142 150 1992 564 1428 105
is_linear=0
shrinkage=0.04


Tree=102
num_leaves=6
num_cat=0
split_feature=60 74 28 62 63
split_gain=3.60428 3.66118 5.41551 5.18301 1.99269
threshold=-1.3722231596287222 -0.3691879312320846 1.4055396685292447 1.0000000180025095e-35 -0.11334742103135419
decision_type=2 2 2 2 2
left_child=4 2 -2 -3 -1
right_child=1 3 -4 -5 -6
leaf_value=2.1864860680764071e-05 0.00017739068830304844 4.4669484803702543e-05 -0.00082351432443459954 -0.00014992755325462557 0.00072947984980942118
leaf_weight=40 590 744 40 687 41
leaf_count=40 590 744 40 687 41
internal_value=0.000261194 -6.78623e-05 0.00246835 -0.00118632 0.00843373
internal_weight=2142 2061 630 1431 81
internal_count=2142 2061 630 1431 81
is_linear=0
shrinkage=0.04


Tree=103
num_leaves=6
num_cat=0
split_feature=60 80 3 117 45
split_gain=3.58784 3.51523 3.8789 3.61072 1.41406
threshold=-1.3722231596287222 -0.90761894125226084 0.15411471914694533 -0.54572954975453125 0.31873713013431726
decision_type=2 2 2 2 2
left_child=4 2 -2 -3 -1
right_child=1 3 -4 -5 -6
leaf_value=0.00086459275360132367 0.00057255618339128642 7.4759743275659981e-05 -9.8159031911849993e-06 -5.9500051654990082e-05 0.00016980647534396945
leaf_weight=41 54 525 54 1428 40
leaf_count=41 54 525 54 1428 40
internal_value=0.000279851 -4.84731e-05 0.00690909 -0.000439898 0.00843373
internal_weight=2142 2061 108 1953 81
internal_count=2142 2061 108 1953 81
is_linear=0
shrinkage=0.04


Tree=104
num_leaves=8
num_cat=0
split_feature=114 14 14 68 97 45 104
split_gain=3.27232 3.53452 3.43597 5.56478 4.26465 2.81027 2.17901
threshold=-0.91783148258395353 -0.29681962882078328 -0.61207651224434312 -0.42014301961135714 0.44733718996759847 0.2213640657293838 0.29333735388486903
decision_type=2 2 2 2 2 2 2
left_child=1 6 4 -4 -2 -3 -1
right_child=2 5 3 -5 -6 -7 -8
leaf_value=0.00015923796188789592 -2.666906245257188e-05 0.00014683938186038615 0.00031816316264170668 -2.5388347392128127e-05 -0.00052287922193171548 -0.00030955626523983953 0.00045278010262041066
leaf_weight=41 257 127 353 1142 102 67 53
leaf_count=41 257 127 353 1142 102 67 53
internal_value=0.000186567 0.00413793 -0.000431034 0.000414162 -0.00393352 0.00102041 0.0104167
internal_weight=2142 288 1854 1495 359 194 94
internal_count=2142 288 1854 1495 359 194 94
is_linear=0
shrinkage=0.04


Tree=105
num_leaves=6
num_cat=0
split_feature=22 63 53 53 110
split_gain=3.44886 3.9556 5.28906 4.38169 2.15756
threshold=1.1676558581778171 -0.0044801839857399476 0.58333333333333337 0.25000000000000006 0.22884074129961438
decision_type=2 2 2 2 2
left_child=1 2 -1 -3 -2
right_child=4 3 -4 -5 -6
leaf_value=-0.00011041278177022742 -0.00061683573661469322 0.00025148720319848549 0.00011762535981198317 -2.0326738143918721e-05 -1.4079097996962663e-05
leaf_weight=812 45 541 203 482 59
leaf_count=812 45 541 203 482 59
internal_value=0.000242537 0.000607843 -0.00116028 0.00236098 -0.00679245
internal_weight=2142 2038 1015 1023 104
internal_count=2142 2038 1015 1023 104
is_linear=0
shrinkage=0.04


Tree=106
num_leaves=5
num_cat=0
split_feature=36 73 106 28
split_gain=3.25742 3.26976 6.87846 4.94831
threshold=-1.4272145106823577 -0.14493766371824132 0.71557794403883945 -0.41204897959747505
decision_type=2 2 2 2
left_child=-1 2 -2 -3
right_child=1 3 -4 -5
leaf_value=0.00046654918929183581 0.00010960646530244395 -0.0003265263928768207 -0.00090667770430319903 2.5028352744392927e-06
leaf_weight=45 767 306 84 940
leaf_count=45 767 306 84 940
internal_value=0.000223881 -9.52835e-06 0.00189918 -0.0013141
internal_weight=2142 2097 851 1246
internal_count=2142 2097 851 1246
is_linear=0
shrinkage=0.04


Tree=107
num_leaves=7
num_cat=0
split_feature=80 4 80 46 102 113
split_gain=3.58794 3.90604 4.04278 3.34464 3.86578 1.04003
threshold=2.5139598391327556 1.1293116014715514 -0.18271027885892049 -0.12641791537232541 0.36990524576149569 -0.18655840211273275
decision_type=2 2 2 2 2 2
left_child=1 2 -1 -2 -5 -3
right_child=3 5 -4 4 -6 -7
leaf_value=8.9286404170974316e-05 0.00053268905535777233 -0.00026674971953824067 -6.6027076425416271e-05 -0.00023413758382283725 0.0011876649576292313 -0.00039257300782810964
leaf_weight=806 55 42 1086 56 51 46
leaf_count=806 55 42 1086 56 51 46
internal_value=0.00016791 -0.000302725 8.44773e-05 0.00585366 0.00165138 -0.00844444
internal_weight=2142 1980 1892 162 107 88
internal_count=2142 1980 1892 162 107 88
is_linear=0
shrinkage=0.04


Tree=108
num_leaves=5
num_cat=0
split_feature=36 110 44 14
split_gain=3.33961 3.27551 4.85867 4.32592
threshold=-1.4272145106823577 0.47216235614749158 0.59845883698399893 0.95890667786807537
decision_type=2 2 2 2
left_child=-1 3 -3 -2
right_child=1 2 -4 -5
leaf_value=0.00045052830477717909 -7.7489828169327973e-05 6.8942756797594351e-06 0.00032261576012687204 0.00024855402586974488
leaf_weight=45 1328 498 148 123
leaf_count=45 1328 498 148 123
internal_value=9.32836e-05 -0.000142925 0.00222222 -0.00119752
internal_weight=2142 2097 646 1451
internal_count=2142 2097 646 1451
is_linear=0
shrinkage=0.04


Tree=109
num_leaves=6
num_cat=0
split_feature=30 10 86 63 91
split_gain=3.559 6.29938 5.37419 4.98234 3.3193
threshold=0.17988247153353273 1.9495896313539947 1.0826685974517944 -0.52203789095119324 0.19468346943072071
decision_type=2 2 2 2 2
left_child=2 3 4 -2 -1
right_child=1 -3 -4 -5 -6
leaf_value=0.0001453486273047898 -0.00040933324575063447 0.001042736722081779 0.00052656082078906543 -2.9821304595541651e-05 -6.086319970437036e-05
leaf_weight=638 183 58 78 632 553
leaf_count=638 183 58 78 632 553
internal_value=0.00011194 -0.00185143 0.00146341 -0.00276622 0.00078793
internal_weight=2142 873 1269 815 1191
internal_count=2142 873 1269 815 1191
is_linear=0
shrinkage=0.04


Tree=110
num_leaves=7
num_cat=0
split_feature=51 80 14 102 28 118
split_gain=3.401 3.27712 4.06967 2.15104 2.09182 3.66881
threshold=-1.2811305145651695 3.0001300293526918 -0.61207651224434312 0.36990524576149569 0.34916634720956485 0.42583043133898729
decision_type=2 2 2 2 2 2
left_child=4 2 -2 -3 5 -1
right_child=1 3 -4 -5 -6 -7
leaf_value=0.00033843474222000321 -0.00015795432669412517 0.00010644856404804642 4.3066876287220069e-06 0.0011997046537229516 0.00033783255095807245 -0.00046040072120109811
leaf_weight=52 325 49 1556 41 79 40
leaf_count=52 325 49 1556 41 79 40
internal_value=5.59701e-05 -0.000415611 -0.000775358 0.00695652 0.00543353 0.0012766
internal_weight=2142 1971 1881 90 171 92
internal_count=2142 1971 1881 90 171 92
is_linear=0
shrinkage=0.04


Tree=111
num_leaves=5
num_cat=0
split_feature=87 81 68 28
split_gain=3.16195 3.44123 5.67975 4.68961
threshold=2.6034196460700434 0.091483529507790887 -0.38812781165066357 -0.24466683410670295
decision_type=2 2 2 2
left_child=1 2 -1 -3
right_child=-2 3 -4 -5
leaf_value=0.00012523809049959611 0.00020532848760574263 -0.00013499771738677591 -0.00018444614210728295 0.00017575018191355547
leaf_weight=297 60 299 849 637
leaf_count=297 60 299 849 637
internal_value=0.000130597 -0.000134357 -0.00160279 0.00166311
internal_weight=2142 2082 1146 936
internal_count=2142 2082 1146 936
is_linear=0
shrinkage=0.04


Tree=112
num_leaves=5
num_cat=0
split_feature=36 73 106 45
split_gain=3.35143 3.15002 6.64136 4.80928
threshold=-1.4272145106823577 -0.14493766371824132 0.71557794403883945 -1.7121539758222852
decision_type=2 2 2 2
left_child=-1 2 -2 -3
right_child=1 3 -4 -5
leaf_value=0.00042598139328512308 0.00011439044981759766 0.00021402203523762181 -0.00086520878429775577 -9.9477281475428424e-05
leaf_weight=45 767 99 84 1147
leaf_count=45 767 99 84 1147
internal_value=7.46269e-05 -0.000161982 0.00171161 -0.00144231
internal_weight=2142 2097 851 1246
internal_count=2142 2097 851 1246
is_linear=0
shrinkage=0.04


Tree=113
num_leaves=7
num_cat=0
split_feature=111 64 14 20 56 16
split_gain=3.55559 3.55877 6.52637 5.97961 3.29564 3.47817
threshold=-0.77020190479472794 -0.10894425738938897 -0.56315311055798611 -1.109681015527012 -0.73239986443888416 0.14958359394862683
decision_type=2 2 2 2 2 2
left_child=4 3 -3 -2 -1 -6
right_child=1 2 -4 -5 5 -7
leaf_value=-8.5900218869633396e-05 0.00045644042273968247 -0.00037798169702298257 0.00010277086293459266 -0.00015203306651249848 0.00027389221967353064 -9.6693531688726023e-05
leaf_weight=45 45 168 906 798 138 42
leaf_count=45 45 168 906 798 138 42
internal_value=0.00011194 -0.00044815 0.00107807 -0.00239053 0.00484581 0.00725275
internal_weight=2142 1917 1074 843 225 180
internal_count=2142 1917 1074 843 225 180
is_linear=0
shrinkage=0.04


Tree=114
num_leaves=6
num_cat=0
split_feature=4 115 86 11 39
split_gain=3.46715 3.55149 5.33971 5.03661 2.21459
threshold=1.1293116014715514 -0.59094527387370865 0.9241345090687455 -0.21121510702174309 1.0798231465127082
decision_type=2 2 2 2 2
left_child=1 3 -3 -1 -2
right_child=4 2 -4 -5 -6
leaf_value=0.0003009100662329089 -0.00038375100738238159 -4.4230360753198041e-05 0.00019450546504117593 4.2301557604890186e-06 2.1301910043214219e-05
leaf_weight=155 63 1397 201 285 41
leaf_count=155 63 1397 201 285 41
internal_value=0.000261194 0.000627451 -0.00025 0.0038009 -0.00679245
internal_weight=2142 2038 1598 440 104
internal_count=2142 2038 1598 440 104
is_linear=0
shrinkage=0.04


Tree=115
num_leaves=8
num_cat=0
split_feature=115 14 14 63 19 63 87
split_gain=3.25046 7.83121 5.34389 7.10978 4.6945 4.15589 3.67665
threshold=-0.60294674331170295 -0.17328418303103335 -0.14574467811273215 -0.12524970694747697 -0.44486980464156151 -0.93691253303410227 -0.33846819892776897
decision_type=2 2 2 2 2 2 2
left_child=1 5 4 -4 -2 -1 -3
right_child=2 6 3 -5 -6 -7 -8
leaf_value=-3.7215753063236866e-05 9.5119328906104194e-06 -0.00032335847268604611 -0.00020897154609438528 0.00017656312130770867 -0.00028251950428923272 0.00044087185271677546 4.8962138626614389e-05
leaf_weight=44 341 113 381 582 400 134 147
leaf_count=44 341 113 381 582 400 134 147
internal_value=0.000298507 0.00336364 -0.00049238 0.0014715 -0.00304172 0.00977778 -0.0010687
internal_weight=2142 438 1704 963 741 178 260
internal_count=2142 438 1704 963 741 178 260
is_linear=0
shrinkage=0.04


Tree=116
num_leaves=6
num_cat=0
split_feature=16 59 74 102 113
split_gain=3.25462 3.64416 3.93683 2.20341 1.42873
threshold=1.1315536015157972 2.3195702608057851 -0.32725825847960482 0.29966528401643922 -0.20797609530709368
decision_type=2 2 2 2 2
left_child=1 2 -1 -3 -2
right_child=4 3 -4 -5 -6
leaf_value=0.00013268064781351774 -3.9971994433125466e-05 8.1191994129696521e-06 -3.1160366151500863e-05 0.00094546842449633119 -0.00028309379735474407
leaf_weight=574 46 49 1345 62 66
leaf_count=574 46 49 1345 62 66
internal_value=0.000261194 0.000629921 0.000218636 0.00761062 -0.00631579
internal_weight=2142 2030 1919 111 112
internal_count=2142 2030 1919 111 112
is_linear=0
shrinkage=0.04


Tree=117
num_leaves=5
num_cat=0
split_feature=36 110 80 25
split_gain=3.24576 3.02943 5.58166 4.61408
threshold=-1.4272145106823577 0.47216235614749158 -0.04549790905112281 0.74541522959642281
decision_type=2 2 2 2
left_child=-1 2 -2 -3
right_child=1 3 -4 -5
leaf_value=0.00039107216749556528 4.211670198104642e-05 0.00014413882857499145 -0.00022934081199396799 -0.00022115075160245875
leaf_weight=45 718 521 733 125
leaf_count=45 718 521 733 125
internal_value=0.000242537 9.52835e-06 -0.00100482 0.00228395
internal_weight=2142 2097 1451 646
internal_count=2142 2097 1451 646
is_linear=0
shrinkage=0.04


Tree=118
num_leaves=4
num_cat=0
split_feature=36 87 115
split_gain=3.23412 3.45472 3.79412
threshold=-1.4272145106823577 2.6034196460700434 0.50451203249650367
decision_type=2 2 2
left_child=-1 2 -2
right_child=1 -3 -4
leaf_value=0.00037542928079574266 1.7654560483693834e-05 0.00015979043501282181 -0.00018383622558887765
leaf_weight=45 1571 56 470
leaf_count=45 1571 56 470
internal_value=0.000261194 2.8585e-05 -0.000244738
internal_weight=2142 2097 2041
internal_count=2142 2097 2041
is_linear=0
shrinkage=0.04


Tree=119
num_leaves=5
num_cat=0
split_feature=36 46 74 80
split_gain=3.23412 3.39751 6.03578 5.42819
threshold=-1.4272145106823577 1.0000000180025095e-35 1.2693496993689095 -0.24843555182411942
decision_type=2 2 2 2
left_child=-1 3 -3 -2
right_child=1 2 -4 -5
leaf_value=0.00036041210956391291 0.00013725879746220222 -1.7744993069803705e-05 -0.00071537525611477107 -1.9830628752099954e-05
leaf_weight=45 407 936 99 655
leaf_count=45 407 936 99 655
internal_value=0.000261194 2.8585e-05 -0.00160077 0.00161654
internal_weight=2142 2097 1035 1062
internal_count=2142 2097 1035 1062
is_linear=0
shrinkage=0.04


end of trees

feature_importances:
Column_115=46
Column_36=38
Column_37=30
Column_74=28
Column_87=27
Column_82=23
Column_28=22
Column_110=21
Column_63=20
Column_81=20
Column_86=18
Column_60=17
Column_80=17
Column_68=16
Column_46=15
Column_14=13
Column_47=12
Column_73=12
Column_25=11
Column_64=10
Column_106=10
Column_4=9
Column_6=9
Column_31=9
Column_33=9
Column_79=9
Column_16=8
Column_104=8
Column_114=8
Column_117=8
Column_10=7
Column_30=7
Column_15=6
Column_53=6
Column_92=6
Column_20=5
Column_39=5
Column_67=5
Column_97=5
Column_98=5
Column_100=5
Column_102=5
Column_111=5
Column_11=4
Column_27=4
Column_34=4
Column_40=4
Column_45=4
Column_48=4
Column_70=4
Column_75=4
Column_85=4
Column_91=4
Column_118=4
Column_7=3
Column_22=3
Column_24=3
Column_26=3
Column_35=3
Column_41=3
Column_59=3
Column_62=3
Column_66=3
Column_93=3
Column_0=2
Column_3=2
Column_5=2
Column_13=2
Column_19=2
Column_21=2
Column_29=2
Column_42=2
Column_69=2
Column_84=2
Column_94=2
Column_96=2
Column_105=2
Column_109=2
Column_113=2
Column_116=2
Column_1=1
Column_2=1
Column_17=1
Column_32=1
Column_44=1
Column_49=1
Column_50=1
Column_51=1
Column_56=1
Column_99=1
Column_101=1
Column_103=1
Column_112=1

parameters:
[boosting: gbdt]
[objective: quantile]
[metric: quantile]
[tree_learner: serial]
[device_type: cpu]
[data_sample_strategy: bagging]
[data: ]
[valid: ]
[num_iterations: 120]
[learning_rate: 0.04]
[num_leaves: 15]
[num_threads: 2]
[seed: 42]
[deterministic: 0]
[force_col_wise: 0]
[force_row_wise: 0]
[histogram_pool_size: -1]
[max_depth: 3]
[min_data_in_leaf: 40]
[min_sum_hessian_in_leaf: 0.001]
[bagging_fraction: 0.85]
[pos_bagging_fraction: 1]
[neg_bagging_fraction: 1]
[bagging_freq: 0]
[bagging_seed: 400]
[bagging_by_query: 0]
[feature_fraction: 0.8]
[feature_fraction_bynode: 1]
[feature_fraction_seed: 30056]
[extra_trees: 0]
[extra_seed: 12879]
[early_stopping_round: 0]
[early_stopping_min_delta: 0]
[first_metric_only: 0]
[max_delta_step: 0]
[lambda_l1: 0]
[lambda_l2: 2]
[linear_lambda: 0]
[min_gain_to_split: 0]
[drop_rate: 0.1]
[max_drop: 50]
[skip_drop: 0.5]
[xgboost_dart_mode: 0]
[uniform_drop: 0]
[drop_seed: 17869]
[top_rate: 0.2]
[other_rate: 0.1]
[min_data_per_group: 100]
[max_cat_threshold: 32]
[cat_l2: 10]
[cat_smooth: 10]
[max_cat_to_onehot: 4]
[top_k: 20]
[monotone_constraints: ]
[monotone_constraints_method: basic]
[monotone_penalty: 0]
[feature_contri: ]
[forcedsplits_filename: ]
[refit_decay_rate: 0.9]
[cegb_tradeoff: 1]
[cegb_penalty_split: 0]
[cegb_penalty_feature_lazy: ]
[cegb_penalty_feature_coupled: ]
[path_smooth: 0]
[interaction_constraints: ]
[verbosity: -1]
[saved_feature_importance_type: 0]
[use_quantized_grad: 0]
[num_grad_quant_bins: 4]
[quant_train_renew_leaf: 0]
[stochastic_rounding: 1]
[linear_tree: 0]
[max_bin: 255]
[max_bin_by_feature: ]
[min_data_in_bin: 3]
[bin_construct_sample_cnt: 200000]
[data_random_seed: 175]
[is_enable_sparse: 1]
[enable_bundle: 1]
[use_missing: 1]
[zero_as_missing: 0]
[feature_pre_filter: 1]
[pre_partition: 0]
[two_round: 0]
[header: 0]
[label_column: ]
[weight_column: ]
[group_column: ]
[ignore_column: ]
[categorical_feature: ]
[forcedbins_filename: ]
[precise_float_parser: 0]
[parser_config_file: ]
[objective_seed: 16083]
[num_class: 1]
[is_unbalance: 0]
[scale_pos_weight: 1]
[sigmoid: 1]
[boost_from_average: 1]
[reg_sqrt: 0]
[alpha: 0.5]
[fair_c: 1]
[poisson_max_delta_step: 0.7]
[tweedie_variance_power: 1.5]
[lambdarank_truncation_level: 30]
[lambdarank_norm: 1]
[label_gain: ]
[lambdarank_position_bias_regularization: 0]
[eval_at: ]
[multi_error_top_k: 1]
[auc_mu_weights: ]
[num_machines: 1]
[local_listen_port: 12400]
[time_out: 120]
[machine_list_filename: ]
[machines: ]
[gpu_platform_id: -1]
[gpu_device_id: -1]
[gpu_device_id_list: ]
[gpu_use_dp: 0]
[num_gpu: 1]

end of parameters

pandas_categorical:null
