tree
version=v4
num_class=1
num_tree_per_iteration=1
label_index=0
max_feature_idx=118
objective=quantile
feature_names=Column_0 Column_1 Column_2 Column_3 Column_4 Column_5 Column_6 Column_7 Column_8 Column_9 Column_10 Column_11 Column_12 Column_13 Column_14 Column_15 Column_16 Column_17 Column_18 Column_19 Column_20 Column_21 Column_22 Column_23 Column_24 Column_25 Column_26 Column_27 Column_28 Column_29 Column_30 Column_31 Column_32 Column_33 Column_34 Column_35 Column_36 Column_37 Column_38 Column_39 Column_40 Column_41 Column_42 Column_43 Column_44 Column_45 Column_46 Column_47 Column_48 Column_49 Column_50 Column_51 Column_52 Column_53 Column_54 Column_55 Column_56 Column_57 Column_58 Column_59 Column_60 Column_61 Column_62 Column_63 Column_64 Column_65 Column_66 Column_67 Column_68 Column_69 Column_70 Column_71 Column_72 Column_73 Column_74 Column_75 Column_76 Column_77 Column_78 Column_79 Column_80 Column_81 Column_82 Column_83 Column_84 Column_85 Column_86 Column_87 Column_88 Column_89 Column_90 Column_91 Column_92 Column_93 Column_94 Column_95 Column_96 Column_97 Column_98 Column_99 Column_100 Column_101 Column_102 Column_103 Column_104 Column_105 Column_106 Column_107 Column_108 Column_109 Column_110 Column_111 Column_112 Column_113 Column_114 Column_115 Column_116 Column_117 Column_118
feature_infos=[-6.1494263252328025:6.6061960993655529] [-5.6522784346433577:5.4832838684511591] [-4.8559241605259214:4.1477959605288151] [-4.33888282187307:3.824279883304142] [-3.6414431646999081:2.1625018577196875] [-2.584660181685583:2.3755294842494035] [-4.2285280778511627:3.9729044606645747] [-1.3381510876261198:6.4766165432213398] [-1.6783332715664483:1.6290114926236889] [-3.5975055655820118:2.2047623296026582] [-1.4896162687556538:5.2197471217980853] [-2.4465927334399118:2.1345520030130363] [-2.5447284368719827:2.4509230795873793] [-1.4552411016693578:3.9207061093180591] [-2.8232168863287725:2.6238444139443988] [-1.578419311864117:1.6219208859723271] [-1.7641344462963811:1.7858000541608721] [-0.9555316294552727:0.77153972766360324] [-1.0014586054677583:0.78312327608897747] [-0.95553162945527259:0.77153972766360335] [-2.236022825448658:1.6628352523810395] [-4.0101948763906297:4.1136839338227524] [-3.2941972767850598:2.3034162605961641] [-2.330090478874141:2.610391676138732] [-2.1497203954504807:1.5849148362405623] [-2.1580666772069192:1.5776500705641745] [-3.3740672975345571:2.0325201033051816] [-1.78685205411133:1.4187506318541363] [-1.1740389847534209:3.6353595895542314] [-3.7029372328752115:4.2663329863372192] [-3.6928841446672904:4.4999448642381603] [-3.0645141778222365:3.2695631752433072] [-3.1876180100898388:3.4367669681823227] [-1.9650602119963321:2.0854736061815387] [-2.2048070207626553:2.2377199059736479] [-1.7870279372344176:1.7595132022350959] [-1.8118353004790653:1.8481789149766474] [-1.5818531459409828:3.8317327797649186] [-1.4717876624517972:4.9894452178114053] [-1.4482381781921132:3.8021014741433574] [-1.1766149869204305:3.1686055099290296] [-1.6677591782064429:1.4478383247540301] [-1.97860756207653:1.7379185936070511] [-1.8738137062410385:14.029786202998315] [-181.8676745335967:162.37016701151938] [-397.40505650234456:131.2649119205891] [-325.94020498646915:76.491907701529883] [-1.3726837840162185:2.8311544749495972] [-1.9442321499051451:1.9988497826964602] [-1.1939428390087008:9.0184297688006829] [-4.8797530978009371:4.443622956831601] [-8.9976670568740182:6.6833137351881202] [-1:1] [-0.83333333333333337:1] [0:1] [0:1] [-6.4047156225222386:3.3341970520779416] [-2.9921316023223743:2.2722183253291721] [-2.3188574790080199:2.1983317192307692] [-1.0641717865348141:3.109165003299446] [-2.2569775924697169:1.8436964290932365] [-2.6611769355386707:0.55844612798166771] [-4.5411529035394462:3.6757536127437742] [-3.2753891089851783:2.4642842810957788] [-2.9496960929589218:2.0704061731140517] [-3.0492585173359399:3.997020471703594] [-3.4013406933631081:2.2570305485626045] [-2.2920747121329543:1.5799927445346897] [-0.9478825388445028:2.1446192663460937] [-2.0436656999992779:1.2371074081227864] [-1.3740090300471668:0.35241732705539019] [-4.525540226857852:7.1421988438634587] [-4.1951379978685965:5.854363850293332] [-2.4360070041401345:4.2308794416620072] [-1.2789996049275307:4.8332299486974764] [-1.1995200493852389:7.9639652798064224] [-1.0859219244900009:2.3006975765388638] [-6.5367895696088674:6.7073473359072455] [-4.5902263932938059:3.5532217461542404] [-3.3362295653270166:3.669601970798464] [-1.2103947788856002:3.5448267214798435] [-1.7492582356046078:4.326002286467336] [-0.7841322370702436:2.0005146080155143] [-11.32703163466349:11.105335188711166] [-5.9612414146408881:5.2190346539849655] [-3.6529578367215239:4.0245515238104321] [-0.99303799465963494:3.0489392696515356] [-2.187787418289969:4.264994612816337] [-1.3394030597733593:0.73043373982817406] [-3.9510544801765133:2.9642181446572184] [-3.4899660730333029:3.060403858141302] [-2.5314097556064912:1.7177773326879078] [-1.2686046620856066:3.0527887643434344] [-1.9996997211690439:1.8290971815506269] [-1.4050804549025588:0.47400153606163398] [-5.2567068122514806:2.6350421120750878] [-3.9889467347548617:3.4026258704799917] [-1.8241257739893431:2.7355288883320719] [-1.4530535419961319:4.1432370169171557] [-1.6517628774159003:4.387061124633802] [-1.4710938262346245:1.1929356080011335] [-4.2531948684837353:2.4368701735741731] [-3.7612608519904582:3.4923494232901628] [-1.8974280614639452:2.5965043880301386] [-1.4643086829627063:3.9475622535160353] [-1.4986959863574343:3.8064190164794147] [-1.4486101005755379:1.1374218824344038] [-3.4200107359923004:3.7181960458765135] [-2.2298902782856893:2.6792187739290445] [-1.972366955776762:2.0491065850626997] [-1.4679832832005844:2.0686730800067834] [-1.4524841859704558:1.8967311786050898] [-2.1675284767264524:0.57906891098412872] [-3.0803370434432149:3.271570682463576] [-2.7824577473515886:3.58808894075865] [-1.6675850293785217:2.3805251008513824] [-0.86439570251993936:2.919768428348954] [-1.4130858841661282:2.285489754159626] [-1.3943396325113102:0.9957277852179961]
tree_sizes=764 685 690 778 784 770 770 869 773 862 773 863 872 864 868 788 784 866 867 781 868 779 788 776 696 871 786 860 694 693 606 865 683 782 779 781 867 868 778 781 784 604 774 604 602 780 684 784 785 697 781 782 785 785 694 787 783 693 605 784 864 863 777 779 687 782 782 785 692 604 778 781 782 866 877 865 605 868 517 783 779 605 600 779 688 787 778 697 783 783 785 870 781 785 876 784 691 788 877 790 607 780 790 698 605 787 776 778 611 691 606 607 612 604 691 609 607 693 605 607

Tree=0
num_leaves=7
num_cat=0
split_feature=115 33 106 31 60 118
split_gain=6.23818 6.29779 4.81811 8.89318 2.04116 0.953476
threshold=1.0426384429391369 0.082505019018680611 0.71557794403883945 -0.087056314827596751 0.85494201888427823 0.91510084506767686
decision_type=2 2 2 2 2 2
left_child=2 5 4 -4 -1 -2
right_child=1 -3 3 -5 -6 -7
leaf_value=-0.049518832396414282 -0.050206375254061839 -0.051881930343908624 -0.049585538546719661 -0.051740261731360704 -0.050363344169737256 -0.04939318751457078
leaf_weight=1548 42 75 117 93 222 45
leaf_count=1548 42 75 117 93 222 45
internal_value=-0.0499664 -0.0574637 -0.0493461 -0.0550459 -0.0486648 -0.0500863
internal_weight=2142 162 1980 210 1770 87
internal_count=2142 162 1980 210 1770 87
is_linear=0
shrinkage=1


Tree=1
num_leaves=6
num_cat=0
split_feature=115 4 110 59 24
split_gain=5.74899 6.06929 4.51795 8.20886 1.50515
threshold=1.1483442132012143 0.18200217067811375 0.094428803937716313 1.0439858564021234 0.86688120165980054
decision_type=2 2 2 2 2
left_child=2 -2 3 -1 -4
right_child=1 -3 4 -5 -6
leaf_value=-6.2857470964980405e-06 -0.00017262181059443828 -0.002023563778495024 0.00080564061133741119 -0.0018284873433790506 -0.00036704458696117825
leaf_weight=1008 77 55 800 90 112
leaf_count=1008 77 55 800 90 112
internal_value=2.23882e-05 -0.008 0.00055666 -0.00117091 0.00263457
internal_weight=2142 132 2010 1098 912
internal_count=2142 132 2010 1098 912
is_linear=0
shrinkage=0.04


Tree=2
num_leaves=6
num_cat=0
split_feature=115 4 110 68 24
split_gain=5.32912 5.58463 4.41465 7.19792 1.47494
threshold=1.1483442132012143 0.18200217067811375 0.094428803937716313 0.88995125691715271 0.86688120165980054
decision_type=2 2 2 2 2
left_child=2 -2 3 -1 -4
right_child=1 -3 4 -5 -6
leaf_value=-2.42384241794369e-06 -0.00016571693817066081 -0.0019426212273552233 0.0007734149868839147 -0.0015539321819137302 -0.00035236280348273114
leaf_weight=993 77 55 800 105 112
leaf_count=993 77 55 800 105 112
internal_value=2.23882e-05 -0.00770149 0.000536779 -0.00117091 0.00259081
internal_weight=2142 132 2010 1098 912
internal_count=2142 132 2010 1098 912
is_linear=0
shrinkage=0.04


Tree=3
num_leaves=7
num_cat=0
split_feature=40 33 110 67 84 5
split_gain=4.92106 9.27266 4.4469 4.47371 0.970432 0.42741
threshold=1.6134076157762769 -0.15870974545134128 0.094428803937716313 0.03959690796993949 -0.9172265109050709 -0.65583668290483921
decision_type=2 2 2 2 2 2
left_child=2 5 3 -1 -4 -2
right_child=1 -3 4 -5 -6 -7
leaf_value=-0.00063722799493572157 0.00086645152140692433 -0.0032064439652067468 -0.00022945555190244577 0.00035394913503894188 0.00066951346951889734 -0.00020233437876148369
leaf_weight=553 40 48 105 558 798 40
leaf_count=553 40 48 105 558 798 40
internal_value=9.70151e-05 -0.00744615 0.000583333 -0.00111051 0.00266519 0.00097561
internal_weight=2142 128 2014 1111 903 80
internal_count=2142 128 2014 1111 903 80
is_linear=0
shrinkage=0.04


Tree=4
num_leaves=7
num_cat=0
split_feature=118 33 10 116 60 113
split_gain=4.24379 6.40647 7.91636 2.06187 2.17864 0.550157
threshold=0.33731165687647463 -0.38657838959795893 0.94784865505255456 -0.78889829217045881 0.87003859267248729 -0.50417587051681534
decision_type=2 2 2 2 2 2
left_child=3 5 -3 -1 -5 -2
right_child=1 2 -4 4 -6 -7
leaf_value=-0.0011988178184536011 -2.861726548941898e-05 -0.00046672334588086366 -0.0030429513540662536 0.00054898117726500165 -0.00040216537748239415 0.0007483431371044214
leaf_weight=42 65 380 66 1152 213 224
leaf_count=42 65 380 66 1152 213 224
internal_value=0.000152985 -0.00230665 -0.00530357 0.00143932 0.00171178 0.00232302
internal_weight=2142 735 446 1407 1365 289
internal_count=2142 735 446 1407 1365 289
is_linear=0
shrinkage=0.04


Tree=5
num_leaves=7
num_cat=0
split_feature=110 59 32 67 40 36
split_gain=4.07719 7.08193 7.9423 2.90103 2.58007 1.40379
threshold=0.094428803937716313 1.0439858564021234 -0.22098601116821567 0.18779104585917095 1.7599607212671118 1.1301184642366588
decision_type=2 2 2 2 2 2
left_child=1 3 -3 -1 5 -2
right_child=4 2 -4 -5 -6 -7
leaf_value=-0.00034567031806323993 0.000624883719969417 5.4322818834840576e-05 -0.0017506447631256139 0.00048238826030635117 -0.0014951833584576941 -0.00041347556887840338
leaf_weight=645 870 41 58 426 60 42
leaf_count=645 870 41 58 426 60 42
internal_value=0.000190299 -0.00139932 -0.0115248 -0.000443616 0.00210267 0.00263457
internal_weight=2142 1170 99 1071 972 912
internal_count=2142 1170 99 1071 972 912
is_linear=0
shrinkage=0.04


Tree=6
num_leaves=7
num_cat=0
split_feature=110 59 16 60 40 36
split_gain=3.9981 6.58471 9.03577 3.08011 2.58007 1.0604
threshold=0.094428803937716313 1.0439858564021234 -0.18787481719678531 0.83371024723268983 1.7599607212671118 1.1301184642366588
decision_type=2 2 2 2 2 2
left_child=1 3 -3 -1 5 -2
right_child=4 2 -4 -5 -6 -7
leaf_value=6.0191395983053707e-05 0.00059988837117064037 5.9504143382037856e-05 -0.0019346631426609663 -0.0015242907162716266 -0.0014353760241193863 -0.00039693654612326713
leaf_weight=960 870 45 54 111 60 42
leaf_count=960 870 45 54 111 60 42
internal_value=0.000208955 -0.00136519 -0.0111287 -0.000443616 0.00210267 0.00263457
internal_weight=2142 1170 99 1071 972 912
internal_count=2142 1170 99 1071 972 912
is_linear=0
shrinkage=0.04


Tree=7
num_leaves=8
num_cat=0
split_feature=118 16 40 60 86 46 63
split_gain=3.59173 5.61305 8.28503 2.11885 2.62913 2.10778 0.380925
threshold=0.33731165687647463 -0.51539674176613171 1.6134076157762769 0.85494201888427823 -0.76739204200828459 -0.18041023823087096 -0.37508518737895596
decision_type=2 2 2 2 2 2 2
left_child=3 6 -3 4 -1 -5 -2
right_child=1 2 -4 5 -6 -7 -8
leaf_value=-0.00047912049411462826 4.9289160487004391e-05 -0.00043853095872576665 -0.0029444073190742154 0.00072280858630405481 0.00060496815258953465 -0.001177740190500894 0.00076720491377682695
leaf_weight=183 62 446 41 95 1005 124 186
leaf_count=183 62 446 41 95 1005 124 186
internal_value=0.000227612 -0.00203528 -0.00452352 0.00141093 0.00207731 -0.00219005 0.002848
internal_weight=2142 735 487 1407 1188 219 248
internal_count=2142 735 487 1407 1188 219 248
is_linear=0
shrinkage=0.04


Tree=8
num_leaves=7
num_cat=0
split_feature=110 59 16 84 115 24
split_gain=3.8579 6.19464 8.50731 2.93669 2.04955 1.45522
threshold=0.094428803937716313 1.0439858564021234 -0.18787481719678531 -0.76729550287809856 1.3251168723328759 0.86688120165980054
decision_type=2 2 2 2 2 2
left_child=1 3 -3 -1 5 -2
right_child=4 2 -4 -5 -6 -7
leaf_value=-0.0010113144317801701 0.00065646058402294327 0.0001184363640598517 -0.0018397353786054969 7.4414827070384547e-05 -0.001308087576773645 -0.00026522450225350381
leaf_weight=138 812 45 54 933 48 112
leaf_count=138 812 45 54 933 48 112
internal_value=0.000283582 -0.0012628 -0.0107327 -0.000369059 0.00214374 0.00256587
internal_weight=2142 1170 99 1071 972 924
internal_count=2142 1170 99 1071 972 924
is_linear=0
shrinkage=0.04


Tree=9
num_leaves=8
num_cat=0
split_feature=106 32 60 98 14 118 34
split_gain=3.70171 8.45419 2.78638 2.4119 5.51658 2.12878 0.62301
threshold=0.70792429020341219 -0.095793387799733745 -0.41936025687400358 0.79604240709637719 0.36956125505055709 -1.1041046280041331 -0.39996707183005281
decision_type=2 2 2 2 2 2 2
left_child=3 6 -3 5 -5 -1 -2
right_child=1 2 -4 4 -6 -7 -8
leaf_value=-0.0010090386306147649 0.00091359410544350028 -0.0014078824087963681 -0.00046892248472763784 3.6242779699870934e-05 -0.0014089450517017058 0.00041775928009795836 -9.5804419913569756e-05
leaf_weight=60 99 45 65 238 59 1536 40
leaf_count=60 99 45 65 238 59 1536 40
internal_value=0.000246269 -0.00431872 -0.0125 0.00085066 -0.00244816 0.00146683 0.00224113
internal_weight=2142 249 110 1893 297 1596 139
internal_count=2142 249 110 1893 297 1596 139
is_linear=0
shrinkage=0.04


Tree=10
num_leaves=7
num_cat=0
split_feature=110 59 16 57 40 36
split_gain=3.81209 4.92061 7.78669 3.12986 1.87212 1.42119
threshold=0.094428803937716313 0.84143543167089929 -0.22370156502167979 0.3881985808613595 1.7599607212671118 1.1301184642366588
decision_type=2 2 2 2 2 2
left_child=1 3 -3 -1 5 -2
right_child=4 2 -4 -5 -6 -7
leaf_value=0.00018236992178443008 0.0005362187369090946 9.010490207061649e-05 -0.0017587889086700945 -0.00056692825224119686 -0.0011515033852526281 -0.00034005086777207869
leaf_weight=780 870 63 63 264 60 42
leaf_count=780 870 63 63 264 60 42
internal_value=0.000376866 -0.00116041 -0.0085625 -0.00025239 0.00222587 0.00267834
internal_weight=2142 1170 126 1044 972 912
internal_count=2142 1170 126 1044 972 912
is_linear=0
shrinkage=0.04


Tree=11
num_leaves=8
num_cat=0
split_feature=110 70 19 81 4 118 53
split_gain=3.36384 4.77328 6.66864 1.73997 2.389 1.23763 1.11291
threshold=0.094428803937716313 0.2179074267615238 -0.1970837519588268 -1.1139690463467187 0.31592351911478384 -0.57346405183549354 -0.74999999999999989
decision_type=2 2 2 2 2 2 2
left_child=1 2 -1 4 -2 -3 -5
right_child=3 5 -4 6 -6 -7 -8
leaf_value=0.00017176944663086557 0.00041550396339233976 -0.0012239759127764369 -0.00086239945802012521 -0.00052588314259128469 -0.00073886250003316002 0.00070423211177954108 0.00055394534028495833
leaf_weight=337 53 60 380 60 52 393 807
leaf_count=337 53 60 380 60 52 393 807
internal_value=0.000283582 -0.00116041 -0.00318776 0.00202053 -0.00280374 0.00204835 0.0026099
internal_weight=2142 1170 717 972 105 453 867
internal_count=2142 1170 717 972 105 453 867
is_linear=0
shrinkage=0.04


Tree=12
num_leaves=8
num_cat=0
split_feature=115 62 64 60 106 86 103
split_gain=3.75245 4.37279 3.78198 2.19109 2.53158 2.45681 0.735277
threshold=0.3148246199268892 -0.15469965004384509 0.097950820484523235 0.84349257151477464 0.72918135299230646 0.51596020248979058 -0.15232001615559032
decision_type=2 2 2 2 2 2 2
left_child=3 6 -3 4 -1 -5 -2
right_child=1 2 -4 5 -6 -7 -8
leaf_value=0.00053626080848212054 -3.494082430826596e-05 -0.0009741244288189383 -4.7430647463001458e-05 0.00025768735598751647 -0.00035341038967118011 -0.0030261974012303961 0.00037705319837864361
leaf_weight=1131 112 238 170 147 99 60 185
leaf_count=1131 112 238 170 147 99 60 185
internal_value=0.000264926 -0.00212164 -0.0048 0.00143711 0.00207792 -0.00235407 0.00156522
internal_weight=2142 705 408 1437 1230 207 297
internal_count=2142 705 408 1437 1230 207 297
is_linear=0
shrinkage=0.04


Tree=13
num_leaves=8
num_cat=0
split_feature=110 59 16 85 24 91 53
split_gain=2.94457 4.2458 7.01179 3.2324 1.86523 2.2899 1.16146
threshold=0.094428803937716313 1.0093644796289167 -0.18787481719678531 -0.4003342097072024 0.81981426730089491 -0.34253949181835436 -0.74999999999999989
decision_type=2 2 2 2 2 2 2
left_child=1 3 -3 -1 6 -6 -2
right_child=4 2 -4 -5 5 -7 -8
leaf_value=-0.0007749046906952269 -0.00052629824945160273 7.2905372820470006e-05 -0.0017514960249729761 0.00014430751348868835 0.00033521878282927143 -0.0014037367068685293 0.00053303269096910237
leaf_weight=264 50 51 57 798 94 47 781
leaf_count=264 50 51 57 798 94 47 781
internal_value=0.000395523 -0.000955631 -0.00843636 -0.000180451 0.00202053 -0.00220979 0.0027419
internal_weight=2142 1170 108 1062 972 141 831
internal_count=2142 1170 108 1062 972 141 831
is_linear=0
shrinkage=0.04


Tree=14
num_leaves=8
num_cat=0
split_feature=84 80 110 110 59 67 44
split_gain=3.02043 2.755 3.50815 2.03754 3.31848 1.40572 0.518797
threshold=-0.8238283586611439 -0.40904913808577498 0.18808780656526927 0.54258719988400472 0.84143543167089929 0.5558660433054482 0.0093836804566380435
decision_type=2 2 2 2 2 2 2
left_child=1 6 -3 4 -2 -5 -1
right_child=3 2 -4 5 -6 -7 -8
leaf_value=0.0012872381735811696 0.0002160843669582663 -0.0010876302968127996 -0.00036838064077282263 0.00056912070093737802 -0.00062723059071689499 -0.00033158211569107361 -0.00011717968771199252
leaf_weight=61 1116 84 93 465 225 48 50
leaf_count=61 1116 84 93 465 225 48 50
internal_value=0.000320896 -0.00347586 -0.00654749 0.000913793 9.23307e-05 0.00305243 0.00145133
internal_weight=2142 288 177 1854 1341 513 111
internal_count=2142 288 177 1854 1341 513 111
is_linear=0
shrinkage=0.04


Tree=15
num_leaves=7
num_cat=0
split_feature=115 62 63 116 53 103
split_gain=3.3434 3.72881 3.57358 2.09961 2.05007 0.735277
threshold=0.3148246199268892 -0.15469965004384509 0.062585611850447101 -0.78889829217045881 -0.74999999999999989 -0.15232001615559032
decision_type=2 2 2 2 2 2
left_child=3 5 -3 -1 -5 -2
right_child=1 2 -4 4 -6 -7
leaf_value=-0.0010949460222441684 -2.233929011648472e-05 -0.00098172232690345177 -1.9649115825639858e-06 -0.00052812388499004471 0.000395638797191507 0.00034643457495238297
leaf_weight=42 112 225 183 114 1281 185
leaf_count=42 112 225 183 114 1281 185
internal_value=0.000414179 -0.00183876 -0.00431219 0.0015205 0.00178955 0.00156522
internal_weight=2142 705 408 1437 1395 297
internal_count=2142 705 408 1437 1395 297
is_linear=0
shrinkage=0.04


Tree=16
num_leaves=7
num_cat=0
split_feature=4 106 98 20 53 109
split_gain=2.47803 4.39426 2.85462 2.81676 0.989384 0.502749
threshold=-0.42445378474521306 0.8707743710315673 0.79604240709637719 1.0000000180025095e-35 -0.74999999999999989 -0.77252339454305174
decision_type=2 2 2 2 2 2
left_child=4 2 -2 -3 -1 -6
right_child=1 3 -4 -5 5 -7
leaf_value=-0.0002817484579248286 0.00019135374230851919 6.551736647590205e-05 -0.00086537183040134565 -0.001037256209561336 0.00010059884635736953 0.00054224558874347499
leaf_weight=54 1193 41 211 66 123 454
leaf_count=54 1193 41 211 66 123 454
internal_value=0.000432836 -0.000446794 0.000153627 -0.00818349 0.00253397 0.003019
internal_weight=2142 1511 1404 107 631 577
internal_count=2142 1511 1404 107 631 577
is_linear=0
shrinkage=0.04


Tree=17
num_leaves=8
num_cat=0
split_feature=110 67 29 24 67 60 98
split_gain=2.57789 3.93453 5.7101 1.81701 2.06652 1.1978 0.777527
threshold=0.094428803937716313 0.18779104585917095 0.09347696096306625 0.79853000857728784 0.45919367467077793 0.80828757864911371 0.44338861262110518
decision_type=2 2 2 2 2 2 2
left_child=1 2 -1 6 -5 -3 -2
right_child=3 5 -4 4 -6 -7 -8
leaf_value=1.6921664061229534e-05 0.0005845226740093457 0.00051390652741693864 -0.00086388521121516374 5.5078728895502024e-05 -0.00080466131231519034 -0.00060766208704025589 5.618086360543986e-05
leaf_weight=449 577 369 289 105 44 63 246
leaf_count=449 577 369 289 105 44 63 246
internal_value=0.000376866 -0.000887372 -0.00265946 0.00189733 -0.0021457 0.00213825 0.00263273
internal_weight=2142 1170 738 972 149 432 823
internal_count=2142 1170 738 972 149 432 823
is_linear=0
shrinkage=0.04


Tree=18
num_leaves=8
num_cat=0
split_feature=115 21 71 60 42 106 26
split_gain=2.55455 3.33284 3.92388 2.03793 3.16089 2.55599 1.46942
threshold=0.3148246199268892 0.13314380021103175 0.5999019657576915 0.80828757864911371 0.85351837558023813 0.72918135299230646 0.0075448642916450485
decision_type=2 2 2 2 2 2 2
left_child=3 6 -3 5 -5 -1 -2
right_child=1 2 -4 4 -6 -7 -8
leaf_value=0.00047442278150927164 0.00010375188581597782 -0.00040048437988646213 -0.0010698888030279637 0.00015145042240565944 -0.00068457607464019105 -0.00024783389880076551 -0.00032219762660268893
leaf_weight=1104 369 176 51 192 42 99 109
leaf_count=1104 369 176 51 192 42 99 109
internal_value=0.000470149 -0.00149929 -0.00546725 0.00143711 -0.0019661 0.00210124 0.0004
internal_weight=2142 705 227 1437 234 1203 478
internal_count=2142 705 227 1437 234 1203 478
is_linear=0
shrinkage=0.04


Tree=19
num_leaves=7
num_cat=0
split_feature=84 116 110 59 39 34
split_gain=2.69715 2.91325 1.72213 2.4209 1.65254 1.19018
threshold=-0.8238283586611439 -0.27306900166521886 0.54258719988400472 0.84143543167089929 -0.1824511547688005 1.1476305146450347
decision_type=2 2 2 2 2 2
left_child=1 -1 3 -2 -3 -4
right_child=2 4 5 -5 -6 -7
leaf_value=-0.00090556448748328538 0.00019907212792989924 0.00089856944313252188 0.00059171505799020837 -0.0004801117416155548 -0.00054966050022769368 -0.00018924755806754346
leaf_weight=42 1116 78 469 225 168 44
leaf_count=42 1116 78 469 225 168 44
internal_value=0.00052612 -0.00306207 0.00108621 0.000330603 -0.00135484 0.00305243
internal_weight=2142 288 1854 1341 246 513
internal_count=2142 288 1854 1341 246 513
is_linear=0
shrinkage=0.04


Tree=20
num_leaves=8
num_cat=0
split_feature=110 68 4 40 33 46 115
split_gain=2.23632 3.24743 3.60097 2.69811 1.82572 2.80797 1.07559
threshold=0.094428803937716313 -0.030564446729883326 -0.48566583456348483 -0.87649070003512486 1.0880587009851401 -0.081318788934512276 1.2531857087680731
decision_type=2 2 2 2 2 2 2
left_child=1 3 -3 -1 6 -6 -2
right_child=4 2 -4 -5 5 -7 -8
leaf_value=-0.0015061628706895122 0.00045330431805153153 0.00021446215028335527 -0.00076673712645516489 0.00039576544262363991 0.00046071219987906323 -0.00063709734806163864 -0.00071119072545621452
leaf_weight=51 830 150 348 621 59 42 41
leaf_count=51 830 150 348 621 59 42 41
internal_value=0.000563433 -0.000614334 -0.003056 0.00119881 0.00197947 -0.00306796 0.00257045
internal_weight=2142 1170 498 672 972 101 871
internal_count=2142 1170 498 672 972 101 871
is_linear=0
shrinkage=0.04


Tree=21
num_leaves=7
num_cat=0
split_feature=110 67 29 40 60 67
split_gain=2.16607 3.25757 4.09771 1.71706 1.1978 0.832738
threshold=0.094428803937716313 0.18779104585917095 0.09347696096306625 1.7599607212671118 0.80828757864911371 0.5558660433054482
decision_type=2 2 2 2 2 2
left_child=1 2 -1 5 -3 -2
right_child=3 4 -4 -5 -6 -7
leaf_value=1.9335871649025209e-05 0.00039219748938669306 0.00048794964382818066 -0.00080521728498521793 -0.00084123536693107154 -0.00053345235697382443 -8.1268489454080031e-05
leaf_weight=449 808 369 289 60 63 104
leaf_count=449 808 369 289 60 63 104
internal_value=0.000544776 -0.000614334 -0.00222703 0.0019384 0.00213825 0.00237199
internal_weight=2142 1170 738 972 432 912
internal_count=2142 1170 738 972 432 912
is_linear=0
shrinkage=0.04


Tree=22
num_leaves=7
num_cat=0
split_feature=60 28 82 115 114 13
split_gain=2.15145 4.12864 2.00339 1.98415 4.03926 2.0195
threshold=0.80828757864911371 -0.32987910270194359 0.037649965382848143 0.3148246199268892 -0.043126267781351278 -1.0090725978124431
decision_type=2 2 2 2 2 2
left_child=3 -2 -3 5 -5 -1
right_child=1 2 -4 4 -6 -7
leaf_value=-0.00051505829757921581 -0.0029387057812351796 -0.00032600544335595723 0.00075977310872974259 -0.00051017022198117878 5.816756405391693e-05 0.00038482882810998947
leaf_weight=54 40 128 111 147 513 1149
leaf_count=54 40 128 111 147 513 1149
internal_value=0.000544776 -0.00271886 -0.000680498 0.00103593 -0.000725075 0.00200166
internal_weight=2142 279 239 1863 660 1203
internal_count=2142 279 239 1863 660 1203
is_linear=0
shrinkage=0.04


Tree=23
num_leaves=7
num_cat=0
split_feature=84 116 39 110 59 33
split_gain=2.29828 2.04203 1.65254 1.42634 2.54703 1.4489
threshold=-0.8238283586611439 -0.27306900166521886 -0.1824511547688005 0.094428803937716313 1.0093644796289167 1.2308824972773593
decision_type=2 2 2 2 2 2
left_child=1 -1 -3 4 -2 -5
right_child=3 2 -4 5 -6 -7
leaf_value=-0.00081009707994301127 9.6277215239505364e-05 0.00088101835342488117 -0.00053881073539572893 0.00040142189565971263 -0.0008773206565162151 -0.00051110246217493053
leaf_weight=42 933 78 168 788 87 46
leaf_count=42 933 78 168 788 87 46
internal_value=0.00052612 -0.00278621 -0.00135484 0.0010431 3.91391e-05 0.00226794
internal_weight=2142 288 246 1854 1020 834
internal_count=2142 288 246 1854 1020 834
is_linear=0
shrinkage=0.04


Tree=24
num_leaves=6
num_cat=0
split_feature=110 67 116 60 75
split_gain=1.99851 2.33529 2.15701 1.93161 0.168169
threshold=0.59762640187961391 0.5558660433054482 -0.75850698560477603 0.83371024723268983 -0.81451094991030881
decision_type=2 2 2 2 2
left_child=2 4 -1 -4 -2
right_child=1 -3 3 -5 -6
leaf_value=-0.00097419019808281469 0.00011867790473614421 -0.0006216017078178479 6.3834153358189496e-05 -0.00087227260333190809 0.00051283151137196587
leaf_weight=42 42 66 1398 150 444
leaf_count=42 42 66 1398 150 444
internal_value=0.000544776 0.00261372 -0.000175879 7.22582e-05 0.00357377
internal_weight=2142 552 1590 1548 486
internal_count=2142 552 1590 1548 486
is_linear=0
shrinkage=0.04


Tree=25
num_leaves=8
num_cat=0
split_feature=84 80 110 110 9 67 16
split_gain=2.05835 1.73011 3.37988 1.55268 1.53506 0.971666 0.756073
threshold=-0.76729550287809856 -0.40904913808577498 -0.19886810918428122 0.66689241826942325 -0.26464959680152028 0.5558660433054482 0.73104525207556204
decision_type=2 2 2 2 2 2 2
left_child=1 6 -3 4 -2 -5 -1
right_child=3 2 -4 5 -6 -7 -8
leaf_value=0.0010663682566520128 0.00030076297463519595 -0.00094744735581799814 -0.00045749313420554133 0.00054800605688276832 -5.3210877959188545e-05 -0.0003428072983979777 -4.3273684556803527e-05
leaf_weight=71 573 48 147 381 840 42 40
leaf_count=71 573 48 147 381 840 42 40
internal_value=0.000507463 -0.00251948 -0.00477157 0.00101415 0.000375972 0.00313412 0.00145133
internal_weight=2142 306 195 1836 1413 423 111
internal_count=2142 306 195 1836 1413 423 111
is_linear=0
shrinkage=0.04


Tree=26
num_leaves=7
num_cat=0
split_feature=115 114 31 97 62 85
split_gain=2.04404 3.40701 1.87042 1.71396 1.45436 1.43138
threshold=0.3148246199268892 -0.043126267781351278 1.2808611250752768 -0.087645319764141846 -0.20833027308739541 -0.36643578840203755
decision_type=2 2 2 2 2 2
left_child=2 3 5 -2 -3 -1
right_child=1 4 -4 -5 -6 -7
leaf_value=-3.8214644384428897e-05 -0.0019084188535004659 0.00030111477986853407 -0.00023289268878512578 -0.00010491499146339383 -0.00019468843571701083 0.00033551240196836988
leaf_weight=432 63 231 57 87 324 948
leaf_count=432 63 231 57 87 324 948
internal_value=0.000488806 -0.00127298 0.00135372 -0.00657895 0.000179533 0.00164978
internal_weight=2142 705 1437 150 555 1380
internal_count=2142 705 1437 150 555 1380
is_linear=0
shrinkage=0.04


Tree=27
num_leaves=8
num_cat=0
split_feature=84 8 80 40 12 68 91
split_gain=1.80528 1.83373 1.92838 1.56935 3.68962 1.17296 0.619766
threshold=-0.8238283586611439 -0.034903025908873599 -0.04549790905112281 1.6134076157762769 -0.34757532454333512 1.47836973364401 0.040336209823570203
decision_type=2 2 2 2 2 2 2
left_child=1 6 -3 5 -5 -2 -1
right_child=3 2 -4 4 -6 -7 -8
leaf_value=0.00050353105205265081 0.00019690120555565611 -2.822965354841983e-05 -0.00099279205732937339 0.00043020640259914937 -0.001038203656080356 -0.00053230776963867916 -0.00043142887130631858
leaf_weight=87 1701 84 69 59 51 43 48
leaf_count=87 1701 84 69 59 51 43 48
internal_value=0.000563433 -0.00237241 -0.00534194 0.00102155 -0.00357143 0.00131501 0.0010219
internal_weight=2142 288 153 1854 110 1744 135
internal_count=2142 288 153 1854 110 1744 135
is_linear=0
shrinkage=0.04


Tree=28
num_leaves=6
num_cat=0
split_feature=115 82 116 100 60
split_gain=2.16441 2.61404 2.00305 1.78064 0.801147
threshold=1.0426384429391369 0.21944379363140656 -0.78889829217045881 0.44674110425968488 0.016234999762857621
decision_type=2 2 2 2 2
left_child=2 -2 -1 -4 -3
right_child=1 4 3 -5 -6
leaf_value=-0.00084239204185846187 -0.00093594308837764966 0.0013889528223369183 0.00024933031734960495 -8.1333062098944993e-05 -0.00023810352714358931
leaf_weight=45 69 51 1530 405 42
leaf_count=45 69 51 1530 405 42
internal_value=0.000563433 -0.00385366 0.000928355 0.00112545 0.000547369
internal_weight=2142 162 1980 1935 93
internal_count=2142 162 1980 1935 93
is_linear=0
shrinkage=0.04


Tree=29
num_leaves=6
num_cat=0
split_feature=60 28 42 118 115
split_gain=2.01505 3.57055 2.91103 1.47409 1.7712
threshold=0.80828757864911371 -0.32987910270194359 0.88699922641882312 -1.1784118122786196 0.3148246199268892
decision_type=2 2 2 2 2
left_child=3 -2 -3 -1 -5
right_child=1 2 -4 4 -6
leaf_value=-0.00051991086612444999 -0.0028204006216218857 0.00026721873555493483 -0.00049881192641302674 0.00035712671612369499 -3.5141841910797413e-05
leaf_weight=42 40 193 46 1161 660
leaf_count=42 40 193 46 1161 660
internal_value=0.00058209 -0.00257651 -0.000680498 0.00105737 0.00123094
internal_weight=2142 279 239 1863 1821
internal_count=2142 279 239 1863 1821
is_linear=0
shrinkage=0.04


Tree=30
num_leaves=5
num_cat=0
split_feature=33 110 86 81
split_gain=2.21538 1.89214 2.21628 1.12496
threshold=1.5243823437471902 0.094428803937716313 -0.8227263391984424 -1.1139690463467187
decision_type=2 2 2 2
left_child=1 2 -1 -3
right_child=-2 3 -4 -5
leaf_value=-0.00081761042859638774 -0.0020394357038348502 -4.1950918411834223e-05 7.1014797911971899e-06 0.00035441341856835493
leaf_weight=60 40 100 1089 853
leaf_count=60 40 100 1089 853
internal_value=0.00052612 0.000707224 -0.000385751 0.00202304
internal_weight=2142 2102 1149 953
internal_count=2142 2102 1149 953
is_linear=0
shrinkage=0.04


Tree=31
num_leaves=8
num_cat=0
split_feature=110 68 47 40 40 85 111
split_gain=1.59493 2.44904 3.87724 1.83958 1.46185 5.07746 0.674708
threshold=0.094428803937716313 -0.030564446729883326 -0.7557264046492177 -0.87649070003512486 1.3607045112080176 0.18606909439026453 0.84930259348545689
decision_type=2 2 2 2 2 2 2
left_child=1 3 -3 -1 6 -6 -2
right_child=4 2 -4 -5 5 -7 -8
leaf_value=-0.0013701818981634206 0.00033831902465119532 -0.0011472655009843969 -0.00018646398726680435 0.00034255758506444758 -0.0017609594390041684 0.0004845567739893872 -2.0089979625077608e-05
leaf_weight=51 725 44 454 621 43 98 106
leaf_count=51 725 44 454 621 43 98 106
internal_value=0.000619403 -0.000375426 -0.002496 0.00119881 0.0018152 -0.00193007 0.00245378
internal_weight=2142 1170 498 672 972 141 831
internal_count=2142 1170 498 672 972 141 831
is_linear=0
shrinkage=0.04


Tree=32
num_leaves=6
num_cat=0
split_feature=115 33 110 86 67
split_gain=1.71755 3.2465 1.56276 2.20555 1.61766
threshold=1.1559660093319757 0.10999471516131316 0.55448368083100974 -0.82841383119646472 0.5558660433054482
decision_type=2 2 2 2 2
left_child=2 -2 3 -1 -4
right_child=1 -3 4 -5 -6
leaf_value=-0.00072126922922685762 0.00030558601782693356 -0.0011202209289180778 0.0003927427766113744 6.6476601355340122e-05 -0.00020025600052085067
leaf_weight=54 67 59 501 1404 57
leaf_count=54 67 59 501 1404 57
internal_value=0.000619403 -0.003875 0.000903865 0.000213699 0.0027
internal_weight=2142 126 2016 1458 558
internal_count=2142 126 2016 1458 558
is_linear=0
shrinkage=0.04


Tree=33
num_leaves=7
num_cat=0
split_feature=86 40 40 86 87 28
split_gain=1.68291 2.77019 1.88962 1.67425 3.48209 0.460941
threshold=-0.19558353171629414 -0.81234953275685506 0.46716194989793708 -0.76739204200828459 -0.49972871739554242 1.0389389198606762
decision_type=2 2 2 2 2 2
left_child=3 -2 -3 4 -1 -5
right_child=1 2 -4 5 -6 -7
leaf_value=-0.0010212958838965321 -0.002345078815561695 0.00013520725488465511 -0.00021269432040467101 0.00050003747068440687 0.00015214577407212949 -2.5271477278559772e-05
leaf_weight=45 69 779 457 567 171 54
leaf_count=45 69 779 457 567 171 54
internal_value=0.00063806 -0.000260138 0.000180937 0.00203576 -0.000990826 0.00308828
internal_weight=2142 1305 1236 837 216 621
internal_count=2142 1305 1236 837 216 621
is_linear=0
shrinkage=0.04


Tree=34
num_leaves=7
num_cat=0
split_feature=86 40 87 92 40 6
split_gain=1.57119 2.95338 1.65789 1.57022 1.87806 0.724932
threshold=-0.024815185209487497 -0.81234953275685506 1.6635483840419212 -0.81066935803875784 0.39567779464899927 0.13661332382360056
decision_type=2 2 2 2 2 2
left_child=3 -2 -3 4 -1 -5
right_child=1 2 -4 5 -6 -7
leaf_value=-0.00063266121281757267 -0.002598553040040274 -3.5067003416223523e-05 0.0016176171691401659 0.00035846651309163715 0.00011535074323330599 7.6941410809895048e-05
leaf_weight=46 43 879 197 558 41 378
leaf_count=46 43 879 197 558 41 378
internal_value=0.000675373 -0.000360392 5.93693e-05 0.00180683 -0.0032809 0.00228571
internal_weight=2142 1119 1076 1023 87 936
internal_count=2142 1119 1076 1023 87 936
is_linear=0
shrinkage=0.04


Tree=35
num_leaves=7
num_cat=0
split_feature=115 48 100 17 111 87
split_gain=1.50018 2.88055 1.42462 3.28027 2.03019 0.537047
threshold=1.1559660093319757 0.28720974163649382 0.44674110425968488 -0.068049483037294453 0.89383942463538524 0.21193315533618054
decision_type=2 2 2 2 2 2
left_child=2 5 4 -4 -1 -2
right_child=1 -3 3 -5 -6 -7
leaf_value=0.00020548632734364473 -0.00016782775437731005 -0.0018607989726449788 0.00030203830417277331 -0.0003759458173818493 -0.00049807814857167081 0.00046076989863622509
leaf_weight=1485 43 41 213 204 114 42
leaf_count=1485 43 41 213 204 114 42
internal_value=0.00063806 -0.0035625 0.000903865 -0.00117422 0.0014466 0.000689655
internal_weight=2142 126 2016 417 1599 85
internal_count=2142 126 2016 417 1599 85
is_linear=0
shrinkage=0.04


Tree=36
num_leaves=8
num_cat=0
split_feature=112 111 37 28 53 40 73
split_gain=1.51541 1.97397 2.65953 1.61383 5.12986 1.20972 0.455086
threshold=-0.11346125892579206 -0.77020190479472794 0.83143623394378363 -0.40810916175271222 -0.41666666666666657 1.3607045112080176 0.8916897530426845
decision_type=2 2 2 2 2 2 2
left_child=1 6 -3 4 -2 -5 -1
right_child=3 2 -4 5 -6 -7 -8
leaf_value=0.000689096047589732 -0.0021775453037010286 -2.6418331759741929e-05 -0.00089904181261187541 0.00041672512670803296 0.00015849536092143803 -0.00015429588130323697 6.0746384391855972e-06
leaf_weight=159 67 589 92 816 280 73 66
leaf_count=159 67 589 92 816 280 73 66
internal_value=0.000563433 -0.000678414 -0.0017511 0.00147334 -0.000836676 0.00237486 0.00255507
internal_weight=2142 906 681 1236 347 889 225
internal_count=2142 906 681 1236 347 889 225
is_linear=0
shrinkage=0.04


Tree=37
num_leaves=8
num_cat=0
split_feature=86 60 58 100 86 111 94
split_gain=1.54604 2.3482 2.49912 1.88687 1.70181 2.62164 0.590471
threshold=-0.19558353171629414 0.78298904131157376 0.62324330487089841 0.50814425573945943 -0.76333999815648979 0.68926093308144376 0.17367970718727668
decision_type=2 2 2 2 2 2 2
left_child=4 3 -3 -2 5 -1 -6
right_child=1 2 -4 -5 6 -7 -8
leaf_value=0.00012753538268052105 0.0001307141064448794 -0.0020569855514112963 -4.20151797948497e-05 -0.00013239792521428705 0.0004809022255742823 -0.00085517791607280728 9.3924500311742817e-05
leaf_weight=159 873 72 99 261 510 75 93
leaf_count=159 873 72 99 261 510 75 93
internal_value=0.000600746 -0.000260138 -0.00460116 0.000401409 0.00194041 -0.000949152 0.00306116
internal_weight=2142 1305 171 1134 837 234 603
internal_count=2142 1305 171 1134 837 234 603
is_linear=0
shrinkage=0.04


Tree=38
num_leaves=7
num_cat=0
split_feature=115 60 12 70 8 63
split_gain=1.66698 2.24078 2.37373 1.70624 0.350054 0.226308
threshold=-0.63892284667850374 0.83371024723268983 0.16708002671389333 0.2179074267615238 1.130091408683555 0.54452020344308938
decision_type=2 2 2 2 2 2
left_child=4 3 -3 -2 5 -1
right_child=1 2 -4 -5 -6 -7
leaf_value=0.00069299885043511698 -1.3006771084303054e-05 -0.0020134319775417715 -9.0971786579329537e-05 0.0004611241750232513 3.8490947430987131e-05 0.00025585516243252618
leaf_weight=273 1062 43 113 522 47 82
leaf_count=273 1062 43 113 522 47 82
internal_value=0.000675373 0.000137773 -0.00440506 0.000590164 0.0029901 0.00341737
internal_weight=2142 1740 156 1584 402 355
internal_count=2142 1740 156 1584 402 355
is_linear=0
shrinkage=0.04


Tree=39
num_leaves=7
num_cat=0
split_feature=110 30 37 67 3 95
split_gain=1.59459 1.76781 2.63793 1.12017 0.456724 0.314805
threshold=0.55448368083100974 -0.79962679534080527 0.74078142825567073 0.5558660433054482 -0.78345225834155019 -1.1379746182741879
decision_type=2 2 2 2 2 2
left_child=1 4 -3 5 -1 -2
right_child=3 2 -4 -5 -6 -7
leaf_value=0.0004105840399921986 0.00020072331758583947 1.6053301283819745e-06 -0.00062783760281655981 -0.00050222849352851056 0.00012336140778219546 0.00036102961734837567
leaf_weight=227 51 1105 154 69 68 468
leaf_count=227 51 1105 154 69 68 468
internal_value=0.000656717 -1.5424e-05 -0.00066931 0.00242712 0.00276094 0.00306334
internal_weight=2142 1554 1259 588 295 519
internal_count=2142 1554 1259 588 295 519
is_linear=0
shrinkage=0.04


Tree=40
num_leaves=7
num_cat=0
split_feature=110 80 28 105 67 104
split_gain=1.57335 1.87189 2.83561 1.21677 1.08858 0.328523
threshold=0.55448368083100974 -0.33072731162607255 -0.34601526552390971 1.055085111485869 0.5558660433054482 -0.98199889276044761
decision_type=2 2 2 2 2 2
left_child=1 3 -3 -1 5 -2
right_child=4 2 -4 -5 -6 -7
leaf_value=0.00059476027288651357 -7.7259893654126165e-07 -0.00059068493116190936 2.2389520455122516e-05 -0.00011062148329776818 -0.00048213935378737014 0.00039835867913959636
leaf_weight=501 48 269 736 48 69 471
leaf_count=501 48 269 736 48 69 471
internal_value=0.000600746 -6.68379e-05 -0.00109235 0.00180762 0.00235932 0.00298656
internal_weight=2142 1554 1005 549 588 519
internal_count=2142 1554 1005 549 588 519
is_linear=0
shrinkage=0.04


Tree=41
num_leaves=5
num_cat=0
split_feature=33 110 80 73
split_gain=2.27003 1.62813 1.96971 0.567201
threshold=1.5243823437471902 0.54258719988400472 -0.28498841677349845 -1.2001750358500953
decision_type=2 2 2 2
left_child=1 2 -1 -3
right_child=-2 3 -4 -5
leaf_value=0.00040575466268960629 -0.0017724911104032353 -0.00049738088000264124 -7.3111074073584924e-05 0.00029805570356188158
leaf_weight=586 40 40 934 542
leaf_count=586 40 40 934 542
internal_value=0.00063806 0.000821293 0.000131406 0.00261644
internal_weight=2142 2102 1520 582
internal_count=2142 2102 1520 582
is_linear=0
shrinkage=0.04


Tree=42
num_leaves=7
num_cat=0
split_feature=115 48 110 86 67 87
split_gain=1.54031 2.88055 1.34458 1.71291 0.850201 0.537047
threshold=1.1559660093319757 0.28720974163649382 0.66689241826942325 -0.8227263391984424 0.5558660433054482 0.21193315533618054
decision_type=2 2 2 2 2 2
left_child=2 5 3 -1 -4 -2
right_child=1 -3 4 -5 -6 -7
leaf_value=-0.00059261854876225639 -0.00015926775947639824 -0.0016889345164335693 0.00041437268217861756 6.4274727177813056e-05 -0.00014553205355959402 0.00049346303054548322
leaf_weight=63 43 41 423 1476 54 42
leaf_count=63 43 41 423 1476 54 42
internal_value=0.00069403 -0.0035625 0.00096333 0.000386762 0.0028142 0.000689655
internal_weight=2142 126 2016 1539 477 85
internal_count=2142 126 2016 1539 477 85
is_linear=0
shrinkage=0.04


Tree=43
num_leaves=5
num_cat=0
split_feature=115 33 86 86
split_gain=1.47371 2.92096 1.35213 1.89561
threshold=1.1559660093319757 0.10999471516131316 1.0127748002445067 0.040783071202666783
decision_type=2 2 2 2
left_child=2 -2 3 -1
right_child=1 -3 -4 -5
leaf_value=0.00013799102061589556 0.00031009633738990388 -0.00087597281983314704 0.0016632837486623337 -6.0734904324045889e-05
leaf_weight=1131 67 59 201 684
leaf_count=1131 67 59 201 684
internal_value=0.000600746 -0.0035625 0.000864222 0.000517336
internal_weight=2142 126 2016 1815
internal_count=2142 126 2016 1815
is_linear=0
shrinkage=0.04


Tree=44
num_leaves=5
num_cat=0
split_feature=33 28 53 81
split_gain=1.42064 1.5547 3.23919 1.57349
threshold=1.5243823437471902 -0.34601526552390971 -0.58333333333333315 0.30916516766524876
decision_type=2 2 2 2
left_child=1 2 -1 -3
right_child=-2 3 -4 -5
leaf_value=-0.0018747450763542232 -0.0016092689552023557 3.9930128188141294e-05 4.2010702491883775e-05 0.00073679057905580772
leaf_weight=90 40 918 549 545
leaf_count=90 40 918 549 545
internal_value=0.000619403 0.000764259 -0.000879875 0.00148259
internal_weight=2142 2102 639 1463
internal_count=2142 2102 639 1463
is_linear=0
shrinkage=0.04


Tree=45
num_leaves=7
num_cat=0
split_feature=60 28 42 115 36 106
split_gain=1.64501 4.29689 1.69148 1.50007 2.85481 2.10558
threshold=0.69921617193881158 -0.43021960871784909 1.0772070039136568 0.3148246199268892 0.64560323443541268 0.72918135299230646
decision_type=2 2 2 2 2 2
left_child=3 -2 -3 5 -5 -1
right_child=1 2 -4 4 -6 -7
leaf_value=0.00029186694809583475 -0.0021873434705025124 0.00011458276145363008 -0.00055373614949435677 1.4105495614196581e-05 -0.0013156797743448436 -0.00010641107106378974
leaf_weight=1059 45 257 40 598 44 99
leaf_count=1059 45 257 40 598 44 99
internal_value=0.00058209 -0.00195349 -0.000173913 0.00106548 -0.000484472 0.00192414
internal_weight=2142 342 297 1800 642 1158
internal_count=2142 342 297 1800 642 1158
is_linear=0
shrinkage=0.04


Tree=46
num_leaves=6
num_cat=0
split_feature=115 33 86 86 8
split_gain=1.33483 2.07393 1.1056 1.54829 0.00743752
threshold=1.1559660093319757 0.10999471516131316 1.0127748002445067 0.040783071202666783 0.90533389787527807
decision_type=2 2 2 2 2
left_child=2 -2 3 -1 -4
right_child=1 -3 4 -5 -6
leaf_value=0.00012855731301823371 0.00027704539898220449 -0.00075512059631939606 0.001726322116906793 -5.3236711107672892e-05 0.00141940509542065
leaf_weight=1131 67 59 161 684 40
leaf_count=1131 67 59 161 684 40
internal_value=0.000712687 -0.00325 0.00096333 0.000649422 0.00376355
internal_weight=2142 126 2016 1815 201
internal_count=2142 126 2016 1815 201
is_linear=0
shrinkage=0.04


Tree=47
num_leaves=7
num_cat=0
split_feature=60 28 28 115 62 98
split_gain=1.76808 4.29689 1.52369 1.35699 1.94921 1.29552
threshold=0.69921617193881158 -0.43021960871784909 0.90110237575512531 0.3148246199268892 -0.087025804800334269 -1.1674161762524078
decision_type=2 2 2 2 2 2
left_child=3 -2 -3 5 -5 -1
right_child=1 2 -4 4 -6 -7
leaf_value=-0.00022048832464057624 -0.0020977202632381053 0.00012790224629750726 -0.00035985538618493593 0.00016001990459940806 -0.0002201595102330741 0.00024733467307646423
leaf_weight=63 45 230 67 285 357 1095
leaf_count=63 45 230 67 285 357 1095
internal_value=0.000675373 -0.00195349 -0.000173913 0.00117647 -0.000298136 0.0019931
internal_weight=2142 342 297 1800 642 1158
internal_count=2142 342 297 1800 642 1158
is_linear=0
shrinkage=0.04


Tree=48
num_leaves=7
num_cat=0
split_feature=60 28 35 112 112 92
split_gain=1.29215 2.89277 1.49417 1.24384 2.35409 1.85433
threshold=0.68801959302630766 -0.45127224672762428 -0.05412199714348593 -0.046869222135716045 -1.0469784876718282 -0.83264888211904176
decision_type=2 2 2 2 2 2
left_child=3 -2 -3 4 -1 -5
right_child=1 2 -4 5 -6 -7
leaf_value=0.00065815824473976442 -0.0019271606606247476 -0.00040684736338347186 7.2708775703669628e-05 -0.00034291984667241096 -6.2198160754954382e-05 0.00025157289013405466
leaf_weight=207 40 60 251 66 606 912
leaf_count=207 40 60 251 66 606 912
internal_value=0.00063806 -0.00157507 -0.000242811 0.00107306 -8.34354e-05 0.00203265
internal_weight=2142 351 311 1791 813 978
internal_count=2142 351 311 1791 813 978
is_linear=0
shrinkage=0.04


Tree=49
num_leaves=6
num_cat=0
split_feature=18 41 100 31 5
split_gain=1.1644 2.04689 1.47734 1.40955 0.00665531
threshold=-0.80995366230653321 -0.91041843312118176 0.44707358954403836 -0.92731389008011078 -0.41904833882398035
decision_type=2 2 2 2 2
left_child=4 3 -3 -2 -1
right_child=1 2 -4 -5 -6
leaf_value=0.00053258712534068526 2.3880568394936981e-05 0.00011741664788392168 -7.1023779859079997e-05 -0.00036845042305399286 0.00054763976313991546
leaf_weight=140 45 1471 385 61 40
leaf_count=140 45 1471 385 61 40
internal_value=0.000675373 0.000391039 0.00070183 -0.00496296 0.00373626
internal_weight=2142 1962 1856 106 180
internal_count=2142 1962 1856 106 180
is_linear=0
shrinkage=0.04


Tree=50
num_leaves=7
num_cat=0
split_feature=94 94 46 93 60 69
split_gain=1.17247 1.83054 2.81926 1.496 1.37079 0.285972
threshold=-0.78920238545189603 -0.37500025509610918 -0.3896809223603751 -1.1630216673424432 0.83371024723268983 -0.11291432255458088
decision_type=2 2 2 2 2 2
left_child=3 2 -2 -1 -3 -5
right_child=1 4 -4 5 -6 -7
leaf_value=-0.00034207570955412645 0.00047984183422434585 0.00011413280357564991 -0.0002827741718299111 3.9876912184826564e-05 -0.00030258540447522628 0.00047192285964676501
leaf_weight=66 69 1158 189 60 237 363
leaf_count=66 69 1158 189 60 237 363
internal_value=0.00063806 0.000128097 -0.00295385 0.00235438 0.000701503 0.00322824
internal_weight=2142 1653 258 489 1395 423
internal_count=2142 1653 258 489 1395 423
is_linear=0
shrinkage=0.04


Tree=51
num_leaves=7
num_cat=0
split_feature=94 28 60 94 93 69
split_gain=1.19811 1.70636 3.49133 1.98758 1.19282 0.35102
threshold=-0.78920238545189603 -0.44533923901165756 0.55989479023081412 -0.5946117324981357 -1.1630216673424432 -0.07815719496056435
decision_type=2 2 2 2 2 2
left_child=4 2 -2 -3 -1 -6
right_child=1 3 -4 -5 5 -7
leaf_value=-0.00032839268117196133 -9.3930307280326309e-05 -0.00018323588655540341 -0.0018426674839361057 0.00010835650474676109 3.6139786352421194e-05 0.00045671872897530753
leaf_weight=66 254 87 40 1272 69 354
leaf_count=66 254 87 40 1272 69 354
internal_value=0.000619403 0.000103928 -0.00264865 0.000702425 0.00235438 0.00313412
internal_weight=2142 1653 294 1359 489 423
internal_count=2142 1653 294 1359 489 423
is_linear=0
shrinkage=0.04


Tree=52
num_leaves=7
num_cat=0
split_feature=60 28 40 112 112 25
split_gain=1.17695 2.84849 1.45866 1.28021 2.2666 1.30849
threshold=0.69921617193881158 -0.43021960871784909 0.51721797559376803 -0.046869222135716045 -1.1049208479683212 -1.1668422962784823
decision_type=2 2 2 2 2 2
left_child=3 -2 -3 4 -1 -5
right_child=1 2 -4 5 -6 -7
leaf_value=0.00084881369433928184 -0.0018884528238484652 0.00024064659795749888 -0.00032189176522419877 -0.00013369864267703477 -5.1089834091453808e-05 0.00023303229446492785
leaf_weight=201 45 189 108 55 618 926
leaf_count=201 45 189 108 55 618 926
internal_value=0.000656717 -0.00148837 -4.01336e-05 0.00106548 -0.000102314 0.00203866
internal_weight=2142 342 297 1800 819 981
internal_count=2142 342 297 1800 819 981
is_linear=0
shrinkage=0.04


Tree=53
num_leaves=7
num_cat=0
split_feature=86 40 87 92 17 100
split_gain=1.20851 2.49633 1.4178 1.38932 2.28491 0.424732
threshold=-0.027901524863625637 -0.81234953275685506 1.6635483840419212 -0.45230355610687595 0.53669043319998078 0.54041859768728984
decision_type=2 2 2 2 2 2
left_child=3 -2 -3 4 -1 -5
right_child=1 2 -4 5 -6 -7
leaf_value=6.5307568031619805e-05 -0.0018607115280269045 -7.2753742965979779e-06 0.0013177796898613565 0.00042131221934882309 -0.00055000923921804561 -2.5644146279971372e-05
leaf_weight=379 43 891 197 513 65 54
leaf_count=379 43 891 197 513 65 54
internal_value=0.000619403 -0.000278905 0.000102752 0.0016229 -5.38115e-05 0.00293146
internal_weight=2142 1131 1088 1011 444 567
internal_count=2142 1131 1088 1011 444 567
is_linear=0
shrinkage=0.04


Tree=54
num_leaves=6
num_cat=0
split_feature=18 41 0 40 5
split_gain=1.20743 2.00053 1.66425 1.25161 0.00665531
threshold=-0.80995366230653321 -0.91041843312118176 0.10081202341795166 1.7078721342566718 -0.41904833882398035
decision_type=2 2 2 2 2
left_child=4 2 -2 -3 -1
right_child=1 3 -4 -5 -6
leaf_value=0.00047787037106017123 -2.6051594941624074e-05 6.8834415370773108e-05 -0.00051518465933235642 -0.00041042641545745449 0.00053128002891773157
leaf_weight=140 65 1766 41 90 40
leaf_count=140 65 1766 41 90 40
internal_value=0.000619403 0.000329939 -0.00496296 0.000637244 0.00373626
internal_weight=2142 1962 106 1856 180
internal_count=2142 1962 106 1856 180
is_linear=0
shrinkage=0.04


Tree=55
num_leaves=7
num_cat=0
split_feature=86 40 87 86 87 3
split_gain=1.06819 2.05219 1.42716 1.17475 2.33857 0.726663
threshold=-0.024815185209487497 -0.81234953275685506 1.6635483840419212 -0.76333999815648979 -0.49972871739554242 0.11735942675086394
decision_type=2 2 2 2 2 2
left_child=3 -2 -3 4 -1 -5
right_child=1 2 -4 5 -6 -7
leaf_value=-0.00075080225039466611 -0.0017890364435206591 -1.1241481939707956e-05 0.0012623151256520712 0.00034334973121803307 3.9259709306046886e-05 7.7513480331250213e-05
leaf_weight=45 43 879 197 461 189 328
leaf_count=45 43 879 197 461 189 328
internal_value=0.000600746 -0.000253345 9.64751e-05 0.00153366 -0.000949152 0.00227054
internal_weight=2142 1119 1076 1023 234 789
internal_count=2142 1119 1076 1023 234 789
is_linear=0
shrinkage=0.04


Tree=56
num_leaves=7
num_cat=0
split_feature=86 40 86 111 40 28
split_gain=1.17447 2.24923 1.30363 2.14469 1.24599 0.617455
threshold=-0.19558353171629414 -0.87649070003512486 -0.76333999815648979 0.46484697766165267 0.46716194989793708 1.0389389198606762
decision_type=2 2 2 2 2 2
left_child=2 -2 3 -1 -3 -4
right_child=1 4 5 -5 -6 -7
leaf_value=0.00022119889652256843 -0.0012328108872267972 0.0001129968673525903 0.00037881246949084883 -0.00050189279451651441 -9.120933786897424e-05 -7.6111517508739682e-05
leaf_weight=111 46 802 552 123 457 51
leaf_count=111 46 802 552 123 457 51
internal_value=0.00058209 -0.000168324 0.0017497 -0.000779661 0.000155432 0.00273058
internal_weight=2142 1305 837 234 1259 603
internal_count=2142 1305 837 234 1259 603
is_linear=0
shrinkage=0.04


Tree=57
num_leaves=6
num_cat=0
split_feature=82 38 33 28 46
split_gain=1.41444 2.01798 1.1693 1.30608 0.635639
threshold=-0.54809610684579757 0.18123524973891211 1.5243823437471902 -0.35337527247732708 -0.21852807562589868
decision_type=2 2 2 2 2
left_child=1 4 3 -2 -1
right_child=2 -3 -4 -5 -6
leaf_value=0.00020897951328129486 -3.8991219335869203e-05 -0.00038327332821253712 -0.0014443259497395181 0.00019676599726566231 -6.4791109528248379e-05
leaf_weight=51 591 44 40 1352 64
leaf_count=51 591 44 40 1352 64
internal_value=0.000600746 -0.00300621 0.000892695 0.00103445 -0.00017094
internal_weight=2142 159 1983 1943 115
internal_count=2142 159 1983 1943 115
is_linear=0
shrinkage=0.04


Tree=58
num_leaves=5
num_cat=0
split_feature=10 67 110 24
split_gain=1.07968 1.10251 1.9449 0.811206
threshold=2.758751259001055 0.21606027721311574 0.77881362602872983 0.65842518179762122
decision_type=2 2 2 2
left_child=1 2 -1 -3
right_child=-2 3 -4 -5
leaf_value=-2.2736890747356511e-05 -0.00050932424540204647 0.00041717153477987276 0.00050256122694172941 4.9579779956565055e-07
leaf_weight=1160 40 510 213 219
leaf_count=1160 40 510 213 219
internal_value=0.00063806 0.000764259 9.60001e-05 0.00201915
internal_weight=2142 2102 1373 729
internal_count=2142 2102 1373 729
is_linear=0
shrinkage=0.04


Tree=59
num_leaves=7
num_cat=0
split_feature=70 31 41 35 118 8
split_gain=1.15245 1.52901 1.7812 1.30771 0.885857 0.0677205
threshold=0.23868295426910327 -0.95564161389738012 -0.87874698717605038 1.2977755258977306 -0.58617042186917601 0.29378400098586804
decision_type=2 2 2 2 2 2
left_child=1 5 -3 4 -2 -1
right_child=3 2 -4 -5 -6 -7
leaf_value=0.00046143710628675141 -0.00011488970807323219 -0.00030617533280567039 -6.3732707709842244e-06 -0.00036604188112362301 0.0004963718955011987 0.00037623186950048641
leaf_weight=132 83 76 1222 64 525 40
leaf_count=132 83 76 1222 64 525 40
internal_value=0.000600746 -2.71738e-05 -0.000498461 0.00197033 0.00254426 0.00349425
internal_weight=2142 1470 1298 672 608 172
internal_count=2142 1470 1298 672 608 172
is_linear=0
shrinkage=0.04


Tree=60
num_leaves=8
num_cat=0
split_feature=70 87 3 112 28 68 51
split_gain=1.11566 1.31402 1.98121 1.02456 1.26484 0.459599 0.169955
threshold=0.23868295426910327 1.6635483840419212 0.13269436446072772 0.1492998272790482 -0.35900461308037906 1.3550127031579529 0.8958497720234716
decision_type=2 2 2 2 2 2 2
left_child=1 2 -1 6 -5 -3 -2
right_child=3 5 -4 4 -6 -7 -8
leaf_value=2.7046277737763294e-05 0.00070194842455627044 0.0018379543001816403 -0.00016334265147258581 -0.00067870012262820042 0.00022348381397297072 -1.7274077375096647e-05 0.00032705158353971744
leaf_weight=814 289 156 458 95 247 42 41
leaf_count=814 289 156 458 95 247 42 41
internal_value=0.000563433 -5.43477e-05 -0.000527472 0.00191098 0.000372093 0.00296 0.00349398
internal_weight=2142 1470 1272 672 342 198 330
internal_count=2142 1470 1272 672 342 198 330
is_linear=0
shrinkage=0.04


Tree=61
num_leaves=8
num_cat=0
split_feature=70 87 3 25 28 47 68
split_gain=1.08499 1.29047 1.87766 1.13282 2.62886 0.963099 0.459599
threshold=0.23868295426910327 1.6635483840419212 0.13269436446072772 0.53861162619952385 -0.17762108192831552 1.273879266285985 1.3550127031579529
decision_type=2 2 2 2 2 2 2
left_child=1 2 -1 5 -5 -2 -3
right_child=3 6 -4 4 -6 -7 -8
leaf_value=2.5964426628252647e-05 0.00055834389109828857 0.0017644361281743748 -0.00015680894541368235 -0.0012222607824637682 0.00018277903626025141 -0.00011045570009052655 -1.6583114280092764e-05
leaf_weight=814 433 156 458 40 159 40 42
leaf_count=814 433 156 458 40 159 40 42
internal_value=0.00058209 -2.71738e-05 -0.000496075 0.00191098 -0.000616915 0.00297263 0.00296
internal_weight=2142 1470 1272 672 199 473 198
internal_count=2142 1470 1272 672 199 473 198
is_linear=0
shrinkage=0.04


Tree=62
num_leaves=7
num_cat=0
split_feature=60 12 28 69 62 17
split_gain=1.26843 2.44986 2.17166 1.28642 1.282 0.227602
threshold=0.83371024723268983 0.11800604908549903 1.1316868803475495 0.42328477672200243 -0.13702893757332732 0.64502379488006789
decision_type=2 2 2 2 2 2
left_child=3 -2 -3 4 -1 -5
right_child=1 2 -4 5 -6 -7
leaf_value=0.00014760418775756144 -0.0011563237988312723 0.00019598281356038649 -0.00012284942735607429 0.00055837015921645901 -2.0327864759995718e-05 3.866571816757317e-05
leaf_weight=655 42 179 40 261 917 48
leaf_count=655 42 179 40 261 917 48
internal_value=0.000488806 -0.00211407 -0.00038009 0.000851832 0.000386277 0.00320257
internal_weight=2142 261 219 1881 1572 309
internal_count=2142 261 219 1881 1572 309
is_linear=0
shrinkage=0.04


Tree=63
num_leaves=7
num_cat=0
split_feature=82 36 28 53 40 69
split_gain=1.19918 1.59901 1.18651 3.36684 1.34964 0.402331
threshold=-0.54809610684579757 0.1311175568509039 -0.35337527247732708 -0.58333333333333315 0.75381648256477918 0.19920218834014061
decision_type=2 2 2 2 2 2
left_child=1 -1 3 -2 -4 -3
right_child=2 5 4 -5 -6 -7
leaf_value=-0.00032842260087915512 -0.0013476191740515373 0.00015908535771959011 0.00029490003404569856 2.9663135400400429e-05 -3.3429607150098556e-05 -1.0957276094565049e-05
leaf_weight=76 71 41 952 520 440 42
leaf_count=76 71 41 952 520 440 42
internal_value=0.000563433 -0.00275776 0.000832242 -0.000667791 0.00146915 0.00108235
internal_weight=2142 159 1983 591 1392 83
internal_count=2142 159 1983 591 1392 83
is_linear=0
shrinkage=0.04


Tree=64
num_leaves=6
num_cat=0
split_feature=15 41 7 82 0
split_gain=1.06026 1.90961 1.86522 1.00048 0.0648843
threshold=-1.0140039292550704 -0.87874698717605038 0.36321726856792291 -0.67335457116228015 -1.2692143037133556
decision_type=2 2 2 2 2
left_child=4 2 -2 -3 -1
right_child=1 3 -4 -5 -6
leaf_value=0.00039307802766037832 -0.00027849526658668553 -9.407628955250613e-05 0.00015866919475359106 4.6136203089203413e-05 0.00084895636713147799
leaf_weight=41 82 54 44 1791 130
leaf_count=41 82 54 44 1791 130
internal_value=0.000488806 0.000225038 -0.0045 0.000552247 0.00349133
internal_weight=2142 1971 126 1845 171
internal_count=2142 1971 126 1845 171
is_linear=0
shrinkage=0.04


Tree=65
num_leaves=7
num_cat=0
split_feature=115 60 46 70 93 77
split_gain=1.07246 1.51116 1.76845 1.32812 0.34482 0.216559
threshold=-0.77851911397553397 0.83371024723268983 0.13018048271362925 0.23378813121549277 -1.3235083212233298 -0.43623791434044107
decision_type=2 2 2 2 2 2
left_child=4 3 -3 -2 -1 -6
right_child=1 2 -4 -5 5 -7
leaf_value=-4.8301046506103553e-06 -7.5135907479412712e-06 -9.9272574969022813e-06 -0.0010384941717248792 0.00033968835413693889 0.00088906323005839849 0.0010389915519153927
leaf_weight=57 1155 105 66 495 78 186
leaf_count=57 1155 105 66 495 78 186
internal_value=0.000488806 0.000111904 -0.00344509 0.000484262 0.002613 0.00321805
internal_weight=2142 1821 171 1650 321 264
internal_count=2142 1821 171 1650 321 264
is_linear=0
shrinkage=0.04


Tree=66
num_leaves=7
num_cat=0
split_feature=110 80 30 36 75 104
split_gain=1.31462 2.05732 2.1329 1.15056 0.665665 0.560295
threshold=0.54258719988400472 -0.28498841677349845 -0.79962679534080527 1.0985883625796375 -0.86450101766479326 -0.98199889276044761
decision_type=2 2 2 2 2 2
left_child=1 3 -3 -1 -2 -6
right_child=4 2 -4 -5 5 -7
leaf_value=0.00041946116217863184 -4.6944383919008485e-05 0.00020568750046545312 -0.00016036417995965685 -0.00032736130757952909 -6.239231998493744e-05 0.00028589301087653097
leaf_weight=550 51 232 722 41 78 468
leaf_count=550 51 232 722 41 78 468
internal_value=0.00052612 -9.04976e-05 -0.00123849 0.00176054 0.00211686 0.00252555
internal_weight=2142 1545 954 591 597 546
internal_count=2142 1545 954 591 597 546
is_linear=0
shrinkage=0.04


Tree=67
num_leaves=7
num_cat=0
split_feature=70 33 118 53 36 94
split_gain=0.950991 1.4338 1.79887 0.955458 1.07607 0.807055
threshold=0.23868295426910327 -0.50694345880864888 0.27085264933249392 -0.74999999999999989 1.2371089457304525 -0.95365491357644816
decision_type=2 2 2 2 2 2
left_child=1 5 -3 -2 -5 -1
right_child=3 2 -4 4 -6 -7
leaf_value=-0.00028259580728460159 -0.0008451810574622681 4.5715093671997817e-05 -0.00013171534339333641 0.00036301550677488985 -0.00025669798308155823 0.00040855534815701706
leaf_weight=45 54 602 472 552 66 351
leaf_count=45 54 602 472 552 66 351
internal_value=0.000488806 -8.15216e-05 -0.000840149 0.00173294 0.00218065 0.00196985
internal_weight=2142 1470 1074 672 618 396
internal_count=2142 1470 1074 672 618 396
is_linear=0
shrinkage=0.04


Tree=68
num_leaves=6
num_cat=0
split_feature=15 41 7 70 49
split_gain=1.11366 2.10136 2.04431 1.02849 0.0648843
threshold=-1.0140039292550704 -0.87874698717605038 0.36321726856792291 0.23868295426910327 1.3502578226534816
decision_type=2 2 2 2 2
left_child=4 2 -2 -3 -1
right_child=1 3 -4 -5 -6
leaf_value=0.00083387068858774575 -0.00027027785826716028 -3.8192556615065045e-06 0.00011960671852354939 0.00026047421369665083 0.00035308573560413321
leaf_weight=130 82 1248 44 597 41
leaf_count=130 82 1248 44 597 41
internal_value=0.000414179 0.000143943 -0.0048125 0.000487277 0.00349133
internal_weight=2142 1971 126 1845 171
internal_count=2142 1971 126 1845 171
is_linear=0
shrinkage=0.04


Tree=69
num_leaves=5
num_cat=0
split_feature=33 110 0 103
split_gain=1.35618 1.09971 1.28179 0.933463
threshold=1.5243823437471902 0.54258719988400472 0.13758511929703274 -1.0347420038403363
decision_type=2 2 2 2
left_child=1 2 -1 -3
right_child=-2 3 -4 -5
leaf_value=7.8155845804818544e-05 -0.0013601410958704199 -4.6742440997701119e-05 -9.6364781644219606e-05 0.00026281906054366998
leaf_weight=922 40 41 598 541
leaf_count=922 40 41 598 541
internal_value=0.000451493 0.000593156 2.62814e-05 0.00206849
internal_weight=2142 2102 1520 582
internal_count=2142 2102 1520 582
is_linear=0
shrinkage=0.04


Tree=70
num_leaves=7
num_cat=0
split_feature=82 46 46 28 53 72
split_gain=1.13291 1.29416 1.89236 1.13469 2.87153 1.23245
threshold=-0.54809610684579757 -0.21852807562589868 0.30354969625714057 -0.35337527247732708 -0.58333333333333315 1.7659279803102466
decision_type=2 2 2 2 2 2
left_child=1 -1 -3 4 -2 -5
right_child=3 2 -4 5 -6 -7
leaf_value=0.00013502920738369176 -0.001220362656129269 -0.00058376937030168237 2.4187251401284289e-05 0.0001410811202059974 3.1307241489251742e-05 -9.0603686906608037e-05
leaf_weight=59 71 54 46 1320 520 72
leaf_count=59 71 54 46 1320 520 72
internal_value=0.000470149 -0.00275776 -0.0054902 0.000731486 -0.000735244 0.00135438
internal_weight=2142 159 100 1983 591 1392
internal_count=2142 159 100 1983 591 1392
is_linear=0
shrinkage=0.04


Tree=71
num_leaves=7
num_cat=0
split_feature=80 28 60 81 42 36
split_gain=0.952658 2.14331 3.69322 1.86387 1.05747 1.21087
threshold=-0.28498841677349845 -0.34601526552390971 0.64822132115423503 0.30486789608845705 1.0772070039136568 1.1301184642366588
decision_type=2 2 2 2 2 2
left_child=4 2 -2 -3 5 -1
right_child=1 3 -4 -5 -6 -7
leaf_value=0.00042414212316803558 -7.4797937987229333e-05 -3.3254890268965295e-05 -0.001417513067054384 0.00044923595727427095 -0.00013170267696988703 -0.00042273789806563408
leaf_weight=647 294 577 41 483 58 42
leaf_count=647 294 577 41 483 58 42
internal_value=0.000488806 -0.000128847 -0.00290801 0.000753296 0.00163952 0.00207815
internal_weight=2142 1395 335 1060 747 689
internal_count=2142 1395 335 1060 747 689
is_linear=0
shrinkage=0.04


Tree=72
num_leaves=7
num_cat=0
split_feature=50 110 47 12 73 14
split_gain=1.03396 1.48581 2.39353 0.864167 0.748671 0.705748
threshold=0.35621440799827803 0.32726516947080575 -0.79483977730050115 1.227612229541452 -0.016811910785583955 0.64093680852565293
decision_type=2 2 2 2 2 2
left_child=3 2 -2 4 -1 -3
right_child=1 5 -4 -5 -6 -7
leaf_value=0.00020056080238806985 -0.0011386242690110656 0.00030534826010398841 -0.00011715379556830268 -0.00076478624808472328 2.03761254150295e-05 -0.00013444211817624824
leaf_weight=693 40 202 360 41 751 55
leaf_count=693 40 202 360 41 751 55
internal_value=0.000451493 -0.000867982 -0.00238806 0.00103564 0.00120055 0.00149807
internal_weight=2142 657 400 1485 1444 257
internal_count=2142 657 400 1485 1444 257
is_linear=0
shrinkage=0.04


Tree=73
num_leaves=8
num_cat=0
split_feature=69 40 64 41 42 40 82
split_gain=1.10723 1.61747 4.95146 1.2812 1.03883 1.3134 0.147783
threshold=0.42328477672200243 -0.81234953275685506 0.25529635892890074 -0.87874698717605038 0.56015929351167038 0.77402601223572864 0.99771067176750072
decision_type=2 2 2 2 2 2 2
left_child=1 2 -1 -3 6 -6 -2
right_child=4 3 -4 -5 5 -7 -8
leaf_value=0.00059065829663455479 0.00074845016552718235 -0.00012953148725869265 -0.0013812235780764398 4.291500430136555e-05 5.9985996834576468e-05 -0.00056701850272135074 4.7903848160950665e-05
leaf_weight=44 287 170 40 1414 105 40 42
leaf_count=44 287 170 40 1414 105 40 42
internal_value=0.000432836 -5.26945e-05 -0.00539535 0.000237075 0.00213445 -0.000680272 0.0033716
internal_weight=2142 1668 84 1584 474 145 329
internal_count=2142 1668 84 1584 474 145 329
is_linear=0
shrinkage=0.04


Tree=74
num_leaves=8
num_cat=0
split_feature=50 110 42 14 60 41 41
split_gain=1.08404 1.43405 2.08219 1.13302 0.705038 1.06413 0.690216
threshold=0.19983493229152288 0.32726516947080575 0.39886800009902873 0.61492856809685648 0.78298904131157376 0.29843645422768567 -0.87874698717605038
decision_type=2 2 2 2 2 2 2
left_child=4 2 -2 -3 6 -6 -1
right_child=1 3 -4 -5 5 -7 -8
leaf_value=-9.1220331176407597e-05 -0.00024368762857693654 0.00030999119945976481 0.00012924481152101904 -6.0903359853696181e-05 -0.00056927767364564521 6.5116231065755537e-05 0.00014139708740293461
leaf_weight=123 335 244 172 77 72 110 1009
leaf_count=123 335 244 172 77 72 110 1009
internal_value=0.000544776 -0.000587952 -0.00190963 0.00149845 0.00125836 -0.00104348 0.00162963
internal_weight=2142 828 507 321 1314 182 1132
internal_count=2142 828 507 321 1314 182 1132
is_linear=0
shrinkage=0.04


Tree=75
num_leaves=8
num_cat=0
split_feature=69 87 8 24 67 68 0
split_gain=1.08327 1.26319 1.46523 0.755566 0.893873 0.291624 0.158368
threshold=0.42328477672200243 1.6635483840419212 0.33697169989805192 0.71713305086217127 0.55987889933392621 1.3550127031579529 0.95783836010990309
decision_type=2 2 2 2 2 2 2
left_child=1 2 -1 6 -5 -3 -2
right_child=3 5 -4 4 -6 -7 -8
leaf_value=2.250786249501253e-05 0.00059905031506299659 0.001622280469453781 -0.00016121027257477204 6.7796530139365904e-05 -0.00052397972823005302 3.8122879613542904e-05 0.00012585648270771433
leaf_weight=1043 287 153 430 94 53 42 40
leaf_count=1043 287 153 430 94 53 42 40
internal_value=0.000619403 0.000138922 -0.000263051 0.00230252 -8.05368e-05 0.00314721 0.00336778
internal_weight=2142 1668 1473 474 147 195 327
internal_count=2142 1668 1473 474 147 195 327
is_linear=0
shrinkage=0.04


Tree=76
num_leaves=5
num_cat=0
split_feature=10 2 110 91
split_gain=1.44245 0.961181 1.2099 0.186922
threshold=2.758751259001055 -0.85077741701769527 0.54258719988400472 -0.45581629041023991
decision_type=2 2 2 2
left_child=1 3 -3 -1
right_child=-2 2 -4 -5
leaf_value=0.00019525003206921428 -0.00046916217354183056 -6.9521684622852081e-06 0.0001343821075719018 0.00045409647847240538
leaf_weight=49 40 1293 527 233
leaf_count=49 40 1293 527 233
internal_value=0.000675373 0.000821293 0.000482986 0.00298592
internal_weight=2142 2102 1820 282
internal_count=2142 2102 1820 282
is_linear=0
shrinkage=0.04


Tree=77
num_leaves=8
num_cat=0
split_feature=69 42 85 42 81 62 45
split_gain=1.03575 1.3659 2.34 0.776166 1.08118 0.418998 0.183108
threshold=0.42328477672200243 0.48046180370342206 -0.43764625427160359 0.56015929351167038 -0.1541111044392747 0.69126386153771879 0.30179362517487612
decision_type=2 2 2 2 2 2 2
left_child=1 2 -1 6 -5 -3 -2
right_child=3 5 -4 4 -6 -7 -8
leaf_value=-0.00034660835303447214 0.00073549175164278318 0.00035912057659063406 1.494312711842174e-05 -0.00038282533297177742 0.00024187230719604138 9.0473065451879711e-07 0.00027440617433190345
leaf_weight=219 236 275 1071 74 71 103 93
leaf_count=219 236 275 1071 74 71 103 93
internal_value=0.000656717 0.000186826 -0.000433436 0.00230252 -0.000136054 0.00229474 0.0033716
internal_weight=2142 1668 1290 474 145 378 329
internal_count=2142 1668 1290 474 145 378 329
is_linear=0
shrinkage=0.04


Tree=78
num_leaves=4
num_cat=0
split_feature=10 116 2
split_gain=1.0671 0.984816 0.907265
threshold=2.758751259001055 -0.75850698560477603 -0.8240849035428649
decision_type=2 2 2
left_child=1 -1 -3
right_child=-2 2 -4
leaf_value=-0.00032123854746840942 -0.00044954720660473848 0.00033564496094461876 2.6471101439864932e-05
leaf_weight=63 40 281 1758
leaf_count=63 40 281 1758
internal_value=0.000600746 0.000726236 0.000879961
internal_weight=2142 2102 2039
internal_count=2142 2102 2039
is_linear=0
shrinkage=0.04


Tree=79
num_leaves=7
num_cat=0
split_feature=41 18 31 37 48 8
split_gain=1.06824 2.49863 1.1043 1.5849 0.681354 0.133187
threshold=-0.87874698717605038 -0.65899351070276391 -0.60265886978380745 0.78240563586631906 -0.85722620440414421 -0.28012125765690882
decision_type=2 2 2 2 2 2
left_child=1 4 5 -4 -1 -2
right_child=2 -3 3 -5 -6 -7
leaf_value=0.00061191988778989622 0.00051841262600212719 -0.00027232806635951897 4.1278316418888507e-05 -0.00041788919963185945 -0.00010142151229571375 0.00015950160448723817
leaf_weight=76 143 66 1456 187 56 158
leaf_count=76 143 66 1456 187 56 158
internal_value=0.000544776 -0.00224 0.000830422 0.000420669 0.000955224 0.00304951
internal_weight=2142 198 1944 1643 132 301
internal_count=2142 198 1944 1643 132 301
is_linear=0
shrinkage=0.04


Tree=80
num_leaves=7
num_cat=0
split_feature=82 36 115 62 4 99
split_gain=1.03886 1.39991 1.02525 0.898784 0.443892 0.348956
threshold=-0.54809610684579757 0.1311175568509039 -0.73849565386569382 -0.9011165493384421 0.35769614883762141 -0.33166228132263503
decision_type=2 2 2 2 2 2
left_child=1 -1 5 -4 -3 -2
right_child=2 4 3 -5 -6 -7
leaf_value=-0.00025786518740853143 0.0011745404427655518 0.00048882540295939699 0.00020506648942064564 7.4958428498746091e-06 -5.5120385878668317e-06 0.00011031692207927056
leaf_weight=76 198 43 215 1477 40 93
leaf_count=76 198 43 215 1477 40 93
internal_value=0.00058209 -0.00250932 0.000832242 0.000453365 0.00108235 0.00301706
internal_weight=2142 159 1983 1692 83 291
internal_count=2142 159 1983 1692 83 291
is_linear=0
shrinkage=0.04


Tree=81
num_leaves=5
num_cat=0
split_feature=10 69 28 42
split_gain=1.02361 0.985635 1.36911 1.24013
threshold=2.758751259001055 0.40159714875939928 -0.35337527247732708 1.0772070039136568
decision_type=2 2 2 2
left_child=1 2 -1 -3
right_child=-2 3 -4 -5
leaf_value=-0.00013113723483183353 -0.00042038978520544246 0.00027971993374395677 6.1856756189376713e-05 -0.00044875485549022238
leaf_weight=479 40 441 1139 43
leaf_count=479 40 441 1139 43
internal_value=0.000470149 0.000593156 0.000118519 0.00217284
internal_weight=2142 2102 1618 484
internal_count=2142 2102 1618 484
is_linear=0
shrinkage=0.04


Tree=82
num_leaves=5
num_cat=0
split_feature=87 91 70 68
split_gain=0.983613 1.6158 1.16069 0.292962
threshold=1.6635483840419212 0.97289856381487472 0.23868295426910327 1.3550127031579529
decision_type=2 2 2 2
left_child=1 2 -1 -2
right_child=3 -3 -4 -5
leaf_value=-5.7916763782677857e-06 0.0015402127890477486 -0.00012959925178576269 0.00012922994538831491 3.0850399026997944e-05
leaf_weight=1224 156 57 663 42
leaf_count=1224 156 57 663 42
internal_value=0.000488806 0.000213772 0.000417152 0.00316
internal_weight=2142 1944 1887 198
internal_count=2142 1944 1887 198
is_linear=0
shrinkage=0.04


Tree=83
num_leaves=7
num_cat=0
split_feature=85 116 40 68 63 72
split_gain=1.16226 1.87892 1.34604 1.1145 1.7605 0.976308
threshold=-0.43764625427160359 -0.37535504135425818 0.79574348843494735 1.0726828788193665 -0.57572402343016804 1.8135358616732888
decision_type=2 2 2 2 2 2
left_child=1 -1 -3 5 -5 -2
right_child=3 2 -4 4 -6 -7
leaf_value=-0.0005391633320153146 7.7056997005796893e-05 0.00018032440793595776 -0.00042757339148017352 -0.0003415176666402242 2.7799342047238646e-05 -0.00012843982423045881
leaf_weight=75 1428 334 50 52 155 48
leaf_count=75 1428 334 50 52 155 48
internal_value=0.000470149 -0.0013102 -0.000165803 0.000956677 -0.0017799 0.00134235
internal_weight=2142 459 384 1683 207 1476
internal_count=2142 459 384 1683 207 1476
is_linear=0
shrinkage=0.04


Tree=84
num_leaves=6
num_cat=0
split_feature=87 91 45 116 68
split_gain=0.956299 1.31884 1.83221 0.91733 0.292962
threshold=1.6635483840419212 0.76179987220123935 0.50216501343685493 -0.75850698560477603 1.3550127031579529
decision_type=2 2 2 2 2
left_child=1 3 -3 -1 -2
right_child=4 2 -4 -5 -6
leaf_value=-0.00028484023485278334 0.0014755219976056067 -5.1203630188922328e-06 -0.00091158240905608282 2.4072411969186638e-05 2.8504409384028444e-05
leaf_weight=63 156 98 40 1743 42
leaf_count=63 156 98 40 1743 42
internal_value=0.00052612 0.000254882 -0.00348571 0.000544248 0.00316
internal_weight=2142 1944 138 1806 198
internal_count=2142 1944 138 1806 198
is_linear=0
shrinkage=0.04


Tree=85
num_leaves=7
num_cat=0
split_feature=85 116 8 115 114 91
split_gain=1.12224 1.93656 2.04346 0.92645 1.60429 0.64812
threshold=-0.43764625427160359 -0.37535504135425818 0.47623206907626209 0.21834688070357655 -0.046784078096220545 -0.35038374943311684
decision_type=2 2 2 2 2 2
left_child=1 -1 -3 5 -5 -2
right_child=3 2 -4 4 -6 -7
leaf_value=-0.00051361709150178332 2.1973581289696866e-05 0.0003349295823702682 -0.00032507009309606921 -0.00024618028874883634 3.1013296120355453e-05 0.00028780935838473935
leaf_weight=75 447 266 118 171 543 522
leaf_count=75 447 266 118 171 543 522
internal_value=0.00052612 -0.00122343 -6.2176e-05 0.00100415 -8.93853e-05 0.00180845
internal_weight=2142 459 384 1683 714 969
internal_count=2142 459 384 1683 714 969
is_linear=0
shrinkage=0.04


Tree=86
num_leaves=7
num_cat=0
split_feature=3 41 18 118 8 56
split_gain=1.03874 1.41533 2.1526 1.16159 0.408841 0.153748
threshold=-0.87523490746124588 -0.87874698717605038 -0.65899351070276391 -1.0374062538379631 0.44186656632752103 -0.9828611373000965
decision_type=2 2 2 2 2 2
left_child=4 2 -2 -3 5 -1
right_child=1 3 -4 -5 -6 -7
leaf_value=0.00051121363120228244 0.00012872070805118097 -0.0002633959453385752 -0.00029668159805162068 2.1537751802036773e-05 -8.9455960300438578e-05 0.00028471646787420299
leaf_weight=71 73 70 54 1648 40 186
leaf_count=71 73 70 54 1648 40 186
internal_value=0.00058209 0.000227396 -0.00381395 0.000530233 0.00276923 0.00335135
internal_weight=2142 1845 127 1718 297 257
internal_count=2142 1845 127 1718 297 257
is_linear=0
shrinkage=0.04


Tree=87
num_leaves=6
num_cat=0
split_feature=36 41 18 116 0
split_gain=0.913768 1.70004 2.6669 0.867973 0.00418714
threshold=-1.1435434614894817 -0.87874698717605038 -0.63151611802314345 -0.75850698560477603 -0.94296287100061871
decision_type=2 2 2 2 2
left_child=4 2 -2 -3 -1
right_child=1 3 -4 -5 -6
leaf_value=0.00098746446469068542 -1.7094312750773327e-05 -0.00025402274639954272 -0.000444496900277118 2.9887577242521622e-05 0.00063051088131337951
leaf_weight=40 107 58 40 1802 95
leaf_count=40 107 58 40 1802 95
internal_value=0.000488806 0.000272773 -0.00383893 0.000601504 0.00364964
internal_weight=2142 2007 147 1860 135
internal_count=2142 2007 147 1860 135
is_linear=0
shrinkage=0.04


Tree=88
num_leaves=7
num_cat=0
split_feature=53 35 69 29 100 90
split_gain=1.06275 3.90816 3.71686 1.26431 1.43842 0.421657
threshold=-0.74999999999999989 0.25178132569308281 -0.57600382534479444 -0.43495328525440879 0.59706924023473895 0.35776522521922166
decision_type=2 2 2 2 2 2
left_child=1 2 -1 5 -5 -2
right_child=3 -3 -4 4 -6 -7
leaf_value=0.00019964695406208153 5.6737534877757112e-05 0.0012168850172818825 -0.00098841642509067077 2.4945049865334876e-05 -0.00019762067194356255 0.00032065935253384759
leaf_weight=46 283 83 51 1241 169 269
leaf_count=46 283 83 51 1241 169 269
internal_value=0.000507463 -0.00241758 -0.00779798 0.000778004 0.000141643 0.00239711
internal_weight=2142 180 97 1962 1410 552
internal_count=2142 180 97 1962 1410 552
is_linear=0
shrinkage=0.04


Tree=89
num_leaves=7
num_cat=0
split_feature=85 116 60 17 41 16
split_gain=1.01362 1.51371 1.67442 0.940675 1.2465 0.178111
threshold=-0.43764625427160359 -0.42735545678991999 0.81638120727986341 -0.74673349641580355 -0.91041843312118176 -0.69295864925684081
decision_type=2 2 2 2 2 2
left_child=1 -1 -3 5 -5 -2
right_child=3 2 -4 4 -6 -7
leaf_value=-0.00051242492674700003 0.00048854436259299235 0.00018879565003429859 -0.00053625622959248211 -0.00013913474243605216 2.7706792535075268e-05 0.00012750132153805315
leaf_weight=72 175 318 69 90 1355 63
leaf_count=72 175 318 69 90 1355 63
internal_value=0.00052612 -0.00113666 -0.000133676 0.000980416 0.000594333 0.0033
internal_weight=2142 459 387 1683 1445 238
internal_count=2142 459 387 1683 1445 238
is_linear=0
shrinkage=0.04


Tree=90
num_leaves=7
num_cat=0
split_feature=86 10 86 40 47 36
split_gain=0.937797 1.75692 1.07713 1.39983 0.908433 0.733208
threshold=-0.76489762459337773 -0.57925814431581679 -0.024815185209487497 -0.81234953275685506 -0.2263930991222258 0.51283478432345164
decision_type=2 2 2 2 2 2
left_child=1 -1 5 -4 -3 -2
right_child=2 4 3 -5 -6 -7
leaf_value=-0.00032171178437132958 0.00030747323505764024 -0.00047515769468177692 -0.0011637953046885669 6.3865934478283868e-06 0.00032800771516556978 4.2628856719403765e-06
leaf_weight=51 576 45 43 1076 129 222
leaf_count=51 576 45 43 1076 129 222
internal_value=0.00058209 -0.00185022 0.000869203 6.77968e-05 9.09092e-05 0.00199
internal_weight=2142 225 1917 1119 174 798
internal_count=2142 225 1917 1119 174 798
is_linear=0
shrinkage=0.04


Tree=91
num_leaves=8
num_cat=0
split_feature=59 28 60 81 1 84 25
split_gain=0.931276 2.16525 2.55675 1.50818 0.576777 0.497224 0.217032
threshold=-0.40882822539967384 -0.34601526552390971 0.67116852295386731 0.37166829593417633 0.47454366213631355 0.025903231720728042 0.64531969798757571
decision_type=2 2 2 2 2 2 2
left_child=4 2 -2 -3 6 -6 -1
right_child=1 3 -4 -5 5 -7 -8
leaf_value=0.00034587425793112847 -5.4397768136276416e-05 -1.0289170950642429e-06 -0.0011172434925010245 0.00055659218614230465 0.00026213164523489072 -5.852966459816446e-05 1.4017977371633025e-05
leaf_weight=249 398 829 43 485 48 41 49
leaf_count=249 398 829 43 485 48 41 49
internal_value=0.000563433 0.000170746 -0.00224831 0.000984803 0.00233419 -0.000483516 0.00317333
internal_weight=2142 1755 441 1314 387 89 298
internal_count=2142 1755 441 1314 387 89 298
is_linear=0
shrinkage=0.04


Tree=92
num_leaves=7
num_cat=0
split_feature=80 28 64 81 36 82
split_gain=1.04755 2.01302 2.60251 1.33211 1.04784 0.633477
threshold=-0.28498841677349845 -0.34601526552390971 0.44986148694253919 0.1489881158915394 1.1301184642366588 -0.59593724835140127
decision_type=2 2 2 2 2 2
left_child=4 2 -2 -3 5 -1
right_child=1 3 -4 -5 -6 -7
leaf_value=-3.5369597033781632e-05 -7.2500589655505603e-05 -2.37766556572667e-05 -0.00082075265075220712 0.00027371195337675942 -0.0003113944139205228 0.00036151146179588041
leaf_weight=72 279 491 56 569 42 633
leaf_count=72 279 491 56 569 42 633
internal_value=0.000432836 -0.000214746 -0.00290801 0.000640301 0.00163952 0.00200849
internal_weight=2142 1395 335 1060 747 705
internal_count=2142 1395 335 1060 747 705
is_linear=0
shrinkage=0.04


Tree=93
num_leaves=7
num_cat=0
split_feature=59 28 60 115 44 81
split_gain=1.03743 1.57447 3.10548 1.16602 0.849954 0.494489
threshold=-0.35572717120578018 -0.34601526552390971 0.64822132115423503 0.24687412667650285 1.0991988480151784 -0.20410263365497555
decision_type=2 2 2 2 2 2
left_child=4 2 -2 -3 5 -1
right_child=1 3 -4 -5 -6 -7
leaf_value=5.576080279899414e-05 -6.4923171942605419e-05 0.00016256722438466495 -0.0010397236467708949 -2.7208540494092243e-05 -8.2518423140044757e-05 0.00054051667622486723
leaf_weight=219 351 742 43 520 53 214
leaf_count=219 351 742 43 520 53 214
internal_value=0.000395523 -8.20264e-05 -0.00228283 0.000607595 0.00201639 0.0026023
internal_weight=2142 1656 394 1262 486 433
internal_count=2142 1656 394 1262 486 433
is_linear=0
shrinkage=0.04


Tree=94
num_leaves=8
num_cat=0
split_feature=50 116 87 40 62 10 82
split_gain=1.02097 1.11065 2.05917 0.94626 0.885613 1.34143 0.716998
threshold=0.25621244431231177 -0.38163749214411152 -0.37134655992724747 1.6536064858698982 0.59151529408339998 -0.16809192002991133 -0.54809610684579757
decision_type=2 2 2 2 2 2 2
left_child=4 2 -2 -3 6 -6 -1
right_child=1 3 -4 -5 5 -7 -8
leaf_value=-6.6722305673444783e-05 -0.00048595662855961593 2.2718660599059943e-05 -2.8045116455258004e-05 -0.0014901655768690765 -0.00017229757259364678 1.5384558278172996e-05 0.00014197319232550442
leaf_weight=86 53 551 121 40 50 150 1091
leaf_count=86 53 551 121 40 50 150 1091
internal_value=0.000414179 -0.000756193 -0.00354545 7.41991e-05 0.00106454 -0.00138614 0.00148261
internal_weight=2142 765 174 591 1377 200 1177
internal_count=2142 765 174 591 1377 200 1177
is_linear=0
shrinkage=0.04


Tree=95
num_leaves=7
num_cat=0
split_feature=53 35 76 48 100 62
split_gain=0.983131 3.90816 3.64301 1.20227 1.63441 0.804879
threshold=-0.74999999999999989 0.25178132569308281 0.18725945113398776 -0.56712027886366134 0.59706924023473895 0.017017971522267413
decision_type=2 2 2 2 2 2
left_child=1 2 -1 5 -5 -2
right_child=3 -3 -4 4 -6 -7
leaf_value=-0.00081874765652286026 0.00030338322122559525 0.0011770515779785243 0.00022045858472505061 3.165924212083866e-05 -0.00019007072980466429 -6.3955720631294463e-06
leaf_weight=55 344 83 42 1324 190 104
leaf_count=55 344 83 42 1324 190 104
internal_value=0.000395523 -0.00241758 -0.00779798 0.000655805 0.000116095 0.00247111
internal_weight=2142 180 97 1962 1514 448
internal_count=2142 180 97 1962 1514 448
is_linear=0
shrinkage=0.04


Tree=96
num_leaves=6
num_cat=0
split_feature=15 41 7 60 81
split_gain=1.0868 1.63493 1.94999 1.00959 0.0648843
threshold=-1.0140039292550704 -0.87874698717605038 0.42940911460845427 0.67116852295386731 0.8880736894099247
decision_type=2 2 2 2 2
left_child=4 2 -2 -3 -1
right_child=1 3 -4 -5 -6
leaf_value=0.00048839372529209792 -0.00017289667273869986 3.5889638157047701e-05 0.00013466548867792312 -4.1704102472211725e-05 0.00038759037659113262
leaf_weight=130 85 1492 41 353 41
leaf_count=130 85 1492 41 353 41
internal_value=0.000451493 0.000184491 -0.0041875 0.000487277 0.00349133
internal_weight=2142 1971 126 1845 171
internal_count=2142 1971 126 1845 171
is_linear=0
shrinkage=0.04


Tree=97
num_leaves=7
num_cat=0
split_feature=60 28 42 96 24 36
split_gain=0.973233 2.43171 1.28544 0.889608 1.40758 1.05306
threshold=0.67116852295386731 -0.50152749130090812 1.0772070039136568 0.41523461227296776 -0.30465749074419718 0.51283478432345164
decision_type=2 2 2 2 2 2
left_child=3 -2 -3 5 -5 -1
right_child=1 2 -4 4 -6 -7
leaf_value=0.0001509428375564214 -0.00074080410709716476 5.9142027899009184e-05 -0.00037110916217028919 -0.00016220170368850769 0.00010313185645080315 -3.8474234573942665e-05
leaf_weight=1036 40 284 45 200 307 230
leaf_count=1036 40 284 45 200 307 230
internal_value=0.000451493 -0.0014124 -0.000253776 0.000840564 -0.000573674 0.00140694
internal_weight=2142 369 329 1773 507 1266
internal_count=2142 369 329 1773 507 1266
is_linear=0
shrinkage=0.04


Tree=98
num_leaves=8
num_cat=0
split_feature=80 28 60 81 102 86 33
split_gain=1.01542 1.55328 2.7482 1.34264 0.737697 0.895946 0.570915
threshold=-0.28498841677349845 -0.34601526552390971 0.64822132115423503 0.1489881158915394 0.52950426678336393 -0.075233942756126201 0.34049746308223122
decision_type=2 2 2 2 2 2 2
left_child=4 2 -2 -3 6 -6 -1
right_child=1 3 -4 -5 5 -7 -8
leaf_value=0.00053633651736659314 -6.3380648849824719e-05 -2.6308331248254408e-05 -0.00099861652974070955 0.00025988288169039508 0.00032275997697786123 -0.00013487892713851183 2.7343964655531733e-05
leaf_weight=311 294 491 41 569 84 75 277
leaf_count=311 294 491 41 569 84 75 277
internal_value=0.000451493 -0.000186113 -0.00255193 0.000564972 0.00163952 -0.000770186 0.00229153
internal_weight=2142 1395 335 1060 747 159 588
internal_count=2142 1395 335 1060 747 159 588
is_linear=0
shrinkage=0.04


Tree=99
num_leaves=7
num_cat=0
split_feature=48 106 26 27 62 60
split_gain=0.990219 1.67147 1.52252 1.41307 0.774507 0.357853
threshold=-0.56712027886366134 0.77194437585127018 -0.60048406956365696 0.052850300447750999 0.49691187479451771 -0.52202256965114791
decision_type=2 2 2 2 2 2
left_child=4 2 -2 -3 5 -1
right_child=1 3 -4 -5 -6 -7
leaf_value=0.00014778967635621567 -8.0553468917421209e-05 6.9355763891781301e-06 2.7227222678697562e-05 -0.00039266659918484682 -5.4785590863097692e-05 0.00026535839718752261
leaf_weight=185 113 64 1402 77 46 255
leaf_count=185 113 64 1402 77 46 255
internal_value=0.000432836 -3.37755e-05 0.000355966 -0.00416783 0.00201639 0.00253394
internal_weight=2142 1656 1515 141 486 440
internal_count=2142 1656 1515 141 486 440
is_linear=0
shrinkage=0.04


Tree=100
num_leaves=5
num_cat=0
split_feature=58 69 15 103
split_gain=0.943007 1.19271 1.18231 0.614099
threshold=1.4397070693923439 0.37097495343663595 -1.0140039292550704 0.67239822804310723
decision_type=2 2 2 2
left_child=1 2 -1 -3
right_child=-2 3 -4 -5
leaf_value=0.00034150189843058792 -0.00043932771521025527 0.00020880751894291298 -8.4928195802037213e-06 -6.2509721152683977e-05
leaf_weight=150 48 441 1446 57
leaf_count=150 48 441 1446 57
internal_value=0.000470149 0.000599237 6.50815e-05 0.002304
internal_weight=2142 2094 1596 498
internal_count=2142 2094 1596 498
is_linear=0
shrinkage=0.04


Tree=101
num_leaves=7
num_cat=0
split_feature=80 60 42 110 82 82
split_gain=1.34915 1.51841 2.0004 1.42982 0.699762 0.569814
threshold=-0.28498841677349845 0.65993770781649574 0.22259915928447602 0.675804944862757 1.2243700283427528 -0.60529503960084385
decision_type=2 2 2 2 2 2
left_child=4 3 -3 -2 5 -1
right_child=1 2 -4 -5 -6 -7
leaf_value=-3.6936516280280456e-05 -1.2861885041808574e-05 -0.0004928866263612851 1.1668403667736252e-05 0.00050587557055944434 -0.00017866220765523646 0.00022347148030197862
leaf_weight=66 906 79 107 303 54 627
leaf_count=66 906 79 107 303 54 627
internal_value=0.000376866 -0.00035791 -0.00370213 0.00016185 0.00174633 0.00208921
internal_weight=2142 1395 186 1209 747 693
internal_count=2142 1395 186 1209 747 693
is_linear=0
shrinkage=0.04


Tree=102
num_leaves=7
num_cat=0
split_feature=80 60 28 113 86 118
split_gain=1.0486 1.36201 2.06901 1.19359 0.972623 0.801193
threshold=-0.43091068857905612 0.67116852295386731 -0.33458272584160204 0.79533230069937233 -0.73010010738050746 0.8177371724843151
decision_type=2 2 2 2 2 2
left_child=4 3 -3 -2 -1 -6
right_child=1 2 -4 -5 5 -7
leaf_value=-0.00029038188060292016 -5.7680562210324983e-06 -0.00093539455195672532 -2.6944932367073198e-05 0.00022229563206661041 0.00025912951516428035 -3.0053101233717994e-05
leaf_weight=45 1125 41 181 219 474 57
leaf_count=45 1125 41 181 219 474 57
internal_value=0.000246269 -0.000290816 -0.00317857 0.000190193 0.00170242 0.00218387
internal_weight=2142 1566 222 1344 576 531
internal_count=2142 1566 222 1344 576 531
is_linear=0
shrinkage=0.04


Tree=103
num_leaves=6
num_cat=0
split_feature=36 41 26 33 4
split_gain=1.08284 1.6755 2.35226 1.24739 0.00418714
threshold=-1.1435434614894817 -0.87874698717605038 -0.4921211548897651 -0.50694345880864888 -0.65701410208270505
decision_type=2 2 2 2 2
left_child=4 2 -2 -3 -1
right_child=1 3 -4 -5 -6
leaf_value=0.00054667179372213087 -1.0044135502686333e-05 0.00030870859389159686 -0.00024582608949671634 -1.7701517915839614e-06 0.0010295808036994061
leaf_weight=95 106 271 41 1589 40
leaf_count=95 106 271 41 1589 40
internal_value=0.000208955 -2.58834e-05 -0.00410738 0.000300752 0.00364964
internal_weight=2142 2007 147 1860 135
internal_count=2142 2007 147 1860 135
is_linear=0
shrinkage=0.04


Tree=104
num_leaves=5
num_cat=0
split_feature=86 3 80 8
split_gain=1.02214 1.1397 1.16617 0.390662
threshold=1.4521309998804488 -0.93461270334599578 -0.66241686505241359 0.34490601311304875
decision_type=2 2 2 2
left_child=1 3 -3 -1
right_child=-2 2 -4 -5
leaf_value=0.0002488124221557001 0.0013940405722532281 0.00015544809679304979 -1.713931372143813e-05 -1.0488366369963542e-05
leaf_weight=208 108 290 1485 51
leaf_count=208 108 290 1485 51
internal_value=0.000171642 -3.1434e-05 -0.000393922 0.00243678
internal_weight=2142 2034 1775 259
internal_count=2142 2034 1775 259
is_linear=0
shrinkage=0.04


Tree=105
num_leaves=7
num_cat=0
split_feature=82 7 9 100 53 79
split_gain=1.08562 1.3178 1.09799 1.89928 1.19187 0.577546
threshold=-0.54809610684579757 0.24475459018994264 -0.37028048746808662 0.59706924023473895 -0.74999999999999989 -0.63227103822046449
decision_type=2 2 2 2 2 2
left_child=1 5 4 -4 -2 -1
right_child=2 -3 3 -5 -6 -7
leaf_value=5.3757760033594417e-05 -0.00017881590528679028 -0.00021412616693712201 2.0409883995080848e-05 -0.00014311827206716504 0.00023094793913630611 -0.00013595151794010382
leaf_weight=68 56 42 1133 205 589 49
leaf_count=68 56 42 1133 205 589 49
internal_value=0.000152985 -0.00300621 0.000409068 -0.000244776 0.00176198 -0.000773109
internal_weight=2142 159 1983 1338 645 117
internal_count=2142 159 1983 1338 645 117
is_linear=0
shrinkage=0.04


Tree=106
num_leaves=7
num_cat=0
split_feature=31 41 26 34 45 102
split_gain=1.01299 1.09017 2.97135 1.10721 1.08046 1.14808
threshold=1.0366778341000462 -0.87874698717605038 -0.46950057752606505 -0.43270567788298048 -0.42565194569351 0.038941481260479555
decision_type=2 2 2 2 2 2
left_child=1 2 -1 -3 -2 -6
right_child=4 3 -4 -5 5 -7
leaf_value=8.0564765873041727e-06 7.5205943592643117e-05 0.0002663414062923984 -0.00023195059700274531 4.737095128537063e-06 -8.5045460912067972e-06 -0.0002906916623264112
leaf_weight=155 67 422 43 1370 41 44
leaf_count=155 67 422 43 1370 41 44
internal_value=0.000320896 0.000562249 -0.00224 0.000874025 -0.00280519 -0.00574713
internal_weight=2142 1990 198 1792 152 85
internal_count=2142 1990 198 1792 152 85
is_linear=0
shrinkage=0.04


Tree=107
num_leaves=7
num_cat=0
split_feature=53 35 37 62 63 51
split_gain=0.931758 3.34483 3.89993 1.05763 2.16354 0.714384
threshold=-0.74999999999999989 0.25178132569308281 0.12679836140853959 -0.093027875525698731 0.048856187717747412 0.3895531663738146
decision_type=2 2 2 2 2 2
left_child=1 2 -1 5 -5 -2
right_child=3 -3 -4 4 -6 -7
leaf_value=-0.00087075502535654658 3.7309162652605988e-05 0.0011233115302474556 1.69824093644832e-05 -0.00010561505761984467 0.00010619961384067491 0.000263718485793362
leaf_weight=45 656 83 52 580 510 216
leaf_count=45 656 83 52 580 510 216
internal_value=0.000320896 -0.00241758 -0.00739394 0.000574338 -0.00025641 0.00161098
internal_weight=2142 180 97 1962 1090 872
internal_count=2142 180 97 1962 1090 872
is_linear=0
shrinkage=0.04


Tree=108
num_leaves=5
num_cat=0
split_feature=36 41 98 68
split_gain=0.962111 1.4627 2.88789 0.904456
threshold=-1.2201219607758838 -0.87874698717605038 0.33702869650087558 0.030603489768722462
decision_type=2 2 2 2
left_child=-1 2 -2 -3
right_child=1 3 -4 -5
leaf_value=0.00098820954554390593 -9.7991975816444241e-06 5.4576785476224076e-05 -0.00019928398510223871 -9.9747879232917513e-06
leaf_weight=108 114 995 43 882
leaf_count=108 114 995 43 882
internal_value=0.000283582 8.64442e-05 -0.00359748 0.000398084
internal_weight=2142 2034 157 1877
internal_count=2142 2034 157 1877
is_linear=0
shrinkage=0.04


Tree=109
num_leaves=6
num_cat=0
split_feature=15 41 113 86 49
split_gain=1.06833 1.27244 1.40726 0.959345 0.159252
threshold=-1.0140039292550704 -0.87874698717605038 0.25894511053860897 1.4521309998804488 1.3502578226534816
decision_type=2 2 2 2 2
left_child=4 2 -2 -3 -1
right_child=1 3 -4 -5 -6
leaf_value=0.00040556699119458247 -0.00016221447499740538 4.3041041032203632e-07 0.00010386131537541642 0.001335320494525916 0.00014920556403783471
leaf_weight=130 72 1740 54 105 41
leaf_count=130 72 1740 54 105 41
internal_value=0.000246269 -1.82462e-05 -0.003875 0.000249053 0.00326012
internal_weight=2142 1971 126 1845 171
internal_count=2142 1971 126 1845 171
is_linear=0
shrinkage=0.04


Tree=110
num_leaves=5
num_cat=0
split_feature=86 2 106 8
split_gain=1.00193 1.10498 1.16466 0.65564
threshold=1.4521309998804488 -0.70150081104428474 0.70792429020341219 0.48245020044552706
decision_type=2 2 2 2
left_child=1 3 -3 -1
right_child=-2 2 -4 -5
leaf_value=0.00018245173564174059 0.0012851586932933108 -1.130293308724493e-06 -7.1154772839200612e-05 -0.0002066206911476946
leaf_weight=324 108 1484 175 51
leaf_count=324 108 1484 175 51
internal_value=0.000208955 7.85869e-06 -0.000435882 0.00196286
internal_weight=2142 2034 1659 375
internal_count=2142 2034 1659 375
is_linear=0
shrinkage=0.04


Tree=111
num_leaves=5
num_cat=0
split_feature=86 15 41 65
split_gain=1.03232 1.12081 1.37165 0.162905
threshold=1.4521309998804488 -1.0140039292550704 -0.87874698717605038 0.19329947645636425
decision_type=2 2 2 2
left_child=1 3 -3 -1
right_child=-2 2 -4 -5
leaf_value=0.0003821591446507023 0.0012337523455615783 -0.00011968558124975313 -5.8494436814373399e-07 0.0001637437973993269
leaf_weight=111 108 123 1740 60
leaf_count=111 108 123 1740 60
internal_value=0.000152985 -5.10804e-05 -0.000336729 0.0030289
internal_weight=2142 2034 1863 171
internal_count=2142 2034 1863 171
is_linear=0
shrinkage=0.04


Tree=112
num_leaves=5
num_cat=0
split_feature=86 15 41 11
split_gain=1.03232 0.958846 1.17675 0.254526
threshold=1.4521309998804488 -1.0140039292550704 -0.87874698717605038 -0.71576685075839108
decision_type=2 2 2 2
left_child=1 3 -3 -1
right_child=-2 2 -4 -5
leaf_value=0.00010322120925434079 0.0011844022517391152 -0.00011489815799976308 -5.6154659341796986e-07 0.00040995861568609594
leaf_weight=40 108 123 1740 131
leaf_count=40 108 123 1740 131
internal_value=0.000152985 -5.10804e-05 -0.000315281 0.00279769
internal_weight=2142 2034 1863 171
internal_count=2142 2034 1863 171
is_linear=0
shrinkage=0.04


Tree=113
num_leaves=5
num_cat=0
split_feature=86 36 68 24
split_gain=1.02214 1.02091 1.45567 0.0595442
threshold=1.4521309998804488 -1.1435434614894817 1.0726828788193665 -0.948885551443718
decision_type=2 2 2 2
left_child=1 3 -3 -1
right_child=-2 2 -4 -5
leaf_value=0.00061710276207577034 0.0011370261616695505 2.6860158229205569e-06 -0.00011695446761128658 0.00023618555705085168
leaf_weight=92 108 1713 189 40
leaf_count=92 108 1713 189 40
internal_value=0.000171642 -3.1434e-05 -0.000268907 0.00334328
internal_weight=2142 2034 1902 132
internal_count=2142 2034 1902 132
is_linear=0
shrinkage=0.04


Tree=114
num_leaves=6
num_cat=0
split_feature=86 86 67 79 0
split_gain=0.972635 1.55081 1.04577 1.03877 0.00781661
threshold=0.98342079915856562 0.96955605960942692 -0.079983767870502584 -1.0605353202775487 0.80713234696604863
decision_type=2 2 2 2 2
left_child=1 2 -1 -2 -5
right_child=3 -3 -4 4 -6
leaf_value=-2.7088058055452913e-05 -0.00020702115003042059 -0.00072814838721598179 3.650339516133589e-05 0.0010796412641815689 0.00072115024290266146
leaf_weight=828 57 45 999 173 40
leaf_count=828 57 45 999 173 40
internal_value=0.000264926 -5.97651e-05 0.000124658 0.0025 0.00377674
internal_weight=2142 1872 1827 270 213
internal_count=2142 1872 1827 270 213
is_linear=0
shrinkage=0.04


Tree=115
num_leaves=5
num_cat=0
split_feature=86 15 94 70
split_gain=1.03232 1.05637 0.957111 0.251874
threshold=1.4521309998804488 -1.0010677923549445 -0.81409987967157937 0.2179074267615238
decision_type=2 2 2 2
left_child=1 3 -3 -1
right_child=-2 2 -4 -5
leaf_value=0.00038388424747014976 0.0010800513256503993 0.00010029255527804705 -1.5175985703951407e-05 0.00010981414662382102
leaf_weight=139 108 432 1422 41
leaf_count=139 108 432 1422 41
internal_value=0.000152985 -5.10804e-05 -0.000336207 0.00285714
internal_weight=2142 2034 1854 180
internal_count=2142 2034 1854 180
is_linear=0
shrinkage=0.04


Tree=116
num_leaves=5
num_cat=0
split_feature=86 32 45 116
split_gain=1.01201 1.00172 1.94062 0.932788
threshold=1.4521309998804488 1.0324560209988858 0.86510742598898027 -0.38163749214411152
decision_type=2 2 2 2
left_child=1 3 -3 -1
right_child=-2 2 -4 -5
leaf_value=-2.7194029822971696e-05 0.0010368492726243832 9.9360598993231345e-06 -0.00028842551026570277 2.9139220266166194e-05
leaf_weight=449 108 109 49 1427
leaf_count=449 108 109 49 1427
internal_value=0.000190299 -1.17877e-05 -0.00305 0.000247071
internal_weight=2142 2034 158 1876
internal_count=2142 2034 158 1876
is_linear=0
shrinkage=0.04


Tree=117
num_leaves=6
num_cat=0
split_feature=59 59 33 39 1
split_gain=0.923174 1.21276 2.36447 1.48014 0.00239824
threshold=2.5945570140217611 0.91060380033200372 0.0196395742815129 0.25850260406659326 0.77313157564046364
decision_type=2 2 2 2 2
left_child=1 3 -3 -1 -2
right_child=4 2 -4 -5 -6
leaf_value=-7.8996536499309212e-06 0.000802849001075059 -7.6527401374178191e-06 -0.0015640348172167421 0.00022149199851587554 0.00021141571539754666
leaf_weight=1247 74 211 71 499 40
leaf_count=1247 74 211 71 499 40
internal_value=0.000115672 -8.27585e-05 -0.00250704 0.000311213 0.00358621
internal_weight=2142 2028 282 1746 114
internal_count=2142 2028 282 1746 114
is_linear=0
shrinkage=0.04


Tree=118
num_leaves=5
num_cat=0
split_feature=82 39 58 67
split_gain=1.19407 1.20967 0.901276 1.08362
threshold=-0.64584115085548299 -0.10592984308619781 1.4397070693923439 0.64619594216432807
decision_type=2 2 2 2
left_child=1 -1 3 -2
right_child=2 -3 -4 -5
leaf_value=2.1627188741351183e-05 6.5929130037780784e-06 -0.00013798468905095232 -0.00036652433930400635 0.00084473316285097562
leaf_weight=43 1857 41 48 153
leaf_count=43 1857 41 48 153
internal_value=0.000152985 -0.00446512 0.000345631 0.000477137
internal_weight=2142 84 2058 2010
internal_count=2142 84 2058 2010
is_linear=0
shrinkage=0.04


Tree=119
num_leaves=5
num_cat=0
split_feature=86 46 4 53
split_gain=1.04255 1.07511 1.6065 1.15547
threshold=1.4521309998804488 -0.57547456085798199 -0.36810951113950724 -0.74999999999999989
decision_type=2 2 2 2
left_child=1 3 -3 -1
right_child=-2 2 -4 -5
leaf_value=-9.4699510984276873e-05 0.0010053649676664215 8.9065270251445573e-05 -3.7346796038636597e-05 0.0002443687933675255
leaf_weight=48 108 541 1024 421
leaf_count=48 108 541 1024 421
internal_value=0.000134329 -7.07268e-05 -0.000574346 0.0016051
internal_weight=2142 2034 1565 469
internal_count=2142 2034 1565 469
is_linear=0
shrinkage=0.04


end of trees

feature_importances:
Column_60=34
Column_86=34
Column_110=33
Column_28=27
Column_40=27
Column_115=24
Column_41=19
Column_33=17
Column_67=17
Column_36=16
Column_53=14
Column_82=14
Column_116=14
Column_59=13
Column_87=13
Column_68=12
Column_80=12
Column_42=11
Column_62=11
Column_8=10
Column_69=10
Column_70=10
Column_81=10
Column_118=10
Column_24=9
Column_4=8
Column_15=8
Column_46=8
Column_84=8
Column_100=8
Column_106=8
Column_10=7
Column_16=7
Column_85=7
Column_94=7
Column_0=6
Column_3=6
Column_31=6
Column_91=6
Column_112=6
Column_18=5
Column_35=5
Column_48=5
Column_63=5
Column_98=5
Column_111=5
Column_7=4
Column_12=4
Column_17=4
Column_26=4
Column_37=4
Column_39=4
Column_45=4
Column_47=4
Column_103=4
Column_2=3
Column_5=3
Column_14=3
Column_25=3
Column_29=3
Column_32=3
Column_34=3
Column_50=3
Column_58=3
Column_64=3
Column_73=3
Column_92=3
Column_93=3
Column_113=3
Column_114=3
Column_1=2
Column_9=2
Column_30=2
Column_44=2
Column_49=2
Column_51=2
Column_72=2
Column_75=2
Column_79=2
Column_102=2
Column_104=2
Column_6=1
Column_11=1
Column_13=1
Column_19=1
Column_20=1
Column_21=1
Column_27=1
Column_38=1
Column_56=1
Column_57=1
Column_65=1
Column_71=1
Column_76=1
Column_77=1
Column_90=1
Column_95=1
Column_96=1
Column_97=1
Column_99=1
Column_105=1
Column_109=1

parameters:
[boosting: gbdt]
[objective: quantile]
[metric: quantile]
[tree_learner: serial]
[device_type: cpu]
[data_sample_strategy: bagging]
[data: ]
[valid: ]
[num_iterations: 120]
[learning_rate: 0.04]
[num_leaves: 15]
[num_threads: 2]
[seed: 42]
[deterministic: 0]
[force_col_wise: 0]
[force_row_wise: 0]
[histogram_pool_size: -1]
[max_depth: 3]
[min_data_in_leaf: 40]
[min_sum_hessian_in_leaf: 0.001]
[bagging_fraction: 0.85]
[pos_bagging_fraction: 1]
[neg_bagging_fraction: 1]
[bagging_freq: 0]
[bagging_seed: 400]
[bagging_by_query: 0]
[feature_fraction: 0.8]
[feature_fraction_bynode: 1]
[feature_fraction_seed: 30056]
[extra_trees: 0]
[extra_seed: 12879]
[early_stopping_round: 0]
[early_stopping_min_delta: 0]
[first_metric_only: 0]
[max_delta_step: 0]
[lambda_l1: 0]
[lambda_l2: 2]
[linear_lambda: 0]
[min_gain_to_split: 0]
[drop_rate: 0.1]
[max_drop: 50]
[skip_drop: 0.5]
[xgboost_dart_mode: 0]
[uniform_drop: 0]
[drop_seed: 17869]
[top_rate: 0.2]
[other_rate: 0.1]
[min_data_per_group: 100]
[max_cat_threshold: 32]
[cat_l2: 10]
[cat_smooth: 10]
[max_cat_to_onehot: 4]
[top_k: 20]
[monotone_constraints: ]
[monotone_constraints_method: basic]
[monotone_penalty: 0]
[feature_contri: ]
[forcedsplits_filename: ]
[refit_decay_rate: 0.9]
[cegb_tradeoff: 1]
[cegb_penalty_split: 0]
[cegb_penalty_feature_lazy: ]
[cegb_penalty_feature_coupled: ]
[path_smooth: 0]
[interaction_constraints: ]
[verbosity: -1]
[saved_feature_importance_type: 0]
[use_quantized_grad: 0]
[num_grad_quant_bins: 4]
[quant_train_renew_leaf: 0]
[stochastic_rounding: 1]
[linear_tree: 0]
[max_bin: 255]
[max_bin_by_feature: ]
[min_data_in_bin: 3]
[bin_construct_sample_cnt: 200000]
[data_random_seed: 175]
[is_enable_sparse: 1]
[enable_bundle: 1]
[use_missing: 1]
[zero_as_missing: 0]
[feature_pre_filter: 1]
[pre_partition: 0]
[two_round: 0]
[header: 0]
[label_column: ]
[weight_column: ]
[group_column: ]
[ignore_column: ]
[categorical_feature: ]
[forcedbins_filename: ]
[precise_float_parser: 0]
[parser_config_file: ]
[objective_seed: 16083]
[num_class: 1]
[is_unbalance: 0]
[scale_pos_weight: 1]
[sigmoid: 1]
[boost_from_average: 1]
[reg_sqrt: 0]
[alpha: 0.1]
[fair_c: 1]
[poisson_max_delta_step: 0.7]
[tweedie_variance_power: 1.5]
[lambdarank_truncation_level: 30]
[lambdarank_norm: 1]
[label_gain: ]
[lambdarank_position_bias_regularization: 0]
[eval_at: ]
[multi_error_top_k: 1]
[auc_mu_weights: ]
[num_machines: 1]
[local_listen_port: 12400]
[time_out: 120]
[machine_list_filename: ]
[machines: ]
[gpu_platform_id: -1]
[gpu_device_id: -1]
[gpu_device_id_list: ]
[gpu_use_dp: 0]
[num_gpu: 1]

end of parameters

pandas_categorical:null
