tree
version=v4
num_class=1
num_tree_per_iteration=1
label_index=0
max_feature_idx=118
objective=binary sigmoid:1
feature_names=Column_0 Column_1 Column_2 Column_3 Column_4 Column_5 Column_6 Column_7 Column_8 Column_9 Column_10 Column_11 Column_12 Column_13 Column_14 Column_15 Column_16 Column_17 Column_18 Column_19 Column_20 Column_21 Column_22 Column_23 Column_24 Column_25 Column_26 Column_27 Column_28 Column_29 Column_30 Column_31 Column_32 Column_33 Column_34 Column_35 Column_36 Column_37 Column_38 Column_39 Column_40 Column_41 Column_42 Column_43 Column_44 Column_45 Column_46 Column_47 Column_48 Column_49 Column_50 Column_51 Column_52 Column_53 Column_54 Column_55 Column_56 Column_57 Column_58 Column_59 Column_60 Column_61 Column_62 Column_63 Column_64 Column_65 Column_66 Column_67 Column_68 Column_69 Column_70 Column_71 Column_72 Column_73 Column_74 Column_75 Column_76 Column_77 Column_78 Column_79 Column_80 Column_81 Column_82 Column_83 Column_84 Column_85 Column_86 Column_87 Column_88 Column_89 Column_90 Column_91 Column_92 Column_93 Column_94 Column_95 Column_96 Column_97 Column_98 Column_99 Column_100 Column_101 Column_102 Column_103 Column_104 Column_105 Column_106 Column_107 Column_108 Column_109 Column_110 Column_111 Column_112 Column_113 Column_114 Column_115 Column_116 Column_117 Column_118
feature_infos=[-6.156096696400521:6.6138237006096681] [-5.7003301740194008:5.5365903826259038] [-4.9416341769486776:4.221065308726824] [-4.3839386257828181:3.8638757137101596] [-3.6326686621750341:2.1634476153030042] [-2.5761122489336747:2.3746244508326697] [-4.2752775832583785:4.0167955351832685] [-1.3585723580383116:6.5985573476824211] [-1.6749806132939884:1.632373972225277] [-3.5893270314631094:2.2019504522214808] [-1.4807851208443914:5.2351487630192501] [-2.443761123349308:2.1349332502796741] [-2.5388493856459302:2.4483934173122912] [-1.4394187293345406:3.9076763663910365] [-2.8090076018281249:2.6121876092653595] [-1.5810913861863538:1.6249771909307384] [-1.7720711570211227:1.7866918465798602] [-0.95293335421993663:0.77426825424013579] [-1.0013864130356334:0.78181316715985694] [-0.95293335421993663:0.77426825424013601] [-2.2464902526284249:1.6683890972405564] [-4.0522358923420851:4.1566845964698009] [-3.2857281774093026:2.3040649072395425] [-2.3218292314234894:2.6087983128777923] [-2.1336504288114715:1.5693990188377376] [-2.1600584107931988:1.5732670010982612] [-3.3662261204192028:2.028852569054215] [-1.7888544134102788:1.4175640421566904] [-1.1671542518122415:3.6117380643299124] [-3.7374055630545842:4.3114375546118859] [-3.7193862889775984:4.5335198523011524] [-3.0693039988366047:3.271850881151265] [-3.204483742689181:3.4529719397485437] [-1.9854198973303003:2.0976702437743358] [-2.2152825269608782:2.2452521119500877] [-1.7377527458242907:1.7645154979379585] [-1.8124202436297805:1.8529826568831333] [-1.5797511010932721:3.8724590738963447] [-1.4908263667832495:5.088993800707116] [-1.4369395901025588:3.7888377782503415] [-1.1511450082483394:3.1160388445078389] [-1.6693899279878688:1.4366520887002938] [-1.9638785354400508:1.718468648215898] [-1.88132812027623:13.850380891923276] [-181.57755859011118:162.11245753981683] [-391.18265152617522:129.20761426048361] [-320.47556800997518:75.213159941439855] [-1.371304538718422:2.8299223547866799] [-1.9425948513538505:1.9980171936644997] [-1.1971328262373895:9.0773491309800356] [-4.8832652413953603:4.4498757904459376] [-8.9723613372893141:6.6682131180395734] [-1:1] [-0.83333333333333337:1] [0:1] [0:1] [-6.4663066053559541:3.3591872379133894] [-3.0276726075692078:2.2857280765950758] [-2.3488956184251504:2.1894960706509168] [-1.0512762068780064:3.1145948721259757] [-2.3122831931163366:1.8484574586179099] [-2.7232452109524798:0.55714932535007444] [-4.5578693528172343:3.6987864195964453] [-3.2157318140505926:2.4196790753429815] [-2.8865701670724353:2.0280324842429964] [-3.0080503649112194:3.939765824426702] [-3.3982558998806782:2.2566279941814482] [-2.2710865770914284:1.5804441979941017] [-0.95776159874724809:2.108034306205147] [-2.0236842535666373:1.2360925958467075] [-1.3589832808823605:0.36533958855456244] [-4.5664178172214216:7.2024287889489162] [-4.2111491478732486:5.8735873963297234] [-2.4780304475573738:4.2654164863335646] [-1.2918038204178004:4.8985465250259947] [-1.2006919773720826:7.8925489307411647] [-1.029594942988908:2.3302838252491487] [-6.5528230564549537:6.7354739339773824] [-4.5622300765513106:3.5368149246326781] [-3.3287502146029788:3.7006325912046063] [-1.2067735971875637:3.5087395416326719] [-1.7442181362781004:4.3487276686804082] [-0.77541558699533042:1.9893805033189704] [-11.02619625659719:10.806093126843889] [-5.9153669924072565:5.1779533506593935] [-3.5815563724407742:3.957926503947895] [-0.99724534580123125:3.0673568468649508] [-2.1486586674357042:4.2142272754045189] [-1.3377628130305743:0.74375040937073489] [-3.9625248960789232:2.9736406631417212] [-3.44776787116554:3.0457122523279616] [-2.5205677702860809:1.7307427225510545] [-1.2365097022943334:3.0439353552775485] [-2.0057804915198729:1.8578742322407795] [-1.4059940218372737:0.48390759882441903] [-5.256791746558318:2.6349571777682499] [-3.9996495544768913:3.4091893000073226] [-1.8135644457879121:2.7074268154103791] [-1.4204806479623484:4.0879877913429166] [-1.6550917126338591:4.3501408892639244] [-1.4665957315105267:1.1797352980556191] [-4.2723392029740692:2.4470728331712635] [-3.7604727037514114:3.4895921323255434] [-1.8936116257378246:2.5852528233984593] [-1.4658998497248601:3.9169424390878329] [-1.5070202220762441:3.7329675670751419] [-1.443217874094016:1.112407268949001] [-2.8439730441404238:3.7380586372606208] [-2.2671388469704197:2.7021675438863757] [-2.0290451533247555:2.0820636079967989] [-1.4914280711076389:2.1192124873476539] [-1.4651634408430974:1.8889940547627573] [-2.15559161453585:0.57026398042336168] [-3.0701769662561604:3.2681101553412524] [-2.7422125173962346:3.5222464429384126] [-1.6416451065413302:2.3522909382889776] [-0.88524450631354912:2.9599739295147596] [-1.4026951997252088:2.313305708091014] [-1.3662122841290252:0.98891009647358608]
tree_sizes=863 991 887 991 887 894 888 991 890 890 892 893 891 883 993 999 1002 1000 889 994 893 890 795 900 993 890 886 891 991 991 688 893 998 895 683 686 1000 891 890 894 997 899 680 682 897 894 993 889 682 999 893 685 794 893 893 790 684 792 687 691 888 898 1004 897 891 997 689 687 793 793 791 886 690 892 1005 787 893 797 688 689 787 787 790 789 584 894 681 792 896 792 997 897 687 687 890 796 674 1002 896 692 694 792 788 786 789 791 797 690 683 901 685 897 785 1005 893 887 1001 898 690 796

Tree=0
num_leaves=7
num_cat=0
split_feature=115 59 74 33 82 73
split_gain=46.9178 37.0862 33.9449 25.9408 15.2972 4.98909
threshold=-0.7431877101277502 2.6009074686127218 -0.055858370920278018 1.1179178929282818 -0.37448270841824677 -0.077608491130530768
decision_type=2 2 2 2 2 2
left_child=3 2 -2 4 -1 -3
right_child=1 5 -4 -5 -6 -7
leaf_value=0.15369421381511608 0.15546315980758899 0.16522507496904859 0.13252323118883536 0.1271088017003181 0.19758676322274482 0.2030298149367174
leaf_weight=16.903921902179718 181.21998627483845 11.186418905854227 235.66055828332901 12.180767253041266 52.949049487709999 15.660986468195913
leaf_count=68 729 45 948 49 213 63
internal_value=0.150639 0.14547 0.142471 0.178054 0.187346 0.189381
internal_weight=525.762 443.728 416.881 82.0337 69.853 26.8474
internal_count=2115 1785 1677 330 281 108
is_linear=0
shrinkage=1


Tree=1
num_leaves=8
num_cat=0
split_feature=115 59 92 93 110 82 73
split_gain=43.3724 34.5368 30.8725 26.6282 17.4317 6.28186 4.67672
threshold=-0.7431877101277502 2.6009074686127218 1.2092119464559088 -1.1160152670038326 0.881893013340875 -0.21996146815627177 -0.077608491130530768
decision_type=2 2 2 2 2 2 2
left_child=3 2 -2 4 -1 -5 -3
right_child=1 6 -4 5 -6 -7 -8
leaf_value=0.023080562934900409 -0.010980826466678703 0.014105319683740757 0.029188893459276721 0.010415032640187458 -0.039529310322243702 0.047057182153901367 0.050744153667587222
leaf_weight=12.666230842471125 385.79050236940384 11.173568442463877 31.32519668340683 10.424367561936377 11.933450341224669 46.81024169921875 15.588800445199011
leaf_count=51 1551 45 126 42 48 189 63
internal_value=1.29036e-05 -0.00495021 -0.00783921 0.0264092 -0.00798035 0.0409604 0.0374916
internal_weight=525.712 443.878 417.116 81.8343 24.5997 57.2346 26.7624
internal_count=2115 1785 1677 330 99 231 108
is_linear=0
shrinkage=0.04


Tree=2
num_leaves=7
num_cat=0
split_feature=115 87 36 106 116 11
split_gain=42.1404 43.9669 29.8111 26.2025 21.8909 17.3651
threshold=0.42278698494638073 2.5758003228250281 0.2857389760309566 0.76411318575054754 0.77632522349211319 -1.0345134510924743
decision_type=2 2 2 2 2 2
left_child=2 4 3 -1 -2 -4
right_child=1 -3 5 -5 -6 -7
leaf_value=0.020355674854319702 -0.035486912725267244 0.054998634016095373 -0.048693660833646443 -0.028573600126039437 -0.002481164764836332 -0.0021793770785527274
leaf_weight=207.55692453682423 89.6420888453722 10.409344553947447 12.181771442294119 17.372541829943657 50.01871682703495 138.40115548670292
leaf_count=836 360 42 49 70 201 557
internal_value=3.20615e-05 -0.0177462 0.00719335 0.0163581 -0.023868 -0.0065312
internal_weight=525.583 150.07 375.512 224.929 139.661 150.583
internal_count=2115 603 1512 906 561 606
is_linear=0
shrinkage=0.04


Tree=3
num_leaves=8
num_cat=0
split_feature=115 59 74 93 110 73 108
split_gain=39.0521 32.0171 29.3848 24.5377 16.1391 5.36661 4.63618
threshold=-0.7431877101277502 2.6009074686127218 -0.055858370920278018 -1.1160152670038326 0.881893013340875 0.29459617626191653 -0.16131321459189951
decision_type=2 2 2 2 2 2 2
left_child=3 2 -2 4 -1 -5 -3
right_child=1 6 -4 5 -6 -7 -8
leaf_value=0.022121464976651347 0.0046456715648863604 0.012082927390284983 -0.016690218387625449 0.045350793511272823 -0.038129624405849827 0.012486118932706633 0.048672007734664499
leaf_weight=12.63343431055546 181.12073960900307 10.370815470814707 236.1685244590044 45.059007868170738 11.961658492684363 11.8440815359354 16.281071290373802
leaf_count=51 729 42 948 183 48 48 66
internal_value=2.51567e-05 -0.00467576 -0.00745158 0.0251309 -0.00784505 0.0391664 0.0362717
internal_weight=525.439 443.941 417.289 81.4982 24.5951 56.9031 26.6519
internal_count=2115 1785 1677 330 99 231 108
is_linear=0
shrinkage=0.04


Tree=4
num_leaves=7
num_cat=0
split_feature=115 87 100 116 74 116
split_gain=36.7479 40.3434 31.407 31.183 20.4986 20.0282
threshold=0.42278698494638073 2.5758003228250281 0.68126761410172088 -0.80852900875756439 1.0327592915014232 0.77632522349211319
decision_type=2 2 2 2 2 2
left_child=2 5 3 -1 -4 -2
right_child=1 -3 4 -5 -6 -7
leaf_value=-0.05228135213453744 -0.033483683358484007 0.053317963972286178 -0.05751926734026834 0.012289302810415738 0.010468464505891457 -0.0019523519400480914
leaf_weight=10.456408083438872 89.859946891665459 10.343935757875441 17.183701664209369 336.87196359038353 10.406916186213492 50.05348214507103
leaf_count=42 360 42 69 1359 42 201
internal_value=3.87511e-05 -0.0165462 0.00673808 0.0100572 -0.0329007 -0.02239
internal_weight=525.176 150.257 374.919 347.328 27.5906 139.913
internal_count=2115 603 1512 1401 111 561
is_linear=0
shrinkage=0.04


Tree=5
num_leaves=7
num_cat=0
split_feature=86 117 70 116 32 81
split_gain=33.0238 33.752 25.7451 25.6467 23.6197 3.58545
threshold=1.0025188603127642 0.13698759434580354 -1.1112432905261789 -0.80852900875756439 0.56404195670804358 -1.0000000180025095e-35
decision_type=2 2 2 2 2 2
left_child=1 3 -3 -1 5 -2
right_child=4 2 -4 -5 -6 -7
leaf_value=-0.050417289815962406 0.022544045168197743 0.028610118401655997 -0.020482891504349836 0.0083247416275433177 -0.0091656403996159229 0.053239893602431851
leaf_weight=10.482640996575354 13.600687369704245 17.107759818434715 181.04218459129333 257.85585974156857 18.302582532167435 26.502108052372932
leaf_count=42 55 69 726 1041 74 108
internal_value=2.73293e-05 -0.00356181 -0.0160008 0.00567397 0.0278628 0.044395
internal_weight=524.894 466.488 198.15 268.339 58.4054 40.1028
internal_count=2115 1878 795 1083 237 163
is_linear=0
shrinkage=0.04


Tree=6
num_leaves=7
num_cat=0
split_feature=115 87 115 36 82 2
split_gain=33.6234 29.2415 29.9807 22.768 16.4345 9.71703
threshold=-0.7431877101277502 2.2346731918441463 0.38689601552496111 0.79981876243174477 -0.50331774464835755 0.32913296813690007
decision_type=2 2 2 2 2 2
left_child=3 2 -2 4 -1 -3
right_child=1 5 -4 -5 -6 -7
leaf_value=-0.013539244682278018 0.0006792712924857476 0.05679111408506423 -0.021967220033336711 -0.029154492364307755 0.039048328243783008 0.0049724717599443106
leaf_weight=10.176223918795584 282.29853248596191 13.732524931430818 137.79144287109375 9.9145986437797529 60.857582524418831 9.8202885091304761
leaf_count=41 1137 56 552 40 249 40
internal_value=3.18894e-05 -0.00432066 -0.00681777 0.0234153 0.0313502 0.0372657
internal_weight=524.591 443.643 420.09 80.9484 71.0338 23.5528
internal_count=2115 1785 1689 330 290 96
is_linear=0
shrinkage=0.04


Tree=7
num_leaves=8
num_cat=0
split_feature=115 59 87 93 98 82 57
split_gain=31.0765 27.719 24.572 21.7691 14.4647 5.66647 4.41696
threshold=-0.7431877101277502 2.6009074686127218 2.2346731918441463 -1.1160152670038326 0.036553249251447179 -0.21996146815627177 0.66643904618164973
decision_type=2 2 2 2 2 2 2
left_child=3 2 -2 4 -1 -5 -3
right_child=1 6 -4 5 -6 -7 -8
leaf_value=0.018683417600189673 -0.0089834551595837902 0.046263981709707552 0.033983339331161537 0.0074176701297605134 -0.038599550917861089 0.041789547508054366 0.010741928596331088
leaf_weight=13.331194356083872 396.62005886435509 16.099037393927578 20.552005663514137 10.310779422521589 11.200445398688315 45.771575748920441 10.307218343019484
leaf_count=54 1593 66 84 42 45 189 42
internal_value=3.70996e-05 -0.00414081 -0.00671465 0.0225698 -0.00840853 0.0359433 0.0341311
internal_weight=524.192 443.578 417.172 80.614 24.5316 56.0824 26.4063
internal_count=2115 1785 1677 330 99 231 108
is_linear=0
shrinkage=0.04


Tree=8
num_leaves=7
num_cat=0
split_feature=115 87 100 36 73 57
split_gain=29.4545 32.8607 28.5749 29.6833 18.6007 18.0531
threshold=0.42278698494638073 2.5758003228250281 0.68126761410172088 0.29506540837796041 0.47502896363314467 -1.5230748650449903
decision_type=2 2 2 2 2 2
left_child=2 5 3 -1 -4 -2
right_child=1 -3 4 -5 -6 -7
leaf_value=0.018761961214971083 0.02283102298756267 0.049004957186835812 -0.055102286789607387 -0.0050343598369306996 0.0098019871740879158 -0.024572832923392737
leaf_weight=207.27587807178497 12.707222878932951 10.074977561831473 17.227528482675556 138.80199839174747 10.331930488348005 127.34251974523067
leaf_count=841 51 42 69 560 42 510
internal_value=5.35931e-05 -0.0147957 0.00606695 0.00924385 -0.0317531 -0.0200108
internal_weight=523.762 150.125 373.637 346.078 27.5595 140.05
internal_count=2115 603 1512 1401 111 561
is_linear=0
shrinkage=0.04


Tree=9
num_leaves=7
num_cat=0
split_feature=86 82 74 32 2 46
split_gain=27.8539 27.8101 38.8318 20.8103 4.97133 4.3815
threshold=1.0025188603127642 -0.61582515005078076 -0.055858370920278018 0.56404195670804358 0.46182540072048262 -0.16064373497468157
decision_type=2 2 2 2 2 2
left_child=1 5 -3 4 -2 -1
right_child=3 2 -4 -5 -6 -7
leaf_value=-0.020491957481661945 0.04945618057356177 0.012231096612832693 -0.011488715662591933 -0.0088962679545731647 0.013397407383733993 -0.060820137804197129
leaf_weight=10.709006041288378 29.559497192502022 196.96322762966156 246.18523028492928 18.286059364676476 9.9035425782203657 11.695858642458914
leaf_count=43 122 798 990 74 41 47
internal_value=5.44659e-05 -0.00323216 -0.000938543 0.0257714 0.0414897 -0.0448032
internal_weight=523.302 465.553 443.148 57.7491 39.463 22.4049
internal_count=2115 1878 1788 237 163 90
is_linear=0
shrinkage=0.04


Tree=10
num_leaves=7
num_cat=0
split_feature=86 82 74 79 30 46
split_gain=25.9381 25.9081 35.8278 20.0919 10.3016 4.06283
threshold=1.0025188603127642 -0.61582515005078076 -0.055858370920278018 -1.0573830993280202 0.50600837719580249 -0.16064373497468157
decision_type=2 2 2 2 2 2
left_child=1 5 -3 -2 -5 -1
right_child=3 2 -4 4 -6 -7
leaf_value=-0.019786683301620315 -0.017532366547219576 0.011761358844696042 -0.01102804099387826 0.050302854543147139 0.0089487647184992442 -0.05861434666989257
leaf_weight=10.718177258968355 12.646740704774855 196.72143490612507 246.29163490235806 29.49683889746666 15.344044893980024 11.725142955780028
leaf_count=43 51 798 990 123 63 47
internal_value=4.89949e-05 -0.00311703 -0.000900954 0.0249261 0.0371383 -0.0432077
internal_weight=522.944 465.456 443.013 57.4876 44.8409 22.4433
internal_count=2115 1878 1788 237 186 90
is_linear=0
shrinkage=0.04


Tree=11
num_leaves=7
num_cat=0
split_feature=86 118 16 82 5 30
split_gain=24.1481 25.3525 26.8886 20.7332 18.8928 7.29124
threshold=1.0025188603127642 0.066478858568325264 -0.71073722331958467 -0.58856217326897509 0.86456463236427172 0.4324671191953085
decision_type=2 2 2 2 2 2
left_child=1 3 -3 -1 5 -2
right_child=4 2 -4 -5 -6 -7
leaf_value=-0.034230264850609829 0.046788393126568011 0.012853619520326796 -0.021651186470303254 0.0081680289787985083 -0.020435526554784041 0.012420574906443936
leaf_weight=17.958335295319557 29.038768336176872 45.573069110512733 153.86093623936176 247.91988109052181 10.915754541754721 17.227391690015793
leaf_count=72 122 183 618 1005 44 71
internal_value=4.23547e-05 -0.00300637 -0.0137171 0.00507012 0.0241143 0.0350363
internal_weight=522.494 465.312 199.434 265.878 57.1819 46.2662
internal_count=2115 1878 801 1077 237 193
is_linear=0
shrinkage=0.04


Tree=12
num_leaves=7
num_cat=0
split_feature=115 69 115 36 93 44
split_gain=26.5751 23.4425 22.2962 19.9322 14.9111 3.22008
threshold=-0.7431877101277502 -1.4873064838238561 0.42278698494638073 0.79981876243174477 -1.3366526801107883 0.27581388026992837
decision_type=2 2 2 2 2 2
left_child=3 5 -3 4 -1 -2
right_child=1 2 -4 -5 -6 -7
leaf_value=-0.013554741423350104 0.047075452014160128 0.00034836496650154962 -0.019290852206689222 -0.028031558586902931 0.036140206158316625 0.014581962389653161
leaf_weight=10.38255427777767 11.919183671474459 283.79506415128708 135.16008105874062 9.9206487089395505 59.37955941259861 11.499696001410483
leaf_count=42 49 1146 543 40 248 47
internal_value=4.19865e-05 -0.00381271 -0.00604904 0.0210114 0.0285726 0.0335225
internal_weight=522.057 442.374 418.955 79.6828 69.7621 23.4189
internal_count=2115 1785 1689 330 290 96
is_linear=0
shrinkage=0.04


Tree=13
num_leaves=7
num_cat=0
split_feature=87 117 60 80 68 2
split_gain=23.427 34.3818 28.743 20.3691 12.7406 7.43757
threshold=1.5501566831624995 0.13698759434580354 0.57628707351435315 -0.8502577601629111 1.2774747058662661 0.46666063697831056
decision_type=2 2 2 2 2 2
left_child=1 2 -1 -3 5 -2
right_child=4 3 -4 -5 -6 -7
leaf_value=0.014623541879486217 0.049809782513223128 0.026669172018513956 -0.013215440184631591 -0.019572355556118852 -0.0069911341078683535 0.012403095843241826
leaf_weight=193.10204796493053 23.201508611440659 14.93216188251972 83.478922709822655 177.27267909049988 14.135671481490133 15.399238049983976
leaf_count=786 98 60 339 711 57 64
internal_value=4.67964e-05 -0.00283309 0.0061865 -0.0157423 0.0248149 0.036233
internal_weight=521.522 468.786 276.581 192.205 52.7364 38.6007
internal_count=2115 1896 1125 771 219 162
is_linear=0
shrinkage=0.04


Tree=14
num_leaves=8
num_cat=0
split_feature=81 79 80 86 28 78 30
split_gain=22.2 33.7595 21.2729 19.4332 23.5825 16.9342 4.54076
threshold=0.064994347940069475 -0.62897087967190102 -0.8502577601629111 1.0025188603127642 -0.35475504388452267 -0.094920282283851728 0.50600837719580249
decision_type=2 2 2 2 2 2 2
left_child=1 5 -3 4 -2 -1 -5
right_child=3 2 -4 6 -6 -7 -8
leaf_value=-0.00084501159443862246 -0.016882011438041331 0.024213658503266063 -0.023632281132255524 0.049494931384422645 0.012656789195919662 0.032580062448073072 0.013005198552775746
leaf_weight=82.054168835282326 57.764013767242432 14.86576373875141 150.12471069395542 18.88856148719788 155.05817008018494 32.368926852941513 9.8543875813484174
leaf_count=333 233 60 606 82 628 132 41
internal_value=5.5461e-05 -0.00759721 -0.019083 0.00889685 0.00455686 0.00900779 0.0386445
internal_weight=520.979 279.414 164.99 241.565 212.822 114.423 28.7429
internal_count=2115 1131 666 984 861 465 123
is_linear=0
shrinkage=0.04


Tree=15
num_leaves=8
num_cat=0
split_feature=115 84 88 74 93 110 82
split_gain=23.3165 21.5205 21.2915 20.7263 17.7924 12.9915 4.6365
threshold=-0.7431877101277502 0.85939960706665885 0.52129366951096012 -0.1370723087304426 -1.1160152670038326 0.881893013340875 -0.21996146815627177
decision_type=2 2 2 2 2 2 2
left_child=4 2 -2 -3 5 -1 -6
right_child=1 3 -4 -5 6 -7 -8
leaf_value=0.019136647641646555 -0.0027045572579179502 0.040516802109363294 -0.026404073480478157 -0.00027487624384884196 0.0063892202944255006 -0.035147695095600548 0.037569218891486303
leaf_weight=12.417690411210062 281.67727056145668 29.124949052929878 75.498797312378883 55.33369068801403 10.243380561470984 11.972654283046721 44.33342333137989
leaf_count=51 1137 120 303 225 42 48 189
internal_value=6.80331e-05 -0.00353485 -0.00783322 0.0144037 0.0198072 -0.00815451 0.0321499
internal_weight=520.602 441.635 357.176 84.4586 78.9671 24.3903 54.5768
internal_count=2115 1785 1440 345 330 99 231
is_linear=0
shrinkage=0.04


Tree=16
num_leaves=8
num_cat=0
split_feature=87 112 105 81 86 74 29
split_gain=20.9652 30.3838 25.0066 24.0746 13.3305 10.9606 4.17637
threshold=1.2895669325306154 -0.13088272795992992 -0.62369373172719011 -0.097619605209784188 0.86537115033658596 -0.13326919082392316 0.62109253570515344
decision_type=2 2 2 2 2 2 2
left_child=1 3 -3 -1 5 -2 -6
right_child=4 2 -4 -5 6 -7 -8
leaf_value=-0.030987899987359135 0.033987067154071175 0.032930193297619183 -0.00011197387119536289 7.6873058754660311e-05 0.050689962463041083 -0.011944092873735677 0.015731173332773993
leaf_weight=86.279927209019661 10.45830726623535 40.742775931954384 256.86555789411068 72.840388610959053 19.016884818673137 23.079565435647964 10.701523914933203
leaf_count=348 45 171 1038 294 82 93 44
internal_value=7.22415e-05 -0.00294578 0.00460115 -0.016943 0.0212857 0.00348554 0.0398871
internal_weight=519.985 456.729 297.608 159.12 63.2563 33.5379 29.7184
internal_count=2115 1851 1209 642 264 138 126
is_linear=0
shrinkage=0.04


Tree=17
num_leaves=8
num_cat=0
split_feature=87 112 105 81 86 74 29
split_gain=19.6034 28.0653 23.3023 22.2172 12.5323 10.2841 3.99376
threshold=1.2895669325306154 -0.13088272795992992 -0.62369373172719011 -0.097619605209784188 0.86537115033658596 -0.13326919082392316 0.62109253570515344
decision_type=2 2 2 2 2 2 2
left_child=1 3 -3 -1 5 -2 -6
right_child=4 2 -4 -5 6 -7 -8
leaf_value=-0.029766212878741288 0.033104916247985824 0.031872351397272833 -0.00010752818139840173 7.3880143712242238e-05 0.049453641988390092 -0.011496570888375435 0.015229363154404676
leaf_weight=86.309575289487839 10.362752199172972 40.482910975813866 256.86734481155872 72.840246722102165 18.767651513218883 23.096351876854897 10.678350582718847
leaf_count=348 45 171 1038 294 82 93 44
internal_value=8.42865e-05 -0.00282861 0.00443024 -0.0162775 0.0206589 0.00340522 0.0388005
internal_weight=519.405 456.5 297.35 159.15 62.9051 33.4591 29.446
internal_count=2115 1851 1209 642 264 138 126
is_linear=0
shrinkage=0.04


Tree=18
num_leaves=7
num_cat=0
split_feature=115 59 4 33 97 108
split_gain=20.407 19.76 19.8971 17.5932 10.1071 4.21681
threshold=-0.7431877101277502 2.6009074686127218 0.27891745033335508 1.1179178929282818 -1.0815735256789247 -0.16131321459189951
decision_type=2 2 2 2 2 2
left_child=3 2 -2 4 -1 -3
right_child=1 5 -4 -5 -6 -7
leaf_value=-0.0076225239117525901 0.00051527105846681535 0.0073204655969494568 -0.018272189521115756 -0.022908078522847437 0.033487860783385205 0.041562235607797537
leaf_weight=10.701735526323317 285.42875024676323 10.08429490029812 129.78875705599785 12.102601125836371 55.177674546837807 15.477008968591688
leaf_count=45 1152 42 525 49 236 66
internal_value=9.55449e-05 -0.00326375 -0.00541676 0.0186901 0.0267819 0.0295649
internal_weight=518.761 440.779 415.218 77.982 65.8794 25.5613
internal_count=2115 1785 1677 330 281 108
is_linear=0
shrinkage=0.04


Tree=19
num_leaves=8
num_cat=0
split_feature=87 91 4 112 68 81 1
split_gain=18.2099 27.7969 23.3458 16.1579 11.1019 9.45797 8.34002
threshold=1.2895669325306154 0.21022602174774963 0.35758029752913711 -0.13088272795992992 1.2608308388272795 0.21681089693109959 0.65603897169257419
decision_type=2 2 2 2 2 2 2
left_child=1 2 -1 -3 6 -6 -2
right_child=4 3 -4 -5 5 -7 -8
leaf_value=0.012634285510622449 0.04533686149548094 -0.028724964498389446 -0.010640059605957439 -0.0031489959977913148 -0.024539333081123108 0.021567299836510574 0.0050015760772373257
leaf_weight=194.01127454638481 25.490252628922462 79.05831415951252 104.55491335690022 78.207115083932877 11.964930087327959 12.524549812078474 12.463439881801603
leaf_count=791 112 318 427 315 48 51 53
internal_value=9.79669e-05 -0.00270461 0.00446727 -0.0162055 0.0200056 -0.00111119 0.0330048
internal_weight=518.275 455.832 298.566 157.265 62.4432 24.4895 37.9537
internal_count=2115 1851 1218 633 264 99 165
is_linear=0
shrinkage=0.04


Tree=20
num_leaves=7
num_cat=0
split_feature=115 59 18 36 93 108
split_gain=18.5439 18.0956 20.6048 16.7391 11.0218 3.95544
threshold=-0.7431877101277502 2.6009074686127218 0.48892079038224634 0.79981876243174477 -1.3366526801107883 -0.16131321459189951
decision_type=2 2 2 2 2 2
left_child=3 2 -2 4 -1 -3
right_child=1 5 -4 -5 -6 -7
leaf_value=-0.0111609074930736 -0.00076174177877355229 0.0069507592444850511 -0.023181707023373063 -0.026891875927070898 0.031762943380402191 0.040186741009230788
leaf_weight=10.372738584876059 335.30776415765285 10.049622774124147 79.580477476119995 9.9016635566949827 57.170363053679466 15.262862846255301
leaf_count=42 1356 42 321 40 248 66
internal_value=9.7474e-05 -0.00309955 -0.00515274 0.0178901 0.0250396 0.0284665
internal_weight=517.645 440.201 414.888 77.4448 67.5431 25.3125
internal_count=2115 1785 1677 330 290 108
is_linear=0
shrinkage=0.04


Tree=21
num_leaves=7
num_cat=0
split_feature=106 67 36 91 28 35
split_gain=18.086 28.2551 18.4768 29.047 19.3406 17.3513
threshold=0.84889502743457779 -0.61607660992221891 0.262328026002632 0.032365468232090182 -0.3642400851593896 -0.53074653726233534
decision_type=2 2 2 2 2 2
left_child=2 5 3 -1 -4 -2
right_child=1 -3 4 -5 -6 -7
leaf_value=0.022213260478548161 0.0374365036250561 -0.05544206817154998 -0.028120812810919205 -0.0028020341813457684 0.00075358687705543424 -0.026398933686075519
leaf_weight=133.15321128070354 11.936778679490091 20.855852335691452 50.736571907997131 163.9974369853735 124.97387616336346 11.404726773500441
leaf_count=551 50 84 205 672 507 46
internal_value=9.71983e-05 -0.0237958 0.00242124 0.00848089 -0.00780657 0.00662446
internal_weight=517.058 44.1974 472.861 297.151 175.71 23.3415
internal_count=2115 180 1935 1223 712 96
is_linear=0
shrinkage=0.04


Tree=22
num_leaves=6
num_cat=0
split_feature=82 74 100 81 37
split_gain=17.5679 24.1016 30.1952 24.0107 6.59623
threshold=-0.61582515005078076 -0.055858370920278018 0.68352479494635443 -1.0000000180025095e-35 -0.34843515759440624
decision_type=2 2 2 2 2
left_child=4 2 -2 -3 -1
right_child=1 3 -4 -5 -6
leaf_value=-0.0050560691279706929 0.015220102175448478 -0.019465662508556761 -0.047331229226819378 0.004338308642213148 -0.046635504931089311
leaf_weight=10.403013765811922 208.05976510047913 118.79288400709629 11.196156308054922 153.2250718921423 14.886860385537146
leaf_count=42 861 480 45 627 60
internal_value=8.56284e-05 0.00181368 0.011627 -0.00612332 -0.0311558
internal_weight=516.564 491.274 219.256 272.018 25.2899
internal_count=2115 2013 906 1107 102
is_linear=0
shrinkage=0.04


Tree=23
num_leaves=7
num_cat=0
split_feature=37 28 118 81 32 88
split_gain=17.0054 23.5665 23.68 22.1299 21.4522 11.2886
threshold=-0.86012740900010576 -0.43095569928636651 -0.0046028230003293475 -1.0000000180025095e-35 0.36964487616579622 0.38365853345224549
decision_type=2 2 2 2 2 2
left_child=4 2 -2 -3 5 -1
right_child=1 3 -4 -5 -6 -7
leaf_value=0.050374511846922161 0.00062845489044875149 -0.0078725607130194948 -0.039369891126362119 0.011623623623495625 -0.014808341913047781 0.0014620000065723867
leaf_weight=26.588803291320801 45.287239909172058 180.25008043646812 47.498596459627151 188.6470951884985 17.29434609413147 10.424460947513579
leaf_count=111 184 737 192 777 72 42
internal_value=6.71694e-05 -0.00245383 -0.020246 0.00210634 0.0208248 0.0373799
internal_weight=515.991 461.683 92.7858 368.897 54.3076 37.0133
internal_count=2115 1890 376 1514 225 153
is_linear=0
shrinkage=0.04


Tree=24
num_leaves=8
num_cat=0
split_feature=106 73 73 82 30 11 81
split_gain=16.4921 25.7696 24.0031 27.975 18.3322 15.4004 1.16419
threshold=0.84889502743457779 0.39837594494117851 0.41646316232339858 -0.54106207420819341 -0.49696624824019697 0.66859783317471511 0.2911119778575969
decision_type=2 2 2 2 2 2 2
left_child=2 6 3 -1 -3 -4 -2
right_child=1 4 5 -5 -6 -7 -8
leaf_value=-0.025296903141129479 -0.061046861204351918 0.040831693864054372 -0.019034687248284225 0.011580242113499306 -0.027929393025752734 0.016289912124707834 -0.029758560752474336
leaf_weight=34.895672738552094 12.5225827395916 11.185396477580072 103.42006999254227 310.63350763916969 9.8299320787191373 22.674348473548889 10.431952118873594
leaf_count=141 51 47 422 1278 40 94 42
internal_value=6.52916e-05 -0.0228092 0.00228521 0.0077318 0.00903655 -0.0125274 -0.0503522
internal_weight=515.593 43.9699 471.624 345.529 21.0153 126.094 22.9545
internal_count=2115 180 1935 1419 87 516 93
is_linear=0
shrinkage=0.04


Tree=25
num_leaves=7
num_cat=0
split_feature=60 74 37 96 57 36
split_gain=16.2947 28.8448 22.1271 20.2982 14.82 8.92089
threshold=0.6180305368195057 -0.61808598066110487 -0.86012740900010576 -0.9500347694770116 0.24175835048291436 0.262328026002632
decision_type=2 2 2 2 2 2
left_child=1 5 -3 -2 -5 -1
right_child=3 2 -4 4 -6 -7
leaf_value=0.050407294797186274 0.034836956084505259 0.028127253673540867 -0.003087792714285267 0.00013447432639137995 -0.033011281832785261 0.0075999408232206005
leaf_weight=23.517870485782623 10.165266633033751 38.647126764059067 340.45313413441181 34.669315740466118 55.109104245901108 12.375392168760298
leaf_count=100 42 160 1397 141 225 50
internal_value=4.81565e-05 0.00355259 0.000225315 -0.0142874 -0.0204875 0.0368282
internal_weight=514.937 414.994 379.1 99.9437 89.7784 35.8933
internal_count=2115 1707 1557 408 366 150
is_linear=0
shrinkage=0.04


Tree=26
num_leaves=7
num_cat=0
split_feature=115 69 74 36 97 44
split_gain=16.0467 17.828 16.7684 15.11 9.56723 3.24051
threshold=-0.7431877101277502 -1.4873064838238561 -0.016654453312647328 0.79981876243174477 -1.0815735256789247 0.27581388026992837
decision_type=2 2 2 2 2 2
left_child=3 5 -3 4 -1 -2
right_child=1 2 -4 -5 -6 -7
leaf_value=-0.010162962657206056 0.043713283105668931 0.0037109501801711148 -0.01232808958800732 -0.025730986096027007 0.030004506451294797 0.011669792105565371
leaf_weight=10.315957292914389 11.507709458470346 194.30209060013294 221.3400467634201 9.9038003087043744 56.078221708536148 11.229141309857367
leaf_count=44 49 792 897 40 246 47
internal_value=6.02002e-05 -0.00290668 -0.00484838 0.0167456 0.0236488 0.0301109
internal_weight=514.677 438.379 415.642 76.298 66.3942 22.7369
internal_count=2115 1785 1689 330 290 96
is_linear=0
shrinkage=0.04


Tree=27
num_leaves=7
num_cat=0
split_feature=80 81 79 86 4 47
split_gain=15.6756 23.1002 33.6904 16.6946 9.16629 2.03188
threshold=-0.8502577601629111 -1.0000000180025095e-35 -0.93228265104621066 1.0025188603127642 0.33095450362600526 -0.15417573934742551
decision_type=2 2 2 2 2 2
left_child=4 2 -2 -3 5 -1
right_child=1 3 -4 -5 -6 -7
leaf_value=0.050921586517944747 0.013176900714811694 0.0027673969690058158 -0.020444915831365332 0.034500610689320789 -0.0038828463165979728 0.019654758486342079
leaf_weight=12.198852241039274 65.14362969994545 223.27012346684933 165.05111244320869 28.175305888056755 10.699535146355627 9.4933338463306445
leaf_count=51 267 912 672 129 44 40
internal_value=6.49064e-05 -0.00179084 -0.0108986 0.0065674 0.0261579 0.0400523
internal_weight=514.032 481.64 230.195 251.445 32.3917 21.6922
internal_count=2115 1980 939 1041 135 91
is_linear=0
shrinkage=0.04


Tree=28
num_leaves=8
num_cat=0
split_feature=106 73 73 82 30 11 81
split_gain=15.1458 23.6811 20.9439 24.9321 16.9246 14.1518 1.03072
threshold=0.84889502743457779 0.39837594494117851 0.41646316232339858 -0.54106207420819341 -0.49696624824019697 0.66859783317471511 0.2911119778575969
decision_type=2 2 2 2 2 2 2
left_child=2 6 3 -1 -3 -4 -2
right_child=1 4 5 -5 -6 -7 -8
leaf_value=-0.023916633588028015 -0.058733778734564569 0.039390482691949502 -0.017887799655459183 0.01095204786366045 -0.026829694995849116 0.0160187180031818 -0.028729396867988869
leaf_weight=34.785714954137802 12.352539762854578 11.085951864719393 103.1935837417841 309.24107320606709 9.8072175085544568 22.58502984046936 10.409536361694334
leaf_count=141 51 47 422 1278 40 94 42
internal_value=7.80973e-05 -0.0219212 0.00220658 0.0073085 0.00867848 -0.0116441 -0.0484409
internal_weight=513.461 43.6552 469.805 344.027 20.8932 125.779 22.7621
internal_count=2115 180 1935 1419 87 516 93
is_linear=0
shrinkage=0.04


Tree=29
num_leaves=8
num_cat=0
split_feature=60 91 87 87 99 40 26
split_gain=15.1786 21.0534 22.2687 19.392 18.1439 16.0204 5.87358
threshold=0.6180305368195057 0.11654746375563126 1.2184283064456818 -0.47035474642182862 0.7504164541085 -0.32258777624148127 0.23311513468674872
decision_type=2 2 2 2 2 2 2
left_child=1 4 -3 6 -1 -5 -2
right_child=3 2 -4 5 -6 -7 -8
leaf_value=0.017954624689099523 -0.014086500469721899 -0.013104740526802673 0.017461496026229567 0.026562200802553514 -0.011523773047240574 -0.014345862045851546 -0.049404619203396151
leaf_weight=169.930091381073 14.338407471776007 154.56553906202316 48.536084786057472 21.226206630468369 39.995471835136414 42.98234960436821 21.150368556380272
leaf_count=708 58 627 210 89 162 175 86
internal_value=6.10449e-05 0.00345442 -0.00570115 -0.0137885 0.0122826 -0.000428516 -0.0366479
internal_weight=512.725 413.027 203.102 99.6973 209.926 64.2086 35.4888
internal_count=2115 1707 837 408 870 264 144
is_linear=0
shrinkage=0.04


Tree=30
num_leaves=5
num_cat=0
split_feature=116 115 100 69
split_gain=14.7606 17.1599 21.6802 19.3409
threshold=-0.80852900875756439 0.42278698494638073 0.68126761410172088 -1.4873064838238561
decision_type=2 2 2 2
left_child=-1 2 -2 -3
right_child=1 3 -4 -5
leaf_value=-0.041731019482600551 0.0087612148445219678 0.031728165048014831 -0.027660722589080509 -0.015096529816084621
leaf_weight=11.181722879409788 327.97516724467278 13.887529820203779 26.461344420909882 132.50330853462219
leaf_count=45 1359 60 111 540
internal_value=5.28866e-05 0.00114805 0.00590209 -0.0102867
internal_weight=512.009 500.827 354.437 146.391
internal_count=2115 2070 1470 600
is_linear=0
shrinkage=0.04


Tree=31
num_leaves=7
num_cat=0
split_feature=80 81 74 28 4 47
split_gain=13.9986 20.1666 27.5675 16.3615 8.51695 1.9111
threshold=-0.8502577601629111 -1.0000000180025095e-35 -0.62928548599309686 -0.19169947453795153 0.33095450362600526 -0.15417573934742551
decision_type=2 2 2 2 2 2
left_child=4 2 -2 -3 5 -1
right_child=1 3 -4 -5 -6 -7
leaf_value=0.048902547783158619 0.018369443194286014 -0.0074455462449110948 -0.01681064245264147 0.013717545065750824 -0.0040912655938424589 0.01862532437840592
leaf_weight=12.010523706674574 42.173099160194397 89.74874672293663 187.05325795710087 160.31601819396019 10.664191871881483 9.4096218049526232
leaf_count=51 174 373 765 668 44 40
internal_value=4.40845e-05 -0.00171043 -0.0102353 0.00612326 0.0248163 0.0383285
internal_weight=511.375 479.291 229.226 250.065 32.0843 21.4201
internal_count=2115 1980 939 1041 135 91
is_linear=0
shrinkage=0.04


Tree=32
num_leaves=8
num_cat=0
split_feature=60 87 86 112 40 29 14
split_gain=14.208 23.0877 22.5352 21.6941 15.0837 9.82952 7.51301
threshold=0.57628707351435315 -0.47035474642182862 0.92051876432427859 -0.095570982483894465 -0.3873888775041639 0.47669913592324137 0.94079210636127975
decision_type=2 2 2 2 2 2 2
left_child=2 6 3 -1 -3 -4 -2
right_child=1 4 5 -5 -6 -7 -8
leaf_value=-0.0125581014106226 -0.046699125715569112 0.029596487674767854 0.037786082221440552 0.0077970538210811059 -0.010334318663024242 0.0038622073669583967 -0.0065515908761827179
leaf_weight=138.905656889081 28.257298037409782 19.415364146232605 37.484153226017952 204.62371177971363 49.648966610431671 21.659482941031456 10.864437922835348
leaf_count=573 115 82 169 837 203 92 44
internal_value=5.395e-05 -0.0126805 0.00352106 -0.000458576 0.00140806 0.0258952 -0.0364107
internal_weight=510.859 108.186 402.673 343.529 69.0643 59.1436 39.1217
internal_count=2115 444 1671 1410 285 261 159
is_linear=0
shrinkage=0.04


Tree=33
num_leaves=7
num_cat=0
split_feature=80 81 79 91 8 66
split_gain=13.4433 18.1262 28.7349 15.2028 8.3131 1.63379
threshold=-0.8502577601629111 -1.0000000180025095e-35 -0.93228265104621066 -0.1047422360509097 -0.32827335406724939 0.31524069515712211
decision_type=2 2 2 2 2 2
left_child=4 2 -2 -3 -1 -6
right_child=1 3 -4 -5 5 -7
leaf_value=-0.0041772306505584444 0.012546011927461525 0.016644539796810149 -0.018597419527707739 -0.0030877399835835561 0.048002476065381369 0.019132386804938121
leaf_weight=10.648357838392259 64.717029631137848 111.1881451010704 164.07971329987049 138.27600583434105 11.723727434873583 9.6026065200567228
leaf_count=45 267 471 672 570 49 41
internal_value=5.29652e-05 -0.00166741 -0.00975586 0.00576953 0.0243688 0.0377581
internal_weight=510.236 478.261 228.797 249.464 31.9747 21.3263
internal_count=2115 1980 939 1041 135 90
is_linear=0
shrinkage=0.04


Tree=34
num_leaves=5
num_cat=0
split_feature=85 86 91 30
split_gain=13.5227 16.8435 16.5078 11.9084
threshold=-2.2109853000544066 1.0025188603127642 0.11654746375563126 0.74913021051158246
decision_type=2 2 2 2
left_child=-1 2 -2 -3
right_child=1 3 -4 -5
leaf_value=-0.040604544146724653 0.0057114048493118273 0.033567574437068398 -0.0095979928482012086 -0.010166320617397097
leaf_weight=10.758096709847448 241.48230217397213 37.286838755011559 207.84705163538456 12.297609299421309
leaf_count=45 996 171 852 51
internal_value=6.23224e-05 0.00109784 -0.00138144 0.0227474
internal_weight=509.672 498.914 449.329 49.5844
internal_count=2115 2070 1848 222
is_linear=0
shrinkage=0.04


Tree=35
num_leaves=5
num_cat=0
split_feature=116 37 28 32
split_gain=13.1051 15.2333 18.6342 18.2203
threshold=-0.80852900875756439 -0.86012740900010576 -0.43095569928636651 0.36964487616579622
decision_type=2 2 2 2
left_child=-1 3 -3 -2
right_child=1 2 -4 -5
leaf_value=-0.039422007339378069 0.036776376353551882 -0.01742620106258291 0.0027975784989972075 -0.012988409054543505
leaf_weight=11.109646067023276 35.201817855238914 89.460555031895638 357.34291826188564 15.988834321498869
leaf_count=45 150 366 1486 68
internal_value=5.70787e-05 0.00109198 -0.00131131 0.021329
internal_weight=509.104 497.994 446.803 51.1907
internal_count=2115 2070 1852 218
is_linear=0
shrinkage=0.04


Tree=36
num_leaves=8
num_cat=0
split_feature=106 73 73 82 30 28 106
split_gain=13.1788 20.6583 16.6533 20.501 15.4121 12.7283 0.852508
threshold=0.84889502743457779 0.39837594494117851 0.41646316232339858 -0.54106207420819341 -0.49696624824019697 -0.5023606585340511 0.95211518429517983
decision_type=2 2 2 2 2 2 2
left_child=2 6 3 -1 -3 -4 -2
right_child=1 4 5 -5 -6 -7 -8
leaf_value=-0.021834431470193573 -0.028552218616045094 0.037627303230765706 -0.034044569435522018 0.0099262380236379132 -0.025805355935591245 -0.0034984284047165025 -0.056745100504000591
leaf_weight=34.45514814555645 11.555653393268587 10.91692139208317 26.248132973909378 306.59203225374222 9.7686457335948926 98.547043651342392 10.746544897556303
leaf_count=141 48 47 108 1278 40 408 45
internal_value=5.03401e-05 -0.0206281 0.00203857 0.00660895 0.00803748 -0.0103588 -0.0456892
internal_weight=508.83 42.9878 465.842 341.047 20.6856 124.795 22.3022
internal_count=2115 180 1935 1419 87 516 93
is_linear=0
shrinkage=0.04


Tree=37
num_leaves=7
num_cat=0
split_feature=60 74 96 37 57 36
split_gain=13.148 22.4525 18.8474 17.4711 12.1982 8.56487
threshold=0.6180305368195057 -0.61808598066110487 -0.9500347694770116 -0.86012740900010576 0.24175835048291436 0.12907377883064333
decision_type=2 2 2 2 2 2
left_child=1 5 -2 -3 -4 -1
right_child=2 3 4 -5 -6 -7
leaf_value=0.04965542564398101 0.034631086321826314 0.025391414296228324 -0.00011954942874107436 -0.0026711767171532542 -0.03033451115480491 0.0091587187349880875
leaf_weight=19.231684222817421 10.040597826242445 37.654087319970131 34.394695222377777 336.56254850327969 54.558701798319817 15.579063907265661
leaf_count=85 42 160 141 1397 225 65
internal_value=2.8882e-05 0.00320607 -0.0129023 0.000272484 -0.0189111 0.033014
internal_weight=508.021 409.027 98.994 374.217 88.9534 34.8107
internal_count=2115 1707 408 1557 366 150
is_linear=0
shrinkage=0.04


Tree=38
num_leaves=7
num_cat=0
split_feature=87 88 48 82 1 106
split_gain=12.4506 18.1977 19.3316 11.2916 11.1133 4.11666
threshold=2.0128479473875704 0.51280007170893749 -0.085028384208883964 0.41239645224109261 0.65603897169257419 -0.13007224308331311
decision_type=2 2 2 2 2 2
left_child=1 2 -1 -3 5 -2
right_child=4 3 -4 -5 -6 -7
leaf_value=0.013216357393045212 0.048292447341104154 -0.022334665908217748 -0.0051794638759635652 0.014667394291440001 -0.010622018204740362 0.011761271184031301
leaf_weight=152.5541917681694 15.135121345520018 84.207663863897324 221.87666219472885 14.148600682616232 10.487547621130942 9.2230719774961489
leaf_count=634 70 345 923 57 45 41
internal_value=4.1937e-05 -0.00169651 0.00234594 -0.0168257 0.0224409 0.0364021
internal_weight=507.633 472.787 374.431 98.3563 34.8457 24.3582
internal_count=2115 1959 1557 402 156 111
is_linear=0
shrinkage=0.04


Tree=39
num_leaves=7
num_cat=0
split_feature=97 105 60 9 90 67
split_gain=12.3169 16.7151 17.1093 10.1983 9.98237 7.11959
threshold=-1.063682544538689 -0.72677392344832559 0.57628707351435315 0.24405653790938606 0.58473391042802259 -0.26784089836242048
decision_type=2 2 2 2 2 2
left_child=3 4 -3 5 -2 -1
right_child=1 2 -4 -5 -6 -7
leaf_value=-0.027033519383388868 0.033211346360362472 0.0028721496360468303 -0.018039570784527711 -0.050133853244821558 -0.0097715416988700659 0.015898086662745468
leaf_weight=9.8793682157993299 36.695069327950478 353.92573945224285 73.963984042406082 11.545948207378386 10.135857209563254 10.992470011115076
leaf_count=41 162 1473 303 47 42 47
internal_value=4.86063e-05 0.00171682 -0.000809709 -0.0230606 0.0238891 -0.0050099
internal_weight=507.138 474.721 427.89 32.4178 46.8309 20.8718
internal_count=2115 1980 1776 135 204 88
is_linear=0
shrinkage=0.04


Tree=40
num_leaves=8
num_cat=0
split_feature=106 73 73 82 30 11 106
split_gain=12.3078 19.1287 15.1614 18.6395 14.331 12.244 0.814178
threshold=0.84889502743457779 0.39837594494117851 0.41646316232339858 -0.54106207420819341 -0.49696624824019697 0.66859783317471511 0.95211518429517983
decision_type=2 2 2 2 2 2 2
left_child=2 6 3 -1 -3 -4 -2
right_child=1 4 5 -5 -6 -7 -8
leaf_value=-0.020849049723811484 -0.027617098925681632 0.036303065716625102 -0.015723553635607714 0.0095009354895042811 -0.02498189153951148 0.015955598095244307 -0.055133243507352152
leaf_weight=34.297465428709984 11.480439424514772 10.820764258503916 102.15623408555984 305.35549201071262 9.758386015892027 22.313925370573997 10.575065791606901
leaf_count=141 48 47 422 1278 40 94 45
internal_value=3.87722e-05 -0.0200272 0.00196007 0.00633215 0.00760375 -0.00988188 -0.0442973
internal_weight=506.758 42.6347 464.123 339.653 20.5792 124.47 22.0555
internal_count=2115 180 1935 1419 87 516 93
is_linear=0
shrinkage=0.04


Tree=41
num_leaves=7
num_cat=0
split_feature=115 15 14 74 36 97
split_gain=12.0536 14.7945 21.1726 18.4217 13.1067 7.61468
threshold=-0.7431877101277502 0.25376438840661497 0.36385738868953682 -0.092344184386974892 0.79981876243174477 -1.0815735256789247
decision_type=2 2 2 2 2 2
left_child=4 2 -2 -3 5 -1
right_child=1 3 -4 -5 -6 -7
leaf_value=-0.0090714501554744337 -0.0030217149036399229 -0.0012947641353198822 0.023039546823632039 -0.030140031750382504 -0.024736179736593096 0.027226716199023102
leaf_weight=10.066879227757452 224.05054859817028 89.054281935095787 62.034993916749954 57.032038763165474 9.8571757078170759 53.822062104940414
leaf_count=44 928 367 256 234 40 246
internal_value=2.41017e-05 -0.00254472 0.00275014 -0.0128109 0.0147478 0.0214055
internal_weight=505.918 432.172 286.086 146.086 73.7461 63.8889
internal_count=2115 1785 1184 601 330 290
is_linear=0
shrinkage=0.04


Tree=42
num_leaves=5
num_cat=0
split_feature=74 58 86 80
split_gain=11.6087 15.0533 19.561 13.8435
threshold=-1.0234107596904274 1.1163677065984803 1.0025188603127642 -0.43379856982882364
decision_type=2 2 2 2
left_child=-1 2 -2 -3
right_child=1 3 -4 -5
leaf_value=0.033285424014651073 -0.0019357210771679184 0.0091104379931060339 0.02572099883461278 -0.045709196598224026
leaf_weight=14.250067114830015 417.71245934069157 10.264809116721155 43.33933237195015 19.785525366663933
leaf_count=63 1725 45 201 81
internal_value=2.0806e-05 -0.00107551 0.000763903 -0.0275835
internal_weight=505.352 491.102 461.052 30.0503
internal_count=2115 2052 1926 126
is_linear=0
shrinkage=0.04


Tree=43
num_leaves=5
num_cat=0
split_feature=116 38 97 88
split_gain=11.7089 12.7886 14.5936 3.97294
threshold=-0.80852900875756439 -0.96422341629146979 -1.063682544538689 0.22826300451009376
decision_type=2 2 2 2
left_child=-1 3 -3 -2
right_child=1 2 -4 -5
leaf_value=-0.037436566875502154 0.046368581182328457 -0.02644151963256848 0.0015034382675348085 0.009500486813918246
leaf_weight=11.009095996618269 10.185903891921045 30.049682170152664 443.93428327143192 9.6838996857404691
leaf_count=45 47 125 1858 40
internal_value=2.3719e-05 0.00100642 -0.000371877 0.0309123
internal_weight=504.863 493.854 473.984 19.8698
internal_count=2115 2070 1983 87
is_linear=0
shrinkage=0.04


Tree=44
num_leaves=7
num_cat=0
split_feature=80 81 79 28 4 47
split_gain=11.5877 15.028 24.3438 15.0108 7.53385 1.75593
threshold=-0.8502577601629111 -1.0000000180025095e-35 -0.93228265104621066 -0.19169947453795153 0.33095450362600526 -0.15417573934742551
decision_type=2 2 2 2 2 2
left_child=4 2 -2 -3 5 -1
right_child=1 3 -4 -5 -6 -7
leaf_value=0.045900966566135411 0.011640077335674544 -0.0078537588804717274 -0.017165862345102204 0.012549449145729068 -0.0043529566206013384 0.017000844569184746
leaf_weight=11.631762623786928 64.085594654083252 88.465756952762604 162.34703978896141 158.25507889688015 10.599600747227667 9.2680248916149157
leaf_count=51 267 373 672 668 44 40
internal_value=2.19697e-05 -0.00158117 -0.00898259 0.00522922 0.0227596 0.0356893
internal_weight=504.653 473.153 226.433 246.721 31.4994 20.8998
internal_count=2115 1980 939 1041 135 91
is_linear=0
shrinkage=0.04


Tree=45
num_leaves=7
num_cat=0
split_feature=106 67 84 90 35 97
split_gain=11.5321 17.5801 14.613 21.8077 13.1323 10.1433
threshold=0.84889502743457779 -0.61607660992221891 0.83273023941120083 0.66461100415082686 -0.53074653726233534 -0.91985725120378925
decision_type=2 2 2 2 2 2
left_child=2 4 3 -1 -2 -4
right_child=1 -3 5 -5 -6 -7
leaf_value=0.0021530703673544684 0.032358653292147758 -0.04532291584208685 -0.0094287233166892425 -0.026875803480028448 -0.023944512590156043 0.024300711954400003
leaf_weight=335.9549476057291 11.386328488588335 19.595481365919113 17.049498870968819 45.194307312369347 11.181536376476286 63.721793696284294
leaf_count=1404 50 84 72 186 46 273
internal_value=3.06228e-05 -0.0195011 0.00188983 -0.00141131 0.00478422 0.0171252
internal_weight=504.084 42.1633 461.921 381.149 22.5679 80.7713
internal_count=2115 180 1935 1590 96 345
is_linear=0
shrinkage=0.04


Tree=46
num_leaves=8
num_cat=0
split_feature=102 32 14 39 97 0 115
split_gain=11.1436 11.5045 25.5563 13.4417 9.7641 10.103 9.52856
threshold=-0.6969387460821469 0.36964487616579622 0.36385738868953682 1.0768004145100825 -0.67959306713118139 0.35166489782369087 -0.66627317598258484
decision_type=2 2 2 2 2 2 2
left_child=4 2 -2 -3 6 -6 -1
right_child=1 3 -4 -5 5 -7 -8
leaf_value=0.018729631299612616 -0.0050503194142381014 -0.018691959798922995 0.02318147527917765 0.0153426633226248 0.031576760190257826 -0.0029244409378047335 -0.021415822130207995
leaf_weight=14.399772375822065 215.78597620129585 104.52697968482971 65.123250901699066 20.899756014347076 43.311172768473625 18.937784433364868 20.501390606164932
leaf_count=63 907 436 274 87 184 80 84
internal_value=2.19533e-05 -0.00289891 0.00161227 -0.012869 0.0120507 0.0213163 -0.00473492
internal_weight=503.486 406.336 280.909 125.427 97.1501 62.249 34.9012
internal_count=2115 1704 1181 523 411 264 147
is_linear=0
shrinkage=0.04


Tree=47
num_leaves=7
num_cat=0
split_feature=80 110 96 97 4 41
split_gain=10.8507 13.2862 19.1683 17.5679 6.96268 1.84491
threshold=-0.8502577601629111 0.041136565827322134 -1.0723492061243192 -1.063682544538689 0.33095450362600526 -0.28623535514266801
decision_type=2 2 2 2 2 2
left_child=4 2 -2 -3 5 -1
right_child=1 3 -4 -5 -6 -7
leaf_value=0.016495537726332905 0.032746408055564127 -0.029282202534225199 -0.011401643299159332 0.0084055212291640966 -0.003978781822477598 0.04544684403309307
leaf_weight=9.6192726343870181 15.031310632824896 19.774250239133835 217.60079815983772 219.55047215521336 10.581556543707846 11.069888636469843
leaf_count=42 63 81 906 930 44 49
internal_value=2.79984e-05 -0.00152218 -0.00829424 0.00507469 0.0221093 0.0346267
internal_weight=503.228 471.957 232.632 239.325 31.2707 20.6892
internal_count=2115 1980 969 1011 135 91
is_linear=0
shrinkage=0.04


Tree=48
num_leaves=5
num_cat=0
split_feature=85 86 91 15
split_gain=10.6921 12.4061 14.3924 10.6922
threshold=-2.2109853000544066 1.0025188603127642 0.11654746375563126 0.61372747743119205
decision_type=2 2 2 2
left_child=-1 2 -2 -3
right_child=1 3 -4 -5
leaf_value=-0.036699771302844283 0.0055055361071184262 0.03263578784691433 -0.0088627001789829025 -0.0064473668267871079
leaf_weight=10.366996914148329 238.70039397478104 31.86156952381134 205.92360857129097 15.87315161526203
leaf_count=45 996 153 852 69
internal_value=3.64919e-05 0.000955347 -0.00115887 0.0199029
internal_weight=502.726 492.359 444.624 47.7347
internal_count=2115 2070 1848 222
is_linear=0
shrinkage=0.04


Tree=49
num_leaves=8
num_cat=0
split_feature=1 91 85 61 63 110 78
split_gain=10.608 11.8546 23.0098 15.3969 11.8383 11.8987 8.65023
threshold=0.24962063751486682 0.11654746375563126 1.5159196661193144 0.51175567380180342 0.30497818073435845 -0.03682119729335382 0.22952829381171086
decision_type=2 2 2 2 2 2 2
left_child=1 3 -3 -1 5 -2 -6
right_child=4 2 -4 -5 6 -7 -8
leaf_value=0.018148929653631855 -0.028907987604332452 -0.010245822683873879 0.032876759542804689 -0.010891256373776153 0.017446786798616748 -0.0042281386916359388 -0.015016840196016866
leaf_weight=130.07169373333454 50.299261316657066 127.12806561589241 21.403293296694756 36.046415627002716 40.136175349354744 79.758892729878426 17.297478169202805
leaf_count=556 210 524 99 149 169 335 73
internal_value=3.32986e-05 0.00451284 -0.00367763 0.0117928 -0.00745257 -0.0140662 0.00749329
internal_weight=502.141 314.649 148.531 166.118 187.492 130.058 57.4337
internal_count=2115 1328 623 705 787 545 242
is_linear=0
shrinkage=0.04


Tree=50
num_leaves=7
num_cat=0
split_feature=106 67 84 90 35 114
split_gain=10.5086 16.1029 13.1074 19.2841 12.14 10.0009
threshold=0.84889502743457779 -0.61607660992221891 0.83273023941120083 0.66461100415082686 -0.53074653726233534 0.21324595196124455
decision_type=2 2 2 2 2 2
left_child=2 4 3 -1 -2 -4
right_child=1 -3 5 -5 -6 -7
leaf_value=0.0020380528391791492 0.031275603782148956 -0.043657376658525947 0.00085884482867133532 -0.025300379294590114 -0.023051613343612037 0.028969074756267758
leaf_weight=334.8612557798624 11.245997518301012 19.282221302390099 37.031074076890945 45.055014237761497 11.131646841764448 43.023970365524292
leaf_count=1404 50 84 159 186 46 186
internal_value=3.23664e-05 -0.0187256 0.00180499 -0.00131958 0.00457677 0.016304
internal_weight=501.631 41.6599 459.971 379.916 22.3776 80.055
internal_count=2115 180 1935 1590 96 345
is_linear=0
shrinkage=0.04


Tree=51
num_leaves=5
num_cat=0
split_feature=116 37 28 32
split_gain=10.4627 12.1412 15.586 15.5385
threshold=-0.80852900875756439 -0.86012740900010576 -0.43095569928636651 0.36964487616579622
decision_type=2 2 2 2
left_child=-1 3 -3 -2
right_child=1 2 -4 -5
leaf_value=-0.0355282133094523 0.033864075910671192 -0.016000486785492329 0.0026032330922263753 -0.012515152022737857
leaf_weight=10.904263526201246 34.042874619364738 88.490334868431091 351.84852008521557 15.744911327958105
leaf_count=45 150 366 1486 68
internal_value=2.63875e-05 0.000958573 -0.0011908 0.0192802
internal_weight=501.031 490.127 440.339 49.7878
internal_count=2115 2070 1852 218
is_linear=0
shrinkage=0.04


Tree=52
num_leaves=6
num_cat=0
split_feature=82 74 100 90 37
split_gain=10.5338 13.1041 19.044 13.2868 6.04073
threshold=-0.61582515005078076 -0.055858370920278018 0.68352479494635443 -0.34269289909577327 -0.34843515759440624
decision_type=2 2 2 2 2
left_child=4 2 -2 -3 -1
right_child=1 3 -4 -5 -6
leaf_value=-0.00015015607243784525 0.011638521988656933 0.010035951391053352 -0.039139386124446549 -0.0099687328523545369 -0.03946257428443823
leaf_weight=10.117628440260889 201.22758567333221 71.193188697099686 10.613541275262831 193.09433433413506 14.441705733537672
leaf_count=42 861 303 45 804 60
internal_value=2.11878e-05 0.00138311 0.00875221 -0.00454501 -0.024498
internal_weight=500.688 476.129 211.841 264.288 24.5593
internal_count=2115 2013 906 1107 102
is_linear=0
shrinkage=0.04


Tree=53
num_leaves=7
num_cat=0
split_feature=60 96 91 87 36 87
split_gain=10.1806 16.6697 13.6006 14.0955 11.5013 10.4412
threshold=0.6180305368195057 -0.9500347694770116 0.038597846071520628 1.2184283064456818 0.48249566334054406 -0.67806328150869144
decision_type=2 2 2 2 2 2
left_child=2 -2 4 -4 -1 -3
right_child=1 5 3 -5 -6 -7
leaf_value=0.015797327698245628 0.033591059828351824 -0.041689111042667489 -0.009814270344618627 0.014518642729607735 -0.0070606481118796853 -0.0092068735232807841
leaf_weight=147.66208824515343 9.8529841005802137 19.326041132211685 162.07234661281109 47.70648267865181 44.770962163805962 68.567670568823814
leaf_count=638 42 81 669 216 184 285
internal_value=9.62435e-06 -0.0114351 0.00283378 -0.00419579 0.0104613 -0.0171177
internal_weight=499.959 97.7467 402.212 209.779 192.433 87.8937
internal_count=2115 408 1707 885 822 366
is_linear=0
shrinkage=0.04


Tree=54
num_leaves=7
num_cat=0
split_feature=1 87 118 47 64 112
split_gain=10.2374 17.8146 15.9093 10.3015 15.0627 7.72226
threshold=0.24962063751486682 2.1926084670654888 0.67316856577324569 -0.40045498586491485 0.16431981741367077 -0.027582444646202377
decision_type=2 2 2 2 2 2
left_child=1 2 -1 4 -2 -5
right_child=3 -3 -4 5 -6 -7
leaf_value=0.007107931722862078 -0.010418279069988046 0.047197799734011399 -0.015083312532524835 -0.023028294889836608 0.031769226631475515 -0.003879156271407089
leaf_weight=235.58493052423 30.350323662161827 12.851649343967436 64.097692310810089 63.709299400448799 21.475274056196213 71.178302064538002
leaf_count=994 129 64 270 266 92 300
internal_value=8.86567e-06 0.00442791 0.00229302 -0.0073566 0.00759409 -0.0131279
internal_weight=499.247 312.534 299.683 186.713 51.8256 134.888
internal_count=2115 1328 1264 787 221 566
is_linear=0
shrinkage=0.04


Tree=55
num_leaves=6
num_cat=0
split_feature=38 97 115 34 93
split_gain=10.0854 11.8603 11.8757 10.4486 4.41792
threshold=-0.96422341629146979 -1.063682544538689 -0.5868722457394423 1.0000000180025095e-35 -0.64369636793450458
decision_type=2 2 2 2 2
left_child=4 3 -3 -2 -1
right_child=1 2 -4 -5 -6
leaf_value=0.045286768818407257 0.00064924491957755581 0.01431565845652363 -0.0025616427742890168 -0.04541508800802211 0.0077430049547152161
leaf_weight=8.5842362493276614 14.169985786080362 79.304357409477234 369.60785494744778 15.589484870433806 11.46570076048374
leaf_count=41 61 354 1546 64 49
internal_value=1.4499e-05 -0.00119901 0.000470155 -0.0248219 0.0264668
internal_weight=498.722 478.672 448.912 29.7595 20.0499
internal_count=2115 2025 1900 125 90
is_linear=0
shrinkage=0.04


Tree=56
num_leaves=5
num_cat=0
split_feature=74 15 47 77
split_gain=9.76826 11.8819 14.4811 12.675
threshold=-1.0234107596904274 0.25376438840661497 -0.40045498586491485 -0.12196142613233975
decision_type=2 2 2 2
left_child=-1 3 -3 -2
right_child=1 2 -4 -5
leaf_value=0.030938044186490359 0.013012724092027979 0.011012902293912441 -0.015697501281048645 -0.0032372497815434899
leaf_weight=13.831721618771551 131.74571660161018 41.22849540412426 132.53193290531635 178.94627326726913
leaf_count=63 559 179 557 757
internal_value=1.73628e-05 -0.00098903 -0.00930667 0.00369254
internal_weight=498.284 484.452 173.76 310.692
internal_count=2115 2052 736 1316
is_linear=0
shrinkage=0.04


Tree=57
num_leaves=6
num_cat=0
split_feature=38 97 115 34 93
split_gain=9.48681 10.996 11.0883 9.61062 4.24451
threshold=-0.96422341629146979 -1.063682544538689 -0.5868722457394423 1.0000000180025095e-35 -0.64369636793450458
decision_type=2 2 2 2 2
left_child=4 3 -3 -2 -1
right_child=1 2 -4 -5 -6
leaf_value=0.044358197604005015 0.00049981637750603515 0.013861961864219403 -0.0024718283301903487 -0.043757857685542439 0.0074700712602126379
leaf_weight=8.4604343622922915 14.155229687690737 79.000999510288239 369.46653331816196 15.501424878835676 11.452582225203512
leaf_count=41 61 354 1546 64 49
internal_value=2.27559e-05 -0.00115203 0.000454264 -0.0239365 0.0257608
internal_weight=498.037 478.124 448.468 29.6567 19.913
internal_count=2115 2025 1900 125 90
is_linear=0
shrinkage=0.04


Tree=58
num_leaves=5
num_cat=0
split_feature=116 37 28 29
split_gain=9.67707 10.6963 14.5304 11.6327
threshold=-0.80852900875756439 -0.86012740900010576 -0.43095569928636651 0.096435769017516146
decision_type=2 2 2 2
left_child=-1 3 -3 -2
right_child=1 2 -4 -5
leaf_value=-0.034286992039753494 0.038371689424184285 -0.015422546321083506 0.002585562170675093 0.00011541991045067781
leaf_weight=10.81526632606983 22.192719534039497 88.058110147714615 349.68399332463741 26.836575999855995
leaf_count=45 97 366 1486 121
internal_value=2.52656e-05 0.000924807 -0.0010907 0.018257
internal_weight=497.587 486.771 437.742 49.0293
internal_count=2115 2070 1852 218
is_linear=0
shrinkage=0.04


Tree=59
num_leaves=5
num_cat=0
split_feature=85 79 82 57
split_gain=9.45321 11.3062 16.1068 12.7473
threshold=-2.2109853000544066 -0.82778267392542804 -0.54106207420819341 0.098868022756284146
decision_type=2 2 2 2
left_child=-1 3 -3 -2
right_child=1 2 -4 -5
leaf_value=-0.034858563348176483 0.032876904408739777 -0.031575609941191185 0.00033300180307309092 0.00037753204999579329
leaf_weight=10.130261674523352 32.774581268429756 25.085777714848518 385.75564496219158 43.528627991676331
leaf_count=45 141 105 1638 186
internal_value=2.30314e-05 0.000887963 -0.00175885 0.0148202
internal_weight=497.275 487.145 410.841 76.3032
internal_count=2115 2070 1743 327
is_linear=0
shrinkage=0.04


Tree=60
num_leaves=7
num_cat=0
split_feature=1 87 91 63 7 78
split_gain=9.44066 16.8072 15.34 10.3751 11.3842 7.6799
threshold=0.24962063751486682 2.1926084670654888 0.11654746375563126 0.30497818073435845 0.012051414317037946 0.22952829381171086
decision_type=2 2 2 2 2 2
left_child=1 2 -1 4 -2 -5
right_child=3 -3 -4 5 -6 -7
leaf_value=0.010476921083163553 -0.026582560263836461 0.046243389602987482 -0.0076105295196886979 0.016461432607826773 -0.0027562014714141766 -0.014240391053934516
leaf_weight=161.9187453687191 55.661119416356087 12.561240106821058 136.436278834939 39.639014840126038 73.520311877131462 17.191591039299965
leaf_count=695 236 64 569 169 309 73
internal_value=1.67643e-05 0.00427319 0.00221002 -0.00706757 -0.0132712 0.00700557
internal_weight=496.928 310.916 298.355 186.012 129.181 56.8306
internal_count=2115 1328 1264 787 545 242
is_linear=0
shrinkage=0.04


Tree=61
num_leaves=7
num_cat=0
split_feature=80 81 106 28 8 75
split_gain=9.19263 11.9735 17.2084 12.7214 7.87932 1.06901
threshold=-0.8502577601629111 -1.0000000180025095e-35 0.68301323285074766 -0.19169947453795153 -0.32827335406724939 -0.47899968876744997
decision_type=2 2 2 2 2 2
left_child=4 2 -2 -3 -1 -6
right_child=1 3 -4 -5 5 -7
leaf_value=-0.0072339359441496347 -0.0046789583256249909 -0.0074010217870548109 -0.044725958436385327 0.011509487985062605 0.018663580113400424 0.043769076164711269
leaf_weight=10.216654911637308 205.96719597280025 87.333170205354691 16.808507934212685 155.79754056036472 10.18527200818062 10.117052376270292
leaf_count=45 864 373 75 668 46 44
internal_value=2.02884e-05 -0.00140901 -0.00807159 0.00471182 0.0205849 0.0339773
internal_weight=496.425 465.906 222.776 243.131 30.519 20.3023
internal_count=2115 1980 939 1041 135 90
is_linear=0
shrinkage=0.04


Tree=62
num_leaves=8
num_cat=0
split_feature=102 60 72 7 26 117 92
split_gain=9.06476 12.582 13.2674 8.83649 13.6149 8.36955 6.8477
threshold=-0.6969387460821469 0.62742164097899156 0.79518690271480763 0.24042562841796486 -0.53044613471883284 -0.64219554113452038 0.74528262856480632
decision_type=2 2 2 2 2 2 2
left_child=3 2 -2 4 -1 -3 -5
right_child=1 5 -4 6 -6 -7 -8
leaf_value=-0.029764181700200294 0.0047906990141015357 0.00057089224608774267 -0.015960811552621405 0.037958846052990262 0.012254756254118822 -0.026176254355594911 -0.00099729075605174493
leaf_weight=14.455456033349035 262.63969223201275 28.944337099790573 58.585966557264328 23.404027208685875 47.366022393107414 50.550303310155869 9.9455521106719953
leaf_count=61 1122 123 249 102 206 210 42
internal_value=2.10557e-05 -0.00262489 0.000930644 0.0109866 0.00180481 -0.0166625 0.0269422
internal_weight=495.891 400.72 321.226 95.1711 61.8215 79.4946 33.3496
internal_count=2115 1704 1371 411 267 333 144
is_linear=0
shrinkage=0.04


Tree=63
num_leaves=7
num_cat=0
split_feature=1 87 91 63 7 47
split_gain=9.0632 15.7574 14.1253 9.43579 10.3679 7.29381
threshold=0.24962063751486682 2.1926084670654888 0.21022602174774963 0.30497818073435845 0.012051414317037946 -0.095166230312324171
decision_type=2 2 2 2 2 2
left_child=1 2 -1 4 -2 -5
right_child=3 -3 -4 5 -6 -7
leaf_value=0.0093778468445296307 -0.025548023961152248 0.045273421723485079 -0.0082453526187371649 0.021356926221792683 -0.0027918903790349211 -0.0065690453218454885
leaf_weight=176.71343311667442 55.622524335980415 12.264801993966101 120.84146831929684 25.963442578911781 73.398948669433594 30.683266013860703
leaf_count=758 236 64 506 112 309 130
internal_value=1.76094e-05 0.00419759 0.00221354 -0.00692782 -0.0128425 0.00652237
internal_weight=495.488 309.82 297.555 185.668 129.021 56.6467
internal_count=2115 1328 1264 787 545 242
is_linear=0
shrinkage=0.04


Tree=64
num_leaves=7
num_cat=0
split_feature=80 36 74 74 39 3
split_gain=9.0855 11.4353 15.5337 12.2407 6.02254 0.755855
threshold=2.717070034422532 0.44901104782909435 -0.58834252634597706 0.035681679075738403 0.28777636578157945 0.27186489421581406
decision_type=2 2 2 2 2 2
left_child=1 2 -1 -3 -2 -6
right_child=4 3 -4 -5 5 -7
leaf_value=0.023058027816204231 -0.0056452439929107123 -0.0037515158206015481 -0.0011523121774061386 -0.032317749958521408 0.017977636201617624 0.04058284955030856
leaf_weight=47.239892438054085 8.9525367319583911 81.945933818817139 304.23526740074158 32.32295997440815 9.9517238736152667 10.319877967238424
leaf_count=216 39 338 1294 135 47 46
internal_value=2.28196e-05 -0.00137184 0.00221372 -0.0122489 0.0209136 0.0320965
internal_weight=494.968 465.744 351.475 114.269 29.2241 20.2716
internal_count=2115 1983 1510 473 132 93
is_linear=0
shrinkage=0.04


Tree=65
num_leaves=8
num_cat=0
split_feature=106 48 116 84 28 41 70
split_gain=8.88815 15.3147 11.1079 11.0263 14.1374 9.58457 1.76062
threshold=0.84889502743457779 -0.26298333071735075 0.8430068937351477 0.83273023941120083 1.4404051497280326 -0.26148921451914636 -0.15000188836473768
decision_type=2 2 2 2 2 2 2
left_child=3 2 -2 4 -1 -5 -3
right_child=1 6 -4 5 -6 -7 -8
leaf_value=0.00070107757423098344 -0.0237335774578738 -0.051215640328590474 0.030964578060191962 -0.00025645197467335119 -0.03252613155011775 0.027509959409003276 -0.020483174115369755
leaf_weight=355.5324892103672 8.7550868242979067 11.076743468642237 11.43062551319599 35.895281508564949 19.736566379666328 42.509997114539146 9.4788529425859434
leaf_count=1508 38 48 51 155 82 190 43
internal_value=2.85271e-05 -0.0174127 0.00723966 0.00166435 -0.00120961 0.0151078 -0.0401167
internal_weight=494.416 40.7413 20.1857 453.674 375.269 78.4053 20.5556
internal_count=2115 180 89 1935 1590 345 91
is_linear=0
shrinkage=0.04


Tree=66
num_leaves=5
num_cat=0
split_feature=116 37 105 97
split_gain=8.6917 10.0822 19.9048 14.2805
threshold=-0.80852900875756439 -0.70852083247888642 -0.34953822896371933 -1.063682544538689
decision_type=2 2 2 2
left_child=-1 2 -2 -3
right_child=1 3 -4 -5
leaf_value=-0.032687426479439632 0.03540076032476909 -0.029711451469296803 -0.0050732529727556784 0.00035386411881072277
leaf_weight=10.671780869364737 34.843285843729973 25.059647768735886 40.242210015654564 383.12580549716949
leaf_count=45 163 107 169 1631
internal_value=1.62676e-05 0.000870185 0.0141398 -0.0016278
internal_weight=493.943 483.271 75.0855 408.185
internal_count=2115 2070 332 1738
is_linear=0
shrinkage=0.04


Tree=67
num_leaves=5
num_cat=0
split_feature=88 88 34 37
split_gain=8.7756 9.10585 14.3587 12.9557
threshold=-0.99229656150207213 0.51280007170893749 -0.86932250417873147 -0.70852083247888642
decision_type=2 2 2 2
left_child=-1 3 -3 -2
right_child=1 2 -4 -5
leaf_value=-0.0409182990885655 0.020302170605851818 0.015203002578544065 -0.016417757047183824 0.00041940666383783994
leaf_weight=6.2428275197744361 61.321494787931442 28.704726561903954 91.720467090606689 305.53588888049126
leaf_count=27 276 122 394 1296
internal_value=1.08735e-05 0.000700353 -0.00875535 0.00383494
internal_weight=493.525 487.283 120.425 366.857
internal_count=2115 2088 516 1572
is_linear=0
shrinkage=0.04


Tree=68
num_leaves=6
num_cat=0
split_feature=36 28 102 70 99
split_gain=8.51296 12.0018 11.0117 7.22142 7.14586
threshold=-1.2006978147393272 1.4404051497280326 -0.6969387460821469 -0.42622628683642833 0.20145184746569492
decision_type=2 2 2 2 2
left_child=4 2 -2 -3 -1
right_child=1 3 -4 -5 -6
leaf_value=-0.00045525388842905946 0.013210476604133211 -0.00071914536427036802 -0.0027606149124821556 -0.045655641370476695 0.041280186886706705
leaf_weight=12.066337734460832 83.182046577334404 9.3250367343425768 363.24299183487892 13.080513387918471 12.282173901796339
leaf_count=53 363 40 1550 54 55
internal_value=7.09315e-06 -0.00123113 0.000260914 -0.0285449 0.0221328
internal_weight=493.179 468.831 446.425 22.4056 24.3485
internal_count=2115 2007 1913 94 108
is_linear=0
shrinkage=0.04


Tree=69
num_leaves=6
num_cat=0
split_feature=82 74 100 45 46
split_gain=8.52679 10.4254 15.7209 12.478 5.57528
threshold=-0.61582515005078076 -0.055858370920278018 0.68352479494635443 -1.6868469319930781 1.0000000180025095e-35
decision_type=2 2 2 2 2
left_child=4 2 -2 -3 -1
right_child=1 3 -4 -5 -6
leaf_value=-0.0038750212642547979 0.010516291557607084 0.02281499390006483 -0.036157992282317995 -0.006856069138918488 -0.041508766111124321
leaf_weight=13.578968942165377 197.76465435326099 23.09338241815567 10.318226724863051 237.67109456658363 10.538389652967451
leaf_count=57 861 100 45 1007 45
internal_value=7.8043e-06 0.00124177 0.00787966 -0.00407474 -0.0222389
internal_weight=492.965 468.847 208.083 260.764 24.1174
internal_count=2115 2013 906 1107 102
is_linear=0
shrinkage=0.04


Tree=70
num_leaves=6
num_cat=0
split_feature=1 87 118 114 115
split_gain=8.51057 14.7719 12.8145 8.77976 10.3861
threshold=0.24962063751486682 2.1926084670654888 0.67316856577324569 0.97735959110199822 0.42278698494638073
decision_type=2 2 2 2 2
left_child=1 2 -1 4 -2
right_child=3 -3 -4 -5 -6
leaf_value=0.0065017939128387279 -0.0040878665229299171 0.044345681959684968 -0.013553326885003032 0.019741635457492371 -0.027737286155444407
leaf_weight=232.54764065146446 131.68075215816498 11.918058618903158 63.170014560222626 16.294985607266426 36.733411177992821
leaf_count=994 562 64 270 69 156
internal_value=-1.4972e-06 0.0040658 0.00215543 -0.00674662 -0.00951112
internal_weight=492.345 307.636 295.718 184.709 168.414
internal_count=2115 1328 1264 787 718
is_linear=0
shrinkage=0.04


Tree=71
num_leaves=7
num_cat=0
split_feature=60 74 96 26 13 36
split_gain=8.55463 15.262 14.9569 11.9692 10.6597 7.33946
threshold=0.6180305368195057 -0.61808598066110487 -0.9500347694770116 1.1208278883752756 0.76591133032256853 0.12907377883064333
decision_type=2 2 2 2 2 2
left_child=1 5 -2 -3 -4 -1
right_child=2 3 4 -5 -6 -7
leaf_value=0.044343253685444298 0.032397859892417162 0.0015611416756246635 -0.022321316803615675 -0.037977831213309027 0.013386262333416553 0.0062260098750323255
leaf_weight=17.428078263998032 9.6719885617494565 352.32398851215839 71.599195033311844 10.688673585653303 14.937689796090124 15.130877152085302
leaf_count=85 42 1512 304 45 62 65
internal_value=2.9805e-06 0.00261443 -0.0105688 0.000195231 -0.0159944 0.0280148
internal_weight=491.78 395.572 96.2089 363.013 86.5369 32.559
internal_count=2115 1707 408 1557 366 150
is_linear=0
shrinkage=0.04


Tree=72
num_leaves=5
num_cat=0
split_feature=88 82 74 37
split_gain=8.22358 8.51566 10.6777 5.34803
threshold=-0.99229656150207213 -0.61582515005078076 -0.055858370920278018 -0.34843515759440624
decision_type=2 2 2 2
left_child=-1 3 -3 -2
right_child=1 2 -4 -5
leaf_value=-0.039768133401046096 0.0011592889966002269 0.0087581735549941593 -0.0034539786061140929 -0.035936965851862034
leaf_weight=6.1784982830286017 9.9685185551643389 202.55364854633808 258.62122394144535 14.008142217993734
leaf_count=27 42 888 1098 60
internal_value=9.49369e-06 0.000677258 0.00192441 -0.0216121
internal_weight=491.33 485.152 461.175 23.9767
internal_count=2115 2088 1986 102
is_linear=0
shrinkage=0.04


Tree=73
num_leaves=7
num_cat=0
split_feature=80 61 74 46 39 21
split_gain=8.23604 9.82917 17.8148 12.8992 5.70685 0.717051
threshold=2.717070034422532 0.50081355613854805 -0.21704402660325287 0.74275914358052864 0.28777636578157945 0.27350721785965387
decision_type=2 2 2 2 2 2
left_child=1 2 -1 -3 -2 -6
right_child=4 3 -4 -5 5 -7
leaf_value=0.013729331832555669 -0.0057885547083230239 -0.0061779876739401565 -0.0045968500240364902 -0.047846056814113858 0.017248085989069545 0.03929713414940611
leaf_weight=122.87268244475126 8.9272217601537722 63.199548631906509 263.02968919277191 12.881498157978056 9.8095193207263964 10.142637789249418
leaf_count=549 39 267 1113 54 47 46
internal_value=-2.22497e-06 -0.00133347 0.00127897 -0.0142778 0.0200007 0.0310157
internal_weight=490.863 461.983 385.902 76.081 28.8794 19.9522
internal_count=2115 1983 1662 321 132 93
is_linear=0
shrinkage=0.04


Tree=74
num_leaves=8
num_cat=0
split_feature=4 37 79 110 97 117 84
split_gain=8.16463 13.39 14.4894 12.0548 10.6211 9.65611 7.28246
threshold=0.35758029752913711 -0.86012740900010576 -0.86817705247060051 -0.026746368261854482 -0.6312083916533896 -0.62343142686853947 -0.20558534577209384
decision_type=2 2 2 2 2 2 2
left_child=1 6 -3 5 -5 -2 -1
right_child=3 2 -4 4 -6 -7 -8
leaf_value=0.0062198731050051919 0.013506713084939628 0.023117349509898952 -0.0026264677930865703 -0.021379760266006586 0.0093289016486308735 -0.027688952865706187 0.043412254859896242
leaf_weight=16.354252845048904 9.6912958174943906 38.254882663488388 265.07454387843609 22.078739136457443 69.713290929794312 51.882486507296562 17.259995713829994
leaf_count=73 45 168 1130 96 301 222 80
internal_value=-8.64523e-07 0.00347965 0.000750414 -0.00759388 0.00164415 -0.0209841 0.0266826
internal_weight=490.309 336.944 303.329 153.366 91.792 61.5738 33.6142
internal_count=2115 1451 1298 664 397 267 153
is_linear=0
shrinkage=0.04


Tree=75
num_leaves=6
num_cat=0
split_feature=36 28 110 68 73
split_gain=8.00428 11.0877 10.4295 7.42617 6.83938
threshold=-1.2006978147393272 1.4404051497280326 1.4097785375267133 0.98672316913656066 0.69983332302668766
decision_type=2 2 2 2 2
left_child=4 2 -2 -3 -1
right_child=1 3 -4 -5 -6
leaf_value=0.03696776390147042 -0.0012919908133477696 -0.047719085974421253 0.024573797627070518 -0.0027277127149842144 -0.0047342221652076216
leaf_weight=14.700437843799593 418.88215883821249 11.249178960919382 24.513387277722359 11.000517874956129 9.4379086941480619
leaf_count=65 1804 47 109 47 43
internal_value=6.68299e-06 -0.00119736 0.000241939 -0.0275344 0.021548
internal_weight=489.784 465.645 443.396 22.2497 24.1383
internal_count=2115 2007 1913 94 108
is_linear=0
shrinkage=0.04


Tree=76
num_leaves=7
num_cat=0
split_feature=1 87 91 7 35 64
split_gain=7.93536 13.6649 12.0923 9.23391 12.4922 8.36471
threshold=0.24962063751486682 2.1926084670654888 0.11654746375563126 0.24042562841796486 0.70883546809319753 -0.20453759643147923
decision_type=2 2 2 2 2 2
left_child=1 2 -1 4 -2 -5
right_child=3 -3 -4 5 -6 -7
leaf_value=0.0095407154715629085 -0.0067519235385043652 0.043284563240499722 -0.0066235969766961032 -0.013128983957151698 -0.039927427399481859 0.01380646700542751
leaf_weight=159.20252048224211 86.422239542007446 11.514591127634047 135.07847420871258 27.06556236743927 21.406472787261009 48.834577724337578
leaf_count=695 374 64 569 117 89 207
internal_value=7.47097e-06 0.00394745 0.00212648 -0.00652207 -0.0139452 0.00411096
internal_weight=489.524 305.796 294.281 183.729 107.829 75.9001
internal_count=2115 1328 1264 787 463 324
is_linear=0
shrinkage=0.04


Tree=77
num_leaves=6
num_cat=0
split_feature=38 97 102 34 93
split_gain=7.84151 9.54933 9.72884 7.74878 3.72191
threshold=-0.96422341629146979 -1.063682544538689 -0.37494606243063405 1.0000000180025095e-35 -0.64369636793450458
decision_type=2 2 2 2 2
left_child=4 3 -3 -2 -1
right_child=1 2 -4 -5 -6
leaf_value=0.041814175262736994 -0.00022033298969610345 0.0096859566844279977 -0.0033413303498340354 -0.040528726324376145 0.0066657467604022873
leaf_weight=7.9449348524212864 13.807771593332292 127.29108013212681 313.68101684749126 15.117820382118223 11.150642812252043
leaf_count=41 61 551 1349 64 49
internal_value=7.66795e-06 -0.00105899 0.000445882 -0.0225459 0.0238675
internal_weight=488.993 469.898 440.972 28.9256 19.0956
internal_count=2115 2025 1900 125 90
is_linear=0
shrinkage=0.04


Tree=78
num_leaves=5
num_cat=0
split_feature=116 88 37 109
split_gain=7.83217 9.06223 14.2803 13.062
threshold=-0.80852900875756439 0.51280007170893749 -0.70852083247888642 -1.2358913526001569
decision_type=2 2 2 2
left_child=-1 2 -2 -3
right_child=1 3 -4 -5
leaf_value=-0.031228245626044676 0.021679689089386747 0.01811369691554517 0.00041265547515394858 -0.014986677305327205
leaf_weight=10.515910014510153 58.727239854633808 21.857141271233559 300.97115468233824 96.626657590270042
leaf_count=45 268 99 1289 414
internal_value=9.73227e-06 0.000823907 0.00398556 -0.00868121
internal_weight=488.698 478.182 359.698 118.484
internal_count=2115 2070 1557 513
is_linear=0
shrinkage=0.04


Tree=79
num_leaves=5
num_cat=0
split_feature=85 79 81 57
split_gain=7.80906 9.05289 13.9863 11.0532
threshold=-2.2109853000544066 -0.82778267392542804 -0.097619605209784188 0.098868022756284146
decision_type=2 2 2 2
left_child=-1 3 -3 -2
right_child=1 2 -4 -5
leaf_value=-0.032324580103797733 0.03052034107438439 -0.0113069509171289 0.0040586968718696213 -0.00010955265131026762
leaf_weight=9.6682718992233259 31.763006463646889 147.73448060452938 256.41172883659601 42.645263150334358
leaf_count=45 141 633 1110 186
internal_value=8.50619e-06 0.000793546 -0.00158619 0.0134222
internal_weight=488.223 478.554 404.146 74.4083
internal_count=2115 2070 1743 327
is_linear=0
shrinkage=0.04


Tree=80
num_leaves=6
num_cat=0
split_feature=80 36 63 20 38
split_gain=7.51752 9.46134 16.3404 10.3711 5.63194
threshold=2.717070034422532 0.44901104782909435 -1.1386896034236791 0.15218975442382757 0.35710688704309773
decision_type=2 2 2 2 2
left_child=1 2 -1 -3 -2
right_child=4 3 -4 -5 -6
leaf_value=0.037013806881010018 -0.0010171699618186387 0.0054280218614323437 -0.00012130903400267782 -0.01977191107308806 0.033655030615468012
leaf_weight=18.120716959238052 12.695611655712129 38.631697222590446 328.10994058847427 74.354842096567154 15.907724201679228
leaf_count=78 56 160 1432 313 76
internal_value=6.74671e-06 -0.00126715 0.00202366 -0.0112112 0.019205
internal_weight=487.821 459.217 346.231 112.987 28.6033
internal_count=2115 1983 1510 473 132
is_linear=0
shrinkage=0.04


Tree=81
num_leaves=6
num_cat=0
split_feature=106 48 84 90 114
split_gain=7.53256 14.8803 9.13926 15.8088 10.18
threshold=0.8881893036329005 -0.26298333071735075 0.83273023941120083 0.66461100415082686 0.21324595196124455
decision_type=2 2 2 2 2
left_child=2 -2 3 -1 -4
right_child=1 -3 4 -5 -6
leaf_value=0.0018321216156121779 0.0086840107338260128 -0.042270382437582577 -0.0017985220213409989 -0.023177741979972005 0.026811110093947776
leaf_weight=332.17886069417 16.81857530772686 16.775922328233719 36.375800862908363 44.011760115623474 41.311987571418285
leaf_count=1428 76 77 162 186 186
internal_value=1.59062e-05 -0.0177062 0.00139956 -0.00120096 0.0137063
internal_weight=487.473 33.5945 453.878 376.191 77.6878
internal_count=2115 153 1962 1614 348
is_linear=0
shrinkage=0.04


Tree=82
num_leaves=6
num_cat=0
split_feature=97 105 60 1 97
split_gain=7.30765 10.1966 10.9045 7.32527 6.27623
threshold=-1.0815735256789247 -0.72677392344832559 0.57628707351435315 0.42209780539946778 -1.3648348846580791
decision_type=2 2 2 2 2
left_child=4 3 -3 -2 -1
right_child=1 2 -4 -5 -6
leaf_value=0.0033110541014945366 0.031080629272352396 0.0022709353516219112 -0.014699761995665655 -0.001812068600907856 -0.033303873209953837
leaf_weight=11.902087822556497 27.505108125507832 342.48250760883093 71.51174308359623 16.785219565033913 16.788420826196671
leaf_count=54 131 1479 303 76 72
internal_value=1.02111e-05 0.00127028 -0.000717096 0.0190752 -0.0188885
internal_weight=486.975 458.285 413.994 44.2903 28.6905
internal_count=2115 1989 1782 207 126
is_linear=0
shrinkage=0.04


Tree=83
num_leaves=6
num_cat=0
split_feature=69 75 88 93 63
split_gain=7.23375 11.0883 12.0904 11.9872 4.81384
threshold=-1.4873064838238561 0.63753626474027725 0.55535524599367669 -0.30466423968802803 -0.086039487755425262
decision_type=2 2 2 2 2
left_child=4 2 -2 -3 -1
right_child=1 3 -4 -5 -6
leaf_value=-0.0017000513545946778 0.0054087073080075687 0.017101267582085255 -0.01361687912704535 -0.019163646688737889 0.035608365216633915
leaf_weight=8.5751492902636546 305.37794352322817 16.054685920476913 62.725582614541054 81.143922686576843 12.750723689794539
leaf_count=42 1323 69 273 351 57
internal_value=7.86899e-06 -0.0010773 0.00211064 -0.0129496 0.0217471
internal_weight=486.628 465.302 368.104 97.1986 21.3259
internal_count=2115 2016 1596 420 99
is_linear=0
shrinkage=0.04


Tree=84
num_leaves=4
num_cat=0
split_feature=88 116 88
split_gain=7.28295 7.52375 9.28254
threshold=-0.99229656150207213 -0.80852900875756439 0.51280007170893749
decision_type=2 2 2
left_child=-1 -2 -3
right_child=1 2 -4
leaf_value=-0.037732205991117325 -0.030113082474156113 0.0047000344792176539 -0.0081820116467041949
leaf_weight=6.0454621464014044 10.404267966747282 351.88627691566944 117.84041964262724
leaf_count=27 45 1530 513
internal_value=1.15495e-05 0.000641343 0.00144733
internal_weight=486.176 480.131 469.727
internal_count=2115 2088 2043
is_linear=0
shrinkage=0.04


Tree=85
num_leaves=7
num_cat=0
split_feature=1 87 118 47 64 57
split_gain=7.31034 12.9088 10.6448 8.02711 10.674 5.76643
threshold=0.24962063751486682 2.1926084670654888 0.67316856577324569 -0.47689052319088898 0.16431981741367077 -1.0733321925967945
decision_type=2 2 2 2 2 2
left_child=1 2 -1 4 -2 -5
right_child=3 -3 -4 5 -6 -7
leaf_value=0.0060201402522772765 -0.0080821309689125247 0.042515243375609767 -0.012379629371790098 0.013205944193001935 0.031007377106024782 -0.013445119202365626
leaf_weight=229.72811667621136 24.850336879491806 11.189640469849108 62.297772958874702 12.842826440930365 17.427954524755478 127.53285104036331
leaf_count=994 108 64 270 54 78 547
internal_value=-7.28009e-07 0.00379998 0.00203742 -0.00628294 0.00870408 -0.0108556
internal_weight=485.869 303.216 292.026 182.654 42.2783 140.376
internal_count=2115 1328 1264 787 186 601
is_linear=0
shrinkage=0.04


Tree=86
num_leaves=5
num_cat=0
split_feature=36 40 47 99
split_gain=7.17101 10.9093 10.0407 6.72585
threshold=-1.2006978147393272 1.9046448003603149 1.601992763259759 0.20145184746569492
decision_type=2 2 2 2
left_child=3 2 -2 -1
right_child=1 -3 -4 -5
leaf_value=-0.0014915394858299562 0.0012550477863511418 -0.033618044917276893 -0.028915260287986414 0.039253888183863682
leaf_weight=11.790629521012308 431.16514568030834 13.970875680446623 16.398838028311729 12.023980692028998
leaf_count=53 1875 61 71 55
internal_value=9.54685e-06 -0.00113319 2.58823e-05 0.0205282
internal_weight=485.349 461.535 447.564 23.8146
internal_count=2115 2007 1946 108
is_linear=0
shrinkage=0.04


Tree=87
num_leaves=6
num_cat=0
split_feature=82 10 74 46 93
split_gain=7.11834 8.34487 8.11252 4.9668 2.36596
threshold=-0.61582515005078076 -0.95949000362496883 -0.055858370920278018 1.0000000180025095e-35 -0.63457759927846413
decision_type=2 2 2 2 2
left_child=3 4 -3 -1 -2
right_child=1 2 -4 -5 -6
leaf_value=-0.0032199315935419288 0.041816585229592626 0.0060387863646601207 -0.0047911708415294373 -0.038996199328566648 0.010672104889211475
leaf_weight=13.435274243354799 7.3663341552019146 197.16164287179708 247.06685543805361 10.213649183511732 9.9566759318113309
leaf_count=57 40 869 1060 45 44
internal_value=5.45431e-06 0.00114042 2.10044e-05 -0.0205072 0.0268732
internal_weight=485.2 461.552 444.228 23.6489 17.323
internal_count=2115 2013 1929 102 84
is_linear=0
shrinkage=0.04


Tree=88
num_leaves=7
num_cat=0
split_feature=80 81 79 28 8 66
split_gain=6.99545 9.56533 15.8117 13.6408 7.42451 1.92494
threshold=-0.8502577601629111 -0.08480152091219427 -0.62897087967190102 -0.25508808291485136 -0.32827335406724939 0.31524069515712211
decision_type=2 2 2 2 2 2
left_child=4 2 -2 -3 -1 -6
right_child=1 3 -4 -5 5 -7
leaf_value=-0.0088308485236002696 0.0044289183383795358 -0.0092002547445549209 -0.017937951010528447 0.010327102342384242 0.042269162094554259 0.013336157286107318
leaf_weight=9.9176989048719424 91.959826841950417 83.720599658787251 108.62441672384739 170.96283923089504 10.632310166954996 8.9097601622343046
leaf_count=45 399 365 468 748 49 41
internal_value=7.24568e-06 -0.00124802 -0.00774115 0.00388632 0.0182521 0.0315407
internal_weight=484.727 455.268 200.584 254.683 29.4598 19.5421
internal_count=2115 1980 867 1113 135 90
is_linear=0
shrinkage=0.04


Tree=89
num_leaves=6
num_cat=0
split_feature=106 48 84 90 114
split_gain=6.89912 13.5325 8.47616 14.4591 9.43742
threshold=0.8881893036329005 -0.26298333071735075 0.83273023941120083 0.66461100415082686 0.21324595196124455
decision_type=2 2 2 2 2
left_child=2 -2 3 -1 -4
right_child=1 -3 4 -5 -6
leaf_value=0.0017342076506216796 0.0081474409280210651 -0.040780735578665031 -0.0017219472669125319 -0.022264140823048943 0.025928524814262728
leaf_weight=330.33051849901676 16.675732545554638 16.424875408411026 36.166157118976116 43.698734015226364 40.898517608642578
leaf_count=1428 76 77 162 186 186
internal_value=1.28379e-05 -0.0170715 0.00133628 -0.00117308 0.013237
internal_weight=484.195 33.1006 451.094 374.029 77.0647
internal_count=2115 153 1962 1614 348
is_linear=0
shrinkage=0.04


Tree=90
num_leaves=8
num_cat=0
split_feature=102 60 74 85 37 7 8
split_gain=6.91877 9.98082 11.5592 10.3602 8.51364 6.74727 2.56891
threshold=-1.0325459592251376 0.6180305368195057 -0.61808598066110487 -0.015850392985564007 -0.12234095383865892 0.24042562841796486 -0.23211880769787094
decision_type=2 2 2 2 2 2 2
left_child=4 2 -2 -3 6 -6 -1
right_child=1 3 -4 -5 5 -7 -8
leaf_value=0.045745581499685446 0.024641171977653368 -0.02269948810348477 -0.00093240563954126779 0.0068907991659228384 -0.017423045595580621 0.017571796114320873 0.015780435045612724
leaf_weight=9.319831460714342 29.059268623590469 59.772909164428711 314.61729510128498 26.182277902960777 16.293534547090534 15.016258001327513 13.422182261943815
leaf_count=43 138 255 1368 114 71 67 59
internal_value=7.37965e-06 -0.00170955 0.00136 -0.0137344 0.0132284 -0.000592104 0.0307655
internal_weight=483.684 429.632 343.677 85.9552 54.0518 31.3098 22.742
internal_count=2115 1875 1506 369 240 138 102
is_linear=0
shrinkage=0.04


Tree=91
num_leaves=7
num_cat=0
split_feature=1 114 115 37 28 30
split_gain=6.88666 7.90403 8.72588 7.82198 15.2838 8.97438
threshold=0.24962063751486682 0.9369968559107309 0.42278698494638073 -0.86012740900010576 -0.56105072978341819 0.16321403093731288
decision_type=2 2 2 2 2 2
left_child=3 2 -2 5 -5 -1
right_child=1 -3 -4 4 -6 -7
leaf_value=0.036831788943648761 -0.0038085268504880745 0.018474827517423863 -0.025758672595666807 -0.020441437017362989 0.0055550438648218304 -0.0084347582886021254
leaf_weight=19.833985276520256 129.09398378431797 17.022715970873833 35.72702157497406 40.834980919957161 231.34303689748049 9.3776492178440076
leaf_count=93 559 73 155 172 1018 45
internal_value=1.89758e-05 -0.00609013 -0.00881827 0.00372076 0.00153412 0.0226908
internal_weight=483.233 181.844 164.821 301.39 272.178 29.2116
internal_count=2115 787 714 1328 1190 138
is_linear=0
shrinkage=0.04


Tree=92
num_leaves=5
num_cat=0
split_feature=83 102 97 46
split_gain=6.78181 7.54919 13.1243 11.3882
threshold=-2.7941876196864155 -0.37494606243063405 -0.63411305663601003 1.0000000180025095e-35
decision_type=2 2 2 2
left_child=-1 2 -2 -3
right_child=1 3 -4 -5
leaf_value=-0.03204443340199236 -0.0068664044715843154 0.0047876777086391428 0.017199149555301746 -0.010118359143960467
leaf_weight=8.3309168368577939 57.20594147592783 161.2907370775938 93.037494994699955 163.01246329396963
leaf_count=36 255 700 408 716
internal_value=1.8792e-05 0.000713803 0.00806624 -0.002721
internal_weight=482.878 474.547 150.243 324.303
internal_count=2115 2079 663 1416
is_linear=0
shrinkage=0.04


Tree=93
num_leaves=5
num_cat=0
split_feature=74 58 46 80
split_gain=6.61385 11.2507 9.9112 8.81161
threshold=-1.0234107596904274 1.1163677065984803 1.0000000180025095e-35 -0.43379856982882364
decision_type=2 2 2 2
left_child=-1 2 -2 -3
right_child=1 3 -4 -5
leaf_value=0.02638158319123312 0.0069453931630998758 0.0060359569967216057 -0.0049922117285895688 -0.039047608623316674
leaf_weight=12.758807979524134 214.33812413364649 9.6906165927648562 227.18341443687677 18.787124082446098
leaf_count=63 932 45 994 81
internal_value=1.37357e-05 -0.000810811 0.000808126 -0.0243169
internal_weight=482.758 469.999 441.522 28.4777
internal_count=2115 2052 1926 126
is_linear=0
shrinkage=0.04


Tree=94
num_leaves=7
num_cat=0
split_feature=80 36 63 74 39 21
split_gain=6.63121 8.41976 14.6579 9.67467 5.39381 0.806196
threshold=2.717070034422532 0.44901104782909435 -1.1386896034236791 0.035681679075738403 0.28777636578157945 0.27350721785965387
decision_type=2 2 2 2 2 2
left_child=1 2 -1 -3 -2 -6
right_child=4 3 -4 -5 5 -7
leaf_value=0.035332267206994498 -0.0067750191479603282 -0.0030441502949875221 -0.00010082925711030551 -0.028752693039352729 0.015446508020934993 0.037499180947268181
leaf_weight=17.82074299454689 8.8225666135549563 80.841516569256783 324.35104068368673 31.30506107211113 9.5268944576382655 9.8321975171565992
leaf_count=78 39 338 1432 135 47 46
internal_value=1.24638e-05 -0.00118861 0.00193917 -0.0105986 0.0181708 0.0291093
internal_weight=482.5 454.318 342.172 112.147 28.1817 19.3591
internal_count=2115 1983 1510 473 132 93
is_linear=0
shrinkage=0.04


Tree=95
num_leaves=6
num_cat=0
split_feature=82 61 74 25 46
split_gain=6.61776 7.83375 13.7162 11.6946 4.46486
threshold=-0.61582515005078076 0.52367272271332743 -0.12918217253033323 0.97636125402282603 1.0000000180025095e-35
decision_type=2 2 2 2 2
left_child=4 2 -2 -3 -1
right_child=1 3 -4 -5 -6
leaf_value=-0.0034215786475276528 0.013676048737360478 -0.0027165843533859834 -0.0021027724828590316 -0.04205493819178277 -0.037566772102033005
leaf_weight=13.397909119725229 133.64385278522968 61.345308810472488 250.49850089848042 13.159871175885199 10.030003577470778
leaf_count=57 612 264 1083 54 45
internal_value=2.04124e-05 0.00111689 0.00342911 -0.0105827 -0.0198449
internal_weight=482.075 458.648 384.142 74.5052 23.4279
internal_count=2115 2013 1695 318 102
is_linear=0
shrinkage=0.04


Tree=96
num_leaves=5
num_cat=0
split_feature=36 40 34 116
split_gain=6.58383 10.155 9.59152 6.4124
threshold=-1.2006978147393272 1.9046448003603149 -1.1923480358370471 0.77632522349211319
decision_type=2 2 2 2
left_child=3 2 -2 -1
right_child=1 -3 -4 -5
leaf_value=-0.0025863113505001536 -0.0336428237893436 -0.03255705875146641 0.00104833580326251 0.03737089472102164
leaf_weight=11.14507180452347 11.136882677674292 13.845035925507544 432.97093230485916 12.434184536337851
leaf_count=47 48 61 1898 61
internal_value=7.41864e-06 -0.00109106 3.14583e-05 0.019759
internal_weight=481.532 457.953 444.108 23.5793
internal_count=2115 2007 1946 108
is_linear=0
shrinkage=0.04


Tree=97
num_leaves=8
num_cat=0
split_feature=1 7 35 105 58 84 64
split_gain=6.50799 8.17095 10.6492 7.94699 10.728 8.41979 7.82984
threshold=0.24962063751486682 0.24042562841796486 0.70883546809319753 -0.74765366666108657 0.85482620484843874 0.31531719152219478 -0.20453759643147923
decision_type=2 2 2 2 2 2 2
left_child=3 2 -2 5 -5 -1 -3
right_child=1 6 -4 4 -6 -7 -8
leaf_value=0.036425861771937011 -0.0062999692844009957 -0.012682633140088866 -0.037178319122181579 0.0034930037890868672 -0.026248749163407706 -0.0022915982877682985 0.013552588738261991
leaf_weight=20.356819070875645 85.249824658036232 26.677782371640205 21.024757839739323 246.16615776717663 19.054362654685974 14.652074381709097 48.184893250465393
leaf_count=100 374 117 89 1078 83 67 207
internal_value=2.34521e-06 -0.00594782 -0.0129827 0.00360786 0.00117579 0.0209735 0.00411676
internal_weight=481.367 181.137 106.275 300.229 265.221 35.0089 74.8627
internal_count=2115 787 463 1328 1161 167 324
is_linear=0
shrinkage=0.04


Tree=98
num_leaves=7
num_cat=0
split_feature=106 67 36 84 90 12
split_gain=6.42395 12.9775 8.87586 7.60043 13.1049 8.78783
threshold=0.8881893036329005 -0.61607660992221891 -0.68036908457161183 0.83273023941120083 0.66461100415082686 0.081340794701732208
decision_type=2 2 2 2 2 2
left_child=3 2 -2 4 -1 -5
right_child=1 -3 -4 5 -6 -7
leaf_value=0.0016688986300999618 0.027214057995034485 -0.046353148605588521 -0.020774639567373961 0.0014449860987900366 -0.02125293189174551 0.028777880332895901
leaf_weight=328.55279920250177 10.220560029149054 11.996792137622831 10.482244417071344 46.509217195212841 43.393182069063187 29.872678436338902
leaf_count=1428 48 60 45 210 186 138
internal_value=-2.67957e-06 -0.0165863 0.00322678 0.00127517 -0.00110465 0.0125963
internal_weight=481.027 32.6996 20.7028 448.328 371.946 76.3819
internal_count=2115 153 93 1962 1614 348
is_linear=0
shrinkage=0.04


Tree=99
num_leaves=5
num_cat=0
split_feature=116 88 48 28
split_gain=6.34494 7.51692 12.718 10.5642
threshold=-0.80852900875756439 0.51280007170893749 -0.06628588263093381 -0.45564537024212387
decision_type=2 2 2 2
left_child=-1 2 -2 -3
right_child=1 3 -4 -5
leaf_value=-0.028492378858840754 0.012588539192876249 -0.029420992768406814 -0.0027342588900216044 -0.0013121248111649891
leaf_weight=10.196866273880003 146.13868650048971 26.105189517140388 207.51625100523233 90.436656452715397
leaf_count=45 642 114 915 399
internal_value=-7.69238e-06 0.000728101 0.00363267 -0.00799862
internal_weight=480.394 470.197 353.655 116.542
internal_count=2115 2070 1557 513
is_linear=0
shrinkage=0.04


Tree=100
num_leaves=5
num_cat=0
split_feature=83 102 97 46
split_gain=6.32636 6.85076 11.6689 9.9509
threshold=-2.7941876196864155 -0.37494606243063405 -0.63411305663601003 1.0000000180025095e-35
decision_type=2 2 2 2
left_child=-1 2 -2 -3
right_child=1 3 -4 -5
leaf_value=-0.03111811010223485 -0.0064424816187137381 0.0044167925044559719 0.016329143167368654 -0.0095534335517444748
leaf_weight=8.2422542572021467 56.804871961474419 160.42734093219042 92.373364381492138 162.17581170797348
leaf_count=36 255 700 408 716
internal_value=-1.56996e-05 0.000656742 0.00768753 -0.00262177
internal_weight=480.024 471.781 149.178 322.603
internal_count=2115 2079 663 1416
is_linear=0
shrinkage=0.04


Tree=101
num_leaves=6
num_cat=0
split_feature=82 115 35 18 37
split_gain=6.24944 7.35672 9.39841 8.63778 4.52003
threshold=-0.61582515005078076 -0.7431877101277502 0.70883546809319753 0.42754856049069395 -0.34843515759440624
decision_type=2 2 2 2 2
left_child=4 2 -2 -3 -1
right_child=1 3 -4 -5 -6
leaf_value=0.0015553269933005435 0.02094890250834738 0.0023860323096858045 -0.018541958931081539 -0.011301747243034604 -0.032845900933540985
leaf_weight=9.8107763379812258 49.849755927920341 301.0142934024334 10.207100912928579 95.518752805888653 13.478324234485624
leaf_count=42 254 1300 43 416 60
internal_value=-1.93168e-05 0.00104826 0.0138559 -0.000951315 -0.0193771
internal_weight=479.879 456.59 60.0569 396.533 23.2891
internal_count=2115 2013 297 1716 102
is_linear=0
shrinkage=0.04


Tree=102
num_leaves=6
num_cat=0
split_feature=80 61 74 28 38
split_gain=6.2084 7.2448 13.8534 11.8524 5.05682
threshold=2.717070034422532 0.50081355613854805 -0.61808598066110487 0.058810222005388289 0.35710688704309773
decision_type=2 2 2 2 2
left_child=1 2 -1 -3 -2
right_child=4 3 -4 -5 -6
leaf_value=0.022935816365932317 -0.0014390462134986398 0.0024907784764970327 -0.0015831164107090521 -0.028899591277208314 0.031674086875391735
leaf_weight=39.366823144257069 12.577326454222204 40.092980571091175 337.49149373918772 34.50435446202755 15.298088014125822
leaf_count=186 56 173 1476 148 76
internal_value=-2.46517e-05 -0.00118819 0.0010857 -0.012404 0.0176374
internal_weight=479.331 451.456 376.858 74.5973 27.8754
internal_count=2115 1983 1662 321 132
is_linear=0
shrinkage=0.04


Tree=103
num_leaves=6
num_cat=0
split_feature=40 33 39 36 110
split_gain=6.07334 10.1672 9.23054 12.507 10.5487
threshold=1.9046448003603149 -0.73910416201700613 1.1617425074360355 1.2520718084945377 0.16977888622952694
decision_type=2 2 2 2 2
left_child=2 -2 3 -1 -4
right_child=1 -3 4 -5 -6
leaf_value=0.00055625415227394004 0.006655294953805793 -0.046661997389296703 -0.0074325627360016565 -0.032961975413650514 0.031569457856106133
leaf_weight=397.04503619670868 10.541498377919199 9.4833715707063657 16.334917470812798 16.6458720266819 28.793113507330418
leaf_count=1752 46 42 71 68 136
internal_value=-1.90447e-05 -0.020539 0.000961792 -0.000944534 0.0177357
internal_weight=478.844 20.0249 458.819 413.691 45.128
internal_count=2115 88 2027 1820 207
is_linear=0
shrinkage=0.04


Tree=104
num_leaves=6
num_cat=0
split_feature=106 48 12 4 80
split_gain=6.1289 11.6163 7.82184 13.1151 8.10004
threshold=0.8881893036329005 -0.26298333071735075 -0.70375308662708991 -0.35087225710676212 0.49941068486362555
decision_type=2 2 2 2 2
left_child=2 -2 4 -4 -1
right_child=1 -3 3 -5 -6
leaf_value=-0.02233874312775869 0.007154316114486867 -0.038803323419526345 0.015834419515354057 -0.00098848656555490673 0.006994684625453983
leaf_weight=39.265573501586914 16.375911965966225 15.79005169123411 97.915137737989426 286.68702745437622 22.503004372119904
leaf_count=173 76 77 417 1272 100
internal_value=-2.60986e-05 -0.0163568 0.00121842 0.00335418 -0.011768
internal_weight=478.537 32.166 446.371 384.602 61.7686
internal_count=2115 153 1962 1689 273
is_linear=0
shrinkage=0.04


Tree=105
num_leaves=6
num_cat=0
split_feature=38 97 11 34 93
split_gain=6.09887 7.63349 8.89506 6.60262 3.37045
threshold=-0.96422341629146979 -1.063682544538689 -1.0187944312077952 1.0000000180025095e-35 -0.64369636793450458
decision_type=2 2 2 2 2
left_child=4 3 -3 -2 -1
right_child=1 2 -4 -5 -6
leaf_value=0.039242716981813752 0.000260909538998605 -0.020276674015459305 0.0019632451815072231 -0.037381494434434052 0.005248527699169666
leaf_weight=7.3276713937521007 13.507988139986994 28.975060150027275 403.07958698272705 14.56428177654743 10.800865009427069
leaf_count=41 61 126 1774 64 49
internal_value=-3.0657e-05 -0.000969327 0.000385203 -0.0204558 0.0215231
internal_weight=478.255 460.127 432.055 28.0723 18.1285
internal_count=2115 2025 1900 125 90
is_linear=0
shrinkage=0.04


Tree=106
num_leaves=6
num_cat=0
split_feature=80 112 112 48 4
split_gain=5.96325 8.03512 12.6979 10.0039 5.96958
threshold=-0.88509332772632621 -0.13088272795992992 -0.70706804895109465 -0.085028384208883964 0.27212752682276892
decision_type=2 2 2 2 2
left_child=4 2 -2 -3 -1
right_child=1 3 -4 -5 -6
leaf_value=0.03207440176679105 0.00081977301687594626 0.011701315351517423 -0.02108454822238956 -0.0035122471291681042 -0.0064700919368971422
leaf_weight=15.556544587016107 107.75783509016037 120.38724708557129 67.602546736598015 157.44031397253275 9.2296421974897367
leaf_count=77 477 527 303 691 40
internal_value=-3.12619e-05 -0.00111045 -0.00776702 0.00311656 0.0183101
internal_weight=477.974 453.188 175.36 277.828 24.7862
internal_count=2115 1998 780 1218 117
is_linear=0
shrinkage=0.04


Tree=107
num_leaves=5
num_cat=0
split_feature=74 15 14 117
split_gain=5.92641 7.17873 12.9754 10.8441
threshold=-1.0234107596904274 0.25376438840661497 0.36385738868953682 -0.2519081402171659
decision_type=2 2 2 2
left_child=-1 2 -2 -3
right_child=1 3 -4 -5
leaf_value=0.025221609867422869 -0.0017572834086682831 0.0031142413718661922 0.01768272517733022 -0.017138239625996841
leaf_weight=12.428059302270411 228.43170703202486 80.553463764488697 70.206837691366673 85.879293970763683
leaf_count=63 1006 361 310 375
internal_value=-2.75835e-05 -0.000807425 0.00290009 -0.00741545
internal_weight=477.499 465.071 298.639 166.433
internal_count=2115 2052 1316 736
is_linear=0
shrinkage=0.04


Tree=108
num_leaves=5
num_cat=0
split_feature=91 36 40 116
split_gain=5.90326 8.03658 10.6799 4.74239
threshold=1.1664232202451787 -1.2006978147393272 1.9046448003603149 0.77632522349211319
decision_type=2 2 2 2
left_child=1 3 -3 -1
right_child=-2 2 -4 -5
leaf_value=0.0018652458827587599 -0.026405798274617899 0.00064773616475964125 -0.0348109132605346 0.039295518270004486
leaf_weight=9.4824200570583361 11.196263782680033 433.16831523925066 12.029194220900534 11.311761699616907
leaf_count=40 51 1912 54 58
internal_value=-2.17922e-05 0.000722268 -0.000461753 0.0238881
internal_weight=477.188 465.992 445.198 20.7942
internal_count=2115 2064 1966 98
is_linear=0
shrinkage=0.04


Tree=109
num_leaves=7
num_cat=0
split_feature=102 110 46 53 85 112
split_gain=5.96442 8.49125 7.78881 6.57363 8.66112 5.60657
threshold=-1.0325459592251376 1.4097785375267133 1.0000000180025095e-35 -0.24999999999999997 0.51456689710008707 -0.025599960590897343
decision_type=2 2 2 2 2 2
left_child=3 2 -2 -1 -5 -3
right_child=1 5 -4 4 -6 -7
leaf_value=-0.010782661751396739 0.0023927887772146597 0.00049073754327979798 -0.0087426888635325044 0.032811044905182898 -0.0054814286161171052 0.037055958926869366
leaf_weight=13.338737338781355 203.22757203131914 12.612101897597315 195.53637469559908 26.373754397034645 13.407056927680967 12.46892526745796
leaf_count=60 896 54 865 120 60 60
internal_value=-2.39575e-05 -0.00162642 -0.00308394 0.0123573 0.020261 0.0200631
internal_weight=476.965 423.845 398.764 53.1195 39.7808 25.081
internal_count=2115 1875 1761 240 180 114
is_linear=0
shrinkage=0.04


Tree=110
num_leaves=5
num_cat=0
split_feature=69 91 106 44
split_gain=5.81716 10.8391 10.0437 4.36511
threshold=-1.4873064838238561 1.0829928696052422 0.8881893036329005 0.27581388026992837
decision_type=2 2 2 2
left_child=3 2 -2 -1
right_child=1 -3 -4 -5
leaf_value=0.03606074638835427 0.0015500303795793918 -0.039302777471301058 -0.022930424884623758 0.00077201391003921499
leaf_weight=10.174034968018534 419.76971840858459 9.520577207207678 26.635428845882416 10.565150752663611
leaf_count=49 1845 42 129 50
internal_value=-1.45239e-05 -0.000995046 -6.39304e-06 0.0197327
internal_weight=476.665 455.926 446.405 20.7392
internal_count=2115 2016 1974 99
is_linear=0
shrinkage=0.04


Tree=111
num_leaves=7
num_cat=0
split_feature=80 81 79 28 8 66
split_gain=5.78393 8.05033 13.8383 12.3411 6.93221 1.92085
threshold=-0.8502577601629111 -0.08480152091219427 -0.93228265104621066 -0.25508808291485136 -0.32827335406724939 0.31524069515712211
decision_type=2 2 2 2 2 2
left_child=4 2 -2 -3 -1 -6
right_child=1 3 -4 -5 5 -7
leaf_value=-0.00946165165096002 0.0088975002228021457 -0.0089319708928787857 -0.014030693976932868 0.0097668206483627062 0.040564350066209037 0.011888312046353747
leaf_weight=9.7242571264505404 58.600258678197861 82.717529632151127 138.20301048457623 168.05003882199526 10.307375997304918 8.6705422699451429
leaf_count=45 261 365 606 748 49 41
internal_value=-1.80574e-05 -0.00116511 -0.00718275 0.00357702 0.0167794 0.0298455
internal_weight=476.273 447.571 196.803 250.768 28.7022 18.9779
internal_count=2115 1980 867 1113 135 90
is_linear=0
shrinkage=0.04


Tree=112
num_leaves=6
num_cat=0
split_feature=28 57 110 78 28
split_gain=5.9006 11.0245 8.56228 8.28038 6.54053
threshold=1.4404051497280326 0.23377206476520804 1.4097785375267133 -1.2651272415345349 0.15930275608256836
decision_type=2 2 2 2 2
left_child=2 -2 3 -1 -4
right_child=1 -3 4 -5 -6
leaf_value=0.025164741994336243 0.0064365166234732468 -0.042217207995355041 0.0010560066940791398 -0.0014697453735006466 0.041425418312690435
leaf_weight=17.569511726498604 14.394151307642462 12.499858513474463 11.795418307185175 407.07402622699738 12.381370618939398
leaf_count=76 65 55 52 1807 60
internal_value=-1.06191e-05 -0.0175338 0.00111253 -0.00025495 0.0233154
internal_weight=475.714 26.894 448.82 424.644 24.1768
internal_count=2115 120 1995 1883 112
is_linear=0
shrinkage=0.04


Tree=113
num_leaves=8
num_cat=0
split_feature=37 105 28 118 61 14 78
split_gain=5.83988 14.5304 12.439 11.4007 10.5437 9.28016 6.52617
threshold=-0.70852083247888642 -0.34953822896371933 -0.43095569928636651 -0.10078624301314369 0.52367272271332743 0.3541733674005903 0.39160729646508585
decision_type=2 2 2 2 2 2 2
left_child=1 6 3 -2 -4 -3 -1
right_child=2 5 4 -5 -6 -7 -8
leaf_value=0.038562798364691273 0.0014423710723564928 -0.017856918938036342 0.0045520218213953275 -0.029592177254902624 -0.015105944357180066 0.022541278341136787 -0.001042806154965182
leaf_weight=24.885779336094856 32.755257934331894 28.741515576839447 277.27741612493992 42.32930825650692 49.759204551577568 11.011274307966231 8.7099640592932683
leaf_count=124 138 124 1241 183 211 49 45
internal_value=-4.81929e-06 0.0102187 -0.00191098 -0.0163674 0.00148739 -0.00612314 0.0288131
internal_weight=475.47 73.3485 402.121 75.0846 327.037 39.7528 33.5957
internal_count=2115 342 1773 321 1452 173 169
is_linear=0
shrinkage=0.04


Tree=114
num_leaves=7
num_cat=0
split_feature=1 87 90 7 35 72
split_gain=5.816 11.6535 8.66797 7.33235 13.1266 7.39053
threshold=0.24962063751486682 2.1926084670654888 0.11364870788296084 0.081554270279756563 0.77931821435867421 0.89410940296621744
decision_type=2 2 2 2 2 2
left_child=1 2 -1 4 -2 -5
right_child=3 -3 -4 5 -6 -7
leaf_value=0.0083606543700400198 -0.0059550032773289146 0.041204225485243488 -0.0055013431217091416 0.0067596574237210943 -0.044268096285677093 -0.026930822444437265
leaf_weight=149.39954899996519 73.958195686340332 10.523010633885859 136.04440984874964 78.993712119758129 16.00365985929966 9.9696566015481931
leaf_count=668 329 64 596 345 69 44
internal_value=-3.79837e-06 0.00343115 0.00176163 -0.0056608 -0.0135852 0.00247503
internal_weight=474.892 295.967 285.444 178.925 89.9619 88.9634
internal_count=2115 1328 1264 787 398 389
is_linear=0
shrinkage=0.04


Tree=115
num_leaves=7
num_cat=0
split_feature=97 105 58 1 9 47
split_gain=5.7271 7.79626 11.158 5.81062 5.25729 5.59459
threshold=-1.0815735256789247 -0.87956528789775401 1.1163677065984803 0.48696617179840801 0.24405653790938606 0.10984272452040643
decision_type=2 2 2 2 2 2
left_child=4 3 -3 -2 5 -1
right_child=1 2 -4 -5 -6 -7
leaf_value=-0.022879694841328981 0.03733435896775622 0.0013612678898868556 -0.02775009959309151 -0.002803684510082526 -0.038193475292182019 0.017332248425441649
leaf_weight=9.1983856707811409 13.955078497529032 403.89120345562696 20.219269767403603 8.6283033043146116 9.5169835388660413 8.9941722899675351
leaf_count=43 76 1782 90 41 43 40
internal_value=-7.8119e-06 0.00111839 -0.000150337 0.0230186 -0.0170159 -0.00325179
internal_weight=474.403 446.694 424.11 22.5834 27.7095 18.1926
internal_count=2115 1989 1872 117 126 83
is_linear=0
shrinkage=0.04


Tree=116
num_leaves=8
num_cat=0
split_feature=84 79 82 108 47 7 38
split_gain=5.68857 8.62322 10.0823 7.99239 9.3788 8.03047 7.47405
threshold=-0.8753187320908391 -0.82778267392542804 -0.54106207420819341 0.32821128714647879 -0.41269584466327353 0.052631140810510881 0.95548440487395558
decision_type=2 2 2 2 2 2 2
left_child=3 6 -3 4 -1 -5 -2
right_child=1 2 -4 5 -6 -7 -8
leaf_value=0.0069558250672020544 0.021841316301500231 -0.025697049417507636 0.0010333366383850592 0.021820594286171252 -0.041085044394737764 -0.016669856625103816 -0.012323626805556733
leaf_weight=8.7180418968200701 49.642766550183296 22.212858483195305 332.5884276330471 15.253086745738985 18.751128226518631 15.473653152585028 11.389370791614054
leaf_count=40 228 99 1476 68 86 67 51
internal_value=-1.33081e-05 0.00164296 -0.000774819 -0.0115094 -0.0264008 0.00260305 0.015277
internal_weight=474.029 415.833 354.801 58.1959 27.4692 30.7267 61.0321
internal_count=2115 1854 1575 261 126 135 279
is_linear=0
shrinkage=0.04


Tree=117
num_leaves=7
num_cat=0
split_feature=37 105 28 35 97 95
split_gain=5.54915 13.613 11.7819 10.0417 9.41404 7.0878
threshold=-0.70852083247888642 -0.34953822896371933 -0.79803485293504373 -0.23725702309243865 -1.063682544538689 -0.24855386894320938
decision_type=2 2 2 2 2 2
left_child=1 5 -2 -3 -4 -1
right_child=2 3 4 -5 -6 -7
leaf_value=0.0074567037923144435 -0.039397571334702737 0.022149998388941442 -0.024481770091598881 -0.01887577748510668 0.0009785481724442597 0.044640850747775247
leaf_weight=16.020736493170261 10.961735129356383 12.197672903537748 22.799690693616867 27.493635550141335 366.91352535039186 17.153074197471142
leaf_count=81 47 52 105 121 1621 88
internal_value=-2.03003e-05 0.00997992 -0.00187944 -0.00581025 -0.00062837 0.0281285
internal_weight=473.54 72.8651 400.675 39.6913 389.713 33.1738
internal_count=2115 342 1773 173 1726 169
is_linear=0
shrinkage=0.04


Tree=118
num_leaves=5
num_cat=0
split_feature=87 75 47 88
split_gain=5.48063 7.87189 12.7338 9.41087
threshold=2.5758003228250281 0.63753626474027725 -0.0040662871536056968 0.55535524599367669
decision_type=2 2 2 2
left_child=1 3 -3 -1
right_child=-2 2 -4 -5
leaf_value=0.005057821984908382 0.026265828630876797 -0.025834171001786161 0.0018664775638848846 -0.012047267046903412
leaf_weight=297.08409674465656 10.362185440957544 45.003553695976734 60.453307174146175 60.203967623412609
leaf_count=1323 60 201 264 267
internal_value=-2.04181e-05 -0.000719543 -0.0102155 0.00212455
internal_weight=473.107 462.745 105.457 357.288
internal_count=2115 2055 465 1590
is_linear=0
shrinkage=0.04


Tree=119
num_leaves=6
num_cat=0
split_feature=80 81 79 28 61
split_gain=5.42761 6.78385 11.8152 11.3118 5.79048
threshold=-0.88509332772632621 -0.08480152091219427 -0.93228265104621066 -0.25508808291485136 0.48068090384236356
decision_type=2 2 2 2 2
left_child=4 2 -2 -3 -1
right_child=1 3 -4 -5 -6
leaf_value=0.031338513161944498 0.0084268073681479511 -0.0086499508782243526 -0.012765755813507387 0.0092737815806968708 -0.006840734914953581
leaf_weight=15.239348851144316 58.135869801044464 82.617130227386951 140.39208774268627 167.17877267301083 9.0997632741928083
leaf_count=78 261 367 621 749 39
internal_value=-2.0375e-05 -0.00105257 -0.00653769 0.00332409 0.0176287
internal_weight=472.663 448.324 198.528 249.796 24.3391
internal_count=2115 1998 882 1116 117
is_linear=0
shrinkage=0.04


end of trees

feature_importances:
Column_74=30
Column_28=23
Column_87=23
Column_115=23
Column_36=22
Column_82=22
Column_80=20
Column_97=20
Column_37=18
Column_81=18
Column_106=18
Column_116=16
Column_1=14
Column_73=13
Column_88=13
Column_91=13
Column_79=12
Column_86=12
Column_93=12
Column_47=11
Column_60=11
Column_46=10
Column_84=10
Column_110=10
Column_4=9
Column_30=9
Column_105=9
Column_7=8
Column_35=8
Column_38=8
Column_57=8
Column_90=8
Column_102=8
Column_112=8
Column_48=7
Column_85=7
Column_32=6
Column_34=6
Column_40=6
Column_59=6
Column_61=6
Column_63=6
Column_100=6
Column_118=6
Column_8=5
Column_11=5
Column_14=5
Column_39=5
Column_67=5
Column_69=5
Column_78=5
Column_96=5
Column_114=5
Column_117=5
Column_15=4
Column_29=4
Column_58=4
Column_64=4
Column_108=4
Column_2=3
Column_26=3
Column_33=3
Column_44=3
Column_66=3
Column_68=3
Column_70=3
Column_75=3
Column_99=3
Column_9=2
Column_12=2
Column_18=2
Column_21=2
Column_41=2
Column_72=2
Column_83=2
Column_92=2
Column_0=1
Column_3=1
Column_5=1
Column_10=1
Column_13=1
Column_16=1
Column_20=1
Column_25=1
Column_45=1
Column_53=1
Column_77=1
Column_95=1
Column_98=1
Column_109=1

parameters:
[boosting: gbdt]
[objective: binary]
[metric: binary_logloss]
[tree_learner: serial]
[device_type: cpu]
[data_sample_strategy: bagging]
[data: ]
[valid: ]
[num_iterations: 120]
[learning_rate: 0.04]
[num_leaves: 15]
[num_threads: 2]
[seed: 42]
[deterministic: 0]
[force_col_wise: 0]
[force_row_wise: 0]
[histogram_pool_size: -1]
[max_depth: 3]
[min_data_in_leaf: 40]
[min_sum_hessian_in_leaf: 0.001]
[bagging_fraction: 0.85]
[pos_bagging_fraction: 1]
[neg_bagging_fraction: 1]
[bagging_freq: 0]
[bagging_seed: 400]
[bagging_by_query: 0]
[feature_fraction: 0.8]
[feature_fraction_bynode: 1]
[feature_fraction_seed: 30056]
[extra_trees: 0]
[extra_seed: 12879]
[early_stopping_round: 0]
[early_stopping_min_delta: 0]
[first_metric_only: 0]
[max_delta_step: 0]
[lambda_l1: 0]
[lambda_l2: 2]
[linear_lambda: 0]
[min_gain_to_split: 0]
[drop_rate: 0.1]
[max_drop: 50]
[skip_drop: 0.5]
[xgboost_dart_mode: 0]
[uniform_drop: 0]
[drop_seed: 17869]
[top_rate: 0.2]
[other_rate: 0.1]
[min_data_per_group: 100]
[max_cat_threshold: 32]
[cat_l2: 10]
[cat_smooth: 10]
[max_cat_to_onehot: 4]
[top_k: 20]
[monotone_constraints: ]
[monotone_constraints_method: basic]
[monotone_penalty: 0]
[feature_contri: ]
[forcedsplits_filename: ]
[refit_decay_rate: 0.9]
[cegb_tradeoff: 1]
[cegb_penalty_split: 0]
[cegb_penalty_feature_lazy: ]
[cegb_penalty_feature_coupled: ]
[path_smooth: 0]
[interaction_constraints: ]
[verbosity: -1]
[saved_feature_importance_type: 0]
[use_quantized_grad: 0]
[num_grad_quant_bins: 4]
[quant_train_renew_leaf: 0]
[stochastic_rounding: 1]
[linear_tree: 0]
[max_bin: 255]
[max_bin_by_feature: ]
[min_data_in_bin: 3]
[bin_construct_sample_cnt: 200000]
[data_random_seed: 175]
[is_enable_sparse: 1]
[enable_bundle: 1]
[use_missing: 1]
[zero_as_missing: 0]
[feature_pre_filter: 1]
[pre_partition: 0]
[two_round: 0]
[header: 0]
[label_column: ]
[weight_column: ]
[group_column: ]
[ignore_column: ]
[categorical_feature: ]
[forcedbins_filename: ]
[precise_float_parser: 0]
[parser_config_file: ]
[objective_seed: 16083]
[num_class: 1]
[is_unbalance: 0]
[scale_pos_weight: 1]
[sigmoid: 1]
[boost_from_average: 1]
[reg_sqrt: 0]
[alpha: 0.9]
[fair_c: 1]
[poisson_max_delta_step: 0.7]
[tweedie_variance_power: 1.5]
[lambdarank_truncation_level: 30]
[lambdarank_norm: 1]
[label_gain: ]
[lambdarank_position_bias_regularization: 0]
[eval_at: ]
[multi_error_top_k: 1]
[auc_mu_weights: ]
[num_machines: 1]
[local_listen_port: 12400]
[time_out: 120]
[machine_list_filename: ]
[machines: ]
[gpu_platform_id: -1]
[gpu_device_id: -1]
[gpu_device_id_list: ]
[gpu_use_dp: 0]
[num_gpu: 1]

end of parameters

pandas_categorical:null
