tree
version=v4
num_class=1
num_tree_per_iteration=1
label_index=0
max_feature_idx=118
objective=quantile
feature_names=Column_0 Column_1 Column_2 Column_3 Column_4 Column_5 Column_6 Column_7 Column_8 Column_9 Column_10 Column_11 Column_12 Column_13 Column_14 Column_15 Column_16 Column_17 Column_18 Column_19 Column_20 Column_21 Column_22 Column_23 Column_24 Column_25 Column_26 Column_27 Column_28 Column_29 Column_30 Column_31 Column_32 Column_33 Column_34 Column_35 Column_36 Column_37 Column_38 Column_39 Column_40 Column_41 Column_42 Column_43 Column_44 Column_45 Column_46 Column_47 Column_48 Column_49 Column_50 Column_51 Column_52 Column_53 Column_54 Column_55 Column_56 Column_57 Column_58 Column_59 Column_60 Column_61 Column_62 Column_63 Column_64 Column_65 Column_66 Column_67 Column_68 Column_69 Column_70 Column_71 Column_72 Column_73 Column_74 Column_75 Column_76 Column_77 Column_78 Column_79 Column_80 Column_81 Column_82 Column_83 Column_84 Column_85 Column_86 Column_87 Column_88 Column_89 Column_90 Column_91 Column_92 Column_93 Column_94 Column_95 Column_96 Column_97 Column_98 Column_99 Column_100 Column_101 Column_102 Column_103 Column_104 Column_105 Column_106 Column_107 Column_108 Column_109 Column_110 Column_111 Column_112 Column_113 Column_114 Column_115 Column_116 Column_117 Column_118
feature_infos=[-6.156096696400521:6.6138237006096681] [-5.7003301740194008:5.5365903826259038] [-4.9416341769486776:4.221065308726824] [-4.3839386257828181:3.8638757137101596] [-3.6326686621750341:2.1634476153030042] [-2.5761122489336747:2.3746244508326697] [-4.2752775832583785:4.0167955351832685] [-1.3585723580383116:6.5985573476824211] [-1.6749806132939884:1.632373972225277] [-3.5893270314631094:2.2019504522214808] [-1.4807851208443914:5.2351487630192501] [-2.443761123349308:2.1349332502796741] [-2.5388493856459302:2.4483934173122912] [-1.4394187293345406:3.9076763663910365] [-2.8090076018281249:2.6121876092653595] [-1.5810913861863538:1.6249771909307384] [-1.7720711570211227:1.7866918465798602] [-0.95293335421993663:0.77426825424013579] [-1.0013864130356334:0.78181316715985694] [-0.95293335421993663:0.77426825424013601] [-2.2464902526284249:1.6683890972405564] [-4.0522358923420851:4.1566845964698009] [-3.2857281774093026:2.3040649072395425] [-2.3218292314234894:2.6087983128777923] [-2.1336504288114715:1.5693990188377376] [-2.1600584107931988:1.5732670010982612] [-3.3662261204192028:2.028852569054215] [-1.7888544134102788:1.4175640421566904] [-1.1671542518122415:3.6117380643299124] [-3.7374055630545842:4.3114375546118859] [-3.7193862889775984:4.5335198523011524] [-3.0693039988366047:3.271850881151265] [-3.204483742689181:3.4529719397485437] [-1.9854198973303003:2.0976702437743358] [-2.2152825269608782:2.2452521119500877] [-1.7377527458242907:1.7645154979379585] [-1.8124202436297805:1.8529826568831333] [-1.5797511010932721:3.8724590738963447] [-1.4908263667832495:5.088993800707116] [-1.4369395901025588:3.7888377782503415] [-1.1511450082483394:3.1160388445078389] [-1.6693899279878688:1.4366520887002938] [-1.9638785354400508:1.718468648215898] [-1.88132812027623:13.850380891923276] [-181.57755859011118:162.11245753981683] [-391.18265152617522:129.20761426048361] [-320.47556800997518:75.213159941439855] [-1.371304538718422:2.8299223547866799] [-1.9425948513538505:1.9980171936644997] [-1.1971328262373895:9.0773491309800356] [-4.8832652413953603:4.4498757904459376] [-8.9723613372893141:6.6682131180395734] [-1:1] [-0.83333333333333337:1] [0:1] [0:1] [-6.4663066053559541:3.3591872379133894] [-3.0276726075692078:2.2857280765950758] [-2.3488956184251504:2.1894960706509168] [-1.0512762068780064:3.1145948721259757] [-2.3122831931163366:1.8484574586179099] [-2.7232452109524798:0.55714932535007444] [-4.5578693528172343:3.6987864195964453] [-3.2157318140505926:2.4196790753429815] [-2.8865701670724353:2.0280324842429964] [-3.0080503649112194:3.939765824426702] [-3.3982558998806782:2.2566279941814482] [-2.2710865770914284:1.5804441979941017] [-0.95776159874724809:2.108034306205147] [-2.0236842535666373:1.2360925958467075] [-1.3589832808823605:0.36533958855456244] [-4.5664178172214216:7.2024287889489162] [-4.2111491478732486:5.8735873963297234] [-2.4780304475573738:4.2654164863335646] [-1.2918038204178004:4.8985465250259947] [-1.2006919773720826:7.8925489307411647] [-1.029594942988908:2.3302838252491487] [-6.5528230564549537:6.7354739339773824] [-4.5622300765513106:3.5368149246326781] [-3.3287502146029788:3.7006325912046063] [-1.2067735971875637:3.5087395416326719] [-1.7442181362781004:4.3487276686804082] [-0.77541558699533042:1.9893805033189704] [-11.02619625659719:10.806093126843889] [-5.9153669924072565:5.1779533506593935] [-3.5815563724407742:3.957926503947895] [-0.99724534580123125:3.0673568468649508] [-2.1486586674357042:4.2142272754045189] [-1.3377628130305743:0.74375040937073489] [-3.9625248960789232:2.9736406631417212] [-3.44776787116554:3.0457122523279616] [-2.5205677702860809:1.7307427225510545] [-1.2365097022943334:3.0439353552775485] [-2.0057804915198729:1.8578742322407795] [-1.4059940218372737:0.48390759882441903] [-5.256791746558318:2.6349571777682499] [-3.9996495544768913:3.4091893000073226] [-1.8135644457879121:2.7074268154103791] [-1.4204806479623484:4.0879877913429166] [-1.6550917126338591:4.3501408892639244] [-1.4665957315105267:1.1797352980556191] [-4.2723392029740692:2.4470728331712635] [-3.7604727037514114:3.4895921323255434] [-1.8936116257378246:2.5852528233984593] [-1.4658998497248601:3.9169424390878329] [-1.5070202220762441:3.7329675670751419] [-1.443217874094016:1.112407268949001] [-2.8439730441404238:3.7380586372606208] [-2.2671388469704197:2.7021675438863757] [-2.0290451533247555:2.0820636079967989] [-1.4914280711076389:2.1192124873476539] [-1.4651634408430974:1.8889940547627573] [-2.15559161453585:0.57026398042336168] [-3.0701769662561604:3.2681101553412524] [-2.7422125173962346:3.5222464429384126] [-1.6416451065413302:2.3522909382889776] [-0.88524450631354912:2.9599739295147596] [-1.4026951997252088:2.313305708091014] [-1.3662122841290252:0.98891009647358608]
tree_sizes=827 772 772 856 691 861 777 859 774 770 774 779 871 779 778 780 611 608 611 779 879 695 608 608 602 781 870 789 695 612 692 609 787 783 701 780 789 875 790 694 779 790 876 872 611 695 777 693 870 876 700 612 608 875 697 885 786 788 702 878 786 877 879 701 790 788 605 782 697 875 787 698 694 872 784 696 877 781 784 787 791 784 784 872 697 873 786 783 877 788 883 609 789 866 876 612 787 790 786 779 695 696 610 785 695 879 784 791 704 882 873 612 695 607 700 877 871 871 869 774

Tree=0
num_leaves=8
num_cat=0
split_feature=87 62 68 47 10 63 39
split_gain=4.83536 4.2613 2.79855 2.88795 2.49788 2.37146 1.22739
threshold=1.2895669325306154 -0.15656565063493019 -0.48360898764523347 -0.7094646626020068 1.2826963882836815 -0.20014683770676456 -0.97278673696245865
decision_type=2 2 2 2 2 2 2
left_child=2 5 3 -1 -3 -2 -4
right_child=1 4 6 -5 -6 -7 -8
leaf_value=0.039017080302385099 0.038066242777158303 0.037538928593262175 0.038074055508356824 0.037923075160648877 0.038544419016044031 0.039155714271598502 0.037512432320746282
leaf_weight=45 43 125 59 378 40 56 1369
leaf_count=45 43 125 59 378 40 56 1369
internal_value=0.037827 0.0428702 0.037103 0.039954 0.0388954 0.0493423 0.0362567
internal_weight=2115 264 1851 423 165 99 1428
internal_count=2115 264 1851 423 165 99 1428
is_linear=0
shrinkage=1


Tree=1
num_leaves=7
num_cat=0
split_feature=60 80 116 86 50 36
split_gain=4.08513 4.14837 3.87019 2.73442 2.31869 1.92173
threshold=-1.137957075465508 -0.91845986373882849 0.79738917136350629 0.96821929050376976 0.079430581491662738 -0.92322118805782472
decision_type=2 2 2 2 2 2
left_child=2 4 -1 -3 -2 -4
right_child=1 3 5 -5 -6 -7
leaf_value=-0.00024170625040392712 0.00098837778608806717 -0.00026791569529121791 0.0010815883197966677 0.00044919417030902359 0.00012768959604627823 0.00060584722963989614
leaf_weight=60 45 1605 40 276 45 44
leaf_count=60 45 1605 40 276 45 44
internal_value=9.44638e-06 -0.000468323 0.00646575 -0.000873076 0.00782609 0.011907
internal_weight=2115 1971 144 1881 90 84
internal_count=2115 1971 144 1881 90 84
is_linear=0
shrinkage=0.04


Tree=2
num_leaves=7
num_cat=0
split_feature=60 116 80 34 0 94
split_gain=4.10906 3.87019 3.74401 3.33953 2.96865 2.54997
threshold=-1.137957075465508 0.79738917136350629 -0.91845986373882849 -0.86932250417873147 0.11876775692168952 -0.19629112966111284
decision_type=2 2 2 2 2 2
left_child=1 -1 4 -3 -2 -4
right_child=2 3 5 -5 -6 -7
leaf_value=-0.00023203800038777001 0.00092208763334209354 0.0012363590827798865 -0.00045209899262389151 0.00046934228452561518 -4.5206931362011162e-05 4.6441665878802338e-05
leaf_weight=60 47 40 783 44 43 1098
leaf_count=60 47 40 783 44 43 1098
internal_value=-9.44828e-06 0.00646575 -0.000488597 0.011907 0.0073913 -0.000873076
internal_weight=2115 144 1971 84 90 1881
internal_count=2115 144 1971 84 90 1881
is_linear=0
shrinkage=0.04


Tree=3
num_leaves=8
num_cat=0
split_feature=86 3 80 88 80 81 50
split_gain=3.84794 4.5651 2.56845 2.05628 1.94244 1.54701 1.23953
threshold=0.96821929050376976 -0.079871260357245691 -0.91845986373882849 -0.20513307046782073 3.3151820589587153 0.12393810720521078 0.037882799554451167
decision_type=2 2 2 2 2 2 2
left_child=2 3 6 -2 -4 -3 -1
right_child=1 5 4 -5 -6 -7 -8
leaf_value=0.00093871421061331151 0.00084433106957586051 -0.00029066092196712882 -0.00023214600297658902 0.0014460710944571744 0.00079310765693230817 0.00047671666595364165 9.2811022951983782e-05
leaf_weight=43 60 123 1665 41 42 94 47
leaf_count=43 60 123 1665 41 42 94 47
internal_value=-0.000141711 0.0039 -0.000860479 0.010835 -0.00121007 0.000602739 0.00565217
internal_weight=2115 318 1797 101 1707 217 90
internal_count=2115 318 1797 101 1707 217 90
is_linear=0
shrinkage=0.04


Tree=4
num_leaves=6
num_cat=0
split_feature=36 116 74 28 59
split_gain=3.75775 4.03412 2.54589 4.27146 2.36578
threshold=-1.2673778635284003 0.81572400789465183 -0.48876985987061955 0.49146022017847929 2.6009074686127218
decision_type=2 2 2 2 2
left_child=1 -1 3 -2 -4
right_child=2 -3 4 -5 -6
leaf_value=-0.00058825444405390072 0.00062007844595303441 0.00097664442776227052 -0.00024187243739643525 -0.00045028765312602934 0.0007460982267468516
leaf_weight=40 345 41 1422 171 96
leaf_count=40 345 41 1422 171 96
internal_value=-0.000198395 0.00814458 -0.000538311 0.00188417 -0.00136316
internal_weight=2115 81 2034 516 1518
internal_count=2115 81 2034 516 1518
is_linear=0
shrinkage=0.04


Tree=5
num_leaves=8
num_cat=0
split_feature=86 29 80 37 46 110 62
split_gain=3.48851 4.47256 2.25313 1.55414 1.54704 1.45886 0.892658
threshold=0.96821929050376976 -0.16840686423977552 -0.91845986373882849 1.069109929365357 0.076195611675868427 0.022654868747693419 -0.098989661435283594
decision_type=2 2 2 2 2 2 2
left_child=2 4 6 -3 -2 -4 -1
right_child=1 3 5 -5 -6 -7 -8
leaf_value=0.00061396891335753923 0.00026772558545758168 -0.00015341746989939737 -0.00040444460800621417 0.00078653424685886264 0.0013850757306441048 -5.6846472999617266e-06 6.7190333012433071e-05
leaf_weight=40 40 194 903 44 40 804 50
leaf_count=40 40 194 903 44 40 804 50
internal_value=-0.000198395 0.00365 -0.000882714 0.000866666 0.0117073 -0.00121007 0.00521739
internal_weight=2115 318 1797 238 80 1707 90
internal_count=2115 318 1797 238 80 1707 90
is_linear=0
shrinkage=0.04


Tree=6
num_leaves=7
num_cat=0
split_feature=60 74 12 36 39 35
split_gain=3.68845 2.44231 3.84165 2.35073 1.93296 1.13329
threshold=-1.137957075465508 -0.48327549373328299 0.61524097517475251 -1.1441563225017377 1.3237763209161795 -0.53549326941541431
decision_type=2 2 2 2 2 2
left_child=3 2 -2 -1 -3 -5
right_child=1 4 -4 5 -6 -7
leaf_value=0.00090864898708884064 0.00062328781905214212 -0.00028249014586516607 -0.00033790670941002721 -0.00034706923815217591 0.00047938772467784259 0.00060927253574270563
leaf_weight=48 286 1303 245 40 137 56
leaf_count=48 286 1303 245 40 137 56
internal_value=-0.00021729 -0.00067106 0.00164353 0.00591781 -0.00152566 0.00220408
internal_weight=2115 1971 531 144 1440 96
internal_count=2115 1971 531 144 1440 96
is_linear=0
shrinkage=0.04


Tree=7
num_leaves=8
num_cat=0
split_feature=86 29 46 80 37 94 45
split_gain=3.36562 4.07876 1.8583 1.68438 1.55414 1.44276 0.860846
threshold=0.96821929050376976 -0.16840686423977552 0.076195611675868427 -0.91845986373882849 1.069109929365357 -0.14434909869054824 -0.061910798271615504
decision_type=2 2 2 2 2 2 2
left_child=3 2 -2 6 -3 -5 -1
right_child=1 4 -4 5 -6 -7 -8
leaf_value=0.00085775641832690035 0.00023208504927719288 -0.00014847761619719816 0.001304741188656255 -0.00037652285197961762 0.00071872691750095449 -2.1338726007515904e-05 0.00029280502759189214
leaf_weight=40 40 194 40 756 44 951 50
leaf_count=40 40 194 40 756 44 951 50
internal_value=-0.000255079 0.003525 0.0112195 -0.000927183 0.000866666 -0.00121007 0.00434783
internal_weight=2115 318 80 1797 238 1707 90
internal_count=2115 318 80 1797 238 1707 90
is_linear=0
shrinkage=0.04


Tree=8
num_leaves=7
num_cat=0
split_feature=86 3 14 82 36 79
split_gain=3.43317 3.79608 2.19384 1.7107 1.52962 1.29151
threshold=0.96821929050376976 -0.096469097644990454 -0.059400715039199255 0.55212782573737373 -1.3439839406197989 -0.73090663814301293
decision_type=2 2 2 2 2 2
left_child=4 2 -2 -3 -1 -6
right_child=1 3 -4 -5 5 -7
leaf_value=0.00060344513684542668 0.0012573470906950307 -0.00030469811591223874 0.000531652300360639 0.0004169528325708965 0.00014673482840208023 -0.00020989063971400465
leaf_weight=53 46 143 53 76 299 1445
leaf_count=53 46 143 53 76 299 1445
internal_value=-0.000292868 0.003525 0.00994059 0.000561085 -0.000971652 -0.00117755
internal_weight=2115 318 99 219 1797 1744
internal_count=2115 318 99 219 1797 1744
is_linear=0
shrinkage=0.04


Tree=9
num_leaves=7
num_cat=0
split_feature=86 29 46 37 36 74
split_gain=3.21202 3.70311 2.1928 1.55414 1.51934 1.14435
threshold=0.96821929050376976 -0.16840686423977552 0.076195611675868427 1.069109929365357 -1.3439839406197989 -0.11383263193704814
decision_type=2 2 2 2 2 2
left_child=4 2 -2 -3 -1 -6
right_child=1 3 -4 -5 5 -7
leaf_value=0.00057930733137160966 0.00017541051584865855 -0.00013035058691282072 0.0012022576574822034 0.00067329972749808036 -2.0559287079582464e-06 -0.00035798515391894471
leaf_weight=53 40 194 40 44 757 987
leaf_count=53 40 194 40 44 757 987
internal_value=-0.000292868 0.0034 0.0107317 0.000866666 -0.000949417 -0.00115464
internal_weight=2115 318 80 238 1797 1744
internal_count=2115 318 80 238 1797 1744
is_linear=0
shrinkage=0.04


Tree=10
num_leaves=7
num_cat=0
split_feature=60 116 34 74 12 59
split_gain=3.73396 3.34518 2.57896 2.36985 3.68653 1.8069
threshold=-1.137957075465508 0.79738917136350629 -0.86932250417873147 -0.48327549373328299 0.61524097517475251 2.6009074686127218
decision_type=2 2 2 2 2 2
left_child=1 -1 -3 4 -2 -5
right_child=3 2 -4 5 -6 -7
leaf_value=-0.00016994231983893715 0.0005430107235058619 0.00088094149199835741 0.00034072062974481232 -0.0002365340057748089 -0.00030093075498987469 0.00070189988810199393
leaf_weight=60 286 40 44 1365 245 75
leaf_count=60 286 40 44 1365 245 75
internal_value=-0.000255079 0.00591781 0.0109767 -0.000711608 0.00156848 -0.0015534
internal_weight=2115 144 84 1971 531 1440
internal_count=2115 144 84 1971 531 1440
is_linear=0
shrinkage=0.04


Tree=11
num_leaves=7
num_cat=0
split_feature=86 3 46 4 82 68
split_gain=3.25172 2.75789 1.63629 1.54528 1.38207 1.20589
threshold=0.93665882806032696 -0.096469097644990454 0.049183642740691182 -1.5423604125506492 0.55212782573737373 -0.71631845080120538
decision_type=2 2 2 2 2 2
left_child=3 2 -2 -1 -3 -5
right_child=1 4 -4 5 -6 -7
leaf_value=0.00055606190126509863 0.00023481878193725336 -0.00025785935424279719 0.00089871462771685441 0.00024919657583348374 0.00035402211052963 -0.00015534264916719482
leaf_weight=40 54 146 57 117 79 1622
leaf_count=40 54 146 57 117 79 1622
internal_value=-0.000236184 0.00336095 0.00846018 -0.000918586 0.000792951 -0.00110052
internal_weight=2115 336 111 1779 225 1739
internal_count=2115 336 111 1779 225 1739
is_linear=0
shrinkage=0.04


Tree=12
num_leaves=8
num_cat=0
split_feature=104 64 29 74 28 39 115
split_gain=3.15025 2.9115 3.44783 2.39345 3.857 1.46394 0.721187
threshold=0.86449675601320053 -0.20453759643147923 0.63380947813367705 -0.48327549373328299 0.5427222605298524 1.2298536576610291 -0.067052800611618321
decision_type=2 2 2 2 2 2 2
left_child=3 6 -3 4 -1 -5 -2
right_child=1 2 -4 5 -6 -7 -8
leaf_value=0.00046162302749010447 0.00027899141562549151 0.0011079610780462719 -6.6749763195241211e-05 -0.00023249913898633565 -0.00055993360718632973 0.00056225187972112412 -0.00067023558045102322
leaf_weight=327 40 89 60 1269 162 105 63
leaf_count=327 40 89 60 1269 162 105 63
internal_value=-0.000273974 0.00390551 0.00744371 -0.000842896 0.00155601 -0.00169768 -0.00125714
internal_weight=2115 252 149 1863 489 1374 103
internal_count=2115 252 149 1863 489 1374 103
is_linear=0
shrinkage=0.04


Tree=13
num_leaves=7
num_cat=0
split_feature=86 3 46 36 81 79
split_gain=3.06199 3.18163 1.63926 1.52962 1.42407 1.29151
threshold=0.96821929050376976 -0.096469097644990454 0.049183642740691182 -1.3439839406197989 0.54626532521444193 -0.73090663814301293
decision_type=2 2 2 2 2 2
left_child=3 2 -2 -1 -3 -5
right_child=1 4 -4 5 -6 -7
leaf_value=0.00051966945886221206 0.00020696062765737923 -0.00023876234772115949 0.00092889749686507635 0.00011654116407274909 0.00041365690682517348 -0.00019465842956670976
leaf_weight=53 47 158 52 299 61 1445
leaf_count=53 47 158 52 299 61 1445
internal_value=-0.000330658 0.003275 0.00914851 -0.000971652 0.000561085 -0.00117755
internal_weight=2115 318 99 1797 219 1744
internal_count=2115 318 99 1797 219 1744
is_linear=0
shrinkage=0.04


Tree=14
num_leaves=7
num_cat=0
split_feature=60 116 74 23 59 33
split_gain=2.86542 2.62935 1.9247 3.19807 1.75715 1.62082
threshold=-1.137957075465508 0.79738917136350629 -0.48327549373328299 0.65647198871148682 2.6009074686127218 -0.80669989864681002
decision_type=2 2 2 2 2 2
left_child=1 -1 3 -2 -4 -3
right_child=2 5 4 -5 -6 -7
leaf_value=-0.00022191920903516627 0.00043024747363801431 0.00077928664675713051 -0.00021012877740255427 -0.00029908884682474908 0.00064168352325299778 0.00025118823744644576
leaf_weight=60 295 40 1365 236 75 44
leaf_count=60 295 40 1365 236 75 44
internal_value=-0.000311763 0.00509589 -0.000711608 0.00134334 -0.00147018 0.00958139
internal_weight=2115 144 1971 531 1440 84
internal_count=2115 144 1971 531 1440 84
is_linear=0
shrinkage=0.04


Tree=15
num_leaves=7
num_cat=0
split_feature=60 116 74 28 68 34
split_gain=2.63965 2.40985 1.86042 3.00839 1.44366 1.35017
threshold=-1.137957075465508 0.79738917136350629 -0.48327549373328299 0.5427222605298524 -0.64827052853967981 -0.86932250417873147
decision_type=2 2 2 2 2 2
left_child=1 -1 3 -2 -4 -3
right_child=2 5 4 -5 -6 -7
leaf_value=-0.00021304244067375967 0.00041659373056515594 0.00074811518088684526 0.00039083549874568214 -0.00041720810518024192 -0.00019623300219435939 0.00024114070794858803
leaf_weight=60 358 40 84 173 1356 44
leaf_count=60 358 40 84 173 1356 44
internal_value=-0.000368447 0.00482192 -0.000752155 0.00126829 -0.00149792 0.00911628
internal_weight=2115 144 1971 531 1440 84
internal_count=2115 144 1971 531 1440 84
is_linear=0
shrinkage=0.04


Tree=16
num_leaves=5
num_cat=0
split_feature=36 86 57 80
split_gain=2.83248 1.74982 2.26366 1.19651
threshold=-1.3439839406197989 0.93665882806032696 0.076488582795556939 -0.83143625998556614
decision_type=2 2 2 2
left_child=-1 3 -3 -2
right_child=1 2 -4 -5
leaf_value=0.00051905837963438142 0.00022185211669960406 0.00048904881722572791 -2.7525812705039213e-05 -0.00018113266090662953
leaf_weight=63 146 124 201 1581
leaf_count=63 146 124 201 1581
internal_value=-0.000406236 -0.000666018 0.00201835 -0.00117293
internal_weight=2115 2052 325 1727
internal_count=2115 2052 325 1727
is_linear=0
shrinkage=0.04


Tree=17
num_leaves=5
num_cat=0
split_feature=36 94 117 80
split_gain=2.87158 1.74459 2.249 1.1245
threshold=-1.3439839406197989 -0.19629112966111284 -0.12221459667014363 -0.83143625998556614
decision_type=2 2 2 2
left_child=-1 3 -3 -2
right_child=1 2 -4 -5
leaf_value=0.00049829604444900607 0.00016667503285371866 0.00031326573770391381 -0.00012704471384158012 -0.00037221211512467717
leaf_weight=63 114 483 707 748
leaf_count=63 114 483 707 748
internal_value=-0.00046292 -0.000724441 0.000268455 -0.00209259
internal_weight=2115 2052 1190 862
internal_count=2115 2052 1190 862
is_linear=0
shrinkage=0.04


Tree=18
num_leaves=5
num_cat=0
split_feature=35 94 117 102
split_gain=2.16566 1.58681 2.37138 0.970699
threshold=-1.3753639282588412 -0.19629112966111284 -0.12221459667014363 0.89170681343360603
decision_type=2 2 2 2
left_child=-1 3 -3 -2
right_child=1 2 -4 -5
leaf_value=0.00061749440773581105 -0.00026743528226593166 0.00030064259524286606 -0.00011763928696132257 0.00014623159952061656
leaf_weight=45 778 486 722 84
leaf_count=45 778 486 722 84
internal_value=-0.000406236 -0.000598457 0.000337189 -0.00190741
internal_weight=2115 2070 1208 862
internal_count=2115 2070 1208 862
is_linear=0
shrinkage=0.04


Tree=19
num_leaves=7
num_cat=0
split_feature=60 116 2 74 87 114
split_gain=2.38651 2.19991 1.44445 1.34927 1.94952 1.41644
threshold=-1.137957075465508 0.79738917136350629 0.072630335020485493 -0.11383263193704814 -0.53561710128805584 1.5544201516647222
decision_type=2 2 2 2 2 2
left_child=1 -1 -3 4 -2 -5
right_child=3 2 -4 5 -6 -7
leaf_value=-0.00018748807657842788 -0.00015933390197189968 0.00097927982721150958 0.00017008043522571164 -0.00031735058878122282 0.00015024230809879821 0.00044281609908612603
leaf_weight=60 261 41 43 978 690 42
leaf_count=60 261 41 43 978 690 42
internal_value=-0.000387342 0.00454794 0.00865116 -0.000752155 0.000331584 -0.00176125
internal_weight=2115 144 84 1971 951 1020
internal_count=2115 144 84 1971 951 1020
is_linear=0
shrinkage=0.04


Tree=20
num_leaves=8
num_cat=0
split_feature=94 62 28 40 28 14 34
split_gain=2.01314 2.48993 2.83659 1.82557 1.01727 1.56258 0.451792
threshold=-0.21430741208721624 0.026375926993973706 -0.32664210615307149 -0.53039599039165053 -0.33640742831197851 0.12286332662493125 -0.96601385159034359
decision_type=2 2 2 2 2 2 2
left_child=4 2 -2 -3 5 -1 -6
right_child=1 3 -4 -5 6 -7 -8
leaf_value=-0.00024040853686445871 -0.00018498920935478512 0.00066054326766132429 0.00038117649954588209 -0.00026936139416696922 1.2059561132901815e-05 0.00038336685544253555 -0.00046501813895541584
leaf_weight=242 150 51 474 582 41 144 431
leaf_count=242 150 51 474 582 41 144 431
internal_value=-0.000406236 0.000613184 0.00240255 -0.00115276 -0.00189768 -0.000371135 -0.00313924
internal_weight=2115 1257 624 633 858 386 472
internal_count=2115 1257 624 633 858 386 472
is_linear=0
shrinkage=0.04


Tree=21
num_leaves=6
num_cat=0
split_feature=60 116 80 50 94
split_gain=2.21586 2.16666 1.35679 2.14309 1.39468
threshold=-1.137957075465508 0.8280507344063387 -0.83143625998556614 -0.39896558757002681 -0.19629112966111284
decision_type=2 2 2 2 2
left_child=1 -1 3 -2 -4
right_child=2 -3 4 -5 -6
leaf_value=-0.00012868574411281679 0.00078804306276878614 0.00055621988777031131 -0.00036836386507759406 -1.469654157728803e-05 -1.1400075876115943e-05
leaf_weight=72 40 72 723 113 1095
leaf_count=72 40 72 723 113 1095
internal_value=-0.000481815 0.00427397 -0.00083325 0.00276129 -0.00113846
internal_weight=2115 144 1971 153 1818
internal_count=2115 144 1971 153 1818
is_linear=0
shrinkage=0.04


Tree=22
num_leaves=5
num_cat=0
split_feature=69 104 2 93
split_gain=1.78799 1.51869 2.16975 1.32905
threshold=-1.6954079589712092 1.0309923459019781 -0.10084845013284621 0.079912824613476499
decision_type=2 2 2 2
left_child=-1 3 -3 -2
right_child=1 2 -4 -5
leaf_value=0.00031177309461508448 -1.6337066077839191e-05 0.0009320690396880804 -2.8106008110425229e-05 -0.00031542048220496987
leaf_weight=45 1170 71 118 711
leaf_count=45 1170 71 118 711
internal_value=-0.000481815 -0.000656372 0.00274345 -0.00100053
internal_weight=2115 2070 189 1881
internal_count=2115 2070 189 1881
is_linear=0
shrinkage=0.04


Tree=23
num_leaves=5
num_cat=0
split_feature=60 9 74 10
split_gain=1.91593 1.22793 1.69553 0.178515
threshold=-1.5116915468878009 0.85331999650229495 -0.48327549373328299 1.4042054207190835
decision_type=2 2 2 2
left_child=-1 2 -2 -3
right_child=1 3 -4 -5
leaf_value=0.00052851894480634694 0.000273159316536075 -0.00058686489122033319 -9.1729116118803594e-05 -0.00010721227956643317
leaf_weight=54 435 183 1403 40
leaf_count=54 435 183 1403 40
internal_value=-0.000444026 -0.000641785 -0.000300001 -0.00343111
internal_weight=2115 2061 1838 223
internal_count=2115 2061 1838 223
is_linear=0
shrinkage=0.04


Tree=24
num_leaves=5
num_cat=0
split_feature=68 29 80 47
split_gain=1.61799 1.19732 1.82789 0.302545
threshold=1.8551041883593056 0.82107883027792916 2.9441046538748936 -0.33904191457306193
decision_type=2 2 2 2
left_child=1 2 -1 -3
right_child=-2 3 -4 -5
leaf_value=-3.3626380595067763e-05 0.00040767678695626138 7.6316855903179463e-06 0.00078549550181271149 -0.00059390078095624928
leaf_weight=1731 42 40 84 218
leaf_count=1731 42 40 84 218
internal_value=-0.00050071 -0.000661206 -0.000297194 -0.0032
internal_weight=2115 2073 1815 258
internal_count=2115 2073 1815 258
is_linear=0
shrinkage=0.04


Tree=25
num_leaves=7
num_cat=0
split_feature=40 28 104 70 85 13
split_gain=1.4073 2.16015 2.04745 1.38766 1.3474 1.29355
threshold=1.1339534282057364 0.095403998151679562 0.84332275633811182 0.36485981074875568 0.022565637530221772 -1.022915217774514
decision_type=2 2 2 2 2 2
left_child=3 -2 -3 5 -5 -1
right_child=1 2 -4 4 -6 -7
leaf_value=0.00050399407291469654 0.00067872014085136069 -0.00057006602465038843 0.00043074482755378981 0.00032129765849057913 -0.00053839964496936899 -0.00011601731110712529
leaf_weight=47 40 115 141 130 50 1592
leaf_count=47 40 115 141 130 50 1592
internal_value=-0.000481815 0.00206711 0.00068217 -0.000898408 0.00241758 -0.00126508
internal_weight=2115 296 256 1819 180 1639
internal_count=2115 296 256 1819 180 1639
is_linear=0
shrinkage=0.04


Tree=26
num_leaves=8
num_cat=0
split_feature=86 26 46 37 80 50 59
split_gain=1.55049 2.40242 2.44357 1.36096 1.2243 2.28862 1.27545
threshold=0.93665882806032696 -0.0039064167846109147 0.29064894859846352 1.1599203858039921 -0.83143625998556614 -0.39896558757002681 0.044696024592624735
decision_type=2 2 2 2 2 2 2
left_child=4 2 -2 -3 5 -1 -6
right_child=1 3 -4 -5 6 -7 -8
leaf_value=0.00075048495429458806 -8.757395660950593e-06 -0.00012892525477098418 0.0005509119763518369 0.00089152143258905176 -0.00032284537600093264 -1.5910699991489989e-05 -7.9484697510589919e-06
leaf_weight=40 44 202 49 41 846 113 780
leaf_count=40 44 202 49 41 846 113 780
internal_value=-0.000425131 0.00205917 0.00745263 -4.89805e-05 -0.000896127 0.00250322 -0.00121867
internal_weight=2115 336 93 243 1779 153 1626
internal_count=2115 336 93 243 1779 153 1626
is_linear=0
shrinkage=0.04


Tree=27
num_leaves=7
num_cat=0
split_feature=40 47 104 117 94 80
split_gain=1.4073 2.85874 1.58214 1.37767 2.33524 1.0566
threshold=1.1339534282057364 -0.52660050360987631 0.99145322356673626 -0.17896544891040758 -0.071574869020583479 -0.8141585735518585
decision_type=2 2 2 2 2 2
left_child=3 -2 -3 4 -1 -5
right_child=1 2 -4 5 -6 -7
leaf_value=-0.00010233116380648619 0.00085586054789347599 -0.00051033668721910239 0.00039795696786177693 0.00017109377248193412 0.00030207658974207334 -0.00027404922905261775
leaf_weight=510 51 131 114 109 279 921
leaf_count=510 51 131 114 109 279 921
internal_value=-0.000481815 0.00206711 0.000242914 -0.000898408 0.000359038 -0.00186047
internal_weight=2115 296 245 1819 789 1030
internal_count=2115 296 245 1819 789 1030
is_linear=0
shrinkage=0.04


Tree=28
num_leaves=6
num_cat=0
split_feature=29 40 86 117 64
split_gain=1.5806 2.39565 3.25041 1.79004 0.291201
threshold=0.82107883027792916 1.1339534282057364 0.65901491522024569 -0.17896544891040758 0.52104002033734842
decision_type=2 2 2 2 2
left_child=1 3 -3 -1 -2
right_child=4 2 -4 -5 -6
leaf_value=0.00010457187295467771 -0.00058369612782498809 0.00016075540877925215 0.00096144184303850082 -0.0001585108091044462 -2.4197289444519251e-05
leaf_weight=661 208 170 52 960 64
leaf_count=661 208 170 52 960 64
internal_value=-0.000406236 1.51752e-05 0.00389286 -0.000520026 -0.00324088
internal_weight=2115 1843 222 1621 272
internal_count=2115 1843 222 1621 272
is_linear=0
shrinkage=0.04


Tree=29
num_leaves=5
num_cat=0
split_feature=60 31 68 94
split_gain=1.90605 1.18617 1.44011 0.126475
threshold=-1.5116915468878009 0.91104091948073052 -0.48360898764523347 0.24708119783598662
decision_type=2 2 2 2
left_child=-1 2 -2 -3
right_child=1 3 -4 -5
leaf_value=0.00049464812832625748 0.00028374755673798128 -0.00061968039860381646 -5.2963900458053249e-05 -0.00028946190035072922
leaf_weight=54 344 165 1501 51
leaf_count=54 344 165 1501 51
internal_value=-0.000425131 -0.000622396 -0.000292367 -0.00341284
internal_weight=2115 2061 1845 216
internal_count=2115 2061 1845 216
is_linear=0
shrinkage=0.04


Tree=30
num_leaves=6
num_cat=0
split_feature=50 68 87 36 47
split_gain=1.5652 1.7631 1.82258 1.22083 1.27325
threshold=-0.94671100250806473 -0.48360898764523347 1.2184283064456818 -1.3439839406197989 -0.44370762627196753
decision_type=2 2 2 2 2
left_child=1 -1 -3 -2 -5
right_child=3 2 -4 4 -6
leaf_value=0.00073510836964484625 0.00034683427952458546 -0.0001404967994658254 0.00030133113958562675 5.5626853537324816e-05 -0.000150510183289311
leaf_weight=42 45 160 41 455 1372
leaf_count=42 45 160 41 455 1372
internal_value=-0.000444026 0.00256326 0.000965516 -0.000836714 -0.000999454
internal_weight=2115 243 201 1872 1827
internal_count=2115 243 201 1872 1827
is_linear=0
shrinkage=0.04


Tree=31
num_leaves=5
num_cat=0
split_feature=32 74 24 116
split_gain=1.40839 1.29466 2.64588 1.39096
threshold=-1.4973394009553456 -0.48876985987061955 0.65074517708512369 1.0359061340735722
decision_type=2 2 2 2
left_child=-1 2 -2 -3
right_child=1 3 -4 -5
leaf_value=0.00035067850425292576 0.00031620125269805134 -0.00018513123001266042 -0.00031505746269142282 0.00021054021425235257
leaf_weight=63 313 1379 194 166
leaf_count=63 313 1379 194 166
internal_value=-0.000444026 -0.00062707 0.00112377 -0.00120233
internal_weight=2115 2052 507 1545
internal_count=2115 2052 507 1545
is_linear=0
shrinkage=0.04


Tree=32
num_leaves=7
num_cat=0
split_feature=29 40 116 93 47 0
split_gain=1.47699 1.93206 2.74293 1.66727 0.297727 0.0083127
threshold=0.82107883027792916 1.151876702701218 0.79738917136350629 0.079912824613476499 -0.34557330148709392 -0.11839794573741556
decision_type=2 2 2 2 2 2
left_child=1 3 -3 -1 -2 -6
right_child=4 2 -4 -5 5 -7
leaf_value=3.6156029756159319e-05 -8.8335139977098245e-05 -0.0002533220132671472 0.00066392834631181445 -0.00019780646853922291 -0.00024749529462133192 -0.00063437337268226215
leaf_weight=942 41 95 111 695 40 191
leaf_count=942 41 95 111 695 40 191
internal_value=-0.00050071 -9.32259e-05 0.00353846 -0.000553997 -0.00324088 -0.00379399
internal_weight=2115 1843 206 1637 272 231
internal_count=2115 1843 206 1637 272 231
is_linear=0
shrinkage=0.04


Tree=33
num_leaves=7
num_cat=0
split_feature=50 68 116 47 28 33
split_gain=1.15769 1.92626 1.4846 1.16249 2.90935 1.28361
threshold=-0.94671100250806473 -0.48360898764523347 0.90645351320246004 -0.44370762627196753 0.18629470195160377 -1.1026967319058298
decision_type=2 2 2 2 2 2
left_child=1 -1 -3 4 -2 -5
right_child=3 2 -4 5 -6 -7
leaf_value=0.00069275618584597424 -2.4546800666258241e-05 -5.0457608990294704e-05 0.00038696195216058731 0.00018961500821494071 0.0010305340592214733 -0.00014344394704937782
leaf_weight=42 389 153 48 93 69 1321
leaf_count=42 389 153 48 93 69 1321
internal_value=-0.000349552 0.00223673 0.000571428 -0.000687301 0.00106087 -0.00125424
internal_weight=2115 243 201 1872 458 1414
internal_count=2115 243 201 1872 458 1414
is_linear=0
shrinkage=0.04


Tree=34
num_leaves=6
num_cat=0
split_feature=9 94 117 26 79
split_gain=1.33639 1.19159 2.47324 1.14764 0.201167
threshold=0.85331999650229495 -0.21430741208721624 -0.17896544891040758 -0.43084761751121353 0.36069939001412149
decision_type=2 2 2 2 2
left_child=1 3 -3 -1 -2
right_child=4 2 -4 -5 -6
leaf_value=-0.00041050327065051583 -0.00047706519095344624 0.0002904315630238829 -2.0199249940138225e-05 -2.2331099369833603e-05 -0.00019129109828256146
leaf_weight=222 167 395 701 573 57
leaf_count=222 167 395 701 573 57
internal_value=-0.000349552 -2.114e-06 0.000852458 -0.00117942 -0.00325664
internal_weight=2115 1891 1096 795 224
internal_count=2115 1891 1096 795 224
is_linear=0
shrinkage=0.04


Tree=35
num_leaves=7
num_cat=0
split_feature=80 64 59 9 42 37
split_gain=1.43232 2.39225 1.40473 1.68312 1.06496 0.918313
threshold=-0.83143625998556614 0.6124232570785163 -0.1956296282601877 0.43302720194991123 -0.57842723313495148 -1.1019447777630482
decision_type=2 2 2 2 2 2
left_child=1 4 5 -4 -1 -2
right_child=2 -3 3 -5 -6 -7
leaf_value=0.0001590545694909844 0.00055149884178831525 0.00063829670577517745 7.8375098703616753e-05 -0.00022600797980819689 -0.00012079997190668925 -0.00030974516981782863
leaf_weight=43 43 40 927 393 70 599
leaf_count=43 43 40 927 393 70 599
internal_value=-0.000425131 0.00327742 -0.000716905 3.02562e-05 0.000243477 -0.00224845
internal_weight=2115 153 1962 1320 113 642
internal_count=2115 153 1962 1320 113 642
is_linear=0
shrinkage=0.04


Tree=36
num_leaves=7
num_cat=0
split_feature=41 74 116 13 37 79
split_gain=1.13168 1.58586 2.25507 1.74518 0.805661 0.127808
threshold=0.64075705288372864 -0.11011025125355997 0.79738917136350629 -0.38884261511724333 -0.92660215305660387 -1.1601466721570126
decision_type=2 2 2 2 2 2
left_child=1 3 -3 -1 -2 -6
right_child=4 2 -4 -5 5 -7
leaf_value=0.00036077439218000664 0.00043363450490190866 -0.00040877459255949668 0.00019012495720724523 1.4752602441184206e-05 -0.00037176189102613278 -0.00062536967921468989
leaf_weight=176 43 722 301 596 48 229
leaf_count=176 43 722 301 596 48 229
internal_value=-0.000425131 -3.33899e-05 -0.00106537 0.00133333 -0.0026087 -0.00339785
internal_weight=2115 1795 1023 772 320 277
internal_count=2115 1795 1023 772 320 277
is_linear=0
shrinkage=0.04


Tree=37
num_leaves=8
num_cat=0
split_feature=94 62 64 91 72 91 111
split_gain=1.15182 1.90195 1.59693 1.10937 0.830617 1.35297 0.881741
threshold=-0.21430741208721624 0.026375926993973706 -0.86986683198899295 -0.57124578159367789 -0.87100519390884645 -0.4007086111242309 -0.62095732926741254
decision_type=2 2 2 2 2 2 2
left_child=4 2 -2 -3 5 -1 -6
right_child=1 3 -4 -5 6 -7 -8
leaf_value=0.00059236770867204271 -0.00022479612097931625 0.00019015977913016443 0.00027924695238811171 -0.00022231434958501186 0.00013305339048990368 -0.00021765574371899549 -0.00031491569489842789
leaf_weight=48 162 68 462 565 93 66 651
leaf_count=48 162 68 462 565 93 66 651
internal_value=-0.000444026 0.000327243 0.00189137 -0.00121575 -0.00157209 0.00158621 -0.00205898
internal_weight=2115 1257 624 633 858 114 744
internal_count=2115 1257 624 633 858 114 744
is_linear=0
shrinkage=0.04


Tree=38
num_leaves=7
num_cat=0
split_feature=2 86 111 115 47 73
split_gain=1.21371 2.15385 1.29761 1.16863 1.16742 0.36188
threshold=-0.35879258731100955 0.98203570457897049 0.067089924117327962 0.48154538055827933 -0.46271244200568179 -0.23139233257225841
decision_type=2 2 2 2 2 2
left_child=1 2 -1 4 -2 -5
right_child=3 -3 -4 5 -6 -7
leaf_value=0.00014627154254955323 0.00011923041177354642 0.00074786328423200889 -0.00020560483559989428 -2.2943031943065147e-05 -9.1984632225187302e-05 -0.00047261217461944506
leaf_weight=335 291 57 257 70 848 257
leaf_count=335 291 57 257 70 848 257
internal_value=-0.000387342 0.00105069 0.000323231 -0.00102452 -0.000417179 -0.00312462
internal_weight=2115 649 592 1466 1139 327
internal_count=2115 649 592 1466 1139 327
is_linear=0
shrinkage=0.04


Tree=39
num_leaves=6
num_cat=0
split_feature=9 20 7 10 3
split_gain=1.07074 2.23325 1.76702 0.624492 0.333761
threshold=0.50009585331022144 0.75292751060736907 0.026211336962814757 1.5918647872201084 0.18611332018865515
decision_type=2 2 2 2 2
left_child=1 2 -1 4 -2
right_child=3 -3 -4 -5 -6
leaf_value=-8.894024008009087e-05 -9.2652844571535111e-06 0.00054733469419270041 0.00013542361958165697 0.00014273293158856043 -0.00040743640826139334
leaf_weight=848 106 57 706 53 345
leaf_count=848 106 57 706 53 345
internal_value=-0.000481815 2.23177e-05 -0.000267353 -0.00208696 -0.00256954
internal_weight=2115 1611 1554 504 451
internal_count=2115 1611 1554 504 451
is_linear=0
shrinkage=0.04


Tree=40
num_leaves=7
num_cat=0
split_feature=107 1 84 62 40 114
split_gain=1.13332 1.44931 0.978001 1.34611 0.892385 0.735664
threshold=1.1223766548529437 -0.35974023240025538 1.9229420224748142 0.17711155790134855 -0.53880832213334606 -0.7193776593529021
decision_type=2 2 2 2 2 2
left_child=2 -2 4 -4 -1 -3
right_child=1 5 3 -5 -6 -7
leaf_value=7.2292408829427904e-05 0.00068764982666440319 -0.00030411612540992284 0.00034186211233421394 -0.00018565875953775997 -0.00011677640221933966 0.00013321145139867042
leaf_weight=326 52 45 57 45 1495 95
leaf_count=326 52 45 57 45 1495 95
internal_value=-0.000481815 0.00243299 -0.000775066 0.003 -0.000989579 0.000281689
internal_weight=2115 192 1923 102 1821 140
internal_count=2115 192 1923 102 1821 140
is_linear=0
shrinkage=0.04


Tree=41
num_leaves=7
num_cat=0
split_feature=50 68 116 41 74 37
split_gain=1.2089 1.49157 1.38916 0.961434 1.37946 0.872518
threshold=-0.94671100250806473 -0.48360898764523347 0.90645351320246004 0.62341495954283832 -0.40010473650847561 -0.94997182033824379
decision_type=2 2 2 2 2 2
left_child=1 -1 -3 4 -2 -5
right_child=3 2 -4 5 -6 -7
leaf_value=0.00061596937719803839 9.474635641107786e-05 -5.7267085205338864e-05 0.00032885294117296717 0.00040719588848163669 -8.0879317794068306e-05 -0.00048136442514118687
leaf_weight=42 401 153 48 42 1150 279
leaf_count=42 401 153 48 42 1150 279
internal_value=-0.000406236 0.00223673 0.000768472 -0.000751335 -0.000337412 -0.00273684
internal_weight=2115 243 201 1872 1551 321
internal_count=2115 243 201 1872 1551 321
is_linear=0
shrinkage=0.04


Tree=42
num_leaves=8
num_cat=0
split_feature=2 28 40 115 4 73 58
split_gain=1.10434 1.64659 2.00243 1.2576 1.37549 0.921216 0.759763
threshold=-0.35879258731100955 -0.29609368285126131 -0.42069315165554749 -0.14938462272584746 0.51370035095579636 -0.23866606868122195 0.34389073920989333
decision_type=2 2 2 2 2 2 2
left_child=1 6 -3 4 -2 -5 -1
right_child=3 2 -4 5 -6 -7 -8
leaf_value=-0.00040565442990604656 0.00010315488343871565 0.00034115720936592008 0.00016072163829433867 -1.7001696450522756e-06 -0.00021818492249350179 -0.00039780986754568178 0.00011876952087424172
leaf_weight=153 419 52 402 232 267 548 42
leaf_count=153 419 52 402 232 267 548 42
internal_value=-0.000444026 0.000927802 0.00224561 -0.00105177 0.000197673 -0.00214834 -0.00213198
internal_weight=2115 649 454 1466 686 780 195
internal_count=2115 649 454 1466 686 780 195
is_linear=0
shrinkage=0.04


Tree=43
num_leaves=8
num_cat=0
split_feature=63 84 88 108 70 35 90
split_gain=1.25426 1.88317 1.49689 1.3284 1.04107 1.4224 0.301516
threshold=-0.51147646244545897 1.9229420224748142 0.52746694835463848 -0.38817789048673684 0.20493653585164515 0.19692998098442552 -1.0482471554728814
decision_type=2 2 2 2 2 2 2
left_child=4 2 -2 -3 6 -6 -1
right_child=1 3 -4 -5 5 -7 -8
leaf_value=-2.5793107257058831e-05 2.9425080301926821e-05 0.00044325358166448351 -0.00032662890989985856 -1.2567782040964717e-05 0.00045189628876484854 -0.00031271903150568775 -0.00040489023366836074
leaf_weight=45 1116 46 357 43 46 182 280
leaf_count=45 1116 46 357 43 46 182 280
internal_value=-0.000406236 0.000173912 -0.000170848 0.00575824 -0.00203964 3.47817e-05 -0.00348624
internal_weight=2115 1562 1473 89 553 228 325
internal_count=2115 1562 1473 89 553 228 325
is_linear=0
shrinkage=0.04


Tree=44
num_leaves=5
num_cat=0
split_feature=35 50 47 42
split_gain=1.07243 0.999784 1.11306 0.793666
threshold=-1.3753639282588412 -0.94671100250806473 -0.44370762627196753 0.011283385698795058
decision_type=2 2 2 2
left_child=-1 3 -3 -2
right_child=1 2 -4 -5
leaf_value=0.00032024271572772198 -3.4546830029946717e-06 2.3248411494746059e-05 -0.000127165974392198 0.00042391313698334203
leaf_weight=45 140 456 1384 90
leaf_count=45 140 456 1384 90
internal_value=-0.000444026 -0.000579152 -0.000890338 0.00189655
internal_weight=2115 2070 1840 230
internal_count=2115 2070 1840 230
is_linear=0
shrinkage=0.04


Tree=45
num_leaves=6
num_cat=0
split_feature=4 28 74 68 44
split_gain=1.1899 0.985692 1.58161 0.974467 0.749559
threshold=-1.3940620361835412 0.69578715518288481 -0.40010473650847561 0.44742155229672792 -0.79024014978244506
decision_type=2 2 2 2 2
left_child=3 2 -2 -1 -3
right_child=1 4 -4 -5 -6
leaf_value=-0.00013993886714984519 0.0001366572369300438 2.6469849839732943e-06 -7.9077712306105323e-05 0.00050768989182947287 -0.00035386314356805241
leaf_weight=41 452 81 1214 40 287
leaf_count=41 452 81 1214 40 287
internal_value=-0.000406236 -0.00059725 -0.000182255 0.00428916 -0.00246487
internal_weight=2115 2034 1666 81 368
internal_count=2115 2034 1666 81 368
is_linear=0
shrinkage=0.04


Tree=46
num_leaves=7
num_cat=0
split_feature=116 63 9 74 47 68
split_gain=1.29426 1.89671 2.27852 1.32778 1.67634 1.05583
threshold=1.0359061340735722 -0.4719055115775882 0.44302771687485637 -0.11011025125355997 -0.7094646626020068 1.8551041883593056
decision_type=2 2 2 2 2 2
left_child=3 -2 -3 4 -1 -5
right_child=1 2 -4 5 -6 -7
leaf_value=0.00045517946045951405 -0.00045887394241858484 0.00063471169527510977 -0.00010143035919355577 -0.00029715353607301647 -9.9463024683759115e-06 0.00020492142647901063
leaf_weight=104 48 78 54 936 853 42
leaf_count=104 48 78 54 936 853 42
internal_value=-0.000368447 0.00285714 0.00531343 -0.000671142 0.000387903 -0.00170612
internal_weight=2115 180 132 1935 957 978
internal_count=2115 180 132 1935 957 978
is_linear=0
shrinkage=0.04


Tree=47
num_leaves=6
num_cat=0
split_feature=4 85 88 87 62
split_gain=1.21872 2.02917 1.1343 1.39801 0.408296
threshold=-1.3940620361835412 0.53368422609658872 0.55535524599367669 -0.53561710128805584 -0.12866003063072703
decision_type=2 2 2 2 2
left_child=1 -1 3 -2 -4
right_child=2 -3 4 -5 -6
leaf_value=-0.00023335938501246479 -0.00015661552160013123 0.0004955410113329636 -0.0001034613367375272 2.833988697061433e-05 -0.00042183236161689975
leaf_weight=41 430 40 155 1193 256
leaf_count=41 430 40 155 1193 256
internal_value=-0.00046292 0.00428916 -0.00065619 -0.000179693 -0.00252785
internal_weight=2115 81 2034 1623 411
internal_count=2115 81 2034 1623 411
is_linear=0
shrinkage=0.04


Tree=48
num_leaves=8
num_cat=0
split_feature=60 62 62 75 9 115 25
split_gain=1.12985 1.4974 2.34456 1.20929 1.36234 0.875728 0.847078
threshold=-0.9743873368391246 -0.23853367113899607 -0.68791225291760472 0.49285718484032742 0.50728860870519588 -0.16868500125193761 0.57346879297856812
decision_type=2 2 2 2 2 2 2
left_child=1 2 -1 4 -2 -3 -5
right_child=3 5 -4 6 -6 -7 -8
leaf_value=-8.0165395598020517e-05 3.054827418872738e-05 7.7376951848022723e-05 0.00057791929784360664 -0.00037698028235706244 -0.00024473604453832508 -0.00034410184990160567 6.922714413222782e-05
leaf_weight=43 986 56 41 369 427 103 90
leaf_count=43 986 56 41 369 427 103 90
internal_value=-0.000481815 0.00207347 0.00632558 -0.000815369 -0.00023463 -0.000223603 -0.00259436
internal_weight=2115 243 84 1872 1413 159 459
internal_count=2115 243 84 1872 1413 159 459
is_linear=0
shrinkage=0.04


Tree=49
num_leaves=8
num_cat=0
split_feature=63 86 21 68 70 35 90
split_gain=1.16874 1.85709 1.98368 1.09156 1.04107 1.4224 0.301516
threshold=-0.51147646244545897 0.42381969915456491 0.70732858731214598 -0.44482606982044154 0.20493653585164515 0.19692998098442552 -1.0482471554728814
decision_type=2 2 2 2 2 2 2
left_child=4 3 -3 -2 6 -6 -1
right_child=1 2 -4 -5 5 -7 -8
leaf_value=-2.4013578530201012e-05 7.6807758018930162e-05 0.00025996409994332852 -0.00029469998045003208 -0.00010912071943733088 0.00041678012789710849 -0.00030393380689717082 -0.00036113091347593718
leaf_weight=45 281 409 105 767 46 182 280
leaf_count=45 281 409 105 767 46 182 280
internal_value=-0.00046292 9.71857e-05 0.00206201 -0.000868572 -0.00203964 3.47817e-05 -0.00348624
internal_weight=2115 1562 514 1048 553 228 325
internal_count=2115 1562 514 1048 553 228 325
is_linear=0
shrinkage=0.04


Tree=50
num_leaves=6
num_cat=0
split_feature=29 20 116 64 69
split_gain=1.11217 1.88998 1.49336 0.34007 0.0724258
threshold=0.82107883027792916 0.75292751060736907 0.79738917136350629 0.52104002033734842 0.59422565642359049
decision_type=2 2 2 2 2
left_child=1 2 -1 4 -2
right_child=3 -3 -4 -5 -6
leaf_value=-6.4602437759311699e-05 -0.00049205673993563755 0.00045544996572183862 0.00010110511823420964 -4.352637876462685e-05 -0.00024820331668796969
leaf_weight=1424 168 74 345 64 40
leaf_count=1424 168 74 345 64 40
internal_value=-0.000425131 -7.15457e-05 -0.000336534 -0.00280292 -0.00358095
internal_weight=2115 1843 1769 272 208
internal_count=2115 1843 1769 272 208
is_linear=0
shrinkage=0.04


Tree=51
num_leaves=5
num_cat=0
split_feature=35 117 94 62
split_gain=1.0792 0.978789 2.01774 1.08185
threshold=-1.3753639282588412 -0.13983711481339872 -0.071574869020583479 -0.12866003063072703
decision_type=2 2 2 2
left_child=-1 2 -2 -3
right_child=1 3 -4 -5
leaf_value=0.00027681229429184185 -0.00010069892374973324 8.3147668555684605e-07 0.00019586716235356092 -0.00022582823100050171
leaf_weight=45 523 466 390 691
leaf_count=45 523 466 390 691
internal_value=-0.00046292 -0.000598457 0.000380327 -0.00137015
internal_weight=2115 2070 913 1157
internal_count=2115 2070 913 1157
is_linear=0
shrinkage=0.04


Tree=52
num_leaves=5
num_cat=0
split_feature=69 62 40 10
split_gain=1.06569 0.957274 1.21784 0.885062
threshold=-1.6954079589712092 0.061429732900487234 1.146709152889853 -0.76940078019610281
decision_type=2 2 2 2
left_child=-1 2 -2 -3
right_child=1 3 -4 -5
leaf_value=0.00021662775057665836 -4.1312913911736896e-06 0.00022767304415507235 0.00041887740870194101 -0.00021656617862636249
leaf_weight=45 970 88 132 880
leaf_count=45 970 88 132 880
internal_value=-0.000425131 -0.000559847 0.000246376 -0.00147629
internal_weight=2115 2070 1102 968
internal_count=2115 2070 1102 968
is_linear=0
shrinkage=0.04


Tree=53
num_leaves=8
num_cat=0
split_feature=40 42 2 68 59 73 16
split_gain=0.936942 1.80754 2.7878 1.78636 1.07345 0.891561 0.877201
threshold=-0.42069315165554749 0.14314957736288464 -0.20960703779281284 -0.087046878525011681 2.6506010711618129 0.079346751761930692 0.66103033658294985
decision_type=2 2 2 2 2 2 2
left_child=1 3 -3 -1 6 -6 -2
right_child=4 2 -4 -5 5 -7 -8
leaf_value=-0.00025911125822287702 -1.9165291308950829e-05 0.0005751009558910261 4.8526981239467801e-05 0.00034261833577810263 -5.6975509347229063e-05 0.00064533386819939204 -0.00053095712577788234
leaf_weight=199 1328 40 137 41 57 51 262
leaf_count=199 1328 40 137 41 57 51 262
internal_value=-0.000425131 0.00126969 0.00431285 -0.000991736 -0.000842354 0.00298182 -0.00110553
internal_weight=2115 417 177 240 1698 108 1590
internal_count=2115 417 177 240 1698 108 1590
is_linear=0
shrinkage=0.04


Tree=54
num_leaves=6
num_cat=0
split_feature=68 47 84 4 39
split_gain=0.997857 1.56765 1.49814 1.13223 0.807133
threshold=-0.48360898764523347 -0.7094646626020068 0.15854810422095303 -1.3940620361835412 -0.97278673696245865
decision_type=2 2 2 2 2
left_child=1 -1 -3 -2 -5
right_child=3 2 -4 4 -6
leaf_value=0.00088794716387381343 0.00035469669133218469 -0.00012106234642358956 0.00029592031640666229 0.00036013677223026064 -7.5279416961723973e-05
leaf_weight=45 62 274 104 59 1571
leaf_count=45 62 274 104 59 1571
internal_value=-0.000538499 0.00119529 0.000336841 -0.000972846 -0.00117647
internal_weight=2115 423 378 1692 1630
internal_count=2115 423 378 1692 1630
is_linear=0
shrinkage=0.04


Tree=55
num_leaves=8
num_cat=0
split_feature=64 74 116 104 87 39 0
split_gain=0.942772 1.94947 3.25157 1.541 1.03546 1.21699 0.00867156
threshold=-0.54572188900676422 -0.40010473650847561 -0.13103080100273259 0.84332275633811182 0.062305573825594936 -0.42734441778113347 -0.75936445492519566
decision_type=2 2 2 2 2 2 2
left_child=4 2 -2 -3 5 -1 -6
right_child=1 3 -4 -5 6 -7 -8
leaf_value=0.00031206021451219372 0.00061611487057421479 -9.4950276627921271e-05 -9.5873516608648853e-06 0.00043756482108661232 -0.00023166346964726276 -0.00018918211035304135 -0.00045184912808534213
leaf_weight=58 146 1000 275 157 40 233 206
leaf_count=58 146 1000 275 157 40 233 206
internal_value=-0.00046292 3.03788e-05 0.00235461 -0.000817947 -0.00190724 -0.00028669 -0.00380645
internal_weight=2115 1578 421 1157 537 291 246
internal_count=2115 1578 421 1157 537 291 246
is_linear=0
shrinkage=0.04


Tree=56
num_leaves=7
num_cat=0
split_feature=50 74 110 107 57 9
split_gain=1.12442 1.38709 0.998032 0.912223 0.895745 0.797529
threshold=-0.92302774540430821 -0.11011025125355997 1.6819853149541151 0.37883690807969533 0.1393799986255351 0.85331999650229495
decision_type=2 2 2 2 2 2
left_child=1 4 5 -3 -1 -2
right_child=2 3 -4 -5 -6 -7
leaf_value=0.00048909692656730439 -2.7807113641554449e-05 -0.00012450631313111894 0.00052793948087508568 0.00037205543731774955 0.00022108896740532196 -0.00030925314184469121
leaf_weight=41 1623 113 43 47 51 197
leaf_count=41 1623 113 43 47 51 197
internal_value=-0.000481815 0.00201575 -0.000821449 -0.000246915 0.00587234 -0.000965972
internal_weight=2115 252 1863 160 92 1820
internal_count=2115 252 1863 160 92 1820
is_linear=0
shrinkage=0.04


Tree=57
num_leaves=7
num_cat=0
split_feature=63 74 28 79 59 13
split_gain=0.861217 1.20181 1.93677 1.32997 0.940398 0.819035
threshold=-0.51147646244545897 -0.48327549373328299 0.3979646586111566 1.1709785115395732 2.8973117470581946 -0.3373378570096438
decision_type=2 2 2 2 2 2
left_child=4 2 -2 -3 5 -1
right_child=1 3 -4 -5 -6 -7
leaf_value=7.6911899432173213e-05 0.00046551602604804048 -5.016742390548377e-05 -0.00021917399237289897 0.00044041864265559582 0.00042997008040678144 -0.00041393795430184319
leaf_weight=114 232 1125 136 69 40 399
leaf_count=114 232 1125 136 69 40 399
internal_value=-0.000614077 -0.000132993 0.00185946 -0.000749165 -0.00196757 -0.00243107
internal_weight=2115 1562 368 1194 553 513
internal_count=2115 1562 368 1194 553 513
is_linear=0
shrinkage=0.04


Tree=58
num_leaves=6
num_cat=0
split_feature=29 20 41 64 73
split_gain=0.851486 1.40144 1.40738 0.302281 0.175283
threshold=0.82107883027792916 0.75292751060736907 0.64075705288372864 0.52104002033734842 0.18669695785953874
decision_type=2 2 2 2 2
left_child=1 2 -1 4 -2
right_child=3 -3 -4 -5 -6
leaf_value=-3.1330192707897944e-06 -0.00049160528624660931 0.00038575836752806542 -0.00045844921259599608 -6.9041680554185616e-05 -0.00033696895327451037
leaf_weight=1581 168 74 188 64 40
leaf_count=1581 168 74 188 64 40
internal_value=-0.000576288 -0.000266668 -0.000494637 -0.00265694 -0.00339048
internal_weight=2115 1843 1769 272 208
internal_count=2115 1843 1769 272 208
is_linear=0
shrinkage=0.04


Tree=59
num_leaves=8
num_cat=0
split_feature=62 94 28 14 93 111 1
split_gain=0.830716 1.2904 1.63171 1.27463 0.661325 1.7002 0.72367
threshold=0.061429732900487234 -0.21430741208721624 -0.32664210615307149 0.42908714691283451 -0.015653827469844082 -0.30566041098620778 -0.32067286610777573
decision_type=2 2 2 2 2 2 2
left_child=1 3 -3 -1 5 -2 -6
right_child=4 2 -4 -5 6 -7 -8
leaf_value=-0.00019951311874225793 0.00048093831761923461 -0.00015914264037910451 0.00021531384362529193 0.00011836560157447021 4.1792887224374557e-05 -8.3645380628331997e-05 -0.00035687109306424493
leaf_weight=346 53 154 488 133 77 446 418
leaf_count=346 53 154 488 133 77 446 418
internal_value=-0.00050071 0.000245769 0.00141615 -0.00132225 -0.00134137 -0.000311378 -0.00237425
internal_weight=2115 1121 642 479 994 499 495
internal_count=2115 1121 642 479 994 499 495
is_linear=0
shrinkage=0.04


Tree=60
num_leaves=7
num_cat=0
split_feature=9 24 59 40 59 59
split_gain=0.869667 1.03267 2.22913 1.13395 0.255933 0.0694906
threshold=0.85331999650229495 0.36021961344165448 0.5511335886062666 1.1339534282057364 1.8155248635522405 -0.37693607541015456
decision_type=2 2 2 2 2 2
left_child=1 3 -3 -1 5 -2
right_child=4 2 -4 -5 -6 -7
leaf_value=-6.3244594676270608e-05 -0.00024515543952060643 4.9193626933663231e-06 0.00080933554056266635 0.00014542206125481573 -2.4830789350319474e-05 -0.00040916951389472568
leaf_weight=1198 40 434 75 184 40 144
leaf_count=1198 40 434 75 184 40 144
internal_value=-0.000557393 -0.00027681 0.00126027 -0.000843932 -0.00290266 -0.00352688
internal_weight=2115 1891 509 1382 224 184
internal_count=2115 1891 509 1382 224 184
is_linear=0
shrinkage=0.04


Tree=61
num_leaves=8
num_cat=0
split_feature=62 41 39 7 81 91 116
split_gain=0.916908 1.12957 1.76099 0.814132 0.5704 1.44552 0.819985
threshold=0.061429732900487234 -0.28623535514266801 1.293057326293136 -0.012675581613387174 0.34687892063208475 -0.45860442726091016 -0.083784041424888669
decision_type=2 2 2 2 2 2 2
left_child=1 3 -3 -1 6 -6 -2
right_child=4 2 -4 -5 5 -7 -8
leaf_value=-0.00023226983656037637 -1.9327684299789257e-05 1.156042685750513e-05 0.00077171773606775449 5.4700294304100562e-05 0.00027137763015870479 -0.0001704019574861397 -0.00036872642465679925
leaf_weight=245 266 589 65 222 85 252 391
leaf_count=245 266 589 65 222 85 252 391
internal_value=-0.000538499 0.000245769 0.00131707 -0.00125373 -0.00142169 -8.25968e-05 -0.00210622
internal_weight=2115 1121 654 467 994 337 657
internal_count=2115 1121 654 467 994 337 657
is_linear=0
shrinkage=0.04


Tree=62
num_leaves=8
num_cat=0
split_feature=62 42 64 28 93 109 1
split_gain=0.95149 1.08891 1.99943 1.15547 0.610818 1.31208 0.72367
threshold=0.061429732900487234 0.3222024908593038 -0.36626312441055825 -0.32664210615307149 -0.015653827469844082 -0.4583807776652517 -0.32067286610777573
decision_type=2 2 2 2 2 2 2
left_child=1 3 -3 -1 5 -2 -6
right_child=4 2 -4 -5 6 -7 -8
leaf_value=-0.00018279702317815531 0.00050003584790827053 -9.1951219957597791e-05 0.00026527296168670791 7.1206887570532203e-05 4.7049856400664044e-05 -6.4630443310234505e-05 -0.00033989103338613754
leaf_weight=291 48 100 217 513 77 451 418
leaf_count=291 48 100 217 513 77 451 418
internal_value=-0.000481815 0.000317007 0.00229467 -0.000466502 -0.00138153 -0.000391219 -0.00237425
internal_weight=2115 1121 317 804 994 499 495
internal_count=2115 1121 317 804 994 499 495
is_linear=0
shrinkage=0.04


Tree=63
num_leaves=6
num_cat=0
split_feature=33 82 92 41 46
split_gain=1.05566 1.17791 1.4497 0.926539 0.0683369
threshold=1.0922385775278716 0.62120340713402566 0.25575580042368373 -0.28623535514266801 0.88877331505350843
decision_type=2 2 2 2 2
left_child=1 3 -3 -1 -2
right_child=4 2 -4 -5 -6
leaf_value=-0.00017590121236835403 -0.00049304588569552951 2.8916330012499388e-06 0.00048301328338782006 -3.4924491532245257e-06 -0.00039013996746518762
leaf_weight=558 136 369 109 903 40
leaf_count=558 136 369 109 903 40
internal_value=-0.000557393 -0.000286451 0.00143333 -0.000850309 -0.00350562
internal_weight=2115 1939 478 1461 176
internal_count=2115 1939 478 1461 176
is_linear=0
shrinkage=0.04


Tree=64
num_leaves=7
num_cat=0
split_feature=9 20 24 62 109 68
split_gain=0.870195 1.53469 1.17775 0.598949 0.950395 0.400547
threshold=0.50009585331022144 0.75292751060736907 0.36876865979046691 -0.24599140235673811 0.091105133609121855 -0.53212934685716162
decision_type=2 2 2 2 2 2
left_child=1 2 -1 4 -2 -5
right_child=3 -3 -4 5 -6 -7
leaf_value=-3.8203471847371586e-05 0.00011470448491656066 0.00038885711143879975 0.00012692732566329187 -3.988370003737013e-05 -0.00040264196021672891 -0.00034906462142927442
leaf_weight=1218 42 57 336 116 44 302
leaf_count=1218 42 57 336 116 44 302
internal_value=-0.000481815 -2.72793e-05 -0.000267353 -0.00192885 0.00109091 -0.00255238
internal_weight=2115 1611 1554 504 86 418
internal_count=2115 1611 1554 504 86 418
is_linear=0
shrinkage=0.04


Tree=65
num_leaves=7
num_cat=0
split_feature=63 86 30 86 59 20
split_gain=0.865703 1.44056 1.59775 1.13167 0.917363 0.778634
threshold=-0.51147646244545897 0.42381969915456491 0.65245643940421671 -0.37035501458837805 2.8973117470581946 -0.85549816087447417
decision_type=2 2 2 2 2 2
left_child=4 3 -3 -2 5 -1
right_child=1 2 -4 -5 -6 -7
leaf_value=9.8929076581036909e-05 5.5508726350649513e-05 0.00017568600591540267 -0.00016746698869556963 -9.8213968741849478e-05 0.00034177757543893921 -0.00029585643832463949
leaf_weight=61 369 412 102 679 40 452
leaf_count=61 369 412 102 679 40 452
internal_value=-0.000538499 -5.62669e-05 0.00167442 -0.000906668 -0.0018955 -0.0023534
internal_weight=2115 1562 514 1048 553 513
internal_count=2115 1562 514 1048 553 513
is_linear=0
shrinkage=0.04


Tree=66
num_leaves=5
num_cat=0
split_feature=97 84 80 5
split_gain=0.831037 1.20816 1.23695 0.00349025
threshold=-1.0815735256789247 2.3244232653355184 -0.83143625998556614 0.44189987240043854
decision_type=2 2 2 2
left_child=3 2 -2 -1
right_child=1 -3 -4 -5
leaf_value=-0.00027480919899945308 0.00015149344907350857 0.00017088817054540872 -3.6211974234327017e-05 -0.00075356658867762
leaf_weight=86 132 66 1791 40
leaf_count=86 132 66 1791 40
internal_value=-0.00050071 -0.000299348 -0.000484157 -0.003625
internal_weight=2115 1989 1923 126
internal_count=2115 1989 1923 126
is_linear=0
shrinkage=0.04


Tree=67
num_leaves=7
num_cat=0
split_feature=80 64 81 0 74 114
split_gain=0.942543 1.3258 1.2172 1.64107 1.17769 0.949346
threshold=-0.83143625998556614 0.6124232570785163 0.13951867017338429 -1.1346053012401136 -0.78015771802353862 -0.092034426047861065
decision_type=2 2 2 2 2 2
left_child=1 5 4 -4 -2 -1
right_child=2 -3 3 -5 -6 -7
leaf_value=8.3507066852647237e-05 6.5620424393645035e-05 0.00045190207843836205 0.00034971159969719674 -5.7549583388878788e-06 -0.00021597392345363867 -0.00024874099253332317
leaf_weight=54 147 40 87 780 948 59
leaf_count=54 147 40 87 780 948 59
internal_value=-0.00050071 0.00250322 -0.000737272 0.000382047 -0.00162261 0.000243477
internal_weight=2115 153 1962 867 1095 113
internal_count=2115 153 1962 867 1095 113
is_linear=0
shrinkage=0.04


Tree=68
num_leaves=6
num_cat=0
split_feature=35 115 36 29 40
split_gain=1.02092 1.43235 1.29663 1.01538 0.165
threshold=0.97989105873618143 0.48154538055827933 0.73913713689127669 -0.62081773631899084 0.36097123356453115
decision_type=2 2 2 2 2
left_child=1 2 -1 -3 -2
right_child=4 3 -4 -5 -6
leaf_value=5.9524142239755062e-06 -0.0002796334884757368 5.7023552346121606e-05 0.00048897477452133616 -0.00027838211327648772 -0.00045848053108176015
leaf_weight=1312 62 169 73 369 130
leaf_count=1312 62 169 73 369 130
internal_value=-0.000368447 -8.93516e-05 0.000591203 -0.00183704 -0.00313402
internal_weight=2115 1923 1385 538 192
internal_count=2115 1923 1385 538 192
is_linear=0
shrinkage=0.04


Tree=69
num_leaves=8
num_cat=0
split_feature=62 60 41 74 93 60 36
split_gain=1.14493 1.05509 1.79546 1.30967 0.661173 1.07592 0.697041
threshold=0.061429732900487234 -0.9743873368391246 -0.82331238541732621 -0.11011025125355997 -0.015653827469844082 -0.8083579126593804 -1.0984158222617795
decision_type=2 2 2 2 2 2 2
left_child=1 2 -1 -3 5 -2 -6
right_child=4 3 -4 -5 6 -7 -8
leaf_value=-0.0001738812186012709 0.00022457584964711449 6.5369483177228591e-05 0.00042517323483511483 -0.00016620194613477195 1.950518385592156e-05 -8.3272966693305575e-05 -0.00030628586656063347
leaf_weight=43 45 475 67 536 42 454 453
leaf_count=43 45 475 67 536 42 454 453
internal_value=-0.000273974 0.000601958 0.00428571 0.000193484 -0.00126105 -0.000231538 -0.00229376
internal_weight=2115 1121 110 1011 994 499 495
internal_count=2115 1121 110 1011 994 499 495
is_linear=0
shrinkage=0.04


Tree=70
num_leaves=7
num_cat=0
split_feature=19 74 97 81 74 12
split_gain=0.98456 1.44307 1.48171 1.09757 0.403611 0.0843498
threshold=0.64592928780377912 -0.11011025125355997 0.62529344211016336 0.064994347940069475 0.52849304916350703 1.0014424665472081
decision_type=2 2 2 2 2 2
left_child=1 2 -1 -3 5 -2
right_child=4 3 -4 -5 -6 -7
leaf_value=6.387756956052602e-05 -0.00031890835052406801 -0.00032173079031550688 -0.00017679695732505542 1.1873708537073557e-05 2.2957857881233043e-05 -0.00036400912128626786
leaf_weight=693 143 518 103 553 40 65
leaf_count=693 143 518 103 553 40 65
internal_value=-0.000330658 -1.49822e-05 0.00127318 -0.000972974 -0.002688 -0.00339048
internal_weight=2115 1867 796 1071 248 208
internal_count=2115 1867 796 1071 248 208
is_linear=0
shrinkage=0.04


Tree=71
num_leaves=6
num_cat=0
split_feature=97 80 0 115 5
split_gain=0.945403 1.16406 1.30708 1.09796 0.00349025
threshold=-1.0815735256789247 -0.83143625998556614 0.20646508115704224 -0.12127209201675754 0.44189987240043854
decision_type=2 2 2 2 2
left_child=4 2 -2 -3 -1
right_child=1 3 -4 -5 -6
leaf_value=-0.00026513195527004931 0.00039950059711110395 1.5144181129496299e-05 -6.6035547991807314e-05 -8.8241669226736105e-05 -0.00072884857994630445
leaf_weight=86 76 804 56 1053 40
leaf_count=86 76 804 56 1053 40
internal_value=-0.000292868 -7.83535e-05 0.00352239 -0.000337817 -0.003625
internal_weight=2115 1989 132 1857 126
internal_count=2115 1989 132 1857 126
is_linear=0
shrinkage=0.04


Tree=72
num_leaves=6
num_cat=0
split_feature=33 24 70 94 78
split_gain=1.0572 1.32391 1.85885 1.28799 0.160903
threshold=1.0922385775278716 0.36021961344165448 0.36300939391020787 -0.94735649292297353 0.4805511252975192
decision_type=2 2 2 2 2
left_child=1 3 -3 -1 -2
right_child=4 2 -4 -5 -6
leaf_value=9.4800116644463891e-05 -0.00043245040617827566 1.2807348569794293e-05 0.00044404323762339826 -6.7402477362750487e-05 -0.0002767934924533086
leaf_weight=195 135 425 71 1248 41
leaf_count=195 135 425 71 1248 41
internal_value=-0.000330658 -5.9764e-05 0.00171887 -0.000672665 -0.0032809
internal_weight=2115 1939 496 1443 176
internal_count=2115 1939 496 1443 176
is_linear=0
shrinkage=0.04


Tree=73
num_leaves=8
num_cat=0
split_feature=62 40 47 24 93 111 1
split_gain=1.08045 1.03566 2.83599 1.07595 0.661462 1.38445 0.756755
threshold=0.061429732900487234 1.1339534282057364 -0.047964863057187272 0.36876865979046691 -0.015653827469844082 -0.30566041098620778 -0.32067286610777573
decision_type=2 2 2 2 2 2 2
left_child=1 3 -3 -1 5 -2 -6
right_child=4 2 -4 -5 6 -7 -8
leaf_value=-3.8119638097163296e-05 0.00038187293645879821 0.00060171449619541889 -7.9103287822414914e-05 7.4030729321923405e-05 3.1015646188397855e-05 -6.1778854391650301e-05 -0.0003018947912237781
leaf_weight=710 53 67 82 262 77 446 418
leaf_count=710 53 67 82 262 77 446 418
internal_value=-0.00046292 0.000388245 0.0034702 -9.035e-05 -0.00142169 -0.000391219 -0.00245473
internal_weight=2115 1121 149 972 994 499 495
internal_count=2115 1121 149 972 994 499 495
is_linear=0
shrinkage=0.04


Tree=74
num_leaves=7
num_cat=0
split_feature=4 69 87 40 47 68
split_gain=1.09122 1.08012 1.03664 0.882617 0.56813 0.127361
threshold=0.67215533455606391 -0.11372443233906987 -0.53561710128805584 1.1029006090948223 -0.40658398723686801 -0.53212934685716162
decision_type=2 2 2 2 2 2
left_child=1 3 -3 -1 -2 -6
right_child=4 2 -4 -5 5 -7
leaf_value=-0.00013150844953559824 0.00028029667249701546 -8.7642079535756953e-05 9.4691809293672813e-05 0.000293652412322512 -7.272243883645063e-05 -0.00032772044136842037
leaf_weight=654 40 246 704 159 91 221
leaf_count=654 40 246 704 159 91 221
internal_value=-0.000481815 -7.47885e-05 0.000840335 -0.00114356 -0.00250848 -0.0030828
internal_weight=2115 1763 950 813 352 312
internal_count=2115 1763 950 813 352 312
is_linear=0
shrinkage=0.04


Tree=75
num_leaves=6
num_cat=0
split_feature=33 24 59 94 78
split_gain=1.00371 1.09828 2.62385 0.983985 0.160903
threshold=1.0922385775278716 0.36021961344165448 0.5511335886062666 -0.94735649292297353 0.4805511252975192
decision_type=2 2 2 2 2
left_child=1 3 -3 -1 -2
right_child=4 2 -4 -5 -6
leaf_value=8.8745225130824808e-05 -0.00040290129732628566 4.5346334471897935e-06 0.0007479216366309678 -6.4098700102783345e-05 -0.00026539204823605294
leaf_weight=195 135 423 73 1248 41
leaf_count=195 135 423 73 1248 41
internal_value=-0.000406236 -0.000142196 0.00147791 -0.000700347 -0.0032809
internal_weight=2115 1939 496 1443 176
internal_count=2115 1939 496 1443 176
is_linear=0
shrinkage=0.04


Tree=76
num_leaves=8
num_cat=0
split_feature=84 78 88 94 40 92 45
split_gain=0.994107 1.78307 1.62782 0.874851 1.6855 0.899 0.839228
threshold=0.85939960706665885 -0.21590274876368618 0.60959490651533887 -0.071574869020583479 -0.47690650984525618 0.77837401053818078 -0.0044448399958988702
decision_type=2 2 2 2 2 2 2
left_child=3 2 -2 5 -5 -1 -3
right_child=1 6 -4 4 -6 -7 -8
leaf_value=-0.00016957079484584246 0.00037081509178466318 3.8990917255846674e-05 -1.2614191400297263e-05 0.00040759869048980152 -1.5773362690451483e-05 0.00014425671723716928 -0.00035320868877132842
leaf_weight=714 81 132 54 78 819 105 132
leaf_count=714 81 132 54 78 819 105 132
internal_value=-0.000387342 0.00140648 0.00510949 -0.000805589 5.78411e-05 -0.00174909 -0.000511279
internal_weight=2115 399 135 1716 897 819 264
internal_count=2115 399 135 1716 897 819 264
is_linear=0
shrinkage=0.04


Tree=77
num_leaves=7
num_cat=0
split_feature=30 81 111 80 74 102
split_gain=1.1545 1.49685 1.90393 1.2076 0.455209 0.500847
threshold=0.58223314012881 0.81632936676804124 -0.15808115335422515 -0.83143625998556614 -1.0018303699655029 0.69245535454722884
decision_type=2 2 2 2 2 2
left_child=1 3 -3 -1 -2 -6
right_child=4 2 -4 -5 5 -7
leaf_value=0.00015303407124540075 6.1835344204249514e-05 0.00022584185164440252 5.4264298772772535e-05 -2.6109450427451532e-05 -0.00030980359123440631 1.7126863562541976e-05
leaf_weight=111 42 56 193 1315 323 75
leaf_count=111 42 56 193 1315 323 75
internal_value=-0.000444026 3.57772e-05 0.00288446 -0.000464987 -0.00226244 -0.00268
internal_weight=2115 1675 249 1426 440 398
internal_count=2115 1675 249 1426 440 398
is_linear=0
shrinkage=0.04


Tree=78
num_leaves=7
num_cat=0
split_feature=29 86 63 43 10 80
split_gain=1.125 1.16703 1.65162 1.28627 0.23585 0.115737
threshold=0.82107883027792916 0.37038364210462354 -0.50079155634526662 2.2211679595839811 1.5918647872201084 0.68819564454333992
decision_type=2 2 2 2 2 2
left_child=1 3 -3 -1 5 -2
right_child=4 2 -4 -5 -6 -7
leaf_value=-6.8949018357396502e-05 -0.00035722531747341927 -0.00014552459864586594 0.00012882107365650745 0.00028294656586911948 -5.0305469159127143e-05 -0.00035452390865623888
leaf_weight=1199 175 129 464 51 42 55
leaf_count=1199 175 129 464 51 42 55
internal_value=-0.000557393 -0.000201627 0.00125714 -0.00089457 -0.00294891 -0.00344828
internal_weight=2115 1843 593 1250 272 230
internal_count=2115 1843 593 1250 272 230
is_linear=0
shrinkage=0.04


Tree=79
num_leaves=7
num_cat=0
split_feature=80 64 94 30 116 108
split_gain=0.90739 1.7747 0.964937 1.11772 0.985244 0.626703
threshold=-0.83143625998556614 0.6124232570785163 -0.16191780848081719 0.30263378819252867 0.24496814384093091 0.06623414126345574
decision_type=2 2 2 2 2 2
left_child=1 5 4 -4 -2 -1
right_child=2 -3 3 -5 -6 -7
leaf_value=-4.3502299864752262e-05 -0.00031795404637077729 0.00040124001198548886 5.6548479860582362e-05 -8.6040884193449519e-05 1.0756681680275024e-05 2.9980565440951871e-05
leaf_weight=73 507 40 746 442 267 40
leaf_count=73 507 40 746 442 267 40
internal_value=-0.000444026 0.00250322 -0.000676172 4.03352e-05 -0.0017732 -0.000104349
internal_weight=2115 153 1962 1188 774 113
internal_count=2115 153 1962 1188 774 113
is_linear=0
shrinkage=0.04


Tree=80
num_leaves=7
num_cat=0
split_feature=17 74 40 80 74 116
split_gain=0.95002 1.66031 1.43641 1.03451 0.817394 0.165966
threshold=0.55944333168411597 -0.19758308102940972 -0.42069315165554749 2.9441046538748936 0.5474692311538637 -0.0070564609193074527
decision_type=2 2 2 2 2 2
left_child=1 2 -1 -3 5 -2
right_child=4 3 -4 -5 -6 -7
leaf_value=0.00037572109431200317 -0.00013887807675139123 -7.2414465185578956e-05 1.2362789529808774e-05 0.00061807480270689404 0.0002671970445649554 -0.00036904665304933888
leaf_weight=115 172 1089 454 65 59 161
leaf_count=115 172 1089 454 65 59 161
internal_value=-0.000481815 -7.65227e-05 0.00168827 -0.000948098 -0.00225381 -0.0030209
internal_weight=2115 1723 569 1154 392 333
internal_count=2115 1723 569 1154 392 333
is_linear=0
shrinkage=0.04


Tree=81
num_leaves=7
num_cat=0
split_feature=9 41 13 46 38 102
split_gain=0.880004 1.44866 1.69027 0.880725 0.754329 0.302004
threshold=0.50728860870519588 -0.018036576847541983 -0.84456866185631674 0.65696059122124673 1.5361713641694636 0.69245535454722884
decision_type=2 2 2 2 2 2
left_child=1 3 -3 -1 5 -2
right_child=4 2 -4 -5 -6 -7
leaf_value=-0.00011480429121798664 -0.0002329601068842432 0.00037771823236690673 3.5270736142668273e-05 9.284570811405609e-05 4.6005973434828991e-05 -8.3678741226403678e-06
leaf_weight=772 370 55 593 199 55 71
leaf_count=772 370 55 593 199 55 71
internal_value=-0.000425131 2.71428e-05 0.00148923 -0.000949641 -0.00189558 -0.00244695
internal_weight=2115 1619 648 971 496 441
internal_count=2115 1619 648 971 496 441
is_linear=0
shrinkage=0.04


Tree=82
num_leaves=7
num_cat=0
split_feature=17 74 84 13 74 7
split_gain=0.937773 1.26448 2.6055 1.04797 0.403611 0.0915084
threshold=0.64592928780377912 -0.40010473650847561 1.1986414641640979 -0.84456866185631674 0.52849304916350703 -0.44338087562415812
decision_type=2 2 2 2 2 2
left_child=1 2 -1 -3 5 -2
right_child=4 3 -4 -5 -6 -7
leaf_value=9.8356773088978134e-06 -0.00019702346300930529 8.8975428871513533e-05 0.00036024028937716362 -4.1916229804124491e-05 3.4288920373021015e-05 -0.00029984400098400987
leaf_weight=437 62 91 58 1281 40 146
leaf_count=437 62 91 58 1281 40 146
internal_value=-0.000387342 -7.91877e-05 0.0016499 -0.000704513 -0.002688 -0.00339048
internal_weight=2115 1867 495 1372 248 208
internal_count=2115 1867 495 1372 248 208
is_linear=0
shrinkage=0.04


Tree=83
num_leaves=8
num_cat=0
split_feature=88 63 41 59 33 93 38
split_gain=1.0191 1.2596 1.51696 0.857287 0.700552 1.35876 0.643386
threshold=0.52746694835463848 -0.51147646244545897 0.56203281714122399 2.8312638708132032 -0.83495301386349563 0.63550959952688024 -0.81589114859118095
decision_type=2 2 2 2 2 2 2
left_child=1 3 -3 -1 5 -2 -6
right_child=4 2 -4 -5 6 -7 -8
leaf_value=-0.0001905529420161859 0.00038059709826847131 5.8723598504496153e-05 -0.00011645581943121298 0.00027453009975759253 1.5542931735920851e-05 -9.1713345977127692e-05 -0.00031465459650215115
leaf_weight=423 41 894 263 40 40 78 336
leaf_count=423 41 894 263 40 40 78 336
internal_value=-0.000387342 9.86427e-05 0.000804141 -0.00166022 -0.00197183 0.000694214 -0.00281482
internal_weight=2115 1620 1157 463 495 119 376
internal_count=2115 1620 1157 463 495 119 376
is_linear=0
shrinkage=0.04


Tree=84
num_leaves=6
num_cat=0
split_feature=97 22 74 22 5
split_gain=0.934707 1.05648 1.17622 0.160538 0.00349025
threshold=-1.0815735256789247 1.0033567134076533 -0.11011025125355997 1.4166063388334436 0.44189987240043854
decision_type=2 2 2 2 2
left_child=4 2 -2 -3 -1
right_child=1 3 -4 -5 -6
leaf_value=-0.0002425228665746456 2.3936314698482882e-05 -0.0003355458058931856 -4.5662148154913912e-05 -8.4836106316252472e-05 -0.00067198734071082433
leaf_weight=86 795 119 1035 40 40
leaf_count=86 795 119 1035 40 40
internal_value=-0.000311763 -9.84439e-05 0.000174672 -0.00320497 -0.003625
internal_weight=2115 1989 1830 159 126
internal_count=2115 1989 1830 159 126
is_linear=0
shrinkage=0.04


Tree=85
num_leaves=8
num_cat=0
split_feature=82 88 41 28 117 84 62
split_gain=0.845717 1.11944 1.48341 0.889276 1.66059 0.93843 0.629731
threshold=-0.36712990838573623 0.52746694835463848 0.56203281714122399 -0.5198950225577641 -0.61874484732215962 1.4249749370606484 -0.12866003063072703
decision_type=2 2 2 2 2 2 2
left_child=3 2 -2 4 -1 -5 -3
right_child=1 6 -4 5 -6 -7 -8
leaf_value=0.00069156989634931504 5.3941267008153432e-05 2.1080590147798755e-06 -0.00014057619457055563 -0.0002965371579500694 -0.0002347197226643853 0.00017641038812604048 -0.00027648747019065617
leaf_weight=40 977 179 274 293 62 40 250
leaf_count=40 977 179 274 293 62 40 250
internal_value=-0.00021729 0.000190249 0.000794891 -0.0017849 0.00146154 -0.00278209 -0.00156845
internal_weight=2115 1680 1251 435 102 333 429
internal_count=2115 1680 1251 435 102 333 429
is_linear=0
shrinkage=0.04


Tree=86
num_leaves=7
num_cat=0
split_feature=17 27 116 86 74 62
split_gain=0.776893 1.11322 2.02949 1.11765 0.336411 0.164727
threshold=0.64592928780377912 0.66984728823195061 -0.032398808647127735 0.39146428287641094 0.52849304916350703 0.26094315242825833
decision_type=2 2 2 2 2 2
left_child=1 3 -3 -1 5 -2
right_child=4 2 -4 -5 -6 -7
leaf_value=-6.0830871487783616e-05 -0.0001177676458427886 0.00027460912093007703 -0.00027828487562355007 3.2385441755415833e-05 3.0237254863790725e-05 -0.00028563082658970981
leaf_weight=1192 56 73 52 550 40 152
leaf_count=1192 56 73 52 550 40 152
internal_value=-0.000273974 6.41959e-06 0.00362205 -0.000256882 -0.002368 -0.00300952
internal_weight=2115 1867 125 1742 248 208
internal_count=2115 1867 125 1742 248 208
is_linear=0
shrinkage=0.04


Tree=87
num_leaves=7
num_cat=0
split_feature=80 64 94 2 92 26
split_gain=0.950744 1.64657 1.16411 1.78375 1.07054 0.79249
threshold=-0.83143625998556614 0.6124232570785163 -0.21430741208721624 0.20195980013875639 0.77837401053818078 0.23965803980683267
decision_type=2 2 2 2 2 2
left_child=1 5 4 -4 -2 -1
right_child=2 -3 3 -5 -6 -7
leaf_value=-3.2976797728846797e-05 -0.00026201187374857179 0.00036337851595547184 6.9578063941188556e-05 -9.7795951025954488e-05 0.00016846994326266253 0.00010759264427235962
leaf_weight=72 615 40 722 496 129 41
leaf_count=72 615 40 722 496 129 41
internal_value=-0.000255079 0.00276129 -0.000492873 0.000268852 -0.00173727 0.000243477
internal_weight=2115 153 1962 1218 744 113
internal_count=2115 153 1962 1218 744 113
is_linear=0
shrinkage=0.04


Tree=88
num_leaves=8
num_cat=0
split_feature=29 14 93 81 0 13 112
split_gain=0.935095 1.03431 1.25546 0.924038 0.425976 0.446537 0.0702929
threshold=0.82107883027792916 -0.63813037796984495 0.16517937161127505 0.96225919687325556 0.19653219558902871 0.65396719340650511 0.30245088070800691
decision_type=2 2 2 2 2 2 2
left_child=1 3 -3 -1 5 -2 -6
right_child=4 2 -4 -5 6 -7 -8
leaf_value=-0.00032473878292206228 -0.00025647787608248912 5.7202034661447316e-05 -1.5724808390065192e-05 0.00021206765211351621 -0.00029938166707198796 2.7685458909584077e-05 -0.00013489561208375399
leaf_weight=324 42 848 630 41 150 40 40
leaf_count=324 42 848 630 41 150 40 40
internal_value=-0.000330658 -6.50502e-06 0.000464864 -0.00190736 -0.00251095 -9.5239e-05 -0.00354167
internal_weight=2115 1843 1478 365 272 82 190
internal_count=2115 1843 1478 365 272 82 190
is_linear=0
shrinkage=0.04


Tree=89
num_leaves=7
num_cat=0
split_feature=50 68 17 30 62 95
split_gain=0.899186 1.82062 0.93822 1.18244 0.933208 0.0653214
threshold=-0.92302774540430821 -0.48360898764523347 -0.77363692019349972 -0.72197413770018648 -0.8263567772560928 0.43230199647057216
decision_type=2 2 2 2 2 2
left_child=1 -1 5 -4 -3 -2
right_child=2 4 3 -5 -6 -7
leaf_value=0.00036653426972441182 -0.00031299013858470672 -0.00016033878553300116 0.00016878277069752701 -1.694258625214239e-05 7.367690267531876e-05 -0.00012167888925176299
leaf_weight=44 118 80 136 1569 128 40
leaf_count=44 118 80 136 1569 128 40
internal_value=-0.00021729 0.00201575 -0.000521181 -0.000246047 0.000419047 -0.00345
internal_weight=2115 252 1863 1705 208 158
internal_count=2115 252 1863 1705 208 158
is_linear=0
shrinkage=0.04


Tree=90
num_leaves=8
num_cat=0
split_feature=62 93 41 117 80 84 102
split_gain=1.08235 1.24667 1.50257 0.8937 1.08801 0.497236 0.317841
threshold=0.03256620168785828 -0.70521220604861423 -0.54116450269148941 -0.26923942212264679 -0.01770904137443392 0.95132398435685916 -0.95637962889111905
decision_type=2 2 2 2 2 2 2
left_child=1 6 -3 4 -2 -5 -1
right_child=3 2 -4 5 -6 -7 -8
leaf_value=0.00017167515143352049 -2.9510010801465046e-05 -5.4861579238022797e-05 6.1893652756428417e-05 -0.00024161229725962931 0.0001142963490602336 -7.1763634812105737e-07 -0.00033030065210118892
leaf_weight=40 221 290 592 514 156 139 163
leaf_count=40 221 290 592 514 156 139 163
internal_value=-0.000273974 0.000607175 0.00125792 -0.00120155 0.000348284 -0.00209466 -0.00220488
internal_weight=2115 1085 882 1030 377 653 203
internal_count=2115 1085 882 1030 377 653 203
is_linear=0
shrinkage=0.04


Tree=91
num_leaves=5
num_cat=0
split_feature=69 69 17 26
split_gain=0.999357 0.940129 1.79159 0.907017
threshold=-1.6954079589712092 -0.11372443233906987 0.13082200464140339 -1.084860022339095
decision_type=2 2 2 2
left_child=-1 3 -3 -2
right_child=1 2 -4 -5
leaf_value=0.00016982734366434646 0.00028125355876377345 5.9884820853511321e-05 -7.3531502314610247e-05 -0.00011653535883903635
leaf_weight=45 76 567 624 803
leaf_count=45 76 567 624 803
internal_value=-0.000236184 -0.000366796 0.000365464 -0.00135755
internal_weight=2115 2070 1191 879
internal_count=2115 2070 1191 879
is_linear=0
shrinkage=0.04


Tree=92
num_leaves=7
num_cat=0
split_feature=80 64 25 117 82 114
split_gain=0.794996 1.7747 0.951036 0.879612 1.4451 0.827669
threshold=-0.83143625998556614 0.6124232570785163 -0.1606917450601614 -0.12221459667014363 -0.063187471375608095 1.0113113041870476
decision_type=2 2 2 2 2 2
left_child=1 2 -1 4 -2 -5
right_child=3 -3 -4 5 -6 -7
leaf_value=9.2646868120292226e-05 -4.6012446698191511e-05 0.00034855006475603066 -0.00013894825295422087 -0.00013899497244324727 8.3645764634195495e-05 0.00011774428761633518
leaf_weight=49 492 40 64 900 396 174
leaf_count=49 492 40 64 900 396 174
internal_value=-0.000255079 0.00250322 -0.000104349 -0.000472506 0.000458426 -0.00124164
internal_weight=2115 153 113 1962 888 1074
internal_count=2115 153 113 1962 888 1074
is_linear=0
shrinkage=0.04


Tree=93
num_leaves=8
num_cat=0
split_feature=0 62 81 88 80 84 117
split_gain=0.960947 1.16455 1.29788 0.966205 1.09256 0.681977 0.543798
threshold=-1.1567184733427534 -0.79806178747107082 0.13951867017338429 0.52746694835463848 -0.8502577601629111 2.0821984766787147 0.099863612289304349
decision_type=2 2 2 2 2 2 2
left_child=1 6 -3 4 -2 -5 -1
right_child=3 2 -4 5 -6 -7 -8
leaf_value=9.4277646873159508e-05 6.9586403854460948e-05 5.1975044692538593e-05 0.00040633007987924021 -0.00020850389300518658 -5.243999696106222e-06 3.407537942389723e-05 -0.00019577026902593221
leaf_weight=43 84 52 42 398 1403 50 43
leaf_count=43 84 52 42 398 1403 50 43
internal_value=-0.000141711 0.00263736 0.00566667 -0.000402686 8.86491e-05 -0.00202667 -0.000727274
internal_weight=2115 180 94 1935 1487 448 86
internal_count=2115 180 94 1935 1487 448 86
is_linear=0
shrinkage=0.04


Tree=94
num_leaves=8
num_cat=0
split_feature=62 26 12 35 10 94 36
split_gain=0.98935 1.40593 2.36669 0.952244 1.10317 0.933953 0.758768
threshold=0.03256620168785828 -0.43084761751121353 -0.74574484194753443 0.069161693099862184 -0.76235085726108165 -0.16191780848081719 -1.1222298191320192
decision_type=2 2 2 2 2 2 2
left_child=1 5 -3 6 -5 -1 -2
right_child=3 2 -4 4 -6 -7 -8
leaf_value=-0.00028780375602248246 2.7614514141414441e-05 0.00047648957276797511 2.3377285057887363e-05 0.00040591832718889069 -9.8675728052457815e-06 5.5572495917921985e-06 -0.00019043643639808316
leaf_weight=168 40 42 639 48 478 236 464
leaf_count=168 40 42 639 48 478 236 464
internal_value=-0.000198395 0.000643973 0.0017511 -0.00108527 0.00010606 -0.00122168 -0.00232411
internal_weight=2115 1085 681 1030 526 404 504
internal_count=2115 1085 681 1030 526 404 504
is_linear=0
shrinkage=0.04


Tree=95
num_leaves=5
num_cat=0
split_feature=43 41 24 73
split_gain=0.986337 0.866439 1.43928 0.380546
threshold=-1.0437490902389528 0.64075705288372864 0.36876865979046691 0.25872560413415496
decision_type=2 2 2 2
left_child=-1 2 -2 -3
right_child=1 3 -4 -5
leaf_value=0.00029678253309745961 -2.3062324046984664e-05 -0.00026918873009174781 6.0190492292486871e-05 -7.5363548734302026e-06
leaf_weight=45 1341 244 423 62
leaf_count=45 1341 244 423 62
internal_value=-0.000198395 -0.000328186 1.35891e-05 -0.00228572
internal_weight=2115 2070 1764 306
internal_count=2115 2070 1764 306
is_linear=0
shrinkage=0.04


Tree=96
num_leaves=7
num_cat=0
split_feature=62 26 5 94 69 35
split_gain=0.867023 1.38854 1.96739 0.85444 0.618148 0.908254
threshold=0.03256620168785828 -0.43084761751121353 -0.73417972885989446 -0.16191780848081719 -1.5339580541344702 0.069161693099862184
decision_type=2 2 2 2 2 2
left_child=1 3 -3 -1 -2 -6
right_child=4 2 -4 -5 5 -7
leaf_value=-0.00027536911281970375 1.5130141286513007e-05 0.00045835248281913556 1.893906243875592e-05 5.9469297069500548e-06 -0.00018464144261606444 -1.8090708908203133e-06
leaf_weight=168 49 42 639 236 460 521
leaf_count=168 49 42 639 236 460 521
internal_value=-0.000255079 0.000533578 0.00163397 -0.0013202 -0.00108527 -0.00130621
internal_weight=2115 1085 681 404 1030 981
internal_count=2115 1085 681 404 1030 981
is_linear=0
shrinkage=0.04


Tree=97
num_leaves=7
num_cat=0
split_feature=9 97 117 59 18 13
split_gain=0.831861 0.908175 1.14982 0.623737 0.0694906 0.056682
threshold=0.85331999650229495 -1.0815735256789247 -0.17896544891040758 1.8155248635522405 0.70071290356953753 0.30179184531652609
decision_type=2 2 2 2 2 2
left_child=1 5 -3 4 -2 -1
right_child=3 2 -4 -5 -6 -7
leaf_value=-0.00037780950358913242 -0.00018457972396612585 5.1637418847070763e-05 -1.3690026591513042e-05 3.6021177232976721e-05 -0.00045829350741618228 -2.0770000841601683e-05
leaf_weight=82 144 669 1100 40 40 40
leaf_count=82 144 669 1100 40 40 40
internal_value=-0.000255079 1.90165e-05 0.000250705 -0.00254867 -0.00352688 -0.00329032
internal_weight=2115 1891 1769 224 184 122
internal_count=2115 1891 1769 224 184 122
is_linear=0
shrinkage=0.04


Tree=98
num_leaves=7
num_cat=0
split_feature=80 64 59 47 108 42
split_gain=0.903774 1.21506 1.12874 1.82716 1.30074 0.738723
threshold=-0.83143625998556614 0.6124232570785163 0.11743983463508816 -0.50402925437256085 -0.87309123659017329 -0.53380103330558692
decision_type=2 2 2 2 2 2
left_child=1 5 4 -4 -2 -1
right_child=2 -3 3 -5 -6 -7
leaf_value=5.1470814093713869e-05 7.5694079973716421e-05 0.00032940085199581091 0.00030560336134969067 -1.1162161340181592e-05 -0.00015060359272089997 -0.00014277038156175999
leaf_weight=47 111 40 192 684 975 66
leaf_count=47 111 40 192 684 975 66
internal_value=-0.0001795 0.00276129 -0.000411406 0.000656035 -0.00127206 0.000591303
internal_weight=2115 153 1962 876 1086 113
internal_count=2115 153 1962 876 1086 113
is_linear=0
shrinkage=0.04


Tree=99
num_leaves=7
num_cat=0
split_feature=17 74 84 94 74 96
split_gain=0.885122 1.1425 1.79202 1.04225 0.36925 0.14828
threshold=0.64592928780377912 -0.40010473650847561 1.1986414641640979 -0.94735649292297353 0.52849304916350703 -0.58699192107157427
decision_type=2 2 2 2 2 2
left_child=1 2 -1 -3 5 -2
right_child=4 3 -4 -5 -6 -7
leaf_value=8.7277075360489565e-06 -7.4642928804747444e-06 3.9583341813613801e-05 0.00030856329020432263 -3.6410656873231459e-05 3.2485966942400537e-05 -0.00025057300916783395
leaf_weight=437 40 153 58 1219 40 168
leaf_count=437 40 153 58 1219 40 168
internal_value=-0.000292868 6.41959e-06 0.0016499 -0.000588065 -0.002528 -0.0032
internal_weight=2115 1867 495 1372 248 208
internal_count=2115 1867 495 1372 248 208
is_linear=0
shrinkage=0.04


Tree=100
num_leaves=6
num_cat=0
split_feature=5 10 38 85 0
split_gain=0.813155 0.857511 2.09388 1.00704 0.00219467
threshold=1.1233286542379608 1.899479978044404 2.5673630194146129 0.59329535541510248 -0.057723363521774998
decision_type=2 2 2 2 2
left_child=1 3 -3 -1 -2
right_child=4 2 -4 -5 -6
leaf_value=2.9304241004042504e-06 -0.00041457716957419725 0.00041874375305908147 -0.00027223903767508979 -8.1177683073257651e-05 -0.00028813421225901251
leaf_weight=1422 40 46 48 487 72
leaf_count=1422 40 46 48 487 72
internal_value=-0.000292868 -0.000105737 0.00358333 -0.000290948 -0.00357895
internal_weight=2115 2003 94 1909 112
internal_count=2115 2003 94 1909 112
is_linear=0
shrinkage=0.04


Tree=101
num_leaves=6
num_cat=0
split_feature=4 88 87 33 4
split_gain=0.781662 0.933156 1.82067 1.4501 0.224262
threshold=0.974929610426578 0.22826300451009376 -0.53561710128805584 -0.83495301386349563 1.316108408189844
decision_type=2 2 2 2 2
left_child=1 2 -1 -3 -2
right_child=4 3 -4 -5 -6
leaf_value=-5.3715363907368367e-05 -0.0002754533332765486 0.00015481867905402604 7.1442996494523059e-05 -0.00012325061314729212 -3.6630807510518183e-05
leaf_weight=390 112 176 739 650 48
leaf_count=390 112 176 739 650 48
internal_value=-0.000292868 -7.1539e-05 0.000675507 -0.00109179 -0.00296296
internal_weight=2115 1955 1129 826 160
internal_count=2115 1955 1129 826 160
is_linear=0
shrinkage=0.04


Tree=102
num_leaves=5
num_cat=0
split_feature=1 80 14 53
split_gain=0.799707 1.08006 1.36408 0.29472
threshold=1.0838879387079488 2.959222886744822 -0.63813037796984495 -0.24999999999999997
decision_type=2 2 2 2
left_child=1 2 -1 -2
right_child=3 -3 -4 -5
leaf_value=-0.00026742404416877681 -4.1290865264724012e-05 0.00046824438221523254 1.9915297290736758e-06 -0.00022886347368690531
leaf_weight=332 73 79 1512 119
leaf_count=332 73 79 1512 119
internal_value=-0.000273974 -2.70139e-05 -0.000225353 -0.00272165
internal_weight=2115 1923 1844 192
internal_count=2115 1923 1844 192
is_linear=0
shrinkage=0.04


Tree=103
num_leaves=7
num_cat=0
split_feature=14 39 58 12 74 60
split_gain=0.793528 0.940092 1.00993 0.90033 1.23001 0.702156
threshold=-0.63813037796984495 1.1352091738598717 0.24072021601756513 1.1592599105042858 -0.48876985987061955 -0.53613495950383405
decision_type=2 2 2 2 2 2
left_child=1 5 -3 4 -2 -1
right_child=3 2 -4 -5 -6 -7
leaf_value=0.00016901265254077745 5.0191398312019734e-05 -0.00028299810207561165 0.00036844284303353683 -0.00032139051554045702 -2.6179752196137628e-06 -0.00043120543299080531
leaf_weight=41 386 53 50 82 1254 249
leaf_count=41 386 53 50 82 1254 249
internal_value=-0.000236184 -0.00185317 0.00140952 0.00013457 0.000341047 -0.0030137
internal_weight=2115 393 103 1722 1640 290
internal_count=2115 393 103 1722 1640 290
is_linear=0
shrinkage=0.04


Tree=104
num_leaves=6
num_cat=0
split_feature=5 10 38 53 0
split_gain=0.794548 0.87613 2.09388 1.00703 0.00219467
threshold=1.1233286542379608 1.899479978044404 2.5673630194146129 -0.74999999999999989 -0.057723363521774998
decision_type=2 2 2 2 2
left_child=1 3 -3 -1 -2
right_child=4 2 -4 -5 -6
leaf_value=0.00024067059279864154 -0.00037364011723005147 0.00040345715733140953 -0.00026478536525728223 -9.4671566705112516e-06 -0.00025405688754419537
leaf_weight=161 40 46 48 1748 72
leaf_count=161 40 46 48 1748 72
internal_value=-0.000330658 -0.000145637 0.00358333 -0.000332811 -0.00357895
internal_weight=2115 2003 94 1909 112
internal_count=2115 2003 94 1909 112
is_linear=0
shrinkage=0.04


Tree=105
num_leaves=8
num_cat=0
split_feature=63 14 87 39 9 59 65
split_gain=0.826882 1.41068 1.51746 1.23945 1.47859 0.907641 0.351539
threshold=-0.51147646244545897 -0.63813037796984495 -0.53561710128805584 -0.29385679496655287 -0.27179241313904784 2.8973117470581946 -0.18435588357080809
decision_type=2 2 2 2 2 2 2
left_child=3 6 -3 4 -1 -5 -2
right_child=1 2 -4 5 -6 -7 -8
leaf_value=0.0003119186266734299 -6.9415330014548365e-06 -0.00011277898026776262 3.6149781823959403e-05 -0.00035816437049900502 -0.00010910142101368654 0.00020825807705044275 -0.00038317165220344617
leaf_weight=50 86 307 1019 388 75 40 150
leaf_count=50 86 307 1019 388 75 40 150
internal_value=-0.000425131 4.60349e-05 0.000554216 -0.00175135 0.00173228 -0.00277209 -0.00278992
internal_weight=2115 1562 1326 553 125 428 236
internal_count=2115 1562 1326 553 125 428 236
is_linear=0
shrinkage=0.04


Tree=106
num_leaves=7
num_cat=0
split_feature=80 11 94 30 38 5
split_gain=1.03233 1.57879 0.997077 1.22958 0.883346 0.593287
threshold=-0.8502577601629111 0.22093216375858021 -0.16191780848081719 0.30263378819252867 -0.77497998888739961 -0.21375519452021244
decision_type=2 2 2 2 2 2
left_child=1 5 4 -4 -2 -1
right_child=2 -3 3 -5 -6 -7
leaf_value=3.786962856446562e-05 0.00011075936724150522 0.0003221163554064193 3.8629640592677833e-05 -3.1827987953217742e-05 -0.00017351039299911476 -0.00011647563758366485
leaf_weight=40 124 40 746 442 668 55
leaf_count=40 124 40 746 442 668 55
internal_value=-0.000292868 0.00306569 -0.000524723 0.000208402 -0.00162217 0.000206185
internal_weight=2115 135 1980 1188 792 95
internal_count=2115 135 1980 1188 792 95
is_linear=0
shrinkage=0.04


Tree=107
num_leaves=7
num_cat=0
split_feature=29 20 13 44 63 3
split_gain=1.00104 0.979295 0.925553 0.332767 0.596189 0.00556524
threshold=0.82107883027792916 0.75292751060736907 1.4001300483688441 -0.38590817679617712 0.14546627768092543 0.69757178577141443
decision_type=2 2 2 2 2 2
left_child=1 2 -1 4 -2 -5
right_child=3 -3 -4 5 -6 -7
leaf_value=-9.6330070470460157e-06 -0.00027847610811321803 0.00037117812921309628 0.00021109773859470015 -8.3416536821152311e-05 1.8347082811480044e-05 -0.0002924374877783006
leaf_weight=1603 66 74 166 40 49 117
leaf_count=1603 66 74 166 40 49 117
internal_value=-0.000255079 8.02158e-05 -0.000110673 -0.00251095 -0.000854702 -0.00369811
internal_weight=2115 1843 1769 272 115 157
internal_count=2115 1843 1769 272 115 157
is_linear=0
shrinkage=0.04


Tree=108
num_leaves=6
num_cat=0
split_feature=97 105 74 104 10
split_gain=0.776386 0.848538 1.27591 1.26133 0.0578801
threshold=-1.0815735256789247 0.57428620969676647 -0.042319029310498753 0.84332275633811182 -0.56228073395557576
decision_type=2 2 2 2 2
left_child=4 2 -2 -3 -1
right_child=1 3 -4 -5 -6
leaf_value=-0.00031301619693066893 2.8315801100591956e-05 -0.00014128238349598438 -2.5961952651821758e-05 0.00039050859530179443 -0.00022037314114697949
leaf_weight=40 732 423 756 78 86
leaf_count=40 732 423 756 78 86
internal_value=-0.000292868 -9.84439e-05 0.000381207 -0.00151889 -0.0033125
internal_weight=2115 1989 1488 501 126
internal_count=2115 1989 1488 501 126
is_linear=0
shrinkage=0.04


Tree=109
num_leaves=8
num_cat=0
split_feature=62 41 33 26 103 51 36
split_gain=0.83024 1.11583 1.78941 0.958455 0.714881 1.04617 0.330371
threshold=0.061429732900487234 -0.047650972295592071 0.59931346656853701 -0.22865000490047563 0.38943402414544603 0.69930315095191509 -0.93800352343820592
decision_type=2 2 2 2 2 2 2
left_child=1 3 -3 -1 5 -2 -6
right_child=4 2 -4 -5 6 -7 -8
leaf_value=-0.0001476295867534973 1.7429162124270777e-05 0.00016939741696693215 -8.5812025782878759e-05 4.6380542037203722e-05 1.1849611712371747e-06 -0.00020841197010755598 -0.00015926481159478815
leaf_weight=434 486 365 146 176 40 147 321
leaf_count=434 486 365 146 176 40 147 321
internal_value=-0.0001795 0.000566339 0.00194152 -0.000588236 -0.00102008 -0.000207875 -0.00243526
internal_weight=2115 1121 511 610 994 633 361
internal_count=2115 1121 511 610 994 633 361
is_linear=0
shrinkage=0.04


Tree=110
num_leaves=8
num_cat=0
split_feature=88 84 78 60 33 118 38
split_gain=0.789694 1.37245 2.16026 1.31124 0.894305 1.26508 0.587659
threshold=0.52746694835463848 0.88096084091469018 -0.20295877549976779 -0.87824812772658711 -0.83495301386349563 0.47549390139219705 -0.81589114859118095
decision_type=2 2 2 2 2 2 2
left_child=1 3 -3 -1 5 -2 -6
right_child=4 2 -4 -5 6 -7 -8
leaf_value=0.00019075541527647683 0.00026955678672265014 0.00025185618537860576 2.0701344331751674e-06 -1.211820835213671e-05 2.8624668310706704e-05 -0.00018086231375286866 -0.0002210350733124818
leaf_weight=90 74 66 138 1326 40 45 336
leaf_count=90 74 66 138 1326 40 45 336
internal_value=-0.000255079 0.000172625 0.0032233 -0.000270805 -0.0016499 0.00135537 -0.00260318
internal_weight=2115 1620 204 1416 495 119 376
internal_count=2115 1620 204 1416 495 119 376
is_linear=0
shrinkage=0.04


Tree=111
num_leaves=5
num_cat=0
split_feature=43 41 74 78
split_gain=0.742969 0.808693 1.0538 0.176116
threshold=-1.0437490902389528 0.76980298128865354 -0.19758308102940972 0.52639680782007159
decision_type=2 2 2 2
left_child=-1 2 -2 -3
right_child=1 3 -4 -5
leaf_value=0.00025970793513659096 1.192172141263229e-05 -0.00034623046330304995 -1.935316425372047e-05 -0.00014585809593708237
leaf_weight=45 671 155 1196 48
leaf_count=45 671 155 1196 48
internal_value=-0.000292868 -0.000405406 -0.000143393 -0.00279024
internal_weight=2115 2070 1867 203
internal_count=2115 2070 1867 203
is_linear=0
shrinkage=0.04


Tree=112
num_leaves=6
num_cat=0
split_feature=97 84 39 94 14
split_gain=0.786137 1.05488 2.34021 1.15072 0.0578801
threshold=-1.0815735256789247 1.1986414641640979 0.2810770258961855 -0.071574869020583479 0.52076084586001092
decision_type=2 2 2 2 2
left_child=4 3 -3 -2 -1
right_child=1 2 -4 -5 -6
leaf_value=-0.00019032652473296329 -4.6581937251003669e-05 0.00015119532567401059 -2.5078856175438e-05 1.11279064585113e-05 -0.00069097797511799867
leaf_weight=86 819 101 127 942 40
leaf_count=86 819 101 127 942 40
internal_value=-0.000273974 -7.83535e-05 0.00246956 -0.000410665 -0.0033125
internal_weight=2115 1989 228 1761 126
internal_count=2115 1989 228 1761 126
is_linear=0
shrinkage=0.04


Tree=113
num_leaves=5
num_cat=0
split_feature=13 17 74 44
split_gain=1.30857 1.13528 1.53176 1.21548
threshold=-1.0556865987015376 0.4756763782580819 -0.092344184386974892 -2.2501841372918379
decision_type=2 2 2 2
left_child=-1 2 -2 -3
right_child=1 3 -4 -5
leaf_value=0.00035340545317505531 4.0737763335197982e-05 8.4261046205733194e-05 -3.4176782332693927e-05 -0.00015519571898576698
leaf_weight=45 624 42 941 463
leaf_count=45 624 42 941 463
internal_value=-0.00021729 -0.000366796 0.000165921 -0.00201184
internal_weight=2115 2070 1565 505
internal_count=2115 2070 1565 505
is_linear=0
shrinkage=0.04


Tree=114
num_leaves=6
num_cat=0
split_feature=97 84 74 116 10
split_gain=0.805818 1.02191 2.12208 1.05698 0.0578801
threshold=-1.0815735256789247 1.1986414641640979 -0.49451903473169395 0.8355732941094739 -0.56228073395557576
decision_type=2 2 2 2 2
left_child=4 3 -3 -2 -1
right_child=1 2 -4 -5 -6
leaf_value=-0.00028723886793263444 -1.6773276970741406e-05 0.00032854602336044648 5.2096340475802934e-06 8.1770655639983383e-05 -0.00020789705308550389
leaf_weight=40 1518 48 180 243 86
leaf_count=40 1518 48 180 243 86
internal_value=-0.000236184 -3.81727e-05 0.00246956 -0.000365287 -0.0033125
internal_weight=2115 1989 228 1761 126
internal_count=2115 1989 228 1761 126
is_linear=0
shrinkage=0.04


Tree=115
num_leaves=8
num_cat=0
split_feature=15 42 40 116 43 81 57
split_gain=0.895742 1.27934 2.67611 1.09851 1.04169 0.979689 0.405701
threshold=0.23352789147564476 0.31623623807854678 -0.37735054114645411 -0.14836827745216871 0.49882451063752897 0.9350834423474762 0.84940201870515375
decision_type=2 2 2 2 2 2 2
left_child=1 5 -3 4 -2 -1 -5
right_child=3 2 -4 6 -6 -7 -8
leaf_value=-1.730909724165284e-05 0.00014114798851451213 0.00030675008764565777 3.9984272228673152e-05 -0.00018569199202501615 -0.000142614541595143 0.00013365198354748603 -8.8104909945853302e-06
leaf_weight=870 195 45 238 434 83 148 102
leaf_count=870 195 45 238 434 83 148 102
internal_value=-0.000255079 0.000396008 0.00276491 -0.00129412 0.000742856 -0.000266668 -0.00234944
internal_weight=2115 1301 283 814 278 1018 536
internal_count=2115 1301 283 814 278 1018 536
is_linear=0
shrinkage=0.04


Tree=116
num_leaves=8
num_cat=0
split_feature=63 116 74 47 39 4 59
split_gain=0.995207 1.1232 1.28431 1.21043 1.07134 1.66123 0.907641
threshold=-0.51147646244545897 1.0359061340735722 -0.67248386061961229 -0.29254848475352174 -0.29385679496655287 -0.27123739932088647 2.8973117470581946
decision_type=2 2 2 2 2 2 2
left_child=4 2 -2 -3 5 -1 -6
right_child=1 3 -4 -5 6 -7 -8
leaf_value=0.00029084019650213011 0.0001278772320509668 0.00047080214159492143 -1.0375542296264353e-05 3.4670151633728271e-06 -0.00033992424002996554 -0.00010193579112658856 0.00020800535309256025
leaf_weight=50 208 60 1218 76 388 75 40
leaf_count=50 208 60 1218 76 388 75 40
internal_value=-0.000368447 0.000148337 -0.000184875 0.0035942 -0.00182342 0.00141732 -0.00277209
internal_weight=2115 1562 1426 136 553 125 428
internal_count=2115 1562 1426 136 553 125 428
is_linear=0
shrinkage=0.04


Tree=117
num_leaves=8
num_cat=0
split_feature=62 60 84 6 117 65 89
split_gain=0.921404 1.21456 2.02976 0.992583 0.817312 1.00586 0.577654
threshold=0.061429732900487234 -1.0023540420301391 0.46093459283698562 0.41037371616150936 -0.24573170976569444 -0.37311897648471809 0.75931814251800078
decision_type=2 2 2 2 2 2 2
left_child=1 2 -1 -3 5 -2 -6
right_child=4 3 -4 -5 6 -7 -8
leaf_value=0.00043297539943089016 -8.7844959185173055e-05 -2.6542918685142264e-06 -0.000154829484616697 0.00020031446385663143 -0.00020293489854121986 2.8744035908782845e-05 9.0303303711775109e-06
leaf_weight=40 70 978 54 49 513 297 114
leaf_count=40 70 978 54 49 513 297 114
internal_value=-0.000255079 0.00053072 0.00483333 0.000128279 -0.00114056 0.000357723 -0.0020159
internal_weight=2115 1121 94 1027 994 367 627
internal_count=2115 1121 94 1027 994 367 627
is_linear=0
shrinkage=0.04


Tree=118
num_leaves=8
num_cat=0
split_feature=75 84 14 44 81 108 56
split_gain=0.727344 1.13369 1.76314 1.44173 1.12101 1.02918 0.427326
threshold=0.65746709601743414 0.88096084091469018 0.53246011392635972 -5.018543204158366 0.6275307439284411 0.10817157769460335 0.7947094421849199
decision_type=2 2 2 2 2 2 2
left_child=1 3 -3 -1 6 -6 -2
right_child=4 2 -4 -5 5 -7 -8
leaf_value=9.1429780025423222e-05 -0.00024348559657523576 7.4217042106711858e-06 0.00025506985039080836 -1.1312663106065604e-05 0.00032880285415926513 -8.4487147641106595e-05 -5.3126044778951891e-06
leaf_weight=44 288 179 55 1339 75 93 42
leaf_count=44 288 179 55 1339 75 93 42
internal_value=-0.000330658 8.15309e-05 0.00264407 -0.000355236 -0.001664 0.000988234 -0.00301205
internal_weight=2115 1617 234 1383 498 168 330
internal_count=2115 1617 234 1383 498 168 330
is_linear=0
shrinkage=0.04


Tree=119
num_leaves=7
num_cat=0
split_feature=30 39 87 27 8 80
split_gain=0.803566 1.17112 1.83188 1.27159 0.779027 0.442143
threshold=0.58223314012881 1.5676970791128635 1.3230893861450312 0.62609753244141786 1.0778059481593842 1.0131631491878978
decision_type=2 2 2 2 2 2
left_child=1 3 -3 -1 5 -2
right_child=4 2 -4 -5 -6 -7
leaf_value=-7.5276824241747773e-06 -0.00018264254366195725 -1.29115519467503e-05 0.00042032057037498754 0.00031753260706892219 1.2648632089633201e-05 2.1413116673381167e-06
leaf_weight=1507 304 80 48 40 74 62
leaf_count=1507 304 80 48 40 74 62
internal_value=-0.000292868 0.000107334 0.00375385 -0.000198839 -0.00180996 -0.00256522
internal_weight=2115 1675 128 1547 440 366
internal_count=2115 1675 128 1547 440 366
is_linear=0
shrinkage=0.04


end of trees

feature_importances:
Column_74=36
Column_80=28
Column_62=25
Column_116=23
Column_94=22
Column_59=17
Column_86=17
Column_40=16
Column_60=16
Column_68=16
Column_84=15
Column_47=14
Column_28=13
Column_29=13
Column_36=13
Column_41=13
Column_64=13
Column_9=12
Column_117=12
Column_39=11
Column_63=11
Column_10=10
Column_50=10
Column_81=10
Column_0=9
Column_4=9
Column_13=9
Column_14=9
Column_33=9
Column_35=9
Column_87=9
Column_88=9
Column_93=9
Column_46=8
Column_97=8
Column_5=7
Column_17=7
Column_24=7
Column_26=7
Column_37=7
Column_69=7
Column_2=6
Column_3=6
Column_20=6
Column_30=6
Column_38=6
Column_42=6
Column_104=6
Column_115=6
Column_1=5
Column_12=5
Column_73=5
Column_78=5
Column_79=5
Column_82=5
Column_111=5
Column_34=4
Column_43=4
Column_44=4
Column_70=4
Column_102=4
Column_108=4
Column_114=4
Column_7=3
Column_57=3
Column_85=3
Column_91=3
Column_92=3
Column_22=2
Column_25=2
Column_27=2
Column_45=2
Column_53=2
Column_58=2
Column_65=2
Column_75=2
Column_90=2
Column_107=2
Column_109=2
Column_110=2
Column_6=1
Column_8=1
Column_11=1
Column_15=1
Column_16=1
Column_18=1
Column_19=1
Column_21=1
Column_23=1
Column_31=1
Column_32=1
Column_51=1
Column_56=1
Column_72=1
Column_89=1
Column_95=1
Column_96=1
Column_103=1
Column_105=1
Column_112=1
Column_118=1

parameters:
[boosting: gbdt]
[objective: quantile]
[metric: quantile]
[tree_learner: serial]
[device_type: cpu]
[data_sample_strategy: bagging]
[data: ]
[valid: ]
[num_iterations: 120]
[learning_rate: 0.04]
[num_leaves: 15]
[num_threads: 2]
[seed: 42]
[deterministic: 0]
[force_col_wise: 0]
[force_row_wise: 0]
[histogram_pool_size: -1]
[max_depth: 3]
[min_data_in_leaf: 40]
[min_sum_hessian_in_leaf: 0.001]
[bagging_fraction: 0.85]
[pos_bagging_fraction: 1]
[neg_bagging_fraction: 1]
[bagging_freq: 0]
[bagging_seed: 400]
[bagging_by_query: 0]
[feature_fraction: 0.8]
[feature_fraction_bynode: 1]
[feature_fraction_seed: 30056]
[extra_trees: 0]
[extra_seed: 12879]
[early_stopping_round: 0]
[early_stopping_min_delta: 0]
[first_metric_only: 0]
[max_delta_step: 0]
[lambda_l1: 0]
[lambda_l2: 2]
[linear_lambda: 0]
[min_gain_to_split: 0]
[drop_rate: 0.1]
[max_drop: 50]
[skip_drop: 0.5]
[xgboost_dart_mode: 0]
[uniform_drop: 0]
[drop_seed: 17869]
[top_rate: 0.2]
[other_rate: 0.1]
[min_data_per_group: 100]
[max_cat_threshold: 32]
[cat_l2: 10]
[cat_smooth: 10]
[max_cat_to_onehot: 4]
[top_k: 20]
[monotone_constraints: ]
[monotone_constraints_method: basic]
[monotone_penalty: 0]
[feature_contri: ]
[forcedsplits_filename: ]
[refit_decay_rate: 0.9]
[cegb_tradeoff: 1]
[cegb_penalty_split: 0]
[cegb_penalty_feature_lazy: ]
[cegb_penalty_feature_coupled: ]
[path_smooth: 0]
[interaction_constraints: ]
[verbosity: -1]
[saved_feature_importance_type: 0]
[use_quantized_grad: 0]
[num_grad_quant_bins: 4]
[quant_train_renew_leaf: 0]
[stochastic_rounding: 1]
[linear_tree: 0]
[max_bin: 255]
[max_bin_by_feature: ]
[min_data_in_bin: 3]
[bin_construct_sample_cnt: 200000]
[data_random_seed: 175]
[is_enable_sparse: 1]
[enable_bundle: 1]
[use_missing: 1]
[zero_as_missing: 0]
[feature_pre_filter: 1]
[pre_partition: 0]
[two_round: 0]
[header: 0]
[label_column: ]
[weight_column: ]
[group_column: ]
[ignore_column: ]
[categorical_feature: ]
[forcedbins_filename: ]
[precise_float_parser: 0]
[parser_config_file: ]
[objective_seed: 16083]
[num_class: 1]
[is_unbalance: 0]
[scale_pos_weight: 1]
[sigmoid: 1]
[boost_from_average: 1]
[reg_sqrt: 0]
[alpha: 0.9]
[fair_c: 1]
[poisson_max_delta_step: 0.7]
[tweedie_variance_power: 1.5]
[lambdarank_truncation_level: 30]
[lambdarank_norm: 1]
[label_gain: ]
[lambdarank_position_bias_regularization: 0]
[eval_at: ]
[multi_error_top_k: 1]
[auc_mu_weights: ]
[num_machines: 1]
[local_listen_port: 12400]
[time_out: 120]
[machine_list_filename: ]
[machines: ]
[gpu_platform_id: -1]
[gpu_device_id: -1]
[gpu_device_id_list: ]
[gpu_use_dp: 0]
[num_gpu: 1]

end of parameters

pandas_categorical:null
