tree
version=v4
num_class=1
num_tree_per_iteration=1
label_index=0
max_feature_idx=118
objective=quantile
feature_names=Column_0 Column_1 Column_2 Column_3 Column_4 Column_5 Column_6 Column_7 Column_8 Column_9 Column_10 Column_11 Column_12 Column_13 Column_14 Column_15 Column_16 Column_17 Column_18 Column_19 Column_20 Column_21 Column_22 Column_23 Column_24 Column_25 Column_26 Column_27 Column_28 Column_29 Column_30 Column_31 Column_32 Column_33 Column_34 Column_35 Column_36 Column_37 Column_38 Column_39 Column_40 Column_41 Column_42 Column_43 Column_44 Column_45 Column_46 Column_47 Column_48 Column_49 Column_50 Column_51 Column_52 Column_53 Column_54 Column_55 Column_56 Column_57 Column_58 Column_59 Column_60 Column_61 Column_62 Column_63 Column_64 Column_65 Column_66 Column_67 Column_68 Column_69 Column_70 Column_71 Column_72 Column_73 Column_74 Column_75 Column_76 Column_77 Column_78 Column_79 Column_80 Column_81 Column_82 Column_83 Column_84 Column_85 Column_86 Column_87 Column_88 Column_89 Column_90 Column_91 Column_92 Column_93 Column_94 Column_95 Column_96 Column_97 Column_98 Column_99 Column_100 Column_101 Column_102 Column_103 Column_104 Column_105 Column_106 Column_107 Column_108 Column_109 Column_110 Column_111 Column_112 Column_113 Column_114 Column_115 Column_116 Column_117 Column_118
feature_infos=[-6.1350603860835218:6.5902212948372325] [-5.6563692682262818:5.4872523923045282] [-4.8699831936412705:4.1570831193712037] [-4.3103913855127995:3.7861854214241508] [-3.6321919258120077:2.1451965935113884] [-2.5909572098145284:2.3689566693126922] [-4.2141143886524288:3.9410025881352952] [-1.3669807796978382:6.6107424303221407] [-1.6726824778143519:1.6228058544985609] [-3.5896889854114669:2.1868555394768356] [-1.4910446590131281:5.2073002682100071] [-2.4955692381891721:2.172932269163022] [-2.5587804219541663:2.4489364020469107] [-1.4686699446760725:3.9085903037146408] [-2.8417645718393483:2.6265690540601514] [-1.5847574461983109:1.6112466735826232] [-1.776310951246215:1.7835936615689025] [-0.97092564463265885:0.75100737654809802] [-1.0110693197770437:0.76781876107620117] [-0.97092564463265851:0.75100737654809802] [-2.229419660364123:1.6439193212422301] [-3.9833211920745719:4.0721272928257104] [-3.2855483598351314:2.2847622945657151] [-2.3355037392175526:2.6028310174523495] [-2.1381453158104073:1.5669228146452534] [-2.1591720471031142:1.5684402521801832] [-3.3595729167820245:2.0096976594259743] [-1.7922595538955706:1.4050057438539048] [-1.1782543780075934:3.6297288745372471] [-3.7051337337553538:4.2528543563699337] [-3.7065846806242115:4.4861240957594175] [-3.0471818385453782:3.2391260236509201] [-3.181805339707902:3.4187348574864309] [-1.9568770736010839:2.0661896917102331] [-2.188451180322065:2.2152839009149918] [-1.7781844141828242:1.7412274050574919] [-1.7868065415379133:1.8147018751300745] [-1.6028831032106337:3.8365448362021155] [-1.4763282912075182:4.9761943279180256] [-1.4616413159645021:3.7849680842652669] [-1.2328218163973241:3.2797359232318106] [-1.6906657952835142:1.4600973569315396] [-1.9878857565143537:1.734860440620946] [-1.8808742001470049:14.140501053845345] [-182.23363383791562:162.69483669511439] [-397.11984602364515:131.16893569313888] [-324.56194022697241:76.168803682459568] [-1.3783933514296198:2.8429304334920538] [-1.9447187312109406:1.9861564708114674] [-1.1947448146289448:9.0108227240998655] [-4.8921986665684356:4.4518591960696483] [-8.9957168621609807:6.6828873716137958] [-1:1] [-0.95238095238095233:1.1428571428571428] [0:1] [0:1] [-6.4248323925164978:3.3446695350366427] [-3.0138395397872002:2.2665341364775928] [-2.3462428911216708:2.2332578489993344] [-1.0700623569538665:3.0755152593517043] [-2.2256769207393932:1.8647416472641745] [-2.632460445052875:0.57782694734039408] [-4.5549217160510889:3.6709528775796465] [-3.3661536672911145:2.5202418180929742] [-3.0025132756437714:2.0880477012729801] [-3.1058837932455075:4.0712458565765521] [-3.4221526346391165:2.2573596950749195] [-2.3348652561224661:1.5917974902048624] [-0.94468786763482537:2.1803540037406974] [-2.0993719181046955:1.2451889169974579] [-1.3899825765526272:0.34726244319409849] [-4.6318458094467889:7.3062784214641896] [-4.1935674570191512:5.8756316311791652] [-2.4171515602763467:4.2171447541138489] [-1.2878056982568249:4.8558297285568202] [-1.1712422436844641:7.9151376779382794] [-1.251698151415358:2.3181469868425277] [-6.6124837587665484:6.7850165361444503] [-4.6569527542975671:3.614319927797331] [-3.3729838195104089:3.7294043371042056] [-1.2133181860282023:3.589178542550477] [-1.7919209780636189:4.4046685451213197] [-0.79024940466222371:2.0494368916944703] [-11.520858839773082:11.292209285695826] [-6.0555880634502746:5.2972551213869474] [-3.7979782058557299:4.1637413676800294] [-0.98673736911764687:3.0555588465638115] [-2.2164108823150057:4.2887867435626337] [-1.344237627030243:0.70445232232488364] [-3.9565040814172456:2.9687431292111781] [-3.4372225584920288:3.0357539453712743] [-2.5348977863201587:1.70484341196221] [-1.2886841169389405:3.0359676649469169] [-2.0495849613562096:1.8643051033155318] [-1.4092640267823675:0.45782463141655749] [-5.2622029609633953:2.6462837140051008] [-4.071247550259482:3.49397418361088] [-1.8689689304586261:2.8333810528420287] [-1.4485503360648693:4.2301493987489254] [-1.684941305528677:4.5240693423732772] [-1.5099139823367373:1.252236620652843] [-4.259352768115634:2.4584013945610761] [-3.7916347425594772:3.5383262209879276] [-1.9214723829722662:2.6379451918411361] [-1.462576646359715:3.9968445686195224] [-1.5264652522970572:3.9258287829236815] [-1.4755499108667769:1.1790581843548447] [-3.4052855104822695:3.6836318442081639] [-2.230579043573047:2.6800463271529358] [-1.9621055503017224:2.0601943417434239] [-1.4686220080707373:2.033607657027344] [-1.4519711294295161:1.9231109319901636] [-2.2000016213054172:0.59182497157190583] [-3.1154874723498596:3.3147399908685355] [-2.7804256007522339:3.6145216231242241] [-1.666238353524047:2.4241998298005867] [-0.85758461265513397:2.909498167414073] [-1.4190902986572289:2.3417847755436725] [-1.430504127044995:0.99984621031521681]
tree_sizes=740 601 775 605 781 773 774 777 781 605 607 689 782 603 779 778 774 871 691 601 872 780 786 871 691 610 785 693 610 611 787 790 786 790 694 877 876 610 787 868 686 871 786 790 882 790 782 785 871 694 697 878 784 787 879 879 785 700 879 871 871 870 877 701 695 697 786 873 783 606 877 599 881 787 882 700 870 881 695 787 770 777 776 876 879 870 872 783 697 786 882 871 873 697 884 781 786 778 608 787 786 880 698 708 875 696 695 791 882 794 776 694 870 613 876 699 786 695 784 701

Tree=0
num_leaves=7
num_cat=0
split_feature=60 80 86 0 110 73
split_gain=5.83258 3.82425 3.00646 2.96865 2.72397 1.90155
threshold=-1.0711984856251204 -0.91968614197916965 0.9781347742399501 0.11765522512837394 0.34940877751972804 0.73637691117926518
decision_type=2 2 2 2 2 2
left_child=4 3 -3 -2 -1 -6
right_child=1 2 -4 -5 5 -7
leaf_value=0.038549454076631594 0.039417990427375642 0.038138836539247149 0.038865418214975821 0.038389540985383629 0.039598121927382837 0.03947542658181101
leaf_weight=69 47 1650 270 43 45 48
leaf_count=69 47 1650 270 43 45 48
internal_value=0.0384453 0.037854 0.0374732 0.0458219 0.0456989 0.0500937
internal_weight=2172 2010 1920 90 162 93
internal_count=2172 2010 1920 90 162 93
is_linear=0
shrinkage=1


Tree=1
num_leaves=5
num_cat=0
split_feature=60 80 86 50
split_gain=5.03893 3.26616 3.27747 1.73867
threshold=-1.4797184039328857 -0.91968614197916965 0.9781347742399501 0.082759508827560016
decision_type=2 2 2 2
left_child=-1 3 -3 -2
right_child=1 2 -4 -5
leaf_value=0.0011689783377908632 0.00097307772631532151 -0.00023691660552774358 0.00050697346980524221 9.9175552130485183e-05
leaf_weight=63 45 1722 297 45
leaf_count=63 45 1722 297 45
internal_value=-7.72779e-05 -0.00041497 -0.000750125 0.00695652
internal_weight=2172 2109 2019 90
internal_count=2172 2109 2019 90
is_linear=0
shrinkage=0.04


Tree=2
num_leaves=7
num_cat=0
split_feature=60 74 23 116 39 88
split_gain=4.23534 3.19115 4.99648 2.76974 2.6859 0.903701
threshold=-1.0711984856251204 -0.48537885741454873 0.64677637469651839 0.82089610468286967 1.1588814867558686 0.64550708122091427
decision_type=2 2 2 2 2 2
left_child=3 2 -2 5 -3 -1
right_child=1 4 -4 -5 -6 -7
leaf_value=-0.00059915061726941474 0.00062622915814597826 -0.0003430902234400354 -0.0004070310329235946 0.0008882189846563342 0.0004977695719069322 0.0005589182648835135
leaf_weight=42 294 1330 237 72 149 48
leaf_count=42 294 1330 237 72 149 48
internal_value=-0.000132476 -0.000636184 0.00201876 0.00604878 -0.00159082 0.00130435
internal_weight=2172 2010 531 162 1479 90
internal_count=2172 2010 531 162 1479 90
is_linear=0
shrinkage=0.04


Tree=3
num_leaves=5
num_cat=0
split_feature=60 86 3 79
split_gain=4.04693 2.59761 2.62269 1.90793
threshold=-1.4797184039328857 0.9781347742399501 -0.097123444154565933 -0.74815971191696207
decision_type=2 2 2 2
left_child=-1 3 -3 -2
right_child=1 2 -4 -5
leaf_value=0.0010881636044688711 0.00015685791630670729 0.00079092768944381223 0.00013678626859405795 -0.00022419740717845554
leaf_weight=63 309 91 206 1503
leaf_count=63 309 91 206 1503
internal_value=-0.000169274 -0.000471815 0.00298328 -0.00104079
internal_weight=2172 2109 297 1812
internal_count=2172 2109 297 1812
is_linear=0
shrinkage=0.04


Tree=4
num_leaves=7
num_cat=0
split_feature=60 94 117 116 33 28
split_gain=3.66315 2.35456 2.66596 2.27336 1.91584 0.939733
threshold=-1.0711984856251204 -0.21416343261400131 -0.64335901765286685 0.79085759111692211 -0.79734835353820321 -0.38746174720408449
decision_type=2 2 2 2 2 2
left_child=3 5 -3 -1 -5 -2
right_child=1 2 -4 4 -6 -7
leaf_value=5.939058372430093e-05 -0.00012630999283548384 0.0005564519896593908 -4.3389114725593521e-05 0.0011181302407533627 0.00030254181708474359 -0.00049886662667365095
leaf_weight=78 351 183 990 40 44 486
leaf_count=78 351 183 990 40 44 486
internal_value=-0.000187673 -0.000656065 0.000500425 0.00556097 0.0100465 -0.00227414
internal_weight=2172 2010 1173 162 84 837
internal_count=2172 2010 1173 162 84 837
is_linear=0
shrinkage=0.04


Tree=5
num_leaves=7
num_cat=0
split_feature=86 29 35 46 116 70
split_gain=3.41054 3.95345 1.94459 1.8583 1.58227 1.38112
threshold=0.9781347742399501 -0.1770127444447547 -1.3586370277300774 0.073491522070157175 -0.05525983892911937 0.18565732306290705
decision_type=2 2 2 2 2 2
left_child=2 3 -1 -2 -3 -4
right_child=1 4 5 -5 -6 -7
leaf_value=0.00070701353859683623 0.00030229777009376207 0.0007709428407489474 -0.0002648689155189067 0.0013385509972603838 -0.00010733270515538753 2.0088609800678111e-05
leaf_weight=51 40 43 1107 40 189 702
leaf_count=51 40 43 1107 40 189 702
internal_value=-0.000187673 0.00366879 -0.00083781 0.0112195 0.000991452 -0.00105798
internal_weight=2172 312 1860 80 232 1809
internal_count=2172 312 1860 80 232 1809
is_linear=0
shrinkage=0.04


Tree=6
num_leaves=7
num_cat=0
split_feature=60 74 5 39 110 37
split_gain=3.63977 2.51006 3.97259 2.3046 1.80402 1.57825
threshold=-1.0711984856251204 -0.48537885741454873 0.6318601120589532 1.1588814867558686 0.34940877751972804 0.89511030180040685
decision_type=2 2 2 2 2 2
left_child=4 2 -2 -3 -1 -6
right_child=1 3 -4 -5 5 -7
leaf_value=6.8905017121921819e-05 0.0005724674190535384 -0.00030206522216782246 -0.00039028587148790998 0.00048124413635432733 0.00015362688304586551 0.0012759532791433573
leaf_weight=69 294 1330 237 149 43 50
leaf_count=69 294 1330 237 149 43 50
internal_value=-0.000169274 -0.000636184 0.00171857 -0.00148278 0.00556097 0.00913684
internal_weight=2172 2010 531 1479 162 93
internal_count=2172 2010 531 1479 162 93
is_linear=0
shrinkage=0.04


Tree=7
num_leaves=7
num_cat=0
split_feature=60 74 12 59 36 36
split_gain=3.4265 1.88184 3.28031 2.05193 1.516 1.74712
threshold=-1.0711984856251204 -0.48537885741454873 0.60784042702499685 2.5643302127199155 -1.2189525431822945 -0.62669787556399437
decision_type=2 2 2 2 2 2
left_child=4 2 -2 -3 -1 -6
right_child=1 3 -4 -5 5 -7
leaf_value=0.00076869661014187585 0.00056584942800274349 -0.00026700372744976935 -0.00035413690422699955 0.00077898534168611532 -0.00014246902759195852 0.00061158350502001188
leaf_weight=49 285 1404 246 75 48 65
leaf_count=49 285 1404 246 75 48 65
internal_value=-0.000242871 -0.000695826 0.00134334 -0.00142877 0.00531707 0.00267826
internal_weight=2172 2010 531 1479 162 113
internal_count=2172 2010 531 1479 162 113
is_linear=0
shrinkage=0.04


Tree=8
num_leaves=7
num_cat=0
split_feature=87 33 47 116 86 116
split_gain=3.37022 3.73777 1.93665 1.61344 2.58261 1.21844
threshold=1.321038150153212 -0.82611926368818323 -0.34310076403205897 -0.031022756948631939 0.9781347742399501 1.0327678083621237
decision_type=2 2 2 2 2 2
left_child=3 -2 -3 4 -1 -5
right_child=1 2 -4 5 -6 -7
leaf_value=-3.4510838552106984e-05 0.00082368901399247857 0.00037220769392633631 -0.00037348686819597369 -0.00039577806594994066 0.00071238080133430629 0.00021538797032168776
leaf_weight=951 77 95 86 783 72 108
leaf_count=951 77 95 86 783 72 108
internal_value=-0.000242871 0.00403077 0.000852458 -0.000822548 0.000261462 -0.00206495
internal_weight=2172 258 181 1914 1023 891
internal_count=2172 258 181 1914 1023 891
is_linear=0
shrinkage=0.04


Tree=9
num_leaves=5
num_cat=0
split_feature=60 86 15 70
split_gain=3.17691 2.13763 1.95521 1.38382
threshold=-1.4797184039328857 0.88733929791772159 0.12915200765047047 0.20190606266840785
decision_type=2 2 2 2
left_child=-1 3 -3 -2
right_child=1 2 -4 -5
leaf_value=0.00085610085785943458 -0.00024491568269984106 0.0005582205007288874 -1.788626052930484e-05 3.6331103902382393e-05
leaf_weight=63 1095 134 214 666
leaf_count=63 1095 134 214 666
internal_value=-0.00027967 -0.000547609 0.00230857 -0.00111401
internal_weight=2172 2109 348 1761
internal_count=2172 2109 348 1761
is_linear=0
shrinkage=0.04


Tree=10
num_leaves=5
num_cat=0
split_feature=60 86 6 70
split_gain=3.16353 1.94283 1.82447 1.29787
threshold=-1.4797184039328857 0.88733929791772159 0.15163146540357578 0.20190606266840785
decision_type=2 2 2 2
left_child=-1 3 -3 -2
right_child=1 2 -4 -5
leaf_value=0.00082185682354505717 -0.00023511905539184749 0.00049746927793961973 -0.00010623036351039757 3.4877859746287175e-05
leaf_weight=63 1095 176 172 666
leaf_count=63 1095 176 172 666
internal_value=-0.000261271 -0.00052866 0.00219428 -0.00106863
internal_weight=2172 2109 348 1761
internal_count=2172 2109 348 1761
is_linear=0
shrinkage=0.04


Tree=11
num_leaves=6
num_cat=0
split_feature=36 116 39 47 74
split_gain=3.09574 4.4831 1.91703 2.61688 2.0175
threshold=-1.2455672242339679 0.80881985987343918 1.2255974065435813 -0.34310076403205897 -0.49083176081509233
decision_type=2 2 2 2 2
left_child=1 -1 4 -4 -2
right_child=2 -3 3 -5 -6
leaf_value=-0.0002412830220422486 0.00016776341845603203 0.0007859578566563781 0.001123166368505149 -5.5025318750657219e-05 -0.00021899559564911097
leaf_weight=48 476 42 67 149 1390
leaf_count=48 476 42 67 149 1390
internal_value=-0.000224472 0.00695652 -0.000541268 0.00300917 -0.000955033
internal_weight=2172 90 2082 216 1866
internal_count=2172 90 2082 216 1866
is_linear=0
shrinkage=0.04


Tree=12
num_leaves=7
num_cat=0
split_feature=87 33 40 73 31 93
split_gain=3.37022 3.73777 1.55227 1.34529 1.71304 1.12658
threshold=1.321038150153212 -0.82611926368818323 1.4326465818754714 0.5657096508876408 0.90432387000437831 -0.40340763233774862
decision_type=2 2 2 2 2 2
left_child=3 -2 -3 4 -1 -5
right_child=1 2 -4 5 -6 -7
leaf_value=2.7711506279710263e-05 0.00076776328382271249 -0.00016775171864476471 0.00036533023239555595 0.0006529864741674935 -0.00067058374336398136 -0.00061665338416433586
leaf_weight=1320 77 123 58 45 195 354
leaf_count=1320 77 123 58 45 195 354
internal_value=-0.000242871 0.00403077 0.000852458 -0.000822548 -0.000276863 -0.00288279
internal_weight=2172 258 181 1914 1515 399
internal_count=2172 258 181 1914 1515 399
is_linear=0
shrinkage=0.04


Tree=13
num_leaves=5
num_cat=0
split_feature=60 80 94 0
split_gain=3.17691 1.7073 2.10388 1.58371
threshold=-1.4797184039328857 -0.91968614197916965 -0.21416343261400131 0.17366287208786182
decision_type=2 2 2 2
left_child=-1 3 -3 -2
right_child=1 2 -4 -5
leaf_value=0.00073275416296207456 0.00075467837873457511 -0.00037132414804407605 2.4807072403938437e-05 -3.3344211425603998e-05
leaf_weight=63 49 810 1209 41
leaf_count=63 49 810 1209 41
internal_value=-0.00027967 -0.000547609 -0.000789709 0.00478261
internal_weight=2172 2109 2019 90
internal_count=2172 2109 2019 90
is_linear=0
shrinkage=0.04


Tree=14
num_leaves=7
num_cat=0
split_feature=60 116 34 94 62 80
split_gain=3.51769 2.52781 1.91584 1.6532 2.32097 1.1533
threshold=-1.0711984856251204 0.79085759111692211 -0.86020158918903589 -0.21416343261400131 0.013427884312663745 -0.83105727805053864
decision_type=2 2 2 2 2 2
left_child=1 -1 -3 5 -5 -2
right_child=3 2 -4 4 -6 -7
leaf_value=3.4853854816452141e-06 0.00017691429540081302 0.00075386482049906499 0.0001402937445322197 0.00018476611007749229 -0.00024458391804725729 -0.00044182554974091275
leaf_weight=78 114 40 44 590 583 723
leaf_count=78 114 40 44 590 583 723
internal_value=-0.000316468 0.00531707 0.0100465 -0.000775349 0.000194042 -0.00213111
internal_weight=2172 162 84 2010 1173 837
internal_count=2172 162 84 2010 1173 837
is_linear=0
shrinkage=0.04


Tree=15
num_leaves=7
num_cat=0
split_feature=60 116 74 12 39 34
split_gain=2.93482 2.07699 1.68344 2.99599 1.86911 1.35017
threshold=-1.0711984856251204 0.79085759111692211 -0.48537885741454873 0.60784042702499685 1.2255974065435813 -0.86020158918903589
decision_type=2 2 2 2 2 2
left_child=1 -1 3 -2 -4 -3
right_child=2 5 4 -5 -6 -7
leaf_value=3.345970062379449e-06 0.00052830741778152487 0.00072371022767910248 -0.0002350932749994668 -0.00032348516448542976 0.00041610054034483786 0.0001346819947509309
leaf_weight=78 285 40 1334 246 145 44
leaf_count=78 285 40 1334 246 145 44
internal_value=-0.000316468 0.00482927 -0.000735587 0.00119324 -0.00142877 0.00911628
internal_weight=2172 162 2010 531 1479 84
internal_count=2172 162 2010 531 1479 84
is_linear=0
shrinkage=0.04


Tree=16
num_leaves=7
num_cat=0
split_feature=60 116 74 63 59 2
split_gain=2.99803 2.07699 1.52892 2.53372 1.74605 1.3643
threshold=-1.0711984856251204 0.79085759111692211 -0.48537885741454873 -0.68795499669887394 2.5643302127199155 0.17827472931639796
decision_type=2 2 2 2 2 2
left_child=1 -1 3 -2 -4 -3
right_child=2 5 4 -5 -6 -7
leaf_value=3.2121312598842703e-06 -0.00044155791887548745 0.0009908929549999224 -0.00020980369101549574 0.0004396179389826713 0.00068216556986040592 0.00013032778178893983
leaf_weight=78 157 43 1404 374 75 41
leaf_count=78 157 43 1404 374 75 41
internal_value=-0.000371666 0.00482927 -0.00079523 0.00104315 -0.00145577 0.00911628
internal_weight=2172 162 2010 531 1479 84
internal_count=2172 162 2010 531 1479 84
is_linear=0
shrinkage=0.04


Tree=17
num_leaves=8
num_cat=0
split_feature=104 108 29 116 94 64 32
split_gain=2.92655 3.76593 6.16435 1.48016 1.69202 1.1327 0.911484
threshold=0.90097331220469112 -0.09400568620457643 0.58456436175867876 -0.031022756948631939 -0.20797628791120867 0.039257349348639024 -1.3441554795536177
decision_type=2 2 2 2 2 2 2
left_child=3 5 -3 4 -1 -2 -5
right_child=1 2 -4 6 -6 -7 -8
leaf_value=-0.0002032213038016542 -0.0003389289245303981 0.0010963408425694451 -0.00020759730197915667 4.8463305853113628e-05 0.00015945087086912933 0.00062247254177704413 -0.00022582892000307935
leaf_weight=432 97 63 45 42 606 47 840
leaf_count=432 97 63 45 42 606 47 840
internal_value=-0.000445263 0.00359055 0.00916364 -0.000978149 4.61529e-05 -0.000657535 -0.002181
internal_weight=2172 252 108 1920 1038 144 882
internal_count=2172 252 108 1920 1038 144 882
is_linear=0
shrinkage=0.04


Tree=18
num_leaves=6
num_cat=0
split_feature=39 47 30 36 74
split_gain=2.48962 2.37285 1.96898 1.39734 1.44718
threshold=1.2255974065435813 -0.524310135003628 0.26133525239098393 -1.3121960852431254 -0.49083176081509233
decision_type=2 2 2 2 2
left_child=3 -2 -3 -1 -5
right_child=1 2 -4 4 -6
leaf_value=0.00051135401580960774 0.0010817298097008784 0.00048222134999728741 -0.00045231919790836213 0.00010185633237055791 -0.00018793725711589826
leaf_weight=42 53 121 82 476 1398
leaf_count=42 53 121 82 476 1398
internal_value=-0.000371666 0.00331783 0.00130732 -0.000867571 -0.00103198
internal_weight=2172 256 203 1916 1874
internal_count=2172 256 203 1916 1874
is_linear=0
shrinkage=0.04


Tree=19
num_leaves=5
num_cat=0
split_feature=60 80 0 13
split_gain=1.70289 1.74381 1.58371 1.33067
threshold=-1.4797184039328857 -0.91968614197916965 0.17366287208786182 -1.0827730239849471
decision_type=2 2 2 2
left_child=-1 2 -2 -3
right_child=1 3 -4 -5
leaf_value=0.00054994587086623094 0.00065682598707426986 0.00052296956678951937 -1.095753736763958e-05 -0.00010493744367012144
leaf_weight=63 49 43 41 1976
leaf_count=63 49 43 41 1976
internal_value=-0.000408465 -0.000604454 0.00478261 -0.000849086
internal_weight=2172 2109 90 2019
internal_count=2172 2109 90 2019
is_linear=0
shrinkage=0.04


Tree=20
num_leaves=8
num_cat=0
split_feature=94 62 28 40 80 64 60
split_gain=1.93562 2.9082 2.78432 1.39611 1.01707 2.00089 1.12072
threshold=-0.21416343261400131 0.039492200475453217 -0.32996472307564378 -0.57637815670192338 -0.83105727805053864 0.61616144081627156 -0.50487587828856284
decision_type=2 2 2 2 2 2 2
left_child=4 2 -2 -3 5 -1 -6
right_child=1 3 -4 -5 6 -7 -8
leaf_value=-0.00012779778808681604 -0.00015258500423361916 0.00057481853842926759 0.00044313655894983407 -0.00026337022552686722 6.5937204042156232e-06 0.00082262505923186183 -0.00057785424868400019
leaf_weight=74 158 47 497 606 174 40 576
leaf_count=74 158 47 497 606 174 40 576
internal_value=-0.000445263 0.00052519 0.00240487 -0.00136183 -0.00191224 0.00158621 -0.00244681
internal_weight=2172 1308 655 653 864 114 750
internal_count=2172 1308 655 653 864 114 750
is_linear=0
shrinkage=0.04


Tree=21
num_leaves=7
num_cat=0
split_feature=50 107 40 28 116 84
split_gain=1.77815 2.09892 1.54724 2.13175 1.38546 0.959304
threshold=-0.95103990103767788 0.3661371847518225 1.183675571821601 0.1338653745032676 -0.11468685474775793 0.17355169562802022
decision_type=2 2 2 2 2 2
left_child=1 5 4 -4 -2 -1
right_child=2 -3 3 -5 -6 -7
leaf_value=-0.00031491917482782619 -4.0144688682806157e-06 0.00051079889412859736 0.00069421422621851285 3.7285421927239837e-05 -0.00020908065302318563 0.00033819744210980969
leaf_weight=90 726 74 41 203 950 88
leaf_count=90 726 74 41 203 950 88
internal_value=-0.000500461 0.00264567 -0.000915714 0.00204878 -0.00134923 0.000266666
internal_weight=2172 252 1920 244 1676 178
internal_count=2172 252 1920 244 1676 178
is_linear=0
shrinkage=0.04


Tree=22
num_leaves=7
num_cat=0
split_feature=40 47 104 116 59 60
split_gain=1.78009 3.76314 2.2859 1.65639 2.48829 1.34081
threshold=1.183675571821601 -0.53098531039855412 1.0297359240651767 -0.11468685474775793 0.55025804038867809 -0.51325088851330414
decision_type=2 2 2 2 2 2
left_child=3 -2 -3 4 -1 -5
right_child=1 2 -4 5 -6 -7
leaf_value=-4.3855091355362639e-05 0.00088329896331295677 -0.00060345225488004327 0.00050711689565976982 2.0671127486994491e-05 0.00061664667840700146 -0.00031378254743220777
leaf_weight=715 51 131 114 289 101 771
leaf_count=715 51 131 114 289 101 771
internal_value=-0.000537259 0.00233557 0.000242914 -0.000992546 0.000361857 -0.0020339
internal_weight=2172 296 245 1876 816 1060
internal_count=2172 296 245 1876 816 1060
is_linear=0
shrinkage=0.04


Tree=23
num_leaves=8
num_cat=0
split_feature=94 62 28 80 64 26 60
split_gain=1.61082 2.45756 2.6494 1.01707 2.00089 0.967614 0.94524
threshold=-0.21416343261400131 0.039492200475453217 -0.32996472307564378 -0.83105727805053864 0.61616144081627156 -0.64357108823332831 -0.50487587828856284
decision_type=2 2 2 2 2 2 2
left_child=3 2 -2 4 -1 -3 -5
right_child=1 5 -4 6 -6 -7 -8
leaf_value=-0.0001207710941543976 -0.00013108626498499308 0.00029385438972889816 0.00042575496353197364 6.6290635027531636e-06 0.00077173270414011581 -0.00027300189665914357 -0.0005361261125399312
leaf_weight=74 158 76 497 174 40 577 576
leaf_count=74 158 76 497 174 40 577 576
internal_value=-0.000574058 0.000311449 0.00203957 -0.00191224 0.00158621 -0.0014229 -0.00244681
internal_weight=2172 1308 655 864 114 653 750
internal_count=2172 1308 655 864 114 653 750
is_linear=0
shrinkage=0.04


Tree=24
num_leaves=6
num_cat=0
split_feature=60 8 116 13 62
split_gain=1.49849 1.38521 1.61177 1.22563 1.1968
threshold=-1.0711984856251204 0.41912098879631199 0.79085759111692211 -1.0827730239849471 0.046828252156481565
decision_type=2 2 2 2 2
left_child=1 2 -1 -2 -5
right_child=3 -3 -4 4 -6
leaf_value=1.902513311817727e-05 0.00051556788121232444 -0.00013438406520731351 0.00058427249503277426 -9.1282880104059463e-06 -0.00028063342996453362
leaf_weight=60 45 43 59 1053 912
leaf_count=60 45 43 59 1053 912
internal_value=-0.000555659 0.00312195 0.00532231 -0.000854872 -0.00100661
internal_weight=2172 162 119 2010 1965
internal_count=2172 162 119 2010 1965
is_linear=0
shrinkage=0.04


Tree=25
num_leaves=5
num_cat=0
split_feature=60 35 74 50
split_gain=1.75223 1.14588 1.32593 0.0688462
threshold=-1.4797184039328857 0.9750000639968609 -0.11872396273878612 0.82649131016717636
decision_type=2 2 2 2
left_child=-1 2 -2 -3
right_child=1 3 -4 -5
leaf_value=0.0004694961773106002 6.1617377409097155e-05 -0.00054937806928598851 -0.00018439285611655278 -0.0007480707676842535
leaf_weight=63 822 159 1087 41
leaf_count=63 822 159 1087 41
internal_value=-0.000500461 -0.000699196 -0.000395605 -0.00356436
internal_weight=2172 2109 1909 200
internal_count=2172 2109 1909 200
is_linear=0
shrinkage=0.04


Tree=26
num_leaves=7
num_cat=0
split_feature=40 47 104 116 59 60
split_gain=1.42185 3.39404 2.08538 1.3666 1.86115 1.50436
threshold=1.183675571821601 -0.53098531039855412 1.0297359240651767 -0.031022756948631939 0.51110808478849468 -0.51325088851330414
decision_type=2 2 2 2 2 2
left_child=3 -2 -3 4 -1 -5
right_child=1 2 -4 5 -6 -7
leaf_value=-4.7502147754106002e-05 0.0008149416206825105 -0.00053519378612355752 0.00044774362513192855 2.3049926539750918e-05 0.00049469547954231088 -0.00036341286918428045
leaf_weight=849 51 131 114 268 130 629
leaf_count=849 51 131 114 268 130 629
internal_value=-0.000500461 0.00206711 8.09707e-05 -0.000907349 0.000126401 -0.00203337
internal_weight=2172 296 245 1876 979 897
internal_count=2172 296 245 1876 979 897
is_linear=0
shrinkage=0.04


Tree=27
num_leaves=6
num_cat=0
split_feature=0 25 80 63 45
split_gain=1.55987 1.61947 1.047 1.13168 0.940864
threshold=-1.1421243239794558 -0.46819901822229371 3.3920506478827579 -0.53243865369777221 0.07123170599243564
decision_type=2 2 2 2 2
left_child=1 -1 3 -2 -3
right_child=2 4 -4 -5 -6
leaf_value=0.00043799786642659678 -0.00040164589110950472 0.00046603048840420768 0.00058574627584366719 -2.0973600342311346e-05 -0.00029363973835673063
leaf_weight=47 479 68 42 1462 74
leaf_count=47 479 68 42 1462 74
internal_value=-0.000500461 0.00295288 -0.000832243 -0.000969636 0.000777777
internal_weight=2172 189 1983 1941 142
internal_count=2172 189 1983 1941 142
is_linear=0
shrinkage=0.04


Tree=28
num_leaves=5
num_cat=0
split_feature=60 80 50 94
split_gain=1.80226 1.13522 2.28862 1.26245
threshold=-1.4797184039328857 -0.83105727805053864 -0.40455986624127899 -0.21416343261400131
decision_type=2 2 2 2
left_child=-1 2 -2 -3
right_child=1 3 -4 -5
leaf_value=0.00044723570247033373 0.00072505670748390183 -0.0003233024268761363 -2.1023506431080287e-05 -7.9775274703306937e-06
leaf_weight=63 40 750 113 1206
leaf_count=63 40 750 113 1206
internal_value=-0.000592457 -0.000793937 0.00250322 -0.00105414
internal_weight=2172 2109 153 1956
internal_count=2172 2109 153 1956
is_linear=0
shrinkage=0.04


Tree=29
num_leaves=5
num_cat=0
split_feature=35 31 68 6
split_gain=1.30169 1.13973 1.29537 0.00681774
threshold=-1.3586370277300774 0.97319204071388821 -0.4613723407524713 1.5941026748487841
decision_type=2 2 2 2
left_child=-1 2 -2 -3
right_child=1 3 -4 -5
leaf_value=0.00040021827681288987 0.00024544831447550775 -0.00057858563758037939 -6.1664597477953097e-05 -0.00062854608620335046
leaf_weight=54 366 144 1568 40
leaf_count=54 366 144 1568 40
internal_value=-0.000592457 -0.000750944 -0.000462811 -0.00374194
internal_weight=2172 2118 1934 184
internal_count=2172 2118 1934 184
is_linear=0
shrinkage=0.04


Tree=30
num_leaves=7
num_cat=0
split_feature=87 115 36 74 47 28
split_gain=1.3148 1.71983 3.01482 1.97596 0.495609 0.43476
threshold=-0.56729218667769765 -0.19415810800838698 -1.1078894749809478 -0.48537885741454873 -0.63436970537505932 -0.60377166993119802
decision_type=2 2 2 2 2 2
left_child=4 2 -2 -3 -1 -6
right_child=1 3 -4 -5 5 -7
leaf_value=5.8430447496217248e-05 0.00038930703561114097 0.00056681789332966919 6.6166493021549804e-05 -0.00022840188784965486 0.00020493101875902476 -0.00034817022410489964
leaf_weight=43 42 150 648 900 40 349
leaf_count=43 42 150 648 900 40 349
internal_value=-0.000537259 -4.59252e-05 0.00150289 -0.00106464 -0.00250691 -0.00295652
internal_weight=2172 1740 690 1050 432 389
internal_count=2172 1740 690 1050 432 389
is_linear=0
shrinkage=0.04


Tree=31
num_leaves=7
num_cat=0
split_feature=29 86 46 80 47 40
split_gain=1.29985 1.73951 1.81209 1.53302 0.582544 0.385563
threshold=0.69687536969080355 0.96306600437909706 0.057082701310957808 -0.83105727805053864 -0.47970083778542832 -0.46714437044732726
decision_type=2 2 2 2 2 2
left_child=1 3 -3 -1 -2 -6
right_child=4 2 -4 -5 5 -7
leaf_value=0.00031778990633170968 0.000177350174345011 -6.3037002922087175e-06 0.00059496903842431819 -7.0053123599525229e-05 -4.9081102996847176e-05 -0.00054964466370376009
leaf_weight=116 41 139 109 1448 50 269
leaf_count=116 41 139 109 1448 50 269
internal_value=-0.000463662 -2.64618e-05 0.003072 -0.000521074 -0.00265193 -0.00322742
internal_weight=2172 1812 248 1564 360 319
internal_count=2172 1812 248 1564 360 319
is_linear=0
shrinkage=0.04


Tree=32
num_leaves=7
num_cat=0
split_feature=2 86 94 47 40 91
split_gain=1.46536 2.47634 1.82476 1.08989 1.83525 0.961276
threshold=-0.35223887302031281 1.0831572652386539 -0.066346056096810893 -0.46358453875775768 1.1971647830049228 -0.40079745762098345
decision_type=2 2 2 2 2 2
left_child=1 2 -1 4 -2 -5
right_child=3 -3 -4 5 -6 -7
leaf_value=-0.00023477007341195111 -2.4206459768969697e-05 0.0009044415259897888 0.00029175933780981186 -1.7152832774207006e-05 0.00056738891869238806 -0.00033046469334234967
leaf_weight=278 330 40 352 419 45 708
leaf_count=278 330 40 352 419 45 708
internal_value=-0.000482062 0.00107143 0.000443037 -0.00117553 0.000689654 -0.00179628
internal_weight=2172 670 630 1502 375 1127
internal_count=2172 670 630 1502 375 1127
is_linear=0
shrinkage=0.04


Tree=33
num_leaves=7
num_cat=0
split_feature=50 68 61 31 117 10
split_gain=1.43984 1.43829 1.31409 1.10882 1.37004 0.0728512
threshold=-0.95103990103767788 -0.4613723407524713 -0.78392255367576713 0.90432387000437831 -0.18088882181017443 1.2412627930596909
decision_type=2 2 2 2 2 2
left_child=1 -1 -3 4 -2 -5
right_child=3 2 -4 5 -6 -7
leaf_value=0.00070634396674925271 5.4247429859483889e-05 0.00030793756259125824 -9.7107764604264564e-05 -0.00066200010848069073 -0.00013999634619560835 -0.00026747594207083479
leaf_weight=42 684 66 144 172 1024 40
leaf_count=42 684 66 144 172 1024 40
internal_value=-0.000500461 0.00233071 0.000943395 -0.00087409 -0.000533334 -0.00358879
internal_weight=2172 252 210 1920 1708 212
internal_count=2172 252 210 1920 1708 212
is_linear=0
shrinkage=0.04


Tree=34
num_leaves=6
num_cat=0
split_feature=29 40 86 117 64
split_gain=1.37081 1.73907 2.54023 1.65399 0.435255
threshold=0.80944664089157314 1.2026294800277926 0.69428402884369411 -0.18088882181017443 0.52710013876507344
decision_type=2 2 2 2 2
left_child=1 3 -3 -1 -2
right_child=4 2 -4 -5 -6
leaf_value=9.5488634401435265e-05 -0.0005010529873041064 2.9108352735660277e-05 0.00089044698254295111 -0.00013786810449838589 -4.4958822563886198e-05
leaf_weight=686 217 154 53 999 63
leaf_count=686 217 154 53 999 63
internal_value=-0.00051886 -0.000130941 0.003311 -0.000557203 -0.00312057
internal_weight=2172 1892 207 1685 280
internal_count=2172 1892 207 1685 280
is_linear=0
shrinkage=0.04


Tree=35
num_leaves=8
num_cat=0
split_feature=2 28 94 88 35 62 37
split_gain=1.28929 2.08907 2.13493 1.00583 1.20732 0.604671 0.572599
threshold=-0.35223887302031281 -0.29843902301843511 -0.49402716223725296 0.27181496144662592 0.95543996131818543 0.17996709286049437 -0.68868130761961444
decision_type=2 2 2 2 2 2 2
left_child=1 6 -3 4 -2 -5 -1
right_child=3 2 -4 5 -6 -7 -8
leaf_value=9.0240307278390886e-05 6.8830340355310599e-06 -0.00026338218787750467 0.0003969211191754609 -3.5383200076128154e-05 -0.00063028636922863592 -0.00045845209300114648 -0.00041777669908368473
leaf_weight=41 794 107 362 233 160 315 160
leaf_count=41 794 107 362 233 160 315 160
internal_value=-0.000445263 0.0010119 0.00247134 -0.00109575 -0.000309624 -0.00245818 -0.00238424
internal_weight=2172 670 469 1502 954 548 201
internal_count=2172 670 469 1502 954 548 201
is_linear=0
shrinkage=0.04


Tree=36
num_leaves=8
num_cat=0
split_feature=63 110 48 74 70 35 72
split_gain=1.06591 1.79986 2.87851 2.28567 0.961868 1.85714 0.188981
threshold=-0.53243865369777221 1.0000000180025095e-35 0.40069082792046229 -0.46033577696520711 0.18565732306290705 0.15198509326278081 -0.51309145285115643
decision_type=2 2 2 2 2 2 2
left_child=4 3 -3 -2 6 -6 -1
right_child=1 2 -4 -5 5 -7 -8
leaf_value=-0.00027821043336382126 0.00034039957334838967 0.00036550022120325617 -0.00015667767134519304 -0.00021944350868310778 0.00049865713293179145 -0.00030209527673928161 -0.00056637832437522522
leaf_weight=91 191 447 287 689 40 190 237
leaf_count=91 191 447 287 689 40 190 237
internal_value=-0.000482062 3.9603e-05 0.0015 -0.00117914 -0.00198572 -9.45453e-10 -0.0033697
internal_weight=2172 1614 734 880 558 230 328
internal_count=2172 1614 734 880 558 230 328
is_linear=0
shrinkage=0.04


Tree=37
num_leaves=5
num_cat=0
split_feature=60 117 94 114
split_gain=1.14882 1.14895 1.78358 1.13152
threshold=-1.4797184039328857 -0.18088882181017443 -0.090952619316013006 1.4508815103768284
decision_type=2 2 2 2
left_child=-1 2 -2 -3
right_child=1 3 -4 -5
leaf_value=0.00038048669743397275 -9.3756834989386175e-05 -0.000152308215096396 0.00020844535895176602 0.00032614879826672649
leaf_weight=63 516 1134 390 69
leaf_count=63 516 1134 390 69
internal_value=-0.000500461 -0.000661299 0.000414096 -0.00147054
internal_weight=2172 2109 906 1203
internal_count=2172 2109 906 1203
is_linear=0
shrinkage=0.04


Tree=38
num_leaves=7
num_cat=0
split_feature=29 115 13 80 47 8
split_gain=1.27808 1.48317 2.32617 1.37081 0.582544 0.269659
threshold=0.69687536969080355 -0.16191553305190123 0.94309231862818332 -0.81346088289002205 -0.47970083778542832 1.2636291765462839
decision_type=2 2 2 2 2 2
left_child=1 2 -1 -3 -2 -6
right_child=4 3 -4 -5 5 -7
leaf_value=1.0322724760654531e-05 0.00017411051041965844 0.00030383721937309315 0.00059248147707482871 -0.00012873634764886205 -0.00046992785881133349 -8.2173232747557258e-06
leaf_weight=624 41 71 91 1026 276 43
leaf_count=624 41 71 91 1026 276 43
internal_value=-0.000482062 -4.85125e-05 0.00136681 -0.000971793 -0.00265193 -0.00322742
internal_weight=2172 1812 715 1097 360 319
internal_count=2172 1812 715 1097 360 319
is_linear=0
shrinkage=0.04


Tree=39
num_leaves=8
num_cat=0
split_feature=29 20 13 17 65 112 2
split_gain=1.1055 1.82948 1.44663 1.12424 0.373303 0.590638 0.00736998
threshold=0.80944664089157314 0.73290046303674972 1.2125869915975338 0.59436316780396303 0.61738311002256274 -0.32520187865914724 0.55036081320475105
decision_type=2 2 2 2 2 2 2
left_child=1 2 -1 -3 6 -6 -2
right_child=4 3 -4 -5 5 -7 -8
leaf_value=-4.736279325257868e-05 -0.0006245794268037642 0.00054108910007825864 0.0003953048512648419 0.00011436130238099913 -0.00054389200468099217 6.3391981384521137e-05 -0.00038297796533888159
leaf_weight=1610 40 41 200 41 41 40 159
leaf_count=1610 40 41 200 41 41 40 159
internal_value=-0.000500461 -0.00015206 -0.000419427 0.00561905 -0.00283688 -0.000530121 -0.00376119
internal_weight=2172 1892 1810 82 280 81 199
internal_count=2172 1892 1810 82 280 81 199
is_linear=0
shrinkage=0.04


Tree=40
num_leaves=6
num_cat=0
split_feature=110 26 74 28 80
split_gain=1.11452 1.56356 1.12193 1.85248 1.47194
threshold=1.5913657882663366 0.74368009548502056 -0.2295046454568028 0.60028303962015384 3.0141282518462629
decision_type=2 2 2 2 2
left_child=2 -2 3 -1 -4
right_child=1 -3 4 -5 -6
leaf_value=0.00013054107011670755 0.0005361610017658796 -0.00013905377637175967 -0.00017994798954018982 -0.00029478069353790047 0.00055296997578994033
leaf_weight=562 40 44 1236 209 81
leaf_count=562 40 44 1236 209 81
internal_value=-0.000463662 0.004 -0.000646891 0.000564035 -0.00135557
internal_weight=2172 84 2088 771 1317
internal_count=2172 84 2088 771 1317
is_linear=0
shrinkage=0.04


Tree=41
num_leaves=8
num_cat=0
split_feature=1 116 69 40 47 28 116
split_gain=1.19212 1.77834 1.81285 1.64743 1.11155 1.66845 1.10824
threshold=-0.31126624551138132 0.79085759111692211 0.4334114650231064 1.1508371369072605 -0.46358453875775768 0.19444213861863816 -0.69504021900031987
decision_type=2 2 2 2 2 2 2
left_child=1 2 -1 -3 5 -2 -6
right_child=4 3 -4 -5 6 -7 -8
leaf_value=-0.00010080056515932779 -3.1774511931640584e-05 2.8056639255350772e-05 0.00030222690974149693 0.00075220724330952852 0.00032179113888000524 0.00091403982688567479 -0.00020344672465426753
leaf_weight=457 308 81 108 64 66 52 1036
leaf_count=457 308 81 108 64 66 52 1036
internal_value=-0.000500461 0.000842696 -0.000176368 0.0047619 -0.00115301 0.00077348 -0.00178261
internal_weight=2172 710 565 145 1462 360 1102
internal_count=2172 710 565 145 1462 360 1102
is_linear=0
shrinkage=0.04


Tree=42
num_leaves=7
num_cat=0
split_feature=4 74 64 80 47 59
split_gain=1.15916 1.87998 2.81965 1.43741 0.534442 0.560125
threshold=0.49992320193542855 -0.48537885741454873 -0.57512097785581195 3.0141282518462629 -0.47970083778542832 -0.3934626166965165
decision_type=2 2 2 2 2 2
left_child=1 2 -1 -3 -2 -6
right_child=4 3 -4 -5 5 -7
leaf_value=-0.00033485203031466724 2.9060238835973974e-05 -6.8806445566583282e-05 0.00058522380770827445 0.00068790133161986372 1.144879690078815e-05 -0.00039882703047439859
leaf_weight=106 70 1276 209 71 83 357
leaf_count=106 70 1276 209 71 83 357
internal_value=-0.000445263 6.73067e-05 0.00283912 -0.000584137 -0.00210938 -0.00262444
internal_weight=2172 1662 315 1347 510 440
internal_count=2172 1662 315 1347 510 440
is_linear=0
shrinkage=0.04


Tree=43
num_leaves=7
num_cat=0
split_feature=2 40 13 93 116 62
split_gain=1.20231 1.58465 1.69256 1.04757 1.36777 0.662539
threshold=-0.35223887302031281 -0.77647331904145267 -0.091108823284610049 0.056195271767349987 -0.11468685474775793 -0.55870542224511799
decision_type=2 2 2 2 2 2
left_child=1 -1 -3 4 -2 -5
right_child=3 2 -4 5 -6 -7
leaf_value=0.0004953170826430299 0.00017831882841313175 -0.00027850194022954251 0.00025733569678339577 1.7800470458786666e-05 -0.00015516559759326697 -0.00022949999534262351
leaf_weight=51 336 221 398 67 512 587
leaf_count=51 336 221 398 67 512 587
internal_value=-0.000574058 0.000833332 0.000264089 -0.00120213 -0.000272942 -0.00240244
internal_weight=2172 670 619 1502 848 654
internal_count=2172 670 619 1502 848 654
is_linear=0
shrinkage=0.04


Tree=44
num_leaves=8
num_cat=0
split_feature=62 40 25 93 109 40 1
split_gain=1.09297 1.62086 2.58037 1.01054 1.08821 0.874637 0.805723
threshold=-0.017213896433746375 1.1971647830049228 -0.09803842456945501 -0.033582617781823025 -0.10833929132838246 -0.77647331904145267 -0.32211098367987984
decision_type=2 2 2 2 2 2 2
left_child=1 5 -3 4 -2 -1 -5
right_child=3 2 -4 6 -6 -7 -8
leaf_value=0.00024236002402030682 0.00016424817586400153 0.00066122518436851848 -0.00015042987926381138 4.9798440610092831e-05 -0.00010309801780630369 -2.2891458361943427e-05 -0.00036172938891402808
leaf_weight=105 123 73 64 90 409 828 480
leaf_count=105 123 73 64 90 409 828 480
internal_value=-0.000537259 0.000373133 0.00440288 -0.00142029 -0.000164795 -0.000226739 -0.00258741
internal_weight=2172 1070 137 1102 532 933 570
internal_count=2172 1070 137 1102 532 933 570
is_linear=0
shrinkage=0.04


Tree=45
num_leaves=7
num_cat=0
split_feature=9 20 59 62 109 116
split_gain=0.975945 1.70213 1.78383 0.552656 1.27373 0.353057
threshold=0.49290832798599765 0.73290046303674972 -0.21858394187181313 -0.2426952424609761 0.11224489026221306 -0.031022756948631939
decision_type=2 2 2 2 2 2
left_child=1 2 -1 4 -2 -5
right_child=3 -3 -4 5 -6 -7
leaf_value=-0.00018706067738930712 0.0001355904401108951 0.00045671908324253679 3.6874650665159393e-05 -0.00020395572226312479 -0.00054791978890242191 -0.00034591715275812939
leaf_weight=576 46 66 1011 206 47 220
leaf_count=576 46 66 1011 206 47 220
internal_value=-0.000555659 -7.97593e-05 -0.000344872 -0.00206526 0.000715789 -0.0026729
internal_weight=2172 1653 1587 519 93 426
internal_count=2172 1653 1587 519 93 426
is_linear=0
shrinkage=0.04


Tree=46
num_leaves=7
num_cat=0
split_feature=63 116 74 9 59 13
split_gain=1.03998 1.7345 1.72458 1.55201 0.945573 0.971263
threshold=-0.53243865369777221 1.0327678083621237 -0.20184239664682654 0.43369047527720078 2.8592905988667048 -0.3553327056235282
decision_type=2 2 2 2 2 2
left_child=4 2 -2 -3 5 -1
right_child=1 3 -4 -5 -6 -7
leaf_value=3.6880422579168915e-05 7.1645077986675802e-05 0.00054973871033189544 -0.00012729982757746214 -0.0001006495188916633 0.00041296518970343119 -0.00046331284060913982
leaf_weight=118 568 80 913 53 40 400
leaf_count=118 568 80 913 53 40 400
internal_value=-0.000500461 1.48505e-05 -0.000380311 0.00435555 -0.00198572 -0.00244615
internal_weight=2172 1614 1481 133 558 518
internal_count=2172 1614 1481 133 558 518
is_linear=0
shrinkage=0.04


Tree=47
num_leaves=7
num_cat=0
split_feature=29 20 80 65 112 59
split_gain=1.13074 1.64674 1.46588 0.42019 0.853167 0.217763
threshold=0.69687536969080355 0.73290046303674972 3.0295253595972729 0.61738311002256274 -0.27720842108732546 -0.38207986396919719
decision_type=2 2 2 2 2 2
left_child=1 2 -1 5 -5 -2
right_child=3 -3 -4 4 -6 -7
leaf_value=-1.6225858431104352e-05 -2.9850292025343123e-05 0.00047845945626600629 0.00061477563159484838 -0.00047385620508916449 0.00011176442499115271 -0.00044659099267841193
leaf_weight=1689 56 50 73 50 47 207
leaf_count=1689 56 50 73 50 47 207
internal_value=-0.000500461 -9.2614e-05 -0.000299321 -0.00254144 -0.000282829 -0.00336604
internal_weight=2172 1812 1762 360 97 263
internal_count=2172 1812 1762 360 97 263
is_linear=0
shrinkage=0.04


Tree=48
num_leaves=8
num_cat=0
split_feature=62 49 4 93 60 41 2
split_gain=1.0506 1.5563 1.88069 1.01495 1.07854 0.921975 0.621031
threshold=-0.017213896433746375 1.001427118354083 -0.2293083110711269 -0.033582617781823025 -0.73675060108516 -0.058558425793364212 -0.18526320813835473
decision_type=2 2 2 2 2 2 2
left_child=1 5 -3 4 -2 -1 -5
right_child=3 2 -4 6 -6 -7 -8
leaf_value=-9.6534986264731554e-05 0.00011954076351507024 0.0001902664137308248 0.00084743688892399552 7.9334607412325048e-06 -8.902842631377164e-05 8.6172822934307193e-05 -0.00035612241804128529
leaf_weight=499 50 98 40 118 482 433 452
leaf_count=499 50 98 40 118 482 433 452
internal_value=-0.000482062 0.000410447 0.00434286 -0.00134783 -8.98886e-05 -0.000179872 -0.00251748
internal_weight=2172 1070 138 1102 532 932 570
internal_count=2172 1070 138 1102 532 932 570
is_linear=0
shrinkage=0.04


Tree=49
num_leaves=6
num_cat=0
split_feature=59 63 74 42 13
split_gain=1.02999 1.15724 1.50398 1.072 1.02625
threshold=2.6137817397821377 -0.58783479911405701 -0.53064021346491896 0.62618409446874146 -0.3553327056235282
decision_type=2 2 2 2 2
left_child=1 4 -3 -2 -1
right_child=3 2 -4 -5 -6
leaf_value=4.6363107662058518e-05 -9.1736769099208979e-05 0.0001970840622773528 -4.0362027291949744e-05 0.00041413027218047886 -0.00045371319588012756
leaf_weight=113 62 322 1273 46 356
leaf_count=113 62 322 1273 46 356
internal_value=-0.000426864 -0.0006273 -0.000112712 0.00334545 -0.00236943
internal_weight=2172 2064 1595 108 469
internal_count=2172 2064 1595 108 469
is_linear=0
shrinkage=0.04


Tree=50
num_leaves=6
num_cat=0
split_feature=0 81 13 59 0
split_gain=1.32326 1.53762 0.872151 0.874025 0.710041
threshold=-1.1855057100890796 0.15848108432468822 -1.0827730239849471 -0.21858394187181313 -1.4164842858369535
decision_type=2 2 2 2 2
left_child=1 4 -2 -4 -1
right_child=2 -3 3 -5 -6
leaf_value=-0.00028426865333309586 0.00043365996056018465 0.00036565028642051266 -0.00018690271459350865 -8.6679352529398093e-06 0.00051752166839873031
leaf_weight=59 45 79 679 1268 42
leaf_count=59 45 79 679 1268 42
internal_value=-0.000408465 0.00285714 -0.000706119 -0.000835301 -0.000427185
internal_weight=2172 180 1992 1947 101
internal_count=2172 180 1992 1947 101
is_linear=0
shrinkage=0.04


Tree=51
num_leaves=8
num_cat=0
split_feature=87 87 28 40 100 98 116
split_gain=1.08002 1.54063 1.93359 1.53407 0.64812 1.074 0.372126
threshold=-0.56729218667769765 -0.050207318057259538 0.79933010975770669 1.1508371369072605 -0.94805216909161116 0.21322764315902745 0.87435082455762403
decision_type=2 2 2 2 2 2 2
left_child=4 2 -2 -3 5 -1 -6
right_child=1 3 -4 -5 6 -7 -8
leaf_value=-5.4586233542946343e-05 0.00029380198697792132 -0.00016201512572927638 -0.00046672314390250872 0.00022429368826995465 -0.00044107188388880705 0.00021979197667395571 -6.6274693814509584e-05
leaf_weight=81 471 925 105 239 258 42 51
leaf_count=81 471 925 105 239 258 42 51
internal_value=-0.000445263 -9.52579e-10 0.00168858 -0.000837051 -0.00223042 0.000223999 -0.00320257
internal_weight=2172 1740 576 1164 432 123 309
internal_count=2172 1740 576 1164 432 123 309
is_linear=0
shrinkage=0.04


Tree=52
num_leaves=7
num_cat=0
split_feature=62 26 5 94 13 2
split_gain=1.07681 1.15127 3.49794 0.896062 0.72857 0.774064
threshold=0.046828252156481565 -0.44367291798445568 -0.75864058223834829 -0.18367657059242604 -1.0049601999280851 -0.35223887302031281
decision_type=2 2 2 2 2 2
left_child=1 3 -3 -1 -2 -6
right_child=4 2 -4 -5 5 -7
leaf_value=-0.00041017224603040546 0.00038772703683082597 0.00062925321939483496 1.7886183863742327e-05 1.025464520344235e-05 0.00012970008841790251 -0.0002155349670781779
leaf_weight=169 40 43 686 242 106 886
leaf_count=169 40 43 686 242 106 886
internal_value=-0.000426864 0.000420314 0.00137346 -0.00126877 -0.0013617 -0.00157747
internal_weight=2172 1140 729 411 1032 992
internal_count=2172 1140 729 411 1032 992
is_linear=0
shrinkage=0.04


Tree=53
num_leaves=7
num_cat=0
split_feature=2 40 104 102 28 63
split_gain=1.17203 1.49914 1.48744 0.933067 1.6824 0.589457
threshold=-0.29470817192075144 -0.77647331904145267 0.90097331220469112 0.69230220450529212 -0.034371153582354874 -0.53243865369777221
decision_type=2 2 2 2 2 2
left_child=1 -1 -3 5 -5 -2
right_child=3 2 -4 4 -6 -7
leaf_value=0.00043015324060795838 -0.00043765099278602368 -2.3205258132874023e-05 0.00058296811035386299 0.00035777178361922929 -0.00020802206321035138 -5.2364882838409367e-05
leaf_weight=52 308 588 86 87 143 908
leaf_count=52 308 588 86 87 143 908
internal_value=-0.000463662 0.000846153 0.00033136 -0.00112155 0.0012069 -0.00156322
internal_weight=2172 726 674 1446 230 1216
internal_count=2172 726 674 1446 230 1216
is_linear=0
shrinkage=0.04


Tree=54
num_leaves=8
num_cat=0
split_feature=115 117 14 28 29 42 114
split_gain=0.929066 1.49073 1.53357 1.05267 0.795475 0.741287 0.556409
threshold=0.51075350852654922 0.52887890638877355 -0.02016713487987699 0.69602746237829338 -0.636633908229846 0.013002638663542966 1.0922642995351219
decision_type=2 2 2 2 2 2 2
left_child=1 3 -3 -1 5 -2 -6
right_child=4 2 -4 -5 6 -7 -8
leaf_value=2.5005518047039732e-06 -7.053102233487705e-05 -4.7849829914495303e-05 0.00083704202321798209 -0.00018706253227517442 -0.00038465925435685739 0.00035353172193951753 6.7428945321544873e-06
leaf_weight=1255 122 53 49 272 311 46 64
leaf_count=1255 122 53 49 272 311 46 64
internal_value=-0.000574058 -9.56478e-05 0.00453846 -0.000410727 -0.00200367 0.000282352 -0.00302387
internal_weight=2172 1629 102 1527 543 168 375
internal_count=2172 1629 102 1527 543 168 375
is_linear=0
shrinkage=0.04


Tree=55
num_leaves=8
num_cat=0
split_feature=2 68 25 61 115 22 73
split_gain=0.98567 1.38148 1.81386 1.48481 0.83015 1.26381 1.052
threshold=-0.35223887302031281 -0.47430157472465878 -0.0094911964822566135 -0.032915507427308505 -0.11247950047113751 0.35165996436942842 -0.2140339275581267
decision_type=2 2 2 2 2 2 2
left_child=1 2 -1 -3 5 -2 -6
right_child=4 3 -4 -5 6 -7 -8
leaf_value=-0.00030409164014100107 9.9703415995255025e-05 0.00011024606930901128 0.00076197234570190469 -0.00024932072943183013 1.9021267963736715e-06 -0.00013181792126391084 -0.00038078800377283471
leaf_weight=46 367 344 67 213 235 361 539
leaf_count=46 367 344 67 213 235 361 539
internal_value=-0.000500461 0.000773809 0.00476522 -5.00904e-05 -0.00106915 -9.86311e-05 -0.00197938
internal_weight=2172 670 113 557 1502 728 774
internal_count=2172 670 113 557 1502 728 774
is_linear=0
shrinkage=0.04


Tree=56
num_leaves=7
num_cat=0
split_feature=80 64 59 29 20 114
split_gain=0.917602 1.7747 1.32136 1.39538 1.15599 1.05265
threshold=-0.83105727805053864 0.62175518453452583 -0.21858394187181313 0.7345398311282948 0.78086470259566976 -0.067839553514799769
decision_type=2 2 2 2 2 2
left_child=1 5 4 -4 -2 -1
right_child=2 -3 3 -5 -6 -7
leaf_value=0.00017017596196224158 -0.00026428023913898697 0.00046536790265278293 1.9773571819293964e-05 -0.000370046104110906 0.00030860122356846586 -0.00020835307959866928
leaf_weight=56 579 40 1142 235 63 57
leaf_count=56 579 40 1142 235 63 57
internal_value=-0.000463662 0.00250322 -0.000690748 8.70101e-06 -0.00218634 -0.000104349
internal_weight=2172 153 2019 1377 642 113
internal_count=2172 153 2019 1377 642 113
is_linear=0
shrinkage=0.04


Tree=57
num_leaves=6
num_cat=0
split_feature=50 68 107 36 93
split_gain=1.24902 1.50844 1.01589 0.994016 0.753457
threshold=-0.95103990103767788 -0.4613723407524713 0.3661371847518225 -1.3309024050166995 0.063226594439600214
decision_type=2 2 2 2 2
left_child=1 -1 -3 -2 -5
right_child=3 2 -4 4 -6
leaf_value=0.00060601985222065978 0.00020880726482219877 -7.5684584828666102e-05 0.00027004447367516923 -9.3037187148355119e-06 -0.00012308887516135477
leaf_weight=42 43 149 61 1054 823
leaf_count=42 43 149 61 1054 823
internal_value=-0.000463662 0.00217323 0.000754716 -0.000811655 -0.000951571
internal_weight=2172 252 210 1920 1877
internal_count=2172 252 210 1920 1877
is_linear=0
shrinkage=0.04


Tree=58
num_leaves=8
num_cat=0
split_feature=1 62 64 116 41 110 115
split_gain=1.09806 1.22177 1.28177 0.931015 1.53763 0.82513 0.60602
threshold=-0.31126624551138132 -0.89886547425057628 -0.46340047754342434 -0.12837442523011708 -0.021089641916736998 1.5913657882663366 -0.33687289700128709
decision_type=2 2 2 2 2 2 2
left_child=1 6 -3 4 -2 -5 -1
right_child=3 2 -4 5 -6 -7 -8
leaf_value=0.00015726198622706633 -0.00015558539644157257 -0.00021158552503458211 0.00020174687954847633 -0.00015010764334630111 0.0001505465971201709 0.00011639049160274213 -0.00030319853145216241
leaf_weight=45 273 155 367 836 303 50 143
leaf_count=45 273 155 367 836 303 50 143
internal_value=-0.000390065 0.000898875 0.00189313 -0.00101639 0.000235293 -0.00182883 -0.00185263
internal_weight=2172 710 522 1462 576 886 188
internal_count=2172 710 522 1462 576 886 188
is_linear=0
shrinkage=0.04


Tree=59
num_leaves=8
num_cat=0
split_feature=50 42 60 62 77 105 80
split_gain=1.17063 1.28563 1.01577 1.49045 0.973634 0.871571 0.831759
threshold=-0.95103990103767788 0.013002638663542966 -1.0711984856251204 0.81265563357077075 1.0000000180025095e-35 -0.22514457793773421 3.1034167255923308
decision_type=2 2 2 2 2 2 2
left_child=1 5 3 -2 -3 -1 -4
right_child=2 4 6 -5 -6 -7 -8
leaf_value=0.00017791251497628561 0.00042971804978322897 0.00039124579911379193 -7.1883141276133996e-05 -0.00024199137589366095 8.5272762095560848e-06 -8.8145269980834202e-05 0.0003250729936389144
leaf_weight=40 95 45 1702 41 49 118 82
leaf_count=40 95 45 1702 41 49 118 82
internal_value=-0.000537259 0.00201575 -0.00087409 0.00243478 0.00566667 -0.000200001 -0.00112878
internal_weight=2172 252 1920 136 94 158 1784
internal_count=2172 252 1920 136 94 158 1784
is_linear=0
shrinkage=0.04


Tree=60
num_leaves=8
num_cat=0
split_feature=62 40 25 50 10 2 56
split_gain=1.12406 1.60746 2.39945 1.13596 0.844891 1.25864 0.686938
threshold=0.046828252156481565 1.183675571821601 -0.092982793624225124 -0.88317039945943387 -0.78152342609323178 0.26015641343569723 -0.21431496643494086
decision_type=2 2 2 2 2 2 2
left_child=1 3 -3 -1 5 -2 -6
right_child=4 2 -4 -5 6 -7 -8
leaf_value=0.00021591247666808067 -7.7872655757417662e-05 0.00050747775836628328 -0.00030689501114423143 -2.649350660892814e-05 -1.8618698436395481e-05 0.00037995441177327254 -0.00025136113370997969
leaf_weight=178 40 84 65 813 366 48 578
leaf_count=178 40 84 65 813 366 48 578
internal_value=-0.000445263 0.000420314 0.0042649 -0.000165157 -0.00140039 0.00231111 -0.00175053
internal_weight=2172 1140 149 991 1032 88 944
internal_count=2172 1140 149 991 1032 88 944
is_linear=0
shrinkage=0.04


Tree=61
num_leaves=8
num_cat=0
split_feature=0 62 81 72 115 117 8
split_gain=1.04309 1.28587 1.22313 0.931283 0.88546 0.432984 0.380341
threshold=-1.1855057100890796 -0.81821802380292841 0.12385902933374104 0.81298126630887835 0.46642653169754111 0.099219651826785812 -0.93616533136451696
decision_type=2 2 2 2 2 2 2
left_child=1 5 -3 4 -2 -1 -5
right_child=3 2 -4 6 -6 -7 -8
leaf_value=9.5386903655146857e-05 1.2932583757348238e-06 1.0756526971552348e-05 0.00046534402184351015 8.3999417602497795e-06 -0.00024632703673553043 -0.00025914055214482117 -0.00028623480373456421
leaf_weight=41 1284 52 43 40 374 44 294
leaf_count=41 1284 52 43 40 374 44 294
internal_value=-0.000482062 0.00241758 0.00556701 -0.00074624 -0.000356627 -0.00114943 -0.00266667
internal_weight=2172 180 95 1992 1658 85 334
internal_count=2172 180 95 1992 1658 85 334
is_linear=0
shrinkage=0.04


Tree=62
num_leaves=8
num_cat=0
split_feature=29 115 33 74 65 112 60
split_gain=0.915632 1.0355 1.36196 1.00535 0.286587 0.590638 0.173113
threshold=0.80944664089157314 -0.17038973375419061 0.94057006482891603 -0.49083176081509233 0.61738311002256274 -0.32520187865914724 0.90470346278994052
decision_type=2 2 2 2 2 2 2
left_child=1 2 -1 -3 6 -6 -2
right_child=4 3 -4 -5 5 -7 -8
leaf_value=8.480184408206007e-05 -0.00034912315398285832 0.00032188012624915309 -0.00044280854690006906 -0.00012918866176324457 -0.00040292792376409584 8.7461868583757214e-05 -0.00015624899450269951
leaf_weight=653 159 166 91 982 41 40 40
leaf_count=653 159 166 91 982 41 40 40
internal_value=-0.000426864 -0.000109821 0.00105094 -0.00086261 -0.00255319 -0.000530121 -0.00336319
internal_weight=2172 1892 744 1148 280 81 199
internal_count=2172 1892 744 1148 280 81 199
is_linear=0
shrinkage=0.04


Tree=63
num_leaves=6
num_cat=0
split_feature=80 94 40 108 18
split_gain=0.949888 1.00201 1.37942 0.956415 0.777826
threshold=-0.91968614197916965 -0.21416343261400131 -0.49501230157162424 -0.79001420294974822 0.035997518426198048
decision_type=2 2 2 2 2
left_child=4 3 -3 -2 -1
right_child=1 2 -4 -5 -6
leaf_value=-1.1301476736661435e-05 3.6868880865393139e-05 0.00033588604944049865 -1.0275590773081406e-05 -0.00020677584489527356 0.00029561879533568494
leaf_weight=44 54 138 1134 756 46
leaf_count=44 54 138 1134 756 46
internal_value=-0.000500461 -0.000675625 2.51168e-05 -0.0017734 0.00347826
internal_weight=2172 2082 1272 810 90
internal_count=2172 2082 1272 810 90
is_linear=0
shrinkage=0.04


Tree=64
num_leaves=6
num_cat=0
split_feature=2 59 14 77 92
split_gain=0.91169 1.14435 1.31454 0.435369 0.229162
threshold=0.81370932765421677 2.6137817397821377 -0.65201112104466141 -1.1001303475055162 -0.45198646745383486
decision_type=2 2 2 2 2
left_child=1 2 -1 -2 -5
right_child=3 -3 -4 4 -6
leaf_value=-0.00034681143484333716 2.6959395299184171e-05 0.00046554054125652562 3.6507477835395399e-06 -0.00019571327108936398 -0.00029143043154095024
leaf_weight=337 46 72 1435 64 218
leaf_count=337 46 72 1435 64 218
internal_value=-0.000463662 -0.000117011 -0.000320181 -0.0024 -0.00298592
internal_weight=2172 1844 1772 328 282
internal_count=2172 1844 1772 328 282
is_linear=0
shrinkage=0.04


Tree=65
num_leaves=6
num_cat=0
split_feature=59 63 9 42 40
split_gain=1.00014 1.20839 1.24795 1.072 0.901172
threshold=2.6137817397821377 -0.54811586847297056 0.49290832798599765 0.62618409446874146 -0.18018042758342809
decision_type=2 2 2 2 2
left_child=1 4 -3 -2 -1
right_child=3 2 -4 -5 -6
leaf_value=3.9223879743466335e-06 -0.00013121828789271051 2.1333321819167835e-05 -0.00011197178781548314 0.00038722132665602578 -0.00034272029791600342
leaf_weight=148 62 1175 395 46 346
leaf_count=148 62 1175 395 46 346
internal_value=-0.000371666 -0.000569217 -2.54462e-05 0.00334545 -0.00229032
internal_weight=2172 2064 1570 108 494
internal_count=2172 2064 1570 108 494
is_linear=0
shrinkage=0.04


Tree=66
num_leaves=7
num_cat=0
split_feature=41 24 70 60 37 111
split_gain=1.00362 1.72434 2.23724 1.17155 0.711161 0.333452
threshold=0.6407224592850872 0.36094888968800615 0.33738340086337393 -0.51325088851330414 -0.95126540643769786 -0.28143565389188641
decision_type=2 2 2 2 2 2
left_child=1 3 -3 -1 -2 -6
right_child=4 2 -4 -5 5 -7
leaf_value=2.6221704760105623e-05 0.00034872890022304403 1.6934682934255118e-05 0.00057951510199654702 -0.00012911468861719297 -7.035774465519767e-05 -0.00063919023276099763
leaf_weight=453 43 362 81 940 96 197
leaf_count=453 43 362 81 940 96 197
internal_value=-0.000316468 5.22297e-05 0.00222022 -0.000639427 -0.00231953 -0.00302373
internal_weight=2172 1836 443 1393 336 293
internal_count=2172 1836 443 1393 336 293
is_linear=0
shrinkage=0.04


Tree=67
num_leaves=8
num_cat=0
split_feature=62 60 47 63 88 9 1
split_gain=1.08808 1.78572 1.71173 1.42311 1.10564 0.977429 0.333283
threshold=0.3081354791967551 -0.89321571869516203 0.54422887106038065 -0.58783479911405701 0.17584848855860172 0.46857676825555283 -0.17784663233069548
decision_type=2 2 2 2 2 2 2
left_child=1 2 -1 -3 5 -2 -6
right_child=4 3 -4 -5 6 -7 -8
leaf_value=0.00035078721099154956 0.00017735259860190652 -0.00029373973862499434 -1.876616372601064e-05 1.4362847162047356e-05 -1.7687469693362585e-05 -0.00025214887018817184 -0.00035791918393138667
leaf_weight=89 195 322 54 972 56 217 267
leaf_count=89 195 322 54 972 56 217 267
internal_value=-0.000242871 0.000397497 0.0046069 -7.4075e-05 -0.00149254 -0.000115943 -0.00323692
internal_weight=2172 1437 143 1294 735 412 323
internal_count=2172 1437 143 1294 735 412 323
is_linear=0
shrinkage=0.04


Tree=68
num_leaves=7
num_cat=0
split_feature=63 86 18 59 107 13
split_gain=0.952447 1.49627 2.39664 1.19302 1.12747 0.880652
threshold=-0.54811586847297056 1.0954590567417795 0.2192674112441001 2.8592905988667048 1.1214415298843157 -0.3553327056235282
decision_type=2 2 2 2 2 2
left_child=3 4 -3 5 -2 -1
right_child=1 2 -4 -5 -6 -7
leaf_value=2.3568514645323684e-05 -2.0080537984860881e-05 0.00050004023899875773 0.00012769104747500557 0.00028949957609669859 0.00010804463108345535 -0.00039917772051127598
leaf_weight=117 1372 49 87 40 115 392
leaf_count=117 1372 49 87 40 115 392
internal_value=-0.000298069 0.000189538 0.00417391 -0.00173503 -0.000179988 -0.00226223
internal_weight=2172 1623 136 549 1487 509
internal_count=2172 1623 136 549 1487 509
is_linear=0
shrinkage=0.04


Tree=69
num_leaves=5
num_cat=0
split_feature=36 75 4 25
split_gain=1.06978 1.02255 1.28611 1.05259
threshold=-1.3309024050166995 0.49006970434367852 0.40344427513450287 0.56962708112101057
decision_type=2 2 2 2
left_child=-1 2 -2 -3
right_child=1 3 -4 -5
leaf_value=0.00014190440369892413 3.6571625824358332e-05 -0.00022444201891794234 -6.8624411226045592e-05 2.713381113915384e-05
leaf_weight=63 968 498 540 103
leaf_count=63 968 498 540 103
internal_value=-0.000316468 -0.000471815 8.47673e-05 -0.00186401
internal_weight=2172 2109 1508 601
internal_count=2172 2109 1508 601
is_linear=0
shrinkage=0.04


Tree=70
num_leaves=8
num_cat=0
split_feature=62 60 41 102 70 75 81
split_gain=0.95717 1.77299 1.77395 1.3552 0.663289 0.895783 0.51731
threshold=0.060043012943142349 -0.89321571869516203 -0.83940360918947199 -1.0518919551614763 0.22336691827093383 -0.76959432226545832 0.33474656988460244
decision_type=2 2 2 2 2 2 2
left_child=1 2 -1 -3 6 -6 -2
right_child=4 3 -4 -5 5 -7 -8
leaf_value=-0.0001924410057040174 -0.00027428548880343255 0.0003920250697402489 0.00049360429189054898 -1.8791961985846105e-05 0.00024451896465230611 -8.5492240758851021e-05 -2.5721070117656606e-06
leaf_weight=45 468 106 78 929 40 320 186
leaf_count=45 468 106 78 929 40 320 186
internal_value=-0.000261271 0.000524137 0.005024 -1.92874e-05 -0.00115748 0.000220994 -0.00191464
internal_weight=2172 1158 123 1035 1014 360 654
internal_count=2172 1158 123 1035 1014 360 654
is_linear=0
shrinkage=0.04


Tree=71
num_leaves=5
num_cat=0
split_feature=36 59 14 42
split_gain=1.02668 0.810688 1.26944 1.03349
threshold=-1.408333964620379 2.6137817397821377 -0.65201112104466141 0.62618409446874146
decision_type=2 2 2 2
left_child=-1 2 -2 -3
right_child=1 3 -4 -5
leaf_value=0.00013560164471651388 -0.0003438524487306644 -0.00022844645797098523 -7.350932551543094e-06 0.00037054577406934693
leaf_weight=45 345 58 1680 44
leaf_count=45 345 58 1680 44
internal_value=-0.000316468 -0.00044528 -0.000621609 0.003
internal_weight=2172 2127 2025 102
internal_count=2172 2127 2025 102
is_linear=0
shrinkage=0.04


Tree=72
num_leaves=8
num_cat=0
split_feature=2 28 94 69 47 92 35
split_gain=0.899855 1.28313 1.47459 1.16187 0.924299 2.08512 0.782509
threshold=-0.34335280355667136 -0.29843902301843511 -0.49402716223725296 0.31825715001109317 -0.46358453875775768 0.7689951134723958 0.071241776418636618
decision_type=2 2 2 2 2 2 2
left_child=1 3 -3 -1 5 -2 -6
right_child=4 2 -4 -5 6 -7 -8
leaf_value=-0.00041160503034801544 -3.0713748284804883e-05 -0.00020635625754136751 0.00024972195250357542 0.00010886922607757234 -0.00015262872614004691 0.00041748208392430533 -1.5936560768483025e-05
leaf_weight=157 313 108 367 46 541 62 578
leaf_count=157 313 108 367 46 541 62 578
internal_value=-0.000371666 0.000835293 0.00197065 -0.00181464 -0.000919787 0.000795755 -0.00149509
internal_weight=2172 678 475 203 1494 375 1119
internal_count=2172 678 475 203 1494 375 1119
is_linear=0
shrinkage=0.04


Tree=73
num_leaves=7
num_cat=0
split_feature=50 68 107 41 24 37
split_gain=0.98374 1.65341 1.2023 0.90166 1.32699 0.772822
threshold=-0.95103990103767788 -0.4613723407524713 0.3661371847518225 0.59669739111577214 0.36094888968800615 -0.97458028555399567
decision_type=2 2 2 2 2 2
left_child=1 -1 -3 4 -2 -5
right_child=3 2 -4 5 -6 -7
leaf_value=0.00053808178322314274 -5.1553728657074571e-05 -7.0060577586888612e-05 0.00022849291782080485 0.00034185179602122187 6.4565774881844538e-05 -0.00032984189478628927
leaf_weight=42 1198 149 61 44 371 307
leaf_count=42 1198 149 61 44 371 307
internal_value=-0.000482062 0.00185827 0.000377358 -0.000790844 -0.000379377 -0.00261756
internal_weight=2172 252 210 1920 1569 351
internal_count=2172 252 210 1920 1569 351
is_linear=0
shrinkage=0.04


Tree=74
num_leaves=8
num_cat=0
split_feature=63 79 45 49 70 35 87
split_gain=0.904308 1.26642 1.76446 1.11559 0.996601 1.16737 0.276964
threshold=-0.54811586847297056 -0.74815971191696207 -0.10884277096822929 0.78806134510119141 0.20190606266840785 0.16859928906641655 -0.25725651986803194
decision_type=2 2 2 2 2 2 2
left_child=4 2 -2 -3 6 -6 -1
right_child=1 3 -4 -5 5 -7 -8
leaf_value=-0.00012699097313419286 0.00071073937388194521 -3.9071038053015999e-05 -5.7276488383229495e-06 0.00010561570768066792 0.00024048780071183378 -0.00022234109694249188 -0.00031780008883296846
leaf_weight=60 98 1134 142 249 42 179 268
leaf_count=60 98 1134 142 249 42 179 268
internal_value=-0.000334868 0.000140307 0.00280992 -0.000326355 -0.00173503 0.000340806 -0.00312727
internal_weight=2172 1623 240 1383 549 221 328
internal_count=2172 1623 240 1383 549 221 328
is_linear=0
shrinkage=0.04


Tree=75
num_leaves=6
num_cat=0
split_feature=80 0 87 87 59
split_gain=1.09246 1.63801 1.10138 1.5146 0.76345
threshold=-0.91968614197916965 0.17366287208786182 -0.56729218667769765 -0.054258247379581313 0.057513244830342043
decision_type=2 2 2 2 2
left_child=1 -1 4 -4 -2
right_child=2 -3 3 -5 -6
leaf_value=0.00033190716579714895 -0.00032479989816139505 -2.8970396612712648e-05 6.7586090478208706e-05 -5.7027812236873756e-05 -3.2682121298637824e-07
leaf_weight=49 264 41 564 1113 141
leaf_count=49 264 41 564 1113 141
internal_value=-0.000353267 0.00391304 -0.000541268 -8.81487e-05 -0.00240786
internal_weight=2172 90 2082 1677 405
internal_count=2172 90 2082 1677 405
is_linear=0
shrinkage=0.04


Tree=76
num_leaves=8
num_cat=0
split_feature=1 116 40 7 47 92 116
split_gain=0.978066 1.67788 1.48276 1.44479 0.947059 2.42449 1.48391
threshold=-0.31126624551138132 0.79085759111692211 -0.48144975808057561 0.48511979712077075 -0.25419392526935464 0.7689951134723958 -0.69504021900031987
decision_type=2 2 2 2 2 2 2
left_child=1 2 -1 -3 5 -2 -6
right_child=4 3 -4 -5 6 -7 -8
leaf_value=4.8929398650885942e-05 -2.2045342642047344e-05 6.4076869145058876e-05 -0.00010917400050680763 0.0002992955082154208 0.00041011576955255098 0.00045259634415205417 -0.00014249142200072596
leaf_weight=114 443 65 451 80 54 80 885
leaf_count=114 443 65 451 80 54 80 885
internal_value=-0.000261271 0.000955055 -3.52743e-05 0.0047619 -0.00085246 0.000510475 -0.00161105
internal_weight=2172 710 565 145 1462 523 939
internal_count=2172 710 565 145 1462 523 939
is_linear=0
shrinkage=0.04


Tree=77
num_leaves=8
num_cat=0
split_feature=62 60 41 74 117 80 1
split_gain=1.08496 1.32542 1.97879 1.72414 0.925134 1.46579 0.833988
threshold=0.3081354791967551 -0.92309756979483804 -0.83940360918947199 -0.11502967266423537 -0.27705928962221965 -0.0023198341520990324 -0.45700858700720065
decision_type=2 2 2 2 2 2 2
left_child=1 2 -1 -3 5 -2 -6
right_child=4 3 -4 -5 6 -7 -8
leaf_value=-0.00017296233020626557 -8.1455247967212205e-05 3.6307534488048611e-05 0.00047193746199123511 -0.00012920953709122393 4.5398314653320599e-05 0.00018289640964094307 -0.00030077314272118611
leaf_weight=49 154 619 84 685 52 105 424
leaf_count=49 154 619 84 685 52 105 424
internal_value=-0.000353267 0.000286309 0.00405926 -0.000104136 -0.00160109 0.000321838 -0.00264435
internal_weight=2172 1437 133 1304 735 259 476
internal_count=2172 1437 133 1304 735 259 476
is_linear=0
shrinkage=0.04


Tree=78
num_leaves=6
num_cat=0
split_feature=59 4 14 42 7
split_gain=0.980478 1.17748 1.37085 1.072 0.135819
threshold=2.6137817397821377 0.82983249399908288 -0.65201112104466141 0.62618409446874146 -0.25609973149228588
decision_type=2 2 2 2 2
left_child=1 2 -1 -2 -3
right_child=3 4 -4 -5 -6
leaf_value=-0.00029993464600431132 -0.00011211353601333794 -0.0005398346584101092 9.1074083076102034e-06 0.00036743777216778942 -0.00025678058561050444
leaf_weight=345 62 48 1513 46 158
leaf_count=345 62 48 1513 46 158
internal_value=-0.000334868 -0.000530495 -0.000210754 0.00334545 -0.00338462
internal_weight=2172 2064 1858 108 206
internal_count=2172 2064 1858 108 206
is_linear=0
shrinkage=0.04


Tree=79
num_leaves=7
num_cat=0
split_feature=50 68 107 33 88 90
split_gain=1.08105 1.50844 1.34084 0.862562 1.18364 0.165922
threshold=-0.95103990103767788 -0.4613723407524713 0.3661371847518225 1.0650482086497612 0.51902795241747801 0.12411207051997111
decision_type=2 2 2 2 2 2
left_child=1 -1 -3 4 -2 -5
right_child=3 2 -4 5 -6 -7
leaf_value=0.00050362638103797707 5.6190235128253773e-06 -6.8916262887149646e-05 0.00020698855501536826 -0.00045705128414283197 -0.00015097008584395721 -0.00022816453862232685
leaf_weight=42 1313 149 61 134 433 40
leaf_count=42 1313 149 61 134 433 40
internal_value=-0.00027967 0.00217323 0.000754716 -0.000603539 -0.000334097 -0.00327273
internal_weight=2172 252 210 1920 1746 174
internal_count=2172 252 210 1920 1746 174
is_linear=0
shrinkage=0.04


Tree=80
num_leaves=7
num_cat=0
split_feature=4 73 40 80 74 44
split_gain=1.06734 1.59496 1.5096 1.35288 1.18763 1.2211
threshold=0.40344427513450287 0.4304912663541548 1.3357762359612302 2.9068463354810183 -1.0127141341500678 -2.5504522444934543
decision_type=2 2 2 2 2 2
left_child=1 2 -1 -3 -2 -6
right_child=4 3 -4 -5 5 -7
leaf_value=1.9918522563296194e-05 0.00080535241296957679 -0.00022755540813888461 0.00041116533706949245 0.00054083001761690854 2.0061557431970794e-05 -0.00022285371513772005
leaf_weight=938 47 495 79 42 43 528
leaf_count=938 47 495 79 42 43 528
internal_value=-0.000261271 0.0002982 0.00122865 -0.00146197 -0.00166452 -0.00217103
internal_weight=2172 1554 1017 537 618 571
internal_count=2172 1554 1017 537 618 571
is_linear=0
shrinkage=0.04


Tree=81
num_leaves=7
num_cat=0
split_feature=29 27 110 11 47 68
split_gain=1.01878 1.49635 1.2651 1.15195 0.537471 0.513025
threshold=0.70708039590085436 0.63188653052969446 1.6095084012989611 0.16693476514234243 -0.25419392526935464 -0.54340104907385101
decision_type=2 2 2 2 2 2
left_child=1 2 -1 -3 -2 -6
right_child=4 3 -4 -5 5 -7
leaf_value=-7.5590422493484738e-06 1.899751708516207e-05 1.0414387613877907e-05 0.00031480756330620556 0.0004242587540416284 7.7815260916331502e-06 -0.00036891100209485698
leaf_weight=1684 74 49 45 42 52 226
leaf_count=1684 74 49 45 42 52 226
internal_value=-0.000206073 0.00017563 -9.01223e-05 0.00511828 -0.00216949 -0.00297143
internal_weight=2172 1820 1729 91 352 278
internal_count=2172 1820 1729 91 352 278
is_linear=0
shrinkage=0.04


Tree=82
num_leaves=7
num_cat=0
split_feature=4 41 64 36 38 74
split_gain=1.0803 1.84308 1.65683 1.22741 0.974971 0.9019
threshold=0.41078482694900825 -0.021089641916736998 0.97927744751785506 -1.3309024050166995 1.4921071416507885 -1.0127141341500678
decision_type=2 2 2 2 2 2
left_child=1 3 -3 -1 5 -2
right_child=4 2 -4 -5 -6 -7
leaf_value=0.00011104742023116177 0.00078275681195024652 4.5427762926693484e-05 0.00035306487443431038 -6.8906390732124113e-05 3.9177967616927007e-05 -0.00021427932266646698
leaf_weight=59 44 539 48 917 54 511
leaf_count=59 44 539 48 917 54 511
internal_value=-0.000334868 0.000222363 0.00198981 -0.000842537 -0.00176105 -0.00226212
internal_weight=2172 1563 587 976 609 555
internal_count=2172 1563 587 976 609 555
is_linear=0
shrinkage=0.04


Tree=83
num_leaves=8
num_cat=0
split_feature=84 78 14 44 81 0 74
split_gain=0.923268 2.64984 2.03472 0.933616 0.917195 1.36831 1.08986
threshold=0.88044324244702199 -0.21819997683839013 0.24611634837242016 -0.13901902854339424 0.12385902933374104 -1.1421243239794558 -0.11502967266423537
decision_type=2 2 2 2 2 2 2
left_child=4 2 -2 -3 6 -6 -1
right_child=1 3 -4 -5 5 -7 -8
leaf_value=-1.6960066702382663e-06 0.00015602046849865105 6.6762862760958984e-05 0.00048100440440178397 -0.00019981969284245976 0.00024690529609940266 -6.5652950930317887e-06 -0.00035524452249759527
leaf_weight=483 95 107 40 151 63 678 555
leaf_count=483 95 107 40 151 63 678 555
internal_value=-0.000261271 0.00148861 0.0059854 -0.000892309 -0.000649075 0.000425302 -0.00141539
internal_weight=2172 393 135 258 1779 741 1038
internal_count=2172 393 135 258 1779 741 1038
is_linear=0
shrinkage=0.04


Tree=84
num_leaves=8
num_cat=0
split_feature=62 42 47 28 35 59 69
split_gain=1.0092 1.49689 2.49668 1.41263 0.792154 1.20726 0.505327
threshold=0.046828252156481565 0.32769764572734478 0.2910236316870361 -0.32996472307564378 0.0070765745719616815 0.10073470021688716 0.37956184816778149
decision_type=2 2 2 2 2 2 2
left_child=1 3 -3 -1 6 -6 -2
right_child=4 2 -4 -5 5 -7 -8
leaf_value=-0.0001736613165524674 -0.00017986465773754502 0.00020978721603065502 -0.0002386453834355961 2.4528581892774128e-05 -0.00011930957874834908 9.9553006349905126e-05 1.5778293358538654e-05
leaf_weight=297 399 191 126 526 349 219 65
leaf_count=297 399 191 126 526 349 219 65
internal_value=-0.000224472 0.000595446 0.00292163 -0.000305455 -0.00112959 -0.000126317 -0.00235193
internal_weight=2172 1140 317 823 1032 568 464
internal_count=2172 1140 317 823 1032 568 464
is_linear=0
shrinkage=0.04


Tree=85
num_leaves=8
num_cat=0
split_feature=63 70 35 62 40 80 90
split_gain=0.904308 1.30722 1.58566 1.25618 1.74586 0.864691 0.321853
threshold=-0.54811586847297056 0.18565732306290705 0.15198509326278081 0.3081354791967551 1.183675571821601 0.69649469380326312 -1.1218674568707123
decision_type=2 2 2 2 2 2 2
left_child=1 6 -3 4 -2 -5 -1
right_child=3 2 -4 5 -6 -7 -8
leaf_value=-1.3380398996913428e-05 3.9884026567212927e-06 0.00024160770030517078 -0.00020050007740267639 -0.0001647201794096598 0.00036435102920895953 2.5949233161381775e-05 -0.00030400361935965288
leaf_weight=40 934 40 186 444 134 111 283
leaf_count=40 934 40 186 444 134 111 283
internal_value=-0.000334868 -0.00173503 0.00059649 0.000140307 0.000942055 -0.00140036 -0.00336
internal_weight=2172 549 226 1623 1068 555 323
internal_count=2172 549 226 1623 1068 555 323
is_linear=0
shrinkage=0.04


Tree=86
num_leaves=8
num_cat=0
split_feature=74 17 99 116 36 47 26
split_gain=0.9875 1.58367 2.03135 1.20377 2.2543 1.10152 0.538675
threshold=-0.11502967266423537 0.090729131405334437 0.7241211202114004 0.79085759111692211 -0.033178215368297938 -0.25419392526935464 -1.0891200524187885
decision_type=2 2 2 2 2 2 2
left_child=1 2 -1 6 -5 -3 -2
right_child=3 5 -4 4 -6 -7 -8
leaf_value=0.00023563338236417969 0.00011240848634695695 6.2027146412508264e-05 -0.00019483499885131536 -5.7095284899908579e-06 0.0004450606545444842 -0.00015563702659622761 -0.00024167418372383423
leaf_weight=304 63 192 81 290 49 395 798
leaf_count=304 63 192 81 290 49 395 798
internal_value=-0.000298069 0.00064887 0.00263566 -0.00106489 0.000950146 -0.000658745 -0.00185863
internal_weight=2172 972 385 1200 339 587 861
internal_count=2172 972 385 1200 339 587 861
is_linear=0
shrinkage=0.04


Tree=87
num_leaves=7
num_cat=0
split_feature=41 30 8 116 36 116
split_gain=0.99851 1.92382 1.83813 1.42283 1.03806 0.77708
threshold=-0.27015737770776022 -0.038283083542311941 -0.71398545931581603 -0.13568186535696034 -1.3309024050166995 -0.60450850933473255
decision_type=2 2 2 2 2 2
left_child=4 2 -2 -3 -1 -6
right_child=1 3 -4 -5 5 -7
leaf_value=7.8425822594473083e-05 0.00046628637895686345 6.207775652480467e-05 2.4989676572226345e-05 -0.00014051394396847827 6.2211827543683595e-05 -0.00010723538022304323
leaf_weight=56 98 333 344 599 116 626
leaf_count=56 98 333 344 599 116 626
internal_value=-0.000316468 0.000337208 0.0025045 -0.000693791 -0.00144 -0.00183871
internal_weight=2172 1374 442 932 798 742
internal_count=2172 1374 442 932 798 742
is_linear=0
shrinkage=0.04


Tree=88
num_leaves=6
num_cat=0
split_feature=80 110 0 13 18
split_gain=0.889554 0.876573 1.20142 1.09132 0.777826
threshold=-0.91968614197916965 -0.0053167914126466195 -1.1242534482906292 -1.0339525552680855 0.035997518426198048
decision_type=2 2 2 2 2
left_child=4 3 -3 -2 -1
right_child=1 2 -4 -5 -6
leaf_value=-1.1692416683968614e-05 0.00036792729502784334 0.00030896909427003793 -1.6250381570739902e-06 -0.00016164237088940218 0.00021593314564766433
leaf_weight=44 46 86 997 953 46
leaf_count=44 46 86 997 953 46
internal_value=-0.000371666 -0.000541268 0.000247004 -0.00139461 0.00347826
internal_weight=2172 2082 1083 999 90
internal_count=2172 2082 1083 999 90
is_linear=0
shrinkage=0.04


Tree=89
num_leaves=7
num_cat=0
split_feature=62 14 37 58 70 56
split_gain=0.830107 1.28056 1.26773 0.688823 0.510584 0.302385
threshold=0.59470527903782255 -0.61533839135954183 1.0268719489485534 -0.71259523307367056 0.34677906991262303 -0.21431496643494086
decision_type=2 2 2 2 2 2
left_child=1 3 -3 -1 5 -2
right_child=4 2 -4 -5 -6 -7
leaf_value=2.1462952658697763e-05 -8.08744062908899e-05 2.7305668369832682e-06 0.0003019256816444151 -0.00028864964872238292 4.346044017890287e-05 -0.00028275258886122301
leaf_weight=40 187 1215 114 320 54 242
leaf_count=40 187 1215 114 320 54 242
internal_value=-0.000298069 0.000120638 0.000694214 -0.00198895 -0.0017567 -0.0022181
internal_weight=2172 1689 1329 360 483 429
internal_count=2172 1689 1329 360 483 429
is_linear=0
shrinkage=0.04


Tree=90
num_leaves=8
num_cat=0
split_feature=115 59 112 25 29 62 114
split_gain=1.00342 1.35918 1.62749 1.51966 0.809306 0.770986 0.464939
threshold=0.51075350852654922 0.090923012054531002 -1.4221627408697872 -0.024057737049906196 -0.62372582899029483 -0.87348727340072052 1.0922642995351219
decision_type=2 2 2 2 2 2 2
left_child=1 2 -1 -3 5 -2 -6
right_child=4 3 -4 -5 6 -7 -8
leaf_value=0.00068156170353281254 -0.00027250287029672064 1.9218408578864698e-06 -6.0145363817419267e-05 0.00026050977801339825 -0.00033943704140768229 0.00011391682140669217 4.2617193852864154e-06
leaf_weight=48 56 363 1023 195 307 117 63
leaf_count=48 56 363 1023 195 307 117 63
internal_value=-0.000150875 0.000345799 -0.000488351 0.00194286 -0.0016367 0.000617142 -0.00268817
internal_weight=2172 1629 1071 558 543 173 370
internal_count=2172 1629 1071 558 543 173 370
is_linear=0
shrinkage=0.04


Tree=91
num_leaves=8
num_cat=0
split_feature=115 39 38 14 42 118 78
split_gain=0.814555 1.11879 1.35629 1.18714 0.657881 1.04832 0.547161
threshold=0.51075350852654922 1.6046085862876989 2.5033486818068451 -0.65201112104466141 0.59515133316515201 0.82049805194325753 0.27639763256088995
decision_type=2 2 2 2 2 2 2
left_child=1 3 -3 -1 6 -6 -2
right_child=4 2 -4 -5 5 -7 -8
leaf_value=-0.00028887882424443167 -0.00028210371744196968 0.00034029727376669929 -0.00021037594824958788 4.60453726381136e-06 -0.00029657435034519944 0.00057967986793607451 -2.4872029298456336e-05
leaf_weight=261 250 86 43 1239 42 44 207
leaf_count=261 250 86 43 1239 42 44 207
internal_value=-0.000298069 0.000149601 0.00369466 -0.000159788 -0.0016367 0.00154545 -0.00223965
internal_weight=2172 1629 129 1500 543 86 457
internal_count=2172 1629 129 1500 543 86 457
is_linear=0
shrinkage=0.04


Tree=92
num_leaves=8
num_cat=0
split_feature=88 87 64 2 114 63 57
split_gain=0.768935 1.12774 2.2698 0.907369 1.07409 0.802105 0.428329
threshold=0.49157942388408277 -0.57508036699099219 -0.60866099116232197 -0.7284436170518821 0.47365053961070153 -1.2489961672337015 0.50244490657507157
decision_type=2 2 2 2 2 2 2
left_child=1 5 -3 4 -2 -1 -5
right_child=3 2 -4 6 -6 -7 -8
leaf_value=0.00015733741564912936 0.00023981452516517473 -0.00021411157566205954 7.8944827098323799e-05 -0.00023449863533994364 -0.00019891180499304642 -0.00017989656693059326 5.0847454714747257e-08
leaf_weight=42 60 363 843 348 55 372 89
leaf_count=42 60 363 843 348 55 372 89
internal_value=-0.000316468 0.000123304 0.000741721 -0.00160289 0.00153846 -0.00167308 -0.0024328
internal_weight=2172 1620 1206 552 115 414 437
internal_count=2172 1620 1206 552 115 414 437
is_linear=0
shrinkage=0.04


Tree=93
num_leaves=6
num_cat=0
split_feature=84 61 30 80 117
split_gain=1.00245 2.14693 1.0287 0.919235 0.953916
threshold=0.88044324244702199 0.37515388263151822 0.22537798162497968 -0.91968614197916965 -0.18088882181017443
decision_type=2 2 2 2 2
left_child=3 2 -2 -1 -5
right_child=1 -3 -4 4 -6
leaf_value=0.00014509744905787439 2.9358376291957415e-05 0.00040043638754355031 -0.00014001249394180419 1.6335221264603801e-06 -0.00010488052159341875
leaf_weight=51 269 42 82 771 957
leaf_count=51 269 42 82 771 957
internal_value=-0.000334868 0.00148861 0.000441925 -0.000738912 -0.000897111
internal_weight=2172 393 351 1779 1728
internal_count=2172 393 351 1779 1728
is_linear=0
shrinkage=0.04


Tree=94
num_leaves=8
num_cat=0
split_feature=29 94 28 94 46 47 0
split_gain=0.973213 1.23223 1.36764 1.32692 0.50141 0.989497 0.0711681
threshold=0.69687536969080355 -0.20797628791120867 -0.41334785778005839 -0.9561627017724138 -0.16225833611772339 -0.10895005706669127 0.061752941393021461
decision_type=2 2 2 2 2 2 2
left_child=1 3 -3 -1 5 -2 -6
right_child=4 2 -4 -5 6 -7 -8
leaf_value=3.4231656907160319e-05 6.0279444167004964e-05 -0.00019744212901681653 6.2426095492811197e-05 -0.00023102963366141994 -0.00013339514330221888 -0.00021931609680272623 -0.00033703266380726417
leaf_weight=252 40 201 839 520 40 123 157
leaf_count=252 40 201 839 520 40 123 157
internal_value=-0.000316468 6.17411e-05 0.000959692 -0.00114729 -0.00220995 -0.000557577 -0.00355779
internal_weight=2172 1812 1040 772 360 163 197
internal_count=2172 1812 1040 772 360 163 197
is_linear=0
shrinkage=0.04


Tree=95
num_leaves=7
num_cat=0
split_feature=84 61 47 94 40 72
split_gain=0.992625 2.0949 1.41222 1.12219 1.62514 0.858549
threshold=0.88044324244702199 0.37515388263151822 0.80523500035043305 -0.090952619316013006 -0.49501230157162424 -0.858569630522379
decision_type=2 2 2 2 2 2
left_child=3 2 -2 5 -5 -1
right_child=1 -3 -4 4 -6 -7
leaf_value=2.8467473129671662e-05 -8.2113558799688265e-06 0.00039366011738826523 0.0001879361012338338 0.00046188356454791309 -3.8389995871993512e-06 -0.00017102761090738013
leaf_weight=117 310 42 41 82 875 705
leaf_count=117 310 42 41 82 875 705
internal_value=-0.000224472 0.00158987 0.00055524 -0.000626615 0.000304483 -0.00170874
internal_weight=2172 393 351 1779 957 822
internal_count=2172 393 351 1779 957 822
is_linear=0
shrinkage=0.04


Tree=96
num_leaves=7
num_cat=0
split_feature=9 74 63 90 38 38
split_gain=1.03156 1.72008 2.53455 1.05618 0.959791 0.409177
threshold=0.49290832798599765 -0.11502967266423537 0.74942017907828495 -0.96334111928425159 1.4921071416507885 -0.16456722194201537
decision_type=2 2 2 2 2 2
left_child=1 2 -1 -3 5 -2
right_child=4 3 -4 -5 -6 -7
leaf_value=5.1425307133031525e-06 -1.2667361027734957e-05 3.2323229539517123e-05 0.00033721699578888445 -7.0047557073674071e-05 5.444538414599933e-05 -0.00027438647726862241
leaf_weight=542 157 77 102 932 55 307
leaf_count=542 157 77 102 932 55 307
internal_value=-0.000206073 0.000282779 0.00189474 -0.000747775 -0.00175816 -0.00235193
internal_weight=2172 1653 644 1009 519 464
internal_count=2172 1653 644 1009 519 464
is_linear=0
shrinkage=0.04


Tree=97
num_leaves=7
num_cat=0
split_feature=41 4 63 79 38 67
split_gain=0.906728 1.42565 1.51346 1.03071 0.86827 0.61438
threshold=-0.27015737770776022 0.41078482694900825 0.85841146564728976 1.1734779247738067 1.4921071416507885 -0.048106255519551229
decision_type=2 2 2 2 2 2
left_child=3 2 -2 5 -3 -1
right_child=1 4 -4 -5 -6 -7
leaf_value=-0.00016969285795188465 1.8307737435433098e-05 -0.00013527528815816288 0.0002183143836032163 0.00027198306641044724 5.5747347453489591e-05 -1.1671917393530287e-06
leaf_weight=440 702 514 108 70 50 288
leaf_count=440 702 514 108 70 50 288
internal_value=-0.000169274 0.000453487 0.00152709 -0.00124 -0.00108834 -0.00168767
internal_weight=2172 1374 810 798 564 728
internal_count=2172 1374 810 798 564 728
is_linear=0
shrinkage=0.04


Tree=98
num_leaves=5
num_cat=0
split_feature=110 69 76 107
split_gain=0.875534 0.958644 1.38367 1.24714
threshold=1.6473139902641283 0.4334114650231064 0.0068928017065764723 1.07879290635327
decision_type=2 2 2 2
left_child=1 3 -3 -1
right_child=-2 2 -4 -5
leaf_value=-3.8864582205202017e-05 0.00027075165715341785 6.2402804034178409e-06 0.00022446134583935291 6.1753422337641506e-05
leaf_weight=1506 60 372 78 156
leaf_count=1506 60 372 78 156
internal_value=-0.000169274 -0.000306529 0.00132743 -0.000750001
internal_weight=2172 2112 450 1662
internal_count=2172 2112 450 1662
is_linear=0
shrinkage=0.04


Tree=99
num_leaves=7
num_cat=0
split_feature=88 41 82 86 84 27
split_gain=0.770574 1.10554 1.18443 0.897874 0.951032 0.756773
threshold=0.49157942388408277 0.6407224592850872 -0.37090446613022604 -0.81108499093508324 1.5836464048996788 0.63188653052969446
decision_type=2 2 2 2 2 2
left_child=1 2 -1 -2 -5 -3
right_child=3 5 -4 4 -6 -7
leaf_value=-5.0686859449261497e-05 0.00017710433663547468 -0.00032695149644662255 3.6800118298663522e-05 -0.00030483822090672427 6.116511111614785e-06 2.6090519121421696e-06
leaf_weight=305 54 153 1027 405 93 135
leaf_count=305 54 153 1027 405 93 135
internal_value=-0.000242871 0.000197286 0.000683657 -0.00153069 -0.002064 -0.00204138
internal_weight=2172 1620 1332 552 498 288
internal_count=2172 1620 1332 552 498 288
is_linear=0
shrinkage=0.04


Tree=100
num_leaves=7
num_cat=0
split_feature=53 39 74 113 57 13
split_gain=0.863611 1.47614 2.34526 1.19508 1.03626 0.76717
threshold=0.28571428571428575 -0.31704911590113044 -0.12251346563315188 -0.79242093474565101 -1.2562130273328995 -1.0223924672911922
decision_type=2 2 2 2 2 2
left_child=1 2 -1 -3 -2 -6
right_child=4 3 -4 -5 5 -7
leaf_value=0.00040956277078001645 0.00021680644993144819 2.5133146295938811e-05 -3.3955994448455403e-06 -5.4392062781072953e-05 0.00032471799630022334 -0.00012382389096484648
leaf_weight=136 60 170 155 820 57 774
leaf_count=136 60 170 155 820 57 774
internal_value=-0.000169274 0.000495712 0.00298976 -0.000241936 -0.0011243 -0.0014934
internal_weight=2172 1281 291 990 891 831
internal_count=2172 1281 291 990 891 831
is_linear=0
shrinkage=0.04


Tree=101
num_leaves=8
num_cat=0
split_feature=94 62 44 84 61 72 116
split_gain=0.799752 1.51145 1.15108 1.11826 1.52019 1.00381 0.803002
threshold=-0.090952619316013006 -0.022716519909699792 -2.3958568267773388 0.90651565899712805 0.32388460533135804 -0.858569630522379 1.0000000180025095e-35
decision_type=2 2 2 2 2 2 2
left_child=3 2 -2 5 -5 -1 -3
right_child=1 6 -4 4 -6 -7 -8
leaf_value=1.0691421849052863e-05 0.00032550783610133617 2.5848032142080532e-05 1.8951551004436649e-05 -7.1260294394686038e-06 0.00037760856801919758 -0.00016127997558473234 -0.00014258022661901504
leaf_weight=117 41 291 527 105 45 711 335
leaf_count=117 41 291 527 105 45 711 335
internal_value=-0.000206073 0.000488293 0.00197895 -0.00105306 0.00210526 -0.00162892 -0.000866243
internal_weight=2172 1194 568 978 150 828 626
internal_count=2172 1194 568 978 150 828 626
is_linear=0
shrinkage=0.04


Tree=102
num_leaves=6
num_cat=0
split_feature=33 88 33 76 66
split_gain=0.910108 1.12854 1.32177 1.25701 0.386748
threshold=1.0650482086497612 0.19709361136804071 -1.0787040270808685 0.84214795171852075 -0.095609986386475235
decision_type=2 2 2 2 2
left_child=1 3 -3 -1 -2
right_child=4 2 -4 -5 -6
leaf_value=3.4259676905044514e-05 1.561791560738537e-06 0.00014613840973048546 -6.1727168213025906e-05 -0.00019112163781726842 -0.00041380153128064832
leaf_weight=949 47 81 815 143 137
leaf_count=949 47 81 815 143 137
internal_value=-0.000206073 4.42202e-05 -0.00100668 0.000906763 -0.00288172
internal_weight=2172 1988 896 1092 184
internal_count=2172 1988 896 1092 184
is_linear=0
shrinkage=0.04


Tree=103
num_leaves=6
num_cat=0
split_feature=33 115 25 56 111
split_gain=0.828302 1.10078 0.983654 0.971318 0.414313
threshold=1.0650482086497612 -0.16191553305190123 0.59971520399790479 0.29792992960417986 -0.14561617014658554
decision_type=2 2 2 2 2
left_child=1 3 -3 -1 -2
right_child=4 2 -4 -5 -6
leaf_value=3.8409746333474667e-05 -1.8498303107538956e-06 -5.8131294196875489e-05 5.6672067745584481e-05 -1.6633202084646043e-05 -0.00039452696569064005
leaf_weight=521 58 1058 125 284 126
leaf_count=521 58 1058 125 284 126
internal_value=-0.000114076 0.000124622 -0.000651478 0.00126394 -0.00266667
internal_weight=2172 1988 1183 805 184
internal_count=2172 1988 1183 805 184
is_linear=0
shrinkage=0.04


Tree=104
num_leaves=8
num_cat=0
split_feature=94 94 112 62 108 45 64
split_gain=0.862743 1.43902 2.03568 1.31508 1.24231 1.13653 0.85303
threshold=-0.090952619316013006 -0.9561627017724138 -0.22989777062552888 -0.022716519909699792 -0.64098704526947581 -1.4230367242447894 0.45906977251606712
decision_type=2 2 2 2 2 2 2
left_child=1 2 -1 5 -3 -2 -5
right_child=3 4 -4 6 -6 -7 -8
leaf_value=0.00042893275116248999 0.00027801975203127748 0.00016976800280155621 -1.6350717575841598e-06 -9.0853325082857327e-05 -0.00025440645927767973 1.9484590961443462e-05 3.9889835515679968e-05
leaf_weight=60 60 87 243 533 588 508 93
leaf_count=60 60 87 243 533 588 508 93
internal_value=-0.000132476 -0.00101225 0.00127213 0.000588628 -0.00203841 0.00197895 -0.00067516
internal_weight=2172 978 303 1194 675 568 626
internal_count=2172 978 303 1194 675 568 626
is_linear=0
shrinkage=0.04


Tree=105
num_leaves=6
num_cat=0
split_feature=9 38 40 89 61
split_gain=0.860598 0.903259 1.38565 0.946864 0.772114
threshold=-1.3784429658854689 -0.77433115031091215 -0.18529290362034725 -1.597659556454625 -0.80075988663606534
decision_type=2 2 2 2 2
left_child=4 2 -2 -3 -1
right_child=1 3 -4 -5 -6
leaf_value=0.00016652067058935981 0.00025506080190973701 1.6034643594083483e-05 -6.4288298644193703e-05 -1.9027470763878488e-05 -7.826686824065419e-05
leaf_weight=40 127 85 89 1790 41
leaf_count=40 127 85 89 1790 41
internal_value=-0.000187673 -0.000345916 0.00209174 -0.000628664 0.00380723
internal_weight=2172 2091 216 1875 81
internal_count=2172 2091 216 1875 81
is_linear=0
shrinkage=0.04


Tree=106
num_leaves=6
num_cat=0
split_feature=59 14 58 42 26
split_gain=0.922656 1.11556 1.10646 1.072 1.03565
threshold=2.6137817397821377 -0.65201112104466141 -0.73639916731176303 0.62618409446874146 0.88912708885189629
decision_type=2 2 2 2 2
left_child=1 2 -1 -2 -3
right_child=3 4 -4 -5 -6
leaf_value=8.2147339020592562e-05 -0.00014756260915894609 3.8260637513787533e-06 -0.00031949364528615227 0.00027133995823355159 -0.00027606306204247392
leaf_weight=41 62 1540 319 46 164
leaf_count=41 62 1540 319 46 164
internal_value=-0.000224472 -0.000414328 -0.00243094 0.00334545 1.4067e-05
internal_weight=2172 2064 360 108 1704
internal_count=2172 2064 360 108 1704
is_linear=0
shrinkage=0.04


Tree=107
num_leaves=7
num_cat=0
split_feature=80 64 94 64 60 25
split_gain=0.941135 1.64657 1.25806 0.982074 0.80371 0.799072
threshold=-0.83105727805053864 0.62175518453452583 -0.24685498812915849 -0.60866099116232197 -0.50487587828856284 -0.16216768044065957
decision_type=2 2 2 2 2 2
left_child=1 5 4 -4 -2 -1
right_child=2 -3 3 -5 -6 -7
leaf_value=3.3755162403373001e-05 4.2299967555659048e-06 0.00031894597891065512 -0.00014129198674898099 2.2518349396012665e-05 -0.00028674049257052946 -0.00012359624862391241
leaf_weight=49 174 40 364 914 567 64
leaf_count=49 174 40 364 914 567 64
internal_value=-0.000242871 0.00276129 -0.000473034 0.000287499 -0.00178197 0.000243477
internal_weight=2172 153 2019 1278 741 113
internal_count=2172 153 2019 1278 741 113
is_linear=0
shrinkage=0.04


Tree=108
num_leaves=8
num_cat=0
split_feature=88 4 41 109 60 109 33
split_gain=0.882792 1.11281 1.61191 0.935718 0.889498 0.66393 0.330428
threshold=0.49157942388408277 0.38080429398164606 -0.18727490272002853 -0.84939562140227054 -0.84467009374429114 0.25202416685726919 -1.0150254234482994
decision_type=2 2 2 2 2 2 2
left_child=1 2 -1 4 -2 -3 -5
right_child=3 5 -4 6 -6 -7 -8
leaf_value=-8.63479464527278e-06 0.00026346305641929634 -2.2924821598787584e-07 0.00016599731488677359 6.0288855434266968e-06 -6.8460770166153729e-06 -0.00017599186764763832 -0.00031140462969426411
leaf_weight=553 45 314 530 44 129 223 334
leaf_count=553 45 314 530 44 129 223 334
internal_value=-0.000224472 0.000246608 0.000984331 -0.00160289 0.000818181 -0.00123933 -0.00271579
internal_weight=2172 1620 1083 552 174 537 378
internal_count=2172 1620 1083 552 174 537 378
is_linear=0
shrinkage=0.04


Tree=109
num_leaves=7
num_cat=0
split_feature=88 87 63 59 108 81
split_gain=0.813538 1.15667 1.90788 0.741874 0.621333 0.599596
threshold=0.49157942388408277 -0.51868408589396242 -0.57578692446529967 0.20133974285515158 0.28851826143057618 0.61657596494305056
decision_type=2 2 2 2 2 2
left_child=1 3 -3 -1 5 -2
right_child=4 2 -4 -5 -6 -7
leaf_value=-0.00016058055800457498 -8.1500266498930145e-05 -0.00018378755425064235 7.5416076795905231e-05 1.1897464218858935e-05 -0.00023772961430540266 0.00016730761974828403
leaf_weight=354 360 350 793 123 135 57
leaf_count=354 360 350 793 123 135 57
internal_value=-0.00027967 0.000172625 0.000862881 -0.00147808 -0.00160289 -0.00083055
internal_weight=2172 1620 1143 477 552 417
internal_count=2172 1620 1143 477 552 417
is_linear=0
shrinkage=0.04


Tree=110
num_leaves=7
num_cat=0
split_feature=0 72 71 13 104 4
split_gain=0.882548 0.966961 0.873457 1.05159 0.77574 0.231133
threshold=-1.2444676427018189 1.166467873067534 0.28113015935836611 0.4481848072659535 -1.2383179731132037 -0.68443438054713235
decision_type=2 2 2 2 2 2
left_child=2 4 -1 -4 -2 -3
right_child=1 5 3 -5 -6 -7
leaf_value=-2.1093309559307813e-05 8.1856596737345298e-05 -4.7482179135215969e-05 -2.398169944552506e-07 0.00024233371750581633 -2.3633859433520752e-06 -0.00041015691292210213
leaf_weight=72 43 69 43 47 1761 137
leaf_count=72 43 69 43 47 1761 137
internal_value=-0.000187673 -0.000417496 0.00263415 0.00521739 -0.000119602 -0.003
internal_weight=2172 2010 162 90 1804 206
internal_count=2172 2010 162 90 1804 206
is_linear=0
shrinkage=0.04


Tree=111
num_leaves=6
num_cat=0
split_feature=80 80 25 73 28
split_gain=0.822985 0.784764 1.87158 0.830312 0.755939
threshold=-0.91968614197916965 3.0295253595972729 0.053816824441971021 0.38223758101857797 -0.44016816847917878
decision_type=2 2 2 2 2
left_child=4 3 -3 -2 -1
right_child=1 2 -4 -5 -6
leaf_value=0.00020228762157359519 -1.1345923200910102e-07 -0.00020842768957121519 0.00071415209799237454 -0.00013207657621557462 -1.0591953992283952e-05
leaf_weight=41 1365 62 40 615 49
leaf_count=41 1365 62 40 615 49
internal_value=-0.000224472 -0.000387717 0.003 -0.000565087 0.00347826
internal_weight=2172 2082 102 1980 90
internal_count=2172 2082 102 1980 90
is_linear=0
shrinkage=0.04


Tree=112
num_leaves=8
num_cat=0
split_feature=94 2 8 94 108 116 63
split_gain=0.878676 1.3182 1.64277 1.21962 1.50925 1.26967 1.172
threshold=-0.090952619316013006 0.230463218312774 0.59076138422008173 -0.9561627017724138 -0.64098704526947581 -0.071334555089152499 0.78057416764679333
decision_type=2 2 2 2 2 2 2
left_child=3 2 -2 5 -5 -1 -3
right_child=1 6 -4 4 -6 -7 -8
leaf_value=0.00011255793961181152 0.00010468406139122716 -0.00013630796310702239 -0.00027096964975696018 0.00015996307957805885 -0.00024677437188313806 -2.9513931005268301e-06 0.00022698364245592184
leaf_weight=63 592 439 120 87 588 240 43
leaf_count=63 592 439 120 87 588 240 43
internal_value=-0.000206073 0.000521738 0.00161344 -0.00109388 -0.00203841 0.00100984 -0.00109091
internal_weight=2172 1194 712 978 675 303 482
internal_count=2172 1194 712 978 675 303 482
is_linear=0
shrinkage=0.04


Tree=113
num_leaves=5
num_cat=0
split_feature=116 115 24 29
split_gain=0.86568 0.76896 0.952084 0.7568
threshold=2.1790184836135476 0.40152262488422991 0.70964618997664874 -0.62372582899029483
decision_type=2 2 2 2
left_child=1 2 -1 -3
right_child=-2 3 -4 -5
leaf_value=9.1306209848245486e-06 0.00027203749123948045 1.1023171392944182e-05 -0.00020450476964615824 -0.00018754003032761977
leaf_weight=1201 48 193 290 440
leaf_count=1201 48 193 290 440
internal_value=-0.000242871 -0.000365006 0.000131278 -0.00153071
internal_weight=2172 2124 1491 633
internal_count=2172 2124 1491 633
is_linear=0
shrinkage=0.04


Tree=114
num_leaves=8
num_cat=0
split_feature=88 4 63 74 2 47 57
split_gain=0.838006 1.03495 1.44645 0.928115 0.75008 0.990176 0.459577
threshold=0.49157942388408277 0.40344427513450287 -0.32862212085096471 -1.0127141341500678 -0.55501274806093004 -0.17526855701856162 0.50244490657507157
decision_type=2 2 2 2 2 2 2
left_child=1 2 -1 -3 5 -2 -6
right_child=4 3 -4 -5 6 -7 -8
leaf_value=-1.7088245219635138e-05 -0.00047632793896831409 0.00070056373617325492 7.4182854417079245e-05 -9.8632968268310054e-05 -0.00017128404428995363 0.000126801271821164 2.7175154736105154e-06
leaf_weight=440 46 42 664 474 320 100 86
leaf_count=440 46 42 664 474 320 100 86
internal_value=-0.000187673 0.000271269 0.000962024 -0.00120463 -0.00153069 0.000918918 -0.00241177
internal_weight=2172 1620 1104 516 552 146 406
internal_count=2172 1620 1104 516 552 146 406
is_linear=0
shrinkage=0.04


Tree=115
num_leaves=6
num_cat=0
split_feature=5 115 42 84 0
split_gain=0.874184 0.791948 1.32924 1.08543 0.00219467
threshold=1.1163837109701549 0.46642653169754111 0.59515133316515201 1.0581363357486067 -0.060262304486569898
decision_type=2 2 2 2 2
left_child=1 3 -3 -1 -2
right_child=4 2 -4 -5 -6
leaf_value=2.2962022405999617e-07 -0.0002857627834537505 -0.00012162789256447652 9.8336675144876151e-05 8.5690570303787893e-05 -0.00035114557393564014
leaf_weight=1280 40 489 79 212 72
leaf_count=1280 40 489 79 212 72
internal_value=-0.000169274 1.93977e-05 -0.00124912 0.000503346 -0.00357895
internal_weight=2172 2060 568 1492 112
internal_count=2172 2060 568 1492 112
is_linear=0
shrinkage=0.04


Tree=116
num_leaves=7
num_cat=0
split_feature=35 88 35 60 2 59
split_gain=0.809696 0.832909 1.11797 0.865299 0.349238 0.15786
threshold=0.95543996131818543 0.49157942388408277 0.40398078291446299 -1.4797184039328857 -0.18526320813835473 0.59235423991034419
decision_type=2 2 2 2 2 2
left_child=1 2 -1 -3 -2 -6
right_child=4 3 -4 -5 5 -7
leaf_value=3.8479306942814456e-07 4.976116117245612e-06 0.00020778058638441633 0.00021868266027126888 -0.00010501475730661668 -0.00042963716025314541 -6.9649587458629207e-06
leaf_weight=1123 41 51 304 486 126 41
leaf_count=1123 41 51 304 486 126 41
internal_value=-7.72779e-05 0.000174974 0.000680195 -0.00116512 -0.0024381 -0.0032426
internal_weight=2172 1964 1427 537 208 167
internal_count=2172 1964 1427 537 208 167
is_linear=0
shrinkage=0.04


Tree=117
num_leaves=6
num_cat=0
split_feature=5 10 10 14 0
split_gain=0.77745 0.796997 1.8815 0.917026 0.00130686
threshold=1.125123328096284 1.8803675629287062 2.6057000013037093 -0.90407552992744888 -0.012085286594904165
decision_type=2 2 2 2 2
left_child=1 3 -3 -1 -2
right_child=4 2 -4 -5 -6
leaf_value=-0.00029513048036434233 -0.00025714678570547467 0.00024679552047551632 -0.00027802562301691859 2.3839460043731632e-07 -0.00034371644004877686
leaf_weight=184 40 54 41 1789 64
leaf_count=184 40 54 41 1789 64
internal_value=-0.000206073 -3.47836e-05 0.00350515 -0.000208609 -0.00354717
internal_weight=2172 2068 95 1973 104
internal_count=2172 2068 95 1973 104
is_linear=0
shrinkage=0.04


Tree=118
num_leaves=7
num_cat=0
split_feature=16 24 59 25 8 73
split_gain=0.765388 1.97778 2.45849 0.825155 0.652458 0.531653
threshold=0.6735474748579432 0.37997548993496527 0.51110808478849468 0.13233145950892897 1.0668549455018386 0.27530687605718906
decision_type=2 2 2 2 2 2
left_child=1 3 -3 -1 5 -2
right_child=4 2 -4 -5 -6 -7
leaf_value=2.3092395987706144e-08 -0.00024253736067178372 3.8675529564501034e-05 0.00068471104353117374 -0.00015758091130663532 1.2046412356393407e-05 5.3869992788700711e-05
leaf_weight=1180 268 259 65 276 69 55
leaf_count=1180 268 259 65 276 69 55
internal_value=-0.000150875 0.000202019 0.0030184 -0.000427984 -0.00174619 -0.00249846
internal_weight=2172 1780 324 1456 392 323
internal_count=2172 1780 324 1456 392 323
is_linear=0
shrinkage=0.04


Tree=119
num_leaves=6
num_cat=0
split_feature=36 97 84 39 0
split_gain=0.739784 0.780367 0.944077 0.143639 0.000281484
threshold=1.2242659702979521 -1.1076143309723174 0.94496222626888515 0.35414860699161582 0.035613807135443411
decision_type=2 2 2 2 2
left_child=1 3 -3 -1 -2
right_child=4 2 -4 -5 -6
leaf_value=-0.00036965468915087473 -0.00015523287391697743 -2.1017083782125322e-06 5.1844868742309048e-05 -4.7960682927739936e-06 -0.00038234278867627688
leaf_weight=85 40 1646 305 40 56
leaf_count=85 40 1646 305 40 56
internal_value=-0.000114076 4.61973e-05 0.000243727 -0.00299213 -0.00351021
internal_weight=2172 2076 1951 125 96
internal_count=2172 2076 1951 125 96
is_linear=0
shrinkage=0.04


end of trees

feature_importances:
Column_60=32
Column_116=29
Column_80=26
Column_59=23
Column_62=23
Column_74=23
Column_40=22
Column_94=22
Column_47=20
Column_63=17
Column_2=16
Column_0=15
Column_28=15
Column_29=14
Column_13=13
Column_36=12
Column_64=12
Column_86=12
Column_115=12
Column_35=11
Column_41=11
Column_88=11
Column_4=10
Column_25=10
Column_42=10
Column_50=10
Column_87=10
Column_14=9
Column_33=9
Column_70=9
Column_39=8
Column_84=8
Column_110=8
Column_117=8
Column_68=7
Column_1=6
Column_8=6
Column_9=6
Column_38=6
Column_61=6
Column_73=6
Column_107=6
Column_26=5
Column_37=5
Column_72=5
Column_81=5
Column_93=5
Column_104=5
Column_108=5
Column_112=5
Column_114=5
Column_5=4
Column_10=4
Column_20=4
Column_24=4
Column_69=4
Column_109=4
Column_18=3
Column_30=3
Column_31=3
Column_44=3
Column_45=3
Column_46=3
Column_56=3
Column_57=3
Column_65=3
Column_79=3
Column_90=3
Column_92=3
Column_6=2
Column_7=2
Column_12=2
Column_17=2
Column_27=2
Column_34=2
Column_49=2
Column_58=2
Column_75=2
Column_76=2
Column_77=2
Column_78=2
Column_102=2
Column_111=2
Column_3=1
Column_11=1
Column_15=1
Column_16=1
Column_22=1
Column_23=1
Column_32=1
Column_48=1
Column_53=1
Column_66=1
Column_67=1
Column_71=1
Column_82=1
Column_89=1
Column_91=1
Column_97=1
Column_98=1
Column_99=1
Column_100=1
Column_105=1
Column_113=1
Column_118=1

parameters:
[boosting: gbdt]
[objective: quantile]
[metric: quantile]
[tree_learner: serial]
[device_type: cpu]
[data_sample_strategy: bagging]
[data: ]
[valid: ]
[num_iterations: 120]
[learning_rate: 0.04]
[num_leaves: 15]
[num_threads: 2]
[seed: 42]
[deterministic: 0]
[force_col_wise: 0]
[force_row_wise: 0]
[histogram_pool_size: -1]
[max_depth: 3]
[min_data_in_leaf: 40]
[min_sum_hessian_in_leaf: 0.001]
[bagging_fraction: 0.85]
[pos_bagging_fraction: 1]
[neg_bagging_fraction: 1]
[bagging_freq: 0]
[bagging_seed: 400]
[bagging_by_query: 0]
[feature_fraction: 0.8]
[feature_fraction_bynode: 1]
[feature_fraction_seed: 30056]
[extra_trees: 0]
[extra_seed: 12879]
[early_stopping_round: 0]
[early_stopping_min_delta: 0]
[first_metric_only: 0]
[max_delta_step: 0]
[lambda_l1: 0]
[lambda_l2: 2]
[linear_lambda: 0]
[min_gain_to_split: 0]
[drop_rate: 0.1]
[max_drop: 50]
[skip_drop: 0.5]
[xgboost_dart_mode: 0]
[uniform_drop: 0]
[drop_seed: 17869]
[top_rate: 0.2]
[other_rate: 0.1]
[min_data_per_group: 100]
[max_cat_threshold: 32]
[cat_l2: 10]
[cat_smooth: 10]
[max_cat_to_onehot: 4]
[top_k: 20]
[monotone_constraints: ]
[monotone_constraints_method: basic]
[monotone_penalty: 0]
[feature_contri: ]
[forcedsplits_filename: ]
[refit_decay_rate: 0.9]
[cegb_tradeoff: 1]
[cegb_penalty_split: 0]
[cegb_penalty_feature_lazy: ]
[cegb_penalty_feature_coupled: ]
[path_smooth: 0]
[interaction_constraints: ]
[verbosity: -1]
[saved_feature_importance_type: 0]
[use_quantized_grad: 0]
[num_grad_quant_bins: 4]
[quant_train_renew_leaf: 0]
[stochastic_rounding: 1]
[linear_tree: 0]
[max_bin: 255]
[max_bin_by_feature: ]
[min_data_in_bin: 3]
[bin_construct_sample_cnt: 200000]
[data_random_seed: 175]
[is_enable_sparse: 1]
[enable_bundle: 1]
[use_missing: 1]
[zero_as_missing: 0]
[feature_pre_filter: 1]
[pre_partition: 0]
[two_round: 0]
[header: 0]
[label_column: ]
[weight_column: ]
[group_column: ]
[ignore_column: ]
[categorical_feature: ]
[forcedbins_filename: ]
[precise_float_parser: 0]
[parser_config_file: ]
[objective_seed: 16083]
[num_class: 1]
[is_unbalance: 0]
[scale_pos_weight: 1]
[sigmoid: 1]
[boost_from_average: 1]
[reg_sqrt: 0]
[alpha: 0.9]
[fair_c: 1]
[poisson_max_delta_step: 0.7]
[tweedie_variance_power: 1.5]
[lambdarank_truncation_level: 30]
[lambdarank_norm: 1]
[label_gain: ]
[lambdarank_position_bias_regularization: 0]
[eval_at: ]
[multi_error_top_k: 1]
[auc_mu_weights: ]
[num_machines: 1]
[local_listen_port: 12400]
[time_out: 120]
[machine_list_filename: ]
[machines: ]
[gpu_platform_id: -1]
[gpu_device_id: -1]
[gpu_device_id_list: ]
[gpu_use_dp: 0]
[num_gpu: 1]

end of parameters

pandas_categorical:null
