tree
version=v4
num_class=1
num_tree_per_iteration=1
label_index=0
max_feature_idx=109
objective=binary sigmoid:1
feature_names=Column_0 Column_1 Column_2 Column_3 Column_4 Column_5 Column_6 Column_7 Column_8 Column_9 Column_10 Column_11 Column_12 Column_13 Column_14 Column_15 Column_16 Column_17 Column_18 Column_19 Column_20 Column_21 Column_22 Column_23 Column_24 Column_25 Column_26 Column_27 Column_28 Column_29 Column_30 Column_31 Column_32 Column_33 Column_34 Column_35 Column_36 Column_37 Column_38 Column_39 Column_40 Column_41 Column_42 Column_43 Column_44 Column_45 Column_46 Column_47 Column_48 Column_49 Column_50 Column_51 Column_52 Column_53 Column_54 Column_55 Column_56 Column_57 Column_58 Column_59 Column_60 Column_61 Column_62 Column_63 Column_64 Column_65 Column_66 Column_67 Column_68 Column_69 Column_70 Column_71 Column_72 Column_73 Column_74 Column_75 Column_76 Column_77 Column_78 Column_79 Column_80 Column_81 Column_82 Column_83 Column_84 Column_85 Column_86 Column_87 Column_88 Column_89 Column_90 Column_91 Column_92 Column_93 Column_94 Column_95 Column_96 Column_97 Column_98 Column_99 Column_100 Column_101 Column_102 Column_103 Column_104 Column_105 Column_106 Column_107 Column_108 Column_109
feature_infos=[-6.1427221678102573:6.6056146947988958] [-5.6588898773397318:5.5049293129973424] [-4.9185261326559635:4.2155394685244012] [-4.3163746392045281:3.8156594008292752] [-3.5775480003962428:2.1307348364953373] [-2.5837086314899:2.367247507995184] [-4.1930843128921991:3.9486492608024957] [-1.3721216341316511:6.6419827400596176] [-1.6713528762067218:1.6192738917666376] [-3.5397200181011272:2.1721119263439204] [-1.4973752710267278:5.2720994183115391] [-2.5083177550691653:2.1687468274073294] [-2.5482352739260454:2.4476270975196819] [-1.4717992431037379:3.9473779070794217] [-2.8885310515877212:2.6500656779366447] [-1.5558889819281922:1.604450724625236] [-1.7441037805937885:1.7767960792346247] [-0.94426986624417109:0.7654686834703045] [-0.99339928808574429:0.7730453353989778] [-0.94426986624417064:0.76546868347030439] [-2.2068239484590539:1.6466595419334698] [-3.9900062790695645:4.1050664709172882] [-3.2372370683038714:2.2701835456308443] [-2.3289149942924232:2.6009095797745512] [-2.1320274652016131:1.5669542152740585] [-2.1445925848929139:1.5505365862332776] [-3.3404026470751607:2.0090334263582545] [-1.779954911606566:1.4173610761854201] [-1.1869870221439518:3.6387429678648293] [-3.6600108860737728:4.224768253299704] [-3.6471244742421129:4.4518426763701209] [-3.0067149909925046:3.2100840293526463] [-3.1583417905361273:3.4193385914993399] [-1.9492263552195592:2.0686694949434039] [-2.1731296195260517:2.2066666799561037] [-1.7666214434960532:1.7169765609642276] [-1.768714847096222:1.7993982257263306] [-1.6140531498861579:3.8885270560870278] [-1.490335075548715:5.0771019919428255] [-1.4689669232399232:3.8230414680830802] [-1.2766416367317586:3.3873512591464645] [-1.6628586089931221:1.4520817685851775] [-1.9821593840497422:1.7310245140609002] [-1.8650465317821416:14.11103346126731] [-184.01023859052989:164.28559813439054] [-400.46063846167749:132.27688888665875] [-328.24670760910362:77.033199579686539] [-1.379710288870958:2.801593073569145] [-1.9163762477293003:1.9744078137079255] [-1.1911457577615914:9.0088830924523222] [-4.9195856915837259:4.4767811560056776] [-8.9278632493842576:6.6436896048358873] [-1:1] [-1.2:1] [0:1] [0:1] [-3.0628163986472376:4.0186019197841816] [-3.4188491581658123:2.2567637243078482] [-2.4064160399854142:1.634532718026656] [-0.92414800665838237:2.2156031150881543] [-2.1140955274320286:1.237865667669475] [-1.4155794657391554:0.33430401518229486] [-4.4851728828272917:7.8022506917707215] [-4.229988596835871:5.8381201982513948] [-2.422015692589746:4.2116958003748284] [-1.2747168346159121:4.7956737334654589] [-1.1697732307760991:7.9179212029776753] [-1.2609612373441965:2.3552454402948775] [-6.5304929783308836:6.7008864541113811] [-4.5856555246865289:3.5640022684412997] [-3.3655303466393298:3.7599283301348287] [-1.2040346916454407:3.587245598685461] [-1.8092522501184274:4.4610051698581801] [-0.76349484582925631:2.1122343951443932] [-11.4203069994579:11.191218827683667] [-6.1188262802488111:5.3358729266384044] [-3.7391390698138078:4.0682208666476694] [-0.96496672661648919:3.0322391841154586] [-2.1867324154441663:4.2068778713766681] [-1.3490054817671095:0.67975362691295738] [-3.9860604390851861:2.990072460894738] [-3.5064757495857841:3.0568840944901061] [-2.5974779577167721:1.7371570044895768] [-1.2960821470630175:3.0717148367828151] [-2.0464870156002237:1.8372871653755787] [-1.4360197288112739:0.45501099417848068] [-5.401951380428323:2.7165611185885767] [-4.1807927927800081:3.5771727708166443] [-1.9393237443565463:2.9082841776384263] [-1.4063457453639687:4.2211919948119876] [-1.7268120360859258:4.5824053471675628] [-1.5251718362770024:1.2720114224743742] [-4.3633503459699181:2.518426427552428] [-3.8184904440819789:3.5507502923508132] [-1.9625163522833811:2.6552532894904615] [-1.4481657256736999:3.9757683189496085] [-1.6117731862755256:3.9865384310525331] [-1.5522005907140148:1.2106239453651133] [-3.3702074084563836:3.6591240521871762] [-2.2511581132184109:2.7177692831382654] [-1.9575022136405407:2.0610229732782201] [-1.4675098830989211:1.9466201529428218] [-1.4515275848794758:1.9671165261289174] [-2.2766483466736775:0.61880436150205964] [-3.0989466460451309:3.291335607348767] [-2.7569063286027866:3.555139379127199] [-1.6869087446190607:2.4471717082702771] [-0.83421355684730469:2.8854097863992214] [-1.4604133192200996:2.3675688995205739] [-1.4182579237263779:0.97596059063996687]
tree_sizes=777 785 786 784 785 786 993 996 994 888 891 886 785 789 891 783 782 999 891 687 895 681 890 788 891 688 890 686 887 788 994 893 788 997 788 785 1001 991 780 1003 784 893 997 792 999 885 894 688 894 894 1001 787 891 997 687 891 892 787 579 785 1002 786 784 895 888 680 684 683 999 684 891 683 790 997 890 685 792 686 786 791 883 683 890 685 787 790 678 791 688 996 685 902 686 784 790 894 679 683 894 999 893 891 686 684 996 789 683 894 788 893 899 689 786 789 790 680 1002 895 1006 794

Tree=0
num_leaves=6
num_cat=0
split_feature=78 59 90 105 103
split_gain=125.133 86.7637 96.372 42.4833 8.55248
threshold=1.8177039352242506 0.14213120887654787 0.81865584254347834 -1.1920476244620681 -1.0399028124434933
decision_type=2 2 2 2 2
left_child=1 2 -1 -3 -2
right_child=4 3 -4 -5 -6
leaf_value=0.051991456871774686 0.10821837320142727 0.060926665799813179 -0.014870599650110741 0.0034129488351677811 0.060530222903425995
leaf_weight=272.16113895177841 34.488739371299744 21.742900907993317 37.487760186195374 176.94222807884216 10.496572852134703
leaf_count=1089 138 87 150 708 42
internal_value=0.0361376 0.0303866 0.0436214 0.00989122 0.0986031
internal_weight=553.319 508.334 309.649 198.685 44.9853
internal_count=2214 2034 1239 795 180
is_linear=0
shrinkage=1


Tree=1
num_leaves=6
num_cat=0
split_feature=78 90 59 36 103
split_gain=116.151 80.3289 98.9247 47.6761 7.91568
threshold=1.8177039352242506 0.31636945446455023 0.16100219681984998 -0.63145941292177155 -1.0399028124434933
decision_type=2 2 2 2 2
left_child=1 2 -1 -3 -2
right_child=4 3 -4 -5 -6
leaf_value=0.023610812244247589 0.069529139799146669 0.0087698426614673235 -0.021778572684244289 -0.037876058502017175 0.023584940833921136
leaf_weight=201.616051197052 34.399186939001083 45.736521527171135 121.4864706248045 139.45429097115993 10.490388214588164
leaf_count=807 138 183 486 558 42
internal_value=8.07173e-06 -0.00552801 0.00651543 -0.0263853 0.0602562
internal_weight=553.183 508.293 323.103 185.191 44.8896
internal_count=2214 2034 1293 741 180
is_linear=0
shrinkage=0.04


Tree=2
num_leaves=6
num_cat=0
split_feature=78 59 36 66 53
split_gain=108.231 80.0293 84.4511 42.325 13.7922
threshold=1.6292867969030482 0.14213120887654787 0.23124228036852584 0.82734190304559474 -1.0000000180025095e-35
decision_type=2 2 2 2 2
left_child=1 2 -1 -3 -2
right_child=4 3 -4 -5 -6
leaf_value=0.026248130687312524 0.0149385172115354 -0.035074568973991561 -0.015412542289810011 0.010394434631326136 0.067039457308391212
leaf_weight=166.56073874235153 11.982781007885931 153.72512605786324 142.86745227873325 40.491350933909416 37.225927904248238
leaf_count=667 48 615 572 162 150
internal_value=1.78018e-05 -0.00559422 0.00703735 -0.0255856 0.0554313
internal_weight=552.853 503.645 309.428 194.216 49.2087
internal_count=2214 2016 1239 777 198
is_linear=0
shrinkage=0.04


Tree=3
num_leaves=6
num_cat=0
split_feature=78 90 59 71 53
split_gain=100.67 75.6512 86.2753 24.2534 12.9274
threshold=1.6292867969030482 0.74810171449245755 0.16100219681984998 0.98563391737269279 -1.0000000180025095e-35
decision_type=2 2 2 2 2
left_child=1 2 -1 -3 -2
right_child=4 3 -4 -5 -6
leaf_value=0.01504749689610208 0.014433251069143527 -0.048311518146894994 -0.023097957561054951 0.0047909845100288255 0.06491424290894629
leaf_weight=271.84494218230247 11.976315274834631 71.954729199409485 143.16476382315159 16.489179730415344 36.977211803197861
leaf_count=1089 48 288 573 66 150
internal_value=2.75742e-05 -0.0053746 0.0018409 -0.0385243 0.0536155
internal_weight=552.407 503.454 415.01 88.4439 48.9535
internal_count=2214 2016 1662 354 198
is_linear=0
shrinkage=0.04


Tree=4
num_leaves=6
num_cat=0
split_feature=78 90 59 35 103
split_gain=93.8729 70.9345 79.2021 48.4853 6.51915
threshold=1.8177039352242506 0.33631862903092741 0.091605442504533285 -0.93640348828993392 -1.0399028124434933
decision_type=2 2 2 2 2
left_child=1 2 -1 -3 -2
right_child=4 3 -4 -5 -6
leaf_value=0.023175208910675957 0.063218341378825024 0.032089856620264368 -0.016163490666779672 -0.032418350478791151 0.021381142080667354
leaf_weight=186.27153959870338 33.685782104730606 19.471085131168365 143.06802119314671 158.78813856840134 10.45371177792549
leaf_count=747 138 78 573 636 42
internal_value=3.10887e-05 -0.00491574 0.00609172 -0.0250943 0.0546662
internal_weight=551.738 507.599 329.34 178.259 44.1395
internal_count=2214 2034 1320 714 180
is_linear=0
shrinkage=0.04


Tree=5
num_leaves=6
num_cat=0
split_feature=78 90 59 105 53
split_gain=87.8418 66.1205 75.39 23.2984 11.6241
threshold=1.6292867969030482 0.74810171449245755 0.16100219681984998 -0.44930566557472745 -1.0000000180025095e-35
decision_type=2 2 2 2 2
left_child=1 2 -1 -3 -2
right_child=4 3 -4 -5 -6
leaf_value=0.014122841146792407 0.013412134463443706 0.017294085189098342 -0.021558132465962034 -0.043451352086996575 0.061344060880015032
leaf_weight=271.46336609125137 11.954981893301008 10.478528529405592 142.98613426089287 77.736008644104004 36.300588101148605
leaf_count=1089 48 42 573 312 150
internal_value=4.39421e-05 -0.00497833 0.0017684 -0.0360123 0.0504756
internal_weight=550.92 502.664 414.45 88.2145 48.2556
internal_count=2214 2016 1662 354 198
is_linear=0
shrinkage=0.04


Tree=6
num_leaves=8
num_cat=0
split_feature=90 73 25 35 101 53 103
split_gain=72.0925 71.7305 52.9049 45.6826 41.4005 18.8799 11.1935
threshold=0.31636945446455023 0.3127075823978463 0.41504628323882381 -0.93640348828993392 0.22708170867258612 -0.29999999999999999 0.22517119929616966
decision_type=2 2 2 2 2 2 2
left_child=1 2 -1 6 -5 -3 -2
right_child=3 5 -4 4 -6 -7 -8
leaf_value=0.012048532601993654 0.005665605628811494 0.019251525029680895 -0.026682837510385971 -0.038362480238654108 0.0047507457807982106 0.056763754455725429 0.059335106710688555
leaf_weight=180.18475921452045 13.945391669869425 41.100972637534142 79.746521413326263 124.96714602410793 48.977654471993446 51.067380040884018 9.9541710168123227
leaf_count=727 56 165 320 502 197 207 40
internal_value=4.8814e-05 0.0108893 5.27996e-05 -0.0191597 -0.0263071 0.0407999 0.0308747
internal_weight=549.944 352.1 259.931 197.844 173.945 92.1684 23.8996
internal_count=2214 1419 1047 795 699 372 96
is_linear=0
shrinkage=0.04


Tree=7
num_leaves=8
num_cat=0
split_feature=90 73 25 35 101 53 73
split_gain=66.5516 66.6418 48.863 42.5074 38.3325 17.8602 10.4874
threshold=0.31636945446455023 0.3127075823978463 0.41504628323882381 -0.93640348828993392 0.22708170867258612 -1.0000000180025095e-35 1.0766299674155777
decision_type=2 2 2 2 2 2 2
left_child=1 2 -1 6 -5 -3 -2
right_child=3 5 -4 4 -6 -7 -8
leaf_value=0.011578617757222602 0.0011221194059939299 0.021619445722256804 -0.025652384664695171 -0.036929085114088725 0.0045682812442244128 0.058032743180208207 0.052613343169025668
leaf_weight=180.08089233934879 11.447856515645983 49.266511261463165 79.71287314593792 124.70772030949593 48.976458132266998 42.568658635020256 12.403532788157461
leaf_count=727 46 198 320 502 197 174 50
internal_value=6.07673e-05 0.0104825 4.62769e-05 -0.0184098 -0.0253086 0.0393754 0.0298981
internal_weight=549.165 351.629 259.794 197.536 173.684 91.8352 23.8514
internal_count=2214 1419 1047 795 699 372 96
is_linear=0
shrinkage=0.04


Tree=8
num_leaves=8
num_cat=0
split_feature=90 73 71 35 101 90 103
split_gain=61.4859 62.0028 46.9744 39.5306 35.5244 16.7137 10.1617
threshold=0.31636945446455023 0.3127075823978463 -0.82266657050578917 -0.93640348828993392 0.22708170867258612 -0.57006604644972414 0.22517119929616966
decision_type=2 2 2 2 2 2 2
left_child=1 2 -1 6 -5 -3 -2
right_child=3 5 -4 4 -6 -7 -8
leaf_value=0.048612630260789963 0.0050150785409645762 0.062060113691948672 -0.0058297129179468625 -0.035571090865401993 0.0043928648412750364 0.024753918191922755 0.056204719788931719
leaf_weight=26.421799272298813 13.931520089507105 29.945195928215981 233.20134910941124 124.3729427754879 48.974794894456863 61.475791692733765 9.8576342463493329
leaf_count=108 56 123 939 502 197 249 40
internal_value=7.1529e-05 0.0100959 4.0142e-05 -0.0177011 -0.024359 0.0380407 0.0289406
internal_weight=548.181 351.044 259.623 197.137 173.348 91.421 23.7892
internal_count=2214 1419 1047 795 699 372 96
is_linear=0
shrinkage=0.04


Tree=9
num_leaves=7
num_cat=0
split_feature=78 59 36 100 97 51
split_gain=75.5 59.5692 69.1122 34.016 18.0574 0.129782
threshold=1.5058517858688358 0.16100219681984998 0.23124228036852584 0.086133418220569524 0.52473234604889474 0.98572545079872231
decision_type=2 2 2 2 2 2
left_child=1 2 -1 -3 5 -2
right_child=4 3 -4 -5 -6 -7
leaf_value=0.023002616806537254 0.05990181102965874 -0.042122333947706966 -0.014417296328965155 -0.0071737910174495744 -0.0011378500406654779 0.03376210567191204
leaf_weight=167.98453180491924 32.654821962118149 80.439676985144615 145.65156425535679 99.173602253198624 11.162904158234594 10.055653542280195
leaf_count=679 138 324 587 399 45 42
internal_value=9.27593e-05 -0.00488036 0.00564369 -0.023117 0.0441701 0.0555331
internal_weight=547.123 493.249 313.636 179.613 53.8734 42.7105
internal_count=2214 1989 1266 723 225 180
is_linear=0
shrinkage=0.04


Tree=10
num_leaves=7
num_cat=0
split_feature=78 106 36 97 42 51
split_gain=70.6148 55.8398 56.5803 17.099 14.7355 0.136409
threshold=1.5058517858688358 0.69433877888119222 0.30877466361752987 0.52473234604889474 -0.27647950269764182 0.98572545079872231
decision_type=2 2 2 2 2 2
left_child=1 2 -1 5 -3 -2
right_child=3 4 -4 -5 -6 -7
leaf_value=0.012906050455553831 0.05841547332353831 -0.010204812225642406 -0.017117941847147305 -0.0010992102614962912 -0.048133551144575439 0.032811619672604153
leaf_weight=253.36484083533287 32.206197395920753 25.832148417830467 163.5273023545742 11.163391560316084 49.978825122117996 9.9922907501459104
leaf_count=1024 138 104 659 45 202 42
internal_value=9.76268e-05 -0.00469713 0.00110354 0.0429391 -0.035804 0.0541118
internal_weight=546.065 492.703 416.892 53.3619 75.811 42.1985
internal_count=2214 1989 1683 225 306 180
is_linear=0
shrinkage=0.04


Tree=11
num_leaves=7
num_cat=0
split_feature=97 36 72 25 72 88
split_gain=54.349 59.9941 54.919 45.8205 38.5079 11.4705
threshold=0.56597700023955033 0.2737534827801556 0.20560246970758153 0.5196217049651658 1.5177305047914074 0.18664137750256668
decision_type=2 2 2 2 2 2
left_child=1 3 -3 -1 5 -2
right_child=4 2 -4 -5 -6 -7
leaf_value=0.022563433612311053 -0.0022580226215610146 -0.029783106676550392 0.017041454126861064 -0.025414700394519051 0.03821309808777832 -0.045330364592270939
leaf_weight=253.92360885441303 11.910509839653967 109.9899825155735 60.788644641637802 34.688471779227257 10.383943289518355 63.399206191301346
leaf_count=1038 48 443 245 140 42 258
internal_value=9.85913e-05 0.00558461 -0.0131116 0.0166617 -0.0287678 -0.038753
internal_weight=545.084 459.391 170.779 288.612 85.6937 75.3097
internal_count=2214 1866 688 1178 348 306
is_linear=0
shrinkage=0.04


Tree=12
num_leaves=6
num_cat=0
split_feature=78 59 96 100 59
split_gain=64.494 52.168 60.962 30.7002 15.3367
threshold=1.5058517858688358 0.16100219681984998 -0.52696174349058922 0.086133418220569524 1.250403271260865
decision_type=2 2 2 2 2
left_child=1 2 -1 -3 -2
right_child=4 3 -4 -5 -6
leaf_value=0.046019743748814776 0.055359132574176989 -0.039719596467005985 -0.0022267385886812377 -0.0064445632093161898 0.008061460805794448
leaf_weight=47.742011532187462 36.067139804363251 79.85573211312294 264.90404018759727 98.91385044157505 16.488371655344963
leaf_count=195 156 324 1071 399 69
internal_value=9.07995e-05 -0.00447256 0.00538634 -0.0215834 0.0413598
internal_weight=543.971 491.416 312.646 178.77 52.5555
internal_count=2214 1989 1266 723 225
is_linear=0
shrinkage=0.04


Tree=13
num_leaves=6
num_cat=0
split_feature=78 70 37 88 103
split_gain=60.6003 48.0208 44.3858 21.4539 5.70551
threshold=1.8177039352242506 0.34066557529284741 -0.5502676783663073 -0.19039766043890755 -1.0399028124434933
decision_type=2 2 2 2 2
left_child=1 2 -1 -3 -2
right_child=4 3 -4 -5 -6
leaf_value=0.011509409579958918 0.054122436671327469 0.029912660200044142 -0.020613535483869763 0.00028270511427100483 0.015682161040065631
leaf_weight=92.570082202553749 30.725458294153214 73.826658606529236 254.59416680037975 80.801666736602783 10.190350934863089
leaf_count=376 138 300 1031 327 42
internal_value=9.74301e-05 -0.00378982 -0.0120312 0.0146307 0.0457256
internal_weight=542.708 501.793 347.164 154.628 40.9158
internal_count=2214 2034 1407 627 180
is_linear=0
shrinkage=0.04


Tree=14
num_leaves=7
num_cat=0
split_feature=78 59 96 66 97 103
split_gain=57.0304 47.7432 63.0033 41.0491 15.0512 0.389573
threshold=1.5058517858688358 0.091605442504533285 -0.25342061273322408 0.82734190304559474 0.52473234604889474 -1.4471197065569119
decision_type=2 2 2 2 2 2
left_child=1 2 -1 -3 5 -2
right_child=4 3 -4 -5 -6 -7
leaf_value=0.035102147472831947 0.054950960103079587 -0.028075783943195196 -0.0057046268610940433 0.016170950895525501 -0.0017545928842799101 0.030355676669801469
leaf_weight=83.574496895074844 29.744982153177258 160.33029490709305 205.44887971878052 40.869548872113228 11.1134065836668 10.562173977494242
leaf_count=342 135 651 831 165 45 45
internal_value=0.000108275 -0.00415234 0.00625527 -0.0190173 0.039362 0.0502456
internal_weight=541.644 490.223 289.023 201.2 51.4206 40.3072
internal_count=2214 1989 1173 816 225 180
is_linear=0
shrinkage=0.04


Tree=15
num_leaves=6
num_cat=0
split_feature=78 106 36 59 103
split_gain=53.5168 48.6248 51.0113 12.3465 5.31762
threshold=1.8177039352242506 0.69433877888119222 0.33050836492484303 1.0842151502724211 -1.0399028124434933
decision_type=2 2 2 2 2
left_child=1 2 -1 -3 -2
right_child=4 3 -4 -5 -6
leaf_value=0.012522808546224409 0.05198206045961748 -0.040777244720608813 -0.016061016067731092 -0.0025945686184615162 0.014761831604477402
leaf_weight=266.01311337947845 29.590483650565147 59.379189625382423 157.27503924071789 17.752846032381058 10.133492231369017
leaf_count=1082 138 243 637 72 42
internal_value=0.000120419 -0.00349502 0.00187675 -0.0322767 0.04365
internal_weight=540.144 500.42 423.288 77.132 39.724
internal_count=2214 2034 1719 315 180
is_linear=0
shrinkage=0.04


Tree=16
num_leaves=6
num_cat=0
split_feature=78 90 59 71 59
split_gain=50.349 44.9504 52.7813 18.5878 14.1274
threshold=1.5058517858688358 0.83254674318187816 0.19656308044733009 0.91982362061225209 1.250403271260865
decision_type=2 2 2 2 2
left_child=1 2 -1 -3 -2
right_child=4 3 -4 -5 -6
leaf_value=0.011418891086745615 0.051444910104819989 -0.04176822139169814 -0.018738806944735908 0.006493824367573251 0.0056499139913311911
leaf_weight=276.38979542255402 34.011736288666725 59.57929790019989 137.33468629419804 15.488167539238928 16.151544600725174
leaf_count=1122 156 246 558 63 69
internal_value=0.000119454 -0.00385205 0.00136614 -0.0319005 0.0374818
internal_weight=538.955 488.792 413.724 75.0675 50.1633
internal_count=2214 1989 1680 309 225
is_linear=0
shrinkage=0.04


Tree=17
num_leaves=8
num_cat=0
split_feature=90 73 53 36 103 101 53
split_gain=44.9313 48.8971 34.2171 33.861 41.9381 23.925 13.2241
threshold=0.31636945446455023 0.3127075823978463 1.0000000180025095e-35 -0.63145941292177155 0.31641584358512814 0.25966868657395187 -0.29999999999999999
decision_type=2 2 2 2 2 2 2
left_child=1 2 -1 4 -2 -5 -3
right_child=3 6 -4 5 -6 -7 -8
leaf_value=0.016322230363561216 -0.01315910654203999 0.016103979277406234 -0.012976414724727001 -0.034614446115782842 0.060965941197407253 0.0024584709727072012 0.048018006639710301
leaf_weight=111.28209865093231 34.009718745946884 40.682956889271736 143.94424782693386 105.78630456328392 16.606305673718452 37.215444713830948 47.875074371695518
leaf_count=459 140 165 588 435 68 152 207
internal_value=0.000117524 0.00878423 -0.00017423 -0.0152034 0.0125531 -0.0250656 0.0340364
internal_weight=537.402 343.784 255.226 193.618 50.616 143.002 88.558
internal_count=2214 1419 1047 795 208 587 372
is_linear=0
shrinkage=0.04


Tree=18
num_leaves=7
num_cat=0
split_feature=90 73 71 85 35 72
split_gain=41.9558 40.4719 35.5585 32.0188 31.671 22.4364
threshold=0.56928502958576399 0.089558658599797461 -0.82266657050578917 0.29994250481715151 -0.93640348828993392 1.2802405842164519
decision_type=2 2 2 2 2 2
left_child=1 2 -1 -3 -2 -6
right_child=4 3 -4 -5 5 -7
leaf_value=0.039618318842386355 0.031435700284813385 0.033454392856309481 -0.0088966640206048306 -0.0058177669191498936 -0.033155189189270282 0.018130427478295404
leaf_weight=25.127945482730865 15.554825454950331 112.62276843190193 220.78740824759007 46.023597463965416 101.4469848126173 14.42745481431484
leaf_count=108 64 468 900 195 420 59
internal_value=0.00012607 0.00651302 -0.00365972 0.0221309 -0.019337 -0.0265704
internal_weight=535.991 404.562 245.915 158.646 131.429 115.874
internal_count=2214 1671 1008 663 543 479
is_linear=0
shrinkage=0.04


Tree=19
num_leaves=5
num_cat=0
split_feature=78 108 37 73
split_gain=46.2035 38.7332 48.8232 46.0811
threshold=2.0803601529866427 -0.30840846677565198 -0.5095970627935329 -0.019553403886123397
decision_type=2 2 2 2
left_child=1 3 -3 -1
right_child=-2 2 -4 -5
leaf_value=-0.0041178536861803169 0.048049327763015973 0.017585697937562463 -0.019537390434867789 0.036324479079094023
leaf_weight=114.80268789827824 28.381003633141518 71.604745179414749 248.0045218616724 71.848625630140305
leaf_count=465 135 295 1019 300
internal_value=0.000132823 -0.00273188 -0.0111628 0.0116699
internal_weight=534.642 506.261 319.609 186.651
internal_count=2214 2079 1314 765
is_linear=0
shrinkage=0.04


Tree=20
num_leaves=7
num_cat=0
split_feature=78 72 36 94 97 51
split_gain=43.5431 39.1835 38.4812 24.7157 13.4642 0.925448
threshold=1.5058517858688358 0.37315322138668855 0.33050836492484303 -0.18609664342501511 0.52473234604889474 0.98572545079872231
decision_type=2 2 2 2 2 2
left_child=1 2 -1 -3 5 -2
right_child=4 3 -4 -5 -6 -7
leaf_value=-0.0010925820853025609 0.051109206915868864 0.033215376761046675 -0.029153494957315718 -0.00039155115810835786 -0.0031449224143057439 0.024943717916470459
leaf_weight=226.69068074226379 28.473941132426262 59.656560465693474 117.49771954119205 80.920320838689804 10.991913005709646 9.1017113327980024
leaf_count=929 138 249 481 330 45 42
internal_value=0.000140842 -0.00352975 -0.010785 0.0141361 0.0354686 0.0463522
internal_weight=533.333 484.765 344.188 140.577 48.5676 37.5757
internal_count=2214 1989 1410 579 225 180
is_linear=0
shrinkage=0.04


Tree=21
num_leaves=5
num_cat=0
split_feature=78 106 36 15
split_gain=41.4834 40.7043 44.5932 14.5464
threshold=2.0803601529866427 0.69433877888119222 0.23124228036852584 -0.89201181379939143
decision_type=2 2 2 2
left_child=1 2 -1 -3
right_child=-2 3 -4 -5
leaf_value=0.01359325014406992 0.046360424421891366 0.0084531411886011858 -0.01236353173005178 -0.036502126773976275
leaf_weight=242.14147193729877 27.375532776117325 13.136119320988653 185.06837196648121 64.204319328069687
leaf_count=1000 135 54 758 267
internal_value=0.000148076 -0.00253242 0.00234349 -0.028846
internal_weight=531.926 504.55 427.21 77.3404
internal_count=2214 2079 1758 321
is_linear=0
shrinkage=0.04


Tree=22
num_leaves=7
num_cat=0
split_feature=97 78 59 72 10 103
split_gain=39.4281 41.7958 40.554 29.6613 10.4459 1.94156
threshold=0.56597700023955033 1.3633457372488513 0.19656308044733009 1.5177305047914074 -0.076930213880722326 -1.0399028124434933
decision_type=2 2 2 2 2 2
left_child=1 2 -1 4 -2 -3
right_child=3 5 -4 -5 -6 -7
leaf_value=0.0096712989127014769 -0.014205230964977758 0.048947142120671513 -0.017133592509425959 0.034449097121580979 -0.046022830235514615 0.022297583327559996
leaf_weight=275.43285040557384 29.899182036519051 28.746203735470772 131.89673081040382 10.163204699754713 43.186884179711342 11.342210531234739
leaf_count=1131 124 147 540 42 182 48
internal_value=0.00014585 0.00487618 0.000950344 -0.024795 -0.0337315 0.042825
internal_weight=530.667 447.418 407.33 83.2493 73.0861 40.0884
internal_count=2214 1866 1671 348 306 195
is_linear=0
shrinkage=0.04


Tree=23
num_leaves=6
num_cat=0
split_feature=101 53 67 71 42
split_gain=39.4541 56.2538 41.5122 41.1716 28.8548
threshold=0.19329333759602985 0.70000000000000007 -0.99092579115081347 -0.84179048770830478 0.90394859421852136
decision_type=2 2 2 2 2
left_child=1 3 -2 -1 -4
right_child=2 -3 4 -5 -6
leaf_value=0.029502563547486371 -0.049518013798206251 0.052873920106796035 0.021914311977542615 -0.019319474726172976 -0.026275556671091937
leaf_weight=29.226587921380997 14.147494077682493 19.669748842716217 194.06731158494949 251.46472933888435 20.434054091572762
leaf_count=129 57 87 813 1044 84
internal_value=0.000146597 -0.00935893 0.0126063 -0.0140632 0.0171233
internal_weight=529.01 300.361 228.649 280.691 214.501
internal_count=2214 1260 954 1173 897
is_linear=0
shrinkage=0.04


Tree=24
num_leaves=7
num_cat=0
split_feature=101 53 61 42 101 71
split_gain=36.3109 52.7081 40.2621 28.1869 31.6728 9.67877
threshold=0.19329333759602985 0.70000000000000007 0.22772230035590835 0.90394859421852136 1.6350321375397125 -0.015460588619008394
decision_type=2 2 2 2 2 2
left_child=1 2 -1 4 -2 -5
right_child=3 -3 -4 5 -6 -7
leaf_value=-0.023829188007453303 0.020568935691202887 0.051712479167031006 0.0084844022064784058 -0.050660501396215425 -0.044788750961920983 0.00055673608175435291
leaf_weight=190.70829378068447 195.39253096282482 19.358285337686539 89.500654235482216 11.972752541303636 10.769616872072218 10.147939056158064
leaf_count=804 819 87 369 49 44 42
internal_value=0.000143157 -0.00899058 -0.013521 0.012103 0.0167572 -0.0290665
internal_weight=527.85 299.567 280.209 228.283 206.162 22.1207
internal_count=2214 1260 1173 954 863 91
is_linear=0
shrinkage=0.04


Tree=25
num_leaves=5
num_cat=0
split_feature=78 106 73 15
split_gain=35.8111 33.7299 36.0951 13.5612
threshold=2.0803601529866427 0.69433877888119222 0.067469744067502696 -0.89201181379939143
decision_type=2 2 2 2
left_child=1 2 -1 -3
right_child=-2 3 -4 -5
leaf_value=-0.0075498729458253703 0.044215645940738811 0.0094617961748208676 0.016062237265908157 -0.033951021985316646
leaf_weight=251.23133683204651 25.931840255856514 13.067005753517149 173.33348143100739 63.152115985751152
leaf_count=1029 135 54 729 267
internal_value=0.000132373 -0.00231717 0.00212016 -0.0264567
internal_weight=526.716 500.784 424.565 76.2191
internal_count=2214 2079 1758 321
is_linear=0
shrinkage=0.04


Tree=26
num_leaves=7
num_cat=0
split_feature=97 25 72 72 28 10
split_gain=34.5111 37.2857 35.2011 27.2554 22.7308 9.95961
threshold=0.56597700023955033 0.12789261909044505 0.3632163211896357 1.5177305047914074 -0.68734369162627529 -0.0065285840740009786
decision_type=2 2 2 2 2 2
left_child=1 4 -3 5 -1 -2
right_child=3 2 -4 -5 -6 -7
leaf_value=0.049964292088179145 -0.014075685493931683 -0.017188108775618719 0.019835402796966828 0.033603534751835439 0.010893826169191748 -0.044943815114539439
leaf_weight=25.270435899496078 32.005818739533424 156.2249319255352 53.654796555638313 10.071612536907194 208.12854827940464 40.12635150551796
leaf_count=105 134 647 224 42 890 172
internal_value=0.000132089 0.00457242 -0.00762533 -0.023352 0.0155126 -0.0319966
internal_weight=525.482 443.279 209.88 82.2038 233.399 72.1322
internal_count=2214 1866 871 348 995 306
is_linear=0
shrinkage=0.04


Tree=27
num_leaves=5
num_cat=0
split_feature=78 108 37 109
split_gain=33.4783 30.8896 41.9161 27.6988
threshold=2.0803601529866427 -0.30840846677565198 -0.5095970627935329 -1.0607046190472342
decision_type=2 2 2 2
left_child=1 3 -3 -1
right_child=-2 2 -4 -5
leaf_value=-0.030234931574193546 0.043270784916470524 0.016939843622416715 -0.017647881457161559 0.016414266667011602
leaf_weight=21.375962764024734 25.296341747045517 70.871852248907089 244.03406734764576 162.66696733236313
leaf_count=87 135 295 1019 678
internal_value=0.000132464 -0.00221864 -0.00980588 0.0107293
internal_weight=524.245 498.949 314.906 184.043
internal_count=2214 2079 1314 765
is_linear=0
shrinkage=0.04


Tree=28
num_leaves=7
num_cat=0
split_feature=78 70 84 35 59 61
split_gain=31.8901 30.7847 34.8734 16.701 14.0183 2.30087
threshold=1.5058517858688358 0.22520298979126765 0.43028727879169743 0.56445245679938194 1.5453843269904313 -0.90239298179262994
decision_type=2 2 2 2 2 2
left_child=1 2 -1 -3 5 -2
right_child=4 3 -4 -5 -6 -7
leaf_value=-0.0030866063309997137 0.04926602472526171 0.0040263998347181626 -0.034955983545389299 0.034322401729194811 -0.011799835699984442 0.021031840613591559
leaf_weight=241.19693374633789 25.057926133275028 132.01923674345016 69.321124255657196 35.603081122040749 8.720073923468588 11.149789214134218
leaf_count=1002 138 553 288 146 36 51
internal_value=0.000132546 -0.00294395 -0.0103794 0.0107901 0.031604 0.0421276
internal_weight=523.068 478.14 310.518 167.622 44.9278 36.2077
internal_count=2214 1989 1290 699 225 189
is_linear=0
shrinkage=0.04


Tree=29
num_leaves=6
num_cat=0
split_feature=101 53 28 67 42
split_gain=31.5171 46.5226 37.812 35.3224 23.4572
threshold=0.19329333759602985 0.70000000000000007 -0.70743469816550741 -0.99092579115081347 0.90394859421852136
decision_type=2 2 2 2 2
left_child=1 2 -1 -2 -5
right_child=3 -3 -4 4 -6
leaf_value=0.027543804758963196 -0.045981058431032278 0.049632136057350902 -0.017947441600585583 0.019907044881766017 -0.023809657004163595
leaf_weight=31.335567563772202 14.121849924325941 18.645540907979012 246.16275006532669 191.50419886410236 20.167567953467369
leaf_count=130 57 87 1043 813 84
internal_value=0.000137381 -0.00842216 -0.0126502 0.0113392 0.0155579
internal_weight=521.937 296.144 277.498 225.794 211.672
internal_count=2214 1260 1173 954 897
is_linear=0
shrinkage=0.04


Tree=30
num_leaves=8
num_cat=0
split_feature=36 72 14 28 101 101 40
split_gain=30.0956 43.2982 44.0995 38.3896 34.2899 26.3084 6.84831
threshold=0.28283236607985585 0.20560246970758153 1.3784996227736694 -0.71937386983379159 0.2049298852496719 -0.64876480039482931 -0.33622429475222876
decision_type=2 2 2 2 2 2 2
left_child=3 2 -2 6 -5 -3 -1
right_child=1 5 -4 4 -6 -7 -8
leaf_value=0.02085840841809402 -0.035512483784049545 -0.031281737051937861 0.043286733512191464 -0.0082401741064054984 0.018285627890640432 0.028408382914417014 0.065376754608029483
leaf_weight=11.523641541600229 104.6355889737606 13.856376349925993 11.017377153038977 184.98877640068531 131.81256692111492 46.039228245615959 16.917435869574547
leaf_count=49 436 57 45 796 570 191 70
internal_value=0.000134195 -0.0132624 -0.0273977 0.00698322 0.00284198 0.014035 0.0498945
internal_weight=520.791 175.549 115.653 345.242 316.801 59.8956 28.4411
internal_count=2214 729 481 1485 1366 248 119
is_linear=0
shrinkage=0.04


Tree=31
num_leaves=7
num_cat=0
split_feature=97 78 59 72 10 103
split_gain=29.6932 32.4817 33.1148 24.7777 9.51142 2.26316
threshold=0.56597700023955033 1.3633457372488513 0.091605442504533285 1.5177305047914074 -0.0065285840740009786 -1.0399028124434933
decision_type=2 2 2 2 2 2
left_child=1 2 -1 4 -2 -3
right_child=3 5 -4 -5 -6 -7
leaf_value=0.0098628422821161119 -0.012677899031128412 0.04587115711842002 -0.013661896308444338 0.032652562271949445 -0.04294658777058355 0.018727310399347493
leaf_weight=248.90755958855152 31.659658923745155 25.928848698735237 152.81946964561939 9.9726746976375562 39.28719300031662 11.006522595882414
leaf_count=1038 134 147 633 42 172 48
internal_value=0.00014437 0.00427593 0.000890538 -0.0218156 -0.0301573 0.0391599
internal_weight=519.582 438.662 401.727 80.9195 70.9469 36.9354
internal_count=2214 1866 1671 348 306 195
is_linear=0
shrinkage=0.04


Tree=32
num_leaves=6
num_cat=0
split_feature=101 67 59 28 11
split_gain=28.5096 24.7552 27.6116 20.0583 21.0538
threshold=-0.64876480039482931 -1.0275897583376066 0.091605442504533285 -0.70743469816550741 0.12000992521016941
decision_type=2 2 2 2 2
left_child=3 -2 -3 -1 -5
right_child=1 2 -4 4 -6
leaf_value=0.026664398987318854 -0.048604012114731775 0.016363138929217053 -0.0038555206827107654 -0.049284615679341601 -0.0038621961830457175
leaf_weight=10.033534854650496 11.859250202775 203.25110349059105 226.96523234248161 37.14381468296051 28.638201400637627
leaf_count=42 48 852 996 156 120
internal_value=0.000145233 0.00405822 0.00572809 -0.022189 -0.0302074
internal_weight=517.891 442.076 430.216 75.8156 65.782
internal_count=2214 1896 1848 318 276
is_linear=0
shrinkage=0.04


Tree=33
num_leaves=8
num_cat=0
split_feature=36 72 28 101 35 79 40
split_gain=28.0191 39.6169 35.0497 30.9509 30.5234 24.2941 6.53794
threshold=0.28283236607985585 0.15742277288740378 -0.71937386983379159 0.2049298852496719 0.45950519051208039 -0.26073782699842563 -0.33622429475222876
decision_type=2 2 2 2 2 2 2
left_child=2 5 6 -4 -3 -2 -1
right_child=1 4 3 -5 -6 -7 -8
leaf_value=0.01964015180738939 -0.0067220464110994303 -0.037870343425599494 -0.0077675516100250983 0.017524260250456569 0.025877187228515761 -0.044503514734318531 0.063079529383152172
leaf_weight=11.431186139583589 51.056285798549652 13.638502404093741 183.78129607439041 130.79413370788097 51.156512692570686 58.461980909109116 16.762218192219734
leaf_count=49 211 58 796 570 212 248 70
internal_value=0.000129543 -0.0128414 0.00676208 0.00279255 0.011727 -0.0273266 0.0479344
internal_weight=517.082 174.313 342.769 314.575 64.795 109.518 28.1934
internal_count=2214 729 1485 1366 270 459 119
is_linear=0
shrinkage=0.04


Tree=34
num_leaves=6
num_cat=0
split_feature=78 90 40 34 59
split_gain=27.6594 25.6713 30.4464 15.9424 0.197643
threshold=2.0803601529866427 0.33631862903092741 -0.27867225950421692 -0.28806725645353309 1.1209449408660959
decision_type=2 2 2 2 2
left_child=1 2 -1 -3 -2
right_child=4 3 -4 -5 -6
leaf_value=0.020677068662439287 0.045599281757664346 0.0026049999186541451 -0.0046921167074773359 -0.023005605297735911 0.021808310476705808
leaf_weight=118.10953830182552 16.481744900345806 58.164557814598083 203.16982915997505 113.11224113404751 6.9270321428775778
leaf_count=502 99 244 848 485 36
internal_value=0.000128912 -0.0019627 0.00470439 -0.0143787 0.0408299
internal_weight=515.965 492.556 321.279 171.277 23.4088
internal_count=2214 2079 1350 729 135
is_linear=0
shrinkage=0.04


Tree=35
num_leaves=6
num_cat=0
split_feature=78 94 84 89 59
split_gain=26.2652 25.2195 29.4838 20.8191 0.224549
threshold=2.0803601529866427 0.67760794851264339 0.26210899194625747 -0.19338259893767978 1.1209449408660959
decision_type=2 2 2 2 2
left_child=1 2 -1 -3 -2
right_child=4 3 -4 -5 -6
leaf_value=0.0099544378540908501 0.045033747791537466 -0.036646205437569766 -0.012860284368154085 0.0026098996702153343 0.021288743163083476
leaf_weight=270.00675095617771 16.05493384599686 52.284160017967224 133.96431003510952 35.50080494582653 6.8623814880847922
leaf_count=1134 99 231 564 150 36
internal_value=0.000134417 -0.00188818 0.00236257 -0.0210663 0.040203
internal_weight=514.673 491.756 403.971 87.785 22.9173
internal_count=2214 2079 1698 381 135
is_linear=0
shrinkage=0.04


Tree=36
num_leaves=8
num_cat=0
split_feature=101 61 33 40 45 11 28
split_gain=25.3994 45.1205 34.0465 40.1426 31.6188 23.9851 14.4743
threshold=-0.34152435171882639 0.22019025244416293 0.056734193938396189 -0.29295261749623042 -0.2066479680211816 0.041148159980410444 -0.70743469816550741
decision_type=2 2 2 2 2 2 2
left_child=1 6 3 -2 -4 -3 -1
right_child=2 5 4 -5 -6 -7 -8
leaf_value=0.0099246672083708604 0.050558657251605799 -0.015850534570716081 0.013491863425586963 0.0072683442196064896 -0.021239763578030705 0.029552323475841764 -0.040332232864801337
leaf_weight=9.7210924029350263 42.756079748272896 32.037042021751404 68.983526065945625 150.23950459063053 100.9975414276123 39.4941266477108 69.243511661887169
leaf_count=40 181 134 297 664 430 169 299
internal_value=0.000133962 -0.0135764 0.00586173 0.017279 -0.00715162 0.00933948 -0.0340529
internal_weight=513.472 150.496 362.977 192.996 169.981 71.5312 78.9646
internal_count=2214 642 1572 845 727 303 339
is_linear=0
shrinkage=0.04


Tree=37
num_leaves=8
num_cat=0
split_feature=36 72 14 28 95 101 47
split_gain=24.7288 40.0688 45.6447 35.5506 27.422 25.9337 3.45052
threshold=0.33050836492484303 0.20560246970758153 1.3784996227736694 -0.71937386983379159 -0.44254740885772081 0.19329333759602985 -0.49930271384419989
decision_type=2 2 2 2 2 2 2
left_child=3 2 -2 6 -3 -5 -1
right_child=1 4 -4 5 -6 -7 -8
leaf_value=0.059306886019063428 -0.035760433933571922 -0.01900938222479882 0.046030103030795626 -0.0077311375227734208 0.037226450504677926 0.015074796427286491 0.025954358549785665
leaf_weight=15.918548256158831 95.531777516007423 21.613635659217834 10.56333766877651 184.68166038393974 32.43995426595211 137.36440178751945 14.375371307134627
leaf_count=69 406 90 43 807 136 603 60
internal_value=0.000134199 -0.0128049 -0.026916 0.00605445 0.0148643 0.00202943 0.0460677
internal_weight=512.489 160.149 106.095 352.34 54.0536 322.046 30.2939
internal_count=2214 675 449 1539 226 1410 129
is_linear=0
shrinkage=0.04


Tree=38
num_leaves=6
num_cat=0
split_feature=78 106 36 33 59
split_gain=24.653 23.422 32.5836 12.8673 0.2913
threshold=2.0803601529866427 0.69433877888119222 0.23124228036852584 -0.66919194153538408 1.1209449408660959
decision_type=2 2 2 2 2
left_child=1 2 -1 -3 -2
right_child=4 3 -4 -5 -6
leaf_value=0.011671576554179443 0.044408228872118843 0.008978619260100797 -0.010826218575686854 -0.030794315597249395 0.020504050194248433
leaf_weight=235.30242255330086 15.567267686128618 15.649977013468741 180.03955724835396 57.795008033514023 6.7667365819215766
leaf_count=1000 99 65 758 256 36
internal_value=0.000147927 -0.00180115 0.00191424 -0.022306 0.0394462
internal_weight=511.121 488.787 415.342 73.445 22.334
internal_count=2214 2079 1758 321 135
is_linear=0
shrinkage=0.04


Tree=39
num_leaves=8
num_cat=0
split_feature=97 73 67 102 32 40 47
split_gain=24.2529 28.868 27.6501 22.5714 23.7119 16.1883 10.452
threshold=0.56597700023955033 0.089558658599797461 0.57932415465445264 0.057445225116055494 -0.57018057929695354 -0.061219918362378903 -0.25462794232376385
decision_type=2 2 2 2 2 2 2
left_child=1 2 -1 6 -5 -3 -2
right_child=3 5 -4 4 -6 -7 -8
leaf_value=-0.0090059637553013844 0.00012666593541299392 0.032657651416696284 0.031762127348830008 0.052593792168717422 -0.017574304466020981 0.007049807432281615 -0.045461448449453712
leaf_weight=233.58615835011005 10.03335317969322 61.814807936549187 28.038333907723427 9.7594038844108599 20.507174015045166 107.62648066878319 38.413145422935486
leaf_count=978 44 278 135 42 90 475 172
internal_value=0.000149471 0.00390077 -0.00442902 -0.0199818 0.00690881 0.0166639 -0.0363894
internal_weight=509.779 431.066 261.624 78.7131 30.2666 169.441 48.4465
internal_count=2214 1866 1113 348 132 753 216
is_linear=0
shrinkage=0.04


Tree=40
num_leaves=6
num_cat=0
split_feature=78 106 36 60 73
split_gain=22.998 21.4738 30.2193 12.4137 0.322131
threshold=2.0803601529866427 0.69433877888119222 0.23124228036852584 -1.165956465994473 0.53978031644213453
decision_type=2 2 2 2 2
left_child=1 2 -1 -3 -2
right_child=4 3 -4 -5 -6
leaf_value=0.011259885066636754 0.043485123690824974 0.0081094360717190016 -0.010443867217945031 -0.030201444352139617 0.019371147535667346
leaf_weight=234.38833981752396 15.325529858469965 16.690376058220863 179.46540941298008 56.11957623064518 6.3353018015623084
leaf_count=1000 102 72 758 249 33
internal_value=0.000152149 -0.00171329 0.00184321 -0.0214373 0.0386659
internal_weight=508.325 486.664 413.854 72.81 21.6608
internal_count=2214 2079 1758 321 135
is_linear=0
shrinkage=0.04


Tree=41
num_leaves=7
num_cat=0
split_feature=97 78 40 72 10 17
split_gain=22.5702 25.8734 24.8495 20.7012 9.17505 2.55086
threshold=0.56597700023955033 1.3633457372488513 -0.27867225950421692 1.5177305047914074 -0.0065285840740009786 0.49941750112299171
decision_type=2 2 2 2 2 2
left_child=1 2 -1 4 -2 -3
right_child=3 5 -4 -5 -6 -7
leaf_value=0.014601240407104263 -0.0099565975629842679 0.042147862783521506 -0.0064147930186380245 0.030951666012308317 -0.039966435719444388 0.012171193826026168
leaf_weight=135.16147199273109 30.604248061776161 26.083601132035255 259.93856988847256 9.6833010464906675 37.66950386762619 7.8874117583036414
leaf_count=582 134 152 1089 42 172 43
internal_value=0.000153219 0.00377305 0.000812002 -0.0193661 -0.0271805 0.0362516
internal_weight=507.028 429.071 395.1 77.9571 68.2738 33.971
internal_count=2214 1866 1671 348 306 195
is_linear=0
shrinkage=0.04


Tree=42
num_leaves=8
num_cat=0
split_feature=101 33 14 40 11 59 37
split_gain=21.4622 28.6097 36.9527 36.1332 28.1444 29.5636 18.2546
threshold=-0.34152435171882639 0.056734193938396189 1.2581105435365503 -0.29295261749623042 0.11522115169116155 0.063497104077990488 -0.91713354866824359
decision_type=2 2 2 2 2 2 2
left_child=4 3 -3 -2 6 -6 -1
right_child=1 2 -4 -5 5 -7 -8
leaf_value=0.013653142631038727 0.047938552679101812 -0.013691492219335535 0.041098637407601453 0.0064727222785035737 0.023004479238057422 -0.03973698058584553 -0.034816842682131352
leaf_weight=13.784303560853003 41.868211328983307 147.17357228696346 20.728307172656059 147.5753084346652 47.624547019600868 13.910713762044905 72.939880698919296
leaf_count=59 181 639 88 664 206 60 317
internal_value=0.000154668 0.00546224 -0.00652321 0.016042 -0.0125405 0.0080167 -0.0269787
internal_weight=505.605 357.345 167.902 189.444 148.259 61.5353 86.7242
internal_count=2214 1572 727 845 642 266 376
is_linear=0
shrinkage=0.04


Tree=43
num_leaves=6
num_cat=0
split_feature=78 103 37 101 59
split_gain=20.8726 20.8111 21.7631 21.0331 0.441255
threshold=2.0803601529866427 0.028247127228460376 -0.48253566059643443 0.26569738510009905 1.1209449408660959
decision_type=2 2 2 2 2
left_child=1 2 -1 -3 -2
right_child=4 3 -4 -5 -6
leaf_value=0.009715363335478908 0.042880993313516629 -0.0023084637243960247 -0.016769305540360265 0.022248444283383084 0.018525614574066915
leaf_weight=66.537506207823753 14.297753535211088 148.37093494832516 181.57592707872391 87.132562950253487 6.4627000987529746
leaf_count=286 99 642 779 372 36
internal_value=0.000156013 -0.00159928 -0.00964592 0.00688805 0.0375933
internal_weight=504.377 483.617 248.113 235.503 20.7605
internal_count=2214 2079 1065 1014 135
is_linear=0
shrinkage=0.04


Tree=44
num_leaves=8
num_cat=0
split_feature=97 36 85 106 102 34 47
split_gain=20.9332 23.9408 31.8024 25.0507 20.2263 24.0628 10.0999
threshold=0.56597700023955033 0.23124228036852584 -0.89534830987918557 1.1888228100971208 0.057445225116055494 -0.31160665655431247 -0.25462794232376385
decision_type=2 2 2 2 2 2 2
left_child=1 3 -3 -1 6 -6 -2
right_child=4 2 -4 -5 5 -7 -8
leaf_value=0.014895977042891249 0.001383488059511167 -0.039900080583674655 0.0012289909370638119 -0.03520709284462633 0.043682471616788697 -0.024237339504748903 -0.043564796721626088
leaf_weight=234.53738730400801 9.883949548006056 36.260213524103165 140.17650182545185 15.244323320686815 13.262508228421213 16.51029546558857 37.40861240029335
leaf_count=1048 44 157 590 71 58 74 172
internal_value=0.000162598 0.00365346 -0.00757609 0.0115828 -0.0187481 0.00686322 -0.0344958
internal_weight=503.284 426.218 176.437 249.782 77.0654 29.7728 47.2926
internal_count=2214 1866 747 1119 348 132 216
is_linear=0
shrinkage=0.04


Tree=45
num_leaves=7
num_cat=0
split_feature=78 82 36 34 59 56
split_gain=19.6547 22.4188 22.3691 21.635 11.453 3.42186
threshold=1.5058517858688358 -0.15121205981440275 -1.2331510287415954 0.2642545224955874 1.5453843269904313 1.0398623704431864
decision_type=2 2 2 2 2 2
left_child=1 3 -3 -1 5 -2
right_child=4 2 -4 -5 -6 -7
leaf_value=0.018617016338027651 0.044404673420555464 0.036770318113632856 -0.013500928424900643 -0.0064452033069574925 -0.012250308747837477 0.0099916177964826346
leaf_weight=117.23839665949345 23.591578625142578 13.177958995103834 230.76735758781433 101.0189425945282 8.5616067945957166 7.340749740600585
leaf_count=510 147 55 986 438 36 42
internal_value=0.000142427 -0.00221583 -0.0105083 0.00706394 0.0265179 0.0373407
internal_weight=501.697 462.203 243.945 218.257 39.4939 30.9323
internal_count=2214 1989 1041 948 225 189
is_linear=0
shrinkage=0.04


Tree=46
num_leaves=7
num_cat=0
split_feature=97 73 36 72 40 62
split_gain=19.2281 25.2842 27.1369 17.8453 13.8945 5.98934
threshold=0.56597700023955033 0.089558658599797461 0.35137885014043524 1.5177305047914074 -0.061219918362378903 0.4811630442790979
decision_type=2 2 2 2 2 2
left_child=1 2 -1 5 -3 -2
right_child=3 4 -4 -5 -6 -7
leaf_value=0.004929287957824908 -0.033780568004058792 0.030621903983835713 -0.022251276800749942 0.029078872885161876 0.0066220002043568538 -0.0078479253238075367
leaf_weight=171.28866259753704 43.985837489366531 60.158027201890945 87.047795474529266 9.4703395515680295 105.82865294069052 22.810526683926582
leaf_count=744 201 278 369 42 475 105
internal_value=0.000150434 0.00349547 -0.00432993 -0.018074 0.0155812 -0.0254103
internal_weight=500.59 424.323 258.336 76.2667 165.987 66.7964
internal_count=2214 1866 1113 348 753 306
is_linear=0
shrinkage=0.04


Tree=47
num_leaves=5
num_cat=0
split_feature=78 108 37 85
split_gain=18.4853 18.5457 30.6092 27.4771
threshold=2.2516145228654776 -0.30840846677565198 -0.5095970627935329 -0.25870487816318749
decision_type=2 2 2 2
left_child=1 3 -3 -1
right_child=-2 2 -4 -5
leaf_value=-0.0061082706098208144 0.040995731894726786 0.015988227783394725 -0.01408981193754541 0.024936448433928709
leaf_weight=93.637977942824364 15.120495200157164 68.244877547025681 236.27133293449879 85.802859425544739
leaf_count=393 108 297 1035 381
internal_value=0.000145824 -0.00129394 -0.00728871 0.00884756
internal_weight=499.078 483.957 304.516 179.441
internal_count=2214 2106 1332 774
is_linear=0
shrinkage=0.04


Tree=48
num_leaves=7
num_cat=0
split_feature=78 82 41 36 59 61
split_gain=17.8398 19.951 21.6295 20.3523 10.4277 3.3205
threshold=1.5058517858688358 -0.15121205981440275 0.29580871806977199 -0.24292772706889157 1.5453843269904313 -0.61471686212295562
decision_type=2 2 2 2 2 2
left_child=1 3 -3 -1 5 -2
right_child=4 2 -4 -5 -6 -7
leaf_value=0.027527693597010652 0.042810458172169996 -0.0029453673675828092 -0.030303630964595422 -0.00043501904332591971 -0.011284884678358737 0.0074002780079146869
leaf_weight=53.94015596807003 23.518135897815228 182.73956510424614 60.136701032519341 162.74874728918076 8.5381852239370328 6.2215727418661144
leaf_count=241 159 779 262 707 36 30
internal_value=0.000151055 -0.00207741 -0.00991151 0.0067138 0.0256807 0.0363357
internal_weight=497.843 459.565 242.876 216.689 38.2779 29.7397
internal_count=2214 1989 1041 948 225 189
is_linear=0
shrinkage=0.04


Tree=49
num_leaves=7
num_cat=0
split_feature=101 67 106 37 46 46
split_gain=17.8956 19.8244 18.1129 14.6704 14.0021 12.1171
threshold=-0.64876480039482931 -1.0275897583376066 1.2115336143443776 -0.60419046227647633 -0.0422400446947594 -0.70711973837030118
decision_type=2 2 2 2 2 2
left_child=3 -2 -3 4 -1 -5
right_child=1 2 -4 5 -6 -7
leaf_value=-0.024250601427805142 -0.044368976232182444 0.0069012535761282454 -0.028730165641414802 0.0058534551081723622 0.031652438750882229 -0.041108871609502058
leaf_weight=11.253250345587732 11.530487999320028 390.50184440612793 22.277705624699593 10.79047618806362 13.736552327871321 36.604740411043167
leaf_count=49 48 1740 108 47 60 162
internal_value=0.000151376 0.00330961 0.00484897 -0.0179529 0.00654695 -0.0306129
internal_weight=496.695 424.31 412.78 72.385 24.9898 47.3952
internal_count=2214 1896 1848 318 109 209
is_linear=0
shrinkage=0.04


Tree=50
num_leaves=8
num_cat=0
split_feature=97 73 36 102 34 42 42
split_gain=17.4235 23.3595 23.9188 18.2181 21.2378 12.8048 8.63263
threshold=0.56597700023955033 0.089558658599797461 0.35137885014043524 0.057445225116055494 -0.31160665655431247 -0.23959312742709321 0.33146281787657855
decision_type=2 2 2 2 2 2 2
left_child=1 2 -1 6 -5 -3 -2
right_child=3 5 -4 4 -6 -7 -8
leaf_value=0.004504590986274315 -0.043176494736296415 0.02856058484043119 -0.021110255451652047 0.041976484021545767 -0.022406978161191669 0.0057592295473697028 -0.0048942055615377638
leaf_weight=170.1986727565527 32.435680508613586 64.927555598318577 86.328001022338867 13.021962061524393 16.157745227217674 99.069339834153652 13.745796725153921
leaf_count=744 150 308 369 58 74 445 66
internal_value=0.000129475 0.00332438 -0.00421211 -0.0173235 0.00717483 0.0150218 -0.032458
internal_weight=495.885 420.524 256.527 75.3612 29.1797 163.997 46.1815
internal_count=2214 1866 1113 348 132 753 216
is_linear=0
shrinkage=0.04


Tree=51
num_leaves=6
num_cat=0
split_feature=101 53 71 67 42
split_gain=17.3928 30.5619 27.8245 23.8322 15.1334
threshold=0.19329333759602985 0.70000000000000007 -0.84179048770830478 -0.99092579115081347 0.90394859421852136
decision_type=2 2 2 2 2
left_child=1 2 -1 -2 -5
right_child=3 -3 -4 4 -6
leaf_value=0.027756462268464867 -0.039184189101968595 0.043916478008283029 -0.014195585028508977 0.015848647684609314 -0.019917012666859343
leaf_weight=26.421729788184166 13.590440869331358 16.123253554105759 237.26145815849304 181.5744145065546 19.3935407102108
leaf_count=129 57 87 1044 813 84
internal_value=0.000122393 -0.00642874 -0.00981458 0.00864622 0.012235
internal_weight=494.365 279.806 263.683 214.558 200.968
internal_count=2214 1260 1173 954 897
is_linear=0
shrinkage=0.04


Tree=52
num_leaves=7
num_cat=0
split_feature=14 25 38 59 59 28
split_gain=16.8585 22.7407 26.7403 26.2979 22.117 25.5184
threshold=-0.59755670992308729 0.5196217049651658 0.36336492715828445 -0.34228458102866938 -0.71798532108320645 -0.72953917855280459
decision_type=2 2 2 2 2 2
left_child=4 3 -3 -2 -1 -6
right_child=1 2 -4 -5 5 -7
leaf_value=0.041433853551703578 0.030872126755111244 -0.025865850139255776 0.015104757339456532 0.0027938680704549072 0.037198195434392768 -0.027641746947656531
leaf_weight=8.4141995012760145 69.0685905367136 70.678712025284767 37.63069161772728 216.23462491482496 9.2356731593608838 81.648247793316841
leaf_count=37 306 309 164 994 40 364
internal_value=0.000120701 0.00384839 -0.0116154 0.00975888 -0.0144399 -0.0203936
internal_weight=492.911 393.613 108.309 285.303 99.2981 90.8839
internal_count=2214 1773 473 1300 441 404
is_linear=0
shrinkage=0.04


Tree=53
num_leaves=8
num_cat=0
split_feature=101 61 42 14 14 24 28
split_gain=16.3345 36.3565 22.8482 29.4512 19.7229 19.0732 13.7045
threshold=-0.34152435171882639 0.22019025244416293 -0.46712344882384976 1.2581105435365503 -0.5035259005157201 -0.53337471671412928 -0.71937386983379159
decision_type=2 2 2 2 2 2 2
left_child=1 6 5 -4 -3 -2 -1
right_child=2 4 3 -5 -6 -7 -8
leaf_value=0.01467895789389774 0.040781476590545165 -0.024809387303229739 -0.0054231441890493547 0.04060706379441717 0.022119176877165768 0.0036739151464268913 -0.036095886339252231
leaf_weight=8.6128122508525831 42.618871212005615 17.744570702314377 237.95599050819874 22.513553485274315 51.366637110710144 44.901571623980999 66.404764428734779
leaf_count=36 211 76 1064 97 227 200 303
internal_value=0.000128053 -0.0111051 0.0048174 -0.00116544 0.0097112 0.0222512 -0.0300366
internal_weight=492.119 144.129 347.99 260.47 69.1112 87.5204 75.0176
internal_count=2214 642 1572 1161 303 411 339
is_linear=0
shrinkage=0.04


Tree=54
num_leaves=5
num_cat=0
split_feature=78 28 35 14
split_gain=16.0698 16.2048 27.9259 21.3138
threshold=2.2516145228654776 -0.72953917855280459 0.36648674908540541 -0.59755670992308729
decision_type=2 2 2 2
left_child=1 2 -1 -3
right_child=-2 3 -4 -5
leaf_value=0.044340479451768958 0.039637857731623212 -0.020959544182949402 -0.019919286436217858 0.00094264407834046744
leaf_weight=27.936371803283691 13.943599462509153 87.412329040467739 15.480433732271193 346.15402944386005
leaf_count=124 108 384 65 1533
internal_value=0.000132493 -0.00118305 0.0215602 -0.00354907
internal_weight=490.927 476.983 43.4168 433.566
internal_count=2214 2106 189 1917
is_linear=0
shrinkage=0.04


Tree=55
num_leaves=7
num_cat=0
split_feature=36 101 37 67 10 82
split_gain=16.5321 18.6647 31.8893 23.1074 11.1306 3.66745
threshold=-1.0248931855678161 0.38604896229325331 -0.5095970627935329 -0.99092579115081347 0.84752744143697634 0.51050953507642205
decision_type=2 2 2 2 2 2
left_child=4 2 -2 -3 5 -1
right_child=1 3 -4 -5 -6 -7
leaf_value=0.048716586500689885 0.011285533640667721 -0.042054058921527415 -0.016711421773414736 0.013801462080650037 -0.0054408728142267436 0.015126422940832822
leaf_weight=16.859211310744289 93.394316025078297 10.99214446544647 204.52149146050215 140.22366863489151 13.53872951120138 10.602313235402105
leaf_count=72 420 47 927 631 64 53
internal_value=0.000135472 -0.00212393 -0.00791786 0.00924527 0.0238333 0.0376554
internal_weight=490.132 449.132 297.916 151.216 41.0003 27.4615
internal_count=2214 2025 1347 678 189 125
is_linear=0
shrinkage=0.04


Tree=56
num_leaves=7
num_cat=0
split_feature=36 101 28 67 10 42
split_gain=15.5586 16.0832 18.0218 16.7119 7.29946 0.485511
threshold=-1.124915152700444 -0.64876480039482931 -0.71937386983379159 -0.99092579115081347 0.84752744143697634 -0.53241508245305369
decision_type=2 2 2 2 2 2
left_child=4 2 -2 -3 5 -1
right_child=1 3 -4 -5 -6 -7
leaf_value=0.049291107727991099 0.028734214757542675 -0.041371324513243997 -0.027618238394190305 0.0029561619871795813 0.00094872096697540622 0.023938822119642825
leaf_weight=10.09047817438841 9.0056270658969861 12.115161612629889 58.546440914273262 378.34905534982681 11.648168712854384 9.386477470397951
leaf_count=48 39 52 265 1714 56 40
internal_value=0.000134264 -0.00177284 -0.0194954 0.00137697 0.0266106 0.0404402
internal_weight=489.141 458.016 67.5521 390.464 31.1251 19.477
internal_count=2214 2070 304 1766 144 88
is_linear=0
shrinkage=0.04


Tree=57
num_leaves=6
num_cat=0
split_feature=71 90 89 48 36
split_gain=15.3749 20.735 19.378 11.0682 7.02755
threshold=2.9464604070579115 0.83254674318187816 1.7241020694703764 0.1906233241407366 -0.63145941292177155
decision_type=2 2 2 2 2
left_child=1 2 -1 -2 -3
right_child=3 4 -4 -5 -6
leaf_value=0.0035202362956406347 0.046869706039935288 -0.00063230723338776444 -0.045625235365372871 -0.0051152240971384369 -0.029685707519535309
leaf_weight=384.68267897516489 16.580922722816471 18.261871829628944 11.280896469950674 9.5637719035148603 48.129273563623428
leaf_count=1731 77 82 51 40 233
internal_value=0.000134693 -0.00160581 0.00189784 0.0288414 -0.0219463
internal_weight=488.499 462.355 395.964 26.1447 66.3911
internal_count=2214 2097 1782 117 315
is_linear=0
shrinkage=0.04


Tree=58
num_leaves=4
num_cat=0
split_feature=78 77 101
split_gain=15.0061 15.0113 16.1651
threshold=2.2516145228654776 1.904061838496983 -0.34152435171882639
decision_type=2 2 2
left_child=1 2 -1
right_child=-2 -3 -4
leaf_value=-0.013833190019953605 0.038966449164059766 0.043624106036282424 0.0025233119595110421
leaf_weight=134.47567217051983 13.414417929947374 9.6997260898351652 329.94756557047367
leaf_count=594 108 54 1458
internal_value=0.000124094 -0.00113394 -0.00225179
internal_weight=487.537 474.123 464.423
internal_count=2214 2106 2052
is_linear=0
shrinkage=0.04


Tree=59
num_leaves=6
num_cat=0
split_feature=73 106 61 32 76
split_gain=14.7985 18.6133 19.4158 12.792 7.69521
threshold=-0.54319461867071561 -0.80627922173619537 -1.0924639753515051 0.69046533920759712 0.99660756567304576
decision_type=2 2 2 2 2
left_child=4 3 -3 -2 -1
right_child=1 2 -4 -5 -6
leaf_value=-0.00589012458627549 0.03684397964654261 0.02411454905354702 -0.0039966606409528298 -0.0044034066354062384 -0.044358770566215226
leaf_weight=17.717584908008575 35.890082992613316 42.119214221835136 358.91965320706367 17.050878405570984 14.975632056593893
leaf_count=75 179 225 1590 79 66
internal_value=0.00013182 0.0020474 -0.00093926 0.0238826 -0.0250527
internal_weight=486.673 453.98 401.039 52.941 32.6932
internal_count=2214 2073 1815 258 141
is_linear=0
shrinkage=0.04


Tree=60
num_leaves=8
num_cat=0
split_feature=97 73 71 102 34 90 47
split_gain=14.4918 18.9338 20.9699 16.5454 19.0414 13.258 9.07784
threshold=0.56597700023955033 0.3127075823978463 -0.84179048770830478 0.057445225116055494 -0.41649167816213123 -0.57006604644972414 -0.25462794232376385
decision_type=2 2 2 2 2 2 2
left_child=1 2 -1 6 -5 -3 -2
right_child=3 5 -4 4 -6 -7 -8
leaf_value=0.033358971257196557 0.0032484818357146946 0.043631460136553502 -0.0055704588347600193 0.044028296631213826 -0.018389869798698215 0.0096851894355505473 -0.039712855500616352
leaf_weight=22.101470537483692 9.6250784099102003 21.236308947205544 271.08562157303095 11.247287571430208 17.249502956867218 98.251620925962925 35.074807554483414
leaf_count=114 44 123 1191 51 81 438 172
internal_value=0.000127605 0.0030568 -0.00242969 -0.0160289 0.0075175 0.0163373 -0.0307192
internal_weight=485.872 412.675 293.187 73.1967 28.4968 119.488 44.6999
internal_count=2214 1866 1305 348 132 561 216
is_linear=0
shrinkage=0.04


Tree=61
num_leaves=6
num_cat=0
split_feature=36 14 73 10 103
split_gain=14.1146 16.7239 19.2959 7.11873 1.00819
threshold=-1.124915152700444 1.4418583121563724 -0.56914422897506978 0.84752744143697634 -0.56108992167402916
decision_type=2 2 2 2 2
left_child=3 2 -2 4 -1
right_child=1 -3 -4 -5 -6
leaf_value=0.020824927471933222 -0.036127394690144199 0.034221172298337432 -0.0011543313034189748 5.7072423188726112e-05 0.048502192666990414
leaf_weight=8.6462214589118975 24.905685842037201 17.863479927182198 410.83481997996569 11.433007918298243 10.616937950253488
leaf_count=42 109 77 1884 56 46
internal_value=0.000134883 -0.00168749 -0.00330922 0.0255205 0.0392066
internal_weight=484.3 453.604 435.741 30.6962 19.2632
internal_count=2214 2070 1993 144 88
is_linear=0
shrinkage=0.04


Tree=62
num_leaves=6
num_cat=0
split_feature=71 96 89 48 94
split_gain=14.0504 17.5679 19.8214 10.232 8.84954
threshold=2.9464604070579115 0.75125210943590803 1.7241020694703764 0.1906233241407366 0.67760794851264339
decision_type=2 2 2 2 2
left_child=1 2 -1 -2 -3
right_child=3 4 -4 -5 -6
leaf_value=0.0036890562063158689 0.04539723492281663 0.0026483025557731488 -0.045182238609279307 -0.0048048919302074314 -0.027419673382709644
leaf_weight=371.58538046479225 16.206326574087146 21.364864513278008 11.771254748106001 9.5505117326974851 53.456351846456528
leaf_count=1686 77 96 54 40 261
internal_value=0.000140475 -0.00152714 0.00196172 0.0277776 -0.0189885
internal_weight=483.935 458.178 383.357 25.7568 74.8212
internal_count=2214 2097 1740 117 357
is_linear=0
shrinkage=0.04


Tree=63
num_leaves=7
num_cat=0
split_feature=14 35 10 59 28 26
split_gain=13.8886 20.3161 20.7791 19.7578 21.4525 16.7693
threshold=-0.59755670992308729 -0.14268984393796696 -0.21358674562051191 -0.71798532108320645 -0.72953917855280459 0.99045560879903627
decision_type=2 2 2 2 2 2
left_child=3 5 -3 -1 -5 -2
right_child=1 2 -4 4 -6 -7
leaf_value=0.039930877433400867 0.017856046243209175 -0.01770838745141624 0.0064676601883225894 0.034325910789493201 -0.025675106241428231 -0.032649390258794882
leaf_weight=8.259318605065344 148.81184769421816 98.945153146982193 128.61411004513502 9.0426424592733365 79.800971709191799 9.4945317506790143
leaf_count=37 704 440 584 40 364 45
internal_value=0.000130461 0.00354454 -0.00410704 -0.0132341 -0.0189468 0.0144574
internal_weight=482.969 385.866 227.559 97.1029 88.8436 158.306
internal_count=2214 1773 1024 441 404 749
is_linear=0
shrinkage=0.04


Tree=64
num_leaves=7
num_cat=0
split_feature=66 59 83 28 28 33
split_gain=13.676 23.8823 26.9706 21.0028 16.3058 19.8456
threshold=0.87229795236717533 0.091605442504533285 0.24957553194873874 0.72496408765313647 0.99727618878884072 0.043626933593659815
decision_type=2 2 2 2 2 2
left_child=1 3 -3 -1 5 -2
right_child=4 2 -4 -5 -6 -7
leaf_value=0.010290354754848588 0.020074565510683619 -0.03625525160443354 -0.002719951293624066 -0.023366411231976848 0.057658962278388681 -0.02566896609976424
leaf_weight=199.70932580530643 51.796414613723755 56.714128389954567 111.79648667573929 32.850432157516479 10.219746671617029 19.23419252038002
leaf_count=894 255 264 519 144 51 87
internal_value=0.000129196 -0.0029198 -0.0142995 0.00537744 0.0148883 0.00732405
internal_weight=482.321 401.07 168.511 232.56 81.2504 71.0306
internal_count=2214 1821 783 1038 393 342
is_linear=0
shrinkage=0.04


Tree=65
num_leaves=5
num_cat=0
split_feature=67 101 77 88
split_gain=13.7364 18.4192 25.4658 16.379
threshold=-1.0275897583376066 0.38604896229325331 1.1348961618094979 -1.1011560465271224
decision_type=2 2 2 2
left_child=-1 2 -2 -3
right_child=1 3 -4 -5
leaf_value=-0.040273448970302585 -0.0065936715511161689 -0.028971684767757959 0.04578938652328178 0.016883685901154539
leaf_weight=11.104193165898321 308.85867784917355 11.890919566154478 13.607343256473539 135.71120167523623
leaf_count=48 1407 51 81 627
internal_value=0.000123825 0.00124469 -0.0041146 0.0128516
internal_weight=481.172 470.068 322.466 147.602
internal_count=2214 2166 1488 678
is_linear=0
shrinkage=0.04


Tree=66
num_leaves=5
num_cat=0
split_feature=78 28 36 45
split_gain=13.0072 14.1414 27.4751 16.7637
threshold=2.2516145228654776 -0.70743469816550741 0.43905298615250571 -0.2066479680211816
decision_type=2 2 2 2
left_child=1 2 -1 -3
right_child=-2 3 -4 -5
leaf_value=0.038081179975166107 0.037640631242225706 0.0066422388893011162 -0.026788504972761529 -0.0096696933481965307
leaf_weight=33.439962342381477 12.342885985970495 162.61509810388088 13.161286190152166 258.61381463706493
leaf_count=151 108 736 56 1163
internal_value=0.000117551 -0.00102845 0.019412 -0.00337085
internal_weight=480.173 467.83 46.6012 421.229
internal_count=2214 2106 207 1899
is_linear=0
shrinkage=0.04


Tree=67
num_leaves=5
num_cat=0
split_feature=36 14 73 107
split_gain=13.0538 15.2381 17.6178 8.01059
threshold=-1.2331510287415954 1.4418583121563724 -0.56914422897506978 0.75052973015497748
decision_type=2 2 2 2
left_child=3 2 -2 -1
right_child=1 -3 -4 -5
leaf_value=0.050828506308332411 -0.03451512400225356 0.032636687642060062 -0.00087044589542891241 0.002649940199060289
leaf_weight=10.693020373582842 24.496582433581352 18.202997878193855 415.96445034444332 10.183794073760508
leaf_count=47 109 79 1927 52
internal_value=0.000121411 -0.00134369 -0.00288918 0.0296131
internal_weight=479.541 458.664 440.461 20.8768
internal_count=2214 2115 2036 99
is_linear=0
shrinkage=0.04


Tree=68
num_leaves=8
num_cat=0
split_feature=97 73 24 102 34 90 47
split_gain=13.0091 16.1093 19.6638 14.6767 16.9119 12.2888 8.47522
threshold=0.56597700023955033 0.3127075823978463 0.49716825818296106 0.057445225116055494 -0.41649167816213123 -0.57006604644972414 -0.25462794232376385
decision_type=2 2 2 2 2 2 2
left_child=1 2 -1 6 -5 -3 -2
right_child=3 5 -4 4 -6 -7 -8
leaf_value=0.0042022727122963547 0.0034760431724013357 0.042216288775355749 -0.018974183946277957 0.042058730902884901 -0.017470699069849029 0.0089258797393038988 -0.038253760288116591
leaf_weight=211.33571126312017 9.5294774919748289 20.207068599760532 78.773646026849747 10.871637269854547 16.931354820728302 97.4799669906497 34.071803838014603
leaf_count=958 44 123 347 51 81 438 172
internal_value=0.000124984 0.00290224 -0.00217767 -0.0153831 0.0070671 0.0152518 -0.0293809
internal_weight=479.201 407.796 290.109 71.4043 27.803 117.687 43.6013
internal_count=2214 1866 1305 348 132 561 216
is_linear=0
shrinkage=0.04


Tree=69
num_leaves=5
num_cat=0
split_feature=67 101 77 42
split_gain=12.775 17.0883 23.4204 15.5188
threshold=-1.0275897583376066 0.38604896229325331 1.1348961618094979 0.16399670397974023
decision_type=2 2 2 2
left_child=-1 2 -2 -3
right_child=1 3 -4 -5
leaf_value=-0.039030168254715329 -0.0063166205594331736 0.025335474557495522 0.044824690004782744 -0.0005238365845357827
leaf_weight=10.973689094185827 307.19760704785585 72.401834838092327 13.036806285381315 73.967070780694485
leaf_count=48 1407 345 81 333
internal_value=0.000124657 0.00120816 -0.00396936 0.0124366
internal_weight=477.577 466.603 320.234 146.369
internal_count=2214 2166 1488 678
is_linear=0
shrinkage=0.04


Tree=70
num_leaves=7
num_cat=0
split_feature=14 47 42 90 45 70
split_gain=12.7747 25.4241 16.334 23.0535 18.1633 15.4923
threshold=-0.59755670992308729 -0.76606014204915762 -0.2990624808503502 0.56928502958576399 -0.2066479680211816 0.59514766295737898
decision_type=2 2 2 2 2 2
left_child=1 -1 3 -2 -4 -3
right_child=2 5 4 -5 -6 -7
leaf_value=0.031723435293062666 0.02432063222658655 -0.029326302109672919 0.010468854802268349 -0.017632870907072273 -0.010901305303233497 0.016524439277835087
leaf_weight=15.315416686236857 95.643873326480389 67.711963281035423 105.17962291836739 25.117638736963272 154.76564267277718 12.83511973172426
leaf_count=70 459 313 482 120 712 58
internal_value=0.000124849 -0.0127725 0.00342219 0.0154495 -0.00224055 -0.0217967
internal_weight=476.569 95.8625 380.707 120.762 259.945 80.5471
internal_count=2214 441 1773 579 1194 371
is_linear=0
shrinkage=0.04


Tree=71
num_leaves=5
num_cat=0
split_feature=106 14 9 73
split_gain=12.5031 15.9477 20.0489 4.98274
threshold=1.2115336143443776 1.4418583121563724 0.84563019574088827 0.35632347802895042
decision_type=2 2 2 2
left_child=1 2 -1 -2
right_child=3 -3 -4 -5
leaf_value=0.0028396203673567389 -0.043728911722220112 0.037637711657314603 -0.026061888851566305 -0.0056384797682238622
leaf_weight=396.30802244693041 11.815168738365175 16.843017354607582 40.501127004623413 10.244165055453776
leaf_count=1841 57 73 186 57
internal_value=0.000124408 0.00160779 5.32895e-05 -0.0279792
internal_weight=475.712 453.652 436.809 22.0593
internal_count=2214 2100 2027 114
is_linear=0
shrinkage=0.04


Tree=72
num_leaves=6
num_cat=0
split_feature=71 72 67 42 28
split_gain=12.1534 14.7367 20.7792 14.2307 9.37186
threshold=-0.87718578051218388 0.37315322138668855 0.76604797172859285 0.7351510307156387 -0.21358730151177865
decision_type=2 2 2 2 2
left_child=4 2 -2 -3 -1
right_child=1 3 -4 -5 -6
leaf_value=0.044430987399358787 -0.010953366122817424 0.0047826223646285923 0.015785511346544455 0.045225977167833373 -0.0075098091026838476
leaf_weight=14.750400289893152 257.56768045574427 126.82950016856194 54.807972379028797 13.738356888294218 7.5510331541299811
leaf_count=72 1161 599 273 64 45
internal_value=0.000113231 -0.00135945 -0.00619131 0.00931434 0.0276737
internal_weight=475.245 452.944 312.376 140.568 22.3014
internal_count=2214 2097 1434 663 117
is_linear=0
shrinkage=0.04


Tree=73
num_leaves=8
num_cat=0
split_feature=97 78 85 102 32 42 73
split_gain=11.9394 15.403 20.4406 13.2776 14.6665 8.54657 3.84566
threshold=0.56597700023955033 1.3633457372488513 0.28956182448050499 0.057445225116055494 -0.57018057929695354 0.33146281787657855 0.77688529110348703
decision_type=2 2 2 2 2 2 2
left_child=1 2 -1 5 -5 -2 -3
right_child=3 6 -4 4 -6 -7 -8
leaf_value=0.0047303636350553473 -0.039376539850023054 0.037639027851896226 -0.02014918654405844 0.044413302493464445 -0.013405178545180115 -0.00059020362768545935 0.0015702697323317907
leaf_weight=314.96369460225105 29.976857453584671 21.861765004694465 61.406535923480988 8.6552162840962428 18.784793347120285 12.785887517035006 6.1223835349082938
leaf_count=1398 150 165 273 42 90 66 30
internal_value=0.000124636 0.00278735 0.000586102 -0.0148645 0.00661037 -0.0283241 0.030379
internal_weight=474.557 404.354 376.37 70.2028 27.44 42.7627 27.9841
internal_count=2214 1866 1671 348 132 216 195
is_linear=0
shrinkage=0.04


Tree=74
num_leaves=7
num_cat=0
split_feature=14 47 42 59 14 70
split_gain=11.6513 23.5835 15.3532 21.6112 15.5229 14.021
threshold=-0.59755670992308729 -0.76606014204915762 -0.22360274196443028 0.15487822234674339 1.4418583121563724 0.59514766295737898
decision_type=2 2 2 2 2 2
left_child=1 -1 3 -2 -4 -3
right_child=2 5 4 -5 -6 -7
leaf_value=0.03064292734880977 0.025880956215060646 -0.028206831839218096 -0.0054062170420538756 -0.0075052102000750347 0.033227652797481709 0.015596303779765662
leaf_weight=15.265499092638491 85.697447791695595 67.041564665734768 229.63161739706993 46.853700943291187 15.938883259892462 12.731482580304144
leaf_count=70 396 313 1063 244 70 58
internal_value=0.00012255 -0.012249 0.00328014 0.0141436 -0.00265049 -0.0210055
internal_weight=473.16 95.0385 378.122 132.551 245.571 79.773
internal_count=2214 441 1773 640 1133 371
is_linear=0
shrinkage=0.04


Tree=75
num_leaves=5
num_cat=0
split_feature=36 67 101 107
split_gain=11.9203 13.3479 17.4957 7.18231
threshold=-1.2331510287415954 -0.99092579115081347 0.38604896229325331 0.75052973015497748
decision_type=2 2 2 2
left_child=3 -2 -3 -1
right_child=1 2 -4 -5
leaf_value=0.048794185134338426 -0.039530318563695724 -0.0054627136174979609 0.01160590928965217 0.0027004192981837016
leaf_weight=10.491893835365774 12.141863048076628 300.93156998604536 138.71805606037378 9.9760205969214422
leaf_count=47 54 1411 650 52
internal_value=0.000128985 -0.00127966 -4.90602e-05 0.0285684
internal_weight=472.259 451.791 439.65 20.4679
internal_count=2214 2115 2061 99
is_linear=0
shrinkage=0.04


Tree=76
num_leaves=6
num_cat=0
split_feature=71 101 61 48 11
split_gain=11.4948 15.1123 26.8232 17.8182 6.5959
threshold=-0.84179048770830478 -0.34152435171882639 0.22019025244416293 -0.94341922447990945 -0.18430134081061914
decision_type=2 2 2 2 2
left_child=4 2 -2 -3 -1
right_child=1 3 -4 -5 -6
leaf_value=0.00052513382136114934 -0.030500771466142954 0.033926246221185029 0.006948483993147919 0.00023623619620518818 0.040491349710328167
leaf_weight=10.85365327447653 64.839030392467976 25.414441496133804 55.310999721288681 300.17847402393818 15.100689418613909
leaf_count=60 303 121 252 1403 75
internal_value=0.000127121 -0.00142708 -0.0134295 0.00305701 0.0250115
internal_weight=471.697 445.743 120.15 325.593 25.9543
internal_count=2214 2079 555 1524 135
is_linear=0
shrinkage=0.04


Tree=77
num_leaves=5
num_cat=0
split_feature=78 103 37 14
split_gain=11.3745 11.6993 16.8046 14.6524
threshold=2.2516145228654776 0.028247127228460376 -0.48253566059643443 -1.4565885835858434
decision_type=2 2 2 2
left_child=1 2 -1 -3
right_child=-2 3 -4 -5
leaf_value=0.010533818512637143 0.036474476806962003 -0.030502789617649767 -0.013373252071539339 0.0084889558238102677
leaf_weight=62.361399002373219 11.38939483463764 14.696235239505766 175.24515237659216 207.11163698881865
leaf_count=288 108 62 801 955
internal_value=0.000130828 -0.000924364 -0.00706313 0.005656
internal_weight=470.804 459.414 237.607 221.808
internal_count=2214 2106 1089 1017
is_linear=0
shrinkage=0.04


Tree=78
num_leaves=6
num_cat=0
split_feature=71 97 89 32 4
split_gain=11.1761 13.6213 15.8657 8.36062 8.08665
threshold=2.9464604070579115 0.56597700023955033 1.7241020694703764 -0.57018057929695354 0.47953625841993869
decision_type=2 2 2 2 2
left_child=1 2 -1 -3 -2
right_child=4 3 -4 -5 -6
leaf_value=0.0032817237649567111 0.041299785074850465 0.0053599613550743127 -0.036839502322779251 -0.026243864111416184 -0.0044246283515509115
leaf_weight=365.50376169383526 15.45703185349703 17.462230250239372 14.480325996875761 48.104378022253513 9.0350625813007337
leaf_count=1701 77 84 69 243 40
internal_value=0.000128058 -0.00136677 0.00156792 -0.0179174 0.0253716
internal_weight=470.043 445.551 379.984 65.5666 24.4921
internal_count=2214 2097 1770 327 117
is_linear=0
shrinkage=0.04


Tree=79
num_leaves=6
num_cat=0
split_feature=73 97 71 102 20
split_gain=11.2261 12.1768 16.3305 11.7501 2.93155
threshold=-0.6206804271550822 0.56597700023955033 -0.74501920054796023 0.057445225116055494 0.15423829122907864
decision_type=2 2 2 2 2
left_child=4 2 -2 -3 -1
right_child=1 3 -4 -5 -6
leaf_value=-0.0098630506769276788 0.030640883390940506 -0.026691337264452403 0.0016405880385501406 0.0065105798086364857 -0.04321553417644252
leaf_weight=9.3026034981012362 32.125612907111645 41.681744903326035 350.08760499954224 26.900184035301208 9.0513460934162122
leaf_count=40 165 216 1617 132 44
internal_value=0.00011978 0.00142559 0.00422492 -0.0138529 -0.0289412
internal_weight=469.149 450.795 382.213 68.5819 18.3539
internal_count=2214 2130 1782 348 84
is_linear=0
shrinkage=0.04


Tree=80
num_leaves=7
num_cat=0
split_feature=36 28 36 14 7 82
split_gain=11.1389 12.808 24.9961 17.6752 8.13177 2.0214
threshold=-1.124915152700444 -0.70743469816550741 0.43905298615250571 -0.43035983579828702 1.187536940831132 0.5473301756703205
decision_type=2 2 2 2 2 2
left_child=4 2 -2 -3 5 -1
right_child=1 3 -4 -5 -6 -7
leaf_value=0.047023350703123523 0.036334004815229658 -0.017811355897752356 -0.02607663398700975 0.0012451006866486631 -0.0072706110564082814 0.016354841886284232
leaf_weight=11.358890786767011 32.383982464671135 104.46776988357306 12.971060782670973 289.12795364111662 9.0999358519911748 8.893567927181719
leaf_count=51 151 494 56 1369 45 48
internal_value=0.000107803 -0.00153064 0.0181377 -0.00387732 0.0231446 0.0362361
internal_weight=468.303 438.951 45.355 393.596 29.3524 20.2525
internal_count=2214 2070 207 1863 144 99
is_linear=0
shrinkage=0.04


Tree=81
num_leaves=5
num_cat=0
split_feature=67 90 36 14
split_gain=11.1164 11.8494 14.2782 12.7563
threshold=-1.0275897583376066 0.33631862903092741 -0.63145941292177155 1.2581105435365503
decision_type=2 2 2 2
left_child=-1 3 -3 -2
right_child=1 2 -4 -5
leaf_value=-0.036860722047397841 0.0033857800588873617 0.012035183282778805 -0.014678733994683398 0.033917733689076947
leaf_weight=10.66197122633457 275.35753860324621 41.987931050360203 117.76996053755283 21.856801494956017
leaf_count=48 1300 202 566 98
internal_value=0.000112518 0.00113203 -0.00759573 0.00584277
internal_weight=467.634 456.972 159.758 297.214
internal_count=2214 2166 768 1398
is_linear=0
shrinkage=0.04


Tree=82
num_leaves=7
num_cat=0
split_feature=78 85 33 94 103 57
split_gain=10.8296 15.045 16.3414 15.5094 8.36804 5.69729
threshold=1.3633457372488513 0.28956182448050499 -0.63151016309443131 0.67760794851264339 -1.0399028124434933 -0.58524588926571119
decision_type=2 2 2 2 2 2
left_child=1 3 -3 -1 -2 -6
right_child=4 2 -4 -5 5 -7
leaf_value=0.0053236392670967933 0.038881620462135065 0.015028007372365189 -0.027915437473460727 -0.017460999236903904 0.023317994633860115 -0.01667731901678635
leaf_weight=301.33174847066402 17.463657289743423 17.24009245634079 57.081505209207535 54.758210018277168 8.3572450205683726 10.680918551981447
leaf_count=1353 147 75 267 276 45 51
internal_value=0.000107553 -0.00170294 -0.0178212 0.00174195 0.0204355 0.00142724
internal_weight=466.913 430.412 74.3216 356.09 36.5018 19.0382
internal_count=2214 1971 342 1629 243 96
is_linear=0
shrinkage=0.04


Tree=83
num_leaves=5
num_cat=0
split_feature=109 108 89 42
split_gain=10.7089 13.0569 22.2209 13.1002
threshold=-1.2019550775669032 -0.30840846677565198 -0.27843476317117927 0.83306501420028012
decision_type=2 2 2 2
left_child=-1 3 -3 -2
right_child=1 2 -4 -5
leaf_value=-0.036627883493686737 0.015068153808246894 -0.015776300474968672 0.0061735074324448715 -0.0153286626678231
leaf_weight=10.363089263439177 136.29140111804008 134.50538049638271 158.92966467142105 25.452758923172951
leaf_count=45 640 639 780 110
internal_value=0.000107154 0.00110008 -0.00392658 0.010156
internal_weight=465.542 455.179 293.435 161.744
internal_count=2214 2169 1419 750
is_linear=0
shrinkage=0.04


Tree=84
num_leaves=6
num_cat=0
split_feature=73 45 25 65 27
split_gain=10.6489 12.339 25.2567 25.2384 2.67608
threshold=-0.6206804271550822 -0.21259807469932387 0.40784187115280757 -0.68542475367270972 0.19605341124517231
decision_type=2 2 2 2 2
left_child=4 3 -3 -2 -1
right_child=1 2 -4 -5 -6
leaf_value=-0.010005738223233657 0.052200749310096668 0.0042922781256473303 -0.021371293660795591 0.004201944519604644 -0.042235020443608537
leaf_weight=9.2858531177043933 18.011948063969612 196.57133467495441 86.877860866487026 145.03391599655151 8.8476357012987119
leaf_count=40 87 958 399 686 44
internal_value=9.48981e-05 0.00137205 -0.00366829 0.0100728 -0.0283644
internal_weight=464.629 446.495 283.449 163.046 18.1335
internal_count=2214 2130 1357 773 84
is_linear=0
shrinkage=0.04


Tree=85
num_leaves=6
num_cat=0
split_feature=71 28 36 14 35
split_gain=10.4016 11.9298 23.2079 14.7053 7.64881
threshold=2.9464604070579115 -0.71937386983379159 0.43905298615250571 -0.59755670992308729 0.35882942765939391
decision_type=2 2 2 2 2
left_child=1 2 -1 -3 -2
right_child=4 3 -4 -5 -6
leaf_value=0.038001265154686367 0.043177072308516633 -0.019438146256842068 -0.023926652114640526 0.00018169974390012855 -0.00060987267540651914
leaf_weight=28.307305485010147 13.05332335829735 73.230507962405682 12.606968775391577 325.7522290199995 10.986607372760771
leaf_count=134 70 352 55 1556 47
internal_value=8.90018e-05 -0.00135907 0.0186935 -0.00349838 0.0246559
internal_weight=463.937 439.897 40.9143 398.983 24.0399
internal_count=2214 2097 189 1908 117
is_linear=0
shrinkage=0.04


Tree=86
num_leaves=5
num_cat=0
split_feature=77 36 14 37
split_gain=10.1855 10.6236 11.9847 6.97048
threshold=1.904061838496983 -1.2331510287415954 1.4418583121563724 0.96726304326450252
decision_type=2 2 2 2
left_child=1 3 -3 -1
right_child=-2 2 -4 -5
leaf_value=0.049295668054304145 0.039784802724132914 -0.0035686641237144103 0.02836922130883901 0.0035212574678966397
leaf_weight=8.8045730516314524 8.1198431923985463 417.49669151753187 17.690818265080452 11.149295710027216
leaf_count=44 54 1982 79 55
internal_value=9.26513e-05 -0.000786428 -0.00214652 0.0263699
internal_weight=463.261 455.141 435.188 19.9539
internal_count=2214 2160 2061 99
is_linear=0
shrinkage=0.04


Tree=87
num_leaves=6
num_cat=0
split_feature=106 36 38 28 73
split_gain=10.2476 12.299 23.6729 18.6906 4.78293
threshold=1.2115336143443776 0.33050836492484303 -0.23568941888506198 -0.71937386983379159 0.35632347802895042
decision_type=2 2 2 2 2
left_child=1 3 -3 -1 -2
right_child=4 2 -4 -5 -6
leaf_value=0.036807339426412643 -0.041655657743259217 -0.028104407809583454 0.0047673127977600135 0.0028198968860043143 -0.0038099249310871264
leaf_weight=26.679016694426537 11.222198173403742 55.366115674376488 88.908877193927765 270.95600637793541 9.7058514282107335
leaf_count=129 57 257 400 1314 57
internal_value=0.000109885 0.00145628 -0.00805913 0.00609176 -0.0259672
internal_weight=462.838 441.91 144.275 297.635 20.928
internal_count=2214 2100 657 1443 114
is_linear=0
shrinkage=0.04


Tree=88
num_leaves=5
num_cat=0
split_feature=109 108 89 85
split_gain=9.96349 12.2041 20.1595 14.7244
threshold=-1.2019550775669032 -0.30840846677565198 -0.27843476317117927 -0.25870487816318749
decision_type=2 2 2 2
left_child=-1 3 -3 -2
right_child=1 2 -4 -5
leaf_value=-0.035563612126941126 -0.002319170189100688 -0.015152092402261303 0.0058305604563345173 0.021711790920906363
leaf_weight=10.205549642443655 80.03660637140274 133.43407499790192 157.9053003564477 80.475137449800968
leaf_count=45 351 639 780 399
internal_value=0.000100377 0.00105906 -0.00381733 0.00984806
internal_weight=462.057 451.851 291.339 160.512
internal_count=2214 2169 1419 750
is_linear=0
shrinkage=0.04


Tree=89
num_leaves=8
num_cat=0
split_feature=66 59 83 41 31 45 47
split_gain=9.8813 18.1047 22.3551 15.7129 12.7818 10.5305 4.46661
threshold=0.87229795236717533 0.091605442504533285 0.24957553194873874 0.62733336892455271 -0.7155323446448133 -0.26731445144590316 0.41447726255164802
decision_type=2 2 2 2 2 2 2
left_child=1 3 -3 -1 6 -6 -2
right_child=4 2 -4 -5 5 -7 -8
leaf_value=0.0094701919035618636 0.046369255758544725 -0.033413229264069269 -0.0020633896923486924 -0.018834948240903468 0.026596288047202089 -0.012332312231363256 0.012935584902076018
leaf_weight=187.77803183346987 15.848317153751852 53.091715522110462 108.0826061218977 35.678657598793507 14.253609716892241 33.18868400156498 13.23782157152891
leaf_count=866 75 264 519 172 71 173 74
internal_value=9.21379e-05 -0.00253569 -0.0126732 0.0048238 0.0130278 -3.38203e-05 0.032964
internal_weight=461.159 384.631 161.174 223.457 76.5284 47.4423 29.0861
internal_count=2214 1821 783 1038 393 244 149
is_linear=0
shrinkage=0.04


Tree=90
num_leaves=5
num_cat=0
split_feature=78 45 65 24
split_gain=9.84048 10.5819 24.3367 20.7638
threshold=2.2516145228654776 -0.21259807469932387 -0.68542475367270972 0.47726690751273393
decision_type=2 2 2 2
left_child=1 2 -1 -3
right_child=-2 3 -4 -5
leaf_value=0.048825963749431288 0.035206696107617737 0.00097158689185757843 0.0015220351803159858 -0.0233435832528768
leaf_weight=17.739555336534977 10.427737221121786 209.12243416160345 148.15557208657265 74.764356039464474
leaf_count=86 108 977 693 350
internal_value=9.31463e-05 -0.000873179 0.00710172 -0.00555056
internal_weight=460.21 449.782 165.895 283.887
internal_count=2214 2106 779 1327
is_linear=0
shrinkage=0.04


Tree=91
num_leaves=7
num_cat=0
split_feature=14 35 10 13 28 85
split_gain=9.785 14.6854 19.0456 18.0448 13.0692 16.4032
threshold=-0.59755670992308729 -0.14268984393796696 -0.22033677442196728 -0.027689480683455944 -0.72953917855280459 -0.37257093688768822
decision_type=2 2 2 2 2 2
left_child=4 3 -3 -2 -1 -6
right_child=1 2 -4 -5 5 -7
leaf_value=0.031179059428103454 0.026632223953840156 -0.01707421186250356 0.0066236280601332034 -0.00095078887933975687 -0.043023180923135361 -0.0047020050889373692
leaf_weight=8.5146615803241712 72.541932180523872 93.222808964550495 124.39177944511175 77.029254667460918 23.834684133529663 59.907813243567944
leaf_count=40 356 435 589 393 115 286
internal_value=0.000101098 0.00303748 -0.00359121 0.0126018 -0.0114023 -0.0163581
internal_weight=459.443 367.186 217.615 149.571 92.2572 83.7425
internal_count=2214 1773 1024 749 441 401
is_linear=0
shrinkage=0.04


Tree=92
num_leaves=5
num_cat=0
split_feature=67 61 28 101
split_gain=9.71955 13.1664 18.9869 18.1204
threshold=-1.0275897583376066 0.27912417322712618 0.5677431561142835 -0.34152435171882639
decision_type=2 2 2 2
left_child=-1 3 -3 -2
right_child=1 2 -4 -5
leaf_value=-0.034971170508787883 -0.017612662695475918 0.022953027710917184 -0.015821716045894444 0.0028771115359280137
leaf_weight=10.309641122817991 93.001634173095226 78.707107238471508 25.371521472930908 251.35256409645081
leaf_count=48 453 375 114 1224
internal_value=9.68379e-05 0.00105476 0.0133807 -0.00272642
internal_weight=458.742 448.433 104.079 344.354
internal_count=2214 2166 489 1677
is_linear=0
shrinkage=0.04


Tree=93
num_leaves=6
num_cat=0
split_feature=106 103 14 73 61
split_gain=9.49476 11.4913 12.4926 4.5188 2.96898
threshold=1.2115336143443776 -1.6535367173974849 1.4418583121563724 0.35632347802895042 -1.1462901848146447
decision_type=2 2 2 2 2
left_child=1 4 -3 -2 -1
right_child=3 2 -4 -5 -6
leaf_value=0.045529662496298001 -0.040695923626300159 -0.0014011841705456882 0.032387005987253151 -0.0036358704498909286 0.0085165481967706489
leaf_weight=9.2654057368636114 10.939603164792063 405.2213130146265 16.294786036014557 9.5977458432316762 6.608905963599681
leaf_count=81 57 1904 73 57 42
internal_value=8.56495e-05 0.00138408 5.17602e-05 -0.0252362 0.0327973
internal_weight=457.928 437.39 421.516 20.5373 15.8743
internal_count=2214 2100 1977 114 123
is_linear=0
shrinkage=0.04


Tree=94
num_leaves=6
num_cat=0
split_feature=73 97 71 102 37
split_gain=9.42723 10.203 13.1377 12.7937 3.09728
threshold=-0.6206804271550822 0.50818782767936888 -0.74501920054796023 0.057445225116055494 -0.28110034410914581
decision_type=2 2 2 2 2
left_child=4 2 -2 -3 -1
right_child=1 3 -4 -5 -6
leaf_value=-0.0070184984067276747 0.028377931685780827 -0.023725686419397762 0.0017866975719586992 0.0080330129487340748 -0.041048163439780593
leaf_weight=8.5545295402407664 30.738045379519463 49.40151184797287 327.32427982985973 32.21654786169529 9.1458625346422178
leaf_count=42 165 255 1551 159 42
internal_value=8.96263e-05 0.00129679 0.00421438 -0.0112975 -0.0269839
internal_weight=457.381 439.68 358.062 81.6181 17.7004
internal_count=2214 2130 1716 414 84
is_linear=0
shrinkage=0.04


Tree=95
num_leaves=7
num_cat=0
split_feature=66 59 61 28 28 34
split_gain=9.12067 16.5225 17.6566 16.3584 12.6829 16.3443
threshold=0.87229795236717533 0.091605442504533285 -1.0924639753515051 0.72496408765313647 0.99727618878884072 0.16059570588440014
decision_type=2 2 2 2 2 2
left_child=1 3 -3 -1 5 -2
right_child=4 2 -4 -5 -6 -7
leaf_value=0.0090448638330648465 0.01554381862777412 0.0090149590255882081 -0.020354637503798508 -0.021310073385425791 0.052047094744947557 -0.031795551126613683
leaf_weight=190.30719332396984 53.686496771872044 44.125550128519535 115.12008110433817 31.390801787376404 9.1872790828347188 12.808945246040819
leaf_count=894 279 216 567 144 51 63
internal_value=8.00274e-05 -0.00245541 -0.0122057 0.00459473 0.0125766 0.00576275
internal_weight=456.626 380.944 159.246 221.698 75.6827 66.4954
internal_count=2214 1821 783 1038 393 342
is_linear=0
shrinkage=0.04


Tree=96
num_leaves=5
num_cat=0
split_feature=71 24 25 48
split_gain=9.26642 10.8307 14.3094 6.89687
threshold=2.9464604070579115 1.1219980728024699 0.5196217049651658 0.1906233241407366
decision_type=2 2 2 2
left_child=1 2 -1 -2
right_child=3 -3 -4 -5
leaf_value=0.0013699282453897683 0.039331505604871989 0.028122094753654726 -0.016308500016572389 -0.0034045860701921245
leaf_weight=322.24995056912303 14.165772937238218 17.158442623913288 92.713935717940331 9.1734416335821134
leaf_count=1581 77 79 437 40
internal_value=7.89481e-05 -0.0012938 -0.00263918 0.0235912
internal_weight=455.462 432.122 414.964 23.3392
internal_count=2214 2097 2018 117
is_linear=0
shrinkage=0.04


Tree=97
num_leaves=5
num_cat=0
split_feature=67 61 101 40
split_gain=9.19557 11.532 16.3179 14.4461
threshold=-1.0275897583376066 0.27912417322712618 -0.34152435171882639 -0.26308013022493876
decision_type=2 2 2 2
left_child=-1 2 -2 -3
right_child=1 3 -4 -5
leaf_value=-0.034195433209829228 -0.016739637100239554 0.030122825051215021 0.00279670402898391 7.7991599231348575e-05
leaf_weight=10.18812085688114 92.047741934657097 41.882097385823727 249.35545261576772 61.503537639975548
leaf_count=48 453 212 1224 277
internal_value=8.46195e-05 0.00101938 -0.00253742 0.01259
internal_weight=454.977 444.789 341.403 103.386
internal_count=2214 2166 1677 489
is_linear=0
shrinkage=0.04


Tree=98
num_leaves=7
num_cat=0
split_feature=28 36 101 109 77 7
split_gain=8.95488 20.0691 14.1484 15.593 11.8619 4.8553
threshold=-0.71937386983379159 0.43905298615250571 -0.71516355745180593 -1.0154268534196078 -0.074512939140893755 -0.57932062481571089
decision_type=2 2 2 2 2 2
left_child=1 5 4 -4 -2 -1
right_child=2 -3 3 -5 -6 -7
leaf_value=0.054116252064381545 -0.00016351145329998324 -0.022481064331832012 -0.033371056978056687 0.0030551346353767457 -0.038298081978008679 0.018481840401188023
leaf_weight=11.277122616767882 23.806480288505554 12.566830858588217 17.885226771235466 343.99561265483499 26.9324581772089 17.668895661830906
leaf_count=56 114 56 81 1682 139 86
internal_value=7.83598e-05 0.0173408 -0.00173365 0.00108132 -0.0210902 0.0349649
internal_weight=454.133 41.5128 412.62 361.881 50.7389 28.946
internal_count=2214 198 2016 1763 253 142
is_linear=0
shrinkage=0.04


Tree=99
num_leaves=8
num_cat=0
split_feature=45 25 79 37 36 53 11
split_gain=9.07217 20.6083 16.3235 17.774 16.1498 16.1094 15.3255
threshold=-0.21259807469932387 0.40784187115280757 -0.33518789573397184 0.88022123439986066 0.40289611795142904 -0.29999999999999999 -0.41056553068017959
decision_type=2 2 2 2 2 2 2
left_child=2 5 3 -1 -4 -2 -3
right_child=1 6 4 -5 -6 -7 -8
leaf_value=0.035345039117572426 -0.010689810165595509 0.0069505475438080989 0.0066084162770795188 -0.023160520352235078 -0.029399357247952503 0.012416690119568381 -0.0295687988630342
leaf_weight=44.436474934220314 79.325065106153488 24.281547725200653 90.077316898852587 8.6595201343297941 23.438045367598534 117.00668400526047 66.09293157607317
leaf_count=215 376 113 439 40 116 603 312
internal_value=7.16129e-05 -0.00423418 0.0074434 0.0253089 -0.00120657 0.00306718 -0.0198188
internal_weight=453.318 286.706 166.611 53.096 113.515 196.332 90.3745
internal_count=2214 1404 810 255 555 979 425
is_linear=0
shrinkage=0.04


Tree=100
num_leaves=7
num_cat=0
split_feature=14 47 48 63 105 18
split_gain=9.14018 19.4027 12.7999 12.7818 12.2735 1.74355
threshold=-0.59755670992308729 -0.76606014204915762 -1.0471835254374771 0.51473243286814341 -0.72862242716436787 -0.84630267551888749
decision_type=2 2 2 2 2 2
left_child=1 -1 5 -4 -3 -2
right_child=2 4 3 -5 -6 -7
leaf_value=0.028620793559884956 0.014131064186232792 0.01415664636186453 0.0054020388716629142 -0.012539365356368168 -0.026436805901916705 0.043395369642174789
leaf_weight=14.549226462841032 8.0972819998860377 13.241925336420534 260.7290234901011 81.808981776237488 63.223024290055037 10.729573525488375
leaf_count=70 44 63 1282 396 308 51
internal_value=6.29187e-05 -0.0111259 0.00292667 0.00106914 -0.0192253 0.0333747
internal_weight=452.379 91.0142 361.365 342.538 76.4649 18.8269
internal_count=2214 441 1773 1678 371 95
is_linear=0
shrinkage=0.04


Tree=101
num_leaves=7
num_cat=0
split_feature=36 28 36 14 7 82
split_gain=8.74611 9.97411 17.6613 14.4475 6.71324 2.37567
threshold=-1.1526974039224329 -0.70743469816550741 0.43905298615250571 -0.43035983579828702 1.187536940831132 0.49038652664085308
decision_type=2 2 2 2 2 2
left_child=4 2 -2 -3 5 -1
right_child=1 3 -4 -5 -6 -7
leaf_value=0.047433480160484161 0.032346319060001849 -0.016246777210814297 -0.021355772841897352 0.0012498514971149375 -0.0068840143536527537 0.014653096565483836
leaf_weight=9.0624789595603996 30.391441971063614 101.09183086454868 12.422876194119452 281.30181975662708 8.4704419896006566 9.0003567077219468
leaf_count=42 151 495 56 1377 43 50
internal_value=7.21776e-05 -0.00136021 0.0165066 -0.00343613 0.0215132 0.0341886
internal_weight=451.741 425.208 42.8143 382.394 26.5333 18.0628
internal_count=2214 2079 207 1872 135 92
is_linear=0
shrinkage=0.04


Tree=102
num_leaves=5
num_cat=0
split_feature=67 101 77 42
split_gain=8.73469 10.803 18.2094 11.4283
threshold=-1.0275897583376066 0.31925519032288951 1.0724137575065484 0.16399670397974023
decision_type=2 2 2 2
left_child=-1 2 -2 -3
right_child=1 3 -4 -5
leaf_value=-0.033549062789467413 -0.0059370417740440508 0.019630468715071882 0.04046726175109084 -0.0017753040402052904
leaf_weight=10.032063528895376 271.53797491639853 80.831976160407066 12.247788541018961 76.416509576141834
leaf_count=48 1320 401 87 358
internal_value=7.88307e-05 0.000991752 -0.00366511 0.00933646
internal_weight=451.066 441.034 283.786 157.248
internal_count=2214 2166 1407 759
is_linear=0
shrinkage=0.04


Tree=103
num_leaves=5
num_cat=0
split_feature=78 103 37 14
split_gain=8.5927 9.3679 14.4204 11.978
threshold=2.2516145228654776 0.028247127228460376 -0.48253566059643443 -1.4565885835858434
decision_type=2 2 2 2
left_child=1 2 -1 -3
right_child=-2 3 -4 -5
leaf_value=0.010354904558589284 0.034086505563414478 -0.027881003993028265 -0.012331900285883417 0.0078428263942919435
leaf_weight=59.056771390140057 9.5848479494452459 14.283573657274244 168.920778863132 198.27884697914124
leaf_count=288 108 62 801 955
internal_value=7.98361e-05 -0.000810754 -0.00641602 0.00520478
internal_weight=450.125 440.54 227.978 212.562
internal_count=2214 2106 1089 1017
is_linear=0
shrinkage=0.04


Tree=104
num_leaves=8
num_cat=0
split_feature=45 24 11 82 71 109 85
split_gain=8.55471 18.7002 16.6393 13.2038 11.6475 19.6552 7.38299
threshold=-0.21259807469932387 0.46223682089254942 -0.46590513518110871 -0.62249151020531301 0.87585714004781012 -0.11433513665800958 0.17938192917748899
decision_type=2 2 2 2 2 2 2
left_child=4 3 -3 -2 5 -1 -6
right_child=1 2 -4 -5 6 -7 -8
leaf_value=0.017467863455980229 0.025609896118566036 0.01307429381701364 -0.03071610365373276 -0.0021524530071192912 0.00036858137129124963 -0.01262879110823154 0.041717602054033957
leaf_weight=65.742945447564125 30.339260563254356 16.753736197948456 58.712503835558891 178.30875165760517 10.076915651559831 69.256886318325996 20.23003789037466
leaf_count=304 156 78 284 886 47 363 96
internal_value=7.91072e-05 -0.00412269 -0.0209079 0.00208926 0.00726373 0.00206888 0.0288432
internal_weight=449.421 284.114 75.4662 208.648 165.307 135 30.307
internal_count=2214 1404 362 1042 810 667 143
is_linear=0
shrinkage=0.04


Tree=105
num_leaves=6
num_cat=0
split_feature=36 85 45 94 107
split_gain=8.39508 9.84783 16.1466 13.5253 6.62842
threshold=-1.2331510287415954 0.3013590063364488 -1.7232955592596613 0.67760794851264339 0.75052973015497748
decision_type=2 2 2 2 2
left_child=4 3 -3 -2 -1
right_child=1 2 -4 -5 -6
leaf_value=0.044401794748705349 0.0050329098144925753 0.040227077554919353 -0.020434783773413647 -0.015845230381453065 -0.00043048895141005185
leaf_weight=9.9154727533459681 300.13430248945951 5.9689463488757601 65.795979171991348 57.424479193985462 9.4019515924155694
leaf_count=47 1433 34 341 307 52
internal_value=8.5104e-05 -0.00112632 -0.0144354 0.00161036 0.0245883
internal_weight=448.641 429.324 71.7649 357.559 19.3174
internal_count=2214 2115 375 1740 99
is_linear=0
shrinkage=0.04


Tree=106
num_leaves=5
num_cat=0
split_feature=78 76 14 28
split_gain=8.25303 8.88539 12.1591 10.3359
threshold=2.2516145228654776 0.1935682555280536 -1.1760583315805107 -0.72953917855280459
decision_type=2 2 2 2
left_child=1 2 -1 -3
right_child=-2 3 -4 -5
leaf_value=-0.024040099769119656 0.03376070907256884 0.018863952694421586 0.0060211219654966079 -0.011877834538822065
leaf_weight=21.515324175357819 9.3552594333887082 18.097394675016403 256.6779211461544 142.27585089951754
leaf_count=96 108 86 1227 697
internal_value=9.11576e-05 -0.000777063 0.0035412 -0.00821914
internal_weight=447.922 438.566 278.193 160.373
internal_count=2214 2106 1323 783
is_linear=0
shrinkage=0.04


Tree=107
num_leaves=7
num_cat=0
split_feature=36 59 28 100 26 10
split_gain=8.25206 10.7406 21.4785 19.7508 9.62892 4.10601
threshold=-1.0248931855678161 -0.34228458102866938 0.70486003132904085 1.0004530121624549 -1.0931280206881484 0.81169272739515319
decision_type=2 2 2 2 2 2
left_child=4 2 -2 -3 -1 -6
right_child=1 3 -4 -5 5 -7
leaf_value=-0.022606562547409632 0.015939814556297803 -0.0096574586926818414 -0.02449446325864562 0.023372557924610345 0.034890879608085061 0.0019163905415908874
leaf_weight=6.2445579916238776 103.41725632548332 251.67096912488341 24.374159917235374 30.781068935990334 22.56833237409592 8.3335713222622854
leaf_count=33 504 1254 116 151 113 43
internal_value=9.19111e-05 -0.00157511 0.00796902 -0.00591889 0.0176423 0.0266554
internal_weight=447.39 410.243 127.791 282.452 37.1465 30.9019
internal_count=2214 2025 620 1405 189 156
is_linear=0
shrinkage=0.04


Tree=108
num_leaves=6
num_cat=0
split_feature=84 85 85 33 42
split_gain=8.26021 13.6089 12.6428 12.6166 9.89694
threshold=0.98059249785322089 0.3013590063364488 -0.25870487816318749 -0.63151016309443131 -0.11901084097590077
decision_type=2 2 2 2 2
left_child=1 2 -1 -3 -2
right_child=4 3 -4 -5 -6
leaf_value=-0.0055262596255120982 0.045644032720617227 0.014274424950250102 0.0093474579941432157 -0.026669387259093666 -0.008723049181838664
leaf_weight=180.33476340770721 11.322843652218582 14.173689626157282 181.55404400080442 51.176578864455223 8.0380719155073148
leaf_count=855 76 71 906 262 44
internal_value=9.22058e-05 -0.00111635 0.00194602 -0.017629 0.0243691
internal_weight=446.6 427.239 361.889 65.3503 19.3609
internal_count=2214 2094 1761 333 120
is_linear=0
shrinkage=0.04


Tree=109
num_leaves=7
num_cat=0
split_feature=45 65 24 71 10 61
split_gain=8.15094 19.9926 17.2145 14.7989 14.5534 12.8595
threshold=-0.21259807469932387 -0.68542475367270972 0.46223682089254942 0.87585714004781012 1.006836565815761 -1.0964145119281392
decision_type=2 2 2 2 2 2
left_child=1 -1 5 -3 -4 -2
right_child=2 3 4 -5 -6 -7
leaf_value=0.045768556320981826 0.028316201625261037 -0.0043227744247702118 -0.027142487208683282 0.026576084266123581 0.021468289835011187 -0.0017610098562220516
leaf_weight=16.987360469996929 23.935124602168798 117.58005810156465 64.622171923518181 29.3049351349473 10.031951665878294 183.40478651225567
leaf_count=88 147 582 315 140 47 895
internal_value=9.37056e-05 0.00713844 -0.00402157 0.00211603 -0.0202205 0.00194843
internal_weight=445.866 163.872 281.994 146.885 74.6541 207.34
internal_count=2214 810 1404 722 362 1042
is_linear=0
shrinkage=0.04


Tree=110
num_leaves=7
num_cat=0
split_feature=71 70 35 67 28 39
split_gain=7.91569 9.83186 17.3754 12.3698 8.32445 0.948475
threshold=-0.84179048770830478 0.22520298979126765 0.56445245679938194 -0.74807155113225943 -0.21358730151177865 -0.6365475326070078
decision_type=2 2 2 2 2 2
left_child=4 3 -3 -2 5 -1
right_child=1 2 -4 -5 -6 -7
leaf_value=0.018140993014618825 -0.028585540336505812 -0.00029237848169089516 0.031591401111407409 -0.0026212960950717074 -0.008128877249276429 0.047800029793696526
leaf_weight=6.6875044852495185 31.761008366942406 127.29874126240611 32.817313835024834 229.44951954111457 8.8551518246531469 8.2050537019968051
leaf_count=35 159 640 146 1134 54 46
internal_value=0.00010627 -0.00120392 0.00655162 -0.00597155 0.0216393 0.0382063
internal_weight=445.074 421.327 160.116 261.211 23.7477 14.8926
internal_count=2214 2079 786 1293 135 81
is_linear=0
shrinkage=0.04


Tree=111
num_leaves=5
num_cat=0
split_feature=109 13 36 14
split_gain=7.75024 9.91733 17.7017 13.7982
threshold=-1.2019550775669032 -0.29708657053247894 0.35137885014043524 1.1701035991623434
decision_type=2 2 2 2
left_child=-1 2 -2 -3
right_child=1 3 -4 -5
leaf_value=-0.032116461263556204 0.018965828615435262 -0.0058829463138264987 -0.012722906789685764 0.022502475990734218
leaf_weight=9.6289928555488569 96.098474785685539 272.32178273051977 37.969527930021286 28.469212219119072
leaf_count=45 486 1369 183 131
internal_value=0.000112703 0.000970113 0.00993614 -0.00306544
internal_weight=444.488 434.859 134.068 300.791
internal_count=2214 2169 669 1500
is_linear=0
shrinkage=0.04


Tree=112
num_leaves=6
num_cat=0
split_feature=71 24 84 27 24
split_gain=7.93636 10.3294 11.7265 6.62241 1.19975
threshold=2.9464604070579115 1.1219980728024699 0.98059249785322089 0.42742988792058806 -0.33236246056645097
decision_type=2 2 2 2 2
left_child=1 2 -1 4 -2
right_child=3 -3 -4 -5 -6
leaf_value=-0.0040229597003343491 0.016580627164150201 0.027848850279749846 0.027513193682211445 -0.0056471740114343088 0.047741860696869989
leaf_weight=386.89790078625083 6.5048938542604446 16.769382402300835 17.841377131640911 8.2249258011579496 7.6406471505761164
leaf_count=1907 42 79 111 37 38
internal_value=0.000106804 -0.00117097 -0.00250436 0.0223031 0.0372412
internal_weight=443.879 421.509 404.739 22.3705 14.1455
internal_count=2214 2097 2018 117 80
is_linear=0
shrinkage=0.04


Tree=113
num_leaves=6
num_cat=0
split_feature=106 103 76 77 7
split_gain=7.71636 9.95334 9.93975 3.02693 2.90013
threshold=1.2115336143443776 -1.6535367173974849 0.1935682555280536 0.25935059645757608 0.23099527660992203
decision_type=2 2 2 2 2
left_child=1 3 -3 -1 -2
right_child=4 2 -4 -5 -6
leaf_value=0.0031603121416495499 -0.0049874231770164019 0.0048096285293805687 -0.0080411901488669224 0.042282401418517059 -0.036071113286213874
leaf_weight=4.7669264972209922 9.0945857502520102 258.66728976368904 150.72488443925977 9.9802697710692865 10.295545198023317
leaf_count=24 53 1230 747 99 61
internal_value=0.000122811 0.00129902 6.22836e-05 0.0315241 -0.0233214
internal_weight=443.53 424.139 409.392 14.7472 19.3901
internal_count=2214 2100 1977 123 114
is_linear=0
shrinkage=0.04


Tree=114
num_leaves=6
num_cat=0
split_feature=73 45 65 25 20
split_gain=7.63081 9.28624 17.7508 15.1526 2.79909
threshold=-0.6206804271550822 -0.21259807469932387 -0.68542475367270972 0.40784187115280757 0.15423829122907864
decision_type=2 2 2 2 2
left_child=4 2 -2 -3 -1
right_child=1 3 -4 -5 -6
leaf_value=-0.0067094346880212574 0.045973709006112473 0.0030433724971154477 0.0040131433265770339 -0.017331920460071763 -0.039294159141113165
leaf_weight=8.9746409729123133 16.321095019578934 187.58092486485839 139.4627477042377 82.501754239201546 8.0789799839258176
leaf_count=40 87 958 686 399 44
internal_value=0.000118466 0.00122091 0.00893627 -0.00326229 -0.0246504
internal_weight=442.92 425.867 155.784 270.083 17.0536
internal_count=2214 2130 773 1357 84
is_linear=0
shrinkage=0.04


Tree=115
num_leaves=5
num_cat=0
split_feature=71 24 35 38
split_gain=7.54248 9.60741 11.6712 6.38983
threshold=2.9464604070579115 1.1219980728024699 1.0820151005153165 0.95578817996610466
decision_type=2 2 2 2
left_child=1 2 -1 -2
right_child=3 -3 -4 -5
leaf_value=-0.00081226028649988499 0.003659164406663929 0.026901708261752557 -0.031133868782685047 0.045866897881391887
leaf_weight=383.91027700528502 13.932415440678598 16.706061564385891 19.453549683094025 8.2398142218589765
leaf_count=1926 67 79 92 50
internal_value=0.000112104 -0.00113291 -0.00242101 0.0218419
internal_weight=442.242 420.07 403.364 22.1722
internal_count=2214 2097 2018 117
is_linear=0
shrinkage=0.04


Tree=116
num_leaves=8
num_cat=0
split_feature=14 35 10 39 104 94 85
split_gain=7.58858 11.377 17.7966 15.9748 11.0828 8.75869 7.94841
threshold=-0.59755670992308729 -0.14268984393796696 -0.22033677442196728 -0.022729024889398174 0.20544821122744808 0.58662943452284055 0.15277947478933909
decision_type=2 2 2 2 2 2 2
left_child=4 3 -3 -2 5 -1 -6
right_child=1 2 -4 -5 6 -7 -8
leaf_value=0.0096035621426201027 0.024751532340341473 -0.016490477918701656 0.0068527043371614128 -0.0017138444358577567 -0.038787509571902315 -0.028190961698732201 0.0015243479784644717
leaf_weight=43.012870419770479 69.970322355628014 89.535484813153744 119.97628598660231 73.536140214651823 24.428445056080818 10.549360252916811 10.90935744345188
leaf_count=207 359 435 589 390 119 55 60
internal_value=0.000115815 0.0027557 -0.00318468 0.0113529 -0.010197 0.00141293 -0.0269275
internal_weight=441.918 353.018 209.512 143.506 88.9 53.5622 35.3378
internal_count=2214 1773 1024 749 441 262 179
is_linear=0
shrinkage=0.04


Tree=117
num_leaves=7
num_cat=0
split_feature=28 35 40 85 40 35
split_gain=7.56357 15.0621 14.327 12.4467 21.4346 18.4509
threshold=-0.71937386983379159 0.36648674908540541 -0.33622429475222876 -0.25870487816318749 -0.27020008536062279 -0.14268984393796696
decision_type=2 2 2 2 2 2
left_child=1 2 -1 5 -5 -2
right_child=3 -3 -4 4 -6 -7
leaf_value=-0.0057170768443633134 0.0074873925412416008 -0.013918144059924618 0.055265273918511763 0.026574865840784643 -0.0020785400266591812 -0.021361302401579314
leaf_weight=8.8937764614820463 55.165990665555 15.246504381299017 15.820093408226969 50.572679601609707 202.15739134699106 93.377995759248734
leaf_count=51 261 69 78 264 1041 450
internal_value=0.000103559 0.0162656 0.0345346 -0.00157861 0.0038188 -0.0106904
internal_weight=441.234 39.9604 24.7139 401.274 252.73 148.544
internal_count=2214 198 129 2016 1305 711
is_linear=0
shrinkage=0.04


Tree=118
num_leaves=8
num_cat=0
split_feature=97 91 40 101 9 102 42
split_gain=7.4415 10.5722 14.3053 10.7297 10.2251 10.8899 10.7904
threshold=0.50818782767936888 0.067226730334897344 -0.076872434089258215 -0.34152435171882639 -0.32643706113006704 0.057445225116055494 0.23349983082252088
decision_type=2 2 2 2 2 2 2
left_child=1 3 -3 -1 5 -2 -6
right_child=4 2 -4 -5 6 -7 -8
leaf_value=-0.015331289978224425 -0.012172767669753009 0.031812072340510984 0.002483949810658196 0.0030831753628214192 -0.037522835398122567 0.033059658695914609 0.00068393496471159845
leaf_weight=69.202592514455318 19.081846565008167 37.933682568371296 80.905106887221336 173.56201769784093 27.638666152954102 12.39963788539171 19.562951661646366
leaf_count=336 96 204 381 879 147 65 106
internal_value=0.000108549 0.00254664 0.0122171 -0.00224844 -0.0108815 0.00655355 -0.0223037
internal_weight=440.287 361.603 118.839 242.765 78.6831 31.4815 47.2016
internal_count=2214 1800 585 1215 414 161 253
is_linear=0
shrinkage=0.04


Tree=119
num_leaves=6
num_cat=0
split_feature=71 73 101 53 47
split_gain=7.48407 9.12898 12.8543 12.6616 6.76548
threshold=-0.84179048770830478 0.078437361200838704 0.19329333759602985 0.50000000000000011 -0.24527438587206102
decision_type=2 2 2 2 2
left_child=4 2 -2 -3 -1
right_child=1 3 -4 -5 -6
leaf_value=0.042131370166264247 -0.016076364000861623 0.00070498381670927731 0.0030284038706602087 0.028499585421530318 0.00063303942323367061
leaf_weight=10.519735731184484 112.26821354031563 164.3362753354013 110.11543902009726 29.22707949206233 12.748288020491598
leaf_count=62 546 825 513 195 73
internal_value=0.000105496 -0.00117303 -0.00667378 0.00515037 0.0212446
internal_weight=439.215 415.947 222.384 193.563 23.268
internal_count=2214 2079 1059 1020 135
is_linear=0
shrinkage=0.04


end of trees

feature_importances:
Column_36=39
Column_78=39
Column_59=32
Column_101=32
Column_28=29
Column_14=27
Column_73=26
Column_71=23
Column_97=20
Column_42=18
Column_90=18
Column_103=18
Column_67=17
Column_35=16
Column_72=14
Column_37=13
Column_53=13
Column_85=13
Column_106=13
Column_10=12
Column_40=12
Column_61=12
Column_45=11
Column_47=10
Column_24=9
Column_25=9
Column_102=9
Column_34=7
Column_77=7
Column_11=6
Column_33=6
Column_82=6
Column_89=6
Column_94=6
Column_109=6
Column_48=5
Column_66=5
Column_70=5
Column_108=5
Column_7=4
Column_32=4
Column_65=4
Column_84=4
Column_38=3
Column_51=3
Column_76=3
Column_88=3
Column_96=3
Column_100=3
Column_105=3
Column_107=3
Column_9=2
Column_13=2
Column_15=2
Column_20=2
Column_26=2
Column_27=2
Column_39=2
Column_41=2
Column_46=2
Column_79=2
Column_83=2
Column_4=1
Column_17=1
Column_18=1
Column_31=1
Column_56=1
Column_57=1
Column_60=1
Column_62=1
Column_63=1
Column_91=1
Column_95=1
Column_104=1

parameters:
[boosting: gbdt]
[objective: binary]
[metric: binary_logloss]
[tree_learner: serial]
[device_type: cpu]
[data_sample_strategy: bagging]
[data: ]
[valid: ]
[num_iterations: 120]
[learning_rate: 0.04]
[num_leaves: 15]
[num_threads: 2]
[seed: 42]
[deterministic: 0]
[force_col_wise: 0]
[force_row_wise: 0]
[histogram_pool_size: -1]
[max_depth: 3]
[min_data_in_leaf: 40]
[min_sum_hessian_in_leaf: 0.001]
[bagging_fraction: 0.85]
[pos_bagging_fraction: 1]
[neg_bagging_fraction: 1]
[bagging_freq: 0]
[bagging_seed: 400]
[bagging_by_query: 0]
[feature_fraction: 0.8]
[feature_fraction_bynode: 1]
[feature_fraction_seed: 30056]
[extra_trees: 0]
[extra_seed: 12879]
[early_stopping_round: 0]
[early_stopping_min_delta: 0]
[first_metric_only: 0]
[max_delta_step: 0]
[lambda_l1: 0]
[lambda_l2: 2]
[linear_lambda: 0]
[min_gain_to_split: 0]
[drop_rate: 0.1]
[max_drop: 50]
[skip_drop: 0.5]
[xgboost_dart_mode: 0]
[uniform_drop: 0]
[drop_seed: 17869]
[top_rate: 0.2]
[other_rate: 0.1]
[min_data_per_group: 100]
[max_cat_threshold: 32]
[cat_l2: 10]
[cat_smooth: 10]
[max_cat_to_onehot: 4]
[top_k: 20]
[monotone_constraints: ]
[monotone_constraints_method: basic]
[monotone_penalty: 0]
[feature_contri: ]
[forcedsplits_filename: ]
[refit_decay_rate: 0.9]
[cegb_tradeoff: 1]
[cegb_penalty_split: 0]
[cegb_penalty_feature_lazy: ]
[cegb_penalty_feature_coupled: ]
[path_smooth: 0]
[interaction_constraints: ]
[verbosity: -1]
[saved_feature_importance_type: 0]
[use_quantized_grad: 0]
[num_grad_quant_bins: 4]
[quant_train_renew_leaf: 0]
[stochastic_rounding: 1]
[linear_tree: 0]
[max_bin: 255]
[max_bin_by_feature: ]
[min_data_in_bin: 3]
[bin_construct_sample_cnt: 200000]
[data_random_seed: 175]
[is_enable_sparse: 1]
[enable_bundle: 1]
[use_missing: 1]
[zero_as_missing: 0]
[feature_pre_filter: 1]
[pre_partition: 0]
[two_round: 0]
[header: 0]
[label_column: ]
[weight_column: ]
[group_column: ]
[ignore_column: ]
[categorical_feature: ]
[forcedbins_filename: ]
[precise_float_parser: 0]
[parser_config_file: ]
[objective_seed: 16083]
[num_class: 1]
[is_unbalance: 0]
[scale_pos_weight: 1]
[sigmoid: 1]
[boost_from_average: 1]
[reg_sqrt: 0]
[alpha: 0.9]
[fair_c: 1]
[poisson_max_delta_step: 0.7]
[tweedie_variance_power: 1.5]
[lambdarank_truncation_level: 30]
[lambdarank_norm: 1]
[label_gain: ]
[lambdarank_position_bias_regularization: 0]
[eval_at: ]
[multi_error_top_k: 1]
[auc_mu_weights: ]
[num_machines: 1]
[local_listen_port: 12400]
[time_out: 120]
[machine_list_filename: ]
[machines: ]
[gpu_platform_id: -1]
[gpu_device_id: -1]
[gpu_device_id_list: ]
[gpu_use_dp: 0]
[num_gpu: 1]

end of parameters

pandas_categorical:null
