tree
version=v4
num_class=1
num_tree_per_iteration=1
label_index=0
max_feature_idx=126
objective=quantile
feature_names=Column_0 Column_1 Column_2 Column_3 Column_4 Column_5 Column_6 Column_7 Column_8 Column_9 Column_10 Column_11 Column_12 Column_13 Column_14 Column_15 Column_16 Column_17 Column_18 Column_19 Column_20 Column_21 Column_22 Column_23 Column_24 Column_25 Column_26 Column_27 Column_28 Column_29 Column_30 Column_31 Column_32 Column_33 Column_34 Column_35 Column_36 Column_37 Column_38 Column_39 Column_40 Column_41 Column_42 Column_43 Column_44 Column_45 Column_46 Column_47 Column_48 Column_49 Column_50 Column_51 Column_52 Column_53 Column_54 Column_55 Column_56 Column_57 Column_58 Column_59 Column_60 Column_61 Column_62 Column_63 Column_64 Column_65 Column_66 Column_67 Column_68 Column_69 Column_70 Column_71 Column_72 Column_73 Column_74 Column_75 Column_76 Column_77 Column_78 Column_79 Column_80 Column_81 Column_82 Column_83 Column_84 Column_85 Column_86 Column_87 Column_88 Column_89 Column_90 Column_91 Column_92 Column_93 Column_94 Column_95 Column_96 Column_97 Column_98 Column_99 Column_100 Column_101 Column_102 Column_103 Column_104 Column_105 Column_106 Column_107 Column_108 Column_109 Column_110 Column_111 Column_112 Column_113 Column_114 Column_115 Column_116 Column_117 Column_118 Column_119 Column_120 Column_121 Column_122 Column_123 Column_124 Column_125 Column_126
feature_infos=[-4.497096209522546:4.534829326803818] [-3.8332010244198829:3.5977152765692977] [-3.7000116802525445:3.6306702116709806] [-3.4358384130152437:3.2149479116885717] [-3.1882207648169469:2.6013806631521663] [-2.1919126206121655:2.4921099643649489] [-3.3676844764142877:3.2692372959240403] [-1.2039454751569332:3.5722341146935825] [-1.6183397517778808:1.6056012496856995] [-3.1105474581487842:2.6657297554840818] [-1.2960148207776232:3.7880276896786964] [-2.3958489326853174:2.6090080997601537] [-2.1088480546064221:2.5142411964422404] [-1.396586344120389:2.7586565603051585] [-2.489982154342846:2.9402920762996292] [-1.6091913126368276:1.4724597217278943] [-1.663147065042218:1.7738446747538177] [-1.0477558860438423:0.67874358317543071] [-1.1141057012581213:0.70067956184274649] [-1.0477558860438423:0.67874358317543049] [-2.354922537309498:2.2898924614925735] [-3.1786127874906289:3.4676326827826767] [-2.8734722283890854:2.8476770900985282] [-1.9787084151352503:2.8172049715358827] [-2.1916229829428979:1.8313403683742111] [-2.0695429285748759:1.8502110640598495] [-3.2619273879536097:2.2185941014367683] [-1.8141680463389467:1.5072627872669231] [-0.96077067833288365:2.8027353206856418] [-3.5396068131328886:3.3297677344084251] [-3.2633817762655331:2.7816145058739434] [-2.5193698836741083:2.2157334625835654] [-2.477383429473019:2.3696729554500022] [-1.9948193153183087:2.4148002192623848] [-2.1512182619337401:2.2614952234834949] [-1.9137302661075914:2.0193826091684923] [-2.0504745821793078:2.2674051833097044] [-1.2200467354854707:2.9568057850127905] [-1.2857762944999884:3.6272706933052019] [-1.41686262998802:2.7008868887811737] [-1.2734129450861393:1.781497902710679] [-1.8519431121539809:1.6208388440832202] [-1.8428059719509633:1.6872783929802704] [-1.9819287734284832:11.94936455774212] [-587.23974358794612:93.679992737018594] [-499.8007075699436:104.0333000812773] [-664.02353726319518:48.839344416831288] [-1.140613815276649:3.4008501685061816] [-1.8867503945524624:1.7279836008388154] [-1.1507143969459324:6.0961046369601091] [-3.8187019361766965:4.5241902832992809] [-9.8852839726145927:8.1992429049973783] [-1:1] [-0.83333333333333337:1] [0:1] [0:1] [-3.457591931626625:4.1809470269489708] [-4.04487296401122:2.3153316023359527] [-2.2163548345920399:1.4999853255570301] [-0.9962102821842912:2.1810851378615914] [-2.2345566264194998:1.2455717944136615] [-1.578038559056409:0.3651565863277339] [-3.1837103748603157:3.6474458774786176] [-2.7499623637723727:2.4863630179937402] [-2.2284726169025761:1.7348887482913355] [-5.1121732933419208:4.5420415239390026] [-4.675036782586516:3.0949473160234247] [-3.3518923243976966:2.7515445609664826] [-1.1701034779507671:2.6336312087267797] [-2.1598964571815982:2.2419895107285677] [-2.3883316448687357:0.66297485391520694] [-3.839641282579318:4.3921296557900229] [-5.8506618180212042:4.7980435197795765] [-2.9889944489203684:3.9114918171609041] [-3.3952701838725381:2.2546453152646309] [-2.2859011162599443:1.5953307617269883] [-0.95580766908400439:2.0716476478396011] [-2.061285997903505:1.2647415606854866] [-1.3597934283273834:0.38781830179323967] [-4.5607568212535909:7.1488983604798202] [-4.1986885779024519:5.8414894875896399] [-2.4531135502516488:4.1682822038530229] [-1.3292785172915218:4.8773801141484885] [-1.2146698993511582:7.8497601630717186] [-1.0131473937467974:2.2394053655872646] [-6.5830441522479246:6.796683733600692] [-4.5407276548342699:3.5578563410408837] [-2.669556410677199:3.7101693850992219] [-1.1892236405455214:3.3819152663808327] [-1.6965938219937469:4.3589775364928087] [-0.76447896907001012:1.9528834412631126] [-10.745427286012649:10.536822559719059] [-5.8675751389474531:5.1279570638179104] [-3.5683471466414263:3.9783401351374499] [-0.99514770193677193:3.0604880367849359] [-2.105821587815377:4.1138580331885413] [-1.1973609404574275:0.76239618052518776] [-3.944018073326907:2.9597523868218905] [-3.3813888743472749:2.9768072804901591] [-2.530028009173146:1.7777990892706261] [-1.2163659893021819:3.0807574388162409] [-2.0760632319199024:1.9327876686489844] [-1.3885737294731408:0.49429351701722896] [-5.271926894613288:3.0766005806156227] [-4.1246333767481271:3.501834706341536] [-1.8259745051279115:2.708514004942443] [-1.3570041370754087:4.0739722209566738] [-1.6920797343114358:4.2504307753838049] [-1.4529420325723059:1.1615762702564156] [-4.2536448052702731:2.5686684303434291] [-3.7907096086770227:3.5099668776232869] [-1.9152467395947863:2.5255888693902868] [-1.4120971015533446:3.8610652969242309] [-1.5273576157607798:3.6816051243910741] [-1.4449922954694223:1.0965109779279922] [-2.7794050862712147:3.6832323288035629] [-2.2433198522030358:2.6569072487483991] [-2.0035791482004899:2.0268387224045696] [-1.4748665778363486:2.0956797913835925] [-1.4635536604519994:1.9609145422936785] [-2.1628398267766804:0.57218150243241772] [-3.0433990509988198:3.2602539442018346] [-2.6569962204859308:3.3973500282658917] [-1.6410916918773555:2.3964272984413628] [-0.88200429731084262:2.9423374188089149] [-1.409722972301265:2.3447174772481891] [-1.2913430838713509:0.95059641972559661]
tree_sizes=761 767 771 772 776 857 601 602 600 866 602 871 870 603 869 602 869 606 598 863 868 854 866 871 777 782 865 776 870 691 868 864 864 781 693 875 866 694 776 865 686 785 601 693 781 869 696 766 690 602 688 869 869 775 856 775 775 870 863 769 603 871 688 868 603 599 774 603 686 787 691 783 691 607 870 607 783 602 781 871 868 869 855 853 606 609 604 605 607 686 769 867 780 858 599 862 863 683 610 517 602 608 773 868 611 697 784 786 601 861 783 785 783 870 599 784 782 873 783 874

Tree=0
num_leaves=7
num_cat=0
split_feature=76 61 63 35 11 124
split_gain=15.2912 22.311 14.3671 8.50558 4.24468 1.58577
threshold=0.24564938820647975 -1.0621045989416733 0.8011670957518483 0.89991094390004811 -0.50151728814776719 0.20798667077336702
decision_type=2 2 2 2 2 2
left_child=3 5 -3 4 -1 -2
right_child=1 2 -4 -5 -6 -7
leaf_value=-0.030849913228303195 -0.031569885462522505 -0.034103039205074313 -0.030506742577999832 -0.033601021245121959 -0.031561013776808977 -0.029805641621351242
leaf_weight=329 45 525 81 62 914 165
leaf_count=329 45 525 81 62 914 165
internal_value=-0.0319888 -0.0362779 -0.0401655 -0.0293045 -0.0285771 -0.0250879
internal_weight=2121 816 606 1305 1243 210
internal_count=2121 816 606 1305 1243 210
is_linear=0
shrinkage=1


Tree=1
num_leaves=7
num_cat=0
split_feature=76 95 64 35 107 107
split_gain=14.2631 18.25 11.9039 7.67006 4.304 1.53993
threshold=0.24564938820647975 1.789678770597005 0.70399397199281155 0.89991094390004811 0.27542299620232347 0.22872245988460904
decision_type=2 2 2 2 2 2
left_child=3 2 -2 4 -1 -3
right_child=1 5 -4 -5 -6 -7
leaf_value=0.0010195818562060595 -0.0020252320349216459 0.0026263466387987139 0.000994994279742241 -0.0015612511396408081 4.3105918914079711e-05 0.00076402282416820541
leaf_weight=787 538 123 98 62 456 57
leaf_count=787 538 123 98 62 456 57
internal_value=-1.41309e-05 -0.00415648 -0.00733542 0.00257842 0.00326908 0.00703297
internal_weight=2121 816 636 1305 1243 180
internal_count=2121 816 636 1305 1243 180
is_linear=0
shrinkage=0.04


Tree=2
num_leaves=7
num_cat=0
split_feature=106 88 64 113 18 100
split_gain=12.3308 9.75985 12.9247 7.1908 6.94047 6.06523
threshold=0.76295917024275772 -0.56656898816506829 0.75184959520432171 -0.0690172232602939 -0.6856839717192994 2.3053752620864341
decision_type=2 2 2 2 2 2
left_child=3 -2 -3 5 -5 -1
right_child=1 2 -4 4 -6 -7
leaf_value=0.0010292231205105782 0.0025746153775453567 -0.0024488405190706253 0.0017342341950982809 0.00082157999359071254 -0.00069450824167579422 -0.0026944338582754134
leaf_weight=798 48 244 56 166 767 42
leaf_count=798 48 244 56 166 767 42
internal_value=4.71032e-06 -0.00685714 -0.00953642 0.00135775 -0.00105882 0.004038
internal_weight=2121 348 300 1773 933 840
internal_count=2121 348 300 1773 933 840
is_linear=0
shrinkage=0.04


Tree=3
num_leaves=7
num_cat=0
split_feature=76 61 63 35 14 93
split_gain=13.1216 22.2636 12.7901 6.30491 4.32649 1.44453
threshold=0.24564938820647975 -1.0621045989416733 0.8011670957518483 0.88761688788773008 -0.016058195561145405 0.78290942587671497
decision_type=2 2 2 2 2 2
left_child=3 5 -3 4 -1 -2
right_child=1 2 -4 -5 -6 -7
leaf_value=0.00095354596678912638 0.00034932629041150209 -0.0018831867317333818 0.0013972369392737747 -0.0013987705471888185 0.00019017205041944979 0.0026444221058923006
leaf_weight=587 60 525 81 68 650 150
leaf_count=587 60 525 81 68 650 150
internal_value=6.12341e-05 -0.00391198 -0.00779605 0.00254782 0.0032042 0.00726415
internal_weight=2121 816 606 1305 1237 210
internal_count=2121 816 606 1305 1237 210
is_linear=0
shrinkage=0.04


Tree=4
num_leaves=7
num_cat=0
split_feature=76 61 126 35 14 93
split_gain=12.0511 20.2239 12.6964 6.1743 4.10095 1.61091
threshold=0.24564938820647975 -1.0621045989416733 -0.11635313862220005 0.88761688788773008 -0.044639131323031454 0.78290942587671497
decision_type=2 2 2 2 2 2
left_child=3 5 -3 4 -1 -2
right_child=1 2 -4 -5 -6 -7
leaf_value=0.0009383823888984322 0.00033535323879504205 0.00017462202551752349 -0.0021069722567709534 -0.0013428197253012657 0.00016806139349597696 0.0025386452216566084
leaf_weight=576 60 192 414 68 661 150
leaf_count=576 60 192 414 68 661 150
internal_value=4.23928e-05 -0.00376528 -0.00746711 0.0024254 0.00307506 0.00688679
internal_weight=2121 816 606 1305 1237 210
internal_count=2121 816 606 1305 1237 210
is_linear=0
shrinkage=0.04


Tree=5
num_leaves=8
num_cat=0
split_feature=106 95 35 107 18 100 88
split_gain=11.3879 10.9934 14.5252 7.96215 6.05042 5.03932 1.18731
threshold=0.76295917024275772 1.7019771166853976 0.13882995130493633 0.2701832512037759 -0.6856839717192994 2.3053752620864341 0.10793623018039782
decision_type=2 2 2 2 2 2 2
left_child=3 2 -2 5 -5 -1 -3
right_child=1 6 -4 4 -6 -7 -8
leaf_value=0.00079992542429889435 -0.0025326718786657368 0.0025412489524630545 0.0014040835751927896 0.00070541983349646324 -0.0009005918313677179 -0.0018159214036253602 0.00053793376530091562
leaf_weight=1059 171 48 87 125 532 57 42
leaf_count=1059 171 48 87 125 532 57 42
internal_value=8.00754e-05 -0.00651429 -0.0106923 0.00138028 -0.00210926 0.0034347 0.00543478
internal_weight=2121 348 258 1773 657 1116 90
internal_count=2121 348 258 1773 657 1116 90
is_linear=0
shrinkage=0.04


Tree=6
num_leaves=5
num_cat=0
split_feature=35 123 84 113
split_gain=10.8787 9.25893 11.2066 8.2568
threshold=1.1319041247666279 0.67288073246429925 0.77034023277677321 0.7404823131653927
decision_type=2 2 2 2
left_child=1 3 -3 -1
right_child=-2 2 -4 -5
leaf_value=0.00055484815650701962 -0.0028496749220432061 -0.0019856436587542907 0.00059199561105238577 -0.0011208901069162517
leaf_weight=1431 40 213 176 261
leaf_count=1431 40 213 176 261
internal_value=0.00015544 0.00056169 -0.00498721 0.00184179
internal_weight=2121 2081 389 1692
internal_count=2121 2081 389 1692
is_linear=0
shrinkage=0.04


Tree=7
num_leaves=5
num_cat=0
split_feature=35 125 94 11
split_gain=10.9193 8.967 10.7299 9.25131
threshold=1.1319041247666279 -0.15507245201372691 -0.11010155186529837 0.43585452980658329
decision_type=2 2 2 2
left_child=1 3 -3 -1
right_child=-2 2 -4 -5
leaf_value=0.0012251295124192125 -0.0027356879251614775 0.00043458490039653019 -0.0011885052932742615 -0.00059048955633985876
leaf_weight=656 40 475 696 254
leaf_count=656 40 475 696 254
internal_value=0.000193123 0.000600096 -0.00171355 0.00357456
internal_weight=2121 2081 1171 910
internal_count=2121 2081 1171 910
is_linear=0
shrinkage=0.04


Tree=8
num_leaves=5
num_cat=0
split_feature=35 61 76 93
split_gain=10.8584 8.27883 18.529 0.513485
threshold=1.1319041247666279 -1.0621045989416733 0.30695636068640192 0.78290942587671497
decision_type=2 2 2 2
left_child=1 3 -3 -1
right_child=-2 2 -4 -5
leaf_value=0.00090928611668203527 -0.002626260408155019 0.00040119688633186807 -0.0013792158237401575 0.0025125267245901649
leaf_weight=60 40 1320 544 157
leaf_count=60 40 1320 544 157
internal_value=0.000136599 0.000542487 -0.000321543 0.00789954
internal_weight=2121 2081 1864 217
internal_count=2121 2081 1864 217
is_linear=0
shrinkage=0.04


Tree=9
num_leaves=8
num_cat=0
split_feature=76 78 63 70 118 36 69
split_gain=9.55382 12.823 12.8731 6.05386 12.7102 5.37915 4.97872
threshold=0.24564938820647975 -0.93476882003040573 0.72655319410572006 0.24566715379917273 -0.71501433701980488 0.16383396510526707 0.22370435352101592
decision_type=2 2 2 2 2 2 2
left_child=3 6 -3 5 -5 -1 -2
right_child=1 2 -4 4 -6 -7 -8
leaf_value=0.00086035915351830516 0.0011548871172798575 -0.0017893065520198138 0.0013839731577455678 -0.0013381846303034801 0.00034805819377041025 -0.00091836156104283678 -0.001130317629222265
leaf_weight=557 241 377 91 115 514 119 107
leaf_count=557 241 377 91 115 514 119 107
internal_value=0.000211964 -0.00317848 -0.00748936 0.00233359 -0.000491284 0.00495575 0.00262857
internal_weight=2121 816 468 1305 629 676 348
internal_count=2121 816 468 1305 629 676 348
is_linear=0
shrinkage=0.04


Tree=10
num_leaves=5
num_cat=0
split_feature=35 61 76 93
split_gain=9.89424 8.23568 16.9407 0.513485
threshold=1.1319041247666279 -1.0621045989416733 0.30695636068640192 0.78290942587671497
decision_type=2 2 2 2
left_child=1 3 -3 -1
right_child=-2 2 -4 -5
leaf_value=0.00082671918732355962 -0.0024808326903863688 0.00036434594940517885 -0.0012591584590179983 0.0023658301709153641
leaf_weight=60 40 1320 544 157
leaf_count=60 40 1320 544 157
internal_value=0.000174282 0.00056169 -0.000300107 0.00789954
internal_weight=2121 2081 1864 217
internal_count=2121 2081 1864 217
is_linear=0
shrinkage=0.04


Tree=11
num_leaves=8
num_cat=0
split_feature=107 26 123 60 69 15 64
split_gain=10.3021 12.7606 7.83067 10.302 6.89134 6.72521 4.51263
threshold=0.39481116827199531 0.62345801296790104 0.67288073246429925 -0.75319136425233213 0.48080725991743561 0.92002008814509906 0.34317387356946871
decision_type=2 2 2 2 2 2 2
left_child=2 6 4 -4 -1 -3 -2
right_child=1 5 3 -5 -6 -7 -8
leaf_value=0.00084922915195641464 -0.00064212734575994014 -0.0024396504119559258 0.00087269879275662433 -0.0019381626347683104 -0.00044358395138346886 0.0001391990572097366 0.00077120447218096831
leaf_weight=948 327 110 117 138 273 40 168
leaf_count=948 327 110 117 138 273 40 168
internal_value=0.000268488 -0.00394127 0.00211096 -0.00424125 0.00344235 -0.0140789 -0.00082495
internal_weight=2121 645 1476 255 1221 150 495
internal_count=2121 645 1476 255 1221 150 495
is_linear=0
shrinkage=0.04


Tree=12
num_leaves=8
num_cat=0
split_feature=107 26 102 40 106 69 117
split_gain=9.42326 10.8705 8.28242 10.5735 6.90868 5.09182 4.93889
threshold=0.2701832512037759 0.63491605011233698 0.39448228046870226 0.53813457852566138 0.55393457840192273 0.47296141613038606 0.69710903983279648
decision_type=2 2 2 2 2 2 2
left_child=2 6 5 -4 -3 -1 -2
right_child=1 4 3 -5 -6 -7 -8
leaf_value=0.00083779084104635933 -0.00063511740231489118 -0.0012259940119117745 -0.0020169147269855224 0.00097111207646693261 -0.0025116307625682706 -0.00033812148095857395 0.00060044730859107418
leaf_weight=913 446 118 79 95 58 254 158
leaf_count=913 446 118 79 95 58 254 158
internal_value=0.000268488 -0.00322251 0.00230082 -0.00579545 -0.0119101 0.00351583 -0.000660066
internal_weight=2121 780 1341 174 176 1167 604
internal_count=2121 780 1341 174 176 1167 604
is_linear=0
shrinkage=0.04


Tree=13
num_leaves=5
num_cat=0
split_feature=76 123 37 35
split_gain=8.99894 6.96008 12.1642 7.93688
threshold=1.7515480039026177 0.67288073246429925 0.54088551118955308 0.89991094390004811
decision_type=2 2 2 2
left_child=1 3 -3 -1
right_child=-2 2 -4 -5
leaf_value=0.0004327297376190962 -0.001872011081146679 -0.0019669113627266634 0.00044500389861890164 -0.0011322037255754335
leaf_weight=1584 42 186 207 102
leaf_count=1584 42 186 207 102
internal_value=0.000174282 0.000552619 -0.00422785 0.00167062
internal_weight=2121 2079 393 1686
internal_count=2121 2079 393 1686
is_linear=0
shrinkage=0.04


Tree=14
num_leaves=8
num_cat=0
split_feature=107 26 102 60 15 64 69
split_gain=8.32398 10.1424 7.47315 9.61456 7.07533 5.12567 4.61651
threshold=0.2701832512037759 0.63491605011233698 0.39448228046870226 -0.53853029871521607 0.92002008814509906 0.34317387356946871 0.47296141613038606
decision_type=2 2 2 2 2 2 2
left_child=2 5 6 -4 -3 -2 -1
right_child=1 4 3 -5 -6 -7 -8
leaf_value=0.00078647905145974887 -0.00059359842601153766 -0.0020886393092768643 0.00038264788731247362 -0.001930822233193692 0.00032566096755891566 0.00083947436248745053 -0.00029636658718311382
leaf_weight=913 407 128 108 66 48 197 254
leaf_count=913 407 128 108 66 48 197 254
internal_value=0.000211964 -0.00306905 0.00212211 -0.00556818 -0.0114607 -0.000594059 0.0032763
internal_weight=2121 780 1341 174 176 604 1167
internal_count=2121 780 1341 174 176 604 1167
is_linear=0
shrinkage=0.04


Tree=15
num_leaves=5
num_cat=0
split_feature=35 61 76 93
split_gain=8.88292 7.21205 13.2729 0.829525
threshold=1.1319041247666279 -1.0621045989416733 0.30695636068640192 0.70239362892998425
decision_type=2 2 2 2
left_child=1 3 -3 -1
right_child=-2 2 -4 -5
leaf_value=0.00050941606601889321 -0.0022852606414212784 0.00030790373721824223 -0.0010410461246107405 0.0020624396351429904
leaf_weight=50 40 1320 544 167
leaf_count=50 40 1320 544 167
internal_value=0.000117758 0.000484878 -0.000321543 0.0073516
internal_weight=2121 2081 1864 217
internal_count=2121 2081 1864 217
is_linear=0
shrinkage=0.04


Tree=16
num_leaves=8
num_cat=0
split_feature=107 26 102 119 64 64 32
split_gain=8.53713 11.7157 5.76913 9.2226 5.73078 5.52459 5.26819
threshold=0.50010847225149135 0.63491605011233698 0.39193255663403853 -0.66543599237327877 0.052937357656486432 0.32934630969455569 -0.73143645401056434
decision_type=2 2 2 2 2 2 2
left_child=2 6 5 -4 -3 -1 -2
right_child=1 4 3 -5 -6 -7 -8
leaf_value=0.00014909466917341761 0.00096650826747213779 -0.00096305091066470534 0.00040415760828737824 -0.0016443364851642013 -0.0023682483997694249 0.0011681863233359853 -0.00061547453423391239
leaf_weight=971 105 56 96 99 71 418 305
leaf_count=971 105 56 96 99 71 418 305
internal_value=0.000211964 -0.00413729 0.00168979 -0.00472081 -0.0146512 0.00259526 -0.000825243
internal_weight=2121 537 1584 195 127 1389 410
internal_count=2121 537 1584 195 127 1389 410
is_linear=0
shrinkage=0.04


Tree=17
num_leaves=5
num_cat=0
split_feature=76 42 126 8
split_gain=8.19817 6.40891 6.42752 1.01304
threshold=1.7515480039026177 -0.80760971177116814 -0.1843136706015652 -0.53888864130375425
decision_type=2 2 2 2
left_child=1 3 -3 -1
right_child=-2 2 -4 -5
leaf_value=0.00053215049496829964 -0.0016538027374972601 0.00054652774010113966 -0.00053366831135153879 0.00094734330504277003
leaf_weight=56 42 791 1055 177
leaf_count=56 42 791 1055 177
internal_value=0.000268488 0.000629505 -0.000162338 0.00685106
internal_weight=2121 2079 1846 233
internal_count=2121 2079 1846 233
is_linear=0
shrinkage=0.04


Tree=18
num_leaves=5
num_cat=0
split_feature=76 123 37 35
split_gain=8.12612 5.72418 8.70137 6.96797
threshold=1.7515480039026177 0.62519649620746709 0.62296334458490688 0.89991094390004811
decision_type=2 2 2 2
left_child=1 3 -3 -1
right_child=-2 2 -4 -5
leaf_value=0.0004026017178882175 -0.0015876506279973695 -0.0014440987980246958 0.00056766416266530869 -0.0010318434987635786
leaf_weight=1543 42 237 201 98
leaf_count=1543 42 237 201 98
internal_value=0.000193123 0.000552619 -0.0035 0.00163725
internal_weight=2121 2079 438 1641
internal_count=2121 2079 438 1641
is_linear=0
shrinkage=0.04


Tree=19
num_leaves=8
num_cat=0
split_feature=107 26 102 60 63 15 18
split_gain=6.88226 9.53104 5.6341 8.46241 4.76689 4.46049 4.11223
threshold=0.50010847225149135 0.63491605011233698 0.39193255663403853 -0.53853029871521607 0.22860325000504908 0.8477739639609404 -0.79988808809352718
decision_type=2 2 2 2 2 2 2
left_child=2 6 4 -4 -1 -3 -2
right_child=1 5 3 -5 -6 -7 -8
leaf_value=9.8046060883444231e-05 0.00096052377844919965 -0.0021670337659197691 0.00037084563811134888 -0.0015689412673773862 0.0010455977650634912 -4.700143627265924e-05 -0.000563864181875602
leaf_weight=868 86 87 117 78 521 40 324
leaf_count=868 86 87 117 78 521 40 324
internal_value=0.000287329 -0.00361781 0.00161412 -0.00472081 0.00250899 -0.0131008 -0.000631068
internal_weight=2121 537 1584 195 1389 127 410
internal_count=2121 537 1584 195 1389 127 410
is_linear=0
shrinkage=0.04


Tree=20
num_leaves=8
num_cat=0
split_feature=107 26 61 123 15 32 93
split_gain=6.68839 9.68094 4.91626 9.76512 4.46049 4.39341 0.823767
threshold=0.50010847225149135 0.63491605011233698 -1.0621045989416733 0.71769801740988959 0.8477739639609404 -0.73143645401056434 0.8663232940058051
decision_type=2 2 2 2 2 2 2
left_child=2 5 6 -4 -3 -2 -1
right_child=1 4 3 -5 -6 -7 -8
leaf_value=0.00052363028297949029 0.00085203689712102365 -0.0020803524152829783 0.0002975554504454281 -0.0015074865383011954 -4.5121378821752766e-05 -0.00058260858711431244 0.0020419321914349111
leaf_weight=51 105 87 1221 159 40 305 153
leaf_count=51 105 87 1221 159 40 305 153
internal_value=0.000306171 -0.0035436 0.00161412 0.000752533 -0.0131008 -0.000533981 0.00737864
internal_weight=2121 537 1584 1380 127 410 204
internal_count=2121 537 1584 1380 127 410 204
is_linear=0
shrinkage=0.04


Tree=21
num_leaves=8
num_cat=0
split_feature=94 64 95 113 13 125 76
split_gain=6.57776 8.52585 9.95704 4.79695 6.107 3.25121 0.242133
threshold=0.51679497399454433 0.74053314807933956 1.5641597863142946 0.1054385787707149 0.5895696699106886 0.66447386179871482 0.38049183918778856
decision_type=2 2 2 2 2 2 2
left_child=3 2 -2 5 -5 -1 -3
right_child=1 6 -4 4 -6 -7 -8
leaf_value=0.00083207343624775766 -0.0012333710914763474 0.0017066234363606965 0.00076015608893690635 0.00010715840781450912 -0.0013322226367405202 -0.0014391856455259376 0.0009595714133238762
leaf_weight=801 337 49 136 594 99 63 42
leaf_count=801 337 49 136 594 99 63 42
internal_value=0.000230805 -0.0034629 -0.00562105 0.00157152 -0.000906475 0.00355658 0.00763441
internal_weight=2121 564 473 1557 693 864 91
internal_count=2121 564 473 1557 693 864 91
is_linear=0
shrinkage=0.04


Tree=22
num_leaves=8
num_cat=0
split_feature=42 126 69 64 86 28 42
split_gain=7.21934 7.24466 8.22676 6.38339 1.14823 1.41101 0.0856698
threshold=-0.80760971177116814 -0.1843136706015652 0.51776767331137086 0.82452429593323417 0.029085011419516759 0.066037014344951975 -0.91430804799108822
decision_type=2 2 2 2 2 2 2
left_child=4 2 -2 -3 5 -1 -6
right_child=1 3 -4 -5 6 -7 -8
leaf_value=0.0011249346082215887 0.00088471785231328986 -0.000675815709281094 -0.00070906367164080136 0.0021052274819533812 0.0011715171569655596 -0.00035431316893588886 0.00068803138645949708
leaf_weight=40 616 1013 175 83 105 49 40
leaf_count=40 616 1013 175 83 105 49 40
internal_value=0.000268488 -0.00055585 0.00235813 -0.00265938 0.00686441 0.00318681 0.00904762
internal_weight=2121 1887 791 1096 234 89 145
internal_count=2121 1887 791 1096 234 89 145
is_linear=0
shrinkage=0.04


Tree=23
num_leaves=8
num_cat=0
split_feature=42 124 61 26 86 118 25
split_gain=6.69339 6.60205 7.05591 4.33358 1.04164 1.69672 0.221724
threshold=-0.80760971177116814 -0.22343749382688577 -1.0621045989416733 0.33596202424013405 0.029085011419516759 0.012310427277807465 -0.78157830207066581
decision_type=2 2 2 2 2 2 2
left_child=4 3 -3 -2 5 -1 -6
right_child=1 2 -4 -5 6 -7 -8
leaf_value=-0.00042917187373033738 0.00060880115130551051 0.0013147888460543467 -0.00063068083456553473 -0.00032069388562515984 0.00025255883362681667 0.0016547179362651058 0.0012153411023917823
leaf_weight=40 430 175 1115 167 40 49 105
leaf_count=40 430 175 1115 167 40 49 105
internal_value=0.000343853 -0.000449974 -0.00205882 0.0030217 0.00669492 0.00318681 0.00877551
internal_weight=2121 1887 1290 597 234 89 145
internal_count=2121 1887 1290 597 234 89 145
is_linear=0
shrinkage=0.04


Tree=24
num_leaves=7
num_cat=0
split_feature=35 53 76 61 119 7
split_gain=6.48388 7.14742 5.53567 12.0884 5.08186 3.10579
threshold=0.89991094390004811 -0.24999999999999997 0.21500532117842905 -1.0252255953041503 -0.55287572129009244 -0.61425829301597246
decision_type=2 2 2 2 2 2
left_child=2 -2 5 -4 -3 -1
right_child=1 4 3 -5 -6 -7
leaf_value=0.0012892378005049004 0.00047694562355303792 -0.00035542397983076026 0.00085894971196264565 -0.0008997771219171419 -0.0016369164126712179 0.00022712548120778665
leaf_weight=239 46 42 219 550 48 977
leaf_count=239 46 42 219 550 48 977
internal_value=0.000268488 -0.00811594 0.000850528 -0.00180285 -0.0145652 0.00252874
internal_weight=2121 136 1985 769 90 1216
internal_count=2121 136 1985 769 90 1216
is_linear=0
shrinkage=0.04


Tree=25
num_leaves=7
num_cat=0
split_feature=111 27 106 69 36 11
split_gain=5.92078 5.93012 4.86263 4.63942 4.14906 2.31963
threshold=0.61879586757236993 1.0000000180025095e-35 1.6641018700940677 0.51134207649052477 -0.40605331272791817 0.13502631727157677
decision_type=2 2 2 2 2 2
left_child=2 5 3 -1 -3 -2
right_child=1 4 -4 -5 -6 -7
leaf_value=0.0004248876891154671 -0.00036351357577403483 -0.0022686727512229131 -0.0015130896355638067 -0.00038807001647941068 -0.00082542387617610242 0.00098923274841393222
leaf_weight=1281 104 47 63 339 218 69
leaf_count=1281 104 47 63 339 218 69
internal_value=0.000268488 -0.00386364 0.00134718 0.00177559 -0.007603 0.00188571
internal_weight=2121 438 1683 1620 265 173
internal_count=2121 438 1683 1620 265 173
is_linear=0
shrinkage=0.04


Tree=26
num_leaves=8
num_cat=0
split_feature=107 26 15 64 83 32 123
split_gain=6.11629 7.46209 5.09733 4.34408 6.09337 3.75282 2.84676
threshold=0.50010847225149135 0.63491605011233698 0.8477739639609404 0.32934630969455569 -0.76798285422670987 -0.79756056853978119 0.72863419482999159
decision_type=2 2 2 2 2 2 2
left_child=3 5 -3 4 -1 -2 -5
right_child=1 2 -4 6 -6 -7 -8
leaf_value=-0.0020556734653635854 0.0010748309484277518 -0.0018946073321477273 1.625866344887504e-05 0.00093908647870060205 0.00010897805661660397 -0.00052020778833828751 -0.00036436325333293415
leaf_weight=63 90 87 40 429 1016 320 76
leaf_count=63 90 87 40 429 1016 320 76
internal_value=0.000211964 -0.00346939 -0.0118605 0.0014628 2.77521e-05 -0.000825243 0.00451677
internal_weight=2121 537 127 1584 1079 410 505
internal_count=2121 537 127 1584 1079 410 505
is_linear=0
shrinkage=0.04


Tree=27
num_leaves=7
num_cat=0
split_feature=63 61 76 25 4 93
split_gain=6.13537 7.16841 13.0661 3.9014 3.28377 1.28326
threshold=0.59139278467758538 -1.0621045989416733 0.30237379315735385 -0.70445891385364312 0.75965238645334587 0.8663232940058051
decision_type=2 2 2 2 2 2
left_child=1 5 -3 -2 -5 -1
right_child=3 2 -4 4 -6 -7
leaf_value=0.00014697490809285465 -0.00087696966826671097 9.6703868362742754e-05 -0.0011638074418290525 0.0012165852653924414 -0.00056878537223966383 0.0017334968284749147
leaf_weight=69 55 1037 451 290 63 156
leaf_count=69 55 1037 451 290 63 156
internal_value=0.000287329 -0.000763848 -0.00177181 0.00468293 0.00622535 0.00585903
internal_weight=2121 1713 1488 408 353 225
internal_count=2121 1713 1488 408 353 225
is_linear=0
shrinkage=0.04


Tree=28
num_leaves=8
num_cat=0
split_feature=125 11 28 94 83 94 70
split_gain=5.98259 8.32435 10.6328 6.75601 9.34286 4.12928 3.82089
threshold=-0.15507245201372691 0.43585452980658329 -0.23529192901856641 -0.11010155186529837 0.66429417930102064 -0.073837526727212874 0.15013663473615299
decision_type=2 2 2 2 2 2 2
left_child=1 5 -3 6 -5 -1 -2
right_child=3 2 -4 4 -6 -7 -8
leaf_value=0.00028816363904194943 0.00062545118795837007 0.001089616543619761 -0.0012860383817361689 -0.0010796695112965686 0.00039033911901339632 0.0014904185373702528 -0.00022773540846050808
leaf_weight=326 212 120 134 489 234 341 265
leaf_count=326 212 120 134 489 234 341 265
internal_value=0.000362694 0.0027844 -0.00335937 -0.0014975 -0.00393103 0.00512706 0.00219207
internal_weight=2121 921 254 1200 723 667 477
internal_count=2121 921 254 1200 723 667 477
is_linear=0
shrinkage=0.04


Tree=29
num_leaves=6
num_cat=0
split_feature=35 63 83 100 25
split_gain=6.01524 5.92266 7.47115 4.79664 2.3461
threshold=0.89991094390004811 0.69243471991453598 -0.73465357466586967 0.24414071505680995 -0.42919512227121942
decision_type=2 2 2 2 2
left_child=1 2 -1 -2 -3
right_child=3 4 -4 -5 -6
leaf_value=-0.0013690922851021575 9.861326260208164e-05 6.9028329086698624e-05 9.4701178185315488e-05 -0.0014760696303840798 0.0014475703426404462
leaf_weight=116 67 87 1563 69 219
leaf_count=116 67 87 1563 69 219
internal_value=0.000249647 0.000810267 -0.000124926 -0.00782609 0.00590909
internal_weight=2121 1985 1679 136 306
internal_count=2121 1985 1679 136 306
is_linear=0
shrinkage=0.04


Tree=30
num_leaves=8
num_cat=0
split_feature=107 26 100 123 84 11 62
split_gain=5.52035 7.00442 6.12705 4.4269 6.8955 3.81123 1.1962
threshold=0.50010847225149135 -0.44339026532315201 -0.1307754494341147 0.71769801740988959 0.86699984104224159 0.44732938461763205 -0.30203745959864498
decision_type=2 2 2 2 2 2 2
left_child=3 6 -3 5 -5 -1 -2
right_child=1 2 -4 4 -6 -7 -8
leaf_value=0.000494217032153605 0.00093494211920587599 -0.00012884432363203697 -0.0012528604173148202 -0.0014172865103917055 0.00070685512740091289 -0.00017379001108356161 8.9333484655565728e-05
leaf_weight=975 82 184 206 129 111 369 65
leaf_count=975 82 184 206 129 111 369 65
internal_value=0.000325012 -0.00317254 -0.00596939 0.00151324 -0.00347107 0.00240713 0.00422819
internal_weight=2121 537 390 1584 240 1344 147
internal_count=2121 537 390 1584 240 1344 147
is_linear=0
shrinkage=0.04


Tree=31
num_leaves=8
num_cat=0
split_feature=63 42 119 26 25 83 103
split_gain=5.86605 6.3972 6.33306 3.92641 2.5222 1.61438 0.556633
threshold=0.59139278467758538 -0.88117826251817322 0.50478870927948571 0.53460051520018259 -0.70445891385364312 -0.37396274054706419 0.3592971491660279
decision_type=2 2 2 2 2 2 2
left_child=1 6 -3 4 -2 -5 -1
right_child=3 2 -4 5 -6 -7 -8
leaf_value=0.0014475947997563022 -0.00057052971713034747 -0.00049391449316270504 0.0002977975602831746 0.00036643663227185991 0.0011372234876113033 -0.000932684097379836 0.00032623499716590481
leaf_weight=106 41 1082 484 40 281 46 41
leaf_count=106 41 1082 484 40 281 46 41
internal_value=0.000287329 -0.000740525 -0.00149235 0.00458537 0.00660494 -0.00295455 0.00718121
internal_weight=2121 1713 1566 408 322 86 147
internal_count=2121 1713 1566 408 322 86 147
is_linear=0
shrinkage=0.04


Tree=32
num_leaves=8
num_cat=0
split_feature=63 42 106 26 25 83 12
split_gain=5.65312 5.97087 5.95869 3.82608 2.45537 1.61438 0.664939
threshold=0.59139278467758538 -0.88117826251817322 1.6641018700940677 0.53460051520018259 -0.70445891385364312 -0.37396274054706419 -0.75446416884756118
decision_type=2 2 2 2 2 2 2
left_child=1 6 -3 4 -2 -5 -1
right_child=3 2 -4 5 -6 -7 -8
leaf_value=0.00061046567755424993 -0.00054770852844513384 -0.00011701960619799362 -0.0017838362224014911 0.00035177916698098555 0.0010917345481068512 -0.00089537673348464263 0.0016565308473261121
leaf_weight=77 41 1522 44 40 281 46 70
leaf_count=77 41 1522 44 40 281 46 70
internal_value=0.000268488 -0.000740525 -0.00146684 0.0044878 0.00648148 -0.00295455 0.00691275
internal_weight=2121 1713 1566 408 322 86 147
internal_count=2121 1713 1566 408 322 86 147
is_linear=0
shrinkage=0.04


Tree=33
num_leaves=7
num_cat=0
split_feature=63 61 120 25 4 93
split_gain=5.39472 6.51395 10.4875 3.67344 3.51993 1.55557
threshold=0.59139278467758538 -1.0252255953041503 -0.44648852275810241 -0.70445891385364312 0.75965238645334587 0.36651500081674654
decision_type=2 2 2 2 2 2
left_child=1 5 -3 -2 -5 -1
right_child=3 2 -4 4 -6 -7
leaf_value=-0.00027607793619389379 -0.00070839503042651191 -0.0013531441555804647 6.9580163379655976e-06 0.0010495428819795416 -0.00046902701452530143 0.0012363826753515675
leaf_weight=45 55 319 1142 290 63 207
leaf_count=45 55 319 1142 290 63 207
internal_value=0.000268488 -0.000717201 -0.00174299 0.00439024 0.00588732 0.00519685
internal_weight=2121 1713 1461 408 353 252
internal_count=2121 1713 1461 408 353 252
is_linear=0
shrinkage=0.04


Tree=34
num_leaves=6
num_cat=0
split_feature=35 63 61 100 25
split_gain=5.67254 5.53402 5.97377 5.18795 2.64296
threshold=0.89991094390004811 0.69243471991453598 -1.0252255953041503 0.24414071505680995 -0.49722422987572729
decision_type=2 2 2 2 2
left_child=1 2 -1 -2 -3
right_child=3 4 -4 -5 -6
leaf_value=0.00098451343580730952 0.00010233216098429657 -0.00012998459054277254 -0.00011163121063070326 -0.0013427533851552145 0.001236936592267841
leaf_weight=234 67 74 1445 69 232
leaf_count=234 67 74 1445 69 232
internal_value=0.000306171 0.000850528 -5.35396e-05 -0.00753623 0.00577922
internal_weight=2121 1985 1679 136 306
internal_count=2121 1985 1679 136 306
is_linear=0
shrinkage=0.04


Tree=35
num_leaves=8
num_cat=0
split_feature=125 11 28 46 124 18 94
split_gain=5.1442 5.88435 9.42354 5.44178 6.65401 6.38454 4.65933
threshold=-0.13995948126711535 0.43585452980658329 -0.23529192901856641 -0.89616737024202608 -0.069793285828298107 -0.81985262089585575 -0.073837526727212874
decision_type=2 2 2 2 2 2 2
left_child=1 6 -3 4 -2 -5 -1
right_child=3 2 -4 5 -6 -7 -8
leaf_value=0.0002009633308376658 0.00033296817012773422 0.00099068258741975422 -0.0011640727360950262 0.00066909597970609715 -0.0012409696810538361 -0.00023702948802522295 0.0014114255408917322
leaf_weight=332 73 121 138 154 127 834 342
leaf_count=332 73 121 138 154 127 834 342
internal_value=0.000400377 0.00262032 -0.00249042 -0.00134454 -0.00732673 -0.000121212 0.0045858
internal_weight=2121 933 259 1188 200 988 674
internal_count=2121 933 259 1188 200 988 674
is_linear=0
shrinkage=0.04


Tree=36
num_leaves=8
num_cat=0
split_feature=63 94 47 40 26 74 83
split_gain=4.99903 6.20037 10.7404 8.48713 3.6293 2.04255 1.61438
threshold=0.59139278467758538 0.5404493681255349 -0.051454801504567223 -0.57500848331165122 0.53460051520018259 0.54923044129497611 -0.37396274054706419
decision_type=2 2 2 2 2 2 2
left_child=1 3 -3 -1 5 -2 -6
right_child=4 2 -4 -5 6 -7 -8
leaf_value=-0.00069030682436010211 0.00083650643197706056 -0.0011948593999799898 7.032060167133037e-05 0.00046873000927161396 0.00028418716800341634 -7.723882683726632e-05 -0.0008022046815385535
leaf_weight=294 266 192 228 999 40 56 46
leaf_count=294 266 192 228 999 40 56 46
internal_value=0.000325012 -0.000623907 -0.00483412 0.000749035 0.00429268 0.00623457 -0.00295455
internal_weight=2121 1713 420 1293 408 322 86
internal_count=2121 1713 420 1293 408 322 86
is_linear=0
shrinkage=0.04


Tree=37
num_leaves=6
num_cat=0
split_feature=35 53 63 106 35
split_gain=4.72948 6.96793 4.55568 5.64406 2.59474
threshold=0.89991094390004811 -1.0000000180025095e-35 0.70549316303025467 1.6641018700940677 -0.48644206308642157
decision_type=2 2 2 2 2
left_child=2 -2 3 -1 -4
right_child=1 -3 4 -5 -6
leaf_value=5.8269050617673417e-05 0.00033401264827719913 -0.0015754437559538292 -0.00024353417135236031 -0.0014516924861333208 0.00089917414070386672
leaf_weight=1622 66 70 50 65 248
leaf_count=1622 66 70 50 65 248
internal_value=0.000494583 -0.00666667 0.000991444 0.000183541 0.00553333
internal_weight=2121 136 1985 1687 298
internal_count=2121 136 1985 1687 298
is_linear=0
shrinkage=0.04


Tree=38
num_leaves=7
num_cat=0
split_feature=42 64 125 118 66 43
split_gain=4.65635 5.07439 5.29762 0.994808 1.14836 0.695246
threshold=-0.89461010211212522 0.91544436208411384 -0.13995948126711535 0.012310427277807465 -0.42143010893475702 -0.2865518841450459
decision_type=2 2 2 2 2 2
left_child=3 2 -2 4 -1 -3
right_child=1 5 -4 -5 -6 -7
leaf_value=0.00099997390402843276 0.0002493591394276657 0.00083248990043178833 -0.0004286072360602613 0.001350751989663957 -5.8582796221961779e-05 0.0015336640028889136
leaf_weight=43 814 40 996 95 42 91
leaf_count=43 814 40 996 95 42 91
internal_value=0.000475742 -9.77869e-05 -0.000651214 0.00659341 0.00333333 0.00744361
internal_weight=2121 1941 1810 180 85 131
internal_count=2121 1941 1810 180 85 131
is_linear=0
shrinkage=0.04


Tree=39
num_leaves=8
num_cat=0
split_feature=111 4 44 95 123 25 111
split_gain=4.47652 5.38391 4.5892 4.08716 7.06119 1.67806 1.21735
threshold=0.61879586757236993 -0.4512157218744593 0.33740745727176991 0.95799961930109989 0.71769801740988959 -1.2590211035978947 1.0615674157701049
decision_type=2 2 2 2 2 2 2
left_child=3 6 -3 4 -1 -5 -2
right_child=1 2 -4 5 -6 -7 -8
leaf_value=0.00022458605339644249 6.0981608414003644e-05 -0.0011545160768533997 4.7134227111477397e-05 -1.8481283309563538e-05 -0.0011878499353512844 0.0014148445084210177 0.0014305503474100801
leaf_weight=1293 67 198 130 46 165 179 43
leaf_count=1293 67 198 130 46 165 179 43
internal_value=0.000456901 -0.00313636 -0.00569697 0.00139466 0.000616438 0.00638767 0.00446429
internal_weight=2121 438 328 1683 1458 225 110
internal_count=2121 438 328 1683 1458 225 110
is_linear=0
shrinkage=0.04


Tree=40
num_leaves=6
num_cat=0
split_feature=64 94 47 70 43
split_gain=4.67244 5.2917 8.25023 5.6641 0.713694
threshold=0.91544436208411384 0.5404493681255349 -0.17384165347724354 -0.1178121059063867 -0.3138157100531852
decision_type=2 2 2 2 2
left_child=1 3 -3 -1 -2
right_child=4 2 -4 -5 -6
leaf_value=0.00056734105137424336 0.00084942594066661384 -0.0010718411965296656 2.422742776157262e-05 -0.00010706133851325962 0.0014764397159008264
leaf_weight=570 40 184 300 931 96
leaf_count=570 40 184 300 931 96
internal_value=0.000419218 -7.54907e-05 -0.0037037 0.0010978 0.00753623
internal_weight=2121 1985 484 1501 136
internal_count=2121 1985 484 1501 136
is_linear=0
shrinkage=0.04


Tree=41
num_leaves=7
num_cat=0
split_feature=42 14 108 106 102 73
split_gain=4.3002 4.80799 5.12465 4.2389 1.01816 0.363551
threshold=-0.89461010211212522 -0.43587621452150915 -0.9806658519484418 -0.026983745768795541 -0.44250565409289638 -0.66018262352745127
decision_type=2 2 2 2 2 2
left_child=4 3 -3 -2 -1 -6
right_child=1 2 -4 -5 5 -7
leaf_value=0.00019154814106138785 -1.0450436126598611e-05 0.00084241020819144155 -0.00035635571940704049 0.0010586449791015623 0.0014320223093904467 0.0011817363790266198
leaf_weight=53 290 245 1149 257 40 87
leaf_count=53 290 245 1149 257 40 87
internal_value=0.000494583 -5.66135e-05 -0.00130372 0.00311475 0.00637363 0.00829457
internal_weight=2121 1941 1394 547 180 127
internal_count=2121 1941 1394 547 180 127
is_linear=0
shrinkage=0.04


Tree=42
num_leaves=5
num_cat=0
split_feature=35 53 125 18
split_gain=4.25949 5.70415 4.03484 3.76406
threshold=0.89991094390004811 -1.0000000180025095e-35 1.765865914333246 -0.6856839717192994
decision_type=2 2 2 2
left_child=2 -2 3 -1
right_child=1 -3 -4 -5
leaf_value=0.0005241833647908734 0.0003230612371254294 -0.0014857284760923116 -0.0011888087929986055 4.5967500118854928e-05
leaf_weight=403 66 70 51 1531
leaf_count=403 66 70 51 1531
internal_value=0.000419218 -0.00637681 0.00089079 0.00118802
internal_weight=2121 136 1985 1934
internal_count=2121 136 1985 1934
is_linear=0
shrinkage=0.04


Tree=43
num_leaves=6
num_cat=0
split_feature=64 83 126 88 43
split_gain=4.2759 5.48423 5.0132 3.13434 0.636006
threshold=0.91544436208411384 -0.73465357466586967 -0.23856990838121131 -0.46096915919797571 -0.19911977376129825
decision_type=2 2 2 2 2
left_child=1 3 -3 -1 -2
right_child=4 2 -4 -5 -6
leaf_value=-0.00014708721057425504 0.00085425041428008818 0.00053210274712618688 -0.00016846427363529309 -0.0013659085394968637 0.0014252586759062817
leaf_weight=82 50 656 1192 55 86
leaf_count=82 50 656 1192 55 86
internal_value=0.000438059 -3.5229e-05 0.000540541 -0.00769784 0.00724638
internal_weight=2121 1985 1848 137 136
internal_count=2121 1985 1848 137 136
is_linear=0
shrinkage=0.04


Tree=44
num_leaves=7
num_cat=0
split_feature=16 113 69 35 46 66
split_gain=4.05332 6.59352 5.15513 4.15641 2.84705 1.30503
threshold=-0.67323556708189691 0.7404823131653927 0.70789320512431086 -0.28326305951777225 -1.3772537680958858 -0.070961639565054677
decision_type=2 2 2 2 2 2
left_child=4 3 -3 -2 -1 -6
right_child=1 2 -4 -5 5 -7
leaf_value=-0.00037443232486763177 -0.00042948578638934303 -0.0010409027221929773 0.00046631098609611297 0.00027095427990690062 0.00074025911341071501 -2.7951143603216992e-05
leaf_weight=57 386 189 92 1094 263 40
leaf_count=57 386 189 92 1094 263 40
internal_value=0.000343853 -0.0004481 -0.0060424 0.000620783 0.0041989 0.0057377
internal_weight=2121 1761 281 1480 360 303
internal_count=2121 1761 281 1480 360 303
is_linear=0
shrinkage=0.04


Tree=45
num_leaves=8
num_cat=0
split_feature=107 26 63 117 78 123 107
split_gain=4.1842 6.34845 5.38566 4.44062 4.00897 6.2554 0.228599
threshold=0.39481116827199531 0.54307140523741348 -0.6452851593804575 0.96313004186114004 -1.1313156186218891 0.71769801740988959 0.040268212262534762
decision_type=2 2 2 2 2 2 2
left_child=4 3 -3 -2 6 -6 -1
right_child=1 2 -4 -5 5 -7 -8
leaf_value=0.0014884244014613697 -0.0002435900623115267 0.00042710726866834579 -0.0012761868823872847 0.00063831958219619711 0.00023890540264837152 -0.0010074335662107073 0.00033113930576485277
leaf_weight=87 367 46 132 100 1173 171 45
leaf_count=87 367 46 132 100 1173 171 45
internal_value=0.000287329 -0.00239567 -0.00877778 6.39659e-05 0.00146143 0.000802377 0.0080597
internal_weight=2121 645 178 467 1476 1344 132
internal_count=2121 645 178 467 1476 1344 132
is_linear=0
shrinkage=0.04


Tree=46
num_leaves=6
num_cat=0
split_feature=64 83 125 88 43
split_gain=4.46728 5.25631 5.54201 3.13434 0.636006
threshold=0.91544436208411384 -0.73465357466586967 -0.13995948126711535 -0.46096915919797571 -0.19911977376129825
decision_type=2 2 2 2 2
left_child=1 3 -3 -1 -2
right_child=4 2 -4 -5 -6
leaf_value=-0.00016351772733154079 0.00082069921239556103 0.00048680729536710709 -0.00021042039723272822 -0.0012323419775060501 0.0013482496605115022
leaf_weight=82 50 768 1080 55 86
leaf_count=82 50 768 1080 55 86
internal_value=0.000287329 -0.000196276 0.000367568 -0.00769784 0.00724638
internal_weight=2121 1985 1848 137 136
internal_count=2121 1985 1848 137 136
is_linear=0
shrinkage=0.04


Tree=47
num_leaves=7
num_cat=0
split_feature=94 61 28 58 126 0
split_gain=4.21345 4.6504 6.18652 1.5683 1.31486 0.310883
threshold=-0.77415593705401886 -1.0621045989416733 0.43644479267853542 0.23775047696965615 0.74378513775719501 0.081957610178811674
decision_type=2 2 2 2 2 2
left_child=3 4 -3 5 -2 -1
right_child=1 2 -4 -5 -6 -7
leaf_value=0.0014637942009565511 0.0012268271605538586 6.671802317810533e-05 -0.00059881696296468635 0.00012211120651852675 0.00017031432848684609 0.00069200906344600815
leaf_weight=80 147 1230 468 63 78 55
leaf_count=80 147 1230 468 63 78 55
internal_value=0.000174282 -0.0004 -0.00111765 0.0057 0.00497797 0.00810219
internal_weight=2121 1923 1698 198 225 135
internal_count=2121 1923 1698 198 225 135
is_linear=0
shrinkage=0.04


Tree=48
num_leaves=6
num_cat=0
split_feature=64 58 119 117 112
split_gain=4.2431 5.42926 4.8077 4.77172 0.783237
threshold=0.91544436208411384 0.26296927416796623 -0.6209315292131653 0.2663078386497052 -0.16422348754825652
decision_type=2 2 2 2 2
left_child=1 3 -3 -1 -2
right_child=4 2 -4 -5 -6
leaf_value=-5.6262938109749446e-05 0.00012312169662013808 0.00094424003282370605 -0.00052180129899784592 0.00071005444997233544 0.0017702497143860063
leaf_weight=927 42 55 530 473 94
leaf_count=927 42 55 530 473 94
internal_value=0.000174282 -0.00029693 -0.00352641 0.00105563 0.00695652
internal_weight=2121 1985 585 1400 136
internal_count=2121 1985 585 1400 136
is_linear=0
shrinkage=0.04


Tree=49
num_leaves=5
num_cat=0
split_feature=64 123 60 37
split_gain=4.06721 4.89836 4.86383 0.313649
threshold=1.0655272179190114 1.5116995758524066 0.51233999761041804 -0.40179548410227356
decision_type=2 2 2 2
left_child=1 2 -1 -2
right_child=3 -3 -4 -5
leaf_value=0.00013539002160065802 0.0010349635314042635 -0.0010386023125109611 -0.00035129282385387185 0.0015876273130096658
leaf_weight=1701 64 49 267 40
leaf_count=1701 64 49 267 40
internal_value=0.000287329 -0.000113918 0.000203046 0.00792453
internal_weight=2121 2017 1968 104
internal_count=2121 2017 1968 104
is_linear=0
shrinkage=0.04


Tree=50
num_leaves=6
num_cat=0
split_feature=16 113 37 63 7
split_gain=3.7813 4.88037 6.31947 5.07384 0.23749
threshold=-1.0194463819720065 0.8788921079823081 0.60202245314799441 0.23958268052387535 0.31190592320747951
decision_type=2 2 2 2 2
left_child=4 3 -3 -2 -1
right_child=1 2 -4 -5 -6
leaf_value=0.00081177917309415413 -0.00011845763099959241 -0.00092733855408369222 0.00086447173167193074 0.00051617003374024588 0.0010355147228916989
leaf_weight=44 1115 158 92 657 55
leaf_count=44 1115 158 92 657 55
internal_value=0.000268488 -0.000108696 -0.00531746 0.000631342 0.00782178
internal_weight=2121 2022 250 1772 99
internal_count=2121 2022 250 1772 99
is_linear=0
shrinkage=0.04


Tree=51
num_leaves=8
num_cat=0
split_feature=124 84 33 35 26 35 120
split_gain=4.42084 6.73719 5.81137 5.73638 4.03137 4.52727 4.06915
threshold=-0.1510530994591148 -0.56978086963142816 0.19442532289101502 -0.070072392178615023 0.33596202424013405 0.47580155265689977 -0.39542192889992517
decision_type=2 2 2 2 2 2 2
left_child=4 2 -2 -3 6 -6 -1
right_child=1 3 -4 -5 5 -7 -8
leaf_value=-0.00067661294126312749 0.00022679910509251029 -0.00031566547540840575 -0.00081485723496739731 0.0005603589968928589 0.00022353692402293104 -0.00076909249728237758 0.00065117069246836419
leaf_weight=67 40 666 62 588 152 51 495
leaf_count=67 40 666 62 588 152 51 495
internal_value=0.000193123 -0.0011782 -0.0109615 -0.000366242 0.0026206 -0.00219512 0.0043617
internal_weight=2121 1356 102 1254 765 203 562
internal_count=2121 1356 102 1254 765 203 562
is_linear=0
shrinkage=0.04


Tree=52
num_leaves=8
num_cat=0
split_feature=124 84 35 47 26 14 61
split_gain=4.3889 5.75115 5.05248 4.1565 3.8349 5.37756 3.11825
threshold=-0.15963530567709935 -0.56978086963142816 -0.070072392178615023 -0.32089975703842849 0.33596202424013405 0.27373304712078705 -1.0000000180025095e-35
decision_type=2 2 2 2 2 2 2
left_child=4 3 -3 -2 6 -6 -1
right_child=1 2 -4 -5 5 -7 -8
leaf_value=-0.00061736528727164997 -2.3173004438193905e-05 -0.00029942024813308288 0.00053794463701714449 -0.00074080116816054281 -0.00060790651758365624 0.001420878864684237 0.00065273460870912637
leaf_weight=90 42 680 592 60 122 76 459
leaf_count=90 42 680 592 60 122 76 459
internal_value=0.000193123 -0.00114826 -0.000408163 -0.0101923 0.00265688 -0.0021 0.00437387
internal_weight=2121 1374 1272 102 747 198 549
internal_count=2121 1374 1272 102 747 198 549
is_linear=0
shrinkage=0.04


Tree=53
num_leaves=7
num_cat=0
split_feature=35 53 64 83 112 117
split_gain=4.78954 5.07677 4.45595 5.65119 2.88662 0.410253
threshold=0.89991094390004811 -0.24999999999999997 0.91544436208411384 -0.73465357466586967 0.13450702734032352 0.10525246481220707
decision_type=2 2 2 2 2 2
left_child=2 -2 3 -1 -3 -4
right_child=1 4 5 -5 -6 -7
leaf_value=-0.0008769312534256346 0.00041946649391993339 -0.0010915381187441616 0.0013601309903100939 0.000117463108300041 -0.00037090697131385243 0.00076698392266245951
leaf_weight=133 46 45 79 1726 45 47
leaf_count=133 46 45 79 1726 45 47
internal_value=0.000249647 -0.00695652 0.000749874 0.000252552 -0.0123913 0.00796875
internal_weight=2121 136 1985 1859 90 126
internal_count=2121 136 1985 1859 90 126
is_linear=0
shrinkage=0.04


Tree=54
num_leaves=8
num_cat=0
split_feature=124 61 42 26 14 120 90
split_gain=4.0705 5.91231 5.51225 4.0764 4.97269 3.58738 1.39593
threshold=-0.15963530567709935 -1.0640010366850943 1.1302078578255004 0.33596202424013405 0.27373304712078705 -0.39542192889992517 0.082327174761562774
decision_type=2 2 2 2 2 2 2
left_child=3 6 -3 5 -5 -1 -2
right_child=1 2 -4 4 -6 -7 -8
leaf_value=-0.00062955233645373815 0.001460131425686968 -0.00030953627990304151 0.00085340286986904297 -0.00057743732323316515 0.0013593451857648656 0.00059969492587952117 0.00032926434896543555
leaf_weight=67 99 1090 86 122 76 482 99
leaf_count=67 99 1090 86 122 76 482 99
internal_value=0.000230805 -0.00106105 -0.00213922 0.00260347 -0.0023 0.00437387 0.0053
internal_weight=2121 1374 1176 747 198 549 198
internal_count=2121 1374 1176 747 198 549 198
is_linear=0
shrinkage=0.04


Tree=55
num_leaves=7
num_cat=0
split_feature=35 53 119 64 83 26
split_gain=4.11918 4.54778 4.02889 3.80772 4.99462 0.0435268
threshold=0.89991094390004811 -0.24999999999999997 -0.55287572129009244 1.0655272179190114 -0.61272670163792931 0.28373877420665167
decision_type=2 2 2 2 2 2
left_child=3 -2 -3 4 -1 -5
right_child=1 2 -4 5 -6 -7
leaf_value=-0.00048931030266973928 0.00040597697330143213 -1.4500250762872688e-05 -0.00097874463018656778 0.0014464530076190884 0.0001319000109290221 0.0011736449860647385
leaf_weight=216 46 42 48 54 1675 40
leaf_count=216 46 42 48 54 1675 40
internal_value=0.000306171 -0.00637681 -0.0115217 0.000770005 0.000375066 0.00854167
internal_weight=2121 136 90 1985 1891 94
internal_count=2121 136 90 1985 1891 94
is_linear=0
shrinkage=0.04


Tree=56
num_leaves=7
num_cat=0
split_feature=94 42 108 75 119 7
split_gain=4.04291 4.13317 4.80604 2.14331 1.6113 0.327081
threshold=-0.77415593705401886 -0.89461010211212522 -1.0987102052337911 0.23746543129941453 -0.2952877365997662 0.24972373519683605
decision_type=2 2 2 2 2 2
left_child=3 4 -3 5 -2 -1
right_child=1 2 -4 -5 -6 -7
leaf_value=0.0009572525692104467 3.4593182102262806e-05 0.0011631462021991004 -0.00014903870081525874 -0.00016031794563390724 0.00096228050163662442 0.00109717203352118
leaf_weight=104 70 195 1554 54 104 40
leaf_count=104 70 195 1554 54 104 40
internal_value=0.000287329 -0.000275325 -0.000862364 0.0057 0.00556818 0.00821918
internal_weight=2121 1923 1749 198 174 144
internal_count=2121 1923 1749 198 174 144
is_linear=0
shrinkage=0.04


Tree=57
num_leaves=8
num_cat=0
split_feature=83 125 64 14 104 47 46
split_gain=4.03977 5.71332 5.25348 5.1778 2.55093 2.90658 1.37865
threshold=0.82217360997065525 -0.082187720460793826 0.82452429593323417 0.3234232092982921 -0.016830916093138998 -0.27067467826555075 -0.57963152256252248
decision_type=2 2 2 2 2 2 2
left_child=1 3 -3 -1 6 -6 -2
right_child=4 2 -4 -5 5 -7 -8
leaf_value=0.00048127853296766557 0.00010259736106313954 -0.00048647108911126224 0.0014774353258957338 -0.00024035384670803648 -0.00059143105785120767 0.0004842969499347996 0.00089766173352214072
leaf_weight=547 40 776 70 335 42 126 185
leaf_count=547 40 776 70 335 42 126 185
internal_value=0.000325012 -0.000508671 -0.00285377 0.00174208 0.00397468 0.000235294 0.00674009
internal_weight=2121 1728 846 882 393 168 225
internal_count=2121 1728 846 882 393 168 225
is_linear=0
shrinkage=0.04


Tree=58
num_leaves=8
num_cat=0
split_feature=124 63 95 14 9 14 35
split_gain=4.31589 5.70104 6.06524 2.85465 4.4739 0.697387 0.184389
threshold=-0.11701497113247623 -0.92472837035631261 1.9714839489479363 0.73650178126005506 0.56460365431387172 -0.0078005827902544412 0.33806031607155801
decision_type=2 2 2 2 2 2 2
left_child=3 5 -3 4 -1 -2 -5
right_child=1 2 -4 6 -6 -7 -8
leaf_value=0.00023988099759050767 0.0019142324287081077 -0.00031782904934381017 0.0014994681425002593 0.0022187026513144992 -0.00056929759599205852 0.00012319806326880595 0.0016434222485351754
leaf_weight=632 72 1029 143 73 91 41 40
leaf_count=632 72 1029 143 73 91 41 40
internal_value=0.000343853 -0.00111111 -0.00194208 0.00257757 0.00164138 0.0073913 0.00843478
internal_weight=2121 1285 1172 836 723 113 113
internal_count=2121 1285 1172 836 723 113 113
is_linear=0
shrinkage=0.04


Tree=59
num_leaves=7
num_cat=0
split_feature=94 16 108 75 7 7
split_gain=4.04291 4.38601 4.15505 2.13882 0.530976 0.14853
threshold=-0.77415593705401886 -1.0194463819720065 -1.0581280851124608 0.31136672013395256 0.27516400564214233 0.35992671748519589
decision_type=2 2 2 2 2 2
left_child=3 5 -3 4 -1 -2
right_child=1 2 -4 -5 -6 -7
leaf_value=0.00090270109037289439 0.0009732463265296038 0.00081500585070896599 -0.000113396311412148 -0.00025114021517809345 0.0010697881224000535 0.0010025377102076327
leaf_weight=110 40 255 1575 48 40 53
leaf_count=110 40 255 1575 48 40 53
internal_value=0.000287329 -0.000275325 -0.000709607 0.0057 0.00802632 0.00810526
internal_weight=2121 1923 1830 198 150 93
internal_count=2121 1923 1830 198 150 93
is_linear=0
shrinkage=0.04


Tree=60
num_leaves=5
num_cat=0
split_feature=94 61 76 67
split_gain=3.79735 3.5771 6.32549 1.92209
threshold=-0.84264202680371758 -1.0252255953041503 0.128348406605162 -1.3466612796778679
decision_type=2 2 2 2
left_child=-1 3 -3 -2
right_child=1 2 -4 -5
leaf_value=0.0012768691789938169 -8.4264106136421529e-05 0.00011022202354944832 -0.00050507442945448673 0.0010125820787076428
leaf_weight=72 56 1149 648 196
leaf_count=72 56 1149 648 196
internal_value=0.000287329 -3.41297e-05 -0.000661479 0.00440945
internal_weight=2121 2049 1797 252
internal_count=2121 2049 1797 252
is_linear=0
shrinkage=0.04


Tree=61
num_leaves=8
num_cat=0
split_feature=107 26 64 117 35 36 42
split_gain=3.71959 5.26268 4.6142 4.02681 3.58094 5.09021 3.65632
threshold=0.2701832512037759 0.54307140523741348 -0.88993871018172255 0.96313004186114004 -0.29621563102538501 -0.79061990694564266 0.41233077902995624
decision_type=2 2 2 2 2 2 2
left_child=4 3 -3 -2 5 -1 -6
right_child=1 2 -4 -5 6 -7 -8
leaf_value=0.00047791331481276944 -0.00014374260433503217 0.0022746302879597773 -0.00093143478480254822 0.000560026719872463 0.00074671177101791927 -0.00041553820467986883 -2.7604457994079844e-05
leaf_weight=202 454 40 172 114 563 239 337
leaf_count=202 454 40 172 114 563 239 337
internal_value=0.000249647 -0.00194373 -0.00728972 7.01754e-05 0.00152643 -0.00142212 0.00297118
internal_weight=2121 780 212 568 1341 441 900
internal_count=2121 780 212 568 1341 441 900
is_linear=0
shrinkage=0.04


Tree=62
num_leaves=6
num_cat=0
split_feature=64 123 40 62 5
split_gain=3.31564 4.35159 4.93642 1.01656 0.045977
threshold=0.91544436208411384 1.5116995758524066 -0.57811860036065565 0.44464049657044585 0.050115982842916774
decision_type=2 2 2 2 2
left_child=1 2 -1 4 -2
right_child=3 -3 -4 -5 -6
leaf_value=-0.00047486331469906727 0.00060580793743158113 -0.00085437384327426255 0.00012342832144633041 0.00028232270967186581 0.0012505838661118764
leaf_weight=347 40 49 1589 40 56
leaf_count=347 40 49 1589 40 56
internal_value=0.000381536 -3.5229e-05 0.000268318 0.00637681 0.00857143
internal_weight=2121 1985 1936 136 96
internal_count=2121 1985 1936 136 96
is_linear=0
shrinkage=0.04


Tree=63
num_leaves=8
num_cat=0
split_feature=50 64 69 11 107 40 26
split_gain=3.35892 3.16416 4.00524 2.4295 3.74715 2.83589 0.468085
threshold=0.45576977937571478 0.85445271206096851 -0.19267992348418903 0.36908861710848789 -0.37365543355651321 0.37885285587163298 0.31501921695882107
decision_type=2 2 2 2 2 2 2
left_child=1 2 -1 4 -2 -5 -3
right_child=3 6 -4 5 -6 -7 -8
leaf_value=0.00026596613176383467 0.00074277722627841248 0.00077657779063476976 -0.0001027551268765145 -0.00038146694641360814 -0.00031029657672870369 -0.0014702539300176897 0.00060994297953118504
leaf_weight=574 138 70 851 94 286 66 42
leaf_count=574 138 70 851 94 286 66 42
internal_value=0.000325012 0.00130604 0.000791871 -0.00225256 -0.000657277 -0.00641975 0.0077193
internal_weight=2121 1537 1425 584 424 160 112
internal_count=2121 1537 1425 584 424 160 112
is_linear=0
shrinkage=0.04


Tree=64
num_leaves=5
num_cat=0
split_feature=94 64 83 37
split_gain=3.35019 3.60573 3.98152 0.384383
threshold=-0.84264202680371758 1.0655272179190114 -0.73465357466586967 -0.40179548410227356
decision_type=2 2 2 2
left_child=-1 2 -2 -3
right_child=1 3 -4 -5
leaf_value=0.001181953744617307 -0.00063654506674172442 0.00076757762540253128 9.8492107417770718e-06 0.0013203121785792143
leaf_weight=72 139 64 1806 40
leaf_count=72 139 64 1806 40
internal_value=0.000287329 -1.4627e-05 -0.000405752 0.00716981
internal_weight=2121 2049 1945 104
internal_count=2121 2049 1945 104
is_linear=0
shrinkage=0.04


Tree=65
num_leaves=5
num_cat=0
split_feature=94 61 70 45
split_gain=3.30504 3.67539 6.1305 1.35117
threshold=-0.84264202680371758 -1.0640010366850943 -1.3585059194300741 0.56677486566861057
decision_type=2 2 2 2
left_child=-1 3 -3 -2
right_child=1 2 -4 -5
leaf_value=0.0011346755948326145 0.0014155484671797489 -0.0018982152933665704 -1.1623433678842887e-05 4.7514602852279984e-05
leaf_weight=72 145 60 1773 71
leaf_count=72 145 60 1773 71
internal_value=0.000343853 4.3881e-05 -0.00053951 0.00495413
internal_weight=2121 2049 1833 216
internal_count=2121 2049 1833 216
is_linear=0
shrinkage=0.04


Tree=66
num_leaves=7
num_cat=0
split_feature=15 64 123 119 37 83
split_gain=3.32108 3.68103 5.83858 0.733288 0.384383 0.234688
threshold=-0.97747555020687094 1.0655272179190114 1.5116995758524066 -0.29912174396118391 -0.40179548410227356 0.45021338021694224
decision_type=2 2 2 2 2 2
left_child=3 2 -2 -1 -3 -5
right_child=1 4 -4 5 -6 -7
leaf_value=0.00013526657492811175 -1.4027504219888896e-05 0.00073733945773358373 -0.00084891634799326768 0.00050051883618667202 0.0012679646287831994 0.0012363912518431098
leaf_weight=50 1824 64 40 45 40 58
leaf_count=50 1824 64 40 45 40 58
internal_value=0.000362694 -8.12183e-05 -0.000493033 0.006 0.00716981 0.00790476
internal_weight=2121 1968 1864 153 104 103
internal_count=2121 1968 1864 153 104 103
is_linear=0
shrinkage=0.04


Tree=67
num_leaves=5
num_cat=0
split_feature=94 78 28 107
split_gain=3.2602 3.33278 3.86826 1.28068
threshold=-0.84264202680371758 -1.1313156186218891 0.43644479267853542 0.040268212262534762
decision_type=2 2 2 2
left_child=-1 3 -3 -2
right_child=1 2 -4 -5
leaf_value=0.0010898496712081055 0.0011489374727875745 6.8552028998567318e-05 -0.00039582643570432592 0.00013053075880460767
leaf_weight=72 87 1358 538 66
leaf_count=72 87 1358 538 66
internal_value=0.000400377 0.000102389 -0.000358272 0.00574194
internal_weight=2121 2049 1896 153
internal_count=2121 2049 1896 153
is_linear=0
shrinkage=0.04


Tree=68
num_leaves=6
num_cat=0
split_feature=16 107 36 63 7
split_gain=3.2362 3.94155 4.65001 3.5572 0.360084
threshold=-1.0194463819720065 0.50010847225149135 -0.9198584407562207 0.23958268052387535 0.34297803891197681
decision_type=2 2 2 2 2
left_child=4 3 -3 -2 -1
right_child=1 2 -4 -5 -6
leaf_value=0.00062021847392243631 -4.1984821841495882e-05 -0.0010959183897596614 -0.00016620412087816429 0.00039721699454230098 0.00093552930257983895
leaf_weight=45 943 61 430 588 54
leaf_count=45 943 61 430 588 54
internal_value=0.000438059 8.89328e-05 -0.00302231 0.00108937 0.00742574
internal_weight=2121 2022 491 1531 99
internal_count=2121 2022 491 1531 99
is_linear=0
shrinkage=0.04


Tree=69
num_leaves=7
num_cat=0
split_feature=83 125 11 94 46 104
split_gain=3.33351 4.50046 5.07303 4.59884 2.11077 2.02471
threshold=0.82217360997065525 -0.082187720460793826 0.43585452980658329 -0.11010155186529837 -1.7238445817788579 0.033579762467069361
decision_type=2 2 2 2 2 2
left_child=1 2 -1 -3 -2 -6
right_child=4 3 -4 -5 5 -7
leaf_value=0.00042299174341242678 -0.00029555721787812809 0.00010356218484644659 -0.00037860378935535531 -0.00062128856452232277 0.00083941680289598695 0.00010955408371804504
leaf_weight=620 40 348 262 498 216 137
leaf_count=620 40 348 262 498 216 137
internal_value=0.000456901 -0.000300578 0.00169683 -0.00238208 0.00377215 0.00476056
internal_weight=2121 1728 882 846 393 353
internal_count=2121 1728 882 846 393 353
is_linear=0
shrinkage=0.04


Tree=70
num_leaves=6
num_cat=0
split_feature=16 107 36 63 103
split_gain=3.30639 3.30782 4.47675 4.23521 0.203346
threshold=-1.0194463819720065 0.70543943518127594 -0.9198584407562207 0.2324229199453848 0.046057684104963442
decision_type=2 2 2 2 2
left_child=4 3 -3 -2 -1
right_child=1 2 -4 -5 -6
leaf_value=0.00046684855069200156 -8.393161347701766e-05 -0.001091516921357038 -0.00017388815210498871 0.00038466558289483094 0.00090765702785685579
leaf_weight=55 1055 45 279 643 44
leaf_count=55 1055 45 279 643 44
internal_value=0.000362694 9.88142e-06 -0.00368098 0.000717647 0.00742574
internal_weight=2121 2022 324 1698 99
internal_count=2121 2022 324 1698 99
is_linear=0
shrinkage=0.04


Tree=71
num_leaves=7
num_cat=0
split_feature=64 63 108 82 84 116
split_gain=3.24465 5.11681 5.15426 3.7955 3.56624 1.71767
threshold=-0.90373681668794503 0.28613298031329554 -1.0581280851124608 -0.26656372067114625 -0.56978086963142816 -0.45654457945558141
decision_type=2 2 2 2 2 2
left_child=3 2 -2 -1 -3 -5
right_child=1 4 -4 5 -6 -7
leaf_value=-0.00040400957844640643 0.0010224986625750165 -0.00017383276444600873 -0.00034622012969390026 0.00017605510527850374 0.00038384606607532785 0.0019796466970313661
leaf_weight=63 155 112 969 48 633 141
leaf_count=63 155 112 969 48 633 141
internal_value=0.000325012 -0.000251203 -0.00195382 0.00456693 0.00231593 0.0073822
internal_weight=2121 1869 1124 252 745 189
internal_count=2121 1869 1124 252 745 189
is_linear=0
shrinkage=0.04


Tree=72
num_leaves=6
num_cat=0
split_feature=35 53 64 83 49
split_gain=3.43915 3.77684 3.68304 4.70566 0.154821
threshold=0.95615273370063714 -1.0000000180025095e-35 1.0655272179190114 -0.61272670163792931 -0.43459933690141483
decision_type=2 2 2 2 2
left_child=2 -2 3 -1 -4
right_child=1 -3 4 -5 -6
leaf_value=-0.00044053884674565648 0.0001623175537545457 -0.0017075533986362316 0.00054232539471950445 9.1057898645779053e-05 0.0012308606563867439
leaf_weight=216 50 54 40 1705 56
leaf_count=216 50 54 40 1705 56
internal_value=0.000230805 -0.00679245 0.000599307 0.000213209 0.00816327
internal_weight=2121 104 2017 1921 96
internal_count=2121 104 2017 1921 96
is_linear=0
shrinkage=0.04


Tree=73
num_leaves=5
num_cat=0
split_feature=18 7 40 88
split_gain=3.11306 3.77902 5.3229 3.31624
threshold=0.64205223018167545 -0.61425829301597246 -0.57811860036065565 0.41341695982285959
decision_type=2 2 2 2
left_child=1 3 -3 -1
right_child=-2 2 -4 -5
leaf_value=0.00063281068517316618 -0.00080224024478529139 -0.00050944858674816299 7.3764783824520555e-05 -0.00015920666742671408
leaf_weight=211 40 278 1528 64
leaf_count=211 40 278 1528 64
internal_value=0.000306171 0.000523284 -0.000143805 0.00487365
internal_weight=2121 2081 1806 275
internal_count=2121 2081 1806 275
is_linear=0
shrinkage=0.04


Tree=74
num_leaves=8
num_cat=0
split_feature=83 125 14 94 47 40 87
split_gain=3.10534 3.83259 4.55701 4.15222 2.07466 2.081 1.16614
threshold=0.82217360997065525 -0.13995948126711535 0.3234232092982921 -0.098841968484421255 -0.34095953452374483 0.083456347091024827 0.14557213897697494
decision_type=2 2 2 2 2 2 2
left_child=1 2 -1 -3 5 -2 -6
right_child=4 3 -4 -5 6 -7 -8
leaf_value=0.00038988963372309628 0.00046853873720878025 6.7471755970818502e-05 -0.00014921661766009218 -0.00057877539046711547 0.00020770380440569087 -0.00028667190251884661 0.00095197723798420592
leaf_weight=517 55 381 323 507 117 51 170
leaf_count=517 55 381 323 507 117 51 170
internal_value=0.000268488 -0.000462428 0.00147268 -0.00229213 0.00346835 -0.0012963 0.00522491
internal_weight=2121 1728 840 888 393 106 287
internal_count=2121 1728 840 888 393 106 287
is_linear=0
shrinkage=0.04


Tree=75
num_leaves=5
num_cat=0
split_feature=18 7 40 88
split_gain=3.14571 3.43622 4.91672 3.19716
threshold=0.64205223018167545 -0.61425829301597246 -0.57811860036065565 0.41341695982285959
decision_type=2 2 2 2
left_child=1 3 -3 -1
right_child=-2 2 -4 -5
leaf_value=0.00060651224997492078 -0.00077605957010090155 -0.00048495276499183748 7.2788587600991432e-05 -0.0001522607985370738
leaf_weight=211 40 278 1528 64
leaf_count=211 40 278 1528 64
internal_value=0.000362694 0.000580893 -5.53097e-05 0.00472924
internal_weight=2121 2081 1806 275
internal_count=2121 2081 1806 275
is_linear=0
shrinkage=0.04


Tree=76
num_leaves=7
num_cat=0
split_feature=119 63 61 25 9 88
split_gain=3.23531 3.99876 4.84836 3.34712 1.78246 1.01802
threshold=0.83026450607070434 0.59139278467758538 -1.0252255953041503 -0.70445891385364312 0.73205730615592468 -0.49778838031924155
decision_type=2 2 2 2 2 2
left_child=1 2 -1 -3 5 -2
right_child=4 3 -4 -5 -6 -7
leaf_value=0.00048717551677670754 1.6138236742801287e-05 -0.00061082819424682468 -0.00025717287935007437 0.00040203077495769041 -0.00020481518238001429 0.00089998831821025004
leaf_weight=246 44 52 1245 341 40 153
leaf_count=246 44 52 1245 341 40 153
internal_value=0.000343853 -0.000212089 -0.00115874 0.00336709 0.00472803 0.00628141
internal_weight=2121 1884 1491 393 237 197
internal_count=2121 1884 1491 393 237 197
is_linear=0
shrinkage=0.04


Tree=77
num_leaves=5
num_cat=0
split_feature=94 47 35 89
split_gain=2.88881 3.18061 3.94657 1.67094
threshold=-0.84264202680371758 1.5130303848366655 0.88761688788773008 -0.36306878823627536
decision_type=2 2 2 2
left_child=-1 2 -2 -3
right_child=1 3 -4 -5
leaf_value=0.0010098420463577574 6.8298761531431636e-06 7.5107182191376526e-05 -0.00057265323856630105 0.0008414176557579679
leaf_weight=72 1789 52 116 92
leaf_count=72 1789 52 116 92
internal_value=0.000343853 6.33837e-05 -0.000372313 0.00575342
internal_weight=2121 2049 1905 144
internal_count=2121 2049 1905 144
is_linear=0
shrinkage=0.04


Tree=78
num_leaves=7
num_cat=0
split_feature=119 11 35 35 9 96
split_gain=3.20758 3.15303 3.69589 2.58039 1.78246 0.781128
threshold=0.83026450607070434 -0.79083787446140463 0.97839853760707862 0.4403482540800111 0.73205730615592468 -0.57786645165855777
decision_type=2 2 2 2 2 2
left_child=1 3 -3 -1 5 -2
right_child=4 2 -4 -5 -6 -7
leaf_value=0.00053088511527098648 7.2792399485864111e-05 -2.4921188067039553e-05 -0.0011075128374691396 -6.5101275479631794e-05 -0.00017951127668935633 0.00080919899591364237
leaf_weight=173 42 1565 57 89 40 155
leaf_count=173 42 1565 57 89 40 155
internal_value=0.000362694 -0.00019088 -0.000849754 0.00386364 0.00472803 0.00628141
internal_weight=2121 1884 1622 262 237 197
internal_count=2121 1884 1622 262 237 197
is_linear=0
shrinkage=0.04


Tree=79
num_leaves=8
num_cat=0
split_feature=11 63 108 123 35 102 5
split_gain=3.03874 3.15344 6.10208 3.33628 2.1106 5.32211 0.977493
threshold=-0.79083787446140463 0.28613298031329554 -1.0581280851124608 0.72863419482999159 0.4403482540800111 0.087516053650640163 -0.66803874550790099
decision_type=2 2 2 2 2 2 2
left_child=4 2 -2 -3 6 -6 -1
right_child=1 3 -4 -5 5 -7 -8
leaf_value=0.00010320879884248361 0.0010477946813027984 0.0003397577078069773 -0.00032362560405183412 -0.00028922328693300651 -0.0009785695094049324 0.00095577441636124545 0.00072824068328883275
leaf_weight=54 183 523 1005 104 56 55 141
leaf_count=54 183 523 1005 104 56 55 141
internal_value=0.000287329 -0.000335718 -0.00154622 0.00195548 0.00396104 -0.000442478 0.0064467
internal_weight=2121 1815 1188 627 306 111 195
internal_count=2121 1815 1188 627 306 111 195
is_linear=0
shrinkage=0.04


Tree=80
num_leaves=8
num_cat=0
split_feature=83 88 45 93 41 104 117
split_gain=3.1559 3.60512 5.8775 4.03425 1.86577 2.20691 0.703165
threshold=0.82217360997065525 -0.007526796688379714 0.60085049785557987 0.29346344912574657 -0.6882323479360527 -0.016830916093138998 -0.2173100956141856
decision_type=2 2 2 2 2 2 2
left_child=1 3 -3 -1 6 -6 -2
right_child=4 2 -4 -5 5 -7 -8
leaf_value=-2.3346665009579454e-05 0.00031010117088519815 -0.00043788164515422837 0.00054972249993693765 0.00057980529477214254 0.00035156398905497528 -0.00015359132115018475 0.0019723287357559334
leaf_weight=667 68 597 183 281 139 109 77
leaf_count=667 68 597 183 281 139 109 77
internal_value=0.000343853 -0.000393064 -0.00240409 0.00126316 0.00356962 0.00144 0.00714286
internal_weight=2121 1728 780 948 393 248 145
internal_count=2121 1728 780 948 393 248 145
is_linear=0
shrinkage=0.04


Tree=81
num_leaves=8
num_cat=0
split_feature=119 107 4 7 42 66 122
split_gain=3.23531 3.12994 3.64846 3.32923 1.64248 1.95754 0.50304
threshold=0.83026450607070434 0.40291966147355196 -0.64272821027050731 -0.55568050684150005 0.43979717597747353 0.10029165448742423 -0.1813622692258173
decision_type=2 2 2 2 2 2 2
left_child=1 3 -3 -1 6 -6 -2
right_child=4 2 -4 -5 5 -7 -8
leaf_value=0.00047737957663196689 0.00059501257319655079 0.00043630822224585908 -0.00042961648310329946 -5.9618346754493086e-06 0.00038231633094844676 -0.00044623144141444097 0.0011304437539829853
leaf_weight=222 66 105 429 1128 40 47 84
leaf_count=222 66 105 429 1128 40 47 84
internal_value=0.000343853 -0.000212089 -0.00279851 0.000813609 0.00472803 0.000337079 0.00723684
internal_weight=2121 1884 534 1350 237 87 150
internal_count=2121 1884 534 1350 237 87 150
is_linear=0
shrinkage=0.04


Tree=82
num_leaves=8
num_cat=0
split_feature=119 88 35 42 15 69 14
split_gain=3.07957 3.50397 4.16375 1.82359 1.92045 0.655097 0.118981
threshold=0.83852569624131612 -0.92008560888735325 -0.57979167841313062 0.43979717597747353 0.33348093983801513 0.24268013279717679 0.13943651937244012
decision_type=2 2 2 2 2 2 2
left_child=1 6 -3 5 -5 -2 -1
right_child=3 2 -4 4 -6 -7 -8
leaf_value=0.00052412869028589941 0.0013680076472680639 -0.00032821842597872535 4.8691218087848072e-05 0.00044803224958357902 -0.00044012566499054758 0.00024561615444560153 0.0015342156828412911
leaf_weight=40 104 414 1398 42 42 40 41
leaf_count=40 104 414 1398 42 42 40 41
internal_value=0.000325012 -0.000205805 -0.000573319 0.00469565 0 0.00739726 0.00783133
internal_weight=2121 1893 1812 228 84 144 81
internal_count=2121 1893 1812 228 84 144 81
is_linear=0
shrinkage=0.04


Tree=83
num_leaves=8
num_cat=0
split_feature=83 125 64 68 117 49 71
split_gain=3.23002 3.92115 4.26431 4.021 1.82757 2.13767 0.13897
threshold=0.82217360997065525 -0.082187720460793826 0.82452429593323417 1.4286737400845746 0.54129917746618061 1.5673792586006654 0.11204697479320745
decision_type=2 2 2 2 2 2 2
left_child=1 3 -3 -1 5 -2 -6
right_child=4 2 -4 -5 6 -7 -8
leaf_value=0.00018226084396849042 2.3450432934009647e-05 -0.0003561148795382565 0.0012569169162356538 -0.0016751914279726028 0.0013180361737881309 0.0012279629438625278 0.00061362066631092879
leaf_weight=834 247 776 70 48 57 47 42
leaf_count=834 247 776 70 48 57 47 42
internal_value=0.000306171 -0.000439306 -0.00238208 0.00142534 0.00356962 0.00195946 0.00821782
internal_weight=2121 1728 846 882 393 294 99
internal_count=2121 1728 846 882 393 294 99
is_linear=0
shrinkage=0.04


Tree=84
num_leaves=5
num_cat=0
split_feature=28 11 7 46
split_gain=3.1904 3.38054 3.00672 2.37661
threshold=-0.79900171223876482 -0.79083787446140463 -0.61425829301597246 -1.3772537680958858
decision_type=2 2 2 2
left_child=-1 3 -3 -2
right_child=1 2 -4 -5
leaf_value=-0.00088123451940857686 -0.00013301785080727284 0.00041401535439047177 -4.285669548880338e-05 0.00055416976448589329
leaf_weight=45 60 232 1546 238
leaf_count=45 60 232 1546 238
internal_value=0.000306171 0.00053898 -0.000123596 0.00446667
internal_weight=2121 2076 1778 298
internal_count=2121 2076 1778 298
is_linear=0
shrinkage=0.04


Tree=85
num_leaves=5
num_cat=0
split_feature=94 42 64 119
split_gain=2.93103 3.12986 3.32559 2.01394
threshold=-0.84264202680371758 -0.89461010211212522 -0.90373681668794503 -0.2952877365997662
decision_type=2 2 2 2
left_child=-1 3 -3 -2
right_child=1 2 -4 -5
leaf_value=0.0009683947517916988 -7.0078184078508843e-08 0.00067537869339724611 -7.7848093752813188e-05 0.00063535780793389494
leaf_weight=72 70 238 1632 109
leaf_count=72 70 238 1632 109
internal_value=0.000287329 4.87567e-06 -0.000480769 0.00502762
internal_weight=2121 2049 1870 179
internal_count=2121 2049 1870 179
is_linear=0
shrinkage=0.04


Tree=86
num_leaves=5
num_cat=0
split_feature=15 95 28 46
split_gain=2.81313 2.84999 4.98401 2.17066
threshold=-1.2191121081720608 1.9714839489479363 0.43644479267853542 0.94176234135855863
decision_type=2 2 2 2
left_child=-1 2 -2 -3
right_child=1 3 -4 -5
leaf_value=0.00069888624193999984 6.8105494654861884e-05 0.0021215914254679724 -0.00035840482822593547 -0.00014788108590255841
leaf_weight=63 1402 112 503 41
leaf_count=63 1402 112 503 41
internal_value=0.000268488 9.70874e-06 -0.000414263 0.00522581
internal_weight=2121 2058 1905 153
internal_count=2121 2058 1905 153
is_linear=0
shrinkage=0.04


Tree=87
num_leaves=5
num_cat=0
split_feature=28 11 78 46
split_gain=3.16716 3.21926 2.99208 2.28827
threshold=-0.79900171223876482 -0.79083787446140463 -1.2153424968622202 -1.3772537680958858
decision_type=2 2 2 2
left_child=-1 3 -3 -2
right_child=1 2 -4 -5
leaf_value=-0.00084559543466831565 -0.00012204439099614044 0.001089318658449838 -2.7807375445801788e-05 0.00052656749122781659
leaf_weight=45 60 80 1698 238
leaf_count=45 60 80 1698 238
internal_value=0.000268488 0.000500481 -0.000146067 0.00433333
internal_weight=2121 2076 1778 298
internal_count=2121 2076 1778 298
is_linear=0
shrinkage=0.04


Tree=88
num_leaves=5
num_cat=0
split_feature=28 68 11 12
split_gain=3.13246 3.04475 4.16895 3.72023
threshold=-0.79900171223876482 -0.53374312210390007 0.52119463827374968 0.10100699338200116
decision_type=2 2 2 2
left_child=-1 3 -3 -2
right_child=1 2 -4 -5
leaf_value=-0.00081177161728158314 0.0007506506016787196 9.459581575315235e-05 -0.0004734182252721851 4.4299211861621166e-05
leaf_weight=45 135 1297 423 221
leaf_count=45 135 1297 423 221
internal_value=0.000211964 0.000442733 -0.000255517 0.00379888
internal_weight=2121 2076 1720 356
internal_count=2121 2076 1720 356
is_linear=0
shrinkage=0.04


Tree=89
num_leaves=6
num_cat=0
split_feature=78 70 124 15 42
split_gain=2.89744 3.07342 5.55411 3.61758 0.380988
threshold=-1.2153424968622202 -1.4067071262741142 0.80972920372533141 -0.77942664303309728 -0.279104175851556
decision_type=2 2 2 2 2
left_child=4 2 -2 -3 -1
right_child=1 3 -4 -5 -6
leaf_value=0.0016376802285886268 -0.0016210712712307652 0.00045472177872477488 0.00055145618049947558 -1.6705235065449626e-05 0.00024702691664814608
leaf_weight=48 71 248 52 1660 42
leaf_count=48 71 248 52 1660 42
internal_value=0.000230805 -8.36203e-05 -0.00616 0.000314136 0.00717391
internal_weight=2121 2031 123 1908 90
internal_count=2121 2031 123 1908 90
is_linear=0
shrinkage=0.04


Tree=90
num_leaves=7
num_cat=0
split_feature=78 70 114 70 106 104
split_gain=3.43297 3.46181 7.24488 3.34865 1.12213 0.910941
threshold=-1.1313156186218891 -1.4067071262741142 -0.49999999999999961 -0.1178121059063867 0.31532313820565344 0.23633165025704064
decision_type=2 2 2 2 2 2
left_child=4 2 -2 -3 5 -1
right_child=1 3 -4 -5 -6 -7
leaf_value=0.00028654365703163201 -0.0017821352004249221 0.00026356681659632676 0.00041869713806577864 -5.1895747093682054e-05 0.001074628637323436 -8.9450895704461142e-05
leaf_weight=42 40 690 49 1189 69 42
leaf_count=42 40 690 49 1189 69 42
internal_value=0.000268488 -0.000182741 -0.0078022 0.000186071 0.006 0.0027907
internal_weight=2121 1968 89 1879 153 84
internal_count=2121 1968 89 1879 153 84
is_linear=0
shrinkage=0.04


Tree=91
num_leaves=8
num_cat=0
split_feature=83 61 68 117 104 3 41
split_gain=3.05519 3.47774 5.38921 1.99197 1.81678 0.822212 0.149602
threshold=0.82217360997065525 -1.0103512991898029 1.4286737400845746 0.54129917746618061 1.0000000180025095e-35 -0.60044888058771351 -0.34329345041923104
decision_type=2 2 2 2 2 2 2
left_child=1 5 -3 4 -2 -1 -5
right_child=3 2 -4 6 -6 -7 -8
leaf_value=0.00014581267510958552 0.00039043765893618469 -3.2380774965521251e-05 -0.001510515285875367 0.0023119026593163877 -0.00010902217032378051 0.0005233130528577984 0.00034316477290243256
leaf_weight=44 171 1495 56 58 123 133 41
leaf_count=44 171 1495 56 58 123 133 41
internal_value=0.000193123 -0.000531792 -0.00113973 0.00336709 0.00168919 0.0047486 0.00821782
internal_weight=2121 1728 1551 393 294 177 99
internal_count=2121 1728 1551 393 294 177 99
is_linear=0
shrinkage=0.04


Tree=92
num_leaves=7
num_cat=0
split_feature=83 126 61 117 18 41
split_gain=2.89855 3.23634 3.61234 2.07672 1.84704 0.149602
threshold=0.82217360997065525 -1.0235200486255236 -1.0103512991898029 0.54129917746618061 -0.85249945550211625 -0.34329345041923104
decision_type=2 2 2 2 2 2
left_child=1 -1 -3 4 -2 -5
right_child=3 2 -4 5 -6 -7
leaf_value=0.00081327338805368098 0.00057995564687522466 0.00042004866456602007 -9.859272143328935e-05 0.0022194265529437321 -8.6224730507029064e-06 0.00032943818198633538
leaf_weight=54 72 177 1497 58 222 41
leaf_count=54 72 177 1497 58 222 41
internal_value=0.000174282 -0.000531792 -0.000847255 0.00326582 0.00155405 0.00821782
internal_weight=2121 1728 1674 393 294 99
internal_count=2121 1728 1674 393 294 99
is_linear=0
shrinkage=0.04


Tree=93
num_leaves=8
num_cat=0
split_feature=119 47 40 42 15 24 69
split_gain=2.83339 3.04414 3.73098 1.92437 1.6361 1.26862 0.899063
threshold=0.83852569624131612 1.5130303848366655 -0.5676668674871278 0.43979717597747353 0.33348093983801513 0.89190070673104604 0.24268013279717679
decision_type=2 2 2 2 2 2 2
left_child=1 2 -1 6 -5 -3 -2
right_child=3 5 -4 4 -6 -7 -8
leaf_value=-0.00045439357062800891 0.0012283803174034376 0.0014572094532943921 1.5751893980854754e-06 0.00042820681850082705 -0.0003631530319980822 0.00017414607360700479 0.00016815569554614983
leaf_weight=305 104 61 1465 42 42 62 40
leaf_count=305 104 61 1465 42 42 62 40
internal_value=0.00015544 -0.000353562 -0.000778781 0.00434783 -0.000465116 0.00568 0.00712329
internal_weight=2121 1893 1770 228 84 123 144
internal_count=2121 1893 1770 228 84 123 144
is_linear=0
shrinkage=0.04


Tree=94
num_leaves=5
num_cat=0
split_feature=15 47 35 24
split_gain=2.85207 2.89882 3.393 1.09657
threshold=-1.2191121081720608 1.5687931568540618 0.82827686253356447 0.89190070673104604
decision_type=2 2 2 2
left_child=-1 2 -2 -3
right_child=1 3 -4 -5
leaf_value=0.00059813486224042864 1.411938091192607e-06 0.0014451999249105571 -0.00043621782780288833 0.00017323205874604424
leaf_weight=63 1791 59 141 67
leaf_count=63 1791 59 141 67
internal_value=0.000211964 -4.85437e-05 -0.000434333 0.00578125
internal_weight=2121 2058 1932 126
internal_count=2121 2058 1932 126
is_linear=0
shrinkage=0.04


Tree=95
num_leaves=8
num_cat=0
split_feature=119 35 35 107 42 37 69
split_gain=3.02055 3.22107 6.90771 4.5472 1.69101 1.63975 0.899063
threshold=0.83852569624131612 -0.57979167841313062 -1.2403628719288553 -0.46286776184572892 0.43979717597747353 -0.15364390863277097 0.24268013279717679
decision_type=2 2 2 2 2 2 2
left_child=1 2 -1 -3 6 -6 -2
right_child=4 3 -4 -5 5 -7 -8
leaf_value=0.00036906774139425599 0.0011791886271836521 0.00059449054034577304 -0.00053896175428509946 -3.3396260338663872e-05 0.00033075505032079572 -0.00029250864488877126 0.0001613729902006561
leaf_weight=144 104 357 297 1095 44 40 40
leaf_count=144 104 357 297 1095 44 40 40
internal_value=0.000193123 -0.000332454 -0.00331828 0.000577717 0.00452174 0 0.00712329
internal_weight=2121 1893 441 1452 228 84 144
internal_count=2121 1893 441 1452 228 84 144
is_linear=0
shrinkage=0.04


Tree=96
num_leaves=8
num_cat=0
split_feature=83 88 45 93 117 113 41
split_gain=2.94741 3.54034 5.81806 3.12252 2.10336 1.61015 0.505721
threshold=0.82217360997065525 -0.007526796688379714 1.008685766922264 0.29346344912574657 0.42390841404217833 0.8788921079823081 -0.30262531685491112
decision_type=2 2 2 2 2 2 2
left_child=1 3 -3 -1 5 -2 -6
right_child=4 2 -4 -5 6 -7 -8
leaf_value=-1.4352837015929598e-05 0.0002795384346107607 -0.00034965893452698084 0.00111971672284457 0.00050329969864771522 0.0018886307310668135 -0.00029619067310704763 3.0676423190877797e-05
leaf_weight=667 222 647 133 281 76 54 41
leaf_count=667 222 647 133 281 76 54 41
internal_value=0.000249647 -0.000462428 -0.00245524 0.00117895 0.00336709 0.00143885 0.00781513
internal_weight=2121 1728 780 948 393 276 117
internal_count=2121 1728 780 948 393 276 117
is_linear=0
shrinkage=0.04


Tree=97
num_leaves=6
num_cat=0
split_feature=95 68 117 44 7
split_gain=2.8146 3.67577 4.85954 0.942311 0.0326705
threshold=2.1377387978888631 1.5528741931721921 0.26069489411917363 -0.1539957496053492 0.628443945627566
decision_type=2 2 2 2 2
left_child=1 2 -1 -2 -5
right_child=3 -3 -4 4 -6
leaf_value=-6.6261629705636899e-05 0.00081980497074628494 -0.0010516209674688295 0.00024892542848418796 0.0010596823834718959 0.0025409986001316358
leaf_weight=1204 40 77 714 40 46
leaf_count=1204 40 77 714 40 46
internal_value=0.000343853 -2.50376e-05 0.000322917 0.00609375 0.00840909
internal_weight=2121 1995 1918 126 86
internal_count=2121 1995 1918 126 86
is_linear=0
shrinkage=0.04


Tree=98
num_leaves=5
num_cat=0
split_feature=28 68 70 100
split_gain=2.62151 2.9133 4.51154 3.94634
threshold=-0.79900171223876482 -0.53374312210390007 0.23796286577612549 0.022474337684266189
decision_type=2 2 2 2
left_child=-1 3 -3 -2
right_child=1 2 -4 -5
leaf_value=-0.00073522583516367817 0.00056677398556779092 8.9581116683072772e-05 -0.00030320799696699908 -5.7213580226316289e-05
leaf_weight=45 273 1222 498 83
leaf_count=45 273 1222 498 83
internal_value=0.000193123 0.000404235 -0.000278746 0.00368715
internal_weight=2121 2076 1720 356
internal_count=2121 2076 1720 356
is_linear=0
shrinkage=0.04


Tree=99
num_leaves=4
num_cat=0
split_feature=28 88 119
split_gain=2.62151 2.55399 2.82715
threshold=-0.79900171223876482 -0.95466036870125526 0.83026450607070434
decision_type=2 2 2
left_child=-1 -2 -3
right_child=1 2 -4
leaf_value=-0.00070581680175713091 0.0014281151223726036 -1.5090548187953636e-05 0.0003762015791471571
leaf_weight=45 53 1790 233
leaf_count=45 53 1790 233
internal_value=0.000193123 0.000404235 0.00017284
internal_weight=2121 2076 2023
internal_count=2121 2076 2023
is_linear=0
shrinkage=0.04


Tree=100
num_leaves=5
num_cat=0
split_feature=94 78 88 42
split_gain=2.61935 2.80952 2.87054 0.546996
threshold=-0.84264202680371758 -1.2153424968622202 -0.92008560888735325 -0.279104175851556
decision_type=2 2 2 2
left_child=-1 3 -3 -2
right_child=1 2 -4 -5
leaf_value=0.00081558494471899601 0.0014724475954418549 0.00056821856528281394 -3.0130936436038455e-05 0.00012801201598948864
leaf_weight=72 48 81 1878 42
leaf_count=72 48 81 1878 42
internal_value=0.000174282 -9.26377e-05 -0.000413055 0.00673913
internal_weight=2121 2049 1959 90
internal_count=2121 2049 1959 90
is_linear=0
shrinkage=0.04


Tree=101
num_leaves=5
num_cat=0
split_feature=28 11 78 46
split_gain=2.61097 2.49522 2.99719 2.57211
threshold=-0.79900171223876482 -0.83081757657563737 -1.2153424968622202 -1.3345474289944763
decision_type=2 2 2 2
left_child=-1 3 -3 -2
right_child=1 2 -4 -5
leaf_value=-0.00067637889222940423 -4.0997862479167093e-05 0.00090718660196540237 -2.0435299751633691e-05 0.00049571421466649169
leaf_weight=45 55 80 1724 217
leaf_count=45 55 80 1724 217
internal_value=0.000174282 0.000384986 -0.000155039 0.00394161
internal_weight=2121 2076 1804 272
internal_count=2121 2076 1804 272
is_linear=0
shrinkage=0.04


Tree=102
num_leaves=7
num_cat=0
split_feature=47 35 89 90 25 37
split_gain=2.55515 3.23105 6.9672 3.29284 1.51594 0.961672
threshold=1.5130303848366655 0.82827686253356447 -0.29322763784240163 -0.54315028230239526 0.80484792755860857 -0.37712493776548234
decision_type=2 2 2 2 2 2
left_child=1 3 -3 -1 -2 -6
right_child=4 2 -4 -5 5 -7
leaf_value=-0.0010105131020623742 0.0015914116353551045 5.7261174317213841e-05 -0.00099473804049982724 5.056945548186129e-05 -6.881890647628751e-05 0.0014094230774826214
leaf_weight=133 64 75 60 1709 40 40
leaf_count=133 64 75 60 1709 40 40
internal_value=9.89166e-05 -0.000277918 -0.00620438 0.00016269 0.00520548 0.00146341
internal_weight=2121 1977 135 1842 144 80
internal_count=2121 1977 135 1842 144 80
is_linear=0
shrinkage=0.04


Tree=103
num_leaves=8
num_cat=0
split_feature=119 113 37 47 33 46 60
split_gain=2.85889 2.62324 3.48307 3.22298 2.25669 1.97336 0.802963
threshold=0.83852569624131612 0.37444628003689817 -0.68056064234009195 -0.30992553509568893 0.19038163177836168 0.059401059774342714 0.14985736930723348
decision_type=2 2 2 2 2 2 2
left_child=1 3 -3 -1 6 -6 -2
right_child=4 2 -4 -5 5 -7 -8
leaf_value=-7.8518395539058371e-05 0.0018148079164137651 0.00082912212258629133 -0.00029332174429786041 0.00019280957361925776 0.00029718694663684737 -0.00015500829430163955 0.00028026819134073516
leaf_weight=477 89 55 536 825 41 50 48
leaf_count=477 89 55 536 825 41 50 48
internal_value=0.000136599 -0.00037467 -0.0025801 0.000628834 0.00434783 -0.000537634 0.00755396
internal_weight=2121 1893 591 1302 228 91 137
internal_count=2121 1893 591 1302 228 91 137
is_linear=0
shrinkage=0.04


Tree=104
num_leaves=5
num_cat=0
split_feature=15 35 70 40
split_gain=2.91756 2.68174 5.26566 4.88013
threshold=-1.2191121081720608 -0.29621563102538501 0.15394302456142409 -0.57811860036065565
decision_type=2 2 2 2
left_child=-1 2 -2 -3
right_child=1 3 -4 -5
leaf_value=0.00054799151553132526 -1.1140981255542138e-05 -0.000138946488472497 -0.00065588167412940158 0.00023727144711723356
leaf_weight=63 569 340 113 1036
leaf_count=63 569 340 113 1036
internal_value=0.000117758 -0.000145631 -0.00219298 0.000870827
internal_weight=2121 2058 682 1376
internal_count=2121 2058 682 1376
is_linear=0
shrinkage=0.04


Tree=105
num_leaves=6
num_cat=0
split_feature=35 53 35 61 35
split_gain=2.53002 3.81671 2.51216 5.49664 4.58581
threshold=0.95615273370063714 -1.0000000180025095e-35 -0.57979167841313062 -0.70976455531253346 -1.2616251780049506
decision_type=2 2 2 2 2
left_child=2 -2 4 -4 -1
right_child=1 -3 3 -5 -6
leaf_value=0.0003553221286126728 0.00022810562671467312 -0.0014331350684410554 0.0010841873072883442 1.804734519590713e-06 -0.00039877632402559373
leaf_weight=144 50 54 235 1282 356
leaf_count=144 50 54 235 1282 356
internal_value=-1.41309e-05 -0.00603774 0.00030213 0.00111257 -0.00215139
internal_weight=2121 104 2017 1517 500
internal_count=2121 104 2017 1517 500
is_linear=0
shrinkage=0.04


Tree=106
num_leaves=7
num_cat=0
split_feature=17 46 113 37 43 2
split_gain=2.56003 3.26786 3.22058 5.40504 2.95025 1.33143
threshold=-0.76023247580484232 -1.5446031619492528 0.79623154796625262 0.65891053585957893 0.41626753903450925 -1.3090831708048858
decision_type=2 2 2 2 2 2
left_child=1 -1 4 -4 -2 -3
right_child=2 5 3 -5 -6 -7
leaf_value=-0.00058550020472780467 0.00012348827531182493 0.00026295685084060084 -0.00069559531780468071 0.00041697673283561793 -0.00018986483719141465 0.00055846665150063694
leaf_weight=46 1105 96 170 98 424 182
leaf_count=46 1105 96 170 98 424 182
internal_value=0.000174282 0.00343558 -0.000416898 -0.00444444 0.000293926 0.00507143
internal_weight=2121 324 1797 268 1529 278
internal_count=2121 324 1797 268 1529 278
is_linear=0
shrinkage=0.04


Tree=107
num_leaves=7
num_cat=0
split_feature=64 64 82 113 82 101
split_gain=2.70849 4.3241 6.0446 4.07797 3.25322 1.79875
threshold=-0.90373681668794503 -0.3418871079510804 -0.10793344859561622 0.8788921079823081 -0.26656372067114625 0.53331656543166261
decision_type=2 2 2 2 2 2
left_child=4 2 -2 -3 -1 -6
right_child=1 3 -4 -5 5 -7
leaf_value=-0.00030974267966476864 -0.00071036681200063712 0.00011822899941685339 1.6498749772433982e-05 -0.00034667130654183375 0.0016055277795397052 -3.2070826929818596e-05
leaf_weight=63 193 1204 263 209 149 40
leaf_count=63 193 1204 263 209 149 40
internal_value=6.12341e-05 -0.000464992 -0.00384279 0.000628975 0.00393701 0.0065445
internal_weight=2121 1869 456 1413 252 189
internal_count=2121 1869 456 1413 252 189
is_linear=0
shrinkage=0.04


Tree=108
num_leaves=5
num_cat=0
split_feature=82 88 113 118
split_gain=3.11638 3.51278 3.68684 0.663257
threshold=4.545464107751541 2.3160789473846966 0.8788921079823081 1.0909808223677551
decision_type=2 2 2 2
left_child=1 2 -1 -3
right_child=-2 3 -4 -5
leaf_value=3.798268272092764e-05 -0.00029585809597464926 0.00082304397185630385 -0.00034918908966223653 0.0012823015572608967
leaf_weight=1716 42 42 231 90
leaf_count=1716 42 42 231 90
internal_value=8.00754e-05 0.000302739 -0.000128271 0.00656716
internal_weight=2121 2079 1947 132
internal_count=2121 2079 1947 132
is_linear=0
shrinkage=0.04


Tree=109
num_leaves=8
num_cat=0
split_feature=50 83 57 68 69 11 47
split_gain=2.30469 2.36444 2.45317 2.18775 3.81379 3.08601 0.72
threshold=0.45576977937571478 1.0231446959477692 -0.81818724846700397 -0.19475642957118808 0.51134207649052477 0.52119463827374968 0.0045867234551829053
decision_type=2 2 2 2 2 2 2
left_child=3 2 -2 4 -1 -5 -3
right_child=1 6 -4 5 -6 -7 -8
leaf_value=0.00049461889426958129 -0.00065743135631207011 -5.4879528010694497e-07 -0.0001748453393805803 0.00011348673340032808 -7.4738171019731039e-05 -0.00035963687060862641 0.00075828271080365778
leaf_weight=468 52 40 444 674 159 236 48
leaf_count=468 52 40 444 674 159 236 48
internal_value=0.00015544 -0.00197952 -0.00305221 0.000968161 0.00278219 -0.000285088 0.004
internal_weight=2121 584 496 1537 627 910 88
internal_count=2121 584 496 1537 627 910 88
is_linear=0
shrinkage=0.04


Tree=110
num_leaves=7
num_cat=0
split_feature=64 64 82 82 82 81
split_gain=2.82456 4.26481 5.33523 3.80967 3.3849 1.69286
threshold=-0.90373681668794503 -0.3418871079510804 -0.10793344859561622 -0.10413272055881446 -0.26656372067114625 0.73792350494727244
decision_type=2 2 2 2 2 2
left_child=4 2 -2 -3 -1 -6
right_child=1 3 -4 -5 5 -7
leaf_value=-0.00029187846621179191 -0.0006804819199886594 0.00027281306687504213 9.7800231366863394e-06 -4.547620548148147e-05 0.0015204640532626584 0.00015388404990610734
leaf_weight=63 193 673 263 740 146 43
leaf_count=63 193 673 263 740 146 43
internal_value=0.000136599 -0.000400855 -0.00375546 0.000685512 0.00409449 0.00675393
internal_weight=2121 1869 456 1413 252 189
internal_count=2121 1869 456 1413 252 189
is_linear=0
shrinkage=0.04


Tree=111
num_leaves=7
num_cat=0
split_feature=64 64 82 82 82 101
split_gain=2.57852 3.93594 4.84564 3.40568 3.25322 1.79875
threshold=-0.90373681668794503 -0.3418871079510804 -0.10793344859561622 -0.10413272055881446 -0.26656372067114625 0.53331656543166261
decision_type=2 2 2 2 2 2
left_child=4 2 -2 -3 -1 -6
right_child=1 3 -4 -5 5 -7
leaf_value=-0.0002802033275633203 -0.00065326264318911313 0.00026190054420004052 9.3888222112188589e-06 -4.3657157262222205e-05 0.0014610298350846377 -6.6737632290320221e-05
leaf_weight=63 193 673 263 740 149 40
leaf_count=63 193 673 263 740 149 40
internal_value=0.00015544 -0.000358097 -0.00358079 0.000685512 0.00393701 0.0065445
internal_weight=2121 1869 456 1413 252 189
internal_count=2121 1869 456 1413 252 189
is_linear=0
shrinkage=0.04


Tree=112
num_leaves=7
num_cat=0
split_feature=64 64 108 96 82 101
split_gain=2.57852 3.32201 4.73214 3.46076 3.25322 1.79875
threshold=-0.90373681668794503 -0.3418871079510804 -1.0943350062876729 -0.723360101827624 -0.26656372067114625 0.53331656543166261
decision_type=2 2 2 2 2 2
left_child=4 2 -2 -3 -1 -6
right_child=1 3 -4 -5 5 -7
leaf_value=-0.00026899519446078749 0.0015605524516344937 0.00093947990352307212 -0.00041266130026591195 -6.4439827912526202e-07 0.0014025886416812522 -6.4068126998707351e-05
leaf_weight=63 68 129 388 1284 149 40
leaf_count=63 68 129 388 1284 149 40
internal_value=0.00015544 -0.000358097 -0.00331878 0.000600707 0.00393701 0.0065445
internal_weight=2121 1869 456 1413 252 189
internal_count=2121 1869 456 1413 252 189
is_linear=0
shrinkage=0.04


Tree=113
num_leaves=8
num_cat=0
split_feature=64 64 69 113 117 40 40
split_gain=2.57852 2.94162 5.14362 3.37398 2.65695 3.7801 0.184389
threshold=-0.90373681668794503 -0.3418871079510804 -0.21849596918267622 0.8788921079823081 0.18819221099419844 -0.28146076127870373 -0.39455428599661657
decision_type=2 2 2 2 2 2 2
left_child=4 2 -2 -3 5 -1 -6
right_child=1 3 -4 -5 6 -7 -8
leaf_value=-0.00086210151582975054 0.0002803821287425524 9.7162261901224831e-05 -0.00060841182569521142 -0.00030834852075774244 0.00028162016839316411 0.00053693168340644692 0.0018097047839686438
leaf_weight=42 172 1204 284 209 40 97 73
leaf_count=42 172 1204 284 209 40 97 73
internal_value=0.00015544 -0.000358097 -0.0031441 0.00054417 0.00393701 0.000212766 0.00843478
internal_weight=2121 1869 456 1413 252 139 113
internal_count=2121 1869 456 1413 252 139 113
is_linear=0
shrinkage=0.04


Tree=114
num_leaves=5
num_cat=0
split_feature=82 88 7 118
split_gain=2.6631 3.40584 3.49652 0.663257
threshold=4.545464107751541 2.3160789473846966 -0.39741281739528816 1.0909808223677551
decision_type=2 2 2 2
left_child=1 2 -1 -3
right_child=-2 3 -4 -5
leaf_value=0.00020224770878371796 -0.000268349209422121 0.00077810880776857188 -4.8922839376106995e-05 0.0012521549078084906
leaf_weight=521 42 42 1426 90
leaf_count=521 42 42 1426 90
internal_value=0.000193123 0.000398847 -2.56542e-05 0.00656716
internal_weight=2121 2079 1947 132
internal_count=2121 2079 1947 132
is_linear=0
shrinkage=0.04


Tree=115
num_leaves=7
num_cat=0
split_feature=17 35 99 40 46 2
split_gain=2.39956 3.09154 5.09276 4.13244 2.65205 1.42544
threshold=-0.76023247580484232 -0.58525198524828725 0.28841244909704328 -0.5676668674871278 -1.5446031619492528 -1.3090831708048858
decision_type=2 2 2 2 2 2
left_child=4 2 -2 -3 -1 -6
right_child=1 3 -4 -5 5 -7
leaf_value=-0.00050229737743994894 -0.00071775994264398359 -0.0001768544018054452 9.2618016479840469e-05 0.00014763560813477593 0.00012861253851622123 0.00053898374383574532
leaf_weight=46 182 349 162 1104 96 182
leaf_count=46 182 349 162 1104 96 182
internal_value=0.00015544 -0.000416898 -0.00381503 0.000391753 0.00331288 0.00478571
internal_weight=2121 1797 344 1453 324 278
internal_count=2121 1797 344 1453 324 278
is_linear=0
shrinkage=0.04


Tree=116
num_leaves=7
num_cat=0
split_feature=64 63 88 82 84 116
split_gain=2.24679 3.307 4.22468 3.12415 3.0614 1.60814
threshold=-0.90373681668794503 0.28613298031329554 -0.022123540830977628 -0.26656372067114625 -0.56978086963142816 -0.45654457945558141
decision_type=2 2 2 2 2 2
left_child=3 2 -2 -1 -3 -5
right_child=1 4 -4 5 -6 -7
leaf_value=-0.0002463099652285252 6.0560190780422801e-05 -0.00012302296124548108 -0.00034903944072119011 1.6143434041036854e-05 0.00023496293968659488 0.0013192135259907502
leaf_weight=63 550 112 574 48 633 141
leaf_count=63 550 112 574 48 633 141
internal_value=0.000249647 -0.000229824 -0.00159858 0.00377953 0.001834 0.00633508
internal_weight=2121 1869 1124 252 745 189
internal_count=2121 1869 1124 252 745 189
is_linear=0
shrinkage=0.04


Tree=117
num_leaves=8
num_cat=0
split_feature=83 37 40 99 104 11 87
split_gain=2.29365 2.60052 8.83314 2.27798 1.63409 2.41613 1.51115
threshold=0.82217360997065525 -0.66818518576398322 -0.59276433927509664 -0.49046514131806518 1.0000000180025095e-35 0.031224111300750645 -0.37768565428616391
decision_type=2 2 2 2 2 2 2
left_child=1 3 -3 -1 6 -6 -2
right_child=4 2 -4 -5 5 -7 -8
leaf_value=-7.823668583101046e-05 -1.2490175578441132e-05 -0.00047044221460405399 1.3222812566026089e-05 0.0007877112575057618 -0.00029150450962815575 0.00043312447226647317 0.00046431624836467902
leaf_weight=67 51 191 1349 121 64 98 180
leaf_count=67 51 191 1349 121 64 98 180
internal_value=0.000211964 -0.000416185 -0.000959792 0.004 0.00296203 -0.000121951 0.0051073
internal_weight=2121 1728 1540 188 393 162 231
internal_count=2121 1728 1540 188 393 162 231
is_linear=0
shrinkage=0.04


Tree=118
num_leaves=7
num_cat=0
split_feature=47 40 63 28 33 119
split_gain=2.20004 3.41002 8.42176 6.88526 1.56126 1.59364
threshold=1.5130303848366655 -0.57500848331165122 -0.069077158417238813 -0.27830458759004456 0.82313954397496503 0.11024101052613523
decision_type=2 2 2 2 2 2
left_child=1 2 -1 -3 -2 -6
right_child=4 3 -4 -5 5 -7
leaf_value=-0.00085482110902831889 0.0010995651951103925 0.00053431234219885975 6.6084137871198954e-05 -4.5690553149377815e-05 -0.00020329503097176894 0.00028435130208021963
leaf_weight=122 61 511 196 1148 42 41
leaf_count=122 61 511 196 1148 42 41
internal_value=0.000193123 -0.000156645 -0.0039375 0.000571945 0.00493151 0.00129412
internal_weight=2121 1977 318 1659 144 83
internal_count=2121 1977 318 1659 144 83
is_linear=0
shrinkage=0.04


Tree=119
num_leaves=8
num_cat=0
split_feature=50 83 124 64 126 46 47
split_gain=2.32169 2.73636 2.61675 2.812 2.45188 1.71273 0.992954
threshold=0.41171718586831596 0.90025072299456277 -0.22343749382688577 0.5956842143179939 -0.19907416704966566 0.43660012306610146 -0.17715789384174224
decision_type=2 2 2 2 2 2 2
left_child=2 4 5 -4 -2 -1 -3
right_child=1 6 3 -5 -6 -7 -8
leaf_value=0.00016745760329936696 4.3743730773932076e-06 -2.8944371452027522e-05 -4.8805624585320161e-05 0.00018398212729285788 -0.00043961588595743618 0.00058101846876179423 0.00072634410493036883
leaf_weight=361 215 43 814 194 294 128 72
leaf_count=361 215 43 814 194 294 128 72
internal_value=0.000193123 -0.00185304 0.00104736 -0.000118812 -0.00311155 0.00344196 0.00367521
internal_weight=2121 624 1497 1008 509 489 115
internal_count=2121 624 1497 1008 509 489 115
is_linear=0
shrinkage=0.04


end of trees

feature_importances:
Column_35=41
Column_64=39
Column_83=24
Column_63=22
Column_61=21
Column_107=20
Column_26=19
Column_94=19
Column_42=18
Column_119=17
Column_11=16
Column_76=15
Column_88=15
Column_40=14
Column_28=13
Column_47=13
Column_69=13
Column_82=13
Column_123=13
Column_7=12
Column_15=12
Column_46=12
Column_117=12
Column_37=11
Column_113=11
Column_125=11
Column_14=10
Column_25=10
Column_93=10
Column_70=9
Column_124=9
Column_18=8
Column_78=8
Column_106=8
Column_53=7
Column_95=7
Column_126=7
Column_68=6
Column_84=6
Column_100=6
Column_102=6
Column_104=6
Column_108=6
Column_16=5
Column_36=5
Column_43=5
Column_60=5
Column_118=5
Column_4=4
Column_41=4
Column_9=3
Column_32=3
Column_33=3
Column_45=3
Column_50=3
Column_66=3
Column_101=3
Column_111=3
Column_120=3
Column_2=2
Column_5=2
Column_12=2
Column_17=2
Column_24=2
Column_44=2
Column_49=2
Column_58=2
Column_62=2
Column_75=2
Column_86=2
Column_87=2
Column_89=2
Column_90=2
Column_96=2
Column_99=2
Column_103=2
Column_112=2
Column_116=2
Column_0=1
Column_3=1
Column_8=1
Column_13=1
Column_27=1
Column_57=1
Column_67=1
Column_71=1
Column_73=1
Column_74=1
Column_81=1
Column_114=1
Column_122=1

parameters:
[boosting: gbdt]
[objective: quantile]
[metric: quantile]
[tree_learner: serial]
[device_type: cpu]
[data_sample_strategy: bagging]
[data: ]
[valid: ]
[num_iterations: 120]
[learning_rate: 0.04]
[num_leaves: 15]
[num_threads: 2]
[seed: 42]
[deterministic: 0]
[force_col_wise: 0]
[force_row_wise: 0]
[histogram_pool_size: -1]
[max_depth: 3]
[min_data_in_leaf: 40]
[min_sum_hessian_in_leaf: 0.001]
[bagging_fraction: 0.85]
[pos_bagging_fraction: 1]
[neg_bagging_fraction: 1]
[bagging_freq: 0]
[bagging_seed: 400]
[bagging_by_query: 0]
[feature_fraction: 0.8]
[feature_fraction_bynode: 1]
[feature_fraction_seed: 30056]
[extra_trees: 0]
[extra_seed: 12879]
[early_stopping_round: 0]
[early_stopping_min_delta: 0]
[first_metric_only: 0]
[max_delta_step: 0]
[lambda_l1: 0]
[lambda_l2: 2]
[linear_lambda: 0]
[min_gain_to_split: 0]
[drop_rate: 0.1]
[max_drop: 50]
[skip_drop: 0.5]
[xgboost_dart_mode: 0]
[uniform_drop: 0]
[drop_seed: 17869]
[top_rate: 0.2]
[other_rate: 0.1]
[min_data_per_group: 100]
[max_cat_threshold: 32]
[cat_l2: 10]
[cat_smooth: 10]
[max_cat_to_onehot: 4]
[top_k: 20]
[monotone_constraints: ]
[monotone_constraints_method: basic]
[monotone_penalty: 0]
[feature_contri: ]
[forcedsplits_filename: ]
[refit_decay_rate: 0.9]
[cegb_tradeoff: 1]
[cegb_penalty_split: 0]
[cegb_penalty_feature_lazy: ]
[cegb_penalty_feature_coupled: ]
[path_smooth: 0]
[interaction_constraints: ]
[verbosity: -1]
[saved_feature_importance_type: 0]
[use_quantized_grad: 0]
[num_grad_quant_bins: 4]
[quant_train_renew_leaf: 0]
[stochastic_rounding: 1]
[linear_tree: 0]
[max_bin: 255]
[max_bin_by_feature: ]
[min_data_in_bin: 3]
[bin_construct_sample_cnt: 200000]
[data_random_seed: 175]
[is_enable_sparse: 1]
[enable_bundle: 1]
[use_missing: 1]
[zero_as_missing: 0]
[feature_pre_filter: 1]
[pre_partition: 0]
[two_round: 0]
[header: 0]
[label_column: ]
[weight_column: ]
[group_column: ]
[ignore_column: ]
[categorical_feature: ]
[forcedbins_filename: ]
[precise_float_parser: 0]
[parser_config_file: ]
[objective_seed: 16083]
[num_class: 1]
[is_unbalance: 0]
[scale_pos_weight: 1]
[sigmoid: 1]
[boost_from_average: 1]
[reg_sqrt: 0]
[alpha: 0.25]
[fair_c: 1]
[poisson_max_delta_step: 0.7]
[tweedie_variance_power: 1.5]
[lambdarank_truncation_level: 30]
[lambdarank_norm: 1]
[label_gain: ]
[lambdarank_position_bias_regularization: 0]
[eval_at: ]
[multi_error_top_k: 1]
[auc_mu_weights: ]
[num_machines: 1]
[local_listen_port: 12400]
[time_out: 120]
[machine_list_filename: ]
[machines: ]
[gpu_platform_id: -1]
[gpu_device_id: -1]
[gpu_device_id_list: ]
[gpu_use_dp: 0]
[num_gpu: 1]

end of parameters

pandas_categorical:null
