ticker,sector,family,year,date,horizon,volatility_regime,market_regime,actual,actual_price,origin_price,probability,oos_verified,seed,method,predicted,predicted_price,lower_80,upper_80
AAPL,Technology,us_equity,2024,2024-09-27T00:00:00,1,low,bullish_low,0.022614235837785362,231.067047119,225.900283813,,False,1797185833,v4_recursive,0.004559052313516053,226.93252626027456,-0.017566081021111832,0.026443975711349474
AAPL,Technology,us_equity,2024,2024-09-27T00:00:00,1,low,bullish_low,0.022614235837785362,231.067047119,225.900283813,,False,1797185833,v4_readme_compounding,0.001020366136236035,226.13090245048392,,
AAPL,Technology,us_equity,2024,2024-09-27T00:00:00,1,low,bullish_low,0.022614235837785362,231.067047119,225.900283813,,False,1797185833,zero_return,0.0,225.900283813,,
AAPL,Technology,us_equity,2024,2024-09-27T00:00:00,1,low,bullish_low,0.022614235837785362,231.067047119,225.900283813,,False,1797185833,historical_drift,0.0011714429050960673,226.16506815732285,,
AAPL,Technology,us_equity,2024,2024-09-27T00:00:00,5,low,bullish_low,-0.004355485152509541,224.918518066,225.900283813,,False,1797185833,v4_recursive,0.000687105027837772,226.05555437127973,-0.03135659502053206,0.03675815871936038
AAPL,Technology,us_equity,2024,2024-09-27T00:00:00,5,low,bullish_low,-0.004355485152509541,224.918518066,225.900283813,,False,1797185833,v4_readme_compounding,0.005101830681180175,227.05573376060613,,
AAPL,Technology,us_equity,2024,2024-09-27T00:00:00,5,low,bullish_low,-0.004355485152509541,224.918518066,225.900283813,,False,1797185833,zero_return,0.0,225.900283813,,
AAPL,Technology,us_equity,2024,2024-09-27T00:00:00,5,low,bullish_low,-0.004355485152509541,224.918518066,225.900283813,,False,1797185833,historical_drift,0.005857214525480337,227.2273127894992,,
AAPL,Technology,us_equity,2024,2024-09-27T00:00:00,10,low,bullish_low,-0.0010540791798531934,225.66229248,225.900283813,,False,1797185833,v4_recursive,0.005647186617178307,227.17959372362813,-0.04904242950600682,0.045604396585449354
AAPL,Technology,us_equity,2024,2024-09-27T00:00:00,10,low,bullish_low,-0.0010540791798531934,225.66229248,225.900283813,,False,1797185833,v4_readme_compounding,0.01020366136236035,228.2170936812273,,
AAPL,Technology,us_equity,2024,2024-09-27T00:00:00,10,low,bullish_low,-0.0010540791798531934,225.66229248,225.900283813,,False,1797185833,zero_return,0.0,225.900283813,,
AAPL,Technology,us_equity,2024,2024-09-27T00:00:00,10,low,bullish_low,-0.0010540791798531934,225.66229248,225.900283813,,False,1797185833,historical_drift,0.011714429050960673,228.56213726706966,,
AAPL,Technology,us_equity,2024,2024-09-27T00:00:00,20,low,bullish_low,0.0157669964816753,229.490280151,225.900283813,,False,1797185833,v4_recursive,0.01930419013548016,230.30346906903299,-0.10493357511659104,0.11059124220072183
AAPL,Technology,us_equity,2024,2024-09-27T00:00:00,20,low,bullish_low,0.0157669964816753,229.490280151,225.900283813,,False,1797185833,v4_readme_compounding,0.0204073227247207,230.5576645110387,,
AAPL,Technology,us_equity,2024,2024-09-27T00:00:00,20,low,bullish_low,0.0157669964816753,229.490280151,225.900283813,,False,1797185833,zero_return,0.0,225.900283813,,
AAPL,Technology,us_equity,2024,2024-09-27T00:00:00,20,low,bullish_low,0.0157669964816753,229.490280151,225.900283813,,False,1797185833,historical_drift,0.023428858101921347,231.25535617005045,,
AAPL,Technology,us_equity,2024,2024-10-28T00:00:00,1,low,bullish_low,0.0011561484766431159,231.731521606,231.463760376,,False,1475845892,v4_recursive,-0.00034274902479816937,231.38443999212365,-0.018554349933430952,0.028369455304348184
AAPL,Technology,us_equity,2024,2024-10-28T00:00:00,1,low,bullish_low,0.0011561484766431159,231.731521606,231.463760376,,False,1475845892,v4_readme_compounding,0.0007900073421970135,231.64669069478296,,
AAPL,Technology,us_equity,2024,2024-10-28T00:00:00,1,low,bullish_low,0.0011561484766431159,231.731521606,231.463760376,,False,1475845892,zero_return,0.0,231.463760376,,
AAPL,Technology,us_equity,2024,2024-10-28T00:00:00,1,low,bullish_low,0.0011561484766431159,231.731521606,231.463760376,,False,1475845892,historical_drift,0.0013512811705904822,231.7767444141642,,
AAPL,Technology,us_equity,2024,2024-10-28T00:00:00,5,low,bullish_low,-0.050031321770694054,220.168243408,231.463760376,,False,1475845892,v4_recursive,-0.006333774407392334,230.00235412859885,-0.06612526258246934,0.038028347240163726
AAPL,Technology,us_equity,2024,2024-10-28T00:00:00,5,low,bullish_low,-0.050031321770694054,220.168243408,231.463760376,,False,1475845892,v4_readme_compounding,0.003950036710985067,232.37985884690264,,
AAPL,Technology,us_equity,2024,2024-10-28T00:00:00,5,low,bullish_low,-0.050031321770694054,220.168243408,231.463760376,,False,1475845892,zero_return,0.0,231.463760376,,
AAPL,Technology,us_equity,2024,2024-10-28T00:00:00,5,low,bullish_low,-0.050031321770694054,220.168243408,231.463760376,,False,1475845892,historical_drift,0.006756405852952411,233.0329184465306,,
AAPL,Technology,us_equity,2024,2024-10-28T00:00:00,10,low,bullish_low,-0.03898173386370049,222.614501953,231.463760376,,False,1475845892,v4_recursive,-0.017944927707514578,227.34720603149196,-0.06581212023273793,0.07700695255520094
AAPL,Technology,us_equity,2024,2024-10-28T00:00:00,10,low,bullish_low,-0.03898173386370049,222.614501953,231.463760376,,False,1475845892,v4_readme_compounding,0.007900073421970135,233.29958309666162,,
AAPL,Technology,us_equity,2024,2024-10-28T00:00:00,10,low,bullish_low,-0.03898173386370049,222.614501953,231.463760376,,False,1475845892,zero_return,0.0,231.463760376,,
AAPL,Technology,us_equity,2024,2024-10-28T00:00:00,10,low,bullish_low,-0.03898173386370049,222.614501953,231.463760376,,False,1475845892,historical_drift,0.013512811705904822,234.61271428189454,,
AAPL,Technology,us_equity,2024,2024-10-28T00:00:00,20,low,bullish_low,-0.001173788679675402,231.192230225,231.463760376,,False,1475845892,v4_recursive,0.007060404046280567,233.10377080167268,-0.10264108480768348,0.05830442895354216
AAPL,Technology,us_equity,2024,2024-10-28T00:00:00,20,low,bullish_low,-0.001173788679675402,231.192230225,231.463760376,,False,1475845892,v4_readme_compounding,0.01580014684394027,235.1499663906771,,
AAPL,Technology,us_equity,2024,2024-10-28T00:00:00,20,low,bullish_low,-0.001173788679675402,231.192230225,231.463760376,,False,1475845892,zero_return,0.0,231.463760376,,
AAPL,Technology,us_equity,2024,2024-10-28T00:00:00,20,low,bullish_low,-0.001173788679675402,231.192230225,231.463760376,,False,1475845892,historical_drift,0.027025623411809644,237.8045082016441,,
AAPL,Technology,us_equity,2024,2024-11-26T00:00:00,1,low,bullish_low,-0.0005531838169256712,233.237380981,233.366439819,,False,3633042569,v4_recursive,-0.0057501945575596,232.02838810254326,-0.027712025359118878,0.026825301585344623
AAPL,Technology,us_equity,2024,2024-11-26T00:00:00,1,low,bullish_low,-0.0005531838169256712,233.237380981,233.366439819,,False,3633042569,v4_readme_compounding,-0.0025741095051228053,232.76650153277566,,
AAPL,Technology,us_equity,2024,2024-11-26T00:00:00,1,low,bullish_low,-0.0005531838169256712,233.237380981,233.366439819,,False,3633042569,zero_return,0.0,233.366439819,,
AAPL,Technology,us_equity,2024,2024-11-26T00:00:00,1,low,bullish_low,-0.0005531838169256712,233.237380981,233.366439819,,False,3633042569,historical_drift,0.0008682920305402289,233.56915803546,,
AAPL,Technology,us_equity,2024,2024-11-26T00:00:00,5,low,bullish_low,0.03326183081536124,241.259170532,233.366439819,,False,3633042569,v4_recursive,0.0017235211118154107,233.7689986144577,-0.051885995592247026,0.04832605922720265
AAPL,Technology,us_equity,2024,2024-11-26T00:00:00,5,low,bullish_low,0.03326183081536124,241.259170532,233.366439819,,False,3633042569,v4_readme_compounding,-0.012870547525614028,230.38213199826106,,
AAPL,Technology,us_equity,2024,2024-11-26T00:00:00,5,low,bullish_low,0.03326183081536124,241.259170532,233.366439819,,False,3633042569,zero_return,0.0,233.366439819,,
AAPL,Technology,us_equity,2024,2024-11-26T00:00:00,5,low,bullish_low,0.03326183081536124,241.259170532,233.366439819,,False,3633042569,historical_drift,0.004341460152701144,234.38179338216472,,
AAPL,Technology,us_equity,2024,2024-11-26T00:00:00,10,low,bullish_low,0.04748071540760994,244.714111328,233.366439819,,False,3633042569,v4_recursive,0.017526009179819505,237.49247302091717,-0.07396047255812395,0.05956681474358873
AAPL,Technology,us_equity,2024,2024-11-26T00:00:00,10,low,bullish_low,0.04748071540760994,244.714111328,233.366439819,,False,3633042569,v4_readme_compounding,-0.025741095051228055,227.4359877334123,,
AAPL,Technology,us_equity,2024,2024-11-26T00:00:00,10,low,bullish_low,0.04748071540760994,244.714111328,233.366439819,,False,3633042569,zero_return,0.0,233.366439819,,
AAPL,Technology,us_equity,2024,2024-11-26T00:00:00,10,low,bullish_low,0.04748071540760994,244.714111328,233.366439819,,False,3633042569,historical_drift,0.008682920305402289,235.4015646450597,,
AAPL,Technology,us_equity,2024,2024-11-26T00:00:00,20,low,bullish_low,0.09706446164957422,257.153808594,233.366439819,,False,3633042569,v4_recursive,0.006163792321488304,234.80930427914325,-0.08114866749783879,0.12006150751607846
AAPL,Technology,us_equity,2024,2024-11-26T00:00:00,20,low,bullish_low,0.09706446164957422,257.153808594,233.366439819,,False,3633042569,v4_readme_compounding,-0.05148219010245611,221.6562439586114,,
AAPL,Technology,us_equity,2024,2024-11-26T00:00:00,20,low,bullish_low,0.09706446164957422,257.153808594,233.366439819,,False,3633042569,zero_return,0.0,233.366439819,,
AAPL,Technology,us_equity,2024,2024-11-26T00:00:00,20,low,bullish_low,0.09706446164957422,257.153808594,233.366439819,,False,3633042569,historical_drift,0.017365840610804577,237.4544372375114,,
AAPL,Technology,us_equity,2024,2024-12-27T00:00:00,1,low,bullish_low,-0.013352210768101225,250.382980347,253.748565674,,False,2309913825,v4_recursive,-0.0005529052492435855,253.60830553890645,-0.025656176936392758,0.017940611369711246
AAPL,Technology,us_equity,2024,2024-12-27T00:00:00,1,low,bullish_low,-0.013352210768101225,250.382980347,253.748565674,,False,2309913825,v4_readme_compounding,0.0008004036236851317,253.95174824865757,,
AAPL,Technology,us_equity,2024,2024-12-27T00:00:00,1,low,bullish_low,-0.013352210768101225,250.382980347,253.748565674,,False,2309913825,zero_return,0.0,253.748565674,,
AAPL,Technology,us_equity,2024,2024-12-27T00:00:00,1,low,bullish_low,-0.013352210768101225,250.382980347,253.748565674,,False,2309913825,historical_drift,0.0011309317164133739,254.0357003091441,,
AAPL,Technology,us_equity,2024,2024-12-27T00:00:00,5,low,bullish_low,-0.04231638569897001,243.234863281,253.748565674,,False,2309913825,v4_recursive,-0.001362216330800466,253.40314055920308,-0.040442020293510225,0.04816798097540017
AAPL,Technology,us_equity,2024,2024-12-27T00:00:00,5,low,bullish_low,-0.04231638569897001,243.234863281,253.748565674,,False,2309913825,v4_readme_compounding,0.004002018118425659,254.76610678223707,,
AAPL,Technology,us_equity,2024,2024-12-27T00:00:00,5,low,bullish_low,-0.04231638569897001,243.234863281,253.748565674,,False,2309913825,zero_return,0.0,253.748565674,,
AAPL,Technology,us_equity,2024,2024-12-27T00:00:00,5,low,bullish_low,-0.04231638569897001,243.234863281,253.748565674,,False,2309913825,historical_drift,0.0056546585820668694,255.18749166201337,,
AAPL,Technology,us_equity,2024,2024-12-27T00:00:00,10,low,bullish_low,-0.09133526821792573,231.599273682,253.748565674,,False,2309913825,v4_recursive,-0.01036932923129714,251.13095812616132,-0.06215999512953292,0.06141556607671138
AAPL,Technology,us_equity,2024,2024-12-27T00:00:00,10,low,bullish_low,-0.09133526821792573,231.599273682,253.748565674,,False,2309913825,v4_readme_compounding,0.008004036236851317,255.7877282678517,,
AAPL,Technology,us_equity,2024,2024-12-27T00:00:00,10,low,bullish_low,-0.09133526821792573,231.599273682,253.748565674,,False,2309913825,zero_return,0.0,253.748565674,,
AAPL,Technology,us_equity,2024,2024-12-27T00:00:00,10,low,bullish_low,-0.09133526821792573,231.599273682,253.748565674,,False,2309913825,historical_drift,0.011309317164133739,256.63457733358393,,
AAPL,Technology,us_equity,2024,2024-12-27T00:00:00,20,low,bullish_low,-0.06560589894001194,237.635498047,253.748565674,,False,2309913825,v4_recursive,-0.016964978785226032,249.48003676851914,-0.1477364793839456,0.07759808299513071
AAPL,Technology,us_equity,2024,2024-12-27T00:00:00,20,low,bullish_low,-0.06560589894001194,237.635498047,253.748565674,,False,2309913825,v4_readme_compounding,0.016008072473702634,257.8432778866827,,
AAPL,Technology,us_equity,2024,2024-12-27T00:00:00,20,low,bullish_low,-0.06560589894001194,237.635498047,253.748565674,,False,2309913825,zero_return,0.0,253.748565674,,
AAPL,Technology,us_equity,2024,2024-12-27T00:00:00,20,low,bullish_low,-0.06560589894001194,237.635498047,253.748565674,,False,2309913825,historical_drift,0.022618634328267478,259.5534130734819,,
AAPL,Technology,us_equity,2025,2025-01-30T00:00:00,1,high,sideways_high,-0.006714726993326212,234.299682617,235.878234863,,False,2533866479,v4_recursive,-0.0033944628174726274,235.0789123680584,-0.01859750087597306,0.016802866930089692
AAPL,Technology,us_equity,2025,2025-01-30T00:00:00,1,high,sideways_high,-0.006714726993326212,234.299682617,235.878234863,,False,2533866479,v4_readme_compounding,-0.0020466964697957247,235.39595741852943,,
AAPL,Technology,us_equity,2025,2025-01-30T00:00:00,1,high,sideways_high,-0.006714726993326212,234.299682617,235.878234863,,False,2533866479,zero_return,0.0,235.878234863,,
AAPL,Technology,us_equity,2025,2025-01-30T00:00:00,1,high,sideways_high,-0.006714726993326212,234.299682617,235.878234863,,False,2533866479,historical_drift,0.0008704186186522614,236.08363705033543,,
AAPL,Technology,us_equity,2025,2025-01-30T00:00:00,5,high,sideways_high,-0.01856422244591037,231.539733887,235.878234863,,False,2533866479,v4_recursive,-0.01487034577539325,232.39659470308987,-0.05389194438684557,0.03247020634848662
AAPL,Technology,us_equity,2025,2025-01-30T00:00:00,5,high,sideways_high,-0.01856422244591037,231.539733887,235.878234863,,False,2533866479,v4_readme_compounding,-0.010233482348978622,233.47668816120648,,
AAPL,Technology,us_equity,2025,2025-01-30T00:00:00,5,high,sideways_high,-0.01856422244591037,231.539733887,235.878234863,,False,2533866479,zero_return,0.0,235.878234863,,
AAPL,Technology,us_equity,2025,2025-01-30T00:00:00,5,high,sideways_high,-0.01856422244591037,231.539733887,235.878234863,,False,2533866479,historical_drift,0.004352093093261307,236.90703599509675,,
AAPL,Technology,us_equity,2025,2025-01-30T00:00:00,10,high,sideways_high,0.017546022511203466,240.053482056,235.878234863,,False,2533866479,v4_recursive,-0.013529711725683092,232.708362427504,-0.07682408672860865,0.049037583952913806
AAPL,Technology,us_equity,2025,2025-01-30T00:00:00,10,high,sideways_high,0.017546022511203466,240.053482056,235.878234863,,False,2533866479,v4_readme_compounding,-0.020466964697957245,231.09959232307253,,
AAPL,Technology,us_equity,2025,2025-01-30T00:00:00,10,high,sideways_high,0.017546022511203466,240.053482056,235.878234863,,False,2533866479,zero_return,0.0,235.878234863,,
AAPL,Technology,us_equity,2025,2025-01-30T00:00:00,10,high,sideways_high,0.017546022511203466,240.053482056,235.878234863,,False,2533866479,historical_drift,0.008704186186522614,237.9403243227587,,
AAPL,Technology,us_equity,2025,2025-01-30T00:00:00,20,high,sideways_high,0.018828686314864954,240.361587524,235.878234863,,False,2533866479,v4_recursive,-0.011199619038366028,233.25122669749086,-0.11601711958769152,0.029190417826903476
AAPL,Technology,us_equity,2025,2025-01-30T00:00:00,20,high,sideways_high,0.018828686314864954,240.361587524,235.878234863,,False,2533866479,v4_readme_compounding,-0.04093392939591449,226.4177600061725,,
AAPL,Technology,us_equity,2025,2025-01-30T00:00:00,20,high,sideways_high,0.018828686314864954,240.361587524,235.878234863,,False,2533866479,zero_return,0.0,235.878234863,,
AAPL,Technology,us_equity,2025,2025-01-30T00:00:00,20,high,sideways_high,0.018828686314864954,240.361587524,235.878234863,,False,2533866479,historical_drift,0.01740837237304523,240.02044093513925,,
AAPL,Technology,us_equity,2025,2025-03-03T00:00:00,1,low,sideways_low,-0.008861612406898634,234.487716675,236.574890137,,False,2270215871,v4_recursive,-0.0015599754060688978,236.20612683231866,-0.024788714911353576,0.021218961015682714
AAPL,Technology,us_equity,2025,2025-03-03T00:00:00,1,low,sideways_low,-0.008861612406898634,234.487716675,236.574890137,,False,2270215871,v4_readme_compounding,0.0024334838062829546,237.15129234939954,,
AAPL,Technology,us_equity,2025,2025-03-03T00:00:00,1,low,sideways_low,-0.008861612406898634,234.487716675,236.574890137,,False,2270215871,zero_return,0.0,236.574890137,,
AAPL,Technology,us_equity,2025,2025-03-03T00:00:00,1,low,sideways_low,-0.008861612406898634,234.487716675,236.574890137,,False,2270215871,historical_drift,0.0010963996541908277,236.83441300913256,,
AAPL,Technology,us_equity,2025,2025-03-03T00:00:00,5,low,sideways_low,-0.045334451201102896,226.089370728,236.574890137,,False,2270215871,v4_recursive,-0.002780223042695105,235.91807264875607,-0.028583625651980225,0.0454347199255459
AAPL,Technology,us_equity,2025,2025-03-03T00:00:00,5,low,sideways_low,-0.045334451201102896,226.089370728,236.574890137,,False,2270215871,v4_readme_compounding,0.012167419031414772,239.4709791926883,,
AAPL,Technology,us_equity,2025,2025-03-03T00:00:00,5,low,sideways_low,-0.045334451201102896,226.089370728,236.574890137,,False,2270215871,zero_return,0.0,236.574890137,,
AAPL,Technology,us_equity,2025,2025-03-03T00:00:00,5,low,sideways_low,-0.045334451201102896,226.089370728,236.574890137,,False,2270215871,historical_drift,0.0054819982709541385,237.87535459079788,,
AAPL,Technology,us_equity,2025,2025-03-03T00:00:00,10,low,sideways_low,-0.10642070622864407,212.69178772,236.574890137,,False,2270215871,v4_recursive,-0.022616073584684728,231.28454393611503,-0.052358094692884063,0.05554924685223897
AAPL,Technology,us_equity,2025,2025-03-03T00:00:00,10,low,sideways_low,-0.10642070622864407,212.69178772,236.574890137,,False,2270215871,v4_readme_compounding,0.024334838062829545,242.40252142691818,,
AAPL,Technology,us_equity,2025,2025-03-03T00:00:00,10,low,sideways_low,-0.10642070622864407,212.69178772,236.574890137,,False,2270215871,zero_return,0.0,236.574890137,,
AAPL,Technology,us_equity,2025,2025-03-03T00:00:00,10,low,sideways_low,-0.10642070622864407,212.69178772,236.574890137,,False,2270215871,historical_drift,0.010963996541908277,239.182967765217,,
AAPL,Technology,us_equity,2025,2025-03-03T00:00:00,20,low,sideways_low,-0.06913396328199094,220.772079468,236.574890137,,False,2270215871,v4_recursive,-0.0193461874374512,232.042055876348,-0.06440529564965652,0.059339772526302
AAPL,Technology,us_equity,2025,2025-03-03T00:00:00,20,low,sideways_low,-0.06913396328199094,220.772079468,236.574890137,,False,2270215871,v4_readme_compounding,0.04866967612565909,248.37370677885687,,
AAPL,Technology,us_equity,2025,2025-03-03T00:00:00,20,low,sideways_low,-0.06913396328199094,220.772079468,236.574890137,,False,2270215871,zero_return,0.0,236.574890137,,
AAPL,Technology,us_equity,2025,2025-03-03T00:00:00,20,low,sideways_low,-0.06913396328199094,220.772079468,236.574890137,,False,2270215871,historical_drift,0.021927993083816554,241.81979767948965,,
AAPL,Technology,us_equity,2025,2025-04-01T00:00:00,1,high,bearish_high,0.0031313811761794043,222.521316528,221.8256073,,False,3411620375,v4_recursive,0.004115436801332991,222.74039765757573,-0.013948106008078677,0.021130284382762866
AAPL,Technology,us_equity,2025,2025-04-01T00:00:00,1,high,bearish_high,0.0031313811761794043,222.521316528,221.8256073,,False,3411620375,v4_readme_compounding,0.0015770404264388754,222.1757112418056,,
AAPL,Technology,us_equity,2025,2025-04-01T00:00:00,1,high,bearish_high,0.0031313811761794043,222.521316528,221.8256073,,False,3411620375,zero_return,0.0,221.8256073,,
AAPL,Technology,us_equity,2025,2025-04-01T00:00:00,1,high,bearish_high,0.0031313811761794043,222.521316528,221.8256073,,False,3411620375,historical_drift,0.0010645538865667282,222.0618783517111,,
AAPL,Technology,us_equity,2025,2025-04-01T00:00:00,5,high,bearish_high,-0.25809000508086444,171.365982056,221.8256073,,False,3411620375,v4_recursive,0.013256110031101793,224.78572845695342,-0.035872595470163554,0.05332577109765067
AAPL,Technology,us_equity,2025,2025-04-01T00:00:00,5,high,bearish_high,-0.25809000508086444,171.365982056,221.8256073,,False,3411620375,v4_readme_compounding,0.007885202132194376,223.58166137356736,,
AAPL,Technology,us_equity,2025,2025-04-01T00:00:00,5,high,bearish_high,-0.25809000508086444,171.365982056,221.8256073,,False,3411620375,zero_return,0.0,221.8256073,,
AAPL,Technology,us_equity,2025,2025-04-01T00:00:00,5,high,bearish_high,-0.25809000508086444,171.365982056,221.8256073,,False,3411620375,historical_drift,0.005322769432833641,223.00948181237558,,
AAPL,Technology,us_equity,2025,2025-04-01T00:00:00,10,high,bearish_high,-0.09906293669237168,200.904281616,221.8256073,,False,3411620375,v4_recursive,0.012053187539875098,224.51549121829856,-0.08912146124099578,0.0781602590071929
AAPL,Technology,us_equity,2025,2025-04-01T00:00:00,10,high,bearish_high,-0.09906293669237168,200.904281616,221.8256073,,False,3411620375,v4_readme_compounding,0.015770404264388752,225.35161702480573,,
AAPL,Technology,us_equity,2025,2025-04-01T00:00:00,10,high,bearish_high,-0.09906293669237168,200.904281616,221.8256073,,False,3411620375,zero_return,0.0,221.8256073,,
AAPL,Technology,us_equity,2025,2025-04-01T00:00:00,10,high,bearish_high,-0.09906293669237168,200.904281616,221.8256073,,False,3411620375,historical_drift,0.010645538865667282,224.1996746163051,,
AAPL,Technology,us_equity,2025,2025-04-01T00:00:00,20,high,bearish_high,-0.04908143146152702,211.200958252,221.8256073,,False,3411620375,v4_recursive,0.007400966042752163,223.47342127318936,-0.066377637649536,0.09007049089843924
AAPL,Technology,us_equity,2025,2025-04-01T00:00:00,20,high,bearish_high,-0.04908143146152702,211.200958252,221.8256073,,False,3411620375,v4_readme_compounding,0.031540808528777504,228.93367413174536,,
AAPL,Technology,us_equity,2025,2025-04-01T00:00:00,20,high,bearish_high,-0.04908143146152702,211.200958252,221.8256073,,False,3411620375,zero_return,0.0,221.8256073,,
AAPL,Technology,us_equity,2025,2025-04-01T00:00:00,20,high,bearish_high,-0.04908143146152702,211.200958252,221.8256073,,False,3411620375,historical_drift,0.021291077731334564,226.59915016068155,,
AAPL,Technology,us_equity,2025,2025-05-01T00:00:00,1,high,sideways_high,-0.038077622423725276,204.094680786,212.015975952,,False,82137063,v4_recursive,0.005384067639153124,213.16056280867767,-0.016028972384681796,0.027432336980721467
AAPL,Technology,us_equity,2025,2025-05-01T00:00:00,1,high,sideways_high,-0.038077622423725276,204.094680786,212.015975952,,False,82137063,v4_readme_compounding,0.005133577082958132,213.1071747876176,,
AAPL,Technology,us_equity,2025,2025-05-01T00:00:00,1,high,sideways_high,-0.038077622423725276,204.094680786,212.015975952,,False,82137063,zero_return,0.0,212.015975952,,
AAPL,Technology,us_equity,2025,2025-05-01T00:00:00,1,high,sideways_high,-0.038077622423725276,204.094680786,212.015975952,,False,82137063,historical_drift,0.000838598171325696,212.1938467323568,,
AAPL,Technology,us_equity,2025,2025-05-01T00:00:00,5,high,sideways_high,-0.07710558748519067,196.282714844,212.015975952,,False,82137063,v4_recursive,0.036858617031633095,219.97639543714988,-0.03634436053001039,0.07995772062922268
AAPL,Technology,us_equity,2025,2025-05-01T00:00:00,5,high,sideways_high,-0.07710558748519067,196.282714844,212.015975952,,False,82137063,v4_readme_compounding,0.02566788541479066,217.5284214905923,,
AAPL,Technology,us_equity,2025,2025-05-01T00:00:00,5,high,sideways_high,-0.07710558748519067,196.282714844,212.015975952,,False,82137063,zero_return,0.0,212.015975952,,
AAPL,Technology,us_equity,2025,2025-05-01T00:00:00,5,high,sideways_high,-0.07710558748519067,196.282714844,212.015975952,,False,82137063,historical_drift,0.00419299085662848,212.90682335295122,,
AAPL,Technology,us_equity,2025,2025-05-01T00:00:00,10,high,sideways_high,-0.007494468827724571,210.43296814,212.015975952,,False,82137063,v4_recursive,0.04622198719741207,222.04578898517806,-0.030176679252899605,0.10332915136617453
AAPL,Technology,us_equity,2025,2025-05-01T00:00:00,10,high,sideways_high,-0.007494468827724571,210.43296814,212.015975952,,False,82137063,v4_readme_compounding,0.05133577082958132,223.18419139745217,,
AAPL,Technology,us_equity,2025,2025-05-01T00:00:00,10,high,sideways_high,-0.007494468827724571,210.43296814,212.015975952,,False,82137063,zero_return,0.0,212.015975952,,
AAPL,Technology,us_equity,2025,2025-05-01T00:00:00,10,high,sideways_high,-0.007494468827724571,210.43296814,212.015975952,,False,82137063,historical_drift,0.00838598171325696,213.8014139109368,,
AAPL,Technology,us_equity,2025,2025-05-01T00:00:00,20,high,sideways_high,-0.058924647393960555,199.883956909,212.015975952,,False,82137063,v4_recursive,0.023338009503592577,217.02219721023434,-0.0636129976226695,0.09228115306697182
AAPL,Technology,us_equity,2025,2025-05-01T00:00:00,20,high,sideways_high,-0.058924647393960555,199.883956909,212.015975952,,False,82137063,v4_readme_compounding,0.10267154165916265,234.9407070201715,,
AAPL,Technology,us_equity,2025,2025-05-01T00:00:00,20,high,sideways_high,-0.058924647393960555,199.883956909,212.015975952,,False,82137063,zero_return,0.0,212.015975952,,
AAPL,Technology,us_equity,2025,2025-05-01T00:00:00,20,high,sideways_high,-0.058924647393960555,199.883956909,212.015975952,,False,82137063,historical_drift,0.01677196342651392,215.60188747599202,,
AAPL,Technology,us_equity,2025,2025-06-02T00:00:00,1,high,sideways_high,0.007753802963456564,202.292327881,200.729858398,,False,3747703198,v4_recursive,-0.005499769323358639,199.62892070721614,-0.03437046757783063,0.020761608492935325
AAPL,Technology,us_equity,2025,2025-06-02T00:00:00,1,high,sideways_high,0.007753802963456564,202.292327881,200.729858398,,False,3747703198,v4_readme_compounding,-0.0017254179019378217,200.3838141282054,,
AAPL,Technology,us_equity,2025,2025-06-02T00:00:00,1,high,sideways_high,0.007753802963456564,202.292327881,200.729858398,,False,3747703198,zero_return,0.0,200.729858398,,
AAPL,Technology,us_equity,2025,2025-06-02T00:00:00,1,high,sideways_high,0.007753802963456564,202.292327881,200.729858398,,False,3747703198,historical_drift,0.0002495947220742965,200.7799657642258,,
AAPL,Technology,us_equity,2025,2025-06-02T00:00:00,5,high,sideways_high,-0.0012402945262259659,200.481048584,200.729858398,,False,3747703198,v4_recursive,-0.002585439014262675,200.2115539018202,-0.039703022434985746,0.04197628714717456
AAPL,Technology,us_equity,2025,2025-06-02T00:00:00,5,high,sideways_high,-0.0012402945262259659,200.481048584,200.729858398,,False,3747703198,v4_readme_compounding,-0.008627089509689108,199.00559233543237,,
AAPL,Technology,us_equity,2025,2025-06-02T00:00:00,5,high,sideways_high,-0.0012402945262259659,200.481048584,200.729858398,,False,3747703198,zero_return,0.0,200.729858398,,
AAPL,Technology,us_equity,2025,2025-06-02T00:00:00,5,high,sideways_high,-0.0012402945262259659,200.481048584,200.729858398,,False,3747703198,historical_drift,0.0012479736103714826,200.98052034130697,,
AAPL,Technology,us_equity,2025,2025-06-02T00:00:00,10,high,sideways_high,-0.016395435649376344,197.465637207,200.729858398,,False,3747703198,v4_recursive,-0.007861994769624774,199.15790872817695,-0.061255598541457866,0.05301516586712631
AAPL,Technology,us_equity,2025,2025-06-02T00:00:00,10,high,sideways_high,-0.016395435649376344,197.465637207,200.729858398,,False,3747703198,v4_readme_compounding,-0.017254179019378216,197.29613768895527,,
AAPL,Technology,us_equity,2025,2025-06-02T00:00:00,10,high,sideways_high,-0.016395435649376344,197.465637207,200.729858398,,False,3747703198,zero_return,0.0,200.729858398,,
AAPL,Technology,us_equity,2025,2025-06-02T00:00:00,10,high,sideways_high,-0.016395435649376344,197.465637207,200.729858398,,False,3747703198,historical_drift,0.0024959472207429652,201.23149529938075,,
AAPL,Technology,us_equity,2025,2025-06-02T00:00:00,20,high,sideways_high,0.02989086115216292,206.820419312,200.729858398,,False,3747703198,v4_recursive,0.012820752396083464,203.31993409277675,-0.060389586315086265,0.08851867994086432
AAPL,Technology,us_equity,2025,2025-06-02T00:00:00,20,high,sideways_high,0.02989086115216292,206.820419312,200.729858398,,False,3747703198,v4_readme_compounding,-0.03450835803875643,193.92115481792734,,
AAPL,Technology,us_equity,2025,2025-06-02T00:00:00,20,high,sideways_high,0.02989086115216292,206.820419312,200.729858398,,False,3747703198,zero_return,0.0,200.729858398,,
AAPL,Technology,us_equity,2025,2025-06-02T00:00:00,20,high,sideways_high,0.02989086115216292,206.820419312,200.729858398,,False,3747703198,historical_drift,0.0049918944414859305,201.734385823829,,
AAPL,Technology,us_equity,2025,2025-07-02T00:00:00,1,low,bullish_low,0.005211396821723658,212.522857666,211.418197632,,False,1841375984,v4_recursive,-0.0010539740155625118,211.19548573217332,-0.019309969699498088,0.020350381778548615
AAPL,Technology,us_equity,2025,2025-07-02T00:00:00,1,low,bullish_low,0.005211396821723658,212.522857666,211.418197632,,False,1841375984,v4_readme_compounding,-0.0009211417786953813,211.223541164251,,
AAPL,Technology,us_equity,2025,2025-07-02T00:00:00,1,low,bullish_low,0.005211396821723658,212.522857666,211.418197632,,False,1841375984,zero_return,0.0,211.418197632,,
AAPL,Technology,us_equity,2025,2025-07-02T00:00:00,1,low,bullish_low,0.005211396821723658,212.522857666,211.418197632,,False,1841375984,historical_drift,5.265815688222939e-05,211.42933081774257,,
AAPL,Technology,us_equity,2025,2025-07-02T00:00:00,5,low,bullish_low,-0.00014125349379198716,211.388336182,211.418197632,,False,1841375984,v4_recursive,-0.01606998041400648,208.04786446136666,-0.048830898013056984,0.034470664487320335
AAPL,Technology,us_equity,2025,2025-07-02T00:00:00,5,low,bullish_low,-0.00014125349379198716,211.388336182,211.418197632,,False,1841375984,v4_readme_compounding,-0.004605708893476906,210.44670588034157,,
AAPL,Technology,us_equity,2025,2025-07-02T00:00:00,5,low,bullish_low,-0.00014125349379198716,211.388336182,211.418197632,,False,1841375984,zero_return,0.0,211.418197632,,
AAPL,Technology,us_equity,2025,2025-07-02T00:00:00,5,low,bullish_low,-0.00014125349379198716,211.388336182,211.418197632,,False,1841375984,historical_drift,0.00026329078441114694,211.47386942370653,,
AAPL,Technology,us_equity,2025,2025-07-02T00:00:00,10,low,bullish_low,-0.011456809867436116,209.009841919,211.418197632,,False,1841375984,v4_recursive,-0.025681330906095305,206.05782233275596,-0.06849179587366239,0.03439701414809248
AAPL,Technology,us_equity,2025,2025-07-02T00:00:00,10,low,bullish_low,-0.011456809867436116,209.009841919,211.418197632,,False,1841375984,v4_readme_compounding,-0.009211417786953812,209.4796782487736,,
AAPL,Technology,us_equity,2025,2025-07-02T00:00:00,10,low,bullish_low,-0.011456809867436116,209.009841919,211.418197632,,False,1841375984,zero_return,0.0,211.418197632,,
AAPL,Technology,us_equity,2025,2025-07-02T00:00:00,10,low,bullish_low,-0.011456809867436116,209.009841919,211.418197632,,False,1841375984,historical_drift,0.0005265815688222939,211.52955587521265,,
AAPL,Technology,us_equity,2025,2025-07-02T00:00:00,20,low,bullish_low,-0.023190947864266266,206.571624756,211.418197632,,False,1841375984,v4_recursive,-0.03234012434848502,204.69028398733377,-0.15478607111077206,0.07349312500392868
AAPL,Technology,us_equity,2025,2025-07-02T00:00:00,20,low,bullish_low,-0.023190947864266266,206.571624756,211.418197632,,False,1841375984,v4_readme_compounding,-0.018422835573907625,207.5589333875195,,
AAPL,Technology,us_equity,2025,2025-07-02T00:00:00,20,low,bullish_low,-0.023190947864266266,206.571624756,211.418197632,,False,1841375984,zero_return,0.0,211.418197632,,
AAPL,Technology,us_equity,2025,2025-07-02T00:00:00,20,low,bullish_low,-0.023190947864266266,206.571624756,211.418197632,,False,1841375984,historical_drift,0.0010531631376445878,211.64097277306558,,
AAPL,Technology,us_equity,2025,2025-08-01T00:00:00,1,low,sideways_low,0.004781577447118625,202.371932983,201.406585693,,False,183605644,v4_recursive,-0.0020068821241408167,201.002791735452,-0.02103331965600298,0.015489258731615482
AAPL,Technology,us_equity,2025,2025-08-01T00:00:00,1,low,sideways_low,0.004781577447118625,202.371932983,201.406585693,,False,183605644,v4_readme_compounding,0.001160113414025512,201.64037576001115,,
AAPL,Technology,us_equity,2025,2025-08-01T00:00:00,1,low,sideways_low,0.004781577447118625,202.371932983,201.406585693,,False,183605644,zero_return,0.0,201.406585693,,
AAPL,Technology,us_equity,2025,2025-08-01T00:00:00,1,low,sideways_low,0.004781577447118625,202.371932983,201.406585693,,False,183605644,historical_drift,-0.00029105248734921364,201.34797433517005,,
AAPL,Technology,us_equity,2025,2025-08-01T00:00:00,5,low,sideways_low,0.12510206871079715,228.246856689,201.406585693,,False,183605644,v4_recursive,-0.024756424356059334,196.48169170067803,-0.04985474946605917,0.029459737309963815
AAPL,Technology,us_equity,2025,2025-08-01T00:00:00,5,low,sideways_low,0.12510206871079715,228.246856689,201.406585693,,False,183605644,v4_readme_compounding,0.0058005670701275595,202.57825298381533,,
AAPL,Technology,us_equity,2025,2025-08-01T00:00:00,5,low,sideways_low,0.12510206871079715,228.246856689,201.406585693,,False,183605644,zero_return,0.0,201.406585693,,
AAPL,Technology,us_equity,2025,2025-08-01T00:00:00,5,low,sideways_low,0.12510206871079715,228.246856689,201.406585693,,False,183605644,historical_drift,-0.0014552624367460683,201.11369941921322,,
AAPL,Technology,us_equity,2025,2025-08-01T00:00:00,10,low,sideways_low,0.13595562981798853,230.737640381,201.406585693,,False,183605644,v4_recursive,-0.006978583835033384,200.00594587534113,-0.07303981029878119,0.039301272575447396
AAPL,Technology,us_equity,2025,2025-08-01T00:00:00,10,low,sideways_low,0.13595562981798853,230.737640381,201.406585693,,False,183605644,v4_readme_compounding,0.011601134140255119,203.75673635880017,,
AAPL,Technology,us_equity,2025,2025-08-01T00:00:00,10,low,sideways_low,0.13595562981798853,230.737640381,201.406585693,,False,183605644,zero_return,0.0,201.406585693,,
AAPL,Technology,us_equity,2025,2025-08-01T00:00:00,10,low,sideways_low,0.13595562981798853,230.737640381,201.406585693,,False,183605644,historical_drift,-0.0029105248734921365,200.82123906183367,,
AAPL,Technology,us_equity,2025,2025-08-01T00:00:00,20,low,sideways_low,0.13832775773428269,231.285629272,201.406585693,,False,183605644,v4_recursive,-0.028323731292686217,195.78202989513258,-0.10088995426103842,0.11729820430467884
AAPL,Technology,us_equity,2025,2025-08-01T00:00:00,20,low,sideways_low,0.13832775773428269,231.285629272,201.406585693,,False,183605644,v4_readme_compounding,0.023202268280510238,206.13431020012828,,
AAPL,Technology,us_equity,2025,2025-08-01T00:00:00,20,low,sideways_low,0.13832775773428269,231.285629272,201.406585693,,False,183605644,zero_return,0.0,201.406585693,,
AAPL,Technology,us_equity,2025,2025-08-01T00:00:00,20,low,sideways_low,0.13832775773428269,231.285629272,201.406585693,,False,183605644,historical_drift,-0.005821049746984273,200.2375936197195,,
AAPL,Technology,us_equity,2025,2025-09-02T00:00:00,1,low,bullish_low,0.03738230436758161,237.592346191,228.874557495,,False,1951748968,v4_recursive,0.0007131680211705121,229.03784172789096,-0.023689555982396242,0.020233958176152343
AAPL,Technology,us_equity,2025,2025-09-02T00:00:00,1,low,bullish_low,0.03738230436758161,237.592346191,228.874557495,,False,1951748968,v4_readme_compounding,0.00030563633180971704,228.94452056628094,,
AAPL,Technology,us_equity,2025,2025-09-02T00:00:00,1,low,bullish_low,0.03738230436758161,237.592346191,228.874557495,,False,1951748968,zero_return,0.0,228.874557495,,
AAPL,Technology,us_equity,2025,2025-09-02T00:00:00,1,low,bullish_low,0.03738230436758161,237.592346191,228.874557495,,False,1951748968,historical_drift,7.461750275832608e-05,228.8916361801017,,
AAPL,Technology,us_equity,2025,2025-09-02T00:00:00,5,low,bullish_low,0.019954485955568434,233.487503052,228.874557495,,False,1951748968,v4_recursive,-0.021819191069596913,223.9347866702056,-0.05043317416063777,0.03624557364113269
AAPL,Technology,us_equity,2025,2025-09-02T00:00:00,5,low,bullish_low,0.019954485955568434,233.487503052,228.874557495,,False,1951748968,v4_readme_compounding,0.0015281816590485852,229.2245867820353,,
AAPL,Technology,us_equity,2025,2025-09-02T00:00:00,5,low,bullish_low,0.019954485955568434,233.487503052,228.874557495,,False,1951748968,zero_return,0.0,228.874557495,,
AAPL,Technology,us_equity,2025,2025-09-02T00:00:00,5,low,bullish_low,0.019954485955568434,233.487503052,228.874557495,,False,1951748968,historical_drift,0.0003730875137916304,228.95996366562323,,
AAPL,Technology,us_equity,2025,2025-09-02T00:00:00,10,low,bullish_low,0.03603947275227102,237.273513794,228.874557495,,False,1951748968,v4_recursive,-0.013293423365385708,225.85216458731173,-0.07794468851214104,0.035835715029098686
AAPL,Technology,us_equity,2025,2025-09-02T00:00:00,10,low,bullish_low,0.03603947275227102,237.273513794,228.874557495,,False,1951748968,v4_readme_compounding,0.0030563633180971704,229.57515138633394,,
AAPL,Technology,us_equity,2025,2025-09-02T00:00:00,10,low,bullish_low,0.03603947275227102,237.273513794,228.874557495,,False,1951748968,zero_return,0.0,228.874557495,,
AAPL,Technology,us_equity,2025,2025-09-02T00:00:00,10,low,bullish_low,0.03603947275227102,237.273513794,228.874557495,,False,1951748968,historical_drift,0.0007461750275832608,229.04540170616707,,
AAPL,Technology,us_equity,2025,2025-09-02T00:00:00,20,low,bullish_low,0.10295029686148076,253.692871094,228.874557495,,False,1951748968,v4_recursive,-0.021079923618134832,224.10039557633564,-0.1292305094506806,0.06906030553923766
AAPL,Technology,us_equity,2025,2025-09-02T00:00:00,20,low,bullish_low,0.10295029686148076,253.692871094,228.874557495,,False,1951748968,v4_readme_compounding,0.006112726636194341,230.2778898227232,,
AAPL,Technology,us_equity,2025,2025-09-02T00:00:00,20,low,bullish_low,0.10295029686148076,253.692871094,228.874557495,,False,1951748968,zero_return,0.0,228.874557495,,
AAPL,Technology,us_equity,2025,2025-09-02T00:00:00,20,low,bullish_low,0.10295029686148076,253.692871094,228.874557495,,False,1951748968,historical_drift,0.0014923500551665217,229.21637344459103,,
HDFCBANK.NS,Bank,india_equity,2024,2024-09-26T00:00:00,1,low,bullish_low,-0.01742075601584281,850.569763184,865.517150879,,False,3897991121,v4_recursive,-0.004951733472225009,861.2419342344571,-0.022389657076091498,0.011216390925887772
HDFCBANK.NS,Bank,india_equity,2024,2024-09-26T00:00:00,1,low,bullish_low,-0.01742075601584281,850.569763184,865.517150879,,False,3897991121,v4_readme_compounding,0.00021959489991415615,865.7072349010983,,
HDFCBANK.NS,Bank,india_equity,2024,2024-09-26T00:00:00,1,low,bullish_low,-0.01742075601584281,850.569763184,865.517150879,,False,3897991121,zero_return,0.0,865.517150879,,
HDFCBANK.NS,Bank,india_equity,2024,2024-09-26T00:00:00,1,low,bullish_low,-0.01742075601584281,850.569763184,865.517150879,,False,3897991121,historical_drift,0.0003795627231512214,865.8457312802128,,
HDFCBANK.NS,Bank,india_equity,2024,2024-09-26T00:00:00,5,low,bullish_low,-0.07314871066972681,804.465820312,865.517150879,,False,3897991121,v4_recursive,-0.004582421290409865,861.5600601125252,-0.04351750817019056,0.029879539105915013
HDFCBANK.NS,Bank,india_equity,2024,2024-09-26T00:00:00,5,low,bullish_low,-0.07314871066972681,804.465820312,865.517150879,,False,3897991121,v4_readme_compounding,0.0010979744995707808,866.4679885418366,,
HDFCBANK.NS,Bank,india_equity,2024,2024-09-26T00:00:00,5,low,bullish_low,-0.07314871066972681,804.465820312,865.517150879,,False,3897991121,zero_return,0.0,865.517150879,,
HDFCBANK.NS,Bank,india_equity,2024,2024-09-26T00:00:00,5,low,bullish_low,-0.07314871066972681,804.465820312,865.517150879,,False,3897991121,historical_drift,0.001897813615756107,867.1613007641504,,
HDFCBANK.NS,Bank,india_equity,2024,2024-09-26T00:00:00,10,low,bullish_low,-0.07716850332381665,801.238525391,865.517150879,,False,3897991121,v4_recursive,0.005557054116449994,870.3402652671663,-0.06138452776401184,0.04151308692428296
HDFCBANK.NS,Bank,india_equity,2024,2024-09-26T00:00:00,10,low,bullish_low,-0.07716850332381665,801.238525391,865.517150879,,False,3897991121,v4_readme_compounding,0.0021959489991415617,867.41987077353,,
HDFCBANK.NS,Bank,india_equity,2024,2024-09-26T00:00:00,10,low,bullish_low,-0.07716850332381665,801.238525391,865.517150879,,False,3897991121,zero_return,0.0,865.517150879,,
HDFCBANK.NS,Bank,india_equity,2024,2024-09-26T00:00:00,10,low,bullish_low,-0.07716850332381665,801.238525391,865.517150879,,False,3897991121,historical_drift,0.003795627231512214,868.8085739020777,,
HDFCBANK.NS,Bank,india_equity,2024,2024-09-26T00:00:00,20,low,bullish_low,-0.022712459062750816,846.080688477,865.517150879,,False,3897991121,v4_recursive,-0.0037451861883101636,862.2816904824037,-0.08188616491565541,0.07098849961802432
HDFCBANK.NS,Bank,india_equity,2024,2024-09-26T00:00:00,20,low,bullish_low,-0.022712459062750816,846.080688477,865.517150879,,False,3897991121,v4_readme_compounding,0.004391897998283123,869.3267735349083,,
HDFCBANK.NS,Bank,india_equity,2024,2024-09-26T00:00:00,20,low,bullish_low,-0.022712459062750816,846.080688477,865.517150879,,False,3897991121,zero_return,0.0,865.517150879,,
HDFCBANK.NS,Bank,india_equity,2024,2024-09-26T00:00:00,20,low,bullish_low,-0.022712459062750816,846.080688477,865.517150879,,False,3897991121,historical_drift,0.007591254463024428,872.1125136794516,,
HDFCBANK.NS,Bank,india_equity,2024,2024-10-28T00:00:00,1,high,bullish_high,0.01012620921103863,850.181518555,841.615844727,,False,54319315,v4_recursive,-0.0039039859516566805,838.3365935327415,-0.016278536399864808,0.014975329256027608
HDFCBANK.NS,Bank,india_equity,2024,2024-10-28T00:00:00,1,high,bullish_high,0.01012620921103863,850.181518555,841.615844727,,False,54319315,v4_readme_compounding,-0.0005331054503064877,841.167294306072,,
HDFCBANK.NS,Bank,india_equity,2024,2024-10-28T00:00:00,1,high,bullish_high,0.01012620921103863,850.181518555,841.615844727,,False,54319315,zero_return,0.0,841.615844727,,
HDFCBANK.NS,Bank,india_equity,2024,2024-10-28T00:00:00,1,high,bullish_high,0.01012620921103863,850.181518555,841.615844727,,False,54319315,historical_drift,0.0005220155225269565,842.0552959521534,,
HDFCBANK.NS,Bank,india_equity,2024,2024-10-28T00:00:00,5,high,bullish_high,-0.011658061455848297,831.861206055,841.615844727,,False,54319315,v4_recursive,0.00353121561431589,844.5930251785462,-0.03656561622979794,0.039997625922461935
HDFCBANK.NS,Bank,india_equity,2024,2024-10-28T00:00:00,5,high,bullish_high,-0.011658061455848297,831.861206055,841.615844727,,False,54319315,v4_readme_compounding,-0.0026655272515324385,839.3754819580536,,
HDFCBANK.NS,Bank,india_equity,2024,2024-10-28T00:00:00,5,high,bullish_high,-0.011658061455848297,831.861206055,841.615844727,,False,54319315,zero_return,0.0,841.615844727,,
HDFCBANK.NS,Bank,india_equity,2024,2024-10-28T00:00:00,5,high,bullish_high,-0.011658061455848297,831.861206055,841.615844727,,False,54319315,historical_drift,0.0026100776126347825,843.8153966536767,,
HDFCBANK.NS,Bank,india_equity,2024,2024-10-28T00:00:00,10,high,bullish_high,0.018340844822463388,857.194213867,841.615844727,,False,54319315,v4_recursive,0.0038628883919506717,844.8732001538159,-0.04965731861270333,0.0578626430629946
HDFCBANK.NS,Bank,india_equity,2024,2024-10-28T00:00:00,10,high,bullish_high,0.018340844822463388,857.194213867,841.615844727,,False,54319315,v4_readme_compounding,-0.005331054503064877,837.1410829852595,,
HDFCBANK.NS,Bank,india_equity,2024,2024-10-28T00:00:00,10,high,bullish_high,0.018340844822463388,857.194213867,841.615844727,,False,54319315,zero_return,0.0,841.615844727,,
HDFCBANK.NS,Bank,india_equity,2024,2024-10-28T00:00:00,10,high,bullish_high,0.018340844822463388,857.194213867,841.615844727,,False,54319315,historical_drift,0.005220155225269565,846.0206970803471,,
HDFCBANK.NS,Bank,india_equity,2024,2024-10-28T00:00:00,20,high,bullish_high,0.04405057572222839,879.518188477,841.615844727,,False,54319315,v4_recursive,0.011725422134131643,851.5422275681682,-0.0829001803537934,0.06681906208076213
HDFCBANK.NS,Bank,india_equity,2024,2024-10-28T00:00:00,20,high,bullish_high,0.04405057572222839,879.518188477,841.615844727,,False,54319315,v4_readme_compounding,-0.010662109006129754,832.6901129684143,,
HDFCBANK.NS,Bank,india_equity,2024,2024-10-28T00:00:00,20,high,bullish_high,0.04405057572222839,879.518188477,841.615844727,,False,54319315,zero_return,0.0,841.615844727,,
HDFCBANK.NS,Bank,india_equity,2024,2024-10-28T00:00:00,20,high,bullish_high,0.04405057572222839,879.518188477,841.615844727,,False,54319315,historical_drift,0.01044031045053913,850.4486035674494,,
HDFCBANK.NS,Bank,india_equity,2024,2024-11-28T00:00:00,1,low,bullish_low,0.0016159883096189703,871.632019043,870.224609375,,False,2975170535,v4_recursive,-0.0011244254609391656,869.2466565880277,-0.023818005080044502,0.012825614242539383
HDFCBANK.NS,Bank,india_equity,2024,2024-11-28T00:00:00,1,low,bullish_low,0.0016159883096189703,871.632019043,870.224609375,,False,2975170535,v4_readme_compounding,0.0014439872680902157,871.4821103204924,,
HDFCBANK.NS,Bank,india_equity,2024,2024-11-28T00:00:00,1,low,bullish_low,0.0016159883096189703,871.632019043,870.224609375,,False,2975170535,zero_return,0.0,870.224609375,,
HDFCBANK.NS,Bank,india_equity,2024,2024-11-28T00:00:00,1,low,bullish_low,0.0016159883096189703,871.632019043,870.224609375,,False,2975170535,historical_drift,0.0007487206500050629,870.8764084874604,,
HDFCBANK.NS,Bank,india_equity,2024,2024-11-28T00:00:00,5,low,bullish_low,0.039689282006727666,905.457763672,870.224609375,,False,2975170535,v4_recursive,-0.009040907513214255,862.392447440461,-0.03160438470476627,0.014846809366625364
HDFCBANK.NS,Bank,india_equity,2024,2024-11-28T00:00:00,5,low,bullish_low,0.039689282006727666,905.457763672,870.224609375,,False,2975170535,v4_readme_compounding,0.0072199363404510785,876.530311649409,,
HDFCBANK.NS,Bank,india_equity,2024,2024-11-28T00:00:00,5,low,bullish_low,0.039689282006727666,905.457763672,870.224609375,,False,2975170535,zero_return,0.0,870.224609375,,
HDFCBANK.NS,Bank,india_equity,2024,2024-11-28T00:00:00,5,low,bullish_low,0.039689282006727666,905.457763672,870.224609375,,False,2975170535,historical_drift,0.0037436032500253145,873.4884905772242,,
HDFCBANK.NS,Bank,india_equity,2024,2024-11-28T00:00:00,10,low,bullish_low,0.0361993482156408,902.303283691,870.224609375,,False,2975170535,v4_recursive,-0.015191404318106496,857.104583612074,-0.054818154869880016,0.043752597305625314
HDFCBANK.NS,Bank,india_equity,2024,2024-11-28T00:00:00,10,low,bullish_low,0.0361993482156408,902.303283691,870.224609375,,False,2975170535,v4_readme_compounding,0.014439872680902157,882.8817054392554,,
HDFCBANK.NS,Bank,india_equity,2024,2024-11-28T00:00:00,10,low,bullish_low,0.0361993482156408,902.303283691,870.224609375,,False,2975170535,zero_return,0.0,870.224609375,,
HDFCBANK.NS,Bank,india_equity,2024,2024-11-28T00:00:00,10,low,bullish_low,0.0361993482156408,902.303283691,870.224609375,,False,2975170535,historical_drift,0.007487206500050629,876.7646133552296,,
HDFCBANK.NS,Bank,india_equity,2024,2024-11-28T00:00:00,20,low,bullish_low,0.002840168441618385,872.699707031,870.224609375,,False,2975170535,v4_recursive,0.013046830089784536,881.65266986886,-0.08601948664929442,0.09713752788286027
HDFCBANK.NS,Bank,india_equity,2024,2024-11-28T00:00:00,20,low,bullish_low,0.002840168441618385,872.699707031,870.224609375,,False,2975170535,v4_readme_compounding,0.028879745361804314,895.7228942986973,,
HDFCBANK.NS,Bank,india_equity,2024,2024-11-28T00:00:00,20,low,bullish_low,0.002840168441618385,872.699707031,870.224609375,,False,2975170535,zero_return,0.0,870.224609375,,
HDFCBANK.NS,Bank,india_equity,2024,2024-11-28T00:00:00,20,low,bullish_low,0.002840168441618385,872.699707031,870.224609375,,False,2975170535,historical_drift,0.014974413000101258,883.3537674647486,,
HDFCBANK.NS,Bank,india_equity,2024,2024-12-30T00:00:00,1,low,sideways_low,-0.0028445603476670595,860.37286377,862.823730469,,False,2151795837,v4_recursive,-0.00364525369484466,859.6842446650453,-0.01889854175707239,0.012436750655880154
HDFCBANK.NS,Bank,india_equity,2024,2024-12-30T00:00:00,1,low,sideways_low,-0.0028445603476670595,860.37286377,862.823730469,,False,2151795837,v4_readme_compounding,0.0008469144292620117,863.5547778598395,,
HDFCBANK.NS,Bank,india_equity,2024,2024-12-30T00:00:00,1,low,sideways_low,-0.0028445603476670595,860.37286377,862.823730469,,False,2151795837,zero_return,0.0,862.823730469,,
HDFCBANK.NS,Bank,india_equity,2024,2024-12-30T00:00:00,1,low,sideways_low,-0.0028445603476670595,860.37286377,862.823730469,,False,2151795837,historical_drift,0.0003431135919202261,863.1198278129621,,
HDFCBANK.NS,Bank,india_equity,2024,2024-12-30T00:00:00,5,low,sideways_low,-0.03864721387862881,830.114135742,862.823730469,,False,2151795837,v4_recursive,-0.008409739201532963,855.598033617523,-0.04915413514275519,0.02939793390030016
HDFCBANK.NS,Bank,india_equity,2024,2024-12-30T00:00:00,5,low,sideways_low,-0.03864721387862881,830.114135742,862.823730469,,False,2151795837,v4_readme_compounding,0.0042345721463100585,866.4851666417529,,
HDFCBANK.NS,Bank,india_equity,2024,2024-12-30T00:00:00,5,low,sideways_low,-0.03864721387862881,830.114135742,862.823730469,,False,2151795837,zero_return,0.0,862.823730469,,
HDFCBANK.NS,Bank,india_equity,2024,2024-12-30T00:00:00,5,low,sideways_low,-0.03864721387862881,830.114135742,862.823730469,,False,2151795837,historical_drift,0.0017155679596011304,864.3052336621212,,
HDFCBANK.NS,Bank,india_equity,2024,2024-12-30T00:00:00,10,low,sideways_low,-0.08633151200910408,791.459655762,862.823730469,,False,2151795837,v4_recursive,-0.01736193937254644,847.972731296467,-0.05849932329196967,0.05594769090994548
HDFCBANK.NS,Bank,india_equity,2024,2024-12-30T00:00:00,10,low,sideways_low,-0.08633151200910408,791.459655762,862.823730469,,False,2151795837,v4_readme_compounding,0.008469144292620117,870.1621403042313,,
HDFCBANK.NS,Bank,india_equity,2024,2024-12-30T00:00:00,10,low,sideways_low,-0.08633151200910408,791.459655762,862.823730469,,False,2151795837,zero_return,0.0,862.823730469,,
HDFCBANK.NS,Bank,india_equity,2024,2024-12-30T00:00:00,10,low,sideways_low,-0.08633151200910408,791.459655762,862.823730469,,False,2151795837,historical_drift,0.003431135919202261,865.7892806560601,,
HDFCBANK.NS,Bank,india_equity,2024,2024-12-30T00:00:00,20,low,sideways_low,-0.08697557091278103,790.950073242,862.823730469,,False,2151795837,v4_recursive,-0.007100400546278621,856.7190349213172,-0.07499054242186226,0.054705387956848164
HDFCBANK.NS,Bank,india_equity,2024,2024-12-30T00:00:00,20,low,sideways_low,-0.08697557091278103,790.950073242,862.823730469,,False,2151795837,v4_readme_compounding,0.016938288585240234,877.562964114656,,
HDFCBANK.NS,Bank,india_equity,2024,2024-12-30T00:00:00,20,low,sideways_low,-0.08697557091278103,790.950073242,862.823730469,,False,2151795837,zero_return,0.0,862.823730469,,
HDFCBANK.NS,Bank,india_equity,2024,2024-12-30T00:00:00,20,low,sideways_low,-0.08697557091278103,790.950073242,862.823730469,,False,2151795837,historical_drift,0.006862271838404522,868.7650235251264,,
HDFCBANK.NS,Bank,india_equity,2025,2025-01-28T00:00:00,1,low,bearish_low,0.004122198962539312,814.00201416,810.653442383,,False,782918927,v4_recursive,0.002010497052522145,812.2848982085502,-0.01319683763374447,0.023730082363007256
HDFCBANK.NS,Bank,india_equity,2025,2025-01-28T00:00:00,1,low,bearish_low,0.004122198962539312,814.00201416,810.653442383,,False,782918927,v4_readme_compounding,-0.000878066394644391,809.941947253236,,
HDFCBANK.NS,Bank,india_equity,2025,2025-01-28T00:00:00,1,low,bearish_low,0.004122198962539312,814.00201416,810.653442383,,False,782918927,zero_return,0.0,810.653442383,,
HDFCBANK.NS,Bank,india_equity,2025,2025-01-28T00:00:00,1,low,bearish_low,0.004122198962539312,814.00201416,810.653442383,,False,782918927,historical_drift,0.000517608510183979,811.0731521168816,,
HDFCBANK.NS,Bank,india_equity,2025,2025-01-28T00:00:00,5,low,bearish_low,0.004539459365852543,814.34173584,810.653442383,,False,782918927,v4_recursive,0.00395067138166195,813.8624023376633,-0.036050260757205646,0.03682928876803388
HDFCBANK.NS,Bank,india_equity,2025,2025-01-28T00:00:00,5,low,bearish_low,0.004539459365852543,814.34173584,810.653442383,,False,782918927,v4_readme_compounding,-0.004390331973221955,807.102205913388,,
HDFCBANK.NS,Bank,india_equity,2025,2025-01-28T00:00:00,5,low,bearish_low,0.004539459365852543,814.34173584,810.653442383,,False,782918927,zero_return,0.0,810.653442383,,
HDFCBANK.NS,Bank,india_equity,2025,2025-01-28T00:00:00,5,low,bearish_low,0.004539459365852543,814.34173584,810.653442383,,False,782918927,historical_drift,0.002588042550919895,812.7541651934004,,
HDFCBANK.NS,Bank,india_equity,2025,2025-01-28T00:00:00,10,low,bearish_low,0.026787067535809485,832.66192627,810.653442383,,False,782918927,v4_recursive,0.00983017553559148,818.6616043519028,-0.038814732409364054,0.0643435341960219
HDFCBANK.NS,Bank,india_equity,2025,2025-01-28T00:00:00,10,low,bearish_low,0.026787067535809485,832.66192627,810.653442383,,False,782918927,v4_readme_compounding,-0.00878066394644391,803.566526375757,,
HDFCBANK.NS,Bank,india_equity,2025,2025-01-28T00:00:00,10,low,bearish_low,0.026787067535809485,832.66192627,810.653442383,,False,782918927,zero_return,0.0,810.653442383,,
HDFCBANK.NS,Bank,india_equity,2025,2025-01-28T00:00:00,10,low,bearish_low,0.026787067535809485,832.66192627,810.653442383,,False,782918927,historical_drift,0.00517608510183979,814.860331805178,,
HDFCBANK.NS,Bank,india_equity,2025,2025-01-28T00:00:00,20,low,bearish_low,0.00400289615494087,813.904907227,810.653442383,,False,782918927,v4_recursive,0.022828852214424048,829.372585330392,-0.03893255230903688,0.0830891361800232
HDFCBANK.NS,Bank,india_equity,2025,2025-01-28T00:00:00,20,low,bearish_low,0.00400289615494087,813.904907227,810.653442383,,False,782918927,v4_readme_compounding,-0.01756132789288782,796.5415657934437,,
HDFCBANK.NS,Bank,india_equity,2025,2025-01-28T00:00:00,20,low,bearish_low,0.00400289615494087,813.904907227,810.653442383,,False,782918927,zero_return,0.0,810.653442383,,
HDFCBANK.NS,Bank,india_equity,2025,2025-01-28T00:00:00,20,low,bearish_low,0.00400289615494087,813.904907227,810.653442383,,False,782918927,historical_drift,0.01035217020367958,819.089052897568,,
HDFCBANK.NS,Bank,india_equity,2025,2025-02-25T00:00:00,1,low,sideways_low,0.010848365195015287,825.358215332,816.452819824,,False,1169086842,v4_recursive,-0.00017778525794075398,816.3076794511228,-0.01212921118646053,0.01756576092733416
HDFCBANK.NS,Bank,india_equity,2025,2025-02-25T00:00:00,1,low,sideways_low,0.010848365195015287,825.358215332,816.452819824,,False,1169086842,v4_readme_compounding,0.0015238149133444115,817.6978911951292,,
HDFCBANK.NS,Bank,india_equity,2025,2025-02-25T00:00:00,1,low,sideways_low,0.010848365195015287,825.358215332,816.452819824,,False,1169086842,zero_return,0.0,816.452819824,,
HDFCBANK.NS,Bank,india_equity,2025,2025-02-25T00:00:00,1,low,sideways_low,0.010848365195015287,825.358215332,816.452819824,,False,1169086842,historical_drift,0.0006318651001113905,816.968870886893,,
HDFCBANK.NS,Bank,india_equity,2025,2025-02-25T00:00:00,5,low,sideways_low,0.004536906360004304,820.165405273,816.452819824,,False,1169086842,v4_recursive,-0.01706130931450326,802.6412227206447,-0.050551750252994666,0.036236656171106336
HDFCBANK.NS,Bank,india_equity,2025,2025-02-25T00:00:00,5,low,sideways_low,0.004536906360004304,820.165405273,816.452819824,,False,1169086842,v4_readme_compounding,0.007619074566722057,822.697192702462,,
HDFCBANK.NS,Bank,india_equity,2025,2025-02-25T00:00:00,5,low,sideways_low,0.004536906360004304,820.165405273,816.452819824,,False,1169086842,zero_return,0.0,816.452819824,,
HDFCBANK.NS,Bank,india_equity,2025,2025-02-25T00:00:00,5,low,sideways_low,0.004536906360004304,820.165405273,816.452819824,,False,1169086842,historical_drift,0.003159325500556953,819.036338977729,,
HDFCBANK.NS,Bank,india_equity,2025,2025-02-25T00:00:00,10,low,sideways_low,0.01697398831497163,830.42956543,816.452819824,,False,1169086842,v4_recursive,-0.03157392912452845,791.0769129951234,-0.07399769733460043,0.04895726549583761
HDFCBANK.NS,Bank,india_equity,2025,2025-02-25T00:00:00,10,low,sideways_low,0.01697398831497163,830.42956543,816.452819824,,False,1169086842,v4_readme_compounding,0.015238149133444115,828.98932362854,,
HDFCBANK.NS,Bank,india_equity,2025,2025-02-25T00:00:00,10,low,sideways_low,0.01697398831497163,830.42956543,816.452819824,,False,1169086842,zero_return,0.0,816.452819824,,
HDFCBANK.NS,Bank,india_equity,2025,2025-02-25T00:00:00,10,low,sideways_low,0.01697398831497163,830.42956543,816.452819824,,False,1169086842,historical_drift,0.006318651001113906,821.628033216479,,
HDFCBANK.NS,Bank,india_equity,2025,2025-02-25T00:00:00,20,low,sideways_low,0.08158013478353504,885.85144043,816.452819824,,False,1169086842,v4_recursive,-0.01071840066991058,807.7484829902647,-0.07599852842851158,0.05124094837137015
HDFCBANK.NS,Bank,india_equity,2025,2025-02-25T00:00:00,20,low,sideways_low,0.08158013478353504,885.85144043,816.452819824,,False,1169086842,v4_readme_compounding,0.03047629826688823,841.7183234644796,,
HDFCBANK.NS,Bank,india_equity,2025,2025-02-25T00:00:00,20,low,sideways_low,0.08158013478353504,885.85144043,816.452819824,,False,1169086842,zero_return,0.0,816.452819824,,
HDFCBANK.NS,Bank,india_equity,2025,2025-02-25T00:00:00,20,low,sideways_low,0.08158013478353504,885.85144043,816.452819824,,False,1169086842,historical_drift,0.012637302002227811,826.8360505052852,,
HDFCBANK.NS,Bank,india_equity,2025,2025-03-28T00:00:00,1,low,bullish_low,-0.033567747503802536,857.946411133,887.234558105,,False,1733534250,v4_recursive,-0.0009099808017646275,886.427558923031,-0.013319084825100995,0.014714450114199069
HDFCBANK.NS,Bank,india_equity,2025,2025-03-28T00:00:00,1,low,bullish_low,-0.033567747503802536,857.946411133,887.234558105,,False,1733534250,v4_readme_compounding,0.0013401856683824213,888.4244142802712,,
HDFCBANK.NS,Bank,india_equity,2025,2025-03-28T00:00:00,1,low,bullish_low,-0.033567747503802536,857.946411133,887.234558105,,False,1733534250,zero_return,0.0,887.234558105,,
HDFCBANK.NS,Bank,india_equity,2025,2025-03-28T00:00:00,1,low,bullish_low,-0.033567747503802536,857.946411133,887.234558105,,False,1733534250,historical_drift,0.0009851853615499182,888.1090793159206,,
HDFCBANK.NS,Bank,india_equity,2025,2025-03-28T00:00:00,5,low,bullish_low,-0.039325797967980795,853.020507812,887.234558105,,False,1733534250,v4_recursive,0.0024232760327675246,889.3871794896063,-0.033921329364741,0.031648655030237824
HDFCBANK.NS,Bank,india_equity,2025,2025-03-28T00:00:00,5,low,bullish_low,-0.039325797967980795,853.020507812,887.234558105,,False,1733534250,v4_readme_compounding,0.006700928341912106,893.1998173675511,,
HDFCBANK.NS,Bank,india_equity,2025,2025-03-28T00:00:00,5,low,bullish_low,-0.039325797967980795,853.020507812,887.234558105,,False,1733534250,zero_return,0.0,887.234558105,,
HDFCBANK.NS,Bank,india_equity,2025,2025-03-28T00:00:00,5,low,bullish_low,-0.039325797967980795,853.020507812,887.234558105,,False,1733534250,historical_drift,0.004925926807749591,891.6157925605308,,
HDFCBANK.NS,Bank,india_equity,2025,2025-03-28T00:00:00,10,low,bullish_low,0.026875465075770464,911.402709961,887.234558105,,False,1733534250,v4_recursive,0.011147168641157685,897.1800403476153,-0.047711677372146426,0.05835645935687129
HDFCBANK.NS,Bank,india_equity,2025,2025-03-28T00:00:00,10,low,bullish_low,0.026875465075770464,911.402709961,887.234558105,,False,1733534250,v4_readme_compounding,0.013401856683824213,899.205183631959,,
HDFCBANK.NS,Bank,india_equity,2025,2025-03-28T00:00:00,10,low,bullish_low,0.026875465075770464,911.402709961,887.234558105,,False,1733534250,zero_return,0.0,887.234558105,,
HDFCBANK.NS,Bank,india_equity,2025,2025-03-28T00:00:00,10,low,bullish_low,0.026875465075770464,911.402709961,887.234558105,,False,1733534250,historical_drift,0.009851853615499182,896.0186618984941,,
HDFCBANK.NS,Bank,india_equity,2025,2025-03-28T00:00:00,20,low,bullish_low,0.0499824115352555,932.707641602,887.234558105,,False,1733534250,v4_recursive,0.010879600107841298,896.940015313104,-0.04753379806235731,0.08633942513061828
HDFCBANK.NS,Bank,india_equity,2025,2025-03-28T00:00:00,20,low,bullish_low,0.0499824115352555,932.707641602,887.234558105,,False,1733534250,v4_readme_compounding,0.026803713367648425,911.3373176058079,,
HDFCBANK.NS,Bank,india_equity,2025,2025-03-28T00:00:00,20,low,bullish_low,0.0499824115352555,932.707641602,887.234558105,,False,1733534250,zero_return,0.0,887.234558105,,
HDFCBANK.NS,Bank,india_equity,2025,2025-03-28T00:00:00,20,low,bullish_low,0.0499824115352555,932.707641602,887.234558105,,False,1733534250,historical_drift,0.019703707230998364,904.8897330883209,,
HDFCBANK.NS,Bank,india_equity,2025,2025-05-05T00:00:00,1,high,bullish_high,-0.002636727560447929,937.463562012,939.938659668,,False,3480133031,v4_recursive,0.008018791329588769,947.506132083953,-0.00969428051562104,0.019827551602517163
HDFCBANK.NS,Bank,india_equity,2025,2025-05-05T00:00:00,1,high,bullish_high,-0.002636727560447929,937.463562012,939.938659668,,False,3480133031,v4_readme_compounding,0.0038422990182058318,943.557132232303,,
HDFCBANK.NS,Bank,india_equity,2025,2025-05-05T00:00:00,1,high,bullish_high,-0.002636727560447929,937.463562012,939.938659668,,False,3480133031,zero_return,0.0,939.938659668,,
HDFCBANK.NS,Bank,india_equity,2025,2025-05-05T00:00:00,1,high,bullish_high,-0.002636727560447929,937.463562012,939.938659668,,False,3480133031,historical_drift,0.0010396584756389407,940.9163830232235,,
HDFCBANK.NS,Bank,india_equity,2025,2025-05-05T00:00:00,5,high,bullish_high,0.010477739259811415,949.838867188,939.938659668,,False,3480133031,v4_recursive,0.00786770367631976,947.362986420042,-0.03176812292503591,0.03936620980429923
HDFCBANK.NS,Bank,india_equity,2025,2025-05-05T00:00:00,5,high,bullish_high,0.010477739259811415,949.838867188,939.938659668,,False,3480133031,v4_readme_compounding,0.01921149509102916,958.1708597648127,,
HDFCBANK.NS,Bank,india_equity,2025,2025-05-05T00:00:00,5,high,bullish_high,0.010477739259811415,949.838867188,939.938659668,,False,3480133031,zero_return,0.0,939.938659668,,
HDFCBANK.NS,Bank,india_equity,2025,2025-05-05T00:00:00,5,high,bullish_high,0.010477739259811415,949.838867188,939.938659668,,False,3480133031,historical_drift,0.005198292378194703,944.8374572983444,,
HDFCBANK.NS,Bank,india_equity,2025,2025-05-05T00:00:00,10,high,bullish_high,0.000980496048573382,940.860717773,939.938659668,,False,3480133031,v4_recursive,0.004283076253681428,943.9731224093267,-0.053383303790394875,0.07257158541831044
HDFCBANK.NS,Bank,india_equity,2025,2025-05-05T00:00:00,10,high,bullish_high,0.000980496048573382,940.860717773,939.938659668,,False,3480133031,v4_readme_compounding,0.03842299018205832,976.7567139186759,,
HDFCBANK.NS,Bank,india_equity,2025,2025-05-05T00:00:00,10,high,bullish_high,0.000980496048573382,940.860717773,939.938659668,,False,3480133031,zero_return,0.0,939.938659668,,
HDFCBANK.NS,Bank,india_equity,2025,2025-05-05T00:00:00,10,high,bullish_high,0.000980496048573382,940.860717773,939.938659668,,False,3480133031,historical_drift,0.010396584756389406,949.7617866141625,,
HDFCBANK.NS,Bank,india_equity,2025,2025-05-05T00:00:00,20,high,bullish_high,-0.0024296445999053974,937.657714844,939.938659668,,False,3480133031,v4_recursive,-0.002813524648636643,937.2978358343378,-0.10128961038716291,0.0666956079927041
HDFCBANK.NS,Bank,india_equity,2025,2025-05-05T00:00:00,20,high,bullish_high,-0.0024296445999053974,937.657714844,939.938659668,,False,3480133031,v4_readme_compounding,0.07684598036411663,1015.0169570875996,,
HDFCBANK.NS,Bank,india_equity,2025,2025-05-05T00:00:00,20,high,bullish_high,-0.0024296445999053974,937.657714844,939.938659668,,False,3480133031,zero_return,0.0,939.938659668,,
HDFCBANK.NS,Bank,india_equity,2025,2025-05-05T00:00:00,20,high,bullish_high,-0.0024296445999053974,937.657714844,939.938659668,,False,3480133031,historical_drift,0.020793169512778813,959.687573262645,,
HDFCBANK.NS,Bank,india_equity,2025,2025-06-03T00:00:00,1,low,bullish_low,0.008588215195515302,942.074035645,934.017944336,,False,2354212716,v4_recursive,0.005333689167012271,939.0130149628036,-0.012609240141397582,0.024741409190283645
HDFCBANK.NS,Bank,india_equity,2025,2025-06-03T00:00:00,1,low,bullish_low,0.008588215195515302,942.074035645,934.017944336,,False,2354212716,v4_readme_compounding,0.00224500505578618,936.1171748531063,,
HDFCBANK.NS,Bank,india_equity,2025,2025-06-03T00:00:00,1,low,bullish_low,0.008588215195515302,942.074035645,934.017944336,,False,2354212716,zero_return,0.0,934.017944336,,
HDFCBANK.NS,Bank,india_equity,2025,2025-06-03T00:00:00,1,low,bullish_low,0.008588215195515302,942.074035645,934.017944336,,False,2354212716,historical_drift,0.0009092208158608232,934.8675590785525,,
HDFCBANK.NS,Bank,india_equity,2025,2025-06-03T00:00:00,5,low,bullish_low,0.02092679433001537,953.769897461,934.017944336,,False,2354212716,v4_recursive,8.066472082720245e-05,934.0932896715418,-0.04644177488325121,0.04938159369411654
HDFCBANK.NS,Bank,india_equity,2025,2025-06-03T00:00:00,5,low,bullish_low,0.02092679433001537,953.769897461,934.017944336,,False,2354212716,v4_readme_compounding,0.011225025278930899,944.5613838527677,,
HDFCBANK.NS,Bank,india_equity,2025,2025-06-03T00:00:00,5,low,bullish_low,0.02092679433001537,953.769897461,934.017944336,,False,2354212716,zero_return,0.0,934.017944336,,
HDFCBANK.NS,Bank,india_equity,2025,2025-06-03T00:00:00,5,low,bullish_low,0.02092679433001537,953.769897461,934.017944336,,False,2354212716,historical_drift,0.004546104079304116,938.2737534689322,,
HDFCBANK.NS,Bank,india_equity,2025,2025-06-03T00:00:00,10,low,bullish_low,0.002594561676495214,936.444458008,934.017944336,,False,2354212716,v4_recursive,0.0006668011841914771,934.6409562968122,-0.04908725055560719,0.04069428170086508
HDFCBANK.NS,Bank,india_equity,2025,2025-06-03T00:00:00,10,low,bullish_low,0.002594561676495214,936.444458008,934.017944336,,False,2354212716,v4_readme_compounding,0.022450050557861798,955.2238404799862,,
HDFCBANK.NS,Bank,india_equity,2025,2025-06-03T00:00:00,10,low,bullish_low,0.002594561676495214,936.444458008,934.017944336,,False,2354212716,zero_return,0.0,934.017944336,,
HDFCBANK.NS,Bank,india_equity,2025,2025-06-03T00:00:00,10,low,bullish_low,0.002594561676495214,936.444458008,934.017944336,,False,2354212716,historical_drift,0.009092208158608232,942.5489539973788,,
HDFCBANK.NS,Bank,india_equity,2025,2025-06-03T00:00:00,20,low,bullish_low,0.05540180725454714,987.224487305,934.017944336,,False,2354212716,v4_recursive,-0.013953451070594106,921.0756752958837,-0.07821208189698983,0.0572902567794551
HDFCBANK.NS,Bank,india_equity,2025,2025-06-03T00:00:00,20,low,bullish_low,0.05540180725454714,987.224487305,934.017944336,,False,2354212716,v4_readme_compounding,0.044900101115723595,976.9111942169407,,
HDFCBANK.NS,Bank,india_equity,2025,2025-06-03T00:00:00,20,low,bullish_low,0.05540180725454714,987.224487305,934.017944336,,False,2354212716,zero_return,0.0,934.017944336,,
HDFCBANK.NS,Bank,india_equity,2025,2025-06-03T00:00:00,20,low,bullish_low,0.05540180725454714,987.224487305,934.017944336,,False,2354212716,historical_drift,0.018184416317216463,951.1578830673553,,
HDFCBANK.NS,Bank,india_equity,2025,2025-07-02T00:00:00,1,low,bullish_low,0.000553687505259338,974.958374023,974.418701172,,False,4168817038,v4_recursive,-0.001598133876581501,972.8626933212862,-0.01374285440805757,0.015251568484666364
HDFCBANK.NS,Bank,india_equity,2025,2025-07-02T00:00:00,1,low,bullish_low,0.000553687505259338,974.958374023,974.418701172,,False,4168817038,v4_readme_compounding,0.0002887909159962345,974.7001450785411,,
HDFCBANK.NS,Bank,india_equity,2025,2025-07-02T00:00:00,1,low,bullish_low,0.000553687505259338,974.958374023,974.418701172,,False,4168817038,zero_return,0.0,974.418701172,,
HDFCBANK.NS,Bank,india_equity,2025,2025-07-02T00:00:00,1,low,bullish_low,0.000553687505259338,974.958374023,974.418701172,,False,4168817038,historical_drift,0.0006694548234848945,975.0712488728254,,
HDFCBANK.NS,Bank,india_equity,2025,2025-07-02T00:00:00,5,low,bullish_low,0.012608902563254433,986.782836914,974.418701172,,False,4168817038,v4_recursive,0.004173788648104072,978.4942181422206,-0.023610221163185115,0.03464770200326
HDFCBANK.NS,Bank,india_equity,2025,2025-07-02T00:00:00,5,low,bullish_low,0.012608902563254433,986.782836914,974.418701172,,False,4168817038,v4_readme_compounding,0.0014439545799811726,975.8267338413413,,
HDFCBANK.NS,Bank,india_equity,2025,2025-07-02T00:00:00,5,low,bullish_low,0.012608902563254433,986.782836914,974.418701172,,False,4168817038,zero_return,0.0,974.418701172,,
HDFCBANK.NS,Bank,india_equity,2025,2025-07-02T00:00:00,5,low,bullish_low,0.012608902563254433,986.782836914,974.418701172,,False,4168817038,historical_drift,0.003347274117424473,977.6858125782329,,
HDFCBANK.NS,Bank,india_equity,2025,2025-07-02T00:00:00,10,low,bullish_low,0.005172857808936857,979.472290039,974.418701172,,False,4168817038,v4_recursive,-0.0017064013786103145,972.7573696093338,-0.04543348456770791,0.039850869188487924
HDFCBANK.NS,Bank,india_equity,2025,2025-07-02T00:00:00,10,low,bullish_low,0.005172857808936857,979.472290039,974.418701172,,False,4168817038,v4_readme_compounding,0.002887909159962345,977.2368011144885,,
HDFCBANK.NS,Bank,india_equity,2025,2025-07-02T00:00:00,10,low,bullish_low,0.005172857808936857,979.472290039,974.418701172,,False,4168817038,zero_return,0.0,974.418701172,,
HDFCBANK.NS,Bank,india_equity,2025,2025-07-02T00:00:00,10,low,bullish_low,0.005172857808936857,979.472290039,974.418701172,,False,4168817038,historical_drift,0.006694548234848946,980.9638782251101,,
HDFCBANK.NS,Bank,india_equity,2025,2025-07-02T00:00:00,20,low,bullish_low,0.022327565260964518,996.419799805,974.418701172,,False,4168817038,v4_recursive,0.003645201922558248,977.9771357609682,-0.08717532690638696,0.053219722580683165
HDFCBANK.NS,Bank,india_equity,2025,2025-07-02T00:00:00,20,low,bullish_low,0.022327565260964518,996.419799805,974.418701172,,False,4168817038,v4_readme_compounding,0.00577581831992469,980.0630512364388,,
HDFCBANK.NS,Bank,india_equity,2025,2025-07-02T00:00:00,20,low,bullish_low,0.022327565260964518,996.419799805,974.418701172,,False,4168817038,zero_return,0.0,974.418701172,,
HDFCBANK.NS,Bank,india_equity,2025,2025-07-02T00:00:00,20,low,bullish_low,0.022327565260964518,996.419799805,974.418701172,,False,4168817038,historical_drift,0.013389096469697891,987.5530192770688,,
HDFCBANK.NS,Bank,india_equity,2025,2025-07-31T00:00:00,1,low,bullish_low,-0.0029773569510189403,989.730407715,992.68157959,,False,2185256306,v4_recursive,0.0011190225337574574,993.7930344019156,-0.013239855286033157,0.013598028744098958
HDFCBANK.NS,Bank,india_equity,2025,2025-07-31T00:00:00,1,low,bullish_low,-0.0029773569510189403,989.730407715,992.68157959,,False,2185256306,v4_readme_compounding,-0.002249074042320576,990.4514739934102,,
HDFCBANK.NS,Bank,india_equity,2025,2025-07-31T00:00:00,1,low,bullish_low,-0.0029773569510189403,989.730407715,992.68157959,,False,2185256306,zero_return,0.0,992.68157959,,
HDFCBANK.NS,Bank,india_equity,2025,2025-07-31T00:00:00,1,low,bullish_low,-0.0029773569510189403,989.730407715,992.68157959,,False,2185256306,historical_drift,0.0009622122637902015,993.6372096656781,,
HDFCBANK.NS,Bank,india_equity,2025,2025-07-31T00:00:00,5,low,bullish_low,-0.01136145243350786,981.467102051,992.68157959,,False,2185256306,v4_recursive,-0.003507071894383146,989.2062715617637,-0.03788033443394204,0.0357642347380934
HDFCBANK.NS,Bank,india_equity,2025,2025-07-31T00:00:00,5,low,bullish_low,-0.01136145243350786,981.467102051,992.68157959,,False,2185256306,v4_readme_compounding,-0.01124537021160288,981.5810395458635,,
HDFCBANK.NS,Bank,india_equity,2025,2025-07-31T00:00:00,5,low,bullish_low,-0.01136145243350786,981.467102051,992.68157959,,False,2185256306,zero_return,0.0,992.68157959,,
HDFCBANK.NS,Bank,india_equity,2025,2025-07-31T00:00:00,5,low,bullish_low,-0.01136145243350786,981.467102051,992.68157959,,False,2185256306,historical_drift,0.004811061318951008,997.4689384439639,,
HDFCBANK.NS,Bank,india_equity,2025,2025-07-31T00:00:00,10,low,bullish_low,-0.013518767234552967,979.352050781,992.68157959,,False,2185256306,v4_recursive,-0.006443675873240697,986.3056255975355,-0.053509448758070614,0.03925620654391112
HDFCBANK.NS,Bank,india_equity,2025,2025-07-31T00:00:00,10,low,bullish_low,-0.013518767234552967,979.352050781,992.68157959,,False,2185256306,v4_readme_compounding,-0.02249074042320576,970.604629929656,,
HDFCBANK.NS,Bank,india_equity,2025,2025-07-31T00:00:00,10,low,bullish_low,-0.013518767234552967,979.352050781,992.68157959,,False,2185256306,zero_return,0.0,992.68157959,,
HDFCBANK.NS,Bank,india_equity,2025,2025-07-31T00:00:00,10,low,bullish_low,-0.013518767234552967,979.352050781,992.68157959,,False,2185256306,historical_drift,0.009622122637902016,1002.2793850687375,,
HDFCBANK.NS,Bank,india_equity,2025,2025-07-31T00:00:00,20,low,bullish_low,-0.05972079547981615,935.133361816,992.68157959,,False,2185256306,v4_recursive,-0.018313475439518508,974.667582770528,-0.07578363282964724,0.0736241971838354
HDFCBANK.NS,Bank,india_equity,2025,2025-07-31T00:00:00,20,low,bullish_low,-0.05972079547981615,935.133361816,992.68157959,,False,2185256306,v4_readme_compounding,-0.04498148084641152,949.018665209827,,
HDFCBANK.NS,Bank,india_equity,2025,2025-07-31T00:00:00,20,low,bullish_low,-0.05972079547981615,935.133361816,992.68157959,,False,2185256306,zero_return,0.0,992.68157959,,
HDFCBANK.NS,Bank,india_equity,2025,2025-07-31T00:00:00,20,low,bullish_low,-0.05972079547981615,935.133361816,992.68157959,,False,2185256306,historical_drift,0.019244245275804032,1011.9699875449229,,
HDFCBANK.NS,Bank,india_equity,2025,2025-09-02T00:00:00,1,low,bearish_low,0.010479545354372703,938.920776367,929.13269043,,False,755500494,v4_recursive,-0.003486635280657745,925.898784612308,-0.02289793169476309,0.014239941445564942
HDFCBANK.NS,Bank,india_equity,2025,2025-09-02T00:00:00,1,low,bearish_low,0.010479545354372703,938.920776367,929.13269043,,False,755500494,v4_readme_compounding,-0.0007234459530152496,928.4607562286398,,
HDFCBANK.NS,Bank,india_equity,2025,2025-09-02T00:00:00,1,low,bearish_low,0.010479545354372703,938.920776367,929.13269043,,False,755500494,zero_return,0.0,929.13269043,,
HDFCBANK.NS,Bank,india_equity,2025,2025-09-02T00:00:00,1,low,bearish_low,0.010479545354372703,938.920776367,929.13269043,,False,755500494,historical_drift,0.0006212207902760906,929.7100662945976,,
HDFCBANK.NS,Bank,india_equity,2025,2025-09-02T00:00:00,5,low,bearish_low,0.021627850967966534,949.446716309,929.13269043,,False,755500494,v4_recursive,0.010670251322185374,939.099851237137,-0.04600904078637777,0.028289793421291412
HDFCBANK.NS,Bank,india_equity,2025,2025-09-02T00:00:00,5,low,bearish_low,0.021627850967966534,949.446716309,929.13269043,,False,755500494,v4_readme_compounding,-0.003617229765076248,925.7778752331287,,
HDFCBANK.NS,Bank,india_equity,2025,2025-09-02T00:00:00,5,low,bearish_low,0.021627850967966534,949.446716309,929.13269043,,False,755500494,zero_return,0.0,929.13269043,,
HDFCBANK.NS,Bank,india_equity,2025,2025-09-02T00:00:00,5,low,bearish_low,0.021627850967966534,949.446716309,929.13269043,,False,755500494,historical_drift,0.003106103951380453,932.0231598764773,,
HDFCBANK.NS,Bank,india_equity,2025,2025-09-02T00:00:00,10,low,bearish_low,0.023387645587957303,951.119018555,929.13269043,,False,755500494,v4_recursive,0.0013220008280969149,930.361816890249,-0.05298825819334577,0.04429918478112945
HDFCBANK.NS,Bank,india_equity,2025,2025-09-02T00:00:00,10,low,bearish_low,0.023387645587957303,951.119018555,929.13269043,,False,755500494,v4_readme_compounding,-0.007234459530152496,922.4351732522932,,
HDFCBANK.NS,Bank,india_equity,2025,2025-09-02T00:00:00,10,low,bearish_low,0.023387645587957303,951.119018555,929.13269043,,False,755500494,zero_return,0.0,929.13269043,,
HDFCBANK.NS,Bank,india_equity,2025,2025-09-02T00:00:00,10,low,bearish_low,0.023387645587957303,951.119018555,929.13269043,,False,755500494,historical_drift,0.006212207902760906,934.9226213794253,,
HDFCBANK.NS,Bank,india_equity,2025,2025-09-02T00:00:00,20,low,bearish_low,0.006858357540439369,935.526916504,929.13269043,,False,755500494,v4_recursive,-0.002534466742740497,926.7808161590165,-0.07289793425631284,0.058580231873015254
HDFCBANK.NS,Bank,india_equity,2025,2025-09-02T00:00:00,20,low,bearish_low,0.006858357540439369,935.526916504,929.13269043,,False,755500494,v4_readme_compounding,-0.014468919060304992,915.7859341481142,,
HDFCBANK.NS,Bank,india_equity,2025,2025-09-02T00:00:00,20,low,bearish_low,0.006858357540439369,935.526916504,929.13269043,,False,755500494,zero_return,0.0,929.13269043,,
HDFCBANK.NS,Bank,india_equity,2025,2025-09-02T00:00:00,20,low,bearish_low,0.006858357540439369,935.526916504,929.13269043,,False,755500494,historical_drift,0.012424415805521812,940.7486325364939,,
JPM,Financials,us_equity,2024,2024-09-27T00:00:00,1,high,sideways_high,0.001708582279561865,201.353179932,201.00944519,,False,388087152,v4_recursive,0.0014242332946387422,201.29593349904357,-0.022865389543622522,0.01735279239613511
JPM,Financials,us_equity,2024,2024-09-27T00:00:00,1,high,sideways_high,0.001708582279561865,201.353179932,201.00944519,,False,388087152,v4_readme_compounding,6.337073816882369e-05,201.02218371054107,,
JPM,Financials,us_equity,2024,2024-09-27T00:00:00,1,high,sideways_high,0.001708582279561865,201.353179932,201.00944519,,False,388087152,zero_return,0.0,201.00944519,,
JPM,Financials,us_equity,2024,2024-09-27T00:00:00,1,high,sideways_high,0.001708582279561865,201.353179932,201.00944519,,False,388087152,historical_drift,0.0015564611670503077,201.322552191883,,
JPM,Financials,us_equity,2024,2024-09-27T00:00:00,5,high,sideways_high,0.009523594777782885,202.932922363,201.00944519,,False,388087152,v4_recursive,0.0022122021129208536,201.45461092610998,-0.0402646905889604,0.028226013033684084
JPM,Financials,us_equity,2024,2024-09-27T00:00:00,5,high,sideways_high,0.009523594777782885,202.932922363,201.00944519,,False,388087152,v4_readme_compounding,0.0003168536908441184,201.07314586596718,,
JPM,Financials,us_equity,2024,2024-09-27T00:00:00,5,high,sideways_high,0.009523594777782885,202.932922363,201.00944519,,False,388087152,zero_return,0.0,201.00944519,,
JPM,Financials,us_equity,2024,2024-09-27T00:00:00,5,high,sideways_high,0.009523594777782885,202.932922363,201.00944519,,False,388087152,historical_drift,0.007782305835251539,202.57986498587553,,
JPM,Financials,us_equity,2024,2024-09-27T00:00:00,10,high,sideways_high,0.06060628249073042,213.568618774,201.00944519,,False,388087152,v4_recursive,0.0031092768742085595,201.63541185696792,-0.05011843149322989,0.03974157202568
JPM,Financials,us_equity,2024,2024-09-27T00:00:00,10,high,sideways_high,0.06060628249073042,213.568618774,201.00944519,,False,388087152,v4_readme_compounding,0.0006337073816882369,201.13686672892663,,
JPM,Financials,us_equity,2024,2024-09-27T00:00:00,10,high,sideways_high,0.06060628249073042,213.568618774,201.00944519,,False,388087152,zero_return,0.0,201.00944519,,
JPM,Financials,us_equity,2024,2024-09-27T00:00:00,10,high,sideways_high,0.06060628249073042,213.568618774,201.00944519,,False,388087152,historical_drift,0.015564611670503077,204.16255394817233,,
JPM,Financials,us_equity,2024,2024-09-27T00:00:00,20,high,sideways_high,0.06069630137912515,213.587844849,201.00944519,,False,388087152,v4_recursive,-0.0037685151089054377,200.25336360600903,-0.08412061331722671,0.08044889402150884
JPM,Financials,us_equity,2024,2024-09-27T00:00:00,20,high,sideways_high,0.06069630137912515,213.587844849,201.00944519,,False,388087152,v4_readme_compounding,0.0012674147633764737,201.2643690414138,,
JPM,Financials,us_equity,2024,2024-09-27T00:00:00,20,high,sideways_high,0.06069630137912515,213.587844849,201.00944519,,False,388087152,zero_return,0.0,201.00944519,,
JPM,Financials,us_equity,2024,2024-09-27T00:00:00,20,high,sideways_high,0.06069630137912515,213.587844849,201.00944519,,False,388087152,historical_drift,0.031129223341006155,207.3651235405431,,
JPM,Financials,us_equity,2024,2024-10-28T00:00:00,1,low,bullish_low,-0.011596964963962987,214.154693604,216.652694702,,False,2535514203,v4_recursive,0.00314039373618171,217.33413890889088,-0.019169796656613367,0.020410364824476487
JPM,Financials,us_equity,2024,2024-10-28T00:00:00,1,low,bullish_low,-0.011596964963962987,214.154693604,216.652694702,,False,2535514203,v4_readme_compounding,-0.002013174119542849,216.2169738422358,,
JPM,Financials,us_equity,2024,2024-10-28T00:00:00,1,low,bullish_low,-0.011596964963962987,214.154693604,216.652694702,,False,2535514203,zero_return,0.0,216.652694702,,
JPM,Financials,us_equity,2024,2024-10-28T00:00:00,1,low,bullish_low,-0.011596964963962987,214.154693604,216.652694702,,False,2535514203,historical_drift,0.001963740429113613,217.07856236758363,,
JPM,Financials,us_equity,2024,2024-10-28T00:00:00,5,low,bullish_low,-0.02569315867880305,211.157104492,216.652694702,,False,2535514203,v4_recursive,0.010618855665681418,218.96555663698234,-0.03963149771653607,0.04183684081993095
JPM,Financials,us_equity,2024,2024-10-28T00:00:00,5,low,bullish_low,-0.02569315867880305,211.157104492,216.652694702,,False,2535514203,v4_readme_compounding,-0.010065870597714245,214.4828357931074,,
JPM,Financials,us_equity,2024,2024-10-28T00:00:00,5,low,bullish_low,-0.02569315867880305,211.157104492,216.652694702,,False,2535514203,zero_return,0.0,216.652694702,,
JPM,Financials,us_equity,2024,2024-10-28T00:00:00,5,low,bullish_low,-0.02569315867880305,211.157104492,216.652694702,,False,2535514203,historical_drift,0.009818702145568065,218.7904206532368,,
JPM,Financials,us_equity,2024,2024-10-28T00:00:00,10,low,bullish_low,0.05935598715804028,229.901641846,216.652694702,,False,2535514203,v4_recursive,-0.0031781272489887647,215.9652378606983,-0.06402253142358698,0.0737680223597633
JPM,Financials,us_equity,2024,2024-10-28T00:00:00,10,low,bullish_low,0.05935598715804028,229.901641846,216.652694702,,False,2535514203,v4_readme_compounding,-0.02013174119542849,212.3347088441656,,
JPM,Financials,us_equity,2024,2024-10-28T00:00:00,10,low,bullish_low,0.05935598715804028,229.901641846,216.652694702,,False,2535514203,zero_return,0.0,216.652694702,,
JPM,Financials,us_equity,2024,2024-10-28T00:00:00,10,low,bullish_low,0.05935598715804028,229.901641846,216.652694702,,False,2535514203,historical_drift,0.01963740429113613,220.9492396827244,,
JPM,Financials,us_equity,2024,2024-10-28T00:00:00,20,low,bullish_low,0.10430007783673662,240.470077515,216.652694702,,False,2535514203,v4_recursive,0.00865233193969872,218.5353787907857,-0.11945370261176366,0.09911755529340881
JPM,Financials,us_equity,2024,2024-10-28T00:00:00,20,low,bullish_low,0.10430007783673662,240.470077515,216.652694702,,False,2535514203,v4_readme_compounding,-0.04026348239085698,208.10278239073466,,
JPM,Financials,us_equity,2024,2024-10-28T00:00:00,20,low,bullish_low,0.10430007783673662,240.470077515,216.652694702,,False,2535514203,zero_return,0.0,216.652694702,,
JPM,Financials,us_equity,2024,2024-10-28T00:00:00,20,low,bullish_low,0.10430007783673662,240.470077515,216.652694702,,False,2535514203,historical_drift,0.03927480858227226,225.3309915370433,,
JPM,Financials,us_equity,2024,2024-11-26T00:00:00,1,high,bullish_high,-0.0007204948751284716,239.9896698,240.162643433,,False,287274731,v4_recursive,0.0009636724269621956,240.39419310155893,-0.006814470731150299,0.026662248179956195
JPM,Financials,us_equity,2024,2024-11-26T00:00:00,1,high,bullish_high,-0.0007204948751284716,239.9896698,240.162643433,,False,287274731,v4_readme_compounding,0.007468530589590935,241.96302019784096,,
JPM,Financials,us_equity,2024,2024-11-26T00:00:00,1,high,bullish_high,-0.0007204948751284716,239.9896698,240.162643433,,False,287274731,zero_return,0.0,240.162643433,,
JPM,Financials,us_equity,2024,2024-11-26T00:00:00,1,high,bullish_high,-0.0007204948751284716,239.9896698,240.162643433,,False,287274731,historical_drift,0.0020367481944750182,240.65229274029437,,
JPM,Financials,us_equity,2024,2024-11-26T00:00:00,5,high,bullish_high,-0.026634833262962714,233.850387573,240.162643433,,False,287274731,v4_recursive,0.005068872504682706,241.38308777822238,-0.040347123785103224,0.06681782057509944
JPM,Financials,us_equity,2024,2024-11-26T00:00:00,5,high,bullish_high,-0.026634833262962714,233.850387573,240.162643433,,False,287274731,v4_readme_compounding,0.03734265294795468,249.30050787677268,,
JPM,Financials,us_equity,2024,2024-11-26T00:00:00,5,high,bullish_high,-0.026634833262962714,233.850387573,240.162643433,,False,287274731,zero_return,0.0,240.162643433,,
JPM,Financials,us_equity,2024,2024-11-26T00:00:00,5,high,bullish_high,-0.026634833262962714,233.850387573,240.162643433,,False,287274731,historical_drift,0.01018374097237509,242.62089343047435,,
JPM,Financials,us_equity,2024,2024-11-26T00:00:00,10,high,bullish_high,-0.026100902782356213,233.975280762,240.162643433,,False,287274731,v4_recursive,0.00439176884942195,241.2197017280578,-0.05056891453425869,0.0909550426676832
JPM,Financials,us_equity,2024,2024-11-26T00:00:00,10,high,bullish_high,-0.026100902782356213,233.975280762,240.162643433,,False,287274731,v4_readme_compounding,0.07468530589590935,258.7860557295851,,
JPM,Financials,us_equity,2024,2024-11-26T00:00:00,10,high,bullish_high,-0.026100902782356213,233.975280762,240.162643433,,False,287274731,zero_return,0.0,240.162643433,,
JPM,Financials,us_equity,2024,2024-11-26T00:00:00,10,high,bullish_high,-0.026100902782356213,233.975280762,240.162643433,,False,287274731,historical_drift,0.02036748194475018,245.10430551379056,,
JPM,Financials,us_equity,2024,2024-11-26T00:00:00,20,high,bullish_high,-0.02770355022699086,233.600601196,240.162643433,,False,287274731,v4_recursive,0.012263528553873068,243.1260184459329,-0.059602710914115224,0.11864811095494149
JPM,Financials,us_equity,2024,2024-11-26T00:00:00,20,high,bullish_high,-0.02770355022699086,233.600601196,240.162643433,,False,287274731,v4_readme_compounding,0.1493706117918187,278.8536205413608,,
JPM,Financials,us_equity,2024,2024-11-26T00:00:00,20,high,bullish_high,-0.02770355022699086,233.600601196,240.162643433,,False,287274731,zero_return,0.0,240.162643433,,
JPM,Financials,us_equity,2024,2024-11-26T00:00:00,20,high,bullish_high,-0.02770355022699086,233.600601196,240.162643433,,False,287274731,historical_drift,0.04073496388950036,250.1476487876745,,
JPM,Financials,us_equity,2024,2024-12-27T00:00:00,1,low,sideways_low,-0.007700657192076858,229.930450439,231.707901001,,False,3024810697,v4_recursive,-0.00036857080479717875,231.62251596963165,-0.02014151155942425,0.011521426381040308
JPM,Financials,us_equity,2024,2024-12-27T00:00:00,1,low,sideways_low,-0.007700657192076858,229.930450439,231.707901001,,False,3024810697,v4_readme_compounding,-0.0007480760388279291,231.53463069001842,,
JPM,Financials,us_equity,2024,2024-12-27T00:00:00,1,low,sideways_low,-0.007700657192076858,229.930450439,231.707901001,,False,3024810697,zero_return,0.0,231.707901001,,
JPM,Financials,us_equity,2024,2024-12-27T00:00:00,1,low,sideways_low,-0.007700657192076858,229.930450439,231.707901001,,False,3024810697,historical_drift,0.001495389434158039,232.05465374854828,,
JPM,Financials,us_equity,2024,2024-12-27T00:00:00,5,low,sideways_low,0.003823579663234428,232.595550537,231.707901001,,False,3024810697,v4_recursive,0.025037024275190452,237.58241059501643,-0.0185868475775402,0.05308704687180108
JPM,Financials,us_equity,2024,2024-12-27T00:00:00,5,low,sideways_low,0.003823579663234428,232.595550537,231.707901001,,False,3024810697,v4_readme_compounding,-0.0037403801941396455,230.84284418650194,,
JPM,Financials,us_equity,2024,2024-12-27T00:00:00,5,low,sideways_low,0.003823579663234428,232.595550537,231.707901001,,False,3024810697,zero_return,0.0,231.707901001,,
JPM,Financials,us_equity,2024,2024-12-27T00:00:00,5,low,sideways_low,0.003823579663234428,232.595550537,231.707901001,,False,3024810697,historical_drift,0.007476947170790195,233.4468616931149,,
JPM,Financials,us_equity,2024,2024-12-27T00:00:00,10,low,sideways_low,0.0309384558012112,238.988632202,231.707901001,,False,3024810697,v4_recursive,0.028205141752231613,238.33629314594484,-0.04679470244035091,0.0655843726799267
JPM,Financials,us_equity,2024,2024-12-27T00:00:00,10,low,sideways_low,0.0309384558012112,238.988632202,231.707901001,,False,3024810697,v4_readme_compounding,-0.007480760388279291,229.98101696965276,,
JPM,Financials,us_equity,2024,2024-12-27T00:00:00,10,low,sideways_low,0.0309384558012112,238.988632202,231.707901001,,False,3024810697,zero_return,0.0,231.707901001,,
JPM,Financials,us_equity,2024,2024-12-27T00:00:00,10,low,sideways_low,0.0309384558012112,238.988632202,231.707901001,,False,3024810697,historical_drift,0.01495389434158039,235.1988732319021,,
JPM,Financials,us_equity,2024,2024-12-27T00:00:00,20,low,sideways_low,0.10532350527339791,257.443695068,231.707901001,,False,3024810697,v4_recursive,0.026347087241562938,237.89386247884337,-0.0485555354834217,0.0765241555993231
JPM,Financials,us_equity,2024,2024-12-27T00:00:00,20,low,sideways_low,0.10532350527339791,257.443695068,231.707901001,,False,3024810697,v4_readme_compounding,-0.014961520776558582,228.26700314447817,,
JPM,Financials,us_equity,2024,2024-12-27T00:00:00,20,low,sideways_low,0.10532350527339791,257.443695068,231.707901001,,False,3024810697,zero_return,0.0,231.707901001,,
JPM,Financials,us_equity,2024,2024-12-27T00:00:00,20,low,sideways_low,0.10532350527339791,257.443695068,231.707901001,,False,3024810697,historical_drift,0.02990778868316078,238.74244136939302,,
JPM,Financials,us_equity,2025,2025-01-30T00:00:00,1,low,bullish_low,-0.0034734554617753674,258.139007568,259.037200928,,False,3718377239,v4_recursive,-0.002925072744552032,258.2806053597339,-0.014647313054814487,0.024191723134325663
JPM,Financials,us_equity,2025,2025-01-30T00:00:00,1,low,bullish_low,-0.0034734554617753674,258.139007568,259.037200928,,False,3718377239,v4_readme_compounding,0.003127641051170917,259.8486446022048,,
JPM,Financials,us_equity,2025,2025-01-30T00:00:00,1,low,bullish_low,-0.0034734554617753674,258.139007568,259.037200928,,False,3718377239,zero_return,0.0,259.037200928,,
JPM,Financials,us_equity,2025,2025-01-30T00:00:00,1,low,bullish_low,-0.0034734554617753674,258.139007568,259.037200928,,False,3718377239,historical_drift,0.0018361824469672605,259.5132774373602,,
JPM,Financials,us_equity,2025,2025-01-30T00:00:00,5,low,bullish_low,0.031811504633142355,267.41003418,259.037200928,,False,3718377239,v4_recursive,-2.844765957378948e-06,259.03646402883726,-0.03249650207676429,0.03987936568494235
JPM,Financials,us_equity,2025,2025-01-30T00:00:00,5,low,bullish_low,0.031811504633142355,267.41003418,259.037200928,,False,3718377239,v4_readme_compounding,0.015638205255854583,263.11991782421904,,
JPM,Financials,us_equity,2025,2025-01-30T00:00:00,5,low,bullish_low,0.031811504633142355,267.41003418,259.037200928,,False,3718377239,zero_return,0.0,259.037200928,,
JPM,Financials,us_equity,2025,2025-01-30T00:00:00,5,low,bullish_low,0.031811504633142355,267.41003418,259.037200928,,False,3718377239,historical_drift,0.009180912234836303,261.42634923415204,,
JPM,Financials,us_equity,2025,2025-01-30T00:00:00,10,low,bullish_low,0.029714698254341882,266.849914551,259.037200928,,False,3718377239,v4_recursive,0.0006396695911159776,259.2029521557597,-0.05897266972429166,0.043309247692928
JPM,Financials,us_equity,2025,2025-01-30T00:00:00,10,low,bullish_low,0.029714698254341882,266.849914551,259.037200928,,False,3718377239,v4_readme_compounding,0.031276410511709166,267.2669829190557,,
JPM,Financials,us_equity,2025,2025-01-30T00:00:00,10,low,bullish_low,0.029714698254341882,266.849914551,259.037200928,,False,3718377239,zero_return,0.0,259.037200928,,
JPM,Financials,us_equity,2025,2025-01-30T00:00:00,10,low,bullish_low,0.029714698254341882,266.849914551,259.037200928,,False,3718377239,historical_drift,0.018361824469672605,263.8375330997077,,
JPM,Financials,us_equity,2025,2025-01-30T00:00:00,20,low,bullish_low,-0.013436861697304906,255.579833984,259.037200928,,False,3718377239,v4_recursive,-0.02122699824467392,253.59656716790266,-0.06142326916407773,0.04724338485357461
JPM,Financials,us_equity,2025,2025-01-30T00:00:00,20,low,bullish_low,-0.013436861697304906,255.579833984,259.037200928,,False,3718377239,v4_readme_compounding,0.06255282102341833,275.75823048871433,,
JPM,Financials,us_equity,2025,2025-01-30T00:00:00,20,low,bullish_low,-0.013436861697304906,255.579833984,259.037200928,,False,3718377239,zero_return,0.0,259.037200928,,
JPM,Financials,us_equity,2025,2025-01-30T00:00:00,20,low,bullish_low,-0.013436861697304906,255.579833984,259.037200928,,False,3718377239,historical_drift,0.03672364893934521,268.7268223357914,,
JPM,Financials,us_equity,2025,2025-03-03T00:00:00,1,low,sideways_low,-0.04060295216259714,241.673370361,251.687957764,,False,1027847819,v4_recursive,0.0021692048522155734,252.23451308413644,-0.02272584016804902,0.022209445022496492
JPM,Financials,us_equity,2025,2025-03-03T00:00:00,1,low,sideways_low,-0.04060295216259714,241.673370361,251.687957764,,False,1027847819,v4_readme_compounding,0.0021229188830716233,252.22283843543505,,
JPM,Financials,us_equity,2025,2025-03-03T00:00:00,1,low,sideways_low,-0.04060295216259714,241.673370361,251.687957764,,False,1027847819,zero_return,0.0,251.687957764,,
JPM,Financials,us_equity,2025,2025-03-03T00:00:00,1,low,sideways_low,-0.04060295216259714,241.673370361,251.687957764,,False,1027847819,historical_drift,0.0014629643614125882,252.05643774722677,,
JPM,Financials,us_equity,2025,2025-03-03T00:00:00,5,low,sideways_low,-0.1153781373735906,224.261306763,251.687957764,,False,1027847819,v4_recursive,0.006856975735670464,253.41970647751108,-0.045388297644176234,0.04741361559786634
JPM,Financials,us_equity,2025,2025-03-03T00:00:00,5,low,sideways_low,-0.1153781373735906,224.261306763,251.687957764,,False,1027847819,v4_readme_compounding,0.010614594415358117,254.37375244828263,,
JPM,Financials,us_equity,2025,2025-03-03T00:00:00,5,low,sideways_low,-0.1153781373735906,224.261306763,251.687957764,,False,1027847819,zero_return,0.0,251.687957764,,
JPM,Financials,us_equity,2025,2025-03-03T00:00:00,5,low,sideways_low,-0.1153781373735906,224.261306763,251.687957764,,False,1027847819,historical_drift,0.007314821807062941,253.5357602598921,,
JPM,Financials,us_equity,2025,2025-03-03T00:00:00,10,low,sideways_low,-0.10804146369562241,225.912689209,251.687957764,,False,1027847819,v4_recursive,-0.007669902936380185,249.76491974244828,-0.0616316979790196,0.032661575377794974
JPM,Financials,us_equity,2025,2025-03-03T00:00:00,10,low,sideways_low,-0.10804146369562241,225.912689209,251.687957764,,False,1027847819,v4_readme_compounding,0.021229188830716235,257.08820759431404,,
JPM,Financials,us_equity,2025,2025-03-03T00:00:00,10,low,sideways_low,-0.10804146369562241,225.912689209,251.687957764,,False,1027847819,zero_return,0.0,251.687957764,,
JPM,Financials,us_equity,2025,2025-03-03T00:00:00,10,low,sideways_low,-0.10804146369562241,225.912689209,251.687957764,,False,1027847819,historical_drift,0.014629643614125882,255.3971286573639,,
JPM,Financials,us_equity,2025,2025-03-03T00:00:00,20,low,sideways_low,-0.06058140790798279,236.89302063,251.687957764,,False,1027847819,v4_recursive,-0.012481974633886488,248.56592019070183,-0.09348038974142432,0.06123399993454095
JPM,Financials,us_equity,2025,2025-03-03T00:00:00,20,low,sideways_low,-0.06058140790798279,236.89302063,251.687957764,,False,1027847819,v4_readme_compounding,0.04245837766143247,262.6043258932226,,
JPM,Financials,us_equity,2025,2025-03-03T00:00:00,20,low,sideways_low,-0.06058140790798279,236.89302063,251.687957764,,False,1027847819,zero_return,0.0,251.687957764,,
JPM,Financials,us_equity,2025,2025-03-03T00:00:00,20,low,sideways_low,-0.06058140790798279,236.89302063,251.687957764,,False,1027847819,historical_drift,0.029259287228251763,259.16096227213256,,
JPM,Financials,us_equity,2025,2025-04-01T00:00:00,1,high,bearish_high,0.008825732926820873,237.395202637,235.309234619,,False,878346308,v4_recursive,0.002083174987602287,235.7999358617331,-0.019116655994837282,0.017122202816302192
JPM,Financials,us_equity,2025,2025-04-01T00:00:00,1,high,bearish_high,0.008825732926820873,237.395202637,235.309234619,,False,878346308,v4_readme_compounding,0.0003679344024839587,235.39582891117115,,
JPM,Financials,us_equity,2025,2025-04-01T00:00:00,1,high,bearish_high,0.008825732926820873,237.395202637,235.309234619,,False,878346308,zero_return,0.0,235.309234619,,
JPM,Financials,us_equity,2025,2025-04-01T00:00:00,1,high,bearish_high,0.008825732926820873,237.395202637,235.309234619,,False,878346308,historical_drift,0.0008673024762181612,235.51340742785496,,
JPM,Financials,us_equity,2025,2025-04-01T00:00:00,5,high,bearish_high,-0.11033510540774201,210.727416992,235.309234619,,False,878346308,v4_recursive,0.006914773890897268,236.94198330914168,-0.03917171919317355,0.05532116824989954
JPM,Financials,us_equity,2025,2025-04-01T00:00:00,5,high,bearish_high,-0.11033510540774201,210.727416992,235.309234619,,False,878346308,v4_readme_compounding,0.0018396720124197936,235.74252486596075,,
JPM,Financials,us_equity,2025,2025-04-01T00:00:00,5,high,bearish_high,-0.11033510540774201,210.727416992,235.309234619,,False,878346308,zero_return,0.0,235.309234619,,
JPM,Financials,us_equity,2025,2025-04-01T00:00:00,5,high,bearish_high,-0.11033510540774201,210.727416992,235.309234619,,False,878346308,historical_drift,0.0043365123810908054,236.3318717650468,,
JPM,Financials,us_equity,2025,2025-04-01T00:00:00,10,high,bearish_high,-0.038036968665530885,226.526870728,235.309234619,,False,878346308,v4_recursive,-0.0010435003869801577,235.06381741036057,-0.04543509147744957,0.07066686237165164
JPM,Financials,us_equity,2025,2025-04-01T00:00:00,10,high,bearish_high,-0.038036968665530885,226.526870728,235.309234619,,False,878346308,v4_readme_compounding,0.003679344024839587,236.1766129585242,,
JPM,Financials,us_equity,2025,2025-04-01T00:00:00,10,high,bearish_high,-0.038036968665530885,226.526870728,235.309234619,,False,878346308,zero_return,0.0,235.309234619,,
JPM,Financials,us_equity,2025,2025-04-01T00:00:00,10,high,bearish_high,-0.038036968665530885,226.526870728,235.309234619,,False,878346308,historical_drift,0.008673024762181611,237.35895321917263,,
JPM,Financials,us_equity,2025,2025-04-01T00:00:00,20,high,bearish_high,0.010072807227890562,237.691436768,235.309234619,,False,878346308,v4_recursive,0.015729153958199734,239.03971150914467,-0.08010388773172797,0.09283060464407278
JPM,Financials,us_equity,2025,2025-04-01T00:00:00,20,high,bearish_high,0.010072807227890562,237.691436768,235.309234619,,False,878346308,v4_readme_compounding,0.007358688049679174,237.04718855966496,,
JPM,Financials,us_equity,2025,2025-04-01T00:00:00,20,high,bearish_high,0.010072807227890562,237.691436768,235.309234619,,False,878346308,zero_return,0.0,235.309234619,,
JPM,Financials,us_equity,2025,2025-04-01T00:00:00,20,high,bearish_high,0.010072807227890562,237.691436768,235.309234619,,False,878346308,historical_drift,0.017346049524363222,239.4265263941846,,
JPM,Financials,us_equity,2025,2025-05-01T00:00:00,1,high,bullish_high,0.022507875038259885,245.357955933,239.897155762,,False,3997286404,v4_recursive,0.0017435387080773073,240.31579058598717,-0.025568048351985888,0.02525313931102263
JPM,Financials,us_equity,2025,2025-05-01T00:00:00,1,high,bullish_high,0.022507875038259885,245.357955933,239.897155762,,False,3997286404,v4_readme_compounding,0.001263889345298507,240.20055090969493,,
JPM,Financials,us_equity,2025,2025-05-01T00:00:00,1,high,bullish_high,0.022507875038259885,245.357955933,239.897155762,,False,3997286404,zero_return,0.0,239.897155762,,
JPM,Financials,us_equity,2025,2025-05-01T00:00:00,1,high,bullish_high,0.022507875038259885,245.357955933,239.897155762,,False,3997286404,historical_drift,0.0010624213109066227,240.15216305131037,,
JPM,Financials,us_equity,2025,2025-05-01T00:00:00,5,high,bullish_high,0.026302521981528878,246.290771484,239.897155762,,False,3997286404,v4_recursive,0.009097084018438716,242.0894770902817,-0.04170328676518957,0.034073506074674395
JPM,Financials,us_equity,2025,2025-05-01T00:00:00,5,high,bullish_high,0.026302521981528878,246.290771484,239.897155762,,False,3997286404,v4_readme_compounding,0.006319446726492536,241.41797335936627,,
JPM,Financials,us_equity,2025,2025-05-01T00:00:00,5,high,bullish_high,0.026302521981528878,246.290771484,239.897155762,,False,3997286404,zero_return,0.0,239.897155762,,
JPM,Financials,us_equity,2025,2025-05-01T00:00:00,5,high,bullish_high,0.026302521981528878,246.290771484,239.897155762,,False,3997286404,historical_drift,0.0053121065545331135,241.17490578298953,,
JPM,Financials,us_equity,2025,2025-05-01T00:00:00,10,high,bullish_high,0.08013920730249796,259.913665771,239.897155762,,False,3997286404,v4_recursive,0.010357072089672573,242.39469919130977,-0.03365896277791837,0.05053826376942928
JPM,Financials,us_equity,2025,2025-05-01T00:00:00,10,high,bullish_high,0.08013920730249796,259.913665771,239.897155762,,False,3997286404,v4_readme_compounding,0.012638893452985071,242.9484321138238,,
JPM,Financials,us_equity,2025,2025-05-01T00:00:00,10,high,bullish_high,0.08013920730249796,259.913665771,239.897155762,,False,3997286404,zero_return,0.0,239.897155762,,
JPM,Financials,us_equity,2025,2025-05-01T00:00:00,10,high,bullish_high,0.08013920730249796,259.913665771,239.897155762,,False,3997286404,historical_drift,0.010624213109066227,242.45946140828454,,
JPM,Financials,us_equity,2025,2025-05-01T00:00:00,20,high,bullish_high,0.06700615187542829,256.522521973,239.897155762,,False,3997286404,v4_recursive,0.001973013117865545,240.3709432380138,-0.08227572837775878,0.08592819659430032
JPM,Financials,us_equity,2025,2025-05-01T00:00:00,20,high,bullish_high,0.06700615187542829,256.522521973,239.897155762,,False,3997286404,v4_readme_compounding,0.025277786905970143,246.03851796026467,,
JPM,Financials,us_equity,2025,2025-05-01T00:00:00,20,high,bullish_high,0.06700615187542829,256.522521973,239.897155762,,False,3997286404,zero_return,0.0,239.897155762,,
JPM,Financials,us_equity,2025,2025-05-01T00:00:00,20,high,bullish_high,0.06700615187542829,256.522521973,239.897155762,,False,3997286404,historical_drift,0.021248426218132454,245.0491346580078,,
JPM,Financials,us_equity,2025,2025-06-02T00:00:00,1,low,bullish_low,0.006064822861264701,258.728210449,257.163818359,,False,3058686711,v4_recursive,-0.002194990746504102,256.59996520997487,-0.016809100653402673,0.018258568558390767
JPM,Financials,us_equity,2025,2025-06-02T00:00:00,1,low,bullish_low,0.006064822861264701,258.728210449,257.163818359,,False,3058686711,v4_readme_compounding,-0.0019582008817609336,256.66073267530606,,
JPM,Financials,us_equity,2025,2025-06-02T00:00:00,1,low,bullish_low,0.006064822861264701,258.728210449,257.163818359,,False,3058686711,zero_return,0.0,257.163818359,,
JPM,Financials,us_equity,2025,2025-06-02T00:00:00,1,low,bullish_low,0.006064822861264701,258.728210449,257.163818359,,False,3058686711,historical_drift,0.0012402805857993843,257.48297152910845,,
JPM,Financials,us_equity,2025,2025-06-02T00:00:00,5,low,bullish_low,0.007828422433706619,259.184906006,257.163818359,,False,3058686711,v4_recursive,0.00283421170752796,257.89370890732835,-0.045806932369661046,0.02368275408034536
JPM,Financials,us_equity,2025,2025-06-02T00:00:00,5,low,bullish_low,0.007828422433706619,259.184906006,257.163818359,,False,3058686711,v4_readme_compounding,-0.009791004408804668,254.65821249506175,,
JPM,Financials,us_equity,2025,2025-06-02T00:00:00,5,low,bullish_low,0.007828422433706619,259.184906006,257.163818359,,False,3058686711,zero_return,0.0,257.163818359,,
JPM,Financials,us_equity,2025,2025-06-02T00:00:00,5,low,bullish_low,0.007828422433706619,259.184906006,257.163818359,,False,3058686711,historical_drift,0.006201402928996922,258.7635499787901,,
JPM,Financials,us_equity,2025,2025-06-02T00:00:00,10,low,bullish_low,0.021308380780778093,262.702362061,257.163818359,,False,3058686711,v4_recursive,0.009508348204527846,259.6206833433112,-0.061082817353824446,0.053967968309242983
JPM,Financials,us_equity,2025,2025-06-02T00:00:00,10,low,bullish_low,0.021308380780778093,262.702362061,257.163818359,,False,3058686711,v4_readme_compounding,-0.019582008817609336,252.17701932177906,,
JPM,Financials,us_equity,2025,2025-06-02T00:00:00,10,low,bullish_low,0.021308380780778093,262.702362061,257.163818359,,False,3058686711,zero_return,0.0,257.163818359,,
JPM,Financials,us_equity,2025,2025-06-02T00:00:00,10,low,bullish_low,0.021308380780778093,262.702362061,257.163818359,,False,3058686711,historical_drift,0.012402805857993844,260.37323300337613,,
JPM,Financials,us_equity,2025,2025-06-02T00:00:00,20,low,bullish_low,0.09284772970838802,282.18447876,257.163818359,,False,3058686711,v4_recursive,-0.012297340498811399,254.02075260452892,-0.05156138588541209,0.08388022817741417
JPM,Financials,us_equity,2025,2025-06-02T00:00:00,20,low,bullish_low,0.09284772970838802,282.18447876,257.163818359,,False,3058686711,v4_readme_compounding,-0.03916401763521867,247.28692193098846,,
JPM,Financials,us_equity,2025,2025-06-02T00:00:00,20,low,bullish_low,0.09284772970838802,282.18447876,257.163818359,,False,3058686711,zero_return,0.0,257.163818359,,
JPM,Financials,us_equity,2025,2025-06-02T00:00:00,20,low,bullish_low,0.09284772970838802,282.18447876,257.163818359,,False,3058686711,historical_drift,0.024805611715987688,263.6227012697014,,
JPM,Financials,us_equity,2025,2025-07-02T00:00:00,1,low,bullish_low,0.018411733928669006,289.001800537,283.72946167,,False,2731628573,v4_recursive,0.0023685626472098576,284.4022891773236,-0.013088013662332157,0.01994690237317077
JPM,Financials,us_equity,2025,2025-07-02T00:00:00,1,low,bullish_low,0.018411733928669006,289.001800537,283.72946167,,False,2731628573,v4_readme_compounding,-0.0005579152158523981,283.5712088360856,,
JPM,Financials,us_equity,2025,2025-07-02T00:00:00,1,low,bullish_low,0.018411733928669006,289.001800537,283.72946167,,False,2731628573,zero_return,0.0,283.72946167,,
JPM,Financials,us_equity,2025,2025-07-02T00:00:00,1,low,bullish_low,0.018411733928669006,289.001800537,283.72946167,,False,2731628573,historical_drift,0.0015481230857791906,284.1690499803365,,
JPM,Financials,us_equity,2025,2025-07-02T00:00:00,5,low,bullish_low,-0.008327787622090032,281.376434326,283.72946167,,False,2731628573,v4_recursive,0.0002959059840190455,283.81343133850163,-0.026051306950356193,0.03203019385551737
JPM,Financials,us_equity,2025,2025-07-02T00:00:00,5,low,bullish_low,-0.008327787622090032,281.376434326,283.72946167,,False,2731628573,v4_readme_compounding,-0.0027895760792619904,282.9390796786369,,
JPM,Financials,us_equity,2025,2025-07-02T00:00:00,5,low,bullish_low,-0.008327787622090032,281.376434326,283.72946167,,False,2731628573,zero_return,0.0,283.72946167,,
JPM,Financials,us_equity,2025,2025-07-02T00:00:00,5,low,bullish_low,-0.008327787622090032,281.376434326,283.72946167,,False,2731628573,historical_drift,0.007740615428895953,285.9342244203398,,
JPM,Financials,us_equity,2025,2025-07-02T00:00:00,10,low,bullish_low,-0.0024116833375609934,283.046020508,283.72946167,,False,2731628573,v4_recursive,-0.007752562239913188,281.53833575341173,-0.054795938176589266,0.0336771473773875
JPM,Financials,us_equity,2025,2025-07-02T00:00:00,10,low,bullish_low,-0.0024116833375609934,283.046020508,283.72946167,,False,2731628573,v4_readme_compounding,-0.005579152158523981,282.15089944555655,,
JPM,Financials,us_equity,2025,2025-07-02T00:00:00,10,low,bullish_low,-0.0024116833375609934,283.046020508,283.72946167,,False,2731628573,zero_return,0.0,283.72946167,,
JPM,Financials,us_equity,2025,2025-07-02T00:00:00,10,low,bullish_low,-0.0024116833375609934,283.046020508,283.72946167,,False,2731628573,historical_drift,0.015481230857791906,288.1561196135238,,
JPM,Financials,us_equity,2025,2025-07-02T00:00:00,20,low,bullish_low,0.019222175346400267,289.236114502,283.72946167,,False,2731628573,v4_recursive,-0.002519944623929973,283.0153792403797,-0.09543331122613359,0.05983502951367306
JPM,Financials,us_equity,2025,2025-07-02T00:00:00,20,low,bullish_low,0.019222175346400267,289.236114502,283.72946167,,False,2731628573,v4_readme_compounding,-0.011158304317047962,280.58111973767586,,
JPM,Financials,us_equity,2025,2025-07-02T00:00:00,20,low,bullish_low,0.019222175346400267,289.236114502,283.72946167,,False,2731628573,zero_return,0.0,283.72946167,,
JPM,Financials,us_equity,2025,2025-07-02T00:00:00,20,low,bullish_low,0.019222175346400267,289.236114502,283.72946167,,False,2731628573,historical_drift,0.03096246171558381,292.6518408839,,
JPM,Financials,us_equity,2025,2025-08-01T00:00:00,1,low,bullish_low,0.01675767640779291,287.302947998,282.528533936,,False,3495403244,v4_recursive,-0.0008225780076387587,282.2962277355384,-0.01669717992635778,0.024866746890751544
JPM,Financials,us_equity,2025,2025-08-01T00:00:00,1,low,bullish_low,0.01675767640779291,287.302947998,282.528533936,,False,3495403244,v4_readme_compounding,0.002228830023376952,283.158944292689,,
JPM,Financials,us_equity,2025,2025-08-01T00:00:00,1,low,bullish_low,0.01675767640779291,287.302947998,282.528533936,,False,3495403244,zero_return,0.0,282.528533936,,
JPM,Financials,us_equity,2025,2025-08-01T00:00:00,1,low,bullish_low,0.01675767640779291,287.302947998,282.528533936,,False,3495403244,historical_drift,0.0012634610216002288,282.88572332603763,,
JPM,Financials,us_equity,2025,2025-08-01T00:00:00,5,low,bullish_low,-0.0021101553983682527,281.932983398,282.528533936,,False,3495403244,v4_recursive,0.012723688052519676,286.14630576050786,-0.032004758409365994,0.038278986682808776
JPM,Financials,us_equity,2025,2025-08-01T00:00:00,5,low,bullish_low,-0.0021101553983682527,281.932983398,282.528533936,,False,3495403244,v4_readme_compounding,0.01114415011688476,285.69468358649306,,
JPM,Financials,us_equity,2025,2025-08-01T00:00:00,5,low,bullish_low,-0.0021101553983682527,281.932983398,282.528533936,,False,3495403244,zero_return,0.0,282.528533936,,
JPM,Financials,us_equity,2025,2025-08-01T00:00:00,5,low,bullish_low,-0.0021101553983682527,281.932983398,282.528533936,,False,3495403244,historical_drift,0.006317305108001144,284.3190023998274,,
JPM,Financials,us_equity,2025,2025-08-01T00:00:00,10,low,bullish_low,0.0038629554381850776,283.622039795,282.528533936,,False,3495403244,v4_recursive,0.004571792080461688,283.8231527590622,-0.05014362584466928,0.06066835063591593
JPM,Financials,us_equity,2025,2025-08-01T00:00:00,10,low,bullish_low,0.0038629554381850776,283.622039795,282.528533936,,False,3495403244,v4_readme_compounding,0.02228830023376952,288.8963146217145,,
JPM,Financials,us_equity,2025,2025-08-01T00:00:00,10,low,bullish_low,0.0038629554381850776,283.622039795,282.528533936,,False,3495403244,zero_return,0.0,282.528533936,,
JPM,Financials,us_equity,2025,2025-08-01T00:00:00,10,low,bullish_low,0.0038629554381850776,283.622039795,282.528533936,,False,3495403244,historical_drift,0.012634610216002288,286.1208176018951,,
JPM,Financials,us_equity,2025,2025-08-01T00:00:00,20,low,bullish_low,0.04079859799674309,294.293670654,282.528533936,,False,3495403244,v4_recursive,-0.020010515093678134,276.9311821627371,-0.11079683848032297,0.061599125375408195
JPM,Financials,us_equity,2025,2025-08-01T00:00:00,20,low,bullish_low,0.04079859799674309,294.293670654,282.528533936,,False,3495403244,v4_readme_compounding,0.04457660046753904,295.40761578763136,,
JPM,Financials,us_equity,2025,2025-08-01T00:00:00,20,low,bullish_low,0.04079859799674309,294.293670654,282.528533936,,False,3495403244,zero_return,0.0,282.528533936,,
JPM,Financials,us_equity,2025,2025-08-01T00:00:00,20,low,bullish_low,0.04079859799674309,294.293670654,282.528533936,,False,3495403244,historical_drift,0.025269220432004576,289.7587763072508,,
JPM,Financials,us_equity,2025,2025-09-02T00:00:00,1,low,bullish_low,-0.0006344058803724851,292.428771973,292.614349365,,False,3056857509,v4_recursive,-0.0013131992316705522,292.23034062141664,-0.014275689495169308,0.026281158828554575
JPM,Financials,us_equity,2025,2025-09-02T00:00:00,1,low,bullish_low,-0.0006344058803724851,292.428771973,292.614349365,,False,3056857509,v4_readme_compounding,-0.0002729997340383476,292.53447662856155,,
JPM,Financials,us_equity,2025,2025-09-02T00:00:00,1,low,bullish_low,-0.0006344058803724851,292.428771973,292.614349365,,False,3056857509,zero_return,0.0,292.614349365,,
JPM,Financials,us_equity,2025,2025-09-02T00:00:00,1,low,bullish_low,-0.0006344058803724851,292.428771973,292.614349365,,False,3056857509,historical_drift,0.001291728167269284,292.99257178991115,,
JPM,Financials,us_equity,2025,2025-09-02T00:00:00,5,low,bullish_low,-0.006192224825352586,290.808013916,292.614349365,,False,3056857509,v4_recursive,0.001583368475315995,293.07803269512004,-0.053114581390096956,0.03171070816093132
JPM,Financials,us_equity,2025,2025-09-02T00:00:00,5,low,bullish_low,-0.006192224825352586,290.808013916,292.614349365,,False,3056857509,v4_readme_compounding,-0.001364998670191738,292.2152036459004,,
JPM,Financials,us_equity,2025,2025-09-02T00:00:00,5,low,bullish_low,-0.006192224825352586,290.808013916,292.614349365,,False,3056857509,zero_return,0.0,292.614349365,,
JPM,Financials,us_equity,2025,2025-09-02T00:00:00,5,low,bullish_low,-0.006192224825352586,290.808013916,292.614349365,,False,3056857509,historical_drift,0.00645864083634642,294.5103565750672,,
JPM,Financials,us_equity,2025,2025-09-02T00:00:00,10,low,bullish_low,0.031173772040230387,301.87991333,292.614349365,,False,3056857509,v4_recursive,0.006414284461901926,294.49729345313165,-0.06559340047442491,0.036734327956389666
JPM,Financials,us_equity,2025,2025-09-02T00:00:00,10,low,bullish_low,0.031173772040230387,301.87991333,292.614349365,,False,3056857509,v4_readme_compounding,-0.002729997340383476,291.81660238849724,,
JPM,Financials,us_equity,2025,2025-09-02T00:00:00,10,low,bullish_low,0.031173772040230387,301.87991333,292.614349365,,False,3056857509,zero_return,0.0,292.614349365,,
JPM,Financials,us_equity,2025,2025-09-02T00:00:00,10,low,bullish_low,0.031173772040230387,301.87991333,292.614349365,,False,3056857509,historical_drift,0.01291728167269284,296.4186490450624,,
JPM,Financials,us_equity,2025,2025-09-02T00:00:00,20,low,bullish_low,0.05115458052155989,307.972381592,292.614349365,,False,3056857509,v4_recursive,0.012929624202491356,296.4223076236491,-0.06175846339820383,0.07468155885287116
JPM,Financials,us_equity,2025,2025-09-02T00:00:00,20,low,bullish_low,0.05115458052155989,307.972381592,292.614349365,,False,3056857509,v4_readme_compounding,-0.005459994680766952,291.0210302890636,,
JPM,Financials,us_equity,2025,2025-09-02T00:00:00,20,low,bullish_low,0.05115458052155989,307.972381592,292.614349365,,False,3056857509,zero_return,0.0,292.614349365,,
JPM,Financials,us_equity,2025,2025-09-02T00:00:00,20,low,bullish_low,0.05115458052155989,307.972381592,292.614349365,,False,3056857509,historical_drift,0.02583456334538568,300.2724086920988,,
RELIANCE.NS,Energy,india_equity,2024,2024-09-26T00:00:00,1,low,sideways_low,0.018667139229888177,1513.10791016,1485.12451172,,False,1346238319,v4_recursive,0.004332158851739265,1491.5722632773088,-0.01414623759659774,0.02218254218210968
RELIANCE.NS,Energy,india_equity,2024,2024-09-26T00:00:00,1,low,sideways_low,0.018667139229888177,1513.10791016,1485.12451172,,False,1346238319,v4_readme_compounding,0.0006994740693482707,1486.163681199385,,
RELIANCE.NS,Energy,india_equity,2024,2024-09-26T00:00:00,1,low,sideways_low,0.018667139229888177,1513.10791016,1485.12451172,,False,1346238319,zero_return,0.0,1485.12451172,,
RELIANCE.NS,Energy,india_equity,2024,2024-09-26T00:00:00,1,low,sideways_low,0.018667139229888177,1513.10791016,1485.12451172,,False,1346238319,historical_drift,0.0008063441592539736,1486.3225161328098,,
RELIANCE.NS,Energy,india_equity,2024,2024-09-26T00:00:00,5,low,sideways_low,-0.07729686877011442,1374.65356445,1485.12451172,,False,1346238319,v4_recursive,0.011973651232495264,1503.0137607456943,-0.03585516805353959,0.05025815394300681
RELIANCE.NS,Energy,india_equity,2024,2024-09-26T00:00:00,5,low,sideways_low,-0.07729686877011442,1374.65356445,1485.12451172,,False,1346238319,v4_readme_compounding,0.003497370346741353,1490.327635470323,,
RELIANCE.NS,Energy,india_equity,2024,2024-09-26T00:00:00,5,low,sideways_low,-0.07729686877011442,1374.65356445,1485.12451172,,False,1346238319,zero_return,0.0,1485.12451172,,
RELIANCE.NS,Energy,india_equity,2024,2024-09-26T00:00:00,5,low,sideways_low,-0.07729686877011442,1374.65356445,1485.12451172,,False,1346238319,historical_drift,0.004031720796269868,1491.1242055171092,,
RELIANCE.NS,Energy,india_equity,2024,2024-09-26T00:00:00,10,low,sideways_low,-0.08775508789894068,1360.35205078,1485.12451172,,False,1346238319,v4_recursive,0.019547538654593997,1514.4406360731032,-0.04142509751124998,0.07450497811174288
RELIANCE.NS,Energy,india_equity,2024,2024-09-26T00:00:00,10,low,sideways_low,-0.08775508789894068,1360.35205078,1485.12451172,,False,1346238319,v4_readme_compounding,0.006994740693482706,1495.5489883297525,,
RELIANCE.NS,Energy,india_equity,2024,2024-09-26T00:00:00,10,low,sideways_low,-0.08775508789894068,1360.35205078,1485.12451172,,False,1346238319,zero_return,0.0,1485.12451172,,
RELIANCE.NS,Energy,india_equity,2024,2024-09-26T00:00:00,10,low,sideways_low,-0.08775508789894068,1360.35205078,1485.12451172,,False,1346238319,historical_drift,0.008063441592539735,1497.1481372318974,,
RELIANCE.NS,Energy,india_equity,2024,2024-09-26T00:00:00,20,low,sideways_low,-0.12053647273690263,1316.48083496,1485.12451172,,False,1346238319,v4_recursive,0.006621119133675228,1494.9903233551029,-0.05987533851727857,0.10110835048187601
RELIANCE.NS,Energy,india_equity,2024,2024-09-26T00:00:00,20,low,sideways_low,-0.12053647273690263,1316.48083496,1485.12451172,,False,1346238319,v4_readme_compounding,0.013989481386965413,1506.0466370619301,,
RELIANCE.NS,Energy,india_equity,2024,2024-09-26T00:00:00,20,low,sideways_low,-0.12053647273690263,1316.48083496,1485.12451172,,False,1346238319,zero_return,0.0,1485.12451172,,
RELIANCE.NS,Energy,india_equity,2024,2024-09-26T00:00:00,20,low,sideways_low,-0.12053647273690263,1316.48083496,1485.12451172,,False,1346238319,historical_drift,0.01612688318507947,1509.269106481178,,
RELIANCE.NS,Energy,india_equity,2024,2024-10-28T00:00:00,1,low,bearish_low,0.0042253775279150856,1328.52685547,1322.9251709,,False,1338943108,v4_recursive,-0.001706615011421938,1320.6693723816688,-0.018580390546273872,0.015285041526489455
RELIANCE.NS,Energy,india_equity,2024,2024-10-28T00:00:00,1,low,bearish_low,0.0042253775279150856,1328.52685547,1322.9251709,,False,1338943108,v4_readme_compounding,0.0016323335674182406,1325.0863894985923,,
RELIANCE.NS,Energy,india_equity,2024,2024-10-28T00:00:00,1,low,bearish_low,0.0042253775279150856,1328.52685547,1322.9251709,,False,1338943108,zero_return,0.0,1322.9251709,,
RELIANCE.NS,Energy,india_equity,2024,2024-10-28T00:00:00,1,low,bearish_low,0.0042253775279150856,1328.52685547,1322.9251709,,False,1338943108,historical_drift,0.0005092566525823341,1323.5990509185267,,
RELIANCE.NS,Energy,india_equity,2024,2024-10-28T00:00:00,5,low,bearish_low,-0.024427455065853428,1291.00097656,1322.9251709,,False,1338943108,v4_recursive,-0.007537567518636538,1312.9910198035113,-0.03916036371778505,0.04933253714388245
RELIANCE.NS,Energy,india_equity,2024,2024-10-28T00:00:00,5,low,bearish_low,-0.024427455065853428,1291.00097656,1322.9251709,,False,1338943108,v4_readme_compounding,0.008161667837091203,1333.7666287254253,,
RELIANCE.NS,Energy,india_equity,2024,2024-10-28T00:00:00,5,low,bearish_low,-0.024427455065853428,1291.00097656,1322.9251709,,False,1338943108,zero_return,0.0,1322.9251709,,
RELIANCE.NS,Energy,india_equity,2024,2024-10-28T00:00:00,5,low,bearish_low,-0.024427455065853428,1291.00097656,1322.9251709,,False,1338943108,historical_drift,0.0025462832629116706,1326.2980053944273,,
RELIANCE.NS,Energy,india_equity,2024,2024-10-28T00:00:00,10,low,bearish_low,-0.04730368988258495,1261.80297852,1322.9251709,,False,1338943108,v4_recursive,-0.0053174376761046934,1315.9092685965052,-0.05328281699863633,0.06849651772259545
RELIANCE.NS,Energy,india_equity,2024,2024-10-28T00:00:00,10,low,bearish_low,-0.04730368988258495,1261.80297852,1322.9251709,,False,1338943108,v4_readme_compounding,0.016323335674182406,1344.6969330029144,,
RELIANCE.NS,Energy,india_equity,2024,2024-10-28T00:00:00,10,low,bearish_low,-0.04730368988258495,1261.80297852,1322.9251709,,False,1338943108,zero_return,0.0,1322.9251709,,
RELIANCE.NS,Energy,india_equity,2024,2024-10-28T00:00:00,10,low,bearish_low,-0.04730368988258495,1261.80297852,1322.9251709,,False,1338943108,historical_drift,0.005092566525823341,1329.679439024148,,
RELIANCE.NS,Energy,india_equity,2024,2024-10-28T00:00:00,20,low,bearish_low,-0.031324466324069704,1282.12756348,1322.9251709,,False,1338943108,v4_recursive,0.005188927764552124,1329.807574755564,-0.05049204075044712,0.10859265809790222
RELIANCE.NS,Energy,india_equity,2024,2024-10-28T00:00:00,20,low,bearish_low,-0.031324466324069704,1282.12756348,1322.9251709,,False,1338943108,v4_readme_compounding,0.03264667134836481,1366.826999290746,,
RELIANCE.NS,Energy,india_equity,2024,2024-10-28T00:00:00,20,low,bearish_low,-0.031324466324069704,1282.12756348,1322.9251709,,False,1338943108,zero_return,0.0,1322.9251709,,
RELIANCE.NS,Energy,india_equity,2024,2024-10-28T00:00:00,20,low,bearish_low,-0.031324466324069704,1282.12756348,1322.9251709,,False,1338943108,historical_drift,0.010185133051646682,1336.4681914402995,,
RELIANCE.NS,Energy,india_equity,2024,2024-11-28T00:00:00,1,high,bearish_high,0.01669949162486616,1281.1361084,1259.91943359,,False,1907861886,v4_recursive,-0.0019052853325232438,1257.5212129458127,-0.017414287425335354,0.015105525597184869
RELIANCE.NS,Energy,india_equity,2024,2024-11-28T00:00:00,1,high,bearish_high,0.01669949162486616,1281.1361084,1259.91943359,,False,1907861886,v4_readme_compounding,0.002475337332335062,1263.042022335529,,
RELIANCE.NS,Energy,india_equity,2024,2024-11-28T00:00:00,1,high,bearish_high,0.01669949162486616,1281.1361084,1259.91943359,,False,1907861886,zero_return,0.0,1259.91943359,,
RELIANCE.NS,Energy,india_equity,2024,2024-11-28T00:00:00,1,high,bearish_high,0.01669949162486616,1281.1361084,1259.91943359,,False,1907861886,historical_drift,0.00031511023850824956,1260.3165096613016,,
RELIANCE.NS,Energy,india_equity,2024,2024-11-28T00:00:00,5,high,bearish_high,0.039536907346819146,1310.73059082,1259.91943359,,False,1907861886,v4_recursive,-0.002915419085636,1256.2515896759774,-0.019604799651598597,0.0417533772170703
RELIANCE.NS,Energy,india_equity,2024,2024-11-28T00:00:00,5,high,bearish_high,0.039536907346819146,1310.73059082,1259.91943359,,False,1907861886,v4_readme_compounding,0.01237668666167531,1275.6099597090076,,
RELIANCE.NS,Energy,india_equity,2024,2024-11-28T00:00:00,5,high,bearish_high,0.039536907346819146,1310.73059082,1259.91943359,,False,1907861886,zero_return,0.0,1259.91943359,,
RELIANCE.NS,Energy,india_equity,2024,2024-11-28T00:00:00,5,high,bearish_high,0.039536907346819146,1310.73059082,1259.91943359,,False,1907861886,historical_drift,0.0015755511925412478,1261.9060657654836,,
RELIANCE.NS,Energy,india_equity,2024,2024-11-28T00:00:00,10,high,bearish_high,-0.0062359893864136345,1252.08703613,1259.91943359,,False,1907861886,v4_recursive,-0.0009572644047174163,1258.7139346460824,-0.02792892149385241,0.05941495826543976
RELIANCE.NS,Energy,india_equity,2024,2024-11-28T00:00:00,10,high,bearish_high,-0.0062359893864136345,1252.08703613,1259.91943359,,False,1907861886,v4_readme_compounding,0.02475337332335062,1291.4958892826553,,
RELIANCE.NS,Energy,india_equity,2024,2024-11-28T00:00:00,10,high,bearish_high,-0.0062359893864136345,1252.08703613,1259.91943359,,False,1907861886,zero_return,0.0,1259.91943359,,
RELIANCE.NS,Energy,india_equity,2024,2024-11-28T00:00:00,10,high,bearish_high,-0.0062359893864136345,1252.08703613,1259.91943359,,False,1907861886,historical_drift,0.0031511023850824956,1263.8958304487255,,
RELIANCE.NS,Energy,india_equity,2024,2024-11-28T00:00:00,20,high,bearish_high,-0.03993542390444945,1210.59545898,1259.91943359,,False,1907861886,v4_recursive,0.005533090743456116,1266.9100040410863,-0.08400142791513804,0.06395362058026215
RELIANCE.NS,Energy,india_equity,2024,2024-11-28T00:00:00,20,high,bearish_high,-0.03993542390444945,1210.59545898,1259.91943359,,False,1907861886,v4_readme_compounding,0.04950674664670124,1323.863723001181,,
RELIANCE.NS,Energy,india_equity,2024,2024-11-28T00:00:00,20,high,bearish_high,-0.03993542390444945,1210.59545898,1259.91943359,,False,1907861886,zero_return,0.0,1259.91943359,,
RELIANCE.NS,Energy,india_equity,2024,2024-11-28T00:00:00,20,high,bearish_high,-0.03993542390444945,1210.59545898,1259.91943359,,False,1907861886,historical_drift,0.006302204770164991,1267.8847771035385,,
RELIANCE.NS,Energy,india_equity,2024,2024-12-30T00:00:00,1,low,bearish_low,0.003915690937443731,1205.04321289,1200.3338623,,False,1725198897,v4_recursive,0.0006863812017282482,1201.15803171372,-0.017117251209893044,0.019239974520196376
RELIANCE.NS,Energy,india_equity,2024,2024-12-30T00:00:00,1,low,bearish_low,0.003915690937443731,1205.04321289,1200.3338623,,False,1725198897,v4_readme_compounding,0.002072825715586311,1202.8245256608127,,
RELIANCE.NS,Energy,india_equity,2024,2024-12-30T00:00:00,1,low,bearish_low,0.003915690937443731,1205.04321289,1200.3338623,,False,1725198897,zero_return,0.0,1200.3338623,,
RELIANCE.NS,Energy,india_equity,2024,2024-12-30T00:00:00,1,low,bearish_low,0.003915690937443731,1205.04321289,1200.3338623,,False,1725198897,historical_drift,-0.00020448728057117135,1200.088434387019,,
RELIANCE.NS,Energy,india_equity,2024,2024-12-30T00:00:00,5,low,bearish_low,0.006011608853593601,1207.5715332,1200.3338623,,False,1725198897,v4_recursive,0.014192688635931351,1217.491294106227,-0.023592334070189912,0.040913377192935856
RELIANCE.NS,Energy,india_equity,2024,2024-12-30T00:00:00,5,low,bearish_low,0.006011608853593601,1207.5715332,1200.3338623,,False,1725198897,v4_readme_compounding,0.010364128577931555,1212.8389671060809,,
RELIANCE.NS,Energy,india_equity,2024,2024-12-30T00:00:00,5,low,bearish_low,0.006011608853593601,1207.5715332,1200.3338623,,False,1725198897,zero_return,0.0,1200.3338623,,
RELIANCE.NS,Energy,india_equity,2024,2024-12-30T00:00:00,5,low,bearish_low,0.006011608853593601,1207.5715332,1200.3338623,,False,1725198897,historical_drift,-0.0010224364028558568,1199.1072244500574,,
RELIANCE.NS,Energy,india_equity,2024,2024-12-30T00:00:00,10,low,bearish_low,0.023791779544807358,1229.234375,1200.3338623,,False,1725198897,v4_recursive,0.015658310116347284,1219.2769837519943,-0.0475728014928735,0.06352986761569426
RELIANCE.NS,Energy,india_equity,2024,2024-12-30T00:00:00,10,low,bearish_low,0.023791779544807358,1229.234375,1200.3338623,,False,1725198897,v4_readme_compounding,0.02072825715586311,1225.474350371449,,
RELIANCE.NS,Energy,india_equity,2024,2024-12-30T00:00:00,10,low,bearish_low,0.023791779544807358,1229.234375,1200.3338623,,False,1725198897,zero_return,0.0,1200.3338623,,
RELIANCE.NS,Energy,india_equity,2024,2024-12-30T00:00:00,10,low,bearish_low,0.023791779544807358,1229.234375,1200.3338623,,False,1725198897,historical_drift,-0.0020448728057117136,1197.8818401183753,,
RELIANCE.NS,Energy,india_equity,2024,2024-12-30T00:00:00,20,low,bearish_low,0.01528690222996882,1218.82421875,1200.3338623,,False,1725198897,v4_recursive,0.018713455624231972,1223.0077484644116,-0.055159983848751815,0.09160394914051033
RELIANCE.NS,Energy,india_equity,2024,2024-12-30T00:00:00,20,low,bearish_low,0.01528690222996882,1218.82421875,1200.3338623,,False,1725198897,v4_readme_compounding,0.04145651431172622,1251.1413953953609,,
RELIANCE.NS,Energy,india_equity,2024,2024-12-30T00:00:00,20,low,bearish_low,0.01528690222996882,1218.82421875,1200.3338623,,False,1725198897,zero_return,0.0,1200.3338623,,
RELIANCE.NS,Energy,india_equity,2024,2024-12-30T00:00:00,20,low,bearish_low,0.01528690222996882,1218.82421875,1200.3338623,,False,1725198897,historical_drift,-0.004089745611423427,1195.4348268871504,,
RELIANCE.NS,Energy,india_equity,2025,2025-01-28T00:00:00,1,low,sideways_low,0.000890719792602212,1224.92163086,1223.83105469,,False,3903344373,v4_recursive,-0.005266508042869536,1217.4026809964064,-0.018987507103493634,0.012849595165368587
RELIANCE.NS,Energy,india_equity,2025,2025-01-28T00:00:00,1,low,sideways_low,0.000890719792602212,1224.92163086,1223.83105469,,False,3903344373,v4_readme_compounding,0.0005325116034336724,1224.4829324781037,,
RELIANCE.NS,Energy,india_equity,2025,2025-01-28T00:00:00,1,low,sideways_low,0.000890719792602212,1224.92163086,1223.83105469,,False,3903344373,zero_return,0.0,1223.83105469,,
RELIANCE.NS,Energy,india_equity,2025,2025-01-28T00:00:00,1,low,sideways_low,0.000890719792602212,1224.92163086,1223.83105469,,False,3903344373,historical_drift,-0.0003942061074483272,1223.34870809199,,
RELIANCE.NS,Energy,india_equity,2025,2025-01-28T00:00:00,5,low,sideways_low,0.00927319852511843,1235.23266602,1223.83105469,,False,3903344373,v4_recursive,-0.016796366666982136,1203.4468094137742,-0.057301329226014226,0.029224651942938492
RELIANCE.NS,Energy,india_equity,2025,2025-01-28T00:00:00,5,low,sideways_low,0.00927319852511843,1235.23266602,1223.83105469,,False,3903344373,v4_readme_compounding,0.002662558017168362,1227.0939177298026,,
RELIANCE.NS,Energy,india_equity,2025,2025-01-28T00:00:00,5,low,sideways_low,0.00927319852511843,1235.23266602,1223.83105469,,False,3903344373,zero_return,0.0,1223.83105469,,
RELIANCE.NS,Energy,india_equity,2025,2025-01-28T00:00:00,5,low,sideways_low,0.00927319852511843,1235.23266602,1223.83105469,,False,3903344373,historical_drift,-0.001971030537241636,1221.421222015852,,
RELIANCE.NS,Energy,india_equity,2025,2025-01-28T00:00:00,10,low,sideways_low,0.0154742934567646,1242.91625977,1223.83105469,,False,3903344373,v4_recursive,-0.020331644666440326,1199.199801984225,-0.07578752528925811,0.05320861204197647
RELIANCE.NS,Energy,india_equity,2025,2025-01-28T00:00:00,10,low,sideways_low,0.0154742934567646,1242.91625977,1223.83105469,,False,3903344373,v4_readme_compounding,0.005325116034336724,1230.3654799075912,,
RELIANCE.NS,Energy,india_equity,2025,2025-01-28T00:00:00,10,low,sideways_low,0.0154742934567646,1242.91625977,1223.83105469,,False,3903344373,zero_return,0.0,1223.83105469,,
RELIANCE.NS,Energy,india_equity,2025,2025-01-28T00:00:00,10,low,sideways_low,0.0154742934567646,1242.91625977,1223.83105469,,False,3903344373,historical_drift,-0.003942061074483272,1219.0161345175152,,
RELIANCE.NS,Energy,india_equity,2025,2025-01-28T00:00:00,20,low,sideways_low,-0.01621129085609163,1204.15112305,1223.83105469,,False,3903344373,v4_recursive,-0.02643883196231603,1191.8983824504937,-0.0803288448604896,0.07238066948787865
RELIANCE.NS,Energy,india_equity,2025,2025-01-28T00:00:00,20,low,sideways_low,-0.01621129085609163,1204.15112305,1223.83105469,,False,3903344373,v4_readme_compounding,0.010650232068673448,1236.93479451025,,
RELIANCE.NS,Energy,india_equity,2025,2025-01-28T00:00:00,20,low,sideways_low,-0.01621129085609163,1204.15112305,1223.83105469,,False,3903344373,zero_return,0.0,1223.83105469,,
RELIANCE.NS,Energy,india_equity,2025,2025-01-28T00:00:00,20,low,sideways_low,-0.01621129085609163,1204.15112305,1223.83105469,,False,3903344373,historical_drift,-0.007884122148966544,1214.2201576919722,,
RELIANCE.NS,Energy,india_equity,2025,2025-02-25T00:00:00,1,low,bearish_low,0.002571363560880117,1196.76477051,1193.69140625,,False,2926756924,v4_recursive,-0.005209533994463144,1187.4890001403583,-0.020435275429080826,0.013674929598799169
RELIANCE.NS,Energy,india_equity,2025,2025-02-25T00:00:00,1,low,bearish_low,0.002571363560880117,1196.76477051,1193.69140625,,False,2926756924,v4_readme_compounding,-0.0016881056946716272,1191.6780288644707,,
RELIANCE.NS,Energy,india_equity,2025,2025-02-25T00:00:00,1,low,bearish_low,0.002571363560880117,1196.76477051,1193.69140625,,False,2926756924,zero_return,0.0,1193.69140625,,
RELIANCE.NS,Energy,india_equity,2025,2025-02-25T00:00:00,1,low,bearish_low,0.002571363560880117,1196.76477051,1193.69140625,,False,2926756924,historical_drift,-0.0007814354349139546,1192.7589778505483,,
RELIANCE.NS,Energy,india_equity,2025,2025-02-25T00:00:00,5,low,bearish_low,-0.023870813105340876,1165.53442383,1193.69140625,,False,2926756924,v4_recursive,-0.01330759332942284,1177.9114757778625,-0.04138125574289238,0.03875439813544193
RELIANCE.NS,Energy,india_equity,2025,2025-02-25T00:00:00,5,low,bearish_low,-0.023870813105340876,1165.53442383,1193.69140625,,False,2926756924,v4_readme_compounding,-0.008440528473358137,1183.6584213589906,,
RELIANCE.NS,Energy,india_equity,2025,2025-02-25T00:00:00,5,low,bearish_low,-0.023870813105340876,1165.53442383,1193.69140625,,False,2926756924,zero_return,0.0,1193.69140625,,
RELIANCE.NS,Energy,india_equity,2025,2025-02-25T00:00:00,5,low,bearish_low,-0.023870813105340876,1165.53442383,1193.69140625,,False,2926756924,historical_drift,-0.003907177174569773,1189.03654204538,,
RELIANCE.NS,Energy,india_equity,2025,2025-02-25T00:00:00,10,low,bearish_low,0.04311838879349993,1246.28723145,1193.69140625,,False,2926756924,v4_recursive,-0.007872736847279757,1184.3306835331312,-0.049771988447073465,0.030529613699625032
RELIANCE.NS,Energy,india_equity,2025,2025-02-25T00:00:00,10,low,bearish_low,0.04311838879349993,1246.28723145,1193.69140625,,False,2926756924,v4_readme_compounding,-0.016881056946716273,1173.7097637784536,,
RELIANCE.NS,Energy,india_equity,2025,2025-02-25T00:00:00,10,low,bearish_low,0.04311838879349993,1246.28723145,1193.69140625,,False,2926756924,zero_return,0.0,1193.69140625,,
RELIANCE.NS,Energy,india_equity,2025,2025-02-25T00:00:00,10,low,bearish_low,0.04311838879349993,1246.28723145,1193.69140625,,False,2926756924,historical_drift,-0.007814354349139546,1184.3998297355042,,
RELIANCE.NS,Energy,india_equity,2025,2025-02-25T00:00:00,20,low,bearish_low,0.05980339054433405,1267.25598145,1193.69140625,,False,2926756924,v4_recursive,0.018219883746813683,1215.639665097512,-0.0777864458299418,0.06791240355896441
RELIANCE.NS,Energy,india_equity,2025,2025-02-25T00:00:00,20,low,bearish_low,0.05980339054433405,1267.25598145,1193.69140625,,False,2926756924,v4_readme_compounding,-0.03376211389343255,1154.062601419414,,
RELIANCE.NS,Energy,india_equity,2025,2025-02-25T00:00:00,20,low,bearish_low,0.05980339054433405,1267.25598145,1193.69140625,,False,2926756924,zero_return,0.0,1193.69140625,,
RELIANCE.NS,Energy,india_equity,2025,2025-02-25T00:00:00,20,low,bearish_low,0.05980339054433405,1267.25598145,1193.69140625,,False,2926756924,historical_drift,-0.015628708698279092,1175.1805779388314,,
RELIANCE.NS,Energy,india_equity,2025,2025-03-28T00:00:00,1,low,bullish_low,-0.017803231734790172,1241.87512207,1264.18249512,,False,368755630,v4_recursive,0.0035470059968450048,1268.674519921144,-0.00903918789030443,0.019674998039283215
RELIANCE.NS,Energy,india_equity,2025,2025-03-28T00:00:00,1,low,bullish_low,-0.017803231734790172,1241.87512207,1264.18249512,,False,368755630,v4_readme_compounding,0.0006828523629516072,1265.046039927246,,
RELIANCE.NS,Energy,india_equity,2025,2025-03-28T00:00:00,1,low,bullish_low,-0.017803231734790172,1241.87512207,1264.18249512,,False,368755630,zero_return,0.0,1264.18249512,,
RELIANCE.NS,Energy,india_equity,2025,2025-03-28T00:00:00,1,low,bullish_low,-0.017803231734790172,1241.87512207,1264.18249512,,False,368755630,historical_drift,-0.0004992973815903325,1263.5514496631163,,
RELIANCE.NS,Energy,india_equity,2025,2025-03-28T00:00:00,5,low,bullish_low,-0.08970279706220384,1155.71923828,1264.18249512,,False,368755630,v4_recursive,0.016034779225950126,1284.616774079804,-0.013640946659801955,0.042947861037670614
RELIANCE.NS,Energy,india_equity,2025,2025-03-28T00:00:00,5,low,bullish_low,-0.08970279706220384,1155.71923828,1264.18249512,,False,368755630,v4_readme_compounding,0.0034142618147580362,1268.5061219368363,,
RELIANCE.NS,Energy,india_equity,2025,2025-03-28T00:00:00,5,low,bullish_low,-0.08970279706220384,1155.71923828,1264.18249512,,False,368755630,zero_return,0.0,1264.18249512,,
RELIANCE.NS,Energy,india_equity,2025,2025-03-28T00:00:00,5,low,bullish_low,-0.08970279706220384,1155.71923828,1264.18249512,,False,368755630,historical_drift,-0.0024964869079516622,1261.0304162705584,,
RELIANCE.NS,Energy,india_equity,2025,2025-03-28T00:00:00,10,low,bullish_low,-0.028477746970100654,1228.68920898,1264.18249512,,False,368755630,v4_recursive,0.012600127063273651,1280.2121308372898,-0.03053771224527577,0.11248346826127456
RELIANCE.NS,Energy,india_equity,2025,2025-03-28T00:00:00,10,low,bullish_low,-0.028477746970100654,1228.68920898,1264.18249512,,False,368755630,v4_readme_compounding,0.0068285236295160725,1272.8445359769757,,
RELIANCE.NS,Energy,india_equity,2025,2025-03-28T00:00:00,10,low,bullish_low,-0.028477746970100654,1228.68920898,1264.18249512,,False,368755630,zero_return,0.0,1264.18249512,,
RELIANCE.NS,Energy,india_equity,2025,2025-03-28T00:00:00,10,low,bullish_low,-0.028477746970100654,1228.68920898,1264.18249512,,False,368755630,historical_drift,-0.0049929738159033244,1257.8861967302842,,
RELIANCE.NS,Energy,india_equity,2025,2025-03-28T00:00:00,20,low,bullish_low,0.10749149087151119,1407.64367676,1264.18249512,,False,368755630,v4_recursive,0.005584440501339156,1271.2619961746223,-0.06537309821068414,0.10809407372958732
RELIANCE.NS,Energy,india_equity,2025,2025-03-28T00:00:00,20,low,bullish_low,0.10749149087151119,1407.64367676,1264.18249512,,False,368755630,v4_readme_compounding,0.013657047259032145,1281.565928195086,,
RELIANCE.NS,Energy,india_equity,2025,2025-03-28T00:00:00,20,low,bullish_low,0.10749149087151119,1407.64367676,1264.18249512,,False,368755630,zero_return,0.0,1264.18249512,,
RELIANCE.NS,Energy,india_equity,2025,2025-03-28T00:00:00,20,low,bullish_low,0.10749149087151119,1407.64367676,1264.18249512,,False,368755630,historical_drift,-0.009985947631806649,1251.6212572413324,,
RELIANCE.NS,Energy,india_equity,2025,2025-05-05T00:00:00,1,high,bullish_high,-0.007292704900437148,1408.73425293,1419.04528809,,False,2360358964,v4_recursive,-0.003942462055299213,1413.4617695240486,-0.02234453950358613,0.01802509246416026
RELIANCE.NS,Energy,india_equity,2025,2025-05-05T00:00:00,1,high,bullish_high,-0.007292704900437148,1408.73425293,1419.04528809,,False,2360358964,v4_readme_compounding,0.0008932402866493362,1420.3134027911547,,
RELIANCE.NS,Energy,india_equity,2025,2025-05-05T00:00:00,1,high,bullish_high,-0.007292704900437148,1408.73425293,1419.04528809,,False,2360358964,zero_return,0.0,1419.04528809,,
RELIANCE.NS,Energy,india_equity,2025,2025-05-05T00:00:00,1,high,bullish_high,-0.007292704900437148,1408.73425293,1419.04528809,,False,2360358964,historical_drift,-6.526945512217548e-05,1418.9526707998257,,
RELIANCE.NS,Energy,india_equity,2025,2025-05-05T00:00:00,5,high,bullish_high,0.003626419382070428,1424.20068359,1419.04528809,,False,2360358964,v4_recursive,-0.010038303456402688,1404.8717390820402,-0.03988144205419886,0.03906739681610663
RELIANCE.NS,Energy,india_equity,2025,2025-05-05T00:00:00,5,high,bullish_high,0.003626419382070428,1424.20068359,1419.04528809,,False,2360358964,v4_readme_compounding,0.004466201433246681,1425.3972040992567,,
RELIANCE.NS,Energy,india_equity,2025,2025-05-05T00:00:00,5,high,bullish_high,0.003626419382070428,1424.20068359,1419.04528809,,False,2360358964,zero_return,0.0,1419.04528809,,
RELIANCE.NS,Energy,india_equity,2025,2025-05-05T00:00:00,5,high,bullish_high,0.003626419382070428,1424.20068359,1419.04528809,,False,2360358964,historical_drift,-0.0003263472756108774,1418.5822620840106,,
RELIANCE.NS,Energy,india_equity,2025,2025-05-05T00:00:00,10,high,bullish_high,0.006615334971628941,1428.46386719,1419.04528809,,False,2360358964,v4_recursive,0.007464276412618709,1429.6770642575848,-0.0568843620630993,0.05067482059132111
RELIANCE.NS,Energy,india_equity,2025,2025-05-05T00:00:00,10,high,bullish_high,0.006615334971628941,1428.46386719,1419.04528809,,False,2360358964,v4_readme_compounding,0.008932402866493362,1431.777552490007,,
RELIANCE.NS,Energy,india_equity,2025,2025-05-05T00:00:00,10,high,bullish_high,0.006615334971628941,1428.46386719,1419.04528809,,False,2360358964,zero_return,0.0,1419.04528809,,
RELIANCE.NS,Energy,india_equity,2025,2025-05-05T00:00:00,10,high,bullish_high,0.006615334971628941,1428.46386719,1419.04528809,,False,2360358964,historical_drift,-0.0006526945512217548,1418.1193871606429,,
RELIANCE.NS,Energy,india_equity,2025,2025-05-05T00:00:00,20,high,bullish_high,-0.012372850565782134,1401.5958252,1419.04528809,,False,2360358964,v4_recursive,-0.0008177706933520582,1417.8853088040378,-0.09752977631044271,0.06667758081622377
RELIANCE.NS,Energy,india_equity,2025,2025-05-05T00:00:00,20,high,bullish_high,-0.012372850565782134,1401.5958252,1419.04528809,,False,2360358964,v4_readme_compounding,0.017864805732986724,1444.6240560606122,,
RELIANCE.NS,Energy,india_equity,2025,2025-05-05T00:00:00,20,high,bullish_high,-0.012372850565782134,1401.5958252,1419.04528809,,False,2360358964,zero_return,0.0,1419.04528809,,
RELIANCE.NS,Energy,india_equity,2025,2025-05-05T00:00:00,20,high,bullish_high,-0.012372850565782134,1401.5958252,1419.04528809,,False,2360358964,historical_drift,-0.0013053891024435095,1417.1940903645984,,
RELIANCE.NS,Energy,india_equity,2025,2025-06-03T00:00:00,1,low,bullish_low,0.012725474004698315,1411.31201172,1393.46618652,,False,276506069,v4_recursive,-0.001760154897855528,1391.0156275012127,-0.013887168353223709,0.024513745345995708
RELIANCE.NS,Energy,india_equity,2025,2025-06-03T00:00:00,1,low,bullish_low,0.012725474004698315,1411.31201172,1393.46618652,,False,276506069,v4_readme_compounding,-0.0022518454519844565,1390.3318463746612,,
RELIANCE.NS,Energy,india_equity,2025,2025-06-03T00:00:00,1,low,bullish_low,0.012725474004698315,1411.31201172,1393.46618652,,False,276506069,zero_return,0.0,1393.46618652,,
RELIANCE.NS,Energy,india_equity,2025,2025-06-03T00:00:00,1,low,bullish_low,0.012725474004698315,1411.31201172,1393.46618652,,False,276506069,historical_drift,-0.00012717795984706199,1393.2889796019285,,
RELIANCE.NS,Energy,india_equity,2025,2025-06-03T00:00:00,5,low,bullish_low,0.02320767298292474,1426.18347168,1393.46618652,,False,276506069,v4_recursive,-0.005401450745913538,1385.9597386520957,-0.021476952385576148,0.05089561687557288
RELIANCE.NS,Energy,india_equity,2025,2025-06-03T00:00:00,5,low,bullish_low,0.02320767298292474,1426.18347168,1393.46618652,,False,276506069,v4_readme_compounding,-0.011259227259922282,1377.864828480078,,
RELIANCE.NS,Energy,india_equity,2025,2025-06-03T00:00:00,5,low,bullish_low,0.02320767298292474,1426.18347168,1393.46618652,,False,276506069,zero_return,0.0,1393.46618652,,
RELIANCE.NS,Energy,india_equity,2025,2025-06-03T00:00:00,5,low,bullish_low,0.02320767298292474,1426.18347168,1393.46618652,,False,276506069,historical_drift,-0.0006358897992353099,1392.580377254799,,
RELIANCE.NS,Energy,india_equity,2025,2025-06-03T00:00:00,10,low,bullish_low,0.018120071642664586,1418.94604492,1393.46618652,,False,276506069,v4_recursive,0.0015065956468700067,1395.5671588711666,-0.046842152704431074,0.06268843032064843
RELIANCE.NS,Energy,india_equity,2025,2025-06-03T00:00:00,10,low,bullish_low,0.018120071642664586,1418.94604492,1393.46618652,,False,276506069,v4_readme_compounding,-0.022518454519844563,1362.4381444832325,,
RELIANCE.NS,Energy,india_equity,2025,2025-06-03T00:00:00,10,low,bullish_low,0.018120071642664586,1418.94604492,1393.46618652,,False,276506069,zero_return,0.0,1393.46618652,,
RELIANCE.NS,Energy,india_equity,2025,2025-06-03T00:00:00,10,low,bullish_low,0.018120071642664586,1418.94604492,1393.46618652,,False,276506069,historical_drift,-0.0012717795984706199,1391.6951310876207,,
RELIANCE.NS,Energy,india_equity,2025,2025-06-03T00:00:00,20,low,bullish_low,0.0838282719510452,1515.31384277,1393.46618652,,False,276506069,v4_recursive,-0.01574758463271868,1371.6943367633382,-0.053602948552267334,0.10253334030773101
RELIANCE.NS,Energy,india_equity,2025,2025-06-03T00:00:00,20,low,bullish_low,0.0838282719510452,1515.31384277,1393.46618652,,False,276506069,v4_readme_compounding,-0.04503690903968913,1332.1009978567363,,
RELIANCE.NS,Energy,india_equity,2025,2025-06-03T00:00:00,20,low,bullish_low,0.0838282719510452,1515.31384277,1393.46618652,,False,276506069,zero_return,0.0,1393.46618652,,
RELIANCE.NS,Energy,india_equity,2025,2025-06-03T00:00:00,20,low,bullish_low,0.0838282719510452,1515.31384277,1393.46618652,,False,276506069,historical_drift,-0.0025435591969412397,1389.926326615742,,
RELIANCE.NS,Energy,india_equity,2025,2025-07-02T00:00:00,1,low,bullish_low,-0.0006585616240580831,1504.8046875,1505.79602051,,False,928478558,v4_recursive,0.0025550863302492904,1509.648378796315,-0.012954347051264366,0.026556757327989927
RELIANCE.NS,Energy,india_equity,2025,2025-07-02T00:00:00,1,low,bullish_low,-0.0006585616240580831,1504.8046875,1505.79602051,,False,928478558,v4_readme_compounding,0.002022616255038146,1508.8447501835963,,
RELIANCE.NS,Energy,india_equity,2025,2025-07-02T00:00:00,1,low,bullish_low,-0.0006585616240580831,1504.8046875,1505.79602051,,False,928478558,zero_return,0.0,1505.79602051,,
RELIANCE.NS,Energy,india_equity,2025,2025-07-02T00:00:00,1,low,bullish_low,-0.0006585616240580831,1504.8046875,1505.79602051,,False,928478558,historical_drift,-1.7136275229471975e-05,1505.7702169960419,,
RELIANCE.NS,Energy,india_equity,2025,2025-07-02T00:00:00,5,low,bullish_low,0.00013164408650335636,1505.9942627,1505.79602051,,False,928478558,v4_recursive,0.016779888038514112,1531.276289312756,-0.027168884247048056,0.0423635756439837
RELIANCE.NS,Energy,india_equity,2025,2025-07-02T00:00:00,5,low,bullish_low,0.00013164408650335636,1505.9942627,1505.79602051,,False,928478558,v4_readme_compounding,0.01011308127519073,1521.1015204853509,,
RELIANCE.NS,Energy,india_equity,2025,2025-07-02T00:00:00,5,low,bullish_low,0.00013164408650335636,1505.9942627,1505.79602051,,False,928478558,zero_return,0.0,1505.79602051,,
RELIANCE.NS,Energy,india_equity,2025,2025-07-02T00:00:00,5,low,bullish_low,0.00013164408650335636,1505.9942627,1505.79602051,,False,928478558,historical_drift,-8.568137614735988e-05,1505.6670073618566,,
RELIANCE.NS,Energy,india_equity,2025,2025-07-02T00:00:00,10,low,bullish_low,-0.022101838818866872,1472.88024902,1505.79602051,,False,928478558,v4_recursive,0.021309571764254236,1538.228219736461,-0.04511257214136682,0.0719712234208001
RELIANCE.NS,Energy,india_equity,2025,2025-07-02T00:00:00,10,low,bullish_low,-0.022101838818866872,1472.88024902,1505.79602051,,False,928478558,v4_readme_compounding,0.02022616255038146,1536.5625915515432,,
RELIANCE.NS,Energy,india_equity,2025,2025-07-02T00:00:00,10,low,bullish_low,-0.022101838818866872,1472.88024902,1505.79602051,,False,928478558,zero_return,0.0,1505.79602051,,
RELIANCE.NS,Energy,india_equity,2025,2025-07-02T00:00:00,10,low,bullish_low,-0.022101838818866872,1472.88024902,1505.79602051,,False,928478558,historical_drift,-0.00017136275229471975,1505.5380052672633,,
RELIANCE.NS,Energy,india_equity,2025,2025-07-02T00:00:00,20,low,bullish_low,-0.07425999673921511,1398.02661133,1505.79602051,,False,928478558,v4_recursive,0.01612489859230529,1530.2736478996437,-0.05741727670528582,0.0808967602710701
RELIANCE.NS,Energy,india_equity,2025,2025-07-02T00:00:00,20,low,bullish_low,-0.07425999673921511,1398.02661133,1505.79602051,,False,928478558,v4_readme_compounding,0.04045232510076292,1567.9577881710275,,
RELIANCE.NS,Energy,india_equity,2025,2025-07-02T00:00:00,20,low,bullish_low,-0.07425999673921511,1398.02661133,1505.79602051,,False,928478558,zero_return,0.0,1505.79602051,,
RELIANCE.NS,Energy,india_equity,2025,2025-07-02T00:00:00,20,low,bullish_low,-0.07425999673921511,1398.02661133,1505.79602051,,False,928478558,historical_drift,-0.0003427255045894395,1505.280034234941,,
RELIANCE.NS,Energy,india_equity,2025,2025-07-31T00:00:00,1,low,bearish_low,0.0025145029166729954,1381.76708984,1378.29699707,,False,1954993138,v4_recursive,-0.004617022578183635,1371.9480366402522,-0.017722774599042906,0.01773508730116649
RELIANCE.NS,Energy,india_equity,2025,2025-07-31T00:00:00,1,low,bearish_low,0.0025145029166729954,1381.76708984,1378.29699707,,False,1954993138,v4_readme_compounding,0.000925735294509516,1379.5735260192919,,
RELIANCE.NS,Energy,india_equity,2025,2025-07-31T00:00:00,1,low,bearish_low,0.0025145029166729954,1381.76708984,1378.29699707,,False,1954993138,zero_return,0.0,1378.29699707,,
RELIANCE.NS,Energy,india_equity,2025,2025-07-31T00:00:00,1,low,bearish_low,0.0025145029166729954,1381.76708984,1378.29699707,,False,1954993138,historical_drift,-0.00034103310622169575,1377.82703230512,,
RELIANCE.NS,Energy,india_equity,2025,2025-07-31T00:00:00,5,low,bearish_low,-0.0005754905848277398,1377.50402832,1378.29699707,,False,1954993138,v4_recursive,-0.008027727670424964,1367.2766972942782,-0.04908088029293869,0.041465501809206294
RELIANCE.NS,Energy,india_equity,2025,2025-07-31T00:00:00,5,low,bearish_low,-0.0005754905848277398,1377.50402832,1378.29699707,,False,1954993138,v4_readme_compounding,0.00462867647254758,1384.6914755218877,,
RELIANCE.NS,Energy,india_equity,2025,2025-07-31T00:00:00,5,low,bearish_low,-0.0005754905848277398,1377.50402832,1378.29699707,,False,1954993138,zero_return,0.0,1378.29699707,,
RELIANCE.NS,Energy,india_equity,2025,2025-07-31T00:00:00,5,low,bearish_low,-0.0005754905848277398,1377.50402832,1378.29699707,,False,1954993138,historical_drift,-0.0017051655311084786,1375.948775161467,,
RELIANCE.NS,Energy,india_equity,2025,2025-07-31T00:00:00,10,low,bearish_low,-0.00788093590217514,1367.47741699,1378.29699707,,False,1954993138,v4_recursive,0.0007420183082254037,1379.3200982089438,-0.05622522448146391,0.06968330109663126
RELIANCE.NS,Energy,india_equity,2025,2025-07-31T00:00:00,10,low,bearish_low,-0.00788093590217514,1367.47741699,1378.29699707,,False,1954993138,v4_readme_compounding,0.00925735294509516,1391.1156205512677,,
RELIANCE.NS,Energy,india_equity,2025,2025-07-31T00:00:00,10,low,bearish_low,-0.00788093590217514,1367.47741699,1378.29699707,,False,1954993138,zero_return,0.0,1378.29699707,,
RELIANCE.NS,Energy,india_equity,2025,2025-07-31T00:00:00,10,low,bearish_low,-0.00788093590217514,1367.47741699,1378.29699707,,False,1954993138,historical_drift,-0.0034103310622169572,1373.6045539480988,,
RELIANCE.NS,Energy,india_equity,2025,2025-07-31T00:00:00,20,low,bearish_low,-0.022472284200293614,1347.66894531,1378.29699707,,False,1954993138,v4_recursive,0.007854438463552415,1389.165372637085,-0.07533916660999888,0.0792166585514543
RELIANCE.NS,Energy,india_equity,2025,2025-07-31T00:00:00,20,low,bearish_low,-0.022472284200293614,1347.66894531,1378.29699707,,False,1954993138,v4_readme_compounding,0.01851470589019032,1404.053461522165,,
RELIANCE.NS,Energy,india_equity,2025,2025-07-31T00:00:00,20,low,bearish_low,-0.022472284200293614,1347.66894531,1378.29699707,,False,1954993138,zero_return,0.0,1378.29699707,,
RELIANCE.NS,Energy,india_equity,2025,2025-07-31T00:00:00,20,low,bearish_low,-0.022472284200293614,1347.66894531,1378.29699707,,False,1954993138,historical_drift,-0.0068206621244339145,1368.9280863543302,,
RELIANCE.NS,Energy,india_equity,2025,2025-09-02T00:00:00,1,low,bearish_low,0.0044540057306800985,1366.28283691,1360.2109375,,False,3922929096,v4_recursive,-0.0006559715197579773,1359.3189704486122,-0.01811843259615098,0.015586736567531604
RELIANCE.NS,Energy,india_equity,2025,2025-09-02T00:00:00,1,low,bearish_low,0.0044540057306800985,1366.28283691,1360.2109375,,False,3922929096,v4_readme_compounding,0.0003162532705460174,1360.641176686306,,
RELIANCE.NS,Energy,india_equity,2025,2025-09-02T00:00:00,1,low,bearish_low,0.0044540057306800985,1366.28283691,1360.2109375,,False,3922929096,zero_return,0.0,1360.2109375,,
RELIANCE.NS,Energy,india_equity,2025,2025-09-02T00:00:00,1,low,bearish_low,0.0044540057306800985,1366.28283691,1360.2109375,,False,3922929096,historical_drift,-0.00034957333429405435,1359.7355271274707,,
RELIANCE.NS,Energy,india_equity,2025,2025-09-02T00:00:00,5,low,bearish_low,0.0070732899992072265,1369.86621094,1360.2109375,,False,3922929096,v4_recursive,0.000615886082616795,1361.048930513458,-0.02309132523020663,0.05013302115979485
RELIANCE.NS,Energy,india_equity,2025,2025-09-02T00:00:00,5,low,bearish_low,0.0070732899992072265,1369.86621094,1360.2109375,,False,3922929096,v4_readme_compounding,0.001581266352730087,1362.3634947227167,,
RELIANCE.NS,Energy,india_equity,2025,2025-09-02T00:00:00,5,low,bearish_low,0.0070732899992072265,1369.86621094,1360.2109375,,False,3922929096,zero_return,0.0,1360.2109375,,
RELIANCE.NS,Energy,india_equity,2025,2025-09-02T00:00:00,5,low,bearish_low,0.0070732899992072265,1369.86621094,1360.2109375,,False,3922929096,historical_drift,-0.0017478666714702718,1357.835546674145,,
RELIANCE.NS,Energy,india_equity,2025,2025-09-02T00:00:00,10,low,bearish_low,0.02799809800995786,1398.83239746,1360.2109375,,False,3922929096,v4_recursive,-0.009223702738321933,1347.7224397862465,-0.03575637967254974,0.06854487627100521
RELIANCE.NS,Energy,india_equity,2025,2025-09-02T00:00:00,10,low,bearish_low,0.02799809800995786,1398.83239746,1360.2109375,,False,3922929096,v4_readme_compounding,0.003162532705460174,1364.5194584042918,,
RELIANCE.NS,Energy,india_equity,2025,2025-09-02T00:00:00,10,low,bearish_low,0.02799809800995786,1398.83239746,1360.2109375,,False,3922929096,zero_return,0.0,1360.2109375,,
RELIANCE.NS,Energy,india_equity,2025,2025-09-02T00:00:00,10,low,bearish_low,0.02799809800995786,1398.83239746,1360.2109375,,False,3922929096,historical_drift,-0.0034957333429405436,1355.4643040884046,,
RELIANCE.NS,Energy,india_equity,2025,2025-09-02T00:00:00,20,low,bearish_low,-0.0018311899265268513,1357.72241211,1360.2109375,,False,3922929096,v4_recursive,0.004574894211001202,1366.4480147496906,-0.05259980767169153,0.08648314729995647
RELIANCE.NS,Energy,india_equity,2025,2025-09-02T00:00:00,20,low,bearish_low,-0.0018311899265268513,1357.72241211,1360.2109375,,False,3922929096,v4_readme_compounding,0.006325065410920348,1368.8416267156663,,
RELIANCE.NS,Energy,india_equity,2025,2025-09-02T00:00:00,20,low,bearish_low,-0.0018311899265268513,1357.72241211,1360.2109375,,False,3922929096,zero_return,0.0,1360.2109375,,
RELIANCE.NS,Energy,india_equity,2025,2025-09-02T00:00:00,20,low,bearish_low,-0.0018311899265268513,1357.72241211,1360.2109375,,False,3922929096,historical_drift,-0.006991466685881087,1350.7342346729683,,
TCS.NS,IT,india_equity,2024,2024-09-26T00:00:00,1,low,bearish_low,0.003766920533711436,4003.0434570299994,3987.99267578,,False,2196841576,v4_recursive,-0.0007389505677480071,3985.0468348775084,-0.01833219846381471,0.016184385812764223
TCS.NS,IT,india_equity,2024,2024-09-26T00:00:00,1,low,bearish_low,0.003766920533711436,4003.0434570299994,3987.99267578,,False,2196841576,v4_readme_compounding,-0.0006358689822108638,3985.4576409965966,,
TCS.NS,IT,india_equity,2024,2024-09-26T00:00:00,1,low,bearish_low,0.003766920533711436,4003.0434570299994,3987.99267578,,False,2196841576,zero_return,0.0,3987.99267578,,
TCS.NS,IT,india_equity,2024,2024-09-26T00:00:00,1,low,bearish_low,0.003766920533711436,4003.0434570299994,3987.99267578,,False,2196841576,historical_drift,0.000818187594053698,3991.2569371194663,,
TCS.NS,IT,india_equity,2024,2024-09-26T00:00:00,5,low,bearish_low,-0.009421019089457092,3950.59814453,3987.99267578,,False,2196841576,v4_recursive,0.0009994205544698385,3991.980349981109,-0.04564723173905735,0.022434239511485807
TCS.NS,IT,india_equity,2024,2024-09-26T00:00:00,5,low,bearish_low,-0.009421019089457092,3950.59814453,3987.99267578,,False,2196841576,v4_readme_compounding,-0.003179344911054319,3975.333605998882,,
TCS.NS,IT,india_equity,2024,2024-09-26T00:00:00,5,low,bearish_low,-0.009421019089457092,3950.59814453,3987.99267578,,False,2196841576,zero_return,0.0,3987.99267578,,
TCS.NS,IT,india_equity,2024,2024-09-26T00:00:00,5,low,bearish_low,-0.009421019089457092,3950.59814453,3987.99267578,,False,2196841576,historical_drift,0.00409093797026849,4004.3407230664316,,
TCS.NS,IT,india_equity,2024,2024-09-26T00:00:00,10,low,bearish_low,-0.03395367778166749,3854.85864258,3987.99267578,,False,2196841576,v4_recursive,-0.002147212263260543,3979.4387957852696,-0.03828761750928187,0.04495144915295828
TCS.NS,IT,india_equity,2024,2024-09-26T00:00:00,10,low,bearish_low,-0.03395367778166749,3854.85864258,3987.99267578,,False,2196841576,v4_readme_compounding,-0.006358689822108638,3962.7147198541825,,
TCS.NS,IT,india_equity,2024,2024-09-26T00:00:00,10,low,bearish_low,-0.03395367778166749,3854.85864258,3987.99267578,,False,2196841576,zero_return,0.0,3987.99267578,,
TCS.NS,IT,india_equity,2024,2024-09-26T00:00:00,10,low,bearish_low,-0.03395367778166749,3854.85864258,3987.99267578,,False,2196841576,historical_drift,0.00818187594053698,4020.75578618559,,
TCS.NS,IT,india_equity,2024,2024-09-26T00:00:00,20,low,bearish_low,-0.053853270411908384,3778.90673828,3987.99267578,,False,2196841576,v4_recursive,-0.0068186981813272785,3960.892257164024,-0.0723983719237687,0.06199646455857038
TCS.NS,IT,india_equity,2024,2024-09-26T00:00:00,20,low,bearish_low,-0.053853270411908384,3778.90673828,3987.99267578,,False,2196841576,v4_readme_compounding,-0.012717379644217276,3937.5969886598873,,
TCS.NS,IT,india_equity,2024,2024-09-26T00:00:00,20,low,bearish_low,-0.053853270411908384,3778.90673828,3987.99267578,,False,2196841576,zero_return,0.0,3987.99267578,,
TCS.NS,IT,india_equity,2024,2024-09-26T00:00:00,20,low,bearish_low,-0.053853270411908384,3778.90673828,3987.99267578,,False,2196841576,historical_drift,0.01636375188107396,4053.788059924896,,
TCS.NS,IT,india_equity,2024,2024-10-28T00:00:00,1,low,bearish_low,-0.003820705591047254,3795.39086914,3809.91967773,,False,2976133190,v4_recursive,0.0025153017332309948,3819.5148376011502,-0.01492756969153478,0.015165454564920081
TCS.NS,IT,india_equity,2024,2024-10-28T00:00:00,1,low,bearish_low,-0.003820705591047254,3795.39086914,3809.91967773,,False,2976133190,v4_readme_compounding,0.0013533650186104825,3815.07938043859,,
TCS.NS,IT,india_equity,2024,2024-10-28T00:00:00,1,low,bearish_low,-0.003820705591047254,3795.39086914,3809.91967773,,False,2976133190,zero_return,0.0,3809.91967773,,
TCS.NS,IT,india_equity,2024,2024-10-28T00:00:00,1,low,bearish_low,-0.003820705591047254,3795.39086914,3809.91967773,,False,2976133190,historical_drift,0.0006964386357773737,3812.573977163834,,
TCS.NS,IT,india_equity,2024,2024-10-28T00:00:00,5,low,bearish_low,-0.03146128179744078,3691.9206543,3809.91967773,,False,2976133190,v4_recursive,0.006043124530452198,3833.0132050442307,-0.029774209755579855,0.03811657749273425
TCS.NS,IT,india_equity,2024,2024-10-28T00:00:00,5,low,bearish_low,-0.03146128179744078,3691.9206543,3809.91967773,,False,2976133190,v4_readme_compounding,0.006766825093052413,3835.788162855326,,
TCS.NS,IT,india_equity,2024,2024-10-28T00:00:00,5,low,bearish_low,-0.03146128179744078,3691.9206543,3809.91967773,,False,2976133190,zero_return,0.0,3809.91967773,,
TCS.NS,IT,india_equity,2024,2024-10-28T00:00:00,5,low,bearish_low,-0.03146128179744078,3691.9206543,3809.91967773,,False,2976133190,historical_drift,0.0034821931788868686,3823.2096797919835,,
TCS.NS,IT,india_equity,2024,2024-10-28T00:00:00,10,low,bearish_low,0.02602223596530236,3910.36352539,3809.91967773,,False,2976133190,v4_recursive,0.011260639079317396,3853.0642700827348,-0.058188002563363594,0.05296190543782007
TCS.NS,IT,india_equity,2024,2024-10-28T00:00:00,10,low,bearish_low,0.02602223596530236,3910.36352539,3809.91967773,,False,2976133190,v4_readme_compounding,0.013533650186104825,3861.832289091038,,
TCS.NS,IT,india_equity,2024,2024-10-28T00:00:00,10,low,bearish_low,0.02602223596530236,3910.36352539,3809.91967773,,False,2976133190,zero_return,0.0,3809.91967773,,
TCS.NS,IT,india_equity,2024,2024-10-28T00:00:00,10,low,bearish_low,0.02602223596530236,3910.36352539,3809.91967773,,False,2976133190,historical_drift,0.006964386357773737,3836.546040877188,,
TCS.NS,IT,india_equity,2024,2024-10-28T00:00:00,20,low,bearish_low,0.05740333773930439,4035.02075195,3809.91967773,,False,2976133190,v4_recursive,0.011856927591363111,3855.3624931770773,-0.07949352376088713,0.10998925685077265
TCS.NS,IT,india_equity,2024,2024-10-28T00:00:00,20,low,bearish_low,0.05740333773930439,4035.02075195,3809.91967773,,False,2976133190,v4_readme_compounding,0.02706730037220965,3914.4522432430745,,
TCS.NS,IT,india_equity,2024,2024-10-28T00:00:00,20,low,bearish_low,0.05740333773930439,4035.02075195,3809.91967773,,False,2976133190,zero_return,0.0,3809.91967773,,
TCS.NS,IT,india_equity,2024,2024-10-28T00:00:00,20,low,bearish_low,0.05740333773930439,4035.02075195,3809.91967773,,False,2976133190,historical_drift,0.013928772715547474,3863.358487531226,,
TCS.NS,IT,india_equity,2024,2024-11-28T00:00:00,1,high,sideways_high,0.0060944932525162305,3977.55786133,3953.39038086,,False,4134745104,v4_recursive,0.00373951611861958,3968.2018244682367,-0.01909838540573241,0.01342828246323856
TCS.NS,IT,india_equity,2024,2024-11-28T00:00:00,1,high,sideways_high,0.0060944932525162305,3977.55786133,3953.39038086,,False,4134745104,v4_readme_compounding,-0.0011932563242847349,3948.675786205027,,
TCS.NS,IT,india_equity,2024,2024-11-28T00:00:00,1,high,sideways_high,0.0060944932525162305,3977.55786133,3953.39038086,,False,4134745104,zero_return,0.0,3953.39038086,,
TCS.NS,IT,india_equity,2024,2024-11-28T00:00:00,1,high,sideways_high,0.0060944932525162305,3977.55786133,3953.39038086,,False,4134745104,historical_drift,0.0008380815050046574,3956.7050330005773,,
TCS.NS,IT,india_equity,2024,2024-11-28T00:00:00,5,high,sideways_high,0.05033816557986398,4157.49072266,3953.39038086,,False,4134745104,v4_recursive,0.0059594462934574885,3977.0207405054302,-0.02503424259016867,0.027574013668437928
TCS.NS,IT,india_equity,2024,2024-11-28T00:00:00,5,high,sideways_high,0.05033816557986398,4157.49072266,3953.39038086,,False,4134745104,v4_readme_compounding,-0.005966281621423674,3929.8735642234956,,
TCS.NS,IT,india_equity,2024,2024-11-28T00:00:00,5,high,sideways_high,0.05033816557986398,4157.49072266,3953.39038086,,False,4134745104,zero_return,0.0,3953.39038086,,
TCS.NS,IT,india_equity,2024,2024-11-28T00:00:00,5,high,sideways_high,0.05033816557986398,4157.49072266,3953.39038086,,False,4134745104,historical_drift,0.004190407525023287,3969.9914560041852,,
TCS.NS,IT,india_equity,2024,2024-11-28T00:00:00,10,high,sideways_high,0.0482976899653258,4149.01611328,3953.39038086,,False,4134745104,v4_recursive,0.007388789132184283,3982.709331124979,-0.025876939009032186,0.05754337190559276
TCS.NS,IT,india_equity,2024,2024-11-28T00:00:00,10,high,sideways_high,0.0482976899653258,4149.01611328,3953.39038086,,False,4134745104,v4_readme_compounding,-0.011932563242847348,3906.4966378106824,,
TCS.NS,IT,india_equity,2024,2024-11-28T00:00:00,10,high,sideways_high,0.0482976899653258,4149.01611328,3953.39038086,,False,4134745104,zero_return,0.0,3953.39038086,,
TCS.NS,IT,india_equity,2024,2024-11-28T00:00:00,10,high,sideways_high,0.0482976899653258,4149.01611328,3953.39038086,,False,4134745104,historical_drift,0.008380815050046574,3986.6622423757967,,
TCS.NS,IT,india_equity,2024,2024-11-28T00:00:00,20,high,sideways_high,-0.019037876042164843,3878.83813477,3953.39038086,,False,4134745104,v4_recursive,0.001967432568021258,3961.176066243503,-0.06359888096720598,0.08129797991963147
TCS.NS,IT,india_equity,2024,2024-11-28T00:00:00,20,high,sideways_high,-0.019037876042164843,3878.83813477,3953.39038086,,False,4134745104,v4_readme_compounding,-0.023865126485694697,3860.159132047675,,
TCS.NS,IT,india_equity,2024,2024-11-28T00:00:00,20,high,sideways_high,-0.019037876042164843,3878.83813477,3953.39038086,,False,4134745104,zero_return,0.0,3953.39038086,,
TCS.NS,IT,india_equity,2024,2024-11-28T00:00:00,20,high,sideways_high,-0.019037876042164843,3878.83813477,3953.39038086,,False,4134745104,historical_drift,0.01676163010009315,4020.214120955955,,
TCS.NS,IT,india_equity,2024,2024-12-30T00:00:00,1,low,sideways_low,-0.015508580161845045,3813.59838867,3873.20288086,,False,3671281104,v4_recursive,-0.0016471672889380817,3866.8283191972196,-0.021984269763393065,0.01289218837705528
TCS.NS,IT,india_equity,2024,2024-12-30T00:00:00,1,low,sideways_low,-0.015508580161845045,3813.59838867,3873.20288086,,False,3671281104,v4_readme_compounding,0.001599780630275012,3879.4041147903204,,
TCS.NS,IT,india_equity,2024,2024-12-30T00:00:00,1,low,sideways_low,-0.015508580161845045,3813.59838867,3873.20288086,,False,3671281104,zero_return,0.0,3873.20288086,,
TCS.NS,IT,india_equity,2024,2024-12-30T00:00:00,1,low,sideways_low,-0.015508580161845045,3813.59838867,3873.20288086,,False,3671281104,historical_drift,0.0004163184385788075,3874.8157023360227,,
TCS.NS,IT,india_equity,2024,2024-12-30T00:00:00,5,low,sideways_low,-0.015459735283161496,3813.78466797,3873.20288086,,False,3671281104,v4_recursive,0.0003525911039924351,3874.568778527281,-0.0329071539508592,0.019736261998121514
TCS.NS,IT,india_equity,2024,2024-12-30T00:00:00,5,low,sideways_low,-0.015459735283161496,3813.78466797,3873.20288086,,False,3671281104,v4_readme_compounding,0.00799890315137506,3904.308495136713,,
TCS.NS,IT,india_equity,2024,2024-12-30T00:00:00,5,low,sideways_low,-0.015459735283161496,3813.78466797,3873.20288086,,False,3671281104,zero_return,0.0,3873.20288086,,
TCS.NS,IT,india_equity,2024,2024-12-30T00:00:00,5,low,sideways_low,-0.015459735283161496,3813.78466797,3873.20288086,,False,3671281104,historical_drift,0.0020815921928940373,3881.273706908281,,
TCS.NS,IT,india_equity,2024,2024-12-30T00:00:00,10,low,sideways_low,0.03131679173192601,3996.41845703,3873.20288086,,False,3671281104,v4_recursive,-0.007889226030326935,3842.76652537833,-0.052010714838278405,0.03725943294464463
TCS.NS,IT,india_equity,2024,2024-12-30T00:00:00,10,low,sideways_low,0.03131679173192601,3996.41845703,3873.20288086,,False,3671281104,v4_readme_compounding,0.01599780630275012,3935.663917974788,,
TCS.NS,IT,india_equity,2024,2024-12-30T00:00:00,10,low,sideways_low,0.03131679173192601,3996.41845703,3873.20288086,,False,3671281104,zero_return,0.0,3873.20288086,,
TCS.NS,IT,india_equity,2024,2024-12-30T00:00:00,10,low,sideways_low,0.03131679173192601,3996.41845703,3873.20288086,,False,3671281104,historical_drift,0.0041631843857880746,3889.3613506227425,,
TCS.NS,IT,india_equity,2024,2024-12-30T00:00:00,20,low,sideways_low,-0.004542519483829686,3855.64868164,3873.20288086,,False,3671281104,v4_recursive,-0.005699114790764446,3851.191834350787,-0.0768530438132037,0.0705045745797412
TCS.NS,IT,india_equity,2024,2024-12-30T00:00:00,20,low,sideways_low,-0.004542519483829686,3855.64868164,3873.20288086,,False,3671281104,v4_readme_compounding,0.03199561260550024,3999.132230276924,,
TCS.NS,IT,india_equity,2024,2024-12-30T00:00:00,20,low,sideways_low,-0.004542519483829686,3855.64868164,3873.20288086,,False,3671281104,zero_return,0.0,3873.20288086,,
TCS.NS,IT,india_equity,2024,2024-12-30T00:00:00,20,low,sideways_low,-0.004542519483829686,3855.64868164,3873.20288086,,False,3671281104,historical_drift,0.008326368771576149,3905.5872312991673,,
TCS.NS,IT,india_equity,2025,2025-01-28T00:00:00,1,high,bearish_high,0.014619177083072591,3888.51293945,3832.07958984,,False,3227443067,v4_recursive,0.0012787479403937694,3836.9829881600162,-0.01615876328621006,0.01637186488534536
TCS.NS,IT,india_equity,2025,2025-01-28T00:00:00,1,high,bearish_high,0.014619177083072591,3888.51293945,3832.07958984,,False,3227443067,v4_readme_compounding,0.0012903181922994558,3837.0273832765783,,
TCS.NS,IT,india_equity,2025,2025-01-28T00:00:00,1,high,bearish_high,0.014619177083072591,3888.51293945,3832.07958984,,False,3227443067,zero_return,0.0,3832.07958984,,
TCS.NS,IT,india_equity,2025,2025-01-28T00:00:00,1,high,bearish_high,0.014619177083072591,3888.51293945,3832.07958984,,False,3227443067,historical_drift,0.00028511992223835043,3833.1723478508034,,
TCS.NS,IT,india_equity,2025,2025-01-28T00:00:00,5,high,bearish_high,0.006992228354477026,3858.96826172,3832.07958984,,False,3227443067,v4_recursive,-0.012229772546822741,3785.4995403498915,-0.04804388618505714,0.017586372226744185
TCS.NS,IT,india_equity,2025,2025-01-28T00:00:00,5,high,bearish_high,0.006992228354477026,3858.96826172,3832.07958984,,False,3227443067,v4_readme_compounding,0.0064515909614972795,3856.8825230443554,,
TCS.NS,IT,india_equity,2025,2025-01-28T00:00:00,5,high,bearish_high,0.006992228354477026,3858.96826172,3832.07958984,,False,3227443067,zero_return,0.0,3832.07958984,,
TCS.NS,IT,india_equity,2025,2025-01-28T00:00:00,5,high,bearish_high,0.006992228354477026,3858.96826172,3832.07958984,,False,3227443067,historical_drift,0.0014255996111917522,3837.546496897738,,
TCS.NS,IT,india_equity,2025,2025-01-28T00:00:00,10,high,bearish_high,-0.0008294618887517036,3828.90234375,3832.07958984,,False,3227443067,v4_recursive,-0.019753686883949132,3757.124645082482,-0.07570076968058255,0.04228746181836679
TCS.NS,IT,india_equity,2025,2025-01-28T00:00:00,10,high,bearish_high,-0.0008294618887517036,3828.90234375,3832.07958984,,False,3227443067,v4_readme_compounding,0.012903181922994559,3881.8459919268244,,
TCS.NS,IT,india_equity,2025,2025-01-28T00:00:00,10,high,bearish_high,-0.0008294618887517036,3828.90234375,3832.07958984,,False,3227443067,zero_return,0.0,3832.07958984,,
TCS.NS,IT,india_equity,2025,2025-01-28T00:00:00,10,high,bearish_high,-0.0008294618887517036,3828.90234375,3832.07958984,,False,3227443067,historical_drift,0.0028511992223835044,3843.0212031339834,,
TCS.NS,IT,india_equity,2025,2025-01-28T00:00:00,20,high,bearish_high,-0.09460246903637769,3486.17504883,3832.07958984,,False,3227443067,v4_recursive,-0.012613199582092593,3784.04835571361,-0.09034859674098529,0.03880274396724095
TCS.NS,IT,india_equity,2025,2025-01-28T00:00:00,20,high,bearish_high,-0.09460246903637769,3486.17504883,3832.07958984,,False,3227443067,v4_readme_compounding,0.025806363845989118,3932.258699686222,,
TCS.NS,IT,india_equity,2025,2025-01-28T00:00:00,20,high,bearish_high,-0.09460246903637769,3486.17504883,3832.07958984,,False,3227443067,zero_return,0.0,3832.07958984,,
TCS.NS,IT,india_equity,2025,2025-01-28T00:00:00,20,high,bearish_high,-0.09460246903637769,3486.17504883,3832.07958984,,False,3227443067,historical_drift,0.005702398444767009,3853.994057663612,,
TCS.NS,IT,india_equity,2025,2025-02-25T00:00:00,1,low,bearish_low,-0.004694747350923904,3426.37402344,3442.49780273,,False,425362326,v4_recursive,0.008474497395869746,3471.7952064425704,-0.00783660546886005,0.018925706262177083
TCS.NS,IT,india_equity,2025,2025-02-25T00:00:00,1,low,bearish_low,-0.004694747350923904,3426.37402344,3442.49780273,,False,425362326,v4_readme_compounding,0.0015950177834439653,3447.9930292718245,,
TCS.NS,IT,india_equity,2025,2025-02-25T00:00:00,1,low,bearish_low,-0.004694747350923904,3426.37402344,3442.49780273,,False,425362326,zero_return,0.0,3442.49780273,,
TCS.NS,IT,india_equity,2025,2025-02-25T00:00:00,1,low,bearish_low,-0.004694747350923904,3426.37402344,3442.49780273,,False,425362326,historical_drift,-0.0002959810848202811,3441.4790392706504,,
TCS.NS,IT,india_equity,2025,2025-02-25T00:00:00,5,low,bearish_low,-0.02299240284139767,3364.24951172,3442.49780273,,False,425362326,v4_recursive,0.008130575336488796,3470.6013847879904,-0.03237727939869308,0.03517499405606528
TCS.NS,IT,india_equity,2025,2025-02-25T00:00:00,5,low,bearish_low,-0.02299240284139767,3364.24951172,3442.49780273,,False,425362326,v4_readme_compounding,0.007975088917219826,3470.0617953564606,,
TCS.NS,IT,india_equity,2025,2025-02-25T00:00:00,5,low,bearish_low,-0.02299240284139767,3364.24951172,3442.49780273,,False,425362326,zero_return,0.0,3442.49780273,,
TCS.NS,IT,india_equity,2025,2025-02-25T00:00:00,5,low,bearish_low,-0.02299240284139767,3364.24951172,3442.49780273,,False,425362326,historical_drift,-0.0014799054241014056,3437.4069994421047,,
TCS.NS,IT,india_equity,2025,2025-02-25T00:00:00,10,low,bearish_low,-0.03457587972272285,3325.50463867,3442.49780273,,False,425362326,v4_recursive,0.005737110608820193,3462.3045558342465,-0.031703020255178974,0.051301430469811574
TCS.NS,IT,india_equity,2025,2025-02-25T00:00:00,10,low,bearish_low,-0.03457587972272285,3325.50463867,3442.49780273,,False,425362326,v4_readme_compounding,0.015950177834439652,3497.8464921730338,,
TCS.NS,IT,india_equity,2025,2025-02-25T00:00:00,10,low,bearish_low,-0.03457587972272285,3325.50463867,3442.49780273,,False,425362326,zero_return,0.0,3442.49780273,,
TCS.NS,IT,india_equity,2025,2025-02-25T00:00:00,10,low,bearish_low,-0.03457587972272285,3325.50463867,3442.49780273,,False,425362326,historical_drift,-0.002959810848202811,3432.323724489622,,
TCS.NS,IT,india_equity,2025,2025-02-25T00:00:00,20,low,bearish_low,0.005947257999855589,3463.03222656,3442.49780273,,False,425362326,v4_recursive,0.026926185328722187,3536.4503520540343,-0.06447030009859062,0.0843092415984072
TCS.NS,IT,india_equity,2025,2025-02-25T00:00:00,20,low,bearish_low,0.005947257999855589,3463.03222656,3442.49780273,,False,425362326,v4_readme_compounding,0.031900355668879304,3554.085081217639,,
TCS.NS,IT,india_equity,2025,2025-02-25T00:00:00,20,low,bearish_low,0.005947257999855589,3463.03222656,3442.49780273,,False,425362326,zero_return,0.0,3442.49780273,,
TCS.NS,IT,india_equity,2025,2025-02-25T00:00:00,20,low,bearish_low,0.005947257999855589,3463.03222656,3442.49780273,,False,425362326,historical_drift,-0.005919621696405622,3422.179715075419,,
TCS.NS,IT,india_equity,2025,2025-03-28T00:00:00,1,low,bearish_low,-0.015467812494901355,3367.80615234,3420.30371094,,False,850270365,v4_recursive,0.008200146827641697,3448.466013263623,-0.013547403619607799,0.01988748217215441
TCS.NS,IT,india_equity,2025,2025-03-28T00:00:00,1,low,bearish_low,-0.015467812494901355,3367.80615234,3420.30371094,,False,850270365,v4_readme_compounding,0.0033840437507660064,3431.8977746838477,,
TCS.NS,IT,india_equity,2025,2025-03-28T00:00:00,1,low,bearish_low,-0.015467812494901355,3367.80615234,3420.30371094,,False,850270365,zero_return,0.0,3420.30371094,,
TCS.NS,IT,india_equity,2025,2025-03-28T00:00:00,1,low,bearish_low,-0.015467812494901355,3367.80615234,3420.30371094,,False,850270365,historical_drift,-0.0002644302736319053,3419.399398662853,,
TCS.NS,IT,india_equity,2025,2025-03-28T00:00:00,5,low,bearish_low,-0.09661295292939014,3105.31884766,3420.30371094,,False,850270365,v4_recursive,0.01513756686119243,3472.472646235196,-0.02462885274819662,0.050228325946324405
TCS.NS,IT,india_equity,2025,2025-03-28T00:00:00,5,low,bearish_low,-0.09661295292939014,3105.31884766,3420.30371094,,False,850270365,v4_readme_compounding,0.016920218753830034,3478.66837694492,,
TCS.NS,IT,india_equity,2025,2025-03-28T00:00:00,5,low,bearish_low,-0.09661295292939014,3105.31884766,3420.30371094,,False,850270365,zero_return,0.0,3420.30371094,,
TCS.NS,IT,india_equity,2025,2025-03-28T00:00:00,5,low,bearish_low,-0.09661295292939014,3105.31884766,3420.30371094,,False,850270365,historical_drift,-0.0013221513681595264,3415.784539881483,,
TCS.NS,IT,india_equity,2025,2025-03-28T00:00:00,10,low,bearish_low,-0.09668929600741577,3105.08178711,3420.30371094,,False,850270365,v4_recursive,0.012628178137912841,3463.7697865306864,-0.02037732564421686,0.07785554357783138
TCS.NS,IT,india_equity,2025,2025-03-28T00:00:00,10,low,bearish_low,-0.09668929600741577,3105.08178711,3420.30371094,,False,850270365,v4_readme_compounding,0.03384043750766007,3538.0289879084617,,
TCS.NS,IT,india_equity,2025,2025-03-28T00:00:00,10,low,bearish_low,-0.09668929600741577,3105.08178711,3420.30371094,,False,850270365,zero_return,0.0,3420.30371094,,
TCS.NS,IT,india_equity,2025,2025-03-28T00:00:00,10,low,bearish_low,-0.09668929600741577,3105.08178711,3420.30371094,,False,850270365,historical_drift,-0.002644302736319053,3411.271339902958,,
TCS.NS,IT,india_equity,2025,2025-03-28T00:00:00,20,low,bearish_low,-0.04978897368294151,3254.18017578,3420.30371094,,False,850270365,v4_recursive,0.020449101762304144,3490.965876128653,-0.0408188262688561,0.09611034862398717
TCS.NS,IT,india_equity,2025,2025-03-28T00:00:00,20,low,bearish_low,-0.04978897368294151,3254.18017578,3420.30371094,,False,850270365,v4_readme_compounding,0.06768087501532014,3659.8063146387535,,
TCS.NS,IT,india_equity,2025,2025-03-28T00:00:00,20,low,bearish_low,-0.04978897368294151,3254.18017578,3420.30371094,,False,850270365,zero_return,0.0,3420.30371094,,
TCS.NS,IT,india_equity,2025,2025-03-28T00:00:00,20,low,bearish_low,-0.04978897368294151,3254.18017578,3420.30371094,,False,850270365,historical_drift,-0.005288605472638106,3402.26282163849,,
TCS.NS,IT,india_equity,2025,2025-05-05T00:00:00,1,high,sideways_high,0.0016487587082185241,3281.68579102,3276.27954102,,False,2708825404,v4_recursive,0.0032915864191082993,3287.0814662447856,-0.016352342878984565,0.018352293652076943
TCS.NS,IT,india_equity,2025,2025-05-05T00:00:00,1,high,sideways_high,0.0016487587082185241,3281.68579102,3276.27954102,,False,2708825404,v4_readme_compounding,0.0005394695447665212,3278.0474708818047,,
TCS.NS,IT,india_equity,2025,2025-05-05T00:00:00,1,high,sideways_high,0.0016487587082185241,3281.68579102,3276.27954102,,False,2708825404,zero_return,0.0,3276.27954102,,
TCS.NS,IT,india_equity,2025,2025-05-05T00:00:00,1,high,sideways_high,0.0016487587082185241,3281.68579102,3276.27954102,,False,2708825404,historical_drift,-0.00031266965548497404,3275.255307956281,,
TCS.NS,IT,india_equity,2025,2025-05-05T00:00:00,5,high,sideways_high,0.04696465837480554,3433.81933594,3276.27954102,,False,2708825404,v4_recursive,0.013031149712995538,3319.2526164039377,-0.018225006259363175,0.04949583195002941
TCS.NS,IT,india_equity,2025,2025-05-05T00:00:00,5,high,sideways_high,0.04696465837480554,3433.81933594,3276.27954102,,False,2708825404,v4_readme_compounding,0.002697347723832606,3285.1287354945684,,
TCS.NS,IT,india_equity,2025,2025-05-05T00:00:00,5,high,sideways_high,0.04696465837480554,3433.81933594,3276.27954102,,False,2708825404,zero_return,0.0,3276.27954102,,
TCS.NS,IT,india_equity,2025,2025-05-05T00:00:00,5,high,sideways_high,0.04696465837480554,3433.81933594,3276.27954102,,False,2708825404,historical_drift,-0.0015633482774248702,3271.161576665946,,
TCS.NS,IT,india_equity,2025,2025-05-05T00:00:00,10,high,sideways_high,0.018500217870425037,3337.45556641,3276.27954102,,False,2708825404,v4_recursive,0.015450128369376462,3327.2915367065216,-0.022462819823223856,0.06278746947631185
TCS.NS,IT,india_equity,2025,2025-05-05T00:00:00,10,high,sideways_high,0.018500217870425037,3337.45556641,3276.27954102,,False,2708825404,v4_readme_compounding,0.005394695447665212,3294.0018315446487,,
TCS.NS,IT,india_equity,2025,2025-05-05T00:00:00,10,high,sideways_high,0.018500217870425037,3337.45556641,3276.27954102,,False,2708825404,zero_return,0.0,3276.27954102,,
TCS.NS,IT,india_equity,2025,2025-05-05T00:00:00,10,high,sideways_high,0.018500217870425037,3337.45556641,3276.27954102,,False,2708825404,historical_drift,-0.0031266965548497404,3266.051607221606,,
TCS.NS,IT,india_equity,2025,2025-05-05T00:00:00,20,high,sideways_high,-0.0013035666876141038,3272.01147461,3276.27954102,,False,2708825404,v4_recursive,0.024380968701089797,3357.140134294311,-0.05212725873835998,0.10522288812901724
TCS.NS,IT,india_equity,2025,2025-05-05T00:00:00,20,high,sideways_high,-0.0013035666876141038,3272.01147461,3276.27954102,,False,2708825404,v4_readme_compounding,0.010789390895330424,3311.81998677727,,
TCS.NS,IT,india_equity,2025,2025-05-05T00:00:00,20,high,sideways_high,-0.0013035666876141038,3272.01147461,3276.27954102,,False,2708825404,zero_return,0.0,3276.27954102,,
TCS.NS,IT,india_equity,2025,2025-05-05T00:00:00,20,high,sideways_high,-0.0013035666876141038,3272.01147461,3276.27954102,,False,2708825404,historical_drift,-0.006253393109699481,3255.855603125325,,
TCS.NS,IT,india_equity,2025,2025-06-03T00:00:00,1,high,sideways_high,0.0016873791410015574,3235.16430664,3229.70996094,,False,3731653178,v4_recursive,-0.006767040987943289,3207.9281635338766,-0.0218918322085979,0.018318374276076133
TCS.NS,IT,india_equity,2025,2025-06-03T00:00:00,1,high,sideways_high,0.0016873791410015574,3235.16430664,3229.70996094,,False,3731653178,v4_readme_compounding,-0.0035479632962671336,3218.27137238629,,
TCS.NS,IT,india_equity,2025,2025-06-03T00:00:00,1,high,sideways_high,0.0016873791410015574,3235.16430664,3229.70996094,,False,3731653178,zero_return,0.0,3229.70996094,,
TCS.NS,IT,india_equity,2025,2025-06-03T00:00:00,1,high,sideways_high,0.0016873791410015574,3235.16430664,3229.70996094,,False,3731653178,historical_drift,-0.000385526623585997,3228.465061749907,,
TCS.NS,IT,india_equity,2025,2025-06-03T00:00:00,5,high,sideways_high,0.0256518183438264,3313.62963867,3229.70996094,,False,3731653178,v4_recursive,-0.006774698287593484,3207.903599560719,-0.04703284880844378,0.02729143238563714
TCS.NS,IT,india_equity,2025,2025-06-03T00:00:00,5,high,sideways_high,0.0256518183438264,3313.62963867,3229.70996094,,False,3731653178,v4_readme_compounding,-0.017739816481335668,3172.9207037410047,,
TCS.NS,IT,india_equity,2025,2025-06-03T00:00:00,5,high,sideways_high,0.0256518183438264,3313.62963867,3229.70996094,,False,3731653178,zero_return,0.0,3229.70996094,,
TCS.NS,IT,india_equity,2025,2025-06-03T00:00:00,5,high,sideways_high,0.0256518183438264,3313.62963867,3229.70996094,,False,3731653178,historical_drift,-0.001927633117929985,3223.490261633082,,
TCS.NS,IT,india_equity,2025,2025-06-03T00:00:00,10,high,sideways_high,0.04067032708132879,3363.77099609,3229.70996094,,False,3731653178,v4_recursive,-0.0039058803911401767,3217.11970415934,-0.07877108192134052,0.03994812435459717
TCS.NS,IT,india_equity,2025,2025-06-03T00:00:00,10,high,sideways_high,0.04067032708132879,3363.77099609,3229.70996094,,False,3731653178,v4_readme_compounding,-0.035479632962671336,3117.1299943287204,,
TCS.NS,IT,india_equity,2025,2025-06-03T00:00:00,10,high,sideways_high,0.04067032708132879,3363.77099609,3229.70996094,,False,3731653178,zero_return,0.0,3229.70996094,,
TCS.NS,IT,india_equity,2025,2025-06-03T00:00:00,10,high,sideways_high,0.04067032708132879,3363.77099609,3229.70996094,,False,3731653178,historical_drift,-0.00385526623585997,3217.2825400764677,,
TCS.NS,IT,india_equity,2025,2025-06-03T00:00:00,20,high,sideways_high,0.01601817852635254,3281.8605957,3229.70996094,,False,3731653178,v4_recursive,0.003957898525416666,3242.518155278687,-0.10866044992272232,0.06374127871930158
TCS.NS,IT,india_equity,2025,2025-06-03T00:00:00,20,high,sideways_high,0.01601817852635254,3281.8605957,3229.70996094,,False,3731653178,v4_readme_compounding,-0.07095926592534267,3008.474296161195,,
TCS.NS,IT,india_equity,2025,2025-06-03T00:00:00,20,high,sideways_high,0.01601817852635254,3281.8605957,3229.70996094,,False,3731653178,zero_return,0.0,3229.70996094,,
TCS.NS,IT,india_equity,2025,2025-06-03T00:00:00,20,high,sideways_high,0.01601817852635254,3281.8605957,3229.70996094,,False,3731653178,historical_drift,-0.00771053247171994,3204.902937992698,,
TCS.NS,IT,india_equity,2025,2025-07-02T00:00:00,1,low,sideways_low,-0.006594271018404616,3254.20654297,3275.73657227,,False,1649152292,v4_recursive,0.0011271569615189073,3279.4309232170963,-0.008599710171015778,0.011862106841492446
TCS.NS,IT,india_equity,2025,2025-07-02T00:00:00,1,low,sideways_low,-0.006594271018404616,3254.20654297,3275.73657227,,False,1649152292,v4_readme_compounding,0.0016374449312656397,3281.104804409225,,
TCS.NS,IT,india_equity,2025,2025-07-02T00:00:00,1,low,sideways_low,-0.006594271018404616,3254.20654297,3275.73657227,,False,1649152292,zero_return,0.0,3275.73657227,,
TCS.NS,IT,india_equity,2025,2025-07-02T00:00:00,1,low,sideways_low,-0.006594271018404616,3254.20654297,3275.73657227,,False,1649152292,historical_drift,-0.00042559879061043927,3274.3427193785756,,
TCS.NS,IT,india_equity,2025,2025-07-02T00:00:00,5,low,sideways_low,-0.011605670532991415,3237.93920898,3275.73657227,,False,1649152292,v4_recursive,0.015612664762666633,3327.280874164462,-0.028616030039168846,0.05732775228223049
TCS.NS,IT,india_equity,2025,2025-07-02T00:00:00,5,low,sideways_low,-0.011605670532991415,3237.93920898,3275.73657227,,False,1649152292,v4_readme_compounding,0.008187224656328198,3302.665851106209,,
TCS.NS,IT,india_equity,2025,2025-07-02T00:00:00,5,low,sideways_low,-0.011605670532991415,3237.93920898,3275.73657227,,False,1649152292,zero_return,0.0,3275.73657227,,
TCS.NS,IT,india_equity,2025,2025-07-02T00:00:00,5,low,sideways_low,-0.011605670532991415,3237.93920898,3275.73657227,,False,1649152292,historical_drift,-0.0021279939530521965,3268.7732362485976,,
TCS.NS,IT,india_equity,2025,2025-07-02T00:00:00,10,low,sideways_low,-0.05377564448243448,3104.234375,3275.73657227,,False,1649152292,v4_recursive,0.018820430414606917,3337.971148247276,-0.045822354938937125,0.07442023865894669
TCS.NS,IT,india_equity,2025,2025-07-02T00:00:00,10,low,sideways_low,-0.05377564448243448,3104.234375,3275.73657227,,False,1649152292,v4_readme_compounding,0.016374449312656397,3329.816511009741,,
TCS.NS,IT,india_equity,2025,2025-07-02T00:00:00,10,low,sideways_low,-0.05377564448243448,3104.234375,3275.73657227,,False,1649152292,zero_return,0.0,3275.73657227,,
TCS.NS,IT,india_equity,2025,2025-07-02T00:00:00,10,low,sideways_low,-0.05377564448243448,3104.234375,3275.73657227,,False,1649152292,historical_drift,-0.004255987906104393,3261.824702409079,,
TCS.NS,IT,india_equity,2025,2025-07-02T00:00:00,20,low,sideways_low,-0.11089577154532118,2931.88916016,3275.73657227,,False,1649152292,v4_recursive,0.022096955832078814,3348.926032735411,-0.0683140196151755,0.13242100174509747
TCS.NS,IT,india_equity,2025,2025-07-02T00:00:00,20,low,sideways_low,-0.11089577154532118,2931.88916016,3275.73657227,,False,1649152292,v4_readme_compounding,0.03274889862531279,3384.7892687260905,,
TCS.NS,IT,india_equity,2025,2025-07-02T00:00:00,20,low,sideways_low,-0.11089577154532118,2931.88916016,3275.73657227,,False,1649152292,zero_return,0.0,3275.73657227,,
TCS.NS,IT,india_equity,2025,2025-07-02T00:00:00,20,low,sideways_low,-0.11089577154532118,2931.88916016,3275.73657227,,False,1649152292,historical_drift,-0.008511975812208786,3247.971915480731,,
TCS.NS,IT,india_equity,2025,2025-07-31T00:00:00,1,low,bearish_low,-0.011192486569127158,2883.3059082,2915.75854492,,False,2234130657,v4_recursive,-0.0008021319401942905,2913.4206596328086,-0.023888446469544574,0.014882061620385417
TCS.NS,IT,india_equity,2025,2025-07-31T00:00:00,1,low,bearish_low,-0.011192486569127158,2883.3059082,2915.75854492,,False,2234130657,v4_readme_compounding,-0.00017573060929740295,2915.24620191283,,
TCS.NS,IT,india_equity,2025,2025-07-31T00:00:00,1,low,bearish_low,-0.011192486569127158,2883.3059082,2915.75854492,,False,2234130657,zero_return,0.0,2915.75854492,,
TCS.NS,IT,india_equity,2025,2025-07-31T00:00:00,1,low,bearish_low,-0.011192486569127158,2883.3059082,2915.75854492,,False,2234130657,historical_drift,-0.0013237636946961575,2911.9013232040365,,
TCS.NS,IT,india_equity,2025,2025-07-31T00:00:00,5,low,bearish_low,0.003353174301453286,2925.55200195,2915.75854492,,False,2234130657,v4_recursive,-0.000885460618918065,2913.177898253308,-0.03322901716745356,0.04343903671544368
TCS.NS,IT,india_equity,2025,2025-07-31T00:00:00,5,low,bearish_low,0.003353174301453286,2925.55200195,2915.75854492,,False,2234130657,v4_readme_compounding,-0.0008786530464870147,2913.197729990358,,
TCS.NS,IT,india_equity,2025,2025-07-31T00:00:00,5,low,bearish_low,0.003353174301453286,2925.55200195,2915.75854492,,False,2234130657,zero_return,0.0,2915.75854492,,
TCS.NS,IT,india_equity,2025,2025-07-31T00:00:00,5,low,bearish_low,0.003353174301453286,2925.55200195,2915.75854492,,False,2234130657,historical_drift,-0.006618818473480788,2896.52339560178,,
TCS.NS,IT,india_equity,2025,2025-07-31T00:00:00,10,low,bearish_low,-0.00478613621665931,2901.83666992,2915.75854492,,False,2234130657,v4_recursive,-0.004025105528641172,2904.045897215684,-0.04553462946324172,0.06899635883418785
TCS.NS,IT,india_equity,2025,2025-07-31T00:00:00,10,low,bearish_low,-0.00478613621665931,2901.83666992,2915.75854492,,False,2234130657,v4_readme_compounding,-0.0017573060929740294,2910.6391641403297,,
TCS.NS,IT,india_equity,2025,2025-07-31T00:00:00,10,low,bearish_low,-0.00478613621665931,2901.83666992,2915.75854492,,False,2234130657,zero_return,0.0,2915.75854492,,
TCS.NS,IT,india_equity,2025,2025-07-31T00:00:00,10,low,bearish_low,-0.00478613621665931,2901.83666992,2915.75854492,,False,2234130657,historical_drift,-0.013237636946961576,2877.4151398392487,,
TCS.NS,IT,india_equity,2025,2025-07-31T00:00:00,20,low,bearish_low,0.024654162790056507,2988.53759766,2915.75854492,,False,2234130657,v4_recursive,0.005335976503640552,2931.3585476154744,-0.07685245967778183,0.08255951026690977
TCS.NS,IT,india_equity,2025,2025-07-31T00:00:00,20,low,bearish_low,0.024654162790056507,2988.53759766,2915.75854492,,False,2234130657,v4_readme_compounding,-0.003514612185948059,2905.528771779681,,
TCS.NS,IT,india_equity,2025,2025-07-31T00:00:00,20,low,bearish_low,0.024654162790056507,2988.53759766,2915.75854492,,False,2234130657,zero_return,0.0,2915.75854492,,
TCS.NS,IT,india_equity,2025,2025-07-31T00:00:00,20,low,bearish_low,0.024654162790056507,2988.53759766,2915.75854492,,False,2234130657,historical_drift,-0.02647527389392315,2839.575966055615,,
TCS.NS,IT,india_equity,2025,2025-09-02T00:00:00,1,low,bearish_low,-0.004509478312216964,2974.03930664,2987.48095703,,False,10248843,v4_recursive,0.004318698183798223,3000.410885746588,-0.012969474992638574,0.01634296163655435
TCS.NS,IT,india_equity,2025,2025-09-02T00:00:00,1,low,bearish_low,-0.004509478312216964,2974.03930664,2987.48095703,,False,10248843,v4_readme_compounding,0.002386807412867423,2994.620015113238,,
TCS.NS,IT,india_equity,2025,2025-09-02T00:00:00,1,low,bearish_low,-0.004509478312216964,2974.03930664,2987.48095703,,False,10248843,zero_return,0.0,2987.48095703,,
TCS.NS,IT,india_equity,2025,2025-09-02T00:00:00,1,low,bearish_low,-0.004509478312216964,2974.03930664,2987.48095703,,False,10248843,historical_drift,-0.0013389245112512844,2983.4836222116946,,
TCS.NS,IT,india_equity,2025,2025-09-02T00:00:00,5,low,bearish_low,-0.020160059750631867,2927.85620117,2987.48095703,,False,10248843,v4_recursive,0.012041215671211537,3023.671310199578,-0.02380471111465986,0.03355925722081595
TCS.NS,IT,india_equity,2025,2025-09-02T00:00:00,5,low,bearish_low,-0.020160059750631867,2927.85620117,2987.48095703,,False,10248843,v4_readme_compounding,0.011934037064337114,3023.3472546871235,,
TCS.NS,IT,india_equity,2025,2025-09-02T00:00:00,5,low,bearish_low,-0.020160059750631867,2927.85620117,2987.48095703,,False,10248843,zero_return,0.0,2987.48095703,,
TCS.NS,IT,india_equity,2025,2025-09-02T00:00:00,5,low,bearish_low,-0.020160059750631867,2927.85620117,2987.48095703,,False,10248843,historical_drift,-0.006694622556256422,2967.547696902416,,
TCS.NS,IT,india_equity,2025,2025-09-02T00:00:00,10,low,bearish_low,0.01093169982262627,3020.31835938,2987.48095703,,False,10248843,v4_recursive,0.007164080611462087,3008.9603596498805,-0.04185605749078166,0.06469877669787492
TCS.NS,IT,india_equity,2025,2025-09-02T00:00:00,10,low,bearish_low,0.01093169982262627,3020.31835938,2987.48095703,,False,10248843,v4_readme_compounding,0.023868074128674227,3059.6441463216256,,
TCS.NS,IT,india_equity,2025,2025-09-02T00:00:00,10,low,bearish_low,0.01093169982262627,3020.31835938,2987.48095703,,False,10248843,zero_return,0.0,2987.48095703,,
TCS.NS,IT,india_equity,2025,2025-09-02T00:00:00,10,low,bearish_low,0.01093169982262627,3020.31835938,2987.48095703,,False,10248843,historical_drift,-0.013389245112512844,2947.7474367386912,,
TCS.NS,IT,india_equity,2025,2025-09-02T00:00:00,20,low,bearish_low,-0.07440217414491476,2773.2734375,2987.48095703,,False,10248843,v4_recursive,0.00442247614228677,3000.7222784205064,-0.05591032663609275,0.0824246376624465
TCS.NS,IT,india_equity,2025,2025-09-02T00:00:00,20,low,bearish_low,-0.07440217414491476,2773.2734375,2987.48095703,,False,10248843,v4_readme_compounding,0.047736148257348454,3133.5504516242463,,
TCS.NS,IT,india_equity,2025,2025-09-02T00:00:00,20,low,bearish_low,-0.07440217414491476,2773.2734375,2987.48095703,,False,10248843,zero_return,0.0,2987.48095703,,
TCS.NS,IT,india_equity,2025,2025-09-02T00:00:00,20,low,bearish_low,-0.07440217414491476,2773.2734375,2987.48095703,,False,10248843,historical_drift,-0.026778490225025688,2908.5423725806427,,
XOM,Energy,us_equity,2024,2024-09-27T00:00:00,1,low,sideways_low,0.012015230541559644,109.943107605,108.630020142,,False,2640321132,v4_recursive,0.003747177779815922,109.03783974878702,-0.01199636149123508,0.023183645288512373
XOM,Energy,us_equity,2024,2024-09-27T00:00:00,1,low,sideways_low,0.012015230541559644,109.943107605,108.630020142,,False,2640321132,v4_readme_compounding,-0.0013970693611452677,108.4783624319962,,
XOM,Energy,us_equity,2024,2024-09-27T00:00:00,1,low,sideways_low,0.012015230541559644,109.943107605,108.630020142,,False,2640321132,zero_return,0.0,108.630020142,,
XOM,Energy,us_equity,2024,2024-09-27T00:00:00,1,low,sideways_low,0.012015230541559644,109.943107605,108.630020142,,False,2640321132,historical_drift,-1.0547372675022316e-05,108.62887438673624,,
XOM,Energy,us_equity,2024,2024-09-27T00:00:00,5,low,sideways_low,0.07491560950056773,117.080696106,108.630020142,,False,2640321132,v4_recursive,0.004017030420124397,109.06726786818604,-0.036918169209076875,0.03312239508478337
XOM,Energy,us_equity,2024,2024-09-27T00:00:00,5,low,sideways_low,0.07491560950056773,117.080696106,108.630020142,,False,2640321132,v4_readme_compounding,-0.006985346805726338,107.87384592217595,,
XOM,Energy,us_equity,2024,2024-09-27T00:00:00,5,low,sideways_low,0.07491560950056773,117.080696106,108.630020142,,False,2640321132,zero_return,0.0,108.630020142,,
XOM,Energy,us_equity,2024,2024-09-27T00:00:00,5,low,sideways_low,0.07491560950056773,117.080696106,108.630020142,,False,2640321132,historical_drift,-5.273686337511158e-05,108.62429148652633,,
XOM,Energy,us_equity,2024,2024-09-27T00:00:00,10,low,sideways_low,0.0650941762315993,115.936424255,108.630020142,,False,2640321132,v4_recursive,0.017418525283312614,110.53877044192456,-0.03917078732875299,0.057796068103356905
XOM,Energy,us_equity,2024,2024-09-27T00:00:00,10,low,sideways_low,0.0650941762315993,115.936424255,108.630020142,,False,2640321132,v4_readme_compounding,-0.013970693611452676,107.12293543561805,,
XOM,Energy,us_equity,2024,2024-09-27T00:00:00,10,low,sideways_low,0.0650941762315993,115.936424255,108.630020142,,False,2640321132,zero_return,0.0,108.630020142,,
XOM,Energy,us_equity,2024,2024-09-27T00:00:00,10,low,sideways_low,0.0650941762315993,115.936424255,108.630020142,,False,2640321132,historical_drift,-0.00010547372675022316,108.61856313315602,,
XOM,Energy,us_equity,2024,2024-09-27T00:00:00,20,low,sideways_low,0.03119548146987808,112.07219696,108.630020142,,False,2640321132,v4_recursive,0.013737860783597929,110.13266214638224,-0.06848946583017261,0.10581081712227136
XOM,Energy,us_equity,2024,2024-09-27T00:00:00,20,low,sideways_low,0.03119548146987808,112.07219696,108.630020142,,False,2640321132,v4_readme_compounding,-0.027941387222905352,105.63675935384319,,
XOM,Energy,us_equity,2024,2024-09-27T00:00:00,20,low,sideways_low,0.03119548146987808,112.07219696,108.630020142,,False,2640321132,zero_return,0.0,108.630020142,,
XOM,Energy,us_equity,2024,2024-09-27T00:00:00,20,low,sideways_low,0.03119548146987808,112.07219696,108.630020142,,False,2640321132,historical_drift,-0.00021094745350044633,108.6071073326617,,
XOM,Energy,us_equity,2024,2024-10-28T00:00:00,1,low,sideways_low,-0.013718634459492222,109.99937439,111.518814087,,False,3414289023,v4_recursive,0.007435686288188156,112.35112356504553,-0.013217799782596995,0.027579323124854206
XOM,Energy,us_equity,2024,2024-10-28T00:00:00,1,low,sideways_low,-0.013718634459492222,109.99937439,111.518814087,,False,3414289023,v4_readme_compounding,0.0018185874455690627,111.72180532495642,,
XOM,Energy,us_equity,2024,2024-10-28T00:00:00,1,low,sideways_low,-0.013718634459492222,109.99937439,111.518814087,,False,3414289023,zero_return,0.0,111.518814087,,
XOM,Energy,us_equity,2024,2024-10-28T00:00:00,1,low,sideways_low,-0.013718634459492222,109.99937439,111.518814087,,False,3414289023,historical_drift,0.00053303125583414,111.57827294582923,,
XOM,Energy,us_equity,2024,2024-10-28T00:00:00,5,low,sideways_low,-0.0024419896099430703,111.246818542,111.518814087,,False,3414289023,v4_recursive,0.010204200045502373,112.66260016095846,-0.052630898311898426,0.05321478142576491
XOM,Energy,us_equity,2024,2024-10-28T00:00:00,5,low,sideways_low,-0.0024419896099430703,111.246818542,111.518814087,,False,3414289023,v4_readme_compounding,0.009092937227845314,112.53747194050521,,
XOM,Energy,us_equity,2024,2024-10-28T00:00:00,5,low,sideways_low,-0.0024419896099430703,111.246818542,111.518814087,,False,3414289023,zero_return,0.0,111.518814087,,
XOM,Energy,us_equity,2024,2024-10-28T00:00:00,5,low,sideways_low,-0.0024419896099430703,111.246818542,111.518814087,,False,3414289023,historical_drift,0.0026651562791707,111.81642556900204,,
XOM,Energy,us_equity,2024,2024-10-28T00:00:00,10,low,sideways_low,0.013117938900218704,112.991348267,111.518814087,,False,3414289023,v4_recursive,0.011762221763280019,112.83826775021502,-0.10403505615624287,0.08443048172233673
XOM,Energy,us_equity,2024,2024-10-28T00:00:00,10,low,sideways_low,0.013117938900218704,112.991348267,111.518814087,,False,3414289023,v4_readme_compounding,0.01818587445569063,113.565434625944,,
XOM,Energy,us_equity,2024,2024-10-28T00:00:00,10,low,sideways_low,0.013117938900218704,112.991348267,111.518814087,,False,3414289023,zero_return,0.0,111.518814087,,
XOM,Energy,us_equity,2024,2024-10-28T00:00:00,10,low,sideways_low,0.013117938900218704,112.991348267,111.518814087,,False,3414289023,historical_drift,0.0053303125583414,112.1148312900295,,
XOM,Energy,us_equity,2024,2024-10-28T00:00:00,20,low,sideways_low,0.017142442261174454,113.446998596,111.518814087,,False,3414289023,v4_recursive,0.008232046099964686,112.44063112004011,-0.12997319133328872,0.08870119965149394
XOM,Energy,us_equity,2024,2024-10-28T00:00:00,20,low,sideways_low,0.017142442261174454,113.446998596,111.518814087,,False,3414289023,v4_readme_compounding,0.03637174891138126,115.64961524535263,,
XOM,Energy,us_equity,2024,2024-10-28T00:00:00,20,low,sideways_low,0.017142442261174454,113.446998596,111.518814087,,False,3414289023,zero_return,0.0,111.518814087,,
XOM,Energy,us_equity,2024,2024-10-28T00:00:00,20,low,sideways_low,0.017142442261174454,113.446998596,111.518814087,,False,3414289023,historical_drift,0.0106606251166828,112.71403393319495,,
XOM,Energy,us_equity,2024,2024-11-26T00:00:00,1,low,sideways_low,-0.0026312410340816167,111.26260376,111.555747986,,False,4273891687,v4_recursive,0.0012761307469744947,111.69819857946595,-0.015911341600616545,0.017200431648530374
XOM,Energy,us_equity,2024,2024-11-26T00:00:00,1,low,sideways_low,-0.0026312410340816167,111.26260376,111.555747986,,False,4273891687,v4_readme_compounding,0.0012957640336402282,111.70039160374677,,
XOM,Energy,us_equity,2024,2024-11-26T00:00:00,1,low,sideways_low,-0.0026312410340816167,111.26260376,111.555747986,,False,4273891687,zero_return,0.0,111.555747986,,
XOM,Energy,us_equity,2024,2024-11-26T00:00:00,1,low,sideways_low,-0.0026312410340816167,111.26260376,111.555747986,,False,4273891687,historical_drift,0.0006347887469469011,111.62658480030636,,
XOM,Energy,us_equity,2024,2024-11-26T00:00:00,5,low,sideways_low,-0.03177874883114425,108.066383362,111.555747986,,False,4273891687,v4_recursive,0.0008765219420418695,111.65357191301676,-0.02899171478261956,0.04279603703499806
XOM,Energy,us_equity,2024,2024-11-26T00:00:00,5,low,sideways_low,-0.03177874883114425,108.066383362,111.555747986,,False,4273891687,v4_readme_compounding,0.006478820168201141,112.28084396281949,,
XOM,Energy,us_equity,2024,2024-11-26T00:00:00,5,low,sideways_low,-0.03177874883114425,108.066383362,111.555747986,,False,4273891687,zero_return,0.0,111.555747986,,
XOM,Energy,us_equity,2024,2024-11-26T00:00:00,5,low,sideways_low,-0.03177874883114425,108.066383362,111.555747986,,False,4273891687,historical_drift,0.0031739437347345053,111.91038215012252,,
XOM,Energy,us_equity,2024,2024-11-26T00:00:00,10,low,sideways_low,-0.05264606247299901,105.834693909,111.555747986,,False,4273891687,v4_recursive,-0.0012937658773884825,111.41151428826598,-0.06978792708166069,0.04643909854125385
XOM,Energy,us_equity,2024,2024-11-26T00:00:00,10,low,sideways_low,-0.05264606247299901,105.834693909,111.555747986,,False,4273891687,v4_readme_compounding,0.012957640336402282,113.01065295698764,,
XOM,Energy,us_equity,2024,2024-11-26T00:00:00,10,low,sideways_low,-0.05264606247299901,105.834693909,111.555747986,,False,4273891687,zero_return,0.0,111.555747986,,
XOM,Energy,us_equity,2024,2024-11-26T00:00:00,10,low,sideways_low,-0.05264606247299901,105.834693909,111.555747986,,False,4273891687,historical_drift,0.0063478874694690105,112.26614369129763,,
XOM,Energy,us_equity,2024,2024-11-26T00:00:00,20,low,sideways_low,-0.10237928457885118,100.699935913,111.555747986,,False,4273891687,v4_recursive,0.00011436316624559672,111.5685065840955,-0.09207553875292465,0.11372730876586813
XOM,Energy,us_equity,2024,2024-11-26T00:00:00,20,low,sideways_low,-0.10237928457885118,100.699935913,111.555747986,,False,4273891687,v4_readme_compounding,0.025915280672804564,114.48453273216796,,
XOM,Energy,us_equity,2024,2024-11-26T00:00:00,20,low,sideways_low,-0.10237928457885118,100.699935913,111.555747986,,False,4273891687,zero_return,0.0,111.555747986,,
XOM,Energy,us_equity,2024,2024-11-26T00:00:00,20,low,sideways_low,-0.10237928457885118,100.699935913,111.555747986,,False,4273891687,historical_drift,0.012695774938938021,112.98106325186238,,
XOM,Energy,us_equity,2024,2024-12-27T00:00:00,1,low,bearish_low,-0.006784671378338754,100.009635925,100.690475464,,False,3971451007,v4_recursive,-0.0024077644141833536,100.44832815415236,-0.02365339321707142,0.024369720462374563
XOM,Energy,us_equity,2024,2024-12-27T00:00:00,1,low,bearish_low,-0.006784671378338754,100.009635925,100.690475464,,False,3971451007,v4_readme_compounding,0.0010003661508583505,100.7912532062848,,
XOM,Energy,us_equity,2024,2024-12-27T00:00:00,1,low,bearish_low,-0.006784671378338754,100.009635925,100.690475464,,False,3971451007,zero_return,0.0,100.690475464,,
XOM,Energy,us_equity,2024,2024-12-27T00:00:00,1,low,bearish_low,-0.006784671378338754,100.009635925,100.690475464,,False,3971451007,historical_drift,0.0003169279475222762,100.72239214710113,,
XOM,Energy,us_equity,2024,2024-12-27T00:00:00,5,low,bearish_low,0.011763656719579421,101.881958008,100.690475464,,False,3971451007,v4_recursive,0.008435193336729745,101.54341137398846,-0.04864638836845145,0.04178013916707535
XOM,Energy,us_equity,2024,2024-12-27T00:00:00,5,low,bearish_low,0.011763656719579421,101.881958008,100.690475464,,False,3971451007,v4_readme_compounding,0.005001830754291753,101.19537383630168,,
XOM,Energy,us_equity,2024,2024-12-27T00:00:00,5,low,bearish_low,0.011763656719579421,101.881958008,100.690475464,,False,3971451007,zero_return,0.0,100.690475464,,
XOM,Energy,us_equity,2024,2024-12-27T00:00:00,5,low,bearish_low,0.011763656719579421,101.881958008,100.690475464,,False,3971451007,historical_drift,0.001584639737611381,100.85016008049853,,
XOM,Energy,us_equity,2024,2024-12-27T00:00:00,10,low,bearish_low,0.029974494302451974,103.754310608,100.690475464,,False,3971451007,v4_recursive,0.0056918681190422935,101.26522652309889,-0.049899817301083685,0.06717788517945338
XOM,Energy,us_equity,2024,2024-12-27T00:00:00,10,low,bearish_low,0.029974494302451974,103.754310608,100.690475464,,False,3971451007,v4_readme_compounding,0.010003661508583506,101.70280395120541,,
XOM,Energy,us_equity,2024,2024-12-27T00:00:00,10,low,bearish_low,0.029974494302451974,103.754310608,100.690475464,,False,3971451007,zero_return,0.0,100.690475464,,
XOM,Energy,us_equity,2024,2024-12-27T00:00:00,10,low,bearish_low,0.029974494302451974,103.754310608,100.690475464,,False,3971451007,historical_drift,0.003169279475222762,101.01009794018245,,
XOM,Energy,us_equity,2024,2024-12-27T00:00:00,20,low,bearish_low,0.02035849351575319,102.761390686,100.690475464,,False,3971451007,v4_recursive,-0.007610952153364262,99.92703401640203,-0.10635977142810757,0.08988790044743843
XOM,Energy,us_equity,2024,2024-12-27T00:00:00,20,low,bearish_low,0.02035849351575319,102.761390686,100.690475464,,False,3971451007,v4_readme_compounding,0.02000732301716701,102.72531025276005,,
XOM,Energy,us_equity,2024,2024-12-27T00:00:00,20,low,bearish_low,0.02035849351575319,102.761390686,100.690475464,,False,3971451007,zero_return,0.0,100.690475464,,
XOM,Energy,us_equity,2024,2024-12-27T00:00:00,20,low,bearish_low,0.02035849351575319,102.761390686,100.690475464,,False,3971451007,historical_drift,0.006338558950445524,101.3307349962128,,
XOM,Energy,us_equity,2025,2025-01-30T00:00:00,1,low,sideways_low,-0.02532480512351145,101.021453857,103.612472534,,False,1672342694,v4_recursive,-0.003079797618574553,103.29385797385925,-0.023202577601596906,0.018763101263959994
XOM,Energy,us_equity,2025,2025-01-30T00:00:00,1,low,sideways_low,-0.02532480512351145,101.021453857,103.612472534,,False,1672342694,v4_readme_compounding,0.00015179891450975902,103.6282019886872,,
XOM,Energy,us_equity,2025,2025-01-30T00:00:00,1,low,sideways_low,-0.02532480512351145,101.021453857,103.612472534,,False,1672342694,zero_return,0.0,103.612472534,,
XOM,Energy,us_equity,2025,2025-01-30T00:00:00,1,low,sideways_low,-0.02532480512351145,101.021453857,103.612472534,,False,1672342694,historical_drift,0.0003734754543760241,103.651176476295,,
XOM,Energy,us_equity,2025,2025-01-30T00:00:00,5,low,sideways_low,-0.010458831776704694,102.534454346,103.612472534,,False,1672342694,v4_recursive,-0.007450167083240393,102.84341067860164,-0.045289631459714146,0.03900569884779097
XOM,Energy,us_equity,2025,2025-01-30T00:00:00,5,low,sideways_low,-0.010458831776704694,102.534454346,103.612472534,,False,1672342694,v4_readme_compounding,0.0007589945725487951,103.6911436900152,,
XOM,Energy,us_equity,2025,2025-01-30T00:00:00,5,low,sideways_low,-0.010458831776704694,102.534454346,103.612472534,,False,1672342694,zero_return,0.0,103.612472534,,
XOM,Energy,us_equity,2025,2025-01-30T00:00:00,5,low,sideways_low,-0.010458831776704694,102.534454346,103.612472534,,False,1672342694,historical_drift,0.0018673772718801206,103.80613687621161,,
XOM,Energy,us_equity,2025,2025-01-30T00:00:00,10,low,sideways_low,-0.004324506973521893,103.165367126,103.612472534,,False,1672342694,v4_recursive,-0.0011742974950146522,103.49087207857981,-0.04416391253495216,0.06894087168510615
XOM,Energy,us_equity,2025,2025-01-30T00:00:00,10,low,sideways_low,-0.004324506973521893,103.165367126,103.612472534,,False,1672342694,v4_readme_compounding,0.0015179891450975902,103.76987457967671,,
XOM,Energy,us_equity,2025,2025-01-30T00:00:00,10,low,sideways_low,-0.004324506973521893,103.165367126,103.612472534,,False,1672342694,zero_return,0.0,103.612472534,,
XOM,Energy,us_equity,2025,2025-01-30T00:00:00,10,low,sideways_low,-0.004324506973521893,103.165367126,103.612472534,,False,1672342694,historical_drift,0.003734754543760241,104.00016320068777,,
XOM,Energy,us_equity,2025,2025-01-30T00:00:00,20,low,sideways_low,0.024840059968766322,106.218444824,103.612472534,,False,1672342694,v4_recursive,0.010976003648057037,104.75598754280371,-0.06563367160639492,0.10787956546902455
XOM,Energy,us_equity,2025,2025-01-30T00:00:00,20,low,sideways_low,0.024840059968766322,106.218444824,103.612472534,,False,1672342694,v4_readme_compounding,0.0030359782901951803,103.92751574139201,,
XOM,Energy,us_equity,2025,2025-01-30T00:00:00,20,low,sideways_low,0.024840059968766322,106.218444824,103.612472534,,False,1672342694,zero_return,0.0,103.612472534,,
XOM,Energy,us_equity,2025,2025-01-30T00:00:00,20,low,sideways_low,0.024840059968766322,106.218444824,103.612472534,,False,1672342694,historical_drift,0.007469509087520482,104.3893045040543,,
XOM,Energy,us_equity,2025,2025-03-03T00:00:00,1,low,sideways_low,-0.0020436693524719858,102.602455139,102.812355042,,False,969857942,v4_recursive,-0.0028077502464592947,102.52408850638811,-0.023832008068266856,0.030820314982402005
XOM,Energy,us_equity,2025,2025-03-03T00:00:00,1,low,sideways_low,-0.0020436693524719858,102.602455139,102.812355042,,False,969857942,v4_readme_compounding,0.00048168068140136286,102.86188969621837,,
XOM,Energy,us_equity,2025,2025-03-03T00:00:00,1,low,sideways_low,-0.0020436693524719858,102.602455139,102.812355042,,False,969857942,zero_return,0.0,102.812355042,,
XOM,Energy,us_equity,2025,2025-03-03T00:00:00,1,low,sideways_low,-0.0020436693524719858,102.602455139,102.812355042,,False,969857942,historical_drift,0.00026047689009249243,102.83913877262442,,
XOM,Energy,us_equity,2025,2025-03-03T00:00:00,5,low,sideways_low,0.036805083437857426,106.666870117,102.812355042,,False,969857942,v4_recursive,0.0065587557591835245,103.48889236404452,-0.0394098665380573,0.037817879669927945
XOM,Energy,us_equity,2025,2025-03-03T00:00:00,5,low,sideways_low,0.036805083437857426,106.666870117,102.812355042,,False,969857942,v4_readme_compounding,0.0024084034070068145,103.0602670844368,,
XOM,Energy,us_equity,2025,2025-03-03T00:00:00,5,low,sideways_low,0.036805083437857426,106.666870117,102.812355042,,False,969857942,zero_return,0.0,102.812355042,,
XOM,Energy,us_equity,2025,2025-03-03T00:00:00,5,low,sideways_low,0.036805083437857426,106.666870117,102.812355042,,False,969857942,historical_drift,0.0013023844504624622,102.94634348781697,,
XOM,Energy,us_equity,2025,2025-03-03T00:00:00,10,low,sideways_low,0.05418456686709161,108.536888123,102.812355042,,False,969857942,v4_recursive,-0.010550816272436639,101.73330322212595,-0.05227456041008198,0.050682289696881606
XOM,Energy,us_equity,2025,2025-03-03T00:00:00,10,low,sideways_low,0.05418456686709161,108.536888123,102.812355042,,False,969857942,v4_readme_compounding,0.004816806814013629,103.30877691865419,,
XOM,Energy,us_equity,2025,2025-03-03T00:00:00,10,low,sideways_low,0.05418456686709161,108.536888123,102.812355042,,False,969857942,zero_return,0.0,102.812355042,,
XOM,Energy,us_equity,2025,2025-03-03T00:00:00,10,low,sideways_low,0.05418456686709161,108.536888123,102.812355042,,False,969857942,historical_drift,0.0026047689009249244,103.08050655178764,,
XOM,Energy,us_equity,2025,2025-03-03T00:00:00,20,low,sideways_low,0.09862859410599929,113.46950531,102.812355042,,False,969857942,v4_recursive,-0.005503406387495811,102.24809098194194,-0.07748137309547781,0.0846086394826184
XOM,Energy,us_equity,2025,2025-03-03T00:00:00,20,low,sideways_low,0.09862859410599929,113.46950531,102.812355042,,False,969857942,v4_readme_compounding,0.009633613628027258,103.80759573174197,,
XOM,Energy,us_equity,2025,2025-03-03T00:00:00,20,low,sideways_low,0.09862859410599929,113.46950531,102.812355042,,False,969857942,zero_return,0.0,102.812355042,,
XOM,Energy,us_equity,2025,2025-03-03T00:00:00,20,low,sideways_low,0.09862859410599929,113.46950531,102.812355042,,False,969857942,historical_drift,0.005209537801849849,103.34935744475906,,
XOM,Energy,us_equity,2025,2025-04-01T00:00:00,1,low,bullish_low,-0.0031131077604580394,113.221427917,113.574447632,,False,1041244083,v4_recursive,0.0025480277927745903,113.86420748242058,-0.015554259961849465,0.02632323987168998
XOM,Energy,us_equity,2025,2025-04-01T00:00:00,1,low,bullish_low,-0.0031131077604580394,113.221427917,113.574447632,,False,1041244083,v4_readme_compounding,0.0011291957115872448,113.70276784689523,,
XOM,Energy,us_equity,2025,2025-04-01T00:00:00,1,low,bullish_low,-0.0031131077604580394,113.221427917,113.574447632,,False,1041244083,zero_return,0.0,113.574447632,,
XOM,Energy,us_equity,2025,2025-04-01T00:00:00,1,low,bullish_low,-0.0031131077604580394,113.221427917,113.574447632,,False,1041244083,historical_drift,0.0002261875108048123,113.6001396590992,,
XOM,Energy,us_equity,2025,2025-04-01T00:00:00,5,low,bullish_low,-0.1666188897130575,96.1432876587,113.574447632,,False,1041244083,v4_recursive,0.0032339775939947157,113.94233940713475,-0.0588108375980807,0.04083600912534329
XOM,Energy,us_equity,2025,2025-04-01T00:00:00,5,low,bullish_low,-0.1666188897130575,96.1432876587,113.574447632,,False,1041244083,v4_readme_compounding,0.005645978557936224,114.21750015020595,,
XOM,Energy,us_equity,2025,2025-04-01T00:00:00,5,low,bullish_low,-0.1666188897130575,96.1432876587,113.574447632,,False,1041244083,zero_return,0.0,113.574447632,,
XOM,Energy,us_equity,2025,2025-04-01T00:00:00,5,low,bullish_low,-0.1666188897130575,96.1432876587,113.574447632,,False,1041244083,historical_drift,0.0011309375540240615,113.70296589937394,,
XOM,Energy,us_equity,2025,2025-04-01T00:00:00,10,low,bullish_low,-0.14376010200731945,98.366317749,113.574447632,,False,1041244083,v4_recursive,-0.020608273302935645,111.25782713777116,-0.061982027857531666,0.046307164146047734
XOM,Energy,us_equity,2025,2025-04-01T00:00:00,10,low,bullish_low,-0.14376010200731945,98.366317749,113.574447632,,False,1041244083,v4_readme_compounding,0.011291957115872449,114.86419359777403,,
XOM,Energy,us_equity,2025,2025-04-01T00:00:00,10,low,bullish_low,-0.14376010200731945,98.366317749,113.574447632,,False,1041244083,zero_return,0.0,113.574447632,,
XOM,Energy,us_equity,2025,2025-04-01T00:00:00,10,low,bullish_low,-0.14376010200731945,98.366317749,113.574447632,,False,1041244083,historical_drift,0.002261875108048123,113.8316295951025,,
XOM,Energy,us_equity,2025,2025-04-01T00:00:00,20,low,bullish_low,-0.11951712296289241,100.780151367,113.574447632,,False,1041244083,v4_recursive,0.006633816166501929,114.33038423880518,-0.11072234088661519,0.07049626969067072
XOM,Energy,us_equity,2025,2025-04-01T00:00:00,20,low,bullish_low,-0.11951712296289241,100.780151367,113.574447632,,False,1041244083,v4_readme_compounding,0.022583914231744898,116.16858585671447,,
XOM,Energy,us_equity,2025,2025-04-01T00:00:00,20,low,bullish_low,-0.11951712296289241,100.780151367,113.574447632,,False,1041244083,zero_return,0.0,113.574447632,,
XOM,Energy,us_equity,2025,2025-04-01T00:00:00,20,low,bullish_low,-0.11951712296289241,100.780151367,113.574447632,,False,1041244083,historical_drift,0.004523750216096246,114.08939393006351,,
XOM,Energy,us_equity,2025,2025-05-01T00:00:00,1,high,bearish_high,0.004056858841204741,101.333526611,100.92326355,,False,86143809,v4_recursive,0.005239849938109189,101.45347420527824,-0.01413066638928484,0.026076699113190386
XOM,Energy,us_equity,2025,2025-05-01T00:00:00,1,high,bearish_high,0.004056858841204741,101.333526611,100.92326355,,False,86143809,v4_readme_compounding,0.0009806384278784352,101.02228132288555,,
XOM,Energy,us_equity,2025,2025-05-01T00:00:00,1,high,bearish_high,0.004056858841204741,101.333526611,100.92326355,,False,86143809,zero_return,0.0,100.92326355,,
XOM,Energy,us_equity,2025,2025-05-01T00:00:00,1,high,bearish_high,0.004056858841204741,101.333526611,100.92326355,,False,86143809,historical_drift,-0.0003568611213560048,100.88725438651602,,
XOM,Energy,us_equity,2025,2025-05-01T00:00:00,5,high,bearish_high,0.0027378131226471155,101.199951172,100.92326355,,False,86143809,v4_recursive,0.013110429264422515,102.2551224015627,-0.0265292513008682,0.058741396576203295
XOM,Energy,us_equity,2025,2025-05-01T00:00:00,5,high,bearish_high,0.0027378131226471155,101.199951172,100.92326355,,False,86143809,v4_readme_compounding,0.0049031921393921755,101.4193248506259,,
XOM,Energy,us_equity,2025,2025-05-01T00:00:00,5,high,bearish_high,0.0027378131226471155,101.199951172,100.92326355,,False,86143809,zero_return,0.0,100.92326355,,
XOM,Energy,us_equity,2025,2025-05-01T00:00:00,5,high,bearish_high,0.0027378131226471155,101.199951172,100.92326355,,False,86143809,historical_drift,-0.0017843056067800241,100.74334616652551,,
XOM,Energy,us_equity,2025,2025-05-01T00:00:00,10,high,bearish_high,0.035293901770479356,104.548843384,100.92326355,,False,86143809,v4_recursive,0.03659963315388418,104.68544525317085,-0.037783809045214514,0.09519101969198211
XOM,Energy,us_equity,2025,2025-05-01T00:00:00,10,high,bearish_high,0.035293901770479356,104.548843384,100.92326355,,False,86143809,v4_readme_compounding,0.009806384278784351,101.91782440785711,,
XOM,Energy,us_equity,2025,2025-05-01T00:00:00,10,high,bearish_high,0.035293901770479356,104.548843384,100.92326355,,False,86143809,zero_return,0.0,100.92326355,,
XOM,Energy,us_equity,2025,2025-05-01T00:00:00,10,high,bearish_high,0.035293901770479356,104.548843384,100.92326355,,False,86143809,historical_drift,-0.0035686112135600483,100.56374952441173,,
XOM,Energy,us_equity,2025,2025-05-01T00:00:00,20,high,bearish_high,-0.024283774761663525,98.5019836426,100.92326355,,False,86143809,v4_recursive,0.0125779761809862,102.20069083875553,-0.060037636553183914,0.09220157721536146
XOM,Energy,us_equity,2025,2025-05-01T00:00:00,20,high,bearish_high,-0.024283774761663525,98.5019836426,100.92326355,,False,86143809,v4_readme_compounding,0.019612768557568702,102.92218628943452,,
XOM,Energy,us_equity,2025,2025-05-01T00:00:00,20,high,bearish_high,-0.024283774761663525,98.5019836426,100.92326355,,False,86143809,zero_return,0.0,100.92326355,,
XOM,Energy,us_equity,2025,2025-05-01T00:00:00,20,high,bearish_high,-0.024283774761663525,98.5019836426,100.92326355,,False,86143809,historical_drift,-0.007137222427120097,100.20551617812421,,
XOM,Energy,us_equity,2025,2025-06-02T00:00:00,1,low,bearish_low,0.00725171339681798,99.9463043213,99.2241439819,,False,2244743381,v4_recursive,0.008674137631652376,100.08857152492057,-0.012199364832959603,0.028524727975597658
XOM,Energy,us_equity,2025,2025-06-02T00:00:00,1,low,bearish_low,0.00725171339681798,99.9463043213,99.2241439819,,False,2244743381,v4_readme_compounding,0.0008837622278872481,99.31187329266125,,
XOM,Energy,us_equity,2025,2025-06-02T00:00:00,1,low,bearish_low,0.00725171339681798,99.9463043213,99.2241439819,,False,2244743381,zero_return,0.0,99.2241439819,,
XOM,Energy,us_equity,2025,2025-06-02T00:00:00,1,low,bearish_low,0.00725171339681798,99.9463043213,99.2241439819,,False,2244743381,historical_drift,-0.00025181765451262736,99.1991607364346,,
XOM,Energy,us_equity,2025,2025-06-02T00:00:00,5,low,bearish_low,0.018460278418395787,101.072860718,99.2241439819,,False,2244743381,v4_recursive,0.010509155576016952,100.27240446648297,-0.031737841662200894,0.04874082595394352
XOM,Energy,us_equity,2025,2025-06-02T00:00:00,5,low,bearish_low,0.018460278418395787,101.072860718,99.2241439819,,False,2244743381,v4_readme_compounding,0.00441881113943624,99.66356688302334,,
XOM,Energy,us_equity,2025,2025-06-02T00:00:00,5,low,bearish_low,0.018460278418395787,101.072860718,99.2241439819,,False,2244743381,zero_return,0.0,99.2241439819,,
XOM,Energy,us_equity,2025,2025-06-02T00:00:00,5,low,bearish_low,0.018460278418395787,101.072860718,99.2241439819,,False,2244743381,historical_drift,-0.0012590882725631368,99.09929064303886,,
XOM,Energy,us_equity,2025,2025-06-02T00:00:00,10,low,bearish_low,0.08756114673138908,108.304046631,99.2241439819,,False,2244743381,v4_recursive,0.013017044505149794,100.52419211530214,-0.046800469098688326,0.07825768218539148
XOM,Energy,us_equity,2025,2025-06-02T00:00:00,10,low,bearish_low,0.08756114673138908,108.304046631,99.2241439819,,False,2244743381,v4_readme_compounding,0.00883762227887248,100.1049358073451,,
XOM,Energy,us_equity,2025,2025-06-02T00:00:00,10,low,bearish_low,0.08756114673138908,108.304046631,99.2241439819,,False,2244743381,zero_return,0.0,99.2241439819,,
XOM,Energy,us_equity,2025,2025-06-02T00:00:00,10,low,bearish_low,0.08756114673138908,108.304046631,99.2241439819,,False,2244743381,historical_drift,-0.0025181765451262736,98.97459440662877,,
XOM,Energy,us_equity,2025,2025-06-02T00:00:00,20,low,bearish_low,0.058332999381390686,105.184333801,99.2241439819,,False,2244743381,v4_recursive,0.028914700858070703,102.13506177600397,-0.07631314836062013,0.11610981372656748
XOM,Energy,us_equity,2025,2025-06-02T00:00:00,20,low,bearish_low,0.058332999381390686,105.184333801,99.2241439819,,False,2244743381,v4_readme_compounding,0.01767524455774496,100.99354623629372,,
XOM,Energy,us_equity,2025,2025-06-02T00:00:00,20,low,bearish_low,0.058332999381390686,105.184333801,99.2241439819,,False,2244743381,zero_return,0.0,99.2241439819,,
XOM,Energy,us_equity,2025,2025-06-02T00:00:00,20,low,bearish_low,0.058332999381390686,105.184333801,99.2241439819,,False,2244743381,historical_drift,-0.005036353090252547,98.72567245068504,,
XOM,Energy,us_equity,2025,2025-07-02T00:00:00,1,low,bullish_low,0.01030246611784682,108.034446716,106.927139282,,False,2545794495,v4_recursive,-0.0017877553858229582,106.73615048435155,-0.01811521411180048,0.016293807965726236
XOM,Energy,us_equity,2025,2025-07-02T00:00:00,1,low,bullish_low,0.01030246611784682,108.034446716,106.927139282,,False,2545794495,v4_readme_compounding,0.0005327883157961654,106.98412399149667,,
XOM,Energy,us_equity,2025,2025-07-02T00:00:00,1,low,bullish_low,0.01030246611784682,108.034446716,106.927139282,,False,2545794495,zero_return,0.0,106.927139282,,
XOM,Energy,us_equity,2025,2025-07-02T00:00:00,1,low,bullish_low,0.01030246611784682,108.034446716,106.927139282,,False,2545794495,historical_drift,-6.822907240769085e-06,106.926409730536,,
XOM,Energy,us_equity,2025,2025-07-02T00:00:00,5,low,bullish_low,0.03434266251661879,110.663085938,106.927139282,,False,2545794495,v4_recursive,-0.005395531770153151,106.35176412822145,-0.06004107912536473,0.03706100706325402
XOM,Energy,us_equity,2025,2025-07-02T00:00:00,5,low,bullish_low,0.03434266251661879,110.663085938,106.927139282,,False,2545794495,v4_readme_compounding,0.0026639415789808272,107.21236668013913,,
XOM,Energy,us_equity,2025,2025-07-02T00:00:00,5,low,bullish_low,0.03434266251661879,110.663085938,106.927139282,,False,2545794495,zero_return,0.0,106.927139282,,
XOM,Energy,us_equity,2025,2025-07-02T00:00:00,5,low,bullish_low,0.03434266251661879,110.663085938,106.927139282,,False,2545794495,historical_drift,-3.411453620384542e-05,106.92349157445608,,
XOM,Energy,us_equity,2025,2025-07-02T00:00:00,10,low,bullish_low,0.005477880441786586,107.514480591,106.927139282,,False,2545794495,v4_recursive,-0.014771566890200961,105.35926637045824,-0.08218061884373243,0.06315948414804734
XOM,Energy,us_equity,2025,2025-07-02T00:00:00,10,low,bullish_low,0.005477880441786586,107.514480591,106.927139282,,False,2545794495,v4_readme_compounding,0.0053278831579616544,107.49835492037313,,
XOM,Energy,us_equity,2025,2025-07-02T00:00:00,10,low,bullish_low,0.005477880441786586,107.514480591,106.927139282,,False,2545794495,zero_return,0.0,106.927139282,,
XOM,Energy,us_equity,2025,2025-07-02T00:00:00,10,low,bullish_low,0.005477880441786586,107.514480591,106.927139282,,False,2545794495,historical_drift,-6.822907240769085e-05,106.91984399134986,,
XOM,Energy,us_equity,2025,2025-07-02T00:00:00,20,low,bullish_low,0.005298757438123087,107.495223999,106.927139282,,False,2545794495,v4_recursive,-0.030594456798134516,103.70529808462446,-0.11085196020015545,0.1008842323813154
XOM,Energy,us_equity,2025,2025-07-02T00:00:00,20,low,bullish_low,0.005298757438123087,107.495223999,106.927139282,,False,2545794495,v4_readme_compounding,0.010655766315923309,108.07262205070343,,
XOM,Energy,us_equity,2025,2025-07-02T00:00:00,20,low,bullish_low,0.005298757438123087,107.495223999,106.927139282,,False,2545794495,zero_return,0.0,106.927139282,,
XOM,Energy,us_equity,2025,2025-07-02T00:00:00,20,low,bullish_low,0.005298757438123087,107.495223999,106.927139282,,False,2545794495,historical_drift,-0.0001364581448153817,106.91254919843367,,
XOM,Energy,us_equity,2025,2025-08-01T00:00:00,1,low,sideways_low,-0.020921593189216367,103.383750916,105.569488525,,False,1229747752,v4_recursive,0.001396790083892547,105.71704997192494,-0.026129283746144844,0.021799492705007893
XOM,Energy,us_equity,2025,2025-08-01T00:00:00,1,low,sideways_low,-0.020921593189216367,103.383750916,105.569488525,,False,1229747752,v4_readme_compounding,0.00011442473445338707,105.5815689768289,,
XOM,Energy,us_equity,2025,2025-08-01T00:00:00,1,low,sideways_low,-0.020921593189216367,103.383750916,105.569488525,,False,1229747752,zero_return,0.0,105.569488525,,
XOM,Energy,us_equity,2025,2025-08-01T00:00:00,1,low,sideways_low,-0.020921593189216367,103.383750916,105.569488525,,False,1229747752,historical_drift,-0.00016129677663614112,105.55246187999818,,
XOM,Energy,us_equity,2025,2025-08-01T00:00:00,5,low,sideways_low,-0.026244383903766325,102.834922791,105.569488525,,False,1229747752,v4_recursive,-0.0009672075728162936,105.46743027995022,-0.04811078166817522,0.04276445734417472
XOM,Energy,us_equity,2025,2025-08-01T00:00:00,5,low,sideways_low,-0.026244383903766325,102.834922791,105.569488525,,False,1229747752,v4_readme_compounding,0.0005721236722669354,105.62990460954235,,
XOM,Energy,us_equity,2025,2025-08-01T00:00:00,5,low,sideways_low,-0.026244383903766325,102.834922791,105.569488525,,False,1229747752,zero_return,0.0,105.569488525,,
XOM,Energy,us_equity,2025,2025-08-01T00:00:00,5,low,sideways_low,-0.026244383903766325,102.834922791,105.569488525,,False,1229747752,historical_drift,-0.0008064838831807056,105.48438275677702,,
XOM,Energy,us_equity,2025,2025-08-01T00:00:00,10,low,sideways_low,-0.019888970716576367,103.490562439,105.569488525,,False,1229747752,v4_recursive,0.0037839983755802663,105.96972005826102,-0.08914530315914002,0.09247188319828299
XOM,Energy,us_equity,2025,2025-08-01T00:00:00,10,low,sideways_low,-0.019888970716576367,103.490562439,105.569488525,,False,1229747752,v4_readme_compounding,0.0011442473445338708,105.69035526944663,,
XOM,Energy,us_equity,2025,2025-08-01T00:00:00,10,low,sideways_low,-0.019888970716576367,103.490562439,105.569488525,,False,1229747752,zero_return,0.0,105.569488525,,
XOM,Energy,us_equity,2025,2025-08-01T00:00:00,10,low,sideways_low,-0.019888970716576367,103.490562439,105.569488525,,False,1229747752,historical_drift,-0.0016129677663614113,105.39934559731483,,
XOM,Energy,us_equity,2025,2025-08-01T00:00:00,20,low,sideways_low,0.05079906595849736,111.070869446,105.569488525,,False,1229747752,v4_recursive,-0.013159724030335013,104.18932439732559,-0.11703972644732138,0.07934368007536981
XOM,Energy,us_equity,2025,2025-08-01T00:00:00,20,low,sideways_low,0.05079906595849736,111.070869446,105.569488525,,False,1229747752,v4_readme_compounding,0.0022884946890677415,105.81136039450034,,
XOM,Energy,us_equity,2025,2025-08-01T00:00:00,20,low,sideways_low,0.05079906595849736,111.070869446,105.569488525,,False,1229747752,zero_return,0.0,105.569488525,,
XOM,Energy,us_equity,2025,2025-08-01T00:00:00,20,low,sideways_low,0.05079906595849736,111.070869446,105.569488525,,False,1229747752,historical_drift,-0.0032259355327228225,105.2294768834792,,
XOM,Energy,us_equity,2025,2025-09-02T00:00:00,1,low,bullish_low,-0.02453786626648299,108.757904053,111.459602356,,False,3757305678,v4_recursive,0.0002829778002486454,111.4911474121561,-0.014695691012358389,0.017530383230740076
XOM,Energy,us_equity,2025,2025-09-02T00:00:00,1,low,bullish_low,-0.02453786626648299,108.757904053,111.459602356,,False,3757305678,v4_readme_compounding,0.0011989338969144924,111.59331519180984,,
XOM,Energy,us_equity,2025,2025-09-02T00:00:00,1,low,bullish_low,-0.02453786626648299,108.757904053,111.459602356,,False,3757305678,zero_return,0.0,111.459602356,,
XOM,Energy,us_equity,2025,2025-09-02T00:00:00,1,low,bullish_low,-0.02453786626648299,108.757904053,111.459602356,,False,3757305678,historical_drift,7.813012181759735e-05,111.468311048511,,
XOM,Energy,us_equity,2025,2025-09-02T00:00:00,5,low,bullish_low,-0.03586084560890759,107.53338623,111.459602356,,False,3757305678,v4_recursive,-0.0023500847351907877,111.19797039496555,-0.05414947882441857,0.05558849060945424
XOM,Energy,us_equity,2025,2025-09-02T00:00:00,5,low,bullish_low,-0.03586084560890759,107.53338623,111.459602356,,False,3757305678,v4_readme_compounding,0.005994669484572462,112.12977255047464,,
XOM,Energy,us_equity,2025,2025-09-02T00:00:00,5,low,bullish_low,-0.03586084560890759,107.53338623,111.459602356,,False,3757305678,zero_return,0.0,111.459602356,,
XOM,Energy,us_equity,2025,2025-09-02T00:00:00,5,low,bullish_low,-0.03586084560890759,107.53338623,111.459602356,,False,3757305678,historical_drift,0.00039065060908798673,111.50315262346449,,
XOM,Energy,us_equity,2025,2025-09-02T00:00:00,10,low,bullish_low,-8.714047030959449e-05,111.449890137,111.459602356,,False,3757305678,v4_recursive,-0.008027749181525313,110.5684145266242,-0.0632594721972245,0.053886505250321355
XOM,Energy,us_equity,2025,2025-09-02T00:00:00,10,low,bullish_low,-8.714047030959449e-05,111.449890137,111.459602356,,False,3757305678,v4_readme_compounding,0.011989338969144924,112.80397225950043,,
XOM,Energy,us_equity,2025,2025-09-02T00:00:00,10,low,bullish_low,-8.714047030959449e-05,111.449890137,111.459602356,,False,3757305678,zero_return,0.0,111.459602356,,
XOM,Energy,us_equity,2025,2025-09-02T00:00:00,10,low,bullish_low,-8.714047030959449e-05,111.449890137,111.459602356,,False,3757305678,historical_drift,0.0007813012181759735,111.54671990719098,,
XOM,Energy,us_equity,2025,2025-09-02T00:00:00,20,low,bullish_low,-0.01705981956719202,109.574249268,111.459602356,,False,3757305678,v4_recursive,0.0009371984328170357,111.56411108570978,-0.106110092922913,0.08995419285313215
XOM,Energy,us_equity,2025,2025-09-02T00:00:00,20,low,bullish_low,-0.01705981956719202,109.574249268,111.459602356,,False,3757305678,v4_readme_compounding,0.02397867793828985,114.16455727950257,,
XOM,Energy,us_equity,2025,2025-09-02T00:00:00,20,low,bullish_low,-0.01705981956719202,109.574249268,111.459602356,,False,3757305678,zero_return,0.0,111.459602356,,
XOM,Energy,us_equity,2025,2025-09-02T00:00:00,20,low,bullish_low,-0.01705981956719202,109.574249268,111.459602356,,False,3757305678,historical_drift,0.001562602436351947,111.63390555002741,,
