tree
version=v4
num_class=1
num_tree_per_iteration=1
label_index=0
max_feature_idx=55
objective=binary sigmoid:1
feature_names=Column_0 Column_1 Column_2 Column_3 Column_4 Column_5 Column_6 Column_7 Column_8 Column_9 Column_10 Column_11 Column_12 Column_13 Column_14 Column_15 Column_16 Column_17 Column_18 Column_19 Column_20 Column_21 Column_22 Column_23 Column_24 Column_25 Column_26 Column_27 Column_28 Column_29 Column_30 Column_31 Column_32 Column_33 Column_34 Column_35 Column_36 Column_37 Column_38 Column_39 Column_40 Column_41 Column_42 Column_43 Column_44 Column_45 Column_46 Column_47 Column_48 Column_49 Column_50 Column_51 Column_52 Column_53 Column_54 Column_55
feature_infos=[-6.1345243336734345:6.5891595427342891] [-5.6683842376077003:5.4842453114048357] [-4.9217074550136495:4.1777490349893478] [-4.3834075706117082:3.8303901891370167] [-3.6928377985595402:2.1595842005035273] [-2.6429839602143903:2.382055881756965] [-4.2635255301398001:3.9686905648157995] [-1.3528221801484426:6.5918383951596073] [-1.684257380619687:1.6380072776429317] [-3.6385384652484531:2.1931744619394742] [-1.4887777767622539:5.264620752337497] [-2.4772073732754909:2.1476097335438284] [-2.6098308619235464:2.4682594076517028] [-1.4356127277030515:3.9095209510408022] [-2.846659814316912:2.6032107306292822] [-1.615880069476167:1.6243082347934008] [-1.8327330481714692:1.8031774210551454] [-0.99854382375016593:0.75916351109453295] [-1.0424574897194145:0.77187181580746556] [-0.99854382375016559:0.75916351109453295] [-2.2928805988341145:1.6626050077639423] [-4.0512562775497871:4.1200967057753806] [-3.3397359824307271:2.2995766075267738] [-2.3797304871563782:2.6141671584995678] [-2.2545590475341157:1.615329225142742] [-2.2287987036267616:1.5856761775053339] [-3.3625953711656247:2.0131964013051244] [-1.8254332073132487:1.4123923680300721] [-1.1571948408016619:3.6198183935771193] [-3.8071648298018368:4.3655450566645335] [-3.7989141341870138:4.5797905611185303] [-3.1270348518795097:3.3019523476956945] [-3.299100171824195:3.5192619773680951] [-2.0456872246081161:2.1137059508610423] [-2.2846920644586235:2.2701721601268305] [-1.7483212312348768:1.7650962410212283] [-1.8136822257277838:1.8542728824525709] [-1.4972669840171824:3.7181657587718733] [-1.4924192913629342:5.0975292080749313] [-1.4330675622244615:3.7958458074506582] [-1.122176753918031:2.9390600410126728] [-1.7357902712560842:1.4425714857271108] [-2.012239330194967:1.6832100494516753] [-1.7272610532069195:13.810261574784453] [-174.69055477045242:155.9670343670154] [-387.86930704686404:128.11990838682581] [-307.73195507563162:72.227340959435708] [-1.36458561764273:2.8844037139043124] [-2.0030549420766715:2.0269726889060466] [-1.1783317773358042:9.0596367643554014] [-4.8934205086380258:4.4497953780575505] [-8.9892914113562128:6.6587761596358073] [-1:1] [-0.83333333333333337:1] [0:1] [0:1]
tree_sizes=981 886 990 883 997 987 890 997 994 991 1000 993 892 891 888 991 996 889 888 995 890 896 884 891 894 892 890 999 894 991 892 894 878 893 889 991 894 888 891 791 895 784 998 681 684 791 994 997 885 685 998 900 786 997 684 997 890 892 995 684 889 684 787 897 1000 893 894 785 890 884 680 1007 682 892 891 783 894 890 999 893 895 787 784 683 687 891 1002 782 682 998 892 684 891 893 682 786 1001 786 895 896 684 1001 785 896 893 791 999 787 900 997 1004 780 684 891 999 1006 892 997 896 790

Tree=0
num_leaves=8
num_cat=0
split_feature=25 53 53 45 41 14 47
split_gain=76.1882 59.014 37.1663 28.1216 30.9746 17.9417 17.4609
threshold=0.074245498089635986 0.58333333333333337 0.25000000000000006 -0.19858379784180405 0.06773368703254061 -0.39236026639621918 0.92684542896486599
decision_type=2 2 2 2 2 2 2
left_child=1 2 -1 4 -2 -3 -5
right_child=3 5 -4 6 -6 -7 -8
leaf_value=0.066609707241763863 0.018108225711152975 0.058772600762021773 0.027644321655370892 0.018208637656300382 0.06788286671771844 0.11982248295907558 0.053888703199771286
leaf_weight=176.87874859571457 26.481846541166306 10.242978379130362 48.216947004199028 116.42019328474998 65.205301389098167 35.725509956479073 26.731675282120705
leaf_count=708 106 41 193 466 261 143 107
internal_value=0.0523576 0.0667574 0.0581189 0.0357554 0.0530823 0.107054 0.0248007
internal_weight=505.903 271.064 225.096 234.839 91.6871 45.9685 143.152
internal_count=2025 1085 901 940 367 184 573
is_linear=0
shrinkage=1


Tree=1
num_leaves=7
num_cat=0
split_feature=25 9 37 47 36 47
split_gain=70.3958 39.8118 34.9204 31.8003 27.7624 20.6297
threshold=0.074245498089635986 0.8413111918740882 -0.43235804499939351 1.024555667618126 0.25566996626726646 0.56970972051266822
decision_type=2 2 2 2 2 2
left_child=1 5 4 -4 -2 -1
right_child=2 -3 3 -5 -6 -7
leaf_value=0.023401105924878318 0.034164484891564637 -0.042311214099375653 -0.032333408640782067 0.01624189489960829 -0.016774009879014441 -0.0053912994665424666
leaf_weight=205.47392971813679 32.233010575175285 16.981207445263863 146.20301455259323 23.97763966023922 32.479981645941734 48.452596858143806
leaf_count=823 129 68 585 96 130 194
internal_value=2.36214e-06 0.0138508 -0.0159514 -0.0253802 0.00886163 0.0179079
internal_weight=505.801 270.908 234.894 170.181 64.713 253.927
internal_count=2025 1085 940 681 259 1017
is_linear=0
shrinkage=0.04


Tree=2
num_leaves=8
num_cat=0
split_feature=25 53 31 37 47 36 14
split_gain=64.8624 54.5931 35.211 32.2329 29.3835 25.729 16.6196
threshold=0.074245498089635986 0.58333333333333337 0.49099892192488331 -0.43235804499939351 1.024555667618126 0.25566996626726646 -0.39236026639621918
decision_type=2 2 2 2 2 2 2
left_child=1 2 -1 5 -5 -2 -3
right_child=3 6 -4 4 -6 -7 -8
leaf_value=0.010989663823993854 0.032908007213727344 0.0057496933425923522 -0.035871386113714133 -0.031050790521979114 0.015650442076403245 -0.016137208171802492 0.064451503896608628
leaf_weight=197.45219850540161 32.202105715870857 10.236125916242598 27.471959158778191 146.2342596501112 23.964284658432007 32.489928558468819 35.576895013451576
leaf_count=791 129 41 110 585 96 130 143
internal_value=-1.04895e-06 0.0132983 0.0050004 -0.0153129 -0.0243698 0.00853103 0.0521247
internal_weight=505.628 270.737 224.924 234.891 170.199 64.692 45.813
internal_count=2025 1085 901 940 681 259 184
is_linear=0
shrinkage=0.04


Tree=3
num_leaves=7
num_cat=0
split_feature=53 35 42 26 26 53
split_gain=61.0695 50.5323 46.8929 38.6953 38.0801 34.105
threshold=0.58333333333333337 -0.14974276344626106 0.81083569836036795 1.0111527479332634 0.3097818709935955 0.41666666666666669
decision_type=2 2 2 2 2 2
left_child=1 3 4 -1 -2 -3
right_child=2 5 -4 -5 -6 -7
leaf_value=0.015191676977485887 0.012552412952746674 -0.012024045805725681 -0.046080336944254542 -0.057983224831377411 0.067472781512444541 -0.055162231276435353
leaf_weight=160.21059201657772 42.810499295592308 211.00625126063824 9.9928394556045514 10.493464544415472 38.267795816063881 32.479359164834023
leaf_count=642 172 845 40 42 154 130
internal_value=6.92e-06 -0.00654345 0.0292983 0.0100741 0.0394743 -0.0181809
internal_weight=505.261 414.19 91.0711 170.704 81.0783 243.486
internal_count=2025 1659 366 684 326 975
is_linear=0
shrinkage=0.04


Tree=4
num_leaves=8
num_cat=0
split_feature=53 53 34 26 5 36 34
split_gain=56.5808 47.3336 47.2412 42.6421 34.6101 14.7494 5.11028
threshold=0.58333333333333337 0.41666666666666669 0.15899632460471438 0.3097818709935955 -0.21965835274463888 -0.39481744731032925 0.67631579612863613
decision_type=2 2 2 2 2 2 2
left_child=1 2 -1 4 -2 -3 -5
right_child=3 5 -4 6 -6 -7 -8
leaf_value=0.010487469344017897 0.032405039460752183 -0.00035348224704295132 -0.018567170273846231 0.067292913801571583 -0.032559237178767866 -0.054370668375091233 0.030333449316580909
leaf_weight=217.80388531088829 26.300324782729149 10.239429444074629 149.09537877142429 27.859562069177628 22.472390547394753 36.965819224715233 14.190951213240622
leaf_count=873 106 41 597 113 90 148 57
internal_value=-4.76609e-06 -0.00630407 -0.001356 0.0282336 0.00236881 -0.0431443 0.0567636
internal_weight=504.928 414.105 366.899 90.8232 48.7727 47.2052 42.0505
internal_count=2025 1659 1470 366 196 189 170
is_linear=0
shrinkage=0.04


Tree=5
num_leaves=8
num_cat=0
split_feature=25 53 28 37 47 36 47
split_gain=54.8045 44.3579 34.9551 28.7228 26.7585 22.7556 8.74216
threshold=0.074245498089635986 0.58333333333333337 -0.66280084444988951 -0.43235804499939351 1.024555667618126 0.25566996626726646 0.20876096236525118
decision_type=2 2 2 2 2 2 2
left_child=1 2 -1 5 -5 -2 -3
right_child=3 6 -4 4 -6 -7 -8
leaf_value=0.04648040957499662 0.031403058234722302 0.05952678741351259 -0.001103063396606733 -0.029013511917822098 0.015540351056359543 -0.014767265614278881 0.01883222135455143
leaf_weight=26.19804485142231 32.112540572881699 30.333319544792175 198.50839821994305 146.05598731338978 23.947369113564491 32.468156546354294 14.819798931479452
leaf_count=105 129 124 796 585 96 130 60
internal_value=1.54166e-06 0.0122524 0.0048057 -0.014076 -0.0226297 0.00844445 0.0475356
internal_weight=504.444 269.86 224.706 234.584 170.003 64.5807 45.1531
internal_count=2025 1085 901 940 681 259 184
is_linear=0
shrinkage=0.04


Tree=6
num_leaves=7
num_cat=0
split_feature=25 26 37 47 47 35
split_gain=50.7134 33.2397 26.5445 24.7619 17.5549 14.9455
threshold=0.074245498089635986 1.1012869256471258 -0.43235804499939351 1.024555667618126 0.56970972051266822 -0.098131262457344687
decision_type=2 2 2 2 2 2
left_child=1 4 5 -4 -1 -2
right_child=2 -3 3 -5 -6 -7
leaf_value=0.019830643588083216 0.039394115091064066 -0.050913937633375976 -0.027897069103812844 0.014976242234805776 -0.0065937454920961302 -0.0032432778241462987
leaf_weight=209.91440097987652 15.902554869651793 10.977014899253843 145.90802329778671 23.931080371141434 48.609515652060509 48.608540326356888
leaf_count=846 64 44 585 96 195 195
internal_value=2.22384e-05 0.0118157 -0.0135254 -0.021752 0.0148497 0.00813575
internal_weight=503.851 269.501 234.35 169.839 258.524 64.5111
internal_count=2025 1085 940 681 1041 259
is_linear=0
shrinkage=0.04


Tree=7
num_leaves=8
num_cat=0
split_feature=53 53 25 46 34 37 14
split_gain=49.8595 44.0163 41.2154 41.3597 40.6059 19.7609 15.6777
threshold=0.58333333333333337 0.41666666666666669 0.40839793525933782 -0.18025505658713789 0.15899632460471438 0.17652228900526404 -0.39236026639621918
decision_type=2 2 2 2 2 2 2
left_child=1 4 6 -4 -1 -3 -2
right_child=2 5 3 -5 -6 -7 -8
leaf_value=0.0098793681764924399 0.0017324221492471962 -0.054282169422235765 0.038639214423649398 -0.045182227921438126 -0.017083186426822387 0.0074631466797976369 0.05684372911200776
leaf_weight=217.42329309880733 10.142231598496435 37.128887683153152 15.185355842113493 18.920738726854324 148.78980502486229 9.9584206342697126 45.724280506372452
leaf_count=873 41 149 61 76 597 40 188
internal_value=1.91665e-05 -0.00588239 0.0266671 -0.00778863 -0.00110862 -0.0414517 0.0472443
internal_weight=503.273 413.3 89.9726 34.1061 366.213 47.0873 55.8665
internal_count=2025 1659 366 137 1470 189 229
is_linear=0
shrinkage=0.04


Tree=8
num_leaves=8
num_cat=0
split_feature=53 53 25 46 35 37 14
split_gain=46.336 40.8118 38.487 38.5201 36.5527 18.3811 14.7441
threshold=0.58333333333333337 0.41666666666666669 0.40839793525933782 -0.18025505658713789 0.13779591645325837 0.17652228900526404 -0.39236026639621918
decision_type=2 2 2 2 2 2 2
left_child=1 4 6 -4 -1 -3 -2
right_child=2 5 3 -5 -6 -7 -8
leaf_value=0.010045867434600593 0.001674778787494258 -0.052346691880518201 0.037323858061679684 -0.04363330517809752 -0.015290577575294355 0.0072141126730198707 0.055164363748275054
leaf_weight=205.84425269067287 10.140536576509474 37.037292882800102 15.162609308958052 18.880468666553497 160.21947298943996 9.9591252803802472 45.300992041826248
leaf_count=827 41 149 61 76 643 40 188
internal_value=1.88298e-05 -0.00566099 0.0257874 -0.00750516 -0.00106627 -0.0399457 0.0457798
internal_weight=502.545 413.06 89.4846 34.0431 366.064 46.9964 55.4415
internal_count=2025 1659 366 137 1470 189 229
is_linear=0
shrinkage=0.04


Tree=9
num_leaves=8
num_cat=0
split_feature=53 24 28 26 12 42 42
split_gain=43.0955 41.3752 50.1852 37.3 26.6608 20.8573 5.0562
threshold=0.58333333333333337 -0.88963929559412736 -0.69255466573825297 0.3097818709935955 -0.17818862719404874 -0.18348853973504511 0.49669065101003268
decision_type=2 2 2 2 2 2 2
left_child=1 5 -3 4 -2 -1 -5
right_child=3 2 -4 6 -6 -7 -8
leaf_value=0.044116020967900002 0.026008086275259409 0.031483592239715294 -0.015118335915673945 0.061229323204669638 -0.03167367796810213 -0.017281089403984606 0.023935297004658462
leaf_weight=34.845451489090919 27.234474942088127 39.757534325122833 327.72124995291233 29.072071671485901 20.83625739812851 10.449693813920019 11.777546048164366
leaf_count=140 112 160 1317 122 84 42 48
internal_value=1.8835e-05 -0.00544834 -0.00993334 0.0249594 0.000739444 0.0298198 0.052096
internal_weight=501.694 412.774 367.479 88.9204 48.0707 45.2951 40.8496
internal_count=2025 1659 1477 366 196 182 170
is_linear=0
shrinkage=0.04


Tree=10
num_leaves=8
num_cat=0
split_feature=25 53 28 45 41 14 47
split_gain=40.7401 33.215 31.3764 23.5341 25.1941 13.7971 13.5527
threshold=0.074245498089635986 0.58333333333333337 -0.66280084444988951 -0.19858379784180405 0.06773368703254061 -0.39236026639621918 0.92684542896486599
decision_type=2 2 2 2 2 2 2
left_child=1 2 -1 4 -2 -3 -5
right_child=3 5 -4 6 -6 -7 -8
leaf_value=0.043883916968690741 -0.027982908153974563 0.00047143473588996053 -0.0013079086237165077 -0.028024033071073446 0.017045698912824682 0.053571074895509573 0.0033547182557635731
leaf_weight=26.046662971377373 26.33411405980587 10.09670454263687 198.11497674882412 115.55901201069355 64.791175499558449 33.422957554459572 26.608310207724571
leaf_count=105 106 41 796 466 261 143 107
internal_value=3.88501e-05 0.0106511 0.00428484 -0.0121248 0.00371147 0.0418138 -0.0221861
internal_weight=500.974 267.681 224.162 233.293 91.1253 43.5197 142.167
internal_count=2025 1085 901 940 367 184 573
is_linear=0
shrinkage=0.04


Tree=11
num_leaves=8
num_cat=0
split_feature=35 53 53 26 28 40 46
split_gain=40.2001 39.2865 26.0228 31.3439 26.8367 25.8397 22.073
threshold=-0.14974276344626106 -0.58333333333333315 0.75000000000000011 0.3097818709935955 -0.69255466573825297 0.41129510263104685 -0.95068341047411631
decision_type=2 2 2 2 2 2 2
left_child=1 6 4 -4 -2 -3 -1
right_child=2 5 3 -5 -6 -7 -8
leaf_value=0.019852841571693237 0.018826015406807738 0.0340121408330172 -0.019490910650195047 0.048203468626031476 -0.019432744869284743 0.0021390659985850006 -0.041616989413316187
leaf_weight=12.429571434855459 32.226944595575333 103.14402967691422 17.793911874294281 23.269846141338348 217.83123467862606 66.858044773340225 26.607857882976532
leaf_count=50 130 422 72 97 878 269 107
internal_value=4.79648e-05 0.0133594 -0.00953622 0.019327 -0.0143918 0.0216478 -0.0220312
internal_weight=500.161 209.04 291.122 41.0638 250.058 170.002 39.0374
internal_count=2025 848 1177 169 1008 691 157
is_linear=0
shrinkage=0.04


Tree=12
num_leaves=7
num_cat=0
split_feature=35 53 28 14 25 34
split_gain=37.1003 36.3686 25.101 24.7646 25.2285 14.2286
threshold=-0.14974276344626106 -0.58333333333333315 -0.20825239946767662 1.3936615516181521 0.088820581072322893 -1.0623920039726042
decision_type=2 2 2 2 2 2
left_child=1 5 -3 4 -2 -1
right_child=3 2 -4 -5 -6 -7
leaf_value=0.014128581364246759 0.0036248739638444589 0.043891857236751694 0.010459644699391939 0.035683674187308098 -0.021364829217317107 -0.036181991039640884
leaf_weight=11.677434191107748 101.96371603012085 50.68853847682476 118.94671900570393 16.591030329465866 172.18069706857204 27.376062750816345
leaf_count=47 414 208 483 67 696 110
internal_value=5.37003e-05 0.0128532 0.0208445 -0.00915874 -0.0121114 -0.0211831
internal_weight=499.424 208.689 169.635 290.735 274.144 39.0535
internal_count=2025 848 691 1177 1110 157
is_linear=0
shrinkage=0.04


Tree=13
num_leaves=7
num_cat=0
split_feature=36 53 25 53 53 36
split_gain=35.4478 53.595 39.5193 33.5602 27.254 18.2381
threshold=0.32640021428287463 -0.58333333333333315 0.52473223711577599 -0.74999999999999989 0.75000000000000011 -0.6438770082946218
decision_type=2 2 2 2 2 2
left_child=1 5 -3 -2 -5 -1
right_child=3 2 -4 4 -6 -7
leaf_value=-0.00070311855758776022 0.03281891707151794 0.019510788789987073 -0.024946157615069117 -0.030024641260079091 0.019526567349188426 -0.046933142426683436
leaf_weight=22.881685838103294 18.150427669286728 255.49762950837612 34.790275543928146 115.89909416437149 19.486211597919464 32.083302646875381
leaf_count=92 73 1043 141 468 79 129
internal_value=6.00328e-05 0.0071679 0.0140485 -0.0158099 -0.0227122 -0.0283882
internal_weight=498.789 345.253 290.288 153.536 135.385 54.965
internal_count=2025 1405 1184 620 547 221
is_linear=0
shrinkage=0.04


Tree=14
num_leaves=7
num_cat=0
split_feature=53 53 42 13 40 25
split_gain=33.275 39.49 32.5299 31.4829 12.0059 11.946
threshold=0.58333333333333337 0.41666666666666669 0.81083569836036795 -0.23796788147699599 -0.2389637655431672 0.76162314798989439
decision_type=2 2 2 2 2 2
left_child=1 3 5 -1 -3 -2
right_child=2 4 -4 -5 -6 -7
leaf_value=0.018641617505749275 0.038081560210544554 -0.06240260869487927 -0.040801060075237913 -0.0074587873221120139 -0.019856960273595681 -0.00303903490163365
leaf_weight=100.400784984231 63.795335546135902 18.46981106698513 9.7876012772321683 264.08021199703217 28.150405094027519 13.307998225092886
leaf_count=405 272 75 40 1065 114 54
internal_value=5.26736e-05 -0.00472471 0.0222533 -0.000206612 -0.0385861 0.0310868
internal_weight=497.992 411.101 86.8909 364.481 46.6202 77.1033
internal_count=2025 1659 366 1470 189 326
is_linear=0
shrinkage=0.04


Tree=15
num_leaves=8
num_cat=0
split_feature=36 25 14 28 13 45 18
split_gain=32.1029 43.265 37.0393 30.6457 18.7286 17.0541 4.65687
threshold=0.32640021428287463 0.52473223711577599 1.2499937270011627 -0.68190408317917217 1.6211057826467579 -0.19858379784180405 0.41285696373036107
decision_type=2 2 2 2 2 2 2
left_child=1 3 4 -1 -2 -3 -4
right_child=2 5 6 -5 -6 -7 -8
leaf_value=0.047986802887019515 -0.027470119189904149 0.0052134679405788035 0.048378421365789494 0.0075500441989099724 0.025438278121094483 -0.047879193281599675 0.010202618780785107
leaf_weight=31.915633246302605 121.47441773116589 13.875503852963446 10.635406985878946 270.78345642983913 10.171293646097181 27.464981228113174 10.866824895143507
leaf_count=131 492 56 43 1106 41 112 44
internal_value=3.8769e-05 0.00681725 -0.0150803 0.0121006 -0.0230628 -0.0306409 0.0315951
internal_weight=497.188 344.04 153.148 302.699 131.646 41.3405 21.5022
internal_count=2025 1405 620 1237 533 168 87
is_linear=0
shrinkage=0.04


Tree=16
num_leaves=8
num_cat=0
split_feature=53 53 53 26 28 18 25
split_gain=30.9431 37.1849 39.8981 33.3509 31.7492 20.6394 4.15969
threshold=0.58333333333333337 0.25000000000000006 -1.0000000180025095e-35 0.3097818709935955 -0.69255466573825297 -0.16459444415227989 0.41388513110652742
decision_type=2 2 2 2 2 2 2
left_child=1 2 -1 5 -3 -2 -5
right_child=3 4 -4 6 -6 -7 -8
leaf_value=-0.0071577013316584497 0.019538024488189028 0.020622118238456194 0.023701811682933914 0.056992765954558121 -0.037468554674582176 -0.032378849484821434 0.02314315022104842
leaf_weight=223.77866572141647 28.439998045563698 17.290462881326675 93.357657194137573 26.67437319457531 75.873524963855743 18.508760079741478 12.478103354573248
leaf_count=903 120 70 378 119 308 76 51
internal_value=4.83203e-05 -0.00454985 0.00201824 0.021566 -0.0264806 -0.00141602 0.0478538
internal_weight=496.402 410.3 317.136 86.1012 93.164 46.9488 39.1525
internal_count=2025 1659 1281 366 378 196 170
is_linear=0
shrinkage=0.04


Tree=17
num_leaves=7
num_cat=0
split_feature=24 53 53 26 42 48
split_gain=29.9912 31.03 43.4936 37.4734 22.4675 5.62871
threshold=-0.97137161594629362 0.58333333333333337 0.41666666666666669 0.3097818709935955 -0.26988941368845137 -1.0771341794674441
decision_type=2 2 2 2 2 2
left_child=4 2 -2 -3 5 -1
right_child=1 3 -4 -5 -6 -7
leaf_value=0.018600256185425042 -0.0029396989530669194 -0.0070701423393778832 -0.045009662860564452 0.046626450564637649 -0.013899723846302434 0.05823310782874816
leaf_weight=10.892331704497332 327.16154597699642 41.886349737644196 42.745873481035233 38.425116941332817 12.40967510640621 21.980278208851818
leaf_count=44 1322 175 175 169 50 90
internal_value=5.8132e-05 -0.0031114 -0.00801714 0.0191297 0.0303699 0.0469207
internal_weight=495.501 450.219 369.907 80.3115 45.2823 32.8726
internal_count=2025 1841 1497 344 184 134
is_linear=0
shrinkage=0.04


Tree=18
num_leaves=7
num_cat=0
split_feature=35 53 22 14 25 46
split_gain=29.1731 30.4865 23.1079 21.4063 20.5047 19.3442
threshold=-0.14974276344626106 -0.58333333333333315 0.84573762307675115 1.3936615516181521 0.088820581072322893 -0.95068341047411631
decision_type=2 2 2 2 2 2
left_child=1 5 -3 4 -2 -1
right_child=3 2 -4 -5 -6 -7
leaf_value=0.019504768544861318 0.003339398522442204 0.022991946688903524 -0.031886769832424569 0.033661425717691526 -0.019293797932392057 -0.038002468207362
leaf_weight=12.40475310385227 101.05614121258259 156.02316901087761 11.585633993148802 16.478948503732681 170.44081008434296 26.61849969625473
leaf_count=50 414 644 47 67 696 107
internal_value=6.56074e-05 0.0114721 0.0188673 -0.00814159 -0.0109065 -0.0196623
internal_weight=494.608 206.632 167.609 287.976 271.497 39.0233
internal_count=2025 848 691 1177 1110 157
is_linear=0
shrinkage=0.04


Tree=19
num_leaves=8
num_cat=0
split_feature=36 53 14 25 53 36 46
split_gain=27.0111 45.7159 32.4662 31.0227 26.8831 16.3377 6.54633
threshold=0.32640021428287463 -0.58333333333333315 1.2499937270011627 0.52473223711577599 -0.74999999999999989 -0.6438770082946218 -0.25152670046367748
decision_type=2 2 2 2 2 2 2
left_child=1 5 4 -3 -2 -1 -4
right_child=2 3 6 -5 -6 -7 -8
leaf_value=-0.00037199243745185829 0.025464529810373487 0.017594509085018542 0.048468098872419228 -0.022040072120609211 -0.028028892613431288 -0.044154452606562103 0.0047209787827460362
leaf_weight=22.850450694561005 15.656264409422873 252.35859151184559 11.272874236106874 34.346468165516853 115.22420972585678 31.945894703269005 10.1234233379364
leaf_count=92 63 1043 46 141 470 129 41
internal_value=6.1758e-05 0.00630603 -0.0138421 0.0127266 -0.0213429 -0.0265529 0.0299426
internal_weight=493.778 341.501 152.277 286.705 130.88 54.7963 21.3963
internal_count=2025 1405 620 1184 533 221 87
is_linear=0
shrinkage=0.04


Tree=20
num_leaves=7
num_cat=0
split_feature=24 13 36 14 42 48
split_gain=25.9371 23.6076 32.3616 21.8723 21.3082 5.12026
threshold=-0.97137161594629362 -0.23796788147699599 0.45515229017421693 1.1179809772403886 -0.26988941368845137 -1.0771341794674441
decision_type=2 2 2 2 2 2
left_child=4 2 -2 -3 5 -1
right_child=1 3 -4 -5 -6 -7
leaf_value=0.017639930359729761 0.019056881705099588 -0.013781259040303711 -0.021609699714735479 0.020946759737329134 -0.014606376268472233 0.055538787774965251
leaf_weight=10.85089641809463 124.78814299404621 252.34116192162037 39.750683099031448 30.958343833684921 12.383781120181082 21.65251608192921
leaf_count=44 518 1034 163 126 50 90
internal_value=5.94715e-05 -0.00289171 0.00909077 -0.00986602 0.0283708 0.0446426
internal_weight=492.726 447.838 164.539 283.3 44.8872 32.5034
internal_count=2025 1841 681 1160 184 134
is_linear=0
shrinkage=0.04


Tree=21
num_leaves=7
num_cat=0
split_feature=53 53 42 39 40 25
split_gain=25.2721 33.0585 27.3439 26.7337 11.0737 10.1327
threshold=0.58333333333333337 0.41666666666666669 0.81083569836036795 -0.23470288869413253 -0.2389637655431672 0.76162314798989439
decision_type=2 2 2 2 2 2
left_child=1 3 5 -1 -3 -2
right_child=2 4 -4 -5 -6 -7
leaf_value=0.017547417930067026 0.034683068269431926 -0.058447071228850636 -0.038438984038436604 -0.0066241454254551673 -0.017445236788465154 -0.0034347726665239393
leaf_weight=99.15919816493988 61.430183663964272 18.006699457764626 9.5911043435335142 262.97356115281582 27.771119654178619 13.126959457993506
leaf_count=403 272 75 40 1067 114 54
internal_value=6.80234e-05 -0.00407122 0.0197618 5.45387e-05 -0.0353448 0.0280574
internal_weight=492.059 407.911 84.1482 362.133 45.7778 74.5571
internal_count=2025 1659 366 1470 189 326
is_linear=0
shrinkage=0.04


Tree=22
num_leaves=7
num_cat=0
split_feature=35 38 40 26 42 37
split_gain=25.1168 23.0361 31.5419 20.3051 15.7552 5.27697
threshold=-0.96148210659214217 1.84296596656219 0.4810739719479325 -1.0528255255060726 0.063417876327793291 0.9360596579512247
decision_type=2 2 2 2 2 2
left_child=3 2 -2 -1 -3 -5
right_child=1 4 -4 5 -6 -7
leaf_value=-0.022518507684493868 0.0005960752817510789 -0.0044570103908914104 -0.025550528852542779 0.045113305292762876 0.058189166793026555 0.012135119588944421
leaf_weight=10.15001358091831 318.52235859632492 10.323621407151224 94.056334108114243 31.610596477985382 13.913473382592199 12.513378143310545
leaf_count=41 1320 42 383 132 56 51
internal_value=5.40207e-05 -0.00317256 -0.00545912 0.0252125 0.0331998 0.0366926
internal_weight=491.09 436.816 412.579 54.274 24.2371 44.124
internal_count=2025 1801 1703 224 98 183
is_linear=0
shrinkage=0.04


Tree=23
num_leaves=7
num_cat=0
split_feature=25 4 53 37 53 36
split_gain=23.6167 28.4737 22.596 16.4038 18.1602 15.2679
threshold=0.11673850129922823 0.82504186054964401 -0.58333333333333315 -0.43235804499939351 -0.74999999999999989 0.26572592430649355
decision_type=2 2 2 2 2 2
left_child=1 2 -1 5 -5 -2
right_child=3 -3 -4 4 -6 -7
leaf_value=-0.015238489870414894 0.027839884074512718 -0.038407259701296818 0.016553882745426025 0.017621688296752341 -0.021668135414446291 -0.011463992430884985
leaf_weight=41.206483945250511 28.98969866335392 17.868809089064598 214.6321966201067 20.232738375663757 137.11413702368736 30.621900469064713
leaf_count=166 120 73 894 82 565 125
internal_value=6.25225e-05 0.00785106 0.0113548 -0.0097452 -0.0164582 0.00793312
internal_weight=490.666 273.707 255.839 216.958 157.347 59.6116
internal_count=2025 1133 1060 892 647 245
is_linear=0
shrinkage=0.04


Tree=24
num_leaves=7
num_cat=0
split_feature=53 53 42 32 37 14
split_gain=23.0709 31.4569 25.0262 24.1799 14.9988 9.93186
threshold=0.58333333333333337 0.41666666666666669 0.81083569836036795 0.088808961998716046 0.17652228900526404 -0.58088403667410404
decision_type=2 2 2 2 2 2
left_child=1 3 5 -1 -3 -2
right_child=2 4 -4 -5 -6 -7
leaf_value=0.009325165000440068 -0.0079375810108423869 -0.045982140843291906 -0.036898394576335175 -0.011393560385584145 0.0081806340047338028 0.032804561068751979
leaf_weight=201.08279426395893 10.411960169672964 35.706226915121078 9.5007785409688932 160.03547914326191 9.7517849504947645 63.251528635621071
leaf_count=819 44 149 40 651 40 282
internal_value=5.61477e-05 -0.0038917 0.0189947 0.000131141 -0.0345079 0.0269883
internal_weight=489.741 406.576 83.1643 361.118 45.458 73.6635
internal_count=2025 1659 366 1470 189 326
is_linear=0
shrinkage=0.04


Tree=25
num_leaves=7
num_cat=0
split_feature=24 53 53 26 42 31
split_gain=22.366 23.0651 37.1177 35.3064 20.0703 4.17865
threshold=-0.97137161594629362 0.58333333333333337 0.41666666666666669 0.3097818709935955 -0.26988941368845137 -1.1586382285110286
decision_type=2 2 2 2 2 2
left_child=4 2 -2 -3 5 -1
right_child=1 3 -4 -5 -6 -7
leaf_value=0.022761536021214751 -0.0022380682117724877 -0.0086805737337194763 -0.041498961138650141 0.044207888301943811 -0.015069575213848534 0.056274501344345536
leaf_weight=15.347639098763461 324.83126230537891 40.997669234871864 41.756494551897049 36.78913451731205 12.36704935133457 16.655188366770748
leaf_count=63 1322 175 175 169 50 71
internal_value=4.56176e-05 -0.00270127 -0.00691103 0.0168141 0.0264863 0.0424868
internal_weight=488.744 444.375 366.588 77.7868 44.3699 32.0028
internal_count=2025 1841 1497 344 184 134
is_linear=0
shrinkage=0.04


Tree=26
num_leaves=7
num_cat=0
split_feature=35 10 39 26 40 37
split_gain=21.5616 23.4589 25.8864 17.0953 11.6552 5.63754
threshold=-0.94449170284113759 1.81927369396067 -0.25770995246816059 -1.0528255255060726 1.2816203554724452 0.84849095789195028
decision_type=2 2 2 2 2 2
left_child=3 2 -2 -1 -3 -5
right_child=1 4 -4 5 -6 -7
leaf_value=-0.020325574495638352 0.0075358186863371136 0.054458775743523605 -0.013143923342118485 0.042747141626948246 -0.00057557635996913106 0.010787956888274573
leaf_weight=10.386212214827536 154.23331838846207 14.334654003381731 253.72378937900066 30.806110486388206 9.8152504265308362 14.399415776133536
leaf_count=42 647 58 1048 131 40 59
internal_value=5.39587e-05 -0.00299719 -0.00532706 0.0230506 0.0337579 0.0334555
internal_weight=487.699 432.107 407.957 55.5917 24.1499 45.2055
internal_count=2025 1793 1695 232 98 190
is_linear=0
shrinkage=0.04


Tree=27
num_leaves=8
num_cat=0
split_feature=35 53 14 14 14 46 46
split_gain=20.7926 24.529 21.532 17.0747 18.9454 16.0813 5.53577
threshold=-0.14974276344626106 -0.58333333333333315 -0.58088403667410404 1.2875700807285693 0.62296550523829108 -0.95068341047411631 -0.22277923512627648
decision_type=2 2 2 2 2 2 2
left_child=1 5 -3 4 -2 -1 -5
right_child=3 2 -4 6 -6 -7 -8
leaf_value=0.017744661180975296 -0.0045675323602324793 -0.014983792909303316 0.022955103645587446 0.039853985338238022 -0.031758909817325508 -0.034920523055341927 0.0016652783304173992
leaf_weight=12.264748468995093 211.30570630729198 27.463610514998436 136.96559922397137 13.136977806687357 49.15658301115036 26.479505822062492 10.445842280983923
leaf_count=50 871 114 577 54 209 107 43
internal_value=6.56836e-05 0.00978244 0.0165145 -0.00690438 -0.00990222 -0.0181963 0.0243912
internal_weight=487.219 203.173 164.429 284.045 260.462 38.7443 23.5828
internal_count=2025 848 691 1177 1080 157 97
is_linear=0
shrinkage=0.04


Tree=28
num_leaves=7
num_cat=0
split_feature=25 4 45 41 28 11
split_gain=20.1039 25.5359 22.1157 18.0052 17.699 10.4468
threshold=0.11673850129922823 0.82504186054964401 -0.19858379784180405 -0.20629469652532181 -0.66280084444988951 -0.44654880675921393
decision_type=2 2 2 2 2 2
left_child=1 4 3 -2 -1 -4
right_child=2 -3 5 -5 -6 -7
leaf_value=0.03868705336387411 -0.027266430448908609 -0.036669278355042308 -0.00087800250834676205 0.016478916596277017 0.0065995374902685904 -0.02601473144410325
leaf_weight=29.598261624574661 17.394369393587112 17.732758119702339 36.579879999160767 66.266596853733063 223.94537745416164 94.929476320743561
leaf_count=125 72 73 151 273 935 396
internal_value=6.27897e-05 0.00728198 -0.00902206 0.00695935 0.0106188 -0.0191407
internal_weight=486.447 271.276 215.17 83.661 253.544 131.509
internal_count=2025 1133 892 345 1060 547
is_linear=0
shrinkage=0.04


Tree=29
num_leaves=8
num_cat=0
split_feature=53 26 53 53 37 4 42
split_gain=19.7222 28.4863 28.3714 35.4607 26.0666 16.1957 4.02262
threshold=0.58333333333333337 0.3097818709935955 0.25000000000000006 -1.0000000180025095e-35 0.399885503014074 -0.26637723879658787 0.49669065101003268
decision_type=2 2 2 2 2 2 2
left_child=2 5 3 -1 -4 -2 -3
right_child=1 6 4 -5 -6 -7 -8
leaf_value=-0.0065368958096440957 0.020399417944056007 0.051979579671379714 -0.031330317241831607 0.02275193069260148 0.028612087966601269 -0.025519750648947449 0.018463727452958986
leaf_weight=221.19105948507786 21.70028717815876 25.1070556640625 78.931225389242172 92.015486642718315 11.945595949888228 23.575517237186432 11.204102799296377
leaf_count=903 95 122 329 378 49 101 48
internal_value=5.55095e-05 0.0177492 -0.00358678 0.0021575 -0.0230045 -0.00357918 0.0431417
internal_weight=485.67 81.587 404.083 313.207 90.8768 45.2758 36.3112
internal_count=2025 366 1659 1281 378 196 170
is_linear=0
shrinkage=0.04


Tree=30
num_leaves=7
num_cat=0
split_feature=24 53 53 26 42 45
split_gain=19.2866 19.8048 33.6056 31.2989 18.8782 4.18827
threshold=-0.97137161594629362 0.58333333333333337 0.41666666666666669 0.3097818709935955 -0.26988941368845137 -0.77777287582618226
decision_type=2 2 2 2 2 2
left_child=4 2 -2 -3 5 -1
right_child=1 3 -4 -5 -6 -7
leaf_value=0.017201796749481864 -0.0019464050382333234 -0.0081523490323876218 -0.039566206400183358 0.04214756931070654 -0.015385678462683617 0.051361138773655418
leaf_weight=11.644891291856768 323.48348940908909 40.686224907636642 41.086661085486412 35.579894497990608 12.352412089705465 19.830386891961098
leaf_count=49 1322 175 175 169 50 85
internal_value=6.7271e-05 -0.00248939 -0.00637886 0.0157911 0.0247695 0.040506
internal_weight=484.664 440.836 364.57 76.2661 43.8277 31.4753
internal_count=2025 1841 1497 344 184 134
is_linear=0
shrinkage=0.04


Tree=31
num_leaves=7
num_cat=0
split_feature=33 53 28 26 42 26
split_gain=18.3632 18.4876 33.773 31.0142 7.12965 7.73301
threshold=-0.83515495112515226 0.58333333333333337 -0.69255466573825297 0.3097818709935955 -0.18348853973504511 -1.1631501175531216
decision_type=2 2 2 2 2 2
left_child=4 2 -2 -3 5 -1
right_child=1 3 -4 -5 -6 -7
leaf_value=-0.0016193766610377348 0.02768809542538108 -0.0094340592758289359 -0.011143445610573923 0.041166719360689059 -0.0032717731108277905 0.037040952139489249
leaf_weight=10.53604596853256 38.540944293141365 39.163755565881729 311.29038748145103 35.238323643803596 14.757210984826086 34.031845286488533
leaf_count=43 160 168 1279 170 60 145
internal_value=7.31795e-05 -0.00287165 -0.0067323 0.0149818 0.0205385 0.0282245
internal_weight=483.559 424.233 349.831 74.4021 59.3251 44.5679
internal_count=2025 1777 1439 338 248 188
is_linear=0
shrinkage=0.04


Tree=32
num_leaves=7
num_cat=0
split_feature=25 26 53 47 37 10
split_gain=17.8232 23.488 18.307 16.8216 20.5247 11.7292
threshold=0.11673850129922823 1.0767947913942 -0.58333333333333315 1.024555667618126 -0.74537405750125552 0.56974697412630249
decision_type=2 2 2 2 2 2
left_child=1 2 -1 4 -2 -5
right_child=3 -3 -4 5 -6 -7
leaf_value=-0.014553749036134831 0.0254208014040068 -0.044556847731547104 0.014167057532961635 0.0010783437206479895 -0.018412365604575796 0.04842441420397673
leaf_weight=40.70610848069191 17.39617446064949 11.542399689555166 216.68570895493031 29.337460860610008 157.06339806318283 9.7680067569017393
leaf_count=165 73 48 920 121 657 41
internal_value=8.4988e-05 0.00691383 0.00954771 -0.00849867 -0.013803 0.0146854
internal_weight=482.499 268.934 257.392 213.565 174.46 39.1055
internal_count=2025 1133 1085 892 730 162
is_linear=0
shrinkage=0.04


Tree=33
num_leaves=7
num_cat=0
split_feature=35 10 44 10 53 53
split_gain=17.2536 22.7458 18.1761 15.3459 15.6459 14.4714
threshold=-0.14974276344626106 0.074777060629881695 -2.1037825266210208 1.81927369396067 0.75000000000000011 0.25000000000000006
decision_type=2 2 2 2 2 2
left_child=1 5 -3 4 -2 -1
right_child=3 2 -4 -5 -6 -7
leaf_value=0.035925916788289901 -0.012387748835569964 0.041644473827160904 -0.0088470428840208525 0.033022894982578939 0.014803265885063149 0.0030506633303713556
leaf_weight=55.665585935115814 229.83654019236565 10.863310769200323 99.406424686312675 13.119141638278959 37.912791550159454 34.722930073738098
leaf_count=231 955 45 416 53 169 156
internal_value=8.36393e-05 0.00899177 -0.00321958 -0.00629909 -0.00845634 0.0236363
internal_weight=481.527 200.658 110.27 280.868 267.749 90.3885
internal_count=2025 848 461 1177 1124 387
is_linear=0
shrinkage=0.04


Tree=34
num_leaves=7
num_cat=0
split_feature=35 10 39 26 14 47
split_gain=16.7582 20.2947 22.8218 16.604 8.60323 5.84408
threshold=-0.96148210659214217 1.7572691506347471 -0.25770995246816059 -1.0528255255060726 0.30952928744620989 -0.22421183914482179
decision_type=2 2 2 2 2 2
left_child=3 2 -2 -1 -3 -5
right_child=1 4 -4 5 -6 -7
leaf_value=-0.021952364990921645 0.0073432181601007732 0.048210767285143716 -0.012194257820521104 0.049380726922742167 0.0019450963870511931 0.017588660247858087
leaf_weight=10.097706630825995 152.37455166876316 15.058886379003527 250.3508163690567 16.67115218937397 10.601662471890448 25.738978564739227
leaf_count=41 649 62 1047 73 43 110
internal_value=9.86176e-05 -0.00254816 -0.00480233 0.0209936 0.0306188 0.031747
internal_weight=480.894 428.386 402.725 52.5078 25.6605 42.4101
internal_count=2025 1801 1696 224 105 183
is_linear=0
shrinkage=0.04


Tree=35
num_leaves=8
num_cat=0
split_feature=36 28 14 25 9 40 18
split_gain=16.2336 32.1802 24.8726 22.2341 15.8625 8.8246 5.06342
threshold=0.32640021428287463 -0.69255466573825297 1.2499937270011627 0.52473223711577599 -0.39092758275391232 -0.56090938896344233 0.38096336167702088
decision_type=2 2 2 2 2 2 2
left_child=1 5 4 -3 -2 -1 -4
right_child=2 3 6 -5 -6 -7 -8
leaf_value=0.0076729991331040441 0.014540948364503455 0.0052758231481883277 0.046445657467463021 -0.026209563259394619 -0.023404389764026919 0.05679930338381018 0.0072324520314270896
leaf_weight=8.8262108266353625 19.578814342617989 262.70024183392525 9.6974366158247012 39.516596704721451 108.1364670842886 20.658445209264755 11.192289203405378
leaf_count=40 82 1111 40 167 451 87 47
internal_value=0.000110387 0.00502974 -0.0107911 0.00101368 -0.0174528 0.043515 0.0279037
internal_weight=480.307 331.701 148.605 302.217 127.715 29.4847 20.8897
internal_count=2025 1405 620 1278 533 127 87
is_linear=0
shrinkage=0.04


Tree=36
num_leaves=7
num_cat=0
split_feature=24 53 53 26 53 11
split_gain=15.4777 16.2169 32.0794 27.4238 7.23278 10.2013
threshold=-0.97137161594629362 0.58333333333333337 0.41666666666666669 0.3097818709935955 1.0000000180025095e-35 -0.26192591006450011
decision_type=2 2 2 2 2 2
left_child=4 2 -2 -3 5 -1
right_child=1 3 -4 -5 -6 -7
leaf_value=-0.016171462975676589 -0.0013588735601888916 -0.0077314616364410494 -0.03835043413287887 0.039877293506884889 0.046652011872872733 0.02810729530319624
leaf_weight=12.128120541572573 321.2080110013485 40.440023317933083 40.494364559650421 34.216022506356239 11.941426351666449 18.958813205361366
leaf_count=50 1322 175 175 169 54 80
internal_value=0.000120934 -0.00217357 -0.00568838 0.0145595 0.0224529 0.0108993
internal_weight=479.387 436.358 361.702 74.656 43.0284 31.0869
internal_count=2025 1841 1497 344 184 130
is_linear=0
shrinkage=0.04


Tree=37
num_leaves=7
num_cat=0
split_feature=35 38 39 26 42 37
split_gain=14.8719 17.5904 20.8248 16.8877 15.3096 5.82307
threshold=-0.96947348250843135 1.84296596656219 -0.25770995246816059 -1.0528255255060726 0.063417876327793291 0.9360596579512247
decision_type=2 2 2 2 2 2
left_child=3 2 -2 -1 -3 -5
right_child=1 4 -4 5 -6 -7
leaf_value=-0.023238400620157841 0.0073005442835677239 -0.0077786053813733982 -0.011357073237811613 0.040997976683680805 0.053850966850408639 0.0067173035003146673
leaf_weight=9.8496168255805951 151.71342265605927 10.032489344477655 252.44921971857548 28.222916930913925 14.045365855097769 11.962205648422239
leaf_count=40 650 42 1060 126 57 50
internal_value=0.00012567 -0.00231764 -0.00435197 0.020323 0.0295447 0.0315957
internal_weight=478.275 428.24 404.163 50.0347 24.0779 40.1851
internal_count=2025 1809 1710 216 99 176
is_linear=0
shrinkage=0.04


Tree=38
num_leaves=7
num_cat=0
split_feature=36 53 53 14 28 36
split_gain=14.6139 36.0057 30.3064 20.701 20.1935 11.5201
threshold=0.34141825593415248 -0.58333333333333315 -0.74999999999999989 1.2875700807285693 -0.69255466573825297 -0.6438770082946218
decision_type=2 2 2 2 2 2
left_child=1 5 -2 -4 -3 -1
right_child=2 4 3 -5 -6 -7
leaf_value=-0.002177122961891249 0.035868620731352593 0.041073154546085427 -0.023780977144770368 0.021887893782022699 0.0067065878513621474 -0.039422521804241467
leaf_weight=22.383737161755562 17.802532151341438 28.911381587386131 109.33107486367226 16.913745567202568 250.73674848675728 31.602260634303093
leaf_count=92 72 126 461 71 1073 130
internal_value=0.000132519 0.00472794 -0.0104301 -0.0174165 0.010526 -0.0246092
internal_weight=477.681 333.634 144.047 126.245 279.648 53.986
internal_count=2025 1421 604 532 1199 222
is_linear=0
shrinkage=0.04


Tree=39
num_leaves=6
num_cat=0
split_feature=10 42 37 42 25
split_gain=14.4318 21.012 27.4701 18.3066 15.9875
threshold=1.7572691506347471 -0.49878133417679826 -0.42578709703412726 0.063417876327793291 -0.78431320032967611
decision_type=2 2 2 2 2
left_child=1 4 -3 -2 -1
right_child=3 2 -4 -5 -6
leaf_value=0.036860409778516692 -0.0074945890387150106 0.011666238927610777 -0.013930004582936133 0.050798061060347142 0.0035725666144367303
leaf_weight=30.252002686262131 14.703808993101118 91.058956876397133 240.20206324756145 17.389754638075829 83.024784058332443
leaf_count=138 61 392 1012 71 351
internal_value=0.000133975 -0.00178182 -0.00686617 0.0252181 0.0129478
internal_weight=476.631 444.538 331.261 32.0936 113.277
internal_count=2025 1893 1404 132 489
is_linear=0
shrinkage=0.04


Tree=40
num_leaves=7
num_cat=0
split_feature=33 40 16 35 42 28
split_gain=13.7452 14.9359 25.8217 15.045 6.57853 6.84385
threshold=-0.83515495112515226 0.48776001800412516 -0.11465234720331872 0.10601839145844273 -0.18348853973504511 1.4353125901756261
decision_type=2 2 2 2 2 2
left_child=4 3 -3 -2 5 -1
right_child=1 2 -4 -5 -6 -7
leaf_value=0.033490996355163165 0.011039818425143242 0.0089582894107760012 -0.029770657454944033 -0.0066074469012070546 -0.0047063522429005682 -0.0040686122824584673
leaf_weight=34.076978743076324 151.92001788318157 43.96759232878685 68.526539325714111 153.39256976544857 14.628889456391333 9.3771908432245237
leaf_count=149 659 183 287 648 60 39
internal_value=0.000143074 -0.00241856 -0.0147416 0.00218833 0.0180368 0.0255634
internal_weight=475.89 417.807 112.494 305.313 58.0831 43.4542
internal_count=2025 1777 470 1307 248 188
is_linear=0
shrinkage=0.04


Tree=41
num_leaves=6
num_cat=0
split_feature=10 42 42 14 47
split_gain=13.7076 18.8224 17.4597 16.9127 0.971733
threshold=1.7572691506347471 -1.105815564931302 0.063417876327793291 -0.20238859450972868 0.45864582575588803
decision_type=2 2 2 2 2
left_child=1 4 -2 -3 -1
right_child=2 3 -4 -5 -6
leaf_value=0.044160277825493498 -0.007349790439442506 -0.013373029846772569 0.049656213888682459 0.0028979799766435804 0.018508652215304761
leaf_weight=10.24195381999016 14.668812960386278 167.25157818198204 17.321736678481102 256.65911826491356 8.9487070739269239
leaf_count=44 61 704 71 1105 40
internal_value=0.00013911 -0.00173121 0.0246225 -0.00355431 0.0350746
internal_weight=475.092 443.101 31.9905 423.911 19.1907
internal_count=2025 1893 132 1809 84
is_linear=0
shrinkage=0.04


Tree=42
num_leaves=8
num_cat=0
split_feature=53 53 26 26 4 40 42
split_gain=13.1902 24.3077 22.7842 18.8983 14.2871 9.53413 5.32594
threshold=0.58333333333333337 0.41666666666666669 0.3097818709935955 0.85755781976572221 -0.26637723879658787 -0.2389637655431672 0.58779869996893985
decision_type=2 2 2 2 2 2 2
left_child=1 3 4 -1 -2 -3 -4
right_child=2 5 6 -5 -6 -7 -8
leaf_value=0.0039659798321349691 0.018890226131038065 -0.052525920081147738 0.047813107757033652 -0.025178428362535841 -0.024691798669462188 -0.013711248352348368 0.0093528381185812876
leaf_weight=315.62434704601765 21.122976496815681 16.777771428227425 24.785875767469406 38.093334704637527 23.168390884995461 26.401644796133041 8.790060952305792
leaf_count=1311 95 75 132 159 101 114 38
internal_value=0.000149847 -0.00282162 0.0149871 0.00070338 -0.00398896 -0.0304506 0.0388362
internal_weight=474.764 396.897 77.8673 353.718 44.2914 43.1794 33.5759
internal_count=2025 1659 366 1470 196 189 170
is_linear=0
shrinkage=0.04


Tree=43
num_leaves=5
num_cat=0
split_feature=35 14 36 38
split_gain=13.148 12.636 23.776 20.8191
threshold=-1.3579213220591606 -0.19532468953217416 -0.16060748317947679 1.84296596656219
decision_type=2 2 2 2
left_child=-1 3 -3 -2
right_child=1 2 -4 -5
leaf_value=0.039680374109082601 -0.013324118803029403 0.019150075480826294 -0.0048114100481497606 0.030603202155921872
leaf_weight=11.085592880845068 169.19020387530327 105.86537957191467 170.22514846920967 17.300893500447273
leaf_count=48 714 461 730 72
internal_value=0.000138618 -0.000975728 0.00444814 -0.00896748
internal_weight=473.667 462.582 276.091 186.491
internal_count=2025 1977 1191 786
is_linear=0
shrinkage=0.04


Tree=44
num_leaves=5
num_cat=0
split_feature=35 28 36 14
split_gain=12.3721 12.7312 32.167 16.4582
threshold=-1.3579213220591606 -0.69255466573825297 0.45515229017421693 -0.58088403667410404
decision_type=2 2 2 2
left_child=-1 2 -2 -3
right_child=1 3 -4 -5
leaf_value=0.038670680188852738 0.039171452309737641 -0.019098609647812431 -0.030615588501133512 0.0007780836661502483
leaf_weight=10.974513694643973 32.902784571051598 81.195255041122437 13.436190381646155 334.48531821370125
leaf_count=48 144 340 56 1437
internal_value=0.000145766 -0.000932063 0.0185069 -0.00317731
internal_weight=472.994 462.02 46.339 415.681
internal_count=2025 1977 200 1777
is_linear=0
shrinkage=0.04


Tree=45
num_leaves=6
num_cat=0
split_feature=10 42 37 42 25
split_gain=12.1686 17.7919 24.5662 16.509 14.1172
threshold=1.7572691506347471 -0.49878133417679826 -0.34582147246445988 0.063417876327793291 -0.78431320032967611
decision_type=2 2 2 2 2
left_child=1 4 -3 -2 -1
right_child=3 2 -4 -5 -6
leaf_value=0.034859201896865158 -0.0077497724364603351 0.0096395958236244594 -0.013708602999234877 0.047731617135867356 0.0032476037126543153
leaf_weight=29.405905649065971 14.640931814908983 104.02241991460323 224.79506894946098 17.193791344761848 82.391290694475174
leaf_count=138 61 451 953 71 351
internal_value=0.000145455 -0.00162258 -0.00630871 0.0232657 0.0120289
internal_weight=472.449 440.615 328.817 31.8347 111.797
internal_count=2025 1893 1404 132 489
is_linear=0
shrinkage=0.04


Tree=46
num_leaves=8
num_cat=0
split_feature=53 53 26 26 4 37 42
split_gain=12.2823 23.0051 21.6235 17.1977 13.1419 11.0433 5.0589
threshold=0.58333333333333337 0.41666666666666669 0.3097818709935955 0.99418311996058384 -0.26637723879658787 0.17652228900526404 0.58779869996893985
decision_type=2 2 2 2 2 2 2
left_child=1 3 4 -1 -2 -3 -4
right_child=2 5 6 -5 -6 -7 -8
leaf_value=0.0030722164398389296 0.018154276903415999 -0.039943730619279416 0.047030170831805121 -0.031977184428017717 -0.023781753058423751 0.0077358474355812478 0.0093393172064622637
leaf_weight=330.10788097977638 20.918840378522873 33.44262321293354 24.126275360584259 22.019910290837288 23.070487678050995 9.2130490690469724 8.7763511538505536
leaf_count=1377 95 149 132 93 101 40 38
internal_value=0.000152999 -0.0027137 0.014567 0.000712224 -0.00391711 -0.0297603 0.0380879
internal_weight=471.675 394.783 76.892 352.128 43.9893 42.6557 32.9026
internal_count=2025 1659 366 1470 196 189 170
is_linear=0
shrinkage=0.04


Tree=47
num_leaves=8
num_cat=0
split_feature=53 53 26 13 4 37 42
split_gain=11.5027 21.463 20.4851 16.7295 12.2163 10.3941 4.9241
threshold=0.58333333333333337 0.41666666666666669 0.3097818709935955 -0.23796788147699599 -0.26637723879658787 0.17652228900526404 0.58779869996893985
decision_type=2 2 2 2 2 2 2
left_child=1 3 4 -1 -2 -3 -4
right_child=2 5 6 -5 -6 -7 -8
leaf_value=0.014643001791943545 0.017561723646880439 -0.038827846567777873 0.046297410148048432 -0.0047091677568076697 -0.022916008567964798 0.0074811672234054542 0.0090468773760779969
leaf_weight=97.015681147575378 20.829012408852577 33.092214107513428 23.57072488963604 254.97750835120678 23.060141235589981 9.2136919945478422 8.7625763714313489
leaf_count=405 95 149 132 1065 101 40 38
internal_value=0.000145893 -0.00262157 0.014163 0.000677235 -0.00377783 -0.0288599 0.0373173
internal_weight=470.522 394.299 76.2225 351.993 43.8892 42.3059 32.3333
internal_count=2025 1659 366 1470 196 189 170
is_linear=0
shrinkage=0.04


Tree=48
num_leaves=7
num_cat=0
split_feature=10 36 4 10 46 10
split_gain=11.4959 14.0913 27.1172 21.1953 13.2575 5.63967
threshold=1.7572691506347471 0.34141825593415248 -0.33611800710825257 0.2176553291255037 0.73126825492442271 2.2966643109896276
decision_type=2 2 2 2 2 2
left_child=1 3 -3 -1 5 -2
right_child=4 2 -4 -5 -6 -7
leaf_value=0.010880922369837554 0.021242520450039139 0.024356551729996016 -0.020884801468681304 -0.011078554761924176 0.05264324022559233 -0.017663841653890608
leaf_weight=197.86345286667347 9.6956549286842399 24.445627585053444 108.65556685626507 106.60416170954704 11.87938432395458 10.169857814908026
leaf_count=868 41 103 465 457 49 42
internal_value=0.000145892 -0.00158195 -0.0123381 0.00317006 0.0226444 0.00153112
internal_weight=469.314 437.569 133.101 304.468 31.7449 19.8655
internal_count=2025 1893 568 1325 132 83
is_linear=0
shrinkage=0.04


Tree=49
num_leaves=5
num_cat=0
split_feature=35 53 53 42
split_gain=11.3266 12.3001 24.6333 18.6058
threshold=-1.3579213220591606 0.58333333333333337 0.41666666666666669 0.81083569836036795
decision_type=2 2 2 2
left_child=-1 2 -2 -3
right_child=1 3 -4 -5
leaf_value=0.037283759126805309 -0.0002805931015340605 0.021177364635354867 -0.032894494161728398 -0.035158777293474122
leaf_weight=10.786920487880705 343.08748035132885 66.243564516305923 39.545471802353859 9.029384568333624
leaf_count=48 1434 325 178 40
internal_value=0.000150283 -0.000882805 -0.00380479 0.0136845
internal_weight=468.693 457.906 382.633 75.2729
internal_count=2025 1977 1612 365
is_linear=0
shrinkage=0.04


Tree=50
num_leaves=8
num_cat=0
split_feature=25 45 28 39 41 47 40
split_gain=11.0507 19.8491 18.2722 19.6988 14.5452 11.8016 6.0989
threshold=0.11673850129922823 -0.19858379784180405 -0.66280084444988951 -0.524220184430083 -0.25276065925004038 0.92684542896486599 -0.29009514685619875
decision_type=2 2 2 2 2 2 2
left_child=2 4 6 -4 -2 -3 -1
right_child=1 5 3 -5 -6 -7 -8
leaf_value=0.008055464129611405 -0.024297235402243451 -0.022508313324489659 -0.028383957840851629 0.0062077160837226957 0.016874580205009058 0.007568343769521097 0.048101728741069237
leaf_weight=10.146496370434763 15.375850901007651 101.31752315163612 28.19947861135006 204.44346287846565 65.414227336645126 25.097865223884583 17.748092263936996
leaf_count=48 66 440 126 882 279 107 77
internal_value=0.000142864 -0.00671596 0.00560729 0.00180854 0.00864115 -0.0165122 0.0350486
internal_weight=467.743 207.205 260.538 232.643 80.7901 126.415 27.8946
internal_count=2025 892 1133 1008 345 547 125
is_linear=0
shrinkage=0.04


Tree=51
num_leaves=7
num_cat=0
split_feature=33 53 53 14 14 42
split_gain=10.8711 12.9576 26.0954 17.3518 7.64214 5.69758
threshold=-0.83515495112515226 -1.0000000180025095e-35 0.25000000000000006 -0.19532468953217416 -1.3422068965539002 -0.18348853973504511
decision_type=2 2 2 2 2 2
left_child=4 3 -3 -2 -1 -6
right_child=1 2 -4 -5 5 -7
leaf_value=-0.014444158214453707 -0.025581398120241065 0.022210227656665055 -0.0057828389791776602 -0.00028942378843048162 0.030810176498383628 2.0354393320611851e-05
leaf_weight=9.3908649981021863 68.943164110183716 80.470467284321785 148.8949326723814 111.91182425618172 34.295325413346291 13.085534557700155
leaf_count=40 286 340 685 466 154 54
internal_value=0.000139306 -0.0021559 0.00414533 -0.0101052 0.016233 0.0226519
internal_weight=466.992 410.22 229.365 180.855 56.7717 47.3809
internal_count=2025 1777 1025 752 248 208
is_linear=0
shrinkage=0.04


Tree=52
num_leaves=6
num_cat=0
split_feature=10 42 42 39 47
split_gain=10.4756 15.6064 15.2597 12.573 1.25131
threshold=1.7572691506347471 -1.105815564931302 0.063417876327793291 -0.25186124329619858 0.45864582575588803
decision_type=2 2 2 2 2
left_child=1 4 -2 -3 -1
right_child=2 3 -4 -5 -6
leaf_value=0.042062997602333986 -0.0081205405136195504 0.0060631278472732088 0.045361694866198468 -0.0083580646757965022 0.015638648407475635
leaf_weight=9.9465292096138018 14.556071415543558 149.23445174098015 16.994655564427376 267.14137271046638 8.6297123879194242
leaf_count=44 61 661 71 1148 40
internal_value=0.000135281 -0.00151917 0.0216742 -0.00318505 0.0325006
internal_weight=466.503 434.952 31.5507 416.376 18.5762
internal_count=2025 1893 132 1809 84
is_linear=0
shrinkage=0.04


Tree=53
num_leaves=8
num_cat=0
split_feature=53 28 53 35 26 27 33
split_gain=10.2301 19.7949 30.4906 25.4118 19.6209 11.072 4.60296
threshold=0.58333333333333337 -0.69255466573825297 0.25000000000000006 0.37517722070770593 0.3097818709935955 0.23742886839387561 0.67611766354800207
decision_type=2 2 2 2 2 2 2
left_child=1 3 -3 -1 5 -2 -6
right_child=4 2 -4 -5 6 -7 -8
leaf_value=0.046080420659195459 0.0069423383817278309 0.00045820483790849891 -0.028736942846021459 -0.021833783673826046 0.047724417397175672 -0.038427665915138305 0.013465767251614755
leaf_weight=25.230983674526215 34.035210266709328 284.77574719488621 69.6133022159338 11.591639310121534 19.734153255820278 9.3332058191299421 11.741702392697333
leaf_count=111 155 1191 308 49 117 41 53
internal_value=0.000146276 -0.00246302 -0.00540574 0.0246778 0.0134942 -0.00408522 0.0365127
internal_weight=466.056 391.212 354.389 36.8226 74.8443 43.3684 31.4759
internal_count=2025 1659 1499 160 366 196 170
is_linear=0
shrinkage=0.04


Tree=54
num_leaves=5
num_cat=0
split_feature=35 53 53 26
split_gain=10.298 10.9162 21.8793 18.833
threshold=-1.3579213220591606 0.58333333333333337 0.41666666666666669 0.3097818709935955
decision_type=2 2 2 2
left_child=-1 2 -2 -3
right_child=1 3 -4 -5
leaf_value=0.035847564651712238 -0.00028177123300405626 -0.0042171254888104916 -0.031302991636183816 0.035795844268926506
leaf_weight=10.579832717776297 341.3645846247673 43.063986867666245 38.721729621291161 30.930909797549248
leaf_count=48 1434 195 178 170
internal_value=0.000146238 -0.000839133 -0.0035894 0.0130107
internal_weight=464.661 454.081 380.086 73.9949
internal_count=2025 1977 1612 365
is_linear=0
shrinkage=0.04


Tree=55
num_leaves=8
num_cat=0
split_feature=33 40 20 26 47 49 25
split_gain=9.99419 12.0862 23.7674 20.4517 7.12767 6.5394 6.0635
threshold=-0.83515495112515226 0.48776001800412516 -0.1316952826726995 0.3097818709935955 0.85546523629265714 0.26500171026055674 -0.65574887184699837
decision_type=2 2 2 2 2 2 2
left_child=4 3 -3 -2 6 -6 -1
right_child=1 2 -4 -5 5 -7 -8
leaf_value=0.036956718779739488 -0.0052840550664200302 0.0098963498437926751 -0.027652657327501766 0.016786497704318577 -0.025737778373802346 0.017312156933761896 0.0037505021576823795
leaf_weight=23.447325512766838 197.77017582952976 42.624509900808334 67.762463748455048 99.255079314112663 9.1854103952646273 9.4742658883333188 14.202446579933165
leaf_count=107 848 180 290 459 41 41 59
internal_value=0.000147293 -0.00205997 -0.0132355 0.00215407 0.0156402 -0.00431969 0.0252515
internal_weight=463.722 407.412 110.387 297.025 56.3094 18.6597 37.6498
internal_count=2025 1777 470 1307 248 82 166
is_linear=0
shrinkage=0.04


Tree=56
num_leaves=7
num_cat=0
split_feature=10 14 24 41 40 20
split_gain=9.76129 11.6892 17.5466 16.1961 10.8705 7.02575
threshold=1.7572691506347471 -0.28633293373587643 0.49266626036631955 -0.50798512745618163 1.3433132437983168 0.030287840820637502
decision_type=2 2 2 2 2 2
left_child=1 3 -3 -1 5 -2
right_child=4 2 -4 -5 -6 -7
leaf_value=0.0097488584037806469 0.011153790996761861 0.01000613885665033 -0.011289117575683918 -0.018850987292322249 -0.011962413577657949 0.057533342041360534
leaf_weight=43.511251524090767 11.338250085711485 194.46136075258255 88.494915872812271 105.17192642390728 9.9540429413318616 10.075127720832823
leaf_count=190 48 864 388 451 42 42
internal_value=0.000146435 -0.00145836 0.00331353 -0.0104631 0.0209934 0.0360262
internal_weight=463.007 431.639 282.956 148.683 31.3674 21.4134
internal_count=2025 1893 1252 641 132 90
is_linear=0
shrinkage=0.04


Tree=57
num_leaves=7
num_cat=0
split_feature=28 36 53 53 26 40
split_gain=9.72447 26.8349 15.7284 26.9801 11.7334 8.62992
threshold=-0.69255466573825297 0.45515229017421693 0.58333333333333337 0.25000000000000006 0.3097818709935955 -0.58535069441313148
decision_type=2 2 2 2 2 2
left_child=1 5 3 -2 -4 -1
right_child=2 -3 4 -5 -6 -7
leaf_value=0.00097671682038497011 0.0003677869421468718 -0.02776979132322312 0.0004935776172840722 -0.027259478659820244 0.034099586943314629 0.048293372698457605
leaf_weight=8.2537751644849795 283.91071018576622 13.159506469964979 36.117012590169907 68.61068657040596 28.892724104225636 23.418142482638359
leaf_count=40 1191 56 165 308 161 104
internal_value=0.00014892 0.0174363 -0.00178154 -0.00513271 0.0160013 0.036753
internal_weight=462.363 44.8314 417.531 352.521 65.0097 31.6719
internal_count=2025 200 1825 1499 326 144
is_linear=0
shrinkage=0.04


Tree=58
num_leaves=8
num_cat=0
split_feature=53 25 53 53 4 53 40
split_gain=9.3584 22.8724 20.261 16.2044 15.3454 23.1534 16.9998
threshold=-0.24999999999999997 -0.5855967127244478 -0.58333333333333315 -0.41666666666666657 0.82504186054964401 0.25000000000000006 0.4810739719479325
decision_type=2 2 2 2 2 2 2
left_child=1 2 -1 -3 5 -2 -6
right_child=4 3 -4 -5 6 -7 -8
leaf_value=-0.017938150514115764 0.020649855190044288 -0.0064975112566448209 0.041993926740275883 -0.03817060019986851 0.0073274560854250286 -0.0031506215679823518 -0.048675573053346119
leaf_weight=12.818957686424254 118.07207788527012 99.874959155917168 22.596223473548889 33.41609038412571 16.458216309547428 142.63001039624214 15.325272619724272
leaf_count=55 498 419 98 139 76 673 67
internal_value=0.00014899 -0.00730331 0.0205015 -0.0148849 0.0044679 0.00770377 -0.0209589
internal_weight=461.192 168.706 35.4152 133.291 292.486 260.702 31.7835
internal_count=2025 711 153 558 1314 1171 143
is_linear=0
shrinkage=0.04


Tree=59
num_leaves=5
num_cat=0
split_feature=35 28 36 53
split_gain=9.12704 10.1165 24.8225 16.5647
threshold=-1.3579213220591606 -0.69255466573825297 0.45515229017421693 0.58333333333333337
decision_type=2 2 2 2
left_child=-1 2 -2 -3
right_child=1 3 -4 -5
leaf_value=0.03410146283753749 0.035596964325497742 -0.006328756832348981 -0.026644227362240508 0.015499486616333331
leaf_weight=10.321788936853407 31.354242794215679 341.21652308106422 13.098062440752981 64.429909624159336
leaf_count=48 144 1452 56 325
internal_value=0.000135635 -0.000790692 0.0168998 -0.00280268
internal_weight=460.421 450.099 44.4523 405.646
internal_count=2025 1977 200 1777
is_linear=0
shrinkage=0.04


Tree=60
num_leaves=7
num_cat=0
split_feature=10 46 14 24 39 10
split_gain=9.19185 11.7679 10.6306 15.5266 15.2041 4.83001
threshold=1.7572691506347471 0.73126825492442271 -0.28633293373587643 0.49266626036631955 -0.29710314639761276 2.2966643109896276
decision_type=2 2 2 2 2 2
left_child=2 5 4 -4 -1 -2
right_child=1 -3 3 -5 -6 -7
leaf_value=0.010883673590174866 0.019039262576850475 0.048985636610623579 0.0094657106302007913 -0.010639815671074559 -0.017690613509442538 -0.017212585139101965
leaf_weight=39.278395935893059 9.4680747836828285 11.613642215728758 192.95451743155718 87.850860521197319 108.30643938481808 10.070306345820425
leaf_count=174 41 49 864 388 467 42
internal_value=0.000140212 0.0204348 -0.00142369 0.00314487 -0.010042 0.000491333
internal_weight=459.542 31.152 428.39 280.805 147.585 19.5384
internal_count=2025 132 1893 1252 641 83
is_linear=0
shrinkage=0.04


Tree=61
num_leaves=5
num_cat=0
split_feature=35 28 36 53
split_gain=8.68505 9.19553 23.2224 15.2788
threshold=-1.3579213220591606 -0.69255466573825297 0.45515229017421693 0.58333333333333337
decision_type=2 2 2 2
left_child=-1 2 -2 -3
right_child=1 3 -4 -5
leaf_value=0.033406958657281292 0.034410206855611365 -0.006060773090269575 -0.025957313071296374 0.014955617601651275
leaf_weight=10.226122453808783 31.006573118269444 340.53780746459961 13.043237283825873 64.05922569334507
leaf_count=48 144 1452 56 325
internal_value=0.000142406 -0.000760699 0.0161842 -0.00267608
internal_weight=458.873 448.647 44.0498 404.597
internal_count=2025 1977 200 1777
is_linear=0
shrinkage=0.04


Tree=62
num_leaves=6
num_cat=0
split_feature=10 42 42 14 40
split_gain=8.75479 13.6903 13.622 10.1891 1.57164
threshold=1.7572691506347471 -1.0620126455359877 0.063417876327793291 -0.20238859450972868 -0.064757664262475964
decision_type=2 2 2 2 2
left_child=1 4 -2 -3 -1
right_child=2 3 -4 -5 -6
leaf_value=0.03812741004693123 -0.0082198551151584504 -0.010890042657416591 0.042629925062084489 0.0020264677206394844 0.012866493733453763
leaf_weight=11.353514492511751 14.382139682769777 159.42644014954567 16.646512269973755 246.31590543687344 9.8713107258081418
leaf_count=52 61 694 71 1101 46
internal_value=0.000146482 -0.00138206 0.0199899 -0.00307728 0.0284987
internal_weight=457.996 426.967 31.0287 405.742 21.2248
internal_count=2025 1893 132 1795 98
is_linear=0
shrinkage=0.04


Tree=63
num_leaves=7
num_cat=0
split_feature=25 42 53 53 14 47
split_gain=8.54728 27.4818 12.3768 17.1698 12.2172 3.03103
threshold=-0.89309555784200934 -0.26988941368845137 -0.24999999999999997 0.25000000000000006 -0.19532468953217416 0.91031279991571545
decision_type=2 2 2 2 2 2
left_child=1 5 4 -4 -2 -1
right_child=2 -3 3 -5 -6 -7
leaf_value=0.049266783827452643 -0.024681854027565273 -0.024791735518884032 0.014755064977611572 -0.0054901085999327437 -0.0013668071826036677 0.016508560981118775
leaf_weight=17.745644330978397 58.649517461657524 14.842440992593763 118.49009519815445 149.35592177510262 88.952448263764381 9.5176508873701078
leaf_count=86 247 62 504 707 375 44
internal_value=0.000154525 0.0169001 -0.00161548 0.00350896 -0.0108371 0.0397407
internal_weight=457.554 42.1057 415.448 267.846 147.602 27.2633
internal_count=2025 192 1833 1211 622 130
is_linear=0
shrinkage=0.04


Tree=64
num_leaves=8
num_cat=0
split_feature=33 49 14 47 49 18 28
split_gain=8.24036 9.92822 10.3413 6.57194 5.8971 5.52945 4.91707
threshold=-0.83515495112515226 -0.74872254084381884 -0.20238859450972868 0.85546523629265714 0.26500171026055674 -0.85307070088633719 -0.1332899636544202
decision_type=2 2 2 2 2 2 2
left_child=3 6 -3 5 -5 -1 -2
right_child=1 2 -4 4 -6 -7 -8
leaf_value=0.00035299506648296328 0.030199225336307887 -0.012199212655391367 0.0015057678050448486 -0.025162775173630907 0.015973338527374398 0.033507944747646581 -0.0023591260282086681
leaf_weight=11.469515860080717 19.885843947529796 140.02758023142815 230.98596902936697 9.103580981492998 9.3026833534240705 25.324636727571487 10.816414102911947
leaf_count=51 96 608 1026 41 41 115 47
internal_value=0.000153383 -0.00186047 -0.00370443 0.0143616 -0.00484436 0.0237239 0.0192861
internal_weight=456.916 401.716 371.014 55.2004 18.4063 36.7942 30.7023
internal_count=2025 1777 1634 248 82 166 143
is_linear=0
shrinkage=0.04


Tree=65
num_leaves=7
num_cat=0
split_feature=25 45 4 47 11 11
split_gain=7.86759 19.0251 15.946 16.0058 12.7469 10.2239
threshold=0.11673850129922823 -0.19858379784180405 0.82504186054964401 0.56970972051266822 0.39376394411973076 0.15421892429151454
decision_type=2 2 2 2 2 2
left_child=2 5 3 -1 -3 -2
right_child=1 4 -4 -5 -6 -7
leaf_value=0.012557007883272629 -0.0049103278110469622 -0.0051622510071364907 -0.031005832097199898 -0.013539220686087627 -0.031544580939805 0.023295784929176583
leaf_weight=192.65799815952778 39.436443135142326 76.895020619034767 16.517626538872719 44.864588782191277 46.342567443847656 39.688338294625282
leaf_count=862 173 338 73 198 209 172
internal_value=0.000155173 -0.00569834 0.00482603 0.00755591 -0.0154285 0.00946315
internal_weight=456.403 202.362 254.04 237.523 123.238 79.1248
internal_count=2025 892 1133 1060 547 345
is_linear=0
shrinkage=0.04


Tree=66
num_leaves=7
num_cat=0
split_feature=25 42 53 53 14 46
split_gain=7.81033 25.9744 11.4725 15.6483 11.0564 3.88157
threshold=-0.89309555784200934 -0.26988941368845137 -0.24999999999999997 0.25000000000000006 -0.19532468953217416 -0.68731964549797853
decision_type=2 2 2 2 2 2
left_child=1 5 4 -4 -2 -1
right_child=2 -3 3 -5 -6 -7
leaf_value=0.015839980546695057 -0.023666008537931688 -0.024190435615634213 0.014146450590499222 -0.0052119849479482826 -0.001436400357117811 0.050591305601044002
leaf_weight=10.728163555264475 58.276712521910667 14.826822429895399 118.10377095639706 148.87827081233263 88.843362987041473 16.065013885498047
leaf_count=49 247 62 504 707 375 81
internal_value=0.000140191 0.0162425 -0.00154849 0.00339304 -0.0104412 0.0387434
internal_weight=455.722 41.62 414.102 266.982 147.12 26.7932
internal_count=2025 192 1833 1211 622 130
is_linear=0
shrinkage=0.04


Tree=67
num_leaves=6
num_cat=0
split_feature=10 46 48 39 10
split_gain=7.9335 10.9121 10.3496 13.0497 4.3071
threshold=1.7572691506347471 0.73126825492442271 -1.2256700887558842 -0.25186124329619858 2.2966643109896276
decision_type=2 2 2 2 2
left_child=2 4 -1 -4 -2
right_child=1 -3 3 -5 -6
leaf_value=0.031818270743416074 0.017602106874143673 0.046907199670211286 0.0069473220398364845 -0.0078046146794665686 -0.016768309000248151
leaf_weight=12.57687486708164 9.3478632867336326 11.371778115630148 148.43643503636122 263.30745270848274 10.004996970295904
leaf_count=55 41 49 677 1161 42
internal_value=0.000140017 0.0191194 -0.00131751 -0.00247857 -7.29268e-05
internal_weight=455.045 30.7246 424.321 411.744 19.3529
internal_count=2025 132 1893 1838 83
is_linear=0
shrinkage=0.04


Tree=68
num_leaves=7
num_cat=0
split_feature=28 35 53 53 42 40
split_gain=7.55639 20.7391 12.9463 23.2843 17.3432 10.5576
threshold=-0.69255466573825297 0.361817868315157 0.58333333333333337 0.25000000000000006 0.81083569836036795 -0.3022587895229682
decision_type=2 2 2 2 2 2
left_child=1 5 3 -2 -4 -1
right_child=2 -3 4 -5 -6 -7
leaf_value=0.0026972708779388344 0.00051636883032048393 -0.018234200337397956 0.022997225804546641 -0.025391274457951654 -0.033674234767626925 0.054053682389647105
leaf_weight=10.047419637441637 280.42712637782097 16.562348484992981 55.282457515597343 67.177815720438957 8.357812285423277 16.795883849263191
leaf_count=51 1191 71 288 308 38 78
internal_value=0.000148652 0.0156371 -0.00155387 -0.00460713 0.0147554 0.036351
internal_weight=454.651 43.4057 411.245 347.605 63.6403 26.8433
internal_count=2025 200 1825 1499 326 129
is_linear=0
shrinkage=0.04


Tree=69
num_leaves=7
num_cat=0
split_feature=20 8 10 42 37 11
split_gain=7.654 9.34197 8.18885 13.861 10.5154 1.88681
threshold=-1.0222926974003783 -0.45043757067476359 1.7572691506347471 0.063417876327793291 0.96534589799575055 -0.038742048192685806
decision_type=2 2 2 2 2 2
left_child=1 -1 4 -4 -2 -3
right_child=2 5 3 -5 -6 -7
leaf_value=-0.0081715712799456108 -0.00080593905422109504 0.045316194484583648 -0.01251296781052858 0.043164127494118472 -0.02400565069179483 0.016309475244092365
leaf_weight=12.658221885561941 362.30657158792019 10.31368613243103 11.344335347414018 14.540899083018301 32.2283705919981 9.9989980608224869
leaf_count=55 1630 45 49 63 139 44
internal_value=0.000144138 0.0181272 -0.00134531 0.019616 -0.00281257 0.0337793
internal_weight=453.391 32.9709 420.42 25.8852 394.535 20.3127
internal_count=2025 144 1881 112 1769 89
is_linear=0
shrinkage=0.04


Tree=70
num_leaves=5
num_cat=0
split_feature=35 14 48 44
split_gain=7.46316 8.60475 14.491 11.8836
threshold=-1.3579213220591606 -1.1772434994719141 -1.102755508293342 0.17105569748281066
decision_type=2 2 2 2
left_child=-1 3 -3 -2
right_child=1 2 -4 -5
leaf_value=0.031486452919225173 0.0028537165953328512 0.034357423874283539 -0.0008719587550727819 -0.048195528481626157
leaf_weight=9.8441916555166227 14.756803199648859 17.595498293638229 398.91711957007647 12.03622032701969
leaf_count=48 64 76 1785 52
internal_value=0.000149259 -0.000684914 0.000773376 -0.0218339
internal_weight=453.15 443.306 416.513 26.793
internal_count=2025 1977 1861 116
is_linear=0
shrinkage=0.04


Tree=71
num_leaves=8
num_cat=0
split_feature=53 53 28 39 24 53 17
split_gain=7.29234 18.084 37.0583 21.5337 13.1466 12.2353 7.3568
threshold=-1.0000000180025095e-35 0.25000000000000006 0.11355712979958131 0.20611553571433899 -0.57130716606659049 -0.74999999999999989 -0.45408091478609475
decision_type=2 2 2 2 2 2 2
left_child=4 2 -2 -3 6 -6 -1
right_child=1 3 -4 -5 5 -7 -8
leaf_value=-0.00012327722215725102 0.048996354081152237 -0.011485849634808901 -0.0030774348972937627 0.023378303986940085 0.0084192973483100276 -0.017118719730954583 0.029839269096331184
leaf_weight=32.993487030267715 36.231508791446686 119.00679732114077 50.567065119743347 35.047422476112843 38.347753688693047 120.96054217219353 19.740099936723709
leaf_count=143 160 573 218 171 161 514 85
internal_value=0.000146936 0.00489051 0.0192732 -0.00335627 -0.00523651 -0.0109432 0.0117733
internal_weight=452.895 240.853 86.7986 154.054 212.042 159.308 52.7336
internal_count=2025 1122 378 744 903 675 228
is_linear=0
shrinkage=0.04


Tree=72
num_leaves=5
num_cat=0
split_feature=49 35 45 7
split_gain=7.20031 7.58729 7.563 2.61213
threshold=-0.78698523948731591 -1.3579213220591606 0.18467754356400293 -0.39898602872755634
decision_type=2 2 2 2
left_child=3 -2 -3 -1
right_child=1 2 -4 -5
leaf_value=0.029736082406074376 0.030673881878561779 0.0022732665039110729 -0.0087356669502845416 0.0032457017889446728
leaf_weight=15.031740993261339 9.700247794389723 256.77221846580505 160.74231596291065 9.9906214177608472
leaf_count=74 48 1141 716 46
internal_value=0.000156004 -0.00110554 -0.00198659 0.0201824
internal_weight=452.237 427.215 417.515 25.0224
internal_count=2025 1905 1857 120
is_linear=0
shrinkage=0.04


Tree=73
num_leaves=7
num_cat=0
split_feature=28 35 40 24 42 45
split_gain=7.12088 18.9635 10.1972 8.5351 17.7153 11.4193
threshold=-0.69255466573825297 0.361817868315157 -0.3022587895229682 -0.57130716606659049 -0.43184334225461751 -0.19858379784180405
decision_type=2 2 2 2 2 2
left_child=1 2 -1 4 -2 -5
right_child=3 -3 -4 5 -6 -7
leaf_value=0.0022513231874294478 0.022311653635380929 -0.017164401784744893 0.052912286193667682 0.0046562093108206779 -0.011904955162158018 -0.010893476402710621
leaf_weight=9.9806187003850955 58.589847736060619 16.460614070296288 16.447335124015808 124.03950873017311 38.677355647087097 187.83216971158981
leaf_count=51 275 71 78 545 164 841
internal_value=0.000160187 0.0152867 0.0352844 -0.00149212 0.00874002 -0.0047187
internal_weight=452.027 42.8886 26.428 409.139 97.2672 311.872
internal_count=2025 200 129 1825 439 1386
is_linear=0
shrinkage=0.04


Tree=74
num_leaves=7
num_cat=0
split_feature=4 26 44 48 53 40
split_gain=6.97469 12.5361 19.1859 12.205 9.99266 11.9427
threshold=0.82504186054964401 0.2124358002625146 -0.053033283364444551 -0.04484138085073016 -0.41666666666666657 0.4810739719479325
decision_type=2 2 2 2 2 2
left_child=1 3 -3 -1 -2 -6
right_child=4 2 -4 -5 5 -7
leaf_value=0.0026540200206756482 0.015727414689893443 0.027498112714322228 -0.0034411735157772946 -0.015524860171246815 -0.0017866625124092631 -0.046483687400138758
leaf_weight=194.26016709208488 12.20269453525543 63.095199726521969 62.427728496491909 82.64657287299633 19.525020927190781 17.068046286702156
leaf_count=858 53 292 288 367 90 77
internal_value=0.000162394 0.00191638 0.0122981 -0.00284413 -0.013809 -0.0239631
internal_weight=451.225 402.43 125.523 276.907 48.7958 36.5931
internal_count=2025 1805 580 1225 220 167
is_linear=0
shrinkage=0.04


Tree=75
num_leaves=6
num_cat=0
split_feature=10 42 42 45 40
split_gain=6.98338 14.9813 11.0133 10.8198 0.882688
threshold=1.81927369396067 0.063417876327793291 -1.105815564931302 0.18467754356400293 -0.064757664262475964
decision_type=2 2 2 2 2
left_child=2 -2 4 -4 -1
right_child=1 -3 3 -5 -6
leaf_value=0.036778880989951787 -0.011032008598576632 0.044071313646338275 0.0024868665097940315 -0.010956601603124606 0.013611450108816345
leaf_weight=9.1042381525039691 13.662631496787073 14.81504814326763 253.19125963002443 151.53936079144478 8.269965931773184
leaf_count=43 59 65 1135 682 41
internal_value=0.000152057 0.0186455 -0.00117766 -0.00257577 0.0282949
internal_weight=450.583 28.4777 422.105 404.731 17.3742
internal_count=2025 124 1901 1817 84
is_linear=0
shrinkage=0.04


Tree=76
num_leaves=7
num_cat=0
split_feature=53 42 26 53 26 37
split_gain=6.91419 16.4467 17.2453 15.3325 12.9965 8.92247
threshold=0.58333333333333337 0.8967308563998222 0.33389165995439968 0.41666666666666669 0.64126967106734489 0.17652228900526404
decision_type=2 2 2 2 2 2
left_child=3 2 -2 4 -1 -5
right_child=1 -3 -4 5 -6 -7
leaf_value=0.0045352297468000905 0.0012957580893471069 -0.037118877102953987 0.043288585826208557 -0.034790586164360281 -0.015287636292851951 0.0092527475968052584
leaf_weight=277.07245492935181 38.415599033236504 7.8987221121788016 24.550274111330509 30.399029955267906 63.307025909423828 8.5866837203502637
leaf_count=1196 179 37 150 149 274 40
internal_value=0.000159887 0.0114495 0.0184973 -0.00199797 0.000780618 -0.0251118
internal_weight=450.23 70.8646 62.9659 379.365 340.379 38.9857
internal_count=2025 366 329 1659 1470 189
is_linear=0
shrinkage=0.04


Tree=77
num_leaves=7
num_cat=0
split_feature=28 36 53 53 42 40
split_gain=6.92553 18.6677 11.592 21.0193 15.0003 7.92124
threshold=-0.69255466573825297 0.45515229017421693 0.58333333333333337 0.25000000000000006 0.81083569836036795 -0.57325078052632061
decision_type=2 2 2 2 2 2
left_child=1 5 3 -2 -4 -1
right_child=2 -3 4 -5 -6 -7
leaf_value=-0.0020178335241956484 0.00049198190269033996 -0.023036923641453742 0.021889473826531475 -0.024325983645721222 -0.031376164278019071 0.043484147098504317
leaf_weight=8.0168872922658903 278.57230779528618 12.709369048476217 54.013165213167667 65.890009194612503 8.1541546434164029 21.739127904176716
leaf_count=41 1191 56 288 308 38 103
internal_value=0.000149082 0.01514 -0.00148289 -0.00436831 0.0141427 0.03187
internal_weight=449.095 42.4654 406.63 344.462 62.1673 29.756
internal_count=2025 200 1825 1499 326 144
is_linear=0
shrinkage=0.04


Tree=78
num_leaves=8
num_cat=0
split_feature=53 53 26 37 24 53 17
split_gain=6.86047 16.5528 33.7352 20.5508 11.54 11.4816 7.08768
threshold=-1.0000000180025095e-35 0.25000000000000006 0.85755781976572221 0.399885503014074 -0.57130716606659049 -0.74999999999999989 -0.45408091478609475
decision_type=2 2 2 2 2 2 2
left_child=4 2 -2 -3 6 -6 -1
right_child=1 3 -4 -5 5 -7 -8
leaf_value=-0.00074838887028736572 0.028881551955549766 -0.0091742791863991553 -0.038765422598935742 0.032085285946987639 0.0083195246015632957 -0.016439348567212624 0.028728575874431735
leaf_weight=32.796880811452866 73.61849382519722 130.4282842874527 12.183371201157568 20.629635274410248 38.3105858117342 120.31619000434875 19.570972815155983
leaf_count=143 324 638 54 106 161 514 85
internal_value=0.000141218 0.00479486 0.0186118 -0.00319393 -0.00507887 -0.0104306 0.0109194
internal_weight=447.854 236.86 85.8019 151.058 210.995 158.627 52.3679
internal_count=2025 1122 378 744 903 675 228
is_linear=0
shrinkage=0.04


Tree=79
num_leaves=7
num_cat=0
split_feature=20 8 53 53 35 40
split_gain=6.66605 8.31961 7.53957 14.6469 8.8998 2.065
threshold=-1.0222926974003783 -0.45043757067476359 -1.0000000180025095e-35 0.25000000000000006 -0.14974276344626106 -0.14194919401348907
decision_type=2 2 2 2 2 2
left_child=1 -1 4 -4 -2 -3
right_child=2 5 3 -5 -6 -7
leaf_value=-0.0079084363618889836 0.0021725521090935123 0.045652582500946573 0.016859667340474366 -0.0041648966249029232 -0.014973345044526878 0.016132574565336521
leaf_weight=12.502698540687559 89.564745292067528 8.6744869053363782 82.818903848528862 139.84350055456161 102.35066658258438 11.355415448546411
leaf_count=55 387 40 366 693 435 49
internal_value=0.00014203 0.0170297 -0.00125857 0.00373563 -0.00703167 0.031901
internal_weight=447.11 32.5326 414.578 222.662 191.915 20.0299
internal_count=2025 144 1881 1059 822 89
is_linear=0
shrinkage=0.04


Tree=80
num_leaves=7
num_cat=0
split_feature=28 36 53 53 13 40
split_gain=6.5749 16.9963 11.0358 19.1342 9.34746 7.64119
threshold=-0.69255466573825297 0.45515229017421693 0.58333333333333337 0.25000000000000006 0.24737982747880205 -0.57325078052632061
decision_type=2 2 2 2 2 2
left_child=1 5 3 -2 -4 -1
right_child=2 -3 4 -5 -6 -7
leaf_value=-0.0023349667884813904 0.00037346147599551824 -0.021736664857568151 0.0050947276804516441 -0.023400320225135506 0.041396942101753105 0.042456816854580352
leaf_weight=7.9697861000895491 277.71674928069115 12.593996137380598 48.584300316870213 65.273378103971481 13.104840010404585 21.384823560714725
leaf_count=41 1191 56 252 308 74 103
internal_value=0.000146209 0.0148433 -0.00144278 -0.00426028 0.0138643 0.0309226
internal_weight=446.628 41.9486 404.679 342.99 61.6891 29.3546
internal_count=2025 200 1825 1499 326 144
is_linear=0
shrinkage=0.04


Tree=81
num_leaves=6
num_cat=0
split_feature=49 14 40 20 7
split_gain=6.41832 7.18129 21.1009 11.6734 2.33817
threshold=-0.78698523948731591 -0.58088403667410404 1.4322248133556508 -1.0222926974003783 -0.39898602872755634
decision_type=2 2 2 2 2
left_child=4 2 -2 -3 -1
right_child=1 3 -4 -5 -6
leaf_value=0.028439517404211738 -0.018788374154314606 0.027305828760603629 0.039971607854870583 -0.00056921460522283112 0.0031144157772091453
leaf_weight=14.619453348219396 73.913562670350075 24.024647444486618 9.321297734975813 313.86641009151936 9.825054928660391
leaf_count=74 329 107 41 1428 46
internal_value=0.000148679 -0.00104681 -0.0114245 0.00156176 0.0192659
internal_weight=445.57 421.126 83.2349 337.891 24.4445
internal_count=2025 1905 370 1535 120
is_linear=0
shrinkage=0.04


Tree=82
num_leaves=6
num_cat=0
split_feature=10 42 42 37 47
split_gain=6.27449 11.8471 9.87791 9.07978 1.23145
threshold=1.7572691506347471 0.063417876327793291 -1.105815564931302 0.89873940608021463 0.42590246223933126
decision_type=2 2 2 2 2
left_child=2 -2 4 -4 -1
right_child=1 -3 3 -5 -6
leaf_value=0.03657069739799234 -0.0091751413626672274 0.038862223506040537 -0.00049085037608687597 -0.02072242746264576 0.011510475374442193
leaf_weight=8.8529253453016299 13.992375299334528 15.947890907526014 360.88281927257776 37.377035431563854 8.1458280235528928
leaf_count=43 61 71 1647 162 41
internal_value=0.000157281 0.0172435 -0.00115139 -0.00248366 0.0270377
internal_weight=445.199 29.9403 415.259 398.26 16.9988
internal_count=2025 132 1893 1809 84
is_linear=0
shrinkage=0.04


Tree=83
num_leaves=5
num_cat=0
split_feature=37 12 28 42
split_gain=6.26026 6.58773 7.65606 5.57839
threshold=-1.1046355118309794 -1.0897310761338386 0.65027993442018672 -0.90532523028510969
decision_type=2 2 2 2
left_child=-1 3 -3 -2
right_child=1 2 -4 -5
leaf_value=0.031719915542469855 -0.0013159546783492624 0.0010166886316301197 -0.012408413219881523 0.036691327709466606
leaf_weight=7.8366383686661711 11.070904046297075 330.88447280973196 83.455082550644875 11.609846606850622
leaf_count=48 52 1498 375 52
internal_value=0.000161702 -0.000546124 -0.00173397 0.019536
internal_weight=444.857 437.02 414.34 22.6808
internal_count=2025 1977 1873 104
is_linear=0
shrinkage=0.04


Tree=84
num_leaves=5
num_cat=0
split_feature=35 14 48 35
split_gain=6.13441 7.85813 12.7297 8.64693
threshold=-1.3579213220591606 -1.1772434994719141 -1.102755508293342 -0.63839405043004704
decision_type=2 2 2 2
left_child=-1 3 -3 -2
right_child=1 2 -4 -5
leaf_value=0.029127921871392685 -0.047878603465258962 0.032518882779799994 -0.00074779954408761497 -0.0023943496008939818
leaf_weight=9.4031233787536603 9.4219163358211535 17.307903870940208 391.80678945034742 16.676647499203682
leaf_count=48 41 76 1785 75
internal_value=0.000165575 -0.000590561 0.000810924 -0.0210539
internal_weight=444.616 435.213 409.115 26.0986
internal_count=2025 1977 1861 116
is_linear=0
shrinkage=0.04


Tree=85
num_leaves=7
num_cat=0
split_feature=28 36 53 53 26 40
split_gain=6.02361 15.92 10.3092 18.0834 10.9545 7.88135
threshold=-0.69255466573825297 0.42574387687767318 0.58333333333333337 0.25000000000000006 0.3097818709935955 -0.3022587895229682
decision_type=2 2 2 2 2 2
left_child=1 5 3 -2 -4 -1
right_child=2 -3 4 -5 -6 -7
leaf_value=0.001936177008449447 0.0004137138861291397 -0.019494727795436855 -0.0015414578746879273 -0.022788341147012253 0.031818395950007308 0.045546374968437664
leaf_weight=10.249247357249258 276.94749188423157 13.507492080330847 34.672038912773132 64.667831137776375 26.593312129378319 17.784955292940143
leaf_count=53 1191 60 165 308 161 87
internal_value=0.000161182 0.0142975 -0.00135986 -0.00408551 0.0134871 0.0307932
internal_weight=444.422 41.5417 402.881 341.615 61.2654 28.0342
internal_count=2025 200 1825 1499 326 140
is_linear=0
shrinkage=0.04


Tree=86
num_leaves=8
num_cat=0
split_feature=53 53 28 13 24 53 17
split_gain=6.0194 14.0419 32.5885 19.3286 10.0045 10.7081 6.89384
threshold=-1.0000000180025095e-35 0.25000000000000006 0.11355712979958131 0.19275384717730612 -0.57130716606659049 -0.74999999999999989 -0.45408091478609475
decision_type=2 2 2 2 2 2 2
left_child=4 2 -2 -3 6 -6 -1
right_child=1 3 -4 -5 5 -7 -8
leaf_value=-0.0012996989548005836 0.045852716390065662 -0.010685862560217498 -0.00358231867395995 0.022966155859696653 0.008378906523586074 -0.01555562613786934 0.027849347688788134
leaf_weight=32.524410158395767 34.910649180412292 115.03895106911659 49.938063487410545 33.643846765160561 38.242136105895042 119.56192208826542 19.421068727970123
leaf_count=143 160 573 218 171 161 514 85
internal_value=0.000162234 0.00456132 0.017345 -0.00286735 -0.00473246 -0.00972307 0.0102268
internal_weight=443.281 233.532 84.8487 148.683 209.75 157.804 51.9455
internal_count=2025 1122 378 744 903 675 228
is_linear=0
shrinkage=0.04


Tree=87
num_leaves=6
num_cat=0
split_feature=10 42 42 45 47
split_gain=5.93153 13.3826 9.14354 10.3823 1.15324
threshold=1.81927369396067 0.063417876327793291 -1.105815564931302 0.18467754356400293 0.42590246223933126
decision_type=2 2 2 2 2
left_child=2 -2 4 -4 -1
right_child=1 -3 3 -5 -6
leaf_value=0.035546070727755695 -0.010693114806022266 0.041855359866540383 0.0026575536571876324 -0.010622967511996493 0.011145085341101035
leaf_weight=8.6883650273084658 13.495830893516542 14.366073027253149 249.02618399262428 148.90234284102917 8.0792457014322263
leaf_count=43 59 65 1135 682 41
internal_value=0.000170186 0.0173904 -0.00106469 -0.00234021 0.0262294
internal_weight=442.558 27.8619 414.696 397.929 16.7676
internal_count=2025 124 1901 1817 84
is_linear=0
shrinkage=0.04


Tree=88
num_leaves=5
num_cat=0
split_feature=37 20 8 10
split_gain=5.81248 6.1275 7.29614 6.81422
threshold=-1.1046355118309794 -1.0222926974003783 -0.45043757067476359 1.7572691506347471
decision_type=2 2 2 2
left_child=-1 2 -2 -3
right_child=1 3 -4 -5
leaf_value=0.030855701453293378 -0.0076336869855005932 -0.0032433013848292792 0.02989318340983951 0.017570253943214768
leaf_weight=7.6664205715060225 12.341468304395677 377.57808966189623 19.637927263975143 24.973407924175262
leaf_count=48 55 1721 89 112
internal_value=0.000176624 -0.000503534 0.0158139 -0.00187159
internal_weight=442.197 434.531 31.9794 402.551
internal_count=2025 1977 144 1833
is_linear=0
shrinkage=0.04


Tree=89
num_leaves=8
num_cat=0
split_feature=7 13 35 53 14 14 39
split_gain=5.86185 11.9506 14.0982 8.83325 15.5123 11.9967 8.17235
threshold=-0.21833831787025013 0.44927294058108658 0.28836148815635632 -0.24999999999999997 -0.19532468953217416 0.58636326838997055 0.73949010080545496
decision_type=2 2 2 2 2 2 2
left_child=1 2 -1 4 -2 -5 -3
right_child=3 6 -4 5 -6 -7 -8
leaf_value=0.010410172656030645 -0.028039398083963833 0.0561265214229104 -0.016289363827075673 0.0084304356868979656 0.00089072289457985555 -0.017748879136856872 0.0089318336841435978
leaf_weight=93.200365714728832 49.806043162941933 9.7147805243730563 45.411902859807014 127.250975869596 69.077310845255852 33.790759287774563 13.620169416069983
leaf_count=447 217 43 210 585 299 164 60
internal_value=0.000182181 0.00619571 0.00155564 -0.00331614 -0.0114929 0.00278699 0.0314596
internal_weight=441.872 161.947 138.612 279.925 118.883 161.042 23.3349
internal_count=2025 760 657 1265 516 749 103
is_linear=0
shrinkage=0.04


Tree=90
num_leaves=7
num_cat=0
split_feature=28 36 53 53 42 40
split_gain=5.69403 14.379 9.66496 17.3738 13.5162 7.8031
threshold=-0.69255466573825297 0.42574387687767318 0.58333333333333337 0.41666666666666669 0.81083569836036795 -0.58535069441313148
decision_type=2 2 2 2 2 2
left_child=1 5 3 -2 -4 -1
right_child=2 -3 4 -5 -6 -7
leaf_value=-0.003758736497941281 -0.00098892910512479639 -0.01824479768540652 0.020645517674698622 -0.031559444666246356 -0.030264560528224505 0.042084497219836509
leaf_weight=7.7363681867718688 308.71374514698982 13.367061153054236 52.605376780033112 30.933955550193787 8.0294910669326764 19.841596052050594
leaf_count=40 1338 60 288 161 38 100
internal_value=0.000179127 0.0140232 -0.00129967 -0.00394164 0.0131527 0.0298397
internal_weight=441.228 40.945 400.283 339.648 60.6349 27.578
internal_count=2025 200 1825 1499 326 140
is_linear=0
shrinkage=0.04


Tree=91
num_leaves=5
num_cat=0
split_feature=35 14 48 44
split_gain=5.74524 7.29817 11.8898 10.3377
threshold=-1.3579213220591606 -1.1772434994719141 -1.102755508293342 0.17105569748281066
decision_type=2 2 2 2
left_child=-1 3 -3 -2
right_child=1 2 -4 -5
leaf_value=0.028384012029306342 0.003036151816829489 0.031569194768894512 -0.00072342249919449112 -0.045356386708540419
leaf_weight=9.2536094486713392 14.222707480192186 17.139458522200584 387.86215630918741 11.587064385414122
leaf_count=48 64 76 1785 52
internal_value=0.000168752 -0.000565658 0.000791599 -0.0203887
internal_weight=440.065 430.811 405.002 25.8098
internal_count=2025 1977 1861 116
is_linear=0
shrinkage=0.04


Tree=92
num_leaves=7
num_cat=0
split_feature=22 26 45 32 53 14
split_gain=5.62152 10.9216 15.3447 11.7541 9.53582 8.73458
threshold=0.84573762307675115 0.2124358002625146 -0.19290947693078833 0.096053134642791846 -0.41666666666666657 0.97205751067126267
decision_type=2 2 2 2 2 2
left_child=1 3 -3 -1 -2 -6
right_child=4 2 -4 -5 5 -7
leaf_value=0.0017254337446883292 0.016320765086850368 0.029403485995564523 0.00046856721874133432 -0.018162325923888292 -0.034666711782860807 0.0075642828145991992
leaf_weight=211.14826509356499 12.01652981340885 45.639927439391613 76.448400087654591 59.263727769255638 25.12204883992672 10.143043041229246
leaf_count=954 53 212 368 271 118 49
internal_value=0.000165243 0.00175569 0.0115848 -0.00273453 -0.012573 -0.022766
internal_weight=439.782 392.5 122.088 270.412 47.2816 35.2651
internal_count=2025 1805 580 1225 220 167
is_linear=0
shrinkage=0.04


Tree=93
num_leaves=7
num_cat=0
split_feature=28 35 40 53 53 42
split_gain=5.46877 13.4737 9.07194 9.00387 16.3554 12.5959
threshold=-0.69255466573825297 0.361817868315157 -0.3022587895229682 0.58333333333333337 0.41666666666666669 0.81083569836036795
decision_type=2 2 2 2 2 2
left_child=1 2 -1 4 -2 -5
right_child=3 -3 -4 5 -6 -7
leaf_value=0.00035062497156381156 -0.00098310356621370801 -0.013858418276424483 0.048993363228324587 0.020000928538300374 -0.030826970794606869 -0.029377086547306482
leaf_weight=9.6545555740594846 308.04924516379833 15.926369354128836 14.965612918138506 52.088422298431396 30.497054725885391 7.9368370473384848
leaf_count=51 1338 71 78 288 161 38
internal_value=0.000159061 0.0137933 0.031378 -0.00128989 -0.00383677 0.0127352
internal_weight=439.118 40.5465 24.6202 398.572 338.546 60.0253
internal_count=2025 200 129 1825 1499 326
is_linear=0
shrinkage=0.04


Tree=94
num_leaves=5
num_cat=0
split_feature=35 14 48 44
split_gain=5.4889 6.99247 11.1909 9.58163
threshold=-1.3579213220591606 -1.1772434994719141 -1.102755508293342 0.17105569748281066
decision_type=2 2 2 2
left_child=-1 3 -3 -2
right_child=1 2 -4 -5
leaf_value=0.027846834986440354 0.0026000842349698694 0.030702143842244182 -0.0007085324527077142 -0.044207612405733981
leaf_weight=9.1608301103115064 14.135114371776583 17.039467111229897 386.17984410375357 11.463006168603895
leaf_count=48 64 76 1785 52
internal_value=0.000152493 -0.000565669 0.00076382 -0.0200454
internal_weight=437.978 428.817 403.219 25.5981
internal_count=2025 1977 1861 116
is_linear=0
shrinkage=0.04


Tree=95
num_leaves=6
num_cat=0
split_feature=10 42 37 35 45
split_gain=5.40778 10.3186 8.32251 14.1199 9.34824
threshold=1.7572691506347471 0.063417876327793291 1.0910051428284799 -0.96947348250843135 -0.19858379784180405
decision_type=2 2 2 2 2
left_child=2 -2 3 -1 -4
right_child=1 -3 4 -5 -6
leaf_value=0.026815108588331839 -0.0084720403061585067 0.036717625308732578 0.0042295290869266214 -0.0016911991582349562 -0.039528796905290708
leaf_weight=28.1800307482481 13.901097968220713 15.472784727811812 13.094987884163858 350.89022397249937 16.149398997426033
leaf_count=144 61 71 57 1621 71
internal_value=0.000149511 0.016155 -0.00107504 0.00055757 -0.0209183
internal_weight=437.689 29.3739 408.315 379.07 29.2444
internal_count=2025 132 1893 1765 128
is_linear=0
shrinkage=0.04


Tree=96
num_leaves=8
num_cat=0
split_feature=53 14 14 36 11 11 14
split_gain=5.2869 13.0606 19.4972 19.2654 9.59877 9.82745 7.3189
threshold=-1.0000000180025095e-35 0.62296550523829108 1.2499937270011627 0.75435744966667018 -0.5772800816286644 -0.1572773811582682 -0.19532468953217416
decision_type=2 2 2 2 2 2 2
left_child=4 3 -3 -2 6 -6 -1
right_child=1 2 -4 -5 5 -7 -8
leaf_value=-0.031833145158557466 0.012906784742056589 -0.029770405764560443 0.021459223397793301 -0.037340563543884632 0.01495905557738518 -0.006219255115041027 0.0069179894634120503
leaf_weight=28.245585635304451 167.74038328230381 34.373282514512539 15.945865273475645 11.234901517629622 46.662905558943748 123.39381697773933 9.6642088890075666
leaf_count=123 809 182 75 56 201 538 41
internal_value=0.000147604 0.00431857 -0.0133363 0.00937478 -0.00444844 -0.000301674 -0.0221028
internal_weight=437.261 229.294 50.3191 178.975 207.967 170.057 37.9098
internal_count=2025 1122 257 865 903 739 164
is_linear=0
shrinkage=0.04


Tree=97
num_leaves=6
num_cat=0
split_feature=12 28 26 46 42
split_gain=5.35982 7.79144 11.8761 9.97058 5.19454
threshold=-1.0897310761338386 0.65027993442018672 0.2124358002625146 0.73126825492442271 -0.90532523028510969
decision_type=2 2 2 2 2
left_child=4 2 -2 -3 -1
right_child=1 3 -4 -5 -6
leaf_value=-0.0018524137798631411 -0.0038785417315972712 -0.018904656238306054 0.011752750728482076 0.014041661345649763 0.03512288629096505
leaf_weight=10.800513535737993 212.1281394213438 64.838234230875969 120.1876573190093 17.254039779305458 11.367071211338041
leaf_count=52 967 295 579 80 52
internal_value=0.000132518 -0.000930959 0.00181127 -0.0118108 0.0184453
internal_weight=436.576 414.408 332.316 82.0923 22.1676
internal_count=2025 1921 1546 375 104
is_linear=0
shrinkage=0.04


Tree=98
num_leaves=7
num_cat=0
split_feature=49 14 40 13 37 41
split_gain=5.18447 6.18088 18.4825 12.6384 2.29206 0.948557
threshold=-0.78698523948731591 -0.58088403667410404 1.4322248133556508 -0.56528098460474718 -0.46000635704460907 0.12419729754976795
decision_type=2 2 2 2 2 2
left_child=4 2 -2 -3 5 -1
right_child=1 3 -4 -5 -6 -7
leaf_value=0.011473974239618713 -0.017695369931542002 -0.01630226602547109 0.037679309938369564 0.0048775412404585532 0.00034946842572375998 0.035270225627207226
leaf_weight=7.7254720106720942 72.125673666596413 51.684259131550789 9.1826189458370191 279.59183946996927 8.3781420439481717 7.5143008232116699
leaf_count=42 329 252 41 1283 39 39
internal_value=0.000134096 -0.000945591 -0.0106871 0.00149516 0.0175966 0.0259378
internal_weight=436.202 412.584 81.3083 331.276 23.6179 15.2398
internal_count=2025 1905 370 1535 120 81
is_linear=0
shrinkage=0.04


Tree=99
num_leaves=7
num_cat=0
split_feature=28 36 53 53 42 40
split_gain=5.28773 12.3632 8.29143 15.5814 11.6321 6.97247
threshold=-0.69255466573825297 0.45515229017421693 0.58333333333333337 0.25000000000000006 0.81083569836036795 -0.61525867629257192
decision_type=2 2 2 2 2 2
left_child=1 5 3 -2 -4 -1
right_child=2 -3 4 -5 -6 -7
leaf_value=-0.0042967707262036485 0.00044111136832300805 -0.018077017222894495 0.019291883835814441 -0.021364763409962361 -0.028444186617240869 0.039002593747046899
leaf_weight=7.6112270578742018 273.77710856497288 12.150651738047598 51.410454973578453 62.826494596898556 7.8205000460147849 20.314341224730018
leaf_count=39 1191 56 288 308 38 105
internal_value=0.000139106 0.0136233 -0.00128773 -0.00373107 0.0122659 0.0277027
internal_weight=435.911 40.0762 395.835 336.604 59.231 27.9256
internal_count=2025 200 1825 1499 326 144
is_linear=0
shrinkage=0.04


Tree=100
num_leaves=5
num_cat=0
split_feature=35 14 20 35
split_gain=5.13352 6.48297 8.68653 7.71949
threshold=-1.3579213220591606 -1.1772434994719141 -1.1664927086698025 -0.63839405043004704
decision_type=2 2 2 2
left_child=-1 3 -3 -2
right_child=1 2 -4 -5
leaf_value=0.027106203403286861 -0.044782705320475 0.029095656123896523 -0.00049673439207037354 -0.0013633673245057752
leaf_weight=9.0047801136970502 9.2784706354141253 14.549297198653219 385.96262051910162 15.943746030330656
leaf_count=48 41 66 1795 75
internal_value=0.000131776 -0.00056284 0.00071749 -0.0194527
internal_weight=434.739 425.734 400.512 25.2222
internal_count=2025 1977 1861 116
is_linear=0
shrinkage=0.04


Tree=101
num_leaves=8
num_cat=0
split_feature=7 13 36 53 53 46 46
split_gain=5.21651 11.3054 16.7287 8.15712 14.0304 11.3179 7.34257
threshold=-0.21833831787025013 0.44927294058108658 0.34141825593415248 -0.24999999999999997 -0.41666666666666657 -0.2683242781170106 -0.0039070148381722741
decision_type=2 2 2 2 2 2 2
left_child=1 2 -1 4 -2 -5 -3
right_child=3 6 -4 5 -6 -7 -8
leaf_value=0.01025736801824843 -0.0032999377075999289 0.052103451761029873 -0.02007120370667307 0.018387682405956531 -0.035437571960458193 -0.0044205887321974932 0.007337301877244521
leaf_weight=96.219273008406162 91.158331587910652 10.65811598300934 39.356777474284172 48.700130417943001 26.746985554695129 109.35862361639738 12.354061976075171
leaf_count=471 400 48 186 225 116 524 55
internal_value=0.000128483 0.00586744 0.0012894 -0.00318801 -0.0110599 0.00274891 0.0305792
internal_weight=434.552 158.588 135.576 275.964 117.905 158.059 23.0122
internal_count=2025 760 657 1265 516 749 103
is_linear=0
shrinkage=0.04


Tree=102
num_leaves=6
num_cat=0
split_feature=10 42 45 14 40
split_gain=5.1817 11.5604 7.70514 16.2511 14.1797
threshold=1.81927369396067 0.063417876327793291 0.18467754356400293 -0.98860099196962181 0.066877826035099466
decision_type=2 2 2 2 2
left_child=2 -2 4 -4 -1
right_child=1 -3 3 -5 -6
leaf_value=-0.0048652742315887241 -0.009735725520946965 0.039601659941045537 -0.04366778065126671 -0.003303389076370007 0.014154916804579247
leaf_weight=145.46777952462435 13.353249639272692 13.877399250864981 16.114005200564861 137.8815136924386 107.29320333153009
leaf_count=675 59 65 78 647 501
internal_value=0.000127939 0.016397 -0.00103611 -0.0080328 0.00325625
internal_weight=433.987 27.2306 406.757 153.996 252.761
internal_count=2025 124 1901 725 1176
is_linear=0
shrinkage=0.04


Tree=103
num_leaves=7
num_cat=0
split_feature=4 26 44 32 24 31
split_gain=5.20942 9.06521 15.8791 10.2341 8.61708 2.62378
threshold=0.82504186054964401 0.2124358002625146 -0.053033283364444551 0.096053134642791846 1.0422547307032524 0.77619625464980024
decision_type=2 2 2 2 2 2
left_child=1 3 -3 -1 5 -2
right_child=4 2 -4 -5 -6 -7
leaf_value=0.0017208268418257581 -0.0037391115634408507 0.024786958376889157 -0.0039377773823463958 -0.016982462384958433 0.012798713794299602 -0.029750918615763112
leaf_weight=208.75780640542507 9.0484111756086332 60.509602762758732 59.751212440431118 58.230656258761883 13.943462789058684 23.407276690006256
leaf_count=954 40 292 288 271 67 113
internal_value=0.000121492 0.00165979 0.0106842 -0.00245433 -0.0122553 -0.023137
internal_weight=433.648 387.249 120.261 266.988 46.3992 32.4557
internal_count=2025 1805 580 1225 220 153
is_linear=0
shrinkage=0.04


Tree=104
num_leaves=7
num_cat=0
split_feature=28 35 40 53 53 42
split_gain=5.18381 11.4882 8.37803 7.61178 14.9623 10.7218
threshold=-0.69255466573825297 0.361817868315157 -0.3022587895229682 0.58333333333333337 0.41666666666666669 0.81083569836036795
decision_type=2 2 2 2 2 2
left_child=1 2 -1 4 -2 -5
right_child=3 -3 -4 5 -6 -7
leaf_value=0.00031749415727782459 -0.0009236758808176676 -0.012219039344330496 0.047410003500981734 0.018565960046272017 -0.029863104357788984 -0.027517748638739108
leaf_weight=9.6281574815511686 305.34878124296665 15.65520605444908 14.363271325826647 50.750825569033623 29.554343335330486 7.7152276039123526
leaf_count=51 1338 71 78 288 161 38
internal_value=0.000113955 0.0135364 0.0299897 -0.00130049 -0.00363963 0.0117757
internal_weight=433.016 39.6466 23.9914 393.369 334.903 58.4661
internal_count=2025 200 129 1825 1499 326
is_linear=0
shrinkage=0.04


Tree=105
num_leaves=6
num_cat=0
split_feature=12 28 35 46 42
split_gain=5.00907 7.51657 11.1817 9.52919 4.80011
threshold=-1.0897310761338386 0.65027993442018672 -0.89584595158577762 0.73126825492442271 -0.90532523028510969
decision_type=2 2 2 2 2
left_child=4 2 -2 -3 -1
right_child=1 3 -4 -5 -6
leaf_value=-0.0016833969317528361 0.024753410021273042 -0.018620641491148796 -0.00056528958533864145 0.013749074163165962 0.034091276527856415
leaf_weight=10.69058705866337 28.763092048466206 64.233064129948616 299.98737359046936 17.066265434026718 11.175513684749601
leaf_count=52 146 295 1400 80 52
internal_value=0.000109305 -0.000923135 0.00178618 -0.0116587 0.0179253
internal_weight=431.916 410.05 328.75 81.2993 21.8661
internal_count=2025 1921 1546 375 104
is_linear=0
shrinkage=0.04


Tree=106
num_leaves=8
num_cat=0
split_feature=39 39 11 53 40 40 11
split_gain=4.98037 13.5256 22.9657 16.9947 11.9419 18.0685 9.8132
threshold=-0.25770995246816059 -0.51849341565638285 -0.61961918547079853 0.75000000000000011 0.028447989102692414 0.45690273247437302 -0.49997206284876772
decision_type=2 2 2 2 2 2 2
left_child=1 3 -3 -1 6 -6 -2
right_child=4 2 -4 -5 5 -7 -8
leaf_value=-0.012948894102770192 -0.040767750063900536 -0.034208723722887843 0.030443979758024518 0.034182778779644811 0.021470296938567786 -0.0050532329730610557 -0.0079329953573719601
leaf_weight=66.217002332210541 15.928116858005522 8.7900948971509916 51.548317365348339 12.945007517933844 57.264091022312641 132.32299456000328 86.437849499285221
leaf_count=320 74 41 247 72 286 597 388
internal_value=0.000114942 0.00628009 0.02023 -0.00458925 -0.00285356 0.0030986 -0.0137254
internal_weight=431.453 139.5 60.3384 79.162 291.953 189.587 102.366
internal_count=2025 680 288 392 1345 883 462
is_linear=0
shrinkage=0.04


Tree=107
num_leaves=6
num_cat=0
split_feature=10 42 37 35 45
split_gain=4.91658 8.84889 7.69777 12.0513 8.7569
threshold=1.7572691506347471 0.063417876327793291 1.0910051428284799 -1.0691356641609624 -0.19858379784180405
decision_type=2 2 2 2 2
left_child=2 -2 3 -1 -4
right_child=1 -3 4 -5 -6
leaf_value=0.029665130431381782 -0.0073753868199238903 0.034899694472311824 0.0042416533838283439 -0.0012350490713561493 -0.038269586871411514
leaf_weight=19.411305725574493 13.743303135037424 15.006956174969671 12.961968436837198 353.4855966642499 16.03600649535656
leaf_count=103 61 71 57 1662 71
internal_value=0.000108136 0.0155259 -0.00106622 0.000523149 -0.0202196
internal_weight=430.645 28.7503 401.895 372.897 28.998
internal_count=2025 132 1893 1765 128
is_linear=0
shrinkage=0.04


Tree=108
num_leaves=7
num_cat=0
split_feature=28 34 53 39 26 40
split_gain=4.86223 11.8895 6.88227 13.3299 10.2069 6.67695
threshold=-0.66280084444988951 0.45391195914580079 0.58333333333333337 -0.55720857269560964 0.41009319305129005 -0.66428407703481041
decision_type=2 2 2 2 2 2
left_child=1 5 3 -2 -4 -1
right_child=2 -3 4 -5 -6 -7
leaf_value=-0.0091686912354390134 -0.026425374723960733 -0.026769347524189371 -0.0021568952782849995 -0.00076839849771455783 0.03159314591047678 0.030693763839988911
leaf_weight=7.6285899505019179 34.429718591272831 8.2089554965496045 35.84797015786171 294.08821405470371 21.635694891214371 28.416033826768398
leaf_count=37 159 42 182 1317 143 145
internal_value=0.000108554 0.0123669 -0.00135332 -0.00360096 0.0111811 0.0222187
internal_weight=430.255 44.2536 386.002 328.518 57.4837 36.0446
internal_count=2025 224 1801 1476 325 182
is_linear=0
shrinkage=0.04


Tree=109
num_leaves=8
num_cat=0
split_feature=7 13 36 3 44 14 39
split_gain=4.90256 10.3743 14.4662 7.68979 10.1043 9.31554 7.06636
threshold=-0.21833831787025013 0.44927294058108658 0.34141825593415248 -1.121133128281937 0.44472784030775309 -0.20238859450972868 0.73949010080545496
decision_type=2 2 2 2 2 2 2
left_child=1 2 -1 4 -2 -5 -3
right_child=3 6 -4 5 -6 -7 -8
leaf_value=0.0096758629010710081 0.03371309355221197 0.052739761489976403 -0.018764042602668975 -0.015041032524836474 -0.0093657707996960445 0.00087980793366518068 0.0083221233551527933
leaf_weight=94.775922186672688 17.446128666400913 9.4286134764552134 38.639440566301346 96.975733354687691 14.522876083850859 144.36601547151804 13.327101483941076
leaf_count=471 78 43 186 444 67 676 60
internal_value=0.000104392 0.00571613 0.00128368 -0.00312041 0.014744 -0.00558853 0.0295001
internal_weight=429.482 156.171 133.415 273.311 31.969 241.342 22.7557
internal_count=2025 760 657 1265 145 1120 103
is_linear=0
shrinkage=0.04


Tree=110
num_leaves=8
num_cat=0
split_feature=39 13 11 53 8 26 44
split_gain=4.85327 13.7618 20.6988 16.4167 9.35788 8.60928 5.80125
threshold=-0.25770995246816059 -0.53014403824837453 -0.61961918547079853 0.75000000000000011 -0.87431882330322186 -0.98418623022313156 -0.092098655913817024
decision_type=2 2 2 2 2 2 2
left_child=1 3 -3 -1 6 -6 -2
right_child=4 2 -4 -5 5 -7 -8
leaf_value=-0.013474919141188136 0.031743222808328309 -0.031768934343509934 0.029479026118026833 0.03331948730882342 0.014416551651673696 -0.008279142070024904 0.0010658534143174996
leaf_weight=63.929293803870678 16.350777715444565 8.8179802596569044 52.820377185940742 12.697638794779776 28.484989136457443 224.19378890842199 21.636083677411079
leaf_count=312 72 41 255 72 124 1050 99
internal_value=0.000111862 0.00622892 0.0199938 -0.00507045 -0.00282061 -0.00562749 0.0151976
internal_weight=428.931 138.265 61.6384 76.6269 290.666 252.679 37.9869
internal_count=2025 680 296 384 1345 1174 171
is_linear=0
shrinkage=0.04


Tree=111
num_leaves=6
num_cat=0
split_feature=10 28 47 24 42
split_gain=4.7085 11.1139 7.68543 9.91975 1.56997
threshold=1.81927369396067 1.3311402182843624 1.7285180480025775 0.6656041193882497 0.34838783041852411
decision_type=2 2 2 2 2
left_child=2 4 3 -1 -2
right_child=1 -3 -4 -5 -6
leaf_value=0.00085690171177653265 0.015724923517243739 -0.017893197209501378 0.028169303275848084 -0.016034057889258997 0.044352686702967867
leaf_weight=324.43533523380756 9.0711218863725716 9.0307436734437925 11.963148355484007 65.100245915353298 8.7578400373458845
leaf_count=1540 42 41 56 305 41
internal_value=0.000118558 0.0157263 -0.000998353 -0.00203345 0.0328424
internal_weight=428.358 26.8597 401.499 389.536 17.829
internal_count=2025 124 1901 1845 83
is_linear=0
shrinkage=0.04


Tree=112
num_leaves=5
num_cat=0
split_feature=35 14 48 44
split_gain=4.64728 5.95766 9.57279 8.25624
threshold=-1.3579213220591606 -1.1772434994719141 -1.102755508293342 0.17105569748281066
decision_type=2 2 2 2
left_child=-1 3 -3 -2
right_child=1 2 -4 -5
leaf_value=0.026084355512007246 0.0024953746891183881 0.028637037877954494 -0.00068415586886394616 -0.041668958122222127
leaf_weight=8.7581931129097921 13.693548843264582 16.693417645990849 377.8021450266242 11.002119541168211
leaf_count=48 64 76 1785 52
internal_value=0.00012438 -0.000539288 0.000694788 -0.0188279
internal_weight=427.949 419.191 394.496 24.6957
internal_count=2025 1977 1861 116
is_linear=0
shrinkage=0.04


Tree=113
num_leaves=7
num_cat=0
split_feature=28 36 14 40 13 40
split_gain=4.63605 10.447 6.46125 18.1543 10.312 6.34777
threshold=-0.69255466573825297 0.45515229017421693 -0.58088403667410404 0.8403583002305548 -0.56528098460474718 -0.62674215415377044
decision_type=2 2 2 2 2 2
left_child=1 5 3 -2 -4 -1
right_child=2 -3 4 -5 -6 -7
leaf_value=-0.0046450926511492257 -0.026596435536428095 -0.01646946673796669 -0.016974185096987896 0.012246561734056756 0.0042069464893913985 0.037083821213213179
leaf_weight=7.4256946220993987 46.841187603771687 11.8973521143198 40.509924530982971 30.240989044308662 271.10799463093281 19.626492165029052
leaf_count=38 218 56 200 141 1266 106
internal_value=0.000122302 0.0129263 -0.00122032 -0.0114332 0.00136274 0.0260982
internal_weight=427.65 38.9495 388.7 77.0822 311.618 27.0522
internal_count=2025 200 1825 359 1466 144
is_linear=0
shrinkage=0.04


Tree=114
num_leaves=8
num_cat=0
split_feature=7 13 35 14 41 14 45
split_gain=4.69144 9.78318 9.94849 6.94933 12.8468 10.4106 5.89416
threshold=-0.21833831787025013 0.44927294058108658 0.87294323619907976 -0.20238859450972868 -0.50798512745618163 0.62296550523829108 -0.041247755200937812
decision_type=2 2 2 2 2 2 2
left_child=1 2 -1 4 -2 -5 -3
right_child=3 6 -4 5 -6 -7 -8
leaf_value=0.0048314690230203709 0.0088889981931629409 0.048084119443936056 -0.031657984429456693 0.0096799130095735 -0.019278151558698102 -0.011916803510358537 0.007399388438759486
leaf_weight=121.11100147664547 36.611235812306404 10.569841057062151 11.243637301027773 104.46191791445017 79.264300972223282 51.797168895602226 12.007175192236899
leaf_count=599 172 49 58 480 364 249 54
internal_value=0.000115684 0.00563044 0.00130654 -0.00304215 -0.0103788 0.00246085 0.0288096
internal_weight=427.066 154.932 132.355 272.135 115.876 156.259 22.577
internal_count=2025 760 657 1265 536 729 103
is_linear=0
shrinkage=0.04


Tree=115
num_leaves=8
num_cat=0
split_feature=39 13 25 53 40 45 45
split_gain=4.62688 12.1218 16.9751 15.8198 10.6433 18.3163 12.2819
threshold=-0.25186124329619858 -0.53014403824837453 0.6292984821536699 0.75000000000000011 0.028447989102692414 -0.060041411443541609 -0.28471245815144169
decision_type=2 2 2 2 2 2 2
left_child=1 3 -3 -1 6 -6 -2
right_child=4 2 -4 -5 5 -7 -8
leaf_value=-0.012910584226726808 -0.032799679798633491 0.029133373259519289 -0.020140817184252861 0.033162633995943311 0.016007824386114266 -0.0087896943531644341 -0.0032634891076071359
leaf_weight=63.605052001774311 32.045275762677193 49.927875250577927 12.720698803663252 12.602273404598234 87.686927795410156 99.821193680167198 68.098454251885414
leaf_count=312 143 245 59 72 410 472 312
internal_value=0.000114055 0.00606008 0.0188148 -0.00463831 -0.00277825 0.00285326 -0.013172
internal_weight=426.508 138.856 62.6486 76.2073 287.652 187.508 100.144
internal_count=2025 688 304 384 1337 882 455
is_linear=0
shrinkage=0.04


Tree=116
num_leaves=7
num_cat=0
split_feature=10 28 42 25 25 46
split_gain=4.49927 10.7303 7.12834 14.7696 13.7663 2.32901
threshold=1.81927369396067 1.3311402182843624 -0.26988941368845137 -0.89309555784200934 -0.56495697190717908 0.66743969979602935
decision_type=2 2 2 2 2 2
left_child=2 5 3 -1 -4 -2
right_child=1 -3 4 -5 -6 -7
leaf_value=0.036123370747418941 0.013381772648073971 -0.017608374784607795 -0.029903929519449528 0.00067195728610303931 -0.0015287791606033599 0.045596268451103622
leaf_weight=20.234441950917244 8.9350886195898109 9.016448646783827 29.139142952859402 122.34848279505968 227.37158293277025 8.7434802353382093
leaf_count=112 42 41 126 591 1072 41
internal_value=0.000110125 0.0154107 -0.00098506 0.00613309 -0.00495856 0.0323293
internal_weight=425.789 26.695 399.094 142.583 256.511 17.6786
internal_count=2025 124 1901 703 1198 83
is_linear=0
shrinkage=0.04


Tree=117
num_leaves=8
num_cat=0
split_feature=53 14 14 36 14 53 7
split_gain=4.44979 13.5127 22.7697 18.1929 10.5197 14.2502 11.2476
threshold=-0.24999999999999997 0.68586746390142228 1.2499937270011627 0.75435744966667018 -0.19532468953217416 -0.74999999999999989 -0.33916643731267709
decision_type=2 2 2 2 2 2 2
left_child=4 3 -3 -2 6 -6 -1
right_child=1 2 -4 -5 5 -7 -8
leaf_value=0.017909094486795923 0.010362596406781315 -0.034978019418692018 0.02110978397829253 -0.037165620995522904 0.030609651348446003 -0.0051256943967675937 -0.02530974267247621
leaf_weight=10.247388094663618 206.77292511612177 31.07809291779995 16.178576610982418 11.789589293301104 21.119504362344742 76.676366187632084 51.420121863484383
leaf_count=45 1004 169 79 62 88 347 231
internal_value=0.000115543 0.0032771 -0.0156986 0.00748509 -0.00512996 0.00305032 -0.017791
internal_weight=425.283 265.819 47.2567 218.563 159.463 97.7959 61.6675
internal_count=2025 1314 248 1066 711 435 276
is_linear=0
shrinkage=0.04


Tree=118
num_leaves=7
num_cat=0
split_feature=28 34 53 53 26 40
split_gain=4.36492 10.3077 5.9807 12.6612 9.53811 5.92123
threshold=-0.66280084444988951 0.45391195914580079 0.58333333333333337 0.41666666666666669 0.41009319305129005 -0.66428407703481041
decision_type=2 2 2 2 2 2
left_child=1 5 3 -2 -4 -1
right_child=2 -3 4 -5 -6 -7
leaf_value=-0.0084397840803745704 -0.00089039080772101 -0.025109057144150494 -0.0024038556893304463 -0.028332476748836863 0.030580905562719633 0.029234389826756742
leaf_weight=7.6271481886506072 297.32633593678474 7.9529693797230712 35.276254683732986 27.593268737196922 21.000238038599491 27.678401075303555
leaf_count=37 1320 42 182 156 143 145
internal_value=0.000106137 0.0118534 -0.00128187 -0.00337994 0.0105319 0.0210794
internal_weight=424.455 43.2585 381.196 324.92 56.2765 35.3055
internal_count=2025 224 1801 1476 325 182
is_linear=0
shrinkage=0.04


Tree=119
num_leaves=6
num_cat=0
split_feature=10 42 14 45 42
split_gain=4.40766 9.86459 7.14256 11.9313 7.39518
threshold=1.81927369396067 0.063417876327793291 -0.98860099196962181 0.18467754356400293 -0.23519860882681151
decision_type=2 2 2 2 2
left_child=2 -2 3 -1 -4
right_child=1 -3 4 -5 -6
leaf_value=0.0050970220807098968 -0.0088470067747622762 0.037269315763572307 0.0082661674824980099 -0.04179522378654961 -0.003563752851878444
leaf_weight=16.626188725233082 13.200221434235575 13.308408856391905 129.17016264051199 15.327856130897997 235.92276857793331
leaf_count=78 59 65 640 78 1105
internal_value=0.000101398 0.0152956 -0.000984613 -0.0185334 0.000643915
internal_weight=423.556 26.5086 397.047 31.954 365.093
internal_count=2025 124 1901 156 1745
is_linear=0
shrinkage=0.04


end of trees

feature_importances:
Column_53=122
Column_42=57
Column_14=51
Column_26=39
Column_35=39
Column_28=38
Column_40=36
Column_25=31
Column_36=30
Column_10=29
Column_37=26
Column_47=21
Column_45=19
Column_39=16
Column_46=16
Column_13=14
Column_24=14
Column_4=11
Column_11=10
Column_44=9
Column_48=9
Column_7=7
Column_20=7
Column_41=7
Column_33=6
Column_34=6
Column_49=6
Column_8=4
Column_12=4
Column_18=4
Column_17=3
Column_31=3
Column_32=3
Column_38=3
Column_9=2
Column_22=2
Column_3=1
Column_5=1
Column_16=1
Column_27=1

parameters:
[boosting: gbdt]
[objective: binary]
[metric: binary_logloss]
[tree_learner: serial]
[device_type: cpu]
[data_sample_strategy: bagging]
[data: ]
[valid: ]
[num_iterations: 120]
[learning_rate: 0.04]
[num_leaves: 15]
[num_threads: 2]
[seed: 42]
[deterministic: 0]
[force_col_wise: 0]
[force_row_wise: 0]
[histogram_pool_size: -1]
[max_depth: 3]
[min_data_in_leaf: 40]
[min_sum_hessian_in_leaf: 0.001]
[bagging_fraction: 0.85]
[pos_bagging_fraction: 1]
[neg_bagging_fraction: 1]
[bagging_freq: 0]
[bagging_seed: 400]
[bagging_by_query: 0]
[feature_fraction: 0.8]
[feature_fraction_bynode: 1]
[feature_fraction_seed: 30056]
[extra_trees: 0]
[extra_seed: 12879]
[early_stopping_round: 0]
[early_stopping_min_delta: 0]
[first_metric_only: 0]
[max_delta_step: 0]
[lambda_l1: 0]
[lambda_l2: 2]
[linear_lambda: 0]
[min_gain_to_split: 0]
[drop_rate: 0.1]
[max_drop: 50]
[skip_drop: 0.5]
[xgboost_dart_mode: 0]
[uniform_drop: 0]
[drop_seed: 17869]
[top_rate: 0.2]
[other_rate: 0.1]
[min_data_per_group: 100]
[max_cat_threshold: 32]
[cat_l2: 10]
[cat_smooth: 10]
[max_cat_to_onehot: 4]
[top_k: 20]
[monotone_constraints: ]
[monotone_constraints_method: basic]
[monotone_penalty: 0]
[feature_contri: ]
[forcedsplits_filename: ]
[refit_decay_rate: 0.9]
[cegb_tradeoff: 1]
[cegb_penalty_split: 0]
[cegb_penalty_feature_lazy: ]
[cegb_penalty_feature_coupled: ]
[path_smooth: 0]
[interaction_constraints: ]
[verbosity: -1]
[saved_feature_importance_type: 0]
[use_quantized_grad: 0]
[num_grad_quant_bins: 4]
[quant_train_renew_leaf: 0]
[stochastic_rounding: 1]
[linear_tree: 0]
[max_bin: 255]
[max_bin_by_feature: ]
[min_data_in_bin: 3]
[bin_construct_sample_cnt: 200000]
[data_random_seed: 175]
[is_enable_sparse: 1]
[enable_bundle: 1]
[use_missing: 1]
[zero_as_missing: 0]
[feature_pre_filter: 1]
[pre_partition: 0]
[two_round: 0]
[header: 0]
[label_column: ]
[weight_column: ]
[group_column: ]
[ignore_column: ]
[categorical_feature: ]
[forcedbins_filename: ]
[precise_float_parser: 0]
[parser_config_file: ]
[objective_seed: 16083]
[num_class: 1]
[is_unbalance: 0]
[scale_pos_weight: 1]
[sigmoid: 1]
[boost_from_average: 1]
[reg_sqrt: 0]
[alpha: 0.9]
[fair_c: 1]
[poisson_max_delta_step: 0.7]
[tweedie_variance_power: 1.5]
[lambdarank_truncation_level: 30]
[lambdarank_norm: 1]
[label_gain: ]
[lambdarank_position_bias_regularization: 0]
[eval_at: ]
[multi_error_top_k: 1]
[auc_mu_weights: ]
[num_machines: 1]
[local_listen_port: 12400]
[time_out: 120]
[machine_list_filename: ]
[machines: ]
[gpu_platform_id: -1]
[gpu_device_id: -1]
[gpu_device_id_list: ]
[gpu_use_dp: 0]
[num_gpu: 1]

end of parameters

pandas_categorical:null
