tree
version=v4
num_class=1
num_tree_per_iteration=1
label_index=0
max_feature_idx=109
objective=quantile
feature_names=Column_0 Column_1 Column_2 Column_3 Column_4 Column_5 Column_6 Column_7 Column_8 Column_9 Column_10 Column_11 Column_12 Column_13 Column_14 Column_15 Column_16 Column_17 Column_18 Column_19 Column_20 Column_21 Column_22 Column_23 Column_24 Column_25 Column_26 Column_27 Column_28 Column_29 Column_30 Column_31 Column_32 Column_33 Column_34 Column_35 Column_36 Column_37 Column_38 Column_39 Column_40 Column_41 Column_42 Column_43 Column_44 Column_45 Column_46 Column_47 Column_48 Column_49 Column_50 Column_51 Column_52 Column_53 Column_54 Column_55 Column_56 Column_57 Column_58 Column_59 Column_60 Column_61 Column_62 Column_63 Column_64 Column_65 Column_66 Column_67 Column_68 Column_69 Column_70 Column_71 Column_72 Column_73 Column_74 Column_75 Column_76 Column_77 Column_78 Column_79 Column_80 Column_81 Column_82 Column_83 Column_84 Column_85 Column_86 Column_87 Column_88 Column_89 Column_90 Column_91 Column_92 Column_93 Column_94 Column_95 Column_96 Column_97 Column_98 Column_99 Column_100 Column_101 Column_102 Column_103 Column_104 Column_105 Column_106 Column_107 Column_108 Column_109
feature_infos=[-6.1470889621568237:6.6085334624415317] [-5.6868662360094424:5.5188025627223904] [-4.8903377163837964:4.1766959434154636] [-4.3840380260650003:3.8632850215278194] [-3.6185944028833767:2.147476047296172] [-2.593121919217531:2.3785670177461387] [-4.2629770085719194:4.0022300509899749] [-1.356408361143147:6.6038182852760441] [-1.6815273779077256:1.6445507049619854] [-3.5850443902578837:2.1966618447908539] [-1.4742475803554214:5.1945658945151836] [-2.4747739510981686:2.161846374576986] [-2.5615233881713197:2.4638842693866843] [-1.4333210553959304:3.8917604591587778] [-2.8102617654088422:2.6131393258519906] [-1.5824836976295074:1.6256444228677198] [-1.787157547858965:1.7964712559403115] [-0.95738730394300808:0.77127858473964572] [-1.0015621269791557:0.77999005169461988] [-0.95738730394300764:0.77127858473964561] [-2.2521273089091189:1.668178181778375] [-4.051997698337888:4.1557092212443445] [-3.2729312871786189:2.2869915493025088] [-2.3369118042475812:2.6128102202105321] [-2.1827699018646238:1.5942543837385135] [-2.2037366471011031:1.5932976369606975] [-3.3387849019662146:2.0185305412564696] [-1.7898570705905124:1.4172974713339079] [-1.1624076749298404:3.5633942697227794] [-3.7636951945302957:4.3348818113353369] [-3.7247300812010979:4.5379359608249823] [-3.0636164746169299:3.2630093862338634] [-3.2138683558578776:3.4604896310482736] [-1.9997960476375132:2.1061630836425222] [-2.2533156056142762:2.2787739309831681] [-1.7463663448087534:1.7671611237196012] [-1.8188300184628314:1.8575401817407178] [-1.5457296273131012:3.8063698006407014] [-1.4812379153083293:5.0544528578633088] [-1.4232830920171682:3.755048269035195] [-1.1452280150019307:3.0576953768042165] [-1.6772604593684353:1.4307485318595907] [-1.9790812489342557:1.7068230323282287] [-1.7356034209547544:13.899398120442207] [-177.41472948145241:158.39957316500787] [-385.37966849365927:127.29546600218845] [-316.0465662787588:74.17975374911245] [-1.3622384481579659:2.8309657201347913] [-1.9424098718324967:1.9969763129414704] [-1.1937765016917168:9.092474649820554] [-4.8849531188679114:4.4499445477968749] [-9.0414338231741365:6.7108740868510202] [-1:1] [-0.83333333333333337:1] [0:1] [0:1] [-3.0001638099821868:3.9370867602298922] [-3.3805689285521519:2.2559619518169134] [-2.2381961274110811:1.5597953019131945] [-0.94265341213836584:2.024084517279952] [-2.015300202300947:1.2341472973391723] [-1.3361973675646641:0.3781311320485361] [-4.5557251621494776:7.155559176609783] [-4.2167743152427191:5.895557102597504] [-2.4771259843627478:4.2630785807378366] [-1.2831670436054741:4.8823765494493561] [-1.198822348954738:7.9108586421849623] [-1.0234098190834582:2.276371728421914] [-6.5293192557956541:6.7148176497204588] [-4.5878425854338998:3.5596661189406058] [-3.3341619820328439:3.7248839862703624] [-1.1874954157041191:3.4450524385758197] [-1.7353810844277437:4.4007632497838163] [-0.76922791354941167:1.9692536032335393] [-10.939472278111145:10.722361254270158] [-5.7834977208000629:5.0630519532097589] [-3.4071120888378177:3.7886657705729201] [-1.0084809610294849:3.0842008689864158] [-2.0831200997288932:4.0845230216832409] [-1.334770785186302:0.75745652238859462] [-3.9886417753579968:2.9928574877741849] [-3.4165570523466813:3.0245783120219372] [-2.5352223752255787:1.7753159611320175] [-1.2534260057850894:3.0623140938843489] [-1.9925660128173706:1.8712771884781529] [-1.3804474030228335:0.49708127453365197] [-5.2542769763447845:2.6276600579552536] [-4.0655707503829968:3.4653189516965952] [-1.812486014476532:2.6917617017383382] [-1.4102677746047336:4.1605942769798174] [-1.6286318879203048:4.2590344791956758] [-1.4285971945589144:1.1426013667594417] [-4.2531948684837353:2.4368701735741731] [-3.7700410380071792:3.4969083511678032] [-1.9100942845548479:2.5587681506983277] [-1.4499787695655768:3.9507544296418331] [-1.4932563538566228:3.693400468969696] [-1.4046360294074369:1.0805969942596771] [-2.7901579382621335:3.7380586372606208] [-2.244223369469533:2.6707749366488174] [-1.9892916074863571:2.0622405163684281] [-1.4834541585827734:2.1039939058107882] [-1.4365343856128012:1.8759030801492864] [-2.1532367756355693:0.5752507928483489] [-3.0485412739137736:3.2378009663734781] [-2.6744126827190922:3.4415460112361389] [-1.6012606442056347:2.3584767784752372] [-0.90536404569275719:3.0135028159713215] [-1.3997529721083182:2.3606120234704839] [-1.3381068230257143:0.98155019551460265]
tree_sizes=670 689 604 690 685 866 866 685 774 690 603 870 861 859 861 859 867 781 863 774 856 695 866 781 691 776 784 787 780 865 865 690 862 780 776 780 779 870 771 776 689 869 690 787 692 690 866 688 782 784 689 778 691 689 867 855 780 777 698 693 596 773 688 694 690 689 690 695 869 686 864 786 776 693 783 781 779 606 872 782 784 865 604 873 692 600 684 693 785 694 608 691 698 790 780 872 695 868 698 695 695 788 698 693 784 868 696 698 783 874 694 609 609 610 879 792 689 691 787 782

Tree=0
num_leaves=6
num_cat=0
split_feature=89 96 25 40 77
split_gain=5.96155 4.61256 3.66676 5.51684 3.00804
threshold=1.4782854011859337 0.51434478543250617 0.42952930178048293 0.7533283046177438 -0.8225423603261216
decision_type=2 2 2 2 2
left_child=2 -2 4 -4 -1
right_child=1 -3 3 -5 -6
leaf_value=-0.065436262770825995 -0.066262177488532761 -0.064047620500239155 -0.064555675795787928 -0.065669697969713475 -0.063750755532913983
leaf_weight=61 66 48 517 68 1322
leaf_count=61 66 48 517 68 1322
internal_value=-0.0644068 -0.073219 -0.0638879 -0.066538 -0.0627655
internal_weight=2082 114 1968 585 1383
internal_count=2082 114 1968 585 1383
is_linear=0
shrinkage=1


Tree=1
num_leaves=6
num_cat=0
split_feature=89 96 25 40 109
split_gain=5.06495 3.96671 3.37206 5.15323 2.95766
threshold=1.4782854011859337 0.51434478543250617 0.42952930178048293 0.76253974479500564 -1.0394530750409938
decision_type=2 2 2 2 2
left_child=2 -2 4 -4 -1
right_child=1 -3 3 -5 -6
leaf_value=-0.0013353061072379031 -0.0017958849538107929 0.00033008975495107506 -0.00015649531349794799 -0.0012275437529711997 0.00061233761659371003
leaf_weight=49 66 48 518 67 1334
leaf_count=49 66 48 518 67 1334
internal_value=-1.53549e-05 -0.00813793 0.000462944 -0.00207836 0.00153935
internal_weight=2082 114 1968 585 1383
internal_count=2082 114 1968 585 1383
is_linear=0
shrinkage=0.04


Tree=2
num_leaves=5
num_cat=0
split_feature=106 40 95 59
split_gain=4.80744 3.20541 6.96472 4.00253
threshold=1.5174848094027724 -0.78498700613770545 1.0000000180025095e-35 1.0000000180025095e-35
decision_type=2 2 2 2
left_child=1 2 -1 -3
right_child=-2 3 -4 -5
leaf_value=-0.0038390351437070868 -0.0019503704620335582 0.0008964468158641736 0.0028258713220339249 -0.0002501770276610543
leaf_weight=76 60 900 68 978
leaf_count=76 60 900 68 978
internal_value=3.83892e-06 0.000339921 -0.00536986 0.000782979
internal_weight=2082 2022 144 1878
internal_count=2082 2022 144 1878
is_linear=0
shrinkage=0.04


Tree=3
num_leaves=6
num_cat=0
split_feature=89 96 25 10 109
split_gain=4.41823 4.09508 2.80963 4.65402 2.20321
threshold=1.4782854011859337 0.51434478543250617 0.55645840061538665 -0.20954882454248985 -1.0394530750409938
decision_type=2 2 2 2 2
left_child=2 -2 4 -4 -1
right_child=1 -3 3 -5 -6
leaf_value=-0.0011751777145831976 -0.0016800386124515316 0.00034729556230899121 -0.0026903978978553896 0.00026226684351406707 0.00049448136723905856
leaf_weight=52 66 48 172 290 1454
leaf_count=52 66 48 172 290 1454
internal_value=0.000138196 -0.00744828 0.000584772 -0.00213793 0.00142175
internal_weight=2082 114 1968 462 1506
internal_count=2082 114 1968 462 1506
is_linear=0
shrinkage=0.04


Tree=4
num_leaves=6
num_cat=0
split_feature=89 96 25 10 109
split_gain=4.0257 3.78535 2.76793 4.65402 2.18861
threshold=1.4782854011859337 0.51434478543250617 0.55645840061538665 -0.20954882454248985 -1.0394530750409938
decision_type=2 2 2 2 2
left_child=2 -2 4 -4 -1
right_child=1 -3 3 -5 -6
leaf_value=-0.0011281706059998698 -0.0016128370679534703 0.0003334037398166317 -0.0025827819819411739 0.0002517761697735046 0.000474702112549496
leaf_weight=52 66 48 172 290 1454
leaf_count=52 66 48 172 290 1454
internal_value=0.000138196 -0.00710345 0.000564467 -0.00213793 0.00139523
internal_weight=2082 114 1968 462 1506
internal_count=2082 114 1968 462 1506
is_linear=0
shrinkage=0.04


Tree=5
num_leaves=8
num_cat=0
split_feature=59 33 41 40 95 28 12
split_gain=3.49681 4.29778 5.50231 3.43927 4.98366 2.33417 0.175513
threshold=0.082700554765883116 -0.56371092622311847 0.14864886146849046 -0.79691527010089336 1.0000000180025095e-35 1.0900638391260971 -0.43231915328059317
decision_type=2 2 2 2 2 2 2
left_child=3 6 -3 4 -1 -5 -2
right_child=1 2 -4 5 -6 -7 -8
leaf_value=-0.0034048779613359728 0.0013176543267491179 -0.0010183717681080918 1.0839825813767709e-05 0.00089022917841625636 0.0026543570140530109 -0.00058426258223588212 0.00011055305548852241
leaf_weight=71 169 334 399 938 62 69 40
leaf_count=71 169 334 399 938 62 69 40
internal_value=0.00015739 -0.00164407 -0.00308571 0.00164623 -0.00435556 0.00244599 0.00339337
internal_weight=2082 942 733 1140 133 1007 209
internal_count=2082 942 733 1140 133 1007 209
is_linear=0
shrinkage=0.04


Tree=6
num_leaves=8
num_cat=0
split_feature=59 33 41 103 25 40 5
split_gain=3.57164 4.29778 5.50231 2.36098 2.96529 1.13527 0.175513
threshold=0.082700554765883116 -0.56371092622311847 0.14864886146849046 0.29536142960615636 0.9862057454315688 -0.92264095853926109 -0.47304669409565842
decision_type=2 2 2 2 2 2 2
left_child=3 6 -3 5 -5 -1 -2
right_child=1 2 -4 4 -6 -7 -8
leaf_value=-0.00020504784919994691 0.0012465130698512963 -0.00097763689738376825 1.0406232781217182e-05 0.00029285150848839826 -0.0030100306352994172 0.00072931657549803262 0.00010613093326898176
leaf_weight=43 169 334 399 318 42 737 40
leaf_count=43 169 334 399 318 42 737 40
internal_value=0.000176584 -0.00164407 -0.00308571 0.00168126 -0.000994475 0.0029156 0.00339337
internal_weight=2082 942 733 1140 360 780 209
internal_count=2082 942 733 1140 360 780 209
is_linear=0
shrinkage=0.04


Tree=7
num_leaves=6
num_cat=0
split_feature=89 96 25 40 109
split_gain=3.47679 4.34821 2.75198 3.85298 1.89567
threshold=1.6886528797383435 0.51434478543250617 0.52875250380207639 0.76253974479500564 -1.0394530750409938
decision_type=2 2 2 2 2
left_child=2 -2 4 -4 -1
right_child=1 -3 3 -5 -6
leaf_value=-0.0011565436912069976 -0.001954911744944493 0.00031921774788016714 -0.00022883631360371581 -0.0011265953949838041 0.00044843222742637685
leaf_weight=51 48 48 438 58 1439
leaf_count=51 48 48 438 58 1439
internal_value=0.000253359 -0.00710204 0.000615694 -0.00195984 0.00147453
internal_weight=2082 96 1986 496 1490
internal_count=2082 96 1986 496 1490
is_linear=0
shrinkage=0.04


Tree=8
num_leaves=7
num_cat=0
split_feature=71 25 61 77 44 35
split_gain=3.55039 4.22739 6.39475 2.65753 1.18065 0.53604
threshold=-0.40682262716240319 0.16877648125310266 -0.26368754928857069 -0.8225423603261216 1.03607173816111 1.0534482479391245
decision_type=2 2 2 2 2 2
left_child=4 3 -3 -2 5 -1
right_child=1 2 -4 -5 -6 -7
leaf_value=0.00086008195386027587 -0.0010777172793382732 -0.0011449236929130613 -0.00021073685483181801 0.0004586714282813853 -6.5401663409594545e-05 -0.00019529459055718168
leaf_weight=489 53 165 364 897 74 40
leaf_count=489 53 165 364 897 74 40
internal_value=0.000214971 -0.000839973 -0.00369868 0.000756303 0.00279669 0.00345763
internal_weight=2082 1479 529 950 603 529
internal_count=2082 1479 529 950 603 529
is_linear=0
shrinkage=0.04


Tree=9
num_leaves=6
num_cat=0
split_feature=89 96 53 37 109
split_gain=4.06844 3.08923 2.48976 8.01756 2.62166
threshold=1.4782854011859337 0.51434478543250617 -0.58333333333333315 -0.27236328811108917 -1.0691488331937276
decision_type=2 2 2 2 2
left_child=2 -2 3 -1 -4
right_child=1 -3 4 -5 -6
leaf_value=-0.0032285344787159661 -0.0013765617297380552 0.00028810218083370488 -0.00077080569310897826 0.00012432253170582968 0.00044768166217504018
leaf_weight=60 66 48 51 303 1554
leaf_count=60 66 48 51 303 1554
internal_value=0.000176584 -0.00710345 0.000605076 -0.00237808 0.00128189
internal_weight=2082 114 1968 363 1605
internal_count=2082 114 1968 363 1605
is_linear=0
shrinkage=0.04


Tree=10
num_leaves=5
num_cat=0
split_feature=106 71 71 44
split_gain=3.3866 2.40919 3.31233 1.31312
threshold=1.5174848094027724 -0.41995910862462965 0.91139702882131768 1.03607173816111
decision_type=2 2 2 2
left_child=1 3 -3 -1
right_child=-2 2 -4 -5
leaf_value=0.00072022424547122353 -0.0014817443830125166 -0.00029812601912432963 0.00072947950944017115 -7.7058162984552835e-05
leaf_weight=504 60 1125 327 66
leaf_count=504 60 1125 327 66
internal_value=0.000176584 0.000458498 -0.000407153 0.00265734
internal_weight=2082 2022 1452 570
internal_count=2082 2022 1452 570
is_linear=0
shrinkage=0.04


Tree=11
num_leaves=8
num_cat=0
split_feature=59 36 53 40 95 28 28
split_gain=2.92322 3.50686 4.94434 2.72113 4.29917 2.23049 0.534789
threshold=0.082700554765883116 -0.75096566560476352 1.0000000180025095e-35 -0.79691527010089336 1.0000000180025095e-35 1.0900638391260971 0.17209536858431043
decision_type=2 2 2 2 2 2 2
left_child=3 6 -3 4 -1 -5 -2
right_child=1 2 -4 5 -6 -7 -8
leaf_value=-0.0031366809164551641 -1.4833352685070522e-05 -0.001000401215917773 1.7295491010147166e-05 0.00078050303327587608 0.0025203497974076194 -0.00056070977010335722 0.00073224904604283244
leaf_weight=71 71 294 384 938 62 69 193
leaf_count=71 71 294 384 938 62 69 193
internal_value=0.000214971 -0.0014322 -0.00295294 0.00157618 -0.00376296 0.00228741 0.00246617
internal_weight=2082 942 678 1140 133 1007 264
internal_count=2082 942 678 1140 133 1007 264
is_linear=0
shrinkage=0.04


Tree=12
num_leaves=8
num_cat=0
split_feature=59 109 35 78 106 28 59
split_gain=3.43453 4.23805 5.36444 3.41913 3.17923 1.88341 0.0632529
threshold=0.082700554765883116 -0.6227144826695431 0.39127198658095175 1.7797888367514376 0.24350022462872783 1.0121044025192816 1.1120711521702384
decision_type=2 2 2 2 2 2 2
left_child=1 2 -1 4 -2 -3 -5
right_child=3 5 -4 6 -6 -7 -8
leaf_value=-0.0029710784139478537 8.6267749817701943e-06 0.00072507465588444206 0.0011413783264041504 0.0034625419517750741 -0.00080903975947528009 -0.00054197022653969598 0.0011123815380092847
leaf_weight=88 378 904 80 135 387 68 42
leaf_count=88 378 904 80 135 387 68 42
internal_value=0.000310941 0.00178634 -0.00404706 -0.00147458 -0.00263364 0.00280082 0.00350838
internal_weight=2082 1140 168 942 765 972 177
internal_count=2082 1140 168 942 765 972 177
is_linear=0
shrinkage=0.04


Tree=13
num_leaves=8
num_cat=0
split_feature=59 109 35 36 13 89 47
split_gain=2.91974 3.90257 5.03424 3.29608 4.47961 1.44668 0.442708
threshold=0.082700554765883116 -0.6227144826695431 0.39127198658095175 -0.73650607102331966 1.8500349973703516 -1.1043982747778347 0.33445874609840404
decision_type=2 2 2 2 2 2 2
left_child=1 2 -1 6 -5 -3 -2
right_child=3 5 -4 4 -6 -7 -8
leaf_value=-0.0028522352773899394 0.00070784683091787339 -8.6501005372164401e-05 0.0010957231933479844 -0.00027368908740151867 -0.0030256939836699037 0.00085642099068153517 9.1041825821667907e-06
leaf_weight=88 190 147 80 626 46 825 80
leaf_count=88 190 147 80 626 46 825 80
internal_value=0.000426104 0.00178634 -0.00381176 -0.00122034 -0.0027181 0.00275975 0.0025
internal_weight=2082 1140 168 942 672 972 270
internal_count=2082 1140 168 942 672 972 270
is_linear=0
shrinkage=0.04


Tree=14
num_leaves=8
num_cat=0
split_feature=59 83 71 40 25 28 46
split_gain=2.91974 3.13854 4.06023 1.8884 4.30008 2.05637 0.45468
threshold=0.082700554765883116 1.0360365261979656 0.91139702882131768 -0.76974760643767981 0.55645840061538665 1.0900638391260971 0.75879685719467449
decision_type=2 2 2 2 2 2 2
left_child=3 2 -2 4 -1 -5 -3
right_child=1 6 -4 5 -6 -7 -8
leaf_value=0.00018574709077638475 -0.00066857965986092099 0.00079270190930557142 0.00071050630824199049 0.00071126423293306094 -0.003030691190176188 -0.00048658581302581555 0.0001701010840012835
leaf_weight=111 537 180 171 913 49 67 54
leaf_count=111 537 180 171 913 49 67 54
internal_value=0.000426104 -0.00122034 -0.00254648 0.00178634 -0.00222222 0.00244399 0.00277966
internal_weight=2082 942 708 1140 160 980 234
internal_count=2082 942 708 1140 160 980 234
is_linear=0
shrinkage=0.04


Tree=15
num_leaves=8
num_cat=0
split_feature=59 109 38 36 13 89 14
split_gain=2.69172 3.85405 3.27065 3.148 4.57096 1.41435 0.468888
threshold=0.082700554765883116 -0.6227144826695431 -0.22522430320336276 -0.73650607102331966 1.8500349973703516 -1.1043982747778347 0.2311784485967239
decision_type=2 2 2 2 2 2 2
left_child=1 2 -1 6 -5 -3 -2
right_child=3 5 -4 4 -6 -7 -8
leaf_value=-0.0026513198743970631 0.0007388962607132591 -6.9912864437738923e-05 0.00058347688088429312 -0.00024953175156212058 -0.0028779230379286707 0.00080277142053134442 -0.00015481599325174373
leaf_weight=82 209 147 86 626 46 825 61
leaf_count=82 209 147 86 626 46 825 61
internal_value=0.000445298 0.00175131 -0.00381176 -0.00113559 -0.00259941 0.00271869 0.0025
internal_weight=2082 1140 168 942 672 972 270
internal_count=2082 1140 168 942 672 972 270
is_linear=0
shrinkage=0.04


Tree=16
num_leaves=8
num_cat=0
split_feature=71 25 59 26 19 45 109
split_gain=2.54586 4.03761 4.18308 1.68881 0.801137 1.57332 0.180904
threshold=-0.41995910862462965 0.16877648125310266 0.29066759421759786 1.0304668793661371 0.56079868008997957 0.16838967402885979 0.81486016560145724
decision_type=2 2 2 2 2 2 2
left_child=4 3 -3 -2 6 -6 -1
right_child=1 2 -4 -5 5 -7 -8
leaf_value=0.00083137257307850125 0.0004460854564661762 -0.00015198200307892557 -0.0010011950631147665 -0.00089950381701907117 0.00067104989978390586 -0.00016109180761525896 7.1827343661090486e-05
leaf_weight=388 925 359 176 46 105 42 41
leaf_count=388 925 359 176 46 105 42 41
internal_value=0.000483685 -0.000381963 -0.00316574 0.00115519 0.00274048 0.00018792 0.00361021
internal_weight=2082 1506 535 971 576 147 429
internal_count=2082 1506 535 971 576 147 429
is_linear=0
shrinkage=0.04


Tree=17
num_leaves=7
num_cat=0
split_feature=25 28 40 107 26 65
split_gain=2.34639 3.60887 4.75088 4.27546 2.97472 1.66721
threshold=0.52875250380207639 -0.28148329324183469 0.76253974479500564 -0.10089087985479595 1.1168616454681433 0.98464566755898597
decision_type=2 2 2 2 2 2
left_child=4 3 -3 -2 5 -1
right_child=1 2 -4 -5 -6 -7
leaf_value=0.00046937600614953458 -0.0026613558209181705 0.00040309907131585326 -0.00094283035206460617 -0.00011916998938299235 -0.0022122826942893772 -0.00023597409575731816
leaf_weight=1260 45 331 75 69 63 239
leaf_count=1260 45 331 75 69 63 239
internal_value=0.00040691 -0.00191571 -0.000137255 -0.00813793 0.00118159 0.00154297
internal_weight=2082 520 406 114 1562 1499
internal_count=2082 520 406 114 1562 1499
is_linear=0
shrinkage=0.04


Tree=18
num_leaves=8
num_cat=0
split_feature=25 28 107 40 28 31 65
split_gain=2.42449 3.60887 4.27546 4.21562 2.17575 2.80333 1.76691
threshold=0.52875250380207639 -0.28148329324183469 -0.10089087985479595 0.76253974479500564 1.2108099809059527 -1.2112022607988784 0.98464566755898597
decision_type=2 2 2 2 2 2 2
left_child=4 2 -2 -3 6 -6 -1
right_child=1 3 -4 -5 5 -7 -8
leaf_value=0.00043909623524798595 -0.0025549015880814434 0.00038697510846321916 -0.00011440318980767257 -0.00090511713798202195 0.0012906762375174247 -0.0024159458744143734 -0.00027957709264184947
leaf_weight=1247 45 331 69 75 44 54 217
leaf_count=1247 45 331 69 75 44 54 217
internal_value=0.000445298 -0.00191571 -0.00813793 -0.000137255 0.00123274 -0.00448 0.00162074
internal_weight=2082 520 114 406 1562 98 1464
internal_count=2082 520 114 406 1562 98 1464
is_linear=0
shrinkage=0.04


Tree=19
num_leaves=7
num_cat=0
split_feature=25 40 14 40 89 73
split_gain=2.16007 3.16446 5.66926 3.21188 1.57518 1.81422
threshold=0.25057020835362337 0.76253974479500564 0.45892075072536231 -0.76974760643767981 1.4782854011859337 -0.36331522166474756
decision_type=2 2 2 2 2 2
left_child=4 3 -3 -2 5 -1
right_child=1 2 -4 -5 -6 -7
leaf_value=-0.00021697865077261442 -0.0024447411506178358 -0.00014612049963359276 -0.0017504102773136709 0.00029988171637413807 -0.00047603519955247289 0.00060367052413056897
leaf_weight=238 89 86 40 553 79 997
leaf_count=238 89 86 40 553 79 997
internal_value=0.000426104 -0.00125714 -0.007 -0.000111801 0.00141033 0.00176233
internal_weight=2082 768 126 642 1314 1235
internal_count=2082 768 126 642 1314 1235
is_linear=0
shrinkage=0.04


Tree=20
num_leaves=8
num_cat=0
split_feature=59 109 35 78 2 28 97
split_gain=2.41077 3.44241 4.7145 3.07825 2.90622 1.4494 0.800776
threshold=0.082700554765883116 -0.6227144826695431 0.39127198658095175 1.1981424336856672 1.3017334274300165 1.0121044025192816 0.54955688668018243
decision_type=2 2 2 2 2 2 2
left_child=1 2 -1 4 -2 -3 -5
right_child=3 5 -4 6 -6 -7 -8
leaf_value=-0.0023489425977815137 -0.00027982046714319442 0.00059688987769242598 0.0010112032592429535 0.0022833339960758614 -0.0013699120689892935 -0.00044038654264217113 -0.00012380268030053818
leaf_weight=88 623 904 80 204 46 68 69
leaf_count=88 623 904 80 204 46 68 69
internal_value=0.000445298 0.00168126 -0.00357647 -0.00105085 -0.00250969 0.00259548 0.00251636
internal_weight=2082 1140 168 942 669 972 273
internal_count=2082 1140 168 942 669 972 273
is_linear=0
shrinkage=0.04


Tree=21
num_leaves=6
num_cat=0
split_feature=85 33 40 109 49
split_gain=2.18136 2.30613 2.28883 0.754875 0.079043
threshold=-0.9293950254805784 -0.56371092622311847 1.6447980386238645 -0.5303840623007513 0.81290890180915576
decision_type=2 2 2 2 2
left_child=4 3 -3 -2 -1
right_child=1 2 -4 -5 -6
leaf_value=0.00081815961686064996 -0.00039055794214798423 -4.1310281758438855e-05 -0.0022033371149972262 0.00071538998715996865 0.00087772923698571995
leaf_weight=254 45 1335 56 352 40
leaf_count=254 45 1335 56 352 40
internal_value=0.000522073 -4.46912e-06 -0.000772433 0.00267669 0.0037027
internal_weight=2082 1788 1391 397 294
internal_count=2082 1788 1391 397 294
is_linear=0
shrinkage=0.04


Tree=22
num_leaves=8
num_cat=0
split_feature=59 78 71 109 37 83 97
split_gain=2.12081 2.79338 2.62849 2.5788 4.36547 1.40353 0.800776
threshold=0.082700554765883116 1.1981424336856672 0.91139702882131768 -0.6227144826695431 -0.49159888669347479 -0.43455718577993979 0.54955688668018243
decision_type=2 2 2 2 2 2 2
left_child=3 2 -2 4 -1 -5 -3
right_child=1 6 -4 5 -6 -7 -8
leaf_value=-0.0023597723446230194 -0.0004875343860784545 0.0022369188363247062 0.00065838131541342941 0.000143784397808612 0.00049041072760082219 0.00090514843267096062 -0.00013560721736684592
leaf_weight=62 546 204 123 435 106 537 69
leaf_count=62 546 204 123 435 106 537 69
internal_value=0.000522073 -0.000881356 -0.00227124 0.00168126 -0.00287059 0.00247228 0.00251636
internal_weight=2082 942 669 1140 168 972 273
internal_count=2082 942 669 1140 168 972 273
is_linear=0
shrinkage=0.04


Tree=23
num_leaves=7
num_cat=0
split_feature=105 28 40 95 59 28
split_gain=2.00833 2.57486 1.74945 3.65784 1.42456 1.39563
threshold=0.56036077904761805 1.2108099809059527 -0.78498700613770545 1.0000000180025095e-35 1.0000000180025095e-35 0.19556155053117327
decision_type=2 2 2 2 2 2
left_child=2 5 3 -1 -4 -2
right_child=1 -3 4 -5 -6 -7
leaf_value=-0.0022502775312140625 -0.00021681904285525061 -0.0016077383070839961 0.00060831935701750406 0.0028515968414378682 3.078549578315874e-05 0.00018188784904266033
leaf_weight=66 240 45 763 59 714 195
leaf_count=66 240 45 763 59 714 195
internal_value=0.000522073 -0.00174274 0.001202 -0.00330709 0.00158756 -0.000778032
internal_weight=2082 480 1602 125 1477 435
internal_count=2082 480 1602 125 1477 435
is_linear=0
shrinkage=0.04


Tree=24
num_leaves=6
num_cat=0
split_feature=25 40 40 89 96
split_gain=2.11995 3.42304 3.13478 1.79823 1.09837
threshold=0.52875250380207639 -0.76974760643767981 0.76253974479500564 1.6886528797383435 1.0035012372702297
decision_type=2 2 2 2 2
left_child=3 -2 -3 4 -1
right_child=1 2 -4 -5 -6
leaf_value=0.00044959031250233123 -0.0021987226249108004 0.00021128997778257857 -0.00084066714072712106 -0.00067437096025626208 -0.00026833663568693494
leaf_weight=1330 51 387 82 72 160
leaf_count=1330 51 387 82 72 160
internal_value=0.000598849 -0.0016092 -0.000518047 0.00133504 0.00163539
internal_weight=2082 520 469 1562 1490
internal_count=2082 520 469 1562 1490
is_linear=0
shrinkage=0.04


Tree=25
num_leaves=7
num_cat=0
split_feature=5 40 53 37 10 77
split_gain=2.04316 4.64695 2.1263 7.42232 1.93298 1.73662
threshold=0.90822108737333684 1.3089994468500121 -0.58333333333333315 -0.28948326495933413 -0.39293395056782071 -0.86867664831154834
decision_type=2 2 2 2 2 2
left_child=2 4 3 -1 -2 -4
right_child=1 -3 5 -5 -6 -7
leaf_value=-0.001992928142590437 -0.0016264510146811895 -0.0022007232689313086 -0.00070386433465066678 0.0001109175248888424 0.00034866523127004121 0.00033002979983765864
leaf_weight=52 40 41 56 267 135 1491
leaf_count=52 40 41 56 267 135 1491
internal_value=0.00065643 -0.00300917 0.00108351 -0.00188162 -0.000112994 0.00169658
internal_weight=2082 216 1866 319 175 1547
internal_count=2082 216 1866 319 175 1547
is_linear=0
shrinkage=0.04


Tree=26
num_leaves=7
num_cat=0
split_feature=71 25 83 73 34 101
split_gain=1.90744 2.73528 3.00824 2.01082 0.866899 0.701954
threshold=-0.43007325083120423 0.16877648125310266 -0.27530196556677683 -0.40708509426387035 0.9700743606001595 -1.2283290974190233
decision_type=2 2 2 2 2 2
left_child=4 3 -3 -2 5 -1
right_child=1 2 -4 -5 -6 -7
leaf_value=-7.8056974694790319e-05 -0.00069256600528481049 0.00015286987330645339 -0.00083884201478952249 0.00045457483430487325 -0.00016349846481885394 0.00071365255583058062
leaf_weight=54 120 220 322 853 50 463
leaf_count=54 120 220 322 853 50 463
internal_value=0.000675624 -6.59194e-05 -0.00233824 0.00120205 0.00265026 0.0031368
internal_weight=2082 1515 542 973 567 517
internal_count=2082 1515 542 973 567 517
is_linear=0
shrinkage=0.04


Tree=27
num_leaves=7
num_cat=0
split_feature=105 28 109 14 109 53
split_gain=1.88575 2.67219 1.46109 4.29232 1.30984 1.06029
threshold=0.56036077904761805 1.2108099809059527 -0.85109768395002428 -0.059186685689669505 0.36385659486060046 -0.58333333333333315
decision_type=2 2 2 2 2 2
left_child=2 4 3 -1 -2 -4
right_child=1 -3 5 -5 -6 -7
leaf_value=0.00043284334336264027 -0.00035602949810961676 -0.0014015387868823032 -0.00023666627196870072 -0.0014920590182422298 7.8357128084242386e-05 0.00039818807002758676
leaf_weight=93 168 45 258 63 267 1188
leaf_count=93 168 45 258 63 267 1188
internal_value=0.000618042 -0.00157676 0.00127681 -0.00237975 -0.000594966 0.00167403
internal_weight=2082 480 1602 156 435 1446
internal_count=2082 480 1602 156 435 1446
is_linear=0
shrinkage=0.04


Tree=28
num_leaves=7
num_cat=0
split_feature=85 25 36 73 49 14
split_gain=1.90036 1.89946 1.9113 1.80879 0.0662685 0.0088459
threshold=-0.9293950254805784 0.29892349407054636 0.66201214744369974 -0.34370048121867292 0.81290890180915576 -0.4478266425994557
decision_type=2 2 2 2 2 2
left_child=4 3 -3 -2 5 -1
right_child=1 2 -4 -5 -6 -7
leaf_value=0.00010252888776384555 -0.00043989875311549828 -0.0005130076343953326 0.00017543648426061252 0.00032723834844877725 0.00080933242101220303 0.0011680745185092864
leaf_weight=40 181 366 253 988 40 214
leaf_count=40 181 366 253 988 40 214
internal_value=0.000598849 0.000107263 -0.00168116 0.00105551 0.00356757 0.0038125
internal_weight=2082 1788 619 1169 294 254
internal_count=2082 1788 619 1169 294 254
is_linear=0
shrinkage=0.04


Tree=29
num_leaves=8
num_cat=0
split_feature=59 67 41 40 25 83 57
split_gain=1.84939 2.53626 3.86493 1.7465 3.94734 1.79512 0.378123
threshold=0.082700554765883116 1.0128386147866246 0.13231562732529226 -0.78498700613770545 0.55645840061538665 -0.51500515935352942 -1.8315356975849639
decision_type=2 2 2 2 2 2 2
left_child=3 2 -2 4 -1 -5 -3
right_child=1 6 -4 5 -6 -7 -8
leaf_value=0.00012887072816496924 -0.00051703133063538359 -7.1389799808024371e-06 9.8839399824444271e-05 1.1396646902171187e-05 -0.0020364315668175647 0.00074044877281525124 0.00079044300613986818
leaf_weight=95 316 42 374 362 47 636 210
leaf_count=95 316 42 374 362 47 636 210
internal_value=0.000598849 -0.000711864 -0.00196532 0.00168126 -0.00244444 0.002272 0.00270866
internal_weight=2082 942 690 1140 142 998 252
internal_count=2082 942 690 1140 142 998 252
is_linear=0
shrinkage=0.04


Tree=30
num_leaves=8
num_cat=0
split_feature=59 66 71 109 28 28 70
split_gain=1.73167 2.5543 3.24923 2.5394 3.19006 1.36575 0.516197
threshold=0.082700554765883116 0.59306372604249347 -0.40682262716240319 -0.6227144826695431 -0.24288847736692101 1.0121044025192816 -0.049251798087939454
decision_type=2 2 2 2 2 2 2
left_child=3 2 -2 4 -1 -5 -3
right_child=1 6 -4 5 -6 -7 -8
leaf_value=-0.0017990876624807972 0.000380592320404797 -4.8709454458950214e-06 -0.0004742322334060009 0.00048142405769187227 0.000147944706869724 -0.00037450304371723387 0.00086437536029133975
leaf_weight=48 171 81 462 904 120 68 228
leaf_count=48 171 81 462 904 120 68 228
internal_value=0.000598849 -0.000669491 -0.00212283 0.00164623 -0.00287059 0.00243121 0.00230225
internal_weight=2082 942 633 1140 168 972 309
internal_count=2082 942 633 1140 168 972 309
is_linear=0
shrinkage=0.04


Tree=31
num_leaves=6
num_cat=0
split_feature=25 40 26 40 101
split_gain=1.93994 3.00912 2.67209 2.4065 1.233
threshold=0.52875250380207639 -0.76974760643767981 1.1168616454681433 0.76253974479500564 -0.44192898785712642
decision_type=2 2 2 2 2
left_child=2 -2 4 -3 -1
right_child=1 3 -4 -5 -6
leaf_value=-4.6631398975476078e-05 -0.0018564198554187989 0.00021045074134388352 -0.0015726571198155573 -0.00074155488071049928 0.00054778756604884234
leaf_weight=333 51 387 63 82 1166
leaf_count=333 51 387 63 82 1166
internal_value=0.00065643 -0.00145594 0.00136061 -0.000433121 0.00170286
internal_weight=2082 520 1562 469 1499
internal_count=2082 520 1562 469 1499
is_linear=0
shrinkage=0.04


Tree=32
num_leaves=8
num_cat=0
split_feature=59 78 69 109 35 28 96
split_gain=1.86082 2.58877 2.81098 2.5394 3.81803 1.36575 0.628854
threshold=0.082700554765883116 1.1981424336856672 -0.088857093601885373 -0.6227144826695431 0.39127198658095175 1.0121044025192816 0.70327484954918951
decision_type=2 2 2 2 2 2 2
left_child=3 2 -2 4 -1 -5 -3
right_child=1 6 -4 5 -6 -7 -8
leaf_value=-0.0016528673560261859 -0.00058158547130790245 0.0016060295428974045 2.468344472446944e-05 0.00046169077132635891 0.00095279466828556412 -0.0003592696209827206 -1.3834271531210444e-05
leaf_weight=88 285 192 384 904 80 68 81
leaf_count=88 285 192 384 904 80 68 81
internal_value=0.000560461 -0.000754237 -0.0020924 0.00164623 -0.00287059 0.00243121 0.00251636
internal_weight=2082 942 669 1140 168 972 273
internal_count=2082 942 669 1140 168 972 273
is_linear=0
shrinkage=0.04


Tree=33
num_leaves=7
num_cat=0
split_feature=23 40 10 53 37 101
split_gain=1.50423 4.21324 1.57584 1.51384 6.32979 2.32277
threshold=0.93964926614720456 1.3089994468500121 -0.39293395056782071 -0.58333333333333315 -0.31101852035200006 -0.40746979333017525
decision_type=2 2 2 2 2 2
left_child=3 2 -2 4 -1 -5
right_child=1 -3 -4 5 -6 -7
leaf_value=-0.0015578692155993352 -0.001265793468678058 -0.0019620850660721952 0.00037413116534855704 -6.8650576311080552e-05 0.00010610194703925352 0.00052373826935714688
leaf_weight=51 40 41 135 384 268 1163
leaf_count=51 40 41 135 384 268 1163
internal_value=0.000502879 -0.0026422 0.000112994 0.000869379 -0.0016324 0.0013867
internal_weight=2082 216 175 1866 319 1547
internal_count=2082 216 175 1866 319 1547
is_linear=0
shrinkage=0.04


Tree=34
num_leaves=7
num_cat=0
split_feature=71 26 71 101 34 7
split_gain=1.57771 2.47953 2.15999 1.30708 1.09102 0.544067
threshold=-0.43007325083120423 1.1168616454681433 0.91139702882131768 -1.0074615060599819 0.9700743606001595 -0.47223806890424463
decision_type=2 2 2 2 2 2
left_child=3 2 -2 5 -5 -1
right_child=1 -3 -4 4 -6 -7
leaf_value=-0.0001871711050181353 -4.9977247656830583e-05 -0.00180858614775779 0.00063417928978349344 0.00073195208799657868 -0.00015224770740554286 0.00015943674943632921
leaf_weight=41 1150 53 312 438 48 40
leaf_count=41 1150 53 312 438 48 40
internal_value=0.000502879 -0.000171391 0.000142077 0.00229877 0.00308197 -0.00236145
internal_weight=2082 1515 1462 567 486 81
internal_count=2082 1515 1462 567 486 81
is_linear=0
shrinkage=0.04


Tree=35
num_leaves=7
num_cat=0
split_feature=71 26 71 101 34 45
split_gain=1.45662 2.49523 1.93875 1.55038 1.09102 0.711621
threshold=-0.43007325083120423 1.1168616454681433 0.91139702882131768 -1.0074615060599819 0.9700743606001595 -0.17313640882360479
decision_type=2 2 2 2 2 2
left_child=3 2 -2 5 -5 -1
right_child=1 -3 -4 4 -6 -7
leaf_value=0.00012651219468622524 -4.7978157750557294e-05 -0.0017362427018474784 0.00060881211819215379 0.00070267400447671558 -0.00014615779910932106 -0.00016328579059058087
leaf_weight=40 1150 53 312 438 48 41
leaf_count=40 1150 53 312 438 48 41
internal_value=0.000502879 -0.000145023 0.000169399 0.00222847 0.00308197 -0.00284337
internal_weight=2082 1515 1462 567 486 81
internal_count=2082 1515 1462 567 486 81
is_linear=0
shrinkage=0.04


Tree=36
num_leaves=7
num_cat=0
split_feature=5 40 53 37 101 26
split_gain=1.72394 4.17718 1.44136 5.71396 1.73763 0.990781
threshold=0.90822108737333684 0.65834833331754272 -0.58333333333333315 -0.31101852035200006 -0.40746979333017525 0.36334179498746905
decision_type=2 2 2 2 2 2
left_child=2 5 3 -1 -4 -2
right_child=1 -3 4 -5 -6 -7
leaf_value=-0.0014916362307590659 -0.0011402592248230504 -0.0010320671366724804 -5.8429936958311534e-05 0.00010577608537397892 0.0004878282072213855 0.0011967082742057556
leaf_weight=51 40 78 384 268 1163 98
leaf_count=51 40 78 384 268 1163 98
internal_value=0.000541267 -0.00282569 0.000933619 -0.00150779 0.00143835 0.00137143
internal_weight=2082 216 1866 319 1547 138
internal_count=2082 216 1866 319 1547 138
is_linear=0
shrinkage=0.04


Tree=37
num_leaves=8
num_cat=0
split_feature=71 66 11 63 101 34 50
split_gain=1.63429 2.19433 2.77655 2.45536 1.08436 0.799842 0.776448
threshold=-0.43007325083120423 0.098172362656251552 0.48348527587906948 -1.0335219369502398 -1.0074615060599819 0.9700743606001595 -0.0064401192922418716
decision_type=2 2 2 2 2 2 2
left_child=4 2 -2 -3 6 -6 -1
right_child=1 3 -4 -5 5 -7 -8
leaf_value=0.00016762068284077833 -3.5350337677982376e-05 -0.00084235042901136751 -0.00093639807499684203 0.00023930494174281982 0.00066867417475584517 -0.00015982461543380402 -0.0001831589555935084
leaf_weight=41 498 42 171 804 438 48 40
leaf_count=41 498 42 171 804 438 48 40
internal_value=0.000541267 -0.000145023 -0.00185395 0.00120755 0.00236907 0.00308197 -0.00187952
internal_weight=2082 1515 669 846 567 486 81
internal_count=2082 1515 669 846 567 486 81
is_linear=0
shrinkage=0.04


Tree=38
num_leaves=7
num_cat=0
split_feature=85 66 97 14 63 80
split_gain=1.41593 1.6841 2.05292 0.264865 0.217522 0.178326
threshold=-0.9293950254805784 1.1997201563325051 0.77753680890045052 -0.50562955236884 1.7934769345314279 -0.88094564479286619
decision_type=2 2 2 2 2 2
left_child=3 2 -2 -1 -3 -5
right_child=1 4 -4 5 -6 -7
leaf_value=3.8954483305406411e-05 7.657249896089815e-06 0.001041759458741981 -0.00064410130463042864 0.00052990812535046682 0.00024598417706841086 0.00091820645687141133
leaf_weight=40 1440 171 123 41 54 213
leaf_count=40 1440 171 123 41 54 213
internal_value=0.000464492 4.02236e-05 -0.000426837 0.00302703 0.00325991 0.0035
internal_weight=2082 1788 1563 294 225 254
internal_count=2082 1788 1563 294 225 254
is_linear=0
shrinkage=0.04


Tree=39
num_leaves=7
num_cat=0
split_feature=5 40 28 24 106 26
split_gain=1.3685 3.4814 1.53821 3.07919 2.01373 0.990781
threshold=0.90822108737333684 0.65834833331754272 -0.34877660607698824 0.56151398503433214 0.24350022462872783 0.36334179498746905
decision_type=2 2 2 2 2 2
left_child=2 5 3 -1 -4 -2
right_child=1 -3 4 -5 -6 -7
leaf_value=1.4960345181269919e-05 -0.0010899369434641353 -0.00093797072474064574 0.00053550185219740343 -0.00099841771145282214 -1.728843883724728e-05 0.0011252950640801387
leaf_weight=574 40 78 742 41 509 98
leaf_count=574 40 78 742 41 509 98
internal_value=0.000541267 -0.00245872 0.000890792 -0.000745543 0.00169513 0.00137143
internal_weight=2082 216 1866 615 1251 138
internal_count=2082 216 1866 615 1251 138
is_linear=0
shrinkage=0.04


Tree=40
num_leaves=6
num_cat=0
split_feature=89 96 28 53 96
split_gain=1.35121 1.82877 1.25709 3.29567 1.27867
threshold=1.4782854011859337 0.51434478543250617 -0.34877660607698824 -0.74999999999999989 1.0003207687272482
decision_type=2 2 2 2 2
left_child=2 -2 3 -1 -4
right_child=1 -3 4 -5 -6
leaf_value=-0.00143511558457997 -0.0007650924996661292 0.0001550841283982206 0.00033957320288101312 2.3255184152731791e-05 -0.00025566643027211063
leaf_weight=48 66 48 1204 562 154
leaf_count=48 66 48 1204 562 154
internal_value=0.000541267 -0.00365517 0.000787817 -0.000718954 0.00146471
internal_weight=2082 114 1968 610 1358
internal_count=2082 114 1968 610 1358
is_linear=0
shrinkage=0.04


Tree=41
num_leaves=8
num_cat=0
split_feature=106 14 46 40 64 72 42
split_gain=1.3839 2.33039 2.5571 2.25086 3.62892 1.78511 1.64906
threshold=0.24350022462872783 -0.41011722659063987 -0.071001704891123923 -0.79691527010089336 -0.11724213779091046 -0.90883524941326954 1.2046222264980957
decision_type=2 2 2 2 2 2 2
left_child=3 2 -2 4 -1 -3 -5
right_child=1 5 -4 6 -6 -7 -8
leaf_value=0.00038450238139459944 -0.00062398002240489836 -0.00071457019568124701 -3.0751967419558725e-05 0.00039981372720107925 -0.0015567523677123374 0.0001694055601837404 -0.00020492232935513815
leaf_weight=55 83 53 126 1152 44 524 45
leaf_count=55 83 53 126 1152 44 524 45
internal_value=0.000541267 -0.000781726 -0.00437915 0.00134361 -0.00439604 0.000531952 0.00182485
internal_weight=2082 786 209 1296 99 577 1197
internal_count=2082 786 209 1296 99 577 1197
is_linear=0
shrinkage=0.04


Tree=42
num_leaves=6
num_cat=0
split_feature=33 40 13 59 59
split_gain=1.30281 2.32402 2.02263 0.936715 0.444208
threshold=-0.56371092622311847 1.6447980386238645 0.3937884512567385 -0.44045133225153771 1.4506766472357275
decision_type=2 2 2 2 2
left_child=3 2 -2 -1 -5
right_child=1 -3 -4 4 -6
leaf_value=-0.00022266786198667926 -4.8722172775647961e-05 -0.0014180141308854824 0.00034693901489338291 0.00064855361851284636 1.3450381768754361e-05
leaf_weight=68 1137 56 448 329 44
leaf_count=68 1137 56 448 329 44
internal_value=0.000522073 2.43472e-06 0.000289855 0.00244695 0.003232
internal_weight=2082 1641 1585 441 373
internal_count=2082 1641 1585 441 373
is_linear=0
shrinkage=0.04


Tree=43
num_leaves=7
num_cat=0
split_feature=46 25 10 46 40 100
split_gain=1.41197 2.12645 3.87177 1.86127 1.83683 0.428394
threshold=-0.56043914260776162 0.47512534007981838 -0.20954882454248985 -0.26673104254303343 1.6447980386238645 -0.63456327300979576
decision_type=2 2 2 2 2 2
left_child=4 3 -3 -2 5 -1
right_child=1 2 -4 -5 -6 -7
leaf_value=6.4336639795338523e-05 -0.00041690944037360886 -0.00094776283784122706 3.822818934202232e-05 0.00023799187245879632 -0.0017271937805939308 0.00051014038227206217
leaf_weight=61 115 141 280 1057 41 387
leaf_count=61 115 141 280 1057 41 387
internal_value=0.000560461 -1.75547e-05 -0.00244917 0.000858603 0.00243585 0.00318222
internal_weight=2082 1593 421 1172 489 448
internal_count=2082 1593 421 1172 489 448
is_linear=0
shrinkage=0.04


Tree=44
num_leaves=6
num_cat=0
split_feature=89 83 53 37 34
split_gain=1.40096 1.38896 1.04307 4.52474 1.82207
threshold=1.4782854011859337 0.38079067055070531 -0.58333333333333315 -0.31101852035200006 0.91755108009650044
decision_type=2 2 2 2 2
left_child=2 -2 3 -1 -4
right_child=1 -3 4 -5 -6
leaf_value=-0.0012236833711190467 -0.00075380107091789928 6.925871720086244e-05 0.00026715654350605435 0.00010405778737331155 -0.00041612109240757528
leaf_weight=56 60 54 1454 307 151
leaf_count=56 60 54 1454 307 151
internal_value=0.000618042 -0.00365517 0.000869036 -0.00106301 0.00130678
internal_weight=2082 114 1968 363 1605
internal_count=2082 114 1968 363 1605
is_linear=0
shrinkage=0.04


Tree=45
num_leaves=6
num_cat=0
split_feature=26 46 109 108 56
split_gain=1.32711 1.60089 2.06723 1.41696 0.406877
threshold=1.1168616454681433 -0.56043914260776162 -1.0691488331937276 0.19436727944161833 -1.1941452079770345
decision_type=2 2 2 2 2
left_child=1 4 -3 -2 -1
right_child=3 2 -4 -5 -6
leaf_value=-3.8532739616337979e-05 0.0001513149773425032 -0.00044639635926358064 3.8142641648947118e-05 -0.0016719092401839006 0.00047761739496123636
leaf_weight=40 40 40 1500 40 422
leaf_count=40 40 40 1500 40 422
internal_value=0.000598849 0.000802395 0.000181583 -0.00439024 0.00286207
internal_weight=2082 2002 1540 80 462
internal_count=2082 2002 1540 80 462
is_linear=0
shrinkage=0.04


Tree=46
num_leaves=8
num_cat=0
split_feature=106 14 1 40 89 30 109
split_gain=1.1685 2.60046 2.38028 2.27498 3.27995 1.59586 1.25426
threshold=0.24350022462872783 -0.41011722659063987 0.13775112651858709 -0.79691527010089336 0.11951607259481188 0.50606068978551388 -1.0691488331937276
decision_type=2 2 2 2 2 2 2
left_child=3 2 -2 4 -1 -3 -5
right_child=1 5 -4 6 -6 -7 -8
leaf_value=-0.0013474615234852999 -5.4406243231611129e-05 0.00019632252072394993 -0.00052191447439960451 -0.00032697072929451431 0.0024986576470041729 -0.00031467717633576117 0.0003741157536849968
leaf_weight=56 137 465 72 54 43 112 1143
leaf_count=56 137 465 72 54 43 112 1143
internal_value=0.000637236 -0.00057868 -0.00437915 0.00137442 -0.00439604 0.00080829 0.00185822
internal_weight=2082 786 209 1296 99 577 1197
internal_count=2082 786 209 1296 99 577 1197
is_linear=0
shrinkage=0.04


Tree=47
num_leaves=6
num_cat=0
split_feature=71 26 37 44 60
split_gain=1.37125 1.80827 1.744 0.910461 0.462533
threshold=-0.43007325083120423 1.1168616454681433 -0.098580995343988356 1.03607173816111 -0.20186194157152257
decision_type=2 2 2 2 2
left_child=3 2 -2 4 -1
right_child=1 -3 -4 -5 -6
leaf_value=9.7293424379488851e-06 -0.00027406127392792557 -0.0013361724963936868 0.00018695335983248866 -0.00014770511624090859 0.00047891879561180631
leaf_weight=86 541 53 921 66 415
leaf_count=86 541 53 921 66 415
internal_value=0.000694818 6.59197e-05 0.000333333 0.00236907 0.0029503
internal_weight=2082 1515 1462 567 501
internal_count=2082 1515 1462 567 501
is_linear=0
shrinkage=0.04


Tree=48
num_leaves=7
num_cat=0
split_feature=85 66 96 80 70 14
split_gain=1.21168 1.45861 1.61475 0.307722 0.128075 0.0727571
threshold=-0.9293950254805784 1.1997201563325051 1.0035012372702297 -0.74898829005947876 -0.25052958707585588 -0.47947317337850698
decision_type=2 2 2 2 2 2
left_child=3 2 -2 -1 -3 -5
right_child=1 4 -4 5 -6 -7
leaf_value=0.00017410138116598475 1.7242681264350182e-05 0.00028561880024908939 -0.00047642880449283692 5.7421795512651708e-05 0.0007761353701179459 0.00079130537421585737
leaf_weight=54 1443 45 120 41 180 199
leaf_count=54 1443 45 120 41 180 199
internal_value=0.00065643 0.000263687 -0.000171246 0.00302703 0.00325991 0.00363636
internal_weight=2082 1788 1563 294 225 240
internal_count=2082 1788 1563 294 225 240
is_linear=0
shrinkage=0.04


Tree=49
num_leaves=7
num_cat=0
split_feature=1 90 99 84 107 12
split_gain=1.19757 2.07364 2.28615 1.21638 1.1187 1.25798
threshold=0.32943091864565849 0.32071252379850562 -0.020672811255687644 -1.1570896989654378 -0.79293205133206757 0.92898001580395395
decision_type=2 2 2 2 2 2
left_child=4 3 -3 -2 -1 -6
right_child=1 2 -4 -5 5 -7
leaf_value=-0.00058750047491074454 -0.00032200320909844609 -0.00068085697770440493 -3.8955545103547789e-06 0.00025725049575274798 0.00023439503385506036 -0.00038761145394707584
leaf_weight=44 47 99 136 406 1260 90
leaf_count=44 47 99 136 406 1260 90
internal_value=0.000598849 -0.000765217 -0.00379747 0.000817583 0.00127221 0.00147929
internal_weight=2082 688 235 453 1394 1350
internal_count=2082 688 235 453 1394 1350
is_linear=0
shrinkage=0.04


Tree=50
num_leaves=6
num_cat=0
split_feature=28 36 108 71 59
split_gain=1.30668 1.96614 2.93732 1.20494 1.59392
threshold=1.0900638391260971 -0.84317127213296639 0.19436727944161833 1.3627485769989967 0.082700554765883116
decision_type=2 2 2 2 2
left_child=3 -2 -3 4 -1
right_child=1 2 -4 -5 -6
leaf_value=0.00024228083219320193 0.00068560784358244378 5.7265264877323174e-05 -0.0013805271637127908 0.00073927363295256399 -8.5017411024094686e-05
leaf_weight=992 55 76 61 197 701
leaf_count=992 55 76 61 197 701
internal_value=0.000694818 -0.00243299 -0.00497842 0.0010148 0.000667847
internal_weight=2082 192 137 1890 1693
internal_count=2082 192 137 1890 1693
is_linear=0
shrinkage=0.04


Tree=51
num_leaves=7
num_cat=0
split_feature=85 71 109 4 98 36
split_gain=1.09631 1.41133 1.85278 0.323515 0.300446 0.194165
threshold=-0.95819966193046391 1.3627485769989967 -0.55374594360949358 0.83145431258122748 0.3275472487490137 0.081741301049126552
decision_type=2 2 2 2 2 2
left_child=4 2 -2 -3 -1 -6
right_child=1 3 -4 -5 5 -7
leaf_value=0.0005492043013636225 -0.0005577154291150513 0.00087701292206502973 3.6518954428913267e-05 3.7492063167267823e-05 0.0012704458821258557 -1.2922118815405915e-05
leaf_weight=186 240 188 1347 40 41 40
leaf_count=186 240 188 1347 40 41 40
internal_value=0.000694818 0.000341222 -8.3071e-05 0.00326957 0.00307807 0.00101205
internal_weight=2082 1815 1587 228 267 81
internal_count=2082 1815 1587 228 267 81
is_linear=0
shrinkage=0.04


Tree=52
num_leaves=6
num_cat=0
split_feature=71 71 66 89 1
split_gain=1.10323 1.65062 2.68293 1.2583 0.323515
threshold=1.3627485769989967 -0.35675958242927036 0.098172362656251552 -0.99171174657073302 1.0571134200048047
decision_type=2 2 2 2 2
left_child=1 3 -3 -1 -2
right_child=4 2 -4 -5 -6
leaf_value=-1.195292628668731e-05 0.00046782002557774145 -0.00046227984209942265 0.00010082406553094175 0.0005009106978983831 7.6362538373962014e-05
leaf_weight=141 188 501 705 507 40
leaf_count=141 188 501 705 507 40
internal_value=0.00065643 0.000331897 -0.000543046 0.00195692 0.00326957
internal_weight=2082 1854 1206 648 228
internal_count=2082 1854 1206 648 228
is_linear=0
shrinkage=0.04


Tree=53
num_leaves=6
num_cat=0
split_feature=71 109 46 96 1
split_gain=1.11951 1.65053 3.46019 1.69747 0.323515
threshold=1.3627485769989967 -0.77643419638239319 -0.11263216635723718 1.3613682821055435 1.0571134200048047
decision_type=2 2 2 2 2
left_child=1 2 -1 -3 -2
right_child=4 3 -4 -5 -6
leaf_value=0.00081910101130518859 0.00044910722455463175 7.4717638063813221e-05 -0.00095313025128378388 -0.0013175853265754026 7.3308036839003348e-05
leaf_weight=70 188 1662 80 42 40
leaf_count=70 188 1662 80 42 40
internal_value=0.000637236 0.000310345 -0.00368421 0.000665885 0.00326957
internal_weight=2082 1854 150 1704 228
internal_count=2082 1854 150 1704 228
is_linear=0
shrinkage=0.04


Tree=54
num_leaves=8
num_cat=0
split_feature=25 46 10 40 106 77 57
split_gain=1.27781 2.13463 3.62904 2.33412 1.11788 1.98131 0.066827
threshold=0.16877648125310266 0.37843669140980224 -0.31999470013434522 0.65834833331754272 -0.45443978023421266 -0.79125067944144856 1.0025584100595262
decision_type=2 2 2 2 2 2 2
left_child=4 3 -3 -2 6 -6 -1
right_child=1 2 -4 -5 5 -7 -8
leaf_value=0.001177526717993921 0.00016432798169143854 -0.0010957868807188892 -0.00010085581889829647 -0.00078225360510947068 -0.00060999480766706885 9.7281536733399444e-05 0.00021932514397915412
leaf_weight=260 511 65 178 98 45 885 40
leaf_count=260 511 65 178 98 45 885 40
internal_value=0.000637236 -0.000552693 -0.00370612 0.000713584 0.00146104 0.000772532 0.00357616
internal_weight=2082 852 243 609 1230 930 300
internal_count=2082 852 243 609 1230 930 300
is_linear=0
shrinkage=0.04


Tree=55
num_leaves=8
num_cat=0
split_feature=0 0 25 77 73 37 14
split_gain=1.10686 1.09056 0.980084 2.34989 1.45397 0.938317 0.42741
threshold=1.1786521156788254 1.657059171726331 0.18320095364951991 0.028043765381517781 -0.22837330096211003 0.27141830832616348 0.2813970598144428
decision_type=2 2 2 2 2 2 2
left_child=2 5 4 -4 -1 -2 -3
right_child=1 6 3 -5 -6 -7 -8
leaf_value=-3.4452785453187769e-05 -0.00037028073436613486 0.00073987226121259835 0.000154127921343398 -0.00030934949014422728 0.00040037286546270131 -0.00071608623233771515 -0.00010076478886420803
leaf_weight=353 45 40 438 337 786 43 40
leaf_count=353 45 40 438 337 786 43 40
internal_value=0.000694818 -0.0024 0.000968685 -0.0001287 0.00171429 -0.00542222 0.00097561
internal_weight=2082 168 1914 775 1139 88 80
internal_count=2082 168 1914 775 1139 88 80
is_linear=0
shrinkage=0.04


Tree=56
num_leaves=7
num_cat=0
split_feature=85 66 97 63 80 3
split_gain=1.23904 1.3865 1.5693 0.217522 0.149338 0.00763245
threshold=-0.97456584183041195 1.1997201563325051 0.77753680890045052 1.7934769345314279 -0.88094564479286619 -0.61476164123986343
decision_type=2 2 2 2 2 2
left_child=4 2 -2 -3 -1 -6
right_child=1 3 -4 -5 5 -7
leaf_value=0.00057370446306194954 2.9809608472081492e-05 0.00090022718253670155 -0.00043466730698826762 0.00026091146195840828 0.00091873565649257857 0.0004362801343111194
leaf_weight=42 1485 171 123 54 40 167
leaf_count=42 1485 171 123 54 40 167
internal_value=0.000694818 0.000333515 -7.9503e-05 0.00325991 0.00333068 0.00377033
internal_weight=2082 1833 1608 225 249 207
internal_count=2082 1833 1608 225 249 207
is_linear=0
shrinkage=0.04


Tree=57
num_leaves=7
num_cat=0
split_feature=71 66 28 63 42 101
split_gain=1.0646 1.86048 2.56051 2.05772 1.17065 1.04669
threshold=-0.35675958242927036 0.098172362656251552 -0.48622866785459212 -1.0335219369502398 1.0515552970517372 -1.0074615060599819
decision_type=2 2 2 2 2 2
left_child=4 2 -2 -3 5 -1
right_child=1 3 -4 -5 -6 -7
leaf_value=-3.9676065297261472e-05 -0.00092906794342600691 -0.00071223627533544627 -9.4932559798868303e-05 0.00020165766989085744 -0.00017381502928900564 0.0004956649206976809
leaf_weight=74 96 42 528 768 51 523
leaf_count=74 96 42 528 768 51 523
internal_value=0.000675624 6.68525e-05 -0.00157188 0.00133005 0.00201846 0.00251753
internal_weight=2082 1434 624 810 648 597
internal_count=2082 1434 624 810 648 597
is_linear=0
shrinkage=0.04


Tree=58
num_leaves=6
num_cat=0
split_feature=40 95 106 102 107
split_gain=1.0894 3.2284 1.60328 2.07444 1.21577
threshold=-0.79691527010089336 1.0000000180025095e-35 0.24350022462872783 -0.69624549890130083 -0.79293205133206757
decision_type=2 2 2 2 2
left_child=1 -1 4 -4 -2
right_child=2 -3 3 -5 -6
leaf_value=-0.0010084919210672522 -0.00043554874285884156 0.0021392944041383824 0.00044040332948762069 -0.0001342742675668928 0.00030321715799824539
leaf_weight=73 63 62 148 602 1134
leaf_count=73 63 62 148 602 1134
internal_value=0.000675624 -0.00277372 0.000917394 -0.000531915 0.00182485
internal_weight=2082 135 1947 750 1197
internal_count=2082 135 1947 750 1197
is_linear=0
shrinkage=0.04


Tree=59
num_leaves=6
num_cat=0
split_feature=24 28 40 107 106
split_gain=1.18284 2.49938 3.23376 1.02122 1.39662
threshold=0.56151398503433214 -0.19584197111263774 0.76253974479500564 -0.79293205133206757 0.21383891935436056
decision_type=2 2 2 2 2
left_child=3 -2 -3 -1 -5
right_child=1 2 -4 4 -6
leaf_value=-0.0005370000786877237 -0.00071606792834865362 0.00020772241479597459 -0.00085298964375230349 0.00035741148578528941 4.4346476525033412e-06
leaf_weight=53 54 319 83 869 704
leaf_count=53 54 319 83 869 704
internal_value=0.000714012 -0.00108297 1.98021e-05 0.00121867 0.00140444
internal_weight=2082 456 402 1626 1573
internal_count=2082 456 402 1626 1573
is_linear=0
shrinkage=0.04


Tree=60
num_leaves=5
num_cat=0
split_feature=26 71 96 5
split_gain=1.33312 1.17819 1.62993 0.0736561
threshold=1.245128984147766 1.3627485769989967 1.3613682821055435 0.51292251866662741
decision_type=2 2 2 2
left_child=1 2 -1 -3
right_child=-2 3 -4 -5
leaf_value=4.2334556474150734e-05 -0.00092007552219243059 0.00054745605042876759 -0.00123172173876182 0.00017224579278394951
leaf_weight=1772 48 180 42 40
leaf_count=1772 48 180 42 40
internal_value=0.000694818 0.000852652 0.000515419 0.0036036
internal_weight=2082 2034 1814 220
internal_count=2082 2034 1814 220
is_linear=0
shrinkage=0.04


Tree=61
num_leaves=7
num_cat=0
split_feature=0 43 71 65 70 0
split_gain=1.10686 1.83188 1.0385 1.60705 0.604799 0.277959
threshold=1.1786521156788254 0.19176420292158577 0.91139702882131768 1.0367448851216337 -0.46793949579299493 0.5702852343621555
decision_type=2 2 2 2 2 2
left_child=2 -2 3 -1 -3 -4
right_child=1 4 5 -5 -6 -7
leaf_value=6.6162174031169298e-05 -0.00055639732484768557 -0.00028631344257779869 0.00047444598153468631 -0.00041146627396983513 0.00027914728180098764 9.5996766497346328e-05
leaf_weight=1500 44 40 230 122 84 62
leaf_count=1500 44 40 230 122 84 62
internal_value=0.000694818 -0.0024 0.000968685 0.000571429 0.000126984 0.00315646
internal_weight=2082 168 1914 1622 124 292
internal_count=2082 168 1914 1622 124 292
is_linear=0
shrinkage=0.04


Tree=62
num_leaves=6
num_cat=0
split_feature=71 96 1 71 1
split_gain=1.20362 1.87551 3.67527 1.48782 0.179498
threshold=1.3627485769989967 1.0003207687272482 0.32245738225359621 -0.35675958242927036 1.0571134200048047
decision_type=2 2 2 2 2
left_child=1 3 -3 -1 -2
right_child=4 2 -4 -5 -6
leaf_value=0.00025820617997729319 0.00036905340324536287 7.5589952591393774e-06 -0.00085596285893053351 -3.5922504035211625e-06 9.3602713037339814e-05
leaf_weight=594 188 110 49 1101 40
leaf_count=594 188 110 49 1101 40
internal_value=0.000714012 0.000375 -0.00375155 0.000766058 0.00344348
internal_weight=2082 1854 159 1695 228
internal_count=2082 1854 159 1695 228
is_linear=0
shrinkage=0.04


Tree=63
num_leaves=6
num_cat=0
split_feature=71 109 45 59 4
split_gain=1.02357 1.33848 2.51731 1.51798 0.323515
threshold=1.3627485769989967 -0.77643419638239319 -0.090215873269211252 0.082700554765883116 0.83145431258122748
decision_type=2 2 2 2 2
left_child=1 2 -1 -3 -2
right_child=4 3 -4 -5 -6
leaf_value=0.00024596352879420539 0.00075800990416438304 0.00022665663181150865 -0.00073523686646822573 -7.3088291884560686e-05 1.0335238106377841e-05
leaf_weight=59 188 966 91 738 40
leaf_count=59 188 966 91 738 40
internal_value=0.000752399 0.000439655 -0.00315789 0.000759672 0.00326957
internal_weight=2082 1854 150 1704 228
internal_count=2082 1854 150 1704 228
is_linear=0
shrinkage=0.04


Tree=64
num_leaves=6
num_cat=0
split_feature=66 97 1 64 63
split_gain=1.06318 1.98373 2.62892 1.22956 0.217522
threshold=1.1997201563325051 0.72936515539017821 -0.23998933649227522 -0.068100517520697498 1.7934769345314279
decision_type=2 2 2 2 2
left_child=1 3 -3 -1 -2
right_child=4 2 -4 -5 -6
leaf_value=0.00023980935018229612 0.00083587513752622199 0.00010014192355337573 -0.00074963605209544236 -2.373630953675252e-05 0.00021019466835028354
leaf_weight=858 171 67 74 858 54
leaf_count=858 171 67 74 858 54
internal_value=0.000675624 0.000359333 -0.00416783 0.000735739 0.00325991
internal_weight=2082 1857 141 1716 225
internal_count=2082 1857 141 1716 225
is_linear=0
shrinkage=0.04


Tree=65
num_leaves=6
num_cat=0
split_feature=66 96 3 25 63
split_gain=1.03179 1.25207 2.87692 1.42911 0.217522
threshold=1.1997201563325051 1.0003207687272482 0.52712604680312936 0.52875250380207639 1.7934769345314279
decision_type=2 2 2 2 2
left_child=1 3 -3 -1 -2
right_child=4 2 -4 -5 -6
leaf_value=0.00015661870325922182 0.00080244013202517299 9.1960222056160976e-06 -0.0011296989943934048 -0.0001256418933611923 0.00020178688161627225
leaf_weight=1234 171 122 46 455 54
leaf_count=1234 171 122 46 455 54
internal_value=0.000714012 0.000402367 -0.00287059 0.000730929 0.00325991
internal_weight=2082 1857 168 1689 225
internal_count=2082 1857 168 1689 225
is_linear=0
shrinkage=0.04


Tree=66
num_leaves=6
num_cat=0
split_feature=71 109 40 59 1
split_gain=1.20362 1.35052 2.95309 1.70312 0.179498
threshold=1.3627485769989967 -0.55374594360949358 -0.76974760643767981 0.24061123131782372 1.0571134200048047
decision_type=2 2 2 2 2
left_child=1 2 -1 -3 -2
right_child=4 3 -4 -5 -6
leaf_value=-0.0012800455956542463 0.00034851557907021033 0.00022089818206580733 -7.7378322310267624e-06 -0.00010116148475268365 9.4291281377164728e-05
leaf_weight=46 188 954 257 597 40
leaf_count=46 188 954 257 597 40
internal_value=0.000714012 0.000375 -0.00205902 0.000852544 0.00344348
internal_weight=2082 1854 303 1551 228
internal_count=2082 1854 303 1551 228
is_linear=0
shrinkage=0.04


Tree=67
num_leaves=6
num_cat=0
split_feature=71 109 40 59 94
split_gain=1.11951 1.27983 2.95309 1.54968 0.174928
threshold=1.3627485769989967 -0.55374594360949358 -0.76974760643767981 0.24061123131782372 0.68522944931487861
decision_type=2 2 2 2 2
left_child=1 2 -1 -3 -2
right_child=4 3 -4 -5 -6
leaf_value=-0.0012288437718280761 0.00037022011845577269 0.00021206225478317517 -7.4283189417856473e-06 -9.7115025362576251e-05 7.4150354510733974e-05
leaf_weight=46 165 954 257 597 63
leaf_count=46 165 954 257 597 63
internal_value=0.000637236 0.000310345 -0.00205902 0.000775274 0.00326957
internal_weight=2082 1854 303 1551 228
internal_count=2082 1854 303 1551 228
is_linear=0
shrinkage=0.04


Tree=68
num_leaves=8
num_cat=0
split_feature=25 41 83 46 73 46 0
split_gain=1.04261 1.90572 4.06667 2.13198 1.47489 2.60367 1.0817
threshold=0.16877648125310266 -0.43331280073109363 -0.30883506399613436 -0.33498608489509485 -0.22837330096211003 -0.18745923421345104 1.1786521156788254
decision_type=2 2 2 2 2 2 2
left_child=4 2 -2 -3 5 -1 -6
right_child=1 3 -4 -5 6 -7 -8
leaf_value=-0.00044008321367983231 0.00083229910069876497 0.00037630940455551996 -0.00099760417295637017 -9.12143066589903e-05 0.00036474452507343993 0.00013728346742630053 -0.00014421851114430542
leaf_weight=106 49 275 60 468 773 266 85
leaf_count=106 49 275 60 468 773 266 85
internal_value=0.000522073 -0.000552693 -0.00544144 0.000177181 0.00126623 -0.000834224 0.00217674
internal_weight=2082 852 109 743 1230 372 858
internal_count=2082 852 109 743 1230 372 858
is_linear=0
shrinkage=0.04


Tree=69
num_leaves=6
num_cat=0
split_feature=66 97 6 46 65
split_gain=1.14371 1.55963 2.3243 1.11813 0.150995
threshold=1.1997201563325051 0.77753680890045052 0.10819218766328431 -0.56043914260776162 1.3016814007948685
decision_type=2 2 2 2 2
left_child=1 3 -3 -1 -2
right_child=4 2 -4 -5 -6
leaf_value=0.00036546235888896433 0.00053692652096891272 4.1946036774228304e-05 -0.0010887527853148534 6.4919898247888985e-07 0.00042806624043713494
leaf_weight=389 156 76 47 1345 69
leaf_count=389 156 76 47 1345 69
internal_value=0.000579655 0.000251748 -0.004064 0.000562212 0.00325991
internal_weight=2082 1857 123 1734 225
internal_count=2082 1857 123 1734 225
is_linear=0
shrinkage=0.04


Tree=70
num_leaves=8
num_cat=0
split_feature=36 28 24 26 103 87 0
split_gain=1.04098 1.68457 2.63351 1.20827 0.387103 0.809902 0.0707816
threshold=-0.76828197527890796 1.0900638391260971 1.025348375282469 0.32097056205853586 -0.74863523185111758 -0.08555877515953253 -1.1243348146494718
decision_type=2 2 2 2 2 2 2
left_child=4 3 -3 -2 5 -1 -6
right_child=1 2 -4 -5 6 -7 -8
leaf_value=0.00045065066246791459 -5.3646354639855235e-06 -0.00099502053410804175 0.0001060523305540999 0.00035277426224575276 0.00036380062734975435 -0.00011085541327883084 0.00085258376040587614
leaf_weight=83 1072 66 66 517 41 60 177
leaf_count=83 1072 66 66 517 41 60 177
internal_value=0.000598849 0.000188044 -0.0041194 0.000550597 0.00254545 0.000910345 0.0036
internal_weight=2082 1721 132 1589 361 143 218
internal_count=2082 1721 132 1589 361 143 218
is_linear=0
shrinkage=0.04


Tree=71
num_leaves=7
num_cat=0
split_feature=102 105 42 33 97 2
split_gain=0.893323 1.49036 1.48455 1.14439 0.479978 0.0735586
threshold=-0.70163921985926214 0.22751833303879335 -0.20142021407482988 1.1762956128398387 0.55954479394609302 0.82869994947094472
decision_type=2 2 2 2 2 2
left_child=4 3 -3 -2 5 -1
right_child=1 2 -4 -5 -6 -7
leaf_value=0.00093035133439713124 0.0001292218304390472 -0.00039083290186065866 1.4893572033719749e-05 -0.00023793537528025082 -2.5737590294156472e-05 0.00037580103452076845
leaf_weight=179 1061 231 414 106 51 40
leaf_count=179 1061 231 414 106 51 40
internal_value=0.00065643 0.000335171 -0.00120556 0.00118734 0.00279412 0.00360181
internal_weight=2082 1812 645 1167 270 219
internal_count=2082 1812 645 1167 270 219
is_linear=0
shrinkage=0.04


Tree=72
num_leaves=7
num_cat=0
split_feature=89 11 109 40 40 35
split_gain=0.952994 2.01182 1.29426 2.922 1.27824 1.2568
threshold=0.8286086992438676 0.71190322587267685 -0.52013319387719925 -0.76974760643767981 1.1769840949021402 1.2490283204958337
decision_type=2 2 2 2 2 2
left_child=2 4 3 -1 -2 -4
right_child=1 -3 5 -5 -6 -7
leaf_value=-0.0011480582084820697 -0.00025591062466661307 -0.0010440212401650534 0.00017613201207597085 1.7200440193968686e-05 0.00052053172737343879 -0.00038374845055950935
leaf_weight=46 142 40 1356 302 130 66
leaf_count=46 142 40 1356 302 130 66
internal_value=0.00065643 -0.0013758 0.0010158 -0.00116571 -0.000116788 0.00155056
internal_weight=2082 312 1770 348 272 1422
internal_count=2082 312 1770 348 272 1422
is_linear=0
shrinkage=0.04


Tree=73
num_leaves=6
num_cat=0
split_feature=78 89 69 88 80
split_gain=0.915497 1.33864 1.42584 1.13545 0.143684
threshold=1.7408280001998933 0.8286086992438676 -0.6118641356869744 0.76017124742005315 -0.8652749467687656
decision_type=2 2 2 2 2
left_child=1 3 -3 -1 -2
right_child=4 2 -4 -5 -6
leaf_value=9.1670780595663745e-05 0.00037898712966798475 -0.00097533225786305511 -2.9743872275915512e-05 -4.7159625138258799e-05 0.0022855560429214487
leaf_weight=1452 45 51 177 216 141
leaf_count=1452 45 51 177 216 141
internal_value=0.00065643 0.000391992 -0.00246957 0.000785629 0.00331915
internal_weight=2082 1896 228 1668 186
internal_count=2082 1896 228 1668 186
is_linear=0
shrinkage=0.04


Tree=74
num_leaves=7
num_cat=0
split_feature=102 103 41 97 97 0
split_gain=0.80481 1.53591 1.63377 1.32086 0.584672 0.00733571
threshold=-0.70163921985926214 -0.29642156628782118 -0.081702220854720356 -0.45265280064415686 0.44171670969361371 0.6771673928153511
decision_type=2 2 2 2 2 2
left_child=4 2 -2 -3 5 -1
right_child=1 3 -4 -5 -6 -7
leaf_value=0.0011669326200462848 -0.00046890701644252601 0.0006076192522819835 2.7466402613894637e-05 1.0505203763757171e-05 6.8919552554345434e-06 0.0011157788787361401
leaf_weight=158 192 261 237 1122 72 40
leaf_count=158 192 261 237 1122 72 40
internal_value=0.000618042 0.00031312 -0.00177262 0.000961733 0.00264706 0.00376
internal_weight=2082 1812 429 1383 270 198
internal_count=2082 1812 429 1383 270 198
is_linear=0
shrinkage=0.04


Tree=75
num_leaves=7
num_cat=0
split_feature=109 14 59 78 66 10
split_gain=0.9716 3.42669 1.06297 2.03291 1.13106 0.114457
threshold=-0.85109768395002428 -0.082804957088833731 0.24061123131782372 1.1981424336856672 -0.35173903178629867 0.071722794070517237
decision_type=2 2 2 2 2 2
left_child=1 5 4 -4 -2 -1
right_child=2 -3 3 -5 -6 -7
leaf_value=0.00028053540927389401 0.00073545738789676312 -0.00068525941861685789 -0.00018887425802723256 0.00036233429925054873 4.139759793744152e-05 6.2476889778615631e-05
leaf_weight=51 306 65 477 267 876 40
leaf_count=51 306 65 477 267 876 40
internal_value=0.000637236 -0.00237975 0.000883818 -0.000300268 0.00162838 0.00262366
internal_weight=2082 156 1926 744 1182 91
internal_count=2082 156 1926 744 1182 91
is_linear=0
shrinkage=0.04


Tree=76
num_leaves=7
num_cat=0
split_feature=34 101 109 11 11 53
split_gain=0.941919 1.61849 1.75992 1.52947 1.94106 0.81007
threshold=0.91755108009650044 0.25522735109261818 -0.55374594360949358 0.81467365346465137 0.22209027134221515 -0.58333333333333315
decision_type=2 2 2 2 2 2
left_child=1 2 -1 4 -2 -3
right_child=3 5 -4 -5 -6 -7
leaf_value=-0.0003576508993439951 8.6278347180335516e-06 -0.00037800019184465439 3.638720692817091e-05 0.00059961120886433945 -0.0004860160451714358 0.00050594884623433509
leaf_weight=186 91 49 925 78 71 682
leaf_count=186 91 49 925 78 71 682
internal_value=0.000694818 0.00100217 3.95329e-05 -0.00165289 -0.00385366 0.00246112
internal_weight=2082 1842 1111 240 162 731
internal_count=2082 1842 1111 240 162 731
is_linear=0
shrinkage=0.04


Tree=77
num_leaves=5
num_cat=0
split_feature=26 46 40 109
split_gain=0.981927 1.1584 1.74178 0.550963
threshold=1.245128984147766 -0.56043914260776162 -0.79691527010089336 0.57224910759822656
decision_type=2 2 2 2
left_child=1 3 -3 -1
right_child=-2 2 -4 -5
leaf_value=0.00049169351683676574 -0.0005940222029605179 -0.00051727666814469679 2.9470651075590536e-05 8.3622106490940682e-06
leaf_weight=343 48 91 1474 126
leaf_count=343 48 91 1474 126
internal_value=0.000579655 0.000715128 0.000191449 0.00245435
internal_weight=2082 2034 1565 469
internal_count=2082 2034 1565 469
is_linear=0
shrinkage=0.04


Tree=78
num_leaves=8
num_cat=0
split_feature=24 40 28 11 101 65 53
split_gain=0.989582 2.09277 2.44776 2.38624 1.29407 2.53316 1.56432
threshold=0.56151398503433214 0.76253974479500564 -0.24288847736692101 0.24504585042401431 -0.39669885040997216 0.36084356833317793 -0.58333333333333315
decision_type=2 2 2 2 2 2 2
left_child=4 2 -2 -3 5 -1 -6
right_child=1 3 -4 -5 6 -7 -8
leaf_value=2.3693417014223922e-05 -0.00055101606175507402 7.3858778890798846e-05 0.00011645108931544075 -0.00092661735906737904 -0.0002905372485443065 -0.00053131173196269371 0.00036258333700271727
leaf_weight=339 49 42 322 43 201 55 1031
leaf_count=339 49 42 322 43 201 55 1031
internal_value=0.000560461 -0.00108297 0.000225201 -0.00666667 0.00102211 -0.000969697 0.00165964
internal_weight=2082 456 371 85 1626 394 1232
internal_count=2082 456 371 85 1626 394 1232
is_linear=0
shrinkage=0.04


Tree=79
num_leaves=7
num_cat=0
split_feature=66 106 40 40 76 10
split_gain=1.04472 1.30644 1.99139 1.50105 0.244112 0.00665531
threshold=1.1997201563325051 0.21383891935436056 -0.263284968724396 -0.79691527010089336 -0.071771536525070859 1.0428404644672837
decision_type=2 2 2 2 2 2
left_child=1 3 -3 -1 -2 -6
right_child=4 2 -4 -5 5 -7
leaf_value=-0.00043909611072780424 0.00017740695134235644 0.00018627696003472346 -0.00022313640822625803 0.00016184336885569417 0.00067800172274535371 0.00061043436619938882
leaf_weight=98 45 208 470 1081 140 40
leaf_count=98 45 208 470 1081 140 40
internal_value=0.000522073 0.000208715 -0.00118824 0.0010127 0.0030837 0.00373626
internal_weight=2082 1857 678 1179 225 180
internal_count=2082 1857 678 1179 225 180
is_linear=0
shrinkage=0.04


Tree=80
num_leaves=7
num_cat=0
split_feature=34 59 65 106 14 28
split_gain=0.956199 1.66973 2.05716 1.32764 2.13191 1.40179
threshold=0.9700743606001595 0.47439357147594702 -0.89132396330625696 0.065758672523952039 -0.41011722659063987 -0.34877660607698824
decision_type=2 2 2 2 2 2
left_child=3 2 -2 5 -5 -1
right_child=1 -3 -4 4 -6 -7
leaf_value=-3.0507119688464537e-05 -0.00072251757945857042 -0.00058215263138998799 0.00033192550219823455 -0.00021940234526795306 6.3369460472246524e-05 0.0004084225375741424
leaf_weight=309 40 47 121 243 675 647
leaf_count=309 40 47 121 243 675 647
internal_value=0.000618042 -0.00194286 2.454e-05 0.000904051 -0.000182609 0.00194572
internal_weight=2082 208 161 1874 918 956
internal_count=2082 208 161 1874 918 956
is_linear=0
shrinkage=0.04


Tree=81
num_leaves=8
num_cat=0
split_feature=24 40 14 28 41 100 36
split_gain=1.09763 2.02786 3.09362 2.38411 0.98883 1.3999 0.535632
threshold=0.56151398503433214 0.76253974479500564 0.3213467557004886 -0.24288847736692101 0.13231562732529226 0.81371815262607339 0.70579514619796391
decision_type=2 2 2 2 2 2 2
left_child=4 3 -3 -2 5 -1 -6
right_child=1 2 -4 -5 6 -7 -8
leaf_value=-1.8279041988493658e-05 -0.00053783441789586597 0.00034114644148046245 -0.00091236330096187729 8.9288399090758124e-05 0.00029677160185520064 0.00069437732804899979 -0.00019991003131853154
leaf_weight=916 49 42 43 322 486 184 40
leaf_count=916 49 42 43 322 486 184 40
internal_value=0.000560461 -0.00117031 -0.00666667 0.000117963 0.00104668 0.000362977 0.0024697
internal_weight=2082 456 85 371 1626 1100 526
internal_count=2082 456 85 371 1626 1100 526
is_linear=0
shrinkage=0.04


Tree=82
num_leaves=5
num_cat=0
split_feature=35 28 85 8
split_gain=0.946183 1.56333 1.02101 0.167827
threshold=-1.0405143696274926 1.6193327847084056 0.40247794736396791 -0.70239844381366889
decision_type=2 2 2 2
left_child=3 2 -2 -1
right_child=1 -3 -4 -5
leaf_value=0.00015842723604838675 4.1357825104846017e-05 -0.0011864626280835102 -0.00012406158830511734 0.00093049746844765737
leaf_weight=40 1682 47 173 140
leaf_count=40 1682 47 173 140
internal_value=0.000541267 0.000277311 0.000463113 0.0032967
internal_weight=2082 1902 1855 180
internal_count=2082 1902 1855 180
is_linear=0
shrinkage=0.04


Tree=83
num_leaves=8
num_cat=0
split_feature=25 71 69 106 109 65 89
split_gain=1.03576 1.58804 1.83906 1.13723 2.14902 0.242162 0.149083
threshold=0.13261421080242783 -0.64156210712089345 0.46038936615996778 -0.44166096180493869 -0.5303840623007513 -0.0093538048580602186 1.0140791702305585
decision_type=2 2 2 2 2 2 2
left_child=3 5 -3 6 -5 -2 -1
right_child=1 2 -4 4 -6 -7 -8
leaf_value=0.00092425360415773295 0.00043447113751627942 -0.00019281873236967812 0.00011830016529232856 -0.00042834894535750945 7.5721282999323576e-05 0.00013929668161025258 9.6486840162458943e-05
leaf_weight=252 133 521 185 77 812 58 44
leaf_count=252 133 521 185 77 812 58 44
internal_value=0.000522073 -0.000502781 -0.00137853 0.00129739 0.000579125 0.00271503 0.00343624
internal_weight=2082 897 706 1185 889 191 296
internal_count=2082 897 706 1185 889 191 296
is_linear=0
shrinkage=0.04


Tree=84
num_leaves=6
num_cat=0
split_feature=35 101 28 33 2
split_gain=0.959426 1.06604 2.78357 2.43895 0.167827
threshold=-1.0405143696274926 0.25522735109261818 1.0349421396211158 1.1949015247631654 -1.1224040553657839
decision_type=2 2 2 2 2
left_child=4 2 -2 -3 -1
right_child=1 3 -4 -5 -6
leaf_value=0.00016632508042121894 -6.4716942559047797e-06 0.00031575732919712567 -0.00066448976519168171 -0.00042924002194762092 0.00088472525078200958
leaf_weight=40 1072 713 48 69 140
leaf_count=40 1072 713 48 69 140
internal_value=0.000522073 0.000256303 -0.000534759 0.00138776 0.0032967
internal_weight=2082 1902 1120 782 180
internal_count=2082 1902 1120 782 180
is_linear=0
shrinkage=0.04


Tree=85
num_leaves=5
num_cat=0
split_feature=89 77 77 2
split_gain=1.22627 1.41177 1.38561 0.00733571
threshold=3.288269832709029 1.0008520818672009 0.87492919685626347 0.90076616848968405
decision_type=2 2 2 2
left_child=1 2 -1 -3
right_child=-2 3 -4 -5
leaf_value=3.8236764604135578e-05 -0.00035829843466427772 0.0015428356474364627 -0.00022072952842510044 0.00074005512137454875
leaf_weight=1707 42 158 135 40
leaf_count=1707 42 158 135 40
internal_value=0.000426104 0.000568071 0.000221258 0.00376
internal_weight=2082 2040 1842 198
internal_count=2082 2040 1842 198
is_linear=0
shrinkage=0.04


Tree=86
num_leaves=6
num_cat=0
split_feature=35 28 25 71 2
split_gain=1.01331 1.2257 1.68198 1.00673 0.167827
threshold=-1.0405143696274926 1.3205404343044727 0.64566412302856024 2.6360151785863848 -1.1224040553657839
decision_type=2 2 2 2 2
left_child=4 3 -3 -2 -1
right_child=1 2 -4 -5 -6
leaf_value=0.00015814260662020478 8.7665508928192335e-06 -0.0011310723395592445 0.00014777489951627723 0.00092614140903317984 0.00084780677016656387
leaf_weight=40 1686 56 41 119 140
leaf_count=40 1686 56 41 119 140
internal_value=0.000445298 0.000172269 -0.00416162 0.000409519 0.0032967
internal_weight=2082 1902 97 1805 180
internal_count=2082 1902 97 1805 180
is_linear=0
shrinkage=0.04


Tree=87
num_leaves=6
num_cat=0
split_feature=78 59 88 34 62
split_gain=1.02428 1.5214 1.58337 1.26 0.143684
threshold=1.7408280001998933 0.082700554765883116 0.76017124742005315 -0.83577140086409396 -0.60240608352646408
decision_type=2 2 2 2 2
left_child=1 2 -1 -3 -2
right_child=4 3 -4 -5 -6
leaf_value=0.00019383681968648928 1.9435199266373888e-05 0.00073653150621157506 -3.9494449022504723e-05 -7.4028880552022306e-05 0.0021775351206888547
leaf_weight=1014 45 107 123 652 141
leaf_count=1014 45 107 123 652 141
internal_value=0.000502879 0.000223393 0.00114838 -0.00116163 0.00331915
internal_weight=2082 1896 1137 759 186
internal_count=2082 1896 1137 759 186
is_linear=0
shrinkage=0.04


Tree=88
num_leaves=7
num_cat=0
split_feature=50 75 79 109 29 70
split_gain=1.03483 1.20372 1.26599 0.831913 0.80031 0.478575
threshold=0.35619756924322837 0.27872198344049831 0.42772711769068134 -1.0691488331937276 1.1278448477551113 0.036971202269543646
decision_type=2 2 2 2 2 2
left_child=3 2 -2 -1 -5 -3
right_child=1 5 -4 4 -6 -7
leaf_value=-7.0282950105290032e-05 -4.7868530422928409e-05 -1.8011930060811342e-06 -0.00070950901124927363 0.00010794797105799708 -0.0001821986316525824 0.00035770548077906369
leaf_weight=42 335 119 72 1348 52 114
leaf_count=42 335 119 72 1348 52 114
internal_value=0.000464492 -0.000872274 -0.00218093 0.00105817 0.00122682 0.00141277
internal_weight=2082 640 407 1442 1400 233
internal_count=2082 640 407 1442 1400 233
is_linear=0
shrinkage=0.04


Tree=89
num_leaves=6
num_cat=0
split_feature=109 14 25 69 106
split_gain=1.04244 2.27197 1.0696 1.453 1.25715
threshold=-0.94782084289640534 -0.42843019272939359 0.13261421080242783 0.46038936615996778 -0.16036563223469463
decision_type=2 2 2 2 2
left_child=1 -1 4 -4 -2
right_child=2 -3 3 -5 -6
leaf_value=0.00023225670223450147 0.00095166787222619286 -0.00049984695589156097 -7.2115481183466468e-05 0.00015943916461572371 1.168012899759023e-05
leaf_weight=54 414 54 630 222 708
leaf_count=54 414 54 630 222 708
internal_value=0.000445298 -0.00334545 0.000655871 -0.000412178 0.00146619
internal_weight=2082 108 1974 852 1122
internal_count=2082 108 1974 852 1122
is_linear=0
shrinkage=0.04


Tree=90
num_leaves=5
num_cat=0
split_feature=37 40 26 72
split_gain=0.927839 1.16711 2.31571 1.32259
threshold=-1.0104735663175064 -0.77737850773560557 0.30051110802832842 0.56733427727824004
decision_type=2 2 2 2
left_child=-1 2 -2 -3
right_child=1 3 -4 -5
leaf_value=0.00072601591370303781 -0.00089926547334821414 -1.1421994494429087e-06 0.00027720854186364855 0.00029498640992781778
leaf_weight=117 68 1446 40 411
leaf_count=117 68 1446 40 411
internal_value=0.000502879 0.000294865 -0.00370909 0.000531469
internal_weight=2082 1965 108 1857
internal_count=2082 1965 108 1857
is_linear=0
shrinkage=0.04


Tree=91
num_leaves=6
num_cat=0
split_feature=35 85 90 40 2
split_gain=1.0827 1.1614 1.13768 0.636625 0.167827
threshold=-1.0405143696274926 -0.97456584183041195 0.36873529381492348 -0.56667004311079394 -1.1224040553657839
decision_type=2 2 2 2 2
left_child=4 3 -3 -2 -1
right_child=1 2 -4 -5 -6
leaf_value=7.9200570433637718e-05 -1.199768628395066e-05 2.3403863112674613e-05 -4.9053727395150758e-05 0.0006401495184307982 0.00079417957925158561
leaf_weight=40 54 1143 518 187 140
leaf_count=40 54 1143 518 187 140
internal_value=0.000349328 6.7227e-05 -0.000310282 0.00265021 0.0032967
internal_weight=2082 1902 1661 241 180
internal_count=2082 1902 1661 241 180
is_linear=0
shrinkage=0.04


Tree=92
num_leaves=6
num_cat=0
split_feature=35 71 37 106 59
split_gain=0.927243 1.17216 1.64068 0.489206 0.293593
threshold=-1.0405143696274926 0.91139702882131768 1.0544943462379088 -0.23604562337429502 1.3618287087518175
decision_type=2 2 2 2 2
left_child=4 2 -2 -3 -1
right_child=1 3 -4 -5 -6
leaf_value=0.00090519975715790916 1.0875553557152125e-06 0.00060022236089408618 -0.00054361134444503244 1.1652378340824383e-05 5.3341122878426086e-05
leaf_weight=139 1487 175 116 124 41
leaf_count=139 1487 175 116 124 41
internal_value=0.000349328 8.82354e-05 -0.000341433 0.00237874 0.00307692
internal_weight=2082 1902 1603 299 180
internal_count=2082 1902 1603 299 180
is_linear=0
shrinkage=0.04


Tree=93
num_leaves=7
num_cat=0
split_feature=24 42 28 101 65 53
split_gain=1.08975 2.65492 1.52799 1.52306 2.73734 1.64684
threshold=0.56151398503433214 0.067803698289678541 -0.23398582449268876 -0.44192898785712642 0.34941488991139552 -0.58333333333333315
decision_type=2 2 2 2 2 2
left_child=3 -2 -3 4 -1 -5
right_child=1 2 -4 5 -6 -7
leaf_value=-6.0301162211072415e-07 -0.00057957214578562228 -0.00052375149001766407 1.9301121637386917e-05 -0.00025884262086147336 -0.00052365498835308299 0.00027367640727501096
leaf_weight=313 46 40 370 205 50 1058
leaf_count=313 46 40 370 205 50 1058
internal_value=0.000291747 -0.00143231 -0.000388349 0.000776413 -0.00150137 0.00143241
internal_weight=2082 456 410 1626 363 1263
internal_count=2082 456 410 1626 363 1263
is_linear=0
shrinkage=0.04


Tree=94
num_leaves=7
num_cat=0
split_feature=66 96 42 89 63 5
split_gain=0.968046 1.32887 2.92993 1.54564 0.628278 0.0726405
threshold=1.0208222719624438 1.0003207687272482 -0.19151052717312808 2.3040101133225961 1.6581854313707314 -0.0098558965909165078
decision_type=2 2 2 2 2 2
left_child=1 3 -3 -1 5 -2
right_child=4 2 -4 -5 -6 -7
leaf_value=3.800274152679556e-05 0.00091373985367823401 -0.00065227852386408162 6.4340094645929359e-06 -0.00066397327163137375 -1.2449741724308074e-05 0.00029852632711819253
leaf_weight=1593 170 60 99 42 78 40
leaf_count=1593 170 60 99 42 78 40
internal_value=0.000310941 -3.56346e-05 -0.00350311 0.000305437 0.00245517 0.00358491
internal_weight=2082 1794 159 1635 288 210
internal_count=2082 1794 159 1635 288 210
is_linear=0
shrinkage=0.04


Tree=95
num_leaves=8
num_cat=0
split_feature=0 90 94 109 75 25 28
split_gain=0.88723 1.27177 1.61119 1.04665 0.986811 0.793966 0.775409
threshold=-0.083274786466212322 0.31552113703530499 0.2599416254318051 -0.77643419638239319 -1.0758210996711655 0.48333299960130338 -0.16578384759617806
decision_type=2 2 2 2 2 2 2
left_child=4 3 -3 -2 6 -6 -1
right_child=1 2 -4 -5 5 -7 -8
leaf_value=-0.00020473642018633596 -0.00027119061909833806 -0.00052897957448186578 -1.3660220223760385e-05 0.00022020602443301987 0.00025061315086419397 -5.370750693288397e-06 0.00018644859741221275
leaf_weight=40 117 67 329 624 601 263 41
leaf_count=40 117 67 329 624 601 263 41
internal_value=0.000426104 -0.000326602 -0.00215075 0.000651413 0.00133052 0.00172748 -0.00284337
internal_weight=2082 1137 396 741 945 864 81
internal_count=2082 1137 396 741 945 864 81
is_linear=0
shrinkage=0.04


Tree=96
num_leaves=6
num_cat=0
split_feature=103 59 109 71 10
split_gain=0.851315 1.17431 1.81188 1.44123 0.00349026
threshold=-1.6064147963318571 0.082700554765883116 -0.55374594360949358 2.6316402959951604 -0.008257472478414022
decision_type=2 2 2 2 2
left_child=4 2 -2 -3 -1
right_child=1 3 -4 -5 -6
leaf_value=0.0011346582103710899 -0.00031907050355568843 -5.4919922305894249e-05 0.00017710272171817925 0.00087648855018629727 0.0019521851406096829
leaf_weight=40 201 729 939 87 86
leaf_count=40 201 729 939 87 86
internal_value=0.000464492 0.000257406 0.00108581 -0.000899755 0.003625
internal_weight=2082 1956 1140 816 126
internal_count=2082 1956 1140 816 126
is_linear=0
shrinkage=0.04


Tree=97
num_leaves=8
num_cat=0
split_feature=96 35 42 25 40 101 43
split_gain=0.995127 1.67447 1.46627 1.17763 2.31129 1.08321 0.206938
threshold=1.0003207687272482 -0.45601015510997339 0.13479669306375106 0.53720455975810977 -0.79691527010089336 -0.44192898785712642 -0.14160282969451937
decision_type=2 2 2 2 2 2 2
left_child=3 6 -3 5 -5 -1 -2
right_child=1 2 -4 4 -6 -7 -8
leaf_value=-2.7889767955848077e-05 7.2891248914585603e-05 -0.00044566244630869274 -6.54902955759063e-06 -0.00093613085970628736 -4.3802369109263172e-06 0.00023445394296379131 0.0004715435902118656
leaf_weight=280 40 75 70 42 438 1088 49
leaf_count=280 40 75 70 42 438 1088 49
internal_value=0.000310941 -0.00213559 -0.0047619 0.000622703 -0.00107884 0.00122044 0.00215385
internal_weight=2082 234 145 1848 480 1368 89
internal_count=2082 234 145 1848 480 1368 89
is_linear=0
shrinkage=0.04


Tree=98
num_leaves=6
num_cat=0
split_feature=109 14 66 97 74
split_gain=0.959886 2.27197 0.946206 1.31365 0.261833
threshold=-0.94782084289640534 -0.42843019272939359 1.1997201563325051 0.50636507079518189 -0.45662524660578618
decision_type=2 2 2 2 2
left_child=1 -1 3 -2 -4
right_child=2 -3 4 -5 -6
leaf_value=0.00021092889959184428 4.4821927945212488e-05 -0.00044398244897066045 0.00018080063557352865 -6.2579490733513407e-05 0.00040815830738032659
leaf_weight=54 1503 54 42 261 168
leaf_count=54 1503 54 42 261 168
internal_value=0.000291747 -0.00334545 0.000493927 0.000190261 0.00301887
internal_weight=2082 108 1974 1764 210
internal_count=2082 108 1974 1764 210
is_linear=0
shrinkage=0.04


Tree=99
num_leaves=6
num_cat=0
split_feature=78 59 109 40 59
split_gain=0.953656 1.29333 1.43349 1.34084 0.150616
threshold=1.8801897131096437 0.082700554765883116 -0.55374594360949358 -0.25798434494593309 1.0388729549534605
decision_type=2 2 2 2 2
left_child=1 2 -1 -3 -2
right_child=4 3 -4 -5 -6
leaf_value=-0.00027065533102522222 0.0023061265888060416 0.0002140386161068928 0.0001681276568033506 -6.6457966865604118e-05 0.00031386095841863678
leaf_weight=201 120 121 936 662 42
leaf_count=201 120 121 936 662 42
internal_value=0.000291747 4.16235e-05 0.000902546 -0.00120764 0.00321951
internal_weight=2082 1920 1137 783 162
internal_count=2082 1920 1137 783 162
is_linear=0
shrinkage=0.04


Tree=100
num_leaves=6
num_cat=0
split_feature=78 85 40 40 59
split_gain=0.953656 1.13184 1.16165 0.327753 0.150616
threshold=1.8801897131096437 -1.0184270840927923 -0.263284968724396 -0.56667004311079394 1.0388729549534605
decision_type=2 2 2 2 2
left_child=1 3 -3 -1 -2
right_child=4 2 -4 -5 -6
leaf_value=-5.7630047992365084e-06 0.0022138815252537997 0.00010828117321580413 -3.0011364931026036e-05 0.00065226812991570451 0.00030130652008189134
leaf_weight=47 120 535 1163 175 42
leaf_count=47 120 535 1163 175 42
internal_value=0.000291747 4.16235e-05 -0.000310588 0.00271429 0.00321951
internal_weight=2082 1920 1698 222 162
internal_count=2082 1920 1698 222 162
is_linear=0
shrinkage=0.04


Tree=101
num_leaves=7
num_cat=0
split_feature=46 25 39 46 40 95
split_gain=0.92295 1.42649 2.29687 1.42881 1.20775 0.543767
threshold=-0.56043914260776162 0.4620379755417317 0.36185818115236107 -0.26673104254303343 1.6447980386238645 -0.89747992773195928
decision_type=2 2 2 2 2 2
left_child=4 3 -3 -2 5 -1
right_child=1 2 -4 -5 -6 -7
leaf_value=-1.5114648136302482e-05 -0.00022611594168905764 -0.00023445670197707699 0.00015841476052967825 9.2346121979863235e-05 -0.00095042846165378444 0.00037769109252829317
leaf_weight=40 115 260 166 1052 41 408
leaf_count=40 115 260 166 1052 41 408
internal_value=0.000349328 -0.000117868 -0.00209346 0.000605646 0.00186558 0.00247111
internal_weight=2082 1593 426 1167 489 448
internal_count=2082 1593 426 1167 489 448
is_linear=0
shrinkage=0.04


Tree=102
num_leaves=6
num_cat=0
split_feature=78 59 109 40 59
split_gain=0.941191 1.23162 1.43349 1.30567 0.150616
threshold=1.8801897131096437 0.082700554765883116 -0.55374594360949358 -0.25798434494593309 1.0388729549534605
decision_type=2 2 2 2 2
left_child=1 2 -1 -3 -2
right_child=4 3 -4 -5 -6
leaf_value=-0.00025478209527424943 0.0021216324193644534 0.00019924088139857779 0.00016352905711877698 -5.8760720478117047e-05 0.00028556041439942116
leaf_weight=201 120 121 936 662 42
leaf_count=201 120 121 936 662 42
internal_value=0.000310941 6.24351e-05 0.000902546 -0.00115669 0.00321951
internal_weight=2082 1920 1137 783 162
internal_count=2082 1920 1137 783 162
is_linear=0
shrinkage=0.04


Tree=103
num_leaves=6
num_cat=0
split_feature=78 89 11 89 59
split_gain=0.966203 1.11625 1.69569 1.01778 0.150616
threshold=1.8801897131096437 0.8286086992438676 0.48348527587906948 -1.1043982747778347 1.0388729549534605
decision_type=2 2 2 2 2
left_child=1 3 -3 -1 -2
right_child=4 2 -4 -5 -6
leaf_value=-4.4085074512271362e-05 0.002036767122589875 -1.0900647102187922e-05 -0.00086550144719838517 5.7089918110395891e-05 0.00027413799782344429
leaf_weight=147 120 203 43 1527 42
leaf_count=147 120 203 43 1527 42
internal_value=0.000272553 2.08118e-05 -0.00248387 0.000391408 0.00321951
internal_weight=2082 1920 246 1674 162
internal_count=2082 1920 246 1674 162
is_linear=0
shrinkage=0.04


Tree=104
num_leaves=7
num_cat=0
split_feature=101 33 97 13 53 41
split_gain=1.00965 2.14428 1.38994 2.2251 0.858014 0.272551
threshold=0.25522735109261818 1.1762956128398387 -0.93125024192076999 -0.5382305461399276 -0.58333333333333315 0.079133011465816222
decision_type=2 2 2 2 2 2
left_child=2 4 5 -4 -2 -1
right_child=1 -3 3 -5 -6 -7
leaf_value=0.00045753056665253635 -0.0003000829495935201 -0.00031728340810812815 -0.00017371733235018957 -5.6630931154154711e-07 0.00036157119327241081 3.946029793198896e-06
leaf_weight=118 51 74 219 834 727 59
leaf_count=118 51 74 219 834 727 59
internal_value=0.000310941 0.00136768 -0.000422078 -0.000974407 0.00198974 0.00283799
internal_weight=2082 852 1230 1053 778 177
internal_count=2082 852 1230 1053 778 177
is_linear=0
shrinkage=0.04


Tree=105
num_leaves=8
num_cat=0
split_feature=96 47 1 25 46 89 46
split_gain=1.00319 1.329 1.77316 1.21522 2.07769 1.69556 1.08945
threshold=0.78648794967919244 0.46539329963100567 -0.14096444386894688 0.53720455975810977 -0.33498608489509485 1.4782854011859337 0.14502091888206925
decision_type=2 2 2 2 2 2 2
left_child=3 6 -3 5 -5 -1 -2
right_child=1 2 -4 4 -6 -7 -8
leaf_value=0.00019980501646672599 0.00010317067459710316 2.2634852591428139e-05 -0.00010342971394165424 0.00034366420445960244 -0.00020755771086795245 -0.00068239343498810109 -5.0562455270404575e-05
leaf_weight=1226 176 40 42 163 298 53 84
leaf_count=1226 176 40 42 163 298 53 84
internal_value=0.000253359 -0.00172093 -0.00609524 0.000642939 -0.00111447 0.00127713 -0.000305343
internal_weight=2082 342 82 1740 461 1279 260
internal_count=2082 342 82 1740 461 1279 260
is_linear=0
shrinkage=0.04


Tree=106
num_leaves=6
num_cat=0
split_feature=78 106 25 59 59
split_gain=0.978831 1.03672 1.46739 1.26368 0.150616
threshold=1.8801897131096437 -0.46023428860415333 0.60750690909868765 -0.015924652490221448 1.0388729549534605
decision_type=2 2 2 2 2
left_child=1 2 -1 -3 -2
right_child=4 3 -4 -5 -6
leaf_value=0.00042183300276147978 0.0019342899367384263 4.033993668749016e-05 -3.7883826072005487e-05 -0.00015604797089248658 0.00024424622548266861
leaf_weight=341 120 807 166 606 42
leaf_count=341 120 807 166 606 42
internal_value=0.000253359 1.48857e-10 0.00154813 -0.00055689 0.00321951
internal_weight=2082 1920 507 1413 162
internal_count=2082 1920 507 1413 162
is_linear=0
shrinkage=0.04


Tree=107
num_leaves=6
num_cat=0
split_feature=103 103 60 109 10
split_gain=0.980013 1.019 1.54202 1.0403 0.00349026
threshold=-1.6064147963318571 -0.59557643195543786 0.23032444656223125 -0.55374594360949358 -0.008257472478414022
decision_type=2 2 2 2 2
left_child=4 2 -2 -3 -1
right_child=1 3 -4 -5 -6
leaf_value=0.0010911729610920736 -1.4609593869012147e-05 -5.5620814735551851e-05 -0.00026559979233356138 8.7937465635068977e-05 0.0015365634178632021
leaf_weight=40 351 309 93 1203 86
leaf_count=40 351 309 93 1203 86
internal_value=0.000234165 1.22576e-05 -0.00166816 0.000507266 0.003625
internal_weight=2082 1956 444 1512 126
internal_count=2082 1956 444 1512 126
is_linear=0
shrinkage=0.04


Tree=108
num_leaves=7
num_cat=0
split_feature=78 59 40 90 59 26
split_gain=1.04231 1.20167 1.54024 1.40739 0.54459 0.068246
threshold=1.3414888640151241 0.082700554765883116 -0.25798434494593309 0.88695860588017694 1.3948854863398588 0.79552609355117643
decision_type=2 2 2 2 2 2
left_child=1 3 -3 -1 5 -2
right_child=4 2 -4 -5 -6 -7
leaf_value=0.00016667376215998291 0.0016740074194860205 0.00019082932988457712 -7.1232369593419954e-05 -3.250352445726105e-05 -0.00013282813240553411 4.6606375616443853e-05
leaf_weight=1020 154 121 584 117 45 41
leaf_count=1020 154 121 584 117 45 41
internal_value=0.000176584 -0.000147505 -0.00144272 0.000656717 0.00264463 0.0035533
internal_weight=2082 1842 705 1137 240 195
internal_count=2082 1842 705 1137 240 195
is_linear=0
shrinkage=0.04


Tree=109
num_leaves=8
num_cat=0
split_feature=0 90 78 75 89 28 24
split_gain=1.01955 1.49919 1.69778 0.928155 0.901647 0.775409 0.617934
threshold=-0.083274786466212322 0.31552113703530499 -0.66415471288645023 -1.0758210996711655 -0.11311286439081718 -0.16578384759617806 0.59586798205077107
decision_type=2 2 2 2 2 2 2
left_child=3 4 -3 5 -2 -1 -5
right_child=1 2 -4 6 -6 -7 -8
leaf_value=-0.00024010244650834539 0.00033940915717696295 0.00015405007133812373 -0.00014687278045892409 0.00017153016876439263 -1.3263360718072577e-05 0.00017267950930567621 -2.2585251447854391e-05
leaf_weight=40 214 65 331 687 527 41 177
leaf_count=40 214 65 331 687 527 41 177
internal_value=0.000234165 -0.000572432 -0.00255276 0.0012038 0.000489906 -0.00284337 0.00158891
internal_weight=2082 1137 396 945 741 81 864
internal_count=2082 1137 396 945 741 81 864
is_linear=0
shrinkage=0.04


Tree=110
num_leaves=6
num_cat=0
split_feature=78 105 37 101 87
split_gain=1.04318 1.04933 1.31608 0.985866 0.150616
threshold=1.8801897131096437 0.22751833303879335 1.0814204388761313 -1.1545953545769043 0.60496136306305537
decision_type=2 2 2 2 2
left_child=1 3 -3 -1 -2
right_child=4 2 -4 -5 -6
leaf_value=-2.1985847112768665e-05 0.0015791711576079569 -2.1765003822090331e-05 -0.00043357825309865608 7.9822381703124182e-05 0.0012260653450402374
leaf_weight=42 120 633 72 1173 42
leaf_count=42 120 633 72 1173 42
internal_value=0.00015739 -0.000104058 -0.00132956 0.000608053 0.00321951
internal_weight=2082 1920 705 1215 162
internal_count=2082 1920 705 1215 162
is_linear=0
shrinkage=0.04


Tree=111
num_leaves=5
num_cat=0
split_feature=109 11 41 96
split_gain=1.06349 2.23364 1.0344 0.956073
threshold=-0.94782084289640534 0.024189424570130545 -1.2702638153057295 0.46250395925445531
decision_type=2 2 2 2
left_child=1 -1 -2 -4
right_child=2 -3 3 -5
leaf_value=0.00023122813639080546 -0.00017725949329143697 -0.00039490915206700708 0.00010134546774534068 -9.9398920066851052e-06
leaf_weight=51 45 57 1337 592
leaf_count=51 45 57 1337 592
internal_value=0.000119002 -0.00370909 0.000331984 0.000474366
internal_weight=2082 108 1974 1929
internal_count=2082 108 1974 1929
is_linear=0
shrinkage=0.04


Tree=112
num_leaves=5
num_cat=0
split_feature=41 90 1 53
split_gain=0.992393 0.97275 1.90712 1.21364
threshold=-1.2702638153057295 0.31552113703530499 0.40807322935274054 -0.74999999999999989
decision_type=2 2 2 2
left_child=-1 3 -3 -2
right_child=1 2 -4 -5
leaf_value=-0.00017016911355977952 -0.00028127623096979473 2.2906855377938389e-05 -0.00029807932041896271 0.00013782578373466026
leaf_weight=45 99 525 215 1198
leaf_count=45 99 525 215 1198
internal_value=0.000214971 0.000347229 -0.000808625 0.00100693
internal_weight=2082 2037 740 1297
internal_count=2082 2037 740 1297
is_linear=0
shrinkage=0.04


Tree=113
num_leaves=5
num_cat=0
split_feature=41 33 42 89
split_gain=0.999017 1.00679 1.66727 1.19741
threshold=-1.2702638153057295 0.58515221704656917 0.17525302568297207 0.95729613538569869
decision_type=2 2 2 2
left_child=-1 3 -3 -2
right_child=1 2 -4 -5
leaf_value=-0.00016336234901738822 0.00010689286688276916 -0.00072634808774954985 -4.5633540207249898e-06 -6.9218076372806449e-05
leaf_weight=45 1376 63 409 189
leaf_count=45 1376 63 409 189
internal_value=0.000234165 0.000366847 -0.00124894 0.000855137
internal_weight=2082 2037 472 1565
internal_count=2082 2037 472 1565
is_linear=0
shrinkage=0.04


Tree=114
num_leaves=8
num_cat=0
split_feature=46 40 65 73 109 57 56
split_gain=0.970258 1.38952 2.49278 1.34688 0.840034 1.58734 0.248668
threshold=-0.56043914260776162 -0.79691527010089336 -0.27195799405384474 -0.40708509426387035 0.41160196725630666 0.051833816697487621 0.22597422142254248
decision_type=2 2 2 2 2 2 2
left_child=4 2 -2 -3 6 -6 -1
right_child=1 3 -4 -5 5 -7 -8
leaf_value=0.00073095995254433312 -0.00078252159254011897 -0.00013809905509704052 9.8021236508677066e-05 2.5886701941365472e-05 0.00012667817125555948 -0.00047337167772359116 0.00023395717220302836
leaf_weight=197 50 234 44 1265 118 56 118
leaf_count=197 50 234 44 1265 118 56 118
internal_value=0.000310941 -0.000168025 -0.00483333 0.00013058 0.00186558 -0.000363636 0.00309148
internal_weight=2082 1593 94 1499 489 174 315
internal_count=2082 1593 94 1499 489 174 315
is_linear=0
shrinkage=0.04


Tree=115
num_leaves=7
num_cat=0
split_feature=46 25 37 101 26 51
split_gain=1.03083 1.26683 2.7478 1.54262 0.677501 0.363249
threshold=-0.56043914260776162 0.60750690909868765 -0.45291551112682299 -0.44192898785712642 0.99686719444771199 -0.0066290247575091568
decision_type=2 2 2 2 2 2
left_child=4 3 -3 -2 5 -1
right_child=1 2 -4 -5 -6 -7
leaf_value=0.00010696218489549916 -0.00012427722670533926 -0.00082684885743662998 -8.8423492805611128e-06 0.00010846671283856417 -0.00084484646479998692 0.0002801281265078664
leaf_weight=225 288 50 249 1006 40 224
leaf_count=225 288 50 249 1006 40 224
internal_value=0.000426104 -6.77114e-05 -0.00240532 0.000475309 0.00202851 0.0024745
internal_weight=2082 1593 299 1294 489 449
internal_count=2082 1593 299 1294 489 449
is_linear=0
shrinkage=0.04


Tree=116
num_leaves=6
num_cat=0
split_feature=37 78 76 73 6
split_gain=1.19523 0.965663 1.17329 0.273676 0.00534322
threshold=-0.956885266966922 1.8801897131096437 1.318268470265888 0.47184683448706649 0.39470494655411542
decision_type=2 2 2 2 2
left_child=4 2 -2 -3 -1
right_child=1 3 -4 -5 -6
leaf_value=0.00064211118420396719 1.8975206318775653e-06 0.0019248411576383738 -0.00028119390672289154 0.00015451782432478214 0.0004760568875674072
leaf_weight=113 1642 120 125 42 40
leaf_count=113 1642 120 125 42 40
internal_value=0.000310941 3.9358e-05 -0.0002329 0.00297561 0.00369032
internal_weight=2082 1929 1767 162 153
internal_count=2082 1929 1767 162 153
is_linear=0
shrinkage=0.04


Tree=117
num_leaves=6
num_cat=0
split_feature=35 72 101 33 41
split_gain=0.937345 2.29064 1.00461 1.55528 1.11859
threshold=1.2490283204958337 0.33933067138114498 0.25522735109261818 1.1949015247631654 0.6169964010636092
decision_type=2 2 2 2 2
left_child=2 -2 4 -4 -1
right_child=1 -3 3 -5 -6
leaf_value=-1.734947710104044e-05 -0.00061041778155721861 0.00032105786520468478 0.00030197763516134337 -0.00018368043140454547 0.00018233059946657295
leaf_weight=1009 40 48 771 60 154
leaf_count=1009 40 48 771 60 154
internal_value=0.000349328 -0.00364444 0.000529058 0.00158944 -0.000230043
internal_weight=2082 88 1994 831 1163
internal_count=2082 88 1994 831 1163
is_linear=0
shrinkage=0.04


Tree=118
num_leaves=7
num_cat=0
split_feature=0 70 106 103 40 43
split_gain=0.984145 1.41004 0.884805 1.23497 0.784371 0.520268
threshold=1.2600304682678056 -0.46793949579299493 0.21383891935436056 -1.6775380737925605 -0.65002781319829939 0.58360216913647689
decision_type=2 2 2 2 2 2
left_child=2 -2 4 -4 -1 -3
right_child=1 5 3 -5 -6 -7
leaf_value=-2.0880399380495733e-05 -0.0005895919996024866 -5.3147992385704494e-05 0.0013756582085631599 -3.4258801878046416e-05 0.00016620917034094971 0.0001677654373196416
leaf_weight=164 47 50 86 670 1010 55
leaf_count=164 47 50 86 670 1010 55
internal_value=0.000272553 -0.00280519 0.000517598 -0.000548813 0.00120408 -0.000186916
internal_weight=2082 152 1930 756 1174 105
internal_count=2082 152 1930 756 1174 105
is_linear=0
shrinkage=0.04


Tree=119
num_leaves=7
num_cat=0
split_feature=89 40 40 77 101 61
split_gain=0.993101 3.00664 1.65008 1.37308 1.08047 0.839042
threshold=0.95729613538569869 1.1769840949021402 0.50692996174485383 1.0008520818672009 0.54202405977370893 -0.41904602687086789
decision_type=2 2 2 2 2 2
left_child=3 2 -2 4 -1 -3
right_child=1 5 -4 -5 -6 -7
leaf_value=-7.7195900179026164e-06 -0.00011765116719585571 0.0011422027084119007 -0.00054551899902488446 0.0013358212852375478 0.00030622913914656248 -0.00035533545338185509
leaf_weight=1227 43 96 70 174 432 40
leaf_count=1227 43 96 70 174 432 40
internal_value=0.000272553 -0.00208765 -0.00685217 0.000595096 0.000238411 0.00191304
internal_weight=2082 249 113 1833 1659 136
internal_count=2082 249 113 1833 1659 136
is_linear=0
shrinkage=0.04


end of trees

feature_importances:
Column_40=52
Column_109=38
Column_59=37
Column_25=31
Column_71=31
Column_28=30
Column_89=25
Column_96=19
Column_101=18
Column_46=17
Column_78=16
Column_106=16
Column_26=15
Column_14=14
Column_66=14
Column_35=13
Column_37=13
Column_53=13
Column_41=11
Column_97=11
Column_0=10
Column_1=10
Column_10=10
Column_33=9
Column_65=9
Column_85=9
Column_34=8
Column_36=8
Column_77=8
Column_11=7
Column_24=7
Column_42=7
Column_63=7
Column_73=7
Column_103=7
Column_2=6
Column_5=6
Column_83=6
Column_90=6
Column_95=6
Column_70=5
Column_107=5
Column_13=4
Column_69=4
Column_80=4
Column_105=4
Column_43=3
Column_44=3
Column_45=3
Column_57=3
Column_72=3
Column_75=3
Column_102=3
Column_3=2
Column_4=2
Column_6=2
Column_12=2
Column_47=2
Column_49=2
Column_50=2
Column_56=2
Column_60=2
Column_61=2
Column_64=2
Column_76=2
Column_87=2
Column_88=2
Column_94=2
Column_100=2
Column_108=2
Column_7=1
Column_8=1
Column_19=1
Column_23=1
Column_29=1
Column_30=1
Column_31=1
Column_38=1
Column_39=1
Column_51=1
Column_62=1
Column_67=1
Column_74=1
Column_79=1
Column_84=1
Column_98=1
Column_99=1

parameters:
[boosting: gbdt]
[objective: quantile]
[metric: quantile]
[tree_learner: serial]
[device_type: cpu]
[data_sample_strategy: bagging]
[data: ]
[valid: ]
[num_iterations: 120]
[learning_rate: 0.04]
[num_leaves: 15]
[num_threads: 2]
[seed: 42]
[deterministic: 0]
[force_col_wise: 0]
[force_row_wise: 0]
[histogram_pool_size: -1]
[max_depth: 3]
[min_data_in_leaf: 40]
[min_sum_hessian_in_leaf: 0.001]
[bagging_fraction: 0.85]
[pos_bagging_fraction: 1]
[neg_bagging_fraction: 1]
[bagging_freq: 0]
[bagging_seed: 400]
[bagging_by_query: 0]
[feature_fraction: 0.8]
[feature_fraction_bynode: 1]
[feature_fraction_seed: 30056]
[extra_trees: 0]
[extra_seed: 12879]
[early_stopping_round: 0]
[early_stopping_min_delta: 0]
[first_metric_only: 0]
[max_delta_step: 0]
[lambda_l1: 0]
[lambda_l2: 2]
[linear_lambda: 0]
[min_gain_to_split: 0]
[drop_rate: 0.1]
[max_drop: 50]
[skip_drop: 0.5]
[xgboost_dart_mode: 0]
[uniform_drop: 0]
[drop_seed: 17869]
[top_rate: 0.2]
[other_rate: 0.1]
[min_data_per_group: 100]
[max_cat_threshold: 32]
[cat_l2: 10]
[cat_smooth: 10]
[max_cat_to_onehot: 4]
[top_k: 20]
[monotone_constraints: ]
[monotone_constraints_method: basic]
[monotone_penalty: 0]
[feature_contri: ]
[forcedsplits_filename: ]
[refit_decay_rate: 0.9]
[cegb_tradeoff: 1]
[cegb_penalty_split: 0]
[cegb_penalty_feature_lazy: ]
[cegb_penalty_feature_coupled: ]
[path_smooth: 0]
[interaction_constraints: ]
[verbosity: -1]
[saved_feature_importance_type: 0]
[use_quantized_grad: 0]
[num_grad_quant_bins: 4]
[quant_train_renew_leaf: 0]
[stochastic_rounding: 1]
[linear_tree: 0]
[max_bin: 255]
[max_bin_by_feature: ]
[min_data_in_bin: 3]
[bin_construct_sample_cnt: 200000]
[data_random_seed: 175]
[is_enable_sparse: 1]
[enable_bundle: 1]
[use_missing: 1]
[zero_as_missing: 0]
[feature_pre_filter: 1]
[pre_partition: 0]
[two_round: 0]
[header: 0]
[label_column: ]
[weight_column: ]
[group_column: ]
[ignore_column: ]
[categorical_feature: ]
[forcedbins_filename: ]
[precise_float_parser: 0]
[parser_config_file: ]
[objective_seed: 16083]
[num_class: 1]
[is_unbalance: 0]
[scale_pos_weight: 1]
[sigmoid: 1]
[boost_from_average: 1]
[reg_sqrt: 0]
[alpha: 0.1]
[fair_c: 1]
[poisson_max_delta_step: 0.7]
[tweedie_variance_power: 1.5]
[lambdarank_truncation_level: 30]
[lambdarank_norm: 1]
[label_gain: ]
[lambdarank_position_bias_regularization: 0]
[eval_at: ]
[multi_error_top_k: 1]
[auc_mu_weights: ]
[num_machines: 1]
[local_listen_port: 12400]
[time_out: 120]
[machine_list_filename: ]
[machines: ]
[gpu_platform_id: -1]
[gpu_device_id: -1]
[gpu_device_id_list: ]
[gpu_use_dp: 0]
[num_gpu: 1]

end of parameters

pandas_categorical:null
