tree
version=v4
num_class=1
num_tree_per_iteration=1
label_index=0
max_feature_idx=109
objective=binary sigmoid:1
feature_names=Column_0 Column_1 Column_2 Column_3 Column_4 Column_5 Column_6 Column_7 Column_8 Column_9 Column_10 Column_11 Column_12 Column_13 Column_14 Column_15 Column_16 Column_17 Column_18 Column_19 Column_20 Column_21 Column_22 Column_23 Column_24 Column_25 Column_26 Column_27 Column_28 Column_29 Column_30 Column_31 Column_32 Column_33 Column_34 Column_35 Column_36 Column_37 Column_38 Column_39 Column_40 Column_41 Column_42 Column_43 Column_44 Column_45 Column_46 Column_47 Column_48 Column_49 Column_50 Column_51 Column_52 Column_53 Column_54 Column_55 Column_56 Column_57 Column_58 Column_59 Column_60 Column_61 Column_62 Column_63 Column_64 Column_65 Column_66 Column_67 Column_68 Column_69 Column_70 Column_71 Column_72 Column_73 Column_74 Column_75 Column_76 Column_77 Column_78 Column_79 Column_80 Column_81 Column_82 Column_83 Column_84 Column_85 Column_86 Column_87 Column_88 Column_89 Column_90 Column_91 Column_92 Column_93 Column_94 Column_95 Column_96 Column_97 Column_98 Column_99 Column_100 Column_101 Column_102 Column_103 Column_104 Column_105 Column_106 Column_107 Column_108 Column_109
feature_infos=[-6.1385582400653318:6.5944649416236159] [-5.6407211471963175:5.4749207688731962] [-4.8591278064585381:4.1525970390605993] [-4.3628128452786257:3.846710530346745] [-3.6327817594823912:2.163514970771574] [-2.5828067287161467:2.3739170080203147] [-4.2393058804543333:3.985784071633093] [-1.3442512552725683:6.5102521939978448] [-1.6772140401376041:1.6291846469358644] [-3.5954298754858307:2.2056943741427415] [-1.4889622379860727:5.2232573741542963] [-2.4468459457737266:2.1350606784900994] [-2.5406125182654331:2.4482782782311761] [-1.4546281108885302:3.9236944209551217] [-2.8178383313726019:2.6199693102659261] [-1.5773230407649552:1.621104248853626] [-1.7643399282288816:1.7863586579419179] [-0.95363513287056412:0.7748384566874299] [-0.99754455093722549:0.78877345608843463] [-0.95363513287056401:0.77483845668743001] [-2.2375976404665265:1.664224362521612] [-4.0328891894940497:4.1384069749038019] [-3.285997177983937:2.3042535396371657] [-2.3285062783611803:2.6087172404246037] [-2.1497616687417573:1.5849780004778979] [-2.1579180448787874:1.5766776385489067] [-3.3723846074122443:2.0325643405485683] [-1.7861425910768856:1.4191822138960266] [-1.1736787366615589:3.634617275254667] [-3.7120888513664094:4.2819000568078778] [-3.6960584866940924:4.5050858455736877] [-3.0671780731208207:3.2734495900679241] [-3.1911181384162868:3.4407845533209556] [-1.9653750767171823:2.086565477295836] [-2.2069399445572837:2.2408272015434862] [-1.7881511887279253:1.7623171316706574] [-1.8127265931257102:1.8493200089256256] [-1.5820839891677911:3.8388158937175074] [-1.4771200423869804:5.0092387835742267] [-1.4476194527543478:3.8022783940372502] [-1.1725870223103516:3.1618857880816971] [-1.6633208233714365:1.4522280006467065] [-1.9776327556618671:1.7389069047619499] [-1.8764537331333562:14.041344146929974] [-182.33355716758197:162.78659873529608] [-397.42091606937714:131.27045757773527] [-326.07468227186951:76.523548750712763] [-1.3716196200121493:2.8305725791325629] [-1.9467396397676549:2.0022802331290133] [-1.1942306358726886:9.0102472370066042] [-4.8785992680851775:4.4424549414886014] [-8.9825779539394937:6.6728975604225731] [-1:1] [-0.83333333333333337:1] [0:1] [0:1] [-3.0478372949324757:3.9984416941070582] [-3.4003515928558801:2.258019649069833] [-2.2920121319213087:1.5800553247463354] [-0.94845076735526457:2.1440510378353315] [-2.0401696813756236:1.2406034267464405] [-1.3739044459236456:0.35377244871824737] [-4.5265460239545874:7.1411930467667224] [-4.2005766217130045:5.8588411467380803] [-2.43773705686647:4.2326603045895093] [-1.2821333259232344:4.8484007090468246] [-1.2026739495107197:7.9702259947905612] [-1.0883034413715937:2.3005875992763114] [-6.535783170226571:6.7083537352895419] [-4.5901719768282714:3.5532761626197749] [-3.3350197792898681:3.6708117568356124] [-1.2110008622404482:3.5442206381249957] [-1.7506545541015297:4.3379401439134941] [-0.7834081833399047:2.0012386617458535] [-11.327940876206117:11.104425947168536] [-5.961734987999777:5.2185410806260757] [-3.6521575880498585:4.0253517724820975] [-0.99511957438256293:3.0548546012191924] [-2.187703893268178:4.2650781378381275] [-1.3456313514427971:0.7349142455097748] [-3.9510217998027306:2.9642508250310011] [-3.4899294190313617:3.0723609998790087] [-2.5323557981943745:1.7232108799258132] [-1.2683884300555661:3.0530049963734749] [-2.0027870188111674:1.8319210892383844] [-1.4057408269101508:0.47458021439389375] [-5.256791746558318:2.6349571777682499] [-3.990328398021195:3.4012442072136588] [-1.8234956753705556:2.7361589869508598] [-1.4532918218847675:4.1429987370285195] [-1.6539705254681107:4.3848534765815916] [-1.4717468491550572:1.1922825850807008] [-4.2536797856538184:2.43638525640409] [-3.7623116565952333:3.4912986186853878] [-1.8971522067236322:2.5967802427704512] [-1.4645019736670681:3.9473689628116739] [-1.505774089920106:3.799340912916743] [-1.4543010690288367:1.1317309139811047] [-3.4200107359923004:3.7181960458765135] [-2.2315193924987886:2.6775896597159456] [-1.9779510769496851:2.0504841195376038] [-1.4696436562755988:2.0746366956086124] [-1.4550103303741979:1.8989155712463972] [-2.1680223563903551:0.57857503132022614] [-3.0783074945904549:3.2736002313163364] [-2.7828285291652857:3.5877181589449529] [-1.6710045749254725:2.3771055553044316] [-0.8720162329910055:2.9450770072910704] [-1.4125984865264394:2.2859771517993153] [-1.3934779271112305:0.99658949061807578]
tree_sizes=773 1000 791 789 790 896 886 785 892 785 688 786 895 687 681 895 686 1005 684 784 1002 687 688 578 687 787 1004 691 577 900 580 998 997 788 788 687 995 792 689 578 899 896 686 786 581 893 1006 1000 683 583 994 1007 681 996 685 580 900 1002 684 995 684 896 1002 891 792 999 998 682 897 579 1003 900 682 1002 582 791 789 893 998 582 684 997 794 998 995 787 577 687 902 576 997 785 687 905 785 686 687 894 996 679 897 1001 791 899 687 1005 1009 794 999 894 896 687 681 687 892 690 685 685 686 794

Tree=0
num_leaves=6
num_cat=0
split_feature=63 64 72 33 65
split_gain=17.5723 14.0993 17.1121 12.1386 11.3835
threshold=1.6436418895351588 -0.10529502435613632 -0.81080334526671105 -1.0158863342311257 0.80460437019743247
decision_type=2 2 2 2 2
left_child=1 2 -1 -3 -2
right_child=4 3 -4 -5 -6
leaf_value=0.042845470968238125 0.003786662319706792 0.074374927735389312 0.070095790598491817 0.048243087842584312 0.056527245467460761
leaf_weight=44.965764284133911 14.988588094711305 29.977176189422607 174.61705130338669 259.30257403850555 10.492011666297911
leaf_count=180 60 120 699 1038 42
internal_value=0.05518 0.0568561 0.0644546 0.0510643 0.0240209
internal_weight=534.343 508.863 219.583 289.28 25.4806
internal_count=2139 2037 879 1158 102
is_linear=0
shrinkage=1


Tree=1
num_leaves=8
num_cat=0
split_feature=64 51 101 34 72 1 72
split_gain=15.2421 17.74 15.0221 15.2801 13.9581 12.5592 6.35056
threshold=-0.10529502435613632 -0.67731366928647818 0.70464968888621016 -1.0896972188680516 -0.904147462316225 0.099155891950779992 -0.11813103504429905
decision_type=2 2 2 2 2 2 2
left_child=1 6 3 -2 -3 -4 -1
right_child=2 4 5 -5 -6 -7 -8
leaf_value=-0.033257755724330859 0.014980216971156516 -0.012476702555385655 0.031261763104534157 -0.013767976888564799 0.016858023605225092 -0.0047735856503648352 0.003807089198451955
leaf_weight=18.484438508749012 32.463071092963219 29.236694574356079 26.982551634311676 219.37575045228004 164.55462628602982 32.230207815766335 10.986713320016859
leaf_count=74 130 117 108 878 659 129 44
internal_value=-5.14829e-06 0.00792953 -0.00571467 -0.00997338 0.0123501 0.0121322 -0.0200763
internal_weight=534.314 223.262 311.052 251.839 193.791 59.2128 29.4712
internal_count=2139 894 1245 1008 776 237 118
is_linear=0
shrinkage=0.04


Tree=2
num_leaves=6
num_cat=0
split_feature=63 93 64 65 16
split_gain=16.2853 13.0828 11.7167 10.3384 9.33439
threshold=1.6436418895351588 -0.956847319305829 -0.2186410348721414 0.80460437019743247 -0.67459668407552031
decision_type=2 2 2 2 2
left_child=1 4 -3 -2 -1
right_child=3 2 -4 -5 -6
leaf_value=-0.0095540563914600501 -0.049266889455368931 0.0071874952029486096 -0.0060415856769338696 0.0010384626851247481 0.026170016870926172
leaf_weight=13.985524877905844 14.999239012598993 174.49121180176735 270.57245747745037 10.488423615694044 49.705798268318176
leaf_count=56 60 699 1083 42 199
internal_value=-4.39349e-06 0.00160972 -0.000846054 -0.0299964 0.0182736
internal_weight=534.243 508.755 445.064 25.4877 63.6913
internal_count=2139 2037 1782 102 255
is_linear=0
shrinkage=0.04


Tree=3
num_leaves=6
num_cat=0
split_feature=63 93 84 16 59
split_gain=15.1566 12.0914 10.9799 8.65749 8.17073
threshold=1.6436418895351588 -0.956847319305829 -1.4337308404024947 -0.67459668407552031 0.25825224081428172
decision_type=2 2 2 2 2
left_child=1 3 -3 -1 -2
right_child=4 2 -4 -5 -6
leaf_value=-0.0092175961972682675 -0.046091121292955901 -0.035684724033195024 0.0003134291142257364 0.025185253499448983 -0.00099811135034683063
leaf_weight=13.98910917341709 14.986987546086313 11.993876129388807 433.05744671821594 49.662407293915749 10.489686712622641
leaf_count=56 60 48 1734 199 42
internal_value=-8.71661e-06 0.00154834 -0.000812005 0.0175738 -0.0289488
internal_weight=534.18 508.703 445.051 63.6515 25.4767
internal_count=2139 2037 1782 255 102
is_linear=0
shrinkage=0.04


Tree=4
num_leaves=6
num_cat=0
split_feature=63 64 72 34 65
split_gain=14.1058 11.0155 14.6118 12.8616 9.35514
threshold=1.6436418895351588 -0.10529502435613632 -0.81080334526671105 -1.0896972188680516 0.80460437019743247
decision_type=2 2 2 2 2
left_child=1 2 -1 -3 -2
right_child=4 3 -4 -5 -6
leaf_value=-0.01174936430892346 -0.046308826150988296 0.019752363233335339 0.013427738634228309 -0.0066157074772154843 0.0014697374045536142
leaf_weight=44.97201669216156 14.967378348112108 31.450015097856522 174.35275469720364 257.87412711977959 10.491701155900953
leaf_count=180 60 126 699 1032 42
internal_value=-1.82554e-05 0.00148359 0.00820571 -0.00363353 -0.0279463
internal_weight=534.108 508.649 219.325 289.324 25.4591
internal_count=2139 2037 879 1158 102
is_linear=0
shrinkage=0.04


Tree=5
num_leaves=7
num_cat=0
split_feature=91 64 72 72 90 18
split_gain=13.7896 12.2396 17.2883 14.4367 10.3815 3.37976
threshold=0.84851029532676392 -0.10529502435613632 -0.81080334526671105 0.051467244694255586 1.4762480174164891 0.20920594316744581
decision_type=2 2 2 2 2 2
left_child=1 2 -1 -3 5 -2
right_child=4 3 -4 -5 -6 -7
leaf_value=-0.012302629461439032 -0.049404905823831669 -0.012457436181098482 0.015058003757057788 0.0055582708666912974 0.0029257653667532479 -0.015865464062814371
leaf_weight=45.728343427181244 13.972942367196085 142.41126091778278 166.00731420516968 138.62715412676334 16.481691509485245 10.734297111630438
leaf_count=183 56 570 666 555 66 43
internal_value=-2.19861e-05 0.00187019 0.00908913 -0.00359439 -0.0216978 -0.0371127
internal_weight=533.963 492.774 211.736 281.038 41.1889 24.7072
internal_count=2139 1974 849 1125 165 99
is_linear=0
shrinkage=0.04


Tree=6
num_leaves=7
num_cat=0
split_feature=91 33 5 87 90 60
split_gain=12.8419 10.0976 11.3914 10.5365 9.67733 3.36422
threshold=0.84851029532676392 0.54369819510906081 0.53877374307274961 0.455865046334607 1.4762480174164891 -0.85612764972916278
decision_type=2 2 2 2 2 2
left_child=1 2 -1 -3 5 -2
right_child=4 3 -4 -5 -6 -7
leaf_value=0.0029340299675758054 -0.052127425395326561 -0.013668501942904716 0.027784896004839951 0.014748980888133209 0.0028215529880105373 -0.018923124188263876
leaf_weight=337.38816486299038 10.460678473114969 100.35688157379627 30.425473645329475 24.46814438700676 16.48070901632309 14.235143110156057
leaf_count=1352 42 402 122 98 66 57
internal_value=-3.0966e-05 0.0017953 0.00512884 -0.00795338 -0.0209516 -0.0358394
internal_weight=533.815 492.639 367.814 124.825 41.1765 24.6958
internal_count=2139 1974 1474 500 165 99
is_linear=0
shrinkage=0.04


Tree=7
num_leaves=6
num_cat=0
split_feature=63 93 84 101 65
split_gain=12.4505 11.1756 9.78076 8.4634 8.26387
threshold=1.6436418895351588 -0.956847319305829 -1.4337308404024947 0.10186703237537008 0.80460437019743247
decision_type=2 2 2 2 2
left_child=1 3 -3 -1 -2
right_child=4 2 -4 -5 -6
leaf_value=-0.0024364864718085743 -0.043646917480772152 -0.033807547989696207 0.00016927246774820509 0.027427247162171337 0.0013166334979749397
leaf_weight=23.185435801744461 14.880294114351274 11.993558228015898 432.80627343058586 40.379250466823578 10.490244328975676
leaf_count=93 60 48 1734 162 42
internal_value=-3.5153e-05 0.0013745 -0.000894108 0.0167923 -0.0263176
internal_weight=533.735 508.365 444.8 63.5647 25.3705
internal_count=2139 2037 1782 255 102
is_linear=0
shrinkage=0.04


Tree=8
num_leaves=7
num_cat=0
split_feature=91 64 24 101 90 84
split_gain=11.7544 10.9967 12.2032 11.0051 10.0385 1.74768
threshold=0.86822244874862087 -0.10529502435613632 0.74572588542276985 0.70464968888621016 1.4762480174164891 -0.14458892244306323
decision_type=2 2 2 2 2 2
left_child=1 2 -1 -3 5 -2
right_child=4 3 -4 -5 -6 -7
leaf_value=0.01258750472117991 -0.02053741669400656 -0.0075328411986426537 -0.013328443183943439 0.011691804972069038 0.0027842128664034454 -0.049555953923462445
leaf_weight=179.34039476513863 11.194990366697313 224.78103893995285 32.92241995036602 58.419918939471245 16.476881802082062 10.468891113996504
leaf_count=720 45 900 132 234 66 42
internal_value=-4.14136e-05 0.00163886 0.00848099 -0.00351292 -0.020863 -0.0375635
internal_weight=533.605 495.464 212.263 283.201 38.1408 21.6639
internal_count=2139 1986 852 1134 153 87
is_linear=0
shrinkage=0.04


Tree=9
num_leaves=6
num_cat=0
split_feature=63 93 65 47 65
split_gain=11.4462 10.3084 9.34525 7.97848 7.54587
threshold=1.6436418895351588 -0.956847319305829 -0.98377116943920928 0.79390568345542167 0.80460437019743247
decision_type=2 2 2 2 2
left_child=1 3 -3 -1 -2
right_child=4 2 -4 -5 -6
leaf_value=0.022233912275404801 -0.041917603778632191 0.022800186570036227 -0.0022812951576108194 -0.01417899395073818 0.0011187497521810961
leaf_weight=53.267848089337349 14.794718801975252 23.184738606214523 421.49336685240269 10.221152663230894 10.487714752554892
leaf_count=214 60 93 1689 41 42
internal_value=-4.92736e-05 0.00130083 -0.000877358 0.0161178 -0.0252919
internal_weight=533.45 508.167 444.678 63.489 25.2824
internal_count=2139 2037 1782 255 102
is_linear=0
shrinkage=0.04


Tree=10
num_leaves=5
num_cat=0
split_feature=69 108 34 73
split_gain=11.2109 10.1477 12.5504 11.5879
threshold=1.7032171494749815 -0.30940536679704028 -1.0896972188680516 -0.15645073140055787
decision_type=2 2 2 2
left_child=1 3 -3 -1
right_child=-2 2 -4 -5
leaf_value=-0.00062762328821090838 -0.029513049923773058 0.01982202040141046 -0.0057986197316682708 0.019164461122862877
leaf_weight=103.243055164814 17.897005319595337 32.144459456205368 294.81167505681515 85.205115258693695
leaf_count=414 72 129 1182 342
internal_value=-4.91707e-05 0.00108407 -0.00317454 0.00842847
internal_weight=533.301 515.404 326.956 188.448
internal_count=2139 2067 1311 756
is_linear=0
shrinkage=0.04


Tree=11
num_leaves=6
num_cat=0
split_feature=63 93 43 16 65
split_gain=10.5723 9.47923 9.10149 7.79307 7.0093
threshold=1.6436418895351588 -0.956847319305829 -0.296104116269924 -0.67459668407552031 0.80460437019743247
decision_type=2 2 2 2 2
left_child=1 3 -3 -1 -2
right_child=4 2 -4 -5 -6
leaf_value=-0.0098502311468510826 -0.040442639264480336 -0.0089356393580170574 0.0031724522810505102 0.022726866198771588 0.0010801611720450671
leaf_weight=13.970284849405287 14.70412038266659 146.48328912258148 298.14630909264088 49.437041535973549 10.4863064289093
leaf_count=56 60 587 1195 199 42
internal_value=-4.66587e-05 0.00124912 -0.000838711 0.0154676 -0.0243494
internal_weight=533.227 508.037 444.63 63.4073 25.1904
internal_count=2139 2037 1782 255 102
is_linear=0
shrinkage=0.04


Tree=12
num_leaves=7
num_cat=0
split_feature=91 107 64 72 72 20
split_gain=10.2641 9.784 9.72549 15.0738 12.8895 7.13695
threshold=0.86822244874862087 0.69902783665630475 -0.10529502435613632 -0.81080334526671105 0.051467244694255586 -0.39973612287880578
decision_type=2 2 2 2 2 2
left_child=2 -2 3 -1 -4 -3
right_child=1 5 4 -5 -6 -7
leaf_value=-0.012021240790065408 -0.047776959956723132 0.014415022384922893 -0.011693482882845494 0.013523073753384745 0.0052702348456035277 -0.024158600276462498
leaf_weight=45.676905170083046 11.202337533235548 13.390805721282959 143.04073114693165 166.34031184017658 139.96166190505028 13.44582000374794
leaf_count=183 45 54 573 669 561 54
internal_value=-4.96679e-05 -0.0195324 0.00152003 0.00795891 -0.0033258 -0.00524647
internal_weight=533.059 38.039 495.02 212.017 283.002 26.8366
internal_count=2139 153 1986 852 1134 108
is_linear=0
shrinkage=0.04


Tree=13
num_leaves=5
num_cat=0
split_feature=69 108 82 34
split_gain=10.4202 8.97023 13.0594 11.546
threshold=1.7032171494749815 -0.30940536679704028 -0.74725462354035055 -1.0896972188680516
decision_type=2 2 2 2
left_child=1 2 -1 -3
right_child=-2 3 -4 -5
leaf_value=-0.010003256630950702 -0.028475669824639699 0.019103102175018778 0.01398342675697716 -0.0054858277736550276
leaf_weight=47.048541218042374 17.879124104976654 32.098911762237549 141.18049784004688 294.64037477970123
leaf_count=189 72 129 567 1182
internal_value=-5.69985e-05 0.00103601 0.00794573 -0.00296868
internal_weight=532.847 514.968 188.229 326.739
internal_count=2139 2067 756 1311
is_linear=0
shrinkage=0.04


Tree=14
num_leaves=5
num_cat=0
split_feature=63 69 87 59
split_gain=9.68885 9.17855 11.6364 6.65957
threshold=1.6436418895351588 1.4432610720081378 -0.80687997831829861 0.25825224081428172
decision_type=2 2 2 2
left_child=1 2 -1 -2
right_child=3 -3 -4 -5
leaf_value=0.016914347750348804 -0.039080441194298064 -0.02595037295463317 -0.00033804689777114025 0.0014275981876635286
leaf_weight=71.51508392393589 14.64478784799576 17.20955765247345 418.96187752485275 10.423389837145804
leaf_count=288 60 69 1680 42
internal_value=-5.62695e-05 0.00118241 0.00223595 -0.0233762
internal_weight=532.755 507.687 490.477 25.0682
internal_count=2139 2037 1968 102
is_linear=0
shrinkage=0.04


Tree=15
num_leaves=7
num_cat=0
split_feature=91 71 63 107 10 20
split_gain=9.11724 10.2122 10.1385 9.26325 7.51442 6.66615
threshold=0.86822244874862087 1.4593096272041697 1.5896144715946514 0.69902783665630475 0.5029781345822627 -0.39973612287880578
decision_type=2 2 2 2 2 2
left_child=1 2 -1 -2 -3 -5
right_child=3 4 -4 5 -6 -7
leaf_value=0.00090217416570171618 -0.045952487335624674 0.0062100867253892635 -0.028430135067956205 0.014396029611841681 0.040809490997197023 -0.022894073930592288
leaf_weight=435.11652107536793 11.169234544038771 26.896605864167213 17.704100176692009 13.370844319462776 14.924607917666433 13.422861665487289
leaf_count=1746 45 108 72 54 60 54
internal_value=-6.11143e-05 0.00141812 -0.000364616 -0.0184414 0.0198565 -0.00457784
internal_weight=532.605 494.642 452.821 37.9629 41.8212 26.7937
internal_count=2139 1986 1818 153 168 108
is_linear=0
shrinkage=0.04


Tree=16
num_leaves=5
num_cat=0
split_feature=69 87 101 84
split_gain=9.01748 8.20998 17.1489 10.857
threshold=1.7032171494749815 -0.80687997831829861 0.10186703237537008 -1.3849173254395073
decision_type=2 2 2 2
left_child=1 2 -1 -3
right_child=-2 3 -4 -5
leaf_value=-0.009999689909623851 -0.026519700003530985 -0.034953607315235793 0.027812186768720642 -9.6510422483097951e-06
leaf_weight=30.578860938549042 17.851002290844917 12.718546688556669 46.058715596795082 425.2408390045166
leaf_count=123 72 51 186 1707
internal_value=-6.39778e-05 0.00095287 0.0128544 -0.00117872
internal_weight=532.448 514.597 76.6376 437.959
internal_count=2139 2067 309 1758
is_linear=0
shrinkage=0.04


Tree=17
num_leaves=8
num_cat=0
split_feature=64 51 92 101 1 34 13
split_gain=8.60516 13.6433 12.5866 10.7498 12.1863 11.4691 5.15345
threshold=-0.10529502435613632 -0.67731366928647818 0.58270691699849686 0.70464968888621016 0.099155891950779992 -1.0896972188680516 -0.07259092602097493
decision_type=2 2 2 2 2 2 2
left_child=1 6 -3 5 -5 -2 -1
right_child=3 2 -4 4 -6 -7 -8
leaf_value=0.0026413000612798944 0.013687585329374941 0.014585307062127692 -0.011478964607151428 0.029640893995170243 -0.0058595723673579726 -0.011261786636814883 -0.030746020591832905
leaf_weight=11.211234599351885 32.291858360171318 157.9662377089262 34.810275837779045 26.888535901904106 32.145141154527664 218.83325077593327 18.177561834454536
leaf_count=45 130 636 140 108 129 878 73
internal_value=-6.78805e-05 0.00591139 0.00980926 -0.00436124 0.0107515 -0.00797078 -0.0186527
internal_weight=532.324 222.165 192.777 310.159 59.0337 251.125 29.3888
internal_count=2139 894 776 1245 237 1008 118
is_linear=0
shrinkage=0.04


Tree=18
num_leaves=5
num_cat=0
split_feature=69 106 106 57
split_gain=8.47381 8.36111 17.1838 8.722
threshold=1.7032171494749815 0.43959139042759582 0.62768910518760912 1.3315600431706238
decision_type=2 2 2 2
left_child=1 3 -3 -1
right_child=-2 2 -4 -5
leaf_value=0.0054247134612302799 -0.025725788366366981 -0.02739407793398084 0.0020507547200093014 -0.024008409930279129
leaf_weight=354.42733047902584 17.827988088130951 44.099266842007637 100.81693591177464 14.913939774036406
leaf_count=1425 72 177 405 60
internal_value=-6.48695e-05 0.000920945 -0.00716051 0.0041133
internal_weight=532.085 514.257 144.916 369.341
internal_count=2139 2067 582 1485
is_linear=0
shrinkage=0.04


Tree=19
num_leaves=6
num_cat=0
split_feature=63 63 91 56 65
split_gain=8.24443 8.11344 13.6033 8.15987 6.19862
threshold=1.6436418895351588 1.1813681000959568 0.86822244874862087 -0.08709072351709797 0.80460437019743247
decision_type=2 2 2 2 2
left_child=1 2 -1 -3 -2
right_child=4 3 -4 -5 -6
leaf_value=0.0014122226101347213 -0.037017172988676655 0.035636710448716732 -0.027266474005814102 -0.0044477592631839797 0.0019971241289551164
leaf_weight=449.57305473089218 14.406643971800806 18.70267374813557 26.11096079647541 12.713792055845259 10.483878016471861
leaf_count=1806 60 75 105 51 42
internal_value=-7.27148e-05 0.0010677 -0.000269561 0.0201198 -0.021658
internal_weight=531.991 507.1 475.684 31.4165 24.8905
internal_count=2139 2037 1911 126 102
is_linear=0
shrinkage=0.04


Tree=20
num_leaves=8
num_cat=0
split_feature=64 51 72 34 108 108 2
split_gain=7.75904 11.5886 9.95343 8.97963 11.6095 10.3914 5.89006
threshold=-0.10458112997987097 -0.67731366928647818 -0.904147462316225 -1.0896972188680516 0.24794301312097042 -0.30940536679704028 -0.4409905826599923
decision_type=2 2 2 2 2 2 2
left_child=1 6 -3 4 -2 -5 -1
right_child=3 2 -4 5 -6 -7 -8
leaf_value=-0.034301331709738564 -0.010975806194783404 -0.01175142511670624 0.013011002917447221 0.0051922973274576021 0.033416031854118448 -0.011703465645816662 -3.0143362456069779e-05
leaf_weight=13.693982452154161 15.353962197899817 29.168488427996635 164.14159089326859 81.961729407310486 19.612087801098824 191.43985886871815 16.424837112426758
leaf_count=55 62 117 662 329 79 769 66
internal_value=-7.44316e-05 0.00557388 0.00919253 -0.00417649 0.0143839 -0.00663744 -0.0167777
internal_weight=531.797 223.429 193.31 308.368 34.966 273.402 30.1188
internal_count=2139 900 779 1239 141 1098 121
is_linear=0
shrinkage=0.04


Tree=21
num_leaves=5
num_cat=0
split_feature=101 65 31 86
split_gain=8.00633 10.7659 15.3289 13.3146
threshold=1.6454453509328399 -0.05813060867997915 -0.97218368576842795 0.87541653068704983
decision_type=2 2 2 2
left_child=1 3 -3 -1
right_child=-2 2 -4 -5
leaf_value=0.0074674853505772637 0.027687929540198653 0.015621570653391677 -0.010451955093148804 -0.030068748377400936
leaf_weight=232.65875732898712 14.120959952473639 40.901748761534691 229.64157240092754 14.20276068150997
leaf_count=936 57 165 924 57
internal_value=-7.39318e-05 -0.000935302 -0.00642435 0.00508361
internal_weight=531.526 517.405 270.543 246.862
internal_count=2139 2082 1089 993
is_linear=0
shrinkage=0.04


Tree=22
num_leaves=5
num_cat=0
split_feature=62 51 24 84
split_gain=7.83122 8.52557 11.2862 8.20957
threshold=-1.4360708926003776 -0.33370531137312559 -0.66544514787243758 -1.4337308404024947
decision_type=2 2 2 2
left_child=-1 2 -2 -3
right_child=1 3 -4 -5
leaf_value=-0.028167391702721863 0.013645407920461722 -0.027037131596923825 -0.011803824604938166 0.0054589682813079785
leaf_weight=13.413604348897932 33.304285421967506 10.945673599839209 133.70192728936672 340.04916830360889
leaf_count=54 134 44 538 1369
internal_value=-6.93639e-05 0.00076377 -0.00662733 0.00429814
internal_weight=531.415 518.001 167.006 350.995
internal_count=2139 2085 672 1413
is_linear=0
shrinkage=0.04


Tree=23
num_leaves=4
num_cat=0
split_feature=69 86 106
split_gain=7.62531 8.12991 10.0306
threshold=1.7032171494749815 -1.8579205287096958 1.3216973267859253
decision_type=2 2 2
left_child=1 -1 -3
right_child=-2 2 -4
leaf_value=0.027018463641322512 -0.024454694823779266 0.0010898945974959283 -0.026956443500019925
leaf_weight=16.335717722773552 17.766397804021835 477.91577661037445 19.308955758810043
leaf_count=66 72 1923 78
internal_value=-7.37528e-05 0.00086129 -0.000102872
internal_weight=531.327 513.56 497.225
internal_count=2139 2067 2001
is_linear=0
shrinkage=0.04


Tree=24
num_leaves=5
num_cat=0
split_feature=101 106 33 37
split_gain=7.40353 9.27891 13.3469 9.13666
threshold=1.6454453509328399 0.42263711767142703 -1.0028696890334043 -0.7830864259087752
decision_type=2 2 2 2
left_child=1 3 -3 -1
right_child=-2 2 -4 -5
leaf_value=0.016418366791600168 0.026658113150106699 0.02399224969039699 -0.013749437531827459 -0.00035699443708249131
leaf_weight=60.234035491943359 14.078507915139197 15.105449780821798 128.01882918179035 313.79956515133381
leaf_count=243 57 61 515 1263
internal_value=-7.43054e-05 -0.000901932 -0.0094904 0.00241745
internal_weight=531.236 517.158 143.124 374.034
internal_count=2139 2082 576 1506
is_linear=0
shrinkage=0.04


Tree=25
num_leaves=6
num_cat=0
split_feature=63 63 91 56 59
split_gain=7.24671 7.94955 11.8034 7.51603 6.02819
threshold=1.6436418895351588 1.1813681000959568 0.86822244874862087 -0.08709072351709797 0.25825224081428172
decision_type=2 2 2 2 2
left_child=1 2 -1 -3 -2
right_child=4 3 -4 -5 -6
leaf_value=0.0012453540335517 -0.035551687472284751 0.034780580467189876 -0.025514144780479808 -0.0037755810569486048 0.0029250486415511811
leaf_weight=448.99607336521149 14.317575946450235 18.664985820651058 26.012027844786644 12.703509390354155 10.372501552104948
leaf_count=1806 60 75 105 51 42
internal_value=-6.33212e-05 0.00100353 -0.000320861 0.0198758 -0.0203794
internal_weight=531.067 506.377 475.008 31.3685 24.6901
internal_count=2139 2037 1911 126 102
is_linear=0
shrinkage=0.04


Tree=26
num_leaves=8
num_cat=0
split_feature=82 76 100 1 95 68 84
split_gain=7.01248 11.2587 10.7491 11.3218 10.6053 10.452 5.84245
threshold=-0.39922032496942089 -0.7070890501366528 0.53163821949937973 0.099155891950779992 1.5928050381474497 -0.30785774677592093 0.11064079386947834
decision_type=2 2 2 2 2 2 2
left_child=2 6 3 -1 -3 -4 -2
right_child=1 4 5 -5 -6 -7 -8
leaf_value=0.027033709031180374 -0.0088116560313533879 -0.0035283848552551734 0.013552438419260227 0.00066503760756412081 0.020771419700573977 -0.017785585895403619 -0.048800200502737374
leaf_weight=53.389357447624207 13.189073771238329 307.07627569139004 26.060686722397804 49.385517254471779 29.689213588833809 41.730805620551109 10.345454648137091
leaf_count=215 54 1236 105 199 120 168 42
internal_value=-6.48302e-05 -0.00322554 0.00657177 0.0146176 -0.00127613 -0.00569535 -0.0288355
internal_weight=530.866 360.3 170.566 102.775 336.765 67.7915 23.5345
internal_count=2139 1452 687 414 1356 273 96
is_linear=0
shrinkage=0.04


Tree=27
num_leaves=5
num_cat=0
split_feature=62 51 43 64
split_gain=7.17465 7.68044 11.5502 8.31244
threshold=-1.4360708926003776 -0.32681059436392451 -0.28102178700551744 -0.2186410348721414
decision_type=2 2 2 2
left_child=-1 2 -2 -3
right_child=1 3 -4 -5
leaf_value=-0.026964837757188498 -0.021300885937163182 0.011515250892777926 0.00093783716847289022 -0.0010015259297120863
leaf_weight=13.406594559550284 53.090503007173538 141.58326055109501 115.66160951554775 206.97119636833668
leaf_count=54 214 572 466 833
internal_value=-6.46844e-05 0.000733629 -0.00622615 0.00411949
internal_weight=530.713 517.307 168.752 348.554
internal_count=2139 2085 680 1405
is_linear=0
shrinkage=0.04


Tree=28
num_leaves=4
num_cat=0
split_feature=69 86 106
split_gain=6.70362 7.49067 8.98385
threshold=1.7032171494749815 -1.8579205287096958 1.3216973267859253
decision_type=2 2 2
left_child=1 -1 -3
right_child=-2 2 -4
leaf_value=0.025965822441572049 -0.022979069938007076 0.0010116076774388926 -0.025580544517346451
leaf_weight=16.265152290463448 17.679931640625 477.40392239391804 19.227190136909485
leaf_count=66 72 1923 78
internal_value=-6.75795e-05 0.000808387 -0.000116387
internal_weight=530.576 512.896 496.631
internal_count=2139 2067 2001
is_linear=0
shrinkage=0.04


Tree=29
num_leaves=7
num_cat=0
split_feature=35 59 82 47 14 75
split_gain=6.70372 7.97623 7.76406 6.87848 5.41228 5.22177
threshold=0.72042895247455607 -0.57096286420685849 -0.47021110588792309 0.32497490598604339 -0.43116486747427518 -0.15053153478965606
decision_type=2 2 2 2 2 2
left_child=1 3 -3 -1 -2 -6
right_child=4 2 -4 -5 5 -7
leaf_value=0.03281928499770518 -0.031023401908221945 0.0097101782851882115 -0.0029998601488018519 0.00024122550311123016 0.0081575155677470219 -0.013763368607928646
leaf_weight=21.541307419538498 14.435674667358397 100.46460650861263 306.19460831582546 18.586488366127014 26.908753588795662 42.334854573011398
leaf_count=87 58 405 1236 75 108 170
internal_value=-6.8136e-05 0.0018895 0.000172292 0.0184575 -0.0103206 -0.00525483
internal_weight=530.466 446.787 406.659 40.1278 83.6793 69.2436
internal_count=2139 1803 1641 162 336 278
is_linear=0
shrinkage=0.04


Tree=30
num_leaves=4
num_cat=0
split_feature=62 101 18
split_gain=6.59714 7.42049 8.22011
threshold=-1.4360708926003776 1.6454453509328399 0.66489746492592261
decision_type=2 2 2
left_child=-1 2 -2
right_child=1 -3 -4
leaf_value=-0.025861632365607339 0.0013818682967563199 0.028178936811267978 -0.017259813054234987
leaf_weight=13.403993532061575 464.52126984298229 13.262475967407225 39.188155457377434
leaf_count=54 1873 54 158
internal_value=-6.48432e-05 0.0007011 -0.000130962
internal_weight=530.376 516.972 503.709
internal_count=2139 2085 2031
is_linear=0
shrinkage=0.04


Tree=31
num_leaves=8
num_cat=0
split_feature=66 101 75 75 96 72 26
split_gain=6.45087 11.5535 8.57995 12.1948 8.60493 6.20495 3.61529
threshold=1.2857038420304363 0.34574743215816123 1.2961980036594671 0.44123529192226535 -0.029417343142987593 0.25534656032777564 -0.37320937964663403
decision_type=2 2 2 2 2 2 2
left_child=2 6 3 -1 -4 -3 -2
right_child=1 5 4 -5 -6 -7 -8
leaf_value=0.0027343768741395868 -0.012865081698944026 -0.015313012226267098 0.00069797382591168806 -0.014470655608495746 0.03403907312308016 0.022897599320902608 -0.04537466495468398
leaf_weight=355.1342392116785 12.201374098658563 10.400345996022226 25.310154214501381 78.836463883519173 22.415340512990952 13.300205081701277 12.740797862410544
leaf_count=1431 50 42 102 318 90 54 52
internal_value=-6.42241e-05 -0.0136468 0.00135813 -0.000443188 0.0170966 0.00624311 -0.031607
internal_weight=530.339 48.6427 481.696 433.971 47.7255 23.7006 24.9422
internal_count=2139 198 1941 1749 192 96 102
is_linear=0
shrinkage=0.04


Tree=32
num_leaves=8
num_cat=0
split_feature=47 81 44 43 12 93 81
split_gain=6.41616 14.6578 11.1146 8.86502 11.8097 11.1845 2.69716
threshold=-0.69692068469294222 -0.35195049991683258 0.46159256023490253 -0.296104116269924 1.2266229604130889 -0.88701460421004596 -0.75736457893355069
decision_type=2 2 2 2 2 2 2
left_child=1 6 -3 5 -5 -2 -1
right_child=3 2 -4 4 -6 -7 -8
leaf_value=0.017428848969916748 0.016026851177588126 -0.012743622720866321 0.02723724127915899 0.0035757823237599884 -0.035083103925660046 -0.014458908704481426 0.050390269323803243
leaf_weight=10.392252966761591 21.001269415020943 36.436206951737404 13.660745099186896 302.13850098848343 11.197338610887526 124.52656465768814 10.869336262345312
leaf_count=42 85 147 55 1219 45 502 44
internal_value=-6.58703e-05 0.0109219 -0.00121429 -0.00181457 0.00198052 -0.00990185 0.0371631
internal_weight=530.222 71.3585 50.097 458.864 313.336 145.528 21.2616
internal_count=2139 288 202 1851 1264 587 86
is_linear=0
shrinkage=0.04


Tree=33
num_leaves=6
num_cat=0
split_feature=76 66 79 72 3
split_gain=6.3226 8.91877 8.51013 7.51565 4.30519
threshold=2.1588864887904333 1.2857038420304363 -0.035260311442721869 -0.904147462316225 0.11738137818132903
decision_type=2 2 2 2 2
left_child=1 3 -3 -1 -2
right_child=4 2 -4 -5 -6
leaf_value=-0.012966936374699716 0.035778704070610602 -0.0024738621391453513 -0.038515308242694467 0.0024972473567286737 0.00061891471597537342
leaf_weight=55.222857892513275 10.90170954167843 24.211819678544998 16.893798530101776 412.92360815405846 9.9341879338026029
leaf_count=222 44 99 69 1665 40
internal_value=-5.52361e-05 -0.000974829 -0.0183861 0.000625681 0.0205375
internal_weight=530.088 509.252 41.1056 468.146 20.8359
internal_count=2139 2055 168 1887 84
is_linear=0
shrinkage=0.04


Tree=34
num_leaves=6
num_cat=0
split_feature=65 7 71 98 101
split_gain=6.22109 7.1259 6.74359 7.90528 7.26927
threshold=-0.98377116943920928 -0.33733382916124977 -0.83250288689615892 -0.16049001316638464 1.4493073589895158
decision_type=2 2 2 2 2
left_child=1 -1 3 -2 -4
right_child=2 -3 4 -5 -6
leaf_value=-0.0043931732954979553 -0.0074726009501241706 0.036905016626572834 -0.0036476592358261253 0.028531896600785575 0.016911392977765578
leaf_weight=11.314926892518999 14.859213188290594 13.089034438133238 440.26879651844501 23.048631265759468 27.373185724020004
leaf_count=46 60 53 1776 93 111
internal_value=-5.53343e-05 0.0188747 -0.0010399 0.0147516 -0.00237735
internal_weight=529.954 24.404 505.55 37.9078 467.642
internal_count=2139 99 2040 153 1887
is_linear=0
shrinkage=0.04


Tree=35
num_leaves=5
num_cat=0
split_feature=62 93 64 47
split_gain=6.18183 6.65336 7.02763 4.41507
threshold=-1.4360708926003776 -1.3984158603520347 -0.10529502435613632 -0.038011749014971084
decision_type=2 2 2 2
left_child=-1 3 -3 -2
right_child=1 2 -4 -5
leaf_value=-0.025020471508563302 0.037896964247002417 0.0052727612442887272 -0.0043693889491593224 0.0039561942817347871
leaf_weight=13.39651472866535 10.302890151739122 206.11930312216282 286.74564556777477 13.27705743908882
leaf_count=54 42 834 1155 54
internal_value=-4.29179e-05 0.000699018 -0.000331967 0.0205896
internal_weight=529.841 516.445 492.865 23.5799
internal_count=2139 2085 1989 96
is_linear=0
shrinkage=0.04


Tree=36
num_leaves=8
num_cat=0
split_feature=47 81 44 43 76 93 81
split_gain=6.03443 13.5708 10.446 8.03022 10.7788 10.097 2.51755
threshold=-0.69692068469294222 -0.35195049991683258 0.61804045055430856 -0.296104116269924 2.010484060974012 -0.88701460421004596 -0.75736457893355069
decision_type=2 2 2 2 2 2 2
left_child=1 6 -3 5 -5 -2 -1
right_child=3 2 -4 4 -6 -7 -8
leaf_value=0.016854563004111065 0.015234401252819461 -0.010742032595098504 0.030765941707999223 1.2797686000411793e-05 0.031212588797172078 -0.013763229403858799 0.048763118308201667
leaf_weight=10.371704876422884 20.946166262030602 39.377137750387192 10.673693567514418 296.24673512578011 16.843944877386093 124.4398777037859 10.801626116037367
leaf_count=42 85 159 43 1196 68 502 44
internal_value=-3.84696e-05 0.0106278 -0.00104814 -0.00173443 0.00187878 -0.00943542 0.0359364
internal_weight=529.701 71.2242 50.0508 458.477 313.091 145.386 21.1733
internal_count=2139 288 202 1851 1264 587 86
is_linear=0
shrinkage=0.04


Tree=37
num_leaves=6
num_cat=0
split_feature=15 106 85 63 95
split_gain=5.99765 8.63946 12.1381 10.3621 3.28554
threshold=1.1187465642253771 -0.72674755072991903 -0.29592242548400421 1.7663711858312248 0.077580409304558659
decision_type=2 2 2 2 2
left_child=1 2 -1 -3 -2
right_child=4 3 -4 -5 -6
leaf_value=-0.0029951439618883064 -0.034718894765295709 -7.9810158530697789e-05 0.027583126015717545 -0.030237709042197691 -0.0029179441615883052
leaf_weight=39.87636536359787 9.925893649458887 412.17329508066177 40.562026962637901 17.073172643780708 9.9246651977300626
leaf_count=161 40 1661 165 72 40
internal_value=-1.89369e-05 0.000857527 0.0127194 -0.001414 -0.0205418
internal_weight=529.535 509.685 80.4384 429.246 19.8506
internal_count=2139 2059 326 1733 80
is_linear=0
shrinkage=0.04


Tree=38
num_leaves=5
num_cat=0
split_feature=32 109 58 105
split_gain=5.70161 6.61973 13.2747 10.7601
threshold=1.5046172847932535 0.060471323268759987 0.43725599682707184 0.61556044509599672
decision_type=2 2 2 2
left_child=1 3 -3 -1
right_child=-2 2 -4 -5
leaf_value=0.0075205188675067135 -0.027370234036499907 -0.0012512908076635282 -0.033652139691585335 -0.017312800239857502
leaf_weight=248.98902131617069 9.9266586452722532 220.60451418161392 20.295318990945816 29.503815665841103
leaf_count=1006 40 892 82 119
internal_value=-2.46842e-05 0.000600929 -0.00423561 0.00478496
internal_weight=529.319 519.393 240.9 278.493
internal_count=2139 2099 974 1125
is_linear=0
shrinkage=0.04


Tree=39
num_leaves=4
num_cat=0
split_feature=69 86 106
split_gain=5.93324 6.62079 7.71338
threshold=1.7032171494749815 -1.8579205287096958 1.3216973267859253
decision_type=2 2 2
left_child=1 -1 -3
right_child=-2 2 -4
leaf_value=0.024523421257778275 -0.0216552609465211 0.00096520421975338053 -0.023734591753582623
leaf_weight=16.140917807817459 17.562852695584297 476.40661981701851 19.122322931885719
leaf_count=66 72 1923 78
internal_value=-3.45064e-05 0.000789043 -7.95323e-05
internal_weight=529.233 511.67 495.529
internal_count=2139 2067 2001
is_linear=0
shrinkage=0.04


Tree=40
num_leaves=7
num_cat=0
split_feature=35 65 86 31 96 87
split_gain=5.73119 8.47596 13.3647 11.0652 5.16183 8.07087
threshold=0.72042895247455607 -0.05813060867997915 0.82073989051055063 -0.97218368576842795 0.66880447370346852 0.17631821432251857
decision_type=2 2 2 2 2 2
left_child=1 2 -1 -3 5 -2
right_child=4 3 -4 -5 -6 -7
leaf_value=0.011630503637321545 -0.014689585215113718 0.015746578637327324 -0.023916438725642232 -0.0065230900020711458 -0.031425631974207564 0.012643267181217933
leaf_weight=170.52412089705467 46.031811937689781 40.684093683958054 16.893154501914978 217.40963661670685 12.401727154850958 25.158327296376228
leaf_count=690 185 165 68 880 50 101
internal_value=-3.61431e-05 0.0017778 0.00820773 -0.00291856 -0.00951937 -0.00494872
internal_weight=529.103 445.511 187.417 258.094 83.5919 71.1901
internal_count=2139 1803 758 1045 336 286
is_linear=0
shrinkage=0.04


Tree=41
num_leaves=7
num_cat=0
split_feature=47 81 65 69 72 106
split_gain=5.72296 12.4186 7.37793 5.92141 7.35268 2.40959
threshold=-0.69692068469294222 -0.35195049991683258 0.30786556489802219 1.7032171494749815 0.67671189931593656 -0.33767707177864187
decision_type=2 2 2 2 2 2
left_child=1 5 -3 4 -2 -1
right_child=3 2 -4 -5 -6 -7
leaf_value=0.015379259774456318 -0.0030860344185110293 0.010016281191433708 -0.021032473381365189 -0.025336985022596781 0.010755025241079755 0.046535466190766227
leaf_weight=9.7991765588521975 372.04116667807102 33.214157253503799 16.776454031467438 14.346218317747114 71.480161845684052 11.271838411688803
leaf_count=40 1502 134 68 59 290 46
internal_value=-4.01436e-05 0.0103594 -0.000811692 -0.0016922 -0.000817072 0.0346354
internal_weight=528.929 71.0616 49.9906 457.868 443.521 21.071
internal_count=2139 288 202 1851 1792 86
is_linear=0
shrinkage=0.04


Tree=42
num_leaves=5
num_cat=0
split_feature=62 51 51 84
split_gain=5.61897 6.38822 10.6656 7.31943
threshold=-1.4360708926003776 -0.33370531137312559 -0.39870567772704857 -1.4337308404024947
decision_type=2 2 2 2
left_child=-1 2 -2 -3
right_child=1 3 -4 -5
leaf_value=-0.023866264663157177 -0.0024776923196362538 -0.025875086525767404 -0.037188952190764353 0.0048435053884074318
leaf_weight=13.37116728723049 152.51608200371265 10.912144213914869 13.658106267452238 338.32370235025883
leaf_count=54 617 44 55 1369
internal_value=-3.34363e-05 0.000674716 -0.005739 0.00374181
internal_weight=528.781 515.41 166.174 349.236
internal_count=2139 2085 672 1413
is_linear=0
shrinkage=0.04


Tree=43
num_leaves=6
num_cat=0
split_feature=15 106 57 63 95
split_gain=5.52776 7.67159 9.58159 9.41386 3.07793
threshold=1.1187465642253771 -0.72674755072991903 -0.12234967731780559 1.7663711858312248 0.077580409304558659
decision_type=2 2 2 2 2
left_child=1 2 -1 -3 -2
right_child=4 3 -4 -5 -6
leaf_value=0.032059843915947683 -0.033473619497521111 -7.4578406133674627e-05 0.00259617956650607 -0.028933344572346406 -0.0027077604010795711
leaf_weight=24.03735414147377 9.921441853046419 411.75541923940182 56.137285739183426 16.91694401204586 9.9115287214517576
leaf_count=98 40 1661 228 72 40
internal_value=-4.48608e-05 0.000797696 0.011995 -0.00134252 -0.0197549
internal_weight=528.68 508.847 80.1746 428.672 19.833
internal_count=2139 2059 326 1733 80
is_linear=0
shrinkage=0.04


Tree=44
num_leaves=4
num_cat=0
split_feature=101 57 108
split_gain=5.41258 7.30423 7.96077
threshold=1.6454453509328399 1.3256081323549684 1.2856943204104685
decision_type=2 2 2
left_child=1 2 -1
right_child=-2 -3 -4
leaf_value=0.0015483009500874387 0.022996161627953867 -0.025054984008930331 -0.018328558833237578
leaf_weight=464.98467004299164 13.824093267321585 17.059024900197983 32.629742383956909
leaf_count=1881 57 69 132
internal_value=-4.77111e-05 -0.000753288 0.000176775
internal_weight=528.498 514.673 497.614
internal_count=2139 2082 2013
is_linear=0
shrinkage=0.04


Tree=45
num_leaves=7
num_cat=0
split_feature=35 65 76 46 8 26
split_gain=5.35309 7.78996 7.76168 7.53606 5.27927 7.83227
threshold=0.72042895247455607 -0.58546945959367569 2.0370983411515069 0.49399962463946118 0.91539094484071193 0.58283741487139296
decision_type=2 2 2 2 2 2
left_child=1 3 -3 -1 5 -2
right_child=4 2 -4 -5 -6 -7
leaf_value=0.021166585537818482 -0.0063415010933707376 -0.0020537329286397271 0.022076354585744886 -0.0080571342372484332 0.01127054067334427 -0.038379627264027313
leaf_weight=52.44645930826664 54.448210477828979 353.89213818311691 20.689520850777626 17.85271891951561 14.903075754642485 14.175559148192404
leaf_count=213 219 1434 84 72 60 57
internal_value=-4.86181e-05 0.00170624 -0.000610772 0.0137275 -0.00921666 -0.013859
internal_weight=528.408 444.881 374.582 70.2992 83.5268 68.6238
internal_count=2139 1803 1518 285 336 276
is_linear=0
shrinkage=0.04


Tree=46
num_leaves=8
num_cat=0
split_feature=47 43 70 70 105 80 62
split_gain=5.25141 7.50629 10.3593 8.67788 7.38384 8.67062 4.10564
threshold=-0.69692068469294222 -0.30154409865641058 -0.45397359706421536 -0.78807378957040786 0.1500870926046293 0.40192544270443964 0.032008667752819721
decision_type=2 2 2 2 2 2 2
left_child=4 3 -3 -2 5 -1 -6
right_child=1 2 -4 -5 6 -7 -8
leaf_value=0.030584951742271074 0.010736091658362697 -0.010006020957184404 0.0062258720605562635 -0.013867168779534334 0.008645356647269755 -0.0096005875351228322 -0.019534641156382718
leaf_weight=30.981442108750343 26.885251969099045 84.367432609200478 229.9564997702837 116.15755525231361 15.306675344705583 10.537348747253416 14.087000072002409
leaf_count=126 109 341 931 470 62 43 57
internal_value=-4.66177e-05 -0.00162933 0.00183336 -0.00915865 0.00992613 0.0204135 -0.00524409
internal_weight=528.279 457.367 314.324 143.043 70.9125 41.5188 29.3937
internal_count=2139 1851 1272 579 288 169 119
is_linear=0
shrinkage=0.04


Tree=47
num_leaves=8
num_cat=0
split_feature=92 79 89 109 51 41 92
split_gain=5.1603 8.7122 10.5135 8.5073 10.6511 8.06429 3.26501
threshold=-0.76532070576980915 0.55423079652451024 0.66279386065869161 0.73185618008624187 -0.50849719288197759 0.78931921009549944 -1.1928784103380885
decision_type=2 2 2 2 2 2 2
left_child=1 2 -1 5 -5 -2 -3
right_child=3 6 -4 4 -6 -7 -8
leaf_value=0.0066343401994430054 0.0028324182029249522 0.0023807942012695495 0.043246388484185876 -0.030681626163748629 -0.0012235268655693659 -0.016613594880127883 -0.027043096671163433
leaf_weight=55.970779269933701 320.8523047119379 11.134641498327257 14.565528556704519 31.878785461187363 47.135840520262718 36.15759052336216 10.447888568043707
leaf_count=228 1297 45 60 130 191 146 42
internal_value=-4.41742e-05 0.00845355 0.0151786 -0.00186989 -0.0135726 0.000781366 -0.0129485
internal_weight=528.143 92.1188 70.5363 436.025 79.0146 357.01 21.5825
internal_count=2139 375 288 1764 321 1443 87
is_linear=0
shrinkage=0.04


Tree=48
num_leaves=5
num_cat=0
split_feature=62 93 99 50
split_gain=5.2311 5.75767 5.90121 4.87215
threshold=-1.4360708926003776 -1.3984158603520347 1.3214102427657239 0.12219704967228821
decision_type=2 2 2 2
left_child=-1 3 -3 -2
right_child=1 2 -4 -5
leaf_value=-0.023058992078629843 -0.00069352112892337328 -0.0013236458752015105 0.018664455399902247 0.034534497298369299
leaf_weight=13.347110122442244 11.010901331901552 468.33518952131271 22.883846417069435 12.38943214714527
leaf_count=54 45 1896 93 51
internal_value=-4.54637e-05 0.000638371 -0.000320575 0.0192087
internal_weight=527.966 514.619 491.219 23.4003
internal_count=2139 2085 1989 96
is_linear=0
shrinkage=0.04


Tree=49
num_leaves=4
num_cat=0
split_feature=69 86 106
split_gain=5.21668 5.78048 6.61108
threshold=1.7032171494749815 -1.8579205287096958 0.43959139042759582
decision_type=2 2 2
left_child=1 -1 -3
right_child=-2 2 -4
leaf_value=0.023005036599101272 -0.020361120381910056 0.0027569898733210037 -0.0075655984051594119
leaf_weight=15.990479320287703 17.471012145280838 359.61044253408909 134.83291275799274
leaf_count=66 72 1455 546
internal_value=-3.93401e-05 0.000732983 -7.70814e-05
internal_weight=527.905 510.434 494.443
internal_count=2139 2067 2001
is_linear=0
shrinkage=0.04


Tree=50
num_leaves=8
num_cat=0
split_feature=33 87 93 91 91 5 71
split_gain=5.17061 10.8332 8.93231 7.60063 8.71694 8.34061 6.70473
threshold=0.54369819510906081 0.43486677536189317 -0.68140659113119573 0.84851029532676392 1.0774556398773687 0.53877374307274961 -0.25714759011386207
decision_type=2 2 2 2 2 2 2
left_child=3 2 -2 5 -5 -1 -3
right_child=1 6 -4 4 -6 -7 -8
leaf_value=0.0020742456620645787 0.0070238725213626566 -0.010318380911142349 -0.02002470214345501 -0.032796464481731284 0.005598749023090867 0.023519897401015528 0.027328471076115381
leaf_weight=334.16848291456699 25.095992594957352 10.630145117640497 74.385784909129143 18.23903651535511 16.824228018522263 29.838095471262932 18.552889540791512
leaf_count=1352 102 43 300 76 69 122 75
internal_value=-3.80933e-05 -0.00694852 -0.0131973 0.00221345 -0.0150655 0.00395109 0.013833
internal_weight=527.735 128.665 99.4818 399.07 35.0633 364.007 29.183
internal_count=2139 520 402 1619 145 1474 118
is_linear=0
shrinkage=0.04


Tree=51
num_leaves=8
num_cat=0
split_feature=57 63 66 40 25 66 51
split_gain=5.0647 10.3329 9.35884 8.77323 8.31558 10.6573 3.66302
threshold=0.0090626189972804663 -0.07344679492264318 -0.074627201483732045 -0.26514692565156639 -0.81395608228926697 0.71664909787441633 -0.40961022448896628
decision_type=2 2 2 2 2 2 2
left_child=4 2 -2 -3 6 -6 -1
right_child=1 3 -4 -5 5 -7 -8
leaf_value=0.039295921742125574 0.0076311903189940104 0.0020680132512841238 -0.010773893853622176 -0.026407649015625978 0.0070706982854230119 -0.010943773464545717 0.010610483773191706
leaf_weight=11.126137077808382 121.19360128045082 26.248505383729935 66.957886531949043 47.331890359520912 157.92468988895416 76.273436635732651 20.428135648369789
leaf_count=45 492 106 270 191 639 313 83
internal_value=-3.62666e-05 -0.00397052 0.0010369 -0.0164635 0.00383918 0.00116077 0.0224644
internal_weight=527.484 261.732 188.151 73.5804 265.752 234.198 31.5543
internal_count=2139 1059 762 297 1080 952 128
is_linear=0
shrinkage=0.04


Tree=52
num_leaves=5
num_cat=0
split_feature=65 7 44 33
split_gain=4.86061 6.84702 6.432 5.9333
threshold=-0.98377116943920928 -0.33733382916124977 8.3692493001051123 0.54369819510906081
decision_type=2 2 2 2
left_child=1 -1 3 -2
right_child=2 -3 -4 -5
leaf_value=-0.005882810799430818 0.00077026546093153514 0.034578224056613587 0.027077115487317428 -0.0096318843834157196
leaf_weight=11.211386397480966 380.39089602231979 12.940991804003714 10.818833872675894 111.93921276926994
leaf_count=46 1544 53 44 452
internal_value=-3.1923e-05 0.0167829 -0.000902327 -0.00162423
internal_weight=527.301 24.1524 503.149 492.33
internal_count=2139 99 2040 1996
is_linear=0
shrinkage=0.04


Tree=53
num_leaves=8
num_cat=0
split_feature=45 8 57 39 69 41 104
split_gain=4.82929 8.511 7.28994 6.70576 7.86414 6.61551 4.77406
threshold=1.584678996925023 -0.28096782287290761 1.0000000180025095e-35 -0.8304047066137521 0.084344091406123728 0.73998116899219413 0.062994897400397307
decision_type=2 2 2 2 2 2 2
left_child=3 6 -3 4 -1 -5 -2
right_child=1 2 -4 5 -6 -7 -8
leaf_value=0.030296775974087677 0.044491897398718873 0.014178716905205 -0.021208618513506465 -0.0010417303987237325 -0.0067091606637280279 -0.017013435846331911 0.0080225363042050468
leaf_weight=19.956546813249588 11.647914662957193 18.128512591123581 15.365181073546408 391.14129419624805 14.752215683460234 44.463082864880562 11.770772218704222
leaf_count=81 48 74 62 1586 60 180 48
internal_value=-2.34711e-05 0.0107754 -0.00233549 -0.00137033 0.0150596 -0.0027423 0.0282351
internal_weight=527.226 56.9124 33.4937 470.313 34.7088 435.604 23.4187
internal_count=2139 232 136 1907 141 1766 96
is_linear=0
shrinkage=0.04


Tree=54
num_leaves=5
num_cat=0
split_feature=69 79 105 28
split_gain=4.78755 5.51117 12.749 10.2764
threshold=1.7032171494749815 0.40702584703303407 -0.48159442458909013 0.75996793318545952
decision_type=2 2 2 2
left_child=1 3 -3 -1
right_child=-2 2 -4 -5
leaf_value=0.0069455122161482079 -0.019516256170426866 0.017557095139893109 -0.010343670236471396 -0.010703028238693362
leaf_weight=278.38040190935135 17.40565687417984 30.346372708678246 137.8837633728981 63.161465510725975
leaf_count=1130 72 123 558 256
internal_value=-1.46802e-05 0.000724849 -0.00516362 0.00363845
internal_weight=527.178 509.772 168.23 341.542
internal_count=2139 2067 681 1386
is_linear=0
shrinkage=0.04


Tree=55
num_leaves=4
num_cat=0
split_feature=57 15 64
split_gain=4.76621 6.57949 7.97173
threshold=1.3256081323549684 1.1187465642253771 -0.12510972019024227
decision_type=2 2 2
left_child=1 2 -1
right_child=-2 -3 -4
leaf_value=0.0080589312358835957 -0.018610678004262981 -0.021282237257391475 -0.002377537928696145
leaf_weight=189.66333425045013 19.176839992403984 18.802018105983734 299.36224754154682
leaf_count=773 78 76 1212
internal_value=-1.64977e-05 0.000755918 0.00168647
internal_weight=527.004 507.828 489.026
internal_count=2139 2061 1985
is_linear=0
shrinkage=0.04


Tree=56
num_leaves=7
num_cat=0
split_feature=57 63 76 66 72 76
split_gain=4.76241 9.47437 9.36859 8.56944 8.56279 8.05647
threshold=0.0090626189972804663 -0.07344679492264318 2.0556944882007451 0.67176305628661337 -0.6955704544445972 0.27859528799972239
decision_type=2 2 2 2 2 2
left_child=2 4 3 -1 -2 -3
right_child=1 5 -4 -5 -6 -7
leaf_value=0.0074252571423058869 -0.017027019878632834 -0.0086710548326642389 0.033456301124127737 -0.0077630411545771185 0.0049230664909026877 -0.041051802622589569
leaf_weight=159.2301005423069 32.721223160624504 59.44686983525753 13.968014299869536 92.214213818311691 155.19267047941685 14.100894317030905
leaf_count=645 132 240 57 378 630 57
internal_value=-2.0973e-05 -0.00383778 0.00373961 0.00183782 0.000961862 -0.0158017
internal_weight=526.874 261.462 265.412 251.444 187.914 73.5478
internal_count=2139 1059 1080 1023 762 297
is_linear=0
shrinkage=0.04


Tree=57
num_leaves=8
num_cat=0
split_feature=83 108 18 62 36 85 61
split_gain=4.7238 6.96068 10.9918 8.61337 6.26184 6.45712 4.42945
threshold=-0.63832153837782435 -0.64604195804100362 0.69153618761701496 -0.66145617273553581 0.45830597156023883 0.069524633329672167 0.29463387367808375
decision_type=2 2 2 2 2 2 2
left_child=4 3 -3 -2 5 -1 -6
right_child=1 2 -4 -5 6 -7 -8
leaf_value=0.0028813016628506999 -0.017955910254623151 -0.0024826708292613052 -0.034965035238252944 0.012961416577568621 -0.019518455473414704 0.033645061521735679 0.012022098354568777
leaf_weight=21.778533309698105 15.543158963322638 344.9069157987833 15.544162452220915 83.043789565563202 14.146021023392679 20.747103467583656 10.958432018756865
leaf_count=88 63 1401 63 339 57 84 44
internal_value=-2.44395e-05 -0.00149099 -0.00406865 0.00782691 0.00968666 0.0187272 -0.0058794
internal_weight=526.668 459.038 360.451 98.5869 67.6301 42.5256 25.1045
internal_count=2139 1866 1464 402 273 172 101
is_linear=0
shrinkage=0.04


Tree=58
num_leaves=5
num_cat=0
split_feature=101 108 78 36
split_gain=4.76785 6.12458 6.3828 6.19108
threshold=1.6454453509328399 1.2856943204104685 2.2575565297579305 -0.8227145405822196
decision_type=2 2 2 2
left_child=1 2 -1 -3
right_child=-2 3 -4 -5
leaf_value=-0.00050329167058562468 0.021699770252003554 0.0079455078457921786 0.021969080875180551 -0.027982053076546585
leaf_weight=461.21710155904293 13.68510229885578 10.126647263765333 19.146555915474892 22.357161536812782
leaf_count=1872 57 41 78 91
internal_value=-2.53737e-05 -0.000687143 0.000479798 -0.0169706
internal_weight=526.533 512.847 480.364 32.4838
internal_count=2139 2082 1950 132
is_linear=0
shrinkage=0.04


Tree=59
num_leaves=8
num_cat=0
split_feature=47 81 44 44 36 79 81
split_gain=4.65401 10.9871 9.58098 7.15099 5.61366 4.7438 2.47566
threshold=-0.69692068469294222 -0.35195049991683258 0.61804045055430856 -4.340982471951869 -1.3966979278825531 0.19809100428634316 -0.75736457893355069
decision_type=2 2 2 2 2 2 2
left_child=1 6 -3 5 -5 -2 -1
right_child=3 2 -4 4 -6 -7 -8
leaf_value=0.014167193455536501 0.00051350469329445095 -0.010398221013209728 0.02949173887423168 0.021470877781700603 -0.0034540527353018845 0.038117175371342536 0.044989980309317813
leaf_weight=10.242848664522173 9.9822743237018603 39.167742878198624 10.579678654670714 12.990196883678435 423.11236207187176 9.7523477822542173 10.558542042970656
leaf_count=42 41 159 43 53 1717 40 44
internal_value=-2.08331e-05 0.00939203 -0.00110295 -0.0015123 -0.00261699 0.0208938 0.0323864
internal_weight=526.386 70.5488 49.7474 455.837 436.103 19.7346 20.8014
internal_count=2139 288 202 1851 1770 81 86
is_linear=0
shrinkage=0.04


Tree=60
num_leaves=5
num_cat=0
split_feature=62 68 90 66
split_gain=4.60541 5.27092 8.79897 8.5845
threshold=-1.4360708926003776 -1.0959068238641752 -0.068751120780925795 1.2857038420304363
decision_type=2 2 2 2
left_child=-1 2 -2 -3
right_child=1 3 -4 -5
leaf_value=-0.021650115914835063 0.032457560890416154 0.0010893952226025433 -0.0039046136138838343 -0.018050860775555046
leaf_weight=13.267049714922903 19.101069808006287 434.15456973016262 20.722618207335472 39.020031690597534
leaf_count=54 78 1761 84 162
internal_value=6.259e-07 0.000642457 0.0142543 -0.000558326
internal_weight=526.265 512.998 39.8237 473.175
internal_count=2139 2085 162 1923
is_linear=0
shrinkage=0.04


Tree=61
num_leaves=7
num_cat=0
split_feature=57 51 107 76 93 77
split_gain=4.55689 8.49301 12.259 8.48671 8.17833 8.07071
threshold=0.0090626189972804663 -0.67731366928647818 -0.25967148137123369 2.0556944882007451 0.31870203478853515 0.55242742919476562
decision_type=2 2 2 2 2 2
left_child=3 2 -2 5 -3 -1
right_child=1 4 -4 -5 -6 -7
leaf_value=0.0057429599711439636 0.01203105196215816 -0.0063284712957248799 -0.037943898225641044 0.032043073739804237 0.0094876388801870895 -0.01118030281430037
leaf_weight=194.48533834517002 10.456328287720678 150.99698559939861 22.222860589623451 13.884798824787138 77.502563685178757 56.557100221514702
leaf_count=792 42 613 90 57 314 231
internal_value=-8.96299e-07 -0.00373584 -0.0221818 0.0036816 -0.000928181 0.0018721
internal_weight=526.106 261.179 32.6792 264.927 228.5 251.042
internal_count=2139 1059 132 1080 927 1023
is_linear=0
shrinkage=0.04


Tree=62
num_leaves=8
num_cat=0
split_feature=92 87 106 24 100 93 79
split_gain=4.51865 9.42914 8.99691 8.64812 8.18797 10.7697 8.46853
threshold=0.57091803283626519 0.41385294900663494 0.43959139042759582 -0.58388652344479075 0.24399829036252818 0.46141172907621975 0.47433705111286811
decision_type=2 2 2 2 2 2 2
left_child=1 2 -1 -3 5 -2 -6
right_child=4 3 -4 -5 6 -7 -8
leaf_value=0.0026516424633816235 0.015340755695671187 -0.01023167521819064 -0.011957381230658442 0.018761885236231349 -0.034279943472716429 -0.016985020508576937 0.0070880726424018608
leaf_weight=241.00931319594383 35.435141503810883 19.492505833506584 91.396693095564842 75.766678914427757 25.068441554903984 27.480832502245903 10.343296959996222
leaf_count=981 144 79 372 308 102 111 42
internal_value=-2.35857e-07 0.0017845 -0.00141267 0.0127406 -0.00764359 0.00113302 -0.0224639
internal_weight=525.993 427.665 332.406 95.2592 98.3277 62.916 35.4117
internal_count=2139 1740 1353 387 399 255 144
is_linear=0
shrinkage=0.04


Tree=63
num_leaves=7
num_cat=0
split_feature=92 79 89 67 18 34
split_gain=4.43832 8.15649 9.77847 7.47593 7.15224 4.12601
threshold=-0.76532070576980915 0.55423079652451024 0.66279386065869161 -0.87411093186941702 0.66489746492592261 -0.51432312398872893
decision_type=2 2 2 2 2 2
left_child=1 2 -1 -2 -5 -3
right_child=3 5 -4 4 -6 -7
leaf_value=0.006199171883002709 0.021467352605663067 0.003582336669421652 0.04165111503543957 -0.0012070908427724463 -0.01942434363147446 -0.029380821876675216
leaf_weight=55.662988483905792 19.230021327733994 11.610227495431902 14.404486358165739 379.03674529492855 35.973102673888206 9.9181132614612562
leaf_count=228 78 47 60 1540 146 40
internal_value=-4.69053e-06 0.00789908 0.014441 -0.00170043 -0.00287175 -0.0128104
internal_weight=525.836 91.5958 70.0675 434.24 415.01 21.5283
internal_count=2139 375 288 1764 1686 87
is_linear=0
shrinkage=0.04


Tree=64
num_leaves=6
num_cat=0
split_feature=65 7 26 81 69
split_gain=4.45288 6.40145 5.06087 8.80563 5.9483
threshold=-0.98377116943920928 -0.33733382916124977 -0.52930373897888683 0.66602763006778265 1.4432610720081378
decision_type=2 2 2 2 2
left_child=1 -1 4 -4 -2
right_child=2 -3 3 -5 -6
leaf_value=-0.0057791429316541134 0.0094735815781445305 0.033416632490044437 -0.00043979596459930173 -0.016996576052440895 -0.017949617484102873
leaf_weight=11.180635660886766 105.82457026839256 12.844100311398504 324.29885302484035 59.101141020655632 12.473102822899817
leaf_count=46 429 53 1318 241 52
internal_value=-8.52415e-07 0.0161334 -0.000834463 -0.00306698 0.00633178
internal_weight=525.722 24.0247 501.698 383.4 118.298
internal_count=2139 99 2040 1559 481
is_linear=0
shrinkage=0.04


Tree=65
num_leaves=8
num_cat=0
split_feature=47 81 44 44 69 79 106
split_gain=4.44068 10.3116 8.97747 6.70086 5.70186 4.3954 2.46926
threshold=-0.69692068469294222 -0.35195049991683258 0.46159256023490253 -4.340982471951869 1.7032171494749815 0.19809100428634316 -0.33767707177864187
decision_type=2 2 2 2 2 2 2
left_child=1 6 -3 5 -5 -2 -1
right_child=3 2 -4 4 -6 -7 -8
leaf_value=0.012795931636392508 0.00058916488493431104 -0.011356038110656297 0.024749193800147042 -0.0016816872503688501 -0.027451938948664642 0.036853105113265457 0.043447426328185504
leaf_weight=9.6423194110393542 9.9518239498138445 36.151423722505569 13.496318653225897 423.37588626146317 12.216107591986654 9.7273936271667463 11.047345340251921
leaf_count=40 41 147 55 1719 51 40 46
internal_value=-4.85562e-07 0.00920852 -0.000962823 -0.00145729 -0.00252657 0.0202605 0.0315495
internal_weight=525.609 70.3374 49.6477 455.271 435.592 19.6792 20.6897
internal_count=2139 288 202 1851 1770 81 86
is_linear=0
shrinkage=0.04


Tree=66
num_leaves=8
num_cat=0
split_feature=45 8 36 13 69 13 104
split_gain=4.38424 7.43547 7.22523 5.81208 7.1935 5.81462 4.45926
threshold=1.584678996925023 -0.28096782287290761 -0.12579223198839892 -0.84393341131138999 0.084344091406123728 -0.53334953125256634 0.062994897400397307
decision_type=2 2 2 2 2 2 2
left_child=3 6 -3 4 -1 -5 -2
right_child=1 2 -4 5 -6 -7 -8
leaf_value=0.028696986465250724 0.042505847531653339 0.013393194746419368 -0.022144154142043907 -0.014294174140383293 -0.0067354126822747164 -0.00073134311640926848 0.0072572391310030543
leaf_weight=19.825420036911964 11.520281046628954 19.370206862688065 14.030115976929663 56.438104182481766 14.716561853885649 377.82958909869194 11.710650146007536
leaf_count=81 48 79 57 229 60 1537 48
internal_value=1.14802e-05 0.0103261 -0.0019423 -0.00127308 0.0140586 -0.00255144 0.0267209
internal_weight=525.441 56.6313 33.4003 468.81 34.542 434.268 23.2309
internal_count=2139 232 136 1907 141 1766 96
is_linear=0
shrinkage=0.04


Tree=67
num_leaves=5
num_cat=0
split_feature=46 57 41 63
split_gain=4.31085 5.68597 6.67653 3.64022
threshold=-4.1511940093444695 1.3256081323549684 0.73998116899219413 -0.07344679492264318
decision_type=2 2 2 2
left_child=3 2 -2 -1
right_child=1 -3 -4 -5
leaf_value=0.031912594223518838 0.0017808124206288203 -0.021574065825373238 -0.01287279331273105 0.000597014066810784
leaf_weight=10.195133596658708 431.02696122229099 18.174934133887291 54.206067487597466 11.729329869151114
leaf_count=42 1755 74 220 48
internal_value=1.84519e-05 -0.000766994 9.77165e-05 0.0166096
internal_weight=525.332 503.408 485.233 21.9245
internal_count=2139 2049 1975 90
is_linear=0
shrinkage=0.04


Tree=68
num_leaves=7
num_cat=0
split_feature=83 100 108 18 62 105
split_gain=4.23715 6.71571 6.33075 9.90803 7.71368 4.56578
threshold=-0.63832153837782435 0.7928201394284965 -0.64604195804100362 0.69153618761701496 -0.66145617273553581 0.34792689515489378
decision_type=2 2 2 2 2 2
left_child=1 5 4 -4 -2 -1
right_child=2 -3 3 -5 -6 -7
leaf_value=0.0085183248006789111 -0.016896909432533764 -0.012005087407619627 -0.0023264931040672711 -0.033193467463337137 0.012393410013886498 0.03554106158323566
leaf_weight=38.506662666797638 15.513714477419851 16.41366483271122 344.00423046946526 15.513117730617521 82.781283602118492 12.542544886469839
leaf_count=156 63 66 1401 63 339 51
internal_value=1.77379e-05 0.00922577 -0.00137338 -0.00383466 0.00752581 0.0162473
internal_weight=525.275 67.4629 457.812 359.517 98.295 51.0492
internal_count=2139 273 1866 1464 402 207
is_linear=0
shrinkage=0.04


Tree=69
num_leaves=4
num_cat=0
split_feature=101 57 108
split_gain=4.26812 5.71159 6.04992
threshold=1.6454453509328399 1.3256081323549684 1.2856943204104685
decision_type=2 2 2
left_child=1 2 -1
right_child=-2 -3 -4
leaf_value=0.0014133933239875885 0.020667498326165882 -0.022151010030115818 -0.015986259367779743
leaf_weight=462.29522776603699 13.541764363646505 16.965794742107391 32.338382378220558
leaf_count=1881 57 69 132
internal_value=1.5911e-05 -0.000609078 0.000216033
internal_weight=525.141 511.599 494.634
internal_count=2139 2082 2013
is_linear=0
shrinkage=0.04


Tree=70
num_leaves=8
num_cat=0
split_feature=47 81 44 43 70 78 106
split_gain=4.17491 9.7346 8.37913 6.56423 9.91588 9.22618 2.34577
threshold=-0.69692068469294222 -0.35195049991683258 0.61804045055430856 -0.296104116269924 -0.45397359706421536 0.27879463282941125 -0.33767707177864187
decision_type=2 2 2 2 2 2 2
left_child=1 6 -3 5 -5 -2 -1
right_child=3 2 -4 4 -6 -7 -8
leaf_value=0.01244392395699544 -0.0013282145502524244 -0.0096197893700354139 0.027775147912908818 -0.0097706007290411599 0.0062008046474419012 -0.022746980418014304 0.042375773445082018
leaf_weight=9.6163976937532443 98.096380561590195 39.068072661757469 10.508949384093283 83.399186715483665 227.28963427245617 46.082934185862541 10.959312304854391
leaf_count=40 399 159 43 339 925 188 46
internal_value=1.28534e-05 0.00895442 -0.00092344 -0.00139934 0.00187848 -0.00839169 0.0307284
internal_weight=525.021 70.1527 49.577 454.868 310.689 144.179 20.5757
internal_count=2139 288 202 1851 1264 587 86
is_linear=0
shrinkage=0.04


Tree=71
num_leaves=7
num_cat=0
split_feature=57 63 40 72 76 80
split_gain=4.25218 8.7134 9.09446 8.36508 7.98895 7.71418
threshold=0.0090626189972804663 -0.022235699971363741 -0.26514692565156639 -0.6955704544445972 2.0556944882007451 -0.73879905094109521
decision_type=2 2 2 2 2 2
left_child=4 3 -3 -2 5 -1
right_child=1 2 -4 -5 -6 -7
leaf_value=-0.017028908067076989 -0.016983673891380321 0.0030731190399079945 -0.027237966275631388 0.0044704087968994019 0.031159523818252401 0.0043859049206104121
leaf_weight=28.610204815864563 33.34832751750946 24.647773042321205 40.513760656118393 161.99804489314556 13.815679833292959 221.89405958354473
leaf_count=117 135 100 164 660 57 906
internal_value=1.94105e-05 -0.00359343 -0.0160225 0.000672897 0.00358039 0.0018246
internal_weight=524.828 260.508 65.1615 195.346 264.32 250.504
internal_count=2139 1059 264 795 1080 1023
is_linear=0
shrinkage=0.04


Tree=72
num_leaves=5
num_cat=0
split_feature=62 93 68 47
split_gain=4.14251 5.14137 6.24572 4.08872
threshold=-1.4360708926003776 -1.3984158603520347 -1.1176978194960896 -0.038011749014971084
decision_type=2 2 2 2
left_child=-1 3 -3 -2
right_child=1 2 -4 -5
leaf_value=-0.020562594677065716 0.035118574943338067 0.015483138501676475 -0.0015686378231013582 0.00243190042864998
leaf_weight=13.201469391584395 10.032870292663576 35.176488906145096 453.15714672207832 13.123745933175085
leaf_count=54 42 144 1845 54
internal_value=1.5962e-05 0.000625112 -0.000282192 0.0182599
internal_weight=524.692 511.49 488.334 23.1566
internal_count=2139 2085 1989 96
is_linear=0
shrinkage=0.04


Tree=73
num_leaves=8
num_cat=0
split_feature=92 87 82 24 100 93 36
split_gain=4.19123 8.70084 10.6695 7.98609 7.56462 9.93146 7.44138
threshold=0.57091803283626519 0.41385294900663494 -0.11411166830439087 -0.58388652344479075 0.24399829036252818 0.46141172907621975 0.35508654068366846
decision_type=2 2 2 2 2 2 2
left_child=1 2 -1 -3 5 -2 -6
right_child=4 3 -4 -5 6 -7 -8
leaf_value=0.0064917074537724139 0.014758325467600083 -0.0098028079740754542 -0.0078352910300960709 0.01807687096989561 -0.033446565864100206 -0.016320345558304243 0.0046815507918590597
leaf_weight=150.43227544426918 35.328428387641907 19.477548643946648 181.11141602694988 75.545321196317673 23.966552749276161 27.423643693327904 11.312443673610685
leaf_count=615 144 79 738 308 98 111 46
internal_value=2.00968e-05 0.00174081 -0.00133471 0.0122779 -0.0073524 0.00109187 -0.0216253
internal_weight=524.598 426.567 331.544 95.0229 98.0311 62.7521 35.279
internal_count=2139 1740 1353 387 399 255 144
is_linear=0
shrinkage=0.04


Tree=74
num_leaves=4
num_cat=0
split_feature=32 30 57
split_gain=4.10882 5.87284 5.73534
threshold=1.5046172847932535 1.2237127334003237 -0.062710782924355668
decision_type=2 2 2
left_child=1 2 -1
right_child=-2 -3 -4
leaf_value=0.0042222063835281225 -0.023284780872748337 0.021658179295163293 -0.0043569671707011873
leaf_weight=234.03395104408264 9.8376539051532728 18.262123018503189 262.28185011446476
leaf_count=958 40 74 1067
internal_value=1.58054e-05 0.000549689 -0.000310814
internal_weight=524.416 514.578 496.316
internal_count=2139 2099 2025
is_linear=0
shrinkage=0.04


Tree=75
num_leaves=6
num_cat=0
split_feature=63 63 91 56 59
split_gain=4.17022 7.90796 7.59623 6.19455 5.60918
threshold=1.6436418895351588 1.1813681000959568 0.86822244874862087 -0.08709072351709797 0.25825224081428172
decision_type=2 2 2 2 2
left_child=1 2 -1 -3 -2
right_child=4 3 -4 -5 -6
leaf_value=0.00075037971213262177 -0.030766845466878454 0.033414720866571275 -0.020940955313322743 -0.0019960203271296262 0.0064221662239949137
leaf_weight=444.33603101968765 13.647095233201982 18.350027456879619 25.419280976057053 12.573320418596266 10.087749287486075
leaf_count=1806 60 75 105 51 42
internal_value=1.49221e-05 0.000818888 -0.000507179 0.0197702 -0.0156901
internal_weight=524.414 500.679 469.755 30.9233 23.7348
internal_count=2139 2037 1911 126 102
is_linear=0
shrinkage=0.04


Tree=76
num_leaves=6
num_cat=0
split_feature=35 57 8 96 88
split_gain=4.11418 5.67615 6.36793 5.01948 7.30312
threshold=0.72042895247455607 1.3256081323549684 -0.98114514666686536 0.66880447370346852 0.14807983401573127
decision_type=2 2 2 2 2
left_child=1 2 -1 4 -2
right_child=3 -3 -4 -5 -6
leaf_value=0.016325640397276256 -0.012957106521651758 -0.019933459451093691 0.00076919792472331908 -0.029652068372609447 0.013030435972985015
leaf_weight=45.40022586286068 45.475150972604752 16.849208772182465 378.79051785171032 12.345219925045965 25.314168497920036
leaf_count=186 184 69 1548 50 102
internal_value=1.22048e-05 0.00155971 0.00250297 -0.00804128 -0.00356131
internal_weight=524.174 441.04 424.191 83.1345 70.7893
internal_count=2139 1803 1734 336 286
is_linear=0
shrinkage=0.04


Tree=77
num_leaves=7
num_cat=0
split_feature=92 25 1 108 67 25
split_gain=4.09588 7.70332 8.90028 7.63176 6.82923 6.48455
threshold=-0.76532070576980915 -0.62643799034913383 0.20605767407100509 0.3531932966275636 -0.87411093186941702 -0.81395608228926697
decision_type=2 2 2 2 2 2
left_child=1 3 -3 -1 -2 -6
right_child=4 2 -4 -5 5 -7
leaf_value=-0.034986549403758387 0.020552044579901813 0.0031380998154692495 0.032397694227415889 0.010396148580897342 0.010569005016718338 -0.0046027959652092613
leaf_weight=10.067782536149027 19.165966168045998 46.59746903181076 24.301416710019112 10.269287690520285 49.485448986291885 364.19665233790874
leaf_count=41 78 192 100 42 201 1485
internal_value=6.80045e-06 0.00761458 0.0137809 -0.0131914 -0.00162442 -0.0027458
internal_weight=524.084 91.236 70.8989 20.3371 432.848 413.682
internal_count=2139 375 292 83 1764 1686
is_linear=0
shrinkage=0.04


Tree=78
num_leaves=8
num_cat=0
split_feature=79 25 63 92 87 100 79
split_gain=4.07283 10.1446 9.99187 8.63011 9.12212 8.89594 7.35659
threshold=0.40702584703303407 -0.81395608228926697 -0.55294719766149469 0.57091803283626519 0.40570701211663401 0.24399829036252818 0.578021184632172
decision_type=2 2 2 2 2 2 2
left_child=3 2 -2 4 -1 -5 -3
right_child=1 6 -4 5 -6 -7 -8
leaf_value=0.0013462055405160935 -0.019874097943675395 -0.021200256293132744 0.02300740806344579 0.0010944537685527718 0.017804141792199451 -0.029262434283359642 -0.0019605065758486534
leaf_weight=224.31114956736565 10.133797258138655 55.985152080655098 30.583783164620399 39.010798543691635 69.081446632742882 23.420298054814339 71.414948865771294
leaf_count=918 41 227 125 159 282 96 291
internal_value=1.23961e-05 -0.00508301 0.0119042 0.0024348 0.00531566 -0.0108484 -0.0106123
internal_weight=523.941 168.118 40.7176 355.824 293.393 62.4311 127.4
internal_count=2139 684 166 1455 1200 255 518
is_linear=0
shrinkage=0.04


Tree=79
num_leaves=4
num_cat=0
split_feature=46 81 71
split_gain=4.04886 4.13727 4.67802
threshold=-7.9711351853106835 1.4430641057331479 -0.83250288689615892
decision_type=2 2 2
left_child=-1 2 -2
right_child=1 -3 -4
leaf_value=0.022176403764992934 0.013569187448859203 -0.017860824265486599 -0.00092973031783196304
leaf_weight=10.860255807638167 36.598968401551247 19.172737970948219 457.08690114319324
leaf_count=45 150 79 1865
internal_value=7.53502e-06 -0.000546233 0.000195546
internal_weight=523.719 512.859 493.686
internal_count=2139 2094 2015
is_linear=0
shrinkage=0.04


Tree=80
num_leaves=5
num_cat=0
split_feature=65 7 44 26
split_gain=4.03711 6.15093 5.89352 5.24978
threshold=-0.98377116943920928 -0.33733382916124977 8.3692493001051123 -0.52930373897888683
decision_type=2 2 2 2
left_child=1 -1 3 -2
right_child=2 -3 -4 -5
leaf_value=-0.0060421539424366545 0.0059009189997732926 0.032459661610632067 0.026106358272744858 -0.0037832224827824292
leaf_weight=11.116934552788736 115.71352738142014 12.72384290397167 10.715985476970671 373.36223630607128
leaf_count=46 472 53 44 1524
internal_value=9.8617e-06 0.0154282 -0.000784175 -0.00147729
internal_weight=523.633 23.8408 499.792 489.076
internal_count=2139 99 2040 1996
is_linear=0
shrinkage=0.04


Tree=81
num_leaves=8
num_cat=0
split_feature=47 81 44 44 69 79 81
split_gain=4.10565 9.11041 7.77822 6.08176 5.17146 4.21168 2.29375
threshold=-0.69692068469294222 -0.35195049991683258 0.61804045055430856 -4.340982471951869 1.7032171494749815 0.19809100428634316 -0.75736457893355069
decision_type=2 2 2 2 2 2 2
left_child=1 6 -3 5 -5 -2 -1
right_child=3 2 -4 4 -6 -7 -8
leaf_value=0.012712563859261658 0.00014306134536943898 -0.0090622346567371063 0.027035168516192552 -0.0015982888250669191 -0.026226499797667287 0.035652620889242551 0.042230986057314422
leaf_weight=10.140036582946779 9.894835367798807 38.959753900766373 10.456433713436125 422.04914802312851 12.115333929657934 9.6619644612073881 10.312411516904829
leaf_count=42 41 159 43 1719 51 40 44
internal_value=1.78916e-05 0.00890334 -0.000669538 -0.00138345 -0.00240265 0.0193666 0.0300322
internal_weight=523.59 69.8686 49.4162 453.721 434.164 19.5568 20.4524
internal_count=2139 288 202 1851 1770 81 86
is_linear=0
shrinkage=0.04


Tree=82
num_leaves=6
num_cat=0
split_feature=15 106 43 11 95
split_gain=3.9747 5.49956 9.97104 6.6742 3.05206
threshold=1.1187465642253771 -0.78193865952248454 -0.31436777674696698 0.88705860501216927 0.077580409304558659
decision_type=2 2 2 2 2
left_child=1 2 -1 -3 -2
right_child=4 3 -4 -5 -6
leaf_value=-0.0084943700783306209 -0.030434214140440907 -0.0026714002565261649 0.021642902408232984 0.013499318212333609 -0.0002231533319161259
leaf_weight=26.257449239492416 9.8324026614427584 387.64489457011223 46.205706238746643 43.627993017435074 9.8208388835191709
leaf_count=108 40 1583 191 177 40
internal_value=2.96613e-05 0.000748081 0.0107876 -0.000980792 -0.0167526
internal_weight=523.389 503.736 72.4632 431.273 19.6532
internal_count=2139 2059 299 1760 80
is_linear=0
shrinkage=0.04


Tree=83
num_leaves=8
num_cat=0
split_feature=66 101 75 75 109 7 26
split_gain=3.98042 8.5065 6.88618 10.4817 8.14692 4.79969 3.38294
threshold=1.2857038420304363 0.34574743215816123 1.2961980036594671 0.44123529192226535 -0.091815881685230596 0.51610368939395934 -0.37320937964663403
decision_type=2 2 2 2 2 2 2
left_child=2 6 3 -1 -4 -3 -2
right_child=1 5 4 -5 -6 -7 -8
leaf_value=0.0024839728209363494 -0.008939928436815377 -0.0098336009559059565 -0.0020596862007739363 -0.013567175966925624 0.030470699956994595 0.024043216713666715 -0.039827633223434335
leaf_weight=351.10121382772923 11.887922197580339 12.549752891063692 22.675861448049545 77.80882328748703 24.361309841275215 10.616049289703367 12.270411387085913
leaf_count=1431 50 52 93 318 99 44 52
internal_value=2.75604e-05 -0.0107911 0.00114393 -0.000477331 0.0153439 0.00636793 -0.0264739
internal_weight=523.271 47.3241 475.947 428.91 47.0372 23.1658 24.1583
internal_count=2139 198 1941 1749 192 96 102
is_linear=0
shrinkage=0.04


Tree=84
num_leaves=8
num_cat=0
split_feature=45 8 36 81 75 18 49
split_gain=3.97731 6.42283 6.64602 4.99899 10.5456 8.93143 4.04093
threshold=1.584678996925023 -0.28096782287290761 -0.12579223198839892 -0.35195049991683258 -0.5469890650917798 -0.88023366007793002 0.18736407495676358
decision_type=2 2 2 2 2 2 2
left_child=3 6 -3 4 -1 -5 -2
right_child=1 2 -4 5 -6 -7 -8
leaf_value=0.020166905258188744 0.040223578670478204 0.013182909591509889 -0.020964282373304305 0.025983524375381456 -0.002561826101818558 -0.005416749639911257 0.0065633971182172323
leaf_weight=46.628226280212402 11.451201841235163 19.27674388885498 13.972149565815924 13.237904161214827 98.340152353048325 308.62529487907887 11.530712738633154
leaf_count=192 48 79 57 54 402 1259 48
internal_value=2.37866e-05 0.00988322 -0.00154204 -0.0012009 0.00492369 -0.0039728 0.0252128
internal_weight=523.062 56.2308 33.2489 466.832 144.968 321.863 22.9819
internal_count=2139 232 136 1907 594 1313 96
is_linear=0
shrinkage=0.04


Tree=85
num_leaves=6
num_cat=0
split_feature=71 73 104 65 92
split_gain=3.95446 5.18851 8.95537 7.04151 3.08192
threshold=2.9900766170598012 0.245849280806934 -0.3096083957838644 -0.05813060867997915 0.3422059366526457
decision_type=2 2 2 2 2
left_child=1 3 -3 -1 -2
right_child=4 2 -4 -5 -6
leaf_value=0.0026397970597742356 0.025611510922262958 0.015308102577152377 -0.002404677389734349 -0.0094414013118775536 -0.0019885987041896491
leaf_weight=140.14845505356789 14.641882479190828 72.072442099452019 117.940339833498 167.94657239317894 10.151660740375517
leaf_count=573 60 297 483 684 42
internal_value=3.47855e-05 -0.000767435 0.0044033 -0.00396424 0.0150058
internal_weight=522.901 498.108 190.013 308.095 24.7935
internal_count=2139 2037 780 1257 102
is_linear=0
shrinkage=0.04


Tree=86
num_leaves=4
num_cat=0
split_feature=93 36 71
split_gain=3.93491 5.14675 5.0361
threshold=1.4398473354927204 -1.3966979278825531 2.9748310766754944
decision_type=2 2 2
left_child=1 -1 -3
right_child=-2 2 -4
leaf_value=0.025259710197275985 -0.021916954629288266 -0.00097222988948986481 0.017553865524277831
leaf_weight=11.175736889243124 10.745540305972098 478.16658736765385 22.684119045734406
leaf_count=46 45 1955 93
internal_value=3.79999e-05 0.000582236 -6.6681e-05
internal_weight=522.772 512.026 500.851
internal_count=2139 2094 2048
is_linear=0
shrinkage=0.04


Tree=87
num_leaves=5
num_cat=0
split_feature=87 81 51 64
split_gain=3.96422 4.68413 12.5411 5.67679
threshold=-1.6328493124836354 0.65167557022593503 0.28271122835094598 0.72733401541627518
decision_type=2 2 2 2
left_child=-1 3 -3 -2
right_child=1 2 -4 -5
leaf_value=0.017835733412137632 0.0030922681969884104 -0.018651539423580492 0.013362802773719176 -0.0099013338970676962
leaf_weight=17.293505907058716 355.91787596046925 61.552534654736519 26.611662730574608 61.335669919848442
leaf_count=72 1452 254 109 252
internal_value=3.95716e-05 -0.000637246 -0.0089062 0.00114411
internal_weight=522.711 505.418 88.1642 417.254
internal_count=2139 2067 363 1704
is_linear=0
shrinkage=0.04


Tree=88
num_leaves=7
num_cat=0
split_feature=57 63 66 40 64 98
split_gain=3.9616 7.93886 7.23525 7.10326 6.91489 7.10316
threshold=0.0090626189972804663 -0.07344679492264318 -0.074627201483732045 -0.26514692565156639 -1.04475205775562 -0.87060168536601756
decision_type=2 2 2 2 2 2
left_child=4 2 -2 -3 -1 -6
right_child=1 3 -4 -5 5 -7
leaf_value=-0.022906442562711855 0.0067940687555466256 0.0022823027481124712 -0.0094496673361464199 -0.023406915895931336 0.021070385634207149 0.002198678837330572
leaf_weight=13.050794661045073 119.92661665380001 26.033624544739723 66.551302313804626 47.039493292570114 35.628824546933174 214.30589754879475
leaf_count=54 492 106 270 191 147 879
internal_value=3.88717e-05 -0.00345359 0.000958154 -0.0144377 0.00348578 0.0050348
internal_weight=522.537 259.551 186.478 73.0731 262.986 249.935
internal_count=2139 1059 762 297 1080 1026
is_linear=0
shrinkage=0.04


Tree=89
num_leaves=4
num_cat=0
split_feature=32 30 57
split_gain=3.90448 5.17501 5.32812
threshold=1.5046172847932535 1.2237127334003237 1.3256081323549684
decision_type=2 2 2
left_child=1 2 -1
right_child=-2 -3 -4
leaf_value=0.00054364598566803324 -0.022711050664747802 0.020412129486635955 -0.021727298385184605
leaf_weight=478.60741358995438 9.8051468878984434 18.176856160163879 15.825405955314634
leaf_count=1960 40 74 65
internal_value=3.38047e-05 0.00055544 -0.000253846
internal_weight=522.415 512.61 494.433
internal_count=2139 2099 2025
is_linear=0
shrinkage=0.04


Tree=90
num_leaves=8
num_cat=0
split_feature=47 81 59 44 69 79 106
split_gain=3.79657 8.18847 7.71367 5.61464 4.80697 3.9617 2.37806
threshold=-0.69692068469294222 -0.35195049991683258 -0.29877026087211173 -4.340982471951869 1.7032171494749815 0.19809100428634316 -0.33767707177864187
decision_type=2 2 2 2 2 2 2
left_child=1 6 -3 5 -5 -2 -1
right_child=3 2 -4 4 -6 -7 -8
leaf_value=0.010757188679623712 4.6244453318233486e-06 0.015469247625838548 -0.015009529608733457 -0.0015233918235606047 -0.025345954215608337 0.034482263333501156 0.04041638321553425
leaf_weight=9.4933048188686389 9.8571402579545992 23.414129018783569 25.841414079070091 421.3459824770689 12.020296186208723 9.6182204186916334 10.763542264699934
leaf_count=40 41 96 106 1719 51 40 46
internal_value=2.88747e-05 0.00859631 -0.000482857 -0.00131827 -0.00229756 0.0186575 0.0287324
internal_weight=522.354 69.5124 49.2555 452.842 433.366 19.4754 20.2568
internal_count=2139 288 202 1851 1770 81 86
is_linear=0
shrinkage=0.04


Tree=91
num_leaves=6
num_cat=0
split_feature=15 65 98 83 2
split_gain=3.80953 5.45891 7.3535 5.78328 2.00773
threshold=1.1187465642253771 -0.58546945959367569 1.0212746812446347 -0.6901892731351994 1.0823160989282028
decision_type=2 2 2 2 2
left_child=1 2 -1 -3 -2
right_child=4 3 -4 -5 -6
leaf_value=0.014493322067835495 -0.027566071093611859 0.012502762790181716 -0.017163259479413641 -0.0027786540439378791 -0.0025111653964804892
leaf_weight=74.354805320501328 9.7867638021707553 42.310535818338394 12.134323835372923 373.75696283578873 9.8232611715793592
leaf_count=305 40 172 49 1533 40
internal_value=3.69049e-05 0.000741144 0.00976441 -0.00117229 -0.0164093
internal_weight=522.167 502.557 86.4891 416.067 19.61
internal_count=2139 2059 354 1705 80
is_linear=0
shrinkage=0.04


Tree=92
num_leaves=5
num_cat=0
split_feature=92 106 57 59
split_gain=3.78859 5.64556 5.95186 3.0828
threshold=-1.6319034175176395 1.2226439338447013 -0.078516279464570293 0.59720592130356431
decision_type=2 2 2 2
left_child=-1 2 -2 -3
right_child=1 3 -4 -5
leaf_value=0.018256541379927996 0.0053581955810119864 -0.0021559139089468208 -0.0035478230841911873 -0.031483166114060407
leaf_weight=15.638663575053213 211.15539406239986 10.166619330644609 272.9203245639801 12.159645974636076
leaf_count=66 867 42 1113 51
internal_value=3.19821e-05 -0.000600432 0.000343073 -0.0194037
internal_weight=522.041 506.402 484.076 22.3263
internal_count=2139 2073 1980 93
is_linear=0
shrinkage=0.04


Tree=93
num_leaves=7
num_cat=0
split_feature=35 65 50 82 14 75
split_gain=3.73619 5.18639 6.97866 6.69518 5.14848 4.30257
threshold=0.72042895247455607 -0.58546945959367569 -0.086890836192439161 -0.74725462354035055 -0.43116486747427518 -0.15053153478965606
decision_type=2 2 2 2 2 2
left_child=1 2 -1 -3 -2 -6
right_child=4 3 -4 -5 5 -7
leaf_value=0.026169882945967796 -0.027859429782621865 -0.018072618697186509 0.00074723031807486439 0.0012291272714357985 0.0093672625581679696 -0.010571819085438727
leaf_weight=27.764872252941132 14.329431906342505 29.390087783336639 41.466059476137161 340.43113924562931 26.702352210879326 41.88518263399601
leaf_count=114 58 120 171 1398 108 170
internal_value=2.86283e-05 0.00150779 0.0113914 -0.000393764 -0.00765468 -0.00276371
internal_weight=521.969 439.052 69.2309 369.821 82.917 68.5875
internal_count=2139 1803 285 1518 336 278
is_linear=0
shrinkage=0.04


Tree=94
num_leaves=6
num_cat=0
split_feature=46 41 57 57 63
split_gain=3.7341 4.59399 9.85228 6.31551 3.38154
threshold=-4.1511940093444695 0.73998116899219413 0.617928555562964 1.3256081323549684 -0.07344679492264318
decision_type=2 2 2 2 2
left_child=4 3 -3 -2 -1
right_child=1 2 -4 -5 -6
leaf_value=0.03038305532026889 0.0016497815385590868 -0.019523690601549699 0.020817946654094435 -0.022009272985836149 0.00011274833469671231
leaf_weight=10.061287105083467 428.29022321105003 44.603818878531456 10.474013000726698 16.844551771879196 11.597291693091391
leaf_count=42 1755 182 43 69 48
internal_value=2.46752e-05 -0.000707002 -0.0113914 0.000660047 0.0155543
internal_weight=521.871 500.213 55.0778 445.135 21.6586
internal_count=2139 2049 225 1824 90
is_linear=0
shrinkage=0.04


Tree=95
num_leaves=5
num_cat=0
split_feature=62 51 51 84
split_gain=3.67235 4.4306 9.68883 6.15875
threshold=-1.4360708926003776 -0.33370531137312559 -0.39870567772704857 -1.4337308404024947
decision_type=2 2 2 2
left_child=-1 2 -2 -3
right_child=1 3 -4 -5
leaf_value=-0.019432704739773429 -0.001651309608140501 -0.024197182004358005 -0.034877735738558818 0.0041872013814729225
leaf_weight=13.074066534638403 150.44633549451828 10.719500690698622 13.516041621565817 334.01191727817059
leaf_count=54 617 44 55 1369
internal_value=2.54752e-05 0.000599719 -0.00477759 0.0031701
internal_weight=521.768 508.694 163.962 344.731
internal_count=2139 2085 672 1413
is_linear=0
shrinkage=0.04


Tree=96
num_leaves=5
num_cat=0
split_feature=87 104 44 70
split_gain=3.6571 4.92853 8.88378 8.60527
threshold=-1.6328493124836354 0.7835641403225645 0.75522784213772109 -0.57771788370189892
decision_type=2 2 2 2
left_child=-1 2 -2 -3
right_child=1 3 -4 -5
leaf_value=0.017131603351549399 -0.0016957838700681466 -0.036378366275749217 0.01312689875831332 -0.0029795937194841316
leaf_weight=17.236076503992081 355.01122358441353 13.787007704377173 77.025102823972702 58.569433093070984
leaf_count=72 1453 57 317 240
internal_value=1.28099e-05 -0.000637523 0.000995172 -0.0101508
internal_weight=521.629 504.393 432.036 72.3564
internal_count=2139 2067 1770 297
is_linear=0
shrinkage=0.04


Tree=97
num_leaves=7
num_cat=0
split_feature=79 77 92 87 49 85
split_gain=3.66221 9.18963 7.82182 8.24385 7.15273 5.4138
threshold=0.40702584703303407 1.0002616504793975 0.57091803283626519 0.40570701211663401 -0.18163691232057791 -0.64128620669959935
decision_type=2 2 2 2 2 2
left_child=2 4 3 -1 -2 -4
right_child=1 -3 5 -5 -6 -7
leaf_value=0.0012785123178661087 -0.018065502037985643 0.02511882813991757 0.0086939952183394589 0.016959134862341966 -0.0006102942899771605 -0.017218433337751669
leaf_weight=223.23463556170464 61.013813376426697 13.0563887655735 16.257455855607986 68.772142797708511 93.354003235697746 45.797234505414963
leaf_count=918 249 54 66 282 381 189
internal_value=1.06306e-05 -0.00483031 0.00231403 0.00506179 -0.00765228 -0.0103703
internal_weight=521.486 167.424 354.061 292.007 154.368 62.0547
internal_count=2139 684 1455 1200 630 255
is_linear=0
shrinkage=0.04


Tree=98
num_leaves=8
num_cat=0
split_feature=66 101 75 75 96 7 57
split_gain=3.65238 7.76017 6.44953 9.36774 7.6076 4.45775 3.11871
threshold=1.2857038420304363 0.34574743215816123 1.2961980036594671 0.44123529192226535 -0.029417343142987593 0.51610368939395934 -1.279334243044862
decision_type=2 2 2 2 2 2 2
left_child=2 6 3 -1 -4 -3 -2
right_child=1 5 4 -5 -6 -7 -8
leaf_value=0.0023156968213842799 -0.0052913387511835611 -0.0095799315035669137 -0.00067077080960999179 -0.012887549777671408 0.030850411951046194 0.023122800882820999 -0.035689299534024992
leaf_weight=349.87320338189602 9.1186106652021426 12.516205415129663 24.749087780714035 77.499019026756287 22.09838642179966 10.554452940821646 14.854414656758307
leaf_count=1431 39 52 102 318 90 44 63
internal_value=1.27317e-05 -0.010381 0.00108309 -0.000488424 0.0148524 0.00603215 -0.0254246
internal_weight=521.263 47.0437 474.22 427.372 46.8475 23.0707 23.973
internal_count=2139 198 1941 1749 192 96 102
is_linear=0
shrinkage=0.04


Tree=99
num_leaves=5
num_cat=0
split_feature=32 71 62 92
split_gain=3.66264 4.80915 6.11493 3.90057
threshold=1.5046172847932535 2.9900766170598012 -1.4360708926003776 0.3422059366526457
decision_type=2 2 2 2
left_child=1 2 -1 -3
right_child=-2 3 -4 -5
leaf_value=-0.027592230541094574 -0.022048137599488812 0.02994963328754989 0.00037098108965835896 -0.0020757294653370359
leaf_weight=10.84806068241596 9.7730838656425458 13.562265515327455 477.27207465469837 9.5902852863073331
leaf_count=45 40 56 1958 40
internal_value=1.09847e-05 0.000516918 -0.000360536 0.0175738
internal_weight=521.046 511.273 488.12 23.1526
internal_count=2139 2099 2003 96
is_linear=0
shrinkage=0.04


Tree=100
num_leaves=7
num_cat=0
split_feature=58 106 94 101 92 66
split_gain=3.5495 9.39754 6.17144 5.3006 10.7968 8.11417
threshold=0.40483812977368377 0.42263711767142703 -0.84891303037428356 0.72064581447068765 0.60751634425924106 1.2857038420304363
decision_type=2 2 2 2 2 2
left_child=3 2 -2 5 -5 -1
right_child=1 -3 -4 4 -6 -7
leaf_value=0.0015441338308061034 0.023239452285203459 -0.032954687509389687 -0.0052751263886967525 0.01735765234191489 -0.017507390790361392 -0.019011051181659907
leaf_weight=291.80374081432819 12.146765559911726 15.78399211168289 83.990823283791542 68.839118614792824 16.056809261441231 32.318127483129501
leaf_count=1191 51 66 342 285 66 138
internal_value=7.27907e-06 -0.00624039 -0.00127219 0.00173891 0.0105123 -0.000609439
internal_weight=520.939 111.922 96.1376 409.018 84.8959 324.122
internal_count=2139 459 393 1680 351 1329
is_linear=0
shrinkage=0.04


Tree=101
num_leaves=8
num_cat=0
split_feature=47 81 44 43 70 5 81
split_gain=3.54191 7.63246 7.12196 5.35099 9.08144 8.56859 2.37756
threshold=-0.69692068469294222 -0.35195049991683258 0.61804045055430856 -0.296104116269924 -0.45397359706421536 1.000105727434206 -0.75736457893355069
decision_type=2 2 2 2 2 2 2
left_child=1 6 -3 5 -5 -2 -1
right_child=3 2 -4 4 -6 -7 -8
leaf_value=0.010732710535476189 -0.011090114023124075 -0.0085331672679399579 0.026157761772148933 -0.0095205800105781346 0.0058216892823345079 0.018887448578757848 0.040164777968987722
leaf_weight=10.014409601688387 127.63810035586357 38.695520833134651 10.340364187955855 82.739933863282204 225.65456973016262 15.455262079834936 10.100857838988302
leaf_count=42 524 159 43 339 925 63 44
internal_value=2.01854e-06 0.00829937 -0.000479376 -0.00129983 0.00167065 -0.00763657 0.0278077
internal_weight=520.639 69.1512 49.0359 451.488 308.395 143.093 20.1153
internal_count=2139 288 202 1851 1264 587 86
is_linear=0
shrinkage=0.04


Tree=102
num_leaves=6
num_cat=0
split_feature=15 45 86 100 95
split_gain=3.53195 4.60991 5.91023 4.88627 2.88116
threshold=1.1187465642253771 1.584678996925023 0.02835037611423178 0.50937049551454183 0.077580409304558659
decision_type=2 2 2 2 2
left_child=1 3 -3 -1 -2
right_child=4 2 -4 -5 -6
leaf_value=0.0016317987634729761 -0.029171892051878517 0.023824269452702919 -0.0023486348138400059 -0.0082505445617182885 0.00017643234809138958
leaf_weight=346.05059522390366 9.7737063467502612 27.485557690262794 25.340410247445107 101.97986033558846 9.7688198387622815
leaf_count=1420 40 115 105 419 40
internal_value=1.32703e-05 0.000692677 0.0116415 -0.000644272 -0.015847
internal_weight=520.399 500.856 52.826 448.03 19.5425
internal_count=2139 2059 220 1839 80
is_linear=0
shrinkage=0.04


Tree=103
num_leaves=7
num_cat=0
split_feature=83 100 51 64 86 56
split_gain=3.49439 5.69506 5.04539 8.71002 5.68964 4.05706
threshold=-0.63832153837782435 0.7928201394284965 -0.67731366928647818 0.18292852159175194 -1.8579205287096958 0.42995823729921834
decision_type=2 2 2 2 2 2
left_child=1 5 3 -2 -4 -1
right_child=2 -3 4 -5 -6 -7
leaf_value=0.020646435677127008 -0.023011562263527824 -0.011164279510865953 0.025128568465140944 0.0024197602702150239 -0.00024275217814409718 -0.0057873745997690249
leaf_weight=39.634818017482758 40.018932670354843 16.356757760047913 12.724010020494459 43.52473609149456 357.08492976427078 10.99275481700897
leaf_count=162 165 66 55 181 1465 45
internal_value=1.06042e-05 0.00840012 -0.00126042 -0.0100155 0.000760672 0.0149051
internal_weight=520.337 66.9843 453.353 83.5437 369.809 50.6276
internal_count=2139 273 1866 346 1520 207
is_linear=0
shrinkage=0.04


Tree=104
num_leaves=5
num_cat=0
split_feature=87 81 51 69
split_gain=3.41726 4.11544 11.1123 6.05357
threshold=-1.6328493124836354 0.65167557022593503 0.28271122835094598 -0.84653648657631952
decision_type=2 2 2 2
left_child=-1 3 -3 -2
right_child=1 2 -4 -5
leaf_value=0.016589999479401495 0.014837522330162731 -0.017613142044909599 0.01261275014069807 -0.00062625341337563191
leaf_weight=17.165764763951302 43.434613972902298 61.069749504327774 26.462614327669144 372.0434417873621
leaf_count=72 180 254 109 1524
internal_value=1.14646e-05 -0.000617757 -0.00839769 0.00105369
internal_weight=520.176 503.01 87.5324 415.478
internal_count=2139 2067 363 1704
is_linear=0
shrinkage=0.04


Tree=105
num_leaves=8
num_cat=0
split_feature=57 64 98 74 1 93 99
split_gain=3.43925 7.65151 10.9034 8.13759 6.89441 13.23 6.58889
threshold=0.0090626189972804663 -0.47309203966366831 -0.055136077475738572 -0.15320167399027387 0.059807023550778639 -1.0874968232300679 1.0238145831410328
decision_type=2 2 2 2 2 2 2
left_child=4 2 -2 -3 6 -6 -1
right_child=1 3 -4 -5 5 -7 -8
leaf_value=0.011287674670680141 -0.0087375957460309323 0.0025513242536431848 0.018605326744374918 -0.015294920780495618 0.036125111809937625 -0.009038101903907832 -0.016089727005807967
leaf_weight=139.62298038601875 41.661865919828415 66.820265233516693 48.565447762608528 101.3049156665802 9.5952848792076093 98.609755650162697 13.858994260430334
leaf_count=576 171 273 201 414 41 405 58
internal_value=1.49725e-05 -0.00324626 0.00606422 -0.00825544 0.00323485 -0.00445025 0.00864041
internal_weight=520.04 258.352 90.2273 168.125 261.687 108.205 153.482
internal_count=2139 1059 372 687 1080 446 634
is_linear=0
shrinkage=0.04


Tree=106
num_leaves=8
num_cat=0
split_feature=79 25 92 87 74 60 85
split_gain=3.40879 8.89388 6.82382 7.61653 6.67673 5.7297 5.06303
threshold=0.40702584703303407 -0.81395608228926697 0.57091803283626519 0.40570701211663401 -0.12299339760232443 -0.25375548702701367 -0.016947396115379116
decision_type=2 2 2 2 2 2 2
left_child=2 5 3 -1 -3 -2 -4
right_child=1 4 6 -5 -6 -7 -8
leaf_value=0.0011708962852396696 0.022656074870749381 -0.021343500811503331 0.0012495290611451617 0.016264660097287997 -0.002546326451128639 -0.0070897146510082859 -0.021224520950159358
leaf_weight=222.59086591005325 24.689315527677536 47.689274296164513 32.803554266691208 68.562496542930603 78.850049421191216 15.685884386301039 28.995584279298782
leaf_count=918 102 194 135 282 324 64 120
internal_value=1.75195e-05 -0.00465991 0.00224331 0.00481198 -0.00985234 0.0113106 -0.00962989
internal_weight=519.867 166.915 352.953 291.153 126.539 40.3752 61.7991
internal_count=2139 684 1455 1200 518 166 255
is_linear=0
shrinkage=0.04


Tree=107
num_leaves=6
num_cat=0
split_feature=46 26 49 80 107
split_gain=3.42972 4.12215 7.56732 5.75672 2.32935
threshold=-4.1511940093444695 -0.52930373897888683 1.1526582818041604 -0.1896523852534803 0.32312952700637831
decision_type=2 2 2 2 2
left_child=4 3 -3 -2 -1
right_child=1 2 -4 -5 -6
leaf_value=0.027433197432124946 -0.0068721161374576799 -0.00081692721238870879 -0.019675170774984669 0.012077036618377255 0.0018698477773710167
leaf_weight=9.8682545274496096 36.475114896893501 349.20524001121521 35.748682469129562 76.741434991359711 11.586586758494375
leaf_count=41 150 1437 147 315 49
internal_value=1.51946e-05 -0.000685892 -0.00266084 0.00595885 0.0149645
internal_weight=519.625 498.17 384.954 113.217 21.4548
internal_count=2139 2049 1584 465 90
is_linear=0
shrinkage=0.04


Tree=108
num_leaves=8
num_cat=0
split_feature=49 86 1 92 18 6 109
split_gain=3.36119 7.81034 8.5034 6.77061 10.3725 8.40896 5.72445
threshold=-0.33223015405385653 -0.20891036549477629 0.27619672881607077 -0.29515204128489642 -0.71342215277690169 -1.2249185119177441 0.086952484630963264
decision_type=2 2 2 2 2 2 2
left_child=1 6 -3 5 -5 -2 -1
right_child=3 2 -4 4 -6 -7 -8
leaf_value=-0.006159284042457051 -0.01896307473312216 0.011143562061668727 -0.012487237487390035 0.017521489611826573 -0.0055417088695169092 0.013000300840839947 -0.031452632191794179
leaf_weight=39.969294920563698 13.06642673909664 62.135056927800179 37.334937259554863 35.059167355298996 195.91433700919151 114.62008284032345 21.501781404018402
leaf_count=165 55 254 154 145 805 473 88
internal_value=1.67813e-05 -0.00475132 0.0022027 0.00217085 -0.00192061 0.00948742 -0.0157189
internal_weight=519.601 160.941 99.47 358.66 230.974 127.687 61.4711
internal_count=2139 661 408 1478 950 528 253
is_linear=0
shrinkage=0.04


Tree=109
num_leaves=7
num_cat=0
split_feature=66 64 75 75 96 92
split_gain=3.33605 7.27061 5.93938 8.46548 7.0965 4.03188
threshold=1.2857038420304363 1.2868864903648654 1.2961980036594671 0.44123529192226535 -0.029417343142987593 -0.438874270962192
decision_type=2 2 2 2 2 2
left_child=2 5 3 -1 -4 -2
right_child=1 -3 4 -5 -6 -7
leaf_value=0.0021941720447752793 -0.0048639852317900051 0.0094722507349999808 -0.00074168047025040067 -0.012280511043744322 0.029758898519930636 -0.034784144872940279
leaf_weight=348.84517872333527 13.719645887613298 17.859224051237106 24.643051981925964 77.253979027271271 21.999555349349976 15.158110424876211
leaf_count=1431 57 75 102 318 90 66
internal_value=1.1115e-05 -0.00995504 0.00103419 -0.000475275 0.0142764 -0.021805
internal_weight=519.479 46.737 472.742 426.099 46.6426 28.8778
internal_count=2139 198 1941 1749 192 123
is_linear=0
shrinkage=0.04


Tree=110
num_leaves=7
num_cat=0
split_feature=47 49 44 105 47 100
split_gain=3.41689 6.33641 5.22794 4.81261 4.27198 2.3443
threshold=-0.69692068469294222 0.68183742829083072 -4.340982471951869 0.1500870926046293 -0.59672896424161193 -0.04316426394080667
decision_type=2 2 2 2 2 2
left_child=1 3 5 -1 -4 -2
right_child=2 -3 4 -5 -6 -7
leaf_value=0.022684447152482884 0.030047386608311234 -0.017910974552155751 -0.019777179582311812 -0.00035716439619522326 -0.0013107209691006361 0.0027210642022218591
leaf_weight=33.960860773921013 9.7771371901035327 10.678591355681418 19.095275282859802 24.204436644911766 412.0403406471014 9.5217878967523557
leaf_count=143 41 45 78 100 1692 40
internal_value=8.89034e-06 0.00817723 -0.00127018 0.013403 -0.00221616 0.0180865
internal_weight=519.278 68.8439 450.435 58.1653 431.136 19.2989
internal_count=2139 288 1851 243 1770 81
is_linear=0
shrinkage=0.04


Tree=111
num_leaves=5
num_cat=0
split_feature=44 13 7 41
split_gain=3.35128 3.97438 5.28999 5.17106
threshold=8.3692493001051123 -0.84393341131138999 -0.82597413192681846 0.73998116899219413
decision_type=2 2 2 2
left_child=1 2 -1 -3
right_child=-2 3 -4 -5
leaf_value=-0.010639675333005359 0.019636036492254767 -3.5982578604235126e-06 0.021477525451005255 -0.013163457173433337
leaf_weight=10.328646540641783 11.561512067914007 420.28868868947029 25.085873052477837 51.901868060231209
leaf_count=43 48 1730 104 214
internal_value=1.11378e-05 -0.00051116 0.0120425 -0.00149951
internal_weight=519.167 507.605 35.4145 472.191
internal_count=2139 2091 147 1944
is_linear=0
shrinkage=0.04


Tree=112
num_leaves=5
num_cat=0
split_feature=46 104 0 62
split_gain=3.35973 3.75105 9.59157 5.63621
threshold=-7.9711351853106835 0.7835641403225645 0.66816029024599166 2.1066204024181903
decision_type=2 2 2 2
left_child=-1 3 -3 -2
right_child=1 2 -4 -5
leaf_value=0.020383215241375898 0.00010838207707496861 -0.015198581426074711 0.021128410209334786 0.025870735706422988
leaf_weight=10.642227172851561 422.5631780475378 61.448264375329018 12.40697732567787 12.039423182606695
leaf_count=45 1739 254 51 50
internal_value=1.34089e-05 -0.000491131 -0.00869982 0.000937295
internal_weight=519.1 508.458 73.8552 434.603
internal_count=2139 2094 305 1789
is_linear=0
shrinkage=0.04


Tree=113
num_leaves=5
num_cat=0
split_feature=62 68 69 66
split_gain=3.32285 4.02621 7.47559 6.6452
threshold=-1.4360708926003776 -1.0959068238641752 0.016767342620272234 1.2857038420304363
decision_type=2 2 2 2
left_child=-1 2 -2 -3
right_child=1 3 -4 -5
leaf_value=-0.018554201171279882 0.023420720599487931 0.00096246614301493218 -0.012843246919688651 -0.016082983493238574
leaf_weight=12.967915639281271 27.548877239227295 428.88297055661678 11.622593745589255 37.992346376180649
leaf_count=54 114 1761 48 162
internal_value=2.09091e-05 0.000568081 0.0125596 -0.000487306
internal_weight=519.015 506.047 39.1715 466.875
internal_count=2139 2085 162 1923
is_linear=0
shrinkage=0.04


Tree=114
num_leaves=7
num_cat=0
split_feature=45 8 57 45 18 104
split_gain=3.3218 5.47701 6.36865 4.61138 4.88243 3.93867
threshold=1.584678996925023 -0.28096782287290761 1.0000000180025095e-35 1.2068653743644677 -0.88023366007793002 0.062994897400397307
decision_type=2 2 2 2 2 2
left_child=3 5 -3 4 -1 -2
right_child=1 2 -4 -5 -6 -7
leaf_value=0.021329915831176029 0.038464000252906853 0.014085108137203369 -0.019207475245310086 -0.0224422125758406 -0.001152034954071285 0.0052583782881224861
leaf_weight=14.022020712494848 11.088626846671106 17.776870563626289 15.192053109407423 13.660210087895392 435.66481746733189 11.450663387775419
leaf_count=58 48 74 62 56 1793 48
internal_value=1.65237e-05 0.00908589 -0.00147721 -0.00110435 -0.000359667 0.023398
internal_weight=518.855 55.5082 32.9689 463.347 449.687 22.5393
internal_count=2139 232 136 1907 1851 96
is_linear=0
shrinkage=0.04


Tree=115
num_leaves=5
num_cat=0
split_feature=101 67 76 49
split_gain=3.2802 4.40257 6.96886 6.67655
threshold=1.6454453509328399 -0.29217836627254384 0.34965193985609211 -0.015773327910788764
decision_type=2 2 2 2
left_child=1 2 -1 -3
right_child=-2 3 -4 -5
leaf_value=0.0086167368981063669 0.018371471954120946 -0.0091467857725943975 -0.014802472681754416 0.0018922545697419172
leaf_weight=131.22319443523884 13.135256409645079 154.89205177128315 22.121110111474991 197.40965482592583
leaf_count=540 57 636 90 816
internal_value=2.15636e-05 -0.000525616 0.00509125 -0.00298538
internal_weight=518.781 505.646 153.344 352.302
internal_count=2139 2082 630 1452
is_linear=0
shrinkage=0.04


Tree=116
num_leaves=5
num_cat=0
split_feature=71 62 33 92
split_gain=3.28739 5.32356 4.69778 2.15765
threshold=2.9900766170598012 -1.4360708926003776 0.54369819510906081 0.3422059366526457
decision_type=2 2 2 2
left_child=1 -1 -3 -2
right_child=3 2 -4 -5
leaf_value=-0.026226792650674929 0.022700490440059073 0.0021957003047539409 -0.0069421522270792192 -0.00072596382573352522
leaf_weight=10.746327042579649 14.408475294709207 366.34025029838085 117.13068789243698 10.005839005112646
leaf_count=45 60 1511 481 42
internal_value=2.1533e-05 -0.000710483 -3.761e-05 0.0137715
internal_weight=518.632 494.217 483.471 24.4143
internal_count=2139 2037 1992 102
is_linear=0
shrinkage=0.04


Tree=117
num_leaves=5
num_cat=0
split_feature=32 11 11 92
split_gain=3.20358 4.78205 10.2938 8.23597
threshold=1.5046172847932535 0.67175375068564425 0.29134663062135974 0.65381002284446965
decision_type=2 2 2 2
left_child=1 2 -1 -3
right_child=-2 3 -4 -5
leaf_value=0.0014817011559416394 -0.020666200822883573 0.012176373637353051 -0.015155323278894088 -0.023530964466219287
leaf_weight=339.25488433241844 9.7106958329677564 89.672946602106094 70.09200893342495 9.7822699844837171
leaf_count=1403 40 367 289 40
internal_value=1.92893e-05 0.000493451 -0.00142687 0.00826962
internal_weight=518.513 508.802 409.347 99.4552
internal_count=2139 2099 1692 407
is_linear=0
shrinkage=0.04


Tree=118
num_leaves=5
num_cat=0
split_feature=51 43 101 101
split_gain=3.19058 3.8658 7.97992 5.76261
threshold=-2.4081171281325857 0.45377521664375126 -0.42984518341848826 1.4493073589895158
decision_type=2 2 2 2
left_child=-1 3 -3 -2
right_child=1 2 -4 -5
leaf_value=-0.019662335020704805 -0.0029124556214439683 -0.01115055663249463 0.011212506862169106 0.017912664706624636
leaf_weight=10.86430676281452 346.74457713961601 31.429547756910324 108.73201386630535 20.654423639178276
leaf_count=45 1429 128 450 87
internal_value=1.14927e-05 0.000508131 0.00611154 -0.00165107
internal_weight=518.425 507.561 140.162 367.399
internal_count=2139 2094 578 1516
is_linear=0
shrinkage=0.04


Tree=119
num_leaves=6
num_cat=0
split_feature=65 7 26 81 43
split_gain=3.20733 5.71008 4.14739 6.44233 4.93827
threshold=-0.98377116943920928 -0.33733382916124977 -0.52930373897888683 0.74107943402531185 -0.48983268620235754
decision_type=2 2 2 2 2
left_child=1 -1 4 -4 -2
right_child=2 -3 3 -5 -6
leaf_value=-0.0067848005317438847 -0.0095654825941523611 0.030488231383635319 -0.00079414609146118663 -0.016746659443540004 0.01004677304065855
leaf_weight=10.965165331959726 24.556058302521706 12.446672528982161 334.01019456982613 44.132179334759712 92.19365194439888
leaf_count=46 101 53 1375 184 380
internal_value=1.03922e-05 0.013871 -0.000698502 -0.00273424 0.00583008
internal_weight=518.304 23.4118 494.892 378.142 116.75
internal_count=2139 99 2040 1559 481
is_linear=0
shrinkage=0.04


end of trees

feature_importances:
Column_63=24
Column_57=21
Column_65=20
Column_81=20
Column_69=19
Column_101=19
Column_92=18
Column_64=17
Column_106=17
Column_44=16
Column_47=16
Column_51=16
Column_62=16
Column_93=16
Column_72=14
Column_79=13
Column_87=13
Column_66=12
Column_75=11
Column_43=10
Column_91=10
Column_108=10
Column_76=9
Column_86=9
Column_7=8
Column_18=8
Column_71=8
Column_84=8
Column_100=8
Column_26=7
Column_34=7
Column_36=7
Column_59=7
Column_1=6
Column_8=6
Column_15=6
Column_33=6
Column_45=6
Column_46=6
Column_49=6
Column_104=6
Column_25=5
Column_32=5
Column_35=5
Column_41=5
Column_70=5
Column_82=5
Column_95=5
Column_96=5
Column_105=5
Column_13=4
Column_24=4
Column_56=4
Column_68=4
Column_83=4
Column_85=4
Column_90=4
Column_98=4
Column_107=4
Column_109=4
Column_5=3
Column_11=3
Column_16=3
Column_40=3
Column_67=3
Column_80=3
Column_2=2
Column_14=2
Column_20=2
Column_30=2
Column_31=2
Column_50=2
Column_58=2
Column_60=2
Column_73=2
Column_74=2
Column_77=2
Column_78=2
Column_89=2
Column_99=2
Column_0=1
Column_3=1
Column_6=1
Column_10=1
Column_12=1
Column_28=1
Column_37=1
Column_39=1
Column_61=1
Column_88=1
Column_94=1

parameters:
[boosting: gbdt]
[objective: binary]
[metric: binary_logloss]
[tree_learner: serial]
[device_type: cpu]
[data_sample_strategy: bagging]
[data: ]
[valid: ]
[num_iterations: 120]
[learning_rate: 0.04]
[num_leaves: 15]
[num_threads: 2]
[seed: 42]
[deterministic: 0]
[force_col_wise: 0]
[force_row_wise: 0]
[histogram_pool_size: -1]
[max_depth: 3]
[min_data_in_leaf: 40]
[min_sum_hessian_in_leaf: 0.001]
[bagging_fraction: 0.85]
[pos_bagging_fraction: 1]
[neg_bagging_fraction: 1]
[bagging_freq: 0]
[bagging_seed: 400]
[bagging_by_query: 0]
[feature_fraction: 0.8]
[feature_fraction_bynode: 1]
[feature_fraction_seed: 30056]
[extra_trees: 0]
[extra_seed: 12879]
[early_stopping_round: 0]
[early_stopping_min_delta: 0]
[first_metric_only: 0]
[max_delta_step: 0]
[lambda_l1: 0]
[lambda_l2: 2]
[linear_lambda: 0]
[min_gain_to_split: 0]
[drop_rate: 0.1]
[max_drop: 50]
[skip_drop: 0.5]
[xgboost_dart_mode: 0]
[uniform_drop: 0]
[drop_seed: 17869]
[top_rate: 0.2]
[other_rate: 0.1]
[min_data_per_group: 100]
[max_cat_threshold: 32]
[cat_l2: 10]
[cat_smooth: 10]
[max_cat_to_onehot: 4]
[top_k: 20]
[monotone_constraints: ]
[monotone_constraints_method: basic]
[monotone_penalty: 0]
[feature_contri: ]
[forcedsplits_filename: ]
[refit_decay_rate: 0.9]
[cegb_tradeoff: 1]
[cegb_penalty_split: 0]
[cegb_penalty_feature_lazy: ]
[cegb_penalty_feature_coupled: ]
[path_smooth: 0]
[interaction_constraints: ]
[verbosity: -1]
[saved_feature_importance_type: 0]
[use_quantized_grad: 0]
[num_grad_quant_bins: 4]
[quant_train_renew_leaf: 0]
[stochastic_rounding: 1]
[linear_tree: 0]
[max_bin: 255]
[max_bin_by_feature: ]
[min_data_in_bin: 3]
[bin_construct_sample_cnt: 200000]
[data_random_seed: 175]
[is_enable_sparse: 1]
[enable_bundle: 1]
[use_missing: 1]
[zero_as_missing: 0]
[feature_pre_filter: 1]
[pre_partition: 0]
[two_round: 0]
[header: 0]
[label_column: ]
[weight_column: ]
[group_column: ]
[ignore_column: ]
[categorical_feature: ]
[forcedbins_filename: ]
[precise_float_parser: 0]
[parser_config_file: ]
[objective_seed: 16083]
[num_class: 1]
[is_unbalance: 0]
[scale_pos_weight: 1]
[sigmoid: 1]
[boost_from_average: 1]
[reg_sqrt: 0]
[alpha: 0.9]
[fair_c: 1]
[poisson_max_delta_step: 0.7]
[tweedie_variance_power: 1.5]
[lambdarank_truncation_level: 30]
[lambdarank_norm: 1]
[label_gain: ]
[lambdarank_position_bias_regularization: 0]
[eval_at: ]
[multi_error_top_k: 1]
[auc_mu_weights: ]
[num_machines: 1]
[local_listen_port: 12400]
[time_out: 120]
[machine_list_filename: ]
[machines: ]
[gpu_platform_id: -1]
[gpu_device_id: -1]
[gpu_device_id_list: ]
[gpu_use_dp: 0]
[num_gpu: 1]

end of parameters

pandas_categorical:null
