tree
version=v4
num_class=1
num_tree_per_iteration=1
label_index=0
max_feature_idx=109
objective=binary sigmoid:1
feature_names=Column_0 Column_1 Column_2 Column_3 Column_4 Column_5 Column_6 Column_7 Column_8 Column_9 Column_10 Column_11 Column_12 Column_13 Column_14 Column_15 Column_16 Column_17 Column_18 Column_19 Column_20 Column_21 Column_22 Column_23 Column_24 Column_25 Column_26 Column_27 Column_28 Column_29 Column_30 Column_31 Column_32 Column_33 Column_34 Column_35 Column_36 Column_37 Column_38 Column_39 Column_40 Column_41 Column_42 Column_43 Column_44 Column_45 Column_46 Column_47 Column_48 Column_49 Column_50 Column_51 Column_52 Column_53 Column_54 Column_55 Column_56 Column_57 Column_58 Column_59 Column_60 Column_61 Column_62 Column_63 Column_64 Column_65 Column_66 Column_67 Column_68 Column_69 Column_70 Column_71 Column_72 Column_73 Column_74 Column_75 Column_76 Column_77 Column_78 Column_79 Column_80 Column_81 Column_82 Column_83 Column_84 Column_85 Column_86 Column_87 Column_88 Column_89 Column_90 Column_91 Column_92 Column_93 Column_94 Column_95 Column_96 Column_97 Column_98 Column_99 Column_100 Column_101 Column_102 Column_103 Column_104 Column_105 Column_106 Column_107 Column_108 Column_109
feature_infos=[-6.1065138203337854:6.5649124600237023] [-5.6342967467520779:5.4751391396357034] [-4.8741952092472181:4.1695782545307623] [-4.2884129568072273:3.7805106643313677] [-3.6196907852411244:2.1426756380652665] [-2.5938095799731142:2.3616114684346425] [-4.1677412709416739:3.9171613155545022] [-1.373897241478097:6.6467315702303242] [-1.6723203212772206:1.6184036452682244] [-3.5796595223064909:2.1891287208638603] [-1.4887796588848086:5.2324589775720343] [-2.4990797494958716:2.1607594441349502] [-2.541888992137245:2.4270999611115753] [-1.4732034145640041:3.9160036145910571] [-2.8565150159722559:2.6281523046312421] [-1.5702881371619881:1.6086965587412931] [-1.7688041033666848:1.7815353743658411] [-0.9605151652700854:0.75640519951463914] [-1.0052151911842016:0.76805860552417837] [-0.96051516527008529:0.75640519951463925] [-2.2228011977007647:1.6461780453874819] [-3.9638611158303902:4.0669248708568828] [-3.2742488515025507:2.2820942163903508] [-2.3381549280644234:2.5948138070340807] [-2.1338319504516652:1.5571134238453468] [-2.1402696512004731:1.5481593565322596] [-3.3660717400242315:2.0149948250527387] [-1.7936220495724666:1.4113690450894474] [-1.1829476742887415:3.6379348669938505] [-3.672890806434514:4.2283313322283806] [-3.670593826060772:4.462232987296419] [-3.0332262698845018:3.2283196104460443] [-3.1688387440259262:3.411148448544763] [-1.947933405563617:2.0552815039609027] [-2.176710930267741:2.2033997030073955] [-1.773820015292632:1.7191176554470784] [-1.7750645743124447:1.7958554370394293] [-1.6079809787009514:3.8629191189520404] [-1.4793367843841709:5.0219435495029741] [-1.4740869195518493:3.799816181323008] [-1.2638917881311866:3.3507847125166244] [-1.6887858863666407:1.4584738249192066] [-1.9834726661620192:1.7279296065809344] [-1.8782404684846929:14.143134785507655] [-183.56182741645935:163.88525357472585] [-398.5065040848047:131.63005602356344] [-324.38231712059843:76.126649395617846] [-1.3887810794016067:2.8406681437623154] [-1.9371164130590168:1.9865509959387688] [-1.196715920108286:9.0070318751327338] [-4.8842188879354804:4.4492757006544172] [-8.9088304111242866:6.6229390168684139] [-1:1] [-1.2:1] [0:1] [0:1] [-3.0925452551196368:4.0537614715535719] [-3.4238118881307691:2.2584541909539335] [-2.3752561624203183:1.6144728210889268] [-0.93334945011055981:2.1983554255725322] [-2.1064911544706457:1.2379473603263103] [-1.4015259639737911:0.33898633839411402] [-4.5249885367910823:7.8871025299820428] [-4.1887024728963986:5.8392826783312195] [-2.422450429993936:4.2224388368228354] [-1.2874189542379075:4.8650459485450792] [-1.1668410795979265:7.8980741579494813] [-1.2554146539087412:2.3385973883298394] [-6.572606811035385:6.7440991199907696] [-4.6174271522008263:3.5836436081407474] [-3.3770194503018676:3.7652762771254777] [-1.2035040552775833:3.5702827322084389] [-1.8051205203374909:4.437113953917498] [-0.76999485003649026:2.0820221973618969] [-11.478049013656054:11.250249087873696] [-6.110895827359264:5.3368008395669948] [-3.8369189433102009:4.1888544727459642] [-0.96373615718206107:3.0142617515606496] [-2.2067386128138593:4.252263235826697] [-1.3504123320094721:0.68644122578649314] [-3.961810806118454:2.9720973166236151] [-3.484183963911915:3.0553334394916707] [-2.5540324139867674:1.713152651121413] [-1.2867290394014916:3.0495479705552078] [-2.0410730327397726:1.8417824863807533] [-1.4044942024964675:0.4515424288372758] [-5.2949924406838313:2.6704766851407755] [-4.1188826685305173:3.5332079140148567] [-1.8991382120459619:2.8696026051357801] [-1.4293971637134002:4.2295613401194663] [-1.7109429323748528:4.5570226080862115] [-1.5200233624513257:1.2677175341669706] [-4.2946759014335285:2.4886670104549413] [-3.8116684757763029:3.5444066583125693] [-1.9467744936353126:2.6605957839663961] [-1.458904744254351:3.9976846904705163] [-1.5665814444409418:3.9788359048568358] [-1.5079928857983851:1.196510581168966] [-3.3839848274577449:3.6740825633810119] [-2.2240502832869411:2.6801146686957789] [-1.9622211811677654:2.0503628907121918] [-1.4486677931285941:1.9557355917510417] [-1.4475320423553377:1.943544748834485] [-2.2346454704557597:0.60676641185024749] [-3.0949727177816011:3.287114969471217] [-2.772040268494504:3.58192613755867] [-1.6691171952192694:2.4438215580903107] [-0.8492641284886322:2.9004944911464494] [-1.4327928724219308:2.3482168266328678] [-1.4350482125452564:0.98909159489249054]
tree_sizes=971 996 791 786 790 792 791 786 682 894 683 787 898 687 683 686 684 789 792 894 686 578 789 690 787 787 785 899 1000 579 900 1003 996 998 686 1002 794 998 896 996 996 575 582 890 682 1004 686 892 1000 901 898 787 1002 893 685 684 1001 892 893 904 789 686 579 792 686 680 895 901 1000 900 687 893 688 790 900 577 1002 989 690 1002 686 1005 788 790 1002 688 682 684 684 901 992 687 1005 790 685 581 894 682 1000 998 683 998 690 897 683 898 683 684 789 688 894 898 997 793 900 691 684 789 1003 683

Tree=0
num_leaves=8
num_cat=0
split_feature=64 72 91 33 108 108 99
split_gain=18.4426 16.8524 14.2414 12.6333 14.1236 13.717 12.0108
threshold=-0.098216664556810343 -0.93725264390185659 0.91701519909414986 -1.0001330238605848 -0.2949240758726101 0.26554572163442031 -0.20679058321137808
decision_type=2 2 2 2 2 2 2
left_child=1 6 -3 5 -5 -2 -1
right_child=3 2 -4 4 -6 -7 -8
leaf_value=0.062967994291435778 0.039762309080301997 0.06509067329452993 0.02184555435538612 0.053821492607217629 0.03431768173685161 0.089054403414794564 0.0181938942973324
leaf_weight=13.491836696863173 16.240173801779747 185.13798134028912 11.243197247385977 83.449508458375931 197.63042272627354 16.739871457219124 24.735033944249153
leaf_count=54 65 741 45 334 791 67 99
internal_value=0.0491902 0.0576354 0.0623641 0.042868 0.0401 0.0656305 0.0338958
internal_weight=548.668 234.608 196.381 314.06 281.08 32.98 38.2269
internal_count=2196 939 786 1257 1125 132 153
is_linear=0
shrinkage=1


Tree=1
num_leaves=8
num_cat=0
split_feature=64 72 51 34 108 106 99
split_gain=16.9635 15.569 13.335 12.8378 14.9921 11.8881 11.1488
threshold=-0.098216664556810343 -0.93725264390185659 -0.64026240216598429 -1.0888219170618143 -0.2949240758726101 0.080003236521226456 -0.20679058321137808
decision_type=2 2 2 2 2 2 2
left_child=1 6 -3 5 -5 -2 -1
right_child=3 2 -4 4 -6 -7 -8
leaf_value=0.013302348384262183 -0.014140070043056101 -0.014117543799938037 0.016579172487036057 0.005136715597785617 -0.014965127058634974 0.032333178295834708 -0.029834489787243595
leaf_weight=13.486627310514448 12.243561029434202 24.47946809232235 171.82311055064201 83.68962499499321 195.4376604706049 22.720910102128983 24.747952401638031
leaf_count=54 49 98 688 335 782 91 99
internal_value=-1.0906e-06 0.00810027 0.0126474 -0.00606348 -0.00894441 0.016175 -0.0147138
internal_weight=548.629 234.537 196.303 314.092 279.127 34.9645 38.2346
internal_count=2196 939 786 1257 1117 140 153
is_linear=0
shrinkage=0.04


Tree=2
num_leaves=6
num_cat=0
split_feature=63 93 64 65 16
split_gain=17.7148 12.9641 14.65 12.7187 9.07617
threshold=1.674319342858178 -0.96657400999880283 -0.21184039590635559 0.81472469319463303 -0.67880662917349521
decision_type=2 2 2 2 2
left_child=1 4 -3 -2 -1
right_child=3 2 -4 -5 -6
leaf_value=-0.0091616005802216006 -0.053906357624924177 0.0080299032469339331 -0.0065120038594584043 -0.00044864584689866926 0.026086201404515962
leaf_weight=13.988078489899634 14.24519766867161 182.76019591093063 275.09689529240131 12.738881781697271 49.701550632715225
leaf_count=56 57 732 1101 51 199
internal_value=-1.74532e-06 0.00168346 -0.000697716 -0.030442 0.0183015
internal_weight=548.531 521.547 457.857 26.9841 63.6896
internal_count=2196 2088 1833 108 255
is_linear=0
shrinkage=0.04


Tree=3
num_leaves=6
num_cat=0
split_feature=63 93 64 47 59
split_gain=16.488 11.9828 13.513 8.44346 5.98841
threshold=1.674319342858178 -0.96657400999880283 -0.21184039590635559 0.7867781666764061 0.27643098461746679
decision_type=2 2 2 2 2
left_child=1 3 -3 -1 -2
right_child=4 2 -4 -5 -6
leaf_value=0.023867561641250524 -0.043101185117766908 0.007714343256308721 -0.0062526744931215295 -0.013656148603804614 -0.0043501479106873246
leaf_weight=53.413367956876755 16.492307737469677 182.70952539145947 275.12849152088165 10.234327077865599 10.492159321904181
leaf_count=214 66 732 1101 41 42
internal_value=-6.82417e-06 0.0016192 -0.000669544 0.0176017 -0.0293738
internal_weight=548.47 521.486 457.838 63.6477 26.9845
internal_count=2196 2088 1833 255 108
is_linear=0
shrinkage=0.04


Tree=4
num_leaves=6
num_cat=0
split_feature=63 65 64 72 34
split_gain=15.3359 11.5949 11.085 14.2077 13.1491
threshold=1.674319342858178 0.81472469319463303 -0.098216664556810343 -0.84155307867946949 -1.0562254806620912
decision_type=2 2 2 2 2
left_child=2 -2 3 -1 -4
right_child=1 -3 4 -5 -6
leaf_value=-0.01153889395909298 -0.050757480950170485 0.00019019000583345933 0.019634486711053271 0.012991010202129684 -0.006676937892565819
leaf_weight=45.691805228590965 14.232752606272699 12.743196994066237 32.452953785657883 184.84580028057098 258.41552132368088
leaf_count=183 57 51 130 741 1034
internal_value=-1.16952e-05 -0.0283383 0.00155652 0.00807183 -0.00362727
internal_weight=548.382 26.9759 521.406 230.538 290.868
internal_count=2196 108 2088 924 1164
is_linear=0
shrinkage=0.04


Tree=5
num_leaves=6
num_cat=0
split_feature=63 93 64 65 16
split_gain=14.2898 11.1347 11.649 10.8298 8.33822
threshold=1.674319342858178 -0.96657400999880283 -0.21184039590635559 0.81472469319463303 -0.67880662917349521
decision_type=2 2 2 2 2
left_child=1 4 -3 -2 -1
right_child=3 2 -4 -5 -6
leaf_value=-0.0093552108066734443 -0.049075768898638121 0.0070799942943958255 -0.0058910098007347554 0.00018361594006683192 0.024389717087066897
leaf_weight=13.982600048184393 14.200790524482729 182.56783711910248 275.13759173452854 12.743156045675276 49.607945740222931
leaf_count=56 57 732 1101 51 199
internal_value=-1.64612e-05 0.00149686 -0.000708891 -0.0273756 0.0169107
internal_weight=548.24 521.296 457.705 26.9439 63.5905
internal_count=2196 2088 1833 108 255
is_linear=0
shrinkage=0.04


Tree=6
num_leaves=6
num_cat=0
split_feature=63 93 72 65 101
split_gain=13.3233 10.295 11.2486 10.1315 8.1793
threshold=1.674319342858178 -0.96657400999880283 0.046454445772561623 0.81472469319463303 0.06082236471788869
decision_type=2 2 2 2 2
left_child=1 4 -3 -2 -1
right_child=3 2 -4 -5 -6
leaf_value=-0.0026172314703980259 -0.047498881486548891 -0.0066527103629065148 0.0058472385047609807 0.00017726806337000394 0.026731126956331473
leaf_weight=23.179410681128502 14.152677804231645 238.97590106725693 218.68579398095608 12.743116259574888 40.345812156796455
leaf_count=93 57 957 876 51 162
internal_value=-2.05607e-05 0.00143985 -0.000680371 -0.0264613 0.0162693
internal_weight=548.083 521.187 457.662 26.8958 63.5252
internal_count=2196 2088 1833 108 255
is_linear=0
shrinkage=0.04


Tree=7
num_leaves=6
num_cat=0
split_feature=63 91 25 107 65
split_gain=12.43 9.81701 10.8408 10.7812 9.49206
threshold=1.674319342858178 0.92860878281197634 0.74003677950315583 0.6940662727229564 0.81472469319463303
decision_type=2 2 2 2 2
left_child=1 2 -1 -3 -2
right_child=4 3 -4 -5 -6
leaf_value=0.0052680571987585283 -0.046015634354340647 -0.048890053234485475 -0.011643350264815505 -0.0023281783715754091 0.00017114023388233279
leaf_weight=419.20012468099594 14.090216845273973 10.496651351451872 68.927642315626144 22.491978824138641 12.743077635765074
leaf_count=1680 57 42 276 90 51
internal_value=-2.32586e-05 0.00138609 0.00284226 -0.0190914 -0.0255912
internal_weight=547.95 521.116 488.128 32.9886 26.8333
internal_count=2196 2088 1956 132 108
is_linear=0
shrinkage=0.04


Tree=8
num_leaves=5
num_cat=0
split_feature=63 69 87 65
split_gain=11.5913 9.9412 12.5674 8.90474
threshold=1.674319342858178 1.4586981590907777 -0.82323274754141107 0.81472469319463303
decision_type=2 2 2 2
left_child=1 2 -1 -2
right_child=3 -3 -4 -5
leaf_value=0.017657311609990914 -0.044616362625176056 -0.026932617562539118 -0.00021302456223348199 0.0001652229132033328
leaf_weight=71.694887652993202 14.015060141682627 17.206369459629059 432.15654718875885 12.743040204048155
leaf_count=288 57 69 1731 51
internal_value=-3.74817e-05 0.00132201 0.00238957 -0.0247616
internal_weight=547.816 521.058 503.851 26.7581
internal_count=2196 2088 2019 108
is_linear=0
shrinkage=0.04


Tree=9
num_leaves=7
num_cat=0
split_feature=91 64 25 90 1 102
split_gain=10.8984 11.0789 12.7405 11.0598 9.92965 1.49814
threshold=0.92860878281197634 -0.098216664556810343 0.66681522025214346 1.538050903884234 0.094596940223485401 -0.098643910949626198
decision_type=2 2 2 2 2 2
left_child=1 2 -1 5 -3 -2
right_child=3 4 -4 -5 -6 -7
leaf_value=0.012001513819566219 -0.048285120963034743 0.0026226737035373059 -0.014996969727560261 0.0045294158102641017 -0.012397109221642097 -0.020319059467838737
leaf_weight=192.547786206007 11.217622324824335 166.97402422130108 30.90839484333992 16.476710304617882 119.10151787102222 10.441921502351759
leaf_count=773 45 669 124 66 477 42
internal_value=-4.39123e-05 0.00153108 0.00816718 -0.0201148 -0.00367315 -0.0376602
internal_weight=547.668 509.532 223.456 38.1363 286.076 21.6595
internal_count=2196 2043 897 153 1146 87
is_linear=0
shrinkage=0.04


Tree=10
num_leaves=5
num_cat=0
split_feature=63 69 87 65
split_gain=10.6472 9.37056 11.6108 8.29105
threshold=1.674319342858178 1.4586981590907777 -0.82323274754141107 0.81472469319463303
decision_type=2 2 2 2
left_child=1 2 -1 -2
right_child=3 -3 -4 -5
leaf_value=0.016970338030560743 -0.043050554139021646 -0.026175915047707395 -0.00021562529912679614 0.00021464945690306811
leaf_weight=71.604705169796944 13.910555124282839 17.216417402029037 432.05956369638443 12.74304139614105
leaf_count=288 57 69 1731 51
internal_value=-5.3315e-05 0.00124789 0.00228512 -0.0237943
internal_weight=547.534 520.881 503.664 26.6536
internal_count=2196 2088 2019 108
is_linear=0
shrinkage=0.04


Tree=11
num_leaves=6
num_cat=0
split_feature=63 64 72 34 65
split_gain=9.944 8.72011 13.2387 11.8012 7.79708
threshold=1.674319342858178 -0.098216664556810343 -0.84155307867946949 -1.0562254806620912 0.81472469319463303
decision_type=2 2 2 2 2
left_child=1 2 -1 -3 -2
right_child=4 3 -4 -5 -6
leaf_value=-0.011936557272180933 -0.04180726740170005 0.018650949270768866 0.011744428612160913 -0.0062877082428471421 0.00020722967189675323
leaf_weight=45.6411062926054 13.812716767191889 32.414994820952415 184.41785570979118 258.33264909684658 12.742996230721472
leaf_count=183 57 130 741 1034 51
internal_value=-5.88943e-05 0.00119677 0.006984 -0.00339891 -0.0230438
internal_weight=547.362 520.807 230.059 290.748 26.5557
internal_count=2196 2088 924 1164 108
is_linear=0
shrinkage=0.04


Tree=12
num_leaves=7
num_cat=0
split_feature=91 107 64 72 72 20
split_gain=9.75105 9.61774 9.37265 14.4909 14.2513 7.67268
threshold=0.92860878281197634 0.6940662727229564 -0.15419620728847191 -0.84155307867946949 1.2705647963461884 -0.40040948998780473
decision_type=2 2 2 2 2 2
left_child=2 -2 3 -1 -4 -3
right_child=1 5 4 -5 -6 -7
leaf_value=-0.012313793808056995 -0.047069074723230589 0.015423580161485895 -0.0050999316583288613 0.013222120001546014 0.034317380902391142 -0.024556177559536506
leaf_weight=43.379962533712387 11.201823323965071 13.384628847241402 285.87290687859058 166.34271329641342 13.477868184447287 13.451015770435333
leaf_count=174 45 54 1146 669 54 54
internal_value=-6.09233e-05 -0.0190704 0.00142851 0.00787373 -0.00310924 -0.00492903
internal_weight=547.111 38.0375 509.073 209.723 299.351 26.8356
internal_count=2196 153 2043 843 1200 108
is_linear=0
shrinkage=0.04


Tree=13
num_leaves=5
num_cat=0
split_feature=69 81 84 65
split_gain=9.78845 10.6703 15.9254 11.2517
threshold=1.7204936724138256 -0.3570947247754363 -1.4154455582601801 -0.060892094287888658
decision_type=2 2 2 2
left_child=1 2 -1 -3
right_child=-2 3 -4 -5
leaf_value=-0.031628297047668931 -0.027635781904514482 0.0049802068925300352 0.013145472181648132 -0.0090285183111560533
leaf_weight=11.980415761470793 17.856396734714508 163.6806872189045 149.45792271196842 203.94320254027843
leaf_count=48 72 657 600 819
internal_value=-6.22602e-05 0.000968947 0.00947641 -0.00279808
internal_weight=546.919 529.062 161.438 367.624
internal_count=2196 2124 648 1476
is_linear=0
shrinkage=0.04


Tree=14
num_leaves=5
num_cat=0
split_feature=101 106 25 57
split_gain=9.88307 10.4783 16.0483 10.4856
threshold=1.5434825187686882 0.46558799472312445 -0.81152472911280937 1.328082222208449
decision_type=2 2 2 2
left_child=1 3 -3 -1
right_child=-2 2 -4 -5
leaf_value=0.0036402807027308554 0.02659580734193508 0.019669152090011237 -0.016145927380477879 -0.029262261322035164
leaf_weight=371.26880444586277 19.380298420786858 22.191109105944633 119.80225579440594 14.179003641009329
leaf_count=1491 78 89 481 57
internal_value=-6.70464e-05 -0.00114351 -0.0103532 0.00228513
internal_weight=546.821 527.441 141.993 385.448
internal_count=2196 2118 570 1548
is_linear=0
shrinkage=0.04


Tree=15
num_leaves=5
num_cat=0
split_feature=101 109 18 105
split_gain=9.19592 9.83145 16.001 9.10163
threshold=1.5434825187686882 0.03470284764774257 -0.59132682665671632 0.61750390005520073
decision_type=2 2 2 2
left_child=1 3 -3 -1
right_child=-2 2 -4 -5
leaf_value=0.006429075867458064 0.025680606588931162 0.010027053452725617 -0.01295334686132555 -0.016747375445651535
leaf_weight=253.17497284710407 19.340214118361473 64.205858930945396 181.58982099592686 28.407450884580612
leaf_count=1017 78 258 729 114
internal_value=-6.36557e-05 -0.00110121 -0.00691801 0.0039893
internal_weight=546.718 527.378 245.796 281.582
internal_count=2196 2118 987 1131
is_linear=0
shrinkage=0.04


Tree=16
num_leaves=5
num_cat=0
split_feature=69 81 84 75
split_gain=9.12555 9.4412 14.659 12.7974
threshold=1.7204936724138256 -0.3570947247754363 -1.4154455582601801 -0.90984313200169642
decision_type=2 2 2 2
left_child=1 2 -1 -3
right_child=-2 3 -4 -5
leaf_value=-0.030488204816081388 -0.026692876959363461 -0.027478149934732 0.012469205799027841 -0.00037633054345756088
leaf_weight=11.977937266230581 17.841401323676109 28.379643112421036 149.28796806931496 339.12876664102077
leaf_count=48 72 114 600 1362
internal_value=-5.92383e-05 0.000936603 0.00894417 -0.00260658
internal_weight=546.616 528.774 161.266 367.508
internal_count=2196 2124 648 1476
is_linear=0
shrinkage=0.04


Tree=17
num_leaves=6
num_cat=0
split_feature=63 57 64 76 65
split_gain=8.68819 8.83813 12.282 11.0124 7.16033
threshold=1.674319342858178 1.0000000180025095e-35 -0.09067497766902298 2.1149471685310677 0.81472469319463303
decision_type=2 2 2 2 2
left_child=1 3 -3 -1 -2
right_child=4 2 -4 -5 -6
leaf_value=0.0043038749675446599 -0.03978294223103896 0.0038517142408196485 -0.013070954191228987 0.038479500291708421 0.00054042692273150871
leaf_weight=232.57610459625721 13.61874406039715 149.78657552599907 123.57850195467472 14.206371173262594 12.740592837333677
leaf_count=933 57 603 495 57 51
internal_value=-6.74311e-05 0.00110392 -0.00383779 0.00656477 -0.0216293
internal_weight=546.507 520.148 273.365 246.782 26.3593
internal_count=2196 2088 1098 990 108
is_linear=0
shrinkage=0.04


Tree=18
num_leaves=6
num_cat=0
split_feature=101 65 31 18 74
split_gain=8.53783 10.1764 17.884 14.8159 9.71873
threshold=1.38563146284712 -0.060892094287888658 -0.96025885125699573 0.60217133826711977 -0.31715468232880289
decision_type=2 2 2 2 2
left_child=1 3 -3 -1 -2
right_child=4 2 -4 -5 -6
leaf_value=0.0088958729703544123 -0.0066515944658341623 0.016345575663584414 -0.011415238414633672 -0.016257303310589145 0.035944787800876433
leaf_weight=206.39547653496265 13.415977820754049 42.733215615153313 220.65460987389088 43.771796584129333 19.345039173960686
leaf_count=829 54 172 887 176 78
internal_value=-6.57094e-05 -0.00135918 -0.00682196 0.00440078 0.0191221
internal_weight=546.316 513.555 263.388 250.167 32.761
internal_count=2196 2064 1059 1005 132
is_linear=0
shrinkage=0.04


Tree=19
num_leaves=7
num_cat=0
split_feature=91 71 90 37 92 84
split_gain=8.03992 9.55581 9.45233 9.13084 6.20845 1.99069
threshold=0.92860878281197634 1.445686317633732 1.538050903884234 -0.85704916510836637 -0.059510254237736919 -0.15954397477661705
decision_type=2 2 2 2 2 2
left_child=1 3 5 -1 -3 -2
right_child=2 4 -4 -5 -6 -7
leaf_value=0.014317788735096926 -0.017038816067484461 0.034535323596190548 0.0053032867556101803 -0.0025257813533900685 0.0044274453285794452 -0.045849406915814281
leaf_weight=56.889327466487885 11.078139394521715 19.370913535356522 16.441697299480438 408.16877439618111 23.894383549690247 10.370968118309973
leaf_count=229 45 78 66 1640 96 42
internal_value=-5.90467e-05 0.00129303 -0.0173533 -0.000412864 0.0188378 -0.0336916
internal_weight=546.214 508.323 37.8908 465.058 43.2653 21.4491
internal_count=2196 2043 153 1869 174 87
is_linear=0
shrinkage=0.04


Tree=20
num_leaves=5
num_cat=0
split_feature=69 81 84 106
split_gain=8.34812 8.49104 13.6389 12.7434
threshold=1.7204936724138256 -0.3570947247754363 -1.4154455582601801 -0.58603517007457873
decision_type=2 2 2 2
left_child=1 2 -1 -3
right_child=-2 3 -4 -5
leaf_value=-0.029545793920386462 -0.02556197042431296 0.016236246696521107 0.011898444541104572 -0.0053937666372132088
leaf_weight=11.97024182975292 17.795160681009293 48.467558026313782 149.09429508447647 318.74903807044029
leaf_count=48 72 195 600 1281
internal_value=-5.76924e-05 0.000894589 0.00849372 -0.00246642
internal_weight=546.076 528.281 161.065 367.217
internal_count=2196 2124 648 1476
is_linear=0
shrinkage=0.04


Tree=21
num_leaves=4
num_cat=0
split_feature=69 86 106
split_gain=7.76329 8.64074 9.47511
threshold=1.7204936724138256 -1.8643709133096091 1.3715114518953861
decision_type=2 2 2
left_child=1 -1 -3
right_child=-2 2 -4
leaf_value=0.027806301735361218 -0.024666810613868641 0.001016334601100053 -0.026234069617573193
leaf_weight=16.377617657184601 17.776262849569321 492.45564392209053 19.294683992862701
leaf_count=66 72 1980 78
internal_value=-6.00791e-05 0.000858094 -0.000109224
internal_weight=545.904 528.128 511.75
internal_count=2196 2124 2058
is_linear=0
shrinkage=0.04


Tree=22
num_leaves=6
num_cat=0
split_feature=65 33 10 91 7
split_gain=7.62487 7.7501 9.65806 8.97372 6.938
threshold=-0.98798946153538869 0.58623625073154273 0.64676589783212968 0.90798124185904039 -0.34568317663738474
decision_type=2 2 2 2 2
left_child=4 3 -3 -2 -1
right_child=1 2 -4 -5 -6
leaf_value=-0.0023313897645161025 0.0032553005284436287 -0.017419619845051727 0.0094645416726869182 -0.016953546913883583 0.038578302826350219
leaf_weight=11.405461505055429 376.41927617788315 80.663859501481056 27.393398120999336 36.768892183899879 13.165656611323355
leaf_count=46 1514 324 110 149 53
internal_value=-6.09105e-05 -0.00112219 -0.0105561 0.00138395 0.0208426
internal_weight=545.817 521.245 108.057 413.188 24.5711
internal_count=2196 2097 434 1663 99
is_linear=0
shrinkage=0.04


Tree=23
num_leaves=5
num_cat=0
split_feature=101 82 24 62
split_gain=7.63544 8.34349 11.8858 11.4239
threshold=1.5434825187686882 -0.41507313507380389 -0.64949477049694981 -0.54354468609286954
decision_type=2 2 2 2
left_child=1 3 -3 -1
right_child=-2 2 -4 -5
leaf_value=-0.015046049058534636 0.023482226786768267 0.0082104425816231057 -0.0085429359562583518 0.011343527258955361
leaf_weight=30.605475127696991 19.199346318840981 88.260425746440887 271.98015682399273 135.6512853205204
leaf_count=123 78 355 1094 546
internal_value=-5.63113e-05 -0.00100029 -0.00441562 0.00636448
internal_weight=545.697 526.497 360.241 166.257
internal_count=2196 2118 1449 669
is_linear=0
shrinkage=0.04


Tree=24
num_leaves=6
num_cat=0
split_feature=101 74 104 0 44
split_gain=7.14163 8.99924 8.84785 11.7944 11.1384
threshold=1.38563146284712 -0.31715468232880289 0.85632666621838704 0.66076732295968421 0.77113415226572124
decision_type=2 2 2 2 2
left_child=2 -2 4 -4 -1
right_child=1 -3 3 -5 -6
leaf_value=-0.002234574144758303 -0.0071639401280089946 0.033811295868666082 -0.023604033450853292 0.019626933277826924 0.01398007599835698
leaf_weight=371.86374482512474 13.398073628544806 19.215366765856743 49.320022016763687 10.952580004930494 80.800696104764938
leaf_count=1496 54 78 199 44 325
internal_value=-5.11335e-05 0.0175368 -0.00123317 -0.0153702 0.000708509
internal_weight=545.55 32.6134 512.937 60.2726 452.664
internal_count=2196 132 2064 243 1821
is_linear=0
shrinkage=0.04


Tree=25
num_leaves=6
num_cat=0
split_feature=63 63 91 56 65
split_gain=7.34783 8.60855 12.5222 7.48235 6.4114
threshold=1.674319342858178 1.1732522928734941 0.92860878281197634 -0.08837006709197591 0.81472469319463303
decision_type=2 2 2 2 2
left_child=1 2 -1 -3 -2
right_child=4 3 -4 -5 -6
leaf_value=0.0012091008335284293 -0.037400513279278236 0.034263943182383343 -0.026643742924212854 -0.0036997643751266159 0.00086667630111354668
leaf_weight=461.13395933806896 13.336163818836214 20.178859829902649 25.351829379796982 12.707683250308035 12.732503339648245
leaf_count=1854 57 81 102 51 51
internal_value=-4.39706e-05 0.00102948 -0.000345516 0.0202233 -0.01998
internal_weight=545.441 519.372 486.486 32.8865 26.0687
internal_count=2196 2088 1956 132 108
is_linear=0
shrinkage=0.04


Tree=26
num_leaves=6
num_cat=0
split_feature=65 101 74 71 7
split_gain=6.9304 7.45814 8.37836 8.2419 6.47917
threshold=-0.98798946153538869 1.38563146284712 -0.31715468232880289 -0.82352835201120156 -0.34568317663738474
decision_type=2 2 2 2 2
left_child=4 3 -3 -2 -1
right_child=1 2 -4 -5 -6
leaf_value=-0.0024462672157709417 0.015103714828612554 -0.0068998214353733238 0.032660829606883865 -0.0038511879626256401 0.03709125083544821
leaf_weight=11.402368903160097 37.980841293931007 13.404010057449339 19.140101969242096 450.19496837258339 13.111860141158102
leaf_count=46 153 54 78 1812 53
internal_value=-4.7015e-05 -0.00105881 0.0169108 -0.00232086 0.0199037
internal_weight=545.234 520.72 32.5441 488.176 24.5142
internal_count=2196 2097 132 1965 99
is_linear=0
shrinkage=0.04


Tree=27
num_leaves=7
num_cat=0
split_feature=35 65 46 76 14 108
split_gain=6.85488 9.85255 8.12996 7.57061 5.37339 4.70967
threshold=0.70375294707680658 -0.58826289993983483 0.49955431543226447 2.0967008119958335 -0.45243299183355828 0.020136776624331613
decision_type=2 2 2 2 2 2
left_child=1 2 -1 -3 -2 -6
right_child=4 3 -4 -5 5 -7
leaf_value=0.023126757014313076 -0.02996168442108571 -0.0019974188385755197 -0.0072427178639045912 0.021501419165085606 0.0020353732551545811 -0.019189744966267509
leaf_weight=52.816150665283203 15.693511083722113 365.35195001959801 17.913955450057983 21.330571949481964 48.789403900504112 23.194983556866646
leaf_count=213 63 1473 72 86 196 93
internal_value=-3.44805e-05 0.00194025 0.0154474 -0.000597185 -0.0101501 -0.0051377
internal_weight=545.091 457.413 70.7301 386.683 87.6779 71.9844
internal_count=2196 1844 285 1559 352 289
is_linear=0
shrinkage=0.04


Tree=28
num_leaves=8
num_cat=0
split_feature=47 81 43 78 70 59 81
split_gain=6.85793 13.6457 10.1121 11.6624 11.1995 8.92646 2.6574
threshold=-0.70970578902432446 -0.3570947247754363 -0.29302553894875683 0.24269897051552014 -0.41987590491104454 -0.27543306462144795 -0.76386719104373835
decision_type=2 2 2 2 2 2 2
left_child=1 6 3 -2 -4 -3 -1
right_child=2 5 4 -5 -6 -7 -8
leaf_value=0.017147796026195337 -0.0019529335344678064 0.016623937014199341 -0.0096977532324960918 -0.025037401290413423 0.0068061307807830767 -0.015869616472511651 0.049803374619297291
leaf_weight=10.396052151918413 97.784821003675461 23.878858000040054 89.358985677361488 52.881188794970512 233.501116335392 26.342495307326317 10.852522015571592
leaf_count=42 394 96 360 213 941 106 44
internal_value=-3.47225e-05 0.0113392 -0.00179187 -0.010277 0.00220672 -0.000374866 0.036676
internal_weight=544.996 71.4699 473.526 150.666 322.86 50.2214 21.2486
internal_count=2196 288 1908 607 1301 202 86
is_linear=0
shrinkage=0.04


Tree=29
num_leaves=4
num_cat=0
split_feature=69 86 106
split_gain=6.8701 7.84885 8.20397
threshold=1.7204936724138256 -1.8643709133096091 1.3715114518953861
decision_type=2 2 2
left_child=1 -1 -3
right_child=-2 2 -4
leaf_value=0.026572285686144392 -0.023218118383736958 0.0009608507072863616 -0.024450709893263256
leaf_weight=16.304010167717934 17.705312460660934 491.70153030753136 19.200276747345924
leaf_count=66 72 1980 78
internal_value=-2.76631e-05 0.000835953 -8.57637e-05
internal_weight=544.911 527.206 510.902
internal_count=2196 2124 2058
is_linear=0
shrinkage=0.04


Tree=30
num_leaves=7
num_cat=0
split_feature=51 51 24 47 62 44
split_gain=6.70917 12.7646 12.7217 9.28604 9.67079 5.97628
threshold=-0.32845225127284267 -0.38049371807734017 -0.66594541864099488 -0.70970578902432446 -1.4662178003094197 0.49216633653262337
decision_type=2 2 2 2 2 2
left_child=1 2 -1 5 -5 -2
right_child=3 -3 -4 4 -6 -7
leaf_value=0.018012054380152766 0.010655320653007961 -0.044341998330234514 -0.0090395581939667971 -0.03445376563962204 0.0018542159619791829 0.043952771885952285
leaf_weight=33.316771909594536 38.888547971844673 11.183240011334417 129.62383036315441 10.194294095039366 311.64944350719452 9.9448590874671918
leaf_count=134 157 45 523 41 1256 40
internal_value=-2.95174e-05 -0.00646287 -0.00335693 0.00301098 0.000498495 0.0188988
internal_weight=544.801 174.124 162.941 370.677 321.844 48.8334
internal_count=2196 702 657 1494 1297 197
is_linear=0
shrinkage=0.04


Tree=31
num_leaves=8
num_cat=0
split_feature=64 8 24 72 101 40 68
split_gain=6.64389 10.6011 10.8453 10.2473 14.1054 9.69241 9.37984
threshold=-0.098216664556810343 0.30526861538669098 0.79766426999586482 0.046454445772561623 0.29507789083194064 -0.40829291754366576 -0.77563692335296197
decision_type=2 2 2 2 2 2 2
left_child=1 2 -1 6 -5 -3 -2
right_child=3 5 -4 4 -6 -7 -8
leaf_value=0.01490050766227217 0.0096728768134705864 0.015411456017042618 -0.021570575010549046 -0.0050298485142719323 0.01961899349131779 -0.014108505646557457 -0.016165571013186213
leaf_weight=134.45815978944302 26.138619616627693 22.729722991585732 12.665477633476256 113.17128613591194 52.892342373728752 62.532552778720856 120.1093477755785
leaf_count=544 105 92 51 456 213 252 483
internal_value=-3.02385e-05 0.00506693 0.0115136 -0.00383106 0.00296101 -0.00606604 -0.0114793
internal_weight=544.698 232.386 147.124 312.312 166.064 85.2623 146.248
internal_count=2196 939 595 1257 669 344 588
is_linear=0
shrinkage=0.04


Tree=32
num_leaves=8
num_cat=0
split_feature=66 101 75 75 109 72 57
split_gain=6.56474 10.9568 8.84687 11.8061 8.94512 8.4543 3.03142
threshold=1.2922431681627422 0.29507789083194064 1.337892237652579 0.43238751059455127 -0.11482989705279266 0.099544299641139741 -1.1358876402982414
decision_type=2 2 2 2 2 2 2
left_child=2 6 3 -1 -4 -3 -2
right_child=1 5 4 -5 -6 -7 -8
leaf_value=0.0027481333969558513 -0.01117846529406156 -0.020417472297348371 -0.0010289595527845342 -0.013779334960278293 0.033194005824699266 0.023181676018179269 -0.042006016757651254
leaf_weight=364.06040206551552 10.049067854881288 10.40141646564007 22.370366185903549 83.26190060377121 24.625203832983971 14.834366917610167 14.849580362439154
leaf_count=1467 42 42 90 336 99 60 60
internal_value=-2.85094e-05 -0.013531 0.00138994 -0.000375831 0.0175265 0.00503174 -0.0313203
internal_weight=544.452 50.1344 494.318 447.322 46.9956 25.2358 24.8986
internal_count=2196 204 1992 1803 189 102 102
is_linear=0
shrinkage=0.04


Tree=33
num_leaves=8
num_cat=0
split_feature=18 65 77 89 76 70 69
split_gain=6.48411 10.535 10.7567 9.772 8.27201 5.95121 5.28855
threshold=0.64040251045698404 -0.58826289993983483 -0.46945001959666049 0.059481098406310641 2.237723350346867 0.069862284767223212 -0.13822442279540909
decision_type=2 2 2 2 2 2 2
left_child=1 2 -1 6 -3 -5 -2
right_child=3 4 -4 5 -6 -7 -8
leaf_value=-0.0083397504376838891 -0.0093614119288319697 -0.0025544833961535568 0.022792781010852373 0.018617272518043175 0.024087852856398861 -0.017103089397049458 -0.049923055930565105
leaf_weight=23.589694529771805 10.408194199204447 395.1257493942976 60.502832323312759 14.623662158846857 17.569938510656357 11.578045681118963 10.950997993350027
leaf_count=95 42 1594 244 59 71 47 44
internal_value=-3.16694e-05 0.00133954 0.0140686 -0.0138305 -0.00130952 0.00273958 -0.0326515
internal_weight=544.349 496.788 84.0925 47.5609 412.696 26.2017 21.3592
internal_count=2196 2004 339 192 1665 106 86
is_linear=0
shrinkage=0.04


Tree=34
num_leaves=5
num_cat=0
split_feature=69 87 101 72
split_gain=6.35622 7.36281 16.0454 12.074
threshold=1.7204936724138256 -0.82323274754141107 0.06082236471788869 0.046454445772561623
decision_type=2 2 2 2
left_child=1 2 -1 -3
right_child=-2 3 -4 -5
leaf_value=-0.0099585587611279534 -0.022366117338995514 -0.007271913311183883 0.026664462547609794 0.0057987692641030767
leaf_weight=30.549117684364319 17.659572243690491 239.90257388353348 45.744239062070847 210.38780342042446
leaf_count=123 72 966 186 849
internal_value=-3.34701e-05 0.000797273 0.0121202 -0.0011663
internal_weight=544.243 526.584 76.2934 450.29
internal_count=2196 2124 309 1815
is_linear=0
shrinkage=0.04


Tree=35
num_leaves=8
num_cat=0
split_feature=47 81 44 43 78 23 81
split_gain=6.14781 12.3253 10.8523 9.21346 10.7181 10.4165 2.59003
threshold=-0.70970578902432446 -0.3570947247754363 0.46613601364043994 -0.29302553894875683 0.24269897051552014 1.2065929501099875 -0.76386719104373835
decision_type=2 2 2 2 2 2 2
left_child=1 6 -3 4 -2 -5 -1
right_child=3 2 -4 5 -6 -7 -8
leaf_value=0.015930025070676448 -0.0018146847247763778 -0.011788647982051613 0.027713285519225951 0.0037289422337106839 -0.023955976238793655 -0.029455602401849551 0.047833406609548684
leaf_weight=10.35454808175564 97.635124668478966 36.463415026664734 13.657806500792502 308.43663939833641 52.831309303641319 13.919201627373694 10.758592024445532
leaf_count=42 394 147 55 1245 213 56 44
internal_value=-3.30744e-05 0.0107544 -0.000374174 -0.00169675 -0.00980113 0.00212326 0.0349193
internal_weight=544.057 71.2344 50.1212 472.822 150.466 322.356 21.1131
internal_count=2196 288 202 1908 607 1301 86
is_linear=0
shrinkage=0.04


Tree=36
num_leaves=6
num_cat=0
split_feature=63 57 63 33 65
split_gain=6.11865 8.6042 10.9676 9.12541 5.97101
threshold=1.674319342858178 1.0000000180025095e-35 -0.057117513896704546 0.58623625073154273 0.81472469319463303
decision_type=2 2 2 2 2
left_child=1 3 -3 -1 -2
right_child=4 2 -4 -5 -6
leaf_value=0.010001278862006363 -0.035370360616551931 0.00093098105839831515 -0.017056254299517556 -0.0095770441119517827 0.0016153643952092948
leaf_weight=200.52630142867565 13.056587636470796 200.07164852321148 72.314645811915398 45.231490924954414 12.714188039302824
leaf_count=808 57 807 291 182 51
internal_value=-2.7493e-05 0.000949313 -0.00393389 0.00634969 -0.018321
internal_weight=543.915 518.144 272.386 245.758 25.7708
internal_count=2196 2088 1098 990 108
is_linear=0
shrinkage=0.04


Tree=37
num_leaves=8
num_cat=0
split_feature=66 101 75 75 96 72 26
split_gain=5.97756 9.97404 8.03526 10.8969 8.62901 7.68273 3.87863
threshold=1.2922431681627422 0.29507789083194064 1.337892237652579 0.43238751059455127 -0.023351125597194346 0.099544299641139741 -0.37864828755882191
decision_type=2 2 2 2 2 2 2
left_child=2 6 3 -1 -4 -3 -2
right_child=1 5 4 -5 -6 -7 -8
leaf_value=0.0026381943330120233 -0.011032118820203255 -0.019495112079970376 -3.7192143227484152e-05 -0.013247985117458149 0.033561609938900845 0.022120616023177459 -0.044129691728117856
leaf_weight=363.7202475219965 12.123650074005129 10.374193161726 24.528708517551422 83.175933286547661 22.383677646517754 14.781623333692549 12.64787721633911
leaf_count=1467 50 42 99 336 90 60 52
internal_value=-3.37821e-05 -0.0129457 0.00131865 -0.000364379 0.0167109 0.00478658 -0.0299654
internal_weight=543.736 49.9273 493.809 446.896 46.9124 25.1558 24.7715
internal_count=2196 204 1992 1803 189 102 102
is_linear=0
shrinkage=0.04


Tree=38
num_leaves=7
num_cat=0
split_feature=92 108 78 59 89 49
split_gain=5.97563 9.15586 10.8384 8.41068 10.3483 3.98657
threshold=-0.75767952099562397 1.3256396355411992 2.2770021523281927 -0.40288473252131601 1.5048349904043967 0.12405295729234102
decision_type=2 2 2 2 2 2
left_child=3 2 -2 -1 -5 -3
right_child=1 5 -4 4 -6 -7
leaf_value=0.038914534220916619 -0.0017181249080700639 -0.0026569767607472336 0.031755902055908135 -0.0015604105106541736 0.03831555864764534 -0.034607169721571039
leaf_weight=11.088309913873671 410.26709711551666 9.8800243288278597 14.080500662326811 71.260389044880867 10.167750298976896 16.842420384287834
leaf_count=45 1656 40 57 288 42 68
internal_value=-3.68411e-05 -0.00194523 -0.000463649 0.00911189 0.00421798 -0.0238019
internal_weight=543.586 451.07 424.348 92.5164 81.4281 26.7224
internal_count=2196 1821 1713 375 330 108
is_linear=0
shrinkage=0.04


Tree=39
num_leaves=8
num_cat=0
split_feature=18 65 57 95 92 20 45
split_gain=5.86007 9.82972 7.46154 6.76327 8.14353 4.18264 2.91802
threshold=0.64040251045698404 -0.98798946153538869 1.3221051769621166 0.095919924915099722 0.12401113539138338 0.74371908688918864 -0.061287438712073684
decision_type=2 2 2 2 2 2 2
left_child=1 6 -3 5 -5 -2 -1
right_child=3 2 -4 4 -6 -7 -8
leaf_value=0.0089325323197111169 -0.043164321578776817 0.0010039653983247416 -0.026492153645329166 0.025389660485211331 -0.018626197561375065 -0.0094853565898700091 0.040578154234513261
leaf_weight=9.8252686411142367 11.168031170964243 461.46785135567188 14.347847998142241 10.851231306791307 12.135559171438215 13.353143677115439 10.308054044842718
leaf_count=40 45 1864 58 44 49 54 42
internal_value=-2.51877e-05 0.00127982 6.74235e-05 -0.0131499 0.0025212 -0.0269226 0.0273374
internal_weight=543.457 495.949 475.816 47.508 22.9868 24.5212 20.1333
internal_count=2196 2004 1922 192 93 99 82
is_linear=0
shrinkage=0.04


Tree=40
num_leaves=8
num_cat=0
split_feature=64 15 51 1 14 93 100
split_gain=5.87038 10.4168 10.2858 8.5704 12.9146 10.7041 6.04997
threshold=-0.098216664556810343 0.96505464689406384 -0.64026240216598429 0.094596940223485401 1.0864738587746861 -0.88089592303770214 0.42039023326477926
decision_type=2 2 2 2 2 2 2
left_child=1 2 -1 4 -2 -5 -3
right_child=3 6 -4 5 -6 -7 -8
leaf_value=-0.012682474601715855 -0.0011733943250038482 -0.0356762724136249 0.011417461642846728 0.015367970963300861 0.037646995162180848 -0.01627647317385026 0.0036677699006654498
leaf_weight=31.957487821578979 171.23201641440392 13.091167703270914 176.67028856277466 18.588146582245827 12.895613402128218 108.83762694895267 10.094839826226233
leaf_count=129 692 53 716 75 52 438 41
internal_value=-2.72868e-05 0.00476987 0.00764047 -0.0036043 0.00192076 -0.0114942 -0.0196155
internal_weight=543.367 231.814 208.628 311.553 184.128 127.426 23.186
internal_count=2196 939 845 1257 744 513 94
is_linear=0
shrinkage=0.04


Tree=41
num_leaves=4
num_cat=0
split_feature=69 86 108
split_gain=5.8875 6.68717 7.10767
threshold=1.7204936724138256 -1.8643709133096091 1.3256396355411992
decision_type=2 2 2
left_child=1 -1 -3
right_child=-2 2 -4
leaf_value=0.02463497916938371 -0.021565594393985678 0.00121762224797265 -0.017201924718137213
leaf_weight=16.1456079185009 17.576690480113029 475.36123070120811 34.050266325473785
leaf_count=66 72 1920 138
internal_value=-2.57819e-05 0.000773619 -7.60411e-05
internal_weight=543.134 525.557 509.411
internal_count=2196 2124 2058
is_linear=0
shrinkage=0.04


Tree=42
num_leaves=4
num_cat=0
split_feature=101 57 106
split_gain=5.84168 6.97746 7.79038
threshold=1.5434825187686882 1.3221051769621166 0.46558799472312445
decision_type=2 2 2
left_child=1 2 -1
right_child=-2 -3 -4
leaf_value=0.0030885125927495416 0.020723259036472399 -0.024574469969724486 -0.0079676555807051026
leaf_weight=368.30521297454834 18.879859745502472 17.114092409610748 138.71829217672348
leaf_count=1488 78 69 561
internal_value=-2.6646e-05 -0.000850008 4.41972e-05
internal_weight=543.017 524.138 507.024
internal_count=2196 2118 2049
is_linear=0
shrinkage=0.04


Tree=43
num_leaves=7
num_cat=0
split_feature=45 101 1 47 81 44
split_gain=5.67262 9.1662 8.21044 6.70797 11.7237 8.8099
threshold=1.9265082789071397 -0.086258151014534518 0.46849569376066202 -0.70970578902432446 -0.3570947247754363 -4.3691623160596071
decision_type=2 2 2 2 2 2
left_child=3 -2 -3 4 -1 -5
right_child=1 2 -4 5 -6 -7
leaf_value=0.033574972375859206 -0.009093007864844049 0.0390679885897992 -0.0033507869824821214 0.023857721835829265 -0.0012919426572299891 -0.0044003498010774149
leaf_weight=20.979599863290787 18.403332144021988 20.386410623788837 10.393956005573271 16.471156388521194 46.538151919841766 409.70839276909828
leaf_count=86 75 83 42 67 188 1655
internal_value=-2.68232e-05 0.0126512 0.0254135 -0.0013358 0.0101964 -0.00320188
internal_weight=542.881 49.1837 30.7804 493.697 67.5178 426.18
internal_count=2196 200 125 1996 274 1722
is_linear=0
shrinkage=0.04


Tree=44
num_leaves=5
num_cat=0
split_feature=69 79 105 92
split_gain=5.54667 6.52627 16.589 11.136
threshold=1.7204936724138256 0.36543857533960888 -0.71063596338019031 0.59719005338539055
decision_type=2 2 2 2
left_child=1 3 -3 -1
right_child=-2 2 -4 -5
leaf_value=0.0073906566121222277 -0.020941058145620872 0.021976395052382788 -0.010481986621425811 -0.011154917277487854
leaf_weight=280.9190059453249 17.540248215198517 28.09719417989254 154.63741789758205 61.55656623840332
leaf_count=1137 72 114 624 249
internal_value=-1.40394e-05 0.000761642 -0.00530731 0.00401186
internal_weight=542.75 525.21 182.735 342.476
internal_count=2196 2124 738 1386
is_linear=0
shrinkage=0.04


Tree=45
num_leaves=8
num_cat=0
split_feature=35 65 83 72 75 1 58
split_gain=5.58743 7.31179 7.38126 7.36927 5.71141 11.5156 6.12147
threshold=0.70375294707680658 -0.58826289993983483 -0.70653847031415695 -0.9027733860775301 -0.15790199877978758 0.28129723510163607 0.32954277606636412
decision_type=2 2 2 2 2 2 2
left_child=1 3 -3 -1 6 -6 -2
right_child=4 2 -4 -5 5 -7 -8
leaf_value=-0.0075255220005054427 0.017379478748783438 0.017242345665764873 -0.0021329652981255396 0.021029926998992487 -0.0010911434213914505 -0.037200584127352235 -0.016677785345505777
leaf_weight=18.625300973653793 19.644023194909099 32.525490805506706 352.38516034185886 51.573415651917458 33.027585491538048 22.86219747364521 11.926584273576735
leaf_count=75 79 131 1428 210 133 92 48
internal_value=-1.53756e-05 0.00177384 -0.000415059 0.0134549 -0.00915725 -0.0166369 0.00428641
internal_weight=542.57 455.109 384.911 70.1987 87.4604 55.8898 31.5706
internal_count=2196 1844 1559 285 352 225 127
is_linear=0
shrinkage=0.04


Tree=46
num_leaves=5
num_cat=0
split_feature=36 51 68 47
split_gain=5.51486 7.47866 10.5654 7.97922
threshold=-1.3756462830250495 -0.32845225127284267 -1.0934959508150468 -0.70970578902432446
decision_type=2 2 2 2
left_child=-1 2 -2 -3
right_child=1 3 -4 -5
leaf_value=0.023627150291453108 0.0221243128848366 0.017292560172641875 -0.010939969139397064 0.00015221273468351407
leaf_weight=13.341894581913946 15.331494033336638 48.436208933591843 151.10225838422775 314.2156970500946
leaf_count=54 62 197 612 1271
internal_value=-1.59766e-05 -0.000698914 -0.00766762 0.00252379
internal_weight=542.428 529.086 166.434 362.652
internal_count=2196 2142 674 1468
is_linear=0
shrinkage=0.04


Tree=47
num_leaves=7
num_cat=0
split_feature=101 1 104 101 44 63
split_gain=5.29323 8.14197 6.9314 11.2996 9.30666 5.74132
threshold=1.38563146284712 0.071767361446172753 0.78524791426650409 -0.52538699690701074 0.77113415226572124 -0.49043251431399765
decision_type=2 2 2 2 2 2
left_child=2 -2 4 -4 -1 -3
right_child=1 5 3 -5 -6 -7
leaf_value=-0.0018783047547134247 0.039831459739178725 0.01836966706873415 0.020719512089016283 -0.019570043214700652 0.013116229162445855 -0.019999416000470522
leaf_weight=360.04372775554657 11.209269240498541 10.882189497351645 11.898124471306799 59.120159193873405 79.066783979535103 10.101589769124987
leaf_count=1456 46 45 48 240 320 41
internal_value=-7.60296e-06 0.01523 -0.00102494 -0.0124375 0.000868857 -0.000234217
internal_weight=542.322 32.193 510.129 71.0183 439.111 20.9838
internal_count=2196 132 2064 288 1776 86
is_linear=0
shrinkage=0.04


Tree=48
num_leaves=8
num_cat=0
split_feature=18 65 89 57 70 45 59
split_gain=5.34256 8.66364 8.29678 6.59091 5.56149 2.67661 2.60282
threshold=0.64040251045698404 -0.98798946153538869 0.059481098406310641 1.3221051769621166 0.069862284767223212 -0.061287438712073684 -0.27986168877865336
decision_type=2 2 2 2 2 2 2
left_child=1 5 6 -3 -4 -1 -2
right_child=2 3 4 -5 -6 -7 -8
leaf_value=0.0082422827987499326 -0.013239480796641293 0.00099154379124394092 0.018130380497493631 -0.024872368808854368 -0.016453886662744058 0.038546812161819516 -0.043631232649773734
leaf_weight=9.7863325178623217 11.358285695314409 460.52322247624397 14.540133923292162 14.320684522390364 11.560182258486746 10.188766643404959 9.9050136804580671
leaf_count=40 46 1864 59 58 47 42 40
internal_value=2.50578e-07 0.00124726 -0.0125503 0.000110472 0.00273169 0.0258012 -0.0299307
internal_weight=542.183 494.819 47.3636 474.844 26.1003 19.9751 21.2633
internal_count=2196 2004 192 1922 106 82 86
is_linear=0
shrinkage=0.04


Tree=49
num_leaves=7
num_cat=0
split_feature=71 98 92 18 46 10
split_gain=5.23085 7.92424 7.45254 8.31245 7.47585 4.0219
threshold=-0.82352835201120156 -0.16243037615865275 -0.75767952099562397 0.64040251045698404 -0.087568741506562839 -0.046408877286590038
decision_type=2 2 2 2 2 2
left_child=1 -1 4 -4 -2 -3
right_child=2 5 3 -5 -6 -7
leaf_value=-0.0082512301538113595 0.021802372988842748 0.042067541573539424 -0.0015079082399049473 -0.020703030898037982 -0.0012324371270174442 0.007888705598631288
leaf_weight=14.808528006076811 39.509519085288048 12.082392230629921 377.90850783884525 37.96055081486702 48.896362513303757 10.899344623088837
leaf_count=60 161 49 1529 154 199 44
internal_value=-4.43424e-06 0.0139602 -0.00110196 -0.00335074 0.00931664 0.0277871
internal_weight=542.065 37.7903 504.275 415.869 88.4059 22.9817
internal_count=2196 153 2043 1683 360 93
is_linear=0
shrinkage=0.04


Tree=50
num_leaves=7
num_cat=0
split_feature=66 57 33 51 106 74
split_gain=5.22417 7.90817 9.83767 8.97027 7.06952 5.3018
threshold=1.2922431681627422 1.0000000180025095e-35 0.59774894663659628 -0.31253244488648207 -0.56336488343948021 0.17962115001695636
decision_type=2 2 2 2 2 2
left_child=1 2 -1 -3 -2 -6
right_child=4 3 -4 -5 5 -7
leaf_value=0.010855313932106224 0.015313908221510608 -0.015128495529435794 -0.010036671674426822 0.0011453634941255909 -0.035514518023128633 -0.0060712643364628184
leaf_weight=181.11944060027599 10.293385937809942 72.915317788720131 43.229501321911812 195.03314550220966 16.68452014029026 22.690914735198021
leaf_count=734 42 294 175 789 69 93
internal_value=1.77744e-06 0.00126682 0.00677655 -0.00336243 -0.0121005 -0.0196609
internal_weight=541.966 492.297 224.349 267.948 49.6688 39.3754
internal_count=2196 1992 909 1083 204 162
is_linear=0
shrinkage=0.04


Tree=51
num_leaves=6
num_cat=0
split_feature=63 63 91 56 70
split_gain=5.14754 8.83149 9.48252 6.79274 4.41785
threshold=1.674319342858178 1.1732522928734941 0.92860878281197634 -0.08837006709197591 0.32424214404601309
decision_type=2 2 2 2 2
left_child=1 2 -1 -3 -2
right_child=4 3 -4 -5 -6
leaf_value=0.0008467211663356276 -0.028996795767781355 0.033807806313363657 -0.023520827269302713 -0.002567376477708484 0.0037448935191209017
leaf_weight=458.61481891572475 15.515812858939173 20.036655306816101 25.053371220827103 12.671468794345854 9.9111031591892225
leaf_count=1854 66 81 102 51 42
internal_value=-4.1526e-06 0.000889389 -0.000507147 0.0203798 -0.016892
internal_weight=541.803 516.376 483.668 32.7081 25.4269
internal_count=2196 2088 1956 132 108
is_linear=0
shrinkage=0.04


Tree=52
num_leaves=8
num_cat=0
split_feature=63 102 18 42 106 100 43
split_gain=5.09797 9.71899 8.40878 9.48851 9.06836 8.2089 7.6136
threshold=-0.33326512876846498 -0.58319389591556681 0.59889228808846495 0.32546461485064032 -0.72514888040025427 0.91938952301522692 0.1549366255559973
decision_type=2 2 2 2 2 2 2
left_child=1 6 4 -4 -2 -3 -1
right_child=2 5 3 -5 -6 -7 -8
leaf_value=-0.028089340112545692 0.017269617695463729 0.014677075150059435 0.011076058290545945 -0.029685921918379973 -0.0028787183534433338 -0.010486006425624028 0.010005041811916408
leaf_weight=19.596544951200489 38.73344199359417 114.63777063786983 11.352024003863333 31.509905889630318 289.68675929307938 23.718455567955971 12.389289528131483
leaf_count=79 158 465 46 128 1174 96 50
internal_value=-6.56249e-06 0.00568376 -0.00263371 -0.0188776 -0.000412302 0.0102754 -0.0136135
internal_weight=541.624 170.342 371.282 42.8619 328.42 138.356 31.9858
internal_count=2196 690 1506 174 1332 561 129
is_linear=0
shrinkage=0.04


Tree=53
num_leaves=7
num_cat=0
split_feature=45 101 1 81 51 18
split_gain=5.13383 8.06544 7.28549 6.05566 13.242 7.99347
threshold=1.9265082789071397 -0.086258151014534518 0.46849569376066202 0.64304847725279124 0.50062747061134028 0.64040251045698404
decision_type=2 2 2 2 2 2
left_child=3 -2 -3 5 -5 -1
right_child=1 2 -4 4 -6 -7
leaf_value=0.0026385068913674591 -0.0083684117676963848 0.037028794370527945 -0.0030366662614374727 -0.01868920002786531 0.017795220194471072 -0.016410327079174249
leaf_weight=367.81427000463009 18.307075768709183 20.216863647103313 10.363910362124441 68.972698733210564 18.7965949177742 36.964538305997849
leaf_count=1489 75 83 42 281 76 150
internal_value=-8.87991e-06 0.0120889 0.0240976 -0.00125368 -0.0106533 0.000826829
internal_weight=541.436 48.8878 30.5808 492.548 87.7693 404.779
internal_count=2196 200 125 1996 357 1639
is_linear=0
shrinkage=0.04


Tree=54
num_leaves=5
num_cat=0
split_feature=69 79 105 92
split_gain=5.13501 5.85522 14.6329 9.96699
threshold=1.7204936724138256 0.36543857533960888 -0.71063596338019031 0.59719005338539055
decision_type=2 2 2 2
left_child=1 3 -3 -1
right_child=-2 2 -4 -5
leaf_value=0.007025421961565294 -0.02017640677834983 0.020684460662931947 -0.0098732165514891067 -0.010537943715538406
leaf_weight=280.10526718199253 17.474748343229294 27.938458994030952 154.32578687369823 61.43816702067852
leaf_count=1137 72 114 624 249
internal_value=-6.82372e-06 0.000740239 -0.0050155 0.0038231
internal_weight=541.282 523.808 182.264 341.543
internal_count=2196 2124 738 1386
is_linear=0
shrinkage=0.04


Tree=55
num_leaves=5
num_cat=0
split_feature=36 108 51 82
split_gain=5.05771 6.88993 6.90085 6.24963
threshold=-1.3756462830250495 1.3256396355411992 -0.47081742871186966 0.96386098515877983
decision_type=2 2 2 2
left_child=-1 3 -3 -2
right_child=1 2 -4 -5
leaf_value=0.022683339551652724 -0.00029008926718950402 -0.036691710196265021 -0.0013207574983935652 0.024142453512084373
leaf_weight=13.275461807847021 478.601866543293 14.417716071009634 19.42053447663784 15.356904894113539
leaf_count=54 1942 59 79 62
internal_value=-8.4079e-06 -0.00066264 -0.0175981 0.000563799
internal_weight=541.072 527.797 33.8383 493.959
internal_count=2196 2142 138 2004
is_linear=0
shrinkage=0.04


Tree=56
num_leaves=8
num_cat=0
split_feature=35 43 51 65 75 29 109
split_gain=4.98709 6.90405 11.515 8.04025 5.14319 5.90315 4.51138
threshold=0.70375294707680658 -0.29302553894875683 -0.67544979549381445 -0.59563365254062817 -0.15790199877978758 0.21022894184234381 0.03470284764774257
decision_type=2 2 2 2 2 2 2
left_child=1 2 -1 -3 5 -2 -6
right_child=4 3 -4 -5 6 -7 -8
leaf_value=-0.03061316902900035 -0.017995353225812253 0.02067262445750969 -0.00048583164458975705 0.0024011739424457511 -0.0082807977704090589 0.016080538567290789 -0.033765207133929866
leaf_weight=22.23380409181118 10.71261975169182 43.310000985860825 125.41112625598907 262.76346936821938 41.452267333865166 20.79821565747261 14.30018664896488
leaf_count=91 43 177 509 1067 167 84 58
internal_value=-6.8386e-06 0.00168667 -0.00537121 0.00510404 -0.0086526 0.00411328 -0.0157603
internal_weight=540.982 453.718 147.645 306.073 87.2633 31.5108 55.7525
internal_count=2196 1844 600 1244 352 127 225
is_linear=0
shrinkage=0.04


Tree=57
num_leaves=7
num_cat=0
split_feature=101 1 43 65 64 63
split_gain=4.98341 7.49769 6.05271 8.77854 8.07908 5.38255
threshold=1.38563146284712 0.071767361446172753 0.29823647241727874 -0.0055143832839313735 0.69886365711854592 -0.49043251431399765
decision_type=2 2 2 2 2 2
left_child=2 -2 3 -1 -4 -3
right_child=1 5 4 -5 -6 -7
leaf_value=0.002055353986651973 0.038507114013415895 0.01800208244195577 0.0088074248048693547 -0.010994853459599916 -0.012556287195614966 -0.019174269297676669
leaf_weight=170.00938372313976 11.121678277850149 10.835906758904455 148.45700938999653 157.21429741382599 33.043227449059486 10.11019352078438
leaf_count=689 46 45 602 638 135 41
internal_value=-1.42317e-05 0.0147983 -0.00100225 -0.00424331 0.00482357 -4.9292e-05
internal_weight=540.792 32.0678 508.724 327.224 181.5 20.9461
internal_count=2196 132 2064 1327 737 86
is_linear=0
shrinkage=0.04


Tree=58
num_leaves=7
num_cat=0
split_feature=47 43 70 93 49 28
split_gain=4.85044 7.3733 9.96807 9.25702 7.08499 6.44023
threshold=-0.70970578902432446 -0.29302553894875683 -0.43985435694718961 -0.89575483450317306 0.68063224703912717 -0.41031342152880229
decision_type=2 2 2 2 2 2
left_child=4 3 -3 -2 5 -1
right_child=1 2 -4 -5 -6 -7
leaf_value=0.0037041353633518442 0.015065434799851845 -0.0095755562579630214 0.0062001990127271527 -0.012759347643017281 -0.018038370094108105 0.0300711866009831
leaf_weight=35.634693115949631 20.67585988342762 85.952311098575592 234.5521719455719 128.83805133402348 10.723075762391089 24.205427721142769
leaf_count=145 84 349 952 523 44 99
internal_value=-9.91463e-06 -0.00149 0.00193634 -0.00876346 0.00961822 0.0149973
internal_weight=540.582 470.018 320.504 149.514 70.5632 59.8401
internal_count=2196 1908 1301 607 288 244
is_linear=0
shrinkage=0.04


Tree=59
num_leaves=7
num_cat=0
split_feature=57 63 76 66 40 66
split_gain=5.11977 9.5354 9.38669 9.41833 8.75319 8.09766
threshold=1.0000000180025095e-35 -0.074468670017471858 2.1149471685310677 0.6855297822723293 -0.29660003328765544 -0.052073861275831065
decision_type=2 2 2 2 2 2
left_child=2 5 3 -1 -3 -2
right_child=1 4 -4 -5 -6 -7
leaf_value=0.0078120209036306324 0.006864843820650726 0.0032304253590401751 0.033628707765240552 -0.0079925325221046842 -0.024733848333039453 -0.010142645942024004
leaf_weight=161.87663379311562 126.13825613260269 26.220173582434654 13.983135715126989 93.559231594204903 51.776201516389847 66.877695068717003
leaf_count=657 513 106 57 384 209 270
internal_value=-7.26836e-06 -0.00387485 0.00388307 0.00200612 -0.0154873 0.00092837
internal_weight=540.431 271.012 269.419 255.436 77.9964 193.016
internal_count=2196 1098 1098 1041 315 783
is_linear=0
shrinkage=0.04


Tree=60
num_leaves=6
num_cat=0
split_feature=45 101 8 44 47
split_gain=4.77615 7.56759 5.88932 5.6869 7.09288
threshold=1.9265082789071397 -0.30495081221007159 -0.47035307395923948 -4.3691623160596071 -0.70970578902432446
decision_type=2 2 2 2 2
left_child=3 -2 -3 -1 -5
right_child=1 2 -4 4 -6
leaf_value=0.019532434928426819 -0.01649473575053512 0.040840987440491049 0.0079026165930132057 0.0099822751443130395 -0.0040515965823943578
leaf_weight=18.305233508348465 10.316045567393301 11.988635882735251 26.359266266226768 65.100159913301468 408.14421680569649
leaf_count=75 42 50 108 266 1655
internal_value=-5.61366e-06 0.0116902 0.0197141 -0.00120619 -0.00208719
internal_weight=540.214 48.6639 38.3479 491.55 473.244
internal_count=2196 200 158 1996 1921
is_linear=0
shrinkage=0.04


Tree=61
num_leaves=5
num_cat=0
split_feature=36 108 51 106
split_gain=4.75916 6.4243 6.24767 6.09246
threshold=-1.3756462830250495 1.3256396355411992 -0.47081742871186966 0.71789226352781821
decision_type=2 2 2 2
left_child=-1 3 -3 -2
right_child=1 2 -4 -5
leaf_value=0.022045337865177164 -0.0010183434777732809 -0.035255964184132481 -0.0014975924022183926 0.013053248673828963
leaf_weight=13.233895674347876 439.79444667696953 14.321528226137159 19.365429133176804 53.407122299075127
leaf_count=54 1786 59 79 218
internal_value=3.23342e-06 -0.000631671 -0.017021 0.000551986
internal_weight=540.122 526.889 33.687 493.202
internal_count=2196 2142 138 2004
is_linear=0
shrinkage=0.04


Tree=62
num_leaves=4
num_cat=0
split_feature=69 86 26
split_gain=4.7079 5.6975 6.14159
threshold=1.7204936724138256 -1.8643709133096091 -0.53357119043987189
decision_type=2 2 2
left_child=1 -1 -3
right_child=-2 2 -4
leaf_value=0.022883760743327045 -0.019341549371851233 0.0082898218628087404 -0.0023678986878173857
leaf_weight=15.920913040637968 17.411873191595078 108.35683803260326 398.37177267670631
leaf_count=66 72 439 1619
internal_value=2.65822e-06 0.000718378 -6.52632e-05
internal_weight=540.061 522.65 506.729
internal_count=2196 2124 2058
is_linear=0
shrinkage=0.04


Tree=63
num_leaves=6
num_cat=0
split_feature=71 98 92 103 10
split_gain=4.64383 7.24932 6.56466 6.57197 3.89829
threshold=-0.82352835201120156 -0.16243037615865275 -1.6363447743743145 0.17772958954228504 -0.046408877286590038
decision_type=2 2 2 2 2
left_child=1 -1 -2 -4 -3
right_child=2 4 3 -5 -6
leaf_value=-0.0080403879805881085 0.023880319152099871 0.040546649951821945 -0.0056042833051060861 0.0038486719494181059 0.0070130439101788239
leaf_weight=14.787180766463278 14.384929835796354 11.997171550989151 294.75659321248531 193.20870034396648 10.850942894816399
leaf_count=60 60 49 1197 786 44
internal_value=3.96833e-06 0.0131874 -0.00103209 -0.00186098 0.0264673
internal_weight=539.986 37.6353 502.35 487.965 22.8481
internal_count=2196 153 2043 1983 93
is_linear=0
shrinkage=0.04


Tree=64
num_leaves=5
num_cat=0
split_feature=32 79 105 92
split_gain=4.59093 5.6601 11.6576 9.4021
threshold=1.4901377790939432 0.36543857533960888 -0.68429255369196496 0.59719005338539055
decision_type=2 2 2 2
left_child=1 3 -3 -1
right_child=-2 2 -4 -5
leaf_value=0.0065658086089653792 -0.024637649212854267 0.016609221293504249 -0.0097270362082312704 -0.010507247683283356
leaf_weight=287.6086028367281 9.8254071176052076 30.748507648706436 150.75269325077534 60.926134705543518
leaf_count=1171 40 126 611 248
internal_value=1.30664e-05 0.000560922 -0.00513296 0.00353841
internal_weight=539.861 530.036 181.501 348.535
internal_count=2196 2156 737 1419
is_linear=0
shrinkage=0.04


Tree=65
num_leaves=5
num_cat=0
split_feature=69 71 25 18
split_gain=4.48631 5.21872 6.32965 3.57685
threshold=1.7204936724138256 3.0874248616636115 0.62034409429943538 0.2748662262529496
decision_type=2 2 2 2
left_child=1 2 -1 -3
right_child=-2 3 -4 -5
leaf_value=0.0020502008120374436 -0.018888169204002155 0.034644035536949662 -0.0092830335010057486 0.0024241811403484803
leaf_weight=405.77871277928352 17.383534222841263 9.8727649152278918 95.749510109424591 10.897250205278395
leaf_count=1652 72 40 388 44
internal_value=9.38292e-06 0.000707998 -0.000141767 0.0194372
internal_weight=539.682 522.298 501.528 20.77
internal_count=2196 2124 2040 84
is_linear=0
shrinkage=0.04


Tree=66
num_leaves=7
num_cat=0
split_feature=101 1 49 76 37 63
split_gain=4.41201 7.15323 5.75998 10.1764 7.09517 5.11157
threshold=1.38563146284712 0.071767361446172753 -0.33088917340162632 0.8847439949595598 -0.91507376578645216 -0.49043251431399765
decision_type=2 2 2 2 2 2
left_child=2 -2 3 -1 -4 -3
right_child=1 5 4 -5 -6 -7
leaf_value=-0.0027232168509917832 0.037246534984708188 0.017200144105209741 0.029964305221009933 -0.030077815508095421 0.00080995077947782293 -0.019094085148725671
leaf_weight=136.06614843010902 11.024491682648661 10.767093241214754 11.915887981653212 24.020941898226738 335.67935743927956 10.087519511580465
leaf_count=553 46 45 49 97 1365 41
internal_value=1.06347e-05 0.0139884 -0.00091852 -0.00714824 0.00197509 -0.000490242
internal_weight=539.561 31.8791 507.682 160.087 347.595 20.8546
internal_count=2196 132 2064 650 1414 86
is_linear=0
shrinkage=0.04


Tree=67
num_leaves=7
num_cat=0
split_feature=57 63 40 76 72 77
split_gain=4.70784 8.72224 8.96634 8.6687 8.64712 8.31137
threshold=1.0000000180025095e-35 -0.023417594143066486 -0.29660003328765544 2.1149471685310677 -0.72341239772851595 0.55937035069107321
decision_type=2 2 2 2 2 2
left_child=3 4 -3 5 -2 -1
right_child=1 2 -4 -5 -6 -7
leaf_value=0.0057679165368844437 -0.017396473897728085 0.0035734155828012343 -0.025929708102099967 0.032416335977868846 0.0043285646292030924 -0.011464249515128429
leaf_weight=199.31565411388874 33.450170531868935 24.700067922472954 45.025368690490723 13.896612405776976 167.38975231349468 55.63699272274971
leaf_count=813 135 100 182 57 681 228
internal_value=1.5293e-05 -0.00369613 -0.0156701 0.00375012 0.000574377 0.00194747
internal_weight=539.415 270.565 69.7254 268.849 200.84 254.953
internal_count=2196 1098 282 1098 816 1041
is_linear=0
shrinkage=0.04


Tree=68
num_leaves=8
num_cat=0
split_feature=66 64 75 75 96 61 27
split_gain=4.37732 7.55694 7.32528 9.23826 7.75047 3.75989 2.33669
threshold=1.2922431681627422 1.2863618780455088 1.337892237652579 0.43238751059455127 -0.023351125597194346 -0.44037517066883791 -0.54507599051208733
decision_type=2 2 2 2 2 2 2
left_child=2 5 3 -1 -4 -2 -3
right_child=1 6 4 -5 -6 -7 -8
leaf_value=0.002331715303071575 -0.0065456286512531516 0.019958558382233055 -2.3534958965238461e-05 -0.012358401854203931 0.031930281430462289 -0.035573694853441223 -0.0055432472016397364
leaf_weight=361.07421535253525 13.763037681579592 9.6565104722976702 24.338891446590424 82.424223035573959 22.235995456576347 15.769041925668715 10.006022050976751
leaf_count=1467 57 40 99 336 90 66 41
internal_value=1.34588e-05 -0.0111183 0.00117153 -0.000441669 0.0159186 -0.0233188 0.00766738
internal_weight=539.268 49.1946 490.073 443.498 46.5749 29.5321 19.6625
internal_count=2196 204 1992 1803 189 123 81
is_linear=0
shrinkage=0.04


Tree=69
num_leaves=7
num_cat=0
split_feature=57 64 76 100 76 66
split_gain=4.43905 8.38311 10.8349 9.08709 8.05545 8.49538
threshold=1.0000000180025095e-35 -0.09067497766902298 0.27235341866602203 0.92465507705865302 2.1149471685310677 0.6855297822723293
decision_type=2 2 2 2 2 2
left_child=4 3 -3 -2 5 -1
right_child=1 2 -4 -5 -6 -7
leaf_value=0.007424247102053888 0.0063144585936230216 -0.0026594693805479259 -0.027594552354127302 -0.024303180780020285 0.031332670056769402 -0.0076052713614527916
leaf_weight=161.50584390759468 132.33974832296371 81.906968429684639 40.661719962954521 15.555228799581526 13.832872822880743 93.296719163656235
leaf_count=657 540 330 165 63 57 384
internal_value=1.19985e-05 -0.0035922 -0.0112418 0.00281287 0.00364046 0.00190477
internal_weight=539.099 270.464 122.569 147.895 268.635 254.803
internal_count=2196 1098 495 603 1098 1041
is_linear=0
shrinkage=0.04


Tree=70
num_leaves=5
num_cat=0
split_feature=87 85 26 13
split_gain=4.4451 6.29159 9.76573 7.67762
threshold=-1.6783135944726346 0.34618327447249031 -0.37864828755882191 0.93244812214610195
decision_type=2 2 2 2
left_child=-1 3 -3 -2
right_child=1 2 -4 -5
leaf_value=0.018766465364868399 -0.00086306111077783269 0.0031488888599099842 -0.025792087853443536 0.015030664830590868
leaf_weight=17.488326475024223 396.0562809407711 36.229590177536011 35.627745389938354 53.408562302589417
leaf_count=72 1612 148 146 218
internal_value=9.04245e-06 -0.000689512 -0.0115103 0.00108376
internal_weight=538.811 521.322 71.8573 449.465
internal_count=2196 2124 294 1830
is_linear=0
shrinkage=0.04


Tree=71
num_leaves=7
num_cat=0
split_feature=45 101 67 83 100 82
split_gain=4.30235 7.00035 5.54573 5.33584 7.6658 5.92712
threshold=1.9265082789071397 -0.30495081221007159 1.1040811874456826 -0.65449209462167734 0.79361571059255331 -0.48625773233397723
decision_type=2 2 2 2 2 2
left_child=3 -2 -3 4 -1 -5
right_child=1 2 -4 5 -6 -7
leaf_value=0.016994700964338479 -0.015975809205252475 0.028041891012469219 -0.0045815693561171182 0.0046297956058461475 -0.014857781548749602 -0.0057196084716948361
leaf_weight=48.66956302523613 10.291567116975783 27.147597432136536 10.97026690840721 122.74496383965015 14.180589303374289 304.71365222334862
leaf_count=197 42 112 46 500 57 1242
internal_value=1.0227e-05 0.01114 0.0188926 -0.00112944 0.00957139 -0.00274005
internal_weight=538.718 48.4094 38.1179 490.309 62.8502 427.459
internal_count=2196 200 158 1996 254 1742
is_linear=0
shrinkage=0.04


Tree=72
num_leaves=5
num_cat=0
split_feature=36 108 51 45
split_gain=4.38818 5.82402 5.72002 5.67975
threshold=-1.3756462830250495 1.3256396355411992 -0.47081742871186966 1.5472438916854176
decision_type=2 2 2 2
left_child=-1 3 -3 -2
right_child=1 2 -4 -5
leaf_value=0.021236295430511039 -0.00093110587267977805 -0.033776521491318719 -0.0013849447859718392 0.013101229537282282
leaf_weight=13.149688959121702 442.42355141043663 14.199024543166159 19.288689315319061 49.503439605236053
leaf_count=54 1800 59 79 204
internal_value=1.11845e-05 -0.000598537 -0.0162487 0.000528323
internal_weight=538.564 525.415 33.4877 491.927
internal_count=2196 2142 138 2004
is_linear=0
shrinkage=0.04


Tree=73
num_leaves=6
num_cat=0
split_feature=15 106 85 66 7
split_gain=4.31692 6.32041 10.6271 6.95922 4.15505
threshold=1.0915233238947313 -0.72514888040025427 -0.30900914333517449 1.3060458754825042 0.0030435582752581284
decision_type=2 2 2 2 2
left_child=1 2 -1 -3 -2
right_child=4 3 -4 -5 -6
leaf_value=-0.0039110982040367519 -0.031153043642308802 0.00050369494475097098 0.025276070779168571 -0.016840732811939017 0.002337099467488129
leaf_weight=37.860783830285072 11.580579519271852 401.03782795369625 39.144338428974152 38.766066014766693 10.055372297763823
leaf_count=154 47 1630 162 162 41
internal_value=1.04427e-05 0.000772048 0.01119 -0.00109443 -0.0167077
internal_weight=538.445 516.809 77.0051 439.804 21.636
internal_count=2196 2108 316 1792 88
is_linear=0
shrinkage=0.04


Tree=74
num_leaves=7
num_cat=0
split_feature=57 63 72 76 77 74
split_gain=4.31127 7.95633 8.005 7.63364 7.47203 7.24181
threshold=1.0000000180025095e-35 -0.023417594143066486 -0.72341239772851595 2.1149471685310677 0.55937035069107321 0.49942564966298131
decision_type=2 2 2 2 2 2
left_child=3 2 -2 4 -1 -3
right_child=1 5 -4 -5 -6 -7
leaf_value=0.0055211067689528428 -0.016768550696572865 -0.0078529303220954035 0.0041495400412237702 0.030606165262841878 -0.01084039884432198 -0.038852491439650312
leaf_weight=198.91994838416576 33.399862810969353 55.582795068621635 167.10940693318844 13.762508168816565 55.467082545161247 13.986765339970587
leaf_count=813 135 225 681 57 228 57
internal_value=6.60247e-06 -0.00354749 0.000533911 0.00358603 0.00189688 -0.0149969
internal_weight=538.228 270.079 200.509 268.15 254.387 69.5696
internal_count=2196 1098 816 1098 1041 282
is_linear=0
shrinkage=0.04


Tree=75
num_leaves=4
num_cat=0
split_feature=32 57 105
split_gain=4.23203 5.30278 6.05297
threshold=1.4901377790939432 1.3221051769621166 -0.31211178779363524
decision_type=2 2 2
left_child=1 2 -1
right_child=-2 -3 -4
leaf_value=0.00729946671012556 -0.023690756113588649 -0.019742575850141879 -0.0018356979945179574
leaf_weight=175.00808793306351 9.8005949109792692 17.881389707326889 335.35394051671028
leaf_count=717 40 73 1366
internal_value=1.3144e-06 0.000528578 0.0013131
internal_weight=538.044 528.243 510.362
internal_count=2196 2156 2083
is_linear=0
shrinkage=0.04


Tree=76
num_leaves=8
num_cat=0
split_feature=87 18 92 13 24 63 59
split_gain=4.2494 8.25568 8.12864 9.13713 8.29438 7.38111 6.77368
threshold=0.45696318261775598 0.59889228808846495 0.60914330695142016 -0.33139904128325948 -0.5866503136275939 -0.35816458689231329 -0.35143662848300872
decision_type=2 2 2 2 2 2 2
left_child=1 6 4 -4 -2 -3 -1
right_child=2 5 3 -5 -6 -7 -8
leaf_value=0.0085877744979272752 -0.010168945510485057 0.003957962901694939 0.019275181640553276 -0.01956872222728025 0.018422950802813035 -0.027987926158480558 -0.0034872402901357175
leaf_weight=103.6004886329174 19.177942231297493 16.919335216283798 11.984341144561766 30.475193440914154 74.980283200740814 31.786769151687622 249.02419844269753
leaf_count=423 78 69 49 125 306 130 1016
internal_value=-4.35001e-06 -0.00208079 0.00603746 -0.00823102 0.012509 -0.0171723 8.88023e-05
internal_weight=537.949 401.331 136.618 42.4595 94.1582 48.7061 352.625
internal_count=2196 1638 558 174 384 199 1439
is_linear=0
shrinkage=0.04


Tree=77
num_leaves=8
num_cat=0
split_feature=47 81 44 44 69 79 81
split_gain=4.13406 9.8505 9.9248 6.53835 5.79106 4.3637 2.58701
threshold=-0.70970578902432446 -0.3570947247754363 0.6331684592790302 -4.3691623160596071 1.7204936724138256 0.16089142269874362 -0.76386719104373835
decision_type=2 2 2 2 2 2 2
left_child=1 6 -3 5 -5 -2 -1
right_child=3 2 -4 4 -6 -7 -8
leaf_value=0.012648390257575205 0.00051273925732639588 -0.010515903389976298 0.030197828808427751 -0.0015752409077609483 -0.027528407154630865 0.036648181421084683 0.043556984887665885
leaf_weight=10.170932322740557 9.9443863630294818 39.002034336328506 10.502697899937628 435.83230729401112 12.220567524433134 9.7123747467994672 10.4517934769392
leaf_count=42 41 159 43 1776 51 40 44
internal_value=-5.76686e-06 0.00891042 -0.00104105 -0.00137489 -0.0024023 0.0201028 0.030779
internal_weight=537.837 70.1275 49.5047 467.71 448.053 19.6568 20.6227
internal_count=2196 288 202 1908 1827 81 86
is_linear=0
shrinkage=0.04


Tree=78
num_leaves=5
num_cat=0
split_feature=87 85 26 13
split_gain=4.19578 5.30522 9.09641 7.20588
threshold=-1.6783135944726346 0.34618327447249031 -0.37864828755882191 0.93244812214610195
decision_type=2 2 2 2
left_child=-1 3 -3 -2
right_child=1 2 -4 -5
leaf_value=0.018248982011492845 -0.00093038319636234892 0.0035189812831788181 -0.024441403226378413 0.014484593654416733
leaf_weight=17.449495479464531 395.33975519239902 36.109491124749184 35.487749174237251 53.279052197933197
leaf_count=72 1612 148 146 218
internal_value=7.04744e-06 -0.000672385 -0.0106274 0.000956499
internal_weight=537.666 520.216 71.5972 448.619
internal_count=2196 2124 294 1830
is_linear=0
shrinkage=0.04


Tree=79
num_leaves=8
num_cat=0
split_feature=35 43 51 8 75 1 29
split_gain=4.1765 5.65241 9.88768 7.23242 4.65125 10.7265 5.37991
threshold=0.70375294707680658 -0.29302553894875683 -0.67544979549381445 -0.97130928079090617 -0.15790199877978758 0.28129723510163607 0.21022894184234381
decision_type=2 2 2 2 2 2 2
left_child=1 2 -1 -3 6 -6 -2
right_child=4 3 -4 -5 5 -7 -8
leaf_value=-0.028388753401441705 -0.0169217212986538 0.021606434465579812 -0.00031751341791324167 0.0024144424738778815 0.00026524362527113887 -0.034635172408099504 0.015653388081700057
leaf_weight=21.941651299595833 10.691226676106455 33.66259691119194 124.65482544898987 270.41603749990463 32.804645821452141 22.659228652715683 20.726359516382217
leaf_count=91 43 138 509 1106 133 92 84
internal_value=8.39277e-06 0.00156489 -0.00484458 0.00466636 -0.00791906 -0.0147022 0.00421895
internal_weight=537.557 450.675 146.596 304.079 86.8815 55.4639 31.4176
internal_count=2196 1844 600 1244 352 225 127
is_linear=0
shrinkage=0.04


Tree=80
num_leaves=5
num_cat=0
split_feature=36 79 74 28
split_gain=4.12167 5.20473 9.61192 7.88074
threshold=-1.3756462830250495 0.36543857533960888 -0.12670539150357449 0.75371241025920444
decision_type=2 2 2 2
left_child=-1 3 -3 -2
right_child=1 2 -4 -5
leaf_value=0.020610184669023996 0.0049741245205572491 -0.018793721741482753 0.00078315353882549624 -0.010504765567829246
leaf_weight=13.094983503222464 290.06462693214417 60.604998752474785 111.3446971476078 62.253405332565308
leaf_count=54 1187 246 455 254
internal_value=2.0295e-06 -0.000589084 -0.00625362 0.0021952
internal_weight=537.363 524.268 171.95 352.318
internal_count=2196 2142 701 1441
is_linear=0
shrinkage=0.04


Tree=81
num_leaves=8
num_cat=0
split_feature=57 25 63 40 46 63 47
split_gain=4.06564 7.47042 7.30106 7.11202 6.88564 6.74479 4.32479
threshold=1.0000000180025095e-35 -0.81152472911280937 -0.074468670017471858 -0.29660003328765544 -1.3511884619607148 1.5972215269657761 1.0373324371845234
decision_type=2 2 2 2 2 2 2
left_child=1 6 4 -4 -2 -3 -1
right_child=2 5 3 -5 -6 -7 -8
leaf_value=0.030792897275201007 0.022433723480478326 0.003317766159053694 0.0032478707039647714 -0.022002346037246819 -0.0018393657182639003 -0.017936291615952012 0.00029891551345918567
leaf_weight=21.127342984080315 18.937415853142738 210.6017854064703 26.090637654066086 51.481209605932236 173.05844524502754 24.918450951576233 11.029928043484686
leaf_count=87 78 858 106 209 705 108 45
internal_value=1.53722e-06 0.00348045 -0.00345317 -0.0136415 0.000761396 0.000936955 0.0209634
internal_weight=537.245 267.678 269.568 77.5718 191.996 235.52 32.1573
internal_count=2196 1098 1098 315 783 966 132
is_linear=0
shrinkage=0.04


Tree=82
num_leaves=6
num_cat=0
split_feature=101 74 49 76 37
split_gain=3.96923 7.0321 5.37245 8.75368 6.1994
threshold=1.38563146284712 -0.31715468232880289 -0.33088917340162632 0.8847439949595598 -0.91507376578645216
decision_type=2 2 2 2 2
left_child=2 -2 3 -1 -4
right_child=1 -3 4 -5 -6
leaf_value=-0.0027916986758091851 -0.0083227019290060805 0.02812503817820719 0.028220823835015563 -0.028230840536428957 0.00083440368719567607
leaf_weight=135.51947976648808 13.220177263021471 18.425170511007309 11.777327939867972 23.889922201633453 334.16193908452988
leaf_count=553 54 78 49 97 1365
internal_value=4.23157e-06 0.013309 -0.000878104 -0.00690671 0.00192362
internal_weight=536.994 31.6453 505.349 159.409 345.939
internal_count=2196 132 2064 650 1414
is_linear=0
shrinkage=0.04


Tree=83
num_leaves=6
num_cat=0
split_feature=22 81 51 46 10
split_gain=3.93263 6.51725 15.9912 6.35456 5.15399
threshold=-1.2330268190066234 0.64304847725279124 0.65080132028510429 -1.3511884619607148 0.72784108553317817
decision_type=2 2 2 2 2
left_child=4 3 -3 -2 -1
right_child=1 2 -4 -5 -6
leaf_value=0.031489998427572934 0.015311296530391682 -0.018875835883307341 0.024882748576554273 -0.00045836582421776025 -0.0023077652596141581
leaf_weight=12.247687205672266 43.760388284921646 69.295473739504814 14.626278698444365 382.77618251740932 14.120829463005064
leaf_count=50 181 286 60 1561 58
internal_value=6.83899e-06 -0.000795716 -0.0108477 0.00122343 0.014504
internal_weight=536.827 510.458 83.9218 426.537 26.3685
internal_count=2196 2088 346 1742 108
is_linear=0
shrinkage=0.04


Tree=84
num_leaves=8
num_cat=0
split_feature=47 81 44 43 48 18 106
split_gain=3.94369 9.05818 9.20688 5.8875 9.25294 7.83104 2.55483
threshold=-0.70970578902432446 -0.3570947247754363 0.6331684592790302 -0.29302553894875683 0.46682298789398569 0.57396577726620956 -0.3144370649544701
decision_type=2 2 2 2 2 2 2
left_child=1 6 -3 4 -2 -5 -1
right_child=3 2 -4 5 -6 -7 -8
leaf_value=0.011200031735194774 -0.013912603974876496 -0.0099366570938627472 0.029329666162142481 0.0045187467352306599 0.0081347624432681134 -0.012237165726491226 0.041821004034130763
leaf_weight=9.5553605109453219 107.76893419027328 38.950598493218422 10.462916821241377 266.87199759483337 40.633432492613792 51.540143892168999 10.914001122117041
leaf_count=40 441 159 43 1090 166 211 46
internal_value=1.40042e-05 0.00873808 -0.000804825 -0.00132371 -0.00784801 0.00174708 0.029796
internal_weight=536.697 69.8829 49.4135 466.815 148.402 318.412 20.4694
internal_count=2196 288 202 1908 607 1301 86
is_linear=0
shrinkage=0.04


Tree=85
num_leaves=5
num_cat=0
split_feature=87 85 26 10
split_gain=3.94971 5.04964 8.06118 6.78124
threshold=-1.6783135944726346 0.34618327447249031 -0.37864828755882191 1.5628916888358142
decision_type=2 2 2 2
left_child=-1 3 -3 -2
right_child=1 2 -4 -5
leaf_value=0.017748094959915507 -0.0003158993756239508 0.0029802131753885776 -0.023399415194012781 0.019953104342114655
leaf_weight=17.391210272908211 421.57609616219997 36.009289130568504 35.337580665946007 26.170860916376114
leaf_count=72 1723 148 146 107
internal_value=2.23664e-05 -0.000637338 -0.0103672 0.000952288
internal_weight=536.485 519.094 71.3469 447.747
internal_count=2196 2124 294 1830
is_linear=0
shrinkage=0.04


Tree=86
num_leaves=5
num_cat=0
split_feature=44 65 18 28
split_gain=3.87385 5.25563 4.84921 4.67326
threshold=8.4267664420549515 -0.98798946153538869 -0.72058310083754051 0.36671219135310701
decision_type=2 2 2 2
left_child=1 3 -3 -1
right_child=-2 2 -4 -5
leaf_value=0.033315683142459702 0.02107975664763747 0.0078844147544848073 -0.0030501163385814475 -0.0013613018771650332
leaf_weight=11.525937452912332 11.627777174115179 74.486757814884186 427.497035831213 11.229577034711836
leaf_count=49 48 305 1748 46
internal_value=2.4006e-05 -0.000520839 -0.00140275 0.0174756
internal_weight=536.367 524.739 501.984 22.7555
internal_count=2196 2148 2053 95
is_linear=0
shrinkage=0.04


Tree=87
num_leaves=5
num_cat=0
split_feature=57 15 64 101
split_gain=3.84408 5.44878 6.75015 4.45787
threshold=1.3221051769621166 1.0915233238947313 -0.12386548109874398 0.024354995448105866
decision_type=2 2 2 2
left_child=1 2 -1 -3
right_child=-2 3 -4 -5
leaf_value=0.0073433732923697068 -0.016741517248400423 0.0014437172799080366 -0.0021673674012490773 -0.034114004393245766
leaf_weight=194.84426584839821 19.01142293214798 9.8339883834123629 301.84047922492027 10.75694617629051
leaf_count=802 78 40 1232 44
internal_value=3.17643e-05 0.000710338 0.00157809 -0.0185077
internal_weight=536.287 517.276 496.685 20.5909
internal_count=2196 2118 2034 84
is_linear=0
shrinkage=0.04


Tree=88
num_leaves=5
num_cat=0
split_feature=69 92 79 109
split_gain=3.91852 4.83493 8.71989 6.30165
threshold=1.7204936724138256 -0.75767952099562397 0.50955217974033173 0.7205842918538613
decision_type=2 2 2 2
left_child=1 2 -1 -3
right_child=-2 3 -4 -5
leaf_value=0.016334308602012633 -0.017714677351236816 0.0012278667110220253 -0.012148529858322338 -0.011169765174838754
leaf_weight=65.363046064972878 17.216466352343559 353.64144250750542 21.46077935397625 78.457489937543869
leaf_count=270 72 1443 87 324
internal_value=2.39535e-05 0.000678227 0.00917901 -0.0010643
internal_weight=536.139 518.923 86.8238 432.099
internal_count=2196 2124 357 1767
is_linear=0
shrinkage=0.04


Tree=89
num_leaves=7
num_cat=0
split_feature=57 76 66 64 76 100
split_gain=3.88934 7.17032 7.33656 6.90629 9.19337 7.87789
threshold=1.0000000180025095e-35 2.1149471685310677 0.6855297822723293 -0.09067497766902298 0.27235341866602203 0.92465507705865302
decision_type=2 2 2 2 2 2
left_child=1 2 -1 5 -5 -2
right_child=3 -3 -4 4 -6 -7
leaf_value=0.0069303410037314037 0.0057484080234862468 0.029703285369540137 -0.0070780959194984084 -0.0024175115237060093 -0.025461026458884317 -0.02280320835628788
leaf_weight=160.61830221116543 131.48917104303837 13.657438918948172 92.706522256135941 81.646761670708656 40.306176528334618 15.506613507866858
leaf_count=657 540 57 384 330 165 63
internal_value=1.95255e-05 0.00342675 0.00178854 -0.00336312 -0.0103215 0.00247083
internal_weight=535.931 266.982 253.325 268.949 121.953 146.996
internal_count=2196 1098 1041 1098 495 603
is_linear=0
shrinkage=0.04


Tree=90
num_leaves=8
num_cat=0
split_feature=47 81 44 44 69 79 81
split_gain=3.777 8.35012 8.52643 5.81852 5.2345 4.23208 2.47459
threshold=-0.70970578902432446 -0.3570947247754363 0.6331684592790302 -4.3691623160596071 1.7204936724138256 0.16089142269874362 -0.76386719104373835
decision_type=2 2 2 2 2 2 2
left_child=1 6 -3 5 -5 -2 -1
right_child=3 2 -4 4 -6 -7 -8
leaf_value=0.011365859603380794 -0.00019526809154151361 -0.0093894882162202913 0.028445505664763129 -0.0014767084482276631 -0.026236513973002428 0.035354669637958233 0.04140930538969232
leaf_weight=10.07750451564789 9.8772916197776812 38.895475119352341 10.426645264029501 434.30375552177429 12.120893716812132 9.6536274552345258 10.248068600893019
leaf_count=42 41 159 43 1776 51 40 44
internal_value=1.64885e-05 0.00856901 -0.00059439 -0.00129304 -0.00226298 0.019028 0.0288662
internal_weight=535.603 69.6477 49.3221 465.956 446.425 19.5309 20.3256
internal_count=2196 288 202 1908 1827 81 86
is_linear=0
shrinkage=0.04


Tree=91
num_leaves=5
num_cat=0
split_feature=92 106 57 69
split_gain=3.77866 5.10008 5.97074 3.6418
threshold=-1.6363447743743145 1.2708717643946843 -0.079151019683692383 0.16367501777331012
decision_type=2 2 2 2
left_child=-1 2 -2 -3
right_child=1 3 -4 -5
leaf_value=0.018219479514622099 0.0052672639680152386 -0.031534968376096865 -0.0035387857479943991 5.1246541258206031e-05
leaf_weight=15.670219480991362 215.52202141284943 12.206962987780573 282.09290911257267 9.9062876105308515
leaf_count=66 885 51 1152 42
internal_value=2.77972e-05 -0.000588437 0.00028102 -0.0185544
internal_weight=535.398 519.728 497.615 22.1133
internal_count=2196 2130 2037 93
is_linear=0
shrinkage=0.04


Tree=92
num_leaves=8
num_cat=0
split_feature=87 67 93 21 33 85 33
split_gain=3.77241 7.55454 11.7427 7.35198 6.87275 7.33796 5.88176
threshold=0.45696318261775598 0.37215737095754048 0.65414714869109292 0.058960686898281135 0.58623625073154273 -0.96119368870338417 0.8735692821523352
decision_type=2 2 2 2 2 2 2
left_child=4 3 -3 -2 5 -1 -6
right_child=1 2 -4 -5 6 -7 -8
leaf_value=0.017835859144271823 0.00018951395065010105 0.018355599393651462 -0.024500188461407477 0.022120665674089844 -0.023303711289780097 -0.0012998275976285425 -0.0027773138541584653
leaf_weight=34.276406556367874 46.533228471875191 14.608763441443442 25.167177349328995 49.632543206214905 37.06837897002697 274.41746579110622 53.622155949473381
leaf_count=141 190 60 105 203 152 1126 219
internal_value=2.49647e-05 0.00573146 -0.00863505 0.0117286 -0.00193628 0.000926075 -0.011489
internal_weight=535.326 135.942 39.7759 96.1658 399.384 308.694 90.6905
internal_count=2196 558 165 393 1638 1267 371
is_linear=0
shrinkage=0.04


Tree=93
num_leaves=6
num_cat=0
split_feature=35 57 8 14 75
split_gain=3.6724 5.6366 6.34885 4.30357 4.44732
threshold=0.70375294707680658 1.3221051769621166 -0.97130928079090617 -0.45243299183355828 -0.16200772531937122
decision_type=2 2 2 2 2
left_child=1 2 -1 -2 -5
right_child=3 -3 -4 4 -6
leaf_value=0.015926538314798379 -0.025204564471646981 -0.019969929531460547 0.00067517550705907959 0.0097091164848980612 -0.010424712286722785
leaf_weight=47.298777893185616 15.51217409968376 16.792504593729973 384.44522687792778 26.148584976792336 44.933009967207909
leaf_count=195 63 69 1580 106 183
internal_value=2.50224e-05 0.00148887 0.00241174 -0.00741984 -0.00295512
internal_weight=535.13 448.537 431.744 86.5938 71.0816
internal_count=2196 1844 1775 352 289
is_linear=0
shrinkage=0.04


Tree=94
num_leaves=5
num_cat=0
split_feature=71 62 31 25
split_gain=3.7514 5.37986 5.48547 2.44702
threshold=3.0181955851171209 -1.415176460127886 -0.96025885125699573 -0.12502376409632779
decision_type=2 2 2 2
left_child=1 -1 -3 -2
right_child=3 2 -4 -5
leaf_value=-0.024155735581177548 -0.00091402710077434881 0.012700939762580811 -0.0013924787480107874 0.024232704551207466
leaf_weight=13.22464697062969 9.7194086164236086 46.967393696308136 450.69376789033413 14.402505517005919
leaf_count=54 40 193 1850 59
internal_value=1.96797e-05 -0.000733491 -1.68805e-05 0.0148062
internal_weight=535.008 510.886 497.661 24.1219
internal_count=2196 2097 2043 99
is_linear=0
shrinkage=0.04


Tree=95
num_leaves=4
num_cat=0
split_feature=101 106 103
split_gain=3.69067 4.56046 4.95756
threshold=1.5434825187686882 1.3715114518953861 -1.6231636174007555
decision_type=2 2 2
left_child=1 2 -1
right_child=-2 -3 -4
leaf_value=0.014716716817218336 0.016813688322681281 -0.01908463868968464 -0.00095356568863607608
leaf_weight=32.700025156140327 18.15580740571022 18.579600006341934 465.52298608422279
leaf_count=135 78 78 1905
internal_value=2.04779e-05 -0.000632028 0.000129655
internal_weight=534.958 516.803 498.223
internal_count=2196 2118 2040
is_linear=0
shrinkage=0.04


Tree=96
num_leaves=7
num_cat=0
split_feature=83 100 109 94 18 69
split_gain=3.707 6.05714 5.37295 6.61575 5.88224 4.77057
threshold=-0.65449209462167734 0.79361571059255331 -0.63868175886527678 -0.93878033482699497 0.65352312496082809 0.84241955373100985
decision_type=2 2 2 2 2 2
left_child=1 5 3 -2 -4 -1
right_child=2 -3 4 -5 -6 -7
leaf_value=0.02159982478501251 0.027975344842569215 -0.011499665513154528 -0.0017652768486082291 0.0015204377365539898 -0.020125943135254478 -0.006913552071863698
leaf_weight=39.719818502664566 18.153273895382881 16.382073670625687 359.5236124843359 61.64718060195446 28.325583323836327 11.062370002269743
leaf_count=162 75 66 1479 252 117 45
internal_value=2.14075e-05 0.00866699 -0.0012519 0.00807534 -0.00320257 0.0153619
internal_weight=534.814 67.1643 467.65 79.8005 387.849 50.7822
internal_count=2196 273 1923 327 1596 207
is_linear=0
shrinkage=0.04


Tree=97
num_leaves=5
num_cat=0
split_feature=44 65 26 7
split_gain=3.68744 4.70827 5.00462 4.31927
threshold=8.4267664420549515 -0.98798946153538869 -0.53357119043987189 -0.34568317663738474
decision_type=2 2 2 2
left_child=1 3 -3 -1
right_child=-2 2 -4 -5
leaf_value=-0.0027665939038057962 0.02059494522091903 0.0058027466653275683 -0.0035625700488048934 0.030749913955127155
leaf_weight=10.229073092341425 11.588268533349035 117.76905870437622 382.73279505968094 12.360518515110014
leaf_count=43 48 482 1571 52
internal_value=2.2273e-05 -0.00051019 -0.00134457 0.0165823
internal_weight=534.68 523.091 500.502 22.5896
internal_count=2196 2148 2053 95
is_linear=0
shrinkage=0.04


Tree=98
num_leaves=8
num_cat=0
split_feature=63 98 51 57 1 59 37
split_gain=3.66163 8.18887 7.97373 7.41219 7.41251 6.49753 6.16443
threshold=-0.33326512876846498 -0.74874272651960228 -0.67544979549381445 -0.0067131122401151034 0.071767361446172753 0.011459609806509988 -1.0060660270289938
decision_type=2 2 2 2 2 2 2
left_child=1 5 -3 4 -2 -1 -5
right_child=3 2 -4 6 -6 -7 -8
leaf_value=-0.037184184871500298 0.0078051285211382486 -0.0153436070378021 0.011854479548553483 0.017052290907151851 -0.0066872814914884808 0.003987149091161186 -0.012246645250851944
leaf_weight=10.332244396209719 141.25649723410606 18.12435582280159 128.27367956936359 10.913168147206305 91.323104441165924 11.508328333497046 122.89182506501675
leaf_count=42 583 74 526 45 377 48 501
internal_value=2.90566e-05 0.00488045 0.0083259 -0.00221304 0.00210614 -0.0169755 -0.00964108
internal_weight=534.623 168.239 146.398 366.385 232.58 21.8406 133.805
internal_count=2196 690 600 1506 960 90 546
is_linear=0
shrinkage=0.04


Tree=99
num_leaves=8
num_cat=0
split_feature=66 75 75 94 64 92 27
split_gain=3.66614 6.94556 8.18438 7.49802 6.89073 5.38823 2.06327
threshold=1.2922431681627422 1.337892237652579 0.43238751059455127 -0.33566407704052176 1.2863618780455088 -0.58627906906666916 -0.54507599051208733
decision_type=2 2 2 2 2 2 2
left_child=1 2 -1 -3 5 -2 -6
right_child=4 3 -4 -5 6 -7 -8
leaf_value=0.0021269928047799244 -0.0012933156760699947 -0.0032064577790217137 -0.011761444397287837 0.028620300533826408 0.019290647781545694 -0.035591872858205663 -0.0048417395321880847
leaf_weight=358.30186119675636 12.327360689640047 19.631175309419632 81.654320299625397 26.510761097073555 9.5763840377330798 16.653886526823044 9.8544554114341718
leaf_count=1467 51 81 336 108 40 72 41
internal_value=2.33996e-05 0.00108398 -0.000492212 0.0155089 -0.0102463 -0.0220281 0.0077421
internal_weight=534.51 486.098 439.956 46.1419 48.4121 28.9812 19.4308
internal_count=2196 1992 1803 189 204 123 81
is_linear=0
shrinkage=0.04


Tree=100
num_leaves=5
num_cat=0
split_feature=32 11 11 92
split_gain=3.64267 5.5115 9.91356 8.5008
threshold=1.4901377790939432 0.68100788412062563 0.28649311170399944 0.68492269797073246
decision_type=2 2 2 2
left_child=1 2 -1 -3
right_child=-2 3 -4 -5
leaf_value=0.0013731228787877258 -0.022043516468745687 0.012876186016580717 -0.014457329711053148 -0.023104328651841748
leaf_weight=349.68090735375881 9.7108038216829282 89.694043755531311 75.21159765124321 10.018298014998434
leaf_count=1440 40 366 309 41
internal_value=2.13962e-05 0.000512001 -0.00148368 0.00887793
internal_weight=534.316 524.605 424.893 99.7123
internal_count=2196 2156 1749 407
is_linear=0
shrinkage=0.04


Tree=101
num_leaves=8
num_cat=0
split_feature=47 81 59 44 36 106 87
split_gain=3.61462 7.79138 8.07886 5.35161 4.94637 2.46571 2.35607
threshold=-0.70970578902432446 -0.3570947247754363 -0.27543306462144795 -4.3691623160596071 -1.3756462830250495 -0.3144370649544701 0.3610587963194945
decision_type=2 2 2 2 2 2 2
left_child=1 5 -3 6 -5 -1 -2
right_child=3 2 -4 4 -6 -7 -8
leaf_value=0.010021607528811722 0.0027655416528732106 0.015846894743570615 -0.015366133232671554 0.020661609028576874 -0.0029603364015907646 0.039919456595997729 0.030094687413138057
leaf_weight=9.4627102911472338 9.5022498518228549 23.420918554067612 25.754296869039536 12.680000245571135 432.74433277547359 10.727599546313284 9.9600862115621549
leaf_count=40 40 96 106 53 1774 46 41
internal_value=1.37771e-05 0.00839789 -0.000461817 -0.00126783 -0.00219853 0.0280732 0.0182527
internal_weight=534.252 69.3655 49.1752 464.887 445.424 20.1903 19.4623
internal_count=2196 288 202 1908 1827 86 81
is_linear=0
shrinkage=0.04


Tree=102
num_leaves=5
num_cat=0
split_feature=87 104 44 44
split_gain=3.63395 4.50752 8.15144 7.82875
threshold=-1.6783135944726346 0.78524791426650409 0.77113415226572124 0.32207077759515185
decision_type=2 2 2 2
left_child=-1 2 -2 -3
right_child=1 3 -4 -5
leaf_value=0.017063421487634546 -0.0015941931447297122 -0.00032994827068156553 0.012519720725231815 -0.02766017298106619
leaf_weight=17.316839426755905 366.63994447886944 48.942746415734291 77.624518975615501 23.549760460853577
leaf_count=72 1503 202 321 98
internal_value=2.85139e-05 -0.000605921 0.00091693 -0.00971264
internal_weight=534.074 516.757 444.264 72.4925
internal_count=2196 2124 1824 300
is_linear=0
shrinkage=0.04


Tree=103
num_leaves=7
num_cat=0
split_feature=101 1 49 86 11 63
split_gain=3.57768 6.53975 4.9992 7.56946 5.66954 4.55038
threshold=1.38563146284712 0.071767361446172753 -0.33088917340162632 -0.20231529377273763 0.68100788412062563 -0.49043251431399765
decision_type=2 2 2 2 2 2
left_child=2 -2 3 -1 -4 -3
right_child=1 5 4 -5 -6 -7
leaf_value=-0.017666558753422459 0.03517635947995322 0.015782862357103602 -0.00060467340642294187 0.00019429599253466734 0.012353241456958795 -0.018659436868839419
leaf_weight=59.485636904835701 10.790423572063448 10.562565460801126 279.00463451445103 99.131105527281761 64.949883982539177 10.007585659623144
leaf_count=244 46 45 1149 406 265 41
internal_value=2.7393e-05 0.0127138 -0.000811497 -0.00664059 0.00189948 -0.00114228
internal_weight=533.932 31.3606 502.571 158.617 343.955 20.5702
internal_count=2196 132 2064 650 1414 86
is_linear=0
shrinkage=0.04


Tree=104
num_leaves=5
num_cat=0
split_feature=71 62 73 25
split_gain=3.53101 5.0078 5.21926 2.21543
threshold=3.0181955851171209 -1.415176460127886 0.28416389870725428 -0.12502376409632779
decision_type=2 2 2 2
left_child=1 -1 -3 -2
right_child=3 2 -4 -5
leaf_value=-0.02332378445777852 -0.00062985983738142004 -0.0031746300705403317 0.005260585478419259 0.023371897803640251
leaf_weight=13.191116973757742 9.6965094059705752 310.72418794035912 185.87247639894485 14.363757923245428
leaf_count=54 40 1275 768 59
internal_value=3.04306e-05 -0.00070103 -8.95391e-06 0.014393
internal_weight=533.848 509.788 496.597 24.0603
internal_count=2196 2097 2043 99
is_linear=0
shrinkage=0.04


Tree=105
num_leaves=7
num_cat=0
split_feature=66 101 18 107 47 26
split_gain=3.45619 6.61323 4.97433 5.04199 4.2324 3.41957
threshold=1.2922431681627422 0.29507789083194064 -0.88624872719881587 0.83608241095523461 0.53782432889484733 -0.37864828755882191
decision_type=2 2 2 2 2 2
left_child=2 5 -1 -4 -3 -2
right_child=1 4 3 -5 -6 -7
leaf_value=0.022066054631511147 -0.0069149272399198682 -0.0088109628172485053 -0.0014741934427039811 0.0099821081128925061 0.02255043788387975 -0.037633978208622201
leaf_weight=15.392199531197546 11.780174627900125 14.610228165984156 399.55782596766949 70.576183751225471 9.8762798458337766 11.99420230090618
leaf_count=63 50 61 1636 293 41 52
internal_value=2.94584e-05 -0.00995771 0.00105895 0.000280618 0.00458585 -0.0241304
internal_weight=533.787 48.2609 485.526 470.134 24.4865 23.7744
internal_count=2196 204 1992 1929 102 102
is_linear=0
shrinkage=0.04


Tree=106
num_leaves=5
num_cat=0
split_feature=32 71 43 6
split_gain=3.57262 4.5549 5.1567 3.61304
threshold=1.4901377790939432 3.0181955851171209 -0.29302553894875683 0.16677579443148058
decision_type=2 2 2 2
left_child=1 2 -1 -3
right_child=-2 3 -4 -5
leaf_value=-0.0060703889227664365 -0.021834543090797031 -0.00082738197425916041 0.0025257809867215396 0.030180915890247229
leaf_weight=164.54369746148586 9.6989888846874219 10.123739376664163 336.81611177325249 12.438327610492705
leaf_count=678 40 42 1385 51
internal_value=2.81527e-05 0.000514375 -0.000308347 0.0173329
internal_weight=533.621 523.922 501.36 22.5621
internal_count=2196 2156 2063 93
is_linear=0
shrinkage=0.04


Tree=107
num_leaves=5
num_cat=0
split_feature=44 65 26 28
split_gain=3.4537 4.47451 4.47381 4.21737
threshold=8.4267664420549515 -0.98798946153538869 -0.53357119043987189 0.36671219135310701
decision_type=2 2 2 2
left_child=1 3 -3 -1
right_child=-2 2 -4 -5
leaf_value=0.031417005280131222 0.019975158898597755 0.0054634041019221407 -0.0034005752849674466 -0.001623157051695189
leaf_weight=11.32026566565037 11.537716567516325 117.52035801112652 381.95787970721722 11.184564322233198
leaf_count=49 48 482 1571 46
internal_value=2.76565e-05 -0.000487816 -0.00130153 0.0162042
internal_weight=533.521 521.983 499.478 22.5048
internal_count=2196 2148 2053 95
is_linear=0
shrinkage=0.04


Tree=108
num_leaves=6
num_cat=0
split_feature=71 98 92 87 38
split_gain=3.40578 6.59692 5.04115 5.23182 3.73385
threshold=-0.82352835201120156 -0.16243037615865275 -1.6363447743743145 0.45696318261775598 -0.054964374785726612
decision_type=2 2 2 2 2
left_child=1 -1 -2 -4 -3
right_child=2 4 3 -5 -6
leaf_value=-0.0088361932546556915 0.021172295886980823 0.038057645481151064 -0.0039806359155162641 0.0055944417913063385 0.0053809456523720269
leaf_weight=14.609165266156195 14.093255132436751 11.772518187761307 362.32184705138206 119.93513359129429 10.708047747612
leaf_count=60 60 49 1488 495 44
internal_value=3.44141e-05 0.0114037 -0.000857514 -0.00158609 0.0242041
internal_weight=533.44 37.0897 496.35 482.257 22.4806
internal_count=2196 153 2043 1983 93
is_linear=0
shrinkage=0.04


Tree=109
num_leaves=5
num_cat=0
split_feature=93 87 41 41
split_gain=3.42486 5.92277 6.23733 6.09011
threshold=1.4639764724621889 0.63532525868524503 -0.4180454687043878 -0.43558171942914908
decision_type=2 2 2 2
left_child=1 3 -3 -1
right_child=-2 2 -4 -5
leaf_value=0.0059365097208901405 -0.020667540724660843 -0.0063239552387837836 0.016658859993475626 -0.0044094109879335777
leaf_weight=126.82597301900387 10.480468586087225 25.612737998366356 61.649881452322006 308.73951292037964
leaf_count=519 45 105 255 1272
internal_value=4.179e-05 0.000534101 0.00992255 -0.00138357
internal_weight=533.309 522.828 87.2626 435.565
internal_count=2196 2151 360 1791
is_linear=0
shrinkage=0.04


Tree=110
num_leaves=7
num_cat=0
split_feature=47 49 105 44 96 100
split_gain=3.42698 6.74081 5.95427 4.93289 4.75203 2.40011
threshold=-0.70970578902432446 0.68063224703912717 0.15324201022978601 -4.3691623160596071 -1.2237469182323355 -0.035047385463563362
decision_type=2 2 2 2 2 2
left_child=1 2 -1 5 -5 -2
right_child=3 -3 -4 4 -6 -7
leaf_value=0.0237618320532226 0.029610884684216746 -0.018901710776487553 -0.0017159552994645338 0.021015052480798251 -0.0028268654721419237 0.0021638767153433964
leaf_weight=34.429452165961266 9.8446467965841311 10.508295282721518 24.153779461979866 11.816536635160444 432.97127658128738 9.5455125272274
leaf_count=144 41 44 100 49 1778 40
internal_value=3.88349e-05 0.00821931 0.0135475 -0.00120884 -0.00210223 0.0175648
internal_weight=533.269 69.0915 58.5832 464.178 444.788 19.3902
internal_count=2196 288 244 1908 1827 81
is_linear=0
shrinkage=0.04


Tree=111
num_leaves=7
num_cat=0
split_feature=83 52 87 109 82 64
split_gain=3.38276 5.67974 5.19134 5.0857 5.53207 5.18583
threshold=-0.65449209462167734 0.75000000000000011 -0.5118010706128876 -0.63868175886527678 -0.75816155446847155 -0.21184039590635559
decision_type=2 2 2 2 2 2
left_child=1 2 -1 4 -2 -5
right_child=3 -3 -4 5 -6 -7
leaf_value=0.034610361527758308 -0.010492114572834403 -0.014442326542093938 0.0063916780894593397 0.0026171629534222484 0.013617172037982935 -0.0068102586300082535
leaf_weight=12.480404153466223 18.43350924551487 12.472061797976492 42.022850915789604 153.40536634624004 61.149527788162231 233.16048337519169
leaf_count=51 75 51 171 636 252 960
internal_value=4.53846e-05 0.00831517 0.0138497 -0.00117325 0.00791252 -0.00307485
internal_weight=533.124 66.9753 54.5033 466.149 79.583 386.566
internal_count=2196 273 222 1923 327 1596
is_linear=0
shrinkage=0.04


Tree=112
num_leaves=8
num_cat=0
split_feature=18 65 36 95 92 57 87
split_gain=3.39502 6.40158 8.05605 5.50211 5.61574 5.44496 4.72928
threshold=0.64040251045698404 -0.58826289993983483 0.20476043705621186 0.095919924915099722 0.12401113539138338 1.27605187798511 0.2005531477971613
decision_type=2 2 2 2 2 2 2
left_child=1 2 -1 6 -5 -3 -2
right_child=3 5 -4 4 -6 -7 -8
leaf_value=0.026069622864166912 -0.037461178779364224 -0.00014800831447721178 0.00083941217196320875 0.02310318598584948 -0.01380163418025694 -0.025204770554376518 -0.0025004225943655238
leaf_weight=32.132766202092171 12.803273916244509 391.78403794765472 50.121497929096222 10.639581665396692 11.899635896086691 12.386491864919661 11.166070774197577
leaf_count=134 53 1614 205 44 49 51 46
internal_value=4.74756e-05 0.00104968 0.0110805 -0.0100455 0.00408232 -0.00103624 -0.0226216
internal_weight=532.933 486.425 82.2543 46.5086 22.5392 404.171 23.9693
internal_count=2196 2004 339 192 93 1665 99
is_linear=0
shrinkage=0.04


Tree=113
num_leaves=6
num_cat=0
split_feature=101 74 49 76 92
split_gain=3.39399 6.38273 4.58232 7.71575 5.33736
threshold=1.38563146284712 -0.31715468232880289 -0.33088917340162632 0.8847439949595598 0.66906295373704672
decision_type=2 2 2 2 2
left_child=2 -2 3 -1 -4
right_child=1 -3 4 -5 -6
leaf_value=-0.0024903003038151458 -0.008168244010574947 0.026713934827295779 0.0039227565044364469 -0.026465796555863261 -0.0098495778056772367
leaf_weight=134.61948828399181 13.141320437192919 18.080779626965523 291.99879388511181 23.678316846489906 51.212753340601921
leaf_count=553 54 78 1202 97 212
internal_value=4.13301e-05 0.0124242 -0.000775871 -0.00636204 0.00182254
internal_weight=532.731 31.2221 501.509 158.298 343.212
internal_count=2196 132 2064 650 1414
is_linear=0
shrinkage=0.04


Tree=114
num_leaves=7
num_cat=0
split_feature=45 104 86 13 69 41
split_gain=3.33934 5.8474 7.78925 4.40634 6.54829 6.25281
threshold=1.9265082789071397 -0.45188451997072293 0.040087651465927625 -0.86127280829359965 0.091732390851711657 0.72700799284329987
decision_type=2 2 2 2 2 2
left_child=3 -2 -3 4 -1 -5
right_child=1 2 -4 5 -6 -7
leaf_value=0.026452425029518469 0.030357867405371147 0.018940425244022105 -0.017263290442902739 -0.00040525058051048149 -0.0074653124714125756 -0.015585830295816321
leaf_weight=19.702416524291039 13.438157543539999 16.776992738246918 17.265409842133522 404.26222939789295 14.469507992267607 46.651941150426865
leaf_count=82 57 71 72 1662 60 192
internal_value=3.7305e-05 0.00993783 0.000639798 -0.000968591 0.0124719 -0.00203773
internal_weight=532.567 47.4806 34.0424 485.086 34.1719 450.914
internal_count=2196 200 143 1996 142 1854
is_linear=0
shrinkage=0.04


Tree=115
num_leaves=5
num_cat=0
split_feature=69 87 101 72
split_gain=3.31524 4.37227 12.1874 7.78308
threshold=1.7204936724138256 -0.82323274754141107 0.097642783754639459 0.046454445772561623
decision_type=2 2 2 2
left_child=1 2 -1 -3
right_child=-2 3 -4 -5
leaf_value=-0.0093751316511685098 -0.016349994408670649 -0.0058351000452974179 0.022757656085342352 0.0047657117241137175
leaf_weight=30.876067131757736 17.042567580938339 234.92032185196877 43.331045866012573 206.23739895224571
leaf_count=126 72 966 183 849
internal_value=4.1187e-05 0.000644335 0.0094927 -0.000880171
internal_weight=532.407 515.365 74.2071 441.158
internal_count=2196 2124 309 1815
is_linear=0
shrinkage=0.04


Tree=116
num_leaves=5
num_cat=0
split_feature=51 66 64 1
split_gain=3.30091 3.69445 7.20354 6.09048
threshold=-2.3863195128684893 1.2922431681627422 1.2863618780455088 -0.26049502323606694
decision_type=2 2 2 2
left_child=-1 3 -3 -2
right_child=1 2 -4 -5
leaf_value=-0.019970312718028977 0.0079812693955683307 -0.023241578974672807 0.008212636051230628 -0.0015939736439541975
leaf_weight=10.87467774748802 156.75696848332882 25.775417268276215 18.676061302423477 320.06459771096706
leaf_count=45 644 111 78 1318
internal_value=3.90692e-05 0.000531233 -0.0102416 0.00157411
internal_weight=532.148 521.273 44.4515 476.822
internal_count=2196 2151 189 1962
is_linear=0
shrinkage=0.04


Tree=117
num_leaves=6
num_cat=0
split_feature=76 78 78 87 3
split_gain=3.2734 4.67582 8.40273 6.08712 3.07284
threshold=2.237723350346867 0.28705797304178993 0.55986456368225446 0.26445700528467803 0.11844595893788816
decision_type=2 2 2 2 2
left_child=1 3 -3 -1 -2
right_child=4 2 -4 -5 -6
leaf_value=-0.0017878550117812659 0.028376675954194703 -0.019171914143417436 9.3110430463089146e-05 0.0092987239500265349 -0.0015485542131101558
leaf_weight=230.62835682928562 10.337386175990106 51.621355026960373 111.59290707111359 118.32117173075676 9.5379243940114957
leaf_count=951 44 213 462 486 40
internal_value=3.31571e-05 -0.000611711 -0.00615835 0.00200293 0.0151873
internal_weight=532.039 512.164 163.214 348.95 19.8753
internal_count=2196 2112 675 1437 84
is_linear=0
shrinkage=0.04


Tree=118
num_leaves=8
num_cat=0
split_feature=47 81 44 70 82 43 106
split_gain=3.25491 7.14411 7.53711 4.76224 9.60002 8.20958 2.33255
threshold=-0.70970578902432446 -0.3570947247754363 0.6331684592790302 -0.38585076634909016 0.60163263163185998 -0.26931990462871896 -0.3144370649544701
decision_type=2 2 2 2 2 2 2
left_child=1 6 -3 4 -2 -5 -1
right_child=3 2 -4 5 -6 -7 -8
leaf_value=0.0094667390342590158 -0.011561525389191942 -0.0087595696465149822 0.027018601654331773 -0.0079760494856648562 0.016311321988438415 0.005803811585213081 0.038578296655467158
leaf_weight=9.4076230078935641 121.87221169471741 38.59997022151947 10.267904907464979 98.296460837125778 21.711600542068481 221.19541929662228 10.556036651134489
leaf_count=40 503 159 43 405 90 910 46
internal_value=3.41582e-05 0.00802195 -0.000475283 -0.00118254 -0.00718063 0.00154099 0.0269711
internal_weight=531.907 68.8315 48.8679 463.076 143.584 319.492 19.9637
internal_count=2196 288 202 1908 593 1315 86
is_linear=0
shrinkage=0.04


Tree=119
num_leaves=5
num_cat=0
split_feature=46 57 15 77
split_gain=3.24627 4.0259 4.88562 2.53373
threshold=-4.1294355969159584 1.3221051769621166 1.0915233238947313 0.44934966401855791
decision_type=2 2 2 2
left_child=3 2 -2 -1
right_child=1 -3 -4 -5
leaf_value=0.025422119877601807 0.00092524428751912427 -0.018252721699134521 -0.018803069382519064 -0.0012764583479090564
leaf_weight=11.977579012513162 473.50233896076679 17.913308352231979 18.970235109329224 9.2803180664777738
leaf_count=50 1954 74 78 40
internal_value=4.33244e-05 -0.000620277 9.23227e-05 0.0146591
internal_weight=531.644 510.386 492.473 21.2579
internal_count=2196 2106 2032 90
is_linear=0
shrinkage=0.04


end of trees

feature_importances:
Column_63=28
Column_101=27
Column_65=26
Column_57=21
Column_69=21
Column_64=20
Column_44=19
Column_81=17
Column_47=16
Column_87=16
Column_92=16
Column_18=15
Column_51=15
Column_72=15
Column_106=15
Column_76=14
Column_75=13
Column_1=12
Column_66=12
Column_43=10
Column_71=9
Column_108=9
Column_26=8
Column_45=8
Column_74=8
Column_91=8
Column_93=8
Column_25=7
Column_36=7
Column_49=7
Column_59=7
Column_79=7
Column_100=7
Column_33=6
Column_70=6
Column_86=6
Column_105=6
Column_109=6
Column_10=5
Column_35=5
Column_46=5
Column_78=5
Column_82=5
Column_85=5
Column_7=4
Column_8=4
Column_13=4
Column_15=4
Column_24=4
Column_28=4
Column_32=4
Column_37=4
Column_40=4
Column_62=4
Column_77=4
Column_83=4
Column_84=4
Column_98=4
Column_104=4
Column_11=3
Column_14=3
Column_34=3
Column_41=3
Column_89=3
Column_96=3
Column_107=3
Column_16=2
Column_20=2
Column_27=2
Column_29=2
Column_31=2
Column_56=2
Column_67=2
Column_68=2
Column_90=2
Column_94=2
Column_95=2
Column_99=2
Column_102=2
Column_103=2
Column_0=1
Column_3=1
Column_6=1
Column_21=1
Column_22=1
Column_23=1
Column_38=1
Column_42=1
Column_48=1
Column_52=1
Column_58=1
Column_61=1
Column_73=1

parameters:
[boosting: gbdt]
[objective: binary]
[metric: binary_logloss]
[tree_learner: serial]
[device_type: cpu]
[data_sample_strategy: bagging]
[data: ]
[valid: ]
[num_iterations: 120]
[learning_rate: 0.04]
[num_leaves: 15]
[num_threads: 2]
[seed: 42]
[deterministic: 0]
[force_col_wise: 0]
[force_row_wise: 0]
[histogram_pool_size: -1]
[max_depth: 3]
[min_data_in_leaf: 40]
[min_sum_hessian_in_leaf: 0.001]
[bagging_fraction: 0.85]
[pos_bagging_fraction: 1]
[neg_bagging_fraction: 1]
[bagging_freq: 0]
[bagging_seed: 400]
[bagging_by_query: 0]
[feature_fraction: 0.8]
[feature_fraction_bynode: 1]
[feature_fraction_seed: 30056]
[extra_trees: 0]
[extra_seed: 12879]
[early_stopping_round: 0]
[early_stopping_min_delta: 0]
[first_metric_only: 0]
[max_delta_step: 0]
[lambda_l1: 0]
[lambda_l2: 2]
[linear_lambda: 0]
[min_gain_to_split: 0]
[drop_rate: 0.1]
[max_drop: 50]
[skip_drop: 0.5]
[xgboost_dart_mode: 0]
[uniform_drop: 0]
[drop_seed: 17869]
[top_rate: 0.2]
[other_rate: 0.1]
[min_data_per_group: 100]
[max_cat_threshold: 32]
[cat_l2: 10]
[cat_smooth: 10]
[max_cat_to_onehot: 4]
[top_k: 20]
[monotone_constraints: ]
[monotone_constraints_method: basic]
[monotone_penalty: 0]
[feature_contri: ]
[forcedsplits_filename: ]
[refit_decay_rate: 0.9]
[cegb_tradeoff: 1]
[cegb_penalty_split: 0]
[cegb_penalty_feature_lazy: ]
[cegb_penalty_feature_coupled: ]
[path_smooth: 0]
[interaction_constraints: ]
[verbosity: -1]
[saved_feature_importance_type: 0]
[use_quantized_grad: 0]
[num_grad_quant_bins: 4]
[quant_train_renew_leaf: 0]
[stochastic_rounding: 1]
[linear_tree: 0]
[max_bin: 255]
[max_bin_by_feature: ]
[min_data_in_bin: 3]
[bin_construct_sample_cnt: 200000]
[data_random_seed: 175]
[is_enable_sparse: 1]
[enable_bundle: 1]
[use_missing: 1]
[zero_as_missing: 0]
[feature_pre_filter: 1]
[pre_partition: 0]
[two_round: 0]
[header: 0]
[label_column: ]
[weight_column: ]
[group_column: ]
[ignore_column: ]
[categorical_feature: ]
[forcedbins_filename: ]
[precise_float_parser: 0]
[parser_config_file: ]
[objective_seed: 16083]
[num_class: 1]
[is_unbalance: 0]
[scale_pos_weight: 1]
[sigmoid: 1]
[boost_from_average: 1]
[reg_sqrt: 0]
[alpha: 0.9]
[fair_c: 1]
[poisson_max_delta_step: 0.7]
[tweedie_variance_power: 1.5]
[lambdarank_truncation_level: 30]
[lambdarank_norm: 1]
[label_gain: ]
[lambdarank_position_bias_regularization: 0]
[eval_at: ]
[multi_error_top_k: 1]
[auc_mu_weights: ]
[num_machines: 1]
[local_listen_port: 12400]
[time_out: 120]
[machine_list_filename: ]
[machines: ]
[gpu_platform_id: -1]
[gpu_device_id: -1]
[gpu_device_id_list: ]
[gpu_use_dp: 0]
[num_gpu: 1]

end of parameters

pandas_categorical:null
