tree
version=v4
num_class=1
num_tree_per_iteration=1
label_index=0
max_feature_idx=126
objective=binary sigmoid:1
feature_names=Column_0 Column_1 Column_2 Column_3 Column_4 Column_5 Column_6 Column_7 Column_8 Column_9 Column_10 Column_11 Column_12 Column_13 Column_14 Column_15 Column_16 Column_17 Column_18 Column_19 Column_20 Column_21 Column_22 Column_23 Column_24 Column_25 Column_26 Column_27 Column_28 Column_29 Column_30 Column_31 Column_32 Column_33 Column_34 Column_35 Column_36 Column_37 Column_38 Column_39 Column_40 Column_41 Column_42 Column_43 Column_44 Column_45 Column_46 Column_47 Column_48 Column_49 Column_50 Column_51 Column_52 Column_53 Column_54 Column_55 Column_56 Column_57 Column_58 Column_59 Column_60 Column_61 Column_62 Column_63 Column_64 Column_65 Column_66 Column_67 Column_68 Column_69 Column_70 Column_71 Column_72 Column_73 Column_74 Column_75 Column_76 Column_77 Column_78 Column_79 Column_80 Column_81 Column_82 Column_83 Column_84 Column_85 Column_86 Column_87 Column_88 Column_89 Column_90 Column_91 Column_92 Column_93 Column_94 Column_95 Column_96 Column_97 Column_98 Column_99 Column_100 Column_101 Column_102 Column_103 Column_104 Column_105 Column_106 Column_107 Column_108 Column_109 Column_110 Column_111 Column_112 Column_113 Column_114 Column_115 Column_116 Column_117 Column_118 Column_119 Column_120 Column_121 Column_122 Column_123 Column_124 Column_125 Column_126
feature_infos=[-4.497096209522546:4.534829326803818] [-3.8332010244198829:3.5977152765692977] [-3.7000116802525445:3.6306702116709806] [-3.4358384130152437:3.2149479116885717] [-3.1882207648169469:2.6013806631521663] [-2.1919126206121655:2.4921099643649489] [-3.3676844764142877:3.2692372959240403] [-1.2039454751569332:3.5722341146935825] [-1.6183397517778808:1.6056012496856995] [-3.1105474581487842:2.6657297554840818] [-1.2960148207776232:3.7880276896786964] [-2.3958489326853174:2.6090080997601537] [-2.1088480546064221:2.5142411964422404] [-1.396586344120389:2.7586565603051585] [-2.489982154342846:2.9402920762996292] [-1.6091913126368276:1.4724597217278943] [-1.663147065042218:1.7738446747538177] [-1.0477558860438423:0.67874358317543071] [-1.1141057012581213:0.70067956184274649] [-1.0477558860438423:0.67874358317543049] [-2.354922537309498:2.2898924614925735] [-3.1786127874906289:3.4676326827826767] [-2.8734722283890854:2.8476770900985282] [-1.9787084151352503:2.8172049715358827] [-2.1916229829428979:1.8313403683742111] [-2.0695429285748759:1.8502110640598495] [-3.2619273879536097:2.2185941014367683] [-1.8141680463389467:1.5072627872669231] [-0.96077067833288365:2.8027353206856418] [-3.5396068131328886:3.3297677344084251] [-3.2633817762655331:2.7816145058739434] [-2.5193698836741083:2.2157334625835654] [-2.477383429473019:2.3696729554500022] [-1.9948193153183087:2.4148002192623848] [-2.1512182619337401:2.2614952234834949] [-1.9137302661075914:2.0193826091684923] [-2.0504745821793078:2.2674051833097044] [-1.2200467354854707:2.9568057850127905] [-1.2857762944999884:3.6272706933052019] [-1.41686262998802:2.7008868887811737] [-1.2734129450861393:1.781497902710679] [-1.8519431121539809:1.6208388440832202] [-1.8428059719509633:1.6872783929802704] [-1.9819287734284832:11.94936455774212] [-587.23974358794612:93.679992737018594] [-499.8007075699436:104.0333000812773] [-664.02353726319518:48.839344416831288] [-1.140613815276649:3.4008501685061816] [-1.8867503945524624:1.7279836008388154] [-1.1507143969459324:6.0961046369601091] [-3.8187019361766965:4.5241902832992809] [-9.8852839726145927:8.1992429049973783] [-1:1] [-0.83333333333333337:1] [0:1] [0:1] [-3.457591931626625:4.1809470269489708] [-4.04487296401122:2.3153316023359527] [-2.2163548345920399:1.4999853255570301] [-0.9962102821842912:2.1810851378615914] [-2.2345566264194998:1.2455717944136615] [-1.578038559056409:0.3651565863277339] [-3.1837103748603157:3.6474458774786176] [-2.7499623637723727:2.4863630179937402] [-2.2284726169025761:1.7348887482913355] [-5.1121732933419208:4.5420415239390026] [-4.675036782586516:3.0949473160234247] [-3.3518923243976966:2.7515445609664826] [-1.1701034779507671:2.6336312087267797] [-2.1598964571815982:2.2419895107285677] [-2.3883316448687357:0.66297485391520694] [-3.839641282579318:4.3921296557900229] [-5.8506618180212042:4.7980435197795765] [-2.9889944489203684:3.9114918171609041] [-3.3952701838725381:2.2546453152646309] [-2.2859011162599443:1.5953307617269883] [-0.95580766908400439:2.0716476478396011] [-2.061285997903505:1.2647415606854866] [-1.3597934283273834:0.38781830179323967] [-4.5607568212535909:7.1488983604798202] [-4.1986885779024519:5.8414894875896399] [-2.4531135502516488:4.1682822038530229] [-1.3292785172915218:4.8773801141484885] [-1.2146698993511582:7.8497601630717186] [-1.0131473937467974:2.2394053655872646] [-6.5830441522479246:6.796683733600692] [-4.5407276548342699:3.5578563410408837] [-2.669556410677199:3.7101693850992219] [-1.1892236405455214:3.3819152663808327] [-1.6965938219937469:4.3589775364928087] [-0.76447896907001012:1.9528834412631126] [-10.745427286012649:10.536822559719059] [-5.8675751389474531:5.1279570638179104] [-3.5683471466414263:3.9783401351374499] [-0.99514770193677193:3.0604880367849359] [-2.105821587815377:4.1138580331885413] [-1.1973609404574275:0.76239618052518776] [-3.944018073326907:2.9597523868218905] [-3.3813888743472749:2.9768072804901591] [-2.530028009173146:1.7777990892706261] [-1.2163659893021819:3.0807574388162409] [-2.0760632319199024:1.9327876686489844] [-1.3885737294731408:0.49429351701722896] [-5.271926894613288:3.0766005806156227] [-4.1246333767481271:3.501834706341536] [-1.8259745051279115:2.708514004942443] [-1.3570041370754087:4.0739722209566738] [-1.6920797343114358:4.2504307753838049] [-1.4529420325723059:1.1615762702564156] [-4.2536448052702731:2.5686684303434291] [-3.7907096086770227:3.5099668776232869] [-1.9152467395947863:2.5255888693902868] [-1.4120971015533446:3.8610652969242309] [-1.5273576157607798:3.6816051243910741] [-1.4449922954694223:1.0965109779279922] [-2.7794050862712147:3.6832323288035629] [-2.2433198522030358:2.6569072487483991] [-2.0035791482004899:2.0268387224045696] [-1.4748665778363486:2.0956797913835925] [-1.4635536604519994:1.9609145422936785] [-2.1628398267766804:0.57218150243241772] [-3.0433990509988198:3.2602539442018346] [-2.6569962204859308:3.3973500282658917] [-1.6410916918773555:2.3964272984413628] [-0.88200429731084262:2.9423374188089149] [-1.409722972301265:2.3447174772481891] [-1.2913430838713509:0.95059641972559661]
tree_sizes=863 895 891 789 997 996 893 993 891 894 998 887 786 783 787 781 998 790 779 886 784 997 787 887 684 997 783 894 894 787 687 793 787 887 789 579 786 687 892 998 685 685 896 683 784 996 793 893 686 685 788 896 890 684 891 681 684 892 895 891 682 787 686 994 684 892 782 790 886 681 784 893 791 686 682 893 682 786 886 783 682 893 789 895 678 1000 784 681 690 790 789 895 683 688 786 897 892 892 900 679 891 1000 788 892 689 785 684 681 896 689 789 898 894 891 675 789 688 1006 1000 790

Tree=0
num_leaves=7
num_cat=0
split_feature=107 100 61 46 90 27
split_gain=62.8637 59.2584 36.858 31.3396 43.964 9.57211
threshold=0.38254332160335985 2.3210291112088499 -1.0621045989416733 -0.89616737024202608 0.90861370481776016 -0.55773424489609258
decision_type=2 2 2 2 2 2
left_child=1 2 -1 5 -5 -2
right_child=3 -3 -4 4 -6 -7
leaf_value=0.41836032977850468 0.35687936442127799 0.30254821099874241 0.38035035076619805 0.34529666199813591 0.39432857607649974 0.30589532354527033
leaf_weight=45.644264191389084 9.6601617336273176 12.31670621037483 294.15192478895187 84.284911125898361 42.504711627960205 23.667396247386932
leaf_count=189 40 51 1218 349 176 98
internal_value=0.372958 0.382402 0.385692 0.352328 0.361811 0.318926
internal_weight=512.23 352.113 339.796 160.117 126.79 33.3276
internal_count=2121 1458 1407 663 525 138
is_linear=0
shrinkage=1


Tree=1
num_leaves=7
num_cat=0
split_feature=107 100 78 46 90 4
split_gain=57.9882 54.7763 33.5488 28.7496 40.5066 8.76963
threshold=0.38254332160335985 2.3210291112088499 -1.0410428239558134 -0.89616737024202608 0.90861370481776016 -0.36896752334070065
decision_type=2 2 2 2 2 2
left_child=1 2 -1 5 -5 -2
right_child=3 -3 -4 4 -6 -7
leaf_value=0.042760227706709258 -0.016807946065710084 -0.067286072428738491 0.0070468918053988696 -0.026450402063935098 0.020635613282685736 -0.064684400265273737
leaf_weight=47.449702709913254 10.427065104246138 12.462625220417975 291.53911945223808 84.700119465589523 42.332925796508789 23.196859240531921
leaf_count=198 43 51 1209 349 176 95
internal_value=-1.40969e-05 0.00908155 0.0122673 -0.0197786 -0.0106827 -0.0516147
internal_weight=512.108 351.451 338.989 160.657 127.033 33.6239
internal_count=2121 1458 1407 663 525 138
is_linear=0
shrinkage=0.04


Tree=2
num_leaves=7
num_cat=0
split_feature=108 63 61 26 112 34
split_gain=54.3522 52.5991 56.874 21.9653 12.2813 9.6183
threshold=-1.0888349512077891 0.70549316303025467 -1.0640010366850943 0.43516872174964566 -0.082630319223462312 -0.35687223933863016
decision_type=2 2 2 2 2 2
left_child=4 2 -2 -3 -1 -6
right_child=1 3 -4 -5 5 -7
leaf_value=-0.0033594470703430554 0.031282113003462647 0.041919062004609493 -0.015959876824283053 -0.0065729686821150365 0.018821926657805185 0.058497956253450008
leaf_weight=10.115696936845778 44.3685492426157 47.05942876636982 342.65925979614258 20.791280344128609 18.260114893317223 28.576341226696968
leaf_count=42 186 195 1417 86 76 119
internal_value=-2.7652e-05 -0.00469161 -0.0104111 0.0272971 0.0361189 0.0444338
internal_weight=511.831 454.879 387.028 67.8507 56.9522 46.8365
internal_count=2121 1884 1603 281 237 195
is_linear=0
shrinkage=0.04


Tree=3
num_leaves=6
num_cat=0
split_feature=113 99 123 76 46
split_gain=52.215 41.1506 33.5559 25.4286 34.5862
threshold=0.33351459771927144 -1.1255933209919078 0.56955714021702375 1.4295714021645243 -0.77515010290841324
decision_type=2 2 2 2 2
left_child=1 -1 -3 4 -2
right_child=3 2 -4 -5 -6
leaf_value=-0.047135707696826151 -0.043227837411489507 0.019467828613439226 -0.011766882193784021 -0.063721635668292489 -0.0013547534359456975
leaf_weight=17.600740551948547 40.868709817528725 248.69251616299152 69.046134978532791 15.330681398510931 120.1738702505827
leaf_count=72 167 1035 288 63 496
internal_value=-4.71819e-06 0.00925048 0.0126492 -0.0175081 -0.012381
internal_weight=511.713 335.339 317.739 176.373 161.043
internal_count=2121 1395 1323 726 663
is_linear=0
shrinkage=0.04


Tree=4
num_leaves=8
num_cat=0
split_feature=126 61 120 69 39 70 93
split_gain=49.7155 51.6193 69.1062 47.865 37.5834 36.1183 10.7839
threshold=-0.13242772977218756 -1.0640010366850943 -0.5031913129168013 0.51776767331137086 -0.99106437052338292 -0.27227759617529707 0.8663232940058051
decision_type=2 2 2 2 2 2 2
left_child=3 6 -3 5 -5 -1 -2
right_child=1 2 -4 4 -6 -7 -8
leaf_value=0.048649035342684395 0.0023177058223313855 -0.05032906508961528 -0.0042743309800748084 0.041918646003981132 -0.040575483068780109 0.010204627268657746 0.04457543483602984
leaf_weight=60.189059272408485 15.047962099313734 70.806428402662277 185.08638715744019 9.8317698389291746 35.022408202290535 109.23438942432404 26.196945786476135
leaf_count=252 63 291 765 41 145 453 111
internal_value=-2.57734e-05 -0.0105889 -0.0173093 0.0145846 -0.0214758 0.0242706 0.0299782
internal_weight=511.415 297.138 255.893 214.278 44.8542 169.423 41.2449
internal_count=2121 1230 1056 891 186 705 174
is_linear=0
shrinkage=0.04


Tree=5
num_leaves=8
num_cat=0
split_feature=108 63 95 26 35 33 112
split_gain=47.3949 47.3395 57.8543 20.4117 14.4213 29.6709 9.99996
threshold=-1.0888349512077891 0.70549316303025467 1.789678770597005 0.43516872174964566 -0.15490951762563432 -0.6781574412906759 -0.032866259863795953
decision_type=2 2 2 2 2 2 2
left_child=4 2 -2 -3 5 -1 -6
right_child=1 3 -4 -5 6 -7 -8
leaf_value=0.050153613369227995 -0.015099119627229684 0.040360024873563036 0.034104955346789596 -0.006454685250594088 0.010735622534437821 -0.039844116484335716 0.060132178002151711
leaf_weight=9.669053792953493 346.60242995619774 46.550458326935768 41.042862325906754 20.785835385322571 9.7831337451934797 9.8024705946445447 26.852024257183075
leaf_count=41 1429 195 174 86 41 41 114
internal_value=-1.31986e-05 -0.00433976 -0.00974121 0.0261396 0.0340137 0.00535529 0.0481798
internal_weight=511.088 454.982 387.645 67.3363 56.1067 19.4715 36.6352
internal_count=2121 1884 1603 281 237 82 155
is_linear=0
shrinkage=0.04


Tree=6
num_leaves=7
num_cat=0
split_feature=113 100 82 46 90 126
split_gain=45.3875 45.4625 29.5282 22.2419 42.4165 11.4781
threshold=0.33351459771927144 2.3210291112088499 4.3873430077353293 -1.0125140289685712 0.90861370481776016 -0.27622396006606592
decision_type=2 2 2 2 2 2
left_child=1 2 -1 5 -5 -2
right_child=3 -3 -4 4 -6 -7
leaf_value=0.014214724681799773 -0.0059886480507794979 -0.060262594279158525 -0.046310064655927977 -0.023539255454477367 0.022833139237005848 -0.057166018841992516
leaf_weight=309.48699761927128 10.104632824659346 12.688016653060911 11.535877197980879 97.062709182500839 44.470251515507698 25.40642711520195
leaf_count=1296 41 51 48 397 185 103
internal_value=1.11343e-05 0.0086852 0.0117665 -0.016253 -0.00885372 -0.0436993
internal_weight=510.755 333.711 321.023 177.044 141.533 35.5111
internal_count=2121 1395 1344 726 582 144
is_linear=0
shrinkage=0.04


Tree=7
num_leaves=8
num_cat=0
split_feature=126 61 120 69 47 70 45
split_gain=44.3713 45.433 61.9924 44.0338 34.1931 32.016 10.4831
threshold=-0.13242772977218756 -1.0640010366850943 -0.5031913129168013 0.51776767331137086 1.0961028335009371 -0.27227759617529707 0.5788989641551151
decision_type=2 2 2 2 2 2 2
left_child=3 6 -3 5 -5 -1 -2
right_child=1 2 -4 4 -6 -7 -8
leaf_value=0.046451376144469071 0.043182216145735128 -0.047342289719156473 -0.003851618563094193 -0.048625274427313861 0.019583732461311551 0.010015901356875771 0.0016005714766562846
leaf_weight=59.049205884337425 25.410053297877312 71.383728682994843 185.18321761488914 26.269980758428574 18.656193614006042 109.01816891133785 15.260332837700842
leaf_count=252 109 291 765 108 78 453 65
internal_value=-1.21086e-05 -0.00997155 -0.0162245 0.01385 -0.0206731 0.023213 0.0283863
internal_weight=510.231 297.237 256.567 212.994 44.9262 168.067 40.6704
internal_count=2121 1230 1056 891 186 705 174
is_linear=0
shrinkage=0.04


Tree=8
num_leaves=7
num_cat=0
split_feature=107 100 82 32 46 36
split_gain=41.948 39.8295 27.0917 25.0426 26.4991 6.06023
threshold=0.38254332160335985 2.3210291112088499 4.545464107751541 -0.83117216962709306 -0.89616737024202608 -1.1624975832323572
decision_type=2 2 2 2 2 2
left_child=1 2 -1 5 -5 -2
right_child=3 -3 -4 4 -6 -7
leaf_value=0.012723480949321873 -0.0019132640896724065 -0.056669963668227422 -0.048217439884291606 -0.055515880685801967 -0.013485681793587128 0.037522520073811745
leaf_weight=324.71237230300903 10.665325969457628 12.727329939603804 10.168891191482542 29.565615117549896 109.39728128910065 12.406831473112105
leaf_count=1365 44 51 42 119 449 51
internal_value=-5.36328e-06 0.00782466 0.0105977 -0.0166935 -0.0230888 0.0205945
internal_weight=509.644 347.609 334.881 162.035 138.963 23.0722
internal_count=2121 1458 1407 663 568 95
is_linear=0
shrinkage=0.04


Tree=9
num_leaves=7
num_cat=0
split_feature=108 63 83 25 34 60
split_gain=41.1937 41.0513 47.2093 19.2395 9.52175 11.4596
threshold=-1.1534481475607368 0.70549316303025467 -0.59690597267755796 -0.49722422987572729 -0.16124849475753972 0.075455392638546934
decision_type=2 2 2 2 2 2
left_child=4 2 -2 -3 5 -1
right_child=1 3 -4 -5 -6 -7
leaf_value=0.039658964489536257 -0.046575957218285169 -0.016930943967812397 -0.003543883774440953 0.03485950225026295 0.052123090527675199 -0.015576913992187779
leaf_weight=10.554260745644571 44.196914196014404 13.080493748188017 352.39688305556774 54.840151503682137 24.049547508358955 9.9598850607871992
leaf_count=46 182 55 1461 231 104 42
internal_value=-2.3755e-05 -0.00360442 -0.00854907 0.0246864 0.0358514 0.0138398
internal_weight=509.078 464.514 396.594 67.9206 44.5637 20.5141
internal_count=2121 1929 1643 286 192 88
is_linear=0
shrinkage=0.04


Tree=10
num_leaves=8
num_cat=0
split_feature=126 61 120 69 82 41 45
split_gain=40.2894 41.4085 56.4045 40.4751 34.7422 32.8694 9.89012
threshold=-0.13242772977218756 -1.0640010366850943 -0.44648852275810241 0.51776767331137086 4.545464107751541 0.79483476792420293 0.5788989641551151
decision_type=2 2 2 2 2 2 2
left_child=3 6 -3 4 -1 -5 -2
right_child=1 2 -4 5 -6 -7 -8
leaf_value=0.026978354718929079 0.04183894955083111 -0.044439673736389969 -0.0033705898866905489 -0.046026969651796569 -0.044972652240905284 0.021335406113366501 0.0013534664821250352
leaf_weight=156.98316141963005 25.053646191954613 73.839478015899658 182.96825915575027 27.304660499095917 9.7337570637464506 17.630844280123711 15.224860101938246
leaf_count=665 109 300 756 112 40 74 65
internal_value=-1.38841e-05 -0.00949066 -0.0154313 0.0132525 0.0222942 -0.0198138 0.0273238
internal_weight=508.739 297.086 256.808 211.652 166.717 44.9355 40.2785
internal_count=2121 1230 1056 891 705 186 174
is_linear=0
shrinkage=0.04


Tree=11
num_leaves=7
num_cat=0
split_feature=107 58 64 123 35 69
split_gain=37.8815 35.9609 27.9138 24.72 22.269 26.8601
threshold=0.38254332160335985 0.44243792435465118 0.91544436208411384 0.57649515760082137 0.94187901496596871 0.7940357618283822
decision_type=2 2 2 2 2 2
left_child=1 3 -3 -1 5 -2
right_child=4 2 -4 -5 -6 -7
leaf_value=0.021018297160401565 -0.017588486800436402 -0.025777791818900546 0.041901632525206171 -0.007245587778176652 -0.058241237047988788 0.029621657046450256
leaf_weight=205.55739615857601 125.57349327206612 66.808710753917694 9.5176320374011976 63.90271732211113 15.792844861745833 20.852623894810677
leaf_count=872 513 278 41 267 64 86
internal_value=-1.82338e-05 0.00745823 -0.016484 0.0143115 -0.0158518 -0.0105567
internal_weight=508.005 345.786 76.3263 269.46 162.219 146.426
internal_count=2121 1458 319 1139 663 599
is_linear=0
shrinkage=0.04


Tree=12
num_leaves=6
num_cat=0
split_feature=108 95 76 35 45
split_gain=36.508 38.2187 59.3098 14.4325 9.26607
threshold=-1.1534481475607368 1.9714839489479363 0.24564938820647975 -0.15490951762563432 0.66411501301047793
decision_type=2 2 2 2 2
left_child=3 2 -2 -1 -3
right_child=1 4 -4 -5 -6
leaf_value=0.0030032587557612118 0.0042895718977342739 0.048963623508203699 -0.026699182048981255 0.05054955944108442 0.005612619926308098
leaf_weight=15.955201029777525 276.64101801812649 23.552273571491241 151.34898054599762 27.767799571156502 12.237009599804876
leaf_count=69 1149 104 624 123 52
internal_value=-1.83112e-05 -0.00336641 -0.00674211 0.0340895 0.0352227
internal_weight=507.502 463.779 427.99 43.723 35.7893
internal_count=2121 1929 1773 192 156
is_linear=0
shrinkage=0.04


Tree=13
num_leaves=6
num_cat=0
split_feature=64 94 40 95 118
split_gain=35.2498 46.0367 92.5031 53.1406 1.00797
threshold=1.0655272179190114 0.5323453933180734 -0.61286474567808003 2.1377387978888631 0.42462132300738226
decision_type=2 2 2 2 2
left_child=1 2 -1 -3 -2
right_child=4 3 -4 -5 -6
leaf_value=-0.037263423946795007 0.053728236167227252 -0.035655598003963965 0.014407416235931779 0.031177073505387311 0.025626468124783898
leaf_weight=66.214084327220917 14.4189759939909 100.45841829478741 294.39582082629204 21.745997413992882 9.7577728033065778
leaf_count=271 62 412 1238 96 42
internal_value=-1.97457e-06 -0.00244316 0.00476658 -0.0234524 0.0452108
internal_weight=506.991 482.814 360.61 122.204 24.1767
internal_count=2121 2017 1509 508 104
is_linear=0
shrinkage=0.04


Tree=14
num_leaves=6
num_cat=0
split_feature=111 100 125 46 30
split_gain=34.4118 29.4501 28.3113 26.5859 20.3601
threshold=0.62421646409303455 2.3210291112088499 -0.2435492166424427 3.4872336187524899 -0.92574332397754766
decision_type=2 2 2 2 2
left_child=1 2 -1 4 -2
right_child=3 -3 -4 -5 -6
leaf_value=0.019581474235964697 0.01879461893723465 -0.049040830940866059 -0.002100098395341107 0.035289431190804389 -0.034130746742513318
leaf_weight=170.33872026205063 12.191627278923987 13.356134340167044 217.78899559378624 10.620796561241148 82.023112773895264
leaf_count=729 50 54 909 44 335
internal_value=8.50938e-06 0.00535335 0.00746696 -0.0201774 -0.0270338
internal_weight=506.319 401.484 388.128 104.836 94.2147
internal_count=2121 1692 1638 429 385
is_linear=0
shrinkage=0.04


Tree=15
num_leaves=6
num_cat=0
split_feature=64 61 76 93 72
split_gain=33.047 37.5879 65.9976 10.4697 1.01362
threshold=1.0655272179190114 -1.0640010366850943 0.30695636068640192 0.8663232940058051 0.2949982737629499
decision_type=2 2 2 2 2
left_child=1 3 -3 -1 -2
right_child=4 2 -4 -5 -6
leaf_value=0.0018286356301194533 0.052191339611198234 0.0043718558361762134 -0.029173602832352895 0.042002281980721284 0.024297382448161264
leaf_weight=14.885506480932234 14.58162906765938 298.62997853755951 134.56126832962036 33.781372785568237 9.2863486260175687
leaf_count=63 64 1249 552 153 40
internal_value=7.38515e-06 -0.00234758 -0.00613448 0.0302718 0.0440563
internal_weight=505.726 481.858 433.191 48.6669 23.868
internal_count=2121 2017 1801 216 104
is_linear=0
shrinkage=0.04


Tree=16
num_leaves=8
num_cat=0
split_feature=125 58 82 40 39 63 64
split_gain=31.7207 47.8254 46.4243 35.8421 36.5317 35.7508 19.9885
threshold=-0.15507245201372691 0.27492335908635313 4.3873430077353293 -0.61286474567808003 -0.49740338635632503 0.1486992615570589 0.35719851442949252
decision_type=2 2 2 2 2 2 2
left_child=1 2 -1 6 -5 -3 -2
right_child=3 5 -4 4 -6 -7 -8
leaf_value=0.035060902829277353 -0.05137861934044987 -0.035002087916152995 -0.045460316243031117 0.047808573635207088 -0.0066847101375158337 0.014331840523573272 0.0035761626991810385
leaf_weight=114.31903305649757 39.651184678077698 45.03146630525589 10.988985508680342 19.637311056256294 216.25656127929688 45.332920953631401 13.866880267858503
leaf_count=498 161 186 45 84 898 192 57
internal_value=2.39893e-05 0.0115767 0.0273963 -0.00860559 -0.00178455 -0.0104784 -0.0375236
internal_weight=505.084 215.672 125.308 289.412 235.894 90.3644 53.5181
internal_count=2121 921 543 1200 982 378 218
is_linear=0
shrinkage=0.04


Tree=17
num_leaves=6
num_cat=0
split_feature=108 42 94 118 35
split_gain=30.9413 36.7369 38.4725 22.3485 13.8636
threshold=-1.1534481475607368 -0.88117826251817322 -0.83034051224514094 -0.28326340720036985 -0.15490951762563432
decision_type=2 2 2 2 2
left_child=4 3 -3 -2 -1
right_child=1 2 -4 -5 -6
leaf_value=0.0014727531123305796 -0.017178722994323735 0.046997987002290867 -0.00920849775937632 0.04933179267475446 0.048366183457445366
leaf_weight=15.723353788256643 9.7045069336891157 18.497344106435776 403.79783509671688 29.736209645867348 26.798962473869324
leaf_count=69 40 80 1683 126 123
internal_value=1.9909e-05 -0.00303819 -0.00653662 0.0329274 0.0318716
internal_weight=504.258 461.736 422.295 39.4407 42.5223
internal_count=2121 1929 1763 166 192
is_linear=0
shrinkage=0.04


Tree=18
num_leaves=6
num_cat=0
split_feature=64 94 40 95 43
split_gain=30.5219 38.9089 78.5465 46.3398 1.23723
threshold=1.0655272179190114 0.5323453933180734 -0.61286474567808003 2.1377387978888631 -0.11375448700249048
decision_type=2 2 2 2 2
left_child=1 2 -1 -3 -2
right_child=4 3 -4 -5 -6
leaf_value=-0.0340911930863756 0.022685703802012562 -0.032833970009140026 0.013435301961796303 0.02990343062859592 0.05115249893170138
leaf_weight=66.674533352255821 9.1331012248992938 100.66827957332134 291.59131762385368 21.41872139275074 14.328077003359793
leaf_count=271 40 412 1238 96 64
internal_value=4.02684e-05 -0.00221294 0.0044503 -0.0215229 0.0427232
internal_weight=503.814 480.353 358.266 122.087 23.4612
internal_count=2121 2017 1509 508 104
is_linear=0
shrinkage=0.04


Tree=19
num_leaves=7
num_cat=0
split_feature=61 76 63 40 93 46
split_gain=28.8145 56.1779 40.8175 28.5427 9.2938 2.91386
threshold=-1.0640010366850943 0.30237379315735385 0.8011670957518483 -0.61286474567808003 0.8663232940058051 0.77997064249517012
decision_type=2 2 2 2 2 2
left_child=4 3 -3 -2 -1 -6
right_child=1 2 -4 -5 5 -7
leaf_value=0.002172432027043356 -0.013217964443988652 -0.031971390198363502 0.028887266129878141 0.013778110488300559 0.047488477547294163 0.01583502465334545
leaf_weight=14.866091728210447 84.415127888321877 124.34627279639244 18.896475166082382 227.48746456205845 23.903694584965706 8.9799795001745206
leaf_count=63 349 508 80 968 112 41
internal_value=4.84919e-05 -0.00309782 -0.0236557 0.00643407 0.0289576 0.0402479
internal_weight=502.895 455.145 143.243 311.903 47.7498 32.8837
internal_count=2121 1905 588 1317 216 153
is_linear=0
shrinkage=0.04


Tree=20
num_leaves=6
num_cat=0
split_feature=64 94 40 84 43
split_gain=28.5012 34.3495 69.9119 41.6404 1.25587
threshold=1.0655272179190114 0.5323453933180734 -0.61286474567808003 1.2444411784650808 -0.11375448700249048
decision_type=2 2 2 2 2
left_child=1 2 -1 -3 -2
right_child=4 3 -4 -5 -6
leaf_value=-0.032096841174938648 0.021799891328137706 -0.034030762728711993 0.012694260459981031 0.018103164533170284 0.050004553175512542
leaf_weight=66.938417673110962 9.0562335401773471 89.847293347120285 290.03657805919647 31.992735311388969 14.082193836569784
leaf_count=271 40 370 1238 138 64
internal_value=5.84046e-05 -0.00211261 0.0041632 -0.0202702 0.0415781
internal_weight=501.953 478.815 356.975 121.84 23.1384
internal_count=2121 2017 1509 508 104
is_linear=0
shrinkage=0.04


Tree=21
num_leaves=8
num_cat=0
split_feature=111 45 95 76 114 46 11
split_gain=27.8946 27.7779 24.7807 52.831 19.7822 7.12188 6.57238
threshold=0.62421646409303455 1.6850731973943234 1.7019771166853976 0.30237379315735385 0.48787003336149759 0.63330757724590059 0.21709847948908759
decision_type=2 2 2 2 2 2 2
left_child=2 4 3 -1 -2 -4 -3
right_child=1 6 5 -5 -6 -7 -8
leaf_value=0.012088387893598966 -0.0073423153973921022 -0.00064878828415635109 0.049422359241338025 -0.020581324052558678 -0.045955320786895494 0.0074967484023504569 0.043485646630310078
leaf_weight=250.93853877484798 41.083335041999817 9.9403249919414538 22.060367301106453 113.31514485180378 44.014637663960457 9.9836979210376722 9.6673175245523435
leaf_count=1074 169 41 102 471 179 45 40
internal_value=6.34289e-05 -0.0180997 0.00492908 0.00186832 -0.0279105 0.0375677 0.0231221
internal_weight=501.003 104.706 396.298 364.254 85.098 32.0441 19.6076
internal_count=2121 429 1692 1545 348 147 81
is_linear=0
shrinkage=0.04


Tree=22
num_leaves=6
num_cat=0
split_feature=108 63 35 64 35
split_gain=27.0307 33.7371 47.699 39.265 14.2172
threshold=-1.1893507697870251 0.27514417344508107 -0.58525198524828725 -0.8007129974241386 -0.15490951762563432
decision_type=2 2 2 2 2
left_child=4 3 -3 -2 -1
right_child=1 2 -4 -5 -6
leaf_value=0.00016581088186038378 0.014745759498401479 -0.023331985320838983 0.02423532037794288 -0.018892839876544318 0.051342498563759012
leaf_weight=13.671239882707594 71.950802519917488 44.222649335861206 124.43099974095821 224.02065508067608 21.877723827958107
leaf_count=61 303 187 531 935 104
internal_value=6.86192e-05 -0.00255897 0.0116354 -0.0106712 0.0327184
internal_weight=500.174 464.625 168.654 295.971 35.549
internal_count=2121 1956 718 1238 165
is_linear=0
shrinkage=0.04


Tree=23
num_leaves=7
num_cat=0
split_feature=61 76 37 35 45 59
split_gain=26.4574 47.0465 42.4161 28.3737 8.20499 2.38893
threshold=-1.0640010366850943 0.30237379315735385 0.52832323560701833 0.89991094390004811 0.5788989641551151 1.5396074832452629
decision_type=2 2 2 2 2 2
left_child=4 3 -3 -2 5 -1
right_child=1 2 -4 -5 -6 -7
leaf_value=0.046699307952939022 0.0086977660423989429 -0.044291591487652958 -0.00095699489258896158 -0.044215914371192724 0.0040357092014878786 0.016799296432748138
leaf_weight=21.823290914297107 294.51287767291069 67.50937157869339 75.466425225138664 15.179413020610808 16.051068589091301 9.0766613334417325
leaf_count=104 1255 276 312 62 70 42
internal_value=7.58358e-05 -0.00293273 -0.0217472 0.00583715 0.028017 0.0394715
internal_weight=499.619 452.668 142.976 309.692 46.951 30.9
internal_count=2121 1905 588 1317 216 146
is_linear=0
shrinkage=0.04


Tree=24
num_leaves=5
num_cat=0
split_feature=94 42 108 118
split_gain=26.2983 28.7453 37.9261 18.0616
threshold=-0.84264202680371758 -0.88117826251817322 -1.0581280851124608 -0.2972946902920432
decision_type=2 2 2 2
left_child=-1 3 -3 -2
right_child=1 2 -4 -5
leaf_value=0.04735634726877095 -0.01702953776196094 0.027078137121995655 -0.0091002469046310708 0.041719920846801338
leaf_weight=16.140436872839928 9.6898538768291456 50.65729458630085 388.26359714567661 33.994946271181107
leaf_count=72 40 234 1627 148
internal_value=7.20219e-05 -0.00169829 -0.0048209 0.0285135
internal_weight=498.746 482.606 438.921 43.6848
internal_count=2121 2049 1861 188
is_linear=0
shrinkage=0.04


Tree=25
num_leaves=8
num_cat=0
split_feature=125 83 82 84 12 42 47
split_gain=25.5963 42.2387 31.6439 27.3924 29.2507 21.5758 14.7807
threshold=-0.15507245201372691 -0.59690597267755796 4.3873430077353293 1.3036398632093882 -0.65502666687150757 1.0061865378487111 -0.27972503071744814
decision_type=2 2 2 2 2 2 2
left_child=1 5 -3 4 -2 -1 -5
right_child=3 2 -4 6 -6 -7 -8
leaf_value=-0.035902576138858409 -0.041190948299794722 0.025093656157565203 -0.038539905945055193 -0.01902831386547367 -0.0060956158639646112 0.026973731786950061 0.033233460226643245
leaf_weight=37.025127351284027 45.306905031204224 152.60504370927811 11.837734490633009 9.9925845563411695 198.23072361946106 9.6541009247302991 33.521696642041206
leaf_count=155 187 676 48 41 827 42 145
internal_value=8.54047e-05 0.0106022 0.0201048 -0.00766933 -0.012907 -0.0223247 0.0209233
internal_weight=498.174 211.122 164.443 287.052 243.538 46.6792 43.5143
internal_count=2121 921 724 1200 1014 197 186
is_linear=0
shrinkage=0.04


Tree=26
num_leaves=6
num_cat=0
split_feature=64 94 40 95 43
split_gain=25.6932 28.6814 61.0674 35.6094 1.2374
threshold=1.0655272179190114 0.5323453933180734 -0.61286474567808003 1.9714839489479363 -0.11375448700249048
decision_type=2 2 2 2 2
left_child=1 2 -1 -3 -2
right_child=4 3 -4 -5 -6
leaf_value=-0.030057493593933133 0.020656843756194247 -0.029403659180874033 0.011840805144163783 0.023331402911957681 0.048374648697193372
leaf_weight=66.971419095993042 8.9150086641311663 96.719397634267807 286.80812583863735 24.244762927293777 13.625755369663237
leaf_count=271 40 397 1238 111 64
internal_value=7.52846e-05 -0.00197962 0.00378496 -0.0186264 0.039989
internal_weight=497.284 474.744 353.78 120.964 22.5408
internal_count=2121 2017 1509 508 104
is_linear=0
shrinkage=0.04


Tree=27
num_leaves=7
num_cat=0
split_feature=42 114 63 45 118 25
split_gain=24.2286 30.9758 27.8912 25.0273 16.4142 3.91287
threshold=-0.88117826251817322 0.37776542956126907 0.70549316303025467 1.0686606233097573 -0.2972946902920432 -0.81002095217544368
decision_type=2 2 2 2 2 2
left_child=4 2 -2 -3 -1 -6
right_child=1 3 -4 -5 5 -7
leaf_value=-0.015470174324209817 -0.00177985023624726 -0.033264570909609964 0.029116685264356401 0.0087002823905405896 0.015849119135665092 0.049443314815836158
leaf_weight=9.7282761037349683 291.42129477858543 76.58677464723587 53.637591958045959 31.001383751630783 10.360509559512133 23.384793505072597
leaf_count=40 1251 314 239 128 47 102
internal_value=8.08546e-05 -0.00270385 0.00316297 -0.0212344 0.0279189 0.0405931
internal_weight=496.121 452.647 345.059 107.588 43.4736 33.7453
internal_count=2121 1932 1490 442 189 149
is_linear=0
shrinkage=0.04


Tree=28
num_leaves=7
num_cat=0
split_feature=61 76 37 101 93 70
split_gain=23.7263 39.9121 38.455 23.3031 7.88121 3.25455
threshold=-1.0640010366850943 0.30237379315735385 0.52832323560701833 0.66219070790049661 0.70239362892998425 -1.7973222880952431
decision_type=2 2 2 2 2 2
left_child=4 3 -3 -2 -1 -6
right_child=1 2 -4 -5 5 -7
leaf_value=-0.0020434309456141653 0.0082930594986660427 -0.041584152123431535 -0.00026623802346594346 -0.035251409053286026 0.011462146136974818 0.042744690700906224
leaf_weight=11.292181119322775 287.96261617541313 67.333767041563988 75.11075484752655 19.129087164998055 8.8514796346425957 25.844775602221493
leaf_count=48 1239 276 312 78 41 127
internal_value=8.75682e-05 -0.00275475 -0.0201026 0.00537008 0.026828 0.0358238
internal_weight=495.525 449.536 142.445 307.092 45.9884 34.6963
internal_count=2121 1905 588 1317 216 168
is_linear=0
shrinkage=0.04


Tree=29
num_leaves=6
num_cat=0
split_feature=35 95 35 25 125
split_gain=23.7595 23.7342 31.1376 10.8699 8.86264
threshold=0.95615273370063714 1.7019771166853976 -0.57979167841313062 -1.2379477916802972 0.16460158055285332
decision_type=2 2 2 2 2
left_child=1 2 -1 -3 -2
right_child=4 3 -4 -5 -6
leaf_value=-0.020749050650932032 -0.055755463464164337 -0.0058635196435288086 0.0051175079808035333 0.042937500824572553 -0.007868750700697983
leaf_weight=93.336450740695 13.803708329796793 8.9782804250717145 338.07243692874908 28.970951274037361 11.402470886707304
leaf_count=389 57 41 1450 137 47
internal_value=8.2613e-05 0.00218014 -0.000548714 0.0316763 -0.036264
internal_weight=494.564 469.358 431.409 37.9492 25.2062
internal_count=2121 2017 1839 178 104
is_linear=0
shrinkage=0.04


Tree=30
num_leaves=5
num_cat=0
split_feature=94 42 108 118
split_gain=23.3939 24.7888 32.9109 16.1345
threshold=-0.84264202680371758 -0.88117826251817322 -1.0581280851124608 -0.32138546492058406
decision_type=2 2 2 2
left_child=-1 3 -3 -2
right_child=1 2 -4 -5
leaf_value=0.045336210471583038 -0.016571456431736544 0.025583829554846577 -0.0084511289527688504 0.039407330374906333
leaf_weight=15.62331637740135 9.5088077783584577 49.534156411886215 386.03380914032459 33.249339491128922
leaf_count=72 39 234 1627 149
internal_value=7.35082e-05 -0.0015875 -0.00448132 0.0267742
internal_weight=493.949 478.326 435.568 42.7581
internal_count=2121 2049 1861 188
is_linear=0
shrinkage=0.04


Tree=31
num_leaves=6
num_cat=0
split_feature=64 83 125 119 112
split_gain=23.3494 26.4437 43.6546 17.1957 8.26247
threshold=0.91544436208411384 -0.59690597267755796 -0.15507245201372691 -0.4076731869767144 -0.16422348754825652
decision_type=2 2 2 2 2
left_child=1 3 -3 -1 -2
right_child=4 2 -4 -5 -6
leaf_value=0.019070779352756525 0.0014370076538904341 0.018177400570652674 -0.0086963805853573616 -0.037329816347350706 0.046736959626602237
leaf_weight=9.2375456839799863 9.2681180238723773 152.86948512494564 255.59516510367393 46.161773085594177 20.146639183163643
leaf_count=41 42 682 1069 193 94
internal_value=8.61669e-05 -0.00216497 0.0014008 -0.0275885 0.0334639
internal_weight=493.279 463.864 408.465 55.3993 29.4148
internal_count=2121 1985 1751 234 136
is_linear=0
shrinkage=0.04


Tree=32
num_leaves=6
num_cat=0
split_feature=64 83 125 119 72
split_gain=22.0365 25.2282 42.0416 15.8379 1.43991
threshold=1.0655272179190114 -0.59690597267755796 -0.15507245201372691 -0.4076731869767144 0.2949982737629499
decision_type=2 2 2 2 2
left_child=1 3 -3 -1 -2
right_child=4 2 -4 -5 -6
leaf_value=0.018531853552471042 0.046452764266880352 0.01803559869617076 -0.0081602827739637417 -0.035594859059195842 0.018317778258792158
leaf_weight=9.1851722747087461 13.049439683556558 154.76725567877293 259.65283513069153 47.122995659708977 8.6304163783788663
leaf_count=41 64 694 1085 197 40
internal_value=9.06129e-05 -0.00179599 0.00166234 -0.0264327 0.0377457
internal_weight=492.408 470.728 414.42 56.3082 21.6799
internal_count=2121 2017 1779 238 104
is_linear=0
shrinkage=0.04


Tree=33
num_leaves=7
num_cat=0
split_feature=61 120 112 46 45 59
split_gain=21.7529 34.8605 34.0881 27.4855 7.19639 2.3837
threshold=-1.0640010366850943 -0.39542192889992517 1.0999946832649898 3.6563294396510941 0.5788989641551151 1.5396074832452629
decision_type=2 2 2 2 2 2
left_child=4 2 -2 -3 5 -1
right_child=1 3 -4 -5 -6 -7
leaf_value=0.044452075228112814 -0.032764885967542477 0.0005730145338725029 0.027680077801131065 0.046704221289043397 0.0035308065827220486 0.014789026529763653
leaf_weight=20.513990998268131 86.524650022387505 323.42342492938042 16.361794278025627 20.079374328255653 15.858111828565596 8.7473226338624936
leaf_count=104 360 1390 69 86 70 42
internal_value=9.7704e-05 -0.00261954 -0.0228079 0.00352435 0.0259509 0.0370981
internal_weight=491.509 446.389 102.886 343.503 45.1194 29.2613
internal_count=2121 1905 429 1476 216 146
is_linear=0
shrinkage=0.04


Tree=34
num_leaves=6
num_cat=0
split_feature=35 61 76 125 45
split_gain=21.3687 23.9031 36.0612 8.45223 6.90005
threshold=0.95615273370063714 -1.0621045989416733 0.30695636068640192 0.16460158055285332 0.71105497116111926
decision_type=2 2 2 2 2
left_child=1 4 -3 -2 -1
right_child=3 2 -4 -5 -6
leaf_value=0.038344051137902645 -0.053613854728331981 0.0066961555342023426 -0.018787146966978072 -0.0068996964681358732 0.002249521126318578
leaf_weight=32.667518153786659 13.655406907200815 296.9922000169754 124.41779804229736 11.369474574923514 11.559736177325247
leaf_count=163 57 1286 517 47 51
internal_value=0.000112191 0.00211032 -0.000880781 -0.0344716 0.0294155
internal_weight=490.662 465.637 421.41 25.0249 44.2273
internal_count=2121 2017 1803 104 214
is_linear=0
shrinkage=0.04


Tree=35
num_leaves=4
num_cat=0
split_feature=94 40 40
split_gain=20.9471 22.2395 24.1825
threshold=-0.84264202680371758 -1.096525366020644 -0.67779597903941946
decision_type=2 2 2
left_child=-1 -2 -3
right_child=1 2 -4
leaf_value=0.043576456758698083 0.051193891614377873 -0.026545944482810474 0.00063771571581710141
leaf_weight=15.118724614381788 10.50440554320812 58.099482819437981 405.9750951975584
leaf_count=72 45 243 1761
internal_value=0.000103513 -0.00145847 -0.00286483
internal_weight=489.698 474.579 464.075
internal_count=2121 2049 2004
is_linear=0
shrinkage=0.04


Tree=36
num_leaves=6
num_cat=0
split_feature=64 94 40 84 112
split_gain=20.9655 25.8189 49.3812 32.929 8.13025
threshold=0.91544436208411384 0.5323453933180734 -0.59276433927509664 1.2675076236994458 -0.16422348754825652
decision_type=2 2 2 2 2
left_child=1 2 -1 -3 -2
right_child=4 3 -4 -5 -6
leaf_value=-0.02564675171441726 0.00036644156953164034 -0.030566952217194642 0.011232654262495383 0.017409763821945472 0.045446720519190686
leaf_weight=71.63609017431736 9.1376862376928347 85.914736807346344 273.58438114821911 29.467982262372971 19.631786286830902
leaf_count=292 42 361 1200 132 94
internal_value=0.000111437 -0.00201559 0.00347623 -0.0182262 0.0320829
internal_weight=489.373 460.603 345.22 115.383 28.7695
internal_count=2121 1985 1492 493 136
is_linear=0
shrinkage=0.04


Tree=37
num_leaves=5
num_cat=0
split_feature=40 40 106 68
split_gain=20.1986 23.9705 36.6019 29.5135
threshold=-1.096525366020644 -0.67779597903941946 -0.05460442488243817 -0.23867197166338547
decision_type=2 2 2 2
left_child=-1 2 -2 -3
right_child=1 3 -4 -5
leaf_value=0.050471549275558518 -0.046812371578707559 0.019944326255206982 0.018223690398063808 -0.0041026405334141473
leaf_weight=10.420944169163702 38.327268540859222 108.50052584707737 19.746057257056236 311.14281229674816
leaf_count=45 156 476 87 1357
internal_value=0.000111252 -0.00119315 -0.0248284 0.00217991
internal_weight=488.138 477.717 58.0733 419.643
internal_count=2121 2076 243 1833
is_linear=0
shrinkage=0.04


Tree=38
num_leaves=7
num_cat=0
split_feature=42 108 64 118 47 64
split_gain=20.3462 24.9515 25.409 14.8143 11.7903 4.3115
threshold=-0.88117826251817322 -1.0581280851124608 0.32934630969455569 -0.32138546492058406 0.085119328124154917 0.36243646616088954
decision_type=2 2 2 2 2 2
left_child=3 4 -3 -1 -2 -5
right_child=1 2 -4 5 -6 -7
leaf_value=-0.015555679475503036 0.0082189379758119425 -0.012797773527302395 0.0086545583760882332 0.047384020072996344 0.04875934950941152 0.012791767173256609
leaf_weight=9.5040198415517789 30.835497811436653 267.33524656295776 129.77712962031364 22.826068058609962 17.314599692821503 9.9627598822116834
leaf_count=39 151 1133 565 103 83 47
internal_value=0.00011368 -0.00244773 -0.00577887 0.0259733 0.0241603 0.038213
internal_weight=487.555 445.262 397.112 42.2928 48.1501 32.7888
internal_count=2121 1932 1698 189 234 150
is_linear=0
shrinkage=0.04


Tree=39
num_leaves=8
num_cat=0
split_feature=111 45 28 95 76 11 82
split_gain=19.6606 23.6301 23.5989 18.9988 40.1856 11.0988 10.1111
threshold=0.62421646409303455 0.95957003446827871 0.19103893310717415 0.95799961930109989 0.30237379315735385 0.238015375073407 0.59424422724273473
decision_type=2 2 2 2 2 2 2
left_child=3 2 -2 4 -1 -3 -5
right_child=1 5 -4 6 -6 -7 -8
leaf_value=0.0095776751697665627 -0.0034967090171312237 -0.0072073890090022233 -0.047360172747149355 0.036307389034545119 -0.020876014543164643 0.042301102128283821 -0.0065097425291919574
leaf_weight=239.67021211981773 38.514901548624039 14.099634572863581 38.755606308579445 38.17475038766861 95.220259636640549 11.906594932079313 10.60667037963867
leaf_count=1062 159 59 161 183 402 50 45
internal_value=0.000126819 -0.0151946 -0.0261366 0.00430843 0.000846172 0.0168615 0.0271078
internal_weight=486.949 103.277 77.2705 383.672 334.89 26.0062 48.7814
internal_count=2121 429 320 1692 1464 109 228
is_linear=0
shrinkage=0.04


Tree=40
num_leaves=5
num_cat=0
split_feature=94 64 61 112
split_gain=19.3923 21.0643 24.4166 7.92878
threshold=-0.84264202680371758 0.91544436208411384 -1.0621045989416733 -0.16422348754825652
decision_type=2 2 2 2
left_child=-1 2 -2 -3
right_child=1 3 -4 -5
leaf_value=0.04241915249821257 0.023444425151331418 -0.00030329403630167788 -0.0067872917895823526 0.044378401028149252
leaf_weight=14.750990301370619 45.907471343874931 9.0464180260896701 397.01632454991341 19.14032170176506
leaf_count=72 225 42 1688 94
internal_value=0.000123619 -0.00137442 -0.00356258 0.030968
internal_weight=485.862 471.111 442.924 28.1867
internal_count=2121 2049 1913 136
is_linear=0
shrinkage=0.04


Tree=41
num_leaves=5
num_cat=0
split_feature=40 40 94 106
split_gain=18.9662 22.4239 33.7752 32.4869
threshold=-1.096525366020644 -0.67779597903941946 0.5323453933180734 -0.05460442488243817
decision_type=2 2 2 2
left_child=-1 3 -3 -2
right_child=1 2 -4 -5
leaf_value=0.049207232235189746 -0.044756309711119172 0.0092873249424361721 -0.015797915053712683 0.016856343211221515
leaf_weight=10.286090821027754 38.158063888549805 299.09361238777637 118.17446871101856 19.465054422616959
leaf_count=45 156 1322 511 87
internal_value=0.000137339 -0.00112742 0.00214147 -0.0240763
internal_weight=485.177 474.891 417.268 57.6231
internal_count=2121 2076 1833 243
is_linear=0
shrinkage=0.04


Tree=42
num_leaves=7
num_cat=0
split_feature=42 108 40 118 35 119
split_gain=18.5835 22.8001 21.7602 13.7504 11.0175 4.27904
threshold=-0.88117826251817322 -1.1893507697870251 -1.096525366020644 -0.32138546492058406 -0.15490951762563432 -0.047258891548580047
decision_type=2 2 2 2 2 2
left_child=3 4 -3 -1 -2 -5
right_child=1 2 -4 5 -6 -7
leaf_value=-0.014909539628028198 -0.0038152181210797599 0.048024072789506669 -0.0062938247408661835 0.016705573291323422 0.047580459207615597 0.049222173812956432
leaf_weight=9.511578217148779 9.4243362247943896 10.169556006789206 404.19248451292515 13.903723180294035 18.751727476716042 18.312489971518517
leaf_count=39 45 45 1743 67 99 83
internal_value=0.000134887 -0.00231315 -0.00473644 0.0250155 0.0312761 0.0369856
internal_weight=484.266 442.538 414.362 41.7278 28.1761 32.2162
internal_count=2121 1932 1788 189 144 150
is_linear=0
shrinkage=0.04


Tree=43
num_leaves=5
num_cat=0
split_feature=94 95 76 25
split_gain=18.2301 19.7621 23.8957 6.48455
threshold=-0.84264202680371758 1.9714839489479363 0.30695636068640192 -1.1859117423516519
decision_type=2 2 2 2
left_child=-1 2 -2 -3
right_child=1 3 -4 -5
leaf_value=0.041533102106560228 0.0030712428973818026 -0.0019710184669743374 -0.016652456477705947 0.03834501281041057
leaf_weight=14.459717810153959 291.83726792037487 8.2837222367525118 145.81632651388645 23.308956533670425
leaf_count=72 1275 41 618 115
internal_value=0.000153934 -0.00129201 -0.00354611 0.028286
internal_weight=483.706 469.246 437.654 31.5927
internal_count=2121 2049 1893 156
is_linear=0
shrinkage=0.04


Tree=44
num_leaves=6
num_cat=0
split_feature=64 83 125 10 43
split_gain=18.1033 21.0654 33.2811 13.1142 1.4821
threshold=1.0655272179190114 -0.59690597267755796 -0.14998127106579093 -0.5495559927660898 -0.11375448700249048
decision_type=2 2 2 2 2
left_child=1 3 -3 -1 -2
right_child=4 2 -4 -5 -6
leaf_value=0.0118522495756154 0.016190434091116736 0.016338661168943031 -0.00717070655187238 -0.034024864019947663 0.044095193530803163
leaf_weight=11.660531252622603 8.3178753852844256 152.11158423125744 255.11298969388008 43.570000126957893 12.166827335953711
leaf_count=51 40 700 1079 187 64
internal_value=0.000159669 -0.00153795 0.00164774 -0.0242634 0.0352124
internal_weight=482.94 462.455 407.225 55.2305 20.4847
internal_count=2121 2017 1779 238 104
is_linear=0
shrinkage=0.04


Tree=45
num_leaves=8
num_cat=0
split_feature=63 36 64 84 82 84 70
split_gain=17.5667 29.6967 28.9059 24.5511 22.6693 21.3539 12.7191
threshold=0.27514417344508107 -0.5584388735368967 -0.8007129974241386 1.3036398632093882 -0.41031525412627873 -0.60521840759480316 -0.13238119235102594
decision_type=2 2 2 2 2 2 2
left_child=2 6 4 -4 -1 -3 -2
right_child=1 5 3 -5 -6 -7 -8
leaf_value=-0.027233550969283562 -0.00015757959340017416 -0.014426013525632787 -0.016647627671405357 0.025476797989457501 0.026274435896348716 0.027594731033339773 -0.043101064261719141
leaf_weight=14.111777529120443 27.486268416047096 22.30465205013752 212.747852191329 22.894417241215706 61.191306620836258 104.8518673479557 16.454141095280647
leaf_count=59 122 101 922 103 274 471 69
internal_value=0.000162408 0.0103866 -0.00549386 -0.012375 0.0158019 0.0201146 -0.0174147
internal_weight=482.042 171.097 310.945 235.642 75.3031 127.157 43.9404
internal_count=2121 763 1358 1025 333 572 191
is_linear=0
shrinkage=0.04


Tree=46
num_leaves=6
num_cat=0
split_feature=35 46 95 35 125
split_gain=17.6269 20.9601 20.9695 12.2708 7.69775
threshold=0.95615273370063714 0.39243696738668205 1.7019771166853976 -0.61715012996811502 0.16460158055285332
decision_type=2 2 2 2 2
left_child=1 2 -1 -3 -2
right_child=4 3 -4 -5 -6
leaf_value=-0.0058771058521872302 -0.050219530251430888 -0.0012086248831039348 0.035223426111513814 0.024822313939017772 -0.0054559149204124417
leaf_weight=312.31912086904049 13.199268147349359 44.174503803253174 19.215831622481346 81.224795386195183 11.231832906603811
leaf_count=1369 57 195 100 353 47
internal_value=0.000154211 0.00198292 -0.00329798 0.0157774 -0.0316102
internal_weight=481.365 456.934 331.535 125.399 24.4311
internal_count=2121 2017 1469 548 104
is_linear=0
shrinkage=0.04


Tree=47
num_leaves=7
num_cat=0
split_feature=42 63 108 25 118 25
split_gain=17.4041 23.5041 29.9505 24.6021 13.7011 4.21361
threshold=-0.88117826251817322 0.59139278467758538 -1.1893507697870251 -0.64492866860222031 -0.32601776054982462 -0.81002095217544368
decision_type=2 2 2 2 2 2
left_child=4 2 -2 -3 -1 -6
right_child=1 3 -4 -5 5 -7
leaf_value=-0.015890971145862534 0.036202256423406194 -0.03476300539706402 -0.0096776772155998027 0.025791391592361164 0.011155981757805918 0.045373930542212372
leaf_weight=9.2772451490163785 22.454980775713921 10.833242997527121 336.43640002608299 69.88576166331768 9.6668724417686445 22.304089620709423
leaf_count=38 118 45 1448 321 47 104
internal_value=0.000148449 -0.00222377 -0.00662236 0.0170204 0.0243645 0.0362936
internal_weight=480.859 439.61 358.891 80.719 41.2482 31.971
internal_count=2121 1932 1566 366 189 151
is_linear=0
shrinkage=0.04


Tree=48
num_leaves=5
num_cat=0
split_feature=94 53 78 113
split_gain=16.9187 18.742 27.1929 25.3219
threshold=-0.84264202680371758 0.25000000000000006 -1.1223291455117319 -0.42342545166058954
decision_type=2 2 2 2
left_child=-1 3 -3 -2
right_child=1 2 -4 -5
leaf_value=0.040480389777382247 0.034458116463275193 0.025598929830634595 -0.018020245357536737 0.00028399483159668781
leaf_weight=14.092236682772635 38.20890699326992 25.125891253352165 149.46039558947086 253.05984471738338
leaf_count=72 195 126 636 1092
internal_value=0.000154414 -0.00123329 -0.0115239 0.00497141
internal_weight=479.947 465.855 174.586 291.269
internal_count=2121 2049 762 1287
is_linear=0
shrinkage=0.04


Tree=49
num_leaves=5
num_cat=0
split_feature=40 40 94 106
split_gain=16.6544 20.2348 35.0592 33.1006
threshold=-1.096525366020644 -0.61286474567808003 0.5323453933180734 -0.27843442738339319
decision_type=2 2 2 2
left_child=-1 3 -3 -2
right_child=1 2 -4 -5
leaf_value=0.046813829998867906 -0.038996941338415317 0.010084918798791266 -0.016188214905353347 0.015636575071972102
leaf_weight=9.9416277855634672 48.142406284809113 283.21646752953529 111.68157747387886 26.084426060318947
leaf_count=45 198 1271 490 117
internal_value=0.000163928 -0.00101921 0.00261045 -0.0198914
internal_weight=479.067 469.125 394.898 74.2268
internal_count=2121 2076 1761 315
is_linear=0
shrinkage=0.04


Tree=50
num_leaves=6
num_cat=0
split_feature=35 46 126 40 125
split_gain=15.9531 19.4913 20.0003 14.378 7.18738
threshold=0.95615273370063714 0.28523477961336358 0.62231545481737749 -0.68195357814436564 0.16460158055285332
decision_type=2 2 2 2 2
left_child=1 2 -1 -3 -2
right_child=4 3 -4 -5 -6
leaf_value=0.0014168647792028709 -0.048398122266188677 -0.016183575634434687 -0.023525006999914302 0.018848931947794242 -0.005025524641167318
leaf_weight=244.40790946781635 12.96405164897442 20.383962795138359 63.085929021239281 125.97248458862305 11.204211100935934
leaf_count=1107 57 86 268 556 47
internal_value=0.000160997 0.00190385 -0.0038192 0.0138173 -0.0302118
internal_weight=478.019 453.85 307.494 146.356 24.1683
internal_count=2121 2017 1375 642 104
is_linear=0
shrinkage=0.04


Tree=51
num_leaves=7
num_cat=0
split_feature=42 63 108 25 118 25
split_gain=16.3169 21.5655 26.7541 22.7124 12.2182 4.21357
threshold=-0.88117826251817322 0.59139278467758538 -1.1893507697870251 -0.64492866860222031 -0.32601776054982462 -0.81002095217544368
decision_type=2 2 2 2 2 2
left_child=4 2 -2 -3 -1 -6
right_child=1 3 -4 -5 5 -7
leaf_value=-0.014292615807379241 0.034784981445868092 -0.033298846592616581 -0.0092287405330484101 0.024895242950050883 0.010152244369000661 0.044311192895149912
leaf_weight=9.2770688831806165 21.694846272468567 10.85356195271015 335.11669287085533 69.079913228750229 9.5364877581596357 21.874918162822727
leaf_count=38 118 45 1448 321 47 104
internal_value=0.000142822 -0.00215477 -0.00637365 0.0163736 0.0237504 0.035169
internal_weight=477.433 436.745 356.812 79.9335 40.6885 31.4114
internal_count=2121 1932 1566 366 189 151
is_linear=0
shrinkage=0.04


Tree=52
num_leaves=7
num_cat=0
split_feature=61 76 37 35 45 59
split_gain=16.1032 23.0925 32.9479 18.1518 6.18299 3.80001
threshold=-1.0640010366850943 0.30237379315735385 0.52832323560701833 0.89991094390004811 0.5788989641551151 1.5463324243305221
decision_type=2 2 2 2 2 2
left_child=4 3 -3 -2 5 -1
right_child=1 2 -4 -5 -6 -7
leaf_value=0.042463058883130352 0.0064724891571798148 -0.035811559959328887 0.0029430867774252849 -0.036630253524305337 0.0023651465594135487 0.0068330805851587696
leaf_weight=19.699700444936756 281.35620221495628 65.097867876291275 73.014533892273903 14.565668493509291 15.490660235285757 7.264796331524848
leaf_count=109 1255 276 312 62 70 37
internal_value=0.000148846 -0.00218994 -0.015574 0.00411925 0.0230819 0.0339983
internal_weight=476.489 434.034 138.112 295.922 42.4552 26.9645
internal_count=2121 1905 588 1317 216 146
is_linear=0
shrinkage=0.04


Tree=53
num_leaves=5
num_cat=0
split_feature=40 40 68 106
split_gain=16.057 18.328 25.4068 22.4825
threshold=-1.096525366020644 -0.68195357814436564 -0.23867197166338547 -0.052888990555371419
decision_type=2 2 2 2
left_child=-1 3 -3 -2
right_child=1 2 -4 -5
leaf_value=0.046177153988899204 -0.040132596370304689 0.018483437901106816 -0.0040120567704822535 0.012875741047821411
leaf_weight=9.8234708160161954 35.854148060083389 106.8588343411684 304.72599686682224 18.14897084236145
leaf_count=45 150 481 1361 84
internal_value=0.000141818 -0.00102284 0.00188954 -0.0224943
internal_weight=475.411 465.588 411.585 54.0031
internal_count=2121 2076 1842 234
is_linear=0
shrinkage=0.04


Tree=54
num_leaves=7
num_cat=0
split_feature=61 120 63 64 45 59
split_gain=15.2564 22.7567 29.313 23.6025 5.86958 3.6426
threshold=-1.0640010366850943 -0.39542192889992517 0.23958268052387535 -0.90373681668794503 0.5788989641551151 1.5463324243305221
decision_type=2 2 2 2 2 2
left_child=4 2 -2 -3 5 -1
right_child=1 3 -4 -5 -6 -7
leaf_value=0.041749504085698275 -0.034209521189626509 0.031093614631526437 0.010506411705139931 -0.0010801610713622228 0.0024225614709094691 0.0067505896565028976
leaf_weight=19.307535171508793 64.961759001016617 39.648569151759148 34.919569805264473 293.12278465926647 15.49746237695217 7.2566425353288642
leaf_count=109 280 177 149 1299 70 37
internal_value=0.000142312 -0.00213185 -0.018677 0.00291609 0.0225696 0.0333308
internal_weight=474.714 432.653 99.8813 332.771 42.0616 26.5642
internal_count=2121 1905 429 1476 216 146
is_linear=0
shrinkage=0.04


Tree=55
num_leaves=5
num_cat=0
split_feature=40 40 63 28
split_gain=15.1908 16.8504 30.3783 29.628
threshold=-1.096525366020644 -0.61286474567808003 0.13610884911944102 -0.29196092378763611
decision_type=2 2 2 2
left_child=-1 2 -2 -3
right_child=1 3 -4 -5
leaf_value=0.04516777289774724 -0.039346828934001425 0.0192377491332925 0.011810607386785871 -0.004772377426267958
leaf_weight=9.6978574246168119 42.782604724168777 114.80691713094711 30.468826130032539 276.01150918006897
leaf_count=45 178 528 137 1233
internal_value=0.000147374 -0.000983223 -0.0183196 0.00234288
internal_weight=473.768 464.07 73.2514 390.818
internal_count=2121 2076 315 1761
is_linear=0
shrinkage=0.04


Tree=56
num_leaves=5
num_cat=0
split_feature=94 47 53 122
split_gain=15.4556 16.963 18.1906 11.4694
threshold=-0.84264202680371758 1.5130303848366655 0.25000000000000006 0.22189304248345343
decision_type=2 2 2 2
left_child=-1 2 -2 -3
right_child=1 3 -4 -5
leaf_value=0.039253234895224469 0.0031652200272510585 0.044367186319875254 -0.013735409918769049 -0.0031521342146690694
leaf_weight=13.640081316232679 264.33800578862429 18.954220041632656 163.23910016566515 12.866683423519133
leaf_count=72 1189 89 716 55
internal_value=0.000147637 -0.00117857 -0.00332096 0.0261027
internal_weight=473.038 459.398 427.577 31.8209
internal_count=2121 2049 1905 144
is_linear=0
shrinkage=0.04


Tree=57
num_leaves=7
num_cat=0
split_feature=95 101 26 46 46 112
split_gain=15.3211 16.6292 20.4197 19.7794 9.01313 0.702492
threshold=1.9714839489479363 0.55541996384618109 -1.0906314059030542 0.66708441454729273 0.94176234135855863 0.6282802608013679
decision_type=2 2 2 2 2 2
left_child=1 2 -1 -3 5 -2
right_child=4 3 -4 -5 -6 -7
leaf_value=0.030804557816323554 0.020735690414660325 -0.033016815788111248 -0.001303768817416065 0.0099101895192783111 -0.0051414509107237417 0.047131266125790675
leaf_weight=32.984608314931393 7.5428721159696641 49.323668971657753 335.24466063082218 24.666594386100769 9.4616033732891065 13.418907791376112
leaf_count=152 38 208 1501 104 43 75
internal_value=0.00015461 -0.00178353 0.00172325 -0.0188218 0.0266987 0.0402665
internal_weight=472.643 442.22 368.229 73.9903 30.4234 20.9618
internal_count=2121 1965 1653 312 156 113
is_linear=0
shrinkage=0.04


Tree=58
num_leaves=7
num_cat=0
split_feature=42 63 108 25 118 64
split_gain=14.804 19.2419 24.2817 20.8659 13.1216 4.4908
threshold=-0.88117826251817322 0.59139278467758538 -1.1893507697870251 -0.64492866860222031 -0.33093979013947233 0.36243646616088954
decision_type=2 2 2 2 2 2
left_child=4 2 -2 -3 -1 -6
right_child=1 3 -4 -5 5 -7
leaf_value=-0.017485709973346756 0.033733424234424346 -0.031997358268653214 -0.0087424514276687269 0.023874423421928578 0.043930660164896114 0.0090437858757619078
leaf_weight=8.7675704658031446 21.062611564993858 10.836021676659582 332.14358983933926 67.992312490940094 21.757435955107216 9.5009794756770116
leaf_count=36 118 45 1448 321 105 48
internal_value=0.000161304 -0.00203428 -0.00603383 0.0155924 0.0228291 0.0345083
internal_weight=472.061 432.035 353.206 78.8283 40.026 31.2584
internal_count=2121 1932 1566 366 189 153
is_linear=0
shrinkage=0.04


Tree=59
num_leaves=7
num_cat=0
split_feature=95 76 37 7 46 112
split_gain=14.6444 19.1314 27.9176 17.7849 8.6072 0.684835
threshold=1.9714839489479363 0.24564938820647975 0.62296334458490688 -0.61425829301597246 0.94176234135855863 0.6282802608013679
decision_type=2 2 2 2 2 2
left_child=1 3 -3 -1 5 -2
right_child=4 2 -4 -5 -6 -7
leaf_value=0.024402657462602666 0.020392651006022399 -0.029120264573953253 0.0048582788766416167 -0.00054599875642764894 -0.0047977278731314325 0.046538615861731428
leaf_weight=54.79860919713974 7.496774308383471 79.844377890229225 72.437705427408218 233.89369377493858 9.4817949086427671 13.134237520396708
leaf_count=252 38 349 314 1050 43 75
internal_value=0.000165832 -0.00172572 -0.0131039 0.00432498 0.0262482 0.0396797
internal_weight=471.087 440.974 152.282 288.692 30.1128 20.631
internal_count=2121 1965 663 1302 156 113
is_linear=0
shrinkage=0.04


Tree=60
num_leaves=5
num_cat=0
split_feature=94 61 53 45
split_gain=14.6055 15.7743 24.4797 6.89696
threshold=-0.84264202680371758 -1.0621045989416733 0.25000000000000006 0.62032149966461636
decision_type=2 2 2 2
left_child=-1 3 -3 -2
right_child=1 2 -4 -5
leaf_value=0.038538205553860595 0.032521967583152699 0.0035506848972653884 -0.016779873445118883 -0.0003057394805844517
leaf_weight=13.360206305980681 27.867182940244675 269.94269452989101 143.58373865485191 15.5260002464056
leaf_count=72 155 1206 618 70
internal_value=0.000170751 -0.00111417 -0.00355523 0.0212803
internal_weight=470.28 456.92 413.526 43.3932
internal_count=2121 2049 1824 225
is_linear=0
shrinkage=0.04


Tree=61
num_leaves=6
num_cat=0
split_feature=47 35 83 112 90
split_gain=14.1526 24.5872 18.4193 15.9683 10.9524
threshold=1.5130303848366655 0.84573662121954507 -0.61272670163792931 0.3769491148956749 0.6616686316825483
decision_type=2 2 2 2 2
left_child=1 2 -1 -3 -2
right_child=4 3 -4 -5 -6
leaf_value=-0.021902200820578099 0.0028464202697699053 -0.056537155345484855 0.0039902480780910424 0.0037778853012295794 0.049020990753071043
leaf_weight=48.013924390077591 17.320732936263088 18.562780186533931 361.24595118314028 10.304488912224768 14.107160642743109
leaf_count=214 77 82 1635 46 67
internal_value=0.000175026 -0.00173143 0.000860834 -0.0361573 0.0252658
internal_weight=469.555 438.127 409.26 28.8673 31.4279
internal_count=2121 1977 1849 128 144
is_linear=0
shrinkage=0.04


Tree=62
num_leaves=5
num_cat=0
split_feature=94 42 63 118
split_gain=13.7687 15.1296 19.5421 12.0646
threshold=-0.84264202680371758 -0.88117826251817322 0.59139278467758538 -0.33093979013947233
decision_type=2 2 2 2
left_child=-1 3 -3 -2
right_child=1 2 -4 -5
leaf_value=0.037780226192298934 -0.01655435210516986 -0.0074764921539574852 0.01462614940438854 0.033431841281027233
leaf_weight=13.073253795504568 8.7750354856252653 339.70042812079191 76.823968544602394 30.558861881494522
leaf_count=72 36 1503 358 152
internal_value=0.000165142 -0.00107391 -0.00334946 0.0220189
internal_weight=468.932 455.858 416.524 39.3339
internal_count=2121 2049 1861 188
is_linear=0
shrinkage=0.04


Tree=63
num_leaves=8
num_cat=0
split_feature=111 45 28 95 76 11 82
split_gain=13.9755 20.3757 22.3209 14.845 25.1731 10.1274 8.3859
threshold=0.62421646409303455 0.95957003446827871 0.19103893310717415 0.95799961930109989 0.21914458372793841 0.238015375073407 0.59424422724273473
decision_type=2 2 2 2 2 2 2
left_child=3 2 -2 4 -1 -3 -5
right_child=1 5 -4 6 -6 -7 -8
leaf_value=0.008150100574486157 -0.0010152648287446002 -0.0062357119908541822 -0.044049349248988505 0.033467532076546784 -0.015901291642522568 0.041645881175111886 -0.0061750673196348605
leaf_weight=222.8559153676033 37.592707455158234 13.73177118599415 37.806849762797356 35.381471522152424 98.860973596572876 11.646548062562941 10.341147989034651
leaf_count=1029 159 59 161 183 435 50 45
internal_value=0.000170554 -0.0128767 -0.0231741 0.00379937 0.000706724 0.017175 0.0246185
internal_weight=468.217 100.778 75.3996 367.44 321.717 25.3783 45.7226
internal_count=2121 429 320 1692 1464 109 228
is_linear=0
shrinkage=0.04


Tree=64
num_leaves=5
num_cat=0
split_feature=40 40 94 106
split_gain=13.7161 16.0437 22.6082 22.2486
threshold=-1.096525366020644 -0.67779597903941946 0.5323453933180734 -0.05460442488243817
decision_type=2 2 2 2
left_child=-1 3 -3 -2
right_child=1 2 -4 -5
leaf_value=0.043471633073045732 -0.038165267763567483 0.0078283377958304062 -0.013072450444231836 0.014140079549285612
leaf_weight=9.4183853492140752 36.538281098008156 289.02683403342962 113.76806726306677 18.348635271191597
leaf_count=45 156 1322 511 87
internal_value=0.000166633 -0.000909778 0.00188956 -0.0207973
internal_weight=467.1 457.682 402.795 54.8869
internal_count=2121 2076 1833 243
is_linear=0
shrinkage=0.04


Tree=65
num_leaves=7
num_cat=0
split_feature=47 35 46 112 122 34
split_gain=13.3479 22.015 22.4298 15.2605 10.2695 0.599167
threshold=1.5130303848366655 0.84573662121954507 0.28523477961336358 0.3769491148956749 0.22189304248345343 0.82700402235224069
decision_type=2 2 2 2 2 2
left_child=1 2 -1 -3 5 -2
right_child=4 3 -4 -5 -6 -7
leaf_value=-0.0055213813493652456 0.051307696822050115 -0.054658664475748457 0.014669666883103788 0.0044201821599726228 -0.0030349157143144002 0.023631055837409938
leaf_weight=280.87613834440708 10.031171463429933 18.219488307833675 125.80589348077774 10.266239196062086 12.691169306635855 8.2180643528699857
leaf_count=1283 49 82 566 46 55 40
internal_value=0.000162827 -0.00168802 0.000765884 -0.0344735 0.0247164 0.0424093
internal_weight=466.108 435.168 406.682 28.4857 30.9404 18.2492
internal_count=2121 1977 1849 128 144 89
is_linear=0
shrinkage=0.04


Tree=66
num_leaves=6
num_cat=0
split_feature=64 83 125 70 72
split_gain=13.0207 15.71 24.081 9.81872 1.61468
threshold=1.0655272179190114 -0.59690597267755796 -0.14998127106579093 0.3502497303755413 0.2949982737629499
decision_type=2 2 2 2 2
left_child=1 3 -3 -1 -2
right_child=4 2 -4 -5 -6
leaf_value=-0.031084480298335996 0.040803829106213732 0.014358601319949761 -0.0060218876087280403 0.0068251816883444904 0.012681205934644427
leaf_weight=39.276504829525948 10.696354024112226 145.34353698790073 248.48739925771952 14.012056246399878 7.7967242896556845
leaf_count=175 64 700 1079 63 40
internal_value=0.000162016 -0.00126143 0.00153409 -0.02123 0.031342
internal_weight=465.613 447.119 393.831 53.2886 18.4931
internal_count=2121 2017 1779 238 104
is_linear=0
shrinkage=0.04


Tree=67
num_leaves=6
num_cat=0
split_feature=15 114 45 58 35
split_gain=12.9488 18.0218 18.8562 14.3086 4.14307
threshold=-1.1134523266502454 0.48787003336149759 0.79328649613724744 0.27492335908635313 -0.57979167841313062
decision_type=2 2 2 2 2
left_child=4 3 -3 -2 -1
right_child=1 2 -4 -5 -6
leaf_value=0.0080413147859515251 0.0085529494678273574 -0.031354110987840453 0.0093774822241497226 -0.0077634178396685325 0.043449666653146021
leaf_weight=10.452540233731272 226.8207758590579 54.211916133761406 25.753923118114471 135.88351482897997 11.614293798804281
leaf_count=47 1070 230 110 612 52
internal_value=0.000163055 -0.00138432 -0.0183273 0.00243113 0.0287396
internal_weight=464.737 442.67 79.9658 362.704 22.0668
internal_count=2121 2022 340 1682 99
is_linear=0
shrinkage=0.04


Tree=68
num_leaves=7
num_cat=0
split_feature=61 35 63 119 45 59
split_gain=12.8447 16.6773 28.4228 28.4066 4.95297 3.54831
threshold=-1.0640010366850943 -0.58525198524828725 0.2324229199453848 0.87428486962398122 0.5788989641551151 1.5463324243305221
decision_type=2 2 2 2 2 2
left_child=4 3 -3 -2 5 -1
right_child=1 2 -4 -5 -6 -7
leaf_value=0.040122132222184276 -0.026358808711413245 -0.006788444901930377 0.017115560573895613 0.03622430231726588 0.0026437321261729599 0.0052851138683533139
leaf_weight=18.010713100433353 75.701193735003471 211.27882391214371 125.0074365735054 11.848181664943693 15.307172372937201 6.9842650219798079
leaf_count=109 324 946 582 53 70 37
internal_value=0.000162211 -0.0019268 0.00214603 -0.0172695 0.0211836 0.0315005
internal_weight=464.138 423.836 336.286 87.5494 40.3022 24.995
internal_count=2121 1905 1528 377 216 146
is_linear=0
shrinkage=0.04


Tree=69
num_leaves=5
num_cat=0
split_feature=82 88 111 71
split_gain=12.9022 18.4062 18.0155 2.20656
threshold=4.5704821388696404 2.5801968900966283 0.62421646409303455 0.15704938320017983
decision_type=2 2 2 2
left_child=1 2 -1 -3
right_child=-2 3 -4 -5
leaf_value=0.0034604875270244041 -0.042961452299716305 0.043655784770175607 -0.016410102420939231 0.015333955620785874
leaf_weight=339.04411755502224 8.8401699513196927 13.95805709064007 90.892432704567909 10.512518450617788
leaf_count=1584 36 63 390 48
internal_value=0.000168992 0.00119265 -0.000796866 0.0335666
internal_weight=463.247 454.407 429.937 24.4706
internal_count=2121 2085 1974 111
is_linear=0
shrinkage=0.04


Tree=70
num_leaves=6
num_cat=0
split_feature=47 35 46 125 90
split_gain=12.5718 20.5963 20.8634 13.5034 9.88218
threshold=1.5130303848366655 0.84573662121954507 0.28523477961336358 0.39270985809792819 0.6616686316825483
decision_type=2 2 2 2 2
left_child=1 2 -1 -3 -2
right_child=4 3 -4 -5 -6
leaf_value=-0.0053262112080291104 0.0027388626768190881 -0.051305965858395579 0.014224046838052616 0.0056554519711121539 0.047243266602015943
leaf_weight=279.49681833386421 16.980747893452648 18.945335283875469 124.6296214312315 9.2247114479541761 13.519352741539477
leaf_count=1283 77 88 566 40 67
internal_value=0.000163308 -0.00163314 0.000743301 -0.0335147 0.024159
internal_weight=462.797 432.296 404.126 28.17 30.5001
internal_count=2121 1977 1849 128 144
is_linear=0
shrinkage=0.04


Tree=71
num_leaves=7
num_cat=0
split_feature=64 63 35 108 82 117
split_gain=12.7677 19.9777 26.6408 21.2572 16.5886 18.0232
threshold=-0.90373681668794503 0.27514417344508107 -0.58525198524828725 -1.1893507697870251 -0.41031525412627873 -0.85896230382726857
decision_type=2 2 2 2 2 2
left_child=4 3 -3 -2 -1 -6
right_child=1 2 -4 -5 5 -7
leaf_value=-0.024841671756608376 0.031467037924586952 -0.01836147546159041 0.01798798598701962 -0.012795752245689984 -0.02073183232565794 0.039999898129750362
leaf_weight=10.167225331068037 16.886629901826382 41.98299503326416 120.57407596707344 227.66466432064772 8.468647897243498 36.511515706777573
leaf_count=43 96 188 575 1010 37 172
internal_value=0.000159417 -0.00231518 0.00849108 -0.00950888 0.017869 0.0281698
internal_weight=462.256 407.108 162.557 244.551 55.1474 44.9802
internal_count=2121 1869 763 1106 252 209
is_linear=0
shrinkage=0.04


Tree=72
num_leaves=6
num_cat=0
split_feature=15 114 45 37 35
split_gain=12.4109 16.1266 16.8193 12.7805 3.66825
threshold=-1.1134523266502454 0.48787003336149759 0.79328649613724744 1.1154794025881996 -0.57979167841313062
decision_type=2 2 2 2 2
left_child=4 3 -3 -2 -1
right_child=1 2 -4 -5 -6
leaf_value=0.0085366705173330355 -0.00019970383039473051 -0.029800323590749543 0.0088423794320573665 0.025234466154996138 0.042221493060118534
leaf_weight=10.444727912545206 327.08488821238279 53.784506022930145 25.500792741775513 32.988715536892414 11.468735828995703
leaf_count=47 1514 230 110 168 52
internal_value=0.000157326 -0.00136402 -0.0174598 0.00225701 0.0282229
internal_weight=461.272 439.359 79.2853 360.074 21.9135
internal_count=2121 2022 340 1682 99
is_linear=0
shrinkage=0.04


Tree=73
num_leaves=5
num_cat=0
split_feature=40 40 28 63
split_gain=12.3843 14.7431 26.286 24.2289
threshold=-1.096525366020644 -0.61286474567808003 -0.29196092378763611 0.13610884911944102
decision_type=2 2 2 2
left_child=-1 3 -3 -2
right_child=1 2 -4 -5
leaf_value=0.041944591682369047 -0.036316745218285991 0.018409824375549208 -0.0045027045412446122 0.010230125580701466
leaf_weight=9.0786892399191839 41.552009329199791 111.73742042481899 269.20500619709492 29.158353358507156
leaf_count=45 178 528 1233 137
internal_value=0.000161017 -0.000860093 0.00227901 -0.0173691
internal_weight=460.731 451.653 380.942 70.7104
internal_count=2121 2076 1761 315
is_linear=0
shrinkage=0.04


Tree=74
num_leaves=5
num_cat=0
split_feature=94 61 53 45
split_gain=12.207 13.4259 21.6699 6.15868
threshold=-0.84264202680371758 -1.0621045989416733 0.25000000000000006 0.62032149966461636
decision_type=2 2 2 2
left_child=-1 3 -3 -2
right_child=1 2 -4 -5
leaf_value=0.036309294345063067 0.030988336215145955 0.003503383901624441 -0.015794067145835033 -0.00038896691283308969
leaf_weight=12.479549720883368 26.578415207564831 264.26658318936825 141.3023657053709 15.327575683593748
leaf_count=72 155 1206 618 70
internal_value=0.00016042 -0.00100481 -0.00326446 0.0200168
internal_weight=459.954 447.475 405.569 41.906
internal_count=2121 2049 1824 225
is_linear=0
shrinkage=0.04


Tree=75
num_leaves=7
num_cat=0
split_feature=42 63 108 25 63 120
split_gain=12.1014 14.4463 20.2937 17.3242 11.1497 3.11319
threshold=-0.88117826251817322 0.59139278467758538 -1.1893507697870251 -0.64492866860222031 0.56806935089584132 -0.0053498889355419682
decision_type=2 2 2 2 2 2
left_child=4 2 -2 -3 5 -1
right_child=1 3 -4 -5 -6 -7
leaf_value=0.014724006149530509 0.031959144556488642 -0.029600254294211537 -0.0077999411478967776 0.02155630671563143 -0.013843228553362539 0.044194054961729429
leaf_weight=12.645465582609178 19.958597123622894 10.771857410669325 324.79886613786221 65.205221191048622 9.7570521682500821 16.094507679343224
leaf_count=67 118 45 1448 321 45 77
internal_value=0.000164703 -0.00183706 -0.00532716 0.0137303 0.0210523 0.033029
internal_weight=459.232 420.735 344.757 75.9771 38.497 28.74
internal_count=2121 1932 1566 366 189 144
is_linear=0
shrinkage=0.04


Tree=76
num_leaves=5
num_cat=0
split_feature=82 88 113 71
split_gain=12.0126 16.9705 15.8389 2.05323
threshold=4.5704821388696404 2.5801968900966283 -0.018282619554288334 0.15704938320017983
decision_type=2 2 2 2
left_child=1 2 -1 -3
right_child=-2 3 -4 -5
leaf_value=0.0075018017140258322 -0.041487231580023883 0.042354683037903282 -0.0079007177331605165 0.014819039120190792
leaf_weight=197.53267226368189 8.8167849332094175 13.659128561615946 227.92676671594381 10.401571094989775
leaf_count=975 36 63 999 48
internal_value=0.000170585 0.0011678 -0.000747982 0.0325017
internal_weight=458.337 449.52 425.459 24.0607
internal_count=2121 2085 1974 111
is_linear=0
shrinkage=0.04


Tree=77
num_leaves=6
num_cat=0
split_feature=47 35 46 64 90
split_gain=12.0074 18.8231 19.5144 13.3283 9.37195
threshold=1.5130303848366655 0.84573662121954507 0.28523477961336358 0.37040712095713152 0.6616686316825483
decision_type=2 2 2 2 2
left_child=1 2 -1 -3 -2
right_child=4 3 -4 -5 -6
leaf_value=-0.0052087394417887848 0.0028853831390760177 -0.050096564078841589 0.013799990631128752 0.0068508252572266363 0.046606511798641018
leaf_weight=277.00732673704624 16.82103551924229 18.652170985937122 123.18547055125237 9.0067743062973005 13.179222345352171
leaf_count=1283 77 88 566 40 67
internal_value=0.000167099 -0.00159338 0.000681966 -0.0323409 0.0238047
internal_weight=457.852 427.852 400.193 27.6589 30.0003
internal_count=2121 1977 1849 128 144
is_linear=0
shrinkage=0.04


Tree=78
num_leaves=7
num_cat=0
split_feature=95 28 63 63 46 124
split_gain=11.685 14.038 24.7193 15.1928 8.691 0.809765
threshold=1.9714839489479363 0.53247321600284769 -0.86394615228291394 0.45273638014896772 0.94176234135855863 0.79149391192735263
decision_type=2 2 2 2 2 2
left_child=1 3 -3 -1 5 -2
right_child=4 2 -4 -5 -6 -7
leaf_value=-0.0024175978931206773 0.018055541508147886 0.03465202685082952 -0.021774883716222791 0.017421225599162232 -0.007091840169740563 0.044974579228295168
leaf_weight=246.40450217574835 6.7357898801565232 12.538746446371077 89.647799916565418 80.25831313431263 9.1539184451103193 12.580224893987177
leaf_count=1112 34 62 404 387 43 79
internal_value=0.000163377 -0.00153029 -0.0143188 0.00253299 0.0241014 0.0381623
internal_weight=457.319 428.849 102.187 326.663 28.4699 19.316
internal_count=2121 1965 466 1499 156 113
is_linear=0
shrinkage=0.04


Tree=79
num_leaves=6
num_cat=0
split_feature=16 64 63 82 66
split_gain=11.7078 13.411 17.468 15.1762 2.01827
threshold=-1.0004991304780688 -0.90373681668794503 0.1873318830939755 -0.41031525412627873 -0.6624630234724862
decision_type=2 2 2 2 2
left_child=4 3 -3 -2 -1
right_child=1 2 -4 -5 -6
leaf_value=0.034937373494180288 -0.02349648281004052 -0.011811079386315848 0.0053273695576074786 0.027475846260570109 0.008915504737594138
leaf_weight=14.597893118858339 10.176766559481619 207.17541445791721 172.92739499360323 42.572922244668007 9.1656105965375883
leaf_count=68 43 947 822 201 40
internal_value=0.000172948 -0.00138005 -0.00402689 0.0171429 0.026372
internal_weight=456.616 432.852 380.103 52.7497 23.7635
internal_count=2121 2013 1769 244 108
is_linear=0
shrinkage=0.04


Tree=80
num_leaves=5
num_cat=0
split_feature=94 47 35 122
split_gain=11.5426 12.692 15.908 9.22272
threshold=-0.84264202680371758 1.5130303848366655 0.84573662121954507 0.22189304248345343
decision_type=2 2 2 2
left_child=-1 2 -2 -3
right_child=1 3 -4 -5
leaf_value=0.035666736004124851 -0.00065514820950843657 0.040773921171015089 -0.031212989838607302 -0.0029624995274137723
leaf_weight=12.207268685102461 386.91921249777079 17.28111802041531 27.331635758280754 12.434146970510481
leaf_count=72 1777 89 128 55
internal_value=0.00017418 -0.000957297 -0.00281159 0.02344
internal_weight=456.173 443.966 414.251 29.7153
internal_count=2121 2049 1905 144
is_linear=0
shrinkage=0.04


Tree=81
num_leaves=7
num_cat=0
split_feature=61 120 112 46 45 50
split_gain=11.3186 15.5288 24.2203 19.6262 5.51762 3.14855
threshold=-1.0621045989416733 -0.39542192889992517 1.0999946832649898 3.6563294396510941 0.62032149966461636 0.86024421504155069
decision_type=2 2 2 2 2 2
left_child=4 2 -2 -3 5 -1
right_child=1 3 -4 -5 -6 -7
leaf_value=0.037689558145234135 -0.025047285242523719 -0.00018211570698420011 0.027003283582767771 0.040592095641240535 0.00029470058305636622 0.0044553483411850728
leaf_weight=19.39868247509003 78.217007890343666 302.35936958342791 15.68177545070648 18.145223662257195 15.282651111483572 6.5418857783079138
leaf_count=115 351 1390 69 86 70 40
internal_value=0.000175281 -0.00184783 -0.0159726 0.00236371 0.0196574 0.0302272
internal_weight=455.627 414.403 93.8988 320.505 41.2232 25.9406
internal_count=2121 1896 420 1476 225 155
is_linear=0
shrinkage=0.04


Tree=82
num_leaves=6
num_cat=0
split_feature=15 114 45 95 35
split_gain=11.1209 13.9214 14.4171 14.2251 3.61869
threshold=-1.1134523266502454 0.48787003336149759 0.79328649613724744 1.0681642584970732 -0.57979167841313062
decision_type=2 2 2 2 2
left_child=4 3 -3 -2 -1
right_child=1 2 -4 -5 -6
leaf_value=0.007521596064400682 -0.00082290827393782752 -0.027795104846245682 0.0082299086312677301 0.023709560181960777 0.040990732295617886
leaf_weight=10.284120202064516 313.96874313056469 53.123185306787491 25.113988965749741 40.978466838598251 11.217542558908461
leaf_count=47 1468 230 110 214 52
internal_value=0.000184309 -0.00126388 -0.0163142 0.00212633 0.026985
internal_weight=454.686 433.184 78.2372 354.947 21.5017
internal_count=2121 2022 340 1682 99
is_linear=0
shrinkage=0.04


Tree=83
num_leaves=7
num_cat=0
split_feature=42 108 126 112 118 64
split_gain=10.858 13.3199 12.9167 12.7088 10.7228 4.99761
threshold=-0.88117826251817322 -1.0581280851124608 -0.99039517760855322 -0.032866259863795953 -0.33093979013947233 0.36243646616088954
decision_type=2 2 2 2 2 2
left_child=4 3 -3 -2 -1 -6
right_child=1 2 -4 -5 5 -7
leaf_value=-0.016198726422410117 -0.010678046756134074 0.03036421085481187 -0.0057335322128453702 0.033743300896786316 0.041365850880560481 0.0046746029424423645
leaf_weight=8.6810842901468259 14.431537523865698 14.618449002504347 358.84200419485569 28.288509652018547 20.36514796316624 8.8469517752528173
leaf_count=36 72 79 1619 162 105 48
internal_value=0.000186643 -0.00171628 -0.00416633 0.0189306 0.0201247 0.0312654
internal_weight=454.074 416.181 373.46 42.72 37.8932 29.2121
internal_count=2121 1932 1698 234 189 153
is_linear=0
shrinkage=0.04


Tree=84
num_leaves=5
num_cat=0
split_feature=82 88 98 26
split_gain=11.243 15.5712 14.853 2.01284
threshold=4.5704821388696404 2.5801968900966283 0.37557806059686766 -0.47828679945903657
decision_type=2 2 2 2
left_child=1 2 -1 -3
right_child=-2 3 -4 -5
leaf_value=0.0044986862581542471 -0.040155850358465549 0.044268517490234673 -0.011493946697461781 0.017066924456757102
leaf_weight=285.54816809296608 8.7883241027593595 10.285395264625551 135.28221819549799 13.372238814830778
leaf_count=1347 36 47 627 64
internal_value=0.000194768 0.00116887 -0.000672434 0.031422
internal_weight=453.276 444.488 420.83 23.6576
internal_count=2121 2085 1974 111
is_linear=0
shrinkage=0.04


Tree=85
num_leaves=8
num_cat=0
split_feature=46 61 126 35 35 40 123
split_gain=10.693 16.8598 18.5788 11.5665 10.265 8.90932 8.21267
threshold=0.28523477961336358 -0.9937161363173852 -0.23023469375091735 0.94187901496596871 -0.46446660752443253 0.36130004896120987 -0.049316994976553126
decision_type=2 2 2 2 2 2 2
left_child=1 4 -3 5 -1 -2 -5
right_child=3 2 -4 6 -6 -7 -8
leaf_value=-0.00058448849120293334 0.020154202135620358 0.0047331120107890106 -0.016516661820144288 -0.045268925891250318 0.043402221430030578 -0.00097337934019610536 0.0054905830472763489
leaf_weight=16.174277521669868 87.56416704505682 112.76981157809496 153.77247581630945 8.1906779557466525 15.742910318076609 49.35526093095541 9.4426151365041715
leaf_count=79 405 541 687 41 96 231 41
internal_value=0.00018999 -0.0042274 -0.00755793 0.00866553 0.0223916 0.012634 -0.0202969
internal_weight=453.012 298.459 266.542 154.553 31.9172 136.919 17.6333
internal_count=2121 1403 1228 718 175 636 82
is_linear=0
shrinkage=0.04


Tree=86
num_leaves=6
num_cat=0
split_feature=47 35 46 112 90
split_gain=10.8281 15.3466 16.2746 13.0597 8.63658
threshold=1.5130303848366655 0.84573662121954507 0.28523477961336358 0.3769491148956749 0.6616686316825483
decision_type=2 2 2 2 2
left_child=1 2 -1 -3 -2
right_child=4 3 -4 -5 -6
leaf_value=-0.0048311797099160857 0.0027461829886015242 -0.049027963308730896 0.012639041625751258 0.0064691068664825182 0.045172974790750865
leaf_weight=274.47356015443802 16.601610124111179 17.040765643119816 121.39925307780504 9.884156718850134 12.739077046513556
leaf_count=1283 77 82 566 46 67
internal_value=0.000185398 -0.0014894 0.00056288 -0.0296163 0.0228741
internal_weight=452.138 422.798 395.873 26.9249 29.3407
internal_count=2121 1977 1849 128 144
is_linear=0
shrinkage=0.04


Tree=87
num_leaves=5
num_cat=0
split_feature=82 88 7 26
split_gain=10.6407 14.5762 14.3427 1.90728
threshold=4.5704821388696404 2.5801968900966283 -0.61425829301597246 -0.47828679945903657
decision_type=2 2 2 2
left_child=1 2 -1 -3
right_child=-2 3 -4 -5
leaf_value=0.018302849674425074 -0.039098091277452215 0.043158423433142502 -0.0035045287075721912 0.016550181092410673
leaf_weight=53.542720519006252 8.774563789367674 10.126360364258291 365.88422058522701 13.258083179593084
leaf_count=259 36 47 1715 64
internal_value=0.000180656 0.00113128 -0.000647018 0.0305651
internal_weight=451.586 442.811 419.427 23.3844
internal_count=2121 2085 1974 111
is_linear=0
shrinkage=0.04


Tree=88
num_leaves=5
num_cat=0
split_feature=94 53 95 107
split_gain=10.4324 11.6646 18.5094 16.0719
threshold=-0.84264202680371758 0.25000000000000006 0.95799961930109989 -0.48371595274920937
decision_type=2 2 2 2
left_child=-1 3 -3 -2
right_child=1 2 -4 -5
leaf_value=0.034507553334479094 0.030062252781375889 -0.014622545502410276 0.022604908272607499 0.00056903280113507269
leaf_weight=11.737319730222223 31.688683308660984 142.60691005736589 23.240743085741997 242.05035342276096
leaf_count=72 186 639 123 1101
internal_value=0.000180258 -0.000888446 -0.00919856 0.00417652
internal_weight=451.324 439.587 165.848 273.739
internal_count=2121 2049 762 1287
is_linear=0
shrinkage=0.04


Tree=89
num_leaves=6
num_cat=0
split_feature=64 83 125 70 43
split_gain=10.3765 13.3011 18.1317 8.35814 1.97176
threshold=1.0655272179190114 -0.59690597267755796 -0.14998127106579093 0.3502497303755413 -0.17401029113524083
decision_type=2 2 2 2 2
left_child=1 3 -3 -1 -2
right_child=4 2 -4 -5 -6
leaf_value=-0.028826352990038155 0.0090793405010445687 0.012937601015328853 -0.0050686300101567541 0.0065981435921008197 0.039157130092154872
leaf_weight=38.400769531726837 7.0485312864184406 139.31879066675901 242.02216612547636 13.593417689204214 10.078140027821062
leaf_count=175 38 700 1079 63 66
internal_value=0.000187527 -0.0010802 0.00154293 -0.0196636 0.0290223
internal_weight=450.462 433.335 381.341 51.9942 17.1267
internal_count=2121 2017 1779 238 104
is_linear=0
shrinkage=0.04


Tree=90
num_leaves=6
num_cat=0
split_feature=42 40 40 63 120
split_gain=10.4849 12.3574 20.6756 10.0709 3.03305
threshold=-0.88117826251817322 -1.096525366020644 -0.58430722352058007 0.56806935089584132 -0.0053498889355419682
decision_type=2 2 2 2 2
left_child=3 -2 -3 4 -1
right_child=1 2 -4 -5 -6
leaf_value=0.013434017713518613 0.040698108701804722 -0.022862091263354554 0.0012570466394462316 -0.01320080119832872 0.042716532663537622
leaf_weight=12.196080379188061 8.7277046591043455 66.363062880933285 337.09857354313135 9.7146507948636991 15.521421492099762
leaf_count=67 45 304 1583 45 77
internal_value=0.000187014 -0.0016902 -0.00280337 0.0198955 0.0316031
internal_weight=449.621 412.189 403.462 37.4322 27.7175
internal_count=2121 1932 1887 189 144
is_linear=0
shrinkage=0.04


Tree=91
num_leaves=7
num_cat=0
split_feature=47 82 30 125 122 34
split_gain=10.3492 12.0484 22.2589 19.3362 8.36522 0.664107
threshold=1.5130303848366655 -0.73290285928225274 -0.38968143346093403 -0.2435492166424427 0.22189304248345343 0.82700402235224069
decision_type=2 2 2 2 2 2
left_child=1 2 -1 -3 5 -2
right_child=4 3 -4 -5 -6 -7
leaf_value=0.027549639779911379 0.048197295794808297 0.013593112954967084 -0.035542186508638419 -0.0055116877567208547 -0.0027197269334747489 0.020788609714333842
leaf_weight=10.207109987735747 9.1540603488683754 125.87679833173752 34.55765962600708 249.44975862652063 12.273419335484503 7.5387572869658461
leaf_count=47 49 639 160 1131 55 40
internal_value=0.000191476 -0.00144686 -0.0205932 0.000933757 0.0225108 0.0393677
internal_weight=449.058 420.091 44.7648 375.327 28.9662 16.6928
internal_count=2121 1977 207 1770 144 89
is_linear=0
shrinkage=0.04


Tree=92
num_leaves=5
num_cat=0
split_feature=82 125 14 46
split_gain=10.2377 11.1433 31.1521 16.8143
threshold=4.5704821388696404 -0.4907883180781713 0.19873898524072614 0.052150990721602113
decision_type=2 2 2 2
left_child=1 2 -1 -3
right_child=-2 3 -4 -5
leaf_value=0.030846808658825702 -0.038356261547754865 -0.011286460613595428 -0.01154876485424889 0.0066504969184476475
leaf_weight=60.413090236485004 8.7591090351343137 169.05193753540516 48.426178276538849 161.73988157510757
leaf_count=320 36 783 233 749
internal_value=0.000196687 0.00113503 0.0121156 -0.00252897
internal_weight=448.39 439.631 108.839 330.792
internal_count=2121 2085 553 1532
is_linear=0
shrinkage=0.04


Tree=93
num_leaves=5
num_cat=0
split_feature=40 40 28 106
split_gain=10.6019 11.8376 23.7643 20.569
threshold=-1.096525366020644 -0.61286474567808003 -0.29196092378763611 -0.27843442738339319
decision_type=2 2 2 2
left_child=-1 3 -3 -2
right_child=1 2 -4 -5
leaf_value=0.039825162530749941 -0.031312663833745605 0.017634606024721305 -0.0044472418783813306 0.013616114267278883
leaf_weight=8.5434809774160367 44.652071982622147 108.64053696393967 262.34890642762184 23.636158727109432
leaf_count=45 198 528 1233 117
internal_value=0.000185938 -0.000762008 0.00207909 -0.0158168
internal_weight=447.821 439.278 370.989 68.2882
internal_count=2121 2076 1761 315
is_linear=0
shrinkage=0.04


Tree=94
num_leaves=6
num_cat=0
split_feature=15 114 36 95 35
split_gain=10.2131 11.9561 13.2583 12.6637 3.54078
threshold=-1.1134523266502454 0.48787003336149759 0.67004225625535507 1.0681642584970732 -0.57979167841313062
decision_type=2 2 2 2 2
left_child=4 3 -3 -2 -1
right_child=1 2 -4 -5 -6
leaf_value=0.0068469082932925722 -0.00084072214401393925 -0.02388892071602005 0.014692013714416217 0.022531339602833142 0.0400782635835547
leaf_weight=10.125455029308798 308.51889011263847 60.242288589477539 16.999079748988152 40.142708212137222 10.963645115494726
leaf_count=47 1468 262 78 214 52
internal_value=0.000185499 -0.00121358 -0.0152416 0.00196335 0.0260981
internal_weight=446.992 425.903 77.2414 348.662 21.0891
internal_count=2121 2022 340 1682 99
is_linear=0
shrinkage=0.04


Tree=95
num_leaves=7
num_cat=0
split_feature=64 63 35 42 82 117
split_gain=10.0862 14.5481 24.4909 18.3544 13.5996 14.2866
threshold=-0.90373681668794503 0.27514417344508107 -0.58525198524828725 0.40726061014245002 -0.26656372067114625 -0.79122006004571965
decision_type=2 2 2 2 2 2
left_child=4 3 -3 -2 -1 -6
right_child=1 2 -4 -5 5 -7
leaf_value=-0.015211722731822933 -0.0010704719971714185 -0.018664169973745991 0.016685616157625968 -0.025381351373050105 -0.016434081776815487 0.040299116342621816
leaf_weight=14.532691709697245 168.19114208221436 40.871817320585251 115.95868471264839 68.6367496997118 7.8917581290006629 30.406534142792225
leaf_count=63 792 188 575 314 35 154
internal_value=0.000189319 -0.00203962 0.00735404 -0.00826973 0.0162664 0.0283732
internal_weight=446.489 393.658 156.831 236.828 52.831 38.2983
internal_count=2121 1869 763 1106 252 189
is_linear=0
shrinkage=0.04


Tree=96
num_leaves=7
num_cat=0
split_feature=47 35 46 125 80 100
split_gain=9.94222 14.0911 14.4949 11.7801 7.82764 2.44012
threshold=1.5130303848366655 0.84573662121954507 0.28523477961336358 0.39270985809792819 0.19373533284932296 0.16810646432911019
decision_type=2 2 2 2 2 2
left_child=1 2 -1 -3 5 -2
right_child=4 3 -4 -5 -6 -7
leaf_value=-0.0045694404296246025 0.050128488293427406 -0.046423183459879822 0.012031276129767371 0.0074212490448071723 -0.0037803537037902797 0.015135787873362909
leaf_weight=271.20235332101583 9.5723283365368896 17.264795467257503 119.62199167907238 9.0706342309713346 11.166806779801844 7.7403496727347365
leaf_count=1283 45 88 566 40 55 44
internal_value=0.000179758 -0.00142497 0.000547028 -0.0286629 0.0222365 0.0376712
internal_weight=445.639 417.16 390.824 26.3354 28.4795 17.3127
internal_count=2121 1977 1849 128 144 89
is_linear=0
shrinkage=0.04


Tree=97
num_leaves=7
num_cat=0
split_feature=42 63 26 114 63 120
split_gain=9.85257 11.302 19.7613 13.5308 9.60834 2.86059
threshold=-0.88117826251817322 0.59139278467758538 0.43516872174964566 -1.1030810032913212 0.56806935089584132 -0.0053498889355419682
decision_type=2 2 2 2 2 2
left_child=4 3 -3 -2 5 -1
right_child=1 2 -4 -5 -6 -7
leaf_value=0.013214921978985016 0.025025111928683241 0.02691975620158521 -0.015722157307247766 -0.006897081324418043 -0.012893738765865232 0.041888232915453238
leaf_weight=12.094508349895477 20.827506549656391 48.337859250605106 24.9495704844594 313.98022504895926 9.7089569568634015 15.213927127420902
leaf_count=67 127 250 116 1439 45 77
internal_value=0.000178129 -0.00165011 0.012371 -0.00477448 0.0193849 0.0309576
internal_weight=445.113 408.095 73.2874 334.808 37.0174 27.3084
internal_count=2121 1932 366 1566 189 144
is_linear=0
shrinkage=0.04


Tree=98
num_leaves=7
num_cat=0
split_feature=64 63 35 42 120 106
split_gain=9.51698 13.0947 26.0177 19.9941 11.3721 12.3866
threshold=-0.90373681668794503 0.22860325000504908 -0.58525198524828725 0.40726061014245002 -0.35182893935522763 -1.0206518538575071
decision_type=2 2 2 2 2 2
left_child=4 3 -3 -2 -1 -6
right_child=1 2 -4 -5 5 -7
leaf_value=-0.010845482451261046 -0.00063957599985606077 -0.019491574120824952 0.015631035043887222 -0.026872321493146858 -0.010914597065553493 0.040779335358229245
leaf_weight=16.405214108526707 158.96518445760012 44.058111093938351 125.14583973586559 63.759972847998142 8.9945528805255872 27.006040759384632
leaf_count=77 752 203 623 291 38 137
internal_value=0.000185591 -0.00198106 0.00636478 -0.0083216 0.0158666 0.0279692
internal_weight=444.335 391.929 169.204 222.725 52.4058 36.0006
internal_count=2121 1869 826 1043 252 175
is_linear=0
shrinkage=0.04


Tree=99
num_leaves=5
num_cat=0
split_feature=82 88 98 26
split_gain=9.90931 12.6443 13.1591 2.06809
threshold=4.5704821388696404 2.5801968900966283 0.37557806059686766 -0.47828679945903657
decision_type=2 2 2 2
left_child=1 2 -1 -3
right_child=-2 3 -4 -5
leaf_value=0.004373659648946389 -0.037817885535952493 0.041863356252732825 -0.01082676370798551 0.014712830451535864
leaf_weight=279.24032125622034 8.7199328839778882 9.8301914185285586 132.80638116598129 12.861798733472822
leaf_count=1347 36 47 627 64
internal_value=0.000177431 0.00110923 -0.000554207 0.0289126
internal_weight=443.459 434.739 412.047 22.692
internal_count=2121 2085 1974 111
is_linear=0
shrinkage=0.04


Tree=100
num_leaves=7
num_cat=0
split_feature=47 35 64 46 122 60
split_gain=9.54078 13.0304 13.3263 13.3262 7.61653 0.897113
threshold=1.5130303848366655 0.82827686253356447 0.37040712095713152 0.28523477961336358 0.22189304248345343 0.52574361987711404
decision_type=2 2 2 2 2 2
left_child=1 3 -3 -1 5 -2
right_child=4 2 -4 -5 -6 -7
leaf_value=-0.0043844038409367901 0.047345068331553587 -0.046117713080138081 0.0093209207406483169 0.011594251750632703 -0.002339172747573282 0.018724158676104555
leaf_weight=268.71003144234419 9.0806913822889381 17.674547366797928 9.817181855440138 118.77230860292912 12.084088444709776 7.0357296615838996
leaf_count=1276 46 90 45 566 55 43
internal_value=0.000173015 -0.00140017 -0.0270312 0.00054781 0.0218823 0.0382969
internal_weight=443.175 414.974 27.4917 387.482 28.2005 16.1164
internal_count=2121 1977 135 1842 144 89
is_linear=0
shrinkage=0.04


Tree=101
num_leaves=8
num_cat=0
split_feature=61 28 90 46 14 126 90
split_gain=9.74496 16.7094 18.1132 13.2978 5.3042 13.4361 5.18123
threshold=-1.0612600519999364 0.53247321600284769 0.89612382184720152 0.28523477961336358 -0.16573082837178263 0.66564415455450343 0.29367079562211607
decision_type=2 2 2 2 2 2 2
left_child=4 3 -3 -2 5 -1 -6
right_child=1 2 -4 -5 6 -7 -8
leaf_value=0.032030525961650895 -0.002708811272774338 -0.027394193452016106 0.012935225266284487 0.015314899915536627 0.039168171665504653 -0.033920582762071154 0.00067880498637708968
leaf_weight=8.0543922409415227 221.60380186140537 65.594394721090794 22.836924865841866 90.709183990955353 18.271890327334408 7.7216102480888358 7.8283447325229636
leaf_count=51 1044 310 107 426 104 36 43
internal_value=0.000172457 -0.00177853 -0.0169236 0.00259019 0.0180729 -0.000434024 0.0284939
internal_weight=442.621 400.744 88.4313 312.313 41.8762 15.776 26.1002
internal_count=2121 1887 417 1470 234 87 147
is_linear=0
shrinkage=0.04


Tree=102
num_leaves=6
num_cat=0
split_feature=15 114 36 95 35
split_gain=9.37925 11.3713 12.8368 11.4467 3.21306
threshold=-1.1134523266502454 0.48787003336149759 0.68715312352947588 1.0681642584970732 -0.57979167841313062
decision_type=2 2 2 2 2
left_child=4 3 -3 -2 -1
right_child=1 2 -4 -5 -6
leaf_value=0.006755109623656194 -0.0007358930605233159 -0.023297678746490542 0.015356668322028529 0.021636918146454603 0.038662871410883197
leaf_weight=10.062584839761259 305.41909801959991 60.151901185512543 16.132864341139793 39.552346594631672 10.729115717113016
leaf_count=47 1468 264 76 214 52
internal_value=0.000173249 -0.00117351 -0.0149395 0.00193917 0.0251683
internal_weight=442.048 421.256 76.2848 344.971 20.7917
internal_count=2121 2022 340 1682 99
is_linear=0
shrinkage=0.04


Tree=103
num_leaves=7
num_cat=0
split_feature=42 114 119 95 63 91
split_gain=9.10011 10.5778 15.6403 14.4492 9.02371 2.4615
threshold=-0.88117826251817322 0.37776542956126907 0.51164610400184951 0.95799961930109989 0.56806935089584132 -0.48287819030092621
decision_type=2 2 2 2 2 2
left_child=4 3 -3 -2 5 -1
right_child=1 2 -4 -5 -6 -7
leaf_value=0.0074352994470150303 -0.0011496380622359709 -0.02203855268882729 0.01337991747156541 0.02508144752615786 -0.01244811617260114 0.036986481263835795
leaf_weight=7.1964275240898159 269.55547056347132 73.473811373114586 25.590796962380409 36.360288120806217 9.7204704433679563 19.641908168792725
leaf_count=37 1296 326 116 194 45 107
internal_value=0.000177456 -0.00158295 -0.0128054 0.00211078 0.018749 0.0301278
internal_weight=441.539 404.98 99.0646 305.916 36.5588 26.8383
internal_count=2121 1932 442 1490 189 144
is_linear=0
shrinkage=0.04


Tree=104
num_leaves=5
num_cat=0
split_feature=82 7 118 82
split_gain=9.35076 12.4829 17.8013 14.7923
threshold=4.5704821388696404 -0.13279910580156315 -0.71501433701980488 -0.73290285928225274
decision_type=2 2 2 2
left_child=1 2 -1 -3
right_child=-2 3 -4 -5
leaf_value=-0.015561119186607988 -0.036792270045790956 -0.031699622311099775 0.015580996223404673 -0.0011495380661360832
leaf_weight=35.255182921886444 8.6826868504285795 26.530338518321514 140.68983293324709 229.71867243200541
leaf_count=158 36 124 696 1107
internal_value=0.000179975 0.00108879 0.0092361 -0.00453349
internal_weight=440.877 432.194 175.945 256.249
internal_count=2121 2085 854 1231
is_linear=0
shrinkage=0.04


Tree=105
num_leaves=6
num_cat=0
split_feature=47 35 83 112 90
split_gain=8.8669 12.2013 12.3555 10.7084 7.56601
threshold=1.5130303848366655 0.84573662121954507 -0.61272670163792931 0.3769491148956749 0.6616686316825483
decision_type=2 2 2 2 2
left_child=1 2 -1 -3 -2
right_child=4 3 -4 -5 -6
leaf_value=-0.018532104279663328 0.0022614841663617029 -0.045276053343385553 0.0031315710763507045 0.0059618229367595444 0.04292073941023692
leaf_weight=46.02375366538763 16.087229758501056 16.011044673621658 340.86767454445362 9.5745488256216031 11.813753895461558
leaf_count=214 77 82 1635 46 67
internal_value=0.000160655 -0.00135769 0.000472454 -0.0270599 0.0211966
internal_weight=440.378 412.477 386.891 25.5856 27.901
internal_count=2121 1977 1849 128 144
is_linear=0
shrinkage=0.04


Tree=106
num_leaves=5
num_cat=0
split_feature=94 53 78 40
split_gain=8.81036 10.1143 15.2673 13.7317
threshold=-0.84264202680371758 0.25000000000000006 -1.1370875683992485 1.3856603334373963
decision_type=2 2 2 2
left_child=-1 3 -3 -2
right_child=1 2 -4 -5
leaf_value=0.032652490021295368 0.0019657533440417692 0.02262327342363547 -0.013280102928090148 0.045297085617070271
leaf_weight=10.955826178193091 256.23693889006972 19.966876477003098 142.29324007034302 10.275073692202566
leaf_count=72 1227 117 645 60
internal_value=0.000152648 -0.000825521 -0.00864036 0.00396129
internal_weight=439.728 428.772 162.26 266.512
internal_count=2121 2049 762 1287
is_linear=0
shrinkage=0.04


Tree=107
num_leaves=5
num_cat=0
split_feature=76 64 82 63
split_gain=8.82767 10.7797 15.3 11.3442
threshold=1.7515480039026177 -0.90373681668794503 -0.18423884643893965 0.12058149876042863
decision_type=2 2 2 2
left_child=1 2 -1 -3
right_child=-2 3 -4 -5
leaf_value=-0.01110510981730271 -0.035382335794629412 -0.0081105734453291584 0.034027542724470047 0.0056247111561200085
leaf_weight=17.396025627851486 8.9038092344999296 190.50731118768454 31.873703606426716 190.39699856564403
leaf_count=77 42 904 165 933
internal_value=0.000163859 0.00105994 0.0182806 -0.0012514
internal_weight=439.078 430.174 49.2697 380.904
internal_count=2121 2079 242 1837
is_linear=0
shrinkage=0.04


Tree=108
num_leaves=7
num_cat=0
split_feature=17 25 63 70 76 83
split_gain=8.63329 11.6486 21.1531 21.0706 8.55731 8.23103
threshold=-0.87231299206343527 -0.42919512227121942 0.27514417344508107 -0.44519653299136425 -0.45954596064255021 0.68977307452364378
decision_type=2 2 2 2 2 2
left_child=4 3 -3 -2 -1 -6
right_child=1 2 -4 -5 5 -7
leaf_value=0.048032026948290216 0.0061915081822883668 -0.0049379801440227172 0.018263634331040259 -0.027670533796079592 -0.010604944724848724 0.027416204882070933
leaf_weight=8.7838035672903043 52.961325645446777 189.54664111882448 91.65161094814539 62.432180128991604 18.806724905967712 14.38111090660095
leaf_count=41 275 904 465 279 88 69
internal_value=0.000155273 -0.00170102 0.00269975 -0.0122884 0.0169751 0.00649241
internal_weight=438.563 396.592 281.198 115.394 41.9716 33.1878
internal_count=2121 1923 1369 554 198 157
is_linear=0
shrinkage=0.04


Tree=109
num_leaves=5
num_cat=0
split_feature=82 7 118 82
split_gain=8.71693 11.8238 15.9468 13.2747
threshold=4.5704821388696404 -0.13279910580156315 -0.71501433701980488 -0.73290285928225274
decision_type=2 2 2 2
left_child=1 2 -1 -3
right_child=-2 3 -4 -5
leaf_value=-0.014559884791533494 -0.035602346863494262 -0.030268482350850789 0.015036001499629501 -0.0012274380932541424
leaf_weight=34.968698933720589 8.6427019834518415 26.331935003399849 139.54043021425605 228.45016115903854
leaf_count=158 36 124 696 1107
internal_value=0.000160499 0.00104225 0.0090077 -0.00444123
internal_weight=437.934 429.291 174.509 254.782
internal_count=2121 2085 854 1231
is_linear=0
shrinkage=0.04


Tree=110
num_leaves=6
num_cat=0
split_feature=15 12 125 98 35
split_gain=8.40942 10.7394 24.1675 11.7575 3.15862
threshold=-1.1134523266502454 -0.65502666687150757 -0.29324205639710071 0.9194967137729394 -0.57979167841313062
decision_type=2 2 2 2 2
left_child=4 2 -2 -3 -1
right_child=1 3 -4 -5 -6
leaf_value=0.0058604072164332131 0.024055068988605433 0.004064360648909319 -0.027954143656303748 -0.022037104076052205 0.037536908672118376
leaf_weight=9.9158613532781619 17.452868305146694 317.05977374315262 54.293543972074986 28.240149885416031 10.469205155968664
leaf_count=47 103 1539 248 132 52
internal_value=0.000142362 -0.00113431 -0.0149932 0.00181506 0.0240288
internal_weight=437.431 417.046 71.7464 345.3 20.3851
internal_count=2121 2022 351 1671 99
is_linear=0
shrinkage=0.04


Tree=111
num_leaves=7
num_cat=0
split_feature=64 82 120 63 25 108
split_gain=8.32205 11.743 16.3852 10.6947 22.5269 15.093
threshold=-0.90373681668794503 -0.47692341178806374 -0.32041512812381595 0.22860325000504908 -0.76028003571437808 -1.1893507697870251
decision_type=2 2 2 2 2 2
left_child=1 -1 -3 5 -5 -2
right_child=3 2 -4 4 -6 -7
leaf_value=-0.024576673823025707 0.028356263897295748 -0.0088848760108827651 0.041001461898468559 -0.023898674427801244 0.012830157932301765 -0.010605728939211525
leaf_weight=8.2698608934879285 15.326734632253645 15.475970476865767 27.359752267599106 31.264825858175755 135.00784029811621 204.32779730111361
leaf_count=35 95 74 143 154 672 948
internal_value=0.000141296 0.0149913 0.0233858 -0.00189234 0.00572195 -0.00765577
internal_weight=437.033 51.1056 42.8357 385.927 166.273 219.655
internal_count=2121 252 217 1869 826 1043
is_linear=0
shrinkage=0.04


Tree=112
num_leaves=7
num_cat=0
split_feature=42 45 106 114 63 94
split_gain=8.57288 10.0195 17.0745 13.1434 8.4861 2.7308
threshold=-0.88117826251817322 2.4820108034895649 0.72495776885424479 0.45034482834528083 0.56806935089584132 0.12824392974064233
decision_type=2 2 2 2 2 2
left_child=4 3 -3 -2 5 -1
right_child=1 2 -4 -5 -6 -7
leaf_value=0.038146067272926999 -6.3643043700663368e-05 0.029567717853346602 -0.025149599920717778 -0.019427141182463758 -0.011953474255598584 0.0088451049636256458
leaf_weight=17.345310807228092 288.37037691101432 33.631109625101089 10.562634795904158 67.633548319339752 9.6794845163822156 8.9314832240343076
leaf_count=92 1422 160 46 304 45 52
internal_value=0.000140023 -0.00157553 0.0159672 -0.0038303 0.0183113 0.0295167
internal_weight=436.154 400.198 44.1937 356.004 35.9563 26.2768
internal_count=2121 1932 206 1726 189 144
is_linear=0
shrinkage=0.04


Tree=113
num_leaves=7
num_cat=0
split_feature=61 28 96 118 67 76
split_gain=8.48122 14.7931 24.4102 11.0363 4.94574 5.07129
threshold=-1.0612600519999364 0.53247321600284769 -0.34007400643589775 1.1969215441132424 -1.3466612796778679 0.8746651162150284
decision_type=2 2 2 2 2 2
left_child=4 3 -3 -2 -1 -6
right_child=1 2 -4 -5 5 -7
leaf_value=-0.0089100042112315175 0.000366761751823113 0.016409698113706069 -0.029257164025736571 0.029798086519453815 0.039651040203187722 0.0077610135672298462
leaf_weight=8.2387570813298208 288.05628408491611 24.974281691014767 61.926457248628139 19.942517407238483 14.853246182203291 17.485465973615646
leaf_count=50 1369 124 293 101 94 90
internal_value=0.000138997 -0.00168164 -0.0160591 0.00245235 0.0171041 0.0238645
internal_weight=435.477 394.9 86.9007 307.999 40.5775 32.3387
internal_count=2121 1887 417 1470 234 184
is_linear=0
shrinkage=0.04


Tree=114
num_leaves=5
num_cat=0
split_feature=82 88 98 0
split_gain=8.37409 11.222 11.8145 2.25101
threshold=4.5704821388696404 2.5801968900966283 0.37557806059686766 0.091307145244859833
decision_type=2 2 2 2
left_child=1 2 -1 -3
right_child=-2 3 -4 -5
leaf_value=0.0041548775319578922 -0.034966581067805716 0.040069655964753474 -0.01037941693865892 0.012339814078957749
leaf_weight=273.73742594942451 8.606251507997511 10.311831817030908 130.48305530101061 11.788013964891432
leaf_count=1347 36 53 627 58
internal_value=0.00014457 0.00101333 -0.00056482 0.0275302
internal_weight=434.927 426.32 404.22 22.0998
internal_count=2121 2085 1974 111
is_linear=0
shrinkage=0.04


Tree=115
num_leaves=6
num_cat=0
split_feature=47 35 46 112 24
split_gain=8.26369 11.2654 12.0315 10.2514 7.54515
threshold=1.5130303848366655 0.82827686253356447 0.046100689663201883 0.3769491148956749 0.8639142865097954
decision_type=2 2 2 2 2
left_child=1 2 -1 -3 -2
right_child=4 3 -4 -5 -6
leaf_value=-0.0059740430626554399 0.041595225382851007 -0.042653064180370306 0.0082334740288164988 0.0067764607878339073 0.00089279255355715172
leaf_weight=207.79228544980288 12.198399323970081 16.977515786886219 172.86171152442694 9.6330908387899381 15.154499709606169
leaf_count=1004 67 88 838 47 77
internal_value=0.0001413 -0.00132972 0.000487153 -0.0255366 0.0206419
internal_weight=434.618 407.265 380.654 26.6106 27.3529
internal_count=2121 1977 1842 135 144
is_linear=0
shrinkage=0.04


Tree=116
num_leaves=5
num_cat=0
split_feature=40 40 68 42
split_gain=8.34875 10.6038 17.3685 14.1356
threshold=-1.0264447289739504 -0.67779597903941946 -0.29160122194235066 -0.74179565945315307
decision_type=2 2 2 2
left_child=-1 3 -3 -2
right_child=1 2 -4 -5
leaf_value=0.033624982020223404 0.028073584306462635 0.017666057122877176 -0.0030151582174008668 -0.027385258747738211
leaf_weight=9.5960942953824979 7.2051061987876883 81.114229738712311 295.88353804498911 40.303867883980274
leaf_count=54 34 398 1435 200
internal_value=0.000137516 -0.000773604 0.00150432 -0.0181802
internal_weight=434.103 424.507 376.998 47.509
internal_count=2121 2067 1833 234
is_linear=0
shrinkage=0.04


Tree=117
num_leaves=8
num_cat=0
split_feature=17 101 114 16 28 117 110
split_gain=7.97936 13.2865 10.9917 11.8583 11.0838 6.95962 3.79683
threshold=-0.73843751911742472 0.034787472782588723 0.48787003336149759 -0.40521510618395179 -0.33330365250596999 0.083931147338663109 -0.48659737484790994
decision_type=2 2 2 2 2 2 2
left_child=1 6 3 -2 -4 -3 -1
right_child=2 5 4 -5 -6 -7 -8
leaf_value=0.0070391019644249321 -0.016442371005442945 -0.01130862194878831 0.014950949157455767 0.0045744006577580097 -0.025131834448983349 0.021498597403461665 0.042151321074207861
leaf_weight=7.6186696216464069 49.866824559867382 32.053006738424301 12.481084004044531 248.13395597413182 51.370959401130676 12.867971464991568 19.180554747581482
leaf_count=41 248 145 57 1238 236 61 95
internal_value=0.000141511 0.0121411 -0.0022905 0.000971329 -0.0170808 -0.00139494 0.0333514
internal_weight=433.573 71.7202 361.853 298.001 63.852 44.921 26.7992
internal_count=2121 342 1779 1486 293 206 136
is_linear=0
shrinkage=0.04


Tree=118
num_leaves=8
num_cat=0
split_feature=61 28 96 46 14 126 90
split_gain=8.21736 13.3039 22.5571 12.225 4.6898 11.6826 4.81074
threshold=-1.0612600519999364 0.53247321600284769 -0.34007400643589775 0.28523477961336358 -0.16573082837178263 0.66564415455450343 0.29367079562211607
decision_type=2 2 2 2 2 2 2
left_child=4 3 -3 -2 5 -1 -6
right_child=1 2 -4 -5 6 -7 -8
leaf_value=0.030540100829525088 -0.0028281402959210626 0.01598100372649288 -0.028028084599385279 0.014648381180541634 0.037460200310712184 -0.031809133766001148 8.6041916018857729e-06
leaf_weight=7.6026088744401914 217.86298509687185 24.824408665299416 61.651715934276581 88.428868651390076 17.432538866996769 7.6319818049669266 7.6485814303159705
leaf_count=51 1044 124 293 426 104 36 43
internal_value=0.000143393 -0.00165292 -0.0153189 0.00227977 0.0168947 -0.00076128 0.0268833
internal_weight=433.084 392.768 86.4761 306.292 40.3157 15.2346 25.0811
internal_count=2121 1887 417 1470 234 87 147
is_linear=0
shrinkage=0.04


Tree=119
num_leaves=6
num_cat=0
split_feature=64 83 118 88 72
split_gain=7.93168 11.0131 9.34233 7.18913 2.11848
threshold=1.0655272179190114 -0.59690597267755796 1.1969215441132424 -0.62688059300654964 0.33369749685183409
decision_type=2 2 2 2 2
left_child=1 3 -3 -1 -2
right_child=4 2 -4 -5 -6
leaf_value=0.006396515713839551 0.037275005694095829 -0.00043734064471128564 0.02261583102457845 -0.026842255880282297 0.0063014889705683566
leaf_weight=13.297011300921438 9.0546489059925062 337.83819694072008 28.674006342887878 36.971864245831966 6.6052719429135314
leaf_count=68 67 1618 161 170 37
internal_value=0.000145327 -0.00096268 0.00147917 -0.0181417 0.0264037
internal_weight=432.441 416.781 366.512 50.2689 15.6599
internal_count=2121 2017 1779 238 104
is_linear=0
shrinkage=0.04


end of trees

feature_importances:
Column_35=37
Column_40=33
Column_63=32
Column_64=30
Column_46=27
Column_82=25
Column_94=23
Column_61=22
Column_42=20
Column_45=20
Column_95=19
Column_108=17
Column_125=17
Column_76=16
Column_118=16
Column_47=15
Column_112=15
Column_25=12
Column_83=11
Column_90=11
Column_114=11
Column_120=11
Column_28=10
Column_126=9
Column_106=8
Column_26=7
Column_70=7
Column_88=7
Column_15=6
Column_53=6
Column_100=6
Column_37=5
Column_43=5
Column_59=5
Column_84=5
Column_107=5
Column_111=5
Column_119=5
Column_122=5
Column_7=4
Column_34=4
Column_36=4
Column_69=4
Column_72=4
Column_93=4
Column_98=4
Column_113=4
Column_11=3
Column_14=3
Column_58=3
Column_68=3
Column_78=3
Column_101=3
Column_117=3
Column_123=3
Column_12=2
Column_16=2
Column_17=2
Column_30=2
Column_39=2
Column_60=2
Column_71=2
Column_96=2
Column_0=1
Column_4=1
Column_10=1
Column_24=1
Column_27=1
Column_32=1
Column_33=1
Column_41=1
Column_50=1
Column_66=1
Column_67=1
Column_80=1
Column_91=1
Column_99=1
Column_110=1
Column_124=1

parameters:
[boosting: gbdt]
[objective: binary]
[metric: binary_logloss]
[tree_learner: serial]
[device_type: cpu]
[data_sample_strategy: bagging]
[data: ]
[valid: ]
[num_iterations: 120]
[learning_rate: 0.04]
[num_leaves: 15]
[num_threads: 2]
[seed: 42]
[deterministic: 0]
[force_col_wise: 0]
[force_row_wise: 0]
[histogram_pool_size: -1]
[max_depth: 3]
[min_data_in_leaf: 40]
[min_sum_hessian_in_leaf: 0.001]
[bagging_fraction: 0.85]
[pos_bagging_fraction: 1]
[neg_bagging_fraction: 1]
[bagging_freq: 0]
[bagging_seed: 400]
[bagging_by_query: 0]
[feature_fraction: 0.8]
[feature_fraction_bynode: 1]
[feature_fraction_seed: 30056]
[extra_trees: 0]
[extra_seed: 12879]
[early_stopping_round: 0]
[early_stopping_min_delta: 0]
[first_metric_only: 0]
[max_delta_step: 0]
[lambda_l1: 0]
[lambda_l2: 2]
[linear_lambda: 0]
[min_gain_to_split: 0]
[drop_rate: 0.1]
[max_drop: 50]
[skip_drop: 0.5]
[xgboost_dart_mode: 0]
[uniform_drop: 0]
[drop_seed: 17869]
[top_rate: 0.2]
[other_rate: 0.1]
[min_data_per_group: 100]
[max_cat_threshold: 32]
[cat_l2: 10]
[cat_smooth: 10]
[max_cat_to_onehot: 4]
[top_k: 20]
[monotone_constraints: ]
[monotone_constraints_method: basic]
[monotone_penalty: 0]
[feature_contri: ]
[forcedsplits_filename: ]
[refit_decay_rate: 0.9]
[cegb_tradeoff: 1]
[cegb_penalty_split: 0]
[cegb_penalty_feature_lazy: ]
[cegb_penalty_feature_coupled: ]
[path_smooth: 0]
[interaction_constraints: ]
[verbosity: -1]
[saved_feature_importance_type: 0]
[use_quantized_grad: 0]
[num_grad_quant_bins: 4]
[quant_train_renew_leaf: 0]
[stochastic_rounding: 1]
[linear_tree: 0]
[max_bin: 255]
[max_bin_by_feature: ]
[min_data_in_bin: 3]
[bin_construct_sample_cnt: 200000]
[data_random_seed: 175]
[is_enable_sparse: 1]
[enable_bundle: 1]
[use_missing: 1]
[zero_as_missing: 0]
[feature_pre_filter: 1]
[pre_partition: 0]
[two_round: 0]
[header: 0]
[label_column: ]
[weight_column: ]
[group_column: ]
[ignore_column: ]
[categorical_feature: ]
[forcedbins_filename: ]
[precise_float_parser: 0]
[parser_config_file: ]
[objective_seed: 16083]
[num_class: 1]
[is_unbalance: 0]
[scale_pos_weight: 1]
[sigmoid: 1]
[boost_from_average: 1]
[reg_sqrt: 0]
[alpha: 0.9]
[fair_c: 1]
[poisson_max_delta_step: 0.7]
[tweedie_variance_power: 1.5]
[lambdarank_truncation_level: 30]
[lambdarank_norm: 1]
[label_gain: ]
[lambdarank_position_bias_regularization: 0]
[eval_at: ]
[multi_error_top_k: 1]
[auc_mu_weights: ]
[num_machines: 1]
[local_listen_port: 12400]
[time_out: 120]
[machine_list_filename: ]
[machines: ]
[gpu_platform_id: -1]
[gpu_device_id: -1]
[gpu_device_id_list: ]
[gpu_use_dp: 0]
[num_gpu: 1]

end of parameters

pandas_categorical:null
