tree
version=v4
num_class=1
num_tree_per_iteration=1
label_index=0
max_feature_idx=109
objective=binary sigmoid:1
feature_names=Column_0 Column_1 Column_2 Column_3 Column_4 Column_5 Column_6 Column_7 Column_8 Column_9 Column_10 Column_11 Column_12 Column_13 Column_14 Column_15 Column_16 Column_17 Column_18 Column_19 Column_20 Column_21 Column_22 Column_23 Column_24 Column_25 Column_26 Column_27 Column_28 Column_29 Column_30 Column_31 Column_32 Column_33 Column_34 Column_35 Column_36 Column_37 Column_38 Column_39 Column_40 Column_41 Column_42 Column_43 Column_44 Column_45 Column_46 Column_47 Column_48 Column_49 Column_50 Column_51 Column_52 Column_53 Column_54 Column_55 Column_56 Column_57 Column_58 Column_59 Column_60 Column_61 Column_62 Column_63 Column_64 Column_65 Column_66 Column_67 Column_68 Column_69 Column_70 Column_71 Column_72 Column_73 Column_74 Column_75 Column_76 Column_77 Column_78 Column_79 Column_80 Column_81 Column_82 Column_83 Column_84 Column_85 Column_86 Column_87 Column_88 Column_89 Column_90 Column_91 Column_92 Column_93 Column_94 Column_95 Column_96 Column_97 Column_98 Column_99 Column_100 Column_101 Column_102 Column_103 Column_104 Column_105 Column_106 Column_107 Column_108 Column_109
feature_infos=[-6.1470889621568237:6.6085334624415317] [-5.6868662360094424:5.5188025627223904] [-4.8903377163837964:4.1766959434154636] [-4.3840380260650003:3.8632850215278194] [-3.6185944028833767:2.147476047296172] [-2.593121919217531:2.3785670177461387] [-4.2629770085719194:4.0022300509899749] [-1.356408361143147:6.6038182852760441] [-1.6815273779077256:1.6445507049619854] [-3.5850443902578837:2.1966618447908539] [-1.4742475803554214:5.1945658945151836] [-2.4747739510981686:2.161846374576986] [-2.5615233881713197:2.4638842693866843] [-1.4333210553959304:3.8917604591587778] [-2.8102617654088422:2.6131393258519906] [-1.5824836976295074:1.6256444228677198] [-1.787157547858965:1.7964712559403115] [-0.95738730394300808:0.77127858473964572] [-1.0015621269791557:0.77999005169461988] [-0.95738730394300764:0.77127858473964561] [-2.2521273089091189:1.668178181778375] [-4.051997698337888:4.1557092212443445] [-3.2729312871786189:2.2869915493025088] [-2.3369118042475812:2.6128102202105321] [-2.1827699018646238:1.5942543837385135] [-2.2037366471011031:1.5932976369606975] [-3.3387849019662146:2.0185305412564696] [-1.7898570705905124:1.4172974713339079] [-1.1624076749298404:3.5633942697227794] [-3.7636951945302957:4.3348818113353369] [-3.7247300812010979:4.5379359608249823] [-3.0636164746169299:3.2630093862338634] [-3.2138683558578776:3.4604896310482736] [-1.9997960476375132:2.1061630836425222] [-2.2533156056142762:2.2787739309831681] [-1.7463663448087534:1.7671611237196012] [-1.8188300184628314:1.8575401817407178] [-1.5457296273131012:3.8063698006407014] [-1.4812379153083293:5.0544528578633088] [-1.4232830920171682:3.755048269035195] [-1.1452280150019307:3.0576953768042165] [-1.6772604593684353:1.4307485318595907] [-1.9790812489342557:1.7068230323282287] [-1.7356034209547544:13.899398120442207] [-177.41472948145241:158.39957316500787] [-385.37966849365927:127.29546600218845] [-316.0465662787588:74.17975374911245] [-1.3622384481579659:2.8309657201347913] [-1.9424098718324967:1.9969763129414704] [-1.1937765016917168:9.092474649820554] [-4.8849531188679114:4.4499445477968749] [-9.0414338231741365:6.7108740868510202] [-1:1] [-0.83333333333333337:1] [0:1] [0:1] [-3.0001638099821868:3.9370867602298922] [-3.3805689285521519:2.2559619518169134] [-2.2381961274110811:1.5597953019131945] [-0.94265341213836584:2.024084517279952] [-2.015300202300947:1.2341472973391723] [-1.3361973675646641:0.3781311320485361] [-4.5557251621494776:7.155559176609783] [-4.2167743152427191:5.895557102597504] [-2.4771259843627478:4.2630785807378366] [-1.2831670436054741:4.8823765494493561] [-1.198822348954738:7.9108586421849623] [-1.0234098190834582:2.276371728421914] [-6.5293192557956541:6.7148176497204588] [-4.5878425854338998:3.5596661189406058] [-3.3341619820328439:3.7248839862703624] [-1.1874954157041191:3.4450524385758197] [-1.7353810844277437:4.4007632497838163] [-0.76922791354941167:1.9692536032335393] [-10.939472278111145:10.722361254270158] [-5.7834977208000629:5.0630519532097589] [-3.4071120888378177:3.7886657705729201] [-1.0084809610294849:3.0842008689864158] [-2.0831200997288932:4.0845230216832409] [-1.334770785186302:0.75745652238859462] [-3.9886417753579968:2.9928574877741849] [-3.4165570523466813:3.0245783120219372] [-2.5352223752255787:1.7753159611320175] [-1.2534260057850894:3.0623140938843489] [-1.9925660128173706:1.8712771884781529] [-1.3804474030228335:0.49708127453365197] [-5.2542769763447845:2.6276600579552536] [-4.0655707503829968:3.4653189516965952] [-1.812486014476532:2.6917617017383382] [-1.4102677746047336:4.1605942769798174] [-1.6286318879203048:4.2590344791956758] [-1.4285971945589144:1.1426013667594417] [-4.2531948684837353:2.4368701735741731] [-3.7700410380071792:3.4969083511678032] [-1.9100942845548479:2.5587681506983277] [-1.4499787695655768:3.9507544296418331] [-1.4932563538566228:3.693400468969696] [-1.4046360294074369:1.0805969942596771] [-2.7901579382621335:3.7380586372606208] [-2.244223369469533:2.6707749366488174] [-1.9892916074863571:2.0622405163684281] [-1.4834541585827734:2.1039939058107882] [-1.4365343856128012:1.8759030801492864] [-2.1532367756355693:0.5752507928483489] [-3.0485412739137736:3.2378009663734781] [-2.6744126827190922:3.4415460112361389] [-1.6012606442056347:2.3584767784752372] [-0.90536404569275719:3.0135028159713215] [-1.3997529721083182:2.3606120234704839] [-1.3381068230257143:0.98155019551460265]
tree_sizes=770 787 787 785 793 783 995 995 888 783 787 893 890 781 890 883 893 785 998 790 788 886 785 887 789 890 891 994 785 886 1003 787 993 893 890 782 683 997 992 685 891 991 784 686 1002 990 894 684 888 986 685 895 786 787 887 1002 898 687 995 685 998 884 887 895 895 580 899 887 887 789 683 888 891 786 682 687 789 890 893 890 894 780 791 888 790 889 685 888 788 787 1003 791 895 684 786 896 686 791 892 789 682 793 792 899 792 683 786 997 581 689 681 787 793 893 792 690 785 896 791 794

Tree=0
num_leaves=6
num_cat=0
split_feature=78 59 90 105 103
split_gain=123.773 93.427 119.55 41.9738 8.60104
threshold=1.7797888367514376 0.077830076012215657 0.27945401725578028 -1.1772637965488646 -0.98780768539457908
decision_type=2 2 2 2 2
left_child=1 2 -1 -3 -2
right_child=4 3 -4 -5 -6
leaf_value=0.079748362359210526 0.12154062991995138 0.074238811590354753 0.026987039598789665 0.016103836870517182 0.073896516130410067
leaf_weight=168.644730001688 34.478478133678436 20.986899733543396 113.17935213446617 172.39239066839218 10.493449866771696
leaf_count=675 138 84 453 690 42
internal_value=0.0499624 0.0438641 0.0585471 0.022597 0.111916
internal_weight=520.175 475.203 281.824 193.379 44.9719
internal_count=2082 1902 1128 774 180
is_linear=0
shrinkage=1


Tree=1
num_leaves=6
num_cat=0
split_feature=78 61 101 96 103
split_gain=114.902 86.4544 85.4405 69.8174 7.97074
threshold=1.7797888367514376 0.27979104531310905 0.075929741786314606 0.32366407839247352 -0.98780768539457908
decision_type=2 2 2 2 2
left_child=1 2 -1 -3 -2
right_child=4 3 -4 -5 -6
leaf_value=-0.036719480434288507 0.069075602921307294 0.039541198459747122 0.003908615639820495 -0.017736148481335937 0.023144724453265538
leaf_weight=170.17856177687645 34.372902542352676 95.100825235247612 158.90432788431644 50.987552270293236 10.485678702592848
leaf_count=681 138 381 636 204 42
internal_value=1.48488e-05 -0.00585472 -0.0171963 0.0195808 0.0597854
internal_weight=520.03 475.171 329.083 146.088 44.8586
internal_count=2082 1902 1317 585 180
is_linear=0
shrinkage=0.04


Tree=2
num_leaves=6
num_cat=0
split_feature=78 59 96 66 53
split_gain=106.977 88.1576 97.2301 41.7062 13.8762
threshold=1.5980308604296181 0.077830076012215657 0.13692773738486033 0.80312455895620993 1.0000000180025095e-35
decision_type=2 2 2 2 2
left_child=1 2 -1 -3 -2
right_child=4 3 -4 -5 -6
leaf_value=0.030728150014298451 0.014463778593448518 -0.036280392760978379 -0.016001771480447537 0.0099841927857969148 0.066612826064707045
leaf_weight=145.8838906288147 11.977471098303793 150.71632428467274 135.6921185106039 38.236445590853691 37.18463771045208
leaf_count=585 48 603 543 153 150
internal_value=2.75398e-05 -0.00592133 0.00825486 -0.0269118 0.0549697
internal_weight=519.691 470.529 281.576 188.953 49.1621
internal_count=2082 1884 1128 756 198
is_linear=0
shrinkage=0.04


Tree=3
num_leaves=6
num_cat=0
split_feature=78 59 90 5 103
split_gain=99.5627 76.9302 97.6621 38.3529 6.97849
threshold=1.7797888367514376 0.077830076012215657 0.27945401725578028 -0.97345605443353278 -0.98780768539457908
decision_type=2 2 2 2 2
left_child=1 2 -1 -3 -2
right_child=4 3 -4 -5 -6
leaf_value=0.027149419350691248 0.064753945262519444 0.034043623939175198 -0.020562182676155998 -0.029864439059335258 0.021673930230183217
leaf_weight=168.10132022202015 33.935545563697815 14.739803507924078 113.23967045545578 178.6730745434761 10.46208420395851
leaf_count=675 138 59 453 715 42
internal_value=3.80449e-05 -0.00540582 0.00793593 -0.0246955 0.0559742
internal_weight=519.151 474.754 281.341 193.413 44.3976
internal_count=2082 1902 1128 774 180
is_linear=0
shrinkage=0.04


Tree=4
num_leaves=6
num_cat=0
split_feature=78 106 90 33 53
split_gain=93.337 76.4517 74.5113 15.9897 12.2969
threshold=1.5980308604296181 0.67860648972599247 0.68092024281942176 -0.73659153465635907 1.0000000180025095e-35
decision_type=2 2 2 2 2
left_child=1 2 -1 -3 -2
right_child=4 3 -4 -5 -6
leaf_value=0.0094451762472266918 0.013596280774063415 -0.00024526086051645136 -0.036753382206723251 -0.049700818715389804 0.062798727103119373
leaf_weight=328.96454557776451 11.957713618874548 12.483197391033171 65.203181490302086 63.178512379527092 36.606602266430855
leaf_count=1320 48 50 261 253 150
internal_value=5.24894e-05 -0.00548271 0.00165605 -0.0417577 0.0517009
internal_weight=518.394 469.829 394.168 75.6617 48.5643
internal_count=2082 1884 1581 303 198
is_linear=0
shrinkage=0.04


Tree=5
num_leaves=6
num_cat=0
split_feature=78 59 90 66 53
split_gain=87.0844 72.3418 87.364 38.07 11.6274
threshold=1.5980308604296181 0.077830076012215657 0.27945401725578028 0.80312455895620993 1.0000000180025095e-35
decision_type=2 2 2 2 2
left_child=1 2 -1 -3 -2
right_child=4 3 -4 -5 -6
leaf_value=0.025785937711441165 0.013139046492639207 -0.033269507905216975 -0.019370866710329872 0.010902976675782772 0.061032509479593156
leaf_weight=167.68585117161274 11.948668807744978 150.47245405614376 113.17030566930771 38.2067501693964 36.224832236766815
leaf_count=675 48 603 453 153 150
internal_value=5.09507e-05 -0.00528009 0.0075818 -0.0243042 0.0501506
internal_weight=517.709 469.535 280.856 188.679 48.1735
internal_count=2082 1884 1128 756 198
is_linear=0
shrinkage=0.04


Tree=6
num_leaves=8
num_cat=0
split_feature=90 73 35 25 101 53 37
split_gain=73.3567 56.7926 49.9788 43.7759 41.6092 19.8259 11.4014
threshold=0.27945401725578028 0.25681262670933452 -0.97609818514990099 0.13261421080242783 0.30109580965310639 -1.0000000180025095e-35 0.96147437313041695
decision_type=2 2 2 2 2 2 2
left_child=1 3 6 -1 -4 -3 -2
right_child=2 5 4 -5 -6 -7 -8
leaf_value=0.017166251999872578 0.056825353889309767 0.01640018236920077 -0.038455873978644986 -0.017673185152234074 0.0047488423052334215 0.054741475605049883 0.0018415255932092696
leaf_weight=123.38682445883751 12.721059292554857 40.890562117099762 125.15265204012394 104.9106432646513 49.005192160606384 50.105185642838478 10.45937657356262
leaf_count=499 51 165 502 422 197 204 42
internal_value=5.90418e-05 0.0118854 -0.0190033 0.00114187 -0.0263829 0.0382354 0.0341326
internal_weight=516.631 319.293 197.338 228.297 174.158 90.9957 23.1804
internal_count=2082 1290 792 921 699 369 93
is_linear=0
shrinkage=0.04


Tree=7
num_leaves=8
num_cat=0
split_feature=90 73 71 35 101 53 73
split_gain=67.746 52.8338 46.8682 46.4868 38.7863 18.6005 11.6257
threshold=0.27945401725578028 0.25681262670933452 -0.72924830013162667 -0.96426873391473311 0.30109580965310639 -1.0000000180025095e-35 0.98307467385917502
decision_type=2 2 2 2 2 2 2
left_child=1 2 -1 6 -5 -3 -2
right_child=3 5 -4 4 -6 -7 -8
leaf_value=0.040765517106643091 0.0020364198522383574 0.015796861662849854 -0.0070529591120012773 -0.037182544738525058 0.0045664428220736075 0.052995858922371089 0.056553663287175773
leaf_weight=37.524388611316681 11.446526914834978 40.831767141819 190.6527881026268 124.40256416797638 49.004029169678688 49.758168146014214 12.233105480670927
leaf_count=153 46 165 768 500 197 204 49
internal_value=7.20107e-05 0.0114477 0.00109681 -0.0182571 -0.0254669 0.0369325 0.0324116
internal_weight=515.853 318.767 228.177 197.086 173.407 90.5899 23.6796
internal_count=2082 1290 921 792 697 369 95
is_linear=0
shrinkage=0.04


Tree=8
num_leaves=7
num_cat=0
split_feature=101 77 71 42 106 106
split_gain=64.6116 73.2051 58.9219 37.825 32.4103 9.14484
threshold=0.26165959998053662 1.1675595029428887 -0.83725215962476585 0.88721364637316857 1.029047345463207 -0.43488658639630506
decision_type=2 2 2 2 2 2
left_child=1 2 -1 4 -2 -5
right_child=3 -3 -4 5 -6 -7
leaf_value=0.033658500735261013 0.027360852420915335 0.063432126694136004 -0.022893637657749981 -0.05610154354671093 -0.035755289620515891 -0.0043218979268582671
leaf_weight=31.474366962909698 175.43495093286037 17.590917393565178 257.37084975838661 9.9744965136051196 12.351226598024367 10.693267479538916
leaf_count=129 710 72 1038 40 50 43
internal_value=8.98466e-05 -0.0115698 -0.0165423 0.0171771 0.0228765 -0.0320564
internal_weight=514.89 306.436 288.845 208.454 187.786 20.6678
internal_count=2082 1239 1167 843 760 83
is_linear=0
shrinkage=0.04


Tree=9
num_leaves=6
num_cat=0
split_feature=78 59 90 66 59
split_gain=74.5612 63.9936 76.3259 45.3288 10.6845
threshold=1.5980308604296181 0.021443681180511029 0.82973167867336939 0.80312455895620993 1.1120711521702384
decision_type=2 2 2 2 2
left_child=1 2 -1 -3 -2
right_child=4 3 -4 -5 -6
leaf_value=0.016455739080706095 0.057871862214261674 -0.030743471152745453 -0.049073244201213069 0.01465499581620904 0.012346339418802468
leaf_weight=228.52367636561394 34.81868602335453 164.70355203747749 30.484806329011917 43.304322153329849 12.290728047490118
leaf_count=924 147 663 123 174 51
internal_value=8.79544e-05 -0.00482245 0.00842617 -0.0212426 0.0469809
internal_weight=514.126 467.016 259.008 208.008 47.1094
internal_count=2082 1884 1047 837 198
is_linear=0
shrinkage=0.04


Tree=10
num_leaves=6
num_cat=0
split_feature=78 106 36 33 103
split_gain=69.8865 63.451 58.033 14.6102 6.10304
threshold=1.7797888367514376 0.67860648972599247 0.32468317549292092 -0.6923224832967777 -0.98780768539457908
decision_type=2 2 2 2 2
left_child=1 2 -1 -3 -2
right_child=4 3 -4 -5 -6
leaf_value=0.014036638309870659 0.056686601592181224 -0.00045006276772186084 -0.017439468150923551 -0.045357953349004838 0.016994190741888342
leaf_weight=245.36539930105209 31.87532089650631 14.189333006739615 148.91079941391945 62.303975746035576 10.293624863028525
leaf_count=992 138 57 601 252 42
internal_value=8.85322e-05 -0.00440724 0.00212068 -0.0372514 0.0482057
internal_weight=512.938 470.77 394.276 76.4933 42.1689
internal_count=2082 1902 1593 309 180
is_linear=0
shrinkage=0.04


Tree=11
num_leaves=7
num_cat=0
split_feature=97 25 107 72 36 88
split_gain=57.7389 59.2482 48.0899 39.5725 25.9096 12.7714
threshold=0.50072018496154003 0.13261421080242783 -0.026465414890408743 1.5204416058049184 0.36501604170198415 0.16427204366293399
decision_type=2 2 2 2 2 2
left_child=1 4 -3 5 -1 -2
right_child=3 2 -4 -5 -6 -7
leaf_value=0.025275714703780754 -0.0012414776187995847 0.009293508746280264 -0.029724329271401603 0.038446281774815842 -0.013868074041491872 -0.04644536323272927
leaf_weight=197.19084298610687 11.929733216762541 102.38115832209587 96.451600447297096 10.403701156377791 30.005231589078903 63.625635713338852
leaf_count=808 48 415 390 42 121 258
internal_value=8.96435e-05 0.00615496 -0.00974114 -0.0294276 0.0200302 -0.039524
internal_weight=511.988 426.029 198.833 85.9591 227.196 75.5554
internal_count=2082 1734 805 348 929 306
is_linear=0
shrinkage=0.04


Tree=12
num_leaves=7
num_cat=0
split_feature=78 59 96 66 59 56
split_gain=64.0705 59.5373 66.3746 36.1911 15.9275 2.39189
threshold=1.4789583704600828 0.021443681180511029 0.13692773738486033 0.80312455895620993 1.3618287087518175 0.94854094766745256
decision_type=2 2 2 2 2 2
left_child=1 2 -1 -3 5 -2
right_child=4 3 -4 -5 -6 -7
leaf_value=0.028340191014689608 0.058317213220883908 -0.029457114398924129 -0.011947934255497119 0.012137898398524428 -0.0028460529912149278 0.026787409604927079
leaf_weight=127.11471071839333 31.064353719353676 160.14368303120136 130.96638061106205 40.974618077278137 10.282294794917105 10.45219364762306
leaf_count=519 135 648 528 165 42 45
internal_value=8.30908e-05 -0.00473592 0.00796083 -0.0209467 0.0413917 0.0519752
internal_weight=510.998 459.199 258.081 201.118 51.7988 41.5165
internal_count=2082 1860 1047 813 222 180
is_linear=0
shrinkage=0.04


Tree=13
num_leaves=6
num_cat=0
split_feature=78 61 100 94 103
split_gain=60.139 51.7333 47.2699 42.6053 5.84496
threshold=1.7797888367514376 0.2737149961991327 0.28684434520865426 0.2785572835509888 -0.98780768539457908
decision_type=2 2 2 2 2
left_child=1 2 -1 -3 -2
right_child=4 3 -4 -5 -6
leaf_value=-0.025379703897188591 0.053942858754545825 0.032222244986406141 0.0058750841744802541 -0.011360814587114987 0.015247955639150422
leaf_weight=193.7036510258913 30.671598941087723 90.54128485918045 127.0526861846447 57.282593503594398 10.198225095868109
leaf_count=786 138 372 513 231 42
internal_value=9.40102e-05 -0.00403824 -0.0130399 0.0154074 0.0454492
internal_weight=509.45 468.58 320.756 147.824 40.8698
internal_count=2082 1902 1299 603 180
is_linear=0
shrinkage=0.04


Tree=14
num_leaves=7
num_cat=0
split_feature=78 59 90 101 59 56
split_gain=57.0005 53.0195 64.1779 34.1044 16.3743 3.59582
threshold=1.4789583704600828 0.021443681180511029 0.82973167867336939 0.26165959998053662 1.365423526665769 1.0300202343250191
decision_type=2 2 2 2 2 2
left_child=1 2 -1 -3 5 -2
right_child=4 3 -4 -5 -6 -7
leaf_value=0.014963373399293975 0.056496710708281814 -0.034427701502631039 -0.045486064114876601 -0.0013561317908118463 -0.0065160098911977438 0.020807290301476686
leaf_weight=226.93876428902149 32.143197745084763 110.42143182456493 30.07346610724926 90.002765893936157 9.575827017426489 8.9273050576448423
leaf_count=924 144 450 123 363 39 39
internal_value=0.000103001 -0.00441493 0.00759347 -0.0197367 0.0395264 0.0500655
internal_weight=508.083 457.436 257.012 200.424 50.6463 41.0705
internal_count=2082 1860 1047 813 222 183
is_linear=0
shrinkage=0.04


Tree=15
num_leaves=7
num_cat=0
split_feature=78 106 94 59 59 56
split_gain=53.4468 49.4605 49.2674 15.5615 12.794 3.47699
threshold=1.4789583704600828 0.67860648972599247 0.64539587898710371 1.365423526665769 0.95504067974192763 1.0300202343250191
decision_type=2 2 2 2 2 2
left_child=1 2 -1 5 -3 -2
right_child=3 4 -4 -5 -6 -7
leaf_value=0.007961358868751791 0.05533548823212877 -0.042362990128177298 -0.03016008763417815 -0.0062980671875204619 -0.0014273699503166606 0.020212429439628705
leaf_weight=320.10989369452 31.558806627988815 57.603109925985336 63.231510579586029 9.5800294429063779 15.544302105903624 8.8822226375341398
leaf_count=1302 144 237 258 39 63 39
internal_value=0.000100398 -0.00425957 0.00154939 0.0385232 -0.0339334 0.0489373
internal_weight=506.51 456.489 383.341 50.0211 73.1474 40.441
internal_count=2082 1860 1560 222 300 183
is_linear=0
shrinkage=0.04


Tree=16
num_leaves=7
num_cat=0
split_feature=101 77 71 34 46 103
split_gain=51.7608 66.5078 43.9868 25.8479 26.6114 22.1507
threshold=0.33757676023705768 1.072565323239052 -0.83725215962476585 0.16155746276009161 -0.12179275298932561 0.11044254191168652
decision_type=2 2 2 2 2 2
left_child=1 2 -1 5 -5 -2
right_child=3 -3 -4 4 -6 -7
leaf_value=0.029881546404840698 0.013465830365485631 0.059478685003765845 -0.019266594870523603 0.02158361521024833 -0.023982315186984852 0.05113461635324551
leaf_weight=30.781803697347641 59.757482841610909 19.015806242823601 273.89436534047127 40.652437195181847 37.498010963201523 43.577014073729515
leaf_count=132 250 81 1122 166 153 178
internal_value=9.7673e-05 -0.00947515 -0.0141386 0.0170887 -0.000332624 0.0300204
internal_weight=505.177 323.692 304.676 181.485 78.1504 103.334
internal_count=2082 1335 1254 747 319 428
is_linear=0
shrinkage=0.04


Tree=17
num_leaves=6
num_cat=0
split_feature=101 77 28 42 106
split_gain=47.8389 62.2793 46.6167 36.1597 24.4339
threshold=0.33757676023705768 1.072565323239052 -0.69278560533371458 0.88721364637316857 1.029047345463207
decision_type=2 2 2 2 2
left_child=1 2 -1 4 -2
right_child=3 -3 -4 -5 -6
leaf_value=0.029508607412478988 0.026905108523161126 0.058079872718040902 -0.019154826314546753 -0.032753968237322725 -0.031843710900416669
leaf_weight=33.811473518610001 151.09150829911232 18.748390913009644 270.43485896289349 19.463605210185051 10.577359572052954
leaf_count=138 624 81 1116 79 44
internal_value=0.000116144 -0.00909748 -0.0135894 0.0164658 0.0227192
internal_weight=504.127 322.995 304.246 181.132 161.669
internal_count=2082 1335 1254 747 668
is_linear=0
shrinkage=0.04


Tree=18
num_leaves=8
num_cat=0
split_feature=90 35 73 101 101 90 37
split_gain=44.5432 38.5981 38.3035 38.8023 25.1076 14.7323 10.1775
threshold=0.27945401725578028 -0.96426873391473311 0.25681262670933452 -0.30030806501222124 0.59760892838629198 -0.54917400197798349 0.96147437313041695
decision_type=2 2 2 2 2 2 2
left_child=2 6 3 -1 -3 -4 -2
right_child=1 4 5 -5 -6 -7 -8
leaf_value=-0.026965220875660792 0.052739838845550939 -0.029537611025304358 0.054755958964391165 0.010523106891494289 0.0075550620835745843 0.019186057804035758 0.0010595819377583909
leaf_weight=58.055435806512833 12.884270682930948 133.04794941842556 28.136509537696838 165.07828168570995 36.348006516695023 59.059884145855904 10.468686327338217
leaf_count=240 52 548 123 681 149 246 43
internal_value=0.000117526 -0.0148964 0.00947852 0.000616409 -0.0215832 0.0316341 0.0314837
internal_weight=503.079 192.749 310.33 223.134 169.396 87.1964 23.353
internal_count=2082 792 1290 921 697 369 95
is_linear=0
shrinkage=0.04


Tree=19
num_leaves=6
num_cat=0
split_feature=78 61 101 28 53
split_gain=47.7064 42.2304 53.1951 39.2298 5.92306
threshold=1.7797888367514376 0.2737149961991327 0.068768699365630764 0.54992423885122899 1.0000000180025095e-35
decision_type=2 2 2 2 2
left_child=1 2 -1 -3 -2
right_child=4 3 -4 -5 -6
leaf_value=-0.027825284410516859 0.0096448653917934404 0.026233243894130429 0.0047714657741634988 -0.020487731405230997 0.049719106903511959
leaf_weight=159.39415162801743 8.6044246256351453 108.58235168457031 158.03790979087353 37.193150818347931 30.007746696472168
leaf_count=657 36 451 642 152 144
internal_value=0.000127838 -0.00350224 -0.0116683 0.0141969 0.0417036
internal_weight=501.82 463.208 317.432 145.776 38.6122
internal_count=2082 1902 1299 603 180
is_linear=0
shrinkage=0.04


Tree=20
num_leaves=6
num_cat=0
split_feature=78 106 36 15 53
split_gain=44.8898 42.5318 48.311 12.7994 5.72457
threshold=1.7797888367514376 0.67860648972599247 0.32468317549292092 -0.93634536426702586 1.0000000180025095e-35
decision_type=2 2 2 2 2
left_child=1 2 -1 -3 -2
right_child=4 3 -4 -5 -6
leaf_value=0.012969077935498599 0.0093460606646095356 0.0063259646236842751 -0.015955721531450369 -0.03778443481734136 0.048806831855641594
leaf_weight=241.04251079261303 8.5886055976152402 11.961204484105108 147.07404097914696 62.242487847805023 29.395686089992523
leaf_count=992 36 49 601 260 144
internal_value=0.000130779 -0.0033718 0.00198262 -0.0306947 0.0407982
internal_weight=500.305 462.32 388.117 74.2037 37.9843
internal_count=2082 1902 1593 309 180
is_linear=0
shrinkage=0.04


Tree=21
num_leaves=7
num_cat=0
split_feature=78 59 90 66 59 56
split_gain=42.2832 43.6091 52.8207 32.3492 13.8242 3.62064
threshold=1.4789583704600828 0.021443681180511029 0.82973167867336939 0.80312455895620993 1.365423526665769 1.0300202343250191
decision_type=2 2 2 2 2 2
left_child=1 2 -1 -3 5 -2
right_child=4 3 -4 -5 -6 -7
leaf_value=0.013929118319278202 0.05217312218635068 -0.025856044817144069 -0.041518777965938974 0.013656652672779376 -0.0067907371189628489 0.017021129853073136
leaf_weight=224.51177501678467 29.511069372296333 157.1311889141798 29.32932884991169 40.512313172221184 9.5210469365119916 8.5177668631076795
leaf_count=924 144 648 123 165 39 39
internal_value=0.000130221 -0.00370371 0.00724807 -0.0177012 0.0352134 0.0455435
internal_weight=499.034 451.485 253.841 197.644 47.5499 38.0288
internal_count=2082 1860 1047 813 222 183
is_linear=0
shrinkage=0.04


Tree=22
num_leaves=6
num_cat=0
split_feature=78 106 36 33 103
split_gain=39.8391 38.53 44.6479 12.1692 5.55131
threshold=1.7797888367514376 0.67860648972599247 0.32468317549292092 -0.6923224832967777 -0.98780768539457908
decision_type=2 2 2 2 2
left_child=1 2 -1 -3 -2
right_child=4 3 -4 -5 -6
leaf_value=0.012535644493803604 0.04805435841329983 0.0038305984565149159 -0.015306441798226298 -0.036951609565551949 0.010545874170592976
leaf_weight=240.30570603907108 26.918430045247078 14.024057477712629 146.73990112543106 59.473692193627357 9.8000467717647535
leaf_count=992 138 57 601 252 42
internal_value=0.000129607 -0.00313352 0.0019555 -0.0292746 0.0391053
internal_weight=497.262 460.543 387.046 73.4977 36.7185
internal_count=2082 1902 1593 309 180
is_linear=0
shrinkage=0.04


Tree=23
num_leaves=7
num_cat=0
split_feature=101 77 28 42 89 73
split_gain=38.3735 52.869 41.8797 31.7502 23.1791 14.0637
threshold=0.33757676023705768 1.072565323239052 -0.69278560533371458 0.82970972451809522 1.9607889174333295 -0.35502542673848475
decision_type=2 2 2 2 2 2
left_child=1 2 -1 4 -2 -5
right_child=3 -3 -4 5 -6 -7
leaf_value=0.028690287574058986 0.025848884886162351 0.05510291055300133 -0.017648134984122651 -0.054991057491362322 -0.028384014668821997 0.0052104592801652042
leaf_weight=33.495514288544655 143.75705382227898 17.869468048214912 266.17571146786213 11.612957864999773 12.169702276587484 10.832019969820974
leaf_count=138 604 81 1116 47 51 45
internal_value=0.000128888 -0.00819789 -0.0123128 0.0148789 0.0213103 -0.0278884
internal_weight=495.912 317.541 299.671 178.372 155.927 22.445
internal_count=2082 1335 1254 747 655 92
is_linear=0
shrinkage=0.04


Tree=24
num_leaves=6
num_cat=0
split_feature=78 61 101 28 103
split_gain=37.4946 35.7071 48.0276 35.179 5.27339
threshold=1.7797888367514376 0.2737149961991327 -0.27824290552344583 0.68688328815174926 -0.98780768539457908
decision_type=2 2 2 2 2
left_child=1 2 -1 -3 -2
right_child=4 3 -4 -5 -6
leaf_value=-0.035669318834263004 0.047212529692504238 0.023274999700296655 -0.00088262020657500458 -0.024491987763726422 0.010464624844876654
leaf_weight=86.052366152405739 26.233744367957115 114.97057163715363 228.1315792798996 29.508533984422684 9.7816488444805128
leaf_count=360 138 482 939 121 42
internal_value=0.000127192 -0.00302413 -0.0105758 0.0133178 0.0383076
internal_weight=494.678 458.663 314.184 144.479 36.0154
internal_count=2082 1902 1299 603 180
is_linear=0
shrinkage=0.04


Tree=25
num_leaves=7
num_cat=0
split_feature=97 78 59 72 10 4
split_gain=36.3442 38.2392 45.0146 30.2004 11.1667 1.92558
threshold=0.50072018496154003 1.3414888640151241 0.021443681180511029 1.5204416058049184 -0.008257472478414022 0.53515467551988449
decision_type=2 2 2 2 2 2
left_child=1 2 -1 4 -2 -3
right_child=3 5 -4 -5 -6 -7
leaf_value=0.012563904924804895 -0.013874546647363087 0.04715298684619338 -0.015550175890118758 0.036247336009464094 -0.046403300112431982 0.018688316326984963
leaf_weight=219.54334643483162 31.908453449606895 29.742485448718071 152.79523187875748 10.029542088508604 40.547690913081169 8.6103934198617917
leaf_count=912 134 151 630 42 172 41
internal_value=0.000126462 0.00501925 0.00100539 -0.0237766 -0.0328357 0.0420055
internal_weight=493.177 410.691 372.339 82.4857 72.4561 38.3529
internal_count=2082 1734 1542 348 306 192
is_linear=0
shrinkage=0.04


Tree=26
num_leaves=7
num_cat=0
split_feature=101 53 28 42 89 73
split_gain=34.1545 45.2021 37.8611 29.0401 21.3346 13.1342
threshold=0.33757676023705768 0.75000000000000011 -0.69278560533371458 0.82970972451809522 1.9607889174333295 -0.35502542673848475
decision_type=2 2 2 2 2 2
left_child=1 2 -1 4 -2 -5
right_child=3 -3 -4 5 -6 -7
leaf_value=0.027608268796448565 0.024675255204128069 0.05281894803235912 -0.016555286609791459 -0.053165301080646772 -0.027519881327332189 0.0051462123148716512
leaf_weight=33.322482526302338 142.40811917185783 16.616093009710312 264.80479772388935 11.535841926932337 12.079057008028029 10.779423236846922
leaf_count=138 604 78 1119 47 51 45
internal_value=0.000128513 -0.00776198 -0.0114679 0.0141049 0.0202947 -0.0268914
internal_weight=491.546 314.743 298.127 176.802 154.487 22.3153
internal_count=2082 1335 1257 747 655 92
is_linear=0
shrinkage=0.04


Tree=27
num_leaves=8
num_cat=0
split_feature=36 72 14 28 101 97 47
split_gain=34.7894 45.2469 39.704 36.6828 30.0398 29.6534 1.18463
threshold=0.30171639290616364 0.18820722095855943 1.3680201976764801 -0.7044775484810385 -0.581334332178013 0.50072018496154003 -0.47663378103446602
decision_type=2 2 2 2 2 2 2
left_child=3 2 -2 6 -3 -5 -1
right_child=1 4 -4 5 -6 -7 -8
leaf_value=0.059523415707009524 -0.039357705120803312 -0.033708064110627281 0.036007652240695326 0.0098186549747534269 0.029633402310620751 -0.020494497804623996 0.031278673753491415
leaf_weight=15.307856425642969 91.893177300691605 14.473829075694082 11.117898240685461 237.27954111993313 43.043472498655319 63.879653811454773 13.233752295374869
leaf_count=65 380 60 45 1026 179 272 55
internal_value=0.000126694 -0.0150348 -0.0306927 0.00755484 0.0130969 0.00329607 0.0493332
internal_weight=490.229 160.528 103.011 329.701 57.5173 301.159 28.5416
internal_count=2082 664 425 1418 239 1298 120
is_linear=0
shrinkage=0.04


Tree=28
num_leaves=6
num_cat=0
split_feature=78 106 36 15 59
split_gain=33.0844 32.0704 39.781 11.4113 6.7407
threshold=1.8801897131096437 0.67860648972599247 0.24787580631708231 -0.93634536426702586 1.1120711521702384
decision_type=2 2 2 2 2
left_child=1 2 -1 -3 -2
right_child=4 3 -4 -5 -6
leaf_value=0.013101591246901469 0.049079420159879858 0.0081896643595510948 -0.012716278675759982 -0.033454842528402237 0.0049871489329698319
leaf_weight=219.93625931441784 23.031813651323322 11.816714748740194 165.63744060695171 60.793632090091705 7.7539482265710822
leaf_count=922 126 49 686 263 36
internal_value=0.000133589 -0.00263287 0.00200218 -0.0266397 0.0389557
internal_weight=488.97 458.184 385.574 72.6103 30.7858
internal_count=2082 1920 1608 312 162
is_linear=0
shrinkage=0.04


Tree=29
num_leaves=7
num_cat=0
split_feature=78 59 90 5 59 56
split_gain=31.3336 32.5342 43.8097 25.1712 13.8053 2.73202
threshold=1.4789583704600828 0.021443681180511029 0.8496455232421346 -0.97345605443353278 1.4062320753832858 1.0300202343250191
decision_type=2 2 2 2 2 2
left_child=1 2 -1 -3 5 -2
right_child=4 3 -4 -5 -6 -7
leaf_value=0.012347646460067075 0.048042321005300204 0.03380625693238519 -0.039862446094637259 -0.019371476346156494 -0.013215129144748981 0.016617833452822833
leaf_weight=222.74225203692913 27.295048981904984 13.642676457762716 27.075282201170921 180.24171571433544 8.0348141789436323 8.6036169826984388
leaf_count=930 147 56 117 757 33 42
internal_value=0.000133886 -0.00310846 0.00641745 -0.0153227 0.0315892 0.0417854
internal_weight=487.635 443.702 249.818 193.884 43.9335 35.8987
internal_count=2082 1860 1047 813 222 189
is_linear=0
shrinkage=0.04


Tree=30
num_leaves=8
num_cat=0
split_feature=90 36 103 73 101 95 46
split_gain=30.5229 31.7277 42.6386 27.5091 29.6082 16.2157 13.3918
threshold=0.27945401725578028 -0.57460474930134986 0.17023470330801113 0.25681262670933452 -0.30030806501222124 -0.13897512073027651 0.088844600615495456
decision_type=2 2 2 2 2 2 2
left_child=3 2 -2 4 -1 -3 -5
right_child=1 5 -4 6 -6 -7 -8
leaf_value=-0.023996470936001255 -0.019533257177468441 -0.03083595645143385 0.047864004334757633 0.043541211452344887 0.0092507294277266415 0.0025135112444750868 0.011035622309608632
leaf_weight=56.252290770411491 30.432447791099548 100.17285986244678 26.193569526076317 39.874194473028183 160.16691242158413 29.858761832118034 42.880701437592506
leaf_count=240 130 424 110 178 681 128 191
internal_value=0.000135862 -0.0124807 0.0122121 0.00803805 0.000468424 -0.0232559 0.0273558
internal_weight=485.832 186.658 56.626 299.174 216.419 130.032 82.7549
internal_count=2082 792 240 1290 921 552 369
is_linear=0
shrinkage=0.04


Tree=31
num_leaves=6
num_cat=0
split_feature=78 106 94 33 59
split_gain=29.1862 28.4561 29.3583 10.5682 6.54882
threshold=1.8801897131096437 0.67860648972599247 0.64539587898710371 -0.73659153465635907 1.1120711521702384
decision_type=2 2 2 2 2
left_child=1 2 -1 -3 -2
right_child=4 3 -4 -5 -6
leaf_value=0.006915478081914425 0.047724885984853645 0.0063685499086924445 -0.022388738730755066 -0.032298712944672799 0.0040062660130182389
leaf_weight=319.3430530577898 21.854984983801845 13.184422060847281 63.934598565101624 58.46319368481636 7.6244369298219672
leaf_count=1335 126 54 273 258 36
internal_value=0.000137544 -0.00242957 0.00193639 -0.0252035 0.0373906
internal_weight=484.405 454.925 383.278 71.6476 29.4794
internal_count=2082 1920 1608 312 162
is_linear=0
shrinkage=0.04


Tree=32
num_leaves=8
num_cat=0
split_feature=36 72 28 101 101 101 40
split_gain=28.929 39.6977 34.1527 26.3241 26.2399 17.4582 7.71913
threshold=0.30171639290616364 0.18820722095855943 -0.7044775484810385 -0.581334332178013 0.2948933370118581 0.47818925597794043 -0.29852510342805161
decision_type=2 2 2 2 2 2 2
left_child=2 5 6 -3 -4 -2 -1
right_child=1 3 4 -5 -6 -7 -8
leaf_value=0.017356021235372131 -0.040905340840197313 -0.031460284110100448 -0.0063728979569037834 0.028240356941728252 0.018047891379605826 -0.0063998581806307886 0.063571225028918585
leaf_weight=11.17657506465912 64.15996190905571 14.237149372696875 185.26751492917538 42.623186826705933 110.87285462021828 37.671266183257103 16.933543086051941
leaf_count=49 272 60 810 179 488 153 71
internal_value=0.000134377 -0.0137583 0.00697624 0.012731 0.00282981 -0.0285096 0.0475694
internal_weight=482.942 158.692 324.25 56.8603 296.14 101.831 28.1101
internal_count=2082 664 1418 239 1298 425 120
is_linear=0
shrinkage=0.04


Tree=33
num_leaves=7
num_cat=0
split_feature=78 59 36 100 59 56
split_gain=27.2705 29.7752 41.7896 20.7169 12.8112 2.81712
threshold=1.4789583704600828 0.077830076012215657 0.23996381735231201 0.073825649823007253 1.4062320753832858 1.0300202343250191
decision_type=2 2 2 2 2 2
left_child=1 2 -1 -3 5 -2
right_child=4 3 -4 -5 -6 -7
leaf_value=0.020255305755072898 0.046672840721640962 -0.031112132160208791 -0.011255256651977597 -0.0033125931403639557 -0.013008471199446854 0.015030859332196203
leaf_weight=141.58177742362022 25.992919951677322 75.686238676309586 125.03411954641342 96.971145272254944 8.0020374655723554 8.3658916503190976
leaf_count=603 147 330 525 402 33 42
internal_value=0.000136181 -0.00286975 0.00550411 -0.0157155 0.0300311 0.0402191
internal_weight=481.634 439.273 266.616 172.657 42.3608 34.3588
internal_count=2082 1860 1128 732 222 189
is_linear=0
shrinkage=0.04


Tree=34
num_leaves=7
num_cat=0
split_feature=97 25 45 72 109 10
split_gain=26.5239 30.1766 40.8084 25.6957 20.9957 9.8812
threshold=0.50072018496154003 0.13261421080242783 -0.1988658004362451 1.5204416058049184 -0.5303840623007513 -0.008257472478414022
decision_type=2 2 2 2 2 2
left_child=1 4 -3 5 -1 -2
right_child=3 2 -4 -5 -6 -7
leaf_value=-0.0087632081460681539 -0.011328961777862282 0.016558295902054505 -0.021359839901341854 0.035215274067279513 0.021377830847198669 -0.042249420979105841
leaf_weight=46.349018946290016 31.061828568577766 70.902604818344116 118.93138444423676 9.758885517716406 164.12647071480751 38.84930008649826
leaf_count=194 134 302 503 42 735 172
internal_value=0.000135848 0.00435436 -0.00717251 -0.020648 0.0147204 -0.0292085
internal_weight=479.979 400.309 189.834 79.67 210.475 69.9111
internal_count=2082 1734 805 348 929 306
is_linear=0
shrinkage=0.04


Tree=35
num_leaves=6
num_cat=0
split_feature=101 77 71 88 97
split_gain=26.1653 40.4444 26.8122 22.4413 12.5387
threshold=0.47818925597794043 1.1675595029428887 -0.83725215962476585 -1.0336864499276783 0.50072018496154003
decision_type=2 2 2 2 2
left_child=1 2 -1 -2 -5
right_child=3 -3 -4 4 -6
leaf_value=0.02647951652638144 -0.03366919594804612 0.05107336043039979 -0.01302466328954017 0.023465539828530384 -0.014515106875543636
leaf_weight=28.491938382387161 12.398371905088423 16.795954659581184 289.06406465172768 117.66584776341915 14.382378071546553
leaf_count=132 51 84 1239 516 60
internal_value=0.000128584 -0.0060164 -0.0093367 0.0142403 0.0191739
internal_weight=478.799 334.352 317.556 144.447 132.048
internal_count=2082 1455 1371 627 576
is_linear=0
shrinkage=0.04


Tree=36
num_leaves=5
num_cat=0
split_feature=78 106 94 60
split_gain=24.7123 23.3847 26.8539 11.4423
threshold=2.0383729656725182 0.67860648972599247 0.64539587898710371 -1.0961582662302647
decision_type=2 2 2 2
left_child=1 2 -1 -3
right_child=-2 3 -4 -5
leaf_value=0.006760993415697125 0.039789068358719946 0.0055908938183215273 -0.021101959395294762 -0.031464967432103044
leaf_weight=319.95535346865654 21.892570346593857 16.796390235424042 64.847473099827766 53.896560966968536
leaf_count=1353 132 72 282 243
internal_value=0.000131613 -0.00194006 0.00198066 -0.022749
internal_weight=477.388 455.496 384.803 70.693
internal_count=2082 1950 1635 315
is_linear=0
shrinkage=0.04


Tree=37
num_leaves=8
num_cat=0
split_feature=35 14 77 61 14 96 85
split_gain=24.4319 32.3322 27.3794 25.6031 30.988 30.1538 20.4745
threshold=-0.14724734864537833 -0.56693672273119178 -0.20868397307259881 0.27013941635562044 1.3322315072973516 0.32366407839247352 0.081683672626351775
decision_type=2 2 2 2 2 2 2
left_child=1 6 -3 4 -2 -5 -1
right_child=3 2 -4 5 -6 -7 -8
leaf_value=-0.048758173183927965 -0.021797861166287853 0.045699682228927098 0.0084578781987905173 0.023874328420159727 0.040223088812110924 -0.018385137432889668 0.0077911019552113726
leaf_weight=18.906065613031387 159.25971828401089 42.348659291863441 114.20054964721203 67.705973654985428 12.18446074426174 42.280943870544434 19.156292885541916
leaf_count=81 686 179 523 297 50 176 90
internal_value=0.000126593 0.0109608 0.0189817 -0.00738981 -0.0169771 0.00759082 -0.0213295
internal_weight=476.043 194.612 156.549 281.431 171.444 109.987 38.0624
internal_count=2082 873 702 1209 736 473 171
is_linear=0
shrinkage=0.04


Tree=38
num_leaves=8
num_cat=0
split_feature=36 72 14 39 101 35 90
split_gain=23.6506 35.8775 33.4382 27.1028 27.6461 23.094 21.9975
threshold=0.30171639290616364 0.18820722095855943 1.3680201976764801 -0.25633086673860322 0.26165959998053662 0.4840595377647115 0.8496455232421346
decision_type=2 2 2 2 2 2 2
left_child=3 2 -2 6 -5 -3 -1
right_child=1 5 -4 4 -6 -7 -8
leaf_value=0.028418484062240141 -0.034818588919975309 -0.033596110089250224 0.034523426170769554 -0.015582437856108577 0.013157842545692458 0.025865032601535866 -0.029536956266361256
leaf_weight=97.33106692135334 89.249885484576225 11.631671309471129 11.049266338348387 111.04143643379211 99.791528329253197 44.483790174126625 10.086837008595465
leaf_count=426 380 51 45 497 451 188 44
internal_value=0.000128754 -0.0125137 -0.0266541 0.00638164 -0.00198327 0.0128078 0.0225359
internal_weight=474.665 156.415 100.299 318.251 210.833 56.1155 107.418
internal_count=2082 664 425 1418 948 239 470
is_linear=0
shrinkage=0.04


Tree=39
num_leaves=5
num_cat=0
split_feature=78 106 73 66
split_gain=23.2007 20.7136 24.1941 10.9286
threshold=2.1983638720002667 0.67860648972599247 -0.014380229050822863 0.84818937390205962
decision_type=2 2 2 2
left_child=1 2 -1 -3
right_child=-2 3 -4 -5
leaf_value=-0.006794383320033061 0.043373424810177835 -0.031156443937343226 0.013297809431735268 0.0030299416836265919
leaf_weight=217.53101554512978 17.050730764865875 49.680063664913177 168.32073864340782 20.590895742177963
leaf_count=918 108 228 738 90
internal_value=0.000121834 -0.00167729 0.00199384 -0.0213325
internal_weight=473.173 456.123 385.852 70.271
internal_count=2082 1974 1656 318
is_linear=0
shrinkage=0.04


Tree=40
num_leaves=7
num_cat=0
split_feature=78 61 28 100 97 17
split_gain=22.0823 23.4078 27.7193 27.1985 10.2187 2.82025
threshold=1.4789583704600828 0.2737149961991327 0.68688328815174926 0.28684434520865426 0.46361953839286041 0.53089321514180676
decision_type=2 2 2 2 2 2
left_child=1 3 -3 -1 5 -2
right_child=4 2 -4 -5 -6 -7
leaf_value=-0.019006029280549112 0.045893410590339884 0.020035439415803349 -0.022915553799899718 0.0056179083376536104 -0.0056338490141157231 0.012509373166169671
leaf_weight=173.13615684211254 22.472710296511654 109.69965055584908 28.841001197695732 120.35842464864254 10.35650698840618 7.1091927438974372
leaf_count=753 138 482 121 504 45 39
internal_value=0.000121189 -0.00255747 0.0108952 -0.00893839 0.0278378 0.0391707
internal_weight=471.974 432.035 138.541 293.495 39.9384 29.5819
internal_count=2082 1860 603 1257 222 177
is_linear=0
shrinkage=0.04


Tree=41
num_leaves=8
num_cat=0
split_feature=36 72 14 28 101 106 40
split_gain=22.0987 35.8071 35.6259 32.6402 25.5213 21.0777 8.96748
threshold=0.34519532945770787 0.18820722095855943 1.3680201976764801 -0.7044775484810385 -0.581334332178013 1.1749481903973653 -0.29852510342805161
decision_type=2 2 2 2 2 2 2
left_child=3 2 -2 6 -3 -5 -1
right_child=1 4 -4 5 -6 -7 -8
leaf_value=0.012933345167650448 -0.036161317520835949 -0.031771685739514735 0.036855719250908289 0.0047575068363993455 0.03000288984450767 -0.035619402418964184 0.060577445158116153
leaf_weight=11.084398388862612 82.902320042252541 12.780541479587553 10.591291487216948 276.24696084111929 38.068026781082153 20.351899042725563 18.39171114563942
leaf_count=50 356 55 43 1241 162 96 79
internal_value=0.000123913 -0.0128026 -0.027291 0.00588921 0.0138614 0.00176692 0.0446212
internal_weight=470.417 144.342 93.4936 326.075 50.8486 296.599 29.4761
internal_count=2082 616 399 1466 217 1337 129
is_linear=0
shrinkage=0.04


Tree=42
num_leaves=6
num_cat=0
split_feature=101 53 36 88 97
split_gain=21.5429 31.553 25.5828 19.7848 10.528
threshold=0.47818925597794043 0.75000000000000011 -1.0501389627399362 -1.0336864499276783 0.50072018496154003
decision_type=2 2 2 2 2
left_child=1 2 -1 -2 -5
right_child=3 -3 -4 4 -6
leaf_value=0.025091343399284642 -0.032134814022865978 0.048202833724756068 -0.012145967934221534 0.021765366087894519 -0.013248469774304501
leaf_weight=31.069203957915306 12.240532010793684 14.661987185478209 281.86517837643623 115.00705564022064 14.222595095634459
leaf_count=139 51 78 1238 516 60
internal_value=0.000125775 -0.00550647 -0.00831305 0.0130631 0.0177687
internal_weight=469.067 327.596 312.934 141.47 129.23
internal_count=2082 1455 1377 627 576
is_linear=0
shrinkage=0.04


Tree=43
num_leaves=5
num_cat=0
split_feature=78 94 59 89
split_gain=20.7956 18.155 24.8108 18.8964
threshold=2.1983638720002667 0.64539587898710371 -0.0094316065844767417 -0.19811892012109511
decision_type=2 2 2 2
left_child=1 2 -1 -3
right_child=-2 3 -4 -5
leaf_value=0.012136397509573484 0.042206178315320302 -0.033509862815409894 -0.0086228590187267962 0.003917739232897512
leaf_weight=193.46505686640739 16.072331324219704 49.405734896659851 172.31421214342117 36.547717809677124
leaf_count=837 108 228 750 159
internal_value=0.000128435 -0.0015481 0.00236325 -0.0178683
internal_weight=467.805 451.733 365.779 85.9535
internal_count=2082 1974 1587 387
is_linear=0
shrinkage=0.04


Tree=44
num_leaves=8
num_cat=0
split_feature=35 14 107 83 107 13 24
split_gain=20.502 29.997 26.5213 24.1902 20.9432 18.5987 17.418
threshold=-0.14724734864537833 -0.56693672273119178 -0.026465414890408743 0.47513337454780119 -0.036183582092443926 0.45176326720617294 0.48866763740572394
decision_type=2 2 2 2 2 2 2
left_child=1 4 5 -4 -1 -2 -3
right_child=2 6 3 -5 -6 -7 -8
leaf_value=-0.057700915810956696 -0.0038421247540477046 0.022222077435458273 -0.038984166291919614 -0.0012170501971165602 0.001939426165341971 0.028046107535612212 -0.022831310423972666
leaf_weight=13.343547642230986 132.32442933320999 139.5993589386344 58.753443166613579 49.277278184890747 24.082629904150963 35.447591185569763 13.590698987245558
leaf_count=57 581 645 261 217 114 150 57
internal_value=0.000126517 0.0101545 -0.00682737 -0.0220923 -0.0211725 0.00314638 0.0179823
internal_weight=466.419 190.616 275.803 108.031 37.4262 167.772 153.19
internal_count=2082 873 1209 478 171 731 702
is_linear=0
shrinkage=0.04


Tree=45
num_leaves=8
num_cat=0
split_feature=36 72 14 39 71 35 13
split_gain=19.6971 32.6669 32.5439 27.2508 32.721 23.9821 17.1817
threshold=0.34519532945770787 0.18820722095855943 1.3680201976764801 -0.25633086673860322 2.5786938609927579 0.54448215665675581 -0.5662543447665116
decision_type=2 2 2 2 2 2 2
left_child=3 2 -2 6 -5 -3 -1
right_child=1 5 -4 4 -6 -7 -8
leaf_value=0.0054496158806228547 -0.034683872703086836 -0.036481838424942445 0.035318477473099033 -0.0075892421932178371 0.048072258110217383 0.027389374057908058 0.036894146027901691
leaf_weight=55.778128117322922 81.72175994515419 10.265950724482535 10.529392555356024 195.58573408424854 16.484631091356277 39.953598722815514 55.097888566553593
leaf_count=246 356 46 43 897 75 171 248
internal_value=0.00010877 -0.0121802 -0.026114 0.00557175 -0.00285387 0.0134356 0.0214523
internal_weight=465.417 142.471 92.2512 322.946 212.07 50.2195 110.876
internal_count=2082 616 399 1466 972 217 494
is_linear=0
shrinkage=0.04


Tree=46
num_leaves=7
num_cat=0
split_feature=97 36 85 59 72 14
split_gain=19.2452 23.2852 28.7917 24.2795 20.8971 6.93405
threshold=0.50072018496154003 0.24787580631708231 -0.84363640263082551 0.082700554765883116 1.5204416058049184 0.49659065416981457
decision_type=2 2 2 2 2 2
left_child=1 3 -3 -1 5 -2
right_child=4 2 -4 -5 -6 -7
leaf_value=0.024143915753190508 -0.01861867786894186 -0.038904292443579055 0.0013123397256863199 -0.0016903400209712705 0.033112245179946251 -0.051881619018865718
leaf_weight=119.67381952702999 55.145619705319405 35.136723265051842 121.69969473034143 111.11654525250196 9.4098650217056257 11.934569329023359
leaf_count=530 250 155 520 529 42 56
internal_value=0.000117819 0.00375753 -0.00807398 0.0117981 -0.0179528 -0.0258674
internal_weight=464.117 387.627 156.836 230.79 76.4901 67.0802
internal_count=2082 1734 675 1059 348 306
is_linear=0
shrinkage=0.04


Tree=47
num_leaves=5
num_cat=0
split_feature=78 14 47 59
split_gain=19.3308 16.4401 27.7375 22.494
threshold=2.1983638720002667 -0.56693672273119178 -0.7485120361234211 0.021443681180511029
decision_type=2 2 2 2
left_child=1 2 -1 -3
right_child=-2 3 -4 -5
leaf_value=0.029625624334716761 0.041387346471644444 0.012000265248398152 -0.026002057498910731 -0.0080907914947618929
leaf_weight=15.730655908584593 15.467941187322138 185.62149915099144 77.836545825004578 168.01408839225769
leaf_count=69 108 818 339 748
internal_value=0.000103898 -0.00150194 -0.0162256 0.00246308
internal_weight=462.671 447.203 93.5672 353.636
internal_count=2082 1974 408 1566
is_linear=0
shrinkage=0.04


Tree=48
num_leaves=7
num_cat=0
split_feature=78 59 36 12 59 51
split_gain=18.6665 19.0347 27.5961 18.6826 10.4944 3.56453
threshold=1.4789583704600828 0.082700554765883116 0.24378552108726878 -1.0149232113801532 1.3948854863398588 1.1014325703488379
decision_type=2 2 2 2 2 2
left_child=1 2 -1 -3 5 -2
right_child=4 3 -4 -5 -6 -7
leaf_value=0.016506238168792643 0.043690810560781217 0.034982257481010241 -0.0094889810626959982 -0.016482394377142107 -0.010715807024229767 0.006777166954431306
leaf_weight=138.23601038753986 23.375043004751209 10.30658647418022 120.54535865783691 154.59277938306332 8.6107269376516324 5.9978787451982489
leaf_count=614 151 43 523 680 36 35
internal_value=0.000109095 -0.00234583 0.00441726 -0.0128851 0.0262396 0.0370657
internal_weight=461.664 423.681 258.781 164.899 37.9836 29.3729
internal_count=2082 1860 1137 723 222 186
is_linear=0
shrinkage=0.04


Tree=49
num_leaves=8
num_cat=0
split_feature=101 37 77 94 42 89 72
split_gain=19.0265 30.0202 24.7175 22.5354 15.2141 17.5596 16.6596
threshold=0.26165959998053662 -0.36411130959596 0.9293063591687073 0.86707840920389401 0.82970972451809522 1.9607889174333295 -0.82164332026367093
decision_type=2 2 2 2 2 2 2
left_child=1 3 -3 -1 5 -2 -6
right_child=4 2 -4 -5 6 -7 -8
leaf_value=0.017186613741710592 0.017776414678918252 -0.021058357695637648 0.03123669916980247 -0.043804688609041992 -0.046191147936254957 -0.02976058992882695 0.01910791703799242
leaf_weight=89.586185611784458 153.36176781356335 160.13960638642311 14.115306444466112 8.9184830188751203 13.102241009473802 11.719645842909811 9.1778212040662748
leaf_count=405 693 728 63 43 56 54 40
internal_value=0.000117364 -0.00660661 -0.0165159 0.0109027 0.00987247 0.0140858 -0.0199343
internal_weight=460.121 272.76 174.255 98.5047 187.361 165.081 22.2801
internal_count=2082 1239 791 448 843 747 96
is_linear=0
shrinkage=0.04


Tree=50
num_leaves=5
num_cat=0
split_feature=78 97 73 102
split_gain=17.6589 15.816 19.8239 17.5784
threshold=2.1983638720002667 0.50072018496154003 0.041066504751433829 0.021273274405146658
decision_type=2 2 2 2
left_child=1 2 -1 -3
right_child=-2 3 -4 -5
leaf_value=-0.0056007166349066571 0.040522180334537576 -0.032712071746156736 0.013176557769411838 0.0066541152293936824
leaf_weight=220.48072521388531 14.670819357037542 46.113934546709061 149.08849231898785 28.205029666423798
leaf_count=957 108 216 675 126
internal_value=0.000102905 -0.00140875 0.0020044 -0.0179892
internal_weight=458.559 443.888 369.569 74.319
internal_count=2082 1974 1632 342
is_linear=0
shrinkage=0.04


Tree=51
num_leaves=7
num_cat=0
split_feature=101 103 59 28 11 78
split_gain=17.6981 17.5878 25.8074 17.5669 16.5344 7.74799
threshold=-0.60400693565772523 -1.4327416769510704 0.082700554765883116 -0.69278560533371458 0.12937878910584039 0.35222159340692966
decision_type=2 2 2 2 2 2
left_child=3 5 -3 -1 -5 -2
right_child=1 2 -4 4 -6 -7
leaf_value=0.028132770707116627 -0.0030914250894110459 0.011069902086013618 -0.010268539883826699 -0.043661410854026618 -0.0021119616313775452 0.04534876820618744
leaf_weight=9.6386259347200376 6.6547592133283642 191.89708545804024 168.38406923413277 34.093395948410034 27.000544756650925 19.763878546655178
leaf_count=42 30 849 747 156 120 138
internal_value=0.000103009 0.00349122 0.00109535 -0.0180072 -0.0259476 0.033788
internal_weight=457.432 386.7 360.281 70.7326 61.0939 26.4186
internal_count=2082 1764 1596 318 276 168
is_linear=0
shrinkage=0.04


Tree=52
num_leaves=6
num_cat=0
split_feature=101 77 28 88 7
split_gain=17.2232 29.543 22.4106 16.3784 10.0129
threshold=0.47818925597794043 1.1675595029428887 -0.69278560533371458 -1.0336864499276783 -0.21197560939470095
decision_type=2 2 2 2 2
left_child=1 2 -1 -2 -5
right_child=3 -3 -4 4 -6
leaf_value=0.022498932035011406 -0.029624661416660474 0.047036109069592727 -0.011607900413974583 0.031006287027068449 0.0074672686994230785
leaf_weight=32.880011007189751 11.993471905589102 14.593506239354609 270.95878460258245 44.671084433794022 80.795422486960888
leaf_count=145 51 84 1226 202 374
internal_value=0.00010391 -0.00500331 -0.00779403 0.0118371 0.0162031
internal_weight=455.892 318.432 303.839 137.46 125.467
internal_count=2082 1455 1371 627 576
is_linear=0
shrinkage=0.04


Tree=53
num_leaves=6
num_cat=0
split_feature=78 84 14 39 103
split_gain=16.2276 17.5519 17.6556 12.7663 8.62344
threshold=1.4789583704600828 0.53656086311835016 -0.5540872282794721 0.53058012562400758 -0.98780768539457908
decision_type=2 2 2 2 2
left_child=1 2 -1 -3 -2
right_child=4 3 -4 -5 -6
leaf_value=-0.015493940527112978 0.041077032837783509 -0.033840621766746126 0.005909464075394593 0.0047746734550799036 0.0023124169048848488
leaf_weight=76.862562924623489 20.348370984196663 41.155029729008675 280.91243049502373 19.410953938961029 16.011727854609489
leaf_count=336 147 191 1248 85 75
internal_value=0.000112681 -0.00216061 0.0012507 -0.0217077 0.025017
internal_weight=454.701 418.341 357.775 60.566 36.3601
internal_count=2082 1860 1584 276 222
is_linear=0
shrinkage=0.04


Tree=54
num_leaves=7
num_cat=0
split_feature=35 101 37 26 88 79
split_gain=17.3516 20.3993 29.1849 17.103 15.5213 7.53826
threshold=-0.96426873391473311 0.47818925597794043 -0.47053309065151305 -1.0733873920585031 -1.0336864499276783 0.68310339579668922
decision_type=2 2 2 2 2 2
left_child=3 2 -2 -1 -3 -5
right_child=1 4 -4 5 -6 -7
leaf_value=-0.025534685852643492 0.01008960843193117 -0.03041913803748925 -0.017680410320599353 0.042431941297606704 0.014656857122688527 0.0017291702403621745
leaf_weight=8.2723227441310865 87.581516079604626 11.712842330336569 186.76725077629089 30.030144885182381 119.70256998389959 9.6479533538222295
leaf_count=38 401 50 860 139 546 48
internal_value=0.0001096 -0.0026167 -0.00880641 0.022361 0.0102435 0.0330927
internal_weight=453.715 405.764 274.349 47.9504 131.415 39.6781
internal_count=2082 1857 1261 225 596 187
is_linear=0
shrinkage=0.04


Tree=55
num_leaves=8
num_cat=0
split_feature=35 14 107 83 77 107 13
split_gain=16.1884 25.1935 21.0348 22.47 20.9142 18.7265 17.3203
threshold=-0.14724734864537833 -0.56693672273119178 -0.026465414890408743 0.47513337454780119 -0.1303208731260839 -0.036183582092443926 0.45176326720617294
decision_type=2 2 2 2 2 2 2
left_child=1 5 6 -4 -3 -1 -2
right_child=2 4 3 -5 -6 -7 -8
leaf_value=-0.054811965799216072 -0.004029276055449108 0.03854312875470204 -0.036617944164033682 0.00030160968513214974 0.0062230224959949464 0.0023311952682638472 0.02702102631195857
leaf_weight=12.993868723511694 129.142005674541 45.253863453865051 56.541430622339249 47.94577618688345 102.59154317528009 23.250192388892174 34.839063569903374
leaf_count=57 581 201 261 217 501 114 150
internal_value=0.000104775 0.00918487 -0.00614335 -0.0199893 0.0164983 -0.0199503 0.00281371
internal_weight=452.558 184.089 268.468 104.487 147.845 36.2441 163.981
internal_count=2082 873 1209 478 702 171 731
is_linear=0
shrinkage=0.04


Tree=56
num_leaves=7
num_cat=0
split_feature=35 97 59 102 26 47
split_gain=15.7242 19.1646 21.2073 18.4534 15.5247 8.50844
threshold=-0.96426873391473311 0.44873731084794216 -0.39285305293132866 0.021273274405146658 -1.0733873920585031 1.0412101798820925
decision_type=2 2 2 2 2 2
left_child=4 2 -2 -3 -1 -6
right_child=1 3 -4 -5 5 -7
leaf_value=-0.024258145510465137 0.015918095136545678 -0.036139281050875563 -0.0054892697771431933 0.0032045502144385641 0.041423974429711477 -0.0016462466790698289
leaf_weight=8.2746507227420789 109.78599084913731 44.998390525579453 217.40773543715477 31.592684507369995 30.050083838403225 9.3248626291751844
leaf_count=38 494 216 1005 142 149 38
internal_value=9.69215e-05 -0.00250331 0.00174679 -0.020242 0.0213447 0.0316375
internal_weight=451.434 403.785 327.194 76.5911 47.6496 39.3749
internal_count=2082 1857 1499 358 225 187
is_linear=0
shrinkage=0.04


Tree=57
num_leaves=5
num_cat=0
split_feature=78 105 28 42
split_gain=15.2318 14.2429 17.2616 11.3885
threshold=2.1983638720002667 -0.49605959455469778 -0.71443236066733307 0.80966557594108612
decision_type=2 2 2 2
left_child=1 3 -3 -1
right_child=-2 2 -4 -5
leaf_value=0.015656557953238052 0.039172245138859238 0.022086105839965269 -0.0084453777602155958 -0.023558710680516643
leaf_weight=97.398984491825104 13.415422923862932 30.965327396988869 296.97046805918217 11.656349465250967
leaf_count=442 108 137 1345 50
internal_value=9.18065e-05 -0.00128094 -0.00544604 0.0111163
internal_weight=450.407 436.991 327.936 109.055
internal_count=2082 1974 1482 492
is_linear=0
shrinkage=0.04


Tree=58
num_leaves=8
num_cat=0
split_feature=36 72 14 28 101 66 40
split_gain=15.0581 27.9255 28.6838 25.8536 19.0734 18.5165 9.26568
threshold=0.34519532945770787 0.18820722095855943 1.3680201976764801 -0.7044775484810385 -0.581334332178013 0.84818937390205962 -0.29852510342805161
decision_type=2 2 2 2 2 2 2
left_child=3 2 -2 6 -3 -5 -1
right_child=1 4 -4 5 -6 -7 -8
leaf_value=0.0080546275713640411 -0.032136213890887076 -0.027412897583410492 0.033967254759213771 -0.0039040364225326474 0.027117618447900428 0.021390062885456921 0.056516173305039108
leaf_weight=10.415214210748674 79.138506963849068 12.131435081362723 10.402859941124914 226.68492621928453 37.018386170268059 56.071090377867222 17.639282181859016
leaf_count=50 356 55 43 1060 162 277 79
internal_value=9.70003e-05 -0.0107718 -0.023882 0.00498477 0.0131125 0.00122684 0.0402581
internal_weight=449.502 138.691 89.5414 310.811 49.1498 282.756 28.0545
internal_count=2082 616 399 1466 217 1337 129
is_linear=0
shrinkage=0.04


Tree=59
num_leaves=5
num_cat=0
split_feature=78 109 42 73
split_gain=14.3455 12.9543 16.6586 15.4603
threshold=2.1983638720002667 0.064682188098176677 -1.0723506695684419 -0.63322948911606247
decision_type=2 2 2 2
left_child=1 3 -3 -1
right_child=-2 2 -4 -5
leaf_value=-0.033884874183031023 0.038611750062406663 0.041304841649703591 -0.011752358614604162 0.0073109506376250102
leaf_weight=13.56767864525318 12.969323046505449 8.0521285533905012 180.03120310604572 233.58048766851425
leaf_count=60 108 37 839 1038
internal_value=0.000108187 -0.00121054 -0.0090702 0.00479557
internal_weight=448.201 435.231 188.083 247.148
internal_count=2082 1974 876 1098
is_linear=0
shrinkage=0.04


Tree=60
num_leaves=8
num_cat=0
split_feature=35 10 66 82 45 96 69
split_gain=14.1966 21.8992 23.6828 20.9339 19.5098 17.6577 16.4767
threshold=-0.14724734864537833 0.028880336825712168 0.84818937390205962 0.13863227097866679 0.18369066204786474 0.7365774837447987 -1.0693008733467697
decision_type=2 2 2 2 2 2 2
left_child=1 3 -3 -1 5 -2 -6
right_child=4 2 -4 -5 6 -7 -8
leaf_value=0.041526988722798856 0.0086773378329787695 -0.016423583497686745 0.025258916091808681 0.0012773227465408515 0.026890507497850252 -0.024726278016636717 -0.024925050511734069
leaf_weight=44.803054466843605 137.28119158744812 70.424491085112095 29.242799527943134 37.26914519071579 9.3466977179050428 28.964319184422493 89.924592278897762
leaf_count=213 618 332 155 173 43 143 405
internal_value=0.00011194 0.00867227 -0.00393746 0.0237147 -0.00576842 0.0026328 -0.0196117
internal_weight=447.256 181.739 99.6673 82.0722 265.517 166.246 99.2713
internal_count=2082 873 487 386 1209 761 448
is_linear=0
shrinkage=0.04


Tree=61
num_leaves=7
num_cat=0
split_feature=36 101 37 88 26 37
split_gain=14.0108 16.951 31.2728 13.9289 10.697 5.99452
threshold=-1.0501389627399362 0.47818925597794043 -0.36411130959596 -1.0336864499276783 -1.0733873920585031 0.88243001855586722
decision_type=2 2 2 2 2 2
left_child=4 2 -2 -3 -1 -6
right_child=1 3 -4 -5 5 -7
leaf_value=-0.016224879453362699 0.0099015167219026236 -0.028926464726385999 -0.017549441997205213 0.014052664929598332 0.050025348376422106 0.010589841716003206
leaf_weight=7.1249737963080397 103.45818165689707 11.532720804214476 178.36334189772606 118.72764399647713 15.419747225940229 11.608222797513006
leaf_count=34 484 50 832 554 74 54
internal_value=0.00011489 -0.0019706 -0.00747329 0.00986759 0.0239949 0.0349848
internal_weight=446.235 412.082 281.822 130.26 34.1529 27.028
internal_count=2082 1920 1316 604 162 128
is_linear=0
shrinkage=0.04


Tree=62
num_leaves=7
num_cat=0
split_feature=78 84 36 13 97 19
split_gain=13.6926 16.2015 16.8737 10.8977 9.702 3.38907
threshold=1.3414888640151241 0.53656086311835016 0.23996381735231201 0.62593508406806697 0.4543150710340777 0.53089321514180676
decision_type=2 2 2 2 2 2
left_child=1 2 -1 -3 5 -2
right_child=4 3 -4 -5 -6 -7
leaf_value=0.009022625810410299 0.043604431064445941 -0.031734604778309645 -0.0085753688067712313 0.0061510579376216901 -0.0054474378410995948 0.0074009860829817291
leaf_weight=194.08326305449009 19.138389699161056 41.627728328108788 154.99168826639652 16.039070591330528 12.9327445179224 6.3053306862711898
leaf_count=884 141 198 688 72 60 39
internal_value=0.000114567 -0.00208108 0.00120466 -0.0213444 0.022336 0.0358259
internal_weight=445.118 406.742 349.075 57.6668 38.3765 25.4437
internal_count=2082 1842 1572 270 240 180
is_linear=0
shrinkage=0.04


Tree=63
num_leaves=7
num_cat=0
split_feature=101 28 73 71 77 76
split_gain=12.9167 16.7832 15.0526 18.4217 9.45181 6.52436
threshold=-0.60400693565772523 -0.7044775484810385 -0.55944178639215159 -0.740378967269952 -0.10762012730352309 0.94673868469142564
decision_type=2 2 2 2 2 2
left_child=1 -1 5 -4 -3 -2
right_child=2 4 3 -5 -6 -7
leaf_value=0.0307989518404982 -0.0036323863386817203 -0.0050837794854173505 0.037733728550895441 0.0027595609942341658 -0.037254501250851994 -0.041095578999022032
leaf_weight=8.9450059086084348 14.404784679412844 26.539194732904434 24.080804958939552 323.06858699768782 32.612548053264618 14.378758534789084
leaf_count=39 63 120 129 1506 159 66
internal_value=0.000114396 -0.0156564 0.00303887 0.00538787 -0.023459 -0.0238011
internal_weight=444.03 68.0967 375.933 347.149 59.1517 28.7835
internal_count=2082 318 1764 1635 279 129
is_linear=0
shrinkage=0.04


Tree=64
num_leaves=7
num_cat=0
split_feature=35 90 59 28 101 11
split_gain=12.9131 17.4824 23.6259 13.8588 9.81722 7.94669
threshold=-0.96426873391473311 0.27945401725578028 -0.39285305293132866 0.81955219223924314 0.59760892838629198 -0.47700971791562441
decision_type=2 2 2 2 2 2
left_child=3 2 -2 5 -3 -1
right_child=1 4 -4 -5 -6 -7
leaf_value=0.00037483439636996652 0.0226773874319318 -0.018425098962560844 -0.0039185793045071315 -0.01080611802993495 0.0060716207856083004 0.045553744784992592
leaf_weight=8.3607815206050891 74.961542665958405 115.74400594830513 173.40516342967749 15.171764731407164 32.587297573685646 22.822336547076702
leaf_count=41 349 548 811 70 149 114
internal_value=0.000106903 -0.0022611 0.00422559 0.0196273 -0.0130342 0.0341931
internal_weight=443.053 396.698 248.367 46.3549 148.331 31.1831
internal_count=2082 1857 1160 225 697 155
is_linear=0
shrinkage=0.04


Tree=65
num_leaves=4
num_cat=0
split_feature=78 77 101
split_gain=12.6821 13.0416 13.5301
threshold=2.1983638720002667 1.9251318488582942 -0.30030806501222124
decision_type=2 2 2
left_child=1 2 -1
right_child=-2 -3 -4
leaf_value=-0.013013985968690576 0.037503879382580881 0.041832536089907127 0.0025096463957965109
leaf_weight=127.16146612167358 12.054271474480627 9.0331150740385038 293.46324472874403
leaf_count=582 108 54 1338
internal_value=0.000110963 -0.00110702 -0.00222277
internal_weight=441.712 429.658 420.625
internal_count=2082 1974 1920
is_linear=0
shrinkage=0.04


Tree=66
num_leaves=7
num_cat=0
split_feature=45 33 65 82 11 59
split_gain=12.5935 29.6444 22.6614 17.7699 16.9396 13.2834
threshold=-0.20459183170846418 0.16387178197975893 -0.68463784299661345 -0.097342764781686297 -0.56186151004917417 -0.40037509062905613
decision_type=2 2 2 2 2 2
left_child=2 3 -1 -2 -4 -3
right_child=1 5 4 -5 -6 -7
leaf_value=0.048535438092050284 0.021310342802339205 -0.0055259120761194961 -0.025173006897476504 -0.0053476600264821894 0.0095706995683231769 -0.032757234080852217
leaf_weight=18.197605229914188 67.617548778653145 53.886937618255615 25.47271691262722 92.628146648406982 121.41119936853647 61.66370402276516
leaf_count=88 324 244 120 449 569 288
internal_value=0.000119947 -0.00509992 0.00879726 0.00602503 0.0032882 -0.020368
internal_weight=440.878 275.796 165.082 160.246 146.884 115.551
internal_count=2082 1305 777 773 689 532
is_linear=0
shrinkage=0.04


Tree=67
num_leaves=7
num_cat=0
split_feature=14 47 35 59 77 40
split_gain=12.7958 21.1707 19.2852 18.4678 18.1276 15.323
threshold=-0.56693672273119178 -0.7485120361234211 -0.14724734864537833 -0.40037509062905613 -0.1303208731260839 1.4759878245535483
decision_type=2 2 2 2 2 2
left_child=1 -1 4 -4 -2 -3
right_child=2 5 3 -5 -6 -7
leaf_value=0.02802572547026088 0.035689449226517185 -0.028004069665942665 0.012270385578872207 -0.012787842510783003 0.0051103690992532792 0.023720479645634104
leaf_weight=14.944286346435545 43.629841268062592 67.822540506720543 69.724600672721863 135.31375923752785 99.511920288205147 8.996968172490595
leaf_count=69 201 309 325 630 501 47
internal_value=0.000117262 -0.013007 0.00363073 -0.00423042 0.0147943 -0.021498
internal_weight=439.944 91.7638 348.18 205.038 143.142 76.8195
internal_count=2082 425 1657 955 702 356
is_linear=0
shrinkage=0.04


Tree=68
num_leaves=7
num_cat=0
split_feature=36 97 45 102 37 70
split_gain=12.1681 13.4001 14.595 11.2268 9.12491 5.8683
threshold=-1.0501389627399362 0.50072018496154003 -0.20459183170846418 0.021273274405146658 0.85791651529592061 0.38061299510030572
decision_type=2 2 2 2 2 2
left_child=4 2 -2 -3 -1 -6
right_child=1 3 -4 -5 5 -7
leaf_value=0.043305668373123531 0.012082507006563468 -0.03152054870261007 -0.0049550272758374985 0.002168930912606878 -0.019160287003418503 0.022104045651675477
leaf_weight=15.376389443874357 125.6151644513011 38.27694483101368 215.74365884810686 25.66989304125309 8.6539593264460581 9.4575285390019399
leaf_count=76 588 196 1018 118 42 44
internal_value=0.000124932 -0.0018329 0.0013484 -0.0183411 0.0225886 0.00244262
internal_weight=438.794 405.306 341.359 63.9468 33.4879 18.1115
internal_count=2082 1920 1606 314 162 86
is_linear=0
shrinkage=0.04


Tree=69
num_leaves=6
num_cat=0
split_feature=66 97 73 38 0
split_gain=12.0514 18.4397 16.1075 7.03126 4.60682
threshold=1.4511031325091286 0.50072018496154003 0.041066504751433829 -0.074069719491243774 -0.15578267315483654
decision_type=2 2 2 2 2
left_child=1 2 -1 -3 -2
right_child=4 3 -4 -5 -6
leaf_value=-0.0049358102221895616 0.042479570456578637 -0.0043555023337516008 0.012393039274960545 -0.032187855217033372 0.007109078802492938
leaf_weight=212.23802433907986 11.850812144577505 24.504440188407898 141.25802900642157 36.37858035415411 11.934044793248175
leaf_count=978 59 118 684 182 61
internal_value=0.000124123 -0.00151977 0.00201961 -0.0214806 0.0266604
internal_weight=438.164 414.379 353.496 60.883 23.7849
internal_count=2082 1962 1662 300 120
is_linear=0
shrinkage=0.04


Tree=70
num_leaves=5
num_cat=0
split_feature=78 45 33 65
split_gain=11.8931 12.4529 22.8211 21.5967
threshold=2.1983638720002667 -0.20459183170846418 0.16387178197975893 -0.68463784299661345
decision_type=2 2 2 2
left_child=1 3 -3 -1
right_child=-2 2 -4 -5
leaf_value=0.047027095783620201 0.03692466558640066 0.0038364583918419769 -0.019690327000622329 0.0022507687852533109
leaf_weight=17.646560035645962 11.61614206433296 151.4990801513195 114.12864854931831 142.39065571129322
leaf_count=86 108 701 527 660
internal_value=0.000122846 -0.00104944 -0.00634358 0.00770755
internal_weight=437.281 425.665 265.628 160.037
internal_count=2082 1974 1228 746
is_linear=0
shrinkage=0.04


Tree=71
num_leaves=7
num_cat=0
split_feature=14 47 35 77 59 70
split_gain=11.5491 19.775 17.1427 17.1388 16.9602 14.169
threshold=-0.56693672273119178 -0.7485120361234211 -0.14724734864537833 -0.1303208731260839 -0.40037509062905613 0.5967480732083037
decision_type=2 2 2 2 2 2
left_child=1 -1 3 -2 -4 -3
right_child=2 5 4 -5 -6 -7
leaf_value=0.027347172011838925 0.034542923549654637 -0.028098357711637555 0.011898310852818462 0.00464074489874224 -0.012179627206226441 0.016716721150835907
leaf_weight=14.855633124709128 42.992707461118698 63.86750666052103 69.381684005260468 98.772945307195187 134.41152976453304 12.230039626359938
leaf_count=69 201 301 325 501 630 55
internal_value=0.000131777 -0.0123926 0.00348062 0.0140635 -0.00394629 -0.0206522
internal_weight=436.512 90.9532 345.559 141.766 203.793 76.0975
internal_count=2082 425 1657 702 955 356
is_linear=0
shrinkage=0.04


Tree=72
num_leaves=7
num_cat=0
split_feature=78 106 76 97 17 104
split_gain=11.4002 13.2014 14.6942 8.62251 3.45892 1.73533
threshold=1.3414888640151241 1.1749481903973653 0.20667754065923352 0.4543150710340777 0.53089321514180676 0.38904695168057818
decision_type=2 2 2 2 2 2
left_child=1 2 -1 4 -2 -3
right_child=3 5 -4 -5 -6 -7
leaf_value=0.0050668732237684408 0.042378368764776325 -0.013682618314820257 -0.011844979789748893 -0.0053502304092567631 0.005762592365455811 -0.04306344697859233
leaf_weight=263.23407956957817 17.768049456179146 7.8492221832275417 117.12113058567047 12.659967601299284 6.1012262031435958 10.635100379586218
leaf_count=1206 141 39 540 60 39 57
internal_value=0.000137261 -0.00186098 -0.000175439 0.0209189 0.0341881 -0.0331412
internal_weight=435.369 398.84 380.355 36.5292 23.8693 18.4843
internal_count=2082 1842 1746 240 180 96
is_linear=0
shrinkage=0.04


Tree=73
num_leaves=6
num_cat=0
split_feature=66 97 73 38 0
split_gain=11.1739 16.7674 14.4677 6.59013 4.35814
threshold=1.4511031325091286 0.50072018496154003 0.041066504751433829 -0.074069719491243774 -0.15578267315483654
decision_type=2 2 2 2 2
left_child=1 2 -1 -3 -2
right_child=4 3 -4 -5 -6
leaf_value=-0.00468335013247052 0.041331918094501728 -0.0040460570300441161 0.011807902122482523 -0.031113480404551867 0.0067654638161874807
leaf_weight=210.9246174916625 11.666877664625646 24.360053807497025 139.8757406398654 35.721089631319046 11.820405773818491
leaf_count=978 59 118 684 182 61
internal_value=0.000128665 -0.00145861 0.00192192 -0.0206228 0.0258317
internal_weight=434.369 410.882 350.8 60.0811 23.4873
internal_count=2082 1962 1662 300 120
is_linear=0
shrinkage=0.04


Tree=74
num_leaves=5
num_cat=0
split_feature=77 101 28 4
split_gain=11.0304 13.0594 16.78 13.6533
threshold=1.9251318488582942 0.26165959998053662 -0.74881333106264858 -0.21742435270631996
decision_type=2 2 2 2
left_child=1 2 -1 -3
right_child=-2 3 -4 -5
leaf_value=0.026999356378349288 0.040580437701793662 0.021613080885760638 -0.0098804010679215126 -0.0011815757533766001
leaf_weight=19.667657122015953 8.5249081403017026 65.33029730618 228.54970481991768 111.42811805009842
leaf_count=92 54 307 1096 533
internal_value=0.000127177 -0.000870587 -0.00676576 0.00739093
internal_weight=433.501 424.976 248.217 176.758
internal_count=2082 2028 1188 840
is_linear=0
shrinkage=0.04


Tree=75
num_leaves=5
num_cat=0
split_feature=78 45 33 79
split_gain=10.8413 11.9847 20.6803 14.9278
threshold=2.1983638720002667 -0.20459183170846418 0.16387178197975893 -0.28923668046046896
decision_type=2 2 2 2
left_child=1 3 -3 -1
right_child=-2 2 -4 -5
leaf_value=0.02447616497623898 0.036131699931384167 0.0035616668203354296 -0.018932064928289975 -0.0011678176121478572
leaf_weight=53.370649844408035 10.989750191569327 150.0335688740015 113.22201343625784 105.06840746849775
leaf_count=255 108 701 527 491
internal_value=0.000137269 -0.000966906 -0.00618233 0.00766786
internal_weight=432.684 421.695 263.256 158.439
internal_count=2082 1974 1228 746
is_linear=0
shrinkage=0.04


Tree=76
num_leaves=6
num_cat=0
split_feature=73 45 25 109 20
split_gain=10.483 12.1842 21.7639 15.1144 3.08479
threshold=-0.63322948911606247 -0.20459183170846418 0.13261421080242783 0.26199419764246368 0.15271141808926861
decision_type=2 2 2 2 2
left_child=4 3 -3 -2 -1
right_child=1 2 -4 -5 -6
leaf_value=-0.0089046980534363412 0.019906883018820671 0.0063175286167878918 -0.016865291540083788 -0.0057017928286004537 -0.04297945567391228
leaf_weight=9.2107059210538882 96.21981318295002 147.29552300646901 112.63698052614927 57.87143387645483 8.7691167294979078
leaf_count=40 443 734 524 297 44
internal_value=0.000140528 0.00149912 -0.00378039 0.0103393 -0.0281623
internal_weight=432.004 414.024 259.933 154.091 17.9798
internal_count=2082 1998 1258 740 84
is_linear=0
shrinkage=0.04


Tree=77
num_leaves=7
num_cat=0
split_feature=14 47 35 77 59 46
split_gain=10.8828 18.5049 15.0949 16.2075 15.7754 13.586
threshold=-0.56693672273119178 -0.7485120361234211 -0.14724734864537833 -0.1303208731260839 -0.40037509062905613 -0.94440741386565596
decision_type=2 2 2 2 2 2
left_child=1 -1 3 -2 -4 -3
right_child=2 5 4 -5 -6 -7
leaf_value=0.026566110054492158 0.033500496784809965 0.021809211136994095 0.01172027247291726 0.0041990539642278021 -0.011599723168912128 -0.026500369069065461
leaf_weight=14.661080986261366 42.242429420351982 9.2525531500577909 68.884916365146637 97.411209061741829 132.83964336663485 65.912344314157963
leaf_count=69 201 46 325 501 630 310
internal_value=0.000126018 -0.0121063 0.00339644 0.01341 -0.00359953 -0.0201425
internal_weight=431.204 89.826 341.378 139.654 201.725 75.1649
internal_count=2082 425 1657 702 955 356
is_linear=0
shrinkage=0.04


Tree=78
num_leaves=7
num_cat=0
split_feature=101 53 28 4 38 76
split_gain=10.2981 19.0138 16.6945 11.5356 16.4226 10.5954
threshold=0.47818925597794043 0.75000000000000011 -0.69278560533371458 -0.21742435270631996 0.63418276179143318 0.2754510451834718
decision_type=2 2 2 2 2 2
left_child=1 2 -1 5 -5 -2
right_child=3 -3 -4 4 -6 -7
leaf_value=0.020782264102333272 0.043532888427941521 0.042477320665506441 -0.0094435468885270667 -0.0082413972443881288 0.030672883644390667 0.0025020147422364653
leaf_weight=31.049881398677826 22.760202646255493 11.521319009363649 257.59980271011591 68.831902742385864 20.985586490482092 17.40558759868145
leaf_count=145 108 78 1232 334 103 82
internal_value=0.000132764 -0.0039393 -0.00607154 0.0094536 0.00132089 0.0267145
internal_weight=430.154 300.171 288.65 129.983 89.8175 40.1658
internal_count=2082 1455 1377 627 437 190
is_linear=0
shrinkage=0.04


Tree=79
num_leaves=7
num_cat=0
split_feature=78 84 94 13 97 51
split_gain=10.3296 12.4816 13.0537 11.1006 7.89315 3.62115
threshold=1.3414888640151241 0.4775321315082936 0.64539587898710371 0.62593508406806697 0.4543150710340777 0.99585268158295503
decision_type=2 2 2 2 2 2
left_child=1 2 -1 -3 5 -2
right_child=4 3 -4 -5 -6 -7
leaf_value=0.0051903850282119905 0.041869439780718214 -0.026667208126927484 -0.015735861552193087 0.0087960368751551447 -0.0050090150793017183 0.0045927537120659693
leaf_weight=270.00677029043436 16.947675909847025 49.470342501997948 55.851561136543751 18.331892043352127 12.478664837777613 6.0333162993192664
leaf_count=1239 139 240 279 84 60 41
internal_value=0.000151803 -0.00174962 0.00152955 -0.0171016 0.0202271 0.0332342
internal_weight=429.12 393.661 325.858 67.8022 35.4597 22.981
internal_count=2082 1842 1518 324 240 180
is_linear=0
shrinkage=0.04


Tree=80
num_leaves=7
num_cat=0
split_feature=14 47 35 45 46 59
split_gain=10.0856 16.8538 14.0456 15.4258 12.747 12.3617
threshold=-0.56693672273119178 -0.7485120361234211 -0.14724734864537833 -0.1988658004362451 -0.94440741386565596 -0.021577388182457708
decision_type=2 2 2 2 2 2
left_child=1 -1 5 -4 -3 -2
right_child=2 4 3 -5 -6 -7
leaf_value=0.025449440977383428 0.02844125277745535 0.021339966685200659 0.0098486238740773772 -0.01252430937934991 -0.025551798341472868 0.0037822440891087218
leaf_weight=14.481573544442652 50.261073358356953 9.2050608396530134 81.213389702141285 119.30339378863573 65.394154109060764 88.105651132762432
leaf_count=69 246 46 389 566 310 456
internal_value=0.000148823 -0.0116762 0.00330749 -0.00345504 -0.0193595 0.0130171
internal_weight=427.964 89.0808 338.884 200.517 74.5992 138.367
internal_count=2082 425 1657 955 356 702
is_linear=0
shrinkage=0.04


Tree=81
num_leaves=6
num_cat=0
split_feature=106 103 14 73 77
split_gain=10.0613 13.127 12.7528 3.6768 1.74844
threshold=1.1749481903973653 -1.5660566329735179 1.430061108383571 0.30238287539015646 0.279877177455367
decision_type=2 2 2 2 2
left_child=1 4 -3 -2 -1
right_child=3 2 -4 -5 -6
leaf_value=0.010271354141936154 -0.040086554811251618 -0.0015239009548854757 0.032555037812928289 -0.0062700230294790793 0.043569089725363289
leaf_weight=5.0586799457669249 10.740891605615618 374.21169760078192 16.429955288767815 10.09683310985565 10.693631850183008
leaf_count=27 57 1772 73 57 96
internal_value=0.000152936 0.00159706 6.79462e-05 -0.025685 0.0352378
internal_weight=427.232 406.394 390.642 20.8377 15.7523
internal_count=2082 1968 1845 114 123
is_linear=0
shrinkage=0.04


Tree=82
num_leaves=6
num_cat=0
split_feature=66 97 77 38 39
split_gain=10.0051 14.4802 13.9796 6.32159 3.63973
threshold=1.4511031325091286 0.50072018496154003 -0.80163884909714389 -0.074069719491243774 0.65172069053798376
decision_type=2 2 2 2 2
left_child=1 2 -1 -3 -2
right_child=4 3 -4 -5 -6
leaf_value=-0.025002043355180126 0.0081240227547133004 -0.0030983353304671426 0.0041866078814271372 -0.029781577407518755 0.040355019788244545
leaf_weight=26.606678441166878 12.61112789809704 23.962395846843719 318.27802383899689 34.816642850637436 10.359972838312386
leaf_count=120 68 118 1542 182 52
internal_value=0.000154545 -0.00135887 0.00180363 -0.0193635 0.0247281
internal_weight=426.635 403.664 344.885 58.779 22.9711
internal_count=2082 1962 1662 300 120
is_linear=0
shrinkage=0.04


Tree=83
num_leaves=7
num_cat=0
split_feature=36 39 36 14 26 37
split_gain=9.9337 11.6569 21.388 18.8613 9.11833 4.95509
threshold=-1.0501389627399362 -0.25633086673860322 0.4468770281045456 1.1639585414372213 -1.0733873920585031 0.88243001855586722
decision_type=2 2 2 2 2 2
left_child=4 2 -2 -3 -1 -6
right_child=1 3 -4 -5 5 -7
leaf_value=-0.016539925174184379 0.016025123577354364 -0.010687128218857594 -0.018925204764501699 0.024225064058812196 0.045574297188380693 0.0089390495348774107
leaf_weight=6.887917533516883 109.41331093013287 222.68186269700527 35.579437859356403 25.922970026731491 14.307157933712007 11.129624158143995
leaf_count=34 534 1100 166 120 74 54
internal_value=0.000147208 -0.00164449 0.00730794 -0.00688242 0.0207882 0.031365
internal_weight=425.922 393.598 144.993 248.605 32.3247 25.4368
internal_count=2082 1920 700 1220 162 128
is_linear=0
shrinkage=0.04


Tree=84
num_leaves=6
num_cat=0
split_feature=73 101 77 42 27
split_gain=9.75022 10.9954 17.5493 11.4011 2.88286
threshold=-0.63322948911606247 0.60688622023792316 1.1675595029428887 0.11272815965204375 0.19481973558866914
decision_type=2 2 2 2 2
left_child=4 2 -2 -3 -1
right_child=1 3 -4 -5 -6
leaf_value=-0.0087370083906326852 -0.0043767391185573446 0.027528653164157722 0.040138189998363487 0.00055755130218297937 -0.041939477537915104
leaf_weight=9.1766513884067553 295.37689400464296 44.325341705232859 12.88466754555702 54.855425074696541 8.5074813961982709
leaf_count=40 1419 232 87 260 44
internal_value=0.000151121 0.00147243 -0.00226937 0.0129172 -0.0273484
internal_weight=425.126 407.442 308.262 99.1808 17.6841
internal_count=2082 1998 1506 492 84
is_linear=0
shrinkage=0.04


Tree=85
num_leaves=7
num_cat=0
split_feature=78 85 94 33 25 59
split_gain=9.48381 11.3665 12.972 12.0525 7.56923 9.88147
threshold=1.3414888640151241 0.34382807214976085 0.64539587898710371 -0.65670929688012725 -0.47148847685520195 1.0137484373913914
decision_type=2 2 2 2 2 2
left_child=1 2 -1 -3 5 -2
right_child=4 3 -4 -5 -6 -7
leaf_value=0.0043997477348578081 0.03136633384923055 0.014703590098359214 -0.016716560615815484 -0.029543551274694223 0.04123205612333835 -0.019060553483013255
leaf_weight=286.21388983726501 9.2839209474623221 11.657880723476408 53.518401704728603 38.406373798847198 13.21377109736204 11.900722168385981
leaf_count=1320 89 50 279 193 90 61
internal_value=0.000148614 -0.00166652 0.000994907 -0.0190712 0.0196787 0.00383788
internal_weight=424.195 389.797 339.732 50.0643 34.3984 21.1846
internal_count=2082 1842 1599 243 240 150
is_linear=0
shrinkage=0.04


Tree=86
num_leaves=5
num_cat=0
split_feature=109 13 36 40
split_gain=9.51121 10.9659 16.8847 15.0091
threshold=-1.0691488331937276 -0.24726625646220854 0.36501604170198415 0.065844542987677793
decision_type=2 2 2 2
left_child=-1 2 -2 -3
right_child=1 3 -4 -5
leaf_value=-0.03199808879563612 0.018735590413517904 -0.015615332104751191 -0.012301121483888251 0.0037212977990020496
leaf_weight=12.236283659934996 101.00179391354322 99.490711662918329 36.955240339040756 173.37562439963222
leaf_count=54 501 491 173 863
internal_value=0.000147947 0.00125579 0.0103647 -0.00339142
internal_weight=423.06 410.823 137.957 272.866
internal_count=2082 2028 674 1354
is_linear=0
shrinkage=0.04


Tree=87
num_leaves=7
num_cat=0
split_feature=36 101 37 4 26 37
split_gain=9.19147 10.563 22.1873 10.1489 8.72098 4.71171
threshold=-1.0501389627399362 0.47818925597794043 -0.36411130959596 -0.21742435270631996 -1.0733873920585031 0.88243001855586722
decision_type=2 2 2 2 2 2
left_child=4 2 -2 -3 -1 -6
right_child=1 3 -4 -5 5 -7
leaf_value=-0.016493782104529991 0.0090532987114728021 0.025075896585503032 -0.01474959015635818 0.00042623722158561481 0.04448121690095027 0.0086434352399134672
leaf_weight=6.8323336839675894 97.102911226451397 36.524779953062534 169.3290814012289 87.485671792179346 14.086306836456062 11.093258418142794
leaf_count=34 484 175 832 429 74 54
internal_value=0.000135211 -0.00159422 -0.00607165 0.00796907 0.0200821 0.0304902
internal_weight=422.454 390.442 266.432 124.01 32.0119 25.1796
internal_count=2082 1920 1316 604 162 128
is_linear=0
shrinkage=0.04


Tree=88
num_leaves=6
num_cat=0
split_feature=84 106 14 42 3
split_gain=9.23016 12.4678 11.9849 9.75718 6.22465
threshold=0.96634658939994311 0.94663168444450241 -0.56693672273119178 -0.13106680482032199 0.36570816729334293
decision_type=2 2 2 2 2
left_child=1 2 -1 -2 -3
right_child=3 4 -4 -5 -6
leaf_value=-0.012429103688294431 0.046100322933368937 -0.03534495494527426 0.0047439196235924278 -0.0114574515491638 0.0026243417126121061
leaf_weight=81.592091493308544 11.535570099949839 22.052144430577759 290.81670835241675 6.2028692364692679 9.3238714635372144
leaf_count=386 78 117 1411 36 54
internal_value=0.000141031 -0.00115894 0.000935139 0.0268517 -0.0245807
internal_weight=421.523 403.785 372.409 17.7384 31.376
internal_count=2082 1968 1797 114 171
is_linear=0
shrinkage=0.04


Tree=89
num_leaves=6
num_cat=0
split_feature=66 97 109 14 0
split_gain=9.10542 12.8435 12.0009 5.84672 4.24233
threshold=1.4511031325091286 0.50072018496154003 -0.99168855429857194 0.49659065416981457 -0.15578267315483654
decision_type=2 2 2 2 2
left_child=1 2 -1 -3 -2
right_child=4 3 -4 -5 -6
leaf_value=-0.028855189462551622 0.03947698907903667 -0.011570972258931249 0.0034905051069623935 -0.043749261198924839 0.0050209855950706433
leaf_weight=17.455784440040588 11.049989532679321 47.642732910811901 323.36903615295887 10.009039200842379 11.365615528076885
leaf_count=78 59 245 1584 55 61
internal_value=0.000134274 -0.00131218 0.00167521 -0.018437 0.0238488
internal_weight=420.892 398.477 340.825 57.6518 22.4156
internal_count=2082 1962 1662 300 120
is_linear=0
shrinkage=0.04


Tree=90
num_leaves=8
num_cat=0
split_feature=67 59 26 106 16 14 102
split_gain=8.91554 16.8723 15.8269 14.5286 10.206 12.7075 10.0048
threshold=0.71225800388867366 -0.39285305293132866 0.86103134151002136 0.40464271764449072 -0.10557307903742059 -0.093126733937449857 0.021273274405146658
decision_type=2 2 2 2 2 2 2
left_child=1 2 -1 -3 6 -6 -2
right_child=4 3 -4 -5 5 -7 -8
leaf_value=0.013741543899126447 0.0069297752358228682 -0.0036911192682038273 -0.034189602583325637 -0.028065518861525553 -0.043450581291435732 0.010084837950505757 0.040406964118763489
leaf_weight=108.77005125582218 36.757780563086271 163.80994567647576 10.327866211533545 49.736868232488632 8.642464607954027 19.66308069601655 22.505122400820255
leaf_count=526 199 783 47 252 48 115 112
internal_value=0.000121806 -0.00287881 0.00908906 -0.00957586 0.01133 -0.00804977 0.0205469
internal_weight=420.213 332.645 119.098 213.547 87.5684 28.3055 59.2629
internal_count=2082 1608 573 1035 474 163 311
is_linear=0
shrinkage=0.04


Tree=91
num_leaves=6
num_cat=0
split_feature=73 45 25 65 27
split_gain=9.09448 11.0609 17.2242 16.2903 2.73644
threshold=-0.63322948911606247 -0.20459183170846418 0.13261421080242783 -0.68463784299661345 0.19481973558866914
decision_type=2 2 2 2 2
left_child=4 3 -3 -2 -1
right_child=1 2 -4 -5 -6
leaf_value=-0.0084892275441207244 0.04525774513341338 0.0054520725380877242 -0.015467165199770077 0.0049891472898373193 -0.041009568410240532
leaf_weight=9.1339525580406207 16.398418560624123 142.38790782913566 109.88410327211022 133.15893159434199 8.3136492744088155
leaf_count=40 87 734 524 653 44
internal_value=0.000109679 0.00139584 -0.00370987 0.00994342 -0.0266088
internal_weight=419.277 401.829 252.272 149.557 17.4476
internal_count=2082 1998 1258 740 84
is_linear=0
shrinkage=0.04


Tree=92
num_leaves=7
num_cat=0
split_feature=95 46 59 66 14 42
split_gain=8.90109 13.0178 12.7103 18.8607 16.8929 4.23801
threshold=-1.039000259932402 -0.13329453611910405 -0.39285305293132866 0.8321514221095706 -0.56693672273119178 -0.19151052717312808
decision_type=2 2 2 2 2 2
left_child=1 -1 4 -4 -2 -3
right_child=2 5 3 -5 -6 -7
leaf_value=0.017767069937952264 -0.01134232021372357 -0.0053803289690628302 -0.0077624694225170718 0.017395422373198067 0.024388321089396009 -0.039254641909742878
leaf_weight=11.06255094707012 28.405181981623173 8.8761673569679278 218.99938698858023 58.823613699525595 71.171095184981823 21.235761493444443
leaf_count=57 129 42 1089 312 348 105
internal_value=0.000103812 -0.0171061 0.0020617 -0.00234952 0.0141731 -0.0302264
internal_weight=418.574 41.1745 377.399 277.823 99.5763 30.1119
internal_count=2082 204 1878 1401 477 147
is_linear=0
shrinkage=0.04


Tree=93
num_leaves=5
num_cat=0
split_feature=78 28 36 45
split_gain=8.65258 9.21257 24.2125 13.7727
threshold=2.1983638720002667 -0.68695583155951134 0.46108538180170638 -0.1988658004362451
decision_type=2 2 2 2
left_child=1 2 -1 -3
right_child=-2 3 -4 -5
leaf_value=0.034062938138455692 0.034252334191577756 0.0066016584155168699 -0.02722820514396786 -0.0092481791954266545
leaf_weight=31.875038415193558 9.5437929444015008 143.13707251101732 13.091525703668593 220.1806185990572
leaf_count=159 108 698 57 1060
internal_value=9.94437e-05 -0.00086197 0.0158191 -0.00300183
internal_weight=417.828 408.284 44.9666 363.318
internal_count=2082 1974 216 1758
is_linear=0
shrinkage=0.04


Tree=94
num_leaves=6
num_cat=0
split_feature=10 42 35 39 47
split_gain=8.48431 11.9107 11.2212 12.311 10.5531
threshold=1.7611540646355515 0.089997259844344618 -0.96426873391473311 -0.25633086673860322 0.38142186104527193
decision_type=2 2 2 2 2
left_child=2 -2 4 -4 -1
right_child=1 -3 3 -5 -6
leaf_value=0.033891207240377808 -0.0079807281735645649 0.044179246201808992 0.005671934191710859 -0.0095556392396591479 -0.0081940336691661061
leaf_weight=23.94164365530014 11.590683475136759 13.88431518524885 137.29337321966887 216.48055947944522 14.034638278186319
leaf_count=132 59 69 673 1081 68
internal_value=0.00010362 0.0215939 -0.00139645 -0.00364742 0.0187062
internal_weight=417.225 25.475 391.75 353.774 37.9763
internal_count=2082 128 1954 1754 200
is_linear=0
shrinkage=0.04


Tree=95
num_leaves=7
num_cat=0
split_feature=101 28 14 36 36 77
split_gain=8.55097 14.3717 11.0145 13.7483 9.3472 8.50251
threshold=-0.60400693565772523 -0.7044775484810385 1.2501350553569475 0.42306473173706444 0.31610362912840656 -0.10762012730352309
decision_type=2 2 2 2 2 2
left_child=1 -1 3 -2 -4 -3
right_child=2 5 4 -5 -6 -7
leaf_value=0.030104831392665097 0.0051984189826727442 -0.0029420389122355312 -0.0044315834449051676 -0.013701872299614433 0.044732110212128758 -0.034361657179725218
leaf_weight=8.6932733580470067 248.92142927274108 24.796992093324661 9.1168441623449343 79.609106354415417 15.286527946591375 30.20749768614769
leaf_count=39 1280 120 44 370 70 159
internal_value=0.000111251 -0.0131454 0.00256441 0.000563328 0.0274207 -0.0207973
internal_weight=416.632 63.6978 352.934 328.531 24.4034 55.0045
internal_count=2082 318 1764 1650 114 279
is_linear=0
shrinkage=0.04


Tree=96
num_leaves=5
num_cat=0
split_feature=109 109 53 42
split_gain=8.42824 9.63678 15.7804 12.6403
threshold=-1.1285401472133916 0.064682188098176677 0.58333333333333337 -1.3069892256940363
decision_type=2 2 2 2
left_child=-1 3 -3 -2
right_child=1 2 -4 -5
leaf_value=-0.033084474475399347 -0.035389701244749196 -0.011270467026970607 0.019117009462491733 0.0086022744801933348
leaf_weight=9.8911664336919767 9.0225017070770246 148.38261050358415 31.527106169611216 217.01127014309168
leaf_count=45 39 759 195 1044
internal_value=0.000111419 0.0010785 -0.00579378 0.00655128
internal_weight=415.835 405.943 179.91 226.034
internal_count=2082 2037 954 1083
is_linear=0
shrinkage=0.04


Tree=97
num_leaves=6
num_cat=0
split_feature=73 45 61 65 20
split_gain=8.28586 9.75719 16.0965 14.7493 2.85058
threshold=-0.63322948911606247 -0.20459183170846418 -1.1130422378517604 -0.68463784299661345 0.13314643267735501
decision_type=2 2 2 2 2
left_child=4 3 -3 -2 -1
right_child=1 2 -4 -5 -6
leaf_value=-0.0071941407391353683 0.043553976271655234 0.034617924218463818 -0.0061314592531670088 0.004712014453979666 -0.040158311272020353
leaf_weight=8.9108346849679965 15.851587951183317 14.611727088689802 235.18509671837091 132.31544355675578 8.2636671811342222
leaf_count=39 87 97 1161 653 45
internal_value=9.71167e-05 0.00132806 -0.00349181 0.00939223 -0.0255895
internal_weight=415.138 397.964 249.797 148.167 17.1745
internal_count=2082 1998 1258 740 84
is_linear=0
shrinkage=0.04


Tree=98
num_leaves=7
num_cat=0
split_feature=95 61 101 28 26 27
split_gain=7.94447 12.354 16.9017 15.5094 11.4685 7.535
threshold=-1.039000259932402 0.2737149961991327 -0.30030806501222124 0.71552982219175931 -0.25322291469744912 0.59585270622211439
decision_type=2 2 2 2 2 2
left_child=4 2 -2 -3 -1 -6
right_child=1 3 -4 -5 5 -7
leaf_value=0.015095600675438071 -0.020460665032655881 0.022128163391720693 0.0029712028945139872 -0.015304960771684592 -0.041102574231795572 0.0029149267623786381
leaf_weight=11.904210343956946 61.921501450240612 77.582071743905544 213.04225593805313 21.230151072144508 20.742658041417602 8.2187711223959905
leaf_count=61 312 390 1080 96 102 41
internal_value=9.94233e-05 0.00196001 -0.00241527 0.0139414 -0.0162158 -0.0292297
internal_weight=414.642 373.776 274.964 98.8122 40.8656 28.9614
internal_count=2082 1878 1392 486 204 143
is_linear=0
shrinkage=0.04


Tree=99
num_leaves=6
num_cat=0
split_feature=84 106 14 45 6
split_gain=8.08441 10.5885 10.3854 7.69384 6.16248
threshold=0.96634658939994311 0.94663168444450241 -0.56693672273119178 0.20636611849027495 0.37073768156073028
decision_type=2 2 2 2 2
left_child=1 2 -1 -2 -3
right_child=3 4 -4 -5 -6
leaf_value=-0.011707858489419612 0.050881229139536299 -0.03397485329942921 0.0043869511649165978 0.00018769807670485474 0.0040384398217090441
leaf_weight=80.56088662147522 7.5550935976207283 21.299571186304096 285.69343907386065 9.6358509138226491 9.0955328419804555
leaf_count=386 52 117 1411 62 54
internal_value=8.91062e-05 -0.00113208 0.000802396 0.0254474 -0.0230526
internal_weight=413.84 396.649 366.254 17.1909 30.3951
internal_count=2082 1968 1797 114 171
is_linear=0
shrinkage=0.04


Tree=100
num_leaves=5
num_cat=0
split_feature=35 10 39 28
split_gain=8.21958 8.62339 11.4303 10.2565
threshold=-1.296145179411446 1.7611540646355515 -0.25633086673860322 1.2108099809059527
decision_type=2 2 2 2
left_child=-1 2 -2 -3
right_child=1 3 -4 -5
leaf_value=0.030375663972650332 0.00646720593839205 0.038341039326946609 -0.0078320333554181606 -0.013680371330204848
leaf_weight=11.859833173453806 141.39495743438601 15.962720781564714 236.15022639557719 7.8900284171104422
leaf_count=63 704 81 1194 40
internal_value=8.80801e-05 -0.000952969 -0.00247095 0.0214062
internal_weight=413.258 401.398 377.545 23.8527
internal_count=2082 2019 1898 121
is_linear=0
shrinkage=0.04


Tree=101
num_leaves=6
num_cat=0
split_feature=103 109 66 109 78
split_gain=8.12228 9.0005 10.8377 10.2221 5.76506
threshold=-1.5660566329735179 0.064682188098176677 0.8321514221095706 -1.0691488331937276 0.35222159340692966
decision_type=2 2 2 2 2
left_child=4 3 -3 -2 -1
right_child=1 2 -4 -5 -6
leaf_value=-0.0059816700090059597 -0.029463476988094019 -0.01429688540452353 0.0087284616388068424 0.0059945733202537042 0.040101954726107385
leaf_weight=5.7511683851480511 11.847518146038054 121.23920533433557 42.993835009634495 219.61594500392675 11.331888645887373
leaf_count=30 54 624 213 1047 114
internal_value=9.53688e-05 -0.00112828 -0.00823669 0.00394279 0.0255866
internal_weight=412.78 395.697 164.233 231.463 17.0831
internal_count=2082 1938 837 1101 144
is_linear=0
shrinkage=0.04


Tree=102
num_leaves=6
num_cat=0
split_feature=73 45 33 101 20
split_gain=7.79872 9.11416 16.0937 12.6621 2.77643
threshold=-0.63322948911606247 -0.20459183170846418 0.056835389436475862 -1.1075182262661469 0.13314643267735501
decision_type=2 2 2 2 2
left_child=4 3 -3 -2 -1
right_child=1 2 -4 -5 -6
leaf_value=-0.006854359819917044 -0.034028250199743017 0.0061053457001618919 -0.014163279964720461 0.012143686192781595 -0.039444436757294386
leaf_weight=8.8728236556053179 8.2804636508226377 132.40800131857395 115.64655687659979 138.63528542965651 8.1240970939397794
leaf_count=39 39 694 564 701 45
internal_value=9.29668e-05 0.00129065 -0.00338188 0.00911928 -0.0249443
internal_weight=411.967 394.97 248.055 146.916 16.9969
internal_count=2082 1998 1258 740 84
is_linear=0
shrinkage=0.04


Tree=103
num_leaves=7
num_cat=0
split_feature=71 73 101 108 28 13
split_gain=7.67228 10.6873 15.6667 15.1238 9.63038 0.386968
threshold=-0.83725215962476585 0.041066504751433829 0.26165959998053662 -0.26397022997030595 -0.21009436766807363 -0.61046359874740086
decision_type=2 2 2 2 2 2
left_child=4 2 -2 -3 5 -1
right_child=1 3 -4 -5 -6 -7
leaf_value=0.020949166782638525 -0.017560075749489774 0.023112759840330784 0.0046761901832956063 -0.001748128505275741 -0.010198324173256768 0.047878367962635164
leaf_weight=6.8573137074708939 111.50966456905007 53.433606773614883 90.381355725228786 132.45086177811027 8.9639230221509916 7.8578712344169634
leaf_count=37 546 282 423 696 54 44
internal_value=7.41538e-05 -0.00132143 -0.00765725 0.00556824 0.0212515 0.0393374
internal_weight=411.455 387.775 201.891 185.884 23.6791 14.7152
internal_count=2082 1947 969 978 135 81
is_linear=0
shrinkage=0.04


Tree=104
num_leaves=6
num_cat=0
split_feature=103 28 36 73 78
split_gain=7.63164 8.86253 22.3687 14.3865 5.51047
threshold=-1.5660566329735179 -0.68695583155951134 0.46108538180170638 0.041066504751433829 0.35222159340692966
decision_type=2 2 2 2 2
left_child=4 2 -2 -3 -1
right_child=1 3 -4 -5 -6
leaf_value=-0.0057674335594429648 0.033295596009785808 -0.011019432859366962 -0.026073892157753419 0.0051312632606734365 0.039552513457823631
leaf_weight=5.7316190376877811 30.993704207241535 181.13410160690546 12.939930960536001 168.61247178167105 10.974983427673576
leaf_count=30 158 855 57 868 114
internal_value=8.49399e-05 -0.00109577 0.0154354 -0.00324829 0.0250501
internal_weight=410.387 393.68 43.9336 349.747 16.7066
internal_count=2082 1938 215 1723 144
is_linear=0
shrinkage=0.04


Tree=105
num_leaves=5
num_cat=0
split_feature=35 14 47 45
split_gain=7.46638 8.6242 16.9916 10.4511
threshold=-1.296145179411446 -0.56693672273119178 -0.7485120361234211 -0.1988658004362451
decision_type=2 2 2 2
left_child=-1 2 -2 -3
right_child=1 3 -4 -5
leaf_value=0.029167184221494249 0.025326455346984852 0.010834764785907709 -0.020721461699990406 -0.0038780570481756205
leaf_weight=11.661609657108782 13.953824058175085 127.86849704012275 67.133658587932587 188.89934564009309
leaf_count=63 69 650 332 968
internal_value=8.9304e-05 -0.000904629 -0.0123785 0.00209173
internal_weight=409.517 397.855 81.0875 316.768
internal_count=2082 2019 401 1618
is_linear=0
shrinkage=0.04


Tree=106
num_leaves=6
num_cat=0
split_feature=106 10 22 42 73
split_gain=7.52215 9.773 11.6454 8.67181 3.44873
threshold=1.1749481903973653 1.7611540646355515 0.85239105817401783 -0.037472288323103307 0.30238287539015646
decision_type=2 2 2 2 2
left_child=1 2 -1 -3 -2
right_child=4 3 -4 -5 -6
leaf_value=0.002155373924368775 -0.037566956254711702 -0.0038800933844228749 -0.020779080503975682 0.043987647773384694 -0.0040640684384315295
leaf_weight=329.38324184343219 9.8034872785210627 9.4377542734146136 37.664548441767693 13.513993240892885 9.3554188385605794
leaf_count=1666 57 48 184 70 57
internal_value=9.37259e-05 0.00134721 -0.000297897 0.0255711 -0.0231378
internal_weight=409.158 390 367.048 22.9517 19.1589
internal_count=2082 1968 1850 118 114
is_linear=0
shrinkage=0.04


Tree=107
num_leaves=8
num_cat=0
split_feature=95 59 34 66 45 108 42
split_gain=7.28092 11.4278 16.5504 15.4622 11.2164 11.1071 5.6454
threshold=-1.039000259932402 -0.39285305293132866 -0.96879127915975971 0.8321514221095706 -0.071960702292321418 -0.040106819684526084 -0.098953633452033396
decision_type=2 2 2 2 2 2 2
left_child=4 2 -2 -3 5 -1 -6
right_child=1 3 -4 -5 6 -7 -8
leaf_value=0.04012313185885983 -0.03548512729225542 -0.0072869282209997643 0.018709949044742748 0.015802395969027251 -0.0061340960101441558 -0.018787653076491675 -0.046625071430312401
leaf_weight=7.4676020368933704 8.1604864820837957 214.11104563996196 88.800051711499691 57.128192588686943 9.358222573995592 9.3486860543489438 14.289794519543646
leaf_count=37 35 1089 442 312 46 50 71
internal_value=8.61264e-05 0.0018852 0.0135238 -0.0023438 -0.0156021 0.00885694 -0.0323294
internal_weight=408.664 368.2 96.9605 271.239 40.4643 16.8163 23.648
internal_count=2082 1878 477 1401 204 87 117
is_linear=0
shrinkage=0.04


Tree=108
num_leaves=4
num_cat=0
split_feature=77 78 28
split_gain=7.29738 8.61205 8.14366
threshold=1.7820653140873486 2.0383729656725182 -0.69278560533371458
decision_type=2 2 2
left_child=1 2 -1
right_child=-2 -3 -4
leaf_value=0.014549761813805198 0.032392430673412215 0.031445022080275872 -0.0038762716392722958
leaf_weight=41.144006736576557 8.8838562890887243 10.833249624818562 347.03328751027584
leaf_count=199 66 126 1691
internal_value=7.53452e-05 -0.000802151 -0.00185868
internal_weight=407.894 399.011 388.177
internal_count=2082 2016 1890
is_linear=0
shrinkage=0.04


Tree=109
num_leaves=5
num_cat=0
split_feature=109 108 37 85
split_gain=7.13959 8.95947 17.6032 12.9554
threshold=-1.1285401472133916 -0.26397022997030595 -0.39851897219379934 -0.1431199359895847
decision_type=2 2 2 2
left_child=-1 3 -3 -2
right_child=1 2 -4 -5
leaf_value=-0.030894488064193523 -0.0020500523392531426 0.013616999970038781 -0.010255418339779455 0.021129253902211608
leaf_weight=9.5663100481033307 84.065362878143787 66.10998210683465 178.77471677213907 68.808729201555252
leaf_count=45 387 342 945 363
internal_value=8.76935e-05 0.000983669 -0.00375263 0.0085211
internal_weight=407.325 397.759 244.885 152.874
internal_count=2082 2037 1287 750
is_linear=0
shrinkage=0.04


Tree=110
num_leaves=5
num_cat=0
split_feature=35 14 47 45
split_gain=7.18188 8.29382 15.3507 9.83437
threshold=-1.296145179411446 -0.56693672273119178 -0.7485120361234211 -0.1988658004362451
decision_type=2 2 2 2
left_child=-1 2 -2 -3
right_child=1 3 -4 -5
leaf_value=0.028745321468905148 0.023954385030105274 0.010558783537837686 -0.02013414774439919 -0.0037588373215723392
leaf_weight=11.526015367358921 13.715070605278013 127.03296460211277 66.576833374798298 187.7153479270637
leaf_count=63 69 650 332 968
internal_value=8.28273e-05 -0.000894038 -0.012204 0.00204996
internal_weight=406.566 395.04 80.2919 314.748
internal_count=2082 2019 401 1618
is_linear=0
shrinkage=0.04


Tree=111
num_leaves=6
num_cat=0
split_feature=36 14 14 37 70
split_gain=7.21235 7.98511 11.7951 7.84717 4.55662
threshold=-1.0501389627399362 1.430061108383571 0.67519775589833275 0.85791651529592061 0.38061299510030572
decision_type=2 2 2 2 2
left_child=3 2 -2 -1 -5
right_child=1 -3 -4 4 -6
leaf_value=0.038483096158710872 0.00045278858949570017 0.024471097185478578 -0.018997041240745732 -0.019895784815632696 0.017627366678992503
leaf_weight=13.715067047625782 301.92324413731694 16.10109768807888 57.741354703903198 8.1305325478315371 8.5952071845531446
leaf_count=76 1535 77 308 42 44
internal_value=8.72913e-05 -0.00146742 -0.00275752 0.0181862 -0.000789784
internal_weight=406.207 375.766 359.665 30.4408 16.7257
internal_count=2082 1920 1843 162 86
is_linear=0
shrinkage=0.04


Tree=112
num_leaves=6
num_cat=0
split_feature=103 109 100 42 65
split_gain=7.01896 8.08095 14.0679 9.85649 6.08089
threshold=-1.5660566329735179 0.064682188098176677 0.6880502142431193 -1.3069892256940363 0.12783193919738675
decision_type=2 2 2 2 2
left_child=4 3 -3 -2 -1
right_child=1 2 -4 -5 -6
leaf_value=0.038550013396388194 -0.033323612188806764 -0.012443203806515469 0.021148802791198001 0.0056160448210527828 -0.010291103635517496
leaf_weight=11.334726240485908 8.9356740713119489 140.63580158352852 21.334684204310179 218.78738459199667 4.8553563728928557
leaf_count=117 39 726 111 1062 27
internal_value=9.24152e-05 -0.00103604 -0.00781449 0.00381127 0.0243817
internal_weight=405.884 389.694 161.97 227.723 16.1901
internal_count=2082 1938 837 1101 144
is_linear=0
shrinkage=0.04


Tree=113
num_leaves=7
num_cat=0
split_feature=36 63 83 28 26 103
split_gain=6.90905 8.31013 14.2588 11.1469 7.3525 4.25784
threshold=-1.0501389627399362 0.51509426919680656 -0.72170953062940069 -0.67311063015489014 -1.0733873920585031 -0.73176380577287869
decision_type=2 2 2 2 2 2
left_child=4 3 -3 -2 -1 -6
right_child=1 2 -4 -5 5 -7
leaf_value=-0.016523068608047912 0.022609659647549067 0.029235093860834192 -0.017345301699487291 -0.0010406158121996471 0.007191976102867979 0.041696217820790429
leaf_weight=6.3887613639235523 34.567794367671013 10.176105126738547 82.238134451210499 247.91939040645957 10.90606840886176 12.90150116384029
leaf_count=34 177 47 423 1273 64 64
internal_value=9.11263e-05 -0.00142863 -0.0117055 0.00199206 0.0178762 0.0276724
internal_weight=405.098 374.901 92.4142 282.487 30.1963 23.8076
internal_count=2082 1920 470 1450 162 128
is_linear=0
shrinkage=0.04


Tree=114
num_leaves=6
num_cat=0
split_feature=84 42 84 36 109
split_gain=6.91022 8.98368 8.96911 10.4339 9.57963
threshold=0.96634658939994311 -0.13106680482032199 0.52220251842064536 0.23996381735231201 -0.13577495002139989
decision_type=2 2 2 2 2
left_child=2 -2 3 -1 -4
right_child=1 -3 4 -5 -6
leaf_value=0.0077981362201313357 0.043557108635087119 -0.012957850918386618 0.020395401644651784 -0.0064732920204442213 -0.021809213182380851
leaf_weight=185.61263238638639 10.492299973964693 5.8688611313700667 8.6616516932845098 143.63463052734733 50.220533989369869
leaf_count=949 78 36 48 686 285
internal_value=0.000100908 0.0240815 -0.00102824 0.00157071 -0.0151348
internal_weight=404.491 16.3612 388.129 329.247 58.8822
internal_count=2082 114 1968 1635 333
is_linear=0
shrinkage=0.04


Tree=115
num_leaves=5
num_cat=0
split_feature=109 39 89 109
split_gain=6.73472 8.49717 13.8472 11.6294
threshold=-1.1285401472133916 -0.25633086673860322 0.40967002103234124 -0.17170041012373413
decision_type=2 2 2 2
left_child=-1 2 -2 -3
right_child=1 3 -4 -5
leaf_value=-0.030124773869962988 0.0027906529885798888 0.0064291910856585878 0.035423074905922385 -0.010376078405809362
leaf_weight=9.4619336873292905 105.59145956113935 114.20271864533424 24.039376676082611 150.5228617861867
leaf_count=45 534 543 129 831
internal_value=0.000103143 0.000976761 0.00928844 -0.00313243
internal_weight=403.818 394.356 129.631 264.726
internal_count=2082 2037 663 1374
is_linear=0
shrinkage=0.04


Tree=116
num_leaves=6
num_cat=0
split_feature=73 101 77 37 20
split_gain=6.7234 7.93855 12.8575 9.5581 2.82007
threshold=-0.63322948911606247 0.60688622023792316 1.1675595029428887 -0.54704658005782436 0.13314643267735501
decision_type=2 2 2 2 2
left_child=4 2 -2 -3 -1
right_child=1 3 -4 -5 -6
leaf_value=-0.0055247233794783529 -0.003820678590079249 -0.01830369868617903 0.03685223468251831 0.016348313287613492 -0.038279131802943754
leaf_weight=8.7565204501152056 281.22389347851276 13.326938562095163 11.012176644057034 81.088220750913024 7.8029559031128874
leaf_count=39 1419 66 87 426 45
internal_value=0.00010009 0.00122277 -0.00204795 0.0111789 -0.0234207
internal_weight=403.211 386.651 292.236 94.4152 16.5595
internal_count=2082 1998 1506 492 84
is_linear=0
shrinkage=0.04


Tree=117
num_leaves=7
num_cat=0
split_feature=103 44 10 11 65 59
split_gain=6.78071 7.66313 12.067 11.9395 5.4935 0.0662163
threshold=-1.5660566329735179 -0.41912702856381412 1.7611540646355515 0.16575226372171165 0.12783193919738675 0.62924519759523778
decision_type=2 2 2 2 2 2
left_child=4 3 -3 -2 5 -1
right_child=1 2 -4 -5 -6 -7
leaf_value=0.016072166856516346 -0.0039291176244591833 -0.0065514505205482663 0.027714070726171443 0.022668354806644274 -0.0090994202663563697 0.043193297864873394
leaf_weight=3.7061432898044568 59.076291743665934 265.12052841112018 15.560895204544066 46.987115692347288 4.7754169404506674 7.2815767489373684
leaf_count=42 306 1316 83 233 27 75
internal_value=9.41835e-05 -0.00101059 -0.00446914 0.00805528 0.0242615 0.0379291
internal_weight=402.508 386.745 280.681 106.063 15.7631 10.9877
internal_count=2082 1938 1399 539 144 117
is_linear=0
shrinkage=0.04


Tree=118
num_leaves=6
num_cat=0
split_feature=84 85 59 85 42
split_gain=6.58438 8.73852 10.0758 10.0034 8.5077
threshold=0.96634658939994311 0.34382807214976085 0.74744091770228771 -0.21991659680447506 -0.13106680482032199
decision_type=2 2 2 2 2
left_child=1 3 -3 -1 -2
right_child=4 2 -4 -5 -6
leaf_value=-0.0052706808062593447 0.042808156480250582 -0.031658582711219893 0.0036599485048806231 0.0084588317688731891 -0.012487470633238237
leaf_weight=174.15510051697493 10.305430723354222 27.469867624342442 22.350313171744347 161.99510974064469 5.8216682858765116
leaf_count=852 78 150 120 846 36
internal_value=0.000108876 -0.000992611 -0.0162843 0.00135664 0.0236717
internal_weight=402.097 385.97 49.8202 336.15 16.1271
internal_count=2082 1968 270 1698 114
is_linear=0
shrinkage=0.04


Tree=119
num_leaves=6
num_cat=0
split_feature=71 72 33 42 47
split_gain=6.81195 8.97548 14.4833 14.419 7.44879
threshold=-0.83725215962476585 0.14602024685328094 0.17802131300100429 0.54253917818176511 -0.23146545223705975
decision_type=2 2 2 2 2
left_child=4 2 -2 -3 -1
right_child=1 3 -4 -5 -6
leaf_value=0.043227465463267598 0.0032945133045489535 -7.6476676359904205e-05 -0.017274779365690378 0.029526454900750093 -0.00062830854211582484
leaf_weight=9.9088644459843653 113.88399754092097 131.35729812271893 102.57601089775562 30.921409890055656 12.800973482429979
leaf_count=61 587 682 520 158 74
internal_value=0.000105585 -0.00121577 -0.00652177 0.00585501 0.0204571
internal_weight=401.449 378.739 216.46 162.279 22.7098
internal_count=2082 1947 1107 840 135
is_linear=0
shrinkage=0.04


end of trees

feature_importances:
Column_78=44
Column_59=40
Column_101=40
Column_36=30
Column_14=28
Column_28=25
Column_73=23
Column_77=21
Column_35=20
Column_106=19
Column_42=18
Column_97=18
Column_103=17
Column_45=16
Column_66=15
Column_90=15
Column_109=14
Column_37=13
Column_72=12
Column_47=11
Column_53=11
Column_33=10
Column_26=8
Column_39=8
Column_61=8
Column_71=8
Column_84=8
Column_94=8
Column_10=7
Column_13=7
Column_25=6
Column_56=6
Column_65=6
Column_85=6
Column_88=6
Column_40=5
Column_46=5
Column_89=5
Column_96=5
Column_107=5
Column_4=4
Column_11=4
Column_20=4
Column_38=4
Column_95=4
Column_100=4
Column_102=4
Column_0=3
Column_27=3
Column_70=3
Column_76=3
Column_83=3
Column_108=3
Column_5=2
Column_15=2
Column_17=2
Column_34=2
Column_51=2
Column_79=2
Column_82=2
Column_105=2
Column_3=1
Column_6=1
Column_7=1
Column_12=1
Column_16=1
Column_19=1
Column_22=1
Column_24=1
Column_44=1
Column_60=1
Column_63=1
Column_67=1
Column_69=1
Column_104=1

parameters:
[boosting: gbdt]
[objective: binary]
[metric: binary_logloss]
[tree_learner: serial]
[device_type: cpu]
[data_sample_strategy: bagging]
[data: ]
[valid: ]
[num_iterations: 120]
[learning_rate: 0.04]
[num_leaves: 15]
[num_threads: 2]
[seed: 42]
[deterministic: 0]
[force_col_wise: 0]
[force_row_wise: 0]
[histogram_pool_size: -1]
[max_depth: 3]
[min_data_in_leaf: 40]
[min_sum_hessian_in_leaf: 0.001]
[bagging_fraction: 0.85]
[pos_bagging_fraction: 1]
[neg_bagging_fraction: 1]
[bagging_freq: 0]
[bagging_seed: 400]
[bagging_by_query: 0]
[feature_fraction: 0.8]
[feature_fraction_bynode: 1]
[feature_fraction_seed: 30056]
[extra_trees: 0]
[extra_seed: 12879]
[early_stopping_round: 0]
[early_stopping_min_delta: 0]
[first_metric_only: 0]
[max_delta_step: 0]
[lambda_l1: 0]
[lambda_l2: 2]
[linear_lambda: 0]
[min_gain_to_split: 0]
[drop_rate: 0.1]
[max_drop: 50]
[skip_drop: 0.5]
[xgboost_dart_mode: 0]
[uniform_drop: 0]
[drop_seed: 17869]
[top_rate: 0.2]
[other_rate: 0.1]
[min_data_per_group: 100]
[max_cat_threshold: 32]
[cat_l2: 10]
[cat_smooth: 10]
[max_cat_to_onehot: 4]
[top_k: 20]
[monotone_constraints: ]
[monotone_constraints_method: basic]
[monotone_penalty: 0]
[feature_contri: ]
[forcedsplits_filename: ]
[refit_decay_rate: 0.9]
[cegb_tradeoff: 1]
[cegb_penalty_split: 0]
[cegb_penalty_feature_lazy: ]
[cegb_penalty_feature_coupled: ]
[path_smooth: 0]
[interaction_constraints: ]
[verbosity: -1]
[saved_feature_importance_type: 0]
[use_quantized_grad: 0]
[num_grad_quant_bins: 4]
[quant_train_renew_leaf: 0]
[stochastic_rounding: 1]
[linear_tree: 0]
[max_bin: 255]
[max_bin_by_feature: ]
[min_data_in_bin: 3]
[bin_construct_sample_cnt: 200000]
[data_random_seed: 175]
[is_enable_sparse: 1]
[enable_bundle: 1]
[use_missing: 1]
[zero_as_missing: 0]
[feature_pre_filter: 1]
[pre_partition: 0]
[two_round: 0]
[header: 0]
[label_column: ]
[weight_column: ]
[group_column: ]
[ignore_column: ]
[categorical_feature: ]
[forcedbins_filename: ]
[precise_float_parser: 0]
[parser_config_file: ]
[objective_seed: 16083]
[num_class: 1]
[is_unbalance: 0]
[scale_pos_weight: 1]
[sigmoid: 1]
[boost_from_average: 1]
[reg_sqrt: 0]
[alpha: 0.9]
[fair_c: 1]
[poisson_max_delta_step: 0.7]
[tweedie_variance_power: 1.5]
[lambdarank_truncation_level: 30]
[lambdarank_norm: 1]
[label_gain: ]
[lambdarank_position_bias_regularization: 0]
[eval_at: ]
[multi_error_top_k: 1]
[auc_mu_weights: ]
[num_machines: 1]
[local_listen_port: 12400]
[time_out: 120]
[machine_list_filename: ]
[machines: ]
[gpu_platform_id: -1]
[gpu_device_id: -1]
[gpu_device_id_list: ]
[gpu_use_dp: 0]
[num_gpu: 1]

end of parameters

pandas_categorical:null
