tree
version=v4
num_class=1
num_tree_per_iteration=1
label_index=0
max_feature_idx=118
objective=binary sigmoid:1
feature_names=Column_0 Column_1 Column_2 Column_3 Column_4 Column_5 Column_6 Column_7 Column_8 Column_9 Column_10 Column_11 Column_12 Column_13 Column_14 Column_15 Column_16 Column_17 Column_18 Column_19 Column_20 Column_21 Column_22 Column_23 Column_24 Column_25 Column_26 Column_27 Column_28 Column_29 Column_30 Column_31 Column_32 Column_33 Column_34 Column_35 Column_36 Column_37 Column_38 Column_39 Column_40 Column_41 Column_42 Column_43 Column_44 Column_45 Column_46 Column_47 Column_48 Column_49 Column_50 Column_51 Column_52 Column_53 Column_54 Column_55 Column_56 Column_57 Column_58 Column_59 Column_60 Column_61 Column_62 Column_63 Column_64 Column_65 Column_66 Column_67 Column_68 Column_69 Column_70 Column_71 Column_72 Column_73 Column_74 Column_75 Column_76 Column_77 Column_78 Column_79 Column_80 Column_81 Column_82 Column_83 Column_84 Column_85 Column_86 Column_87 Column_88 Column_89 Column_90 Column_91 Column_92 Column_93 Column_94 Column_95 Column_96 Column_97 Column_98 Column_99 Column_100 Column_101 Column_102 Column_103 Column_104 Column_105 Column_106 Column_107 Column_108 Column_109 Column_110 Column_111 Column_112 Column_113 Column_114 Column_115 Column_116 Column_117 Column_118
feature_infos=[-6.0502223796391599:6.5123507636881097] [-5.6099797139797536:5.4652024843498284] [-4.8804829962227885:4.1847880089322453] [-4.34248108369726:3.8419659582097196] [-3.6069000246993634:2.1514791280290471] [-2.5705841677112531:2.3718379155670855] [-4.2284713015242463:3.9847246944286328] [-1.3839049841352875:6.6900076937273134] [-1.6718501015978495:1.5955435765264132] [-3.5576581760368646:2.1857041028433182] [-1.535476096117266:5.3833888256202078] [-2.5177129317910771:2.1615116417216607] [-2.5348934125371501:2.4495588347842419] [-1.5098886765015087:4.021156241916561] [-2.9218295519971824:2.6686939289307756] [-1.5713419015191266:1.6313876495420114] [-1.7466710819754381:1.8161806915765726] [-0.92818314659730217:0.78423190161012357] [-0.98062485756132245:0.78751276001069592] [-0.92818314659730183:0.78423190161012357] [-2.2216744588457482:1.6755481153694707] [-4.0138260671898545:4.1330529740241291] [-3.2642076397861586:2.2925811953207904] [-2.3190661144006675:2.6082412757786346] [-2.1330775720584687:1.6252797064909823] [-2.1266892424707735:1.5951530254728514] [-3.3480783855859353:2.0045723915770037] [-1.7888706055854369:1.4382515065384662] [-1.1846950519380137:3.6643042245190722] [-3.6807441934783558:4.2533459089162067] [-3.6313036672329106:4.4600555718806545] [-3.0416794716066162:3.2555226814766325] [-3.1598851104715844:3.4503845636574337] [-1.9451056414934766:2.113550308745574] [-2.1569652234595487:2.2253497484348261] [-1.7690044192966281:1.7688089205660278] [-1.7714370656179803:1.8466768446135131] [-1.6686759393424244:3.9482056302884168] [-1.5521007040336385:5.2535774527954473] [-1.5069269796391824:3.9004785047595174] [-1.3078681818622409:3.446638584935334] [-1.6554699343891861:1.479976119589564] [-1.9657624262009885:1.7707691426008958] [-1.8750098336226884:14.126046707556867] [-190.90397862635481:170.43301030456678] [-419.56005895879463:138.58186561449318] [-343.69027507022884:80.647828016843604] [-1.3573632260672497:2.7473941725092983] [-1.929304730019149:2.0003295303008635] [-1.2053933489817295:9.0336049287212514] [-4.8662122801628627:4.4451483052325083] [-8.9553804478589054:6.6559957049468599] [-1:1.5] [-0.83333333333333337:1] [0:1] [0:1] [-6.3818154439356274:3.3426808027352961] [-2.9917202693875478:2.3175861478934676] [-2.2464862464159507:2.1892763816530576] [-1.1598236312049828:3.2538463840331096] [-2.0297478269536207:1.8084655208433877] [-2.4047322756372043:0.60970849444836284] [-4.5574106782131043:3.6909504368052977] [-3.557372505035906:2.6352741866965221] [-3.1826316648226518:2.1936320920649712] [-3.0583736460876683:4.0134749808608872] [-3.4255379984532603:2.2730871749652257] [-2.4973454818894152:1.7277469085502846] [-1.0039981403164933:2.3092066973375993] [-2.1698534050545399:1.3134935532432594] [-1.4949348074678739:0.30456112057877027] [-4.4848239487929256:7.7927272599023096] [-4.1874429925323042:5.7609480213246158] [-2.417323047279504:4.1909135611554582] [-1.2797769671921333:4.6608200671705911] [-1.2203694122244713:8.0374437638816172] [-1.2035868277926072:2.33977012800263] [-6.5462533033076715:6.7141854284784435] [-4.6185686124962233:3.575161010359472] [-3.3963838709047125:3.769006486714813] [-1.2232217611161207:3.5823925059328792] [-1.8220046971848645:4.4491111575036522] [-0.81678468972311957:2.2183396833352753] [-11.358102304015279:11.117012459965883] [-5.9367692201460267:5.1516761543303575] [-3.305598686162508:3.5302641313457626] [-1.0310654892861595:3.2108716566190951] [-2.0739848590494541:3.9313300689891619] [-1.3798166492571233:0.63771494931280037] [-4.0069805190827621:2.9776710749431978] [-3.5609588055619255:3.1269953597482192] [-2.6013574953587395:1.7397515851168746] [-1.3599278401595409:3.1889470049098776] [-2.0808793017714105:1.8334059957470694] [-1.4855399154164139:0.43557606660010345] [-5.5150580333730774:2.7814645743704003] [-4.187042937511225:3.591676295166859] [-1.9372279112510127:2.8742007141636727] [-1.3328161335913737:4.1010849527220294] [-1.7794485302052918:4.5640521668183816] [-1.5967111192036016:1.2770599816873682] [-4.3798324130181552:2.5425411573768493] [-3.8046986433585612:3.5442517033852892] [-1.9974228367814508:2.6537863972411797] [-1.4209483035626926:4.0488898943055878] [-1.6211221130474747:3.9039186817943525] [-1.6099890661110559:1.1975832784654759] [-3.3767603198278509:3.6295057774239545] [-2.2773047299790115:2.6971577141566847] [-1.9768820799613507:2.0537973808965675] [-1.5513083433618784:2.0691098503395282] [-1.4719556181946023:1.9495800456215564] [-2.4408346692807399:0.6520843850537702] [-3.3099263280791988:3.5133582429164978] [-2.8083921368962432:3.676731288270509] [-1.6937261124810288:2.4641915995520041] [-0.78465605977824615:2.8109252319719187] [-1.5063956612008209:2.4320318516494033] [-1.4222799230096301:0.92935261243938749]
tree_sizes=866 992 986 993 888 994 993 887 889 890 997 996 885 787 988 993 999 791 882 788 1003 889 785 891 1008 787 889 992 784 789 1005 893 888 896 994 995 897 686 1000 890 896 994 1002 895 688 1003 1008 777 1002 791 1005 997 680 788 1001 999 678 791 685 687 682 790 687 784 785 679 789 893 900 691 681 891 999 1002 787 785 787 990 1002 791 996 681 785 687 1009 898 787 891 994 897 681 788 682 784 1001 681 785 900 1003 686 788 895 789 901 1004 791 899 897 679 893 792 690 789 1002 688 894 893 1003 683 1006

Tree=0
num_leaves=7
num_cat=0
split_feature=115 86 87 79 33 82
split_gain=48.3853 34.8272 32.1948 26.5134 25.023 16.1743
threshold=-0.75838015798319469 1.0083594840350363 -0.50671747370188402 -0.95354841199775875 1.1426032262731038 -0.37665054891151489
decision_type=2 2 2 2 2 2
left_child=4 3 -3 -2 5 -1
right_child=1 2 -4 -5 -6 -7
leaf_value=0.13637120135843434 0.15279053596210559 0.097251040037022382 0.16924835915999947 0.12149723452120303 0.10962542793860884 0.18107007154571181
leaf_weight=17.172933787107468 47.038905590772629 10.453090131282805 52.265450656414032 381.53778979182243 11.199739426374434 53.75874924659729
leaf_count=69 189 42 210 1533 45 216
internal_value=0.13388 0.129098 0.156488 0.125004 0.161918 0.170613
internal_weight=573.427 491.295 62.7185 428.577 82.1314 70.9317
internal_count=2304 1974 252 1722 330 285
is_linear=0
shrinkage=1


Tree=1
num_leaves=8
num_cat=0
split_feature=115 81 80 93 28 110 82
split_gain=44.7457 34.2678 31.3818 26.6549 23.3957 17.5227 6.23692
threshold=-0.75838015798319469 0.074526661522083579 -0.85989383849194001 -1.1794543076724502 -0.35647350244663595 0.82769460885668067 -0.2070209751005154
decision_type=2 2 2 2 2 2 2
left_child=3 2 -2 5 -3 -1 -5
right_child=1 4 -4 6 -6 -7 -8
leaf_value=0.023645858780914967 0.03010802196124469 -0.015116729528346536 -0.018288202304964855 0.010974430492628822 0.014391746142862337 -0.039080158553883741 0.047624241575669073
leaf_weight=12.682564213871958 21.666732028126717 55.789718851447105 246.40900477766991 10.438492387533186 167.55000324547291 11.943483710289 46.881566807627678
leaf_count=51 87 224 990 42 673 48 189
internal_value=4.96142e-06 -0.00458815 -0.0141827 0.0270021 0.00695185 -0.00742625 0.041545
internal_weight=573.362 491.415 268.076 81.9461 223.34 24.626 57.3201
internal_count=2304 1974 1077 330 897 99 231
is_linear=0
shrinkage=0.04


Tree=2
num_leaves=8
num_cat=0
split_feature=115 86 87 79 93 110 82
split_gain=41.4459 31.88 30.0108 25.2903 24.8358 16.322 5.80646
threshold=-0.75838015798319469 1.0083594840350363 -0.50671747370188402 -0.95354841199775875 -1.1794543076724502 0.82769460885668067 -0.2070209751005154
decision_type=2 2 2 2 2 2 2
left_child=4 3 -3 -2 5 -1 -6
right_child=1 2 -4 -5 6 -7 -8
leaf_value=0.022865627542254918 0.018822964515471118 -0.035292321005554815 0.034185796448246 -0.0117361821498607 0.010613842276488284 -0.037666528142981916 0.046010245424253852
leaf_weight=12.65942305326462 47.03051546216011 10.475212857127188 52.13322813808918 381.89330187439919 10.429527238011358 11.970524802803991 46.659656211733818
leaf_count=51 189 42 210 1533 42 48 189
internal_value=1.30547e-05 -0.0044014 0.0218285 -0.00831363 0.0260364 -0.00717329 0.0401219
internal_weight=573.251 491.532 62.6084 428.924 81.7191 24.6299 57.0892
internal_count=2304 1974 252 1722 330 99 231
is_linear=0
shrinkage=0.04


Tree=3
num_leaves=8
num_cat=0
split_feature=115 81 79 93 28 110 73
split_gain=38.4154 32.1104 38.971 23.1601 21.2933 15.2121 5.45028
threshold=-0.75838015798319469 0.074526661522083579 -0.63496257221434249 -1.1794543076724502 -0.35647350244663595 0.82769460885668067 0.29570679122419935
decision_type=2 2 2 2 2 2 2
left_child=3 2 -2 5 -3 -1 -5
right_child=1 4 -4 6 -6 -7 -8
leaf_value=0.0221152976037149 0.0069113644943341332 -0.014089725479150588 -0.024742528476309839 0.045000111445100514 0.0140543805230671 -0.03632908607772755 0.012003640458557388
leaf_weight=12.633750781416895 95.516556814312935 55.865135669708252 172.77394540607929 44.995207563042641 167.41454631090164 11.988003596663473 11.821967735886572
leaf_count=51 384 224 693 183 673 48 48
internal_value=1.99956e-05 -0.00422364 -0.0135054 0.0251221 0.00695008 -0.00693199 0.0387761
internal_weight=573.009 491.57 268.291 81.4389 223.28 24.6218 56.8172
internal_count=2304 1974 1077 330 897 99 231
is_linear=0
shrinkage=0.04


Tree=4
num_leaves=7
num_cat=0
split_feature=115 87 116 81 93 35
split_gain=37.0437 42.6025 30.4304 31.9301 22.8094 22.0374
threshold=0.45546672940155913 2.3573533147746 -0.35705673074702488 0.65366428791338216 -1.5676972901586395 -1.1690308525239088
decision_type=2 2 2 2 2 2
left_child=2 5 3 -1 -4 -2
right_child=1 -3 4 -5 -6 -7
leaf_value=-0.023545631116394797 0.023593052501019167 0.055540638070551776 -0.031189409342656509 0.022627743745415731 0.015835123797950022 -0.026717768263073278
leaf_weight=84.498867094516754 13.950992003083227 10.420564725995062 15.702909126877783 31.354022026062012 280.55689303576946 136.22085158526897
leaf_count=339 56 42 63 126 1131 547
internal_value=2.34241e-05 -0.0161556 0.00637565 -0.0108775 0.0131502 -0.0217952
internal_weight=572.705 160.592 412.113 115.853 296.26 150.172
internal_count=2304 645 1659 465 1194 603
is_linear=0
shrinkage=0.04


Tree=5
num_leaves=8
num_cat=0
split_feature=81 74 24 37 86 91 30
split_gain=34.0108 46.2212 31.5368 26.914 26.2014 26.4886 5.50266
threshold=0.04431433821834229 -0.22970320454423862 0.5990917723984569 -0.84731134491427429 1.0739764854825755 -0.13989575500553461 0.50688369553777035
decision_type=2 2 2 2 2 2 2
left_child=1 2 -1 -3 5 -2 -6
right_child=4 3 -4 -5 6 -7 -8
leaf_value=0.024310652710502142 0.020794101705916238 0.011539585420858622 -0.017111077382816503 -0.029295447314084368 0.056485896323453216 -0.0056941465049724386 0.016168458124936332
leaf_weight=79.361223131418228 104.01038521528244 30.135362729430199 44.30790713429451 146.32374267280102 19.380971506237987 138.91312783956528 10.076397761702536
leaf_count=320 420 121 178 587 79 558 41
internal_value=2.81552e-05 -0.00923057 0.00943403 -0.0222705 0.010223 0.00572428 0.0445994
internal_weight=572.509 300.128 123.669 176.459 272.381 242.924 29.4574
internal_count=2304 1206 498 708 1098 978 120
is_linear=0
shrinkage=0.04


Tree=6
num_leaves=8
num_cat=0
split_feature=115 59 81 25 40 26 73
split_gain=33.6407 28.4504 25.3623 20.3698 8.5975 6.75523 4.79142
threshold=-0.75838015798319469 2.7622527922646589 -0.011080516432315479 0.79111171130713698 0.085040224089190833 -0.3771854755649176 -0.06415459851497303
decision_type=2 2 2 2 2 2 2
left_child=3 2 -2 5 -5 -1 -3
right_child=1 6 -4 4 -6 -7 -8
leaf_value=0.0067420958027717302 -0.015479560317669439 0.012908696580879843 0.003118112193367628 -0.032877116656147523 0.015029680812477618 0.04141668290189441 0.050249642127987187
leaf_weight=11.999398604035376 233.32076960802078 11.131781950592996 232.87028679251671 10.418471217155458 9.9050165861844999 48.51171912252903 14.038019970059393
leaf_count=49 936 45 936 42 40 199 57
internal_value=3.86054e-05 -0.00392186 -0.00621607 0.0236261 -0.0102742 0.0349764 0.0359008
internal_weight=572.195 491.361 466.191 80.8346 20.3235 60.5111 25.1698
internal_count=2304 1974 1872 330 82 248 102
is_linear=0
shrinkage=0.04


Tree=7
num_leaves=7
num_cat=0
split_feature=115 87 100 82 57 73
split_gain=32.1539 38.3562 29.7448 25.8437 20.6741 18.636
threshold=0.45546672940155913 2.3573533147746 0.73575127583373379 -0.56309075351285853 -1.4882819020123226 0.46726573651377901
decision_type=2 2 2 2 2 2
left_child=2 4 3 -1 -2 -4
right_child=1 -3 5 -5 -6 -7
leaf_value=-0.026122154596082737 0.024369119796148146 0.053280708062490856 -0.056148721235313864 0.011931082256788661 -0.025018866862813488 0.0089414809744328763
leaf_weight=29.171550810337067 13.44081039726734 10.327041670680044 17.201613888144497 354.45021867752075 136.92102053761482 10.340383395552633
leaf_count=117 54 42 69 1431 549 42
internal_value=4.91241e-05 -0.0150138 0.00598011 0.00891695 -0.0203422 -0.0327603
internal_weight=571.853 160.689 411.164 383.622 150.362 27.542
internal_count=2304 645 1659 1548 603 111
is_linear=0
shrinkage=0.04


Tree=8
num_leaves=7
num_cat=0
split_feature=115 59 70 33 82 73
split_gain=30.5138 26.1816 24.1102 20.9468 10.4806 4.38401
threshold=-0.75838015798319469 2.7622527922646589 -1.2464712657000121 1.1426032262731038 -0.31549848951434817 -0.06415459851497303
decision_type=2 2 2 2 2 2
left_child=3 2 -2 4 -1 -3
right_child=1 5 -4 -5 -6 -7
leaf_value=0.0052221797035396124 0.022740587760402553 0.012549456650485636 -0.008760148577207711 -0.025043120328723668 0.040189735205258044 0.048394525867782923
leaf_weight=19.568724542856216 40.851774021983147 11.120674073696138 425.28821459412575 11.140066534280775 49.671665698289871 13.918590798974035
leaf_count=79 165 45 1707 45 206 57
internal_value=4.64369e-05 -0.00371793 -0.00591411 0.0225811 0.0307313 0.0345805
internal_weight=571.56 491.179 466.14 80.3805 69.2404 25.0393
internal_count=2304 1974 1872 330 285 102
is_linear=0
shrinkage=0.04


Tree=9
num_leaves=7
num_cat=0
split_feature=86 118 86 116 58 2
split_gain=28.8208 28.009 23.8861 22.3526 19.8913 13.1506
threshold=1.0739764854825755 -0.20337440018215722 -0.88185527585322465 -0.67706239896445053 0.86432239298808933 0.43574988779407525
decision_type=2 2 2 2 2 2
left_child=1 3 -3 -1 5 -2
right_child=4 2 -4 -5 -6 -7
leaf_value=-0.042457698395422627 0.053233580470952842 0.043707634082819198 -0.013033248399988243 0.011301320058714559 -0.020532652254567973 0.0089173605913755432
leaf_weight=11.227277532219885 28.916724264621735 10.450218245387076 290.82007564604282 201.48577688634396 10.409086197614668 17.830339998006821
leaf_count=45 119 42 1167 816 42 73
internal_value=5.8767e-05 -0.00297329 -0.0107898 0.00809479 0.0265036 0.0373898
internal_weight=571.139 513.983 301.27 212.713 57.1562 46.7471
internal_count=2304 2070 1209 861 234 192
is_linear=0
shrinkage=0.04


Tree=10
num_leaves=8
num_cat=0
split_feature=81 74 24 37 86 91 30
split_gain=27.7672 39.454 28.5789 24.1345 20.6661 22.4906 5.09615
threshold=0.04431433821834229 -0.22970320454423862 0.5990917723984569 -0.84731134491427429 1.0739764854825755 -0.13989575500553461 0.50688369553777035
decision_type=2 2 2 2 2 2 2
left_child=1 2 -1 -3 5 -2 -6
right_child=4 3 -4 -5 6 -7 -8
leaf_value=0.023204387533551519 0.019283353940125095 0.011672164239731614 -0.016267785089796597 -0.026982720129925725 0.051799109928181264 -0.0051639087536076945 0.013361514242280751
leaf_weight=78.942923352122307 103.40398448705673 30.098671361804008 44.293845117092133 146.40649111568928 18.782747194170955 138.93426831066608 9.9253597706556302
leaf_count=320 420 121 178 587 79 558 41
internal_value=6.2889e-05 -0.00830053 0.00898404 -0.0203341 0.00930479 0.00534002 0.0402457
internal_weight=570.788 299.742 123.237 176.505 271.046 242.338 28.7081
internal_count=2304 1206 498 708 1098 978 120
is_linear=0
shrinkage=0.04


Tree=11
num_leaves=8
num_cat=0
split_feature=81 74 24 37 86 91 30
split_gain=25.6964 36.3895 26.4554 22.2861 19.4564 20.8029 4.84173
threshold=0.04431433821834229 -0.22970320454423862 0.5990917723984569 -0.84731134491427429 1.0739764854825755 -0.13989575500553461 0.50688369553777035
decision_type=2 2 2 2 2 2 2
left_child=1 2 -1 -3 5 -2 -6
right_child=4 3 -4 -5 6 -7 -8
leaf_value=0.022350002019050543 0.018565787438601111 0.011241185965296939 -0.0156355861205449 -0.025911748246455132 0.050475102326069658 -0.004958916284699447 0.012942211717997771
leaf_weight=78.762419402599335 103.18628312647343 30.079593598842621 44.321668818593025 146.44114275276661 18.561352387070659 138.97233261168003 9.9023145586252195
leaf_count=320 420 121 178 587 79 558 41
internal_value=7.11112e-05 -0.00797395 0.00864038 -0.0195258 0.00897093 0.00513517 0.0391246
internal_weight=570.227 299.605 123.084 176.521 270.622 242.159 28.4637
internal_count=2304 1206 498 708 1098 978 120
is_linear=0
shrinkage=0.04


Tree=12
num_leaves=7
num_cat=0
split_feature=115 87 100 36 35 37
split_gain=26.0829 31.9775 27.3148 24.3081 20.0515 15.3785
threshold=0.45546672940155913 2.3573533147746 0.73575127583373379 0.30954026074280894 -1.1690308525239088 0.81611580772069103
decision_type=2 2 2 2 2 2
left_child=2 4 3 -1 -2 -4
right_child=1 -3 5 -5 -6 -7
leaf_value=0.016318145324056434 0.024825720243516928 0.049581979391088347 -0.052124920404526369 -0.0042689382849927082 -0.023023617123999082 0.0080079113448570348
leaf_weight=231.98908269405365 13.950508922338484 10.061792984604834 17.70610444247723 149.8440023213625 136.350182056427 9.6664056032896024
leaf_count=943 56 42 71 605 547 40
internal_value=7.87455e-05 -0.0134963 0.0054384 0.00825894 -0.0183147 -0.0317901
internal_weight=569.568 160.362 409.206 381.833 150.301 27.3725
internal_count=2304 645 1659 1548 603 111
is_linear=0
shrinkage=0.04


Tree=13
num_leaves=6
num_cat=0
split_feature=82 117 86 47 46
split_gain=24.5733 26.5885 24.1568 21.6693 5.81819
threshold=-0.64711440126431952 -0.37409119111927885 1.0083594840350363 1.5574050350231929 -0.16946235943325752
decision_type=2 2 2 2 2
left_child=4 3 -3 -2 -1
right_child=1 2 -4 -5 -6
leaf_value=-0.01458971573146778 0.018872224633311431 -0.0081541299848655931 0.021324888348305173 -0.031917737806036676 -0.05534103742034277
leaf_weight=12.469589203596117 160.04610660672188 321.93136411905289 49.607950329780579 12.855040565133093 12.222565755248068
leaf_count=50 656 1293 204 52 49
internal_value=7.87695e-05 0.00190906 -0.00412499 0.0147742 -0.0373967
internal_weight=569.133 544.44 371.539 172.901 24.6922
internal_count=2304 2205 1497 708 99
is_linear=0
shrinkage=0.04


Tree=14
num_leaves=8
num_cat=0
split_feature=81 79 80 58 86 91 30
split_gain=23.5843 33.7327 21.7024 18.6936 17.1602 18.146 4.6327
threshold=0.04431433821834229 -0.63496257221434249 -0.85989383849194001 1.1430961970417639 1.0739764854825755 -0.13989575500553461 0.50688369553777035
decision_type=2 2 2 2 2 2 2
left_child=1 3 -3 -1 5 -2 -6
right_child=4 2 -4 -5 6 -7 -8
leaf_value=0.014582406953051325 0.017603138682962722 0.02542242172498373 -0.022573942635550962 -0.03387663299742049 0.048413299623299107 -0.0043939144786464433 0.011770553524128846
leaf_weight=105.14497117698193 102.77423505485058 14.906544625759123 166.38379372656345 12.541508868336676 18.143885850906376 138.9863496273756 9.825665742158888
leaf_count=426 420 60 669 51 79 558 41
internal_value=6.62923e-05 -0.00764666 -0.0183931 0.00893847 0.00860891 0.0050249 0.0371853
internal_weight=568.707 298.977 181.29 117.686 269.73 241.761 27.9696
internal_count=2304 1206 729 477 1098 978 120
is_linear=0
shrinkage=0.04


Tree=15
num_leaves=8
num_cat=0
split_feature=115 69 106 93 110 63 44
split_gain=23.0015 22.0994 24.7632 16.8795 12.289 4.5482 3.44232
threshold=-0.75838015798319469 -1.596688443450397 0.90809259015101473 -1.1766729710639852 0.82769460885668067 -0.25956780296061127 0.29292495622942522
decision_type=2 2 2 2 2 2 2
left_child=3 6 -3 4 -1 -5 -2
right_child=1 2 -4 5 -6 -7 -8
leaf_value=0.019842022566716636 0.04714785452789888 -0.0022930881046042207 -0.035013299986026647 0.012149818384579203 -0.032219137727548731 0.039557907192042094 0.013906896793031025
leaf_weight=12.465133070945742 11.890122830867769 427.39746962487698 38.557048410177231 15.90727913379669 12.683690413832663 37.749334022402763 11.459574088454245
leaf_count=51 49 1722 156 67 51 161 47
internal_value=7.24078e-05 -0.00318054 -0.00513871 0.0198488 -0.00685401 0.032161 0.0332182
internal_weight=568.11 489.304 465.955 78.8054 25.1488 53.6566 23.3497
internal_count=2304 1974 1878 330 102 228 96
is_linear=0
shrinkage=0.04


Tree=16
num_leaves=8
num_cat=0
split_feature=81 79 86 58 92 117 41
split_gain=21.6776 31.2345 20.2516 17.8531 16.2006 15.3357 11.5368
threshold=0.074526661522083579 -0.63496257221434249 1.0431703182418957 1.1430961970417639 0.32984181615360103 0.16134566411939041 -0.27295955108305475
decision_type=2 2 2 2 2 2 2
left_child=1 3 -3 -1 5 -2 -6
right_child=4 2 -4 -5 6 -7 -8
leaf_value=0.014432746671852516 0.012015044460066505 -0.020319873588302437 0.033285449332707127 -0.032912161279230329 0.0065318296465322325 -0.011815429941983362 0.035344822046393998
leaf_weight=105.69819876551628 93.362526386976242 179.00032994151115 10.254679039120672 12.544133439660071 42.649117335677147 77.019664421677589 47.104722365736961
leaf_count=429 381 720 42 51 175 309 197
internal_value=7.91253e-05 -0.00708988 -0.0170976 0.00894612 0.00854279 0.0012306 0.0220943
internal_weight=567.633 307.497 189.255 118.242 260.136 170.382 89.7538
internal_count=2304 1242 762 480 1062 690 372
is_linear=0
shrinkage=0.04


Tree=17
num_leaves=6
num_cat=0
split_feature=82 74 81 116 37
split_gain=22.6404 23.309 26.4421 23.9215 3.80475
threshold=-0.64711440126431952 -0.14419817641488072 -0.046739181198417828 -0.41810235523035294 -0.3810715779729692
decision_type=2 2 2 2 2
left_child=4 3 -3 -2 -1
right_child=1 2 -4 -5 -6
leaf_value=-0.013062437089418769 -0.010581300901240055 -0.018689653360509217 0.0045199792535201211 0.019355308022970013 -0.047958991456091012
leaf_weight=9.9563037902116793 55.875130072236061 131.3444546610117 189.63731403648853 165.51211361587048 14.705881282687185
leaf_count=40 225 528 771 681 59
internal_value=8.1742e-05 0.00184413 -0.00503423 0.0117726 -0.0359076
internal_weight=567.031 542.369 320.982 221.387 24.6622
internal_count=2304 2205 1299 906 99
is_linear=0
shrinkage=0.04


Tree=18
num_leaves=7
num_cat=0
split_feature=115 87 4 98 10 35
split_gain=21.3503 27.2209 25.1919 21.5872 21.3668 18.1709
threshold=0.45546672940155913 2.3573533147746 0.36226831673554732 -1.1110751299245691 1.6261450933501 -1.1690308525239088
decision_type=2 2 2 2 2 2
left_child=2 5 3 -1 -4 -2
right_child=1 -3 4 -5 -6 -7
leaf_value=-0.041362873390918375 0.024427821812647729 0.046742930667305733 -0.013450478348961663 0.014429885923470522 0.040758203134034589 -0.021127398783595323
leaf_weight=9.6941811740398389 13.918095946311949 9.7614769488573057 128.99185366928577 257.23177284002304 10.829466268420218 136.0725139528513
leaf_count=39 56 42 527 1049 44 547
internal_value=6.94462e-05 -0.0122317 0.00493699 0.0121111 -0.00873632 -0.0166344
internal_weight=566.499 159.752 406.747 266.926 139.821 149.991
internal_count=2304 645 1659 1088 571 603
is_linear=0
shrinkage=0.04


Tree=19
num_leaves=6
num_cat=0
split_feature=82 117 29 47 46
split_gain=21.0481 21.3081 21.2406 19.5534 5.30525
threshold=-0.64711440126431952 -0.37409119111927885 0.61025483340474895 1.6066979358169522 -0.16946235943325752
decision_type=2 2 2 2 2
left_child=4 3 -3 -2 -1
right_child=1 2 -4 -5 -6
leaf_value=-0.013054085867931411 0.017067464351624165 0.00083715045036567568 -0.024063846692378075 -0.033574729482836421 -0.051755993398308879
leaf_weight=12.450289919972422 159.85367043316364 305.45633597671986 64.762057155370712 11.35426741838455 12.183382049202917
leaf_count=50 662 1235 262 46 49
internal_value=7.42717e-05 0.00177559 -0.00362466 0.01336 -0.0346445
internal_weight=566.06 541.426 370.218 171.208 24.6337
internal_count=2304 2205 1497 708 99
is_linear=0
shrinkage=0.04


Tree=20
num_leaves=8
num_cat=0
split_feature=102 81 79 115 97 115 1
split_gain=19.6912 20.4172 25.9668 19.0687 13.9193 12.5924 9.68829
threshold=-0.70867445176701083 0.074526661522083579 -0.96607873094878671 0.22500866404418249 -0.73313253864861194 -0.67368562352016026 0.15990596058908904
decision_type=2 2 2 2 2 2 2
left_child=4 2 -2 -3 5 -1 -6
right_child=1 3 -4 -5 6 -7 -8
leaf_value=0.021855442870549448 0.013292548649811071 0.015335055580366925 -0.017884017097041439 -0.0088938891848803058 0.038333612786696468 -0.023631373309985385 0.0074398419469372239
leaf_weight=15.024415403604506 52.891566291451454 126.8235701918602 196.52249573171139 85.416639685630798 39.624635756015778 20.849551558494568 28.543030515313148
leaf_count=63 216 525 792 345 162 84 117
internal_value=5.68608e-05 -0.00349978 -0.0112195 0.00559205 0.0156068 -0.00443286 0.0259786
internal_weight=565.696 461.654 249.414 212.24 104.042 35.874 68.1677
internal_count=2304 1878 1008 870 426 147 279
is_linear=0
shrinkage=0.04


Tree=21
num_leaves=7
num_cat=0
split_feature=80 81 74 92 4 8
split_gain=18.3288 28.2529 36.2569 14.1872 9.48699 1.41104
threshold=-0.85989383849194001 -0.011080516432315479 -0.64398832308233611 0.26413551953965547 0.33840883379174613 -0.02480735233855445
decision_type=2 2 2 2 2 2
left_child=4 2 -2 -3 5 -1
right_child=1 3 -4 -5 -6 -7
leaf_value=0.024456951745107182 0.021394987044901188 -0.00045005899847800354 -0.01833812203763013 0.017798763145783898 -0.002518398863988905 0.053633204598794476
leaf_weight=11.121231734752655 42.752440869808197 168.4734670072794 208.6544506251812 112.37128050625324 10.799804553389547 10.917796760797501
leaf_count=46 174 684 843 468 44 45
internal_value=6.15567e-05 -0.0017718 -0.0114659 0.00692586 0.0281724 0.0421701
internal_weight=565.09 532.252 251.407 280.845 32.8388 22.039
internal_count=2304 2169 1017 1152 135 91
is_linear=0
shrinkage=0.04


Tree=22
num_leaves=6
num_cat=0
split_feature=82 115 35 87 46
split_gain=18.6208 24.8631 18.5142 17.7473 5.06778
threshold=-0.64711440126431952 -0.7394345921840989 0.72460140689789621 2.3573533147746 -0.16946235943325752
decision_type=2 2 2 2 2
left_child=4 2 -2 -3 -1
right_child=1 3 -4 -5 -6
leaf_value=-0.011756564277754417 0.031917830690266921 -0.0030427581059071056 -0.021509254687972507 0.043072778738730437 -0.049356831009649875
leaf_weight=12.432561740279199 60.374349623918533 456.84044469892979 10.987036511301993 11.75541080534458 12.116495206952093
leaf_count=50 261 1848 45 51 49
internal_value=7.31376e-05 0.00167514 0.0233299 -0.00170774 -0.0326348
internal_weight=564.506 539.957 71.3614 468.596 24.5491
internal_count=2304 2205 306 1899 99
is_linear=0
shrinkage=0.04


Tree=23
num_leaves=7
num_cat=0
split_feature=115 69 100 36 67 37
split_gain=17.9744 23.701 22.0592 20.4777 12.7536 12.5196
threshold=0.45546672940155913 -1.596688443450397 0.73575127583373379 0.30954026074280894 -1.3833150137796737 0.81611580772069103
decision_type=2 2 2 2 2 2
left_child=2 -2 3 -1 -3 -4
right_child=1 4 5 -5 -6 -7
leaf_value=0.014568773236991035 0.034838909061603605 -0.049091455496385647 -0.047425567505138495 -0.0044110333691184138 -0.011727949492984897 0.0071995108322857465
leaf_weight=228.7074478417635 14.285681039094923 14.906440511345862 17.566706955432895 148.90627558529377 130.02834491431713 9.5007758587598783
leaf_count=943 60 60 71 605 525 40
internal_value=6.94493e-05 -0.0112331 0.00454978 0.00710056 -0.0161867 -0.0290759
internal_weight=563.902 159.22 404.681 377.614 144.935 27.0675
internal_count=2304 645 1659 1548 585 111
is_linear=0
shrinkage=0.04


Tree=24
num_leaves=8
num_cat=0
split_feature=102 60 74 116 73 37 80
split_gain=17.5774 17.7202 19.8802 13.5651 10.2955 12.1238 6.55621
threshold=-0.70867445176701083 0.66628197544355305 -0.63324066835379089 0.021738131657963032 0.25760216897726301 0.079674119597799298 -0.11936764179792698
decision_type=2 2 2 2 2 2 2
left_child=4 2 -2 -3 6 -6 -1
right_child=1 3 -4 -5 5 -7 -8
leaf_value=0.035600976472031962 0.032927342526517259 -0.0050574189758461896 -0.0021246999531048297 -0.037094162110969713 -0.029809591194760607 0.015362620882724007 0.010125888767377134
leaf_weight=34.473868414759636 25.949586510658264 47.733064875006676 349.2031577527523 37.061244890093803 13.638674676418303 22.279855221509933 32.994747325778008
leaf_count=144 108 195 1425 150 55 92 135
internal_value=5.89335e-05 -0.00330419 0.000461628 -0.0195919 0.0147995 -0.00245738 0.0237929
internal_weight=563.334 459.947 375.153 84.7943 103.387 35.9185 67.4686
internal_count=2304 1878 1533 345 426 147 279
is_linear=0
shrinkage=0.04


Tree=25
num_leaves=6
num_cat=0
split_feature=82 115 18 35 37
split_gain=17.261 22.0736 17.2074 17.0153 3.43677
threshold=-0.64711440126431952 -0.7394345921840989 0.43926133178691923 0.72460140689789621 -0.3810715779729692
decision_type=2 2 2 2 2
left_child=4 3 -3 -2 -1
right_child=1 2 -4 -5 -6
leaf_value=-0.01034347039394541 0.030463638450543482 0.0027425080882909647 -0.01510819544812494 -0.020755633489688181 -0.042895312582599258
leaf_weight=9.9174532294273394 59.598015606403351 355.94250223040581 111.92118552327156 11.009077429771422 14.550291508436201
leaf_count=40 261 1445 454 45 59
internal_value=5.98418e-05 0.00160417 -0.00157383 0.0221258 -0.0314797
internal_weight=562.939 538.471 467.864 70.6071 24.4677
internal_count=2304 2205 1899 306 99
is_linear=0
shrinkage=0.04


Tree=26
num_leaves=7
num_cat=0
split_feature=86 80 118 58 2 8
split_gain=16.7206 19.5277 21.079 17.135 11.2401 8.72353
threshold=1.0739764854825755 -0.85989383849194001 -0.16590465538597507 0.93939334107798389 0.43574988779407525 -0.34377685162278288
decision_type=2 2 2 2 2 2
left_child=1 5 -3 4 -2 -1
right_child=3 2 -4 -5 -6 -7
leaf_value=-0.0025331020922757376 0.04618542798656234 0.0051308413674328339 -0.011765027892510159 -0.024081089565473075 0.0049687321941064488 0.04043547481291996
leaf_weight=10.771730884909628 27.248625040054321 209.78309972584248 265.86847834289074 9.6240661740303022 17.422867760062218 21.692492052912712
leaf_count=45 121 861 1074 39 74 90
internal_value=5.00655e-05 -0.0022332 -0.00432293 0.0207378 0.0310118 0.0268587
internal_weight=562.411 508.116 475.652 54.2956 44.6715 32.4642
internal_count=2304 2070 1935 234 195 135
is_linear=0
shrinkage=0.04


Tree=27
num_leaves=8
num_cat=0
split_feature=106 73 73 80 18 30 106
split_gain=15.8384 26.7813 21.8815 23.9555 20.9683 18.1904 0.756764
threshold=0.90809259015101473 0.40596557611646988 -0.16344697146228407 1.0092461163828272 0.55636464774677152 -0.47270625477906048 1.0214887423971974
decision_type=2 2 2 2 2 2 2
left_child=2 6 4 -4 -1 -3 -2
right_child=1 5 3 -5 -6 -7 -8
leaf_value=0.020010674113003869 -0.032369368659971233 0.041269698880127922 -0.0084380327389737102 0.027111910322419566 -0.0080669704782426396 -0.027117052595867303 -0.06215996220908817
leaf_weight=148.0677627325058 11.791247099637987 11.287097722291948 279.59967406094074 32.031319424510002 58.119741782546043 9.8411431610584241 11.080467045307158
leaf_count=614 48 47 1134 135 241 40 45
internal_value=5.71852e-05 -0.02244 0.00204779 -0.00463441 0.0120947 0.00982598 -0.0506397
internal_weight=561.818 44 517.818 311.631 206.188 21.1282 22.8717
internal_count=2304 180 2124 1269 855 87 93
is_linear=0
shrinkage=0.04


Tree=28
num_leaves=6
num_cat=0
split_feature=82 115 87 35 46
split_gain=16.1137 19.0562 15.8756 15.8332 4.70202
threshold=-0.64711440126431952 -0.7394345921840989 2.3573533147746 0.72460140689789621 -0.16946235943325752
decision_type=2 2 2 2 2
left_child=4 3 -3 -2 -1
right_child=1 2 -4 -5 -6
leaf_value=-0.010536300001286492 0.028908075215758351 -0.0026537268404857521 0.041368887584386255 -0.020522979961274834 -0.04664687486521741
leaf_weight=12.397388547658922 58.680454894900322 455.61842742562294 11.495433002710341 11.006293937563894 11.983044013381003
leaf_count=50 261 1848 51 45 49
internal_value=4.82322e-05 0.00154254 -0.0013986 0.0207462 -0.0304756
internal_weight=561.181 536.801 467.114 69.6867 24.3804
internal_count=2304 2205 1899 306 99
is_linear=0
shrinkage=0.04


Tree=29
num_leaves=6
num_cat=0
split_feature=82 115 60 35 46
split_gain=15.0757 17.827 18.4244 10.8449 4.44149
threshold=-0.64711440126431952 -0.59564674644394489 0.66628197544355305 0.94396409696637351 -0.16946235943325752
decision_type=2 2 2 2 2
left_child=4 3 -3 -2 -1
right_child=1 2 -4 -5 -6
leaf_value=-0.010178163531658221 0.021759379678271313 0.0014894693065455047 -0.021329260170653494 -0.017642313520366562 -0.045307327398058553
leaf_weight=12.390776291489603 85.142470389604568 375.14763160049915 64.634755790233612 11.296797811985014 11.904545754194258
leaf_count=50 371 1527 261 46 49
internal_value=4.55277e-05 0.0014902 -0.00194557 0.0168792 -0.029528
internal_weight=560.517 536.222 439.782 96.4393 24.2953
internal_count=2304 2205 1788 417 99
is_linear=0
shrinkage=0.04


Tree=30
num_leaves=8
num_cat=0
split_feature=102 81 79 115 76 103 36
split_gain=15.0976 15.6209 22.144 14.7729 9.68527 14.9974 12.1961
threshold=-0.70867445176701083 0.074526661522083579 -0.62989425292944612 0.22500866404418249 0.25395806445973856 -0.52270067881395554 0.44999546686766889
decision_type=2 2 2 2 2 2 2
left_child=4 2 -2 -3 6 -6 -1
right_child=1 3 -4 -5 5 -7 -8
leaf_value=0.035890606075991364 0.0055989035361059172 0.013580461520059683 -0.018991019950598036 -0.0078255724308711472 -0.018387279996291275 0.024826364640378223 -0.0062901969809544189
leaf_weight=40.029012471437454 92.197259590029716 124.95955330133438 155.2858708947897 85.18198436498642 27.29569873213768 20.890733063220978 14.116378784179686
leaf_count=167 378 525 630 345 114 87 58
internal_value=3.38098e-05 -0.00308447 -0.00985885 0.00491144 0.0137705 0.000590308 0.0250612
internal_weight=559.956 457.625 247.483 210.142 102.332 48.1864 54.1454
internal_count=2304 1878 1008 870 426 201 225
is_linear=0
shrinkage=0.04


Tree=31
num_leaves=7
num_cat=0
split_feature=80 81 74 86 4 47
split_gain=15.0185 22.4831 30.2359 15.1041 8.41014 2.50598
threshold=-0.85989383849194001 -0.011080516432315479 -0.64398832308233611 1.0739764854825755 0.33840883379174613 -0.16727861478970557
decision_type=2 2 2 2 2 2
left_child=4 2 -2 -3 5 -1
right_child=1 3 -4 -5 -6 -7
leaf_value=0.050740473912006236 0.019879952793044574 0.0029758546520066193 -0.016595164604951137 0.033338142969799762 -0.0031178670804454995 0.017789867566823145
leaf_weight=12.133812457323073 42.252920463681221 250.51165670156479 207.00506702065468 27.354139655828476 10.686422556638716 9.3451623171567935
leaf_count=51 174 1026 843 126 44 40
internal_value=3.6975e-05 -0.00162283 -0.0103031 0.00618171 0.0257404 0.0391408
internal_weight=559.289 527.124 249.258 277.866 32.1654 21.479
internal_count=2304 2169 1017 1152 135 91
is_linear=0
shrinkage=0.04


Tree=32
num_leaves=7
num_cat=0
split_feature=37 32 87 97 1 88
split_gain=14.1148 21.1759 15.7661 20.2736 12.4221 10.0445
threshold=-0.92731767847980029 0.43520584385303246 1.9265864854349932 -1.1748731875080296 0.64989516827942551 0.28498127755469266
decision_type=2 2 2 2 2 2
left_child=1 5 3 -2 -4 -1
right_child=2 -3 4 -5 -6 -7
leaf_value=0.046779609434034752 -0.041927086884632654 -0.018431728682229656 0.037176601788166473 -0.0021903164813713684 -0.012847266787502616 0.0008860857341556744
leaf_weight=27.44928477704525 19.542832136154175 15.559301823377607 25.227450221776962 450.32365767657757 10.03191953897476 10.404424726963041
leaf_count=117 80 66 110 1846 43 42
internal_value=5.11218e-05 0.0192188 -0.0020435 -0.00401376 0.0230183 0.0348429
internal_weight=558.539 53.413 505.126 469.866 35.2594 37.8537
internal_count=2304 225 2079 1926 153 159
is_linear=0
shrinkage=0.04


Tree=33
num_leaves=7
num_cat=0
split_feature=106 67 35 82 74 46
split_gain=14.3998 23.8289 16.5882 15.1162 15.5969 4.20711
threshold=0.90809259015101473 -0.68181539093922638 -0.50070574465031747 -0.64711440126431952 -0.097361592018261792 -0.16946235943325752
decision_type=2 2 2 2 2 2
left_child=3 2 -2 5 -5 -1
right_child=1 -3 -4 4 -6 -7
leaf_value=-0.0090800932970488569 0.036632293665556634 -0.050911581785367199 -0.025940055161067292 0.011501953565595524 -0.0028127118221838855 -0.043170581498050753
leaf_weight=12.35626792907715 11.861768662929537 20.437485203146935 11.341424673795698 216.20280234515667 274.23023280501366 11.740490078926085
leaf_count=50 50 84 46 903 1122 49
internal_value=5.11353e-05 -0.0214856 0.00641629 0.00195393 0.00351886 -0.0277253
internal_weight=558.17 43.6407 23.2032 514.53 490.433 24.0968
internal_count=2304 180 96 2124 2025 99
is_linear=0
shrinkage=0.04


Tree=34
num_leaves=8
num_cat=0
split_feature=106 73 73 59 18 30 106
split_gain=13.4057 23.08 17.8508 19.2378 18.757 16.4506 0.888234
threshold=0.90809259015101473 0.40596557611646988 -0.16344697146228407 2.0428754822268886 0.55636464774677152 -0.47270625477906048 1.0214887423971974
decision_type=2 2 2 2 2 2 2
left_child=2 6 4 -4 -1 -3 -2
right_child=1 5 3 -5 -6 -7 -8
leaf_value=0.018545466470682642 -0.029597202824868649 0.039460961576639704 -0.0065916719141363139 0.035915412342593656 -0.0081198736670058929 -0.02584307197671358 -0.058506614115917961
leaf_weight=146.34150241315365 11.655883908271791 11.110368788242342 294.01842629909515 16.097214713692665 57.653356790542603 9.7953522950410825 10.87138010561466
leaf_count=614 48 47 1200 69 241 40 45
internal_value=3.69587e-05 -0.0207936 0.00187052 -0.00416925 0.0110036 0.00927801 -0.0471817
internal_weight=557.543 43.433 514.111 310.116 203.995 20.9057 22.5273
internal_count=2304 180 2124 1269 855 87 93
is_linear=0
shrinkage=0.04


Tree=35
num_leaves=8
num_cat=0
split_feature=102 4 115 110 97 80 2
split_gain=13.8358 13.3838 20.4713 18.597 11.2751 10.877 9.37043
threshold=-0.70867445176701083 0.3987154656439304 0.41791091319048429 0.016149762306862925 -0.73313253864861194 0.019089909518513321 0.37994764873317705
decision_type=2 2 2 2 2 2 2
left_child=4 2 -2 -3 5 -1 -6
right_child=1 3 -4 -5 6 -7 -8
leaf_value=0.01415453384126566 0.0084215829162150313 -0.029355082205761 -0.013005232199678401 0.00031977482037123085 0.032750665888231965 -0.028386124051968924 0.00088806346333593898
leaf_weight=19.743182241916656 217.87378227710724 61.202095106244087 103.63103796541691 72.516675546765327 44.8308986723423 15.325961589813231 21.735964849591255
leaf_count=84 903 253 423 299 188 63 91
internal_value=3.08214e-05 -0.00296036 0.00147735 -0.0134946 0.0132268 -0.00496511 0.022676
internal_weight=556.86 455.224 321.505 133.719 101.636 35.0691 66.5669
internal_count=2304 1878 1326 552 426 147 279
is_linear=0
shrinkage=0.04


Tree=36
num_leaves=7
num_cat=0
split_feature=80 81 79 78 8 66
split_gain=13.1052 20.1283 26.7177 14.1067 8.20517 2.25208
threshold=-0.85989383849194001 -0.011080516432315479 -0.95354841199775875 0.10435287738629548 -0.34377685162278288 0.31932566623667352
decision_type=2 2 2 2 2 2
left_child=4 2 -2 -3 -1 -6
right_child=1 3 -4 -5 5 -7
leaf_value=-0.0042460523181804023 0.012071054204502392 0.017949681917068663 -0.017513700130151404 -0.00082306918838203323 0.048938548117900924 0.017417593720084744
leaf_weight=10.569425344467165 64.728510528802872 97.562890589237213 183.23598358035088 179.07177376747131 11.685890480875971 9.4683693498373014
leaf_count=45 267 411 750 741 49 41
internal_value=2.78552e-05 -0.00152031 -0.00975612 0.00587898 0.024201 0.0375533
internal_weight=556.323 524.599 247.964 276.635 31.7237 21.1543
internal_count=2304 2169 1017 1152 135 90
is_linear=0
shrinkage=0.04


Tree=37
num_leaves=5
num_cat=0
split_feature=85 86 91 15
split_gain=12.7747 16.2759 14.7105 11.9988
threshold=-2.0629357627119709 1.0739764854825755 0.011864266337826652 0.62557430326266361
decision_type=2 2 2 2
left_child=-1 2 -2 -3
right_child=1 3 -4 -5
leaf_value=-0.039618243897306851 0.0058003716177124267 0.035451006865011514 -0.0079260002736031634 -0.0059771941252423312
leaf_weight=10.702515557408331 241.5192649513483 33.278955474495888 254.57280856370926 15.625256374478338
leaf_count=45 999 152 1041 67
internal_value=3.76182e-05 0.000958381 -0.00124695 0.0224996
internal_weight=555.699 544.996 496.092 48.9042
internal_count=2304 2259 2040 219
is_linear=0
shrinkage=0.04


Tree=38
num_leaves=8
num_cat=0
split_feature=102 60 86 13 97 80 1
split_gain=12.5963 14.6037 22.5865 12.5447 10.1949 10.0381 8.85242
threshold=-0.70867445176701083 0.66628197544355305 1.0083594840350363 0.76756918578686439 -0.73313253864861194 0.019089909518513321 0.15990596058908904
decision_type=2 2 2 2 2 2 2
left_child=4 2 -2 -3 5 -1 -6
right_child=1 3 -4 -5 6 -7 -8
leaf_value=0.013751650493944225 -0.0029719752179491903 -0.024700957018443454 0.027499545922881254 0.014397186835689905 0.033694506673814524 -0.02714637370169469 0.0040424062352382179
leaf_weight=19.678278461098671 327.99274753034115 69.225005373358727 42.125953063368797 14.702258825302122 38.266899958252907 15.316106006503103 27.867934614419937
leaf_count=84 1344 285 189 60 162 63 117
internal_value=3.48318e-05 -0.00282021 0.000625374 -0.0176761 0.0126594 -0.0046482 0.0216851
internal_weight=555.175 454.046 370.119 83.9273 101.129 34.9944 66.1348
internal_count=2304 1878 1533 345 426 147 279
is_linear=0
shrinkage=0.04


Tree=39
num_leaves=7
num_cat=0
split_feature=37 32 69 79 99 63
split_gain=12.5672 18.8241 14.06 15.6281 8.59087 4.47919
threshold=-0.92731767847980029 0.43520584385303246 -1.596688443450397 -0.92631569728014651 -0.34889889686242231 -0.11964417438468634
decision_type=2 2 2 2 2 2
left_child=1 4 5 -4 -1 -2
right_child=2 -3 3 -5 -6 -7
leaf_value=0.051596968669039421 0.0045346083315066718 -0.017242203445996983 0.013599867512779869 -0.0064757827700058805 0.012388986708844143 0.040634568445544098
leaf_weight=18.146573156118393 9.3846779912710208 15.518888518214224 71.192476436495781 407.79184345901012 19.083820670843124 13.506523951888083
leaf_count=81 42 66 298 1682 78 57
internal_value=3.96246e-05 0.0182403 -0.00193816 -0.00344775 0.0331557 0.0273882
internal_weight=554.625 52.7493 501.876 478.984 37.2304 22.8912
internal_count=2304 225 2079 1980 159 99
is_linear=0
shrinkage=0.04


Tree=40
num_leaves=7
num_cat=0
split_feature=80 81 74 28 8 66
split_gain=12.1868 18.5845 24.1042 13.3612 7.68522 2.09567
threshold=-0.85989383849194001 -0.011080516432315479 -0.64398832308233611 -0.36147676880115132 -0.34377685162278288 0.31932566623667352
decision_type=2 2 2 2 2 2
left_child=4 2 -2 -3 -1 -6
right_child=1 3 -4 -5 5 -7
leaf_value=-0.0040886056606634167 0.017766613068856848 -0.0095868119465344435 -0.014999005083136282 0.01067382933054355 0.047490546968371787 0.016916859162117059
leaf_weight=10.559650719165804 41.689691662788391 67.507456868886948 205.33201238512993 208.19388668239117 11.559475362300875 9.4206488728523237
leaf_count=45 174 283 843 869 49 41
internal_value=5.29599e-05 -0.0014414 -0.00937089 0.00567955 0.0234288 0.0364292
internal_weight=554.263 522.723 247.022 275.701 31.5398 20.9801
internal_count=2304 2169 1017 1152 135 90
is_linear=0
shrinkage=0.04


Tree=41
num_leaves=8
num_cat=0
split_feature=106 73 73 82 81 2 106
split_gain=12.285 20.3599 15.2225 18.6147 14.8781 14.783 0.827045
threshold=0.90809259015101473 0.40596557611646988 0.4177333671491737 -0.56309075351285853 0.93819062348528159 -0.30185213565935304 1.0214887423971974
decision_type=2 2 2 2 2 2 2
left_child=2 6 3 -1 -4 -3 -2
right_child=1 5 4 -5 -6 -7 -8
leaf_value=-0.022329508963526305 -0.028121283282856159 0.036960853867003242 -0.013285651733007792 0.0088254932436451078 0.031795597603086707 -0.025250710914463178 -0.055978784164111464
leaf_weight=31.807162716984749 11.51594226062298 11.064245879650118 128.8169037103653 339.22760602831841 10.967572674155234 9.6014519482851011 10.633096531033514
leaf_count=132 48 47 528 1416 48 40 45
internal_value=6.04323e-05 -0.0200236 0.00181532 0.00604931 -0.00934994 0.00837922 -0.0450234
internal_weight=553.634 42.8147 510.819 371.035 139.784 20.6657 22.149
internal_count=2304 180 2124 1548 576 87 93
is_linear=0
shrinkage=0.04


Tree=42
num_leaves=8
num_cat=0
split_feature=4 73 28 37 110 117 47
split_gain=11.9835 17.2922 15.8714 12.8911 12.5035 14.5352 12.2132
threshold=0.3987154656439304 -0.22377574949388432 -0.43503860880794754 -0.84731134491427429 0.016149762306862925 -0.68048792895815768 -0.40827076926056971
decision_type=2 2 2 2 2 2 2
left_child=1 3 -3 -1 5 -2 -6
right_child=4 2 -4 -5 6 -7 -8
leaf_value=0.03915118680912965 0.01756352015913203 -0.017635387937144999 0.0039733513781683404 0.0085507529874910785 0.025013800986556058 -0.03027572069714566 -0.0078973778612473726
leaf_weight=28.592298090457916 10.957291960716246 71.078286960721016 210.76472994685173 84.80583530664444 22.204514920711517 55.579778239130974 68.856463387608528
leaf_count=126 48 291 873 357 94 230 285
internal_value=4.82629e-05 0.0037675 -0.00156204 0.0168112 -0.00920955 -0.0221149 0.000492867
internal_weight=552.839 395.241 281.843 113.398 157.598 66.5371 91.061
internal_count=2304 1647 1164 483 657 278 379
is_linear=0
shrinkage=0.04


Tree=43
num_leaves=7
num_cat=0
split_feature=88 34 109 116 37 28
split_gain=11.676 20.8011 19.2126 18.743 18.5395 11.0842
threshold=0.41529294738511113 -0.82759565437527127 -1.2159267518946646 -0.71292104331482242 -0.77113217605674189 0.17695729663404433
decision_type=2 2 2 2 2 2
left_child=3 5 -3 -1 -5 -2
right_child=1 2 -4 4 -6 -7
leaf_value=-0.04470833976653827 -0.014646764685062619 0.024939482547418637 -0.021978679274308906 0.025056050948881393 0.0014286724695829426 0.029306890725068344
leaf_weight=10.316576704382895 11.821451991796492 14.191510900855063 113.94358371198177 62.107376307249069 312.13772174715996 27.736999377608299
leaf_count=42 48 62 467 268 1301 116
internal_value=5.23304e-05 -0.00869461 -0.0164789 0.00389181 0.00546207 0.0160992
internal_weight=552.255 167.694 128.135 384.562 374.245 39.5585
internal_count=2304 693 529 1611 1569 164
is_linear=0
shrinkage=0.04


Tree=44
num_leaves=5
num_cat=0
split_feature=85 88 34 116
split_gain=11.5004 13.2048 19.2289 18.5572
threshold=-2.0629357627119709 0.41529294738511113 -0.82759565437527127 -0.71292104331482242
decision_type=2 2 2 2
left_child=-1 3 -3 -2
right_child=1 2 -4 -5
leaf_value=-0.037860966880990748 -0.043323588467861808 0.015515918396393749 -0.015834623544837067 0.0067012762460128862
leaf_weight=10.514278188347815 10.285016149282454 39.474680736660957 127.99765142798424 363.44164389371872
leaf_count=45 42 164 529 1524
internal_value=5.04695e-05 0.000923692 -0.00834913 0.0051013
internal_weight=551.713 541.199 167.472 373.727
internal_count=2304 2259 693 1566
is_linear=0
shrinkage=0.04


Tree=45
num_leaves=8
num_cat=0
split_feature=106 73 73 111 112 48 106
split_gain=11.2194 18.5232 13.5061 17.2459 13.7917 12.5177 0.854977
threshold=0.90809259015101473 0.40596557611646988 0.4177333671491737 0.91454481719877889 0.19669372382693054 -0.53682401045059025 1.0214887423971974
decision_type=2 2 2 2 2 2 2
left_child=2 6 3 -1 -4 -3 -2
right_child=1 5 4 -5 -6 -7 -8
leaf_value=0.0085859455324474449 -0.026789419267068723 0.037387340814895469 -0.017876332267587561 -0.019814248066187617 0.0081755822384099053 -0.019960714255669004 -0.054157321968382723
leaf_weight=333.30123414099216 11.400407060980799 9.6426613032817858 90.862163320183754 36.197668120265007 48.566168680787086 10.921445891261099 10.426081404089926
leaf_count=1398 48 42 375 150 201 45 45
internal_value=3.76049e-05 -0.0192515 0.00171334 0.00571205 -0.00881455 0.00786058 -0.0433111
internal_weight=551.318 42.3906 508.927 369.499 139.428 20.5641 21.8265
internal_count=2304 180 2124 1548 576 87 93
is_linear=0
shrinkage=0.04


Tree=46
num_leaves=8
num_cat=0
split_feature=22 73 62 112 116 47 99
split_gain=11.0039 15.1771 14.5843 12.87 12.0538 12.4255 6.05879
threshold=0.40387021018770164 -0.22377574949388432 -0.39308217117943672 -0.10626329465098736 -0.44439461329316998 -0.38498059134955531 -0.10775554739829472
decision_type=2 2 2 2 2 2 2
left_child=1 2 -1 -3 6 -6 -2
right_child=4 3 -4 -5 5 -7 -8
leaf_value=-0.0027794273276422498 -0.010297313081406401 -0.011317317843372801 0.026723074106679873 0.0058857715103813758 0.018118456389793321 -0.010512450018771687 -0.052175124813201565
leaf_weight=41.956735357642174 11.195471733808519 118.55359615385532 70.590755611658096 162.63170218467712 29.483578383922577 104.34571497142315 11.910735562443731
leaf_count=178 46 490 305 674 126 436 49
internal_value=2.37437e-05 0.00359413 0.0158683 -0.00139611 -0.00886644 -0.00403094 -0.0343211
internal_weight=550.668 393.733 112.547 281.185 156.936 133.829 23.1062
internal_count=2304 1647 483 1164 657 562 95
is_linear=0
shrinkage=0.04


Tree=47
num_leaves=6
num_cat=0
split_feature=87 115 100 2 35
split_gain=10.9873 16.2882 16.0676 13.1945 10.6441
threshold=2.0948133517809233 0.45546672940155913 0.73575127583373379 0.46723387870384453 -1.1690308525239088
decision_type=2 2 2 2 2
left_child=1 2 -1 -2 -3
right_child=3 4 -4 -5 -6
leaf_value=0.0051793539075469276 0.043810383305868374 0.020482657509084096 -0.02713109955066963 -0.012306321373106659 -0.016289780159986989
leaf_weight=359.158690944314 16.815525576472286 12.23926882445812 24.446984216570854 9.290941968560217 128.154870018363
leaf_count=1506 76 50 105 41 526
internal_value=1.78628e-05 -0.00128423 0.00299019 0.0243846 -0.0128414
internal_weight=550.106 524 383.606 26.1065 140.394
internal_count=2304 2187 1611 117 576
is_linear=0
shrinkage=0.04


Tree=48
num_leaves=8
num_cat=0
split_feature=60 74 87 81 40 36 13
split_gain=10.7679 19.6655 16.8429 16.5283 14.1895 9.02039 6.18062
threshold=0.66628197544355305 -0.63324066835379089 -0.48999550560341593 -0.11434941480286454 -0.42936804444591403 0.147205130156497 0.43923630161644517
decision_type=2 2 2 2 2 2 2
left_child=1 5 6 -3 -4 -1 -2
right_child=2 3 4 -5 -6 -7 -8
leaf_value=0.048300035500935812 -0.042238013663380015 -0.0095908668802526294 0.028798532704528767 0.0066332168390548498 -0.011212236453557432 0.0062681356505002216 -0.0044735386418277385
leaf_weight=18.760002374649048 26.346564218401909 163.94975878298283 18.301275491714478 252.61899338662624 45.058529108762741 14.585442051291464 9.8594332635402662
leaf_count=85 110 684 79 1059 185 62 40
internal_value=1.93461e-05 0.00266424 -0.0117494 0.000232557 0.000872334 0.0313101 -0.0327267
internal_weight=549.48 449.914 99.5658 416.569 63.3598 33.3454 36.206
internal_count=2304 1890 414 1743 264 147 150
is_linear=0
shrinkage=0.04


Tree=49
num_leaves=6
num_cat=0
split_feature=36 106 67 59 99
split_gain=10.525 11.9863 14.4321 12.3887 9.0256
threshold=-1.1680629892088448 0.90809259015101473 -0.76974270832631053 -0.70588048622260613 0.081090297773490111
decision_type=2 2 2 2 2
left_child=4 3 -3 -2 -1
right_child=1 2 -4 -5 -6
leaf_value=-0.0010934933069211578 0.022760314240546621 0.0047709394786721575 -0.042928887730179291 -0.0014023564629360055 0.041938985558470358
leaf_weight=14.052015006542208 34.734321922063828 17.425016105175018 21.148699283599854 446.22089660167694 15.249480277299879
leaf_count=60 147 72 92 1867 66
internal_value=2.23659e-05 -0.00132985 -0.0222083 0.000429686 0.0225508
internal_weight=548.83 519.529 38.5737 480.955 29.3015
internal_count=2304 2178 164 2014 126
is_linear=0
shrinkage=0.04


Tree=50
num_leaves=8
num_cat=0
split_feature=36 63 74 7 104 118 75
split_gain=10.3051 19.1308 17.8037 17.5982 17.8286 11.2805 4.33344
threshold=0.46851786260151779 -1.2749500115074022 -0.60469723112714002 -0.002135504191704296 0.16770203643253295 -0.30925389806932985 0.012237178168195058
decision_type=2 2 2 2 2 2 2
left_child=1 6 -3 4 -2 -5 -1
right_child=3 2 -4 5 -6 -7 -8
leaf_value=0.049718233952385282 -0.033128367802662186 0.024172329096912581 -0.0022122454476565675 0.022243790081623117 0.018278215049249619 -0.0095393478317261134 0.013428960681514559
leaf_weight=13.804953724145891 55.158596083521843 44.414754703640938 343.78307116031647 30.355477944016457 11.941908076405523 38.120926454663277 10.859390228986738
leaf_count=59 228 199 1443 125 49 156 45
internal_value=2.49283e-05 0.00317088 0.00091491 -0.00946203 -0.0237153 0.00478147 0.0359462
internal_weight=548.439 412.862 388.198 135.577 67.1005 68.4764 24.6643
internal_count=2304 1746 1642 558 277 281 104
is_linear=0
shrinkage=0.04


Tree=51
num_leaves=8
num_cat=0
split_feature=102 60 86 13 7 26 92
split_gain=10.3138 13.1209 18.0699 10.8948 9.00332 15.4352 7.16309
threshold=-0.70867445176701083 0.66628197544355305 1.0083594840350363 0.76756918578686439 0.23913499497864391 -0.52129497213804166 0.7430712480935735
decision_type=2 2 2 2 2 2 2
left_child=4 2 -2 -3 5 -1 -6
right_child=1 3 -4 -5 6 -7 -8
leaf_value=-0.030951938364031997 -0.0024737179288806983 -0.023294399455580258 0.025171358562833569 0.013259669577807482 0.037620652669862441 0.013231517914872355 -0.0015861095711790139
leaf_weight=14.831207320094107 324.55652882158756 68.495023623108864 40.78875844180584 14.626709237694739 25.576819330453873 49.021161332726479 10.003328591585158
leaf_count=62 1344 285 189 60 110 212 42
internal_value=3.65815e-05 -0.00255831 0.000732941 -0.0167017 0.0115599 0.00234052 0.0270999
internal_weight=547.9 448.467 365.345 83.1217 99.4325 63.8524 35.5801
internal_count=2304 1878 1533 345 426 274 152
is_linear=0
shrinkage=0.04


Tree=52
num_leaves=5
num_cat=0
split_feature=69 91 109 44
split_gain=10.0643 15.7862 14.7558 4.34502
threshold=-1.596688443450397 1.0783195929729092 -1.2159267518946646 0.29292495622942522
decision_type=2 2 2 2
left_child=3 2 -2 -1
right_child=1 -3 -4 -5
leaf_value=0.040938521303894741 0.031742543984745478 -0.046220833479154282 -0.0014915418827188063 0.0058928263271941332
leaf_weight=11.082643106579782 20.337242603302002 10.1335561722517 494.43758897483349 11.363989561796187
leaf_count=49 90 42 2073 50
internal_value=4.02219e-05 -0.00112399 -6.07935e-05 0.0251297
internal_weight=547.355 524.908 514.775 22.4466
internal_count=2304 2205 2163 99
is_linear=0
shrinkage=0.04


Tree=53
num_leaves=6
num_cat=0
split_feature=38 97 115 33 91
split_gain=10.0218 10.9535 12.1188 9.60653 3.95888
threshold=-1.0074216541120355 -1.1440007475905503 -0.59564674644394489 0.16625418606888243 -0.20085782904973573
decision_type=2 2 2 2 2
left_child=4 3 -3 -2 -1
right_child=1 2 -4 -5 -6
leaf_value=0.041303599029131624 0.001331080520363459 0.014267544381383264 -0.0024080745011486847 -0.04352184317943799 0.0057362692816899964
leaf_weight=10.541160836815836 13.279819890856745 81.675722181797028 416.3928285241127 15.629889830946921 9.5752950161695463
leaf_count=50 58 363 1729 64 40
internal_value=4.32957e-05 -0.00105982 0.000372601 -0.0241654 0.0264235
internal_weight=547.095 526.978 498.069 28.9097 20.1165
internal_count=2304 2214 2092 122 90
is_linear=0
shrinkage=0.04


Tree=54
num_leaves=8
num_cat=0
split_feature=4 80 91 116 110 99 8
split_gain=9.8972 13.6627 12.2047 10.9727 11.4768 5.65578 1.86347
threshold=0.3987154656439304 -0.89539502268021687 0.011864266337826652 -0.44439461329316998 -0.082660274102647882 -0.10775554739829472 -0.068619265917466518
decision_type=2 2 2 2 2 2 2
left_child=1 6 -3 5 -5 -2 -1
right_child=3 2 -4 4 -6 -7 -8
leaf_value=0.016511011256708803 -0.0096259817616161768 0.0094692304278456516 -0.0049862331397696842 -0.019274025042600552 0.0049183666101614634 -0.050155148138345255 0.04687320665634976
leaf_weight=9.1191338151693362 11.134728685021402 171.13659924268723 201.17033061385155 46.924550324678421 85.843661680817604 11.76857979595661 9.5675155073404294
leaf_count=41 46 728 834 200 362 49 44
internal_value=4.42618e-05 0.0034408 0.00167353 -0.0084221 -0.00379114 -0.0328069 0.0350852
internal_weight=546.665 390.994 372.307 155.672 132.768 22.9033 18.6866
internal_count=2304 1647 1562 657 562 95 85
is_linear=0
shrinkage=0.04


Tree=55
num_leaves=8
num_cat=0
split_feature=81 79 59 58 78 32 64
split_gain=9.75727 18.7928 17.4607 14.92 11.1058 11.3516 4.73215
threshold=-0.11434941480286454 -0.63496257221434249 -0.58004833565620095 1.1430961970417639 -0.71927324291446115 0.15160281280906576 -0.030023055310589863
decision_type=2 2 2 2 2 2 2
left_child=1 3 -3 -1 6 -6 -2
right_child=4 2 -4 -5 5 -7 -8
leaf_value=0.011593777450856555 0.04531778138968421 0.012370404225621251 -0.023078367509552052 -0.032127195833001138 0.0085245668840655663 -0.0081484754167309385 0.0069701849849838739
leaf_weight=98.276172503829002 12.611024752259256 26.595717713236809 106.45575474202633 12.317328512668608 180.81076870858669 99.786702886223793 9.25366063416004
leaf_count=420 56 111 444 51 760 422 40
internal_value=4.18136e-05 -0.00588914 -0.0159142 0.00624018 0.00482673 0.00257956 0.0310324
internal_weight=546.107 243.645 133.051 110.594 302.462 280.597 21.8647
internal_count=2304 1026 555 471 1278 1182 96
is_linear=0
shrinkage=0.04


Tree=56
num_leaves=5
num_cat=0
split_feature=87 115 35 4
split_gain=9.6646 13.1674 13.4812 13.161
threshold=2.3573533147746 0.45546672940155913 -1.1690308525239088 0.36226831673554732
decision_type=2 2 2 2
left_child=1 3 -3 -1
right_child=-2 2 -4 -5
leaf_value=0.008405813911944636 0.031774735375358784 0.024494955097596346 -0.014952946411389129 -0.0069984750846723703
leaf_weight=251.74790614843369 12.940075099468229 13.644737899303435 132.47246830165386 134.64872406423092
leaf_count=1068 63 56 547 570
internal_value=4.3473e-05 -0.000843603 -0.0109882 0.00302944
internal_weight=545.454 532.514 146.117 386.397
internal_count=2304 2241 603 1638
is_linear=0
shrinkage=0.04


Tree=57
num_leaves=6
num_cat=0
split_feature=82 115 26 81 46
split_gain=9.60792 11.504 12.0578 11.0369 4.07796
threshold=-0.64711440126431952 -0.80801884754989806 1.1036885875645648 1.1997475713353924 -0.16946235943325752
decision_type=2 2 2 2 2
left_child=4 3 -3 -2 -1
right_child=1 2 -4 -5 -6
leaf_value=-0.0060865987121165544 0.025248482758252814 0.00040474234033294957 -0.032215933117225419 -0.019037899182061415 -0.039399370412299073
leaf_weight=12.113877758383753 48.682346239686012 446.51149465143681 16.895571112632751 9.4085516333579999 11.273724243044851
leaf_count=50 231 1862 70 42 49
internal_value=4.82162e-05 0.00121347 -0.000917921 0.0176808 -0.0239834
internal_weight=544.886 521.498 463.407 58.0909 23.3876
internal_count=2304 2205 1932 273 99
is_linear=0
shrinkage=0.04


Tree=58
num_leaves=5
num_cat=0
split_feature=74 53 110 81
split_gain=9.43647 11.9027 13.9263 7.1206
threshold=-1.0222123817282291 0.91666666666666685 0.93944125879129259 0.08241086890331685
decision_type=2 2 2 2
left_child=-1 2 -2 -3
right_child=1 3 -4 -5
leaf_value=0.030531399148865934 -0.0016782209043351461 -0.035909976255352055 0.018795887472487539 -0.0009738142633334085
leaf_weight=13.768460109829901 434.80908660590649 21.644731223583221 58.523781925439835 15.611785888671873
leaf_count=63 1833 90 252 66
internal_value=3.61244e-05 -0.00086689 0.000816695 -0.022066
internal_weight=544.358 530.589 493.333 37.2565
internal_count=2304 2241 2085 156
is_linear=0
shrinkage=0.04


Tree=59
num_leaves=5
num_cat=0
split_feature=85 102 102 42
split_gain=9.30585 9.59731 13.2997 12.6049
threshold=-2.0629357627119709 -0.51282159715611575 0.90749861386924791 -1.1082599699013944
decision_type=2 2 2 2
left_child=-1 3 -3 -2
right_child=1 2 -4 -5
leaf_value=-0.034630542563352983 -0.030781201724179797 -0.0050816958539837568 0.016339545320590915 0.013590651651486818
leaf_weight=10.115364551544188 9.2767695188522321 349.87647442519665 51.442534148693085 123.19405867159367
leaf_count=45 39 1470 219 531
internal_value=3.64389e-05 0.000820198 -0.00226843 0.0100717
internal_weight=543.905 533.79 401.319 132.471
internal_count=2304 2259 1689 570
is_linear=0
shrinkage=0.04


Tree=60
num_leaves=5
num_cat=0
split_feature=69 91 106 63
split_gain=9.14592 14.3722 14.9894 4.35654
threshold=-1.596688443450397 1.0783195929729092 0.9512607063572911 -0.11964417438468634
decision_type=2 2 2 2
left_child=3 2 -2 -1
right_child=1 -3 -4 -5
leaf_value=0.0017529502308748553 0.0016714494548936481 -0.044369665304222441 -0.026833111059276389 0.037221880106410712
leaf_weight=9.0686217099428195 482.00835730135441 9.9910351037979108 29.43431530892849 13.126455023884771
leaf_count=42 2034 42 129 57
internal_value=2.91676e-05 -0.00108232 -6.71642e-05 0.0240726
internal_weight=543.629 521.434 511.443 22.1951
internal_count=2304 2205 2163 99
is_linear=0
shrinkage=0.04


Tree=61
num_leaves=6
num_cat=0
split_feature=38 97 105 34 93
split_gain=9.05885 10.1511 11.0485 10.0305 4.16843
threshold=-1.0074216541120355 -1.1440007475905503 -0.95953390945694983 0.02113893002947986 -0.7009459898878625
decision_type=2 2 2 2 2
left_child=4 3 -3 -2 -1
right_child=1 2 -4 -5 -6
leaf_value=0.043742298594050426 0.0015030451230952564 0.026998702466857167 -0.00097451364274295476 -0.044271716419109305 0.0071427313397594587
leaf_weight=8.4163320064544695 13.909468576312067 21.719183102250099 473.15112929046154 14.705667823553084 11.366888985037802
leaf_count=41 61 101 1991 61 49
internal_value=2.34387e-05 -0.00102444 0.000356926 -0.0233765 0.0252998
internal_weight=543.269 523.485 494.87 28.6151 19.7832
internal_count=2304 2214 2092 122 90
is_linear=0
shrinkage=0.04


Tree=62
num_leaves=5
num_cat=0
split_feature=87 115 100 28
split_gain=8.84939 11.7293 13.1197 9.88055
threshold=2.3573533147746 0.45546672940155913 0.73575127583373379 -0.43169444020424091
decision_type=2 2 2 2
left_child=1 2 -1 -3
right_child=-2 3 -4 -5
leaf_value=0.0047971603299878365 0.030654383933952589 -0.030836180879739671 -0.024670709210833235 -0.0050609500046276722
leaf_weight=360.77677880227566 12.689546212553976 28.226501971483231 23.920949891209602 117.32802893221378
leaf_count=1533 63 118 105 485
internal_value=2.77572e-05 -0.000817607 0.00284669 -0.0104096
internal_weight=542.942 530.252 384.698 145.555
internal_count=2304 2241 1638 603
is_linear=0
shrinkage=0.04


Tree=63
num_leaves=6
num_cat=0
split_feature=35 88 109 28 99
split_gain=9.0247 11.7865 16.1365 15.5975 9.39292
threshold=-1.2587425208187393 0.41529294738511113 -1.2159267518946646 1.4718116087221589 0.13249716612728218
decision_type=2 2 2 2 2
left_child=4 3 -3 -2 -1
right_child=1 2 -4 -5 -6
leaf_value=-0.0013934691824336795 0.0046216611558951492 0.02134473809089199 -0.01597342066837475 -0.030845522183437592 0.04515840044293614
leaf_weight=13.425847843289377 351.31723700463772 19.884099304676056 126.56989115476608 19.031722381711006 12.092730969190596
leaf_count=57 1500 88 528 80 51
internal_value=2.29593e-05 -0.00116116 -0.0106874 0.00264316 0.0223453
internal_weight=542.322 516.803 146.454 370.349 25.5186
internal_count=2304 2196 616 1580 108
is_linear=0
shrinkage=0.04


Tree=64
num_leaves=6
num_cat=0
split_feature=60 26 86 96 57
split_gain=8.94788 16.9783 17.5514 14.6918 11.5923
threshold=0.66628197544355305 1.1036885875645648 1.0083594840350363 -0.98517856358437672 0.27672308704613741
decision_type=2 2 2 2 2
left_child=1 2 -1 -2 -5
right_child=3 -3 -4 4 -6
leaf_value=0.00094329834280081971 0.031695487971789664 -0.03891269602632446 0.025824525845831926 0.0020301254844389675 -0.027293567551216091
leaf_weight=380.65387926995754 9.7701158523559553 13.343606427311896 49.525513857603073 34.6637202501297 53.987347602844238
leaf_count=1598 42 56 236 144 228
internal_value=2.55811e-05 0.0024567 0.00391407 -0.0107607 -0.0160358
internal_weight=541.944 443.523 430.179 98.4212 88.6511
internal_count=2304 1890 1834 414 372
is_linear=0
shrinkage=0.04


Tree=65
num_leaves=5
num_cat=0
split_feature=36 40 14 99
split_gain=8.5473 11.5667 10.1875 8.35143
threshold=-1.1680629892088448 2.0301555185550062 -1.68613913121142 0.055431772683929126
decision_type=2 2 2 2
left_child=3 2 -2 -1
right_child=1 -3 -4 -5
leaf_value=-0.0032119868026224303 -0.031568082482409707 -0.03413589704083133 0.00092600623254930799 0.038554365591704304
leaf_weight=13.063763394951822 13.943805575370787 14.511263668537138 484.27579139173031 15.588426321744917
leaf_count=57 58 63 2057 69
internal_value=2.40682e-05 -0.001198 -0.000105995 0.0205442
internal_weight=541.383 512.731 498.22 28.6522
internal_count=2304 2178 2115 126
is_linear=0
shrinkage=0.04


Tree=66
num_leaves=6
num_cat=0
split_feature=38 97 105 33 93
split_gain=8.58995 9.57185 10.1187 8.0134 3.82501
threshold=-1.0074216541120355 -1.1440007475905503 -0.95953390945694983 0.041321860336412615 -0.7009459898878625
decision_type=2 2 2 2 2
left_child=4 3 -3 -2 -1
right_child=1 2 -4 -5 -6
leaf_value=0.04262498604154611 0.0026976136240115063 0.025977398426549638 -0.00092897781974350603 -0.039015488470903116 0.0072734228868265105
leaf_weight=8.2568922042846697 11.747748956084253 21.471613883972168 471.71171320229769 16.724201187491417 11.318621456623076
leaf_count=41 52 101 1991 70 49
internal_value=1.89384e-05 -0.00100025 0.000342628 -0.0227569 0.0247536
internal_weight=541.231 521.655 493.183 28.472 19.5755
internal_count=2304 2214 2092 122 90
is_linear=0
shrinkage=0.04


Tree=67
num_leaves=7
num_cat=0
split_feature=80 81 74 78 61 85
split_gain=8.5185 12.317 15.6768 11.6006 5.49752 4.3785
threshold=-0.85989383849194001 -0.011080516432315479 -0.60469723112714002 0.10435287738629548 0.53943965182410125 0.23148900574848538
decision_type=2 2 2 2 2 2
left_child=4 2 -2 -3 5 -1
right_child=1 3 -4 -5 -6 -7
leaf_value=0.048342571086154508 0.01242279130404071 0.015777594063505315 -0.012823070507886808 -0.0014787661897887269 -0.0028437235204230404 0.0094227140257730525
leaf_weight=9.7787222564220482 47.588445916771889 94.357393771409988 193.19186863303185 175.65570393204689 10.729726418852804 9.5923585146665555
leaf_count=42 204 411 813 741 45 48
internal_value=2.41111e-05 -0.00122731 -0.00777218 0.00462322 0.0200134 0.0317553
internal_weight=540.894 510.793 240.78 270.013 30.1008 19.3711
internal_count=2304 2169 1017 1152 135 90
is_linear=0
shrinkage=0.04


Tree=68
num_leaves=7
num_cat=0
split_feature=15 41 47 77 72 14
split_gain=8.49354 13.7149 14.3842 11.1735 11.5955 10.1997
threshold=0.26575637781753975 -0.25455854333690758 -0.40827076926056971 -0.13256095889649996 -0.12970219189810514 -0.59613087792747743
decision_type=2 2 2 2 2 2
left_child=3 -2 -3 5 -5 -1
right_child=1 2 -4 4 -6 -7
leaf_value=-0.0058967994750048535 -0.042242937645369745 0.017224178979805094 -0.0094155881041258441 0.010302352794323177 -0.0094846590959931695 0.018310285207396845
leaf_weight=36.222212165594101 13.890171080827711 39.944341734051704 141.60755451023579 72.582027569413185 128.15067908167839 107.8082505017519
leaf_count=154 60 176 601 312 541 460
internal_value=3.36164e-05 -0.00658897 -0.0034306 0.00380423 -0.00229891 0.0122251
internal_weight=540.205 195.442 181.552 344.763 200.733 144.03
internal_count=2304 837 777 1467 853 614
is_linear=0
shrinkage=0.04


Tree=69
num_leaves=5
num_cat=0
split_feature=85 88 60 46
split_gain=8.30649 9.62139 16.6373 12.3999
threshold=-2.0629357627119709 0.41529294738511113 -0.28565263931829726 -0.0066810224758677567
decision_type=2 2 2 2
left_child=-1 3 -3 -2
right_child=1 2 -4 -5
leaf_value=-0.033027389508411817 0.011802058678502781 0.0030232957492621975 -0.022790539709328438 -0.0028582249083226579
leaf_weight=9.8963937014341337 179.89033688604832 99.822216257452965 64.161386013031006 186.16789726912975
leaf_count=45 769 417 276 797
internal_value=2.93989e-05 0.000768434 -0.00722972 0.00437119
internal_weight=539.938 530.042 163.984 366.058
internal_count=2304 2259 693 1566
is_linear=0
shrinkage=0.04


Tree=70
num_leaves=5
num_cat=0
split_feature=74 58 80 53
split_gain=8.1998 11.8886 13.5362 10.4524
threshold=-1.0222123817282291 1.1430961970417639 -0.43167992898296953 0.91666666666666685
decision_type=2 2 2 2
left_child=-1 3 -3 -2
right_child=1 2 -4 -5
leaf_value=0.028784576758456748 0.0022325090490803779 0.011021926400971868 -0.04362255405405574 -0.020684919754293984
leaf_weight=13.408737689256666 465.20723313838243 10.130140274763109 18.669594153761864 32.173252150416374
leaf_count=63 1983 45 78 135
internal_value=2.16851e-05 -0.000817504 -0.0249341 0.000673181
internal_weight=539.589 526.18 28.7997 497.38
internal_count=2304 2241 123 2118
is_linear=0
shrinkage=0.04


Tree=71
num_leaves=7
num_cat=0
split_feature=80 81 79 28 61 85
split_gain=8.09471 11.181 17.1515 13.9484 5.29583 4.01376
threshold=-0.85989383849194001 -0.11434941480286454 -0.62989425292944612 -0.25363918375907152 0.53943965182410125 0.23148900574848538
decision_type=2 2 2 2 2 2
left_child=4 2 -2 -3 5 -1
right_child=1 3 -4 -5 -6 -7
leaf_value=0.047155366988094909 0.004281956524416858 -0.0087932327145560304 -0.018164788024293724 0.0098189417312087059 -0.002876401342756 0.0096325165263261067
leaf_weight=9.6581256240606361 98.195181980729103 92.866078719496727 118.56191539764404 199.61122816801071 10.720997050404547 9.6116715967655164
leaf_count=42 417 397 501 854 45 48
internal_value=1.75182e-05 -0.00120399 -0.0080498 0.0038897 0.0195369 0.0311048
internal_weight=539.225 509.234 216.757 292.477 29.9908 19.2698
internal_count=2304 2169 918 1251 135 90
is_linear=0
shrinkage=0.04


Tree=72
num_leaves=8
num_cat=0
split_feature=84 86 79 36 63 43 63
split_gain=8.1816 12.2779 11.1869 10.8271 10.045 9.54322 7.15015
threshold=-0.89748958252912525 1.0739764854825755 -0.84702652392899658 0.095454429372382951 0.2852798195898395 0.013215224866308977 -0.39900966903665158
decision_type=2 2 2 2 2 2 2
left_child=3 2 -2 4 -1 -3 -5
right_child=1 5 -4 6 -6 -7 -8
leaf_value=-0.011696716693625361 0.016391218896372566 0.041448066936375198 -0.0024661738296880668 -0.0035316111316138618 0.032175480803543176 6.0241356213723193e-05 -0.047410838745385035
leaf_weight=27.855078607797623 55.849996462464333 19.254906445741653 385.44971579313278 9.4240633547306079 9.592955216765402 15.362558886408804 15.838270664215086
leaf_count=122 243 96 1617 40 41 78 67
internal_value=2.30549e-05 0.00183031 -1.64367e-05 -0.0133251 0.000603389 0.0240874 -0.0325017
internal_weight=538.628 475.917 441.3 62.7104 37.448 34.6175 25.2623
internal_count=2304 2034 1860 270 163 174 107
is_linear=0
shrinkage=0.04


Tree=73
num_leaves=8
num_cat=0
split_feature=1 105 92 84 47 64 7
split_gain=7.99367 10.5455 12.6081 8.55877 8.45107 15.5821 7.3039
threshold=0.2565552523389088 -0.82044635468149441 1.331574610408685 0.29164472752003673 -0.40827076926056971 0.15533996942372755 0.024714031942131402
decision_type=2 2 2 2 2 2 2
left_child=1 3 -3 -1 5 -2 -6
right_child=4 2 -4 -5 6 -7 -8
leaf_value=0.038487394925346391 -0.011086194680806974 -0.00083655741515662634 0.033222912184342188 -2.3665734799470623e-05 -0.021140537344411542 0.030806784776234296 -0.0030634880321016599
leaf_weight=21.557755216956139 31.610609874129295 286.87841229140759 16.506566509604454 15.181094124913214 64.568980410695076 22.763874277472496 79.015196964144707
leaf_count=101 137 1212 78 67 275 99 335
internal_value=2.63611e-05 0.00373972 0.00122199 0.0233943 -0.00632737 0.00692302 -0.0113714
internal_weight=538.082 340.124 303.385 36.7388 197.959 54.3745 143.584
internal_count=2304 1458 1290 168 846 236 610
is_linear=0
shrinkage=0.04


Tree=74
num_leaves=6
num_cat=0
split_feature=35 88 109 116 3
split_gain=7.97401 10.0805 14.5294 13.8824 7.58907
threshold=-1.2587425208187393 0.41529294738511113 -1.2159267518946646 -0.71292104331482242 -0.55989479533693698
decision_type=2 2 2 2 2
left_child=4 3 -3 -2 -1
right_child=1 2 -4 -5 -6
leaf_value=0.0014305647948282946 -0.039796708597802412 0.020589505146320724 -0.01496002657697069 0.0038576922193131946 0.043977287070693885
leaf_weight=14.713583275675775 10.0531670153141 19.704151839017868 125.59086106717587 357.07808801531792 10.546894192695616
leaf_count=63 42 88 528 1538 45
internal_value=3.5835e-05 -0.00108149 -0.00992488 0.00245316 0.0211181
internal_weight=537.687 512.426 145.295 367.131 25.2605
internal_count=2304 2196 616 1580 108
is_linear=0
shrinkage=0.04


Tree=75
num_leaves=6
num_cat=0
split_feature=38 97 61 34 93
split_gain=7.93155 8.73264 9.10355 8.42185 3.66539
threshold=-1.0074216541120355 -1.1440007475905503 0.57894596429675893 0.02113893002947986 -0.7009459898878625
decision_type=2 2 2 2 2
left_child=4 3 -3 -2 -1
right_child=1 2 -4 -5 -6
leaf_value=0.04175232067740333 0.0011375608625019682 0.0026445752295497843 -0.012467967110754364 -0.04115669712875035 0.0068729958713042716
leaf_weight=8.0241038277745265 13.718162983655931 416.67760903388262 73.237712979316711 14.42902562022209 11.150852292776106
leaf_count=41 61 1785 307 61 49
internal_value=3.67081e-05 -0.000940504 0.000343887 -0.0218357 0.0240338
internal_weight=537.237 518.063 489.915 28.1472 19.175
internal_count=2304 2214 2092 122 90
is_linear=0
shrinkage=0.04


Tree=76
num_leaves=6
num_cat=0
split_feature=40 34 13 24 110
split_gain=7.92119 11.6437 9.80569 12.6657 12.3333
threshold=2.0301555185550062 -0.69632343459815937 1.2659030724561406 1.1248349512478557 0.1143971718998953
decision_type=2 2 2 2 2
left_child=2 -2 3 -1 -4
right_child=1 -3 4 -5 -6
leaf_value=0.00056491338110540765 0.0044862561330582338 -0.052122211864699147 -0.0084320445508694573 -0.034160123193479046 0.033037335221111602
leaf_weight=454.37620727717876 11.471643701195719 9.2136792838573438 16.973836496472359 15.449477002024649 29.517026498913765
leaf_count=1944 50 40 72 65 133
internal_value=3.51438e-05 -0.0231006 0.0010476 -0.000716924 0.0181735
internal_weight=537.002 20.6853 516.317 469.826 46.4909
internal_count=2304 90 2214 2009 205
is_linear=0
shrinkage=0.04


Tree=77
num_leaves=8
num_cat=0
split_feature=37 28 10 29 40 28 92
split_gain=7.86435 14.6872 20.283 13.838 12.78 10.847 3.41665
threshold=-0.92731767847980029 -0.46071470121310049 0.28345476460411861 0.093021398385243093 -0.40657026859034229 -0.43169444020424091 -0.43365108594413021
decision_type=2 2 2 2 2 2 2
left_child=3 2 -2 6 -3 -5 -1
right_child=1 4 -4 5 -6 -7 -8
leaf_value=0.015275933313383162 -0.025057257864886516 0.018047746792704961 0.02196647017373168 0.019005128631332302 -0.0013642160080307678 -0.027481663174304449 0.051059749819886611
leaf_weight=9.6384933888912219 72.660715267062187 62.69870100915432 16.620167091488838 14.60862221568823 335.09851966798306 13.59587688744068 11.766302697360514
leaf_count=40 303 271 70 69 1435 61 55
internal_value=2.55404e-05 -0.00154164 -0.016014 0.014876 0.00177037 -0.00373956 0.0376287
internal_weight=536.687 487.078 89.2809 49.6093 397.797 28.2045 21.4048
internal_count=2304 2079 373 225 1706 130 95
is_linear=0
shrinkage=0.04


Tree=78
num_leaves=8
num_cat=0
split_feature=84 88 86 37 36 63 4
split_gain=7.80618 11.4321 15.9883 14.7004 9.49732 9.35098 6.70375
threshold=-0.89748958252912525 0.41529294738511113 -0.88185527585322465 -0.77113217605674189 0.095454429372382951 0.2852798195898395 0.28345638459318601
decision_type=2 2 2 2 2 2 2
left_child=4 3 -3 -2 5 -1 -6
right_child=1 2 -4 -5 6 -7 -8
leaf_value=-0.011764776474971721 0.025724173686014772 0.037677906239002044 -0.010114539342005176 0.0024013816325215436 -0.0034287783272914092 0.030724215486983151 -0.045782578972483362
leaf_weight=27.764711230993271 49.951943919062614 10.118247985839842 152.85865484178066 261.08205256611109 9.6013094484806079 9.4854663461446744 15.522321075201033
leaf_count=122 229 42 651 1112 40 41 67
internal_value=3.55859e-05 0.00180342 -0.0067266 0.00628744 -0.0130377 6.89619e-05 -0.0310429
internal_weight=536.385 474.011 162.977 311.034 62.3738 37.2502 25.1236
internal_count=2304 2034 693 1341 270 163 107
is_linear=0
shrinkage=0.04


Tree=79
num_leaves=6
num_cat=0
split_feature=82 115 15 81 46
split_gain=7.61915 8.84384 10.4378 9.67246 3.73968
threshold=-0.64711440126431952 -0.80801884754989806 0.26575637781753975 1.1997475713353924 -0.16946235943325752
decision_type=2 2 2 2 2
left_child=4 3 -3 -2 -1
right_child=1 2 -4 -5 -6
leaf_value=-0.0046800694781414078 0.023133725482570415 0.0034344734660388589 -0.009377001481749421 -0.018561497919978402 -0.036666796036558556
leaf_weight=11.976256161928179 46.675368197262287 307.39380405843258 149.62442022562027 9.312894254922865 10.842860490083693
leaf_count=50 231 1300 632 42 49
internal_value=3.82361e-05 0.00108131 -0.000782491 0.0157973 -0.021609
internal_weight=535.826 513.006 457.018 55.9883 22.8191
internal_count=2304 2205 1932 273 99
is_linear=0
shrinkage=0.04


Tree=80
num_leaves=8
num_cat=0
split_feature=106 31 73 82 112 112 42
split_gain=7.61144 14.136 9.8285 12.0503 11.7163 6.31832 3.18718
threshold=0.90809259015101473 -0.36525326230848487 0.4177333671491737 -0.56309075351285853 0.19669372382693054 0.15789184569241951 0.37021817846387683
decision_type=2 2 2 2 2 2 2
left_child=2 5 3 -1 -4 -2 -3
right_child=1 6 4 -5 -6 -7 -8
leaf_value=-0.018430301836849312 -0.014742657123455568 -0.049735346708639876 -0.0161350682797664 0.007149499595493102 0.0081057922073028803 0.027509711976197736 -0.014696965315483444
leaf_weight=30.440619245171547 8.7684758603572863 12.136127054691316 88.592380985617638 328.23662856221199 47.712515622377396 10.276798680424688 9.1494069844484311
leaf_count=132 38 53 375 1416 201 46 43
internal_value=3.05761e-05 -0.0162518 0.00141732 0.0048884 -0.00765522 0.0085043 -0.0372303
internal_weight=535.313 40.3308 494.982 358.677 136.305 19.0453 21.2855
internal_count=2304 180 2124 1548 576 84 96
is_linear=0
shrinkage=0.04


Tree=81
num_leaves=5
num_cat=0
split_feature=87 115 100 35
split_gain=7.6508 9.44519 11.33 10.9836
threshold=2.3573533147746 0.45546672940155913 0.73575127583373379 -1.1690308525239088
decision_type=2 2 2 2
left_child=1 2 -1 -3
right_child=-2 3 -4 -5
leaf_value=0.0043698593594948846 0.028960004939734021 0.022723950614480789 -0.023369658367904691 -0.013043844161112575
leaf_weight=355.30681274086237 12.228418923914431 13.498630613088606 23.240913107991219 130.30742807686329
leaf_count=1533 63 56 105 547
internal_value=1.85558e-05 -0.000766846 0.00255292 -0.00942078
internal_weight=534.582 522.354 378.548 143.806
internal_count=2304 2241 1638 603
is_linear=0
shrinkage=0.04


Tree=82
num_leaves=6
num_cat=0
split_feature=1 87 91 114 73
split_gain=7.45643 14.347 12.0892 7.92436 9.8478
threshold=0.2565552523389088 2.0948133517809233 -0.15426078101954704 1.0444323702714187 -0.2652148116531069
decision_type=2 2 2 2 2
left_child=1 2 -1 4 -2
right_child=3 -3 -4 -5 -6
leaf_value=0.011091721058445666 0.0029063178431735916 0.041673721706053303 -0.0045386991529751033 0.019522382490025088 -0.016027917123753673
leaf_weight=131.55933078378439 71.860676474869251 13.151867054402826 192.59501114487648 15.745387509465216 109.02937133610249
leaf_count=583 317 64 811 68 461
internal_value=2.08131e-05 0.00362395 0.00183408 -0.00613423 -0.00855655
internal_weight=533.942 337.306 324.154 196.635 180.89
internal_count=2304 1458 1394 846 778
is_linear=0
shrinkage=0.04


Tree=83
num_leaves=5
num_cat=0
split_feature=83 11 36 88
split_gain=7.35865 7.5747 11.6348 8.68712
threshold=-2.8837121196775555 -1.0614595507598799 0.30427751749453963 0.41529294738511113
decision_type=2 2 2 2
left_child=-1 2 -2 -3
right_child=1 3 -4 -5
leaf_value=-0.033359788800196848 0.00054228794147927271 0.0055870980093702836 -0.045420513485176971 -0.0058509032692839139
leaf_weight=8.3581228852272016 23.492284178733826 336.63739889115095 12.056650519371031 152.94132363796234
leaf_count=36 102 1461 51 654
internal_value=2.85212e-05 0.000684497 -0.0166353 0.00200467
internal_weight=533.486 525.128 35.5489 489.579
internal_count=2304 2268 153 2115
is_linear=0
shrinkage=0.04


Tree=84
num_leaves=8
num_cat=0
split_feature=15 74 102 87 14 112 116
split_gain=7.36805 12.7376 10.8159 10.6345 10.0766 15.071 10.938
threshold=0.26575637781753975 -0.24307126138384808 0.91093315427803889 -0.47979066003430509 -0.57106376849309837 -0.047739437724554044 -0.097827587073496716
decision_type=2 2 2 2 2 2 2
left_child=4 3 -3 -2 6 -6 -1
right_child=1 2 -4 -5 5 -7 -8
leaf_value=-0.022736670366455294 -0.014200358156435437 -0.022395314822275858 0.017578848548854029 0.012282581745811245 -0.0026273740730905029 0.016558193078424981 0.0060921057074467457
leaf_weight=40.779314741492271 34.888887301087379 77.725568309426308 11.017379015684126 69.131317749619484 124.84170614182949 134.74869176745415 40.154996678233147
leaf_count=172 148 333 46 310 541 578 176
internal_value=1.56856e-05 -0.00619628 -0.0171545 0.00329976 0.00354779 0.00738196 -0.00863149
internal_weight=533.288 192.763 88.7429 104.02 340.525 259.59 80.9343
internal_count=2304 837 379 458 1467 1119 348
is_linear=0
shrinkage=0.04


Tree=85
num_leaves=7
num_cat=0
split_feature=84 86 87 109 61 43
split_gain=7.21076 9.87486 10.2406 9.14477 11.8188 9.0793
threshold=-0.89748958252912525 1.0739764854825755 0.2907127644077428 -0.52047290006437741 0.53943965182410125 0.013215224866308977
decision_type=2 2 2 2 2 2
left_child=3 2 -2 -1 -5 -3
right_child=1 5 -4 4 -6 -7
leaf_value=-0.041707262185624289 0.0046191729207228265 0.039446250385468402 -0.0080900894560821963 0.0070131084451551416 -0.035088396680370275 -0.0014239859017957351
leaf_weight=11.627038344740866 281.69473911821842 18.362699724733829 155.89859294891357 37.576216265559196 12.647286549210547 14.944571152329443
leaf_count=51 1194 96 666 165 54 78
internal_value=1.38021e-05 0.00171733 7.51179e-05 -0.0126036 -0.00452665 0.0220664
internal_weight=532.751 470.901 437.593 61.8505 50.2235 33.3073
internal_count=2304 2034 1860 270 219 174
is_linear=0
shrinkage=0.04


Tree=86
num_leaves=6
num_cat=0
split_feature=35 28 110 70 99
split_gain=7.28646 10.1838 10.3203 9.40926 7.23003
threshold=-1.2753703913295957 1.4718116087221589 1.5878658838924873 -0.70188520021709377 0.13249716612728218
decision_type=2 2 2 2 2
left_child=4 2 -2 -3 -1
right_child=1 3 -4 -5 -6
leaf_value=-0.0013981414392336374 -0.00085317121702246262 0.0067118266208262235 0.029851882296024951 -0.042493822208874842 0.0414601339374766
leaf_weight=11.815172120928766 468.68300147354603 8.9318210333585757 16.191343821585178 15.361579433083532 11.185130476951597
leaf_count=51 2028 40 72 65 48
internal_value=8.28764e-06 -0.00102298 0.000290573 -0.0252682 0.0210934
internal_weight=532.168 509.168 484.874 24.2934 23.0003
internal_count=2304 2205 2100 105 99
is_linear=0
shrinkage=0.04


Tree=87
num_leaves=7
num_cat=0
split_feature=80 81 74 28 8 66
split_gain=7.0834 9.43358 13.2607 13.1262 6.82694 1.7338
threshold=-0.85989383849194001 -0.11434941480286454 -0.60469723112714002 -0.25363918375907152 -0.34377685162278288 0.31514647882863128
decision_type=2 2 2 2 2 2
left_child=4 2 -2 -3 -1 -6
right_child=1 3 -4 -5 5 -7
leaf_value=-0.0075186608848439116 0.011028932177413601 -0.0088041525770660208 -0.012719275556328919 0.0093580464456890951 0.041969208253820493 0.014020886696724246
leaf_weight=9.991216719150545 46.726614192128181 91.744784250855446 166.89885893464088 197.19033640623093 10.207392036914827 9.199780344963072
leaf_count=45 204 397 714 854 47 43
internal_value=1.3162e-05 -0.00113402 -0.00747068 0.00357017 0.018447 0.0312683
internal_weight=531.959 502.561 213.625 288.935 29.3984 19.4072
internal_count=2304 2169 918 1251 135 90
is_linear=0
shrinkage=0.04


Tree=88
num_leaves=8
num_cat=0
split_feature=106 48 116 59 1 44 76
split_gain=7.02476 14.1259 11.0337 8.6969 9.5348 7.00074 2.15406
threshold=0.90809259015101473 -0.25504588319284655 0.83139475896218151 1.7611766833653075 0.28549693040069835 0.35183973202226643 0.63465474869293514
decision_type=2 2 2 2 2 2 2
left_child=3 2 -2 4 -1 -5 -3
right_child=1 6 -4 5 -6 -7 -8
leaf_value=0.0042117459921284916 -0.023466802329479328 -0.016562282968618443 0.031397823533987158 0.0047689652129384924 -0.0077480929776670869 0.044143840688909107 -0.048818401899251129
leaf_weight=300.30322403460741 8.5492380857467669 8.3447896391153353 11.401372268795965 17.306637138128284 162.79627262055874 11.127387329936026 11.502348244190214
leaf_count=1296 38 41 51 79 699 50 50
internal_value=1.99766e-05 -0.0157252 0.00789122 0.00135337 -7.81005e-06 0.0220663 -0.038014
internal_weight=531.331 39.7977 19.9506 491.534 463.099 28.434 19.8471
internal_count=2304 180 89 2124 1995 129 91
is_linear=0
shrinkage=0.04


Tree=89
num_leaves=7
num_cat=0
split_feature=46 58 88 14 67 4
split_gain=7.0372 13.055 12.9103 11.2931 10.3895 10.5127
threshold=-0.0066810224758677567 1.1430961970417639 0.38223814910159443 -0.044709863863307393 0.76472355538313808 -1.18040135526738
decision_type=2 2 2 2 2 2
left_child=1 2 -1 -3 5 -2
right_child=4 3 -4 -5 -6 -7
leaf_value=0.014467037673634648 0.022630916339462757 0.0073511533631575535 -0.0046464654456899249 -0.045676896237787271 0.024660830099134279 -0.0088192360865937906
leaf_weight=151.85093971341848 16.421700850129128 10.602292865514757 88.156548723578453 12.621067166328428 16.279181949794292 234.98443764448166
leaf_count=658 73 48 382 55 79 1009
internal_value=1.74747e-05 0.00464371 0.00746612 -0.0228044 -0.00453247 -0.00660253
internal_weight=530.916 263.231 240.007 23.2234 267.685 251.406
internal_count=2304 1143 1040 103 1161 1082
is_linear=0
shrinkage=0.04


Tree=90
num_leaves=5
num_cat=0
split_feature=74 58 80 86
split_gain=6.9713 10.0532 11.3311 10.3608
threshold=-1.0222123817282291 1.1430961970417639 -0.43167992898296953 1.0581959847748876
decision_type=2 2 2 2
left_child=-1 3 -3 -2
right_child=1 2 -4 -5
leaf_value=0.026955560717577765 -0.0011552155187551001 0.01004815950315523 -0.040435571902810101 0.019539898807280239
leaf_weight=12.942408829927443 449.10880805552006 9.9313956052064913 18.254284679889679 40.340737551450729
leaf_count=63 1911 45 78 207
internal_value=1.85547e-05 -0.000756106 -0.0231602 0.000623067
internal_weight=530.578 517.635 28.1857 489.45
internal_count=2304 2241 123 2118
is_linear=0
shrinkage=0.04


Tree=91
num_leaves=6
num_cat=0
split_feature=38 97 11 62 93
split_gain=6.90265 7.80833 9.23695 6.93519 3.29454
threshold=-1.0074216541120355 -1.1440007475905503 -1.0614595507598799 -0.16373979150827309 -0.7009459898878625
decision_type=2 2 2 2 2
left_child=4 3 -3 -2 -1
right_child=1 2 -4 -5 -6
leaf_value=0.03995466157901905 0.00030020118968597943 -0.020645622384574239 0.0017722224499701618 -0.038523300674425207 0.0064063251965060086
leaf_weight=7.6331901550292995 13.484381511807443 29.4335116147995 454.40239730477333 14.133154228329657 10.934343218803404
leaf_count=41 59 126 1966 63 49
internal_value=2.02637e-05 -0.000889996 0.000329087 -0.0208273 0.0227423
internal_weight=530.021 511.453 483.836 27.6175 18.5675
internal_count=2304 2214 2092 122 90
is_linear=0
shrinkage=0.04


Tree=92
num_leaves=5
num_cat=0
split_feature=69 91 109 44
split_gain=6.78154 11.9514 12.3969 4.45655
threshold=-1.596688443450397 1.0783195929729092 -1.2159267518946646 0.29292495622942522
decision_type=2 2 2 2
left_child=3 2 -2 -1
right_child=1 -3 -4 -5
leaf_value=0.037468113631421364 0.029901518065890111 -0.040989566514676799 -0.0013271609506276081 0.0019582502596878718
leaf_weight=10.449375890195371 19.235358193516731 9.6520603299140912 479.70237396657467 10.787946633994578
leaf_count=49 90 42 2073 50
internal_value=1.79694e-05 -0.000943889 -8.63807e-06 0.0211512
internal_weight=529.827 508.59 498.938 21.2373
internal_count=2304 2205 2163 99
is_linear=0
shrinkage=0.04


Tree=93
num_leaves=6
num_cat=0
split_feature=106 48 36 63 7
split_gain=6.75279 14.2467 8.0513 17.0057 15.8504
threshold=0.9512607063572911 -0.25504588319284655 0.26903224102367745 -1.2012411204966189 -0.002135504191704296
decision_type=2 2 2 2 2
left_child=2 -2 3 -1 -4
right_child=1 -3 4 -5 -6
leaf_value=0.048372545824720704 0.0088800604303002524 -0.041213037544453358 -0.01641934582513133 0.0030838663540871634 0.0069287470021924934
leaf_weight=11.8999195843935 16.722876958549023 16.477637469768524 96.389679998159409 301.41011025011539 86.63227304816246
leaf_count=54 76 77 410 1323 364
internal_value=2.14622e-05 -0.0169105 0.0012174 0.0050999 -0.00541224
internal_weight=529.532 33.2005 496.332 313.31 183.022
internal_count=2304 153 2151 1377 774
is_linear=0
shrinkage=0.04


Tree=94
num_leaves=8
num_cat=0
split_feature=84 79 37 38 61 80 63
split_gain=6.76185 9.74364 11.8582 8.3662 7.93352 10.0011 4.27837
threshold=-0.89748958252912525 -0.84702652392899658 -0.92731767847980029 0.98709469259160376 0.086851395069863738 -0.0042682010126113496 -0.41858799678504494
decision_type=2 2 2 2 2 2 2
left_child=4 3 -3 -2 5 -1 -6
right_child=1 2 -4 -5 6 -7 -8
leaf_value=0.025400915057120461 0.023133815425785822 0.020238926036946089 -0.002824593494650814 -0.012697779397905654 -0.0057680594553422091 -0.016259045329253624 -0.039147849644935506
leaf_weight=13.556235268712042 50.209445983171463 37.469728223979473 368.53743275254965 11.652187958359717 10.335418760776522 20.639754310250282 16.668575450778008
leaf_count=60 225 177 1581 51 45 90 75
internal_value=2.2058e-05 0.00167421 -0.000607324 0.0161983 -0.0122618 0.000747094 -0.0276509
internal_weight=529.069 467.869 406.007 61.8616 61.2 34.196 27.004
internal_count=2304 2034 1758 276 270 150 120
is_linear=0
shrinkage=0.04


Tree=95
num_leaves=5
num_cat=0
split_feature=40 60 34 87
split_gain=6.66164 10.9962 10.5662 8.3963
threshold=2.0301555185550062 -1.117254098385027 -0.69632343459815937 2.0948133517809233
decision_type=2 2 2 2
left_child=1 -1 -2 -3
right_child=2 3 -4 -5
leaf_value=0.031748424959974188 0.0048437431451263842 -0.0013007274476842677 -0.049538934285839775 0.023645867331551395
leaf_weight=15.902502581477163 11.327464967966081 471.78444765508175 8.9153796285390836 20.617235593497753
leaf_count=74 50 2041 40 99
internal_value=2.02329e-05 0.000954168 -0.0214083 -0.000164765
internal_weight=528.547 508.304 20.2428 492.402
internal_count=2304 2214 90 2140
is_linear=0
shrinkage=0.04


Tree=96
num_leaves=6
num_cat=0
split_feature=35 28 110 84 28
split_gain=6.5042 9.52977 9.41067 8.25075 5.33842
threshold=-1.2753703913295957 1.4718116087221589 1.5878658838924873 0.29543529107823924 0.41994462993491083
decision_type=2 2 2 2 2
left_child=4 2 -2 -3 -1
right_child=1 3 -4 -5 -6
leaf_value=0.00073582980250075153 -0.00077756986571302371 -0.04132766340063438 0.028707785968436952 0.0048476181036743787 0.038038655861467145
leaf_weight=11.97496046125889 465.54535568505526 14.745133802294733 15.985680215060709 9.2159159481525403 10.770105764269827
leaf_count=50 2028 64 72 41 49
internal_value=2.10358e-05 -0.000955457 0.000315967 -0.0245624 0.0200461
internal_weight=528.237 505.492 481.531 23.961 22.7451
internal_count=2304 2205 2100 105 99
is_linear=0
shrinkage=0.04


Tree=97
num_leaves=7
num_cat=0
split_feature=15 41 47 77 90 14
split_gain=6.42191 12.0321 11.3934 9.74366 10.2742 8.69013
threshold=0.26575637781753975 -0.25455854333690758 -0.40827076926056971 -0.13256095889649996 -0.20707812037565593 -0.59613087792747743
decision_type=2 2 2 2 2 2
left_child=3 -2 -3 5 -5 -1
right_child=1 2 -4 4 -6 -7
leaf_value=-0.0055632011522219046 -0.03954310389848132 0.01588710089645147 -0.0081790716239283495 0.010795199783311466 -0.0086171901836440395 0.016983005941332591
leaf_weight=35.609081268310547 13.562895104289053 38.611175328493118 138.43421159684658 62.233386069536209 134.24893628060818 105.28115081787109
leaf_count=154 60 176 601 276 577 460
internal_value=2.49556e-05 -0.00580885 -0.00281173 0.00333574 -0.00242173 0.0112865
internal_weight=527.981 190.608 177.045 337.373 196.482 140.89
internal_count=2304 837 777 1467 853 614
is_linear=0
shrinkage=0.04


Tree=98
num_leaves=8
num_cat=0
split_feature=46 58 74 74 7 14 33
split_gain=6.55933 11.3093 16.3461 11.0825 15.5341 10.2353 9.00351
threshold=-0.0066810224758677567 1.1430961970417639 -0.69995783672977141 1.1296209158403945 1.3040845668485124 -0.044709863863307393 -0.115398218822394
decision_type=2 2 2 2 2 2 2
left_child=1 2 -1 4 -2 -3 -5
right_child=3 5 -4 6 -6 -7 -8
leaf_value=0.037723436390948696 -0.0042670909356569992 0.0075625552161971005 0.0035407930453413799 -0.0073163557414873516 0.031895201071979351 -0.043143378407300474 -0.047467865771492701
leaf_weight=23.059983789920807 211.00884404033422 10.479603737592699 215.38163120299578 22.538912259042263 18.870112136006355 12.436175748705862 13.851905226707457
leaf_count=107 921 48 933 100 81 55 59
internal_value=2.14135e-05 0.00450568 0.00713293 -0.0043809 -0.00104913 -0.0212094 -0.0242764
internal_weight=527.627 261.357 238.442 266.27 229.879 22.9158 36.3908
internal_count=2304 1143 1040 1161 1002 103 159
is_linear=0
shrinkage=0.04


Tree=99
num_leaves=5
num_cat=0
split_feature=74 53 110 72
split_gain=6.45868 8.57125 10.0497 7.32153
threshold=-1.0222123817282291 0.91666666666666685 0.93944125879129259 0.14274126371365237
decision_type=2 2 2 2
left_child=-1 2 -2 -3
right_child=1 3 -4 -5
leaf_value=0.026150634206344527 -0.0014133825052449586 -0.0019624816369665198 0.016316109181188452 -0.037175184840613107
leaf_weight=12.712485656142233 422.01748379319906 19.959808841347694 56.176638312637806 16.351542636752129
leaf_count=63 1833 87 252 69
internal_value=1.76498e-05 -0.000726808 0.0007287 -0.0189322
internal_weight=527.218 514.505 478.194 36.3114
internal_count=2304 2241 2085 156
is_linear=0
shrinkage=0.04


Tree=100
num_leaves=6
num_cat=0
split_feature=38 97 11 34 93
split_gain=6.4585 7.15119 8.42897 6.83418 3.20765
threshold=-1.0074216541120355 -1.1440007475905503 -1.0614595507598799 0.02113893002947986 -0.7009459898878625
decision_type=2 2 2 2 2
left_child=4 3 -3 -2 -1
right_child=1 2 -4 -5 -6
leaf_value=0.039311322494820986 0.00084682162131221694 -0.019760845636290394 0.001688148533838054 -0.037807117919377513 0.006060367222513882
leaf_weight=7.4564286842942264 13.414051041007044 29.338867485523224 451.87912119179964 13.881636932492254 10.857376605272291
leaf_count=41 61 126 1966 61 49
internal_value=1.74197e-05 -0.000862765 0.000304072 -0.0200503 0.0221359
internal_weight=526.827 508.514 481.218 27.2957 18.3138
internal_count=2304 2214 2092 122 90
is_linear=0
shrinkage=0.04


Tree=101
num_leaves=7
num_cat=0
split_feature=102 42 68 102 72 79
split_gain=6.46845 11.5614 11.6963 9.06409 9.87637 8.8012
threshold=-0.51282159715611575 -1.124655582339928 -0.045080001600080709 0.91093315427803889 0.69832423272899036 -1.1858212451641086
decision_type=2 2 2 2 2 2
left_child=1 -1 -3 5 -5 -2
right_child=3 2 -4 4 -6 -7
leaf_value=-0.033726207418458568 0.015651716147484382 0.02759449435637687 0.0017955586794207714 0.022024838384634191 -0.018587799232443903 -0.0067821976393692375
leaf_weight=8.077731788158415 28.773650303483009 41.736759275197983 79.586158573627472 39.75595985352993 10.76750001311302 317.87074412405491
leaf_count=35 126 183 361 174 48 1377
internal_value=1.52964e-05 0.00771307 0.0109743 -0.00251878 0.0129913 -0.00484094
internal_weight=526.569 129.401 121.323 397.168 50.5235 346.644
internal_count=2304 579 544 1725 222 1503
is_linear=0
shrinkage=0.04


Tree=102
num_leaves=6
num_cat=0
split_feature=1 87 88 114 115
split_gain=6.44966 12.3521 10.8488 6.81104 9.1943
threshold=0.2565552523389088 2.0948133517809233 0.41529294738511113 1.0444323702714187 0.45546672940155913
decision_type=2 2 2 2 2
left_child=1 2 -1 4 -2
right_child=3 -3 -4 -5 -6
leaf_value=0.0066045253133350003 -0.0031052674827543132 0.039435567808803078 -0.0092770016641207133 0.01825980615765321 -0.024823017426815277
leaf_weight=222.36124952882528 140.10176049172878 12.556350164115427 97.319708704948425 15.432605460286139 38.402077347040176
leaf_count=978 612 64 416 68 166
internal_value=1.62805e-05 0.00339414 0.00174213 -0.00574599 -0.00800075
internal_weight=526.174 332.237 319.681 193.936 178.504
internal_count=2304 1458 1394 846 778
is_linear=0
shrinkage=0.04


Tree=103
num_leaves=7
num_cat=0
split_feature=84 79 82 57 109 36
split_gain=6.30704 8.12724 9.9889 7.94176 7.60903 9.15035
threshold=-0.89748958252912525 -0.84702652392899658 -0.56309075351285853 0.13165274779190053 -0.52047290006437741 0.095454429372382951
decision_type=2 2 2 2 2 2
left_child=4 3 -3 -2 -1 -6
right_child=1 2 -4 -5 5 -7
leaf_value=-0.038828428524735302 0.02956778183611793 -0.025669757546484259 0.0010908697821149658 0.0011003411365380362 0.0099754312961878762 -0.023596830318826471
leaf_weight=11.277985915541647 28.657552666962147 21.693817362189293 382.3727722465992 32.423914328217506 28.619056075811386 20.663805559277534
leaf_count=51 132 96 1662 144 129 90
internal_value=1.99371e-05 0.00161713 -0.000465229 0.0149704 -0.0119071 -0.00447237
internal_weight=525.709 465.148 404.067 61.0815 60.5608 49.2829
internal_count=2304 2034 1758 276 270 219
is_linear=0
shrinkage=0.04


Tree=104
num_leaves=8
num_cat=0
split_feature=37 14 105 53 110 72 13
split_gain=6.25209 14.6292 11.3591 10.3167 15.0512 8.02954 3.14944
threshold=-0.77113217605674189 0.34015176288165649 -0.38817089084971729 0.91666666666666685 0.45878007035811491 -0.17439041692947507 -0.64000700284704781
decision_type=2 2 2 2 2 2 2
left_child=1 2 -1 4 -2 -5 -3
right_child=3 6 -4 5 -6 -7 -8
leaf_value=0.018783472051080413 -0.0046244617848736321 0.012432102693436583 -0.018039223211976877 0.0010565677556465935 0.01239586975046037 -0.038322553006559526 0.045550000321284416
leaf_weight=21.967495903372765 306.60305823385715 9.0033677667379397 28.438199609518051 13.53289048373699 111.77804878354073 18.944700375199318 14.935645446181296
leaf_count=110 1318 42 122 58 504 82 68
internal_value=1.20199e-05 0.0106009 -0.00188698 -0.00177315 -3.98333e-05 -0.0228045 0.0350134
internal_weight=525.203 74.3447 50.4057 450.859 418.381 32.4776 23.939
internal_count=2304 342 232 1962 1822 140 110
is_linear=0
shrinkage=0.04


Tree=105
num_leaves=6
num_cat=0
split_feature=35 28 39 86 99
split_gain=6.36129 8.78764 8.60136 8.52154 6.91105
threshold=-1.2753703913295957 1.4718116087221589 1.3423771141180263 0.45604754240945983 0.13249716612728218
decision_type=2 2 2 2 2
left_child=4 2 -2 -3 -1
right_child=1 3 -4 -5 -6
leaf_value=-0.0021586819918322725 -0.0012382830464730936 -0.046694813901156387 0.019192570651945007 -0.00056247152713994968 0.039971497875784856
leaf_weight=11.618314296007158 444.64563865214586 10.893193736672403 33.597674466669559 12.832381710410116 10.965198025107382
leaf_count=51 1945 46 155 59 48
internal_value=1.63134e-05 -0.000952938 0.000270982 -0.0237269 0.0198849
internal_weight=524.552 501.969 478.243 23.7256 22.5835
internal_count=2304 2205 2100 105 99
is_linear=0
shrinkage=0.04


Tree=106
num_leaves=7
num_cat=0
split_feature=15 41 39 28 80 14
split_gain=6.2761 11.0642 10.2402 9.5439 12.4662 11.8247
threshold=0.26575637781753975 -0.25455854333690758 1.4886417600460951 -0.57127833999448707 -0.11599422236011334 -0.62633227604002528
decision_type=2 2 2 2 2 2
left_child=3 -2 -3 4 -1 -5
right_child=1 2 -4 5 -6 -7
leaf_value=0.0076824404788794756 -0.038218496289902537 -0.0059713676485052582 0.026424938864257293 -0.0087724772321266867 -0.028796443522943863 0.010766500143844133
leaf_weight=27.609233424067497 13.471666038036345 160.28215560317039 15.292040899395941 62.487480193376541 29.139370068907738 216.02248670905828
leaf_count=118 60 710 67 271 124 954
internal_value=1.70683e-05 -0.00577562 -0.00288389 0.00329834 -0.0113915 0.00635138
internal_weight=524.304 189.046 175.574 335.259 56.7486 278.51
internal_count=2304 837 777 1467 242 1225
is_linear=0
shrinkage=0.04


Tree=107
num_leaves=7
num_cat=0
split_feature=46 35 91 74 9 33
split_gain=6.30815 11.349 11.8213 9.78108 14.0954 8.42904
threshold=-0.0066810224758677567 1.1427378737569116 -0.13008772294219509 1.1296209158403945 -1.2253424506554131 -0.115398218822394
decision_type=2 2 2 2 2 2
left_child=1 2 -1 4 -2 -5
right_child=3 -3 -4 5 -6 -7
leaf_value=0.016012987852677223 0.037879853238710542 -0.030533398292714162 -0.0014737703573043531 -0.0066634635250931197 -0.0036529902145450593 -0.04557890974889927
leaf_weight=110.01980683207512 11.908379599452017 12.120758771896361 137.43744258582592 22.42348837852478 216.41903783380985 13.744046822190283
leaf_count=493 53 50 600 100 949 59
internal_value=1.0914e-05 0.00442361 0.00636691 -0.00432044 -0.00117674 -0.0230652
internal_weight=524.073 259.578 247.457 264.495 228.327 36.1675
internal_count=2304 1143 1093 1161 1002 159
is_linear=0
shrinkage=0.04


Tree=108
num_leaves=5
num_cat=0
split_feature=40 60 34 87
split_gain=6.26262 9.92807 9.76748 7.21551
threshold=2.0301555185550062 -1.117254098385027 -0.69632343459815937 2.3573533147746
decision_type=2 2 2 2
left_child=1 -1 -2 -3
right_child=2 3 -4 -5
leaf_value=0.030425896489763272 0.004473741584779839 -0.00089202120996196416 -0.048047105896781996 0.031371766068829229
leaf_weight=15.605617769062517 11.254875794053079 478.69524306803942 8.8116199374198896 9.3526050522923452
leaf_count=74 50 2089 40 51
internal_value=5.43914e-06 0.000915701 -0.0208537 -0.000148229
internal_weight=523.72 503.653 20.0665 488.048
internal_count=2304 2214 90 2140
is_linear=0
shrinkage=0.04


Tree=109
num_leaves=7
num_cat=0
split_feature=80 81 79 28 8 66
split_gain=6.05257 8.52837 11.8837 11.4199 6.25562 1.75566
threshold=-0.85989383849194001 -0.11434941480286454 -0.62989425292944612 -0.25363918375907152 -0.34377685162278288 0.31514647882863128
decision_type=2 2 2 2 2 2
left_child=4 2 -2 -3 -1 -6
right_child=1 3 -4 -5 5 -7
leaf_value=-0.0077433204604200369 0.0033051480951494382 -0.0081468300246575007 -0.015700341491907514 0.0088870428366371827 0.040395431638176521 0.01263216923887934
leaf_weight=9.8112764805555361 94.826770335435867 90.915577776730061 114.70355911552906 194.19384038448334 9.9381792098283785 9.0110505372285825
leaf_count=45 417 397 501 854 47 43
internal_value=8.06925e-06 -0.0010584 -0.00714914 0.00343638 0.0172261 0.0296594
internal_weight=523.4 494.64 209.53 285.109 28.7605 18.9492
internal_count=2304 2169 918 1251 135 90
is_linear=0
shrinkage=0.04


Tree=110
num_leaves=6
num_cat=0
split_feature=106 48 61 91 11
split_gain=6.16117 12.5793 6.66014 13.1102 10.1901
threshold=0.9512607063572911 -0.25504588319284655 0.57894596429675893 -0.15426078101954704 0.28169299873067538
decision_type=2 2 2 2 2
left_child=2 -2 3 -1 -4
right_child=1 -3 4 -5 -6
leaf_value=0.012038106463018202 0.0080134715815261739 -0.039551950581194324 -0.02406982429934372 -0.0025070943393143553 0.0044536956277373817
leaf_weight=160.69204820692539 16.496078975498676 15.98638106882572 36.98131836950779 252.48358400911093 40.164881557226181
leaf_count=729 76 77 160 1092 170
internal_value=1.30091e-05 -0.0163323 0.00115779 0.00318056 -0.00948225
internal_weight=522.804 32.4825 490.322 413.176 77.1462
internal_count=2304 153 2151 1821 330
is_linear=0
shrinkage=0.04


Tree=111
num_leaves=5
num_cat=0
split_feature=83 40 35 53
split_gain=6.04523 6.19899 15.0803 13.0491
threshold=-2.8837121196775555 -0.41128048056150374 -0.20852733313202912 0.91666666666666685
decision_type=2 2 2 2
left_child=-1 2 -2 -3
right_child=1 3 -4 -5
leaf_value=-0.030723770052666799 0.0298372052794856 0.00038524695004585937 -0.00098213525458042648 -0.025924377859779048
leaf_weight=8.0471335053443891 34.954048007726669 367.56764144450426 80.881034679710865 30.854023694992065
leaf_count=36 159 1612 365 132
internal_value=6.05373e-06 0.000604079 0.00866639 -0.0017715
internal_weight=522.304 514.257 115.835 398.422
internal_count=2304 2268 524 1744
is_linear=0
shrinkage=0.04


Tree=112
num_leaves=6
num_cat=0
split_feature=38 97 11 62 93
split_gain=5.98078 6.79351 7.40441 6.14803 3.01109
threshold=-1.0074216541120355 -1.1440007475905503 -1.0614595507598799 -0.16373979150827309 -0.7009459898878625
decision_type=2 2 2 2 2
left_child=4 3 -3 -2 -1
right_child=1 2 -4 -5 -6
leaf_value=0.038397915348426674 0.00046507542525840343 -0.018567223369462871 0.001598705592135038 -0.036518323571910129 0.0058510252786868455
leaf_weight=7.2181795239448574 13.134479209780695 29.148800492286682 448.09085443615913 13.763880506157873 10.699940308928488
leaf_count=41 59 126 1966 63 49
internal_value=1.62342e-06 -0.000844465 0.000294667 -0.019677 0.0215014
internal_weight=522.056 504.138 477.24 26.8984 17.9181
internal_count=2304 2214 2092 122 90
is_linear=0
shrinkage=0.04


Tree=113
num_leaves=8
num_cat=0
split_feature=84 37 28 31 81 117 102
split_gain=5.95057 7.6955 15.8116 9.86166 7.10978 7.40262 6.53249
threshold=-0.89748958252912525 -0.92731767847980029 -0.43503860880794754 0.51189646987715254 0.12463691148691798 -0.58279144570398878 -0.13784817431538193
decision_type=2 2 2 2 2 2 2
left_child=4 3 -3 -2 5 -1 -6
right_child=1 2 -4 -5 6 -7 -8
leaf_value=0.010003384369232031 0.029292311455960288 -0.015252272963183766 0.0038514990320730235 -0.014624830838885765 -0.014882531763597454 -0.030254448083605473 0.025918471661321277
leaf_weight=8.3698829710483533 29.129526667296886 85.07718825340271 337.92490520328283 9.7043947875499708 10.34679636359215 30.319543808698654 10.971904441714285
leaf_count=39 143 362 1485 44 45 138 48
internal_value=3.06789e-07 0.0015561 -4.44812e-05 0.0181389 -0.0116374 -0.0214817 0.00653812
internal_weight=521.844 461.836 423.002 38.8339 60.0081 38.6894 21.3187
internal_count=2304 2034 1847 187 270 177 93
is_linear=0
shrinkage=0.04


Tree=114
num_leaves=5
num_cat=0
split_feature=40 34 60 46
split_gain=5.8654 9.2752 9.12948 6.94445
threshold=2.0301555185550062 -0.69632343459815937 -1.117254098385027 -0.0066810224758677567
decision_type=2 2 2 2
left_child=2 -2 -1 -4
right_child=1 -3 3 -5
leaf_value=0.02933778776426749 0.0044168937384760319 -0.046913071762909625 0.0046779004659132381 -0.0048463576945523548
leaf_weight=15.415249913930891 11.222014710307123 8.7120970338582975 240.30568387359381 245.70976471155882
leaf_count=74 50 40 1059 1081
internal_value=-4.21293e-07 -0.0202487 0.000881783 -0.000137308
internal_weight=521.365 19.9341 501.431 486.015
internal_count=2304 90 2214 2140
is_linear=0
shrinkage=0.04


Tree=115
num_leaves=7
num_cat=0
split_feature=106 67 35 73 111 81
split_gain=5.8574 12.1228 9.37397 6.42205 11.4846 10.9642
threshold=0.9512607063572911 -0.68181539093922638 -0.50070574465031747 0.4177333671491737 0.91454481719877889 0.98633697167403545
decision_type=2 2 2 2 2 2
left_child=3 2 -2 4 -1 -5
right_child=1 -3 -4 5 -6 -7
leaf_value=0.0063331816078515237 0.027820454649229883 -0.045305557016885441 -0.021654154079755846 -0.0095286191759127292 -0.017314900901611741 0.03170082627895883
leaf_weight=319.64522848278284 10.149558223783968 11.614959761500357 10.391253143548967 125.4040732383728 34.665206417441368 9.2836321517825109
leaf_count=1419 48 60 45 537 150 45
internal_value=-2.39014e-06 -0.0160192 0.00309146 0.00111181 0.00393529 -0.00626453
internal_weight=521.154 32.1558 20.5408 488.998 354.31 134.688
internal_count=2304 153 93 2151 1569 582
is_linear=0
shrinkage=0.04


Tree=116
num_leaves=7
num_cat=0
split_feature=1 87 40 47 64 26
split_gain=5.90882 11.1685 9.82683 6.96008 13.253 6.51607
threshold=0.2565552523389088 2.0948133517809233 -0.41128048056150374 -0.40827076926056971 0.15533996942372755 0.64849192338925465
decision_type=2 2 2 2 2 2
left_child=1 2 -1 4 -2 -5
right_child=3 -3 -4 5 -6 -7
leaf_value=0.014491388544569397 -0.010137501586846688 0.038027422719264632 -0.0021607610471083209 -0.0046177552884684074 0.029192630777864693 -0.023699508319417143
leaf_weight=71.672109842300415 30.610238388180733 12.144613586366175 244.5279623568058 100.86836221069098 21.817203052341938 38.762132979929447
leaf_count=327 137 64 1067 441 99 169
internal_value=-6.80818e-06 0.00324754 0.00168109 -0.00554661 0.00670067 -0.0101748
internal_weight=520.403 328.345 316.2 192.058 52.4274 139.63
internal_count=2304 1458 1394 846 236 610
is_linear=0
shrinkage=0.04


Tree=117
num_leaves=8
num_cat=0
split_feature=102 116 60 26 85 26 49
split_gain=5.67379 8.92126 8.48344 10.5545 7.66012 5.22266 2.77325
threshold=-1.0105265497289724 0.60869066588073129 0.66628197544355305 1.1036885875645648 -0.07143631430395464 -0.45131796920003564 0.23527968413123504
decision_type=2 2 2 2 2 2 2
left_child=1 5 3 -2 -4 -1 -3
right_child=2 6 4 -5 -6 -7 -8
leaf_value=0.00060454418801741342 0.0023548021762191916 -0.022544047001139912 -0.020448698516297232 -0.033643035094607171 0.0054032915643853884 0.032448100573249927 0.0047845012891890321
leaf_weight=11.897085443139074 366.23243759572506 9.7441687136888522 59.284394927322865 11.511822357773779 25.156515672802925 25.391339987516403 10.86671659350395
leaf_count=51 1620 45 258 51 111 117 51
internal_value=1.57782e-07 0.0115861 -0.00149491 0.00108635 -0.0128001 0.0228362 -0.00898683
internal_weight=520.084 57.8993 462.185 377.744 84.4409 37.2884 20.6109
internal_count=2304 264 2040 1671 369 168 96
is_linear=0
shrinkage=0.04


Tree=118
num_leaves=5
num_cat=0
split_feature=74 58 80 65
split_gain=5.68767 7.91082 9.54283 7.3675
threshold=-1.0222123817282291 1.1430961970417639 -0.43167992898296953 1.3852710084649777
decision_type=2 2 2 2
left_child=-1 3 -3 -2
right_child=1 2 -4 -5
leaf_value=0.024851309344837657 0.0016006484057013578 0.0097050600853307838 -0.037051922276717109 -0.022128806932385052
leaf_weight=12.326934598386286 460.07605515420437 9.7689868956804293 17.62002868950367 19.929134681820869
leaf_count=63 2028 45 78 90
internal_value=-4.48948e-06 -0.000703552 -0.0208493 0.000527703
internal_weight=519.721 507.394 27.389 480.005
internal_count=2304 2241 123 2118
is_linear=0
shrinkage=0.04


Tree=119
num_leaves=8
num_cat=0
split_feature=46 58 74 14 74 7 33
split_gain=5.55239 9.72513 14.3066 9.21063 8.76865 13.5168 7.63847
threshold=-0.0066810224758677567 1.1430961970417639 -0.69995783672977141 -0.044709863863307393 1.1296209158403945 1.3040845668485124 -0.115398218822394
decision_type=2 2 2 2 2 2 2
left_child=1 2 -1 -3 5 -2 -6
right_child=4 3 -4 -5 6 -7 -8
leaf_value=0.03573619606417943 -0.0041196775079835818 0.0075385441009902885 0.0032476776619620885 -0.041047336393450616 -0.0062500097720308628 0.029911247633809791 -0.043499659928043125
leaf_weight=22.226772472262383 208.06583921611309 10.250626221299173 212.54755765944719 12.100736796855925 22.175997890532017 18.499060675501823 13.560334220528601
leaf_count=107 921 48 933 55 100 81 59
internal_value=-7.88663e-06 0.00415284 0.00659934 -0.0199761 -0.00408708 -0.00110363 -0.0219409
internal_weight=519.427 257.126 234.774 22.3514 262.301 226.565 35.7363
internal_count=2304 1143 1040 103 1161 1002 159
is_linear=0
shrinkage=0.04


end of trees

feature_importances:
Column_81=28
Column_115=28
Column_74=24
Column_80=21
Column_86=21
Column_87=21
Column_35=19
Column_28=18
Column_73=18
Column_82=18
Column_37=17
Column_106=17
Column_79=16
Column_46=14
Column_91=13
Column_102=13
Column_110=13
Column_36=12
Column_116=12
Column_58=11
Column_60=11
Column_93=11
Column_97=11
Column_40=10
Column_88=10
Column_4=9
Column_14=9
Column_34=9
Column_47=9
Column_63=9
Column_1=8
Column_38=8
Column_84=8
Column_99=8
Column_8=7
Column_26=7
Column_33=7
Column_85=7
Column_109=7
Column_7=6
Column_15=6
Column_30=6
Column_59=6
Column_61=6
Column_69=6
Column_100=6
Column_2=5
Column_11=5
Column_13=5
Column_53=5
Column_67=5
Column_92=5
Column_112=5
Column_117=5
Column_24=4
Column_41=4
Column_44=4
Column_48=4
Column_66=4
Column_72=4
Column_105=4
Column_18=3
Column_32=3
Column_42=3
Column_57=3
Column_62=3
Column_64=3
Column_78=3
Column_118=3
Column_10=2
Column_29=2
Column_31=2
Column_39=2
Column_43=2
Column_70=2
Column_76=2
Column_77=2
Column_83=2
Column_111=2
Column_114=2
Column_3=1
Column_9=1
Column_22=1
Column_25=1
Column_49=1
Column_65=1
Column_68=1
Column_75=1
Column_90=1
Column_96=1
Column_98=1
Column_103=1
Column_104=1

parameters:
[boosting: gbdt]
[objective: binary]
[metric: binary_logloss]
[tree_learner: serial]
[device_type: cpu]
[data_sample_strategy: bagging]
[data: ]
[valid: ]
[num_iterations: 120]
[learning_rate: 0.04]
[num_leaves: 15]
[num_threads: 2]
[seed: 42]
[deterministic: 0]
[force_col_wise: 0]
[force_row_wise: 0]
[histogram_pool_size: -1]
[max_depth: 3]
[min_data_in_leaf: 40]
[min_sum_hessian_in_leaf: 0.001]
[bagging_fraction: 0.85]
[pos_bagging_fraction: 1]
[neg_bagging_fraction: 1]
[bagging_freq: 0]
[bagging_seed: 400]
[bagging_by_query: 0]
[feature_fraction: 0.8]
[feature_fraction_bynode: 1]
[feature_fraction_seed: 30056]
[extra_trees: 0]
[extra_seed: 12879]
[early_stopping_round: 0]
[early_stopping_min_delta: 0]
[first_metric_only: 0]
[max_delta_step: 0]
[lambda_l1: 0]
[lambda_l2: 2]
[linear_lambda: 0]
[min_gain_to_split: 0]
[drop_rate: 0.1]
[max_drop: 50]
[skip_drop: 0.5]
[xgboost_dart_mode: 0]
[uniform_drop: 0]
[drop_seed: 17869]
[top_rate: 0.2]
[other_rate: 0.1]
[min_data_per_group: 100]
[max_cat_threshold: 32]
[cat_l2: 10]
[cat_smooth: 10]
[max_cat_to_onehot: 4]
[top_k: 20]
[monotone_constraints: ]
[monotone_constraints_method: basic]
[monotone_penalty: 0]
[feature_contri: ]
[forcedsplits_filename: ]
[refit_decay_rate: 0.9]
[cegb_tradeoff: 1]
[cegb_penalty_split: 0]
[cegb_penalty_feature_lazy: ]
[cegb_penalty_feature_coupled: ]
[path_smooth: 0]
[interaction_constraints: ]
[verbosity: -1]
[saved_feature_importance_type: 0]
[use_quantized_grad: 0]
[num_grad_quant_bins: 4]
[quant_train_renew_leaf: 0]
[stochastic_rounding: 1]
[linear_tree: 0]
[max_bin: 255]
[max_bin_by_feature: ]
[min_data_in_bin: 3]
[bin_construct_sample_cnt: 200000]
[data_random_seed: 175]
[is_enable_sparse: 1]
[enable_bundle: 1]
[use_missing: 1]
[zero_as_missing: 0]
[feature_pre_filter: 1]
[pre_partition: 0]
[two_round: 0]
[header: 0]
[label_column: ]
[weight_column: ]
[group_column: ]
[ignore_column: ]
[categorical_feature: ]
[forcedbins_filename: ]
[precise_float_parser: 0]
[parser_config_file: ]
[objective_seed: 16083]
[num_class: 1]
[is_unbalance: 0]
[scale_pos_weight: 1]
[sigmoid: 1]
[boost_from_average: 1]
[reg_sqrt: 0]
[alpha: 0.9]
[fair_c: 1]
[poisson_max_delta_step: 0.7]
[tweedie_variance_power: 1.5]
[lambdarank_truncation_level: 30]
[lambdarank_norm: 1]
[label_gain: ]
[lambdarank_position_bias_regularization: 0]
[eval_at: ]
[multi_error_top_k: 1]
[auc_mu_weights: ]
[num_machines: 1]
[local_listen_port: 12400]
[time_out: 120]
[machine_list_filename: ]
[machines: ]
[gpu_platform_id: -1]
[gpu_device_id: -1]
[gpu_device_id_list: ]
[gpu_use_dp: 0]
[num_gpu: 1]

end of parameters

pandas_categorical:null
