tree
version=v4
num_class=1
num_tree_per_iteration=1
label_index=0
max_feature_idx=118
objective=quantile
feature_names=Column_0 Column_1 Column_2 Column_3 Column_4 Column_5 Column_6 Column_7 Column_8 Column_9 Column_10 Column_11 Column_12 Column_13 Column_14 Column_15 Column_16 Column_17 Column_18 Column_19 Column_20 Column_21 Column_22 Column_23 Column_24 Column_25 Column_26 Column_27 Column_28 Column_29 Column_30 Column_31 Column_32 Column_33 Column_34 Column_35 Column_36 Column_37 Column_38 Column_39 Column_40 Column_41 Column_42 Column_43 Column_44 Column_45 Column_46 Column_47 Column_48 Column_49 Column_50 Column_51 Column_52 Column_53 Column_54 Column_55 Column_56 Column_57 Column_58 Column_59 Column_60 Column_61 Column_62 Column_63 Column_64 Column_65 Column_66 Column_67 Column_68 Column_69 Column_70 Column_71 Column_72 Column_73 Column_74 Column_75 Column_76 Column_77 Column_78 Column_79 Column_80 Column_81 Column_82 Column_83 Column_84 Column_85 Column_86 Column_87 Column_88 Column_89 Column_90 Column_91 Column_92 Column_93 Column_94 Column_95 Column_96 Column_97 Column_98 Column_99 Column_100 Column_101 Column_102 Column_103 Column_104 Column_105 Column_106 Column_107 Column_108 Column_109 Column_110 Column_111 Column_112 Column_113 Column_114 Column_115 Column_116 Column_117 Column_118
feature_infos=[-6.0502223796391599:6.5123507636881097] [-5.6099797139797536:5.4652024843498284] [-4.8804829962227885:4.1847880089322453] [-4.34248108369726:3.8419659582097196] [-3.6069000246993634:2.1514791280290471] [-2.5705841677112531:2.3718379155670855] [-4.2284713015242463:3.9847246944286328] [-1.3839049841352875:6.6900076937273134] [-1.6718501015978495:1.5955435765264132] [-3.5576581760368646:2.1857041028433182] [-1.535476096117266:5.3833888256202078] [-2.5177129317910771:2.1615116417216607] [-2.5348934125371501:2.4495588347842419] [-1.5098886765015087:4.021156241916561] [-2.9218295519971824:2.6686939289307756] [-1.5713419015191266:1.6313876495420114] [-1.7466710819754381:1.8161806915765726] [-0.92818314659730217:0.78423190161012357] [-0.98062485756132245:0.78751276001069592] [-0.92818314659730183:0.78423190161012357] [-2.2216744588457482:1.6755481153694707] [-4.0138260671898545:4.1330529740241291] [-3.2642076397861586:2.2925811953207904] [-2.3190661144006675:2.6082412757786346] [-2.1330775720584687:1.6252797064909823] [-2.1266892424707735:1.5951530254728514] [-3.3480783855859353:2.0045723915770037] [-1.7888706055854369:1.4382515065384662] [-1.1846950519380137:3.6643042245190722] [-3.6807441934783558:4.2533459089162067] [-3.6313036672329106:4.4600555718806545] [-3.0416794716066162:3.2555226814766325] [-3.1598851104715844:3.4503845636574337] [-1.9451056414934766:2.113550308745574] [-2.1569652234595487:2.2253497484348261] [-1.7690044192966281:1.7688089205660278] [-1.7714370656179803:1.8466768446135131] [-1.6686759393424244:3.9482056302884168] [-1.5521007040336385:5.2535774527954473] [-1.5069269796391824:3.9004785047595174] [-1.3078681818622409:3.446638584935334] [-1.6554699343891861:1.479976119589564] [-1.9657624262009885:1.7707691426008958] [-1.8750098336226884:14.126046707556867] [-190.90397862635481:170.43301030456678] [-419.56005895879463:138.58186561449318] [-343.69027507022884:80.647828016843604] [-1.3573632260672497:2.7473941725092983] [-1.929304730019149:2.0003295303008635] [-1.2053933489817295:9.0336049287212514] [-4.8662122801628627:4.4451483052325083] [-8.9553804478589054:6.6559957049468599] [-1:1.5] [-0.83333333333333337:1] [0:1] [0:1] [-6.3818154439356274:3.3426808027352961] [-2.9917202693875478:2.3175861478934676] [-2.2464862464159507:2.1892763816530576] [-1.1598236312049828:3.2538463840331096] [-2.0297478269536207:1.8084655208433877] [-2.4047322756372043:0.60970849444836284] [-4.5574106782131043:3.6909504368052977] [-3.557372505035906:2.6352741866965221] [-3.1826316648226518:2.1936320920649712] [-3.0583736460876683:4.0134749808608872] [-3.4255379984532603:2.2730871749652257] [-2.4973454818894152:1.7277469085502846] [-1.0039981403164933:2.3092066973375993] [-2.1698534050545399:1.3134935532432594] [-1.4949348074678739:0.30456112057877027] [-4.4848239487929256:7.7927272599023096] [-4.1874429925323042:5.7609480213246158] [-2.417323047279504:4.1909135611554582] [-1.2797769671921333:4.6608200671705911] [-1.2203694122244713:8.0374437638816172] [-1.2035868277926072:2.33977012800263] [-6.5462533033076715:6.7141854284784435] [-4.6185686124962233:3.575161010359472] [-3.3963838709047125:3.769006486714813] [-1.2232217611161207:3.5823925059328792] [-1.8220046971848645:4.4491111575036522] [-0.81678468972311957:2.2183396833352753] [-11.358102304015279:11.117012459965883] [-5.9367692201460267:5.1516761543303575] [-3.305598686162508:3.5302641313457626] [-1.0310654892861595:3.2108716566190951] [-2.0739848590494541:3.9313300689891619] [-1.3798166492571233:0.63771494931280037] [-4.0069805190827621:2.9776710749431978] [-3.5609588055619255:3.1269953597482192] [-2.6013574953587395:1.7397515851168746] [-1.3599278401595409:3.1889470049098776] [-2.0808793017714105:1.8334059957470694] [-1.4855399154164139:0.43557606660010345] [-5.5150580333730774:2.7814645743704003] [-4.187042937511225:3.591676295166859] [-1.9372279112510127:2.8742007141636727] [-1.3328161335913737:4.1010849527220294] [-1.7794485302052918:4.5640521668183816] [-1.5967111192036016:1.2770599816873682] [-4.3798324130181552:2.5425411573768493] [-3.8046986433585612:3.5442517033852892] [-1.9974228367814508:2.6537863972411797] [-1.4209483035626926:4.0488898943055878] [-1.6211221130474747:3.9039186817943525] [-1.6099890661110559:1.1975832784654759] [-3.3767603198278509:3.6295057774239545] [-2.2773047299790115:2.6971577141566847] [-1.9768820799613507:2.0537973808965675] [-1.5513083433618784:2.0691098503395282] [-1.4719556181946023:1.9495800456215564] [-2.4408346692807399:0.6520843850537702] [-3.3099263280791988:3.5133582429164978] [-2.8083921368962432:3.676731288270509] [-1.6937261124810288:2.4641915995520041] [-0.78465605977824615:2.8109252319719187] [-1.5063956612008209:2.4320318516494033] [-1.4222799230096301:0.92935261243938749]
tree_sizes=575 601 861 783 689 862 863 850 606 607 606 605 603 866 863 775 867 866 777 774 784 873 691 788 868 698 782 786 694 871 691 782 691 689 783 790 782 792 610 885 781 609 792 783 882 877 698 878 785 785 609 794 692 784 790 788 783 789 786 788 785 692 789 786 782 785 785 785 785 519 786 695 783 785 785 692 881 879 874 880 786 789 783 873 786 879 699 696 693 787 787 608 785 791 879 694 881 697 878 866 793 872 878 698 702 880 610 883 876 884 700 781 695 871 700 702 605 610 787 609

Tree=0
num_leaves=5
num_cat=0
split_feature=60 80 86 0
split_gain=5.52575 3.56748 3.92285 2.96865
threshold=-1.3297832906819631 -0.92939910596515962 1.0286196788231416 0.12301766297138571
decision_type=2 2 2 2
left_child=-1 3 -3 -2
right_child=1 2 -4 -5
leaf_value=0.039209451086261567 0.03898370502507767 0.03774668873409219 0.038513926830319442 0.037955255583085649
leaf_weight=63 47 1851 300 43
leaf_count=63 47 1851 300 43
internal_value=0.0379886 0.0376554 0.0373261 0.0453695
internal_weight=2304 2241 2151 90
internal_count=2304 2241 2151 90
is_linear=0
shrinkage=1


Tree=1
num_leaves=5
num_cat=0
split_feature=60 80 86 50
split_gain=5.52575 3.56748 3.45256 2.01827
threshold=-1.3297832906819631 -0.92939910596515962 0.98095108747198145 0.085422349305142711
decision_type=2 2 2 2
left_child=-1 3 -3 -2
right_child=1 2 -4 -5
leaf_value=0.0011820133275401077 0.00099044914240724031 -0.00024685266914367508 0.00051063131032264063 0.00011654696822240434
leaf_weight=63 45 1827 324 45
leaf_count=63 45 1827 324 45
internal_value=1.04067e-05 -0.000322783 -0.000652114 0.0073913
internal_weight=2304 2241 2151 90
internal_count=2304 2241 2151 90
is_linear=0
shrinkage=0.04


Tree=2
num_leaves=8
num_cat=0
split_feature=60 110 74 23 80 73 17
split_gain=5.05472 3.91173 3.39694 4.94507 2.8139 1.61656 0.759407
threshold=-0.94533074485920998 0.32931271048155925 -0.50386918949494774 0.6572295964996967 2.9396902901569768 0.72381827401078624 -0.45926701626745681
decision_type=2 2 2 2 2 2 2
left_child=1 6 3 -2 -4 -3 -1
right_child=2 5 4 -5 -6 -7 -8
leaf_value=0.00039948711051818707 0.00064544530884175601 0.0010891182332617977 -0.00030110084138254946 -0.00038803624324841395 0.00087822491296129352 0.0010807639196543165 -0.00037460422862690745
leaf_weight=43 293 45 1521 235 75 45 47
leaf_count=43 293 45 1521 235 75 45 47
internal_value=-2.42854e-05 0.00637363 -0.000571967 0.00220377 -0.00149187 0.0121739 0.000434782
internal_weight=2304 180 2124 528 1596 90 90
internal_count=2304 180 2124 528 1596 90 90
is_linear=0
shrinkage=0.04


Tree=3
num_leaves=7
num_cat=0
split_feature=60 116 74 5 39 28
split_gain=4.21526 3.5162 2.82238 4.27903 2.44055 1.34213
threshold=-0.94533074485920998 0.81740957513542278 -0.50386918949494774 0.64150972869811751 1.2123234829299758 0.024081369813712609
decision_type=2 2 2 2 2 2
left_child=1 5 3 -2 -4 -1
right_child=2 -3 4 -5 -6 -7
leaf_value=0.00052248592745080013 0.00061962749648808565 0.00088568773403171694 -0.00031631400110924323 -0.00037251479351847728 0.00052294711537892869 -0.00027898662256761069
leaf_weight=41 293 75 1444 235 152 64
leaf_count=41 293 75 1444 235 152 64
internal_value=-0.000128362 0.00571428 -0.000628411 0.00190189 -0.00146683 0.000934579
internal_weight=2304 180 2124 528 1596 105
internal_count=2304 180 2124 528 1596 105
is_linear=0
shrinkage=0.04


Tree=4
num_leaves=6
num_cat=0
split_feature=60 86 29 2 50
split_gain=3.85544 2.12983 2.16632 2.00848 1.46887
threshold=-1.1417566078081769 0.98095108747198145 -0.16732250473063323 -0.56646262245559742 -0.92356091959977549
decision_type=2 2 2 2 2
left_child=3 4 -3 -1 -2
right_child=1 2 -4 -5 -6
leaf_value=0.0013892616712944863 0.00026089949910814038 0.00083645755156320362 0.00010097371290685358 0.00037680068945899217 -0.0001877128292340828
leaf_weight=40 227 77 235 50 1675
leaf_count=40 227 77 235 50 1675
internal_value=-0.000197746 -0.000530687 0.00252229 0.00782609 -0.00103361
internal_weight=2304 2214 312 90 1902
internal_count=2304 2214 312 90 1902
is_linear=0
shrinkage=0.04


Tree=5
num_leaves=8
num_cat=0
split_feature=86 29 80 46 94 37 30
split_gain=3.30555 4.01655 2.18256 1.8583 1.73313 1.52998 0.958128
threshold=1.0286196788231416 -0.16732250473063323 -0.92939910596515962 0.071985281857795222 -0.19948571728331557 1.0589457747211584 0.26576485088100316
decision_type=2 2 2 2 2 2 2
left_child=2 3 6 -2 -4 -3 -1
right_child=1 5 4 -5 -6 -7 -8
leaf_value=0.00072451515933755976 0.00028710060689816739 -0.00018775085179691597 -0.00041143231886288129 0.0013353570112373237 -7.0226048560290746e-06 0.00080931585652699106 0.00025425542192677466
leaf_weight=48 40 191 759 40 1140 44 42
leaf_count=48 40 191 759 40 1140 44 42
internal_value=-0.000197746 0.00359621 -0.000801608 0.0112195 -0.00109206 0.000928269 0.00521739
internal_weight=2304 315 1989 80 1899 235 90
internal_count=2304 315 1989 80 1899 235 90
is_linear=0
shrinkage=0.04


Tree=6
num_leaves=8
num_cat=0
split_feature=60 110 74 12 59 62 17
split_gain=3.65124 3.09603 2.33968 3.92758 2.53092 1.63557 0.58361
threshold=-0.94533074485920998 0.32931271048155925 -0.50386918949494774 0.61701612265456518 2.697843565759785 0.50687014943430153 -0.45926701626745681
decision_type=2 2 2 2 2 2 2
left_child=1 6 3 -2 -4 -3 -1
right_child=2 5 4 -5 -6 -7 -8
leaf_value=0.00030540641324752451 0.00058389081382996142 0.0012762197319739024 -0.00027945322126546188 -0.00031707847344932308 0.00079668097415142697 0.00032166277797886298 -0.00037578190319726459
leaf_weight=43 283 48 1524 245 72 42 47
leaf_count=43 283 48 1524 245 72 42 47
internal_value=-0.000163054 0.00527472 -0.000628411 0.00167547 -0.00139174 0.0104348 -9.32942e-10
internal_weight=2304 180 2124 528 1596 90 90
internal_count=2304 180 2124 528 1596 90 90
is_linear=0
shrinkage=0.04


Tree=7
num_leaves=8
num_cat=0
split_feature=86 29 46 109 7 37 79
split_gain=3.20717 3.64443 2.1928 1.81808 2.9217 1.52998 1.12424
threshold=1.0286196788231416 -0.16732250473063323 0.071985281857795222 -1.2868993718861663 0.12387653292804916 1.0589457747211584 -1.5699029979681196
decision_type=2 2 2 2 2 2 2
left_child=3 2 -2 4 -1 -3 -5
right_child=1 5 -4 6 -6 -7 -8
leaf_value=-0.00027564217273613886 0.00025226095006904229 -0.000189509616443449 0.0012585870982346323 0.00074326319186216881 0.00071631268842920327 0.00075799276223265056 -0.00016942312147051164
leaf_weight=45 40 191 40 72 69 44 1803
leaf_count=45 40 191 40 72 69 44 1803
internal_value=-0.00026713 0.00347003 0.0107317 -0.000861879 0.004 0.000928269 -0.00116143
internal_weight=2304 315 80 1989 114 235 1875
internal_count=2304 315 80 1989 114 235 1875
is_linear=0
shrinkage=0.04


Tree=8
num_leaves=5
num_cat=0
split_feature=60 86 3 80
split_gain=3.12457 2.31313 2.211 1.72157
threshold=-1.3297832906819631 0.98095108747198145 -0.087074034802335956 -0.92939910596515962
decision_type=2 2 2 2
left_child=-1 3 -3 -2
right_child=1 2 -4 -5
leaf_value=0.00087274716383875007 0.00054309595920082169 0.00066862694947995892 6.3372473295397885e-05 -0.00018866506803425547
leaf_weight=63 90 104 220 1827
leaf_count=63 90 104 220 1827
internal_value=-0.000215092 -0.000465449 0.00265031 -0.000994269
internal_weight=2304 2241 324 1917
internal_count=2304 2241 324 1917
is_linear=0
shrinkage=0.04


Tree=9
num_leaves=5
num_cat=0
split_feature=60 86 21 62
split_gain=3.12457 2.31313 2.211 1.39419
threshold=-1.3297832906819631 0.98095108747198145 -0.08700703171227285 -0.012816096856039719
decision_type=2 2 2 2
left_child=-1 3 -3 -2
right_child=1 2 -4 -5
leaf_value=0.00083783727728520014 9.1834929274536849e-06 0.00064188187150076063 6.0837574363582086e-05 -0.00031615831560533161
leaf_weight=63 960 104 220 957
leaf_count=63 960 104 220 957
internal_value=-0.000215092 -0.000465449 0.00265031 -0.000994269
internal_weight=2304 2241 324 1917
internal_count=2304 2241 324 1917
is_linear=0
shrinkage=0.04


Tree=10
num_leaves=5
num_cat=0
split_feature=60 86 3 50
split_gain=3.09958 2.26054 2.211 1.31944
threshold=-1.3297832906819631 0.98095108747198145 -0.087074034802335956 -0.92356091959977549
decision_type=2 2 2 2
left_child=-1 3 -3 -2
right_child=1 2 -4 -5
leaf_value=0.00080432378619379205 0.00024113951013523735 0.00061620659664073031 5.8404071389038668e-05 -0.00017085547016781332
leaf_weight=63 231 104 220 1686
leaf_count=63 231 104 220 1686
internal_value=-0.0001804 -0.000429782 0.00265031 -0.00095258
internal_weight=2304 2241 324 1917
internal_count=2304 2241 324 1917
is_linear=0
shrinkage=0.04


Tree=11
num_leaves=5
num_cat=0
split_feature=36 116 13 94
split_gain=3.20682 5.18656 2.20948 2.06404
threshold=-1.2293761481978638 0.8058831175430613 -1.1309276312220022 -0.25585709264728246
decision_type=2 2 2 2
left_child=1 -1 -2 -4
right_child=2 -3 3 -5
leaf_value=-0.00034130127854962528 0.00054712196697785805 0.00080607818227291085 -0.00030043951987300511 2.7314234717994071e-05
leaf_weight=57 40 42 829 1336
leaf_count=57 40 42 829 1336
internal_value=-0.000197746 0.00677228 -0.000516539 -0.000692202
internal_weight=2304 99 2205 2165
internal_count=2304 99 2205 2165
is_linear=0
shrinkage=0.04


Tree=12
num_leaves=5
num_cat=0
split_feature=36 116 13 41
split_gain=3.15918 5.18656 2.1832 1.89965
threshold=-1.2293761481978638 0.8058831175430613 -1.1309276312220022 0.62097905647236906
decision_type=2 2 2 2
left_child=1 -1 -2 -4
right_child=2 -3 3 -5
leaf_value=-0.00032764922740764036 0.00052523708829874376 0.00077383505498199428 -2.104115732747893e-05 -0.00039006996437004475
leaf_weight=57 40 42 1793 372
leaf_count=57 40 42 1793 372
internal_value=-0.000145708 0.00677228 -0.000462167 -0.000636826
internal_weight=2304 99 2205 2165
internal_count=2304 99 2205 2165
is_linear=0
shrinkage=0.04


Tree=13
num_leaves=8
num_cat=0
split_feature=60 116 34 80 94 0 28
split_gain=3.06344 2.92913 2.04423 2.01351 2.22203 1.52433 0.716187
threshold=-0.94533074485920998 0.78873860512617855 -0.82759565437527127 -0.92939910596515962 -0.25585709264728246 0.12301766297138571 0.038097337366903787
decision_type=2 2 2 2 2 2 2
left_child=1 6 -3 5 -5 -2 -1
right_child=3 2 -4 4 -6 -7 -8
leaf_value=0.00025863487373357642 0.00076863950790693678 0.00076765336602190688 0.00021892278886192579 -0.00039886752556342493 2.3350152107730137e-05 -3.5289629773246953e-05 -0.00037462943740411994
leaf_weight=40 47 42 45 780 1254 43 53
leaf_count=40 47 42 45 780 1254 43 53
internal_value=-0.000145708 0.00483516 0.0100225 -0.000571967 -0.000833007 0.00521739 -0.000126317
internal_weight=2304 180 87 2124 2034 90 93
internal_count=2304 180 87 2124 2034 90 93
is_linear=0
shrinkage=0.04


Tree=14
num_leaves=8
num_cat=0
split_feature=86 29 46 40 94 62 80
split_gain=2.7886 3.41223 2.55052 1.51317 1.39798 2.48709 1.357
threshold=1.0286196788231416 -0.16732250473063323 0.071985281857795222 1.5005141741083736 -0.12908096900441704 -0.012816096856039719 -0.92939910596515962
decision_type=2 2 2 2 2 2 2
left_child=4 2 -2 -3 6 -6 -1
right_child=1 3 -4 -5 5 -7 -8
leaf_value=0.00045715788884033318 0.00016391696618149292 -0.00020641337422625666 0.0011299900684204592 0.00045382069996359985 0.00018155496722348832 -0.00033187556774101526 -0.0002999420624985095
leaf_weight=54 40 184 40 51 560 571 804
leaf_count=54 40 184 40 51 560 571 804
internal_value=-0.00026713 0.00321766 0.0102439 0.000759493 -0.000821699 0.000102382 -0.00203721
internal_weight=2304 315 80 235 1989 1131 858
internal_count=2304 315 80 235 1989 1131 858
is_linear=0
shrinkage=0.04


Tree=15
num_leaves=7
num_cat=0
split_feature=86 3 14 35 82 68
split_gain=2.73342 3.25843 2.19898 1.5486 1.3929 1.24858
threshold=1.0286196788231416 -0.087074034802335956 0.067658602616266425 -1.3373543769254619 0.73733629111895671 -0.743070593084453
decision_type=2 2 2 2 2 2
left_child=3 2 -2 -1 -3 -5
right_child=1 4 -4 5 -6 -7
leaf_value=0.00051831734454555833 0.0010466612517116124 -0.00029728434436924941 0.00042672485975245533 0.00024353844902344189 0.00044146893424649135 -0.00013915754943527017
leaf_weight=77 52 146 47 121 70 1791
leaf_count=77 52 146 47 121 70 1791
internal_value=-0.000232438 0.00321766 0.00914851 -0.000781518 0.000440366 -0.00100732
internal_weight=2304 315 99 1989 216 1912
internal_count=2304 315 99 1989 216 1912
is_linear=0
shrinkage=0.04


Tree=16
num_leaves=8
num_cat=0
split_feature=104 81 30 74 12 39 58
split_gain=2.7262 3.21816 2.52668 1.94095 3.05032 1.66431 1.19546
threshold=0.94711148461665684 -0.056536232913051217 0.24136478850403117 -0.50386918949494774 0.61701612265456518 1.2589372461673658 0.063704392168039373
decision_type=2 2 2 2 2 2 2
left_child=3 6 -3 4 -1 -5 -2
right_child=1 2 -4 5 -6 -7 -8
leaf_value=0.00050153871044573224 -0.00067918492593317475 0.0011106925096667072 0.0001079846965656779 -0.00021772913487620824 -0.00026222321467904322 0.00050909687360543344 0.00032795782947235515
leaf_weight=249 66 50 40 1453 240 110 96
leaf_count=249 66 50 40 1453 240 110 96
internal_value=-0.000319168 0.00359055 0.00956522 -0.000802338 0.00139307 -0.0014901 0.000195121
internal_weight=2304 252 90 2052 489 1563 162
internal_count=2304 252 90 2052 489 1563 162
is_linear=0
shrinkage=0.04


Tree=17
num_leaves=8
num_cat=0
split_feature=60 116 74 28 110 33 28
split_gain=2.94345 2.67551 1.86732 3.13048 1.8695 1.7465 0.716187
threshold=-0.94533074485920998 0.78873860512617855 -0.50386918949494774 0.55029869519221641 1.6697800653175603 -0.68956997848589341 0.038097337366903787
decision_type=2 2 2 2 2 2 2
left_child=1 6 3 -2 -4 -3 -1
right_child=2 5 4 -5 -6 -7 -8
leaf_value=0.00025333351494402672 0.0004655579385996152 0.00065978605350016837 -0.00020783832709028271 -0.00043076237825536692 0.00038335138831580186 0.00022404270507221573 -0.00034251659627950018
leaf_weight=40 356 45 1539 172 57 42 53
leaf_count=40 356 45 1539 172 57 42 53
internal_value=-0.00026713 0.00461538 -0.000684855 0.00137358 -0.00136671 0.00957303 -0.000126317
internal_weight=2304 180 2124 528 1596 87 93
internal_count=2304 180 2124 528 1596 87 93
is_linear=0
shrinkage=0.04


Tree=18
num_leaves=7
num_cat=0
split_feature=104 108 29 13 50 64
split_gain=2.58102 3.49243 5.45943 1.91683 1.37118 1.1327
threshold=0.94711148461665684 -0.11295637860007261 0.68716892442269606 -1.1309276312220022 -0.92356091959977549 0.029855375813291271
decision_type=2 2 2 2 2 2
left_child=3 5 -3 -1 -5 -2
right_child=1 2 -4 4 -6 -7
leaf_value=0.00055476898874534176 -0.00040798674810693067 0.000982500779547222 -0.0002313232126936411 0.00017442973605761604 -0.00013887169525874854 0.00066229314417454524
leaf_weight=40 97 68 40 231 1781 47
leaf_count=40 97 68 40 231 1781 47
internal_value=-0.000371207 0.00343307 0.0088 -0.000841286 -0.00101688 -0.000657535
internal_weight=2304 252 108 2052 2012 144
internal_count=2304 252 108 2052 2012 144
is_linear=0
shrinkage=0.04


Tree=19
num_leaves=7
num_cat=0
split_feature=39 110 29 13 24 10
split_gain=2.5181 2.47062 2.52141 1.91074 1.62998 1.11426
threshold=1.2589372461673658 0.2830117163283129 0.52339456314619548 -1.1309276312220022 -0.93402660446509478 0.98317648717547002
decision_type=2 2 2 2 2 2
left_child=3 5 -3 -1 -5 -2
right_child=1 2 -4 4 -6 -7
leaf_value=0.00053257822919552825 0.00014400471043410663 0.0010708436463345535 7.1930865783944046e-05 7.8265070933039495e-05 -0.00013023318022079637 -0.00041599028193318983
leaf_weight=40 46 66 60 164 1839 89
leaf_count=40 46 66 60 164 1839 89
internal_value=-0.00035386 0.0033308 0.0073125 -0.000827385 -0.00100349 -0.000437957
internal_weight=2304 261 126 2043 2003 135
internal_count=2304 261 126 2043 2003 135
is_linear=0
shrinkage=0.04


Tree=20
num_leaves=7
num_cat=0
split_feature=104 108 15 13 110 64
split_gain=2.19289 2.55578 4.4802 1.50156 1.38596 1.01328
threshold=0.94711148461665684 -0.11295637860007261 0.16484494864092034 -1.1309276312220022 -0.043359102600176724 0.029855375813291271
decision_type=2 2 2 2 2 2
left_child=3 5 -3 -1 -5 -2
right_child=1 2 -4 4 -6 -7
leaf_value=0.00051127510002770698 -0.0003864579509738216 0.0010512961502846258 -2.983182763618225e-05 -0.00026160081060419869 1.2391578164182136e-05 0.00063277216257475192
leaf_weight=40 97 53 55 1025 987 47
leaf_count=40 97 53 55 1025 987 47
internal_value=-0.000388553 0.00311811 0.00770909 -0.000821812 -0.000977161 -0.000383563
internal_weight=2304 252 108 2052 2012 144
internal_count=2304 252 108 2052 2012 144
is_linear=0
shrinkage=0.04


Tree=21
num_leaves=8
num_cat=0
split_feature=40 116 62 116 59 60 28
split_gain=1.95477 2.88027 3.21596 1.76294 2.13838 1.62111 0.571039
threshold=1.1925708586528214 0.78873860512617855 0.049404336207697706 0.0082972685195183103 0.56460259757111519 -0.42789614652380292 0.10053300446659648
decision_type=2 2 2 2 2 2 2
left_child=3 6 -3 4 -1 -5 -2
right_child=1 2 -4 5 -6 -7 -8
leaf_value=-5.086172298298112e-05 0.00027486871825409048 0.00094180988549435519 1.1034346493998971e-05 2.0478435452135738e-05 0.00059713387687602688 -0.00039587817874441657 -0.00049832613573876658
leaf_weight=987 41 87 82 258 108 618 123
leaf_count=987 41 87 82 258 108 618 123
internal_value=-0.00035386 0.00247164 0.00610526 -0.00083325 0.000237009 -0.00216857 -0.00130121
internal_weight=2304 333 169 1971 1095 876 164
internal_count=2304 333 169 1971 1095 876 164
is_linear=0
shrinkage=0.04


Tree=22
num_leaves=6
num_cat=0
split_feature=36 116 74 28 13
split_gain=1.7595 2.92756 1.48324 3.34051 1.62344
threshold=-1.2293761481978638 0.8058831175430613 -0.50914188221179668 0.55029869519221641 1.3458111493185398
decision_type=2 2 2 2 2
left_child=1 -1 3 -2 -4
right_child=2 -3 4 -5 -6
leaf_value=-0.00029632307307048692 0.0004657518441278647 0.00054558560657694906 -0.00018310967191200952 -0.00046173824422639063 0.00052279964925339801
leaf_weight=57 354 42 1517 162 172
leaf_count=57 354 42 1517 162 172
internal_value=-0.000371207 0.00479208 -0.00060716 0.00126641 -0.00118037
internal_weight=2304 99 2205 516 1689
internal_count=2304 99 2205 516 1689
is_linear=0
shrinkage=0.04


Tree=23
num_leaves=7
num_cat=0
split_feature=80 50 94 62 60 47
split_gain=1.4217 2.39225 1.9691 2.01714 1.22097 0.614581
threshold=-0.84071270865160541 -0.39518529881354786 -0.25585709264728246 -0.012816096856039719 -0.41931370363109849 -0.070283579398082649
decision_type=2 2 2 2 2 2
left_child=1 -1 4 -4 -2 -3
right_child=2 5 3 -5 -6 -7
leaf_value=0.00079181053557008025 2.0120155918274887e-05 0.00023155614565419089 0.00015734191175331737 -0.00016417422650789548 -0.00056632130883026881 -0.00019891722499125811
leaf_weight=40 174 64 671 730 576 49
leaf_count=40 174 64 671 730 576 49
internal_value=-0.000423245 0.00327742 -0.000689272 0.00019672 -0.00234043 0.000243477
internal_weight=2304 153 2151 1401 750 113
internal_count=2304 153 2151 1401 750 113
is_linear=0
shrinkage=0.04


Tree=24
num_leaves=8
num_cat=0
split_feature=60 110 74 109 110 62 33
split_gain=1.7242 1.94852 1.48801 1.99407 1.09799 1.06968 0.359452
threshold=-0.94533074485920998 0.32931271048155925 -0.14933171638269724 -0.36506650511989297 1.6697800653175603 0.50687014943430153 -0.82656843394816282
decision_type=2 2 2 2 2 2 2
left_child=1 6 3 -2 -4 -3 -1
right_child=2 5 4 -5 -6 -7 -8
leaf_value=8.4484830506336391e-05 0.0004032474270809094 0.00089366359024400737 -0.00031851348555049687 -3.4181906568639139e-05 0.00031458106126647749 3.9816797620875957e-05 -0.00038446812678035461
leaf_weight=40 237 48 1092 738 57 42 50
leaf_count=40 237 48 1092 738 57 42 50
internal_value=-0.000440591 0.0032967 -0.000760114 0.000388945 -0.00173415 0.0073913 -0.000869566
internal_weight=2304 180 2124 975 1149 90 90
internal_count=2304 180 2124 975 1149 90 90
is_linear=0
shrinkage=0.04


Tree=25
num_leaves=6
num_cat=0
split_feature=31 40 86 74 38
split_gain=1.54863 1.94612 2.99206 2.00193 0.0741304
threshold=0.92130532612080318 1.2370727842586955 0.7218913947727571 -0.50914188221179668 1.3425435449267908
decision_type=2 2 2 2 2
left_child=1 3 -3 -1 -2
right_child=4 2 -4 -5 -6
leaf_value=0.00026767113627821921 -0.00074581659353839536 0.00014384877919846085 0.00084652318432168255 -0.00013608338684896227 -3.7642393021016783e-05
leaf_weight=370 185 182 61 1466 40
leaf_count=370 185 182 61 1466 40
internal_value=-0.000475283 -0.000132629 0.00321633 -0.000578891 -0.00361234
internal_weight=2304 2079 243 1836 225
internal_count=2304 2079 243 1836 225
is_linear=0
shrinkage=0.04


Tree=26
num_leaves=7
num_cat=0
split_feature=62 40 82 68 36 10
split_gain=1.41711 2.43314 2.6469 1.85246 1.48732 1.13863
threshold=-0.012816096856039719 1.2370727842586955 0.68928568818395997 -0.70142953689379384 -1.090151094235547 -0.79629532960049565
decision_type=2 2 2 2 2 2
left_child=1 3 -3 -1 -2 -6
right_child=4 2 -4 -5 5 -7
leaf_value=0.00050032256089389522 0.00014439935534010589 0.0001628692137416545 0.00087098820757898596 -4.2825968008006154e-05 0.00031413576266465523 -0.00027092531158739156
leaf_weight=71 59 99 45 919 102 1009
leaf_count=71 59 99 45 919 102 1009
internal_value=-0.000457937 0.000549295 0.00536986 -0.000161291 -0.00143345 -0.0017646
internal_weight=2304 1134 144 990 1170 1111
internal_count=2304 1134 144 990 1170 1111
is_linear=0
shrinkage=0.04


Tree=27
num_leaves=7
num_cat=0
split_feature=62 40 25 68 36 10
split_gain=1.41869 2.39774 3.35848 1.51421 1.47081 1.11835
threshold=-0.012816096856039719 1.2370727842586955 -0.067096557591882142 -0.70142953689379384 -1.090151094235547 -0.79629532960049565
decision_type=2 2 2 2 2 2
left_child=1 3 -3 -1 -2 -6
right_child=4 2 -4 -5 5 -7
leaf_value=0.0004803096584581393 0.00013862338112650158 0.00070860270525559407 -0.00038698566324160688 -4.1112929287686016e-05 0.00030157033215806909 -0.0002600882991238958
leaf_weight=71 59 80 64 919 102 1009
leaf_count=71 59 80 64 919 102 1009
internal_value=-0.000423245 0.000584506 0.00536986 -0.000120969 -0.00139932 -0.00172866
internal_weight=2304 1134 144 990 1170 1111
internal_count=2304 1134 144 990 1170 1111
is_linear=0
shrinkage=0.04


Tree=28
num_leaves=6
num_cat=0
split_feature=50 68 35 107 104
split_gain=1.4296 1.72571 1.52236 1.22958 1.17269
threshold=-0.94254553870567703 -0.49158153673507893 -1.4117607797385641 0.35122299299133292 1.9791065663066469
decision_type=2 2 2 2 2
left_child=1 -1 -2 -3 -4
right_child=2 3 4 -5 -6
leaf_value=0.00079436432665472019 0.00039715531905204694 -7.5938068576573284e-05 -9.8946626613744925e-05 0.00033839145948078838 0.00058086917532290954
leaf_weight=43 45 160 1929 67 60
leaf_count=43 45 160 1929 67 60
internal_value=-0.000371207 0.00235294 -0.000734775 0.000925763 -0.00090206
internal_weight=2304 270 2034 227 1989
internal_count=2304 270 2034 227 1989
is_linear=0
shrinkage=0.04


Tree=29
num_leaves=8
num_cat=0
split_feature=2 116 25 26 47 28 116
split_gain=1.48046 1.86448 1.87288 1.73683 1.04387 2.01848 1.01776
threshold=-0.34066898471674717 0.78873860512617855 -0.6004390985115341 -0.43396825133861927 -0.47156906510045055 0.20252150669224814 -0.63286479030981513
decision_type=2 2 2 2 2 2 2
left_child=1 3 -3 -1 5 -2 -6
right_child=4 2 -4 -5 6 -7 -8
leaf_value=-0.0003708746442344229 -2.7656431589027653e-05 0.00051077668399827035 0.00030601990771529527 0.00019574601551036012 0.00027572759241922259 0.00077016046872280502 -0.00021915682881705665
leaf_weight=271 332 40 91 327 95 58 1090
leaf_count=271 332 40 91 327 95 58 1090
internal_value=-0.000388553 0.00109986 0.00538346 0.000146666 -0.001078 0.000714285 -0.00166807
internal_weight=2304 729 131 598 1575 390 1185
internal_count=2304 729 131 598 1575 390 1185
is_linear=0
shrinkage=0.04


Tree=30
num_leaves=6
num_cat=0
split_feature=80 9 74 63 110
split_gain=1.2323 1.43571 1.36415 2.4306 1.19907
threshold=3.0069689216055848 -0.15865163424323317 -0.50386918949494774 -0.74316528167004026 1.630698664266937
decision_type=2 2 2 2 2
left_child=2 -2 3 -1 -4
right_child=1 -3 4 -5 -6
leaf_value=-0.00042927180898531684 0.00091367929431902448 -7.0854926473492267e-05 -0.0001432684458458357 0.00037138123863692251 0.00028085432613933784
leaf_weight=148 40 68 1599 371 78
leaf_count=148 40 68 1599 371 78
internal_value=-0.000423245 0.00370909 -0.000629664 0.00115931 -0.00118404
internal_weight=2304 108 2196 519 1677
internal_count=2304 108 2196 519 1677
is_linear=0
shrinkage=0.04


Tree=31
num_leaves=7
num_cat=0
split_feature=40 47 33 2 80 64
split_gain=1.39746 3.30818 2.25309 1.17429 1.87005 0.30507
threshold=1.2370727842586955 -0.53335526002110401 -0.79581394902299796 0.82810310674843723 3.0266245194632519 0.57556699304808745
decision_type=2 2 2 2 2 2
left_child=3 -2 -3 4 -1 -5
right_child=1 2 -4 5 -6 -7
leaf_value=-3.9540364736828486e-05 0.00067530677842565128 0.00036260832190454284 -0.00030563669469915771 -0.00051771504095881596 0.00084235810359663873 -7.4339315376910006e-05
leaf_weight=1682 51 69 177 225 60 40
leaf_count=1682 51 69 177 225 60 40
internal_value=-0.000371207 0.0021806 0.000225806 -0.000750623 -0.000371561 -0.00322097
internal_weight=2304 297 246 2007 1742 265
internal_count=2304 297 246 2007 1742 265
is_linear=0
shrinkage=0.04


Tree=32
num_leaves=6
num_cat=0
split_feature=0 8 13 41 8
split_gain=1.40251 1.66945 1.10098 1.51602 1.04001
threshold=-1.1181795531714391 -0.072426266618074622 -1.1309276312220022 0.62097905647236906 -0.49663175000608822
decision_type=2 2 2 2 2
left_child=1 4 -2 -4 -1
right_child=2 -3 3 -5 -6
leaf_value=0.0003539235180755689 0.0005147044622648727 0.00057483421805132155 -2.2763388788991339e-05 -0.00029267560943026119 -0.00015650674031224154
leaf_weight=78 40 71 1701 356 58
leaf_count=78 40 71 1701 356 58
internal_value=-0.000388553 0.00273684 -0.000699382 -0.00082953 0.000115941
internal_weight=2304 207 2097 2057 136
internal_count=2304 207 2097 2057 136
is_linear=0
shrinkage=0.04


Tree=33
num_leaves=6
num_cat=0
split_feature=80 94 2 92 0
split_gain=1.61177 1.49146 1.85905 1.27649 1.1009
threshold=-0.92939910596515962 -0.28949463283658033 0.24065219962847481 0.77306427914466558 0.18243144372093081
decision_type=2 2 2 2 2
left_child=4 3 -3 -2 -1
right_child=1 2 -4 -5 -6
leaf_value=0.00056746571308218517 -0.00042862455063612443 0.00011056864766765227 -0.0002616403181660284 0.00016678941324143104 -8.2734433009786502e-06
leaf_weight=49 663 865 548 138 41
leaf_count=49 663 865 548 138 41
internal_value=-0.000405899 -0.00062094 0.00016113 -0.00199751 0.00478261
internal_weight=2304 2214 1413 801 90
internal_count=2304 2214 1413 801 90
is_linear=0
shrinkage=0.04


Tree=34
num_leaves=7
num_cat=0
split_feature=63 86 9 98 59 39
split_gain=1.17274 1.50347 2.55293 1.26607 1.26179 0.902224
threshold=-0.62680925557522083 1.2396482346227231 0.10579511824063806 -0.99628271553318548 2.9743756688587548 -0.35981834629894532
decision_type=2 2 2 2 2 2
left_child=4 3 -3 -2 5 -1
right_child=1 2 -4 -5 -6 -7
leaf_value=5.3060892906365359e-05 0.00021355525413765464 0.0006436261145919593 4.6568817407738159e-06 -3.0497057494949871e-05 0.00062785276941752864 -0.00046538371837914701
leaf_weight=116 125 44 80 1524 41 374
leaf_count=116 125 44 80 1524 41 374
internal_value=-0.000388553 0.000105915 0.00431746 -0.000215628 -0.00203377 -0.00260163
internal_weight=2304 1773 124 1649 531 490
internal_count=2304 1773 124 1649 531 490
is_linear=0
shrinkage=0.04


Tree=35
num_leaves=7
num_cat=0
split_feature=0 64 117 94 74 105
split_gain=1.26531 1.68983 0.932621 1.69211 0.840464 0.776479
threshold=-1.1181795531714391 0.42385353222872363 -0.2093739864966955 -0.12908096900441704 -0.83309844490102247 -0.17805501295321721
decision_type=2 2 2 2 2 2
left_child=1 5 3 -2 -4 -1
right_child=2 -3 4 -5 -6 -7
leaf_value=0.00037914209262055869 -0.00011049737024916406 0.0005617681422589707 0.00078928369784091504 0.00020032857516507661 -0.00015627657868172462 -0.00013472335092951489
leaf_weight=58 486 48 45 382 1184 101
leaf_count=58 486 48 45 382 1184 101
internal_value=-0.000423245 0.00254545 -0.000718438 0.000285057 -0.00142648 0.000521738
internal_weight=2304 207 2097 868 1229 159
internal_count=2304 207 2097 868 1229 159
is_linear=0
shrinkage=0.04


Tree=36
num_leaves=7
num_cat=0
split_feature=29 20 80 80 64 1
split_gain=1.20516 1.84871 1.72266 1.68115 0.369991 0.0742228
threshold=0.82215774754242366 0.76404876160494284 -0.50529648111450676 2.9396902901569768 0.54507786694767624 0.32860347035169352
decision_type=2 2 2 2 2 2
left_child=1 3 -3 -1 5 -2
right_child=4 2 -4 -5 -6 -7
leaf_value=-3.1108466942007183e-05 -0.00042876492455768919 -1.6304126611439865e-06 0.0006745571609892084 0.00063694622022934604 -5.2934812115700895e-06 -0.00052575931117448298
leaf_weight=1847 40 41 40 88 62 186
leaf_count=1847 40 41 40 88 62 186
internal_value=-0.000457937 -0.000111002 0.00573494 -0.000361385 -0.00286897 -0.00361404
internal_weight=2304 2016 81 1935 288 226
internal_count=2304 2016 81 1935 288 226
is_linear=0
shrinkage=0.04


Tree=37
num_leaves=7
num_cat=0
split_feature=41 74 63 116 86 50
split_gain=1.14549 1.67153 2.06522 1.94542 0.784867 0.245338
threshold=0.62097905647236906 -0.25645125546652087 -0.74316528167004026 1.0196355357728912 -0.83867952941546753 -0.71876477419936624
decision_type=2 2 2 2 2 2
left_child=1 2 -1 -3 -2 -6
right_child=4 3 -4 -5 5 -7
leaf_value=-0.00031872476382627073 0.00025573123978802644 -0.0001540019050583032 0.0002921506288999153 0.00038190822028525204 -2.6270617415411221e-05 -0.00029577846290738426
leaf_weight=157 41 1180 430 150 42 304
leaf_count=157 41 1180 430 150 42 304
internal_value=-0.000457937 -5.62803e-05 0.00171817 -0.000840842 -0.00243702 -0.00305747
internal_weight=2304 1917 587 1330 387 346
internal_count=2304 1917 587 1330 387 346
is_linear=0
shrinkage=0.04


Tree=38
num_leaves=5
num_cat=0
split_feature=60 80 50 117
split_gain=1.12833 1.18053 1.64657 1.29611
threshold=-1.3297832906819631 -0.84071270865160541 -0.39518529881354786 -0.2093739864966955
decision_type=2 2 2 2
left_child=-1 2 -2 -3
right_child=1 3 -4 -5
leaf_value=0.00046272166963611813 0.00064067917487575202 2.0142002419577703e-05 8.1690910581448052e-06 -0.00018183872188464007
leaf_weight=63 40 882 113 1206
leaf_count=63 40 882 113 1206
internal_value=-0.000457937 -0.000608115 0.00276129 -0.000857417
internal_weight=2304 2241 153 2088
internal_count=2304 2241 153 2088
is_linear=0
shrinkage=0.04


Tree=39
num_leaves=8
num_cat=0
split_feature=63 74 87 110 68 105 66
split_gain=1.13651 1.91827 2.83736 2.02976 0.959412 1.44582 0.189487
threshold=-0.59770768282376696 -0.50386918949494774 -0.55878006245562128 -0.043359102600176724 -0.10045926378377584 0.21986113387227013 0.94385435422028852
decision_type=2 2 2 2 2 2 2
left_child=4 2 -2 -3 5 -1 -6
right_child=1 3 -4 -5 6 -7 -8
leaf_value=0.00031550121768681864 -0.00023547943633431438 -0.00019816706881038674 0.00051146835415687619 5.3403735582206701e-05 -0.00038889502495180386 -0.0004835105750787093 -0.00011074446539476455
leaf_weight=101 99 741 269 646 255 153 40
leaf_count=101 99 741 269 646 255 153 40
internal_value=-0.000440591 5.69142e-05 0.00261622 -0.000624911 -0.00202541 -0.000218751 -0.00356902
internal_weight=2304 1755 368 1387 549 254 295
internal_count=2304 1755 368 1387 549 254 295
is_linear=0
shrinkage=0.04


Tree=40
num_leaves=7
num_cat=0
split_feature=29 20 80 80 64 1
split_gain=1.34701 1.83621 1.6682 1.19365 0.408182 0.00818268
threshold=0.82215774754242366 0.76404876160494284 2.9396902901569768 -0.50529648111450676 0.54507786694767624 0.32860347035169352
decision_type=2 2 2 2 2 2
left_child=1 2 -1 -3 5 -2
right_child=4 3 -4 -5 -6 -7
leaf_value=-2.8176802149056619e-05 -0.00040563269528957186 1.4504918482104103e-05 0.00061067949299597145 0.00064148243611367411 -8.4298960830519289e-06 -0.00051488148831004975
leaf_weight=1847 40 41 88 40 62 186
leaf_count=1847 40 41 88 40 62 186
internal_value=-0.000457937 -9.11803e-05 -0.000340734 0.00573494 -0.0030069 -0.00378947
internal_weight=2304 2016 1935 81 288 226
internal_count=2304 2016 1935 81 288 226
is_linear=0
shrinkage=0.04


Tree=41
num_leaves=5
num_cat=0
split_feature=4 53 108 80
split_gain=1.32401 1.32276 2.24531 1.18927
threshold=-1.655040875333651 -0.74999999999999989 -0.16011751510764025 -0.84071270865160541
decision_type=2 2 2 2
left_child=-1 2 -2 -3
right_child=1 3 -4 -5
leaf_value=0.00035994431642123221 0.00040492164376454236 0.00022635942151703035 3.0900777297348122e-05 -0.00010583902559374705
leaf_weight=40 52 152 189 1871
leaf_count=40 52 152 189 1871
internal_value=-0.000371207 -0.000501325 0.00228806 -0.000835557
internal_weight=2304 2264 241 2023
internal_count=2304 2264 241 2023
is_linear=0
shrinkage=0.04


Tree=42
num_leaves=7
num_cat=0
split_feature=87 64 74 70 28 47
split_gain=1.17298 1.79268 3.25513 1.34028 0.67548 0.425578
threshold=-0.55878006245562128 -0.64177821215471909 -0.54763472225272691 0.13572505740577193 -0.63133167146631064 -0.57144215988510261
decision_type=2 2 2 2 2 2
left_child=4 3 -3 -2 -1 -6
right_child=1 2 -4 -5 5 -7
leaf_value=0.00016055435461723007 -0.00044667707811326833 0.00047944794321375198 -9.2158772152064839e-06 0.00010619594868849108 6.7272008876191844e-05 -0.00028608617489144335
leaf_weight=44 270 229 1213 178 40 330
leaf_count=44 270 229 1213 178 40 330
internal_value=-0.000423245 -9.52666e-10 0.00068698 -0.00220445 -0.00234615 -0.00290323
internal_weight=2304 1890 1442 448 414 370
internal_count=2304 1890 1442 448 414 370
is_linear=0
shrinkage=0.04


Tree=43
num_leaves=7
num_cat=0
split_feature=9 20 7 62 65 40
split_gain=1.25325 1.7362 1.90312 0.497279 0.842965 0.299217
threshold=0.49724918416076286 0.76404876160494284 0.024714031942131402 -0.27530526898839219 0.073934230846271598 -0.50512715666365804
decision_type=2 2 2 2 2 2
left_child=1 2 -1 4 -2 -5
right_child=3 -3 -4 5 -6 -7
leaf_value=-0.0001244132458336849 -0.00021216787238787874 0.00044256800531893589 0.00013124701848791869 -4.6395746006559321e-05 0.00029916863719665622 -0.00034315752901348197
leaf_weight=917 46 64 783 78 40 376
leaf_count=917 46 64 783 78 40 376
internal_value=-0.000457937 5.88892e-05 -0.000188015 -0.00214022 0.000636363 -0.00266667
internal_weight=2304 1764 1700 540 86 454
internal_count=2304 1764 1700 540 86 454
is_linear=0
shrinkage=0.04


Tree=44
num_leaves=8
num_cat=0
split_feature=87 87 40 93 106 36 114
split_gain=1.28308 1.51291 1.6894 1.65389 0.368754 0.686992 0.295227
threshold=-0.55878006245562128 -0.074240139556409304 1.1925708586528214 0.0382727891966139 -0.98827042130287834 0.084481621531913131 0.82009093630076335
decision_type=2 2 2 2 2 2 2
left_child=4 3 -3 -2 5 -1 -6
right_child=1 2 -4 -5 6 -7 -8
leaf_value=-5.2285743725187377e-05 0.00031618751007421279 -0.00015199432695172648 0.00021863090615187073 -0.00022193611312207816 -0.00042056920321766452 0.00026278079952232633 -8.4248712363443746e-06
leaf_weight=67 420 1057 239 174 252 53 42
leaf_count=67 420 1057 239 174 252 53 42
internal_value=-0.000527321 -8.45675e-05 -0.00085054 0.00158389 -0.00253846 -0.000655739 -0.0032973
internal_weight=2304 1890 1296 594 414 120 294
internal_count=2304 1890 1296 594 414 120 294
is_linear=0
shrinkage=0.04


Tree=45
num_leaves=8
num_cat=0
split_feature=62 94 28 14 38 115 36
split_gain=1.33182 1.68758 2.07541 1.60162 0.697053 1.51364 0.668596
threshold=0.056918785086807817 -0.28949463283658033 -0.33185248580862164 0.41560116355204796 -0.81444131904821127 -0.43680342822925755 -1.090151094235547
decision_type=2 2 2 2 2 2 2
left_child=1 3 -3 -1 5 -2 -6
right_child=4 2 -4 -5 6 -7 -8
leaf_value=-0.00027974025514406733 0.00041241285647420435 -0.00018018783491552016 0.00023680118987327064 0.00013015553657716726 5.4041854216890195e-05 -0.00021311610984916165 -0.00021071553719156298
leaf_weight=345 41 165 570 132 55 46 950
leaf_count=345 41 165 570 132 55 46 950
internal_value=-0.000457937 0.000454694 0.00165536 -0.00139457 -0.00146984 0.00193258 -0.00176763
internal_weight=2304 1212 735 477 1092 87 1005
internal_count=2304 1212 735 477 1092 87 1005
is_linear=0
shrinkage=0.04


Tree=46
num_leaves=6
num_cat=0
split_feature=9 20 59 47 59
split_gain=1.23406 2.5195 1.34743 0.666033 0.421062
threshold=0.49724918416076286 0.76404876160494284 -0.2532805394803434 -0.47733698477582759 -0.43946852938613229
decision_type=2 2 2 2 2
left_child=1 2 -1 -2 -5
right_child=3 -3 -4 4 -6
leaf_value=-0.00014084258149258953 4.3355816427184444e-05 0.00039910837524144421 3.6313096539157198e-05 -2.8515459508367997e-06 -0.00040502504434165019
leaf_weight=574 76 64 1126 85 379
leaf_count=574 76 64 1126 85 379
internal_value=-0.000544667 -3.1711e-05 -0.000329026 -0.00221402 -0.00278112
internal_weight=2304 1764 1700 540 464
internal_count=2304 1764 1700 540 464
is_linear=0
shrinkage=0.04


Tree=47
num_leaves=8
num_cat=0
split_feature=62 94 28 14 70 109 13
split_gain=1.39302 1.66082 1.98806 1.46318 0.655369 0.889793 0.618205
threshold=0.056918785086807817 -0.25585709264728246 -0.33185248580862164 0.086362252601307213 0.30406042652476262 -0.1396387909111648 -1.0131447060748491
decision_type=2 2 2 2 2 2 2
left_child=1 3 -3 -1 6 -6 -2
right_child=4 2 -4 -5 5 -7 -8
leaf_value=-0.00026610601091310614 0.00039595167232106272 -0.00017324463779198236 0.00023744769689606018 3.6576985691529629e-05 0.00036386553609282546 -0.00024835256569754726 -0.00017458263729928759
leaf_weight=269 40 164 565 214 52 61 939
leaf_count=269 40 164 565 214 52 61 939
internal_value=-0.000544667 0.000388796 0.00159234 -0.00142681 -0.00157953 0.00128696 -0.00191234
internal_weight=2304 1212 729 483 1092 113 979
internal_count=2304 1212 729 483 1092 113 979
is_linear=0
shrinkage=0.04


Tree=48
num_leaves=7
num_cat=0
split_feature=0 64 74 8 86 101
split_gain=1.31287 1.29771 0.882612 1.44323 0.970648 0.881985
threshold=-1.1424116623091352 0.42385353222872363 -0.054664748526351441 -1.0892641800423477 1.5350679913589902 -0.49448575086337959
decision_type=2 2 2 2 2 2
left_child=1 5 3 -2 -4 -1
right_child=2 -3 4 -5 -6 -7
leaf_value=0.00034389684257029424 0.00052301678904168427 0.00050607052763806319 -0.00017417392216976331 -1.6456865908791599e-05 0.00025700574768962661 -0.00011651891796879574
leaf_weight=52 76 43 1036 927 67 103
leaf_count=52 76 43 1036 927 67 103
internal_value=-0.000457937 0.00264 -0.000751424 0.000107462 -0.00153122 0.000891719
internal_weight=2304 198 2106 1003 1103 155
internal_count=2304 198 2106 1003 1103 155
is_linear=0
shrinkage=0.04


Tree=49
num_leaves=7
num_cat=0
split_feature=80 94 92 62 63 42
split_gain=1.29291 1.20734 1.43921 1.37793 1.16005 1.09807
threshold=-0.84071270865160541 -0.24949091259504555 0.77306427914466558 -0.4269555031466547 0.73901141746840493 -0.51328127978365579
decision_type=2 2 2 2 2 2
left_child=4 2 -2 -3 5 -1
right_child=1 3 -4 -5 -6 -7
leaf_value=0.00016292417178776056 -0.00038292668193400786 0.00016944525675450739 0.0001900897702180521 -4.6323322874598575e-05 0.00052047782679481066 -0.00016633753379433574
leaf_weight=46 627 398 132 994 44 63
leaf_count=46 627 398 132 994 44 63
internal_value=-0.000509975 -0.000763587 -0.00204468 -6.31286e-05 0.00301935 0.000756756
internal_weight=2304 2151 759 1392 153 109
internal_count=2304 2151 759 1392 153 109
is_linear=0
shrinkage=0.04


Tree=50
num_leaves=5
num_cat=0
split_feature=60 80 50 88
split_gain=1.15856 1.05308 1.7747 1.07921
threshold=-1.3297832906819631 -0.84071270865160541 -0.39518529881354786 -0.19834536526778421
decision_type=2 2 2 2
left_child=-1 2 -2 -3
right_child=1 3 -4 -5
leaf_value=0.0004361778610647643 0.00057031580556058379 4.7720328975101049e-06 -2.8337981033699013e-06 -0.00010782798418934207
leaf_weight=63 40 951 113 1137
leaf_count=63 40 951 113 1137
internal_value=-0.000527321 -0.000679448 0.00250322 -0.000914833
internal_weight=2304 2241 153 2088
internal_count=2304 2241 153 2088
is_linear=0
shrinkage=0.04


Tree=51
num_leaves=7
num_cat=0
split_feature=63 74 116 110 59 13
split_gain=1.11633 1.5844 3.30412 1.52446 0.947403 0.710684
threshold=-0.59770768282376696 -0.50386918949494774 -0.088644142670639178 -0.043359102600176724 2.9743756688587548 -0.36989421232390468
decision_type=2 2 2 2 2 2
left_child=4 2 -2 -3 5 -1
right_child=1 3 -4 -5 -6 -7
leaf_value=6.9097065720045514e-05 0.00085969495819667591 -0.00015639454590535192 -3.6828558133209077e-05 4.1264415028579324e-05 0.00051438493740499412 -0.00040146437070464952
leaf_weight=114 123 741 245 646 41 394
leaf_count=114 123 741 245 646 41 394
internal_value=-0.000527321 -3.41501e-05 0.00229189 -0.000653709 -0.002098 -0.00257255
internal_weight=2304 1755 368 1387 549 508
internal_count=2304 1755 368 1387 549 508
is_linear=0
shrinkage=0.04


Tree=52
num_leaves=6
num_cat=0
split_feature=2 80 20 47 8
split_gain=1.38209 1.1572 1.21409 0.401567 0.162719
threshold=0.82810310674843723 3.0266245194632519 0.84551896498086243 -0.52686441094504144 1.1005050486062948
decision_type=2 2 2 2 2
left_child=1 2 -1 -2 -5
right_child=3 -3 -4 4 -6
leaf_value=-2.1735137276143382e-05 4.3400438968040836e-05 0.00056495885652975615 0.00032400357924514274 -0.00041251038933029797 -2.7171636517951785e-05
leaf_weight=1844 56 71 47 245 41
leaf_count=1844 56 71 47 245 41
internal_value=-0.000475283 -6.51741e-05 -0.00025568 -0.00281395 -0.00341667
internal_weight=2304 1962 1891 342 286
internal_count=2304 1962 1891 342 286
is_linear=0
shrinkage=0.04


Tree=53
num_leaves=7
num_cat=0
split_feature=0 25 24 29 115 65
split_gain=1.29824 1.12409 0.945357 0.937183 1.32977 0.369882
threshold=-1.1424116623091352 -0.2900853514751483 0.21746046235213437 0.82215774754242366 -0.1267312796559642 0.61027680643579985
decision_type=2 2 2 2 2 2
left_child=1 -1 -3 4 -2 -5
right_child=3 2 -4 5 -6 -7
leaf_value=0.00038723006872322179 2.6624348324473938e-05 -0.00028175871680830277 0.00030726232611199455 -0.00042306266613875037 -9.1728102058718979e-05 -9.9676294951287067e-05
leaf_weight=65 784 59 74 203 1037 82
leaf_count=65 784 59 74 203 1037 82
internal_value=-0.000440591 0.00264 0.000503703 -0.000732449 -0.000397149 -0.00285714
internal_weight=2304 198 133 2106 1821 285
internal_count=2304 198 133 2106 1821 285
is_linear=0
shrinkage=0.04


Tree=54
num_leaves=7
num_cat=0
split_feature=29 80 59 46 64 4
split_gain=1.0724 1.26192 1.65273 0.472706 0.759242 0.00743751
threshold=0.73812719738500632 -0.92939910596515962 -0.2532805394803434 -0.18321066578480211 0.51492091618128066 1.1146525467576358
decision_type=2 2 2 2 2 2
left_child=1 -1 -3 4 -2 -5
right_child=3 2 -4 5 -6 -7
leaf_value=0.0002539117494958018 -0.00032836879381539839 -0.00017806062768972619 1.8346815997245797e-05 -0.0004019057436431027 0.00013925534465826633 -0.00054778798103664341
leaf_weight=69 110 620 1264 161 40 40
leaf_count=69 110 620 1264 161 40 40
internal_value=-0.000475283 -0.000108441 -0.000305409 -0.00250425 -0.000789475 -0.00376355
internal_weight=2304 1953 1884 351 150 201
internal_count=2304 1953 1884 351 150 201
is_linear=0
shrinkage=0.04


Tree=55
num_leaves=7
num_cat=0
split_feature=19 74 64 80 59 37
split_gain=1.11026 1.63853 2.09957 1.32443 0.444467 0.543987
threshold=0.57222260150015514 -0.22970320454423862 -0.61623050222673992 3.0266245194632519 1.8775036610346223 -0.86341871741363463
decision_type=2 2 2 2 2 2
left_child=1 2 -1 -3 5 -2
right_child=4 3 -4 -5 -6 -7
leaf_value=-0.00026114562679018546 1.9411649403752518e-05 -6.4999055842721986e-05 0.00021794563786452705 0.00065326568665368962 9.5440696847780808e-05 -0.00041733071794434464
leaf_weight=174 73 1248 403 56 43 307
leaf_count=174 73 1248 403 56 43 307
internal_value=-0.000440591 -2.33679e-05 0.00174784 -0.000808577 -0.00228706 -0.00272251
internal_weight=2304 1881 577 1304 423 380
internal_count=2304 1881 577 1304 423 380
is_linear=0
shrinkage=0.04


Tree=56
num_leaves=7
num_cat=0
split_feature=116 26 11 80 64 105
split_gain=1.09125 1.31506 1.73136 1.21994 1.23206 1.00557
threshold=1.0196355357728912 0.63785984475306812 -0.27106544667945137 -0.84071270865160541 0.6496742683671789 0.97887885496771754
decision_type=2 2 2 2 2 2
left_child=3 2 -2 4 -1 -5
right_child=1 -3 -4 5 -6 -7
leaf_value=4.6477344339166991e-06 -0.00049495299871406078 -0.00034936265679985813 0.00057345575154158781 -3.3197305553133516e-05 0.00046452458212837617 -0.00051503438895711688
leaf_weight=107 40 56 81 1791 40 189
leaf_count=107 40 56 81 1791 40 189
internal_value=-0.000475283 0.00252514 0.00484553 -0.000727103 0.0027651 -0.000988901
internal_weight=2304 177 121 2127 147 1980
internal_count=2304 177 121 2127 147 1980
is_linear=0
shrinkage=0.04


Tree=57
num_leaves=7
num_cat=0
split_feature=9 115 104 7 47 59
split_gain=1.10298 1.52581 1.30824 1.21005 0.456644 0.366181
threshold=0.49724918416076286 -0.11093014002890483 0.35187784427797347 0.032007425370311184 -0.47733698477582759 -0.43946852938613229
decision_type=2 2 2 2 2 2
left_child=1 2 -1 -3 -2 -6
right_child=4 3 -4 -5 5 -7
leaf_value=5.8223708756644738e-05 2.2506771904435432e-05 -0.00016014571688788965 0.00018043719241813872 3.2433237698853018e-05 -4.1841986051625139e-06 -0.0003668266756158288
leaf_weight=563 76 553 146 502 85 379
leaf_count=563 76 553 146 502 85 379
internal_value=-0.000562013 -7.70111e-05 0.00135584 -0.00104068 -0.00214022 -0.00260944
internal_weight=2304 1764 709 1055 540 464
internal_count=2304 1764 709 1055 540 464
is_linear=0
shrinkage=0.04


Tree=58
num_leaves=7
num_cat=0
split_feature=2 7 93 40 47 112
split_gain=1.13386 1.09127 1.47779 1.43581 0.371996 0.180226
threshold=0.82810310674843723 0.024714031942131402 0.032145610176979235 -0.50512715666365804 -0.52686441094504144 0.21971204917732065
decision_type=2 2 2 2 2 2
left_child=1 2 -1 -3 -2 -6
right_child=4 3 -4 -5 5 -7
leaf_value=7.8810399855078785e-06 3.8267071278374423e-05 0.00043862694248207704 -0.00024602842473691775 2.3937111551334574e-05 -0.0004207792169988111 -9.4809547022646357e-05
leaf_weight=623 56 74 474 791 196 90
leaf_count=623 56 74 474 791 196 90
internal_value=-0.000579359 -0.00020774 -0.00104459 0.000853517 -0.00269768 -0.00327778
internal_weight=2304 1962 1097 865 342 286
internal_count=2304 1962 1097 865 342 286
is_linear=0
shrinkage=0.04


Tree=59
num_leaves=7
num_cat=0
split_feature=62 60 41 105 74 9
split_gain=1.14631 1.47625 2.64541 1.69983 0.67113 0.67837
threshold=0.056918785086807817 -0.79556137714807473 -0.80363498594254923 -1.1390684073182438 -1.0137767871068422 0.47588452811002163
decision_type=2 2 2 2 2 2
left_child=1 2 -1 -3 -2 -6
right_child=4 3 -4 -5 5 -7
leaf_value=-0.00015069727816057382 2.587967375776538e-05 0.00011400299385507216 0.00056673919326374487 -2.1483633665853927e-05 -3.899370624867657e-05 -0.00036742361545077853
leaf_weight=47 42 61 80 1024 668 382
leaf_count=47 42 61 80 1024 668 382
internal_value=-0.000457937 0.000388796 0.00443411 -9.19973e-05 -0.00139671 -0.00159696
internal_weight=2304 1212 127 1085 1092 1050
internal_count=2304 1212 127 1085 1092 1050
is_linear=0
shrinkage=0.04


Tree=60
num_leaves=7
num_cat=0
split_feature=80 11 80 98 12 104
split_gain=1.28026 1.21867 1.07145 1.27652 1.02981 0.458947
threshold=-0.84071270865160541 0.19475872177030731 -0.57498615864625824 -1.0554672047487799 -0.03248739853866249 0.25945881317477576
decision_type=2 2 2 2 2 2
left_child=1 4 5 -4 -1 -2
right_child=2 -3 3 -5 -6 -7
leaf_value=0.00010690945676381014 -0.00045264502695929439 0.00046817874507960064 0.00044271141446634941 -2.3559139950050269e-05 -0.00019027669766894594 -1.397359013340429e-05
leaf_weight=59 231 48 72 1791 46 57
leaf_count=59 231 48 72 1791 46 57
internal_value=-0.000492629 0.00301935 -0.000745008 -0.000392494 0.000560747 -0.0030069
internal_weight=2304 153 2151 1863 105 288
internal_count=2304 153 2151 1863 105 288
is_linear=0
shrinkage=0.04


Tree=61
num_leaves=6
num_cat=0
split_feature=2 110 80 47 8
split_gain=1.22865 1.26709 1.25349 0.570392 0.162719
threshold=0.82810310674843723 1.6503951810873729 3.0266245194632519 -0.52686441094504144 1.1005050486062948
decision_type=2 2 2 2 2
left_child=1 2 -1 -2 -5
right_child=3 -3 -4 4 -6
leaf_value=-1.84503450282042e-05 4.1504578577398191e-05 0.00038843315940479393 0.00051427413447981303 -0.00034516460098242232 -1.8201286743246772e-05
leaf_weight=1846 56 45 71 245 41
leaf_count=1846 56 45 71 245 41
internal_value=-0.000492629 -0.000105907 -0.000264722 -0.00269768 -0.00341667
internal_weight=2304 1962 1917 342 286
internal_count=2304 1962 1917 342 286
is_linear=0
shrinkage=0.04


Tree=62
num_leaves=7
num_cat=0
split_feature=50 64 107 26 74 51
split_gain=1.35884 1.28382 1.09555 1.00277 1.05516 0.160507
threshold=-0.92356091959977549 0.42385353222872363 0.35122299299133292 0.82357716098689993 -0.22970320454423862 -0.32803288615994214
decision_type=2 2 2 2 2 2
left_child=1 2 -1 4 -2 -5
right_child=3 -3 -4 5 -6 -7
leaf_value=-0.00011816115042228311 1.7880797711311911e-05 0.00038878904470312213 0.00019905407720476916 -0.0001585290647886252 -5.7291522858473793e-05 -0.00038638223914390737
leaf_weight=148 620 64 67 67 1173 165
leaf_count=148 620 64 67 67 1173 165
internal_value=-0.000457937 0.00214947 0.00064516 -0.000818945 -0.000496937 -0.00328205
internal_weight=2304 279 215 2025 1793 232
internal_count=2304 279 215 2025 1793 232
is_linear=0
shrinkage=0.04


Tree=63
num_leaves=7
num_cat=0
split_feature=80 11 59 29 12 74
split_gain=1.24269 1.21867 1.08232 1.41027 1.02981 0.916478
threshold=-0.84071270865160541 0.19475872177030731 -0.2532805394803434 0.73812719738500632 -0.03248739853866249 -0.90223007199489369
decision_type=2 2 2 2 2 2
left_child=1 4 5 -4 -1 -2
right_child=2 -3 3 -5 -6 -7
leaf_value=9.5523510532855629e-05 2.5834451115241652e-05 0.00043463804728941977 1.6387360469076596e-05 -0.00034777317771005122 -0.0001826428478695124 -0.00029002265294932549
leaf_weight=59 81 48 1261 248 46 561
leaf_count=59 81 48 1261 248 46 561
internal_value=-0.000440591 0.00301935 -0.000689272 -0.000103244 0.000560747 -0.00206211
internal_weight=2304 153 2151 1509 105 642
internal_count=2304 153 2151 1509 105 642
is_linear=0
shrinkage=0.04


Tree=64
num_leaves=7
num_cat=0
split_feature=2 86 26 88 9 34
split_gain=1.07225 1.5204 1.20582 1.07197 1.14318 1.08646
threshold=-0.34066898471674717 1.0431703182418957 -0.11616387830308295 0.21221859431948523 0.50379446691356333 -0.90354222364195758
decision_type=2 2 2 2 2 2
left_child=1 2 -1 4 -2 -5
right_child=3 -3 -4 5 -6 -7
leaf_value=-3.0011475568573997e-05 6.3990368049122811e-05 0.00052723887040431402 0.00017602564999464113 6.3888872943280157e-05 -0.00017704164045087231 -0.00019473187070924978
leaf_weight=460 609 57 212 68 345 553
leaf_count=460 609 57 212 68 345 553
internal_value=-0.000440591 0.000826264 0.000284866 -0.00102727 -0.000184101 -0.00231782
internal_weight=2304 729 672 1575 954 621
internal_count=2304 729 672 1575 954 621
is_linear=0
shrinkage=0.04


Tree=65
num_leaves=7
num_cat=0
split_feature=63 60 88 70 36 87
split_gain=1.26427 1.31307 1.3335 1.0221 1.33132 0.335592
threshold=-0.59770768282376696 -1.3297832906819631 0.42807961663658439 0.13572505740577193 0.49904179746673644 -0.47979066003430509
decision_type=2 2 2 2 2 2
left_child=3 -2 -3 5 -5 -1
right_child=1 2 -4 4 -6 -7
leaf_value=-1.1559556214270807e-05 0.00042137389040176762 1.6902686720380517e-05 -0.00015662312597007134 0.00032264868343869 -0.00041875896267188316 -0.00041967382411089738
leaf_weight=41 48 1162 545 102 127 279
leaf_count=41 48 1162 545 102 127 279
internal_value=-0.00035386 0.000170745 -1.63848e-05 -0.00202541 1.73151e-05 -0.00347826
internal_weight=2304 1755 1707 549 229 320
internal_count=2304 1755 1707 549 229 320
is_linear=0
shrinkage=0.04


Tree=66
num_leaves=7
num_cat=0
split_feature=0 64 8 41 46 115
split_gain=1.20696 1.29413 0.963072 1.07782 0.881227 0.82637
threshold=-1.1181795531714391 0.42385353222872363 -0.98430052273140001 -0.39085128211787828 0.37093918186050207 -0.11093014002890483
decision_type=2 2 2 2 2 2
left_child=1 4 3 -2 -1 -4
right_child=2 -3 5 -5 -6 -7
leaf_value=-0.00010535488385109989 -0.00073484753012971991 0.0002988971627788883 -9.7165670347896718e-07 0.00036712003148480556 0.00034780040679304846 -0.00010996404659271115
leaf_weight=99 65 48 884 126 60 1022
leaf_count=99 65 48 884 126 60 1022
internal_value=-0.00035386 0.00254545 -0.000642212 0.00205181 0.000770185 -0.000914047
internal_weight=2304 207 2097 191 159 1906
internal_count=2304 207 2097 191 159 1906
is_linear=0
shrinkage=0.04


Tree=67
num_leaves=7
num_cat=0
split_feature=63 0 62 74 80 81
split_gain=1.07828 1.32777 1.71548 1.16669 1.15785 0.736145
threshold=-0.59770768282376696 -1.0989555239283513 -1.0943436535513398 -0.22192396996697175 3.3179176307296299 0.98633697167403545
decision_type=2 2 2 2 2 2
left_child=4 2 -2 -3 5 -1
right_child=1 3 -4 -5 -6 -7
leaf_value=-0.00030351201794736021 -0.00021181794371812935 2.4917523439838086e-05 0.00036346390301347906 -5.4814063691783869e-05 0.00039933575834981758 2.4732474532113009e-05
leaf_weight=430 52 553 111 1039 42 77
leaf_count=430 52 553 111 1039 42 77
internal_value=-0.000336514 0.000147979 0.00356364 -0.000205773 -0.00188022 -0.00241257
internal_weight=2304 1755 163 1592 549 507
internal_count=2304 1755 163 1592 549 507
is_linear=0
shrinkage=0.04


Tree=68
num_leaves=7
num_cat=0
split_feature=62 49 84 3 36 35
split_gain=1.17034 1.53396 1.49051 1.29363 0.727595 1.18522
threshold=0.056918785086807817 1.0012518449526437 1.255782169330512 -0.60404662007139309 -1.090151094235547 0.031212043060059962
decision_type=2 2 2 2 2 2
left_child=1 2 -1 -3 -2 -6
right_child=4 3 -4 -5 5 -7
leaf_value=-1.6936669391755732e-05 8.1428043455643618e-05 0.00013025318538795007 0.00020128347831601854 0.00046559553031430681 -0.00020415210242900054 -1.6138433361439182e-05
leaf_weight=936 55 105 122 49 454 583
leaf_count=936 55 105 122 49 454 583
internal_value=-0.000301822 0.000553541 7.54622e-06 0.00425641 -0.00125046 -0.0014899
internal_weight=2304 1212 1058 154 1092 1037
internal_count=2304 1212 1058 154 1092 1037
is_linear=0
shrinkage=0.04


Tree=69
num_leaves=4
num_cat=0
split_feature=69 110 74
split_gain=1.05075 1.00648 1.11377
threshold=-1.8190624506166466 1.6697800653175603 -0.12871023283726596
decision_type=2 2 2
left_child=-1 2 -2
right_child=1 -3 -4
leaf_value=0.00010198671991805277 6.6059453523793097e-06 0.0003521635061511406 -0.00013950919581958549
leaf_weight=45 996 60 1203
leaf_count=45 996 60 1203
internal_value=-0.000388553 -0.000511279 -0.000652432
internal_weight=2304 2259 2199
internal_count=2304 2259 2199
is_linear=0
shrinkage=0.04


Tree=70
num_leaves=7
num_cat=0
split_feature=63 116 74 47 80 13
split_gain=1.06819 1.31923 1.64259 1.15918 0.870909 1.06932
threshold=-0.62680925557522083 1.0196355357728912 -0.22192396996697175 -0.30145617588817841 3.3179176307296299 -0.36989421232390468
decision_type=2 2 2 2 2 2
left_child=4 2 -2 -3 5 -1
right_child=1 3 -4 -5 -6 -7
leaf_value=5.3204022329256033e-05 3.252075079912462e-05 0.00056154123131896933 -7.3232554224413697e-05 9.7264586816849205e-06 0.00038374682051152008 -0.00039026707740512335
leaf_weight=112 587 59 1042 85 42 377
leaf_count=112 587 59 1042 85 42 377
internal_value=-0.000388553 8.33793e-05 -0.000242797 0.00372603 -0.00195873 -0.00243585
internal_weight=2304 1773 1629 144 531 489
internal_count=2304 1773 1629 144 531 489
is_linear=0
shrinkage=0.04


Tree=71
num_leaves=6
num_cat=0
split_feature=80 50 60 80 79
split_gain=1.13328 1.52292 1.15863 1.0035 0.51619
threshold=-0.84071270865160541 -0.39518529881354786 -1.3297832906819631 -0.57498615864625824 -0.5652143406307949
decision_type=2 2 2 2 2
left_child=1 -1 -2 -4 -3
right_child=2 4 3 -5 -6
leaf_value=0.00047963896154101636 0.00029199935624983636 -9.2448631880994936e-05 -0.0003680944189457955 -1.5204901958741272e-05 5.6965886283148482e-05
leaf_weight=40 63 51 288 1800 62
leaf_count=40 63 51 288 1800 62
internal_value=-0.000284476 0.00301935 -0.000522063 -0.000685168 0.000591303
internal_weight=2304 153 2151 2088 113
internal_count=2304 153 2151 2088 113
is_linear=0
shrinkage=0.04


Tree=72
num_leaves=7
num_cat=0
split_feature=2 20 60 112 72 94
split_gain=1.041 1.28941 1.26876 0.471112 0.638717 0.141508
threshold=0.82810310674843723 0.83700900766827313 -1.3297832906819631 0.32870087202367126 1.0000000180025095e-35 -0.936266711495226
decision_type=2 2 2 2 2 2
left_child=1 2 -1 5 -5 -2
right_child=3 -3 -4 4 -6 -7
leaf_value=0.00037244660294357443 -3.0825300969634838e-05 0.00026788545431526411 -7.3412477866390775e-06 -0.00024541020999087739 8.3067729737368917e-05 -0.00033135799809288292
leaf_weight=51 40 55 1856 45 40 217
leaf_count=51 40 55 1856 45 40 217
internal_value=-0.000319168 3.66589e-05 -0.000140389 -0.00234884 0.000229884 -0.00319691
internal_weight=2304 1962 1907 342 85 257
internal_count=2304 1962 1907 342 85 257
is_linear=0
shrinkage=0.04


Tree=73
num_leaves=7
num_cat=0
split_feature=9 41 13 34 44 25
split_gain=1.11491 1.37616 1.63966 1.2168 0.635014 0.426316
threshold=0.49724918416076286 -0.030110148342214729 -0.89457468188484524 -0.65189621058370739 -2.5111772411394795 0.1846511774815438
decision_type=2 2 2 2 2 2
left_child=1 3 -3 -1 -2 -6
right_child=4 2 -4 -5 5 -7
leaf_value=2.099463795215091e-05 4.6281195763289327e-05 0.00040229470057126163 6.5298007486535206e-05 -0.00015510294742266515 -0.0002926207468558982 -9.1080075106536105e-05
leaf_weight=392 41 56 676 640 207 292
leaf_count=392 41 56 676 640 207 292
internal_value=-0.000405899 8.15393e-05 0.00140599 -0.000858802 -0.00199262 -0.00238723
internal_weight=2304 1764 732 1032 540 499
internal_count=2304 1764 732 1032 540 499
is_linear=0
shrinkage=0.04


Tree=74
num_leaves=7
num_cat=0
split_feature=89 40 53 1 35 41
split_gain=0.904684 1.19741 1.42672 1.27051 1.14857 0.886201
threshold=-0.35527435355737219 -0.45688921842693764 0.58333333333333337 -1.1390535124009458 -1.3373543769254619 0.6581368872702118
decision_type=2 2 2 2 2 2
left_child=1 2 -1 -3 -2 -6
right_child=4 3 -4 -5 5 -7
leaf_value=0.00025373402279378263 0.00027495843116772056 0.0003145558674963747 -7.3368660691655864e-05 -1.7973243249865887e-05 -1.3453163580533681e-05 -0.00049089307934989802
leaf_weight=83 61 46 67 512 1289 246
leaf_count=83 61 46 67 512 1289 246
internal_value=-0.000388553 0.000799999 0.00394737 -5.71438e-05 -0.000916146 -0.00113208
internal_weight=2304 708 150 558 1596 1535
internal_count=2304 708 150 558 1596 1535
is_linear=0
shrinkage=0.04


Tree=75
num_leaves=6
num_cat=0
split_feature=33 69 39 36 73
split_gain=0.995155 1.2212 1.48601 1.23544 0.167827
threshold=1.108003117438831 -0.12971423717324365 1.2589372461673658 -1.1114617082143636 0.28713132718123996
decision_type=2 2 2 2 2
left_child=1 3 -3 -1 -2
right_child=4 2 -4 -5 -6
leaf_value=8.8930884488054118e-05 -0.000461246864285753 6.0604614407651754e-06 0.00037886190845596825 -0.00015458999609228958 -0.00028538508206454101
leaf_weight=97 140 1111 69 847 40
leaf_count=97 140 1111 69 847 40
internal_value=-0.000457937 -0.000214488 0.000642977 -0.00128541 -0.0032967
internal_weight=2304 2124 1180 944 180
internal_count=2304 2124 1180 944 180
is_linear=0
shrinkage=0.04


Tree=76
num_leaves=8
num_cat=0
split_feature=2 116 44 69 72 44 90
split_gain=0.941985 1.15061 1.95202 1.50436 0.564373 0.90853 0.0806245
threshold=0.82810310674843723 0.78873860512617855 -2.5111772411394795 -0.17457612054585678 0.0053829823695064017 -0.36034135171300274 -0.71943405458780885
decision_type=2 2 2 2 2 2 2
left_child=1 3 -3 -1 6 -6 -2
right_child=4 2 -4 -5 5 -7 -8
leaf_value=-0.00024400969147427034 -0.00024143264171123878 0.00038525139004489756 1.1455433196966335e-05 9.9319095671434309e-06 5.7113519508327599e-05 -0.00026221246182548861 -0.0002872748338734917
leaf_weight=562 68 41 288 1071 40 81 153
leaf_count=562 68 41 288 1071 40 81 153
internal_value=-0.000301822 3.66589e-05 0.00218731 -0.000398778 -0.00223256 -3.25213e-05 -0.00342601
internal_weight=2304 1962 329 1633 342 121 221
internal_count=2304 1962 329 1633 342 121 221
is_linear=0
shrinkage=0.04


Tree=77
num_leaves=8
num_cat=0
split_feature=87 74 28 79 100 36 80
split_gain=1.01022 1.42672 2.62323 1.22338 0.859432 0.89036 0.416279
threshold=-0.55159035382761101 -0.51465910324515363 0.63483448553641042 1.0899268455091635 -1.0121440648762843 0.015703775989745268 0.48589276862924019
decision_type=2 2 2 2 2 2 2
left_child=4 2 -2 -3 5 -1 -6
right_child=1 3 -4 -5 6 -7 -8
leaf_value=-9.4237603752665673e-05 0.00038472195536530643 -3.9222344687885491e-05 -0.0003165065703004935 0.00016913884153097492 -0.00037098687779494211 0.00016460018208701784 -6.8904157720140431e-06
leaf_weight=60 267 1374 108 123 225 63 84
leaf_count=60 267 1374 108 123 225 63 84
internal_value=-0.000215092 0.000187833 0.00238727 -0.000365578 -0.00195392 0.000863999 -0.00307396
internal_weight=2304 1872 375 1497 432 123 309
internal_count=2304 1872 375 1497 432 123 309
is_linear=0
shrinkage=0.04


Tree=78
num_leaves=8
num_cat=0
split_feature=62 40 25 84 117 9 70
split_gain=1.23279 1.52828 2.89593 1.13608 0.787262 1.3622 0.708383
threshold=0.027100335782942856 1.2524065883914306 -0.067096557591882142 1.255782169330512 -0.67001156063738698 0.47588452811002163 0.28320224019633761
decision_type=2 2 2 2 2 2 2
left_child=1 3 -3 -1 5 -2 -6
right_child=4 2 -4 -5 6 -7 -8
leaf_value=-7.6292347446324672e-06 0.00031705135504001588 0.00038933051856493081 -0.00021530149772970683 8.8995845148246035e-05 -0.00017340885208504107 -0.00012571271838455992 1.271003824945228e-05
leaf_weight=905 101 79 62 126 768 110 153
leaf_count=905 101 79 62 126 768 110 153
internal_value=-0.000336514 0.000572401 0.00444755 3.4849e-05 -0.0012769 0.000920187 -0.00178115
internal_weight=2304 1172 141 1031 1132 211 921
internal_count=2304 1172 141 1031 1132 211 921
is_linear=0
shrinkage=0.04


Tree=79
num_leaves=8
num_cat=0
split_feature=63 87 88 70 105 47 66
split_gain=1.02597 1.54342 2.05228 1.35114 1.19481 0.502031 0.345359
threshold=-0.59770768282376696 -0.55159035382761101 0.45511068283955208 0.13572505740577193 0.21986113387227013 -0.61903391973092836 0.93693782435944661
decision_type=2 2 2 2 2 2 2
left_child=3 5 -3 6 -5 -2 -1
right_child=1 2 -4 4 -6 -7 -8
leaf_value=-0.0003952412143511093 9.2913254759606405e-05 0.00011874504320852469 -6.2321296997183264e-05 0.00020349257447858316 -0.00025443779577667908 -0.00018297109654972875 -2.4270358055384546e-05
leaf_weight=280 40 873 540 103 126 302 40
leaf_count=280 40 873 540 103 126 302 40
internal_value=-0.000301822 0.000170745 0.000754769 -0.00180762 0.000536796 -0.00223256 -0.00347826
internal_weight=2304 1755 1413 549 229 342 320
internal_count=2304 1755 1413 549 229 342 320
is_linear=0
shrinkage=0.04


Tree=80
num_leaves=7
num_cat=0
split_feature=2 53 11 80 42 112
split_gain=1.04625 1.2149 2.07514 1.22048 0.408857 0.54461
threshold=0.82810310674843723 -0.74999999999999989 -0.14603429317931091 3.0266245194632519 0.087452278420026855 0.32870087202367126
decision_type=2 2 2 2 2 2
left_child=1 2 -1 -3 -2 -6
right_child=4 3 -4 -5 5 -7
leaf_value=0.00044424292075299665 -0.0002769331106108712 -1.1098704543100136e-05 -2.2836593389833292e-05 0.00051541833628283298 -0.00025035344363830766 6.7697029685037861e-05
leaf_weight=99 134 1681 111 71 160 48
leaf_count=99 134 1681 111 71 160 48
internal_value=-0.000197746 0.000158859 0.00301887 -0.000187002 -0.00223256 -0.00110476
internal_weight=2304 1962 210 1752 342 208
internal_count=2304 1962 210 1752 342 208
is_linear=0
shrinkage=0.04


Tree=81
num_leaves=7
num_cat=0
split_feature=31 41 61 28 68 67
split_gain=0.906485 1.06954 1.5555 1.31487 0.219957 0.0950506
threshold=0.90086556184724242 1.0000000180025095e-35 -0.8440140916200477 0.67156781592564407 -0.56459084628019995 0.43434552952189648
decision_type=2 2 2 2 2 2
left_child=1 2 -1 -3 -2 -6
right_child=4 3 -4 -5 5 -7
leaf_value=7.0687386115469278e-05 -0.00013592292200956604 6.9546862811122273e-05 -0.0001265815413161601 -0.00031796445273030919 -0.00036457170072776157 -0.000254380688426102
leaf_weight=290 71 805 852 114 115 57
leaf_count=290 71 805 852 114 115 57
internal_value=-0.000197746 7.56171e-05 -0.00074126 0.00109012 -0.00249796 -0.00326437
internal_weight=2304 2061 1142 919 243 172
internal_count=2304 2061 1142 919 243 172
is_linear=0
shrinkage=0.04


Tree=82
num_leaves=7
num_cat=0
split_feature=116 11 26 1 89 46
split_gain=1.00374 1.18894 1.63614 1.01003 1.05509 0.248875
threshold=1.0196355357728912 -0.27106544667945137 0.63785984475306812 1.0716093774726623 -1.4405797608547504 -0.42004525295208101
decision_type=2 2 2 2 2 2
left_child=3 -2 -3 4 -1 -5
right_child=1 2 -4 5 -6 -7
leaf_value=7.0954135506526734e-05 -0.00043856840629151364 0.00045782120674445984 -0.00034309619038593329 -4.3641460397894617e-05 -7.2556601676623441e-06 -0.00036536486076884533
leaf_weight=101 51 81 45 47 1835 144
leaf_count=101 51 81 45 47 1835 144
internal_value=-0.000128362 0.0027486 0.0048125 -0.000370128 -9.49442e-05 -0.00312953
internal_weight=2304 177 126 2127 1936 191
internal_count=2304 177 126 2127 1936 191
is_linear=0
shrinkage=0.04


Tree=83
num_leaves=8
num_cat=0
split_feature=0 81 62 37 108 59 2
split_gain=0.835704 1.36171 1.09097 0.870288 1.86006 0.933942 0.703988
threshold=-1.1181795531714391 0.11681638068925015 -0.79470642228034982 -0.92731767847980029 -0.53840647683640286 -0.2532805394803434 -0.9912096204299442
decision_type=2 2 2 2 2 2 2
left_child=1 6 -3 4 -2 -5 -1
right_child=3 2 -4 5 -6 -7 -8
leaf_value=-0.00078097096105968656 0.00022797704832318557 9.8351604358396885e-05 0.00034937088244781241 -0.00023415979161509241 -5.0000973515121644e-06 -3.2128579050770591e-06 4.4468524670073516e-05
leaf_weight=57 45 46 48 532 180 1340 56
leaf_count=57 45 46 48 532 180 1340 56
internal_value=-0.000249784 0.00216268 0.00566667 -0.000489758 0.00185022 -0.00077268 -0.000800001
internal_weight=2304 207 94 2097 225 1872 113
internal_count=2304 207 94 2097 225 1872 113
is_linear=0
shrinkage=0.04


Tree=84
num_leaves=7
num_cat=0
split_feature=80 42 56 94 2 92
split_gain=0.941343 1.36117 1.08476 0.98619 1.52837 0.943478
threshold=-0.84071270865160541 0.35299430050949271 0.084590475851845245 -0.24949091259504555 0.21208522951574188 0.77306427914466558
decision_type=2 2 2 2 2 2
left_child=1 2 -1 5 -5 -2
right_child=3 -3 -4 4 -6 -7
leaf_value=0.00015034776748228568 -0.00028644332934291605 0.00036581203282317205 -0.00018413121077971205 6.8149449755678339e-05 -9.6476655817903499e-05 0.00010503701151864879
leaf_weight=42 627 43 68 839 553 132
leaf_count=42 627 43 68 839 553 132
internal_value=-0.000249784 0.00276129 0.000357142 -0.000466327 0.000166427 -0.00162418
internal_weight=2304 153 110 2151 1392 759
internal_count=2304 153 110 2151 1392 759
is_linear=0
shrinkage=0.04


Tree=85
num_leaves=8
num_cat=0
split_feature=41 24 33 40 116 89 35
split_gain=0.878014 1.42867 1.79952 1.19018 0.738514 1.21833 0.172846
threshold=0.6581368872702118 0.40196053420723238 0.60398522572062585 1.2370727842586955 -0.097827587073496716 -0.21004978623693474 -0.20852733313202912
decision_type=2 2 2 2 2 2 2
left_child=1 3 -3 -1 5 -2 -6
right_child=4 2 -4 -5 6 -7 -8
leaf_value=-3.9330695137884908e-05 0.00026040693906315886 0.00046539245123078713 4.8398019401178444e-07 7.3793532433642832e-05 -6.9198540572327417e-05 -0.00016786474299936382 -0.00048770141040739616
leaf_weight=1300 45 165 280 208 41 83 182
leaf_count=1300 45 165 280 208 41 83 182
internal_value=-0.000215092 0.000116623 0.00210291 -0.000471524 -0.00205099 0.00036923 -0.00343111
internal_weight=2304 1953 445 1508 351 128 223
internal_count=2304 1953 445 1508 351 128 223
is_linear=0
shrinkage=0.04


Tree=86
num_leaves=6
num_cat=0
split_feature=40 108 104 38 35
split_gain=0.823985 2.08375 1.24179 1.15194 1.08065
threshold=-0.48674251733578411 -0.87081352253512212 -1.203668138492991 -0.054206334408453696 -1.4297642872470335
decision_type=2 2 2 2 2
left_child=1 -1 -2 -3 -4
right_child=2 3 4 -5 -6
leaf_value=0.00020156181449215257 0.00021131790379836954 -6.1898791069400208e-05 8.9371301994648834e-05 0.00041127262687338915 -3.1602615120320924e-05
leaf_weight=48 56 296 48 79 1777
leaf_count=48 56 296 48 79 1777
internal_value=-0.000301822 0.00128941 -0.000660649 0.000265251 -0.000842913
internal_weight=2304 423 1881 375 1825
internal_count=2304 423 1881 375 1825
is_linear=0
shrinkage=0.04


Tree=87
num_leaves=6
num_cat=0
split_feature=8 64 81 13 29
split_gain=1.05604 1.96277 0.966942 0.859967 1.01764
threshold=-0.98430052273140001 0.34972945855175702 0.42368825289525464 2.408587048670142 0.72407861864849055
decision_type=2 2 2 2 2
left_child=1 2 -1 4 -2
right_child=3 -3 -4 -5 -6
leaf_value=-0.00027941087262286856 -7.3200569200340719e-06 0.00040096449099284682 0.00052002850710072465 0.00028642901201148549 -0.00026085693800262843
leaf_weight=126 1714 56 43 45 320
leaf_count=126 1714 56 43 45 320
internal_value=-0.000388553 0.00220264 2.33909e-05 -0.000670832 -0.000793714
internal_weight=2304 225 169 2079 2034
internal_count=2304 225 169 2079 2034
is_linear=0
shrinkage=0.04


Tree=88
num_leaves=6
num_cat=0
split_feature=80 28 80 25 63
split_gain=0.895103 1.16232 0.93273 1.79053 0.895992
threshold=-0.92939910596515962 -0.44736897797215597 3.0266245194632519 0.091152633195320867 -0.74316528167004026
decision_type=2 2 2 2 2
left_child=1 -1 4 -4 -2
right_child=2 -3 3 -5 -6
leaf_value=0.00026950834692968426 -0.0001959510382946985 -1.5448767395327708e-05 -0.00029526158687757177 0.0007932888568050392 -5.9043293025194482e-06
leaf_weight=41 406 49 59 40 1709
leaf_count=41 406 49 59 40 1709
internal_value=-0.000388553 0.00347826 -0.000548737 0.00320792 -0.000727445
internal_weight=2304 90 2214 99 2115
internal_count=2304 90 2214 99 2115
is_linear=0
shrinkage=0.04


Tree=89
num_leaves=7
num_cat=0
split_feature=9 64 59 59 10 43
split_gain=0.852526 1.13681 1.77638 1.11303 0.863595 0.512188
threshold=0.50379446691356333 0.62806442131096085 0.23938549192621111 -0.31852425842536086 1.5969252373952822 0.4773427041074923
decision_type=2 2 2 2 2 2
left_child=1 3 -3 -1 5 -2
right_child=4 2 -4 -5 -6 -7
leaf_value=-0.00021130168931161674 -0.00028303576435262617 1.5671981005844534e-05 0.00039941327701957237 5.6835675325103599e-06 2.3346667057370478e-05 -5.0775830376695282e-05
leaf_weight=366 328 253 47 1107 59 144
leaf_count=366 328 253 47 1107 59 144
internal_value=-0.000405899 1.57737e-05 0.00225165 -0.000442035 -0.00180863 -0.00237975
internal_weight=2304 1773 300 1473 531 472
internal_count=2304 1773 300 1473 531 472
is_linear=0
shrinkage=0.04


Tree=90
num_leaves=7
num_cat=0
split_feature=72 60 38 7 7 27
split_gain=0.855123 1.08284 0.834039 0.359179 0.467858 0.0678772
threshold=1.0942128779334628 -1.3297832906819631 -0.81444131904821127 0.49688706999331339 0.99090252992341532 -0.82470622233944335
decision_type=2 2 2 2 2 2
left_child=1 -1 -3 5 -5 -2
right_child=3 2 -4 4 -6 -7
leaf_value=0.0003877431978357381 -5.6024415804902361e-05 0.00011355733629764592 -1.1101731590535068e-05 4.188644957267247e-05 -0.00019368119664525283 -0.00026829531468875443
leaf_weight=42 40 196 1805 41 47 133
leaf_count=42 40 196 1805 41 47 133
internal_value=-0.000301822 -2.54288e-05 -0.000161758 -0.00244867 -0.000355556 -0.00349714
internal_weight=2304 2043 2001 261 88 173
internal_count=2304 2043 2001 261 88 173
is_linear=0
shrinkage=0.04


Tree=91
num_leaves=5
num_cat=0
split_feature=35 69 104 25
split_gain=0.781268 1.02276 1.42024 0.821023
threshold=-1.4297642872470335 -0.12971423717324365 -1.203668138492991 0.70582484479357965
decision_type=2 2 2 2
left_child=-1 3 -3 -2
right_child=1 2 -4 -5
leaf_value=8.0230629669426743e-05 -0.00012634240150260215 0.00038410746494523364 3.1622929124705318e-06 0.00033763314794709934
leaf_weight=50 870 40 1265 79
leaf_count=50 870 40 1265 79
internal_value=-0.000232438 -0.000343973 0.000382555 -0.00134175
internal_weight=2304 2254 1305 949
internal_count=2304 2254 1305 949
is_linear=0
shrinkage=0.04


Tree=92
num_leaves=7
num_cat=0
split_feature=80 11 80 104 12 104
split_gain=0.919812 1.34449 1.22785 1.08951 0.86489 0.521211
threshold=-0.84071270865160541 0.19475872177030731 -0.58917331755458424 -1.203668138492991 -0.03248739853866249 0.25945881317477576
decision_type=2 2 2 2 2 2
left_child=1 4 5 -4 -1 -2
right_child=2 -3 3 -5 -6 -7
leaf_value=4.422086447952027e-05 -0.00040219456877958612 0.00029580776515376455 0.00025580295820690533 -4.4238799433757183e-06 -0.00019247331538288064 2.2679558137726472e-06
leaf_weight=59 219 48 48 1833 46 51
leaf_count=59 219 48 48 1833 46 51
internal_value=-0.000215092 0.00276129 -0.00042917 -6.58533e-05 0.000186915 -0.00294118
internal_weight=2304 153 2151 1881 105 270
internal_count=2304 153 2151 1881 105 270
is_linear=0
shrinkage=0.04


Tree=93
num_leaves=7
num_cat=0
split_feature=29 53 80 104 47 68
split_gain=1.10928 1.18558 1.90201 1.21103 0.708061 0.434494
threshold=0.71319110612861858 -0.74999999999999989 -0.031091824891013437 0.92559527700545496 -0.47733698477582759 -0.57715662981232241
decision_type=2 2 2 2 2 2
left_child=1 2 -1 -3 -2 -6
right_child=4 3 -4 -5 5 -7
leaf_value=-0.0001909480647732771 5.4114306133410801e-05 -1.8032366346232165e-05 0.00036343392536668169 7.9952813177865264e-05 5.5081080274856006e-07 -0.00029776518001688076
leaf_weight=64 42 1543 141 187 55 272
leaf_count=64 42 1543 141 187 55 272
internal_value=-0.000249784 0.000134227 0.00299517 -0.000207853 -0.00225337 -0.00288146
internal_weight=2304 1935 205 1730 369 327
internal_count=2304 1935 205 1730 369 327
is_linear=0
shrinkage=0.04


Tree=94
num_leaves=8
num_cat=0
split_feature=62 104 63 92 93 1 111
split_gain=0.968208 1.56493 2.9005 1.15718 0.772651 1.56404 1.16808
threshold=0.027100335782942856 0.92559527700545496 -0.48545062298459168 -0.69669375072549011 -0.056111239714479844 -0.30821514502617869 -0.28741041000154027
decision_type=2 2 2 2 2 2 2
left_child=1 3 -3 -1 6 -6 -2
right_child=4 2 -4 -5 5 -7 -8
leaf_value=0.00013462911031621156 0.00030702058327308437 -0.00052663484121625323 0.00045561337330801059 -9.4584659635481265e-06 0.00023824724505243366 -0.00026742532027695557 -1.8519476575931266e-05
leaf_weight=140 60 42 86 904 98 493 481
leaf_count=140 60 42 86 904 98 493 481
internal_value=-0.00026713 0.00053833 0.00467692 2.29436e-05 -0.00110053 -0.00209781 -7.36743e-06
internal_weight=2304 1172 128 1044 1132 591 541
internal_count=2304 1172 128 1044 1132 591 541
is_linear=0
shrinkage=0.04


Tree=95
num_leaves=6
num_cat=0
split_feature=33 74 84 80 107
split_gain=1.05693 0.974345 1.88679 0.96221 0.167827
threshold=1.108003117438831 -0.50914188221179668 1.097477586986759 3.0266245194632519 -0.45701411392287966
decision_type=2 2 2 2 2
left_child=1 2 -1 -3 -2
right_child=4 3 -4 -5 -6
leaf_value=9.1959110295991949e-06 -0.00012685208995507976 -1.710641175557553e-05 0.00039776728406234877 0.00037358577793226197 -0.00038927962931069912
leaf_weight=368 40 1627 53 76 140
leaf_count=368 40 1627 53 76 140
internal_value=-0.000371207 -0.000120415 0.00159811 -0.000546629 -0.0032967
internal_weight=2304 2124 421 1703 180
internal_count=2304 2124 421 1703 180
is_linear=0
shrinkage=0.04


Tree=96
num_leaves=8
num_cat=0
split_feature=63 14 62 87 57 93 17
split_gain=0.952059 1.10206 1.4027 0.895949 0.954626 0.513066 0.0613956
threshold=-0.59770768282376696 -0.64565390287926927 0.31753753213969266 0.015009343922627141 0.25560392896555145 0.43613993225206599 0.4836391653186029
decision_type=2 2 2 2 2 2 2
left_child=3 5 -3 4 -1 -2 -5
right_child=1 2 -4 6 -6 -7 -8
leaf_value=9.1879387349350734e-05 -0.00043789315623745848 5.8858940536474852e-05 -5.6889649603073878e-05 -0.00037338529473667301 -0.0003350483928174917 1.141738503730224e-06 -0.00041493699416255184
leaf_weight=166 187 958 530 210 133 80 40
leaf_count=166 187 958 530 210 133 80 40
internal_value=-0.000284476 0.000170745 0.000595972 -0.00173503 -0.000252493 -0.00218587 -0.00349206
internal_weight=2304 1755 1488 549 299 267 250
internal_count=2304 1755 1488 549 299 267 250
is_linear=0
shrinkage=0.04


Tree=97
num_leaves=6
num_cat=0
split_feature=35 75 42 81 10
split_gain=0.939025 0.835362 1.57415 0.994549 0.743322
threshold=-1.3373543769254619 0.18952206200710112 -0.87960546215830837 0.87520351224561577 0.49370567709354818
decision_type=2 2 2 2 2
left_child=4 2 -2 -3 -1
right_child=1 3 -4 -5 -6
leaf_value=-5.225035783277047e-05 0.00015765656136441735 -0.00017384955814752173 -2.5821211911029434e-06 4.4896753879141667e-05 0.00038218616272700935
leaf_weight=40 72 707 1282 163 40
leaf_count=40 72 707 1282 163 40
internal_value=-0.000301822 -0.000456425 0.000165191 -0.00142202 0.00390244
internal_weight=2304 2224 1354 870 80
internal_count=2304 2224 1354 870 80
is_linear=0
shrinkage=0.04


Tree=98
num_leaves=8
num_cat=0
split_feature=62 49 81 26 51 75 90
split_gain=0.766545 1.09696 1.36501 1.13306 0.613682 0.686031 0.632397
threshold=0.056918785086807817 1.0012518449526437 -0.1549824099450339 -0.43396825133861927 0.74460024786883194 -0.81114357628733325 -1.00491589918673
decision_type=2 2 2 2 2 2 2
left_child=1 3 -3 -1 5 -2 -6
right_child=4 2 -4 -5 6 -7 -8
leaf_value=-0.00020479361316515015 0.00017163329762065422 -4.898550050986039e-05 0.00032668286518218264 1.6732635338936001e-05 1.1123931266726493e-05 -5.1851212370301583e-05 -0.00034564891843110791
leaf_weight=353 50 53 101 705 45 812 185
leaf_count=353 50 53 101 705 45 812 185
internal_value=-0.000336514 0.000355847 0.00348718 -0.000105661 -0.00110421 -0.000611112 -0.00293104
internal_weight=2304 1212 154 1058 1092 862 230
internal_count=2304 1212 154 1058 1092 862 230
is_linear=0
shrinkage=0.04


Tree=99
num_leaves=8
num_cat=0
split_feature=9 41 8 46 47 65 40
split_gain=0.946186 1.36862 2.0829 1.01724 0.682178 1.39341 0.339212
threshold=0.50379446691356333 -0.24907952026107277 -0.82824199624279971 1.4992617084585438 -0.40827076926056971 0.32446423289478643 -0.50512715666365804
decision_type=2 2 2 2 2 2 2
left_child=1 3 -3 -1 5 -2 -6
right_child=4 2 -4 -5 6 -7 -8
leaf_value=-8.0397141552814374e-05 -0.00015059375104911607 0.0002493499772635638 1.0244700980342694e-05 0.00015639394847240389 -5.8728952543124858e-06 0.00021904371354812061 -0.00020710676988578355
leaf_weight=732 51 142 813 86 86 40 354
leaf_count=732 51 142 813 86 86 40 354
internal_value=-0.000405899 3.83089e-05 0.00106583 -0.00116098 -0.00188368 0.00124731 -0.00253394
internal_weight=2304 1773 955 818 531 91 440
internal_count=2304 1773 955 818 531 91 440
is_linear=0
shrinkage=0.04


Tree=100
num_leaves=7
num_cat=0
split_feature=17 74 107 81 47 107
split_gain=0.916646 1.33899 1.44198 1.41817 0.300708 0.148974
threshold=0.65699164412046906 -0.12871023283726596 -0.15381835488881992 0.025407806652662217 -0.41820592157208775 -0.49654558267351118
decision_type=2 2 2 2 2 2
left_child=1 2 -1 -3 -2 -6
right_child=4 3 -4 -5 5 -7
leaf_value=-1.9284234278809958e-05 7.3002408572012776e-08 -0.00030683523490150746 9.5624752782730226e-05 7.4232186938893806e-06 -0.00021176292214657288 -0.00033156800167170186
leaf_weight=338 60 533 491 672 40 170
leaf_count=338 60 533 491 672 40 170
internal_value=-0.000319168 -2.75059e-05 0.00120818 -0.000878211 -0.0025 -0.00320755
internal_weight=2304 2034 829 1205 270 210
internal_count=2304 2034 829 1205 270 210
is_linear=0
shrinkage=0.04


Tree=101
num_leaves=8
num_cat=0
split_feature=29 27 11 59 46 79 14
split_gain=0.937614 1.05615 1.6264 1.31196 0.39807 0.764701 0.172346
threshold=0.73812719738500632 0.66094302134637128 -0.20517813908323859 -0.2532805394803434 -0.14622018920516727 -0.17144787369855793 -0.56100083091507169
decision_type=2 2 2 2 2 2 2
left_child=1 3 -3 -1 5 -2 -6
right_child=4 2 -4 -5 6 -7 -8
leaf_value=-7.0047419087492508e-05 -0.00030685915880601053 -0.00012326617433963005 0.00039168119855091557 1.2487541304465961e-05 -0.0001419200999500404 2.6084651109538003e-05 -0.00033069246952187835
leaf_weight=614 65 41 57 1241 40 90 156
leaf_count=614 65 41 57 1241 40 90 156
internal_value=-0.00026713 7.57024e-05 0.00408 -0.000140012 -0.00216431 -0.000636944 -0.00335354
internal_weight=2304 1953 98 1855 351 155 196
internal_count=2304 1953 98 1855 351 155 196
is_linear=0
shrinkage=0.04


Tree=102
num_leaves=8
num_cat=0
split_feature=63 31 74 70 35 107 7
split_gain=1.00314 1.32579 1.54113 1.06825 1.71095 0.47874 0.220442
threshold=-0.64465066101265711 0.92130532612080318 -0.50386918949494774 0.13572505740577193 0.18734124183589121 0.94254542982877176 0.70044684955263214
decision_type=2 2 2 2 2 2 2
left_child=3 2 -2 5 -5 -1 -3
right_child=1 6 -4 4 -6 -7 -8
leaf_value=-0.0003316168933788831 0.00021733297356550993 -0.00048286797701106824 -3.6213438473933773e-07 0.00025923753147975463 -0.00017206365654734603 -5.9813203283439362e-05 -1.9148166673207175e-05
leaf_weight=257 294 126 1312 40 181 44 50
leaf_count=257 294 126 1312 40 181 44 50
internal_value=-0.000232438 0.00021973 0.000582089 -0.00177099 0.000340806 -0.00331353 -0.00305618
internal_weight=2304 1782 1606 522 221 301 176
internal_count=2304 1782 1606 522 221 301 176
is_linear=0
shrinkage=0.04


Tree=103
num_leaves=6
num_cat=0
split_feature=29 20 84 45 118
split_gain=1.04835 1.08963 1.18792 0.354238 0.429333
threshold=0.71319110612861858 0.76404876160494284 -2.0658538693986617 -1.6604577717626989 -0.17149968606610341
decision_type=2 2 2 2 2
left_child=1 2 -1 -2 -5
right_child=3 -3 -4 4 -6
leaf_value=0.0004882357202439231 5.0880411983968163e-06 0.0003363355699167523 -3.4915371506053048e-06 -8.2479437164829287e-05 -0.00043202319768578795
leaf_weight=40 47 52 1843 148 174
leaf_count=40 47 52 1843 148 174
internal_value=-0.000197746 0.000175528 1.48532e-05 -0.00214555 -0.00261728
internal_weight=2304 1935 1883 369 322
internal_count=2304 1935 1883 369 322
is_linear=0
shrinkage=0.04


Tree=104
num_leaves=6
num_cat=0
split_feature=5 86 87 81 0
split_gain=0.792796 0.832063 1.36821 0.936172 0.00176623
threshold=1.1290421261696215 0.45604754240945983 -0.53344164063970789 0.61545921885241683 -0.046562393402853029
decision_type=2 2 2 2 2
left_child=1 3 -3 -1 -2
right_child=4 2 -4 -5 -6
leaf_value=-4.794190526774085e-05 -0.00051527844853542981 -0.0002359375217542794 5.5387508120382328e-05 3.8393211729456026e-05 -0.00035963243465324951
leaf_weight=1312 40 98 513 273 68
leaf_count=1312 40 98 513 273 68
internal_value=-0.000249784 -8.37134e-05 0.00116803 -0.000567109 -0.00356364
internal_weight=2304 2196 611 1585 108
internal_count=2304 2196 611 1585 108
is_linear=0
shrinkage=0.04


Tree=105
num_leaves=8
num_cat=0
split_feature=69 19 26 40 63 72 53
split_gain=0.833732 1.62788 2.33339 0.920054 1.33873 0.895066 0.459286
threshold=-0.12971423717324365 0.14523712791439833 -0.42227940525050961 0.14738023478819329 -0.57397588407730871 -1.1137056149144573 -0.74999999999999989
decision_type=2 2 2 2 2 2 2
left_child=3 2 -2 6 -5 -3 -1
right_child=1 5 -4 4 -6 -7 -8
leaf_value=4.2258263130395568e-06 -4.237370824958794e-05 0.00021529114144273464 0.00021700347655426012 -0.00044151233698190893 4.5408976943727965e-05 -7.6372207526794895e-05 -0.00028867956389942251
leaf_weight=83 287 40 357 145 363 645 384
leaf_count=83 287 40 357 145 363 645 384
internal_value=-0.000197746 0.000453793 0.00189474 -0.00108495 9.41167e-05 -0.000902475 -0.00236247
internal_weight=2304 1329 644 975 508 685 467
internal_count=2304 1329 644 975 508 685 467
is_linear=0
shrinkage=0.04


Tree=106
num_leaves=5
num_cat=0
split_feature=41 97 113 5
split_gain=0.961938 0.813214 1.05641 0.00278571
threshold=-1.2967172500595896 -1.1748731875080296 -1.1194932375798332 0.44146537892500687
decision_type=2 2 2 2
left_child=-1 3 -3 -2
right_child=1 2 -4 -5
leaf_value=5.9554247189755968e-05 -0.00017800187469848205 2.2185005764106388e-05 -7.8421022766017323e-06 -0.00058879294843793906
leaf_weight=40 78 147 1999 40
leaf_count=40 78 147 1999 40
internal_value=-0.000284476 -0.000395411 -0.000216016 -0.0036
internal_weight=2304 2264 2146 118
internal_count=2304 2264 2146 118
is_linear=0
shrinkage=0.04


Tree=107
num_leaves=8
num_cat=0
split_feature=59 84 108 81 94 79 111
split_gain=0.81094 1.71783 1.65961 1.14128 1.46565 0.729604 0.716013
threshold=0.082499787989314843 1.255782169330512 -0.50518389474663461 0.074526661522083579 0.010534904004364203 -0.76009701328118162 -0.79220213210392776
decision_type=2 2 2 2 2 2 2
left_child=1 6 -3 5 -5 -2 -1
right_child=3 2 -4 4 -6 -7 -8
leaf_value=0.00012387582380663293 3.3672151631356016e-05 0.00019045494043062213 3.8877258218598078e-09 0.00051432574443719715 1.3975040956364657e-05 -0.00020902345617884168 -7.3375907538360036e-05
leaf_weight=57 159 42 78 141 441 294 1092
leaf_count=57 159 42 78 141 441 294 1092
internal_value=-0.000232438 -0.000909521 0.00360656 0.000597878 0.00176712 -0.000905495 -0.00138662
internal_weight=2304 1269 120 1035 582 453 1149
internal_count=2304 1269 120 1035 582 453 1149
is_linear=0
shrinkage=0.04


Tree=108
num_leaves=8
num_cat=0
split_feature=94 2 8 94 116 37 93
split_gain=0.841645 1.73611 1.56787 1.27001 1.75817 0.691066 0.682539
threshold=-0.28949463283658033 0.1085628461631374 0.51449829882316134 -1.0193273479911655 -0.034201089003805966 -1.1429074629962026 -0.056111239714479844
decision_type=2 2 2 2 2 2 2
left_child=3 2 -2 4 -1 -5 -3
right_child=1 6 -4 5 -6 -7 -8
leaf_value=0.00013598318169259671 0.00012503992979511657 1.0536618215125936e-05 -0.00020666221686078235 0.00022384538864529739 -1.1781178197292135e-05 -0.0003691499450133725 -0.00013397545976160419
leaf_weight=63 638 247 162 44 240 508 402
leaf_count=63 638 247 162 44 240 508 402
internal_value=-0.000336514 0.000250861 0.00149626 -0.00133022 0.00074754 -0.00246932 -0.00128418
internal_weight=2304 1449 800 855 303 552 649
internal_count=2304 1449 800 855 303 552 649
is_linear=0
shrinkage=0.04


Tree=109
num_leaves=8
num_cat=0
split_feature=63 14 87 70 35 70 72
split_gain=0.754428 1.43026 1.58498 1.00834 1.46527 0.434319 0.303677
threshold=-0.59770768282376696 -0.68314608430787782 -0.55159035382761101 0.13572505740577193 0.1799454549789142 -1.0060069040245823 -0.43849419910701876
decision_type=2 2 2 2 2 2 2
left_child=3 5 -3 6 -5 -2 -1
right_child=1 2 -4 4 -6 -7 -8
leaf_value=-4.6178465161487132e-05 5.7559446853104583e-05 -9.8878061962334986e-05 3.1990138323762577e-05 0.00023268637977527523 -0.00013717811316463921 -0.00044900838928967453 -0.00035797607851878992
leaf_weight=105 40 310 1204 43 186 201 215
leaf_count=105 40 310 1204 43 186 201 215
internal_value=-0.000371207 3.41482e-05 0.000490764 -0.00166243 0.000363635 -0.00281482 -0.00310559
internal_weight=2304 1755 1514 549 229 241 320
internal_count=2304 1755 1514 549 229 241 320
is_linear=0
shrinkage=0.04


Tree=110
num_leaves=6
num_cat=0
split_feature=29 20 59 68 110
split_gain=0.883363 1.12199 1.18028 0.79537 0.385449
threshold=0.71319110612861858 0.76404876160494284 -0.30036771773913079 -0.56459084628019995 1.5113835372595579
decision_type=2 2 2 2 2
left_child=1 2 -1 -2 -5
right_child=3 -3 -4 4 -6
leaf_value=-5.3932495233572742e-05 8.0920753905904344e-06 0.00032567850220167069 1.0109337633929473e-05 -0.00026963348793413285 1.4549652760592951e-05
leaf_weight=555 68 52 1328 257 44
leaf_count=555 68 52 1328 257 44
internal_value=-0.000249784 9.29263e-05 -7.00275e-05 -0.00203774 -0.00291749
internal_weight=2304 1935 1883 369 301
internal_count=2304 1935 1883 369 301
is_linear=0
shrinkage=0.04


Tree=111
num_leaves=7
num_cat=0
split_feature=22 41 89 116 74 44
split_gain=0.884308 1.45326 1.17834 1.09843 0.982096 0.773043
threshold=0.39510674536735352 -0.10250818984595826 -1.2047730771921346 -0.66994225397391538 -1.0137767871068422 -2.673126884361841
decision_type=2 2 2 2 2 2
left_child=1 3 -3 -1 -2 -6
right_child=4 2 -4 -5 5 -7
leaf_value=0.00023147419020086028 0.00083568720837370446 0.00017343735837810074 3.1830979671547118e-05 -3.620117101950278e-05 0.0001362697723223643 -0.00014563551795653898
leaf_weight=76 50 42 650 861 44 581
leaf_count=76 50 42 650 861 44 581
internal_value=-0.000232438 0.000272225 0.00165994 -0.000753995 -0.00144756 -0.00188198
internal_weight=2304 1629 692 937 675 625
internal_count=2304 1629 692 937 675 625
is_linear=0
shrinkage=0.04


Tree=112
num_leaves=6
num_cat=0
split_feature=31 7 84 80 100
split_gain=1.06921 1.044 1.01738 0.268523 0.136468
threshold=0.90086556184724242 -0.9475404677977165 -2.0658538693986617 0.71344905401424008 -0.50809149791666741
decision_type=2 2 2 2 2
left_child=1 -1 -3 4 -2
right_child=3 2 -4 -5 -6
leaf_value=-0.00036980424592404014 -0.00024217467776862161 0.0004385029797194847 2.7505618224921971e-06 -2.6534244579878018e-05 -0.00020208057131539201
leaf_weight=95 47 41 1925 51 145
leaf_count=95 47 41 1925 51 145
internal_value=-0.000163054 0.000133785 0.000333332 -0.00266123 -0.00334021
internal_weight=2304 2061 1966 243 192
internal_count=2304 2061 1966 243 192
is_linear=0
shrinkage=0.04


Tree=113
num_leaves=8
num_cat=0
split_feature=62 60 84 36 80 109 1
split_gain=0.921613 1.51156 1.50446 1.47428 0.491789 0.979443 0.752677
threshold=0.60136587146640463 -0.84911727457144137 0.83620343177590661 -0.67954815147685121 0.97299763536593076 0.22885682251875678 -0.36137164569667324
decision_type=2 2 2 2 2 2 2
left_child=1 3 -3 -1 6 -6 -2
right_child=4 2 -4 -5 5 -7 -8
leaf_value=8.4178445839296413e-06 6.343770008275965e-05 -2.9885997197415042e-05 9.7365810401831227e-05 0.0005183805436649049 0.00016687280742026504 -0.00038428965217042742 -0.00017632229059045377
leaf_weight=89 40 1335 296 71 49 49 375
leaf_count=89 40 1335 296 71 49 49 375
internal_value=-0.000163054 0.000265476 -0.00010043 0.00395062 -0.00165437 0.000879999 -0.0022542
internal_weight=2304 1791 1631 160 513 98 415
internal_count=2304 1791 1631 160 513 98 415
is_linear=0
shrinkage=0.04


Tree=114
num_leaves=6
num_cat=0
split_feature=59 31 42 74 80
split_gain=0.915042 1.07978 1.072 0.832083 0.246162
threshold=2.7622527922646589 0.92130532612080318 0.65323387907337949 -0.22192396996697175 -0.56494757819006014
decision_type=2 2 2 2 2
left_child=1 3 -2 -1 -3
right_child=2 4 -4 -5 -6
leaf_value=2.6036579578753676e-05 -0.00018155379701189988 -0.00010980795055898432 0.00028115460116129364 -2.3086306406187527e-05 -0.00026313630890117457
leaf_weight=666 62 48 46 1329 153
leaf_count=666 62 48 46 1329 153
internal_value=-0.000215092 -0.000393086 0.00334545 -0.000110166 -0.00317241
internal_weight=2304 2196 108 1995 201
internal_count=2304 2196 108 1995 201
is_linear=0
shrinkage=0.04


Tree=115
num_leaves=6
num_cat=0
split_feature=5 69 32 13 0
split_gain=0.817898 0.88706 1.06414 1.03368 0.00176623
threshold=1.1290421261696215 -0.12971423717324365 -1.4648404853465598 -0.33590429512215425 -0.046562393402853029
decision_type=2 2 2 2 2
left_child=1 2 -1 -3 -2
right_child=4 3 -4 -5 -6
leaf_value=0.00014575551426172084 -0.00044922399824144199 6.3240190894823668e-05 -7.5491855376958771e-05 -4.2797130943800427e-06 -0.00032152400126388402
leaf_weight=43 40 435 913 805 68
leaf_count=43 40 435 913 805 68
internal_value=-0.000197746 -2.91183e-05 -0.000943634 0.000676328 -0.00356364
internal_weight=2304 2196 956 1240 108
internal_count=2304 2196 956 1240 108
is_linear=0
shrinkage=0.04


Tree=116
num_leaves=5
num_cat=0
split_feature=80 73 12 82
split_gain=0.781185 1.5144 0.842651 0.874295
threshold=3.0266245194632519 0.088777140917219902 1.1279484764495 0.71638890083864604
decision_type=2 2 2 2
left_child=2 -2 3 -1
right_child=1 -3 -4 -5
leaf_value=-1.7649982326402831e-05 -0.00014216962453334145 0.00062816406631674806 -0.00036635688463569052 4.3262155619195149e-05
leaf_weight=1600 51 48 101 504
leaf_count=1600 51 48 101 504
internal_value=-0.000232438 0.00320792 -0.00038967 -0.000216525
internal_weight=2304 99 2205 2104
internal_count=2304 99 2205 2104
is_linear=0
shrinkage=0.04


Tree=117
num_leaves=5
num_cat=0
split_feature=97 84 88 39
split_gain=0.784062 0.955436 0.926553 0.0569887
threshold=-1.1748731875080296 2.3431622514964832 0.42209609224679639 0.3688093984385486
decision_type=2 2 2 2
left_child=3 2 -2 -1
right_child=1 -3 -4 -5
leaf_value=-0.00038154807722556058 4.4359296271896669e-06 0.00016356698658621789 -8.7711848334378061e-05 -2.0099158169854301e-05
leaf_weight=83 1509 63 609 40
leaf_count=83 1509 63 609 40
internal_value=-0.000215092 -3.84801e-05 -0.000184907 -0.003296
internal_weight=2304 2181 2118 123
internal_count=2304 2181 2118 123
is_linear=0
shrinkage=0.04


Tree=118
num_leaves=7
num_cat=0
split_feature=4 88 87 87 4 2
split_gain=0.769226 0.922687 1.30082 0.921624 0.210269 0.00349025
threshold=0.97285703021344017 0.12073183187455343 -0.55159035382761101 1.1916339128308411 1.336221953911461 0.31604844605797061
decision_type=2 2 2 2 2 2
left_child=1 2 -1 -3 5 -2
right_child=4 3 -4 -5 -6 -7
leaf_value=-4.8073727398993109e-05 -0.00011512722797690282 -0.00010268846014600359 9.0933101435674372e-05 1.580952898781281e-05 -1.5023136774536702e-05 -0.0003344023338774027
leaf_weight=387 40 710 728 308 45 86
leaf_count=387 40 710 728 308 45 86
internal_value=-0.000232438 -2.43569e-05 0.000769918 -0.000894119 -0.00279769 -0.003625
internal_weight=2304 2133 1115 1018 171 126
internal_count=2304 2133 1115 1018 171 126
is_linear=0
shrinkage=0.04


Tree=119
num_leaves=5
num_cat=0
split_feature=41 69 28 41
split_gain=0.928933 0.905889 1.27439 0.831306
threshold=-1.2967172500595896 -0.12971423717324365 -0.79258335527257784 0.18802241151376706
decision_type=2 2 2 2
left_child=-1 3 -3 -2
right_child=1 2 -4 -5
leaf_value=4.88625217408611e-05 -0.00014061877411126238 0.00037907468515283927 3.2846871940906804e-06 1.1075457873881046e-05
leaf_weight=40 639 42 1258 325
leaf_count=40 639 42 1258 325
internal_value=-0.0001804 -0.000289498 0.000399385 -0.00121739
internal_weight=2304 2264 1300 964
internal_count=2304 2264 1300 964
is_linear=0
shrinkage=0.04


end of trees

feature_importances:
Column_80=44
Column_74=28
Column_60=22
Column_62=21
Column_116=19
Column_59=17
Column_29=16
Column_63=16
Column_86=16
Column_2=15
Column_40=15
Column_64=15
Column_94=15
Column_28=14
Column_41=14
Column_47=14
Column_13=13
Column_110=13
Column_0=12
Column_36=12
Column_87=12
Column_104=12
Column_9=11
Column_50=11
Column_35=10
Column_8=9
Column_81=9
Column_7=8
Column_20=8
Column_46=8
Column_68=8
Column_70=8
Column_84=8
Column_11=7
Column_25=7
Column_26=7
Column_69=7
Column_1=6
Column_12=6
Column_14=6
Column_33=6
Column_39=6
Column_88=6
Column_107=6
Column_108=6
Column_10=5
Column_31=5
Column_37=5
Column_42=5
Column_53=5
Column_72=5
Column_79=5
Column_93=5
Column_105=5
Column_3=4
Column_4=4
Column_5=4
Column_17=4
Column_38=4
Column_44=4
Column_89=4
Column_92=4
Column_109=4
Column_115=4
Column_24=3
Column_34=3
Column_65=3
Column_73=3
Column_82=3
Column_112=3
Column_117=3
Column_19=2
Column_27=2
Column_30=2
Column_49=2
Column_51=2
Column_66=2
Column_75=2
Column_90=2
Column_97=2
Column_98=2
Column_100=2
Column_111=2
Column_15=1
Column_21=1
Column_22=1
Column_23=1
Column_32=1
Column_43=1
Column_45=1
Column_56=1
Column_57=1
Column_58=1
Column_61=1
Column_67=1
Column_101=1
Column_106=1
Column_113=1
Column_114=1
Column_118=1

parameters:
[boosting: gbdt]
[objective: quantile]
[metric: quantile]
[tree_learner: serial]
[device_type: cpu]
[data_sample_strategy: bagging]
[data: ]
[valid: ]
[num_iterations: 120]
[learning_rate: 0.04]
[num_leaves: 15]
[num_threads: 2]
[seed: 42]
[deterministic: 0]
[force_col_wise: 0]
[force_row_wise: 0]
[histogram_pool_size: -1]
[max_depth: 3]
[min_data_in_leaf: 40]
[min_sum_hessian_in_leaf: 0.001]
[bagging_fraction: 0.85]
[pos_bagging_fraction: 1]
[neg_bagging_fraction: 1]
[bagging_freq: 0]
[bagging_seed: 400]
[bagging_by_query: 0]
[feature_fraction: 0.8]
[feature_fraction_bynode: 1]
[feature_fraction_seed: 30056]
[extra_trees: 0]
[extra_seed: 12879]
[early_stopping_round: 0]
[early_stopping_min_delta: 0]
[first_metric_only: 0]
[max_delta_step: 0]
[lambda_l1: 0]
[lambda_l2: 2]
[linear_lambda: 0]
[min_gain_to_split: 0]
[drop_rate: 0.1]
[max_drop: 50]
[skip_drop: 0.5]
[xgboost_dart_mode: 0]
[uniform_drop: 0]
[drop_seed: 17869]
[top_rate: 0.2]
[other_rate: 0.1]
[min_data_per_group: 100]
[max_cat_threshold: 32]
[cat_l2: 10]
[cat_smooth: 10]
[max_cat_to_onehot: 4]
[top_k: 20]
[monotone_constraints: ]
[monotone_constraints_method: basic]
[monotone_penalty: 0]
[feature_contri: ]
[forcedsplits_filename: ]
[refit_decay_rate: 0.9]
[cegb_tradeoff: 1]
[cegb_penalty_split: 0]
[cegb_penalty_feature_lazy: ]
[cegb_penalty_feature_coupled: ]
[path_smooth: 0]
[interaction_constraints: ]
[verbosity: -1]
[saved_feature_importance_type: 0]
[use_quantized_grad: 0]
[num_grad_quant_bins: 4]
[quant_train_renew_leaf: 0]
[stochastic_rounding: 1]
[linear_tree: 0]
[max_bin: 255]
[max_bin_by_feature: ]
[min_data_in_bin: 3]
[bin_construct_sample_cnt: 200000]
[data_random_seed: 175]
[is_enable_sparse: 1]
[enable_bundle: 1]
[use_missing: 1]
[zero_as_missing: 0]
[feature_pre_filter: 1]
[pre_partition: 0]
[two_round: 0]
[header: 0]
[label_column: ]
[weight_column: ]
[group_column: ]
[ignore_column: ]
[categorical_feature: ]
[forcedbins_filename: ]
[precise_float_parser: 0]
[parser_config_file: ]
[objective_seed: 16083]
[num_class: 1]
[is_unbalance: 0]
[scale_pos_weight: 1]
[sigmoid: 1]
[boost_from_average: 1]
[reg_sqrt: 0]
[alpha: 0.9]
[fair_c: 1]
[poisson_max_delta_step: 0.7]
[tweedie_variance_power: 1.5]
[lambdarank_truncation_level: 30]
[lambdarank_norm: 1]
[label_gain: ]
[lambdarank_position_bias_regularization: 0]
[eval_at: ]
[multi_error_top_k: 1]
[auc_mu_weights: ]
[num_machines: 1]
[local_listen_port: 12400]
[time_out: 120]
[machine_list_filename: ]
[machines: ]
[gpu_platform_id: -1]
[gpu_device_id: -1]
[gpu_device_id_list: ]
[gpu_use_dp: 0]
[num_gpu: 1]

end of parameters

pandas_categorical:null
