tree
version=v4
num_class=1
num_tree_per_iteration=1
label_index=0
max_feature_idx=118
objective=regression
feature_names=Column_0 Column_1 Column_2 Column_3 Column_4 Column_5 Column_6 Column_7 Column_8 Column_9 Column_10 Column_11 Column_12 Column_13 Column_14 Column_15 Column_16 Column_17 Column_18 Column_19 Column_20 Column_21 Column_22 Column_23 Column_24 Column_25 Column_26 Column_27 Column_28 Column_29 Column_30 Column_31 Column_32 Column_33 Column_34 Column_35 Column_36 Column_37 Column_38 Column_39 Column_40 Column_41 Column_42 Column_43 Column_44 Column_45 Column_46 Column_47 Column_48 Column_49 Column_50 Column_51 Column_52 Column_53 Column_54 Column_55 Column_56 Column_57 Column_58 Column_59 Column_60 Column_61 Column_62 Column_63 Column_64 Column_65 Column_66 Column_67 Column_68 Column_69 Column_70 Column_71 Column_72 Column_73 Column_74 Column_75 Column_76 Column_77 Column_78 Column_79 Column_80 Column_81 Column_82 Column_83 Column_84 Column_85 Column_86 Column_87 Column_88 Column_89 Column_90 Column_91 Column_92 Column_93 Column_94 Column_95 Column_96 Column_97 Column_98 Column_99 Column_100 Column_101 Column_102 Column_103 Column_104 Column_105 Column_106 Column_107 Column_108 Column_109 Column_110 Column_111 Column_112 Column_113 Column_114 Column_115 Column_116 Column_117 Column_118
feature_infos=[-6.0502223796391599:6.5123507636881097] [-5.6099797139797536:5.4652024843498284] [-4.8804829962227885:4.1847880089322453] [-4.34248108369726:3.8419659582097196] [-3.6069000246993634:2.1514791280290471] [-2.5705841677112531:2.3718379155670855] [-4.2284713015242463:3.9847246944286328] [-1.3839049841352875:6.6900076937273134] [-1.6718501015978495:1.5955435765264132] [-3.5576581760368646:2.1857041028433182] [-1.535476096117266:5.3833888256202078] [-2.5177129317910771:2.1615116417216607] [-2.5348934125371501:2.4495588347842419] [-1.5098886765015087:4.021156241916561] [-2.9218295519971824:2.6686939289307756] [-1.5713419015191266:1.6313876495420114] [-1.7466710819754381:1.8161806915765726] [-0.92818314659730217:0.78423190161012357] [-0.98062485756132245:0.78751276001069592] [-0.92818314659730183:0.78423190161012357] [-2.2216744588457482:1.6755481153694707] [-4.0138260671898545:4.1330529740241291] [-3.2642076397861586:2.2925811953207904] [-2.3190661144006675:2.6082412757786346] [-2.1330775720584687:1.6252797064909823] [-2.1266892424707735:1.5951530254728514] [-3.3480783855859353:2.0045723915770037] [-1.7888706055854369:1.4382515065384662] [-1.1846950519380137:3.6643042245190722] [-3.6807441934783558:4.2533459089162067] [-3.6313036672329106:4.4600555718806545] [-3.0416794716066162:3.2555226814766325] [-3.1598851104715844:3.4503845636574337] [-1.9451056414934766:2.113550308745574] [-2.1569652234595487:2.2253497484348261] [-1.7690044192966281:1.7688089205660278] [-1.7714370656179803:1.8466768446135131] [-1.6686759393424244:3.9482056302884168] [-1.5521007040336385:5.2535774527954473] [-1.5069269796391824:3.9004785047595174] [-1.3078681818622409:3.446638584935334] [-1.6554699343891861:1.479976119589564] [-1.9657624262009885:1.7707691426008958] [-1.8750098336226884:14.126046707556867] [-190.90397862635481:170.43301030456678] [-419.56005895879463:138.58186561449318] [-343.69027507022884:80.647828016843604] [-1.3573632260672497:2.7473941725092983] [-1.929304730019149:2.0003295303008635] [-1.2053933489817295:9.0336049287212514] [-4.8662122801628627:4.4451483052325083] [-8.9553804478589054:6.6559957049468599] [-1:1.5] [-0.83333333333333337:1] [0:1] [0:1] [-6.3818154439356274:3.3426808027352961] [-2.9917202693875478:2.3175861478934676] [-2.2464862464159507:2.1892763816530576] [-1.1598236312049828:3.2538463840331096] [-2.0297478269536207:1.8084655208433877] [-2.4047322756372043:0.60970849444836284] [-4.5574106782131043:3.6909504368052977] [-3.557372505035906:2.6352741866965221] [-3.1826316648226518:2.1936320920649712] [-3.0583736460876683:4.0134749808608872] [-3.4255379984532603:2.2730871749652257] [-2.4973454818894152:1.7277469085502846] [-1.0039981403164933:2.3092066973375993] [-2.1698534050545399:1.3134935532432594] [-1.4949348074678739:0.30456112057877027] [-4.4848239487929256:7.7927272599023096] [-4.1874429925323042:5.7609480213246158] [-2.417323047279504:4.1909135611554582] [-1.2797769671921333:4.6608200671705911] [-1.2203694122244713:8.0374437638816172] [-1.2035868277926072:2.33977012800263] [-6.5462533033076715:6.7141854284784435] [-4.6185686124962233:3.575161010359472] [-3.3963838709047125:3.769006486714813] [-1.2232217611161207:3.5823925059328792] [-1.8220046971848645:4.4491111575036522] [-0.81678468972311957:2.2183396833352753] [-11.358102304015279:11.117012459965883] [-5.9367692201460267:5.1516761543303575] [-3.305598686162508:3.5302641313457626] [-1.0310654892861595:3.2108716566190951] [-2.0739848590494541:3.9313300689891619] [-1.3798166492571233:0.63771494931280037] [-4.0069805190827621:2.9776710749431978] [-3.5609588055619255:3.1269953597482192] [-2.6013574953587395:1.7397515851168746] [-1.3599278401595409:3.1889470049098776] [-2.0808793017714105:1.8334059957470694] [-1.4855399154164139:0.43557606660010345] [-5.5150580333730774:2.7814645743704003] [-4.187042937511225:3.591676295166859] [-1.9372279112510127:2.8742007141636727] [-1.3328161335913737:4.1010849527220294] [-1.7794485302052918:4.5640521668183816] [-1.5967111192036016:1.2770599816873682] [-4.3798324130181552:2.5425411573768493] [-3.8046986433585612:3.5442517033852892] [-1.9974228367814508:2.6537863972411797] [-1.4209483035626926:4.0488898943055878] [-1.6211221130474747:3.9039186817943525] [-1.6099890661110559:1.1975832784654759] [-3.3767603198278509:3.6295057774239545] [-2.2773047299790115:2.6971577141566847] [-1.9768820799613507:2.0537973808965675] [-1.5513083433618784:2.0691098503395282] [-1.4719556181946023:1.9495800456215564] [-2.4408346692807399:0.6520843850537702] [-3.3099263280791988:3.5133582429164978] [-2.8083921368962432:3.676731288270509] [-1.6937261124810288:2.4641915995520041] [-0.78465605977824615:2.8109252319719187] [-1.5063956612008209:2.4320318516494033] [-1.4222799230096301:0.92935261243938749]
tree_sizes=779 793 795 889 890 792 797 895 702 899 795 698 887 896 804 885 700 703 794 895 705 898 801 697 702 895 705 704 895 704 792 788 711 703 709 708 707 706 703 706 887 611 795 609 710 699 805 890 702 714 894 895 708 891 617 892 700 704 611 710 614 803 891 708 893 703 713 803 700 897 619 893 611 619 709 703 881 715 894 520 614 612 898 612 702 708 703 898 891 624 702 799 806 894 895 703 523 899 796 801 794 897 709 891 703 622 799 616 809 623 706 716 613 620 900 893 707 712 801 799

Tree=0
num_leaves=7
num_cat=0
split_feature=86 106 31 80 12 1
split_gain=0.0585291 0.0585946 0.05121 0.046224 0.0373062 0.0162781
threshold=1.0739764854825755 0.90809259015101473 -0.36525326230848487 -0.85989383849194001 0.8690581261582021 -0.27570624983920089
decision_type=2 2 2 2 2 2
left_child=1 3 -3 -1 5 -2
right_child=4 2 -4 -5 -6 -7
leaf_value=0.0014087090921230303 0.002234895058681549 0.00072222170695079684 -0.00072113085427418606 0.00063023257069489086 0.00025237623946583579 0.0013217981723686731
leaf_weight=129 40 68 91 1782 44 150
leaf_count=129 40 68 91 1782 44 150
internal_value=0.000689713 0.000621732 -0.000111112 0.00068348 0.00128657 0.00152812
internal_weight=2304 2070 159 1911 234 190
internal_count=2304 2070 159 1911 234 190
is_linear=0
shrinkage=1


Tree=1
num_leaves=7
num_cat=0
split_feature=86 106 67 80 12 1
split_gain=0.0540449 0.0541017 0.0491102 0.0426505 0.0344753 0.0150943
threshold=1.0739764854825755 0.90809259015101473 -0.76974270832631053 -0.85989383849194001 0.8690581261582021 -0.27570624983920089
decision_type=2 2 2 2 2 2
left_child=1 3 -3 -1 5 -2
right_child=4 2 -4 -5 -6 -7
leaf_value=0.00069067549127516624 0.0014863181176284948 3.6169930515338629e-05 -0.0013744984750899123 -5.7103740368007094e-05 -0.00042060370040733529 0.00060713460560547999
leaf_weight=129 40 69 90 1782 44 150
leaf_count=129 40 69 90 1782 44 150
internal_value=3.54175e-08 -6.52898e-05 -0.000769477 -5.95639e-06 0.000573568 0.00080578
internal_weight=2304 2070 159 1911 234 190
internal_count=2304 2070 159 1911 234 190
is_linear=0
shrinkage=0.04


Tree=2
num_leaves=7
num_cat=0
split_feature=86 106 20 80 23 3
split_gain=0.0499043 0.0499543 0.044551 0.0393531 0.0318593 0.0127395
threshold=1.0739764854825755 0.90809259015101473 -0.27502264767003864 -0.85989383849194001 0.8916532606336699 -0.075703097930420224
decision_type=2 2 2 2 2 2
left_child=1 3 -3 -1 5 -2
right_child=4 2 -4 -5 -6 -7
leaf_value=0.00066347023646340776 0.0012708297154029548 -8.5679695475846523e-06 -0.0013453958076107401 -5.4822129016433324e-05 -0.00040451106159826336 0.00054599961100676518
leaf_weight=129 57 73 86 1782 44 133
leaf_count=129 57 73 86 1782 44 133
internal_value=6.76001e-08 -6.27054e-05 -0.000739363 -5.69162e-06 0.000551192 0.000774421
internal_weight=2304 2070 159 1911 234 190
internal_count=2304 2070 159 1911 234 190
is_linear=0
shrinkage=0.04


Tree=3
num_leaves=8
num_cat=0
split_feature=81 74 110 35 68 112 39
split_gain=0.0480201 0.0643422 0.0401211 0.0397015 0.0348716 0.0311085 0.0254369
threshold=0.074526661522083579 -0.19985505651065577 0.034558439195527743 0.44865245737667675 0.5631439312035792 -0.17611712214480593 1.2589372461673658
decision_type=2 2 2 2 2 2 2
left_child=1 3 4 -1 -2 -3 -4
right_child=2 5 6 -5 -6 -7 -8
leaf_value=0.00042529800558301816 9.4512725467068586e-05 -0.00074914100810697575 0.00031464389231250273 -0.0002981571353398813 -0.00078335414624361454 -0.0002063613240829603 0.0010442526445555639
leaf_weight=338 456 273 430 187 84 444 92
leaf_count=338 456 273 430 187 84 444 92
internal_value=8.80214e-08 -0.000168651 0.000197372 0.000167457 -4.4431e-05 -0.000414535 0.000446729
internal_weight=2304 1242 1062 525 540 717 522
internal_count=2304 1242 1062 525 540 717 522
is_linear=0
shrinkage=0.04


Tree=4
num_leaves=8
num_cat=0
split_feature=81 74 24 110 76 9 116
split_gain=0.0442814 0.0593244 0.0394226 0.0370242 0.0325394 0.0289644 0.0219442
threshold=0.074526661522083579 -0.19985505651065577 0.55127868980816941 0.034558439195527743 0.84703448520691205 0.38961300849317954 1.0548468291607491
decision_type=2 2 2 2 2 2 2
left_child=1 2 -1 4 -2 -3 -5
right_child=3 5 -4 6 -6 -7 -8
leaf_value=0.00043604615870135153 0.00010512179102613035 -0.00025239265968792412 -0.00027239368193106414 0.00032736530761701138 -0.00069051898179384467 -0.00084460980495019945 0.0011014394979129601
leaf_weight=321 441 543 204 456 99 174 66
leaf_count=321 441 543 204 456 99 174 66
internal_value=7.90193e-08 -0.000161958 0.000160778 0.000189528 -4.27555e-05 -0.00039806 0.000429067
internal_weight=2304 1242 525 1062 540 717 522
internal_count=2304 1242 525 1062 540 717 522
is_linear=0
shrinkage=0.04


Tree=5
num_leaves=7
num_cat=0
split_feature=86 80 81 48 70 4
split_gain=0.0428272 0.0389043 0.0453845 0.0282737 0.00962872 0.00879591
threshold=1.0739764854825755 -0.91723730067896403 0.074526661522083579 0.55237661525610549 -0.52151362145136282 0.26535040289720352
decision_type=2 2 2 2 2 2
left_child=1 5 -3 4 -2 -1
right_child=3 2 -4 -5 -6 -7
leaf_value=0.00094516049031101695 0.0011177583125124618 -0.00028309190013133938 0.00010168348366985716 -0.00012767898449492823 0.00047756535998534091 0.00019009124421115434
leaf_weight=68 80 1023 939 75 79 40
leaf_count=68 80 1023 939 75 79 40
internal_value=7.27325e-08 -5.80791e-05 -9.9025e-05 0.000510626 0.000809559 0.000674046
internal_weight=2304 2070 1962 234 159 108
internal_count=2304 2070 1962 234 159 108
is_linear=0
shrinkage=0.04


Tree=6
num_leaves=7
num_cat=0
split_feature=115 59 106 24 82 73
split_gain=0.0404748 0.0414209 0.037056 0.0212661 0.0122328 0.0100311
threshold=-0.81402133775488583 2.7622527922646589 0.90809259015101473 0.81868569390664991 -0.039382869998587346 -0.06415459851497303
decision_type=2 2 2 2 2 2
left_child=3 2 -2 4 -1 -3
right_child=1 5 -4 -5 -6 -7
leaf_value=0.00032994741568489208 -5.3396478052913636e-05 0.00025974591209378556 -0.00068769282624501485 -0.00013179007120418679 0.00093728902281211711 0.001052686335283166
leaf_weight=109 1746 48 159 77 108 57
leaf_count=109 1746 48 159 77 108 57
internal_value=1.53834e-07 -6.40953e-05 -0.000107003 0.000436873 0.000638018 0.00070183
internal_weight=2304 2010 1905 294 217 105
internal_count=2304 2010 1905 294 217 105
is_linear=0
shrinkage=0.04


Tree=7
num_leaves=8
num_cat=0
split_feature=81 80 92 74 28 47 26
split_gain=0.0378314 0.0415894 0.0377354 0.0357235 0.0281476 0.0120566 0.00927611
threshold=0.30746148852418215 -0.85989383849194001 0.29250465891833005 -0.68544383397833042 -0.34948003023437213 -0.058702928124030551 -0.058325561174997625
decision_type=2 2 2 2 2 2 2
left_child=1 5 4 -3 -2 -1 -4
right_child=2 3 6 -5 -6 -7 -8
leaf_value=0.00085272844110953711 -0.00050985815618034521 0.00031111042197189283 0.00036857512101916404 -0.00026321345653649203 0.00018651243615647119 5.041848122123249e-05 0.00084030806553912253
leaf_weight=82 120 201 143 1191 387 47 133
leaf_count=82 120 201 143 1191 387 47 133
internal_value=2.06887e-07 -0.000116059 0.000225778 -0.000179956 2.03353e-05 0.000565647 0.000600306
internal_weight=2304 1521 783 1392 507 129 276
internal_count=2304 1521 783 1392 507 129 276
is_linear=0
shrinkage=0.04


Tree=8
num_leaves=6
num_cat=0
split_feature=36 106 73 73 116
split_gain=0.0370498 0.0439885 0.0464714 0.0361552 0.0229209
threshold=-1.1680629892088448 0.90809259015101473 0.31158519196032602 -0.16344697146228407 0.78873860512617855
decision_type=2 2 2 2 2
left_child=4 3 -3 -2 -1
right_child=1 2 -4 -5 -6
leaf_value=0.00017665730027819997 0.00021513438173577433 -0.0013667758845553226 -2.607472113309444e-05 -0.00012882167101379985 0.001259571728378273
leaf_weight=71 830 77 87 1184 55
leaf_count=71 830 77 87 1184 55
internal_value=2.62329e-07 -3.85719e-05 -0.000664433 1.30006e-05 0.000661653
internal_weight=2304 2178 164 2014 126
internal_count=2304 2178 164 2014 126
is_linear=0
shrinkage=0.04


Tree=9
num_leaves=8
num_cat=0
split_feature=81 74 24 110 112 76 48
split_gain=0.0358138 0.0497944 0.0347708 0.030761 0.0280424 0.0280093 0.0203742
threshold=0.074526661522083579 -0.19985505651065577 0.55127868980816941 0.034558439195527743 -0.17611712214480593 0.78258758664055283 0.037873720428822415
decision_type=2 2 2 2 2 2 2
left_child=1 2 -1 5 -3 -2 -5
right_child=3 4 -4 6 -6 -7 -8
leaf_value=0.00040872415526980538 0.00010109247520263093 -0.00067938538561151788 -0.00025660321561764315 0.00058976021984631622 -0.00016432123685805358 -0.00062100184151944141 7.8258458645275549e-05
leaf_weight=321 435 273 204 316 444 105 206
leaf_count=321 435 273 204 316 444 105 206
internal_value=2.56336e-07 -0.000145467 0.000150204 0.000170631 -0.000361778 -4.10882e-05 0.000388972
internal_weight=2304 1242 525 1062 717 540 522
internal_count=2304 1242 525 1062 717 540 522
is_linear=0
shrinkage=0.04


Tree=10
num_leaves=7
num_cat=0
split_feature=86 106 31 82 48 84
split_gain=0.0344591 0.0356916 0.0386251 0.0282683 0.0254048 0.00879195
threshold=1.0739764854825755 0.90809259015101473 -0.36525326230848487 -0.56309075351285853 0.55237661525610549 -0.046281853437784723
decision_type=2 2 2 2 2 2
left_child=1 3 -3 -1 5 -2
right_child=4 2 -4 -5 -6 -7
leaf_value=-0.00055095850769430396 0.00038105832629038819 9.7891965436117202e-05 -0.0011537588896325 3.9420789120592586e-05 -0.00014629178946571692 0.00099703011223145057
leaf_weight=138 68 68 91 1773 75 91
leaf_count=138 68 68 91 1773 75 91
internal_value=2.27227e-07 -5.19351e-05 -0.000623895 -3.74401e-06 0.000458192 0.000741602
internal_weight=2304 2070 159 1911 234 159
internal_count=2304 2070 159 1911 234 159
is_linear=0
shrinkage=0.04


Tree=11
num_leaves=6
num_cat=0
split_feature=36 106 67 59 116
split_gain=0.0334843 0.0346587 0.0372097 0.0283135 0.0156116
threshold=-1.2293761481978638 0.90809259015101473 -0.6464857645006673 1.7611766833653075 0.8058831175430613
decision_type=2 2 2 2 2
left_child=4 3 -3 -2 -1
right_child=1 2 -4 -5 -6
leaf_value=0.0002649142879645451 -2.4474998969574267e-05 -6.4719708249224037e-06 -0.0011942063339435063 0.00060155639430598885 0.0012800737605853515
leaf_weight=57 1917 87 80 121 42
leaf_count=57 1917 87 80 121 42
internal_value=2.06495e-07 -3.23865e-05 -0.000582846 1.3247e-05 0.000712408
internal_weight=2304 2205 167 2038 99
internal_count=2304 2205 167 2038 99
is_linear=0
shrinkage=0.04


Tree=12
num_leaves=8
num_cat=0
split_feature=115 69 40 24 82 42 64
split_gain=0.0345355 0.0327179 0.0417829 0.0203978 0.0155254 0.00545764 0.00521795
threshold=-0.6495747965002282 -1.5398147528659409 1.883539390507563 0.78371716182255624 -0.039382869998587346 0.71340718111621981 0.029855375813291271
decision_type=2 2 2 2 2 2 2
left_child=3 6 -3 4 -1 -5 -2
right_child=1 2 -4 5 -6 -7 -8
leaf_value=0.00020637985287880599 0.00033182880316340064 -7.2516144344626605e-05 -0.0010695247108648931 8.548913294479491e-05 0.00078188209132255089 -0.00050668938418052024 0.00091092334422282874
leaf_weight=150 57 1729 68 60 152 40 48
leaf_count=150 57 1729 68 60 152 40 48
internal_value=2.30201e-07 -7.10442e-05 -0.000111391 0.000336136 0.000499275 -0.000156673 0.000608636
internal_weight=2304 1902 1797 402 302 100 105
internal_count=2304 1902 1797 402 302 100 105
is_linear=0
shrinkage=0.04


Tree=13
num_leaves=8
num_cat=0
split_feature=81 74 24 28 24 108 78
split_gain=0.0306769 0.0449135 0.03131 0.0267255 0.0256312 0.0231651 0.0165666
threshold=0.074526661522083579 -0.19985505651065577 0.55127868980816941 -0.36147676880115132 0.73509458775067016 -0.035030119598348487 -0.32929298892005371
decision_type=2 2 2 2 2 2 2
left_child=1 2 -1 5 -3 -2 -5
right_child=3 4 -4 6 -6 -7 -8
leaf_value=0.00039148210727443181 -0.00063978664762844603 -0.00024765292122853297 -0.00023988102566116284 0.00068555678067227404 -0.00096447385809606987 0.00012406846811215764 0.00019124922495575983
leaf_weight=321 107 627 204 128 90 151 676
leaf_count=321 107 627 204 128 90 151 676
internal_value=2.4416e-07 -0.000134624 0.000146173 0.000157928 -0.000340063 -0.000195209 0.000271451
internal_weight=2304 1242 525 1062 717 258 804
internal_count=2304 1242 525 1062 717 258 804
is_linear=0
shrinkage=0.04


Tree=14
num_leaves=7
num_cat=0
split_feature=86 118 34 116 48 64
split_gain=0.0297582 0.0325883 0.0427621 0.0249841 0.0225303 0.00830022
threshold=1.0739764854825755 -0.032424024082059209 -0.60995552741381609 -0.68144029929626904 0.55237661525610549 -0.64177821215471909
decision_type=2 2 2 2 2 2
left_child=1 3 -3 -1 5 -2
right_child=4 2 -4 -5 -6 -7
leaf_value=-0.00079127669309642405 0.00027018864116292785 0.00022054971526932091 -0.00036081821208534126 0.00015284277211780165 -0.00014334405654460773 0.00089503911687104315
leaf_weight=45 53 274 761 990 75 106
leaf_count=45 53 274 761 990 75 106
internal_value=2.10129e-07 -4.82638e-05 -0.000206782 0.000110347 0.000425793 0.000692699
internal_weight=2304 2070 1035 1035 234 159
internal_count=2304 2070 1035 1035 234 159
is_linear=0
shrinkage=0.04


Tree=15
num_leaves=8
num_cat=0
split_feature=115 69 40 24 82 67 64
split_gain=0.0304514 0.0286538 0.037588 0.018192 0.0136101 0.00538395 0.00487337
threshold=-0.6495747965002282 -1.5398147528659409 1.883539390507563 0.78371716182255624 -0.039382869998587346 0.42565522576937248 0.029855375813291271
decision_type=2 2 2 2 2 2 2
left_child=3 6 -3 4 -1 -5 -2
right_child=1 2 -4 5 -6 -7 -8
leaf_value=0.00019542453516279286 0.00030283395660709651 -6.7604575823165244e-05 -0.0010132371393431511 9.5388128128299707e-05 0.00073430959963808207 -0.00049052584254410286 0.00086106553029967477
leaf_weight=150 57 1729 68 59 152 41 48
leaf_count=150 57 1729 68 59 152 41 48
internal_value=2.10161e-07 -6.67172e-05 -0.000104475 0.000315629 0.000469698 -0.000149744 0.00056935
internal_weight=2304 1902 1797 402 302 100 105
internal_count=2304 1902 1797 402 302 100 105
is_linear=0
shrinkage=0.04


Tree=16
num_leaves=6
num_cat=0
split_feature=36 106 31 73 116
split_gain=0.0288252 0.0313501 0.032556 0.0310195 0.0135366
threshold=-1.2293761481978638 0.90809259015101473 -0.36525326230848487 -0.2719661753805257 0.8058831175430613
decision_type=2 2 2 2 2
left_child=4 3 -3 -2 -1
right_child=1 2 -4 -5 -6
leaf_value=0.00024442625774654672 0.00021950905844581742 9.6120238615110616e-05 -0.0010261806550825358 -0.00010453794507153499 0.0011895907996222377
leaf_weight=57 741 71 96 1297 42
leaf_count=57 741 71 96 1297 42
internal_value=2.23182e-07 -3.00174e-05 -0.000553544 1.33826e-05 0.000661021
internal_weight=2304 2205 167 2038 99
internal_count=2304 2205 167 2038 99
is_linear=0
shrinkage=0.04


Tree=17
num_leaves=6
num_cat=0
split_feature=59 106 67 73 47
split_gain=0.0269554 0.029011 0.0318755 0.0313979 0.00905784
threshold=2.7622527922646589 0.90809259015101473 -0.76974270832631053 -0.2719661753805257 -0.50273411483039399
decision_type=2 2 2 2 2
left_child=1 3 -3 -1 -2
right_child=4 2 -4 -5 -6
leaf_value=0.00021984258605334123 0.00098250558573959599 9.9882644430642398e-05 -0.0010347716332762503 -0.00010708173046668646 0.00024460285271774848
leaf_weight=732 52 69 90 1305 56
leaf_count=732 52 69 90 1305 56
internal_value=2.35725e-07 -3.03452e-05 -0.00054725 1.04996e-05 0.000611293
internal_weight=2304 2196 159 2037 108
internal_count=2304 2196 159 2037 108
is_linear=0
shrinkage=0.04


Tree=18
num_leaves=7
num_cat=0
split_feature=115 59 69 24 58 47
split_gain=0.0270649 0.0277854 0.0242512 0.0150038 0.00944915 0.00926265
threshold=-0.81402133775488583 2.7622527922646589 -1.5398147528659409 0.81868569390664991 0.47902948296699938 -0.50273411483039399
decision_type=2 2 2 2 2 2
left_child=3 2 -2 4 -1 -3
right_child=1 5 -4 -5 -6 -7
leaf_value=0.00029879589550322493 0.00051597031503039796 0.00094466091825139576 -0.00012105306579491927 -0.00012009323278038257 0.00083980678994871247 0.0001911812413229861
leaf_weight=128 99 52 1806 77 89 53
leaf_count=128 99 52 1806 77 89 53
internal_value=2.40345e-07 -5.22984e-05 -8.74415e-05 0.00035736 0.000526328 0.000575015
internal_weight=2304 2010 1905 294 217 105
internal_count=2304 2010 1905 294 217 105
is_linear=0
shrinkage=0.04


Tree=19
num_leaves=8
num_cat=0
split_feature=81 74 35 9 28 104 78
split_gain=0.0265503 0.0377919 0.0284988 0.0235114 0.0232553 0.0193456 0.0142518
threshold=0.074526661522083579 -0.19985505651065577 0.44865245737667675 0.38961300849317954 -0.36147676880115132 0.0061806364442365796 -0.2328806280556123
decision_type=2 2 2 2 2 2 2
left_child=1 2 -1 -3 5 -2 -6
right_child=4 3 -4 -5 6 -7 -8
leaf_value=0.00035090729897980486 -0.0005172966700655395 -0.00018258571324292184 -0.000262003473795996 -0.00071572611259233029 0.00058868770928475664 0.00017105017377616605 0.00016792432807676328
leaf_weight=338 132 543 187 174 160 126 644
leaf_count=338 132 543 187 174 160 126 644
internal_value=3.19171e-07 -0.00012515 0.000132429 -0.000313598 0.000147014 -0.000182397 0.000252911
internal_weight=2304 1242 525 717 1062 258 804
internal_count=2304 1242 525 717 1062 258 804
is_linear=0
shrinkage=0.04


Tree=20
num_leaves=6
num_cat=0
split_feature=36 106 73 73 116
split_gain=0.0258619 0.0286595 0.0319151 0.0257929 0.0158203
threshold=-1.1680629892088448 0.90809259015101473 0.31158519196032602 -0.16344697146228407 0.78873860512617855
decision_type=2 2 2 2 2
left_child=4 3 -3 -2 -1
right_child=1 2 -4 -5 -6
leaf_value=0.00014984151461697504 0.00018020489597229418 -0.0011193657265327682 -8.6143908935881576e-06 -0.00011030941347517568 0.0010496365239541455
leaf_weight=71 830 77 87 1184 55
leaf_count=71 830 77 87 1184 55
internal_value=2.92562e-07 -3.21528e-05 -0.000537329 9.47595e-06 0.000552873
internal_weight=2304 2178 164 2014 126
internal_count=2304 2178 164 2014 126
is_linear=0
shrinkage=0.04


Tree=21
num_leaves=8
num_cat=0
split_feature=81 80 74 28 108 62 62
split_gain=0.0244477 0.0348525 0.0390786 0.0212924 0.0208575 0.013992 0.00914615
threshold=0.074526661522083579 -0.85989383849194001 -0.68544383397833042 -0.36147676880115132 -0.035030119598348487 0.60136587146640463 0.033688110433176335
decision_type=2 2 2 2 2 2 2
left_child=1 6 -3 4 -2 -5 -1
right_child=3 2 -4 5 -6 -7 -8
leaf_value=0.00085261903906939549 -0.00059604056438253858 0.00034768315036921854 -0.00029282697559364796 0.0003454591524322734 0.00012868566621928871 -2.6859301351942123e-05 0.00015269760863884587
leaf_weight=62 107 180 942 581 151 223 58
leaf_count=62 107 180 942 581 151 223 58
internal_value=2.85764e-07 -0.000120113 -0.000189636 0.000141052 -0.000174152 0.000242381 0.000522373
internal_weight=2304 1242 1122 1062 258 804 120
internal_count=2304 1242 1122 1062 258 804 120
is_linear=0
shrinkage=0.04


Tree=22
num_leaves=7
num_cat=0
split_feature=115 40 116 81 37 112
split_gain=0.0241432 0.0365107 0.0283193 0.0343307 0.0266917 0.0190726
threshold=0.45546672940155913 1.883539390507563 -0.37767576264752589 0.65366428791338216 0.13785831442573568 -1.7111039020263852
decision_type=2 2 2 2 2 2
left_child=2 4 3 -1 -2 -4
right_child=1 -3 5 -5 -6 -7
leaf_value=-0.00040653466384417229 -0.00038488820765983546 -0.0012236472772649274 0.00088374352716481699 0.00036703112938084813 0.00014931425042838479 0.00014560825990605046
leaf_weight=324 297 50 57 126 298 1152
leaf_count=324 297 50 57 126 298 1152
internal_value=3.05953e-07 -0.000206981 8.10491e-05 -0.000189271 -0.000117734 0.000181811
internal_weight=2304 645 1659 450 595 1209
internal_count=2304 645 1659 450 595 1209
is_linear=0
shrinkage=0.04


Tree=23
num_leaves=6
num_cat=0
split_feature=36 106 27 82 116
split_gain=0.0236441 0.0245766 0.0254535 0.0227041 0.010592
threshold=-1.2293761481978638 0.90809259015101473 -0.22020228303891734 -0.64711440126431952 0.8058831175430613
decision_type=2 2 2 2 2
left_child=4 3 -3 -2 -1
right_child=1 2 -4 -5 -6
leaf_value=0.000229637970520436 -0.00057340177854189954 4.4805696499357113e-05 -0.00093976525334216177 4.1730247618199777e-05 0.0010664782084693963
leaf_weight=57 99 77 90 1939 42
leaf_count=57 99 77 90 1939 42
internal_value=2.77432e-07 -2.7111e-05 -0.000490644 1.13161e-05 0.000598749
internal_weight=2304 2205 167 2038 99
internal_count=2304 2205 167 2038 99
is_linear=0
shrinkage=0.04


Tree=24
num_leaves=6
num_cat=0
split_feature=36 106 73 73 116
split_gain=0.0218687 0.0226877 0.0246988 0.0215624 0.0098014
threshold=-1.2293761481978638 0.90809259015101473 0.31158519196032602 -0.16344697146228407 0.8058831175430613
decision_type=2 2 2 2 2
left_child=4 3 -3 -2 -1
right_child=1 2 -4 -5 -6
leaf_value=0.00022076382491169341 0.0001666340695882743 -0.00096953099799731448 -1.9332424154128419e-06 -9.7608345058325843e-05 0.0010257581357886506
leaf_weight=57 836 80 87 1202 42
leaf_count=57 836 80 87 1202 42
internal_value=2.61807e-07 -2.60782e-05 -0.000471441 1.08426e-05 0.000575826
internal_weight=2304 2205 167 2038 99
internal_count=2304 2205 167 2038 99
is_linear=0
shrinkage=0.04


Tree=25
num_leaves=8
num_cat=0
split_feature=81 24 74 110 117 88 93
split_gain=0.0215467 0.0280599 0.0292044 0.0219803 0.0171868 0.0159831 0.0107611
threshold=0.30746148852418215 0.84523271213911444 -0.49509875594499636 0.50688029843115812 0.036946348970427319 -0.65885753931176405 -0.04438902804894166
decision_type=2 2 2 2 2 2 2
left_child=1 2 -1 4 -2 -5 -3
right_child=3 6 -4 5 -6 -7 -8
leaf_value=0.00033561887406949125 0.00029519715667050949 -0.0003242639556992799 -0.00012131587916852691 -4.2047384655127051e-05 -0.00015987081800267333 0.00068664101350970506 -0.00099096203147764164
leaf_weight=281 225 112 1068 66 318 174 60
leaf_count=281 225 112 1068 66 318 174 60
internal_value=2.63271e-07 -8.7481e-05 -2.57793e-05 0.000170498 2.90846e-05 0.00048756 -0.00056555
internal_weight=2304 1521 1349 783 543 240 172
internal_count=2304 1521 1349 783 543 240 172
is_linear=0
shrinkage=0.04


Tree=26
num_leaves=6
num_cat=0
split_feature=80 115 58 73 24
split_gain=0.0209936 0.0225336 0.0226968 0.0133843 0.0127156
threshold=2.8038904764765387 -0.82357480165190255 1.1430961970417639 0.084005026491962079 0.81868569390664991
decision_type=2 2 2 2 2
left_child=1 4 -3 -2 -1
right_child=3 2 -4 -5 -6
leaf_value=0.00048307272307097145 -4.3170140750864345e-06 -4.806851466282029e-05 -0.00073643421727683748 0.00083098779190573602 -0.00013883061824606258
leaf_weight=193 51 1836 78 75 71
leaf_count=193 51 1836 78 75 71
internal_value=2.41603e-07 -2.89909e-05 -7.68605e-05 0.000498104 0.000316032
internal_weight=2304 2178 1914 126 264
internal_count=2304 2178 1914 126 264
is_linear=0
shrinkage=0.04


Tree=27
num_leaves=6
num_cat=0
split_feature=36 106 68 73 116
split_gain=0.020049 0.0221154 0.0272323 0.0198011 0.012013
threshold=-1.1680629892088448 0.90809259015101473 1.0974060429464394 -0.16344697146228407 0.78873860512617855
decision_type=2 2 2 2 2
left_child=4 3 -3 -2 -1
right_child=1 2 -4 -5 -6
leaf_value=0.00013541451452000144 0.0001578363015251118 -0.00015688026108120275 -0.0013126792355130116 -9.6707175429121975e-05 0.00091968858483852005
leaf_weight=71 830 121 43 1184 55
leaf_count=71 830 121 43 1184 55
internal_value=2.45344e-07 -2.83219e-05 -0.000472089 8.24657e-06 0.000486777
internal_weight=2304 2178 164 2014 126
internal_count=2304 2178 164 2014 126
is_linear=0
shrinkage=0.04


Tree=28
num_leaves=8
num_cat=0
split_feature=81 79 28 80 28 108 62
split_gain=0.0198911 0.0279436 0.031393 0.0232439 0.0187749 0.0187503 0.0131391
threshold=0.074526661522083579 -0.74146473356685305 1.2686889031777759 -0.85989383849194001 -0.36147676880115132 -0.035030119598348487 0.60136587146640463
decision_type=2 2 2 2 2 2 2
left_child=1 2 -1 -3 5 -2 -6
right_child=4 3 -4 -5 6 -7 -8
leaf_value=0.00028477726967715062 -0.00056876364754141233 0.00045398932729165636 -0.00084683037235994227 -0.00030355579307608614 0.00032224208694483272 0.00011840659567669302 -3.8451952659913028e-05
leaf_weight=363 107 69 42 768 581 151 223
leaf_count=363 107 69 42 768 581 151 223
internal_value=2.23273e-07 -0.000108377 0.000163841 -0.000240172 0.000127196 -0.000168765 0.000222352
internal_weight=2304 1242 405 837 1062 258 804
internal_count=2304 1242 405 837 1062 258 804
is_linear=0
shrinkage=0.04


Tree=29
num_leaves=6
num_cat=0
split_feature=82 115 58 35 10
split_gain=0.0197305 0.0242947 0.0304609 0.0111672 0.0066208
threshold=-0.64711440126431952 -0.59564674644394489 1.1430961970417639 0.94396409696637351 -0.22700446842981792
decision_type=2 2 2 2 2
left_child=4 3 -3 -2 -1
right_child=1 2 -4 -5 -6
leaf_value=-0.00021591223156923115 0.00037222350919508408 -6.9515718854304181e-06 -0.0008890384859763659 -0.00027918742450613838 -0.0008750827651470899
leaf_weight=51 371 1725 63 46 48
leaf_count=51 371 1725 63 46 48
internal_value=1.94284e-07 2.52132e-05 -3.89904e-05 0.000299376 -0.00054651
internal_weight=2304 2205 1788 417 99
internal_count=2304 2205 1788 417 99
is_linear=0
shrinkage=0.04


Tree=30
num_leaves=7
num_cat=0
split_feature=80 74 81 112 30 28
split_gain=0.0189031 0.0205835 0.0350431 0.024903 0.0083475 0.0039289
threshold=2.8038904764765387 -0.19985505651065577 -0.019001812288460939 -1.5791075474604279 -0.020511780170250227 0.10053300446659648
decision_type=2 2 2 2 2 2
left_child=1 3 -3 -1 -2 -6
right_child=4 2 -4 -5 5 -7
leaf_value=0.00065733928215731948 0.00091299175750464206 -0.0003460618948341916 6.22675568553638e-05 3.8245698261566071e-05 -5.110399911266773e-05 0.00049087549517439172
leaf_weight=120 43 615 738 705 41 42
leaf_count=120 43 615 738 705 41 42
internal_value=1.20808e-07 -2.76179e-05 -0.000123574 0.000129668 0.000472544 0.000228248
internal_weight=2304 2178 1353 825 126 83
internal_count=2304 2178 1353 825 126 83
is_linear=0
shrinkage=0.04


Tree=31
num_leaves=7
num_cat=0
split_feature=4 73 80 111 94 10
split_gain=0.0184617 0.02222 0.0262062 0.022923 0.017334 0.0208861
threshold=0.3987154656439304 -0.22377574949388432 2.9396902901569768 -0.60634932327082824 0.33373725556569706 1.6261450933501
decision_type=2 2 2 2 2 2
left_child=1 3 -3 -1 5 -2
right_child=4 2 -4 -5 -6 -7
leaf_value=0.00094783553748227956 -0.00018232405987811517 -7.1210708334802587e-05 0.00072175882071335337 0.00018149428415736835 -0.00082727295241784304 0.00068773197078068437
leaf_weight=72 553 1095 69 411 58 46
leaf_count=72 553 1095 69 411 58 46
internal_value=1.77191e-07 7.16942e-05 -2.30474e-05 0.000299169 -0.000178779 -0.000113442
internal_weight=2304 1647 1164 483 657 599
internal_count=2304 1647 1164 483 657 599
is_linear=0
shrinkage=0.04


Tree=32
num_leaves=6
num_cat=0
split_feature=82 115 41 76 35
split_gain=0.0180142 0.0214016 0.0216834 0.0101562 0.00998055
threshold=-0.64711440126431952 -0.59564674644394489 0.74597336206170739 -0.0023336643475967093 0.94396409696637351
decision_type=2 2 2 2 2
left_child=3 4 -3 -1 -2
right_child=1 2 -4 -5 -6
leaf_value=-0.00095266392177089743 0.00035032015309558904 1.0547214570832428e-05 -0.0004512192420851991 -0.00014220268708803425 -0.00026547583295420435
leaf_weight=45 371 1609 179 54 46
leaf_count=45 371 1609 179 54 46
internal_value=2.20686e-07 2.41266e-05 -3.61336e-05 -0.000522164 0.000281448
internal_weight=2304 2205 1788 99 417
internal_count=2304 2205 1788 99 417
is_linear=0
shrinkage=0.04


Tree=33
num_leaves=6
num_cat=0
split_feature=115 40 116 114 4
split_gain=0.0169988 0.032759 0.0246513 0.0235394 0.0174445
threshold=0.45546672940155913 1.883539390507563 -0.71292104331482242 1.4206787827057121 0.37308936161141498
decision_type=2 2 2 2 2
left_child=2 3 -1 -2 -4
right_child=1 -3 4 -5 -6
leaf_value=-0.00083531106638900458 -0.0001750038482817611 -0.0011367066498720445 0.00018839489667182526 0.00064253890953425846 -8.8846442651097833e-05
leaf_weight=45 534 50 1065 61 549
leaf_count=45 534 50 1065 61 549
internal_value=1.6153e-07 -0.000173773 6.79129e-05 -8.93168e-05 9.40984e-05
internal_weight=2304 645 1659 595 1614
internal_count=2304 645 1659 595 1614
is_linear=0
shrinkage=0.04


Tree=34
num_leaves=6
num_cat=0
split_feature=82 115 58 14 76
split_gain=0.016738 0.0193609 0.0270604 0.00949653 0.00924862
threshold=-0.64711440126431952 -0.59564674644394489 1.1430961970417639 -0.19805191580345569 -0.0023336643475967093
decision_type=2 2 2 2 2
left_child=4 3 -3 -2 -1
right_child=1 2 -4 -5 -6
leaf_value=-0.00091428782533299418 0.00047911008486482116 -3.9708976032394277e-06 -0.00083536133993990149 9.5174289778146744e-05 -0.00014063129561171602
leaf_weight=45 186 1725 63 231 54
leaf_count=45 186 1725 63 231 54
internal_value=1.0633e-07 2.315e-05 -3.41655e-05 0.000267896 -0.000503434
internal_weight=2304 2205 1788 417 99
internal_count=2304 2205 1788 417 99
is_linear=0
shrinkage=0.04


Tree=35
num_leaves=6
num_cat=0
split_feature=36 115 109 112 116
split_gain=0.0173344 0.0178002 0.0270978 0.0173589 0.00732604
threshold=-1.2293761481978638 0.98870628692874252 -0.51785460975640396 -1.7111039020263852 0.78873860512617855
decision_type=2 2 2 2 2
left_child=4 3 -3 -2 -1
right_child=1 2 -4 -5 -6
leaf_value=0.0001928981631512247 0.00050035056945158755 -0.00088189047592271473 6.5455512536287896e-05 -1.6420736581692862e-05 0.00088622069067281219
leaf_weight=55 108 91 100 1906 44
leaf_count=55 108 91 100 1906 44
internal_value=5.62846e-08 -2.33945e-05 -0.000390359 1.17598e-05 0.000512489
internal_weight=2304 2205 191 2014 99
internal_count=2304 2205 191 2014 99
is_linear=0
shrinkage=0.04


Tree=36
num_leaves=6
num_cat=0
split_feature=59 29 73 117 47
split_gain=0.01618 0.019145 0.022405 0.0107508 0.00800657
threshold=2.7622527922646589 0.72407861864849055 -0.21890655489613767 -0.53255928365631378 -0.50273411483039399
decision_type=2 2 2 2 2
left_child=1 2 -1 -3 -2
right_child=4 3 -4 -5 -6
leaf_value=0.00021657091349599315 0.00082152324112097703 1.2950871646635037e-05 -7.4465653605537477e-05 -0.00047155985859937446 0.00013315472671318528
leaf_weight=643 52 111 1229 213 56
leaf_count=643 52 111 1229 213 56
internal_value=7.99339e-08 -2.36128e-05 2.56249e-05 -0.000306509 0.000473502
internal_weight=2304 2196 1872 324 108
internal_count=2304 2196 1872 324 108
is_linear=0
shrinkage=0.04


Tree=37
num_leaves=6
num_cat=0
split_feature=60 74 91 112 110
split_gain=0.0161855 0.0191655 0.0227191 0.0202278 0.00758828
threshold=-1.1417566078081769 -0.19985505651065577 1.0783195929729092 -1.5791075474604279 0.33851021096456585
decision_type=2 2 2 2 2
left_child=4 3 -3 -2 -1
right_child=1 2 -4 -5 -6
leaf_value=0.00011753408649714071 0.00060316766283024462 -8.4121063377041465e-05 -0.00097952648196022638 4.7160940918177407e-05 0.00085331623454694644
leaf_weight=42 120 1308 45 741 48
leaf_count=42 120 1308 45 741 48
internal_value=9.88759e-08 -2.14843e-05 -0.000115304 0.000125871 0.000519971
internal_weight=2304 2214 1353 861 90
internal_count=2304 2214 1353 861 90
is_linear=0
shrinkage=0.04


Tree=38
num_leaves=6
num_cat=0
split_feature=36 106 67 59 108
split_gain=0.01575 0.0188785 0.0229121 0.0160679 0.0075929
threshold=-1.1114617082143636 0.90809259015101473 -0.76974270832631053 1.7611766833653075 -0.27502957756025964
decision_type=2 2 2 2 2
left_child=4 3 -3 -2 -1
right_child=1 2 -4 -5 -6
leaf_value=0.00010479565980973879 -2.2701447905855873e-05 9.4161160995025886e-05 -0.00085390422277913623 0.0004529130407455108 0.00066797090346554819
leaf_weight=77 1869 72 91 119 76
leaf_count=77 1869 72 91 119 76
internal_value=1.14263e-07 -2.79225e-05 -0.000439062 6.19501e-06 0.000389552
internal_weight=2304 2151 163 1988 153
internal_count=2304 2151 163 1988 153
is_linear=0
shrinkage=0.04


Tree=39
num_leaves=6
num_cat=0
split_feature=82 106 27 35 76
split_gain=0.0154408 0.0162928 0.024722 0.0169244 0.0083996
threshold=-0.64711440126431952 0.90809259015101473 -0.27479567121015186 0.80200914785988819 -0.0023336643475967093
decision_type=2 2 2 2 2
left_child=4 3 -3 -2 -1
right_child=1 2 -4 -5 -6
leaf_value=-0.00087508028274045342 0.0001018221244660175 0.00014906360754552721 -0.00078180295625012765 -0.00022876170968594978 -0.00013760172487569175
leaf_weight=45 1738 86 94 287 54
leaf_count=45 1738 86 94 287 54
internal_value=1.25068e-07 2.22578e-05 -0.000340305 5.47895e-05 -0.00048351
internal_weight=2304 2205 180 2025 99
internal_count=2304 2205 180 2025 99
is_linear=0
shrinkage=0.04


Tree=40
num_leaves=8
num_cat=0
split_feature=22 86 80 116 47 109 63
split_gain=0.0149057 0.0186736 0.0203555 0.0156867 0.0193878 0.0120256 0.00718728
threshold=0.40387021018770164 1.0739764854825755 -0.91723730067896403 -0.44439461329316998 -0.38498059134955531 0.43920526017318312 -0.36470228969230356
decision_type=2 2 2 2 2 2 2
left_child=1 2 -1 5 -5 -2 -3
right_child=3 6 -4 4 -6 -7 -8
leaf_value=0.00064224809869537478 -0.00018160220502656612 0.00015324806085049685 -9.4081403345762354e-06 0.00035406734081789182 -0.00020566241489846252 -0.0010814023609418656 0.00077278882423083165
leaf_weight=79 49 51 1442 126 436 46 75
leaf_count=79 49 51 1442 126 436 46 75
internal_value=5.85794e-08 6.432e-05 2.52375e-05 -0.000160741 -7.93608e-05 -0.000630609 0.000528335
internal_weight=2304 1647 1521 657 562 95 126
internal_count=2304 1647 1521 657 562 95 126
is_linear=0
shrinkage=0.04


Tree=41
num_leaves=5
num_cat=0
split_feature=74 4 110 97
split_gain=0.014963 0.0176226 0.0175551 0.0146
threshold=-1.0222123817282291 0.3987154656439304 1.3495757961758186 -0.73313253864861194
decision_type=2 2 2 2
left_child=-1 2 -2 -3
right_child=1 3 -4 -5
leaf_value=0.00059835756168915677 2.1868601754159832e-05 -0.00063581985911250567 0.00062256445208676292 -0.00011187822943319944
leaf_weight=63 1539 100 80 522
leaf_count=63 1539 100 80 522
internal_value=7.16496e-08 -1.72662e-05 5.22824e-05 -0.000197881
internal_weight=2304 2241 1619 622
internal_count=2304 2241 1619 622
is_linear=0
shrinkage=0.04


Tree=42
num_leaves=7
num_cat=0
split_feature=118 24 40 86 35 11
split_gain=0.0149203 0.0287595 0.030263 0.0170743 0.013329 0.00871817
threshold=-0.032424024082059209 -0.59367887440941336 1.883539390507563 -0.89570336790222183 1.2965376524737871 -0.44199480978907468
decision_type=2 2 2 2 2 2
left_child=3 5 -3 -1 -5 -2
right_child=1 2 -4 4 -6 -7
leaf_value=-0.00063916188020734707 -8.78514728289755e-05 -0.00015041449051892352 -0.0011825488412190073 0.00018027944024771766 -0.00036690769570255229 0.00039725293532719304
leaf_weight=45 83 883 46 972 75 200
leaf_count=45 83 883 46 972 75 200
internal_value=8.59597e-08 -9.64592e-05 -0.000203952 0.000107221 0.000140458 0.00025536
internal_weight=2304 1212 929 1092 1047 283
internal_count=2304 1212 929 1092 1047 283
is_linear=0
shrinkage=0.04


Tree=43
num_leaves=5
num_cat=0
split_feature=69 91 28 64
split_gain=0.0145021 0.0219082 0.0170675 0.00628685
threshold=-1.5398147528659409 1.06150623444742 1.2686889031777759 -0.22845755632572781
decision_type=2 2 2 2
left_child=3 2 -2 -1
right_child=1 -3 -4 -5
leaf_value=4.580684272306306e-05 2.542392396899807e-05 -0.00085012882398441435 -0.00044740531285508321 0.00067686305101960899
leaf_weight=40 2020 48 128 68
leaf_count=40 2020 48 128 68
internal_value=1.83623e-08 -2.24122e-05 -3.1421e-06 0.000448221
internal_weight=2304 2196 2148 108
internal_count=2304 2196 2148 108
is_linear=0
shrinkage=0.04


Tree=44
num_leaves=6
num_cat=0
split_feature=82 115 58 76 81
split_gain=0.0143043 0.0157165 0.0193374 0.00760779 0.00718645
threshold=-0.64711440126431952 -0.81402133775488583 1.1430961970417639 -0.0023336643475967093 1.1997475713353924
decision_type=2 2 2 2 2
left_child=3 4 -3 -1 -2
right_child=1 2 -4 -5 -6
leaf_value=-0.00083819754065034236 0.00039989570297620957 8.4517642512720773e-06 -0.00061556207741251645 -0.00013606928195388589 -0.00016387063734741374
leaf_weight=45 222 1860 81 54 42
leaf_count=45 222 1860 81 54 42
internal_value=-1.43199e-09 2.13013e-05 -1.81958e-05 -0.000465497 0.000309648
internal_weight=2304 2205 1941 99 264
internal_count=2304 2205 1941 99 264
is_linear=0
shrinkage=0.04


Tree=45
num_leaves=6
num_cat=0
split_feature=36 40 42 79 116
split_gain=0.0138465 0.0165804 0.0349569 0.0189224 0.00614936
threshold=-1.2293761481978638 1.883539390507563 -0.42626970468152298 -0.89492089505956518 0.78873860512617855
decision_type=2 2 2 2 2
left_child=4 3 -3 -2 -1
right_child=1 2 -4 -5 -6
leaf_value=0.0001656529155706378 0.00030609040731210789 0.00027889202725851818 -0.0013347074242774399 -4.573303470072514e-05 0.00080020813453618596
leaf_weight=55 280 40 43 1842 44
leaf_count=55 280 40 43 1842 44
internal_value=-4.80484e-08 -2.10071e-05 -0.000568804 9.34924e-07 0.000457939
internal_weight=2304 2205 83 2122 99
internal_count=2304 2205 83 2122 99
is_linear=0
shrinkage=0.04


Tree=46
num_leaves=7
num_cat=0
split_feature=118 33 92 116 11 47
split_gain=0.0133802 0.0275118 0.017916 0.0172133 0.0120438 0.0118939
threshold=-0.032424024082059209 -0.42311387523540195 1.4100263213057302 -0.68144029929626904 -0.39456556720141461 -0.32511616233332702
decision_type=2 2 2 2 2 2
left_child=3 4 -3 -1 -2 -5
right_child=1 2 -4 5 -6 -7
leaf_value=-0.00064795143644701928 -0.0001434488062485129 -0.00027972067371188637 0.00035808736215142581 0.00035858783156170404 0.00033907396247707098 5.3569551009079802e-05
leaf_weight=45 119 754 76 277 263 770
leaf_count=45 119 754 76 277 263 770
internal_value=-4.02167e-08 -9.14668e-05 -0.000220599 0.000101415 0.000188795 0.000134797
internal_weight=2304 1212 830 1092 382 1047
internal_count=2304 1212 830 1092 382 1047
is_linear=0
shrinkage=0.04


Tree=47
num_leaves=8
num_cat=0
split_feature=87 86 116 68 29 60 48
split_gain=0.0135908 0.0275093 0.0207574 0.0200386 0.0166495 0.0114909 0.00926027
threshold=-0.50671747370188402 0.98095108747198145 -0.3365176929187696 0.82619839481351975 0.48112303603492512 0.51885071524505644 0.1104121785613239
decision_type=2 2 2 2 2 2 2
left_child=2 3 6 -2 -3 -4 -1
right_child=1 4 5 -5 -6 -7 -8
leaf_value=-0.00030851630216819189 4.1518124363134501e-05 0.00063200507160334699 9.1513510562881743e-05 -0.00037447962096349481 -2.711024876325316e-05 -0.00035593645313797007 -0.0011751909381818287
leaf_weight=40 1338 185 255 213 91 141 41
leaf_count=40 1338 185 255 213 91 141 41
internal_value=-3.7282e-08 4.96363e-05 -0.000189709 -1.60199e-05 0.000416056 -6.87938e-05 -0.000764951
internal_weight=2304 1827 477 1551 276 396 81
internal_count=2304 1827 477 1551 276 396 81
is_linear=0
shrinkage=0.04


Tree=48
num_leaves=6
num_cat=0
split_feature=60 28 74 4 63
split_gain=0.0134873 0.0169964 0.015972 0.0102084 0.00679596
threshold=-1.1417566078081769 1.4309668692511903 -0.50914188221179668 -0.1968823584093233 -0.20961361061842473
decision_type=2 2 2 2 2
left_child=4 2 -2 -3 -1
right_child=1 3 -4 -5 -6
leaf_value=7.8348048763083567e-05 0.00020588454087379533 -3.8305244940732207e-05 -5.4655364739483277e-05 -0.00080663401448606131 0.00077617826996944283
leaf_weight=40 489 47 1612 66 50
leaf_count=40 489 47 1612 66 50
internal_value=-8.70039e-08 -1.9789e-05 6.12247e-06 -0.000493288 0.000474477
internal_weight=2304 2214 2101 113 90
internal_count=2304 2214 2101 113 90
is_linear=0
shrinkage=0.04


Tree=49
num_leaves=6
num_cat=0
split_feature=82 115 21 14 76
split_gain=0.013288 0.0139357 0.0177443 0.00829813 0.00674709
threshold=-0.64711440126431952 -0.59564674644394489 -0.069325398698893689 -0.19805191580345569 -0.0023336643475967093
decision_type=2 2 2 2 2
left_child=4 3 -3 -2 -1
right_child=1 2 -4 -5 -6
leaf_value=-0.00079980735270742417 0.0004254828918644133 9.9286145333943594e-05 -0.00015247885914502872 6.6873766097468485e-05 -0.00013805493447372491
leaf_weight=45 186 883 905 231 54
leaf_count=45 186 883 905 231 54
internal_value=-7.79433e-08 2.04541e-05 -2.81732e-05 0.000228096 -0.000448733
internal_weight=2304 2205 1788 417 99
internal_count=2304 2205 1788 417 99
is_linear=0
shrinkage=0.04


Tree=50
num_leaves=8
num_cat=0
split_feature=81 36 79 92 29 26 63
split_gain=0.0129551 0.0174264 0.0220151 0.0159167 0.0143822 0.0108953 0.00851095
threshold=0.30746148852418215 0.49904179746673644 -0.64632301134526382 0.29250465891833005 -0.30129898666018923 -0.42227940525050961 -0.23334226092726992
decision_type=2 2 2 2 2 2 2
left_child=1 2 -1 4 -2 -3 -5
right_child=3 5 -4 6 -6 -7 -8
leaf_value=0.00027256302777636197 0.00024854324524134188 0.00012943286563537709 -0.00010658714545461451 4.3396554432216693e-05 -0.00018158475518765976 -0.00042050199986497504 0.0005232926810246378
leaf_weight=348 212 71 815 86 295 287 190
leaf_count=348 212 71 815 86 295 287 190
internal_value=-9.21263e-08 -6.81294e-05 7.13765e-06 0.000131909 -1.45858e-06 -0.000311324 0.000375148
internal_weight=2304 1521 1163 783 507 358 276
internal_count=2304 1521 1163 783 507 358 276
is_linear=0
shrinkage=0.04


Tree=51
num_leaves=8
num_cat=0
split_feature=81 36 74 28 108 7 47
split_gain=0.012301 0.0223074 0.026536 0.0161679 0.0161338 0.0108682 0.0107849
threshold=0.074526661522083579 0.49904179746673644 -0.59132034227985952 -0.36147676880115132 -0.035030119598348487 0.011834546325186207 -0.47733698477582759
decision_type=2 2 2 2 2 2 2
left_child=1 2 -1 4 -2 -3 -5
right_child=3 5 -4 6 -6 -7 -8
leaf_value=0.0004713371306298727 -0.00054577831861909076 -0.00059677119143695262 -8.6320543680296164e-05 0.00059122131681664189 9.1794416339979727e-05 -0.00012199311936115783 0.0001345046333520587
leaf_weight=164 107 166 767 92 151 145 712
leaf_count=164 107 166 767 92 151 145 712
internal_value=-7.07989e-08 -8.54735e-05 1.27133e-05 9.97799e-05 -0.00017479 -0.000377606 0.000188103
internal_weight=2304 1242 931 1062 258 311 804
internal_count=2304 1242 931 1062 258 311 804
is_linear=0
shrinkage=0.04


Tree=52
num_leaves=6
num_cat=0
split_feature=115 40 114 116 100
split_gain=0.0121879 0.0254599 0.0200169 0.0184077 0.0115991
threshold=0.45546672940155913 1.883539390507563 1.4206787827057121 -0.69491961916102507 0.73575127583373379
decision_type=2 2 2 2 2
left_child=3 2 -2 -1 -5
right_child=1 -3 -4 4 -6
leaf_value=-0.0006557479588913598 -0.00015195867275987941 -0.00099623551959386819 0.00060190113314468089 0.00011150040972203877 -0.00030893889944011394
leaf_weight=54 534 50 61 1494 111
leaf_count=54 534 50 61 1494 111
internal_value=-7.01182e-08 -0.000147348 -7.29147e-05 5.72984e-05 8.2075e-05
internal_weight=2304 645 595 1659 1605
internal_count=2304 645 595 1659 1605
is_linear=0
shrinkage=0.04


Tree=53
num_leaves=8
num_cat=0
split_feature=87 86 68 60 29 46 75
split_gain=0.0123641 0.0227053 0.0203995 0.0193305 0.0146261 0.0117607 0.0106537
threshold=-0.48999550560341593 0.98095108747198145 0.82619839481351975 0.68950593221906131 0.48112303603492512 -0.19612749463599929 0.68998299773526861
decision_type=2 2 2 2 2 2 2
left_child=3 2 -2 6 -3 -5 -1
right_child=1 4 -4 5 -6 -7 -8
leaf_value=6.0471522972800791e-05 4.6652633473096481e-05 0.00058827267369412331 -0.00037588434292493334 -0.0001143215163523015 -3.1027427895785739e-05 -0.00089665256875741753 -0.00055224988319612343
leaf_weight=315 1326 182 210 51 91 78 51
leaf_count=315 1326 182 210 51 91 78 51
internal_value=-1.15863e-07 4.83842e-05 -1.15298e-05 -0.000176843 0.000383115 -0.000593826 -2.7445e-05
internal_weight=2304 1809 1536 495 273 129 366
internal_count=2304 1809 1536 495 273 129 366
is_linear=0
shrinkage=0.04


Tree=54
num_leaves=5
num_cat=0
split_feature=60 74 84 110
split_gain=0.0119653 0.0140019 0.0188833 0.0178441
threshold=-1.2806157674677865 -0.19985505651065577 0.85657196141684555 1.362923080579159
decision_type=2 2 2 2
left_child=-1 2 -2 -3
right_child=1 3 -4 -5
leaf_value=0.00050025800526192464 2.2960821188615504e-05 -0.00014446671890008979 0.00051422209529559232 0.00033218577717135692
leaf_weight=72 711 1233 150 138
leaf_count=72 711 1233 150 138
internal_value=-1.55452e-07 -1.67312e-05 0.00010954 -9.60746e-05
internal_weight=2304 2232 861 1371
internal_count=2304 2232 861 1371
is_linear=0
shrinkage=0.04


Tree=55
num_leaves=8
num_cat=0
split_feature=118 33 40 87 60 97 11
split_gain=0.0114655 0.0240963 0.0282608 0.0138978 0.0190237 0.0138393 0.0100017
threshold=-0.032424024082059209 -0.3710589892855865 1.8085260079081078 -0.48999550560341593 0.7109844149706287 -1.1748731875080296 -0.39456556720141461
decision_type=2 2 2 2 2 2 2
left_child=3 6 -3 4 -1 -5 -2
right_child=1 2 -4 5 -6 -7 -8
leaf_value=5.0394814927007615e-05 -0.00012727872006219925 -0.00015755558864563205 -0.0011911526748703586 -0.00031583687498641671 -0.00066376189101720231 0.00024020206618202298 0.00028421471989830804
leaf_weight=234 137 736 43 78 78 702 296
leaf_count=234 137 736 43 78 78 702 296
internal_value=-1.06731e-07 -8.47394e-05 -0.000217513 9.38094e-05 -0.000131235 0.000183933 0.000154033
internal_weight=2304 1212 779 1092 312 780 433
internal_count=2304 1212 779 1092 312 780 433
is_linear=0
shrinkage=0.04


Tree=56
num_leaves=6
num_cat=0
split_feature=36 28 91 92 116
split_gain=0.0113902 0.0130439 0.0153511 0.0122198 0.00511403
threshold=-1.2293761481978638 1.4309668692511903 1.1044699735476819 0.29569544146308385 0.78873860512617855
decision_type=2 2 2 2 2
left_child=4 2 -2 -3 -1
right_child=1 3 -4 -5 -6
leaf_value=0.00014877374353410123 1.807324341767099e-05 -0.00090667634569108484 -0.00075439597507024041 -4.4657214994317504e-05 0.00072731792445942438
leaf_weight=55 2061 48 40 56 44
leaf_count=55 2061 48 40 56 44
internal_value=-1.67709e-07 -1.91769e-05 2.66309e-06 -0.000452113 0.000415215
internal_weight=2304 2205 2101 104 99
internal_count=2304 2205 2101 104 99
is_linear=0
shrinkage=0.04


Tree=57
num_leaves=6
num_cat=0
split_feature=82 106 67 59 76
split_gain=0.0116134 0.0122192 0.019999 0.015421 0.00610272
threshold=-0.64711440126431952 0.90809259015101473 -0.6464857645006673 1.7611766833653075 -0.0023336643475967093
decision_type=2 2 2 2 2
left_child=4 3 -3 -2 -1
right_child=1 2 -4 -5 -6
leaf_value=-0.00075344862649217247 1.8158673773368059e-05 8.7281112987916949e-05 -0.000753026558468483 0.00046691730215910911 -0.00012445761619476667
leaf_weight=45 1896 99 81 129 54
leaf_count=45 1896 99 81 129 54
internal_value=-1.89156e-07 1.90057e-05 -0.000294977 4.71788e-05 -0.000419621
internal_weight=2304 2205 180 2025 99
internal_count=2304 2205 180 2025 99
is_linear=0
shrinkage=0.04


Tree=58
num_leaves=5
num_cat=0
split_feature=74 4 110 45
split_gain=0.0111868 0.0129351 0.0137214 0.0113765
threshold=-1.0222123817282291 0.3987154656439304 1.3495757961758186 -2.4199403956327852
decision_type=2 2 2 2
left_child=-1 2 -2 -3
right_child=1 3 -4 -5
leaf_value=0.00051709374583039716 1.7490158735765658e-05 0.0003702054398845097 0.00054855596146364584 -0.00022346249582137867
leaf_weight=63 1539 55 80 567
leaf_count=63 1539 55 80 567
internal_value=-2.18314e-07 -1.52093e-05 4.43763e-05 -0.000169949
internal_weight=2304 2241 1619 622
internal_count=2304 2241 1619 622
is_linear=0
shrinkage=0.04


Tree=59
num_leaves=6
num_cat=0
split_feature=80 110 59 59 28
split_gain=0.0110635 0.0127778 0.0250469 0.0138257 0.00632706
threshold=-0.91723730067896403 -0.027647258777184932 1.1785416760552803 1.7611766833653075 -0.43169444020424091
decision_type=2 2 2 2 2
left_child=4 2 -2 -3 -1
right_child=1 3 -4 -5 -6
leaf_value=0.00070049656059213543 -7.1222443174797902e-05 1.9291347262842677e-05 -0.00088273966254200781 0.00043908654288812117 8.9952754737921705e-05
leaf_weight=52 963 1029 63 141 56
leaf_count=52 963 1029 63 141 56
internal_value=-1.66915e-07 -1.97584e-05 -0.000122673 7.0545e-05 0.00039131
internal_weight=2304 2196 1026 1170 108
internal_count=2304 2196 1026 1170 108
is_linear=0
shrinkage=0.04


Tree=60
num_leaves=5
num_cat=0
split_feature=69 91 106 64
split_gain=0.010673 0.0168698 0.0153763 0.00562857
threshold=-1.5398147528659409 1.06150623444742 0.90809259015101473 -0.22845755632572781
decision_type=2 2 2 2
left_child=3 2 -2 -1
right_child=1 -3 -4 -5
leaf_value=5.5630903114520363e-06 2.7307089132439386e-05 -0.00074572087508277042 -0.00038626657875307332 0.00060065052784713253
leaf_weight=40 1995 48 153 68
leaf_count=40 1995 48 153 68
internal_value=-1.50009e-07 -1.93927e-05 -2.48328e-06 0.000384356
internal_weight=2304 2196 2148 108
internal_count=2304 2196 2148 108
is_linear=0
shrinkage=0.04


Tree=61
num_leaves=7
num_cat=0
split_feature=80 81 74 28 47 74
split_gain=0.0103576 0.0158786 0.0225785 0.0156246 0.00869539 0.00256683
threshold=-0.85989383849194001 -0.025926495649561471 -0.64398832308233611 -0.46071470121310049 -0.058702928124030551 -0.26678695456614299
decision_type=2 2 2 2 2 2
left_child=4 2 -2 -3 5 -1
right_child=1 3 -4 -5 -6 -7
leaf_value=0.00081813196130540403 0.00027345409503389174 -0.00022902397788803448 -0.00022575047006237245 0.00014767662956637461 -6.1809551574035798e-05 0.00034610702481586487
leaf_weight=40 174 214 825 956 53 42
leaf_count=40 174 214 825 956 53 42
internal_value=-1.61301e-07 -2.14476e-05 -0.000138429 7.85026e-05 0.000337159 0.00059036
internal_weight=2304 2169 999 1170 135 82
internal_count=2304 2169 999 1170 135 82
is_linear=0
shrinkage=0.04


Tree=62
num_leaves=8
num_cat=0
split_feature=87 86 60 69 29 93 14
split_gain=0.0102157 0.0196347 0.0162507 0.0146531 0.0136829 0.0101875 0.00977454
threshold=-0.50671747370188402 0.98095108747198145 0.68950593221906131 -0.12971423717324365 0.48112303603492512 0.11220599569688687 0.91576466307268889
decision_type=2 2 2 2 2 2 2
left_child=2 3 5 -2 -3 -1 -4
right_child=1 4 6 -5 -6 -7 -8
leaf_value=5.7135223086483159e-05 -0.00014542387374097814 0.00054829529510175355 -0.00080380778640704064 0.00010092730146052408 -4.8738442003346419e-05 -0.00057472990156384187 -4.7942578364813394e-05
leaf_weight=309 714 185 82 837 91 45 41
leaf_count=309 714 185 82 837 91 45 41
internal_value=-1.1777e-07 4.29486e-05 -0.000164561 -1.25212e-05 0.000352513 -2.59642e-05 -0.000556651
internal_weight=2304 1827 477 1551 276 354 123
internal_count=2304 1827 477 1551 276 354 123
is_linear=0
shrinkage=0.04


Tree=63
num_leaves=6
num_cat=0
split_feature=82 115 58 80 76
split_gain=0.0102549 0.0106579 0.0197249 0.00651689 0.00547158
threshold=-0.64711440126431952 -0.59564674644394489 1.1430961970417639 3.0069689216055848 -0.0023336643475967093
decision_type=2 2 2 2 2
left_child=4 3 -3 -2 -1
right_child=1 2 -4 -5 -6
leaf_value=-0.00071035240885821435 0.00014053896391594435 1.1407155073956823e-06 -0.00070866905740247328 0.00062884535742923622 -0.00011492939893287257
leaf_weight=45 369 1725 63 48 54
leaf_count=45 369 1725 63 48 54
internal_value=-1.44778e-07 1.78925e-05 -2.46332e-05 0.00019948 -0.000394283
internal_weight=2304 2205 1788 417 99
internal_count=2304 2205 1788 417 99
is_linear=0
shrinkage=0.04


Tree=64
num_leaves=8
num_cat=0
split_feature=29 73 111 80 117 42 13
split_gain=0.00994915 0.0122285 0.0209113 0.0150044 0.00861493 0.00929308 0.00782087
threshold=0.72407861864849055 -0.16344697146228407 -0.71285599902237395 2.9396902901569768 -0.48480501771639806 0.78358181099592372 0.46321550565337938
decision_type=2 2 2 2 2 2 2
left_child=1 2 -1 -3 6 -6 -2
right_child=4 3 -4 -5 5 -7 -8
leaf_value=0.00090325670456717995 -0.00014053365337096457 -7.4683453356742693e-05 0.00010364505467325574 0.00051644094207715593 -0.00048175138757632015 0.00010651891264293728 0.00051845017604396808
leaf_weight=55 90 1168 650 71 174 56 40
leaf_count=55 90 1168 650 71 174 56 40
internal_value=-1.65473e-07 3.5654e-05 0.000168405 -4.00318e-05 -0.000192719 -0.000338837 6.70137e-05
internal_weight=2304 1944 705 1239 360 230 130
internal_count=2304 1944 705 1239 360 230 130
is_linear=0
shrinkage=0.04


Tree=65
num_leaves=6
num_cat=0
split_feature=36 28 79 57 11
split_gain=0.00967524 0.0113517 0.0135324 0.0128138 0.0039663
threshold=-1.256217680388102 1.4309668692511903 -0.89492089505956518 0.23594452392732765 -0.48528975891962817
decision_type=2 2 2 2 2
left_child=4 2 -2 -3 -1
right_child=1 3 -4 -5 -6
leaf_value=0.00013266822575436286 0.00026339400947349742 5.7768934818271261e-05 -3.5654766486318942e-05 -0.00080709967839842037 0.00066523173616429702
leaf_weight=46 277 50 1829 58 44
leaf_count=46 277 50 1829 58 44
internal_value=-1.08504e-07 -1.67956e-05 3.89139e-06 -0.000412927 0.000401834
internal_weight=2304 2214 2106 108 90
internal_count=2304 2214 2106 108 90
is_linear=0
shrinkage=0.04


Tree=66
num_leaves=6
num_cat=0
split_feature=37 13 80 48 7
split_gain=0.00952271 0.0166919 0.0148578 0.0125401 0.00700501
threshold=-0.84079223290864558 -0.81732289362786104 -0.1591697184801161 0.074880798586637196 -0.88348078507777905
decision_type=2 2 2 2 2
left_child=2 -2 4 -3 -1
right_child=1 3 -4 -5 -6
leaf_value=-9.1851314162256104e-05 -0.00065602892480621285 8.1360259939459911e-05 -0.00031525007166111703 -0.00012193491460294193 0.00048437478579186157
leaf_weight=41 64 1087 63 874 175
leaf_count=41 64 1087 63 874 175
internal_value=-9.45773e-08 -3.03461e-05 0.000218126 -9.27848e-06 0.000375159
internal_weight=2304 2025 279 1961 216
internal_count=2304 2025 279 1961 216
is_linear=0
shrinkage=0.04


Tree=67
num_leaves=7
num_cat=0
split_feature=81 74 33 37 75 47
split_gain=0.00939854 0.0181087 0.0210374 0.0190951 0.0101927 0.00877676
threshold=-0.11434941480286454 -0.626374014909168 0.47382448122333454 -0.84079223290864558 -0.81114357628733325 -0.88736707217046906
decision_type=2 2 2 2 2 2
left_child=1 2 -1 -3 -2 -6
right_child=4 3 -4 -5 5 -7
leaf_value=0.00062683804614582621 0.00050944023672491311 0.0002726773010302008 -0.00020106000314828835 -0.00025377568549133273 -0.00040920868995957649 6.8737346601945471e-05
leaf_weight=107 78 129 88 702 63 1137
leaf_count=107 78 129 88 702 63 1137
internal_value=-1.1228e-07 -9.01823e-05 0.000254974 -0.000171593 7.22254e-05 4.30061e-05
internal_weight=2304 1026 195 831 1278 1200
internal_count=2304 1026 195 831 1278 1200
is_linear=0
shrinkage=0.04


Tree=68
num_leaves=6
num_cat=0
split_feature=45 91 26 63 2
split_gain=0.00930405 0.0134754 0.0136749 0.0112883 0.00548685
threshold=-1.8083209227459163 1.1635122067235435 1.1234519896643391 -0.1584660649873765 0.18126414122333201
decision_type=2 2 2 2 2
left_child=3 2 -2 -1 -5
right_child=1 -3 -4 4 -6
leaf_value=-0.00010439690971699886 9.515666503240407e-06 -0.00068677906139479701 -0.00058442640305656824 0.00075779446485367693 0.00018570326302433385
leaf_weight=77 2007 46 62 64 48
leaf_count=77 2007 46 62 64 48
internal_value=-8.64999e-08 -2.42096e-05 -8.8297e-06 0.000267289 0.000520172
internal_weight=2304 2115 2069 189 112
internal_count=2304 2115 2069 189 112
is_linear=0
shrinkage=0.04


Tree=69
num_leaves=8
num_cat=0
split_feature=87 86 118 60 6 8 63
split_gain=0.00930284 0.0175703 0.0146615 0.0145612 0.0128102 0.00973479 0.00849708
threshold=-0.50671747370188402 1.0083594840350363 -0.046922462280288076 0.50498329725693891 -0.075486211639227307 0.22211583290005474 -0.17436367362565847
decision_type=2 2 2 2 2 2 2
left_child=3 2 -2 6 -3 -5 -1
right_child=1 4 -4 5 -6 -7 -8
leaf_value=-0.00025911396926325136 0.00012604995463585746 0.00072196019031411126 -0.0001206118235427469 -0.00018871839642368009 0.00013963066403268565 -0.00079646994151639898 0.00017491839907171099
leaf_weight=114 693 90 864 102 180 72 189
leaf_count=114 693 90 864 102 180 72 189
internal_value=-9.77005e-08 4.09995e-05 -1.08051e-05 -0.000157021 0.000337622 -0.000446395 1.09908e-05
internal_weight=2304 1827 1557 477 270 174 303
internal_count=2304 1827 1557 477 270 174 303
is_linear=0
shrinkage=0.04


Tree=70
num_leaves=5
num_cat=0
split_feature=60 74 84 110
split_gain=0.00912248 0.0108345 0.0156117 0.0135644
threshold=-1.2806157674677865 -0.19985505651065577 0.85657196141684555 1.3780862325413572
decision_type=2 2 2 2
left_child=-1 2 -2 -3
right_child=1 3 -4 -5
leaf_value=0.00043684180401190115 1.778717902942912e-05 -0.00012554334886154457 0.00046445878659142183 0.00029821293682601467
leaf_weight=72 711 1239 150 132
leaf_count=72 711 1239 150 132
internal_value=-1.00813e-07 -1.45742e-05 9.65006e-05 -8.43691e-05
internal_weight=2304 2232 861 1371
internal_count=2304 2232 861 1371
is_linear=0
shrinkage=0.04


Tree=71
num_leaves=8
num_cat=0
split_feature=2 64 87 118 115 86 59
split_gain=0.00895101 0.0122882 0.0122824 0.0164394 0.0112421 0.0104503 0.0093392
threshold=0.066590228695433309 0.62806442131096085 1.1916339128308411 0.59604784538860101 0.13164584479105038 0.87149628759624498 -0.56688660022371529
decision_type=2 2 2 2 2 2 2
left_child=2 4 3 -1 -2 -4 -3
right_child=1 6 5 -5 -6 -7 -8
leaf_value=0.00011047170052785542 -3.4193361589132113e-05 0.00066595351135429858 0.0001593295499208805 -0.00025488268714532469 -0.00032801662272791544 0.00081793390649027517 3.3179891668421786e-05
leaf_weight=812 542 50 115 258 337 57 133
leaf_count=812 542 50 115 258 337 57 133
internal_value=-5.89039e-08 -8.52349e-05 7.27927e-05 2.20657e-05 -0.000147331 0.000384481 0.000211399
internal_weight=2304 1062 1242 1070 879 172 183
internal_count=2304 1062 1242 1070 879 172 183
is_linear=0
shrinkage=0.04


Tree=72
num_leaves=5
num_cat=0
split_feature=82 36 38 38
split_gain=0.0089928 0.00945618 0.0130507 0.0119113
threshold=-0.70393430000607782 1.072172346530184 0.19073608028407527 2.7694678991046522
decision_type=2 2 2 2
left_child=-1 3 -3 -2
right_child=1 2 -4 -5
leaf_value=-0.00051503698631488487 4.8026794147747119e-05 -0.00066373412932367321 6.8904876096007403e-05 -0.0006246647199745788
leaf_weight=51 2059 74 79 41
leaf_count=51 2059 74 79 41
internal_value=-1.59668e-08 1.20888e-05 -0.000289435 3.43114e-05
internal_weight=2304 2253 153 2100
internal_count=2304 2253 153 2100
is_linear=0
shrinkage=0.04


Tree=73
num_leaves=5
num_cat=0
split_feature=74 15 38 118
split_gain=0.0085588 0.0100945 0.0116968 0.0099248
threshold=-1.1075704435725873 -0.040847187780122772 2.0237376624783567 0.49928420214767916
decision_type=2 2 2 2
left_child=-1 3 -3 -2
right_child=1 2 -4 -5
leaf_value=0.00053418292589683806 0.00015904074704794252 -0.00012367136345368363 0.0004456846449585235 -9.5528459202344238e-05
leaf_weight=45 741 1095 59 364
leaf_count=45 741 1095 59 364
internal_value=-7.3836e-08 -1.11795e-05 -9.38415e-05 7.51616e-05
internal_weight=2304 2259 1154 1105
internal_count=2304 2259 1154 1105
is_linear=0
shrinkage=0.04


Tree=74
num_leaves=6
num_cat=0
split_feature=36 115 40 116 108
split_gain=0.00844384 0.0106853 0.0277911 0.0148716 0.00524639
threshold=-1.1114617082143636 0.45546672940155913 1.7159355071200781 -0.71292104331482242 -0.27502957756025964
decision_type=2 2 2 2 2
left_child=4 3 -3 -2 -1
right_child=1 2 -4 -5 -6
leaf_value=4.9529765567541876e-05 -0.00067501037472697068 -8.9516616302864403e-05 -0.0011581693548110448 5.498660149414623e-05 0.00051639556219481913
leaf_weight=77 44 541 40 1526 76
leaf_count=77 44 541 40 1526 76
internal_value=-3.89767e-08 -2.05674e-05 -0.000166811 3.36953e-05 0.000285108
internal_weight=2304 2151 581 1570 153
internal_count=2304 2151 581 1570 153
is_linear=0
shrinkage=0.04


Tree=75
num_leaves=6
num_cat=0
split_feature=45 91 26 74 63
split_gain=0.00842601 0.0122516 0.0123073 0.0121623 0.00584589
threshold=-1.8083209227459163 1.1635122067235435 1.1234519896643391 0.45393626548681759 -0.1584660649873765
decision_type=2 2 2 2 2
left_child=3 2 -2 4 -1
right_child=1 -3 -4 -5 -6
leaf_value=-0.00024587334168794017 9.0294442023743898e-06 -0.00065480557641421915 -0.00055442905866357254 0.00072036473664500913 0.00028353970442098419
leaf_weight=61 2007 46 62 59 69
leaf_count=61 2007 46 62 59 69
internal_value=-8.25787e-08 -2.30392e-05 -8.37436e-06 0.000254364 3.51614e-05
internal_weight=2304 2115 2069 189 130
internal_count=2304 2115 2069 189 130
is_linear=0
shrinkage=0.04


Tree=76
num_leaves=8
num_cat=0
split_feature=106 73 59 37 47 2 45
split_gain=0.00843505 0.0158524 0.0127111 0.0119262 0.0107313 0.006089 0.00405889
threshold=0.90809259015101473 0.31158519196032602 1.7611766833653075 -0.92731767847980029 -0.47733698477582759 -0.40548664741934287 -0.09165734541107258
decision_type=2 2 2 2 2 2 2
left_child=2 6 3 -1 -4 -3 -2
right_child=1 5 4 -5 -6 -7 -8
leaf_value=0.00027576564674554864 -0.00035559101257517581 0.00040038869298082225 0.00076327763935268834 -3.7048499204164925e-05 3.795640046166173e-05 -0.00021582081625065594 -0.00094450779490681846
leaf_weight=217 40 47 64 1778 65 52 41
leaf_count=217 40 47 64 1778 65 52 41
internal_value=-9.46161e-08 -0.00026145 2.22793e-05 -2.781e-06 0.000403965 7.88586e-05 -0.000669261
internal_weight=2304 180 2124 1995 129 99 81
internal_count=2304 180 2124 1995 129 99 81
is_linear=0
shrinkage=0.04


Tree=77
num_leaves=6
num_cat=0
split_feature=82 61 74 116 76
split_gain=0.00828033 0.00909537 0.0133138 0.0132612 0.00470781
threshold=-0.64711440126431952 0.60839251847414244 -0.20720158822164153 -0.33999699600444971 -0.0023336643475967093
decision_type=2 2 2 2 2
left_child=4 2 -2 -3 -1
right_child=1 3 -4 -5 -6
leaf_value=-0.00064735008482920365 0.00019879504182587573 -0.00058334822813048957 -2.5617373844796329e-05 1.811083833003537e-05 -9.5619669895064625e-05
leaf_weight=45 615 93 1344 153 54
leaf_count=45 615 93 1344 153 54
internal_value=-9.34526e-08 1.61145e-05 4.49646e-05 -0.000212141 -0.000354259
internal_weight=2304 2205 1959 246 99
internal_count=2304 2205 1959 246 99
is_linear=0
shrinkage=0.04


Tree=78
num_leaves=8
num_cat=0
split_feature=87 116 86 68 6 47 5
split_gain=0.00814944 0.0152093 0.0141742 0.0129071 0.0111811 0.00787795 0.00574346
threshold=-0.50671747370188402 -0.3365176929187696 1.0083594840350363 0.82619839481351975 -0.075486211639227307 -0.47156906510045055 -0.016823197933698453
decision_type=2 2 2 2 2 2 2
left_child=1 6 3 -2 -4 -3 -1
right_child=2 5 4 -5 -6 -7 -8
leaf_value=-0.0002855471900101145 3.8526181754157247e-05 0.00035969120489719967 0.00066376999157870644 -0.00029140925922646236 0.00011992475178615947 -0.00012157188711727887 -0.00097117339859583557
leaf_weight=41 1338 63 90 219 180 333 40
leaf_count=41 1338 63 90 219 180 333 40
internal_value=-1.29091e-07 -0.000147003 3.83361e-05 -8.19523e-06 0.000304754 -4.35846e-05 -0.000639371
internal_weight=2304 477 1827 1557 270 396 81
internal_count=2304 477 1827 1557 270 396 81
is_linear=0
shrinkage=0.04


Tree=79
num_leaves=4
num_cat=0
split_feature=60 38 10
split_gain=0.00810652 0.0094289 0.0216384
threshold=-1.2806157674677865 2.7694678991046522 2.1131631848836459
decision_type=2 2 2
left_child=-1 2 -2
right_child=1 -3 -4
leaf_value=0.0004117528768885579 -2.1570808135881912e-05 -0.00060745386284820379 0.000820190013514366
leaf_weight=72 2144 40 48
leaf_count=72 2144 40 48
internal_value=-1.40851e-07 -1.37845e-05 -2.40723e-06
internal_weight=2304 2232 2192
internal_count=2304 2232 2192
is_linear=0
shrinkage=0.04


Tree=80
num_leaves=5
num_cat=0
split_feature=15 80 28 11
split_gain=0.00792011 0.00863408 0.0108056 0.00579577
threshold=1.175444725942677 -0.85989383849194001 -0.46071470121310049 0.10044412045938179
decision_type=2 2 2 2
left_child=1 3 -3 -1
right_child=-2 2 -4 -5
leaf_value=0.00013111342860642694 -0.00043539103597196611 -0.000185171198592197 3.8871345998440186e-05 0.0006966612732374213
leaf_weight=85 63 431 1682 43
leaf_count=85 63 431 1682 43
internal_value=-1.14299e-07 1.24997e-05 -6.95971e-06 0.000328897
internal_weight=2304 2241 2113 128
internal_count=2304 2241 2113 128
is_linear=0
shrinkage=0.04


Tree=81
num_leaves=5
num_cat=0
split_feature=26 28 104 81
split_gain=0.007851 0.0118832 0.0108117 0.0074501
threshold=-1.5392972547000505 1.2686889031777759 1.672259919880779 -0.81595230410048314
decision_type=2 2 2 2
left_child=-1 2 -2 -3
right_child=1 3 -4 -5
leaf_value=0.00054178737159374921 -7.2302936847835406e-06 -0.00080371898072454241 0.00041877860028762372 -0.00016235750031677986
leaf_weight=40 2035 42 98 89
leaf_count=40 2035 42 98 89
internal_value=-1.01191e-07 -1.01449e-05 1.27165e-05 -0.000376979
internal_weight=2304 2264 2133 131
internal_count=2304 2264 2133 131
is_linear=0
shrinkage=0.04


Tree=82
num_leaves=8
num_cat=0
split_feature=118 16 86 11 109 36 41
split_gain=0.0078506 0.0189349 0.0155348 0.0108436 0.0102418 0.0133646 0.00978224
threshold=-0.06789238496515683 -0.73632694988020397 -0.85409176745134296 -0.44199480978907468 0.32469447265765544 1.1677186547352953 -0.29559156215937749
decision_type=2 2 2 2 2 2 2
left_child=4 3 -3 -2 6 -6 -1
right_child=1 2 -4 -5 5 -7 -8
leaf_value=-6.5685269996387558e-05 -0.00010771837291054286 0.00060670935229376651 -0.00017036799542093488 0.00048011609318861014 1.4293693012460562e-05 -0.00069519254507774365 0.00030151437210667724
leaf_weight=162 77 41 997 139 441 45 402
leaf_count=162 77 41 997 139 441 45 402
internal_value=-9.75842e-08 -6.76135e-05 -0.000138566 0.000271498 8.05109e-05 -5.39794e-05 0.000196183
internal_weight=2304 1254 1038 216 1050 486 564
internal_count=2304 1254 1038 216 1050 486 564
is_linear=0
shrinkage=0.04


Tree=83
num_leaves=5
num_cat=0
split_feature=82 36 38 38
split_gain=0.00758864 0.00796152 0.0112055 0.0105994
threshold=-0.70393430000607782 1.072172346530184 0.19073608028407527 2.7694678991046522
decision_type=2 2 2 2
left_child=-1 3 -3 -2
right_child=1 2 -4 -5
leaf_value=-0.00047318800776441279 4.4368448841918283e-05 -0.00061246882688321513 6.6354891064686035e-05 -0.00059019679506850796
leaf_weight=51 2059 74 79 41
leaf_count=51 2059 74 79 41
internal_value=-8.1066e-08 1.10386e-05 -0.000265632 3.14295e-05
internal_weight=2304 2253 153 2100
internal_count=2304 2253 153 2100
is_linear=0
shrinkage=0.04


Tree=84
num_leaves=6
num_cat=0
split_feature=45 91 26 74 42
split_gain=0.00750128 0.0112334 0.0108858 0.0106394 0.00532347
threshold=-1.8083209227459163 1.1635122067235435 1.1234519896643391 0.45393626548681759 0.24410570835349532
decision_type=2 2 2 2 2
left_child=3 2 -2 4 -1
right_child=1 -3 -4 -5 -6
leaf_value=-0.00018257596516413251 8.6174404011107116e-06 -0.00062673906169948164 -0.00052130397040855319 0.00067579974006235475 0.00032744538604706659
leaf_weight=75 2007 46 62 59 55
leaf_count=75 2007 46 62 59 55
internal_value=-1.3212e-07 -2.17924e-05 -7.75037e-06 0.000239947 3.48942e-05
internal_weight=2304 2115 2069 189 130
internal_count=2304 2115 2069 189 130
is_linear=0
shrinkage=0.04


Tree=85
num_leaves=6
num_cat=0
split_feature=106 68 60 88 30
split_gain=0.00785331 0.0143144 0.00916804 0.00978774 0.00780909
threshold=0.90809259015101473 1.0974060429464394 -1.2806157674677865 0.41529294738511113 -0.44958303085433732
decision_type=2 2 2 2 2
left_child=2 4 -1 -4 -2
right_child=1 -3 3 -5 -6
leaf_value=0.00054094433250731597 0.00031909374077952372 -0.00080577022734291438 6.304344861062399e-05 -0.00012921128135196685 -0.00029787741368636489
leaf_weight=51 57 51 1482 591 72
leaf_count=51 57 51 1482 591 72
internal_value=-1.37894e-07 -0.00025232 2.14507e-05 8.16105e-06 -2.45527e-05
internal_weight=2304 180 2124 2073 129
internal_count=2304 180 2124 2073 129
is_linear=0
shrinkage=0.04


Tree=86
num_leaves=6
num_cat=0
split_feature=36 28 79 57 11
split_gain=0.00753714 0.00889497 0.0112902 0.010591 0.00301731
threshold=-1.256217680388102 1.4309668692511903 -0.89492089505956518 0.23594452392732765 -0.48528975891962817
decision_type=2 2 2 2 2
left_child=4 2 -2 -3 -1
right_child=1 3 -4 -5 -6
leaf_value=0.00011963519471464679 0.00024047206738553973 6.2047898928330357e-05 -3.2680886583123159e-05 -0.00072390716318235118 0.00058440000082001734
leaf_weight=46 277 50 1829 58 44
leaf_count=46 277 50 1829 58 44
internal_value=-1.43125e-07 -1.48714e-05 3.4407e-06 -0.000365527 0.000354618
internal_weight=2304 2214 2106 108 90
internal_count=2304 2214 2106 108 90
is_linear=0
shrinkage=0.04


Tree=87
num_leaves=8
num_cat=0
split_feature=87 116 74 28 34 86 48
split_gain=0.00746337 0.0134185 0.0130326 0.0211385 0.0118057 0.00726139 0.00707672
threshold=-0.50671747370188402 -0.3365176929187696 -0.50914188221179668 0.80691665000297985 -0.60995552741381609 -0.22488762844086144 0.1104121785613239
decision_type=2 2 2 2 2 2 2
left_child=1 6 3 -2 -4 -3 -1
right_child=2 5 4 -5 -6 -7 -8
leaf_value=-0.00020826370638263013 0.00040587629005965251 0.00019684578094860791 0.00017233489607423763 -0.00034106365776191428 -8.4698337126984811e-05 -0.00016429552516162123 -0.00096082529648366867
leaf_weight=40 288 132 387 75 1077 264 41
leaf_count=40 288 132 387 75 1077 264 41
internal_value=-1.28728e-07 -0.000140684 3.66818e-05 0.000250527 -1.66107e-05 -4.35308e-05 -0.000603163
internal_weight=2304 477 1827 363 1464 396 81
internal_count=2304 477 1827 363 1464 396 81
is_linear=0
shrinkage=0.04


Tree=88
num_leaves=8
num_cat=0
split_feature=81 74 33 37 28 104 26
split_gain=0.00744 0.0133722 0.0170137 0.0160013 0.0112216 0.0146836 0.00971156
threshold=-0.11434941480286454 -0.626374014909168 0.47382448122333454 -0.84079223290864558 -0.36147676880115132 0.0061806364442365796 0.93118645712415771
decision_type=2 2 2 2 2 2 2
left_child=1 2 -1 -3 5 -2 -6
right_child=4 3 -4 -5 6 -7 -8
leaf_value=0.00055079519656303113 -0.00041384422436097356 0.00025639068573457367 -0.00019357619787721585 -0.00022549083329357182 0.00017038332785069562 0.00011982739207586599 -0.0003072560136285107
leaf_weight=107 157 129 88 702 879 170 72
leaf_count=107 157 129 88 702 879 170 72
internal_value=-1.5772e-07 -8.02953e-05 0.000216319 -0.00015025 6.4203e-05 -0.000137358 0.000133652
internal_weight=2304 1026 195 831 1278 327 951
internal_count=2304 1026 195 831 1278 327 951
is_linear=0
shrinkage=0.04


Tree=89
num_leaves=5
num_cat=0
split_feature=110 118 34 109
split_gain=0.00731719 0.00806826 0.0186447 0.0109452
threshold=1.630698664266937 -0.06789238496515683 -0.60995552741381609 0.32469447265765544
decision_type=2 2 2 2
left_child=1 3 -3 -1
right_child=-2 2 -4 -5
leaf_value=0.00018656917225045824 0.00037570793233680886 0.00018883958590643789 -0.00017547054931606556 -7.4652516965564232e-05
leaf_weight=564 78 298 896 468
leaf_count=564 78 298 896 468
internal_value=-1.52894e-07 -1.36487e-05 -8.43818e-05 6.81929e-05
internal_weight=2304 2226 1194 1032
internal_count=2304 2226 1194 1032
is_linear=0
shrinkage=0.04


Tree=90
num_leaves=6
num_cat=0
split_feature=45 91 74 26 42
split_gain=0.00708371 0.0104831 0.00986275 0.0092908 0.0049903
threshold=-1.8083209227459163 1.1635122067235435 0.45393626548681759 1.1234519896643391 0.24410570835349532
decision_type=2 2 2 2 2
left_child=2 3 4 -2 -1
right_child=1 -3 -4 -5 -6
leaf_value=-0.00017487645044910735 7.5085694636168707e-06 -0.00060557164635611116 0.00065281907366550546 -0.0004820536301849643 0.00031893488135098952
leaf_weight=75 2007 46 59 62 55
leaf_count=75 2007 46 59 62 55
internal_value=-1.29397e-07 -2.11782e-05 0.000233172 -7.61309e-06 3.57106e-05
internal_weight=2304 2115 189 2069 130
internal_count=2304 2115 189 2069 130
is_linear=0
shrinkage=0.04


Tree=91
num_leaves=7
num_cat=0
split_feature=106 68 59 98 47 60
split_gain=0.00721385 0.0130684 0.0108098 0.0105319 0.00889783 0.00692122
threshold=0.90809259015101473 1.0974060429464394 1.7611766833653075 0.74037297675417491 -0.47733698477582759 -0.025162897186685979
decision_type=2 2 2 2 2 2
left_child=2 5 3 -1 -4 -2
right_child=1 -3 4 -5 -6 -7
leaf_value=3.4350364647245845e-05 0.00020014577449147916 -0.00077064802668074959 0.00069973088317607163 -0.00023099197738715146 3.9114964250197163e-05 -0.00039562032790854576
leaf_weight=1719 81 51 64 276 65 48
leaf_count=1719 81 51 64 276 65 48
internal_value=-1.34048e-07 -0.000241831 2.0557e-05 -2.55323e-06 0.000372542 -2.41902e-05
internal_weight=2304 180 2124 1995 129 129
internal_count=2304 180 2124 1995 129 129
is_linear=0
shrinkage=0.04


Tree=92
num_leaves=7
num_cat=0
split_feature=2 109 88 64 115 14
split_gain=0.00706995 0.0104201 0.0120931 0.0100683 0.00896086 0.00895613
threshold=0.066590228695433309 -1.2159267518946646 0.43612786690317967 0.62806442131096085 0.13164584479105038 0.44142670629266728
decision_type=2 2 2 2 2 2
left_child=1 -1 -3 4 -2 -5
right_child=3 2 -4 5 -6 -7
leaf_value=0.00050919878762215379 -3.1041197133644718e-05 0.00011553789759156434 -0.00016952244829534699 -2.1624351344544883e-05 -0.00029336773647303804 0.00055353149300967552
leaf_weight=77 542 834 331 116 337 67
leaf_count=77 542 834 331 116 337 67
internal_value=-1.43392e-07 6.46024e-05 3.43948e-05 -7.58422e-05 -0.000132052 0.000192659
internal_weight=2304 1242 1165 1062 879 183
internal_count=2304 1242 1165 1062 879 183
is_linear=0
shrinkage=0.04


Tree=93
num_leaves=8
num_cat=0
split_feature=61 116 46 74 67 9 47
split_gain=0.00711649 0.0101956 0.0104136 0.00945628 0.0119528 0.0112524 0.00620295
threshold=0.60839251847414244 -0.33999699600444971 -0.044680072743066963 -0.49509875594499636 0.45041657957318121 -1.4172949203741247 0.84031377000165086
decision_type=2 2 2 2 2 2 2
left_child=3 2 -2 4 -1 -5 -3
right_child=1 6 -4 5 -6 -7 -8
leaf_value=0.00035623458932837492 -6.3371070828806199e-05 0.0001281096006389032 -0.00090789822395890955 0.00048184706815990853 -9.2151951960494258e-05 -4.0117185067680353e-05 -0.00042082502436559558
leaf_weight=264 43 129 50 67 147 1562 42
leaf_count=264 43 129 50 67 147 1562 42
internal_value=-1.14666e-07 -0.000194723 -0.000526973 2.5236e-05 0.000196193 -1.80845e-05 -1.00228e-05
internal_weight=2304 264 93 2040 411 1629 171
internal_count=2304 264 93 2040 411 1629 171
is_linear=0
shrinkage=0.04


Tree=94
num_leaves=8
num_cat=0
split_feature=87 60 74 28 80 16 75
split_gain=0.00703276 0.0128189 0.0121612 0.0166796 0.0110721 0.0106543 0.0076572
threshold=-0.48999550560341593 0.50498329725693891 -0.49509875594499636 0.80691665000297985 -0.13012707077179148 -0.73632694988020397 0.68998299773526861
decision_type=2 2 2 2 2 2 2
left_child=1 6 3 -2 -3 -4 -1
right_child=2 4 5 -5 -6 -7 -8
leaf_value=0.00010220514630258122 0.00038069921812185106 -0.0001566320626129866 0.00019896189550934777 -0.00028303328193210112 -0.00080520447876872769 -7.0384279513344554e-05 -0.00045072767373293321
leaf_weight=270 288 114 293 75 66 1153 45
leaf_count=270 288 114 293 75 66 1153 45
internal_value=-1.29444e-07 -0.000133416 3.6449e-05 0.000242765 -0.000400677 -1.56078e-05 2.08694e-05
internal_weight=2304 495 1809 363 180 1446 315
internal_count=2304 495 1809 363 180 1446 315
is_linear=0
shrinkage=0.04


Tree=95
num_leaves=6
num_cat=0
split_feature=82 46 40 80 10
split_gain=0.00674693 0.00758501 0.0145424 0.0085248 0.00428909
threshold=-0.64711440126431952 1.340078060849353 -1.004844198914 -0.42374672862403023 -0.22700446842981792
decision_type=2 2 2 2 2
left_child=4 2 -2 -3 -1
right_child=1 3 -4 -5 -6
leaf_value=-5.9297532480174921e-05 -0.00063714697763849663 -0.00022126861210663577 5.9293269866803661e-06 0.0003267003843588841 -0.00058325519375503065
leaf_weight=51 56 56 1879 214 48
leaf_count=51 56 56 1879 214 48
internal_value=-1.61876e-07 1.44686e-05 -1.33203e-05 0.000212256 -0.000319857
internal_weight=2304 2205 1935 270 99
internal_count=2304 2205 1935 270 99
is_linear=0
shrinkage=0.04


Tree=96
num_leaves=4
num_cat=0
split_feature=38 10 36
split_gain=0.00675968 0.0151372 0.0100654
threshold=2.7694678991046522 2.1131631848836459 1.1677186547352953
decision_type=2 2 2
left_child=1 2 -1
right_child=-2 -3 -4
leaf_value=1.3017788966788374e-05 -0.00047499113374369892 0.00065912133249055064 -0.00037454265124469473
leaf_weight=2094 45 54 111
leaf_count=2094 45 54 111
internal_value=-1.95933e-07 9.67393e-06 -6.81379e-06
internal_weight=2304 2259 2205
internal_count=2304 2259 2205
is_linear=0
shrinkage=0.04


Tree=97
num_leaves=8
num_cat=0
split_feature=81 36 79 28 80 24 14
split_gain=0.00658689 0.0138556 0.0137249 0.00964235 0.0132899 0.00889848 0.00756625
threshold=-0.11434941480286454 0.49904179746673644 -0.64632301134526382 -0.46071470121310049 -0.018088569155411977 0.19977729303811917 1.1317651533338804
decision_type=2 2 2 2 2 2 2
left_child=1 2 -1 4 -2 -5 -3
right_child=3 6 -4 5 -6 -7 -8
leaf_value=0.00020379256519742036 0.00010839397906238446 -0.00042833953104008985 -0.00013782161662666766 2.7695257219298285e-05 -0.00047377798848454128 0.00027383148302109246 0.00010580095596163086
leaf_weight=332 134 213 429 668 115 361 52
leaf_count=332 134 213 429 668 115 361 52
internal_value=-1.9425e-07 -7.55974e-05 1.13573e-05 6.03642e-05 -0.000162113 0.00011441 -0.00032352
internal_weight=2304 1026 761 1278 249 1029 265
internal_count=2304 1026 761 1278 249 1029 265
is_linear=0
shrinkage=0.04


Tree=98
num_leaves=7
num_cat=0
split_feature=4 80 110 76 59 58
split_gain=0.00665506 0.0102316 0.0101188 0.0100099 0.0106646 0.00741848
threshold=0.37308936161141498 -0.91723730067896403 1.3780862325413572 -0.78283944493811497 -0.56688660022371529 0.23603813691218067
decision_type=2 2 2 2 2 2
left_child=1 -1 -3 5 -5 -2
right_child=3 2 -4 4 -6 -7
leaf_value=0.0004886789350472744 -0.00012062304547395219 -9.580880503598027e-07 0.00048806902708184023 0.00045168920294306575 -0.00010126955420024129 -0.00087053786834737621
leaf_weight=77 42 1456 69 60 558 42
leaf_count=77 42 1456 69 60 558 42
internal_value=-1.97596e-07 4.48015e-05 2.17787e-05 -0.000102723 -4.63004e-05 -0.000507106
internal_weight=2304 1602 1525 702 618 84
internal_count=2304 1602 1525 702 618 84
is_linear=0
shrinkage=0.04


Tree=99
num_leaves=7
num_cat=0
split_feature=37 14 32 28 80 81
split_gain=0.00647644 0.0110615 0.013624 0.0103504 0.0192056 0.0105594
threshold=-0.92731767847980029 0.5533408236138716 0.38891117862405711 -0.46640062214533212 -0.018088569155411977 0.04431433821834229
decision_type=2 2 2 2 2 2
left_child=1 2 -1 4 -2 -5
right_child=3 -3 -4 5 -6 -7
leaf_value=0.00027628237774371411 3.7544954570009956e-05 0.00077228335725687276 -0.00048588133233491904 -7.8298040146979303e-05 -0.00054607277883600403 0.00012007936991903558
leaf_weight=133 208 42 50 874 157 840
leaf_count=133 208 42 50 874 157 840
internal_value=-1.78068e-07 0.000202699 6.50394e-05 -2.23082e-05 -0.000215098 1.89497e-05
internal_weight=2304 225 183 2079 365 1714
internal_count=2304 225 183 2079 365 1714
is_linear=0
shrinkage=0.04


Tree=100
num_leaves=7
num_cat=0
split_feature=106 73 38 38 30 45
split_gain=0.00648939 0.0113704 0.00768515 0.0209206 0.00510997 0.00372133
threshold=0.90809259015101473 0.31158519196032602 2.7694678991046522 2.0237376624783567 -0.42000607060759537 -0.09165734541107258
decision_type=2 2 2 2 2 2
left_child=2 5 3 -1 -3 -2
right_child=1 4 -4 -5 -6 -7
leaf_value=1.0118909717174409e-05 -0.00027931148629812972 0.00031100951086141562 -0.00049775368227468182 0.00081514904908132997 -0.00025595044055396854 -0.00083662495899642286
leaf_weight=2030 40 55 43 51 44 41
leaf_count=2030 40 55 43 51 44 41
internal_value=-1.67617e-07 -0.000229407 1.9457e-05 3.06119e-05 5.89487e-05 -0.000574771
internal_weight=2304 180 2124 2081 99 81
internal_count=2304 180 2124 2081 99 81
is_linear=0
shrinkage=0.04


Tree=101
num_leaves=8
num_cat=0
split_feature=29 73 111 79 117 7 39
split_gain=0.00651109 0.00759317 0.0141913 0.0100151 0.00676764 0.00783966 0.00580326
threshold=0.72407861864849055 -0.16344697146228407 -0.60634932327082824 -1.1858212451641086 -0.48480501771639806 -0.12278706948207722 0.44173226165709678
decision_type=2 2 2 2 2 2 2
left_child=1 2 -1 -3 6 -6 -2
right_child=4 3 -4 -5 5 -7 -8
leaf_value=0.00061506036715040552 -0.00011746757486517627 0.00056903744546891468 6.6479766029949703e-05 -5.229498176086054e-05 -0.00076058350824233559 -0.00016934960606305001 0.00043726145087376886
leaf_weight=84 86 41 621 1198 43 187 44
leaf_count=84 86 41 621 1198 43 187 44
internal_value=-1.86355e-07 2.87907e-05 0.000133398 -3.08504e-05 -0.000155957 -0.000285489 7.40673e-05
internal_weight=2304 1944 705 1239 360 230 130
internal_count=2304 1944 705 1239 360 230 130
is_linear=0
shrinkage=0.04


Tree=102
num_leaves=6
num_cat=0
split_feature=45 91 74 4 42
split_gain=0.00640463 0.00949922 0.00864172 0.00757703 0.00488875
threshold=-1.8083209227459163 1.1635122067235435 0.45393626548681759 0.39015955025413013 0.24410570835349532
decision_type=2 2 2 2 2
left_child=2 3 4 -2 -1
right_child=1 -3 -4 -5 -6
leaf_value=-0.00017166860120419364 4.1096779658150758e-05 -0.00057646715538188194 0.00061449787096639512 -0.00012820933334370312 0.00031709890498492758
leaf_weight=75 1479 46 59 590 55
leaf_count=75 1479 46 59 590 55
internal_value=-1.58496e-07 -2.01729e-05 0.000221678 -7.26007e-06 3.67891e-05
internal_weight=2304 2115 189 2069 130
internal_count=2304 2115 189 2069 130
is_linear=0
shrinkage=0.04


Tree=103
num_leaves=8
num_cat=0
split_feature=87 91 93 60 35 71 93
split_gain=0.00620729 0.0116046 0.0118853 0.0113507 0.0127527 0.0082324 0.00796119
threshold=-0.48999550560341593 -0.62941856114413974 -0.78586761823260798 0.68950593221906131 0.21706415515573516 -0.4724649117810073 0.11220599569688687
decision_type=2 2 2 2 2 2 2
left_child=3 2 -2 6 -5 -3 -1
right_child=1 5 -4 4 -6 -7 -8
leaf_value=6.2457997590740892e-05 8.161112834864992e-05 -0.00015679380601863857 0.00064659912622237639 -0.0010102495494661418 -0.00016488798873292077 4.9347910928297495e-05 -0.00048028447774704547
leaf_weight=318 171 426 90 41 88 1122 48
leaf_count=318 171 426 90 41 88 1122 48
internal_value=-1.48815e-07 3.4216e-05 0.00027987 -0.000125369 -0.00044489 -7.51013e-06 -1.09447e-05
internal_weight=2304 1809 261 495 129 1548 366
internal_count=2304 1809 261 495 129 1548 366
is_linear=0
shrinkage=0.04


Tree=104
num_leaves=6
num_cat=0
split_feature=46 40 64 80 72
split_gain=0.00608604 0.0125668 0.00991241 0.00956777 0.00657079
threshold=1.340078060849353 -1.004844198914 0.62806442131096085 -0.42374672862403023 0.3770994166551152
decision_type=2 2 2 2 2
left_child=1 -1 -3 -2 -5
right_child=3 2 -4 4 -6
leaf_value=-0.00060466452401356202 -0.00026243206136675168 -5.0255338662042311e-05 0.00017967653220634893 0.000158476946015071 0.00064756705470743676
leaf_weight=56 61 1602 367 158 60
leaf_count=56 61 1602 367 158 60
internal_value=-1.7659e-07 -2.43609e-05 -7.25973e-06 0.000174278 0.000297752
internal_weight=2304 2025 1969 279 218
internal_count=2304 2025 1969 279 218
is_linear=0
shrinkage=0.04


Tree=105
num_leaves=5
num_cat=0
split_feature=110 115 57 109
split_gain=0.00605076 0.00736478 0.0120843 0.00734321
threshold=1.630698664266937 0.98870628692874252 -0.88600410509670113 0.32469447265765544
decision_type=2 2 2 2
left_child=1 3 -3 -1
right_child=-2 2 -4 -5
leaf_value=6.6125786870653957e-05 0.00034162314820423495 0.00024929010905257848 -0.00045035624908483897 -9.2411427665652383e-05
leaf_weight=1314 78 54 135 723
leaf_count=1314 78 54 135 723
internal_value=-1.67154e-07 -1.24395e-05 -0.00024994 9.82013e-06
internal_weight=2304 2226 189 2037
internal_count=2304 2226 189 2037
is_linear=0
shrinkage=0.04


Tree=106
num_leaves=7
num_cat=0
split_feature=106 68 59 98 32 11
split_gain=0.00595403 0.0114155 0.0089006 0.00971261 0.00808557 0.00533364
threshold=0.90809259015101473 1.0974060429464394 1.7611766833653075 0.74037297675417491 0.091710670969455607 -0.26145679491061935
decision_type=2 2 2 2 2 2
left_child=2 5 3 -1 -4 -2
right_child=1 -3 4 -5 -6 -7
leaf_value=3.3109975144225009e-05 -0.00023893919778444493 -0.00071397388081575911 0.00078806609810102559 -0.00022170303459048923 0.000115505647742086 0.00027187902593266638
leaf_weight=1719 73 51 41 276 88 56
leaf_count=1719 73 51 41 276 88 56
internal_value=-1.56504e-07 -0.000219737 1.86412e-05 -2.32908e-06 0.000338033 -1.64233e-05
internal_weight=2304 180 2124 1995 129 129
internal_count=2304 180 2124 1995 129 129
is_linear=0
shrinkage=0.04


Tree=107
num_leaves=5
num_cat=0
split_feature=26 28 81 91
split_gain=0.00597126 0.00896024 0.0114758 0.00963051
threshold=-1.5392972547000505 1.1785554000167149 -0.9388237350709886 1.0783195929729092
decision_type=2 2 2 2
left_child=-1 3 -3 -2
right_child=1 2 -4 -5
leaf_value=0.00047243665804022123 2.6548040099364266e-05 -0.00086625141718070064 -9.2625589756715863e-05 -0.000519549481764014
leaf_weight=40 2057 40 116 51
leaf_count=40 2057 40 116 51
internal_value=-1.49067e-07 -8.90825e-06 -0.000299445 1.28561e-05
internal_weight=2304 2264 156 2108
internal_count=2304 2264 156 2108
is_linear=0
shrinkage=0.04


Tree=108
num_leaves=7
num_cat=0
split_feature=2 109 88 64 115 14
split_gain=0.00600928 0.00902607 0.0104956 0.00845064 0.00766461 0.00764983
threshold=0.066590228695433309 -1.2159267518946646 0.43612786690317967 0.62806442131096085 0.13164584479105038 0.44142670629266728
decision_type=2 2 2 2 2 2
left_child=1 -1 -3 4 -2 -5
right_child=3 2 -4 5 -6 -7
leaf_value=0.00047330324523315968 -2.8045954861146823e-05 0.00010699611401962416 -0.00015856852789735283 -2.1985004609401372e-05 -0.00027065478320489672 0.00050954294828799271
leaf_weight=77 542 834 331 116 337 67
leaf_count=77 542 834 331 116 337 67
internal_value=-1.77082e-07 5.95148e-05 3.14014e-05 -6.99669e-05 -0.000121463 0.000176023
internal_weight=2304 1242 1165 1062 879 183
internal_count=2304 1242 1165 1062 879 183
is_linear=0
shrinkage=0.04


Tree=109
num_leaves=5
num_cat=0
split_feature=35 47 118 80
split_gain=0.00597686 0.00654435 0.00802494 0.00585122
threshold=-1.3373543769254619 1.6066979358169522 -0.032424024082059209 0.090416412265294163
decision_type=2 2 2 2
left_child=3 2 -2 -1
right_child=1 -3 -4 -5
leaf_value=-1.0485819643474229e-05 8.1963844819991105e-05 -0.00038497309190099928 -7.2611404271737627e-05 0.00066498072729224262
leaf_weight=40 1013 71 1140 40
leaf_count=40 1013 71 1140 40
internal_value=-1.48816e-07 -1.25031e-05 1.25791e-07 0.000335229
internal_weight=2304 2224 2153 80
internal_count=2304 2224 2153 80
is_linear=0
shrinkage=0.04


Tree=110
num_leaves=6
num_cat=0
split_feature=45 91 74 26 42
split_gain=0.0060034 0.00801903 0.00779659 0.00764472 0.00456468
threshold=-1.8083209227459163 1.1635122067235435 0.45393626548681759 1.1234519896643391 0.24410570835349532
decision_type=2 2 2 2 2
left_child=2 3 4 -2 -1
right_child=1 -3 -4 -5 -6
leaf_value=-0.00016252748907072008 6.0721810245277717e-06 -0.00053062961926722584 0.00058776882026710968 -0.00043800932572594323 0.00030977879843895176
leaf_weight=75 2007 46 59 62 55
leaf_count=75 2007 46 59 62 55
internal_value=-1.33189e-07 -1.95105e-05 0.000214642 -7.64538e-06 3.89604e-05
internal_weight=2304 2115 189 2069 130
internal_count=2304 2115 189 2069 130
is_linear=0
shrinkage=0.04


Tree=111
num_leaves=6
num_cat=0
split_feature=61 13 86 74 13
split_gain=0.00592696 0.00892788 0.00829026 0.00945449 0.00792025
threshold=0.60839251847414244 -0.60979360734281063 -0.90556973795234519 -0.19985505651065577 -0.32837093928827915
decision_type=2 2 2 2 2
left_child=2 -2 -1 -4 -3
right_child=1 4 3 -5 -6
leaf_value=0.00056611430485645545 -0.00064242442936926448 0.0003866294510805105 0.00013303365939402057 -5.0910293112670812e-05 -0.00019151337799918282
leaf_weight=42 51 47 672 1326 166
leaf_count=42 51 47 672 1326 166
internal_value=-1.35756e-07 -0.000177736 2.29994e-05 1.10279e-05 -6.15321e-05
internal_weight=2304 264 2040 1998 213
internal_count=2304 264 2040 1998 213
is_linear=0
shrinkage=0.04


Tree=112
num_leaves=5
num_cat=0
split_feature=82 36 38 38
split_gain=0.00596173 0.00617021 0.0090297 0.0085401
threshold=-0.70393430000607782 1.072172346530184 0.19073608028407527 2.7694678991046522
decision_type=2 2 2 2
left_child=-1 3 -3 -2
right_child=1 2 -4 -5
leaf_value=-0.0004194604734701263 3.9298216842180749e-05 -0.00054519288422613351 6.4082733807470192e-05 -0.00053029575913083249
leaf_weight=51 2059 74 79 41
leaf_count=51 2059 74 79 41
internal_value=-1.23355e-07 9.73257e-06 -0.000233832 2.76836e-05
internal_weight=2304 2253 153 2100
internal_count=2304 2253 153 2100
is_linear=0
shrinkage=0.04


Tree=113
num_leaves=5
num_cat=0
split_feature=69 67 106 64
split_gain=0.00572528 0.0107118 0.0085902 0.00468286
threshold=-1.5398147528659409 -1.5130474305428954 0.90809259015101473 -0.22845755632572781
decision_type=2 2 2 2
left_child=3 -2 -3 -1
right_child=1 2 -4 -5
leaf_value=-6.0936345377870442e-05 -0.00057602204957906647 2.1684472740817986e-05 -0.00029025406043154745 0.00047884023857893359
leaf_weight=40 51 1995 150 68
leaf_count=40 51 1995 150 68
internal_value=-1.66697e-07 -1.42602e-05 -3.79471e-07 0.00028145
internal_weight=2304 2196 2145 108
internal_count=2304 2196 2145 108
is_linear=0
shrinkage=0.04


Tree=114
num_leaves=8
num_cat=0
split_feature=87 116 40 69 53 41 44
split_gain=0.0058301 0.0107675 0.00996956 0.0127819 0.00952654 0.00691761 0.00614009
threshold=-0.50671747370188402 -0.3365176929187696 -0.45688921842693764 -0.18198797039198569 0.91666666666666685 -0.58550139757012964 0.18070846698176199
decision_type=2 2 2 2 2 2 2
left_child=1 6 3 -2 -4 -3 -1
right_child=2 5 4 -5 -6 -7 -8
leaf_value=-0.00087155476713358146 -9.3897480142509775e-05 -0.00045386408675800671 1.836868597360555e-05 0.00041476039258968951 -0.00034642756529152394 2.9230076567425082e-05 -0.00017223440398949952
leaf_weight=41 124 53 1367 213 123 343 40
leaf_count=41 124 53 1367 213 123 343 40
internal_value=-1.74831e-07 -0.000124403 3.23596e-05 0.000228149 -1.21694e-05 -3.73823e-05 -0.000538683
internal_weight=2304 477 1827 337 1490 396 81
internal_count=2304 477 1827 337 1490 396 81
is_linear=0
shrinkage=0.04


Tree=115
num_leaves=8
num_cat=0
split_feature=29 60 40 74 117 7 13
split_gain=0.0057541 0.00717157 0.0139172 0.0097529 0.00586525 0.00686656 0.00578117
threshold=0.72407861864849055 0.8639427829346793 0.3020083990193958 -0.45908706948129113 -0.48480501771639806 -0.12278706948207722 0.46321550565337938
decision_type=2 2 2 2 2 2 2
left_child=1 3 -3 -1 6 -6 -2
right_child=4 2 -4 -5 5 -7 -8
leaf_value=0.00025602911495416149 -0.00011111002431868616 8.2229212613324273e-05 -0.0006298482853919268 8.3222380338451533e-06 -0.00071187259177936033 -0.0001585461762943182 0.00045553683538899006
leaf_weight=306 90 105 73 1460 43 187 40
leaf_count=306 90 105 73 1460 43 187 40
internal_value=-2.19031e-07 2.70216e-05 -0.000213556 5.14842e-05 -0.000146655 -0.000267239 6.75032e-05
internal_weight=2304 1944 178 1766 360 230 130
internal_count=2304 1944 178 1766 360 230 130
is_linear=0
shrinkage=0.04


Tree=116
num_leaves=6
num_cat=0
split_feature=46 40 80 40 3
split_gain=0.00571063 0.0116163 0.00890595 0.00802278 0.00611736
threshold=1.340078060849353 -1.004844198914 -0.42374672862403023 -0.45688921842693764 0.38797884210933403
decision_type=2 2 2 2 2
left_child=1 -1 -2 -3 -4
right_child=2 3 4 -5 -6
leaf_value=-0.00058159035990809507 -0.00025259559875213732 0.00016439624252358675 0.00045686179116966009 -4.5127320624464129e-05 2.4010830696748932e-05
leaf_weight=56 61 355 132 1614 86
leaf_count=56 61 355 132 1614 86
internal_value=-2.38344e-07 -2.36648e-05 0.000168751 -7.22288e-06 0.000287875
internal_weight=2304 2025 279 1969 218
internal_count=2304 2025 279 1969 218
is_linear=0
shrinkage=0.04


Tree=117
num_leaves=6
num_cat=0
split_feature=110 26 115 64 46
split_gain=0.00560676 0.0109569 0.00632031 0.0140446 0.00666648
threshold=1.5878658838924873 0.73668423193085963 0.98870628692874252 0.13524667894723044 -0.0066810224758677567
decision_type=2 2 2 2 2
left_child=2 -2 4 -4 -1
right_child=1 -3 3 -5 -6
leaf_value=7.9526538978446533e-05 0.00077045915545462533 -0.00011343659157925382 -0.00051053841987121142 0.0001947414499494092 -6.527638369377764e-05
leaf_weight=1025 41 46 113 73 1006
leaf_count=1025 41 46 113 73 1006
internal_value=-2.3693e-07 0.000311065 -1.27225e-05 -0.000234608 7.80874e-06
internal_weight=2304 87 2217 186 2031
internal_count=2304 87 2217 186 2031
is_linear=0
shrinkage=0.04


Tree=118
num_leaves=7
num_cat=0
split_feature=36 35 115 106 65 2
split_gain=0.00565252 0.00739636 0.00808024 0.00759487 0.00439592 0.00180486
threshold=-1.1114617082143636 -0.96083324873017195 0.45546672940155913 0.15860727745331954 -0.045485154904676826 -0.53796493188037087
decision_type=2 2 2 2 2 2
left_child=4 3 -3 -2 5 -1
right_child=1 2 -4 -5 -6 -7
leaf_value=0.00022112045335866834 -0.0005631996288157806 5.0027860346806249e-05 -0.00013041358840043638 5.6991584529565779e-05 -1.3866581481552737e-05 0.0005977765399600483
leaf_weight=44 75 1483 540 53 66 43
leaf_count=44 75 1483 540 53 66 43
internal_value=-2.15121e-07 -1.7011e-05 1.78134e-06 -0.000309476 0.000233087 0.000416534
internal_weight=2304 2151 2023 128 153 87
internal_count=2304 2151 2023 128 153 87
is_linear=0
shrinkage=0.04


Tree=119
num_leaves=7
num_cat=0
split_feature=45 37 39 14 74 25
split_gain=0.00559531 0.00730205 0.0110656 0.00893388 0.00714134 0.00447484
threshold=-1.8083209227459163 -0.92731767847980029 -0.77267229716007713 0.5533408236138716 0.45393626548681759 -0.33433172664135252
decision_type=2 2 2 2 2 2
left_child=4 3 -3 -2 5 -1
right_child=1 2 -4 -5 -6 -7
leaf_value=-0.00026610668444511842 6.9508178323347421e-05 -0.0004814940340243497 -2.2213488102530293e-05 0.00071246950141027232 0.0005642554871585282 0.00021394081341328703
leaf_weight=47 164 86 1823 42 59 83
leaf_count=47 164 86 1823 42 59 83
internal_value=-1.98937e-07 -1.8906e-05 -4.33862e-05 0.000206188 0.000207148 3.89829e-05
internal_weight=2304 2115 1909 206 189 130
internal_count=2304 2115 1909 206 189 130
is_linear=0
shrinkage=0.04


end of trees

feature_importances:
Column_74=33
Column_80=25
Column_106=24
Column_116=24
Column_28=23
Column_36=23
Column_81=22
Column_115=22
Column_82=18
Column_73=17
Column_86=17
Column_40=15
Column_60=15
Column_47=14
Column_59=14
Column_110=14
Column_24=12
Column_91=12
Column_26=11
Column_38=11
Column_64=11
Column_76=11
Column_87=11
Column_45=10
Column_118=10
Column_35=9
Column_4=8
Column_11=8
Column_14=8
Column_29=8
Column_67=8
Column_68=8
Column_69=8
Column_37=7
Column_42=7
Column_48=7
Column_58=7
Column_79=7
Column_109=7
Column_2=6
Column_46=6
Column_63=6
Column_108=6
Column_112=6
Column_10=5
Column_13=5
Column_117=5
Column_7=4
Column_33=4
Column_88=4
Column_92=4
Column_93=4
Column_9=3
Column_30=3
Column_31=3
Column_34=3
Column_39=3
Column_41=3
Column_57=3
Column_61=3
Column_62=3
Column_75=3
Column_84=3
Column_104=3
Column_111=3
Column_1=2
Column_3=2
Column_6=2
Column_12=2
Column_15=2
Column_16=2
Column_27=2
Column_32=2
Column_78=2
Column_97=2
Column_98=2
Column_114=2
Column_5=1
Column_8=1
Column_20=1
Column_21=1
Column_22=1
Column_23=1
Column_25=1
Column_44=1
Column_53=1
Column_65=1
Column_70=1
Column_71=1
Column_72=1
Column_94=1
Column_100=1

parameters:
[boosting: gbdt]
[objective: regression]
[metric: l2]
[tree_learner: serial]
[device_type: cpu]
[data_sample_strategy: bagging]
[data: ]
[valid: ]
[num_iterations: 120]
[learning_rate: 0.04]
[num_leaves: 15]
[num_threads: 2]
[seed: 42]
[deterministic: 1]
[force_col_wise: 1]
[force_row_wise: 0]
[histogram_pool_size: -1]
[max_depth: 3]
[min_data_in_leaf: 40]
[min_sum_hessian_in_leaf: 0.001]
[bagging_fraction: 0.85]
[pos_bagging_fraction: 1]
[neg_bagging_fraction: 1]
[bagging_freq: 0]
[bagging_seed: 400]
[bagging_by_query: 0]
[feature_fraction: 0.8]
[feature_fraction_bynode: 1]
[feature_fraction_seed: 30056]
[extra_trees: 0]
[extra_seed: 12879]
[early_stopping_round: 0]
[early_stopping_min_delta: 0]
[first_metric_only: 0]
[max_delta_step: 0]
[lambda_l1: 0]
[lambda_l2: 2]
[linear_lambda: 0]
[min_gain_to_split: 0]
[drop_rate: 0.1]
[max_drop: 50]
[skip_drop: 0.5]
[xgboost_dart_mode: 0]
[uniform_drop: 0]
[drop_seed: 17869]
[top_rate: 0.2]
[other_rate: 0.1]
[min_data_per_group: 100]
[max_cat_threshold: 32]
[cat_l2: 10]
[cat_smooth: 10]
[max_cat_to_onehot: 4]
[top_k: 20]
[monotone_constraints: ]
[monotone_constraints_method: basic]
[monotone_penalty: 0]
[feature_contri: ]
[forcedsplits_filename: ]
[refit_decay_rate: 0.9]
[cegb_tradeoff: 1]
[cegb_penalty_split: 0]
[cegb_penalty_feature_lazy: ]
[cegb_penalty_feature_coupled: ]
[path_smooth: 0]
[interaction_constraints: ]
[verbosity: -1]
[saved_feature_importance_type: 0]
[use_quantized_grad: 0]
[num_grad_quant_bins: 4]
[quant_train_renew_leaf: 0]
[stochastic_rounding: 1]
[linear_tree: 0]
[max_bin: 255]
[max_bin_by_feature: ]
[min_data_in_bin: 3]
[bin_construct_sample_cnt: 200000]
[data_random_seed: 175]
[is_enable_sparse: 1]
[enable_bundle: 1]
[use_missing: 1]
[zero_as_missing: 0]
[feature_pre_filter: 1]
[pre_partition: 0]
[two_round: 0]
[header: 0]
[label_column: ]
[weight_column: ]
[group_column: ]
[ignore_column: ]
[categorical_feature: ]
[forcedbins_filename: ]
[precise_float_parser: 0]
[parser_config_file: ]
[objective_seed: 16083]
[num_class: 1]
[is_unbalance: 0]
[scale_pos_weight: 1]
[sigmoid: 1]
[boost_from_average: 1]
[reg_sqrt: 0]
[alpha: 0.9]
[fair_c: 1]
[poisson_max_delta_step: 0.7]
[tweedie_variance_power: 1.5]
[lambdarank_truncation_level: 30]
[lambdarank_norm: 1]
[label_gain: ]
[lambdarank_position_bias_regularization: 0]
[eval_at: ]
[multi_error_top_k: 1]
[auc_mu_weights: ]
[num_machines: 1]
[local_listen_port: 12400]
[time_out: 120]
[machine_list_filename: ]
[machines: ]
[gpu_platform_id: -1]
[gpu_device_id: -1]
[gpu_device_id_list: ]
[gpu_use_dp: 0]
[num_gpu: 1]

end of parameters

pandas_categorical:null
