tree
version=v4
num_class=1
num_tree_per_iteration=1
label_index=0
max_feature_idx=118
objective=binary sigmoid:1
feature_names=Column_0 Column_1 Column_2 Column_3 Column_4 Column_5 Column_6 Column_7 Column_8 Column_9 Column_10 Column_11 Column_12 Column_13 Column_14 Column_15 Column_16 Column_17 Column_18 Column_19 Column_20 Column_21 Column_22 Column_23 Column_24 Column_25 Column_26 Column_27 Column_28 Column_29 Column_30 Column_31 Column_32 Column_33 Column_34 Column_35 Column_36 Column_37 Column_38 Column_39 Column_40 Column_41 Column_42 Column_43 Column_44 Column_45 Column_46 Column_47 Column_48 Column_49 Column_50 Column_51 Column_52 Column_53 Column_54 Column_55 Column_56 Column_57 Column_58 Column_59 Column_60 Column_61 Column_62 Column_63 Column_64 Column_65 Column_66 Column_67 Column_68 Column_69 Column_70 Column_71 Column_72 Column_73 Column_74 Column_75 Column_76 Column_77 Column_78 Column_79 Column_80 Column_81 Column_82 Column_83 Column_84 Column_85 Column_86 Column_87 Column_88 Column_89 Column_90 Column_91 Column_92 Column_93 Column_94 Column_95 Column_96 Column_97 Column_98 Column_99 Column_100 Column_101 Column_102 Column_103 Column_104 Column_105 Column_106 Column_107 Column_108 Column_109 Column_110 Column_111 Column_112 Column_113 Column_114 Column_115 Column_116 Column_117 Column_118
feature_infos=[-6.1606048776228217:6.6219814583080669] [-5.7067413616328917:5.5350567065524858] [-4.9180996974151672:4.2003706134940373] [-4.3937862931603391:3.871835743465204] [-3.6190394930874965:2.1480256744107136] [-2.5902615025086546:2.3771940539197742] [-4.2630756286870133:3.9993925483302752] [-1.3559997152147163:6.6073214334769803] [-1.6831475035520862:1.6466215059836915] [-3.5850805469764846:2.1967005172318714] [-1.4760506518107108:5.2011671391493968] [-2.4780622080933066:2.1648995696719133] [-2.5603889496258159:2.4641038661114165] [-1.4333546782265267:3.8912139231030243] [-2.8167078166364408:2.6193482896771441] [-1.581504386401029:1.625072627470874] [-1.7852776703800257:1.7947019087002705] [-0.95830388484865159:0.77249583021617374] [-1.0010762428662809:0.7796803817968414] [-0.95830388484865137:0.77249583021617374] [-2.2506158466940249:1.6672164477855249] [-4.0607863319443878:4.1646801156877142] [-3.2732544149618161:2.2875220056104686] [-2.3343744982921653:2.6113518665708813] [-2.1770459453821327:1.5908812977464315] [-2.2035620854388802:1.593348917372599] [-3.3400275164522943:2.0169119962988682] [-1.7897437255612563:1.4175089486341408] [-1.1636509024985962:3.5665892077165484] [-3.7629203481328455:4.3342071273207727] [-3.730556738156483:4.5450982365276271] [-3.0606709627808897:3.2615923735986101] [-3.2098931781042839:3.4562908592291137] [-1.9982101454511534:2.1055755104380105] [-2.2501297388130732:2.2764501394514376] [-1.7448893556548817:1.765680286821999] [-1.8175838744227397:1.8582618510101747] [-1.5515702478437423:3.8196044760596881] [-1.4829390028622216:5.0606551058092091] [-1.4222384987058101:3.7500748052978481] [-1.1468253309825105:3.07136478095829] [-1.6728696339648523:1.4279614394091198] [-1.9769107103879799:1.7102274222960852] [-1.7340295971406858:13.890310696683292] [-177.82111752387542:158.762060057974] [-385.42132313611643:127.30846656208102] [-318.48881470142248:74.753516390689072] [-1.3629440559031396:2.8318858526659731] [-1.9416966520546597:1.9964052702071882] [-1.1942777173206425:9.0913758780461507] [-4.8843657004168959:4.4479407572965455] [-9.0513061149149188:6.7223581823360732] [-1:1] [-0.83333333333333337:1] [0:1] [0:1] [-6.446615259009894:3.3476783208325691] [-3.0024879037146261:2.2630743302183647] [-2.4277407793464381:2.2324700196572684] [-1.0354800116144673:3.0652855186476158] [-2.3193638721763636:1.8235888132755618] [-2.8188215950848576:0.57271190982175657] [-4.5667178926929983:3.7059671561626444] [-3.1772384254057369:2.3907147050444273] [-2.8667697813160551:2.01412122513953] [-3.0002459750801735:3.9370045951319046] [-3.3739110496385072:2.2626198307305581] [-2.239516664605933:1.5584747647183426] [-0.93697117596071833:2.0220499570071921] [-2.0154914572004818:1.2339560424396376] [-1.3366098945188987:0.3770757401476007] [-4.5555190576284526:7.1557652811308081] [-4.217385099577494:5.8885366940074748] [-2.4626633318651399:4.2374123589971333] [-1.283442964885442:4.8821006281693888] [-1.198822348954738:7.9108586421849623] [-1.0229572844698889:2.2768242630354831] [-6.5275920020349076:6.7165449034812053] [-4.5882388230428264:3.5592698813316792] [-3.3182060840226968:3.7070222749088066] [-1.1882838270317675:3.4442640272481717] [-1.7355030269111138:4.4006413073004458] [-0.76803539336990334:1.9704461234130477] [-10.940109102205774:10.721724430175531] [-5.7841733397252773:5.0623763342845445] [-3.4073703364948722:3.7884075229158656] [-1.0017307771004424:3.0665350147616248] [-2.082727864293128:4.0849152571190066] [-1.3314568364984112:0.75383636775604623] [-3.9888602055808566:2.9926390575513251] [-3.4199749811739748:3.0211603831946436] [-2.5361100585999639:1.7698197291323123] [-1.25187460536512:3.0635424565467333] [-1.9876229617924117:1.8630141182006072] [-1.3818434638356767:0.49568521372080881] [-5.2347968310734574:2.6239322669052347] [-4.0504925542691463:3.4525264495528409] [-1.8114245206414294:2.6928231955734403] [-1.4032161060881818:4.1335945281298638] [-1.6226894871461344:4.2649768799698462] [-1.4283838017608486:1.1428147595575076] [-4.241636579137591:2.43100861041665] [-3.7623116565952333:3.4912986186853878] [-1.9068088534862109:2.562053581766965] [-1.448623062985273:3.9376634533655039] [-1.4905425539733399:3.6921515251215538] [-1.4034658920182346:1.0817671316488797] [-2.7901579382621335:3.7380586372606208] [-2.2446458439936867:2.6703524621246637] [-1.9848662049506272:2.0576528307942885] [-1.4817455051083654:2.1025661497275134] [-1.4302466552534938:1.8665968121927081] [-2.1411668648900317:0.57140816941489536] [-3.0505498734136998:3.235792366873552] [-2.6772078151736252:3.4387508787816059] [-1.6026510994856018:2.352737476354096] [-0.90057154177507992:3.0013401045304731] [-1.399126594972306:2.351673936150882] [-1.3361078847309511:0.98354913380936571]
tree_sizes=760 991 782 986 887 986 781 891 784 885 890 889 885 886 785 890 998 781 885 895 991 781 899 792 1001 897 889 891 788 898 782 884 1002 892 788 882 891 787 885 1000 899 777 894 1002 899 785 685 898 889 900 786 680 899 894 992 678 890 894 783 891 889 786 892 894 785 892 784 782 997 888 888 785 894 893 892 890 782 894 785 789 786 995 784 893 894 787 896 894 788 685 783 785 683 895 791 997 783 685 895 790 685 898 1001 684 995 788 687 690 892 892 684 790 898 791 988 1001 682 793 685 786

Tree=0
num_leaves=6
num_cat=0
split_feature=87 115 36 9 68
split_gain=100.746 117.258 77.6921 24.2751 20.5094
threshold=1.568920151517186 0.39684083389832625 0.3181664776667304 -0.80844078232832428 1.2915544384203277
decision_type=2 2 2 2 2
left_child=1 2 -1 -3 -2
right_child=4 3 -4 -5 -6
leaf_value=0.13730204857937378 0.17958929916889488 0.11065896651315409 0.098332833385919791 0.068731438494376601 0.11795347132165367
leaf_weight=195.3615391254425 39.62051622569561 28.157976940274239 138.04884269833565 107.14982375502586 11.213353648781775
leaf_count=784 159 113 554 430 45
internal_value=0.114273 0.108394 0.121168 0.077277 0.166647
internal_weight=519.552 468.718 333.41 135.308 50.8339
internal_count=2085 1881 1338 543 204
is_linear=0
shrinkage=1


Tree=1
num_leaves=8
num_cat=0
split_feature=81 80 86 104 47 115 7
split_gain=97.0415 59.6959 62.2328 30.1527 28.2897 10.6158 7.40622
threshold=0.40913392858161468 -0.893318901244747 1.0190409879967504 -0.16568506728984586 -0.64326800666563111 0.44782543203448194 -0.21177282953890961
decision_type=2 2 2 2 2 2 2
left_child=1 6 -3 4 -2 -5 -1
right_child=3 2 -4 5 -6 -7 -8
leaf_value=0.015047893631930714 -0.041246246087817344 -0.021321983544751403 0.033147769071083188 0.057527330931175825 0.020492609417109179 0.019543959513950368 0.061360720450863798
leaf_weight=10.457354798913004 12.219941362738608 308.04142333567142 35.836494117975235 45.538452297449112 72.272506356239319 19.404675096273422 15.653045400977133
leaf_count=42 49 1236 144 183 290 78 63
internal_value=5.30935e-06 -0.0109838 -0.0154867 0.026999 0.0108162 0.0471011 0.0452025
internal_weight=519.424 369.988 343.878 149.436 84.4924 64.9431 26.1104
internal_count=2085 1485 1380 600 339 261 105
is_linear=0
shrinkage=0.04


Tree=2
num_leaves=6
num_cat=0
split_feature=87 115 36 9 68
split_gain=90.0538 105.975 70.6221 22.0801 18.6082
threshold=1.568920151517186 0.39684083389832625 0.3181664776667304 -0.80844078232832428 1.2915544384203277
decision_type=2 2 2 2 2
left_child=1 2 -1 -3 -2
right_child=4 3 -4 -5 -6
leaf_value=0.022053939987348902 0.062122131396256462 -0.0032370210796748809 -0.015104789065841246 -0.043190972863832 0.0033716114072167313
leaf_weight=194.99522875249386 39.303811386227608 28.170563638210297 138.17443592846394 107.40099477767944 11.203873023390768
leaf_count=784 159 113 554 430 45
internal_value=2.84253e-05 -0.00551382 0.00664504 -0.0350567 0.0497146
internal_weight=519.249 468.741 333.17 135.572 50.5077
internal_count=2085 1881 1338 543 204
is_linear=0
shrinkage=0.04


Tree=3
num_leaves=8
num_cat=0
split_feature=81 80 86 104 47 17 115
split_gain=88.5298 53.4722 55.8779 26.7706 25.883 10.0202 6.85968
threshold=0.40913392858161468 -0.893318901244747 1.0190409879967504 -0.16568506728984586 -0.64326800666563111 -0.59203258324774 0.11402136717424127
decision_type=2 2 2 2 2 2 2
left_child=1 6 -3 4 -2 -5 -1
right_child=3 2 -4 5 -6 -7 -8
leaf_value=0.058546902767877197 -0.039153815475244422 -0.020216946457716701 0.031497227103987092 0.01658977961489062 0.019885404769792607 0.054361086244411702 0.014007854963696694
leaf_weight=15.493349283933641 12.236742421984671 308.26088680326939 35.669452369213104 17.564400523900986 72.176397144794464 46.978414416313171 10.426988467574118
leaf_count=63 49 1236 144 71 290 190 42
internal_value=3.24616e-05 -0.0104552 -0.0147025 0.0258664 0.0106188 0.0448897 0.042917
internal_weight=518.807 369.851 343.93 148.956 84.4131 64.5428 25.9203
internal_count=2085 1485 1380 600 339 261 105
is_linear=0
shrinkage=0.04


Tree=4
num_leaves=7
num_cat=0
split_feature=81 87 115 115 36 24
split_gain=81.7999 66.879 55.731 24.3918 28.0817 17.7517
threshold=0.40913392858161468 2.0387652011082835 0.39684083389832625 0.33085076951645792 -0.64877270729934888 1.0381856487394303
decision_type=2 2 2 2 2 2
left_child=1 2 -1 5 -5 -2
right_child=3 -3 -4 4 -6 -7
leaf_value=-0.0038295188547189021 0.042048772744103451 0.054636728798465602 -0.038590763714492743 0.034445609951819382 -0.025862185806622688 -0.0060174360551412563
leaf_weight=243.59813125431538 88.717620387673378 22.036188170313835 104.191272392869 20.048166647553444 26.09731262922287 13.684027627110479
leaf_count=978 359 90 417 81 105 55
internal_value=5.32797e-05 -0.0100189 -0.0144045 0.024929 0.000681365 0.0356334
internal_weight=518.373 369.826 347.789 148.547 46.1455 102.402
internal_count=2085 1485 1395 600 186 414
is_linear=0
shrinkage=0.04


Tree=5
num_leaves=8
num_cat=0
split_feature=81 36 74 104 47 80 17
split_gain=75.6597 53.2614 71.276 24.8486 23.5848 21.3203 9.4811
threshold=0.40913392858161468 0.3181664776667304 -0.54600981283514127 -0.16568506728984586 -0.64326800666563111 2.9756921593175969 -0.59203258324774
decision_type=2 2 2 2 2 2 2
left_child=1 2 -1 4 -2 -3 -5
right_child=3 5 -4 6 -6 -7 -8
leaf_value=0.04930775497244988 -0.038113107557739924 -0.037146621752879354 -0.0083967330966566462 0.015045935155786139 0.018250771924096205 0.01912125127568803 0.051703300861484502
leaf_weight=38.6917624771595 12.229357689619063 105.92100593447685 214.31400011479855 17.46984438598156 71.909894317388535 10.746149092912672 46.494182273745537
leaf_count=157 49 424 861 71 290 43 190
internal_value=6.1082e-05 -0.00961891 0.000745428 0.024029 0.00936376 -0.0317289 0.0424512
internal_weight=517.776 369.673 253.006 148.103 84.1393 116.667 63.964
internal_count=2085 1485 1018 600 339 467 261
is_linear=0
shrinkage=0.04


Tree=6
num_leaves=6
num_cat=0
split_feature=87 115 36 9 68
split_gain=73.6426 88.3389 60.4717 19.1496 16.3688
threshold=1.568920151517186 0.39684083389832625 0.3181664776667304 -0.80844078232832428 1.2915544384203277
decision_type=2 2 2 2 2
left_child=1 2 -1 -3 -2
right_child=4 3 -4 -5 -6
leaf_value=0.020532474974166201 0.057325170781970726 -0.0022955920939881874 -0.01389406331922963 -0.039455768832183227 0.0021761887316503466
leaf_weight=194.00053779780865 38.362485289573669 28.159235715866089 138.10227851569653 107.34346054494381 11.152475252747534
leaf_count=784 159 113 554 430 45
internal_value=7.07567e-05 -0.00490982 0.006219 -0.0318791 0.0454705
internal_weight=517.12 467.606 332.103 135.503 49.515
internal_count=2085 1881 1338 543 204
is_linear=0
shrinkage=0.04


Tree=7
num_leaves=7
num_cat=0
split_feature=81 87 75 104 47 115
split_gain=69.2017 57.3337 49.7141 22.2104 21.6193 9.27271
threshold=0.40913392858161468 2.0387652011082835 -0.074610652196554592 -0.16568506728984586 -0.64326800666563111 0.44782543203448194
decision_type=2 2 2 2 2 2
left_child=1 2 -1 4 -2 -5
right_child=3 -3 -4 5 -6 -7
leaf_value=0.0019968945080933559 -0.036290674388949555 0.051289535088381702 -0.028160997035717412 0.050437866528091686 0.01772233719830919 0.015131673515984677
leaf_weight=173.04611213505268 12.20814001560211 21.580488353967667 174.31574432551861 44.269697159528732 71.768816739320755 19.051744520664215
leaf_count=696 49 90 699 183 290 78
internal_value=7.28996e-05 -0.00918268 -0.0132117 0.0230681 0.00920866 0.0406037
internal_weight=516.241 368.942 347.362 147.298 83.977 63.3214
internal_count=2085 1485 1395 600 339 261
is_linear=0
shrinkage=0.04


Tree=8
num_leaves=6
num_cat=0
split_feature=87 115 36 9 68
split_gain=65.1471 79.0197 55.3378 17.4741 15.3645
threshold=1.568920151517186 0.39684083389832625 0.3181664776667304 -0.80844078232832428 1.2915544384203277
decision_type=2 2 2 2 2
left_child=1 2 -1 -3 -2
right_child=4 3 -4 -5 -6
leaf_value=0.019683211813215168 0.054800766678527138 -0.0018741790646438197 -0.013276498738667073 -0.03736233735278463 0.0013379239970558771
leaf_weight=193.36816968023777 37.616383954882622 28.146154507994652 138.03396731615067 107.08470726013184 11.115713596343992
leaf_count=784 159 113 554 430 45
internal_value=8.25517e-05 -0.00457895 0.00595771 -0.030111 0.0431395
internal_weight=515.365 466.633 331.402 135.231 48.7321
internal_count=2085 1881 1338 543 204
is_linear=0
shrinkage=0.04


Tree=9
num_leaves=7
num_cat=0
split_feature=81 87 67 104 47 17
split_gain=63.3761 50.6806 39.199 19.9208 19.84 9.08677
threshold=0.40913392858161468 2.0387652011082835 -0.27538285167771887 -0.16568506728984586 -0.64326800666563111 -0.59203258324774
decision_type=2 2 2 2 2 2
left_child=1 2 -1 4 -2 -5
right_child=3 -3 -4 5 -6 -7
leaf_value=-0.032066605069610891 -0.034610260806327106 0.048699479033787067 -0.0032960997009745157 0.012297397775791915 0.017209238336194473 0.048055696784618962
leaf_weight=109.73674683272839 12.167939171195028 21.104527503252029 237.07620018720627 17.208795845508575 71.61192275583744 45.374165043234825
leaf_count=441 49 90 954 71 290 190
internal_value=8.40766e-05 -0.00877455 -0.0125312 0.0221704 0.00905165 0.0389084
internal_weight=514.28 367.917 346.813 146.363 83.7799 62.583
internal_count=2085 1485 1395 600 339 261
is_linear=0
shrinkage=0.04


Tree=10
num_leaves=7
num_cat=0
split_feature=86 81 79 79 28 12
split_gain=60.0966 46.02 34.5819 25.1035 19.6128 4.34381
threshold=1.0190409879967504 0.40913392858161468 -0.69096225492541885 -1.0202501266679989 -0.34909697584258709 0.45902672508321135
decision_type=2 2 2 2 2 2
left_child=1 2 -1 -2 -3 -5
right_child=3 4 -4 5 -6 -7
leaf_value=0.0096196857875455368 -0.0069500019308044161 -0.013412550943800958 -0.019919751590514186 0.061152984213146258 0.024034797298401859 0.023166397704754288
leaf_weight=83.46847003698349 13.985834702849386 27.413389295339584 249.13244020938873 31.693303465843201 97.971515759825706 9.6337576955556852
leaf_count=339 57 112 1002 134 401 40
internal_value=9.0874e-05 -0.00472195 -0.0124934 0.0387148 0.0157655 0.0537761
internal_weight=513.299 457.986 332.601 55.3129 125.385 41.3271
internal_count=2085 1854 1341 231 513 174
is_linear=0
shrinkage=0.04


Tree=11
num_leaves=7
num_cat=0
split_feature=86 81 80 79 118 12
split_gain=56.1106 42.4869 48.9997 23.6932 18.7046 4.15044
threshold=1.0190409879967504 0.40913392858161468 -0.893318901244747 -1.0202501266679989 0.81080205102865055 0.45902672508321135
decision_type=2 2 2 2 2 2
left_child=1 2 -1 -2 -3 -5
right_child=3 4 -4 5 -6 -7
leaf_value=0.039624991352288086 -0.0067036466112663775 0.021455560975956113 -0.016461766384237186 0.059643545459378285 -0.021194878567060753 0.022471666239994557
leaf_weight=25.214091882109642 13.993160620331762 107.37685663998127 307.33993948996067 31.255008459091187 17.711300566792488 9.5969135165214521
leaf_count=105 57 441 1236 134 72 40
internal_value=0.00010083 -0.00453605 -0.0119978 0.0375905 0.0151782 0.0523675
internal_weight=512.487 457.642 332.554 54.8451 125.088 40.8519
internal_count=2085 1854 1341 231 513 174
is_linear=0
shrinkage=0.04


Tree=12
num_leaves=7
num_cat=0
split_feature=87 115 36 97 95 61
split_gain=54.0372 68.9582 50.3663 15.6034 6.6676 3.05991
threshold=1.568920151517186 0.39684083389832625 0.3181664776667304 -0.12459174591353436 -0.80202914880601517 -1.8074771020443037
decision_type=2 2 2 2 2 2
left_child=1 2 -1 -3 -2 -6
right_child=4 3 -4 -5 5 -7
leaf_value=0.018919408813384234 0.0085342047311919335 -0.045108108354775009 -0.012588600371082294 -0.016665996362355277 0.02269996337992735 0.05503263263996739
leaf_weight=192.16204759478569 9.8142888844013196 51.271873414516449 137.68945160508156 83.174827441573143 10.651964098215098 26.67560859024525
leaf_count=784 42 207 554 336 45 117
internal_value=0.000114012 -0.0040909 0.00577046 -0.0280147 0.040009 0.0474297
internal_weight=511.44 464.298 329.851 134.447 47.1419 37.3276
internal_count=2085 1881 1338 543 204 162
is_linear=0
shrinkage=0.04


Tree=13
num_leaves=7
num_cat=0
split_feature=86 81 80 12 28 40
split_gain=50.9398 38.8954 44.2243 21.8185 18.0821 11.1471
threshold=1.0190409879967504 0.40913392858161468 -0.893318901244747 0.46506547650769903 -0.34909697584258709 0.24630312711009653
decision_type=2 2 2 2 2 2
left_child=1 2 -1 -2 -3 -5
right_child=3 4 -4 5 -6 -7
leaf_value=0.037906313382267125 0.056082300427615361 -0.013402701766329215 -0.015657488336492605 0.031968172148314281 0.022601845388271275 -0.02075693493491924
leaf_weight=24.910556852817535 32.1901865452528 27.333454146981239 306.75801898539066 10.159112051129343 97.263843297958374 11.641330495476721
leaf_count=105 141 112 1236 43 401 47
internal_value=0.000115411 -0.0042855 -0.0114314 0.0361313 0.0146164 0.00443489
internal_weight=510.257 456.266 331.669 53.9906 124.597 21.8004
internal_count=2085 1854 1341 231 513 90
is_linear=0
shrinkage=0.04


Tree=14
num_leaves=6
num_cat=0
split_feature=87 117 35 9 95
split_gain=48.9526 48.7031 32.9735 23.7133 1.7774
threshold=2.0259819419695648 0.14422380546289149 0.94163424034715371 -0.80844078232832428 -0.51520622817972794
decision_type=2 2 2 2 2
left_child=1 2 -1 -3 -2
right_child=4 3 -4 -5 -6
leaf_value=0.013516288784385223 0.02512511373448446 0.0097031791382356306 -0.023598888705456997 -0.024919859373798207 0.055155965442069299
leaf_weight=236.83835741877556 10.039700850844385 38.210276663303375 43.730921491980553 159.5821126550436 20.671361491084099
leaf_count=967 45 155 176 649 93
internal_value=0.000128226 -0.00309647 0.00760525 -0.0182011 0.0474751
internal_weight=509.073 478.362 280.569 197.792 30.7111
internal_count=2085 1947 1143 804 138
is_linear=0
shrinkage=0.04


Tree=15
num_leaves=7
num_cat=0
split_feature=86 115 106 92 79 12
split_gain=46.947 38.4922 46.7948 34.6594 20.6032 3.66486
threshold=1.0190409879967504 0.40438061146549537 0.66420032159377707 0.7863365083277104 -1.0202501266679989 0.45902672508321135
decision_type=2 2 2 2 2 2
left_child=1 2 -1 -3 -2 -6
right_child=4 3 -4 -5 5 -7
leaf_value=0.007728534969383534 -0.0063310340559338228 -0.031475601864274422 -0.048326106187676243 0.021836872627372321 0.056230967300525667 0.020951040539667249
leaf_weight=300.44619715213776 13.872524946928023 108.49592749774456 23.874512270092964 22.202206894755363 29.849360764026642 9.4418174773454648
leaf_count=1224 57 441 96 93 134 40
internal_value=0.000132845 -0.00407505 0.00333124 -0.0222266 0.0349895 0.0491785
internal_weight=508.183 455.019 324.321 130.698 53.1637 39.2912
internal_count=2085 1854 1320 534 231 174
is_linear=0
shrinkage=0.04


Tree=16
num_leaves=8
num_cat=0
split_feature=81 36 74 80 104 47 19
split_gain=44.5353 37.8883 51.188 18.2484 15.6866 16.3858 8.33114
threshold=0.40913392858161468 0.3181664776667304 -0.56058096279008118 2.9756921593175969 -0.16568506728984586 -0.64326800666563111 -0.59203258324774011
decision_type=2 2 2 2 2 2 2
left_child=1 2 -1 -3 5 -2 -6
right_child=4 3 -4 -5 6 -7 -8
leaf_value=0.044209258732194723 -0.032453974293882089 -0.031021437505964464 -0.0060586259129644521 0.020738395620894638 0.0088914977750033028 0.014815090462449741 0.043211887250168786
leaf_weight=36.196552649140358 12.051511436700819 105.24056363105774 212.10880413651466 10.747070118784903 16.748930037021637 70.903363615274429 43.066466942429543
leaf_count=153 49 424 865 43 71 290 190
internal_value=0.000131986 -0.00729189 0.00156383 -0.0259553 0.0189138 0.00734558 0.0342004
internal_weight=507.063 364.293 248.305 115.988 142.77 82.9549 59.8154
internal_count=2085 1485 1018 467 600 339 261
is_linear=0
shrinkage=0.04


Tree=17
num_leaves=6
num_cat=0
split_feature=87 117 36 4 95
split_gain=43.377 41.06 46.102 20.6471 1.93955
threshold=2.0259819419695648 0.14422380546289149 0.3181664776667304 -0.81299151862718255 -0.51520622817972794
decision_type=2 2 2 2 2
left_child=1 2 -1 -3 -2
right_child=4 3 -4 -5 -6
leaf_value=0.021117612805453101 0.023069285680692182 0.0093862146589709181 -0.011452177232620294 -0.023038585204499768 0.053280782752826446
leaf_weight=157.87256263196468 9.7556184381246585 37.863315626978874 121.34702916443348 158.9731869995594 19.955681309103966
leaf_count=653 45 154 490 650 93
internal_value=0.000138086 -0.00286764 0.00698221 -0.0167697 0.0454415
internal_weight=505.767 476.056 279.22 196.837 29.7113
internal_count=2085 1947 1143 804 138
is_linear=0
shrinkage=0.04


Tree=18
num_leaves=7
num_cat=0
split_feature=86 115 106 92 12 104
split_gain=41.6079 34.2903 41.823 29.8972 19.0353 9.67043
threshold=1.0190409879967504 0.40438061146549537 0.66420032159377707 0.7863365083277104 0.46506547650769903 0.32417138526795625
decision_type=2 2 2 2 2 2
left_child=1 2 -1 -3 -2 -6
right_child=4 3 -4 -5 5 -7
leaf_value=0.00737064378457829 0.052706652717400646 -0.029608867631993989 -0.045641583308164944 0.020189887069510824 0.028131329465775158 -0.02122365853792816
leaf_weight=299.21508286893368 30.455190494656563 107.69709722697735 23.863732203841209 21.922807469964027 10.734912976622583 10.715691417455671
leaf_count=1224 141 441 96 93 46 44
internal_value=0.0001454 -0.00379443 0.00319826 -0.0210075 0.0333727 0.00376863
internal_weight=504.605 452.699 323.079 129.62 51.9058 21.4506
internal_count=2085 1854 1320 534 231 90
is_linear=0
shrinkage=0.04


Tree=19
num_leaves=7
num_cat=0
split_feature=82 106 4 36 37 37
split_gain=42.3255 39.0347 55.3827 46.4203 12.8501 0.898233
threshold=-0.54158157737510759 0.62428039043958639 -0.8345946373977986 0.3181664776667304 -0.41857451981154342 0.056514858433462815
decision_type=2 2 2 2 2 2
left_child=4 3 -3 -2 -1 -6
right_child=1 2 -4 -5 5 -7
leaf_value=-0.0015076194637604165 0.018032337671156071 0.038524959639251961 -0.043414817516963508 -0.010671400770132984 -0.062161923909483788 -0.031498528798126521
leaf_weight=10.388759568333624 263.03991091251373 15.694865569472311 52.621186226606369 134.99433256685734 16.694055333733562 9.9009605050086957
leaf_count=42 1106 66 216 547 68 40
internal_value=0.000142666 0.00347537 -0.0240297 0.00829271 -0.0399037 -0.0537479
internal_weight=503.334 466.35 68.3161 398.034 36.9838 26.595
internal_count=2085 1935 282 1653 150 108
is_linear=0
shrinkage=0.04


Tree=20
num_leaves=8
num_cat=0
split_feature=81 80 110 115 36 35 0
split_gain=39.6132 33.5751 28.727 15.9858 20.2831 11.0112 5.13783
threshold=0.40913392858161468 -0.893318901244747 0.1017195755950103 0.33085076951645792 -0.60387048928255915 0.92286273360040172 0.070669236927869319
decision_type=2 2 2 2 2 2 2
left_child=1 6 -3 5 -5 -2 -1
right_child=3 2 -4 4 -6 -7 -8
leaf_value=0.055598544643303091 0.033178650760285339 -0.020423883834281096 0.0030222662528993022 0.026146495456716809 -0.025967464042380494 -0.0014249570079336571 0.016471131238207079
leaf_weight=10.772917419672014 78.946767956018448 190.02899082005024 147.28430357575417 20.21913106739521 23.865915924310684 17.785600423812866 13.523727238178251
leaf_count=47 342 777 603 87 99 72 58
internal_value=0.000122593 -0.00688912 -0.0102289 0.0179725 -0.00196853 0.0269163 0.036729
internal_weight=502.427 361.61 337.313 140.817 44.085 96.7324 24.2966
internal_count=2085 1485 1380 600 186 414 105
is_linear=0
shrinkage=0.04


Tree=21
num_leaves=6
num_cat=0
split_feature=87 70 28 114 95
split_gain=37.8754 38.0114 43.9861 36.656 2.11043
threshold=2.0259819419695648 0.26168629432132279 0.9012638048087791 -0.75119659166503727 -0.51520622817972794
decision_type=2 2 2 2 2
left_child=1 3 -3 -1 -2
right_child=4 2 -4 -5 -6
leaf_value=0.018754175133417674 0.020874797506689326 0.02228243247987205 -0.037247437898434245 -0.016673607899393698 0.051359460584258713
leaf_weight=54.932729169726372 9.4448101967573184 132.1257951259613 21.452922165393829 264.22259184718132 19.106889367103577
leaf_count=231 45 545 88 1083 93
internal_value=0.000132866 -0.00264585 0.013595 -0.010497 0.0433019
internal_weight=501.286 472.734 153.579 319.155 28.5517
internal_count=2085 1947 633 1314 138
is_linear=0
shrinkage=0.04


Tree=22
num_leaves=7
num_cat=0
split_feature=82 115 92 36 37 37
split_gain=37.9101 46.9864 35.8221 23.4367 11.8981 0.913407
threshold=-0.54158157737510759 -0.62921815403650749 1.2138290281937241 0.3313232825679549 -0.41857451981154342 0.056514858433462815
decision_type=2 2 2 2 2 2
left_child=4 3 -3 -2 -1 -6
right_child=1 2 -4 -5 5 -7
leaf_value=-0.00096691125873652655 0.047656418714474617 -0.0057333681772877045 0.041226945808807695 0.0015463316720855358 -0.05936710259943688 -0.029746599745761833
leaf_weight=10.376989379525183 48.845684349536896 361.41848887503147 25.997996285557747 27.214731380343437 16.601587459445003 9.8709375858306867
leaf_count=42 216 1488 120 111 68 40
internal_value=0.000138454 0.0033062 -0.00238649 0.0316204 -0.0378231 -0.0511877
internal_weight=500.326 463.477 387.416 76.0604 36.8495 26.4725
internal_count=2085 1935 1608 327 150 108
is_linear=0
shrinkage=0.04


Tree=23
num_leaves=6
num_cat=0
split_feature=82 115 74 36 10
split_gain=35.3903 43.7967 28.4968 22.1459 11.2836
threshold=-0.54158157737510759 -0.62921815403650749 0.052641413874609265 0.3313232825679549 -0.49506054369829761
decision_type=2 2 2 2 2
left_child=4 3 -3 -2 -1
right_child=1 2 -4 -5 -6
leaf_value=-0.0020640187145204878 0.046408552341850186 0.0083867645828768749 -0.013212648447076829 0.0014888405924123693 -0.050240749727282784
leaf_weight=11.063532620668409 48.219227001070976 196.0679472386837 191.01090529561043 27.212246239185333 25.686242789030075
leaf_count=45 216 813 795 111 105
internal_value=0.000133897 0.00319704 -0.00228498 0.0306606 -0.0365922
internal_weight=499.26 462.51 387.079 75.4315 36.7498
internal_count=2085 1935 1608 327 150
is_linear=0
shrinkage=0.04


Tree=24
num_leaves=8
num_cat=0
split_feature=81 36 74 80 104 47 110
split_gain=34.6816 30.0774 41.1118 15.8022 12.2573 14.6053 9.66272
threshold=0.40913392858161468 0.3181664776667304 -0.56058096279008118 2.9756921593175969 -0.051812459003977254 -0.60411434508035144 -0.16972677650150095
decision_type=2 2 2 2 2 2 2
left_child=1 2 -1 -3 5 -2 -6
right_child=4 3 -4 -5 6 -7 -8
leaf_value=0.040576581186555272 -0.028602938153320691 -0.027889591249221416 -0.0052629939897911662 0.020218879136302839 0.00013485326576435859 0.014431254445474944 0.040458599997831877
leaf_weight=34.743962198495865 13.282493755221365 104.19796201586723 209.56177751719952 10.744054630398749 12.195383071899412 72.246132895350456 41.367644399404526
leaf_count=153 55 424 865 43 54 299 192
internal_value=0.000128309 -0.0064406 0.00153263 -0.0231238 0.0169454 0.00724724 0.0316129
internal_weight=498.339 359.248 244.306 114.942 139.092 85.5286 53.563
internal_count=2085 1485 1018 467 600 354 246
is_linear=0
shrinkage=0.04


Tree=25
num_leaves=7
num_cat=0
split_feature=86 82 115 79 38 18
split_gain=34.6861 27.5806 32.5956 17.4485 8.09428 2.56902
threshold=1.0190409879967504 -0.54158157737510759 -0.62921815403650749 -1.0202501266679989 -0.48569827749444344 0.54105476831964672
decision_type=2 2 2 2 2 2
left_child=1 4 -3 -2 -1 -5
right_child=3 2 -4 5 -6 -7
leaf_value=-0.0064547877113945423 -0.0069106054979275414 0.025298012580644711 -0.0053845671536277648 0.052447232984636251 -0.050125896503767864 0.022397539564538872
leaf_weight=10.290254414081572 13.570494666695593 63.73151670396328 350.42084811627865 25.242909342050552 22.579837873578072 11.016096621751784
leaf_count=42 57 276 1443 123 93 51
internal_value=0.000133442 -0.00344342 -0.000564113 0.0311163 -0.0376087 0.0449657
internal_weight=496.852 447.022 414.152 49.8295 32.8701 36.259
internal_count=2085 1854 1719 231 135 174
is_linear=0
shrinkage=0.04


Tree=26
num_leaves=7
num_cat=0
split_feature=86 115 99 92 12 104
split_gain=32.5444 26.7648 30.8902 23.3574 17.0715 7.5182
threshold=1.0190409879967504 0.40438061146549537 0.98923759711030934 0.7863365083277104 0.46506547650769903 0.32417138526795625
decision_type=2 2 2 2 2 2
left_child=1 2 -1 -3 -2 -6
right_child=4 3 -4 -5 5 -7
leaf_value=0.0066147267215213214 0.049557238824137262 -0.026323048874982657 -0.037933926292701134 0.018163109192562615 0.024493362718114496 -0.019430485251900154
leaf_weight=294.09125131368637 28.267673090100288 105.85451555252075 25.201083168387413 21.404258757829666 10.280385941267015 10.687351092696188
leaf_count=1218 141 441 102 93 46 44
internal_value=0.0001346 -0.00331567 0.00288435 -0.0186754 0.0303354 0.00236273
internal_weight=495.787 446.551 319.292 127.259 49.2354 20.9677
internal_count=2085 1854 1320 534 231 90
is_linear=0
shrinkage=0.04


Tree=27
num_leaves=7
num_cat=0
split_feature=31 86 70 114 79 20
split_gain=30.7955 37.6579 29.4074 15.4993 8.2764 4.32869
threshold=1.0085809777609429 1.0190409879967504 0.26168629432132279 -0.43823808201778419 -1.0202501266679989 0.8687682974537555
decision_type=2 2 2 2 2 2
left_child=1 2 -1 -2 -3 -5
right_child=3 4 -4 5 -6 -7
leaf_value=-0.0078245463968569448 0.0033686436905139344 0.0044016394087357568 0.01507660610793941 -0.061915965797008532 0.047226127769607475 -0.021908574125629517
leaf_weight=284.59425497055054 12.510600611567495 9.6697084903717023 128.5988458096981 16.463544934988025 32.742553934454918 9.7963446229696256
leaf_count=1190 52 41 530 68 164 40
internal_value=0.000132745 0.00310014 -0.000658688 -0.0331796 0.0381003 -0.0495978
internal_weight=494.376 455.605 413.193 38.7705 42.4123 26.2599
internal_count=2085 1925 1720 160 205 108
is_linear=0
shrinkage=0.04


Tree=28
num_leaves=6
num_cat=0
split_feature=87 115 81 97 95
split_gain=30.5413 37.5875 30.1613 15.7456 2.41375
threshold=2.0259819419695648 0.40438061146549537 0.14330986280964844 -0.12459174591353436 -0.51520622817972794
decision_type=2 2 2 2 2
left_child=1 2 -1 -3 -2
right_child=4 3 -4 -5 -6
leaf_value=-0.004702361787007254 0.017403873414558412 -0.03819070923276429 0.019752911731142703 -0.0093690561572200588 0.048851016517868245
leaf_weight=207.80792586505413 8.8196473121643084 47.95956626534462 129.31535230576992 81.929408237338066 17.669268384575844
leaf_count=849 45 201 555 342 93
internal_value=0.000125337 -0.00231777 0.00473948 -0.0204288 0.0403374
internal_weight=493.501 467.012 337.123 129.889 26.4889
internal_count=2085 1947 1404 543 138
is_linear=0
shrinkage=0.04


Tree=29
num_leaves=7
num_cat=0
split_feature=82 115 15 36 37 37
split_gain=28.9284 34.9983 34.4153 20.6864 10.6351 1.40989
threshold=-0.54158157737510759 -0.62921815403650749 0.92513701386880032 0.3313232825679549 -0.41857451981154342 0.056514858433462815
decision_type=2 2 2 2 2 2
left_child=4 3 -3 -2 -1 -6
right_child=1 2 -4 -5 5 -7
leaf_value=0.0011851701876574108 0.043578049608130928 0.0014825003047238487 -0.043292208265171182 -0.0001550569343871385 -0.054599027417700924 -0.025038292041298767
leaf_weight=10.31325840950012 46.17880055308342 354.96184997260571 27.760848134756088 26.983760148286819 16.220391690731052 9.7001365572214109
leaf_count=42 216 1494 114 111 68 40
internal_value=0.000126798 0.00291738 -0.00197341 0.0278735 -0.0332997 -0.0461226
internal_weight=492.119 455.885 382.723 73.1626 36.2338 25.9205
internal_count=2085 1935 1608 327 150 108
is_linear=0
shrinkage=0.04


Tree=30
num_leaves=6
num_cat=0
split_feature=87 115 36 42 95
split_gain=28.5602 34.4007 31.0416 15.0103 2.36191
threshold=2.0259819419695648 0.40438061146549537 0.3181664776667304 0.9555028631824739 -0.51520622817972794
decision_type=2 2 2 2 2
left_child=1 2 -1 -3 -2
right_child=4 3 -4 -5 -6
leaf_value=0.01454587730074388 0.016822972157897846 -0.023644760869424446 -0.010051947716069971 0.023538079244519037 0.04799010624186939
leaf_weight=199.10235689580441 8.7326153665781039 119.07284377515316 136.89406441152096 10.254304200410841 17.151174262166023
leaf_count=846 45 500 558 43 93
internal_value=0.000110258 -0.00223665 0.00452388 -0.0196022 0.0394359
internal_weight=491.207 465.324 335.996 129.327 25.8838
internal_count=2085 1947 1404 543 138
is_linear=0
shrinkage=0.04


Tree=31
num_leaves=7
num_cat=0
split_feature=86 80 110 12 104 2
split_gain=27.5869 24.0195 33.5909 15.1576 6.52585 6.17596
threshold=1.0190409879967504 -0.893318901244747 0.10751480101734039 0.46506547650769903 0.32417138526795625 0.20553069421873252
decision_type=2 2 2 2 2 2
left_child=1 5 -3 -2 -5 -1
right_child=3 2 -4 4 -6 -7
leaf_value=0.053791327481906459 0.047437821117176163 -0.015114907483851414 0.0076531614413295826 0.023122293376806869 -0.018077745658777879 0.011969150748036369
leaf_weight=11.29619359970093 26.535374850034714 238.27202644944191 180.70847819745541 10.028344675898554 10.611621484160422 12.407497197389601
leaf_count=52 141 987 759 46 44 56
internal_value=0.000118047 -0.00302625 -0.00530521 0.0285466 0.00221437 0.0345346
internal_weight=489.86 442.684 418.981 47.1753 20.64 23.7037
internal_count=2085 1854 1746 231 90 108
is_linear=0
shrinkage=0.04


Tree=32
num_leaves=8
num_cat=0
split_feature=81 31 75 114 115 36 24
split_gain=27.0395 24.945 32.0735 10.3435 10.2246 17.4188 11.9664
threshold=0.40913392858161468 0.96668883735388811 -0.29321137857175156 -0.43823808201778419 0.33085076951645792 -0.60387048928255915 1.0381856487394303
decision_type=2 2 2 2 2 2 2
left_child=1 2 -1 -3 6 -6 -2
right_child=4 3 -4 -5 5 -7 -8
leaf_value=0.017020909262803134 0.028429396265090726 -0.0021559607441072768 -0.010397518232810017 -0.049966320282750304 0.025609857266054994 -0.023312855412708521 -0.011025113045005561
leaf_weight=96.109448909759521 78.869795337319374 10.196688428521155 222.50465750694275 24.649030357599258 19.500034719705582 23.405380085110664 13.406840294599531
leaf_count=407 359 42 934 102 87 99 55
internal_value=0.000133151 -0.00568905 -0.00207221 -0.0368523 0.0152174 -0.000927708 0.0225848
internal_weight=488.642 353.46 318.614 34.8457 135.182 42.9054 92.2766
internal_count=2085 1485 1341 144 600 186 414
is_linear=0
shrinkage=0.04


Tree=33
num_leaves=7
num_cat=0
split_feature=82 115 15 33 13 94
split_gain=26.7583 30.5231 30.5052 17.8868 10.4367 1.3879
threshold=-0.54158157737510759 -0.62921815403650749 0.92513701386880032 1.0950477220892783 0.081975286600177347 -0.80902666788131317
decision_type=2 2 2 2 2 2
left_child=4 3 -3 -2 5 -1
right_child=1 2 -4 -5 -6 -7
leaf_value=-0.024744759047323098 0.034744473945796703 0.0015295288277929274 -0.040777804741367253 -0.018216899185985437 0.002885545976048422 -0.053270664642920115
leaf_weight=10.332016378641127 60.659855589270592 352.48358720541 27.544938817620277 10.885056197643278 9.7657875865697843 15.788824900984766
leaf_count=43 282 1494 114 45 41 66
internal_value=0.000124522 0.00282153 -0.00173439 0.0264105 -0.0321703 -0.0445497
internal_weight=487.46 451.573 380.029 71.5449 35.8866 26.1208
internal_count=2085 1935 1608 327 150 109
is_linear=0
shrinkage=0.04


Tree=34
num_leaves=6
num_cat=0
split_feature=87 115 106 63 95
split_gain=25.7894 29.6341 25.4097 14.7919 2.4002
threshold=2.0259819419695648 0.40438061146549537 0.66420032159377707 0.04893920203440473 -0.51520622817972794
decision_type=2 2 2 2 2
left_child=1 2 -1 -3 -2
right_child=4 3 -4 -5 -6
leaf_value=0.0074453382430373005 0.015606554366723358 -0.032085757080053193 -0.032612903976213296 -0.0049435605268586692 0.046909947554859055
leaf_weight=307.84299330413342 8.5057193636894244 61.688138410449028 25.617860063910484 66.573254644870758 16.401996716856956
leaf_count=1296 45 264 108 279 93
internal_value=0.000104177 -0.00210534 0.00419181 -0.01829 0.0381747
internal_weight=486.63 461.722 333.461 128.261 24.9077
internal_count=2085 1947 1404 543 138
is_linear=0
shrinkage=0.04


Tree=35
num_leaves=7
num_cat=0
split_feature=86 70 28 9 12 11
split_gain=25.3356 22.6038 36.7586 24.4342 13.9135 6.01762
threshold=1.0190409879967504 0.26168629432132279 0.9012638048087791 -0.43527181166589535 0.46506547650769903 0.43668957960629157
decision_type=2 2 2 2 2 2
left_child=1 3 -3 -1 -2 -6
right_child=4 2 -4 -5 5 -7
leaf_value=0.006197843444703071 0.04628465234929989 0.018535982791442421 -0.036445673509063241 -0.01767145557234432 -0.018169109641088362 0.021553962451371467
leaf_weight=105.2680920958519 25.519317775964737 122.33999575674534 21.156930193305016 190.73069566488266 9.8721177130937594 10.584346204996107
leaf_count=448 141 509 88 809 43 47
internal_value=0.000100625 -0.0028997 0.01004 -0.00919803 0.0277069 0.00247308
internal_weight=485.471 439.496 143.497 295.999 45.9758 20.4565
internal_count=2085 1854 597 1257 231 90
is_linear=0
shrinkage=0.04


Tree=36
num_leaves=7
num_cat=0
split_feature=82 106 4 36 39 77
split_gain=24.4645 25.8418 46.7444 33.7313 10.81 2.18087
threshold=-0.54158157737510759 0.64452357708535635 -0.8345946373977986 0.28185436556362647 0.055817866558067204 -0.2831492083833434
decision_type=2 2 2 2 2 2
left_child=4 3 -3 -2 5 -1
right_child=1 2 -4 -5 -6 -7
leaf_value=-0.023217344949680915 0.015722790014906125 0.037879176616973917 -0.038969578317112626 -0.008651032235647409 0.0035771747223503807 -0.054575640580473039
leaf_weight=10.725698336958885 241.10349059104919 15.05695980787277 49.300823912024498 143.42641597986221 10.204299882054327 14.674376711249352
leaf_count=45 1067 66 210 592 43 62
internal_value=0.000101325 0.00268605 -0.0203905 0.00663384 -0.0308957 -0.0439952
internal_weight=484.492 448.888 64.3578 384.53 35.6044 25.4001
internal_count=2085 1935 276 1659 150 107
is_linear=0
shrinkage=0.04


Tree=37
num_leaves=6
num_cat=0
split_feature=87 115 36 97 90
split_gain=23.5497 27.2696 25.1897 15.039 1.19826
threshold=2.0259819419695648 0.40438061146549537 0.3181664776667304 -0.12459174591353436 0.62982501182935002
decision_type=2 2 2 2 2
left_child=1 2 -1 -3 -2
right_child=4 3 -4 -5 -6
leaf_value=0.013174753271373631 0.044243298255123638 -0.035162814727746135 -0.0090951255789263157 -0.0067938940971927512 0.018224434560894846
leaf_weight=195.83235809206963 15.483413442969324 46.751076593995094 136.1098475754261 80.592802107334137 8.6036889106035215
leaf_count=846 90 201 558 342 48
internal_value=8.58811e-05 -0.00200545 0.00404341 -0.0175915 0.0370593
internal_weight=483.373 459.286 331.942 127.344 24.0871
internal_count=2085 1947 1404 543 138
is_linear=0
shrinkage=0.04


Tree=38
num_leaves=7
num_cat=0
split_feature=86 80 110 12 2 11
split_gain=23.0147 20.8665 27.7796 12.955 5.69397 5.60804
threshold=1.0190409879967504 -0.893318901244747 0.10751480101734039 0.46506547650769903 0.20553069421873252 0.43668957960629157
decision_type=2 2 2 2 2 2
left_child=1 4 -3 -2 -1 -5
right_child=3 2 -4 5 -6 -7
leaf_value=0.051676518714700123 0.045163844811717521 -0.013839064704664159 0.0069842706034282621 -0.017510018447249493 0.011013402300747497 0.020963799389983322
leaf_weight=10.821966722607614 24.51670365780592 235.66798996925354 178.58021326363087 9.8198689967393893 12.101326629519461 10.474583789706228
leaf_count=52 141 987 759 43 56 47
internal_value=8.71135e-05 -0.00275515 -0.00487181 0.0267489 0.0328166 0.00244673
internal_weight=481.983 437.171 414.248 44.8112 22.9233 20.2945
internal_count=2085 1854 1746 231 108 90
is_linear=0
shrinkage=0.04


Tree=39
num_leaves=8
num_cat=0
split_feature=81 79 16 37 104 32 112
split_gain=23.3519 28.9027 21.5711 20.8227 12.9896 20.7271 13.024
threshold=0.12020980331568705 -0.69096225492541885 0.86861615678987503 -0.78736375004163228 -0.056538325582021091 -0.2250517578598954 -0.7750130472754414
decision_type=2 2 2 2 2 2 2
left_child=1 2 -1 -3 5 -2 -6
right_child=4 3 -4 -5 6 -7 -8
leaf_value=0.018721467720826827 0.019796419223997115 0.012440498217908116 -0.030256416437935384 -0.023054957376851523 -0.0013649743115422485 -0.013880391121401901 0.030966906898991734
leaf_weight=79.190158069133759 50.695049658417702 30.734762623906136 15.612186953425406 148.65521593391895 28.356314286589622 63.709098622202873 63.839035987854004
leaf_count=349 215 130 65 626 129 268 303
internal_value=0.00010254 -0.00752735 0.0101972 -0.0169034 0.0102038 0.00112629 0.0212048
internal_weight=480.792 274.192 94.8023 179.39 206.599 114.404 92.1954
internal_count=2085 1170 414 756 915 483 432
is_linear=0
shrinkage=0.04


Tree=40
num_leaves=7
num_cat=0
split_feature=82 115 15 33 39 103
split_gain=22.1714 26.2408 26.2255 19.0567 10.2673 2.01148
threshold=-0.54158157737510759 -0.76579610209267213 0.92513701386880032 1.0950477220892783 0.086077602294545461 -0.074490872363948454
decision_type=2 2 2 2 2 2
left_child=4 3 -3 -2 5 -1
right_child=1 2 -4 -5 -6 -7
leaf_value=-0.050487113575985551 0.039403031730589407 0.0019803123351718292 -0.036320977144477434 -0.020960786105850355 0.0054449645691827366 -0.020072576509683856
leaf_weight=16.554467216134071 43.226279340684414 363.36798061430454 29.034456834197044 8.9307023137807828 9.4272804707288724 9.2536197155714053
leaf_count=70 212 1564 122 37 40 40
internal_value=0.000101387 0.00257363 -0.00102347 0.0286747 -0.0295533 -0.0418098
internal_weight=479.795 444.559 392.402 52.157 35.2354 25.8081
internal_count=2085 1935 1686 249 150 110
is_linear=0
shrinkage=0.04


Tree=41
num_leaves=6
num_cat=0
split_feature=87 115 106 42 89
split_gain=21.2349 24.69 22.1087 15.026 1.85244
threshold=2.0259819419695648 0.40438061146549537 0.66420032159377707 0.9555028631824739 0.83294804059105321
decision_type=2 2 2 2 2
left_child=1 2 -1 -3 -2
right_child=4 3 -4 -5 -6
leaf_value=0.0069374747971269459 0.04323825900003047 -0.020909700192755249 -0.03073947722797497 0.026454853424795394 0.013544285852275503
leaf_weight=304.34931929409504 15.995850414037706 116.21119989454746 25.150637716054916 10.084394827485083 7.149002641439437
leaf_count=1296 99 500 108 43 39
internal_value=8.45227e-05 -0.00188157 0.0038935 -0.0167743 0.0358732
internal_weight=478.94 455.796 329.5 126.296 23.1449
internal_count=2085 1947 1404 543 138
is_linear=0
shrinkage=0.04


Tree=42
num_leaves=7
num_cat=0
split_feature=31 73 106 80 114 20
split_gain=21.1225 26.4425 33.5336 23.1372 12.6673 4.86692
threshold=1.0085809777609429 -0.11912658860401634 0.67636592492667269 2.1130645630721983 -0.43823808201778419 0.8687682974537555
decision_type=2 2 2 2 2 2
left_child=1 2 -1 -3 -2 -6
right_child=4 3 -4 -5 5 -7
leaf_value=0.020564776741181276 0.0051738338145558413 -0.0086803560556281134 -0.035647405660950648 0.034900173023697467 -0.055781558055036005 -0.015753625253531845
leaf_weight=156.40006011724472 12.231620624661444 247.40853554010391 17.187671035528183 19.178647391498089 15.878894150257112 9.5364141166210157
leaf_count=696 52 1063 72 94 68 40
internal_value=8.80199e-05 0.00259548 0.0146563 -0.00530858 -0.0278816 -0.0430071
internal_weight=477.822 440.175 173.588 266.587 37.6469 25.4153
internal_count=2085 1925 768 1157 160 108
is_linear=0
shrinkage=0.04


Tree=43
num_leaves=8
num_cat=0
split_feature=81 79 37 58 28 25 115
split_gain=21.1489 25.7475 19.1217 18.6273 17.6003 20.6891 11.609
threshold=0.12020980331568705 -0.69096225492541885 -0.77472267283598006 1.0000000180025095e-35 -0.34909697584258709 0.38664815388646917 0.32558343570647985
decision_type=2 2 2 2 2 2 2
left_child=1 3 -3 -1 5 -2 -6
right_child=4 2 -4 -5 6 -7 -8
leaf_value=-0.024317702685993661 0.0066784275518871738 0.011621879262665254 -0.022105705087541668 0.018487246570060182 0.025209105276570019 -0.045691846674788338 0.0024928354210047646
leaf_weight=18.769715204834938 37.175709530711174 31.506671220064163 146.69626872241497 75.15867917239666 93.339430667459965 15.588107302784918 58.59560738503933
leaf_count=81 167 134 622 333 424 67 257
internal_value=7.56637e-05 -0.00720912 -0.0160798 0.00960487 0.00973627 -0.00989706 0.0165945
internal_weight=476.83 272.131 178.203 93.9284 204.699 52.7638 151.935
internal_count=2085 1170 756 414 915 234 681
is_linear=0
shrinkage=0.04


Tree=44
num_leaves=7
num_cat=0
split_feature=82 31 74 114 39 94
split_gain=20.6546 23.7513 27.6371 12.7719 9.75145 1.91509
threshold=-0.54158157737510759 1.0085809777609429 -0.0096297261380280993 -0.43823808201778419 0.055817866558067204 -0.80902666788131317
decision_type=2 2 2 2 2 2
left_child=4 2 -2 -3 5 -1
right_child=1 3 -4 -5 -6 -7
leaf_value=-0.021062083690519949 0.016841827303279627 0.0059495730551239389 -0.0041048985670639835 -0.042886659501705164 0.0040368591109475379 -0.050936763407514719
leaf_weight=10.008653506636618 180.83581896871328 11.956206962466238 223.19839186221361 24.746837258338928 10.101878225803373 14.767448052763941
leaf_count=43 807 51 971 106 43 64
internal_value=6.84033e-05 0.00246382 0.00530712 -0.0274926 -0.0286934 -0.0413431
internal_weight=475.615 440.737 404.034 36.703 34.878 24.7761
internal_count=2085 1935 1778 157 150 107
is_linear=0
shrinkage=0.04


Tree=45
num_leaves=6
num_cat=0
split_feature=86 35 74 8 5
split_gain=19.8225 18.1062 18.8593 1.07327 0.00685837
threshold=1.5178690383883662 -1.2657511492603042 0.052641413874609265 -0.29546813350239859 0.091961895931577206
decision_type=2 2 2 2 2
left_child=1 3 -3 -1 -2
right_child=4 2 -4 -5 -6
leaf_value=0.046957079410300091 0.045203259335698548 0.0040813389519412727 -0.012526823526937243 0.018974062210292637 0.022498233868644281
leaf_weight=8.60032916814089 10.579275012016298 245.08949496597052 194.56330604106188 8.4915708079934102 7.4338807612657538
leaf_count=41 61 1067 835 40 41
internal_value=5.00049e-05 -0.00165022 -0.00329186 0.0364986 0.0390178
internal_weight=474.758 456.745 439.653 17.0919 18.0132
internal_count=2085 1983 1902 81 102
is_linear=0
shrinkage=0.04


Tree=46
num_leaves=5
num_cat=0
split_feature=86 31 110 114
split_gain=18.864 18.5042 19.3649 12.4698
threshold=1.6181426547406998 1.0085809777609429 0.58936529285253858 -0.43823808201778419
decision_type=2 2 2 2
left_child=1 2 -1 -3
right_child=-2 3 -4 -5
leaf_value=-0.0039098477241323549 0.041034438910235789 0.0044833124278255308 0.015944747568791235 -0.043914291920720057
leaf_weight=320.7746437638998 15.333689294755457 12.184543967247008 101.90585773438215 23.877611324191093
leaf_count=1387 90 52 453 103
internal_value=6.97954e-05 -0.00147165 0.000929529 -0.0281856
internal_weight=474.076 458.743 422.681 36.0622
internal_count=2085 1995 1840 155
is_linear=0
shrinkage=0.04


Tree=47
num_leaves=7
num_cat=0
split_feature=82 115 92 36 10 82
split_gain=19.7021 21.8024 21.6698 15.8055 9.6511 0.101312
threshold=-0.54158157737510759 -0.62921815403650749 1.2138290281937241 0.34011574606225298 -0.49506054369829761 -0.64146392234323224
decision_type=2 2 2 2 2 2
left_child=4 3 -3 -2 -1 -6
right_child=1 2 -4 -5 5 -7
leaf_value=0.003402303553805045 0.03767399577994391 -0.0039592149439408595 0.034988768049215566 -0.0016674158975264869 -0.049926392112525288 -0.028129648620877995
leaf_weight=10.638751327991484 41.614854253828526 348.64840692281723 22.453019462525845 25.865038022398949 11.055773720145224 13.001602768898012
leaf_count=45 219 1488 120 108 49 56
internal_value=6.97597e-05 0.00241493 -0.00142779 0.0229805 -0.0280906 -0.0412097
internal_weight=473.277 438.581 371.101 67.4799 34.6961 24.0574
internal_count=2085 1935 1608 327 150 105
is_linear=0
shrinkage=0.04


Tree=48
num_leaves=7
num_cat=0
split_feature=64 24 28 88 110 112
split_gain=18.5277 27.6215 22.4207 24.0607 23.4004 20.6579
threshold=-0.10413683702856578 -1.0720416735362532 0.70071831363118842 0.42519975911890723 0.2653343472453325 -1.091721854154809
decision_type=2 2 2 2 2 2
left_child=1 -1 3 -2 -4 -3
right_child=2 5 4 -5 -6 -7
leaf_value=0.04050382969565592 0.022539536935269652 0.01841491676102475 -0.037234548186999353 -0.0060326125330913442 0.014951060457529067 -0.018112625349176761
leaf_weight=14.904110707342623 139.1125852316618 27.336697794497013 30.871720522642136 69.75821627676487 22.151262998580933 167.93617758899927
leaf_count=75 613 136 136 306 100 719
internal_value=6.70151e-05 -0.00873363 0.00714244 0.0130304 -0.0156821 -0.0128642
internal_weight=472.071 210.177 261.894 208.871 53.023 195.273
internal_count=2085 930 1155 919 236 855
is_linear=0
shrinkage=0.04


Tree=49
num_leaves=7
num_cat=0
split_feature=82 31 110 114 39 103
split_gain=18.4436 20.7711 23.902 10.9515 9.21972 2.32815
threshold=-0.54158157737510759 1.0085809777609429 0.58936529285253858 -0.43823808201778419 0.055817866558067204 -0.074490872363948454
decision_type=2 2 2 2 2 2
left_child=4 2 -2 -3 5 -1
right_child=1 3 -4 -5 -6 -7
leaf_value=-0.049075313313474929 -0.0003108674836714404 0.0051621009222338659 0.022869965351046313 -0.040316794429850915 0.0045111076024705443 -0.017627977892422254
leaf_weight=15.409371063113211 310.21885814517736 11.891271099448202 90.338584080338478 24.274274051189423 10.032383143901823 8.9755551666021365
leaf_count=67 1359 51 419 106 43 40
internal_value=7.09459e-05 0.00234119 0.00500481 -0.0258764 -0.0272828 -0.0397139
internal_weight=471.14 436.723 400.557 36.1655 34.4173 24.3849
internal_count=2085 1935 1778 157 150 107
is_linear=0
shrinkage=0.04


Tree=50
num_leaves=6
num_cat=0
split_feature=87 64 81 5 95
split_gain=17.8129 19.8319 22.9703 19.2163 2.81138
threshold=2.0259819419695648 -0.10413683702856578 0.26153738016171924 -0.68225686854952494 -0.51520622817972794
decision_type=2 2 2 2 2
left_child=1 2 -1 -3 -2
right_child=4 3 -4 -5 -6
leaf_value=-0.019654263978476135 0.010447620206170776 -0.023148654262864336 0.010240059903783866 0.0098715773913638904 0.043701373502689184
leaf_weight=141.45340126752853 7.5563206300139454 30.365549564361572 56.195055246353149 220.68559279292822 14.036250025033949
leaf_count=602 45 132 252 961 93
internal_value=5.53385e-05 -0.00171846 -0.0111373 0.00572627 0.0339364
internal_weight=470.292 448.7 197.648 251.051 21.5926
internal_count=2085 1947 854 1093 138
is_linear=0
shrinkage=0.04


Tree=51
num_leaves=5
num_cat=0
split_feature=86 35 74 87
split_gain=17.1605 16.5458 17.6388 1.07198
threshold=1.6181426547406998 -1.2657511492603042 0.052641413874609265 1.0488207579948623
decision_type=2 2 2 2
left_child=1 3 -3 -1
right_child=-2 2 -4 -5
leaf_value=0.018935727603333698 0.039893459411843198 0.0041940342022343518 -0.011894187322254042 0.046664623909569596
leaf_weight=8.9985320121049899 14.693267248570917 243.81671679019928 194.17579662799835 7.7727886363863936
leaf_count=40 90 1073 841 41
internal_value=5.91208e-05 -0.00139696 -0.00296002 0.0353896
internal_weight=469.457 454.764 437.993 16.7713
internal_count=2085 1995 1914 81
is_linear=0
shrinkage=0.04


Tree=52
num_leaves=7
num_cat=0
split_feature=37 59 115 64 47 28
split_gain=16.9191 19.5095 20.7855 17.0244 15.5268 3.36912
threshold=-0.90812896292567724 -0.12081805038405763 0.96212715829920559 -0.097443508520222419 0.060380895244391733 -0.67389434178975816
decision_type=2 2 2 2 2 2
left_child=4 3 -3 -2 5 -1
right_child=1 2 -4 -5 -6 -7
leaf_value=0.056436063016661278 -0.027285379973996236 0.0095050991112164574 -0.019498900121333311 -0.0013813791393547231 -0.0071918081791288429 0.022142861808290962
leaf_weight=12.695134684443472 72.586191914975643 219.35010897368193 46.195793360471725 89.566128231585026 15.499315366148947 12.851866334676744
leaf_count=57 308 995 207 386 68 64
internal_value=7.4215e-05 -0.00232119 0.00435136 -0.0131683 0.0239822 0.0420444
internal_weight=468.745 427.698 265.546 162.152 41.0463 25.547
internal_count=2085 1896 1202 694 189 121
is_linear=0
shrinkage=0.04


Tree=53
num_leaves=7
num_cat=0
split_feature=82 31 92 114 38 18
split_gain=16.5083 19.2816 22.9478 10.243 9.01587 0.508173
threshold=-0.54158157737510759 1.0085809777609429 1.2138290281937241 -0.43823808201778419 -0.48569827749444344 -0.29766887577245643
decision_type=2 2 2 2 2 2
left_child=4 2 -2 -3 -1 -6
right_child=1 3 -4 -5 5 -7
leaf_value=0.0044074079632865342 0.0024198612541289142 0.0049413510240981454 0.043549267214445665 -0.039146429079993543 -0.02208289678388756 -0.0453781604819131
leaf_weight=10.552381202578543 377.06128789484501 11.871884346008299 21.053662106394768 23.999298483133316 9.1409404426813126 14.419489234685898
leaf_count=45 1658 51 120 106 41 64
internal_value=7.70582e-05 0.00222946 0.00480173 -0.0250648 -0.0259129 -0.0387752
internal_weight=468.099 433.986 398.115 35.8712 34.1128 23.5604
internal_count=2085 1935 1778 157 150 105
is_linear=0
shrinkage=0.04


Tree=54
num_leaves=8
num_cat=0
split_feature=81 80 59 28 46 41 13
split_gain=16.0277 18.9572 17.3135 11.9895 16.0243 10.318 3.88577
threshold=0.36464055262565431 -0.89904309986251418 2.2894212484115291 -0.34909697584258709 0.1465782480694463 -0.8695775317663702 -0.61057647942048865
decision_type=2 2 2 2 2 2 2
left_child=1 6 -3 4 -2 -5 -1
right_child=3 2 -4 5 -6 -7 -8
leaf_value=0.0075134581549731296 0.014793564715713921 -0.0093662839612064439 0.034811285475409445 -0.0082980796999477836 -0.039950257729603054 0.023097428745903564 0.044633817255484418
leaf_weight=8.1853379309177416 17.326261177659038 294.49482583999634 12.967240855097769 19.409238301217556 13.562836498022078 89.686985909938812 11.57684040814638
leaf_count=35 82 1278 54 92 61 419 64
internal_value=6.54942e-05 -0.00477946 -0.00729015 0.0112987 -0.0102111 0.017463 0.0313624
internal_weight=467.21 327.224 307.462 139.985 30.8891 109.096 19.7622
internal_count=2085 1431 1332 654 143 511 99
is_linear=0
shrinkage=0.04


Tree=55
num_leaves=5
num_cat=0
split_feature=86 35 74 8
split_gain=15.9309 15.2681 16.1357 1.11514
threshold=1.6181426547406998 -1.2657511492603042 -0.52357743261993261 -0.29546813350239859
decision_type=2 2 2 2
left_child=1 3 -3 -1
right_child=-2 2 -4 -5
leaf_value=0.044808112492132728 0.039026830774028978 0.011295289993651354 -0.0069691220505544065 0.017144846621436446
leaf_weight=8.2262787148356455 14.220432385802267 98.341299250721931 337.29138758778572 8.2210451140999776
leaf_count=41 90 442 1472 40
internal_value=7.54036e-05 -0.00131633 -0.00281327 0.0343388
internal_weight=466.3 452.08 435.633 16.4473
internal_count=2085 1995 1914 81
is_linear=0
shrinkage=0.04


Tree=56
num_leaves=7
num_cat=0
split_feature=36 53 74 63 28 33
split_gain=16.0311 29.1003 22.2157 20.3164 17.6215 6.78742
threshold=0.3181664776667304 -0.74999999999999989 -0.56058096279008118 -1.0516515560752364 -0.31989791787600602 0.52067136251563517
decision_type=2 2 2 2 2 2
left_child=2 -2 5 -4 -3 -1
right_child=1 4 3 -5 -6 -7
leaf_value=0.04130817830356949 0.035982916270270053 -0.039164432760273843 0.044337684201758529 -0.001655842093567823 -0.0074272992693584306 0.0034110171208270733
leaf_weight=30.056077733635902 17.154631033539772 38.003906801342964 14.332709968090056 258.05012123286724 97.60996150970459 10.396428272128103
leaf_count=156 73 162 61 1169 413 51
internal_value=9.12982e-05 -0.01045 0.00527265 0.00106987 -0.0167611 0.032188
internal_weight=465.604 152.768 312.835 272.383 135.614 40.4525
internal_count=2085 648 1437 1230 575 207
is_linear=0
shrinkage=0.04


Tree=57
num_leaves=7
num_cat=0
split_feature=37 59 115 64 47 28
split_gain=15.7664 17.0083 19.4116 15.3533 14.2991 3.28963
threshold=-0.90812896292567724 -0.12081805038405763 0.2791046213932637 -0.097443508520222419 0.060380895244391733 -0.67389434178975816
decision_type=2 2 2 2 2 2
left_child=4 3 -3 -2 5 -1
right_child=1 2 -4 -5 -6 -7
leaf_value=0.05503229903017038 -0.025843428330384412 0.013482100818080583 -0.0082742644153431435 -0.0011552554314376733 -0.0066715456468845703 0.021119584562884101
leaf_weight=12.528715476393698 71.980329163372517 148.93900419026613 114.29060542583466 88.970105893909931 15.382702082395552 12.587032467126848
leaf_count=57 308 674 528 386 68 64
internal_value=0.000101586 -0.0022156 0.00404463 -0.012378 0.0233338 0.0408479
internal_weight=464.678 424.18 263.23 160.95 40.4985 25.1157
internal_count=2085 1896 1202 694 189 121
is_linear=0
shrinkage=0.04


Tree=58
num_leaves=6
num_cat=0
split_feature=87 70 28 33 95
split_gain=15.2802 17.5561 33.2892 20.8077 2.81089
threshold=2.0259819419695648 0.26168629432132279 0.9012638048087791 -1.0066906945212797 -0.51520622817972794
decision_type=2 2 2 2 2
left_child=1 3 -3 -1 -2
right_child=4 2 -4 -5 -6
leaf_value=0.030841560819180956 0.0090536587975488057 0.017797189673962713 -0.03501575044163853 -0.0098891572414057972 0.042462610686750488
leaf_weight=19.675659827888012 7.3043288737535503 123.5579727217555 20.617152452468872 279.69043560326099 13.067062407732008
leaf_count=90 45 545 88 1224 93
internal_value=0.000106195 -0.001514 0.00986914 -0.00702524 0.0323639
internal_weight=463.913 443.541 144.175 299.366 20.3714
internal_count=2085 1947 633 1314 138
is_linear=0
shrinkage=0.04


Tree=59
num_leaves=7
num_cat=0
split_feature=31 73 106 80 6 117
split_gain=15.1432 18.9893 26.9192 18.6344 8.90529 8.80139
threshold=1.0498736395851496 -0.11912658860401634 0.67636592492667269 2.1130645630721983 1.0790108611147275 -0.31414265549141374
decision_type=2 2 2 2 2 2
left_child=1 2 -1 -3 -2 -6
right_child=4 3 -4 -5 5 -7
leaf_value=0.017849603148228355 -0.050253056146665066 -0.0076844667743636418 -0.032390613840004877 0.032069564660002395 0.017882785954289038 -0.03204218240117946
leaf_weight=152.87471427023411 12.058751285076143 243.46495907753706 17.329499989748001 18.468378752470016 9.6105133593082446 9.1502496749162656
leaf_count=707 54 1072 74 96 42 40
internal_value=0.000112607 0.00209266 0.0124176 -0.00465972 -0.0260865 -0.00720831
internal_weight=462.957 432.138 170.204 261.933 30.8195 18.7608
internal_count=2085 1949 781 1168 136 82
is_linear=0
shrinkage=0.04


Tree=60
num_leaves=7
num_cat=0
split_feature=86 64 24 28 27 40
split_gain=14.6189 15.6908 22.0179 17.7759 11.4568 7.9629
threshold=1.0190409879967504 -0.10413683702856578 -1.0720416735362532 0.70071831363118842 0.388614715377891 0.24630312711009653
decision_type=2 2 2 2 2 2
left_child=1 2 -1 -3 -2 -6
right_child=4 3 -4 -5 5 -7
leaf_value=0.037035487733092953 0.042754181454965762 0.0099644679518959989 -0.014813913611030925 -0.016869966372225202 0.023149271144746408 -0.023096773009834339
leaf_weight=12.293260335922239 19.777722589671612 193.16346933692694 169.25317431241274 47.60890469700098 10.225276045501234 9.6203857362270337
leaf_count=60 123 839 739 216 66 42
internal_value=9.89978e-05 -0.00212051 -0.0109377 0.00456312 0.0227204 0.000668912
internal_weight=461.942 422.319 181.546 240.772 39.6234 19.8457
internal_count=2085 1854 799 1055 231 108
is_linear=0
shrinkage=0.04


Tree=61
num_leaves=6
num_cat=0
split_feature=87 70 28 33 95
split_gain=14.1849 16.2326 29.5725 18.8529 2.82293
threshold=2.0259819419695648 0.26168629432132279 0.9012638048087791 -1.0066906945212797 -0.51520622817972794
decision_type=2 2 2 2 2
left_child=1 3 -3 -1 -2
right_child=4 2 -4 -5 -6
leaf_value=0.029519917308464542 0.0083484664478119461 0.017037939898508905 -0.032808739490680736 -0.0094746689862797509 0.041931567674191275
leaf_weight=19.416339047253132 7.1674311533570316 122.82325280457735 20.571757093071938 278.49649024754763 12.592374943196772
leaf_count=90 45 545 88 1224 93
internal_value=0.000106232 -0.00144194 0.00953389 -0.00675331 0.031637
internal_weight=461.068 441.308 143.395 297.913 19.7598
internal_count=2085 1947 633 1314 138
is_linear=0
shrinkage=0.04


Tree=62
num_leaves=7
num_cat=0
split_feature=37 59 74 16 106 10
split_gain=14.0116 15.4916 18.3364 13.2069 10.4801 4.79842
threshold=-0.90812896292567724 2.2894212484115291 -0.36569544142853777 0.60650950709351326 0.12818487077171103 0.45599867399714017
decision_type=2 2 2 2 2 2
left_child=3 2 -2 4 -1 -3
right_child=1 5 -4 -5 -6 -7
leaf_value=0.050635418603028198 0.0086222784208117298 0.0039228777142934794 -0.0098010391060572716 -0.014286305721595257 0.00018772380413868784 0.040944928379429507
leaf_weight=19.821472629904751 124.4385302811861 9.1702973693609255 272.15480683743954 10.524667114019392 9.4599641188979131 14.530324399471281
leaf_count=94 570 41 1206 51 44 79
internal_value=0.000112526 -0.00207477 -0.00400612 0.0222015 0.0353913 0.0280403
internal_weight=460.1 420.294 396.593 39.8061 29.2814 23.7006
internal_count=2085 1896 1776 189 138 120
is_linear=0
shrinkage=0.04


Tree=63
num_leaves=7
num_cat=0
split_feature=82 115 15 35 10 18
split_gain=13.9431 16.8587 19.7161 15.7467 8.6876 0.606042
threshold=-0.54158157737510759 -0.62921815403650749 0.92513701386880032 0.9304400779614862 -0.49506054369829761 -0.29766887577245643
decision_type=2 2 2 2 2 2
left_child=4 3 -3 -2 -1 -6
right_child=1 2 -4 -5 5 -7
leaf_value=0.0056724981470766093 0.02831471302022269 0.0014086565006123321 -0.033583888951303667 -0.026530879675004268 -0.020333518354801416 -0.043486084163141418
leaf_weight=10.416867718100546 55.804054766893387 336.09497556835413 25.890751793980598 8.1758972704410535 8.9191629886627197 14.050590708851814
leaf_count=45 293 1494 114 34 41 64
internal_value=0.00012299 0.00211772 -0.00126494 0.0207143 -0.0240082 -0.0368447
internal_weight=459.352 425.966 361.986 63.98 33.3866 22.9698
internal_count=2085 1935 1608 327 150 105
is_linear=0
shrinkage=0.04


Tree=64
num_leaves=6
num_cat=0
split_feature=64 24 110 34 14
split_gain=13.7898 20.8377 18.1024 16.2264 18.8341
threshold=-0.10413683702856578 -1.0720416735362532 0.48454296428867433 1.1657361729020568 -0.55526870064805633
decision_type=2 2 2 2 2
left_child=1 -1 -3 4 -2
right_child=3 2 -4 -5 -6
leaf_value=0.036736508153586075 -0.015437478196762002 -0.020367679043504623 0.0051283072932794653 -0.030093588706106671 0.014061182461719165
leaf_weight=13.7685599476099 40.142046667635441 121.152647331357 68.754935085773468 16.331590607762337 198.25753846764565
leaf_count=75 185 538 317 71 899
internal_value=0.000103015 -0.00761488 -0.0111798 0.00628528 0.00900705
internal_weight=458.407 203.676 189.908 254.731 238.4
internal_count=2085 930 855 1155 1084
is_linear=0
shrinkage=0.04


Tree=65
num_leaves=7
num_cat=0
split_feature=106 22 36 53 39 34
split_gain=13.3521 39.3335 18.89 27.4217 24.7417 4.56723
threshold=0.64452357708535635 -0.75864412028474526 0.3181664776667304 -0.74999999999999989 -0.30063884315523731 -0.31687518161020894
decision_type=2 2 2 2 2 2
left_child=2 -2 4 -4 -1 -3
right_child=1 5 3 -5 -6 -7
leaf_value=0.027043448161623091 0.036396608405029902 -0.012468188251788168 0.037164479649614182 -0.01516073091768873 0.0005809462559097277 -0.042660426458153981
leaf_weight=82.49473412334919 14.833194024860857 13.166766136884688 16.375644609332085 126.7048594802618 171.08756672590971 33.068118825554848
leaf_count=386 68 59 70 542 811 149
internal_value=9.74336e-05 -0.0170047 0.00280248 -0.00874231 0.00933392 -0.0349358
internal_weight=457.731 61.0681 396.663 143.081 253.582 46.2349
internal_count=2085 276 1809 612 1197 208
is_linear=0
shrinkage=0.04


Tree=66
num_leaves=6
num_cat=0
split_feature=87 85 37 115 95
split_gain=13.1187 14.7685 15.5727 14.5644 2.76807
threshold=2.0259819419695648 0.8854074663878847 1.5840066805046586 1.0454949774515503 -0.51520622817972794
decision_type=2 2 2 2 2
left_child=1 3 -3 -1 -2
right_child=4 2 -4 -5 -6
leaf_value=0.0040197253998861893 0.0078593804525293048 -0.027433118052223981 0.022749887369607719 -0.02476911321070252 0.041308147869916441
leaf_weight=344.76210533082485 7.0669807568192509 53.635695300996304 10.440187059342859 28.605836287140846 12.078856222331522
leaf_count=1521 45 245 52 129 93
internal_value=9.89852e-05 -0.00138229 -0.0188155 0.00169383 0.0308729
internal_weight=456.59 437.444 64.0759 373.368 19.1458
internal_count=2085 1947 297 1650 138
is_linear=0
shrinkage=0.04


Tree=67
num_leaves=6
num_cat=0
split_feature=86 35 80 5 69
split_gain=13.0855 13.1499 12.9272 0.803596 0.610443
threshold=1.5178690383883662 -1.2657511492603042 -0.893318901244747 0.3758313248260694 -0.89081786413015951
decision_type=2 2 2 2 2
left_child=1 4 -3 -2 -1
right_child=3 2 -4 -5 -6
leaf_value=0.041855752086317609 0.04157073276257562 0.027568833941834976 -0.0042085488235756776 0.014023305581094745 0.017730819509726225
leaf_weight=7.4058795571327201 9.6415836885571462 19.582224883139133 405.36448610574007 5.3558181300759307 8.3880043104290944
leaf_count=39 69 101 1801 33 42
internal_value=9.95405e-05 -0.00122315 -0.00262191 0.0345407 0.0324762
internal_weight=455.738 440.741 424.947 14.9974 15.7939
internal_count=2085 1983 1902 102 81
is_linear=0
shrinkage=0.04


Tree=68
num_leaves=8
num_cat=0
split_feature=81 73 47 28 25 110 41
split_gain=12.8778 16.821 21.4699 14.8815 17.1979 12.5916 9.92146
threshold=0.12020980331568705 -0.11912658860401634 -0.28491437346259779 -0.34909697584258709 0.40743218746661097 1.1543685781034789 -1.2679423288434724
decision_type=2 2 2 2 2 2 2
left_child=1 2 -1 4 -2 -3 -5
right_child=3 5 -4 6 -6 -7 -8
leaf_value=0.025670184775473812 0.0045200220304034361 -0.019254784100639428 -0.007964562269973538 -0.027735678058319561 -0.044870798912957276 0.02103808377460567 0.016755534633377093
leaf_weight=46.927377842366695 36.177509807050228 122.86552398651838 78.321841806173325 6.7383370846509925 14.188752889633177 12.133459419012068 137.78030651807785
leaf_count=219 171 549 351 32 63 51 649
internal_value=0.000120796 -0.0056842 0.00484283 0.00785175 -0.0105763 -0.0153791 0.0143308
internal_weight=455.133 260.248 125.249 194.885 50.3663 134.999 144.519
internal_count=2085 1170 570 915 234 600 681
is_linear=0
shrinkage=0.04


Tree=69
num_leaves=7
num_cat=0
split_feature=106 31 73 36 86 42
split_gain=12.6709 42.4292 17.7375 21.2363 19.3462 5.64137
threshold=0.64452357708535635 -0.75233395977602424 -0.11912658860401634 0.51714164608979163 0.47156438008708451 0.45584942492250352
decision_type=2 2 2 2 2 2
left_child=2 -2 3 -1 -4 -3
right_child=1 5 4 -5 -6 -7
leaf_value=0.020096879476888898 0.040592961508712 -0.042175319989177354 -0.0095376432925562589 -0.0150388816544777 0.020911452291400529 -0.0075088331862290117
leaf_weight=129.11058962345123 13.982661463320254 35.751058392226696 192.98867087066174 33.257634565234184 38.342763535678387 10.614114008843897
leaf_count=624 65 161 843 141 201 50
internal_value=0.000110679 -0.0166501 0.002751 0.0128047 -0.00435478 -0.034878
internal_weight=454.047 60.3478 393.7 162.368 231.331 46.3652
internal_count=2085 276 1809 765 1044 211
is_linear=0
shrinkage=0.04


Tree=70
num_leaves=7
num_cat=0
split_feature=31 64 112 5 6 117
split_gain=12.142 14.6606 21.1712 16.3449 8.28149 8.06898
threshold=1.0498736395851496 -0.10413683702856578 -1.091721854154809 -0.68225686854952494 1.0790108611147275 -0.31414265549141374
decision_type=2 2 2 2 2 2
left_child=1 2 -1 -3 -2 -6
right_child=4 3 -4 -5 5 -7
leaf_value=0.02581272473261717 -0.04746346974981789 -0.016857421602138871 -0.011724198067528866 0.012885844127574726 0.018440942444036903 -0.029705644706589363
leaf_weight=26.203859642148018 11.551842272281649 32.85138888657093 163.48318533971906 200.15601316094398 9.4653448760509509 8.9219750612974149
leaf_count=143 54 154 736 916 42 40
internal_value=0.000107949 0.0018962 -0.00632353 0.00858461 -0.0236772 -0.00554328
internal_weight=452.634 422.694 189.687 233.007 29.9392 18.3873
internal_count=2085 1949 879 1070 136 82
is_linear=0
shrinkage=0.04


Tree=71
num_leaves=6
num_cat=0
split_feature=59 64 112 28 10
split_gain=11.9755 14.6886 21.1686 15.0469 4.45764
threshold=2.2894212484115291 -0.10413683702856578 -1.091721854154809 0.70071831363118842 0.45599867399714017
decision_type=2 2 2 2 2
left_child=1 2 -1 -3 -2
right_child=4 3 -4 -5 -6
leaf_value=0.020691463464234332 0.0037026571394381575 0.0099804132109429459 -0.015716770399432006 -0.014306407853219271 0.039763152091529086
leaf_weight=28.678208097815514 9.0396609678864497 194.4065937846899 156.29861469566822 49.654616840183735 13.950362667441366
leaf_count=154 41 886 694 231 79
internal_value=9.50905e-05 -0.00146609 -0.00991121 0.0049631 0.0270153
internal_weight=452.028 429.038 184.977 244.061 22.99
internal_count=2085 1965 848 1117 120
is_linear=0
shrinkage=0.04


Tree=72
num_leaves=7
num_cat=0
split_feature=82 115 97 35 37 5
split_gain=12.0445 14.6402 17.3944 16.1108 9.42281 1.99378
threshold=-0.54158157737510759 -0.62921815403650749 -0.19606701993001915 0.94163424034715371 -0.44018468051870768 -0.20187414248086047
decision_type=2 2 2 2 2 2
left_child=4 3 -3 -2 -1 -6
right_child=1 2 -4 -5 5 -7
leaf_value=0.010945381836301941 0.027239338131710197 -0.014291939629906079 0.004703180624915349 -0.029471093023000036 -0.015397669442563209 -0.043954607186395843
leaf_weight=8.82714696228504 54.509424921125174 109.81768793612719 246.75484256446362 7.6545296609401694 9.2264071404933929 14.542123600840569
leaf_count=38 295 489 1119 32 44 68
internal_value=9.95767e-05 0.00196464 -0.00119405 0.0195554 -0.0225882 -0.0349249
internal_weight=451.332 418.736 356.573 62.164 32.5957 23.7685
internal_count=2085 1935 1608 327 150 112
is_linear=0
shrinkage=0.04


Tree=73
num_leaves=7
num_cat=0
split_feature=106 31 82 80 39 42
split_gain=12.2756 39.4453 14.277 14.8116 8.8257 5.08831
threshold=0.64452357708535635 -0.75233395977602424 -0.53591239326548157 -0.75075952826179793 0.055817866558067204 0.45584942492250352
decision_type=2 2 2 2 2 2
left_child=2 -2 4 -4 -1 -3
right_child=1 5 3 -5 -6 -7
leaf_value=-0.033338767502961678 0.038981988494231894 -0.041131382637434218 0.030904063604103943 0.0025273446253433617 0.00919661030789325 -0.0079588337579180185
leaf_weight=24.491083011031151 13.842054437845944 35.343705400824547 30.411755032837391 325.74732496589422 10.031585246324537 10.615078173577784
leaf_count=114 65 161 159 1491 45 50
internal_value=8.533e-05 -0.0164859 0.00269291 0.00510942 -0.0211521 -0.034121
internal_weight=450.483 59.8008 390.682 356.159 34.5227 45.9588
internal_count=2085 276 1809 1650 159 211
is_linear=0
shrinkage=0.04


Tree=74
num_leaves=7
num_cat=0
split_feature=16 37 110 40 98 100
split_gain=11.9114 14.138 21.5068 12.9415 8.19127 1.24585
threshold=1.0649232514851141 -0.90812896292567724 0.25541592198831603 -0.60638195842772946 0.14738947684575174 0.11201246169882596
decision_type=2 2 2 2 2 2
left_child=1 4 -3 -2 -1 -5
right_child=3 2 -4 5 -6 -7
leaf_value=0.0066599534760491529 0.015683591739471096 -0.0082569054350470818 0.010834217007847704 -0.048136487759254117 0.045503517991524481 -0.019799929710430927
leaf_weight=18.894387766718864 8.3828467428684252 227.31743746995926 158.49102967232466 12.54284191131592 15.472385309636591 8.381863132119177
leaf_count=84 41 1033 746 55 86 40
internal_value=8.14909e-05 0.00184651 -0.000398799 -0.0237247 0.0256886 -0.0395033
internal_weight=449.483 420.175 385.808 29.3076 34.3668 20.9247
internal_count=2085 1949 1779 136 170 95
is_linear=0
shrinkage=0.04


Tree=75
num_leaves=7
num_cat=0
split_feature=106 4 73 36 80 34
split_gain=11.2793 32.42 15.7104 18.4307 15.943 4.54771
threshold=0.64452357708535635 -0.8345946373977986 -0.11912658860401634 0.51714164608979163 0.86256748308481546 -0.31687518161020894
decision_type=2 2 2 2 2 2
left_child=2 -2 3 -1 -4 -3
right_child=1 5 4 -5 -6 -7
leaf_value=0.018993081795549351 0.034177648912351172 -0.010439795740144931 -0.0086153756870454897 -0.01391711411532601 0.020071826878528088 -0.040000219775430085
leaf_weight=126.96110462397337 13.947092738002537 13.387509070336817 194.64667151123285 32.945869788527489 34.854401208460331 31.93342536687851
leaf_count=624 66 61 876 141 168 149
internal_value=7.90381e-05 -0.0158803 0.00257678 0.0121244 -0.00412287 -0.0320785
internal_weight=448.676 59.268 389.408 159.907 229.501 45.3209
internal_count=2085 276 1809 765 1044 210
is_linear=0
shrinkage=0.04


Tree=76
num_leaves=6
num_cat=0
split_feature=86 35 68 12 87
split_gain=11.0522 11.6104 11.3152 1.15484 1.11683
threshold=1.5178690383883662 -1.2657511492603042 -0.4226226750131572 0.38520218995302274 0.63994825597898841
decision_type=2 2 2 2 2
left_child=1 4 -3 -2 -1
right_child=3 2 -4 -5 -6
leaf_value=0.014751555193171518 0.040280846535089398 0.0080614396603691987 -0.006521487942591715 0.010362603742353396 0.041671646286913583
leaf_weight=8.0177441164851171 9.2580948397517187 116.40410266071558 301.6650967374444 4.6927708312869063 7.3444649986922732
leaf_count=37 73 515 1387 29 44
internal_value=7.60509e-05 -0.00112225 -0.00244208 0.0327782 0.0309394
internal_weight=447.382 433.431 418.069 13.9509 15.3622
internal_count=2085 1983 1902 102 81
is_linear=0
shrinkage=0.04


Tree=77
num_leaves=7
num_cat=0
split_feature=16 80 14 40 102 100
split_gain=11.1496 13.7473 21.9095 11.9601 6.00675 1.05964
threshold=1.0649232514851141 2.8664729721261826 -0.66943788734997456 -0.60638195842772946 0.12802937150818722 0.0020068418354293764
decision_type=2 2 2 2 2 2
left_child=1 2 -1 -2 -3 -5
right_child=3 4 -4 5 -6 -7
leaf_value=-0.020551275101701329 0.015007221344466557 0.0042949910380078301 0.0043318780056412869 -0.047068593144566406 0.049156645313698996 -0.020191319328581408
leaf_weight=66.167262852191925 8.2950897142291087 8.0099764280021208 332.11996594816446 11.792754501104357 11.565176174044607 8.8827397227287275
leaf_count=302 41 41 1545 52 61 43
internal_value=9.31579e-05 0.0018012 0.000116024 -0.0230684 0.0328995 -0.0383208
internal_weight=446.833 417.862 398.287 28.9706 19.5752 20.6755
internal_count=2085 1949 1847 136 102 95
is_linear=0
shrinkage=0.04


Tree=78
num_leaves=6
num_cat=0
split_feature=87 85 28 12 89
split_gain=10.9211 12.7759 20.2231 13.7828 3.12973
threshold=2.0259819419695648 0.8854074663878847 0.85601243087397372 -0.29417342727847878 1.0017918926757601
decision_type=2 2 2 2 2
left_child=1 2 -1 -3 -2
right_child=4 3 -4 -5 -6
leaf_value=0.0052844068558229561 0.038586449118311217 0.00313283820909968 -0.022202838812894445 -0.034053076863461068 0.0016924476604323439
leaf_weight=318.94696298986673 12.636220898479225 27.991545714437962 47.429420486092567 34.131954543292522 5.1675184518098822
leaf_count=1440 105 134 210 163 33
internal_value=8.69628e-05 -0.00124949 0.00162481 -0.0177228 0.0291304
internal_weight=446.304 428.5 366.376 62.1235 17.8037
internal_count=2085 1947 1650 297 138
is_linear=0
shrinkage=0.04


Tree=79
num_leaves=6
num_cat=0
split_feature=37 110 25 14 21
split_gain=10.8062 14.0844 19.4965 18.4546 1.84227
threshold=-1.0707390354836321 0.23794266999777094 0.42961836715946994 -0.63619615714018685 0.13235490578763889
decision_type=2 2 2 2 2
left_child=4 3 -3 -2 -1
right_child=1 2 -4 -5 -6
leaf_value=0.045308279783988381 -0.028783010066422126 0.016414858191766538 -0.011639551867228322 -0.0017908239675819438 0.013000435219278557
leaf_weight=6.8106848448514921 48.639567449688911 121.34045597165823 56.70499812066555 204.50720575451851 7.5161714926362038
leaf_count=35 221 592 251 940 46
internal_value=8.23436e-05 -0.00112204 0.00744988 -0.00716206 0.0320277
internal_weight=445.519 431.192 178.045 253.147 14.3269
internal_count=2085 2004 843 1161 81
is_linear=0
shrinkage=0.04


Tree=80
num_leaves=6
num_cat=0
split_feature=86 30 14 99 12
split_gain=10.4339 11.4769 15.8166 12.9359 1.05563
threshold=1.5178690383883662 0.17919167215186374 -0.58383092288580374 0.73572532674068303 0.38520218995302274
decision_type=2 2 2 2 2
left_child=1 2 -1 -3 -2
right_child=4 3 -4 -5 -6
leaf_value=-0.01297596210302116 0.039682054047333853 -0.0043308030831963051 0.009716396571628181 -0.034681917097832859 0.0104277153124406
leaf_weight=63.230172507464886 8.9017795622348768 144.84031001478434 198.39771690964699 24.776183396577835 4.6503598839044562
leaf_count=286 73 674 908 115 29
internal_value=8.52439e-05 -0.00107068 0.00417528 -0.00911676 0.0322755
internal_weight=444.797 431.244 261.628 169.616 13.5521
internal_count=2085 1983 1194 789 102
is_linear=0
shrinkage=0.04


Tree=81
num_leaves=8
num_cat=0
split_feature=81 74 36 68 28 24 41
split_gain=10.3045 15.3108 17.7365 15.6915 14.0955 13.697 9.14827
threshold=0.12020980331568705 -0.56891725168338969 -0.034642189855754506 -0.4226226750131572 -0.34909697584258709 0.27225412099640728 -1.2679423288434724
decision_type=2 2 2 2 2 2 2
left_child=1 2 -1 -3 5 -2 -6
right_child=4 3 -4 -5 6 -7 -8
leaf_value=0.045502143702519628 0.0026253711275636749 0.01251907013619943 -0.002526854188776228 -0.015537106045879568 -0.026976066611719533 -0.04205885325636146 0.015838000097385889
leaf_weight=16.538534261286259 35.356185168027878 37.910582289099693 35.994706533849239 163.50602753460407 6.7015434540808192 13.779908776283262 134.49950002506375
leaf_count=95 169 168 157 750 32 65 649
internal_value=8.34201e-05 -0.00517408 0.0137079 -0.0101852 0.0070789 -0.0110609 0.0134576
internal_weight=444.287 253.95 52.5332 201.417 190.337 49.1361 141.201
internal_count=2085 1170 252 918 915 234 681
is_linear=0
shrinkage=0.04


Tree=82
num_leaves=6
num_cat=0
split_feature=37 110 25 74 6
split_gain=10.2413 12.8089 17.8197 13.6174 2.24664
threshold=-1.0707390354836321 0.23794266999777094 0.42961836715946994 1.1469147646098221 0.18303486166677896
decision_type=2 2 2 2 2
left_child=4 3 -3 -2 -1
right_child=1 2 -4 -5 -6
leaf_value=0.044820938823291086 -0.0035887312840933135 0.015727247589110802 -0.011160708033643711 -0.033352646096048558 0.01051330414236047
leaf_weight=7.1977503746747953 226.47095984220505 120.39927063137293 56.485669679939747 25.693674720823765 6.962401770055294
leaf_count=39 1043 592 251 118 42
internal_value=7.89745e-05 -0.00109341 0.00711218 -0.00686003 0.0313411
internal_weight=443.21 429.05 176.885 252.165 14.1602
internal_count=2085 2004 843 1161 81
is_linear=0
shrinkage=0.04


Tree=83
num_leaves=7
num_cat=0
split_feature=64 24 88 28 110 88
split_gain=10.1205 17.1294 16.6564 12.7895 18.7798 15.0094
threshold=-0.10413683702856578 -1.0720416735362532 -0.64587804951533878 0.70071831363118842 0.2653343472453325 0.42519975911890723
decision_type=2 2 2 2 2 2
left_child=1 -1 -3 5 -5 -2
right_child=3 2 -4 4 -6 -7
leaf_value=0.034785061530765278 0.017899674560086249 0.022153870923652671 -0.014285127709948411 -0.032158652051761584 0.015869834478211158 -0.0052596697103400418
leaf_weight=12.867997191846369 129.55608161538839 21.052763715386391 162.36748392134905 29.075886465609074 20.802871257066727 66.736484944820404
leaf_count=75 613 91 764 136 100 306
internal_value=8.02788e-05 -0.00665757 -0.00990886 0.00546316 -0.0122879 0.0100522
internal_weight=442.46 196.288 183.42 246.171 49.8788 196.293
internal_count=2085 930 855 1155 236 919
is_linear=0
shrinkage=0.04


Tree=84
num_leaves=7
num_cat=0
split_feature=16 74 37 69 40 86
split_gain=10.0145 12.5943 19.1594 16.9322 10.7485 1.159
threshold=1.0649232514851141 -0.36569544142853777 -0.90812896292567724 0.74401550600428357 -0.60638195842772946 -0.037139863178523379
decision_type=2 2 2 2 2 2
left_child=1 3 -3 -1 -2 -6
right_child=4 2 -4 -5 5 -7
leaf_value=0.018238381690044131 0.014175280126969681 0.027990657571393816 -0.0057637238178294518 -0.032671636634612797 -0.045320159434693301 -0.018340463667172631
leaf_weight=99.997919768095016 8.2051929533481616 27.807255379855633 275.54597914591432 9.8100049644708616 11.778440088033678 8.4557541757822019
leaf_count=493 41 132 1282 42 55 40
internal_value=8.45538e-05 0.00170789 -0.00250652 0.0131871 -0.0220616 -0.0367094
internal_weight=441.601 413.161 303.353 109.808 28.4394 20.2342
internal_count=2085 1949 1414 535 136 95
is_linear=0
shrinkage=0.04


Tree=85
num_leaves=6
num_cat=0
split_feature=35 106 31 73 87
split_gain=9.99971 11.5465 28.8407 16.259 1.19012
threshold=-1.2657511492603042 0.64452357708535635 -0.75233395977602424 -0.11912658860401634 0.59797368230562908
decision_type=2 2 2 2 2
left_child=4 3 -3 -2 -1
right_child=1 2 -4 -5 -6
leaf_value=0.013598505170990729 0.011246057942586969 0.034890746985208373 -0.032185961885829485 -0.0056497347901334491 0.040834614540186213
leaf_weight=7.6951923668384534 155.33403068780899 11.391179058700798 44.390620440244675 214.64825651794672 7.3396451622247696
leaf_count=35 756 52 210 986 46
internal_value=7.38594e-05 -0.00112332 -0.0177547 0.00146615 0.0301277
internal_weight=440.799 425.764 55.7818 369.982 15.0348
internal_count=2085 2004 262 1742 81
is_linear=0
shrinkage=0.04


Tree=86
num_leaves=7
num_cat=0
split_feature=51 106 31 36 116 1
split_gain=9.90983 11.8379 25.1819 12.7387 6.33552 4.44183
threshold=-1.2891604577080338 0.64452357708535635 -0.75233395977602424 0.3181664776667304 0.24630476084247521 -0.71502398576192205
decision_type=2 2 2 2 2 2
left_child=4 3 -3 -2 -1 -6
right_child=1 2 -4 -5 5 -7
leaf_value=-0.0013104884334566077 0.006689204058518694 0.033801246090610131 -0.033552609703197456 -0.0088844415433812964 0.045711294108605798 0.0079808449651738063
leaf_weight=14.322605870664118 221.69897804409266 9.5463858693838102 39.778152219951153 132.61478434503078 12.896358266472815 9.0153570771217364
leaf_count=65 1097 44 190 583 61 45
internal_value=8.22866e-05 -0.00175302 -0.0197076 0.000843052 0.0195493 0.0321534
internal_weight=439.873 403.638 49.3245 354.314 36.2343 21.9117
internal_count=2085 1914 234 1680 171 106
is_linear=0
shrinkage=0.04


Tree=87
num_leaves=7
num_cat=0
split_feature=115 42 86 82 101 15
split_gain=9.82628 13.89 13.3803 10.8575 8.54476 7.71488
threshold=1.0247681111125202 0.60567274853583764 1.0190409879967504 -0.34870126157747455 0.30956966035956374 0.62446310782587278
decision_type=2 2 2 2 2 2
left_child=2 4 3 -1 -2 -4
right_child=1 -3 5 -5 -6 -7
leaf_value=-0.011579473891173643 -0.048857043771730238 0.020541833987789242 0.042227982668992962 0.0038932886618972336 -0.0031690907219850202 -0.0020145412407316294
leaf_weight=95.686769410967827 16.99020849913359 9.0605409741401655 17.741918049752716 280.14171347022057 10.445672653615473 9.0079934597015363
leaf_count=429 81 42 140 1287 51 55
internal_value=8.78308e-05 -0.0192237 0.00192492 -8.65532e-05 -0.0328595 0.0282257
internal_weight=439.075 36.4964 402.578 375.828 27.4359 26.7499
internal_count=2085 174 1911 1716 132 195
is_linear=0
shrinkage=0.04


Tree=88
num_leaves=6
num_cat=0
split_feature=80 81 59 28 13
split_gain=9.49733 11.5724 12.1716 9.4291 4.26527
threshold=-0.89904309986251418 0.36464055262565431 2.2894212484115291 -0.34909697584258709 -0.66548279562870316
decision_type=2 2 2 2 2
left_child=4 2 -2 -3 -1
right_child=1 3 -4 -5 -6
leaf_value=0.001058546624242688 -0.0073848146957353001 -0.010999452632705038 0.030677364230877854 0.014340673438539802 0.041160143459488346
leaf_weight=6.5469335317611721 278.69276878982782 28.780236445367336 12.165977284312246 101.50703302025795 10.655589081346987
leaf_count=30 1278 143 54 511 69
internal_value=8.50662e-05 -0.00116389 -0.00559413 0.00866141 0.0275981
internal_weight=438.349 421.146 290.859 130.287 17.2025
internal_count=2085 1986 1332 654 99
is_linear=0
shrinkage=0.04


Tree=89
num_leaves=5
num_cat=0
split_feature=57 30 14 100
split_gain=9.50684 12.029 14.333 12.1361
threshold=1.2497771033490326 0.17919167215186374 -0.58383092288580374 0.68450100765041777
decision_type=2 2 2 2
left_child=1 2 -1 -3
right_child=-2 3 -4 -5
leaf_value=-0.011852306952784924 0.036330409283215744 -0.0053332055362988783 0.0097682388993544037 -0.039690428008381379
leaf_weight=63.140194922685623 9.2883924990892393 150.32923643663526 198.14933693036437 16.618999779224396
leaf_count=293 54 722 931 85
internal_value=9.50061e-05 -0.000856164 0.00449332 -0.00918269
internal_weight=437.526 428.238 261.29 166.948
internal_count=2085 2031 1224 807
is_linear=0
shrinkage=0.04


Tree=90
num_leaves=6
num_cat=0
split_feature=64 24 63 5 5
split_gain=9.38648 15.554 15.3889 12.1988 14.3952
threshold=-0.10413683702856578 -1.0720416735362532 -1.1136296512420809 1.0890226179866398 -0.68225686854952494
decision_type=2 2 2 2 2
left_child=1 -1 -3 4 -2
right_child=3 2 -4 -5 -6
leaf_value=0.033648321933836357 -0.01650403263369157 0.00662633583989911 -0.017738037834123796 -0.028224978795154242 0.011701625957114681
leaf_weight=12.456450432538984 32.09220827370882 61.468077264726162 120.26100623235106 14.298022046685217 196.56096166744828
leaf_count=75 154 266 589 68 933
internal_value=8.91331e-05 -0.00643103 -0.0095146 0.00531051 0.00763409
internal_weight=437.137 194.186 181.729 242.951 228.653
internal_count=2085 930 855 1155 1087
is_linear=0
shrinkage=0.04


Tree=91
num_leaves=6
num_cat=0
split_feature=37 110 25 14 6
split_gain=9.29353 11.2321 16.3128 15.288 2.04056
threshold=-1.0707390354836321 0.23794266999777094 0.42961836715946994 -0.63619615714018685 0.18303486166677896
decision_type=2 2 2 2 2
left_child=4 3 -3 -2 -1
right_child=1 2 -4 -5 -6
leaf_value=0.043426630658885169 -0.026388769259755522 0.015022915770065069 -0.01083683003544361 -0.001553081154870149 0.010104234522186832
leaf_weight=6.9045875966548902 47.496995717287064 118.59002739191055 55.998456761240959 200.93760053068399 6.7449245229363441
leaf_count=39 221 592 251 940 42
internal_value=8.39078e-05 -0.00103112 0.00669973 -0.00647412 0.030356
internal_weight=436.673 423.023 174.588 248.435 13.6495
internal_count=2085 2004 843 1161 81
is_linear=0
shrinkage=0.04


Tree=92
num_leaves=5
num_cat=0
split_feature=35 115 86 25
split_gain=9.42298 10.1634 14.0351 9.78512
threshold=-1.3740202387274054 0.96212715829920559 1.0190409879967504 0.63218993937592527
decision_type=2 2 2 2
left_child=-1 2 -2 -3
right_child=1 3 -4 -5
leaf_value=0.038788317109001748 -0.00083267513893457246 -0.028936448960248703 0.029090157324410504 0.016661908274954607
leaf_weight=7.8403251878917208 362.60315612703562 32.35396845638752 24.936664581298828 8.2153905183076841
leaf_count=45 1657 156 186 41
internal_value=8.63376e-05 -0.000799514 0.00123221 -0.0193537
internal_weight=435.95 428.109 387.54 40.5694
internal_count=2085 2040 1843 197
is_linear=0
shrinkage=0.04


Tree=93
num_leaves=7
num_cat=0
split_feature=51 106 31 28 116 1
split_gain=9.29569 10.5361 23.307 12.1126 5.83123 4.09335
threshold=-1.2891604577080338 0.64452357708535635 -0.75233395977602424 0.87733545913956801 0.24630476084247521 -0.71502398576192205
decision_type=2 2 2 2 2 2
left_child=4 3 -3 -2 -1 -6
right_child=1 2 -4 -5 5 -7
leaf_value=-0.0010444050404841982 0.0036425676406610904 0.033001626984808137 -0.032261464918825533 -0.018135403745992953 0.044297965728714285 0.0078137588255993012
leaf_weight=14.243078753352163 305.94197755679488 9.3902421183884126 39.020568937063217 45.117308344691992 12.737530790269373 8.9119555205106753
leaf_count=65 1465 44 190 215 61 45
internal_value=9.34296e-05 -0.00169447 -0.0187953 0.000756836 0.0190312 0.0312102
internal_weight=435.363 399.47 48.4108 351.059 35.8926 21.6495
internal_count=2085 1914 234 1680 171 106
is_linear=0
shrinkage=0.04


Tree=94
num_leaves=6
num_cat=0
split_feature=80 80 14 38 13
split_gain=8.97923 9.55151 16.378 10.4205 4.35202
threshold=-0.89904309986251418 2.1130645630721983 -0.66943788734997456 0.3045783995676819 -0.68672973327207243
decision_type=2 2 2 2 2
left_child=4 2 -2 -3 -1
right_child=1 3 -4 -5 -6
leaf_value=-6.8615669110527069e-05 -0.022189956541044876 -0.0049826324227107361 0.00058277363191380186 0.038089984287272075 0.040676228967714188
leaf_weight=6.2828582972288158 57.757242027670145 15.709688507020472 326.63737560063601 17.787418942898512 10.577448941767214
leaf_count=29 270 70 1542 104 70
internal_value=9.61806e-05 -0.00111702 -0.00293609 0.0187469 0.0270958
internal_weight=434.752 417.892 384.395 33.4971 16.8603
internal_count=2085 1986 1812 174 99
is_linear=0
shrinkage=0.04


Tree=95
num_leaves=8
num_cat=0
split_feature=64 13 29 34 5 118 64
split_gain=8.87114 14.5925 14.8463 11.313 13.6511 6.73476 5.93178
threshold=-0.10413683702856578 1.5948255233689042 -0.0067322866481209524 1.0148500413688053 -0.68225686854952494 -0.26192613775153545 0.32418337926983959
decision_type=2 2 2 2 2 2 2
left_child=1 2 -1 4 -2 -3 -5
right_child=3 5 -4 6 -6 -7 -8
leaf_value=0.001070079800773121 -0.015498999165465622 0.05207620663578006 -0.022110455147623709 -0.0006337585120912211 0.012120748457394304 0.0040896725315743634 -0.040356545084098208
leaf_weight=93.782607398927212 31.962989814579487 7.0184174031019237 81.332108289003372 11.909659072756769 187.35429240763187 10.50712740048766 10.287531107664107
leaf_count=443 154 33 397 55 900 57 46
internal_value=0.000102727 -0.00626397 -0.00982423 0.00519076 0.0079918 0.0266725 -0.0208577
internal_weight=434.155 192.64 175.115 241.514 219.317 17.5255 22.1972
internal_count=2085 930 840 1155 1054 90 101
is_linear=0
shrinkage=0.04


Tree=96
num_leaves=6
num_cat=0
split_feature=87 85 28 37 95
split_gain=8.89636 11.4522 15.4334 12.0581 3.15488
threshold=2.0259819419695648 0.8854074663878847 0.85601243087397372 1.5840066805046586 -0.51520622817972794
decision_type=2 2 2 2 2
left_child=1 2 -1 -3 -2
right_child=4 3 -4 -5 -6
leaf_value=0.0048748838131172888 0.0031334789756939001 -0.024705439987365831 -0.019427573757442348 0.021306000185617551 0.039161456083332317
leaf_weight=311.2972600273788 6.258307475596669 50.380702517926693 46.261204980313778 9.4225546866655332 10.192179799079893
leaf_count=1440 45 245 210 52 93
internal_value=9.70854e-05 -0.00109936 0.00164004 -0.017001 0.0272806
internal_weight=433.812 417.362 357.558 59.8033 16.4505
internal_count=2085 1947 1650 297 138
is_linear=0
shrinkage=0.04


Tree=97
num_leaves=5
num_cat=0
split_feature=35 115 86 42
split_gain=8.90086 9.30376 13.1001 12.3526
threshold=-1.3740202387274054 0.96212715829920559 1.0190409879967504 0.62056321881413579
decision_type=2 2 2 2
left_child=-1 2 -2 -3
right_child=1 3 -4 -5
leaf_value=0.038010213487644134 -0.00079721363473771254 -0.029840475385616835 0.028423554676710927 0.020447519919317429
leaf_weight=7.6883342787623397 360.8290211558342 31.587184093892574 24.332887277007103 8.6331058740615827
leaf_count=45 1657 156 186 41
internal_value=9.80089e-05 -0.000761882 0.00118612 -0.0185891
internal_weight=433.071 425.382 385.162 40.2203
internal_count=2085 2040 1843 197
is_linear=0
shrinkage=0.04


Tree=98
num_leaves=7
num_cat=0
split_feature=51 106 32 80 116 1
split_gain=8.73434 9.7335 17.7461 11.5062 5.37311 3.81685
threshold=-1.2891604577080338 0.64452357708535635 -0.75405368033288023 -0.75075952826179793 0.24630476084247521 -0.71502398576192205
decision_type=2 2 2 2 2 2
left_child=4 3 -3 -2 -1 -6
right_child=1 2 -4 -5 5 -7
leaf_value=-0.0007793436232748942 0.023056757007460574 0.02681282159275053 -0.030132300359159512 -0.0016170031020052915 0.042966034274487461 0.0075630198258936554
leaf_weight=14.213922969996927 31.402524668723345 9.5098586156964284 38.282916598021984 317.59089541062713 12.619633309543131 8.8279704004526156
leaf_count=65 171 45 189 1509 61 45
internal_value=0.000104898 -0.00163454 -0.0181794 0.000721878 0.0185177 0.030282
internal_weight=432.448 396.786 47.7928 348.993 35.6615 21.4476
internal_count=2085 1914 234 1680 171 106
is_linear=0
shrinkage=0.04


Tree=99
num_leaves=6
num_cat=0
split_feature=37 110 25 14 76
split_gain=8.66906 10.1529 14.7686 13.5315 1.91621
threshold=-1.0707390354836321 0.23794266999777094 0.42961836715946994 -0.63619615714018685 -0.5890505049938527
decision_type=2 2 2 2 2
left_child=4 3 -3 -2 -1
right_child=1 2 -4 -5 -6
leaf_value=0.044209564035611326 -0.025052805240363962 0.014410292605451631 -0.010295634073748713 -0.0015233595678539869 0.011352990177497659
leaf_weight=5.8460728228092194 46.75987383723259 117.10797280818224 55.648550689220428 199.03672604262829 7.4420087449252588
leaf_count=28 221 592 251 940 53
internal_value=0.000113166 -0.000962947 0.00642524 -0.00616563 0.0297007
internal_weight=431.841 418.553 172.757 245.797 13.2881
internal_count=2085 2004 843 1161 81
is_linear=0
shrinkage=0.04


Tree=100
num_leaves=5
num_cat=0
split_feature=57 6 37 99
split_gain=8.63808 11.0287 11.2577 10.6203
threshold=1.2497771033490326 0.27327311285239614 -0.9833908036393213 0.54840812592669896
decision_type=2 2 2 2
left_child=1 2 -1 -3
right_child=-2 3 -4 -5
leaf_value=0.033746673905866123 0.035220354861880174 -0.0035167259675595551 0.0015476330868544326 -0.029142085015863961
leaf_weight=16.580186937004328 8.9327349960803968 100.96374069526792 271.55618955940008 33.121366269886494
leaf_count=88 54 497 1278 168
internal_value=0.000115049 -0.000790203 0.00362031 -0.0101819
internal_weight=431.154 422.221 288.136 134.085
internal_count=2085 2031 1366 665
is_linear=0
shrinkage=0.04


Tree=101
num_leaves=7
num_cat=0
split_feature=82 92 115 37 35 37
split_gain=8.35638 11.2164 10.7806 9.87241 4.50069 2.24765
threshold=-0.54158157737510759 1.2138290281937241 -0.62921815403650749 -0.44707419133369397 -0.016200298504502768 -0.039874219625475646
decision_type=2 2 2 2 2 2
left_child=3 2 -2 -1 -3 -5
right_child=1 4 -4 5 -6 -7
leaf_value=0.015632552260545499 0.015970245952212844 0.04035150683727478 -0.0027351728711770998 -0.042397678788566331 -0.0005143759438058093 -0.013418242619179779
leaf_weight=8.213188052177431 56.087933391332626 14.157246686518194 323.78215160965919 13.025789074599746 5.8136328533291808 9.6438008248805964
leaf_count=37 315 102 1488 66 30 47
internal_value=0.00011767 0.00170356 9.58653e-05 -0.0192697 0.0294913 -0.0321569
internal_weight=430.724 399.841 379.87 30.8828 19.9709 22.6696
internal_count=2085 1935 1803 150 132 113
is_linear=0
shrinkage=0.04


Tree=102
num_leaves=8
num_cat=0
split_feature=64 13 62 10 14 14 118
split_gain=8.39059 13.7354 13.0396 10.7978 14.4427 7.92575 6.50461
threshold=-0.10413683702856578 1.5948255233689042 0.062601473152781376 -0.73902478164215646 -0.55526870064805633 0.073849708731230271 -0.26192613775153545
decision_type=2 2 2 2 2 2 2
left_child=1 2 -1 5 -5 -2 -3
right_child=3 6 -4 4 -6 -7 -8
leaf_value=5.5401751378035588e-06 0.047929490165886046 0.051083962918024639 -0.021995498405649707 -0.021305962571744937 0.0065159975696984672 0.0054022226332099315 0.0037321276139224593
leaf_weight=98.929205998778343 13.209138527512552 6.9337431304156807 74.378381557762623 33.796916954219341 178.1443485096097 14.075183924287556 10.37900700420141
leaf_count=470 67 33 370 163 854 71 57
internal_value=0.00011599 -0.00610969 -0.00957986 0.00508628 0.00192171 0.0278582 0.0260228
internal_weight=429.846 190.62 173.308 239.226 211.941 27.2843 17.3128
internal_count=2085 930 840 1155 1017 138 90
is_linear=0
shrinkage=0.04


Tree=103
num_leaves=5
num_cat=0
split_feature=35 73 31 79
split_gain=8.25533 8.69602 13.2787 10.7422
threshold=-1.3740202387274054 -0.11912658860401634 0.96668883735388811 1.199036016949482
decision_type=2 2 2 2
left_child=-1 2 -2 -3
right_child=1 3 -4 -5
leaf_value=0.03696351660286492 0.010559936973027552 -0.0071712967939762664 -0.021318047196539687 0.032689000245900247
leaf_weight=7.5189987644553176 148.96320589259267 241.19462786614895 22.368794813752174 9.3615787364542467
leaf_count=45 745 1123 109 63
internal_value=0.000124941 -0.00070291 0.00620005 -0.00543492
internal_weight=429.407 421.888 171.332 250.556
internal_count=2085 2040 854 1186
is_linear=0
shrinkage=0.04


Tree=104
num_leaves=8
num_cat=0
split_feature=51 68 108 81 118 57 18
split_gain=8.15865 10.2769 16.0747 12.5475 5.78316 6.48363 1.95947
threshold=-1.2891604577080338 -0.43439996235202488 0.5347751266839893 0.09064773162711863 0.36083433791695757 -0.7557470809384097 -0.33138966488964622
decision_type=2 2 2 2 2 2 2
left_child=4 2 -2 -3 6 -6 -1
right_child=1 3 -4 -5 5 -7 -8
leaf_value=0.012440505718710396 0.017280001340643558 -0.012674288920149468 -0.019220314356891335 0.004091941593226677 0.025205780843294362 -0.017698956120655213 0.044377648045719885
leaf_weight=7.0156238824129131 82.142698414623737 163.80891122668982 23.255236733704805 124.10685338824987 8.3667340278625506 10.36771175265312 9.6811473518609983
leaf_count=38 380 799 112 623 37 51 45
internal_value=0.000130079 -0.00156057 0.00901854 -0.00546879 0.0179782 0.0020452 0.0337246
internal_weight=428.745 393.314 105.398 287.916 35.4312 18.7344 16.6968
internal_count=2085 1914 492 1422 171 88 83
is_linear=0
shrinkage=0.04


Tree=105
num_leaves=6
num_cat=0
split_feature=86 30 42 112 5
split_gain=8.12171 8.81661 11.6961 10.5121 0.870235
threshold=1.5178690383883662 0.13758372167943617 0.3308754567871609 -1.518932342996246 0.38820057710995476
decision_type=2 2 2 2 2
left_child=1 2 -1 -3 -2
right_child=4 3 -4 -5 -6
leaf_value=-0.00080111530127142244 0.037506831357669905 0.027138674897817631 0.019757751815726417 -0.01054799989534847 0.0094876911299960186
leaf_weight=191.22170600295067 7.6067349091172201 10.884613655507563 55.560113117098808 158.61152400821447 4.3019970618188381
leaf_count=905 73 78 257 743 29
internal_value=0.000135095 -0.000865438 0.00394911 -0.00783959 0.0302047
internal_weight=428.187 416.278 246.782 169.496 11.9087
internal_count=2085 1983 1162 821 102
is_linear=0
shrinkage=0.04


Tree=106
num_leaves=5
num_cat=0
split_feature=57 30 41 100
split_gain=8.1078 9.39656 11.0093 10.1714
threshold=1.2497771033490326 0.17919167215186374 -0.69286481261013988 0.68450100765041777
decision_type=2 2 2 2
left_child=1 2 -1 -3
right_child=-2 3 -4 -5
leaf_value=-0.009560540832819632 0.03449694408634054 -0.0046817081594957783 0.0090067384535283453 -0.036951909778750631
leaf_weight=68.051577130332589 8.7201834879815561 147.28320789337158 188.11046380549669 15.613859482109545
leaf_count=324 54 722 900 85
internal_value=0.000145637 -0.000729641 0.00403833 -0.00818551
internal_weight=427.779 419.059 256.162 162.897
internal_count=2085 2031 1224 807
is_linear=0
shrinkage=0.04


Tree=107
num_leaves=5
num_cat=0
split_feature=35 73 106 28
split_gain=7.76586 8.1538 13.5171 10.5905
threshold=-1.3740202387274054 -0.11912658860401634 0.67636592492667269 -0.46116828094869916
decision_type=2 2 2 2
left_child=-1 2 -2 -3
right_child=1 3 -4 -5
leaf_value=0.036081360265123152 0.0098528348882836389 -0.019989150640839094 -0.026127168912865466 -0.00067539498850507115
leaf_weight=7.4078513458371154 153.51531814411283 57.548831969499588 16.787118472158909 192.16623669490218
leaf_count=45 770 261 84 925
internal_value=0.000138304 -0.000663615 0.0060441 -0.00524986
internal_weight=427.425 420.018 170.302 249.715
internal_count=2085 2040 854 1186
is_linear=0
shrinkage=0.04


Tree=108
num_leaves=7
num_cat=0
split_feature=115 42 86 35 101 16
split_gain=7.83392 12.6661 10.427 9.06585 7.90785 7.44278
threshold=1.0247681111125202 0.60567274853583764 1.0190409879967504 -1.2657511492603042 0.30956966035956374 0.77398000414511248
decision_type=2 2 2 2 2 2
left_child=2 4 3 -1 -2 -4
right_child=1 -3 5 -5 -6 -7
leaf_value=0.033885631880816461 -0.046436478473941029 0.020699180162426906 0.038475578013595003 -0.0011083577488157663 -0.0019050647618875699 -0.008404206350029959
leaf_weight=10.249493777751921 16.314029522240165 8.8795384094119054 17.756280329078439 356.87199079990387 10.063568428158758 6.6054250448942176
leaf_count=57 81 42 164 1659 51 31
internal_value=0.000132743 -0.0173986 0.00179204 4.69311e-05 -0.0307785 0.0260914
internal_weight=426.74 35.2571 391.483 367.121 26.3776 24.3617
internal_count=2085 174 1911 1716 132 195
is_linear=0
shrinkage=0.04


Tree=109
num_leaves=7
num_cat=0
split_feature=64 13 112 5 5 118
split_gain=7.82329 12.9948 14.1903 10.2845 11.8739 6.15041
threshold=-0.10413683702856578 1.5948255233689042 -1.091721854154809 1.0890226179866398 -0.68225686854952494 -0.26192613775153545
decision_type=2 2 2 2 2 2
left_child=1 2 -1 4 -2 -3
right_child=3 5 -4 -5 -6 -7
leaf_value=0.017714534726614682 -0.015043195248976999 0.050003224027926764 -0.014020581832131221 -0.02610914870156876 0.010860294177007105 0.0036462737523738514
leaf_weight=24.798877418041229 31.363730974495411 6.8522137217223671 146.98863570392132 14.011115059256552 191.79804796725512 10.199500463902949
leaf_count=144 154 33 696 68 933 57
internal_value=0.000134843 -0.00590579 -0.00928823 0.00495361 0.00711847 0.0255684
internal_weight=426.012 188.839 171.788 237.173 223.162 17.0517
internal_count=2085 930 840 1155 1087 90
is_linear=0
shrinkage=0.04


Tree=110
num_leaves=5
num_cat=0
split_feature=37 86 28 28
split_gain=7.68446 9.12826 8.33136 1.81547
threshold=-1.0707390354836321 -0.81690144512540985 -0.46644072407558118 -0.76189922848078806
decision_type=2 2 2 2
left_child=3 -2 -3 -1
right_child=1 2 -4 -5
leaf_value=0.041950433334261093 -0.02755493903506075 -0.01077940589396844 0.003418205932877338 0.0096530037992740136
leaf_weight=6.0027974881231785 17.547847419977188 81.666829787194729 313.56881268322468 6.6752253100275976
leaf_count=32 79 375 1550 49
internal_value=0.000134804 -0.000872357 0.000445077 0.0285776
internal_weight=425.462 412.783 395.236 12.678
internal_count=2085 2004 1925 81
is_linear=0
shrinkage=0.04


Tree=111
num_leaves=6
num_cat=0
split_feature=80 81 42 43 13
split_gain=7.6687 9.059 10.5934 10.3461 3.74226
threshold=-0.89904309986251418 0.36464055262565431 0.82572054402450534 -0.71885609436823728 -0.68672973327207243
decision_type=2 2 2 2 2
left_child=4 3 -3 -2 -1
right_child=1 2 -4 -5 -6
leaf_value=0.00030115868650130588 0.014882809624809515 0.0042005478153810793 0.044915604327854235 -0.0078460246767270529 0.038925632152615131
leaf_weight=6.1323169767856589 34.880967304110527 117.25746607221663 9.2707392871379835 247.91845849901438 9.791103031486271
leaf_count=29 164 611 43 1168 70
internal_value=0.000132545 -0.000984119 0.00783625 -0.00495778 0.0257443
internal_weight=425.251 409.328 126.528 282.799 15.9234
internal_count=2085 1986 654 1332 99
is_linear=0
shrinkage=0.04


Tree=112
num_leaves=7
num_cat=0
split_feature=82 92 117 37 35 5
split_gain=7.49329 10.0815 9.69758 9.09674 4.29229 2.4258
threshold=-0.54158157737510759 1.2138290281937241 0.63768877464550144 -0.44707419133369397 -0.016200298504502768 -0.20187414248086047
decision_type=2 2 2 2 2 2
left_child=3 2 -2 -1 -3 -5
right_child=1 4 -4 5 -6 -7
leaf_value=0.015135497106505833 0.0030797753676761954 0.039408659602563505 -0.013763585417192978 -0.010697698749584808 -0.00083457784392419916 -0.040678135513083566
leaf_weight=8.155976817011835 310.90579845383763 13.498996179550888 64.276798460632563 8.5338942706584966 5.7253741249442092 13.602306336164471
leaf_count=37 1485 102 318 44 30 69
internal_value=0.000145712 0.00165441 0.000136468 -0.0183836 0.0284742 -0.0309643
internal_weight=424.699 394.407 375.183 30.2922 19.2244 22.1362
internal_count=2085 1935 1803 150 132 113
is_linear=0
shrinkage=0.04


Tree=113
num_leaves=6
num_cat=0
split_feature=16 80 14 74 102
split_gain=7.61352 9.57874 13.3934 7.12712 6.77959
threshold=1.0649232514851141 2.8664729721261826 -0.66943788734997456 -0.70729224577940175 0.071683441963043423
decision_type=2 2 2 2 2
left_child=1 2 -1 -2 -3
right_child=3 4 -4 -5 -6
leaf_value=-0.016496470163783514 0.0041330616519683182 -0.0021469895105284869 0.0035183280044526707 -0.035629358901133251 0.045955520564741531
leaf_weight=62.29192228987813 11.573141090571882 7.1131406649947193 316.52751025930047 15.617063656449316 10.841075379401444
leaf_count=302 57 39 1545 79 63
internal_value=0.000138652 0.00158147 0.000157803 -0.0195814 0.0285931
internal_weight=423.964 396.774 378.819 27.1902 17.9542
internal_count=2085 1949 1847 136 102
is_linear=0
shrinkage=0.04


Tree=114
num_leaves=8
num_cat=0
split_feature=51 68 28 74 118 28 15
split_gain=7.58974 9.074 15.7184 11.4265 5.2257 8.95927 2.75836
threshold=-1.2891604577080338 -0.43439996235202488 0.9012638048087791 -0.54600981283514127 0.36083433791695757 0.31495812230759784 -0.5725665933203764
decision_type=2 2 2 2 2 2 2
left_child=4 2 -2 -3 6 -6 -1
right_child=1 3 -4 -5 5 -7 -8
leaf_value=0.010440720506951016 0.014775351331936542 0.017329014910856391 -0.027866013680080008 -0.0080023573772274766 -0.023506333622106124 0.026964480439075095 0.045637063849952968
leaf_weight=7.5108672287315157 89.910982131958008 30.167478505522013 14.389201179146765 253.91195761412382 9.1495833173394221 9.3760621249675733 8.996339373290537
leaf_count=38 426 170 66 1252 44 44 45
internal_value=0.000133169 -0.00150918 0.00847896 -0.00520998 0.0174387 0.002176 0.0324815
internal_weight=423.412 388.38 104.3 284.079 35.0329 18.5256 16.5072
internal_count=2085 1914 492 1422 171 88 83
is_linear=0
shrinkage=0.04


Tree=115
num_leaves=8
num_cat=0
split_feature=30 91 42 118 13 63 74
split_gain=7.44079 10.8032 14.247 12.1503 8.29156 14.7464 5.60935
threshold=0.17919167215186374 0.21416433153657319 0.46962195877756258 -0.44651631614351983 1.5808969223073122 -0.50447237053919525 -0.16260247060361813
decision_type=2 2 2 2 2 2 2
left_child=1 3 -3 -1 5 -2 -6
right_child=4 2 -4 -5 6 -7 -8
leaf_value=-0.0055411520372272705 -0.031693423383762596 -0.01068375580345343 0.029245374811759799 0.019249073199801129 0.040815633143255807 -0.0023930014702832859 -0.0039958456630701652
leaf_weight=44.873000659048557 33.91960322111845 95.871312335133553 14.784684170037506 99.482113339006901 7.4683741368353367 118.64468370005488 7.8513723611831647
leaf_count=205 167 475 72 480 34 602 50
internal_value=0.000138675 0.00443151 -0.00492436 0.0115726 -0.00635742 -0.00923317 0.0200403
internal_weight=422.895 255.011 110.656 144.355 167.884 152.564 15.3197
internal_count=2085 1232 547 685 853 769 84
is_linear=0
shrinkage=0.04


Tree=116
num_leaves=5
num_cat=0
split_feature=35 37 110 47
split_gain=7.28806 7.67236 9.247 1.11853
threshold=-1.3740202387274054 -1.0707390354836321 0.48454296428867433 -0.14272597777213744
decision_type=2 2 2 2
left_child=-1 3 -3 -2
right_child=1 2 -4 -5
leaf_value=0.035319927542841432 0.038601048579769516 -0.0055694536330337021 0.0076350477454952825 0.010929020450062825
leaf_weight=7.2179830875247708 6.1331555545330048 284.08462987095118 118.700204661116 6.3854842931032163
leaf_count=45 45 1360 599 36
internal_value=0.000139896 -0.000637881 -0.00165961 0.0279361
internal_weight=422.521 415.303 402.785 12.5186
internal_count=2085 2040 1959 81
is_linear=0
shrinkage=0.04


Tree=117
num_leaves=6
num_cat=0
split_feature=80 112 25 34 39
split_gain=7.15936 8.81229 16.0872 10.5791 3.20343
threshold=-0.89904309986251418 -0.052882580862557503 0.97398581601649248 -0.42631891153335094 -0.65766370790384587
decision_type=2 2 2 2 2
left_child=4 2 -2 -3 -1
right_child=1 3 -4 -5 -6
leaf_value=0.0016504578048456163 -0.010937330496010844 0.018670773741807058 0.039602300882095917 -0.0007867419422280524 0.037849767665447218
leaf_weight=6.2659768909215918 159.89650258794427 57.371711893007159 8.8004837557673437 180.431913908571 9.3205349966883642
leaf_count=30 803 284 40 859 69
internal_value=0.000151195 -0.000925342 -0.00786769 0.00402408 0.0251398
internal_weight=422.087 406.501 168.697 237.804 15.5865
internal_count=2085 1986 843 1143 99
is_linear=0
shrinkage=0.04


Tree=118
num_leaves=5
num_cat=0
split_feature=57 6 37 99
split_gain=7.26106 8.86019 10.83 10.2947
threshold=1.2497771033490326 0.43006785532734759 -0.99469449671172938 0.59894770842661094
decision_type=2 2 2 2
left_child=1 2 -1 -3
right_child=-2 3 -4 -5
leaf_value=0.030401032197314399 0.033115193034710416 -0.0039556595965279592 0.00067999945808318361 -0.034439820189083432
leaf_weight=19.031307056546211 8.4357480704784376 79.987249199301004 293.19661911576986 21.019698839634657
leaf_count=107 54 403 1407 114
internal_value=0.000161873 -0.000667095 0.00267356 -0.010845
internal_weight=421.671 413.235 312.228 101.007
internal_count=2085 2031 1514 517
is_linear=0
shrinkage=0.04


Tree=119
num_leaves=6
num_cat=0
split_feature=86 4 80 45 5
split_gain=7.17673 7.87782 9.4443 2.72554 0.633765
threshold=1.5178690383883662 1.1407231034499004 -0.89904309986251418 -0.42707020108652799 0.3758313248260694
decision_type=2 2 2 2 2
left_child=1 2 -1 -3 -2
right_child=4 3 -4 -5 -6
leaf_value=0.030448928483500483 0.036294645362062221 -0.039863586367429205 -0.00082663322334774808 -0.0072750441562761852 0.010340655069533878
leaf_weight=14.101619165390728 6.7898223102092725 8.428549177944662 378.95571975596249 8.5772281363606435 4.4015706554055214
leaf_count=93 69 42 1804 44 33
internal_value=0.000160464 -0.000770034 0.000443901 -0.0259221 0.0292024
internal_weight=421.255 410.063 393.057 17.0058 11.1914
internal_count=2085 1983 1897 86 102
is_linear=0
shrinkage=0.04


end of trees

feature_importances:
Column_115=38
Column_86=30
Column_37=27
Column_28=26
Column_36=26
Column_80=25
Column_87=25
Column_81=23
Column_82=19
Column_35=18
Column_106=18
Column_74=16
Column_110=16
Column_31=15
Column_64=14
Column_5=13
Column_12=12
Column_95=12
Column_14=11
Column_47=11
Column_104=11
Column_42=10
Column_13=9
Column_79=9
Column_24=8
Column_25=8
Column_68=8
Column_73=8
Column_92=8
Column_114=8
Column_16=7
Column_39=7
Column_112=7
Column_118=7
Column_6=6
Column_9=6
Column_10=6
Column_15=6
Column_59=6
Column_4=5
Column_30=5
Column_33=5
Column_34=5
Column_40=5
Column_51=5
Column_57=5
Column_70=5
Column_117=5
Column_18=4
Column_41=4
Column_63=4
Column_97=4
Column_99=4
Column_100=4
Column_1=3
Column_17=3
Column_38=3
Column_85=3
Column_88=3
Column_116=3
Column_2=2
Column_8=2
Column_11=2
Column_20=2
Column_32=2
Column_53=2
Column_69=2
Column_75=2
Column_89=2
Column_94=2
Column_101=2
Column_102=2
Column_103=2
Column_0=1
Column_7=1
Column_19=1
Column_21=1
Column_22=1
Column_27=1
Column_29=1
Column_43=1
Column_45=1
Column_46=1
Column_58=1
Column_61=1
Column_62=1
Column_67=1
Column_76=1
Column_77=1
Column_90=1
Column_91=1
Column_98=1
Column_108=1

parameters:
[boosting: gbdt]
[objective: binary]
[metric: binary_logloss]
[tree_learner: serial]
[device_type: cpu]
[data_sample_strategy: bagging]
[data: ]
[valid: ]
[num_iterations: 120]
[learning_rate: 0.04]
[num_leaves: 15]
[num_threads: 2]
[seed: 42]
[deterministic: 0]
[force_col_wise: 0]
[force_row_wise: 0]
[histogram_pool_size: -1]
[max_depth: 3]
[min_data_in_leaf: 40]
[min_sum_hessian_in_leaf: 0.001]
[bagging_fraction: 0.85]
[pos_bagging_fraction: 1]
[neg_bagging_fraction: 1]
[bagging_freq: 0]
[bagging_seed: 400]
[bagging_by_query: 0]
[feature_fraction: 0.8]
[feature_fraction_bynode: 1]
[feature_fraction_seed: 30056]
[extra_trees: 0]
[extra_seed: 12879]
[early_stopping_round: 0]
[early_stopping_min_delta: 0]
[first_metric_only: 0]
[max_delta_step: 0]
[lambda_l1: 0]
[lambda_l2: 2]
[linear_lambda: 0]
[min_gain_to_split: 0]
[drop_rate: 0.1]
[max_drop: 50]
[skip_drop: 0.5]
[xgboost_dart_mode: 0]
[uniform_drop: 0]
[drop_seed: 17869]
[top_rate: 0.2]
[other_rate: 0.1]
[min_data_per_group: 100]
[max_cat_threshold: 32]
[cat_l2: 10]
[cat_smooth: 10]
[max_cat_to_onehot: 4]
[top_k: 20]
[monotone_constraints: ]
[monotone_constraints_method: basic]
[monotone_penalty: 0]
[feature_contri: ]
[forcedsplits_filename: ]
[refit_decay_rate: 0.9]
[cegb_tradeoff: 1]
[cegb_penalty_split: 0]
[cegb_penalty_feature_lazy: ]
[cegb_penalty_feature_coupled: ]
[path_smooth: 0]
[interaction_constraints: ]
[verbosity: -1]
[saved_feature_importance_type: 0]
[use_quantized_grad: 0]
[num_grad_quant_bins: 4]
[quant_train_renew_leaf: 0]
[stochastic_rounding: 1]
[linear_tree: 0]
[max_bin: 255]
[max_bin_by_feature: ]
[min_data_in_bin: 3]
[bin_construct_sample_cnt: 200000]
[data_random_seed: 175]
[is_enable_sparse: 1]
[enable_bundle: 1]
[use_missing: 1]
[zero_as_missing: 0]
[feature_pre_filter: 1]
[pre_partition: 0]
[two_round: 0]
[header: 0]
[label_column: ]
[weight_column: ]
[group_column: ]
[ignore_column: ]
[categorical_feature: ]
[forcedbins_filename: ]
[precise_float_parser: 0]
[parser_config_file: ]
[objective_seed: 16083]
[num_class: 1]
[is_unbalance: 0]
[scale_pos_weight: 1]
[sigmoid: 1]
[boost_from_average: 1]
[reg_sqrt: 0]
[alpha: 0.9]
[fair_c: 1]
[poisson_max_delta_step: 0.7]
[tweedie_variance_power: 1.5]
[lambdarank_truncation_level: 30]
[lambdarank_norm: 1]
[label_gain: ]
[lambdarank_position_bias_regularization: 0]
[eval_at: ]
[multi_error_top_k: 1]
[auc_mu_weights: ]
[num_machines: 1]
[local_listen_port: 12400]
[time_out: 120]
[machine_list_filename: ]
[machines: ]
[gpu_platform_id: -1]
[gpu_device_id: -1]
[gpu_device_id_list: ]
[gpu_use_dp: 0]
[num_gpu: 1]

end of parameters

pandas_categorical:null
