tree
version=v4
num_class=1
num_tree_per_iteration=1
label_index=0
max_feature_idx=118
objective=quantile
feature_names=Column_0 Column_1 Column_2 Column_3 Column_4 Column_5 Column_6 Column_7 Column_8 Column_9 Column_10 Column_11 Column_12 Column_13 Column_14 Column_15 Column_16 Column_17 Column_18 Column_19 Column_20 Column_21 Column_22 Column_23 Column_24 Column_25 Column_26 Column_27 Column_28 Column_29 Column_30 Column_31 Column_32 Column_33 Column_34 Column_35 Column_36 Column_37 Column_38 Column_39 Column_40 Column_41 Column_42 Column_43 Column_44 Column_45 Column_46 Column_47 Column_48 Column_49 Column_50 Column_51 Column_52 Column_53 Column_54 Column_55 Column_56 Column_57 Column_58 Column_59 Column_60 Column_61 Column_62 Column_63 Column_64 Column_65 Column_66 Column_67 Column_68 Column_69 Column_70 Column_71 Column_72 Column_73 Column_74 Column_75 Column_76 Column_77 Column_78 Column_79 Column_80 Column_81 Column_82 Column_83 Column_84 Column_85 Column_86 Column_87 Column_88 Column_89 Column_90 Column_91 Column_92 Column_93 Column_94 Column_95 Column_96 Column_97 Column_98 Column_99 Column_100 Column_101 Column_102 Column_103 Column_104 Column_105 Column_106 Column_107 Column_108 Column_109 Column_110 Column_111 Column_112 Column_113 Column_114 Column_115 Column_116 Column_117 Column_118
feature_infos=[-6.1606048776228217:6.6219814583080669] [-5.7067413616328917:5.5350567065524858] [-4.9180996974151672:4.2003706134940373] [-4.3937862931603391:3.871835743465204] [-3.6190394930874965:2.1480256744107136] [-2.5902615025086546:2.3771940539197742] [-4.2630756286870133:3.9993925483302752] [-1.3559997152147163:6.6073214334769803] [-1.6831475035520862:1.6466215059836915] [-3.5850805469764846:2.1967005172318714] [-1.4760506518107108:5.2011671391493968] [-2.4780622080933066:2.1648995696719133] [-2.5603889496258159:2.4641038661114165] [-1.4333546782265267:3.8912139231030243] [-2.8167078166364408:2.6193482896771441] [-1.581504386401029:1.625072627470874] [-1.7852776703800257:1.7947019087002705] [-0.95830388484865159:0.77249583021617374] [-1.0010762428662809:0.7796803817968414] [-0.95830388484865137:0.77249583021617374] [-2.2506158466940249:1.6672164477855249] [-4.0607863319443878:4.1646801156877142] [-3.2732544149618161:2.2875220056104686] [-2.3343744982921653:2.6113518665708813] [-2.1770459453821327:1.5908812977464315] [-2.2035620854388802:1.593348917372599] [-3.3400275164522943:2.0169119962988682] [-1.7897437255612563:1.4175089486341408] [-1.1636509024985962:3.5665892077165484] [-3.7629203481328455:4.3342071273207727] [-3.730556738156483:4.5450982365276271] [-3.0606709627808897:3.2615923735986101] [-3.2098931781042839:3.4562908592291137] [-1.9982101454511534:2.1055755104380105] [-2.2501297388130732:2.2764501394514376] [-1.7448893556548817:1.765680286821999] [-1.8175838744227397:1.8582618510101747] [-1.5515702478437423:3.8196044760596881] [-1.4829390028622216:5.0606551058092091] [-1.4222384987058101:3.7500748052978481] [-1.1468253309825105:3.07136478095829] [-1.6728696339648523:1.4279614394091198] [-1.9769107103879799:1.7102274222960852] [-1.7340295971406858:13.890310696683292] [-177.82111752387542:158.762060057974] [-385.42132313611643:127.30846656208102] [-318.48881470142248:74.753516390689072] [-1.3629440559031396:2.8318858526659731] [-1.9416966520546597:1.9964052702071882] [-1.1942777173206425:9.0913758780461507] [-4.8843657004168959:4.4479407572965455] [-9.0513061149149188:6.7223581823360732] [-1:1] [-0.83333333333333337:1] [0:1] [0:1] [-6.446615259009894:3.3476783208325691] [-3.0024879037146261:2.2630743302183647] [-2.4277407793464381:2.2324700196572684] [-1.0354800116144673:3.0652855186476158] [-2.3193638721763636:1.8235888132755618] [-2.8188215950848576:0.57271190982175657] [-4.5667178926929983:3.7059671561626444] [-3.1772384254057369:2.3907147050444273] [-2.8667697813160551:2.01412122513953] [-3.0002459750801735:3.9370045951319046] [-3.3739110496385072:2.2626198307305581] [-2.239516664605933:1.5584747647183426] [-0.93697117596071833:2.0220499570071921] [-2.0154914572004818:1.2339560424396376] [-1.3366098945188987:0.3770757401476007] [-4.5555190576284526:7.1557652811308081] [-4.217385099577494:5.8885366940074748] [-2.4626633318651399:4.2374123589971333] [-1.283442964885442:4.8821006281693888] [-1.198822348954738:7.9108586421849623] [-1.0229572844698889:2.2768242630354831] [-6.5275920020349076:6.7165449034812053] [-4.5882388230428264:3.5592698813316792] [-3.3182060840226968:3.7070222749088066] [-1.1882838270317675:3.4442640272481717] [-1.7355030269111138:4.4006413073004458] [-0.76803539336990334:1.9704461234130477] [-10.940109102205774:10.721724430175531] [-5.7841733397252773:5.0623763342845445] [-3.4073703364948722:3.7884075229158656] [-1.0017307771004424:3.0665350147616248] [-2.082727864293128:4.0849152571190066] [-1.3314568364984112:0.75383636775604623] [-3.9888602055808566:2.9926390575513251] [-3.4199749811739748:3.0211603831946436] [-2.5361100585999639:1.7698197291323123] [-1.25187460536512:3.0635424565467333] [-1.9876229617924117:1.8630141182006072] [-1.3818434638356767:0.49568521372080881] [-5.2347968310734574:2.6239322669052347] [-4.0504925542691463:3.4525264495528409] [-1.8114245206414294:2.6928231955734403] [-1.4032161060881818:4.1335945281298638] [-1.6226894871461344:4.2649768799698462] [-1.4283838017608486:1.1428147595575076] [-4.241636579137591:2.43100861041665] [-3.7623116565952333:3.4912986186853878] [-1.9068088534862109:2.562053581766965] [-1.448623062985273:3.9376634533655039] [-1.4905425539733399:3.6921515251215538] [-1.4034658920182346:1.0817671316488797] [-2.7901579382621335:3.7380586372606208] [-2.2446458439936867:2.6703524621246637] [-1.9848662049506272:2.0576528307942885] [-1.4817455051083654:2.1025661497275134] [-1.4302466552534938:1.8665968121927081] [-2.1411668648900317:0.57140816941489536] [-3.0505498734136998:3.235792366873552] [-2.6772078151736252:3.4387508787816059] [-1.6026510994856018:2.352737476354096] [-0.90057154177507992:3.0013401045304731] [-1.399126594972306:2.351673936150882] [-1.3361078847309511:0.98354913380936571]
tree_sizes=755 861 777 862 777 863 771 776 767 778 774 765 858 853 769 777 862 861 778 779 771 868 777 689 873 773 862 606 785 777 783 781 780 860 863 786 604 776 783 782 779 601 777 868 779 779 862 784 784 782 780 604 778 784 783 866 774 874 775 783 777 690 778 688 690 603 871 874 685 862 694 781 607 691 873 608 788 874 780 867 777 778 872 869 773 872 691 686 869 780 868 689 608 773 689 863 609 689 858 606 863 614 781 783 777 780 691 852 782 777 601 612 608 787 607 773 609 783 775 612

Tree=0
num_leaves=7
num_cat=0
split_feature=87 115 36 68 9 78
split_gain=25.2455 27.29 20.2584 9.95027 4.9704 0.319852
threshold=1.4793506058958481 0.39684083389832625 0.3181664776667304 1.2915544384203277 -0.80844078232832428 -0.28327660108568303
decision_type=2 2 2 2 2 2
left_child=1 2 -1 5 -3 -2
right_child=3 4 -4 -5 -6 -7
leaf_value=0.0043589710816740986 0.0051718168705701829 0.0037788114976137878 0.0035091480612754822 0.003788989600725472 0.0028240862116217613 0.0052314288914203644
leaf_weight=766 96 113 554 57 430 69
leaf_count=766 96 113 554 57 430 69
internal_value=0.0038714 0.00234747 0.00545436 0.0165596 -0.00518324 0.0214858
internal_weight=2085 1863 1320 222 543 165
internal_count=2085 1863 1320 222 543 165
is_linear=0
shrinkage=1


Tree=1
num_leaves=8
num_cat=0
split_feature=81 80 86 104 47 115 7
split_gain=24.3477 16.8064 16.4283 9.20572 7.51398 3.62808 2.29826
threshold=0.40913392858161468 -0.893318901244747 1.0190409879967504 -0.16568506728984586 -0.60411434508035144 0.44782543203448194 -0.20855856363976391
decision_type=2 2 2 2 2 2 2
left_child=1 6 -3 4 -2 -5 -1
right_child=3 2 -4 5 -6 -7 -8
leaf_value=0.0004842857450246811 -0.00095918033421039581 -0.00046267537623643872 0.00088274788782000547 0.001346849834918976 0.00043102295920252804 0.00056432169023901222 0.0018271431297063828
leaf_weight=44 55 1236 144 183 284 78 61
leaf_count=44 55 1236 144 183 284 78 61
internal_value=-9.58313e-06 -0.00275723 -0.00393632 0.00677741 0.00240469 0.0123954 0.0125234
internal_weight=2085 1485 1380 600 339 261 105
internal_count=2085 1485 1380 600 339 261 105
is_linear=0
shrinkage=0.04


Tree=2
num_leaves=7
num_cat=0
split_feature=87 115 36 68 9 66
split_gain=25.2455 26.7607 19.5529 9.00822 4.87316 0.688358
threshold=1.4793506058958481 0.39684083389832625 0.3181664776667304 1.2915544384203277 -0.80844078232832428 -0.90333907741664909
decision_type=2 2 2 2 2 2
left_child=1 2 -1 5 -3 -2
right_child=3 4 -4 -5 -6 -7
leaf_value=0.00046860195109248159 0.00098738607025146484 -0.00011959522034972907 -0.00034430130393803119 -6.9806858062744138e-05 -0.0010037335197627545 0.0012739752277359368
leaf_weight=766 42 113 554 57 430 123
leaf_count=766 42 113 554 57 430 123
internal_value=-9.58313e-06 -0.00153351 0.00154312 0.0126786 -0.00899083 0.0173653
internal_weight=2085 1863 1320 222 543 165
internal_count=2085 1863 1320 222 543 165
is_linear=0
shrinkage=0.04


Tree=3
num_leaves=8
num_cat=0
split_feature=81 80 86 104 47 115 7
split_gain=23.0092 16.8064 15.7262 9.08155 7.2532 3.32809 2.29826
threshold=0.40913392858161468 -0.893318901244747 1.0190409879967504 -0.16568506728984586 -0.60411434508035144 0.44782543203448194 -0.20855856363976391
decision_type=2 2 2 2 2 2 2
left_child=1 6 -3 4 -2 -5 -1
right_child=3 2 -4 5 -6 -7 -8
leaf_value=0.00047561694659709936 -0.00090704106868445876 -0.00044563639142692089 0.00081258642873063684 0.0013067478936797381 0.00042755409299194815 0.00055265678163573151 0.0017030983954086901
leaf_weight=44 55 1236 144 183 284 78 61
leaf_count=44 55 1236 144 183 284 78 61
internal_value=-8.62482e-05 -0.00275723 -0.00393632 0.00651163 0.00217009 0.0120913 0.0125234
internal_weight=2085 1485 1380 600 339 261 105
internal_count=2085 1485 1380 600 339 261 105
is_linear=0
shrinkage=0.04


Tree=4
num_leaves=7
num_cat=0
split_feature=87 115 36 68 9 25
split_gain=23.5642 26.8431 18.8586 7.20193 4.32449 0.622232
threshold=1.568920151517186 0.39684083389832625 0.3181664776667304 1.2915544384203277 -0.80844078232832428 -0.45824999457770471
decision_type=2 2 2 2 2 2
left_child=1 2 -1 5 -3 -2
right_child=3 4 -4 -5 -6 -7
leaf_value=0.00045073569783805911 0.0011578645159855663 -0.00011687062532318682 -0.00032350755280749802 -4.9189128083157537e-05 -0.00093813931515471932 0.00096308692423253354
leaf_weight=784 103 113 554 45 430 56
leaf_count=784 103 113 554 45 430 56
internal_value=-2.87494e-05 -0.00143388 0.00161194 0.0128155 -0.00891743 0.0167702
internal_weight=2085 1881 1338 204 543 159
internal_count=2085 1881 1338 204 543 159
is_linear=0
shrinkage=0.04


Tree=5
num_leaves=8
num_cat=0
split_feature=81 80 86 104 47 82 10
split_gain=20.9372 16.4545 15.2913 7.67087 7.66028 3.50059 1.96448
threshold=0.40913392858161468 -0.893318901244747 1.0190409879967504 1.0000000180025095e-35 -0.60411434508035144 0.25800514688884285 -0.41291248757042182
decision_type=2 2 2 2 2 2 2
left_child=1 6 -3 4 -2 -5 -1
right_child=3 2 -4 5 -6 -7 -8
leaf_value=0.0003873355997843449 -0.00085973325635874229 -0.00041162287026552799 0.0007607544429194871 0.00051971719751870674 0.00046676208075575821 0.0011432316071190328 0.0015886598789529196
leaf_weight=42 55 1236 144 69 314 162 63
leaf_count=42 55 1236 144 69 314 162 63
internal_value=-4.79157e-05 -0.00259583 -0.00376266 0.00624585 0.00264151 0.0119313 0.0125234
internal_weight=2085 1485 1380 600 369 231 105
internal_count=2085 1485 1380 600 369 231 105
is_linear=0
shrinkage=0.04


Tree=6
num_leaves=7
num_cat=0
split_feature=87 115 36 68 9 64
split_gain=22.788 25.0721 17.5219 7.00555 4.40139 0.55227
threshold=1.568920151517186 0.39684083389832625 0.3181664776667304 1.2915544384203277 -0.80844078232832428 -0.13641101745580578
decision_type=2 2 2 2 2 2
left_child=1 2 -1 5 -3 -2
right_child=3 4 -4 -5 -6 -7
leaf_value=0.00042531204155296063 0.00093970186505685821 -0.00010831576733239083 -0.00029410233588457696 -3.0756648149210113e-05 -0.0008888352475935246 0.0011093311757002413
leaf_weight=784 85 113 554 45 430 74
leaf_count=784 85 113 554 45 430 74
internal_value=-9.58313e-06 -0.0013914 0.00155224 0.0126214 -0.00862385 0.0165217
internal_weight=2085 1881 1338 204 543 159
internal_count=2085 1881 1338 204 543 159
is_linear=0
shrinkage=0.04


Tree=7
num_leaves=7
num_cat=0
split_feature=87 115 36 68 36 63
split_gain=22.5812 23.5037 16.5811 7.00555 4.35144 0.523926
threshold=1.568920151517186 0.39684083389832625 0.28185436556362647 1.2915544384203277 -0.78153218443546735 -0.13986951510744164
decision_type=2 2 2 2 2 2
left_child=1 2 -1 5 -3 -2
right_child=3 4 -4 -5 -6 -7
leaf_value=0.00044484003523985477 0.00093482826294853444 -0.00012446374115643937 -0.00024696493132450603 -2.9526382223241716e-05 -0.00083098004738176446 0.0010647563402870666
leaf_weight=745 84 111 593 45 432 75
leaf_count=745 84 111 593 45 432 75
internal_value=4.79157e-05 -0.00132767 0.00152239 0.0126214 -0.00833028 0.0165217
internal_weight=2085 1881 1338 204 543 159
internal_count=2085 1881 1338 204 543 159
is_linear=0
shrinkage=0.04


Tree=8
num_leaves=7
num_cat=0
split_feature=87 115 36 68 68 35
split_gain=20.942 20.9818 15.3534 6.62094 4.5119 1.08841
threshold=1.568920151517186 0.39684083389832625 0.3181664776667304 1.2915544384203277 1.1665283143990262 -0.31142605198250201
decision_type=2 2 2 2 2 2
left_child=1 2 -1 5 -3 -2
right_child=3 4 -4 -5 -6 -7
leaf_value=0.00039050595848124801 0.0010337646479260682 -0.00077290837856608646 -0.00027245964519621364 -2.8345326934312055e-05 0.0003868315532122441 0.00080025622977622165
leaf_weight=784 119 492 554 45 51 40
leaf_count=784 119 492 554 45 51 40
internal_value=0.000124581 -0.00120021 0.00149254 0.012233 -0.00781651 0.0160248
internal_weight=2085 1881 1338 204 543 159
internal_count=2085 1881 1338 204 543 159
is_linear=0
shrinkage=0.04


Tree=9
num_leaves=7
num_cat=0
split_feature=87 117 36 97 74 24
split_gain=19.6113 18.1839 15.2074 5.67122 4.14943 4.90279
threshold=1.568920151517186 0.18788900990831184 0.28185436556362647 -0.36930198211566645 -0.19360712480422163 -0.62715502123782574
decision_type=2 2 2 2 2 2
left_child=1 2 -1 -3 -2 -6
right_child=4 3 -4 -5 5 -7
leaf_value=0.00047944370371924956 0.0013368846847103205 -0.0011360759552796491 -0.00025048871873263292 -0.00036463187145781056 0.00082337007401959983 -9.3246674651289405e-05
leaf_weight=617 87 147 541 576 69 48
leaf_count=617 87 147 541 576 69 48
internal_value=-6.70819e-05 -0.00134891 0.00175862 -0.00631724 0.0116505 0.00655462
internal_weight=2085 1881 1158 723 204 117
internal_count=2085 1881 1158 723 204 117
is_linear=0
shrinkage=0.04


Tree=10
num_leaves=7
num_cat=0
split_feature=87 81 75 118 74 24
split_gain=20.341 17.2143 10.7466 5.99814 3.65403 3.97372
threshold=1.568920151517186 0.40913392858161468 -0.074610652196554592 0.79493698368083276 -0.19360712480422163 -0.62715502123782574
decision_type=2 2 2 2 2 2
left_child=1 2 -1 -3 -2 -6
right_child=4 3 -4 -5 5 -7
leaf_value=1.0229412441148618e-05 0.0012834092973219074 0.0005618847564891218 -0.00063362363011222047 -0.00052077893799375369 0.00079043527105881583 -8.9516807665237819e-05
leaf_weight=666 87 459 693 63 69 48
leaf_count=666 87 459 693 63 69 48
internal_value=0.000105414 -0.00120021 -0.0035709 0.00496183 0.0120388 0.00722689
internal_weight=2085 1881 1359 522 204 117
internal_count=2085 1881 1359 522 204 117
is_linear=0
shrinkage=0.04


Tree=11
num_leaves=7
num_cat=0
split_feature=86 80 81 48 79 2
split_gain=17.714 12.9501 16.1523 7.68176 2.98293 2.16322
threshold=1.0190409879967504 -0.893318901244747 0.40913392858161468 0.82194668381373592 -0.94860270511150135 0.20553069421873252
decision_type=2 2 2 2 2 2
left_child=1 5 -3 4 -2 -1
right_child=3 2 -4 -5 -6 -7
leaf_value=0.0011875469719038582 0.00024439237943224703 -0.00037092782101834614 0.00039977183400651179 -0.00022189253314134342 0.00094962037952869924 0.00091767888484694962
leaf_weight=52 40 1236 510 41 150 56
leaf_count=52 40 1236 510 41 150 56
internal_value=-9.58313e-06 -0.00131466 -0.00215103 0.0103863 0.01375 0.012
internal_weight=2085 1854 1746 231 190 108
internal_count=2085 1854 1746 231 190 108
is_linear=0
shrinkage=0.04


Tree=12
num_leaves=8
num_cat=0
split_feature=87 115 81 15 74 74 63
split_gain=17.9016 18.2586 14.2347 5.01738 4.79724 5.22841 0.27258
threshold=1.568920151517186 0.40438061146549537 0.14330986280964844 -0.98672339733106551 -0.013403537096083036 0.65428307006122066 -0.13353649862818903
decision_type=2 2 2 2 2 2 2
left_child=1 2 -1 -3 6 -6 -2
right_child=4 3 -4 -5 5 -7 -8
leaf_value=-0.00013995763742934259 0.0010205416256869706 0.0001100830830220258 0.00060865615061012361 -0.00082505589994467997 -8.7668269931498799e-05 0.0011352157237387755 0.00084904009957969834
leaf_weight=819 58 62 537 463 51 42 53
leaf_count=819 58 62 537 463 51 42 53
internal_value=6.70819e-05 -0.00115773 0.00129602 -0.00747628 0.0112621 0.00442105 0.0168142
internal_weight=2085 1881 1356 525 204 93 111
internal_count=2085 1881 1356 525 204 93 111
is_linear=0
shrinkage=0.04


Tree=13
num_leaves=8
num_cat=0
split_feature=87 117 36 9 74 74 47
split_gain=17.4066 16.6349 15.1365 6.20904 5.14497 4.73439 0.36179
threshold=1.568920151517186 0.18788900990831184 0.3181664776667304 -0.23792934436288865 -0.013403537096083036 0.65428307006122066 0.014469432458999199
decision_type=2 2 2 2 2 2 2
left_child=1 2 -1 -3 6 -6 -2
right_child=4 3 -4 -5 5 -7 -8
leaf_value=0.00040576408478462737 0.0011077496471273674 -0.00011827597103309089 -0.00026550324912926702 -0.00091661986360219694 -8.4161539134238876e-05 0.0010898070947892244 0.00070950204136224239
leaf_weight=650 71 351 508 372 51 42 40
leaf_count=650 71 351 508 372 51 42 40
internal_value=2.87494e-05 -0.00117897 0.0017931 -0.00593103 0.011068 0.004 0.0168142
internal_weight=2085 1881 1158 723 204 93 111
internal_count=2085 1881 1158 723 204 93 111
is_linear=0
shrinkage=0.04


Tree=14
num_leaves=7
num_cat=0
split_feature=86 80 81 48 98 47
split_gain=16.6241 11.8888 14.9412 7.51449 3.02766 2.12198
threshold=1.0190409879967504 -0.893318901244747 0.40913392858161468 0.82194668381373592 2.6173299210561285 -0.03895637901859484
decision_type=2 2 2 2 2 2
left_child=1 5 -3 4 -2 -1
right_child=3 2 -4 -5 -6 -7
leaf_value=0.0012609523937807995 0.00082516852650249399 -0.0003422705756623175 0.00035801537673673707 -0.00018111775168563993 0.00032995331942931348 0.00029814957208548542
leaf_weight=67 143 1236 510 41 47 41
leaf_count=67 143 1236 510 41 47 41
internal_value=0.000143747 -0.00112069 -0.0019222 0.0102146 0.0135417 0.0116364
internal_weight=2085 1854 1746 231 190 108
internal_count=2085 1854 1746 231 190 108
is_linear=0
shrinkage=0.04


Tree=15
num_leaves=7
num_cat=0
split_feature=115 87 70 25 82 74
split_gain=17.4339 13.2679 11.4361 8.23786 2.03749 1.86803
threshold=-0.81136288641534782 2.0259819419695648 0.26168629432132279 0.6860831841052083 -0.21786793502081228 -0.013403537096083036
decision_type=2 2 2 2 2 2
left_child=3 2 -2 4 -1 -3
right_child=1 5 -4 -5 -6 -7
leaf_value=0.00017100638868767845 -0.00034171881200064557 0.00065930462510476481 0.00021431334379027191 -0.00010405089027395576 0.0011442711704622915 0.00026503862205264468
leaf_weight=40 1161 75 540 79 148 42
leaf_count=40 1161 75 540 79 148 42
internal_value=8.62482e-05 -0.00131868 -0.00221961 0.00959108 0.0141053 0.0115966
internal_weight=2085 1818 1701 267 188 117
internal_count=2085 1818 1701 267 188 117
is_linear=0
shrinkage=0.04


Tree=16
num_leaves=8
num_cat=0
split_feature=86 81 74 31 47 76 78
split_gain=15.7552 10.8193 10.8595 6.79968 6.6949 3.94077 0.503029
threshold=1.0190409879967504 0.40913392858161468 -0.54600981283514127 0.39771250694386245 -0.60411434508035144 0.21322001861811238 -0.40231500282377686
decision_type=2 2 2 2 2 2 2
left_child=1 2 -1 6 -3 -5 -2
right_child=3 4 -4 5 -6 -7 -8
leaf_value=0.0006170934329190978 0.00077719669201494466 -0.00066798364821867994 -0.00034667835024315973 -0.00015604530205930823 0.00045426413793625575 0.00040914246049136377 0.001037095199206826
leaf_weight=228 41 65 1113 54 448 57 79
leaf_count=228 41 65 1113 54 448 57 79
internal_value=6.70819e-05 -0.00116379 -0.00305287 0.00987124 0.00376699 0.00265487 0.0163934
internal_weight=2085 1854 1341 231 513 111 120
internal_count=2085 1854 1341 231 513 111 120
is_linear=0
shrinkage=0.04


Tree=17
num_leaves=8
num_cat=0
split_feature=87 117 36 4 74 82 42
split_gain=14.4947 15.4238 13.9486 5.80902 5.1754 4.93936 0.439239
threshold=1.4793506058958481 0.18788900990831184 0.3181664776667304 -0.23779949454121183 -0.013403537096083036 0.60087102451287955 -0.18994839787895992
decision_type=2 2 2 2 2 2 2
left_child=1 2 -1 -3 6 -6 -2
right_child=4 3 -4 -5 5 -7 -8
leaf_value=0.00039353098766144266 0.00088100831827421446 -0.00010825345943870905 -0.00022464538145592724 -0.00086071365947815897 -0.00015212149242486709 0.00104073550137397 0.0006874195570724306
leaf_weight=644 70 342 508 369 51 57 44
leaf_count=644 70 342 508 369 51 57 44
internal_value=2.87494e-05 -0.00112601 0.0017331 -0.00575035 0.00964286 0.00327273 0.0155172
internal_weight=2085 1863 1152 711 222 108 114
internal_count=2085 1863 1152 711 222 108 114
is_linear=0
shrinkage=0.04


Tree=18
num_leaves=7
num_cat=0
split_feature=115 86 70 33 73 93
split_gain=16.6859 12.0068 10.426 7.63053 7.41495 3.01154
threshold=-0.81136288641534782 0.91019072033638759 0.26168629432132279 1.0950477220892783 -0.72922016558869318 -1.1185935188938694
decision_type=2 2 2 2 2 2
left_child=3 2 -2 5 -3 -1
right_child=1 4 -4 -5 -6 -7
leaf_value=0.00016101547216095362 -0.00036832980659363219 -0.00019559189711077494 0.0001753347923749382 -0.00037319255213385936 0.00072847600562430119 0.0010265582564156323
leaf_weight=45 1047 81 498 43 192 179
leaf_count=45 1047 81 498 43 192 179
internal_value=0.000143747 -0.00123077 -0.00259858 0.00944238 0.00647273 0.0123894
internal_weight=2085 1818 1545 267 273 224
internal_count=2085 1818 1545 267 273 224
is_linear=0
shrinkage=0.04


Tree=19
num_leaves=7
num_cat=0
split_feature=87 117 36 9 68 114
split_gain=13.2163 13.9352 12.6475 5.11837 5.10593 1.27915
threshold=1.4793506058958481 0.23430222980125956 0.3181664776667304 -0.23792934436288865 1.2915544384203277 0.66878939816797722
decision_type=2 2 2 2 2 2
left_child=1 2 -1 -3 5 -2
right_child=4 3 -4 -5 -6 -7
leaf_value=0.00033814291142926224 0.00093123201828261212 -0.00011968464490090242 -0.0002071439015409296 -0.00084875788210203975 -0.00012905399710700917 0.00036820859471679959
leaf_weight=686 105 321 520 336 57 60
leaf_count=686 105 321 520 336 57 60
internal_value=0.000105414 -0.000997319 0.00155629 -0.00567527 0.00928571 0.0128144
internal_weight=2085 1863 1206 657 222 165
internal_count=2085 1863 1206 657 222 165
is_linear=0
shrinkage=0.04


Tree=20
num_leaves=7
num_cat=0
split_feature=115 80 87 25 38 82
split_gain=14.8132 11.3043 8.3165 7.14796 4.72438 2.02366
threshold=-0.81136288641534782 2.3641092008223885 2.0259819419695648 0.6860831841052083 0.35511199443041186 -0.21786793502081228
decision_type=2 2 2 2 2 2
left_child=3 2 -2 5 -3 -1
right_child=1 4 -4 -5 -6 -7
leaf_value=0.00013930115134732371 -0.00020235166431348782 2.1174884487503398e-05 0.00044849998943828742 -8.405527967742344e-05 0.0013107779052188363 0.001022674567837271
leaf_weight=40 1578 56 102 79 82 148
leaf_count=40 1578 56 102 79 82 148
internal_value=8.62482e-05 -0.00120879 -0.00211653 0.00884758 0.00971429 0.0130526
internal_weight=2085 1818 1680 267 138 188
internal_count=2085 1818 1680 267 138 188
is_linear=0
shrinkage=0.04


Tree=21
num_leaves=8
num_cat=0
split_feature=81 74 36 37 104 28 112
split_gain=11.6153 10.8872 11.8081 8.57902 6.43045 5.30397 3.76596
threshold=0.40913392858161468 -0.54600981283514127 -0.11313584041181753 -0.90812896292567724 -0.0085149063023043248 -0.31989791787600602 -0.98253455483080177
decision_type=2 2 2 2 2 2 2
left_child=1 2 -1 -3 5 -2 -6
right_child=4 3 -4 -5 6 -7 -8
leaf_value=0.0011140401033679383 -0.00081088310469889016 0.00044496291519298051 -1.6575462756752222e-05 -0.0003640516445913336 1.849331016784285e-05 0.00037984927862357308 0.00091172540631457286
leaf_weight=94 85 133 200 1058 48 281 186
leaf_count=94 85 133 200 1058 48 281 186
internal_value=0.000162913 -0.00173504 0.00513514 -0.00343671 0.0048505 0.00152174 0.01
internal_weight=2085 1485 294 1191 600 366 234
internal_count=2085 1485 294 1191 600 366 234
is_linear=0
shrinkage=0.04


Tree=22
num_leaves=7
num_cat=0
split_feature=115 110 25 37 34 82
split_gain=14.0611 10.114 11.7822 10.56 6.94877 5.4669
threshold=-0.81136288641534782 0.25541592198831603 0.42961836715946994 -0.82693098746173621 0.88852933895652508 -0.23257917918416512
decision_type=2 2 2 2 2 2
left_child=4 3 -3 -2 5 -1
right_child=1 2 -4 -5 -6 -7
leaf_value=1.6971893665955162e-05 0.00046929833147472234 0.0004006208742924644 -0.00043785909090352768 -0.00040788105426303864 -0.00011217288789529611 0.0010033584468424881
leaf_weight=55 153 518 160 987 55 157
leaf_count=55 153 518 160 987 55 157
internal_value=0.000162913 -0.0010989 0.00276471 -0.00339755 0.00869888 0.0119626
internal_weight=2085 1818 678 1140 267 212
internal_count=2085 1818 678 1140 267 212
is_linear=0
shrinkage=0.04


Tree=23
num_leaves=6
num_cat=0
split_feature=115 36 80 25 82
split_gain=13.5136 10.2409 8.68152 6.75484 2.91097
threshold=-0.81136288641534782 -1.3884823975790663 1.965585791529137 0.76591387942871847 -0.23257917918416512
decision_type=2 2 2 2 2
left_child=3 -2 -3 4 -1
right_child=1 2 -4 -5 -6
leaf_value=9.1436620415315188e-05 0.0011332128815354483 -0.00016078711015244282 0.00060727117366196225 -0.00014321095857428067 0.00090390237273808545
leaf_weight=42 48 1625 145 68 157
leaf_count=42 48 1625 145 68 157
internal_value=0.00018208 -0.00105495 -0.00155756 0.00855019 0.0122388
internal_weight=2085 1818 1770 267 199
internal_count=2085 1818 1770 267 199
is_linear=0
shrinkage=0.04


Tree=24
num_leaves=8
num_cat=0
split_feature=81 74 36 15 104 47 114
split_gain=10.6967 11.32 11.5331 7.51789 5.05871 7.33503 4.21859
threshold=0.40913392858161468 -0.54600981283514127 -0.11313584041181753 0.79211854499113421 -0.0085149063023043248 -0.60411434508035144 0.51144185631397299
decision_type=2 2 2 2 2 2 2
left_child=1 2 -1 -3 5 -2 -6
right_child=4 3 -4 -5 6 -7 -8
leaf_value=0.0010247484329864137 -0.00084844798720895402 -0.00014988969620460376 -5.8125857983809882e-06 -0.00066268190476880039 0.00084302502789055083 0.0003408957578214998 8.2958109177691736e-05
leaf_weight=94 55 1051 200 140 156 311 78
leaf_count=94 55 1051 200 140 156 311 78
internal_value=8.62482e-05 -0.00173504 0.00527027 -0.00347024 0.00458472 0.00163043 0.00915254
internal_weight=2085 1485 294 1191 600 366 234
internal_count=2085 1485 294 1191 600 366 234
is_linear=0
shrinkage=0.04


Tree=25
num_leaves=7
num_cat=0
split_feature=115 86 70 33 73 82
split_gain=12.5701 8.84291 9.68231 7.3612 5.856 4.91823
threshold=-0.81136288641534782 0.91019072033638759 0.26168629432132279 1.0950477220892783 -0.63298961028145873 -0.23257917918416512
decision_type=2 2 2 2 2 2
left_child=3 2 -2 5 -3 -1
right_child=1 4 -4 -5 -6 -7
leaf_value=3.6562088945687018e-05 -0.00032390242694083646 -0.00014389410835641961 0.00019217660767893664 -0.00033659113117945019 0.00067614664305602052 0.0008749521630297734
leaf_weight=60 1047 87 498 43 186 164
leaf_count=60 1047 87 498 43 186 164
internal_value=0.00018208 -0.00101099 -0.00218487 0.00825279 0.0056 0.0111504
internal_weight=2085 1818 1545 267 273 224
internal_count=2085 1818 1545 267 273 224
is_linear=0
shrinkage=0.04


Tree=26
num_leaves=8
num_cat=0
split_feature=115 86 70 110 73 11 4
split_gain=11.9944 8.6677 8.70454 6.77492 5.24776 3.97247 1.75459
threshold=-0.81136288641534782 0.91019072033638759 0.26168629432132279 0.85088207433670282 -0.63298961028145873 0.0033806047241960861 0.42081412840408378
decision_type=2 2 2 2 2 2 2
left_child=3 2 -2 6 -3 -5 -1
right_child=1 4 -4 5 -6 -7 -8
leaf_value=0.0010263522544355017 -0.00031094632986320298 -0.00013813834402216283 0.00018448954337177913 0.0005472828468563606 0.00064910077733377981 -0.00055586433727269533 0.00028934228625647354
leaf_weight=87 1047 87 498 47 186 67 66
leaf_count=87 1047 87 498 47 186 67 66
internal_value=0.000220412 -0.000945055 -0.0021073 0.00810409 0.0056 0.000689655 0.0135484
internal_weight=2085 1818 1545 267 273 114 153
internal_count=2085 1818 1545 267 273 114 153
is_linear=0
shrinkage=0.04


Tree=27
num_leaves=5
num_cat=0
split_feature=36 73 106 86
split_gain=9.73762 10.4259 14.0402 9.12959
threshold=-1.4187375039237675 -0.11912658860401634 0.67636592492667269 0.92449613085241522
decision_type=2 2 2 2
left_child=-1 2 -2 -3
right_child=1 3 -4 -5
leaf_value=0.0014481345886197862 0.00028179731873990825 -0.00024927257315208345 -0.0013486486720763946 0.00050049264186189746
leaf_weight=45 769 1065 84 122
leaf_count=45 769 1065 84 122
internal_value=0.000297077 -0.000117532 0.00325146 -0.00253995
internal_weight=2085 2040 853 1187
internal_count=2085 2040 853 1187
is_linear=0
shrinkage=0.04


Tree=28
num_leaves=7
num_cat=0
split_feature=115 110 25 37 25 82
split_gain=11.3186 8.49699 11.0303 10.1401 6.03724 2.43636
threshold=-0.81136288641534782 0.25541592198831603 0.42961836715946994 -0.82693098746173621 0.76591387942871847 -0.23257917918416512
decision_type=2 2 2 2 2 2
left_child=4 3 -3 -2 5 -1
right_child=1 2 -4 -5 -6 -7
leaf_value=7.8740973565305571e-05 0.00047008188522075809 0.00036231396671983928 -0.00038353975331925541 -0.00036725718461809507 -0.00015784386940498302 0.00077864679053043302
leaf_weight=42 153 518 160 987 68 157
leaf_count=42 153 518 160 987 68 157
internal_value=0.000297077 -0.000835165 0.00270588 -0.00294221 0.00795539 0.0114428
internal_weight=2085 1818 678 1140 267 199
internal_count=2085 1818 678 1140 267 199
is_linear=0
shrinkage=0.04


Tree=29
num_leaves=7
num_cat=0
split_feature=115 36 68 93 72 46
split_gain=10.7857 7.54237 6.64741 6.60661 3.15619 1.663
threshold=-0.81136288641534782 -1.3884823975790663 -0.43607537634523785 -0.90485395231084109 -0.10329082566398665 -0.10772040159939499
decision_type=2 2 2 2 2 2
left_child=3 -2 -3 4 -1 -5
right_child=1 2 -4 5 -6 -7
leaf_value=0.00035176187743816365 0.0010498558617470398 0.00022383450483709068 -0.00017501302662501102 0.00091934346711896394 -0.00025872844480382518 0.00054602353672632969
leaf_weight=57 48 428 1342 63 60 87
leaf_count=57 48 428 1342 63 60 87
internal_value=0.00018208 -0.000923077 -0.0013544 0.00765799 0.000504202 0.0131579
internal_weight=2085 1818 1770 267 117 150
internal_count=2085 1818 1770 267 117 150
is_linear=0
shrinkage=0.04


Tree=30
num_leaves=7
num_cat=0
split_feature=115 110 37 25 33 74
split_gain=9.58893 8.42544 9.91573 9.20464 6.38168 3.59056
threshold=-0.81136288641534782 0.25541592198831603 -0.90812896292567724 0.35830085958046637 1.0950477220892783 -0.36569544142853777
decision_type=2 2 2 2 2 2
left_child=4 2 -2 -3 5 -1
right_child=1 3 -4 -5 -6 -7
leaf_value=0.00078361328775787109 0.00051583815839797455 0.0003955802141827215 -0.00032651276268030481 -0.0003569153909453049 -0.0003028993161662693 0.0001888030871456256
leaf_weight=118 124 490 1016 188 43 106
leaf_count=118 124 490 1016 188 43 106
internal_value=0.000162913 -0.000879121 -0.00297723 0.00264706 0.0072119 0.0099115
internal_weight=2085 1818 1140 678 267 224
internal_count=2085 1818 1140 678 267 224
is_linear=0
shrinkage=0.04


Tree=31
num_leaves=7
num_cat=0
split_feature=31 74 48 14 117 61
split_gain=8.64642 10.0062 9.78904 8.5778 2.00405 0.534262
threshold=1.0830354341725157 -0.36569544142853777 -0.092657420842616786 -0.66943788734997456 -0.49474500451387082 0.31468706154705622
decision_type=2 2 2 2 2 2
left_child=1 3 -3 -1 -2 -6
right_child=4 2 -4 -5 5 -7
leaf_value=-0.00022190837506496343 -8.5436297125619342e-05 0.00011641065250538457 -0.00024494266931131216 0.00056371847669378519 -0.0011543732203178406 -0.0011106421224706146
leaf_weight=91 48 787 613 466 40 40
leaf_count=91 48 787 613 466 40 40
internal_value=0.000143747 0.000806534 -0.000998573 0.00533095 -0.00984615 -0.0136585
internal_weight=2085 1957 1400 557 128 80
internal_count=2085 1957 1400 557 128 80
is_linear=0
shrinkage=0.04


Tree=32
num_leaves=7
num_cat=0
split_feature=115 86 35 33 75 82
split_gain=8.94724 7.80343 6.62721 5.32999 4.76965 3.87608
threshold=-0.81136288641534782 0.91019072033638759 -1.3187332319312217 1.0950477220892783 -0.58661055921727423 -0.23257917918416512
decision_type=2 2 2 2 2 2
left_child=3 2 -2 5 -3 -1
right_child=1 4 -4 -5 -6 -7
leaf_value=1.8389394638412064e-05 0.00064350095610580117 -0.00059850541135893524 -0.00015355414289139026 -0.00028615370246899219 0.0004650865672708777 0.00070820148462984287
leaf_weight=60 41 45 1504 43 228 164
leaf_count=60 41 45 1504 43 228 164
internal_value=0.000105414 -0.000901099 -0.00200388 0.0069145 0.00530909 0.00938053
internal_weight=2085 1818 1545 267 273 224
internal_count=2085 1818 1545 267 273 224
is_linear=0
shrinkage=0.04


Tree=33
num_leaves=8
num_cat=0
split_feature=115 92 6 86 47 68 110
split_gain=8.56466 9.79396 9.54246 6.56418 5.94969 3.47599 3.0885
threshold=0.40104924596022462 0.62560772859749292 0.27327311285239614 0.98221931928121442 0.56283764293196403 -0.37690275314436089 0.27405913338537091
decision_type=2 2 2 2 2 2 2
left_child=2 5 3 -1 -4 -2 -3
right_child=1 6 4 -5 -6 -7 -8
leaf_value=0.00023510965374648682 -1.696939629578627e-05 -1.2592808355367802e-05 1.2125537309373608e-05 0.00075101431036325825 -0.000598179695598282 -0.000734230066582412 0.0004681082159534923
leaf_weight=833 120 75 375 91 159 354 78
leaf_count=833 120 75 375 91 159 354 78
internal_value=0.00018208 -0.00372019 0.00186301 0.00431965 -0.00238806 -0.00655462 0.00503226
internal_weight=2085 627 1458 924 534 474 153
internal_count=2085 627 1458 924 534 474 153
is_linear=0
shrinkage=0.04


Tree=34
num_leaves=8
num_cat=0
split_feature=115 110 68 33 110 14 4
split_gain=8.99763 7.04912 9.29877 6.0664 4.77219 4.94801 2.57548
threshold=-0.81136288641534782 0.1017195755950103 -0.068934665341424992 -1.0066906945212797 0.85088207433670282 0.017681286860965761 0.42081412840408378
decision_type=2 2 2 2 2 2 2
left_child=4 2 -2 -3 6 -6 -1
right_child=1 3 -4 -5 5 -7 -8
leaf_value=0.00083718420867662181 1.3763532773977364e-05 0.0012781924805669099 -0.00070552070332806165 7.9319838569932735e-05 0.0004175018304811201 -0.00063578274083852431 0.00017862440691511584
leaf_weight=87 618 56 453 691 43 71 66
leaf_count=87 618 56 453 691 43 71 66
internal_value=8.62482e-05 -0.000923077 -0.00300093 0.00205607 0.0069145 0.000689655 0.0114839
internal_weight=2085 1818 1071 747 267 114 153
internal_count=2085 1818 1071 747 267 114 153
is_linear=0
shrinkage=0.04


Tree=35
num_leaves=7
num_cat=0
split_feature=82 115 15 36 10 35
split_gain=8.78221 9.94989 8.63456 4.81654 3.49739 1.01266
threshold=-0.54158157737510759 -0.62921815403650749 0.92513701386880032 0.28185436556362647 -0.48556716026888452 -0.11072963755122127
decision_type=2 2 2 2 2 2
left_child=4 3 -3 -2 -1 -6
right_child=1 2 -4 -5 5 -7
leaf_value=-3.3537961750818718e-06 0.00062098570514607923 1.6406739361878218e-05 -0.00066934553248312347 4.3102602048240778e-05 -0.0010382660379445704 -0.0012162866733614567
leaf_weight=46 198 1494 114 129 40 64
leaf_count=46 198 1494 114 129 40 64
internal_value=4.79157e-05 0.000774393 -0.000521739 0.00711246 -0.00921053 -0.0132075
internal_weight=2085 1935 1608 327 150 104
internal_count=2085 1935 1608 327 150 104
is_linear=0
shrinkage=0.04


Tree=36
num_leaves=5
num_cat=0
split_feature=36 73 106 81
split_gain=8.26709 8.09384 12.0698 8.21138
threshold=-1.4187375039237675 -0.11912658860401634 0.67636592492667269 0.12368591020608756
decision_type=2 2 2 2
left_child=-1 2 -2 -3
right_child=1 3 -4 -5
leaf_value=0.0012553526269838482 0.00024772567163706613 -0.00039987076063739447 -0.0012786440744017242 7.9111117989942559e-05
leaf_weight=45 769 598 84 589
leaf_count=45 769 598 84 589
internal_value=9.58313e-06 -0.000372184 0.00259649 -0.00250631
internal_weight=2085 2040 853 1187
internal_count=2085 2040 853 1187
is_linear=0
shrinkage=0.04


Tree=37
num_leaves=7
num_cat=0
split_feature=31 73 106 79 81 20
split_gain=7.93514 9.21121 9.49797 7.40513 3.88245 2.38922
threshold=0.96668883735388811 -0.11912658860401634 0.67636592492667269 1.1788632501837533 0.18910723888203143 0.8182562288269345
decision_type=2 2 2 2 2 2
left_child=1 2 -1 -3 5 -2
right_child=4 3 -4 -5 -6 -7
leaf_value=0.00033631057105655934 -0.0012396304810863503 -0.00013100415361537879 -0.0010597623528716764 0.00062759626003664588 5.3014468131413561e-05 -0.00049878924387261755
leaf_weight=684 76 1074 68 75 52 56
leaf_count=684 76 1074 68 75 52 56
internal_value=0.000143747 0.000914346 0.00435013 -0.00133797 -0.00774194 -0.0113433
internal_weight=2085 1901 752 1149 184 132
internal_count=2085 1901 752 1149 184 132
is_linear=0
shrinkage=0.04


Tree=38
num_leaves=7
num_cat=0
split_feature=82 115 48 34 46 82
split_gain=7.48183 8.42189 7.83046 3.95239 3.60903 1.24458
threshold=-0.54158157737510759 -0.62921815403650749 1.0460828676954683 0.93210890069191488 -0.72987763458296817 -0.64146392234323224
decision_type=2 2 2 2 2 2
left_child=4 3 -3 -2 -1 -6
right_child=1 2 -4 -5 5 -7
leaf_value=2.2430949636886197e-05 0.00052996727494442422 1.7551183962511706e-05 -0.00065178871810843745 -8.442405458936721e-05 -0.0012469291643361997 -0.00093658501985628034
leaf_weight=43 274 1507 101 53 55 52
leaf_count=43 274 1507 101 53 55 52
internal_value=0.000124581 0.000795044 -0.000397516 0.00662614 -0.00842105 -0.0122936
internal_weight=2085 1935 1608 327 150 107
internal_count=2085 1935 1608 327 150 107
is_linear=0
shrinkage=0.04


Tree=39
num_leaves=7
num_cat=0
split_feature=82 74 9 26 46 82
split_gain=7.48183 8.06406 10.116 8.28439 3.60903 1.24458
threshold=-0.54158157737510759 -0.013403537096083036 -0.43527181166589535 0.80982332223193843 -0.72987763458296817 -0.64146392234323224
decision_type=2 2 2 2 2 2
left_child=4 3 -3 -2 -1 -6
right_child=1 2 -4 -5 5 -7
leaf_value=2.1533711651410756e-05 0.00036873443600045006 0.00023704611701012084 -0.0003012219284101167 -0.00018783996651557168 -0.0011970519977627517 -0.00089912161906202908
leaf_weight=43 753 395 631 156 55 52
leaf_count=43 753 395 631 156 55 52
internal_value=0.000124581 0.000795044 -0.00163424 0.00353458 -0.00842105 -0.0122936
internal_weight=2085 1935 1026 909 150 107
internal_count=2085 1935 1026 909 150 107
is_linear=0
shrinkage=0.04


Tree=40
num_leaves=7
num_cat=0
split_feature=87 115 64 42 26 74
split_gain=7.5538 10.6196 7.24185 5.31209 4.05982 3.18842
threshold=1.1985346691214323 0.45667792245344996 -0.10413683702856578 0.93609558790595004 0.70291136026833723 -0.2410356801318809
decision_type=2 2 2 2 2 2
left_child=1 2 -1 -3 5 -2
right_child=4 3 -4 -5 -6 -7
leaf_value=-0.0001073813085824726 0.00075114496795041094 -0.00051052910839694465 0.00020009084268470697 0.00060048001940241709 -4.1018463624955815e-05 0.00038850051976693111
leaf_weight=608 50 431 730 40 73 153
leaf_count=608 50 431 730 40 73 153
internal_value=4.79157e-05 -0.000894533 0.000925373 -0.00604651 0.00618705 0.00907317
internal_weight=2085 1809 1338 471 276 203
internal_count=2085 1809 1338 471 276 203
is_linear=0
shrinkage=0.04


Tree=41
num_leaves=5
num_cat=0
split_feature=36 115 86 37
split_gain=7.29627 7.854 7.46588 4.0292
threshold=-1.4187375039237675 1.0124237152404831 1.0190409879967504 0.2280694845731043
decision_type=2 2 2 2
left_child=-1 2 -2 -3
right_child=1 3 -4 -5
leaf_value=0.0011758414804902554 -1.0832740035934055e-05 -0.0014780094994691528 0.00028788716411800067 -0.00028293425767120104
leaf_weight=45 1681 54 184 121
leaf_count=45 1681 54 184 121
internal_value=0.000162913 -0.000195886 0.000567756 -0.00824859
internal_weight=2085 2040 1865 175
internal_count=2085 2040 1865 175
is_linear=0
shrinkage=0.04


Tree=42
num_leaves=7
num_cat=0
split_feature=87 115 28 42 26 74
split_gain=7.36648 8.96227 7.75653 4.98819 4.05982 3.18842
threshold=1.1985346691214323 0.45667792245344996 1.2117955248760517 0.74905861305479726 0.70291136026833723 -0.2410356801318809
decision_type=2 2 2 2 2 2
left_child=1 2 -1 -3 5 -2
right_child=4 3 -4 -5 -6 -7
leaf_value=0.00010470785936865751 0.00072153247883383173 -0.00050739908208430318 -0.0010249233845153309 0.0003504568220350793 -5.0226862748729842e-05 0.00036144501241153383
leaf_weight=1275 50 415 63 56 73 153
leaf_count=1275 50 415 63 56 73 153
internal_value=0.000124581 -0.000806184 0.000865672 -0.00553911 0.00618705 0.00907317
internal_weight=2085 1809 1338 471 276 203
internal_count=2085 1809 1338 471 276 203
is_linear=0
shrinkage=0.04


Tree=43
num_leaves=8
num_cat=0
split_feature=81 74 35 68 28 80 41
split_gain=7.53906 7.88055 8.1579 6.79126 4.33839 5.29738 5.19994
threshold=0.40913392858161468 -0.54600981283514127 -0.20449702339367681 -0.4226226750131572 -0.34909697584258709 -0.027568860773362871 -0.8695775317663702
decision_type=2 2 2 2 2 2 2
left_child=1 2 -1 -3 5 -2 -6
right_child=4 3 -4 -5 6 -7 -8
leaf_value=0.00074035411065659221 0.00040831842779046962 0.00017819768896592869 1.1000297469334451e-05 -0.0002836386558512693 -0.00019057631030318327 -0.00072357862102827883 0.00043795981623557276
leaf_weight=90 41 201 204 990 86 84 389
leaf_count=90 41 201 204 990 86 84 389
internal_value=0.000143747 -0.00138534 0.00445946 -0.00283319 0.00392027 -0.00267717 0.00566038
internal_weight=2085 1485 294 1191 600 125 475
internal_count=2085 1485 294 1191 600 125 475
is_linear=0
shrinkage=0.04


Tree=44
num_leaves=7
num_cat=0
split_feature=87 115 36 42 35 74
split_gain=7.32001 9.04605 7.53984 4.92984 4.02022 5.46489
threshold=1.1985346691214323 0.45667792245344996 0.28185436556362647 0.93609558790595004 -1.1234036929600129 -0.2410356801318809
decision_type=2 2 2 2 2 2
left_child=1 2 -1 -3 -2 -6
right_child=4 3 -4 -5 5 -7
leaf_value=0.00020614727630974045 0.00094814393460753181 -0.00047259851823158299 -0.00012733290084917609 0.00059181900018748571 0.00056648121518567405 -5.366215116130918e-05
leaf_weight=733 62 431 605 40 77 137
leaf_count=733 62 431 605 40 77 137
internal_value=0.000143747 -0.000784097 0.000895522 -0.00553911 0.00618705 0.00351852
internal_weight=2085 1809 1338 471 276 214
internal_count=2085 1809 1338 471 276 214
is_linear=0
shrinkage=0.04


Tree=45
num_leaves=7
num_cat=0
split_feature=82 31 74 39 114 94
split_gain=7.54902 8.30613 9.46538 3.01018 2.7581 1.39321
threshold=-0.54158157737510759 1.0085809777609429 -0.221368017023748 0.086077602294545461 0.022789410565167579 -0.80902666788131317
decision_type=2 2 2 2 2 2
left_child=3 2 -2 5 -3 -1
right_child=1 4 -4 -5 -6 -7
leaf_value=-0.00051884037274375927 0.00042227704479232136 -0.00018499204682038224 -1.3747393203990075e-05 9.4176336348570538e-05 -0.0010830316165032293 -0.0009165661155557625
leaf_weight=43 581 88 1197 40 69 67
leaf_count=43 581 88 1197 40 69 67
internal_value=0.000162913 0.000836345 0.00161798 -0.00842105 -0.00792453 -0.0117857
internal_weight=2085 1935 1778 150 157 110
internal_count=2085 1935 1778 150 157 110
is_linear=0
shrinkage=0.04


Tree=46
num_leaves=8
num_cat=0
split_feature=6 86 37 106 63 30 90
split_gain=6.64427 8.23163 6.88552 6.54319 6.09717 3.42289 0.962834
threshold=0.27327311285239614 0.98128356300104735 -0.93115129005183517 0.66420032159377707 0.028370034950308706 0.19669388071756208 0.11273257136974284
decision_type=2 2 2 2 2 2 2
left_child=1 2 -1 4 -2 -3 -5
right_child=3 5 -4 6 -6 -7 -8
leaf_value=0.00063105730592616122 -0.0002502203180951598 0.00075867873767434125 -2.7217929544050626e-06 -0.0013441297109363605 0.00010017873700712509 0.00010584064605394628 -0.001730174167375527
leaf_weight=84 325 92 1156 40 307 41 40
leaf_count=84 325 92 1156 40 307 41 40
internal_value=0.000105414 0.00173091 0.000708535 -0.00302521 -0.00164038 0.0111111 -0.0136585
internal_weight=2085 1373 1240 712 632 133 80
internal_count=2085 1373 1240 712 632 133 80
is_linear=0
shrinkage=0.04


Tree=47
num_leaves=7
num_cat=0
split_feature=31 82 74 117 46 91
split_gain=6.98425 7.77143 8.45892 3.89855 3.37032 1.97914
threshold=0.96668883735388811 -0.54158157737510759 -0.221368017023748 -0.48293170864330287 -0.72987763458296817 -0.14000566144154877
decision_type=2 2 2 2 2 2
left_child=1 4 -3 -2 -1 -5
right_child=3 2 -4 5 -6 -7
leaf_value=2.502052755518621e-05 -2.8147055844941068e-06 0.00040217928977390833 -9.4294770587878547e-06 -0.00096932949205624319 -0.00097357290003813747 -0.00059859117183563132
leaf_weight=43 75 566 1190 56 102 53
leaf_count=43 75 566 1190 56 102 53
internal_value=8.62482e-05 0.000809249 0.00154721 -0.00731183 -0.00802721 -0.0120721
internal_weight=2085 1901 1756 184 145 109
internal_count=2085 1901 1756 184 145 109
is_linear=0
shrinkage=0.04


Tree=48
num_leaves=7
num_cat=0
split_feature=31 73 81 74 117 91
split_gain=6.91214 7.78428 7.02806 6.52107 3.89855 1.97914
threshold=0.96668883735388811 -0.11912658860401634 0.12368591020608756 -0.57967425100184666 -0.48293170864330287 -0.14000566144154877
decision_type=2 2 2 2 2 2
left_child=1 3 -3 -1 -2 -6
right_child=4 2 -4 -5 5 -7
leaf_value=0.00063072818023177189 -2.7021173611143508e-06 -0.00027212079166489845 0.00012370518430091391 0.00010969138654711302 -0.00093055631237399323 -0.00057464752496220605
leaf_weight=194 75 552 597 558 56 53
leaf_count=194 75 552 597 558 56 53
internal_value=4.79157e-05 0.00076721 -0.00130321 0.00392573 -0.00731183 -0.0120721
internal_weight=2085 1901 1149 752 184 109
internal_count=2085 1901 1149 752 184 109
is_linear=0
shrinkage=0.04


Tree=49
num_leaves=7
num_cat=0
split_feature=82 115 21 34 10 57
split_gain=7.12592 7.41686 6.80682 5.1231 3.35884 0.822381
threshold=-0.54158157737510759 -0.59755032036749445 0.059002213757342069 0.93210890069191488 -0.48556716026888452 0.016299062732639986
decision_type=2 2 2 2 2 2
left_child=4 3 -3 -2 -1 -6
right_child=1 2 -4 -5 5 -7
leaf_value=4.2088983962411083e-05 0.00042051794976568718 0.00011434367452182362 -0.00017772618461389889 -7.4276105716103059e-05 -0.00074287366644741897 -0.0012336217046610368
leaf_weight=46 288 876 717 54 56 48
leaf_count=46 288 876 717 54 56 48
internal_value=0.00018208 0.000836345 -0.00031348 0.00616279 -0.00815789 -0.0120755
internal_weight=2085 1935 1593 342 150 104
internal_count=2085 1935 1593 342 150 104
is_linear=0
shrinkage=0.04


Tree=50
num_leaves=7
num_cat=0
split_feature=87 117 16 64 35 74
split_gain=7.04429 7.38136 7.77187 6.97929 4.02022 4.22493
threshold=1.1985346691214323 0.63768877464550144 -0.77864589423748709 -0.10413683702856578 -1.1234036929600129 -0.2410356801318809
decision_type=2 2 2 2 2 2
left_child=1 3 -3 -1 -2 -6
right_child=4 2 -4 -5 5 -7
leaf_value=-0.00015015220537878946 0.00087589569913777232 0.0003764783291948583 -0.00090515519524942995 0.00014391258152973371 0.00048974421146126209 -4.6678595538221028e-05
leaf_weight=687 62 47 220 855 77 137
leaf_count=687 62 47 220 855 77 137
internal_value=0.000258745 -0.000651574 -0.0067658 0.000414508 0.00618705 0.00351852
internal_weight=2085 1809 267 1542 276 214
internal_count=2085 1809 267 1542 276 214
is_linear=0
shrinkage=0.04


Tree=51
num_leaves=5
num_cat=0
split_feature=36 115 36 37
split_gain=6.57198 6.51747 6.30994 4.00237
threshold=-1.4187375039237675 1.0124237152404831 0.32605370740938217 0.2280694845731043
decision_type=2 2 2 2
left_child=-1 2 -2 -3
right_child=1 3 -4 -5
leaf_value=0.0010153840349507264 0.00011833970662949806 -0.0013341802913055939 -0.00016576554942066449 -0.0002405914324851918
leaf_weight=45 1247 54 618 121
leaf_count=45 1247 54 618 121
internal_value=0.000105414 -0.000235064 0.000460632 -0.00757062
internal_weight=2085 2040 1865 175
internal_count=2085 2040 1865 175
is_linear=0
shrinkage=0.04


Tree=52
num_leaves=7
num_cat=0
split_feature=31 82 74 20 46 114
split_gain=6.64162 7.16877 6.86602 2.71464 2.48818 1.2029
threshold=1.0085809777609429 -0.54158157737510759 -0.221368017023748 0.8687682974537555 -0.72987763458296817 -0.058288153594041187
decision_type=2 2 2 2 2 2
left_child=1 4 -3 5 -1 -2
right_child=3 2 -4 -5 -6 -7
leaf_value=4.1142236093582794e-05 -0.00035323923398053529 0.00035139066903296182 -1.1472973641346307e-05 -0.000166112658143496 -0.00091203743311012912 -0.00092209891845643731
leaf_weight=43 44 581 1197 70 104 46
leaf_count=43 44 581 1197 70 104 46
internal_value=0.000124581 0.000778412 0.00148315 -0.00765432 -0.00765101 -0.0121739
internal_weight=2085 1925 1778 160 147 90
internal_count=2085 1925 1778 160 147 90
is_linear=0
shrinkage=0.04


Tree=53
num_leaves=7
num_cat=0
split_feature=31 82 73 117 39 60
split_gain=6.04893 6.79347 6.08642 2.65621 2.62753 0.565621
threshold=1.0830354341725157 -0.54158157737510759 -0.11912658860401634 -0.49474500451387082 0.055817866558067204 0.40524875272454247
decision_type=2 2 2 2 2 2
left_child=1 4 -3 -2 -1 -5
right_child=3 2 -4 5 -6 -7
leaf_value=-0.00070163578780317701 -3.1236402461174044e-05 0.00021177836403263672 -3.1262159605846117e-05 -0.00075192250449800135 0.00012907725795696231 -0.00090608449841202382
leaf_weight=107 48 708 1100 40 42 40
leaf_count=107 48 708 1100 40 42 40
internal_value=4.79157e-05 0.000602348 0.00128177 -0.00830769 -0.00754967 -0.0126829
internal_weight=2085 1957 1808 128 149 80
internal_count=2085 1957 1808 128 149 80
is_linear=0
shrinkage=0.04


Tree=54
num_leaves=7
num_cat=0
split_feature=31 73 106 28 117 91
split_gain=6.16175 6.38806 7.81023 6.77359 3.43706 2.01457
threshold=0.96668883735388811 -0.11912658860401634 0.67636592492667269 -0.46116828094869916 -0.48293170864330287 -0.14000566144154877
decision_type=2 2 2 2 2 2
left_child=1 2 -1 -3 -2 -6
right_child=4 3 -4 -5 5 -7
leaf_value=0.00026394143054700453 -5.7549795795405761e-07 -0.00041928328217140696 -0.0010436614889165552 1.5323677878075689e-05 -0.00081406943806659532 -0.00050936776535369962
leaf_weight=684 75 261 68 888 56 53
leaf_count=684 75 261 68 888 56 53
internal_value=6.70819e-05 0.00074619 0.00360743 -0.00112945 -0.00688172 -0.0113514
internal_weight=2085 1901 752 1149 184 109
internal_count=2085 1901 752 1149 184 109
is_linear=0
shrinkage=0.04


Tree=55
num_leaves=8
num_cat=0
split_feature=114 68 23 34 11 1 38
split_gain=6.13457 6.88079 8.22243 7.95583 4.51873 2.48418 2.37958
threshold=-0.90649925326685554 -0.42725735714947299 -0.65360413612472545 -0.42631891153335094 0.17597620186016302 0.146991588973407 0.083065319881614766
decision_type=2 2 2 2 2 2 2
left_child=4 2 -2 -3 5 -1 -6
right_child=1 3 -4 -5 6 -7 -8
leaf_value=0.0009338218792522649 -0.00043724924782474663 0.00017416778680807209 0.00037133735527400749 -0.0002585643529522587 0.00017617701802432527 0.00025950508178880841 -0.00035222385513802482
leaf_weight=78 48 381 429 948 50 83 68
leaf_count=78 48 381 429 948 50 83 68
internal_value=0.000124581 -0.000730088 0.00338205 -0.00220887 0.00562278 0.00993865 -0.000333333
internal_weight=2085 1806 477 1329 279 161 118
internal_count=2085 1806 477 1329 279 161 118
is_linear=0
shrinkage=0.04


Tree=56
num_leaves=7
num_cat=0
split_feature=87 28 70 35 74 62
split_gain=6.11875 7.1611 8.08151 4.42824 3.1372 2.07979
threshold=1.1985346691214323 1.159426984735443 0.26168629432132279 -1.2511039904347443 -0.2410356801318809 -0.30249712071469526
decision_type=2 2 2 2 2 2
left_child=1 2 -1 -2 -5 -3
right_child=3 5 -4 4 -6 -7
leaf_value=-0.00012860199656130692 0.00092598727322994677 -0.00012177032505041646 0.000237511461367625 0.00044267901031121772 -5.7334102117600688e-06 -0.0010273022833751373
leaf_weight=1103 42 48 581 85 149 77
leaf_count=1103 42 48 581 85 149 77
internal_value=8.62482e-05 -0.00076201 -7.11744e-05 0.00561151 0.00338983 -0.00992126
internal_weight=2085 1809 1684 276 234 125
internal_count=2085 1809 1684 276 234 125
is_linear=0
shrinkage=0.04


Tree=57
num_leaves=8
num_cat=0
split_feature=115 14 63 14 81 36 82
split_gain=5.60122 7.35896 5.34088 6.95088 6.52671 4.59218 4.47813
threshold=-0.25935133953471218 -0.068941940359544276 0.04893920203440473 -0.55526870064805633 0.21999168791498297 0.99110482346494366 -0.25030131728504668
decision_type=2 2 2 2 2 2 2
left_child=1 6 4 -4 -2 -3 -1
right_child=2 5 3 -5 -6 -7 -8
leaf_value=-4.2846278800944167e-05 -0.00048838576861626344 2.6665935616787973e-05 -0.0005262334376877223 0.00016271784239265511 0.00012301648087967759 -0.0010924919585803266 0.00046759717749729533
leaf_weight=83 432 366 112 553 220 49 270
leaf_count=83 432 366 112 553 220 49 270
internal_value=-9.58313e-06 0.0027013 -0.00159212 0.000929535 -0.00415902 -0.000911271 0.00692958
internal_weight=2085 768 1317 665 652 415 353
internal_count=2085 768 1317 665 652 415 353
is_linear=0
shrinkage=0.04


Tree=58
num_leaves=7
num_cat=0
split_feature=110 37 6 33 63 3
split_gain=5.67242 8.07309 7.82025 7.56259 7.9203 5.76377
threshold=0.2653343472453325 -0.90812896292567724 -0.37856554887643595 1.1762002617934009 -0.55834225436924989 0.27721551242790832
decision_type=2 2 2 2 2 2
left_child=1 5 -3 4 -2 -1
right_child=3 2 -4 -5 -6 -7
leaf_value=0.00063586773429966353 -3.8151872882397772e-05 8.3833496042410945e-05 -0.00031327591942027099 -0.00055084382150415254 0.00046028380834651236 -9.317407992570192e-05
leaf_weight=94 273 398 705 74 484 57
leaf_count=94 273 398 705 74 484 57
internal_value=9.58313e-06 -0.0016879 -0.00287783 0.00256903 0.00376812 0.0069281
internal_weight=2085 1254 1103 831 757 151
internal_count=2085 1254 1103 831 757 151
is_linear=0
shrinkage=0.04


Tree=59
num_leaves=7
num_cat=0
split_feature=82 6 117 115 39 94
split_gain=5.98205 5.93275 6.73967 6.72642 2.52663 2.25329
threshold=-0.54158157737510759 0.04976274956374848 -0.6351321670606459 0.4163778223543036 0.086077602294545461 -0.76647450025021324
decision_type=2 2 2 2 2 2
left_child=4 3 -3 -2 5 -1
right_child=1 2 -4 -5 -6 -7
leaf_value=-0.00030368760305513043 0.00032446453214856702 0.00016492588982361527 -0.00017459256293064857 -0.00011056982914815938 0.00012078573445601912 -0.00077749836588302088
leaf_weight=44 663 198 725 349 40 66
leaf_count=44 663 198 725 349 40 66
internal_value=9.58313e-06 0.000609189 -0.00170811 0.00272189 -0.00763158 -0.0107143
internal_weight=2085 1935 923 1012 150 110
internal_count=2085 1935 923 1012 150 110
is_linear=0
shrinkage=0.04


Tree=60
num_leaves=7
num_cat=0
split_feature=87 117 28 62 36 68
split_gain=5.61927 6.51015 7.5093 4.27991 3.99292 3.96086
threshold=1.1985346691214323 0.89862174074515744 1.2117955248760517 -0.65170638596502684 -1.2677700434501042 1.0808897571680645
decision_type=2 2 2 2 2 2
left_child=1 2 -1 -3 -2 -6
right_child=4 3 -4 -5 5 -7
leaf_value=2.6687199195646554e-05 0.0008886544181164204 0.00027230048491077885 -0.00078477362255708119 -0.0011487903558524276 0.00026290041975400227 -0.00013301008536992836
leaf_weight=1566 46 42 75 126 144 86
leaf_count=1566 46 42 75 126 144 86
internal_value=2.87494e-05 -0.000784097 -1.21729e-05 -0.00823529 0.00532374 0.00310345
internal_weight=2085 1809 1641 168 276 230
internal_count=2085 1809 1641 168 276 230
is_linear=0
shrinkage=0.04


Tree=61
num_leaves=6
num_cat=0
split_feature=59 31 73 117 29
split_gain=5.5153 6.33091 6.76662 3.2976 3.16134
threshold=2.6085431593271613 0.96668883735388811 -0.19542644560287395 -0.48293170864330287 0.24163647784482054
decision_type=2 2 2 2 2
left_child=1 2 -1 -3 -2
right_child=4 3 -4 -5 -6
leaf_value=0.0001830135936832386 0.0013669365967646744 -1.8226241434074852e-05 -9.6034822925292887e-05 -0.00071316767237806957 0.00045398921116164781
leaf_weight=668 41 65 1145 99 67
leaf_count=668 41 65 1145 99 67
internal_value=9.58313e-06 -0.000474987 0.000209366 -0.00795181 0.00872727
internal_weight=2085 1977 1813 164 108
internal_count=2085 1977 1813 164 108
is_linear=0
shrinkage=0.04


Tree=62
num_leaves=7
num_cat=0
split_feature=87 67 17 28 63 96
split_gain=5.61927 6.30545 8.73053 8.47478 4.4412 2.89029
threshold=1.1985346691214323 -0.29130074903169284 -0.44086140806317947 0.99112884697797277 -0.67366239037246733 0.9895699519130402
decision_type=2 2 2 2 2 2
left_child=1 2 -1 -3 -2 -6
right_child=4 3 -4 -5 5 -7
leaf_value=6.0521928000331384e-05 -8.5701283308030002e-05 0.00010295804948019131 -0.00056478656209369446 -0.00046086570297577012 0.00029972802751117685 0.00067867363853893502
leaf_weight=255 46 1118 306 130 190 40
leaf_count=255 46 1118 306 130 190 40
internal_value=2.87494e-05 -0.000784097 -0.0042984 0.0008 0.00532374 0.00758621
internal_weight=2085 1809 561 1248 276 230
internal_count=2085 1809 561 1248 276 230
is_linear=0
shrinkage=0.04


Tree=63
num_leaves=6
num_cat=0
split_feature=115 36 32 37 40
split_gain=5.80521 5.75563 4.82141 4.49274 3.38822
threshold=0.96212715829920559 -1.3478129846207245 1.1915988117535659 0.2280694845731043 1.5120344019708762
decision_type=2 2 2 2 2
left_child=1 -1 -3 -2 -5
right_child=3 2 -4 4 -6
leaf_value=0.00091185849406114495 -0.0011826870668768925 3.6353742457979675e-05 -0.00037832842681178431 5.1172117841642027e-05 -0.0013047553280329102
leaf_weight=47 66 1734 94 103 41
leaf_count=47 66 1734 94 103 41
internal_value=4.79157e-05 0.000756526 0.000393443 -0.00622642 -0.00219178
internal_weight=2085 1875 1828 210 144
internal_count=2085 1875 1828 210 144
is_linear=0
shrinkage=0.04


Tree=64
num_leaves=6
num_cat=0
split_feature=115 36 64 42 99
split_gain=5.37856 5.97584 5.00621 3.97659 3.43187
threshold=1.0454949774515503 -1.3478129846207245 -0.10413683702856578 0.60567274853583764 0.56076768544733646
decision_type=2 2 2 2 2
left_child=1 -1 -3 4 -2
right_child=3 2 -4 -5 -6
leaf_value=0.0008581772468542842 -0.00086549662491453494 -8.4540456683009307e-05 0.0001121289020460607 0.00052576884328576134 -0.00011749477375943948
leaf_weight=51 77 846 1026 42 43
leaf_count=51 77 846 1026 42 43
internal_value=0.000124581 0.000716883 0.000341515 -0.00682927 -0.0104918
internal_weight=2085 1923 1872 162 120
internal_count=2085 1923 1872 162 120
is_linear=0
shrinkage=0.04


Tree=65
num_leaves=5
num_cat=0
split_feature=36 68 28 86
split_gain=5.91325 5.65849 11.323 5.77233
threshold=-1.3478129846207245 -0.42725735714947299 0.9012638048087791 1.0190409879967504
decision_type=2 2 2 2
left_child=-1 2 -2 -3
right_child=1 3 -4 -5
leaf_value=0.00071286960201904451 0.00034785175852953485 -0.00015091189810717852 -0.00084173409630531606 0.0001703344711737985
leaf_weight=63 452 1290 69 211
leaf_count=63 452 1290 69 211
internal_value=0.000124581 -0.000256917 0.00332696 -0.00150366
internal_weight=2085 2022 521 1501
internal_count=2085 2022 521 1501
is_linear=0
shrinkage=0.04


Tree=66
num_leaves=8
num_cat=0
split_feature=110 80 29 64 33 81 60
split_gain=5.55744 8.19529 7.83118 6.87057 6.75518 5.99137 5.16215
threshold=0.23794266999777094 -0.047581621426358335 0.14963983421856344 -0.53178220398259157 1.1762002617934009 0.19587366340856974 0.67134889226385541
decision_type=2 2 2 2 2 2 2
left_child=1 2 -1 6 -5 -3 -2
right_child=3 5 -4 4 -6 -7 -8
leaf_value=0.00026983681543666364 4.8055595804537281e-06 -0.00075686199022801412 -0.00014544837024134519 0.00039179095844926731 -0.00033574943937114541 -0.00012803343400866703 -0.00076768183766902018
leaf_weight=363 259 273 276 493 48 312 61
leaf_count=363 259 273 276 493 48 312 61
internal_value=6.70819e-05 -0.00166395 0.00146646 0.00252607 0.00526703 -0.00507666 -0.0021118
internal_weight=2085 1224 639 861 541 585 320
internal_count=2085 1224 639 861 541 585 320
is_linear=0
shrinkage=0.04


Tree=67
num_leaves=8
num_cat=0
split_feature=115 14 14 68 93 14 86
split_gain=5.68021 7.61588 5.3627 6.92747 5.78619 4.59877 4.09252
threshold=-0.21303195289804835 1.0000000180025095e-35 -0.58383092288580374 -0.43439996235202488 0.68843647829640242 1.3921283311972841 -0.64972894313565577
decision_type=2 2 2 2 2 2 2
left_child=1 6 4 -4 -2 -3 -1
right_child=2 5 3 -5 -6 -7 -8
leaf_value=4.6133371972355985e-06 -0.00056133752134044387 -0.000229004967927079 0.00036795633933854209 -8.4767299777815564e-05 0.00014975900395866465 0.00027547603697698265 0.0004826227986604862
leaf_weight=121 183 362 206 838 45 55 275
leaf_count=121 183 362 206 838 45 55 275
internal_value=6.70819e-05 0.00267485 -0.00160126 -0.000382409 -0.00713043 -0.00109785 0.00663317
internal_weight=2085 813 1272 1044 228 417 396
internal_count=2085 813 1272 1044 228 417 396
is_linear=0
shrinkage=0.04


Tree=68
num_leaves=6
num_cat=0
split_feature=80 37 35 30 28
split_gain=5.53002 5.92338 5.36089 4.09353 2.27313
threshold=2.7860779252242747 -1.0707390354836321 -1.2657511492603042 0.021176171681484914 -0.60269168785696592
decision_type=2 2 2 2 2
left_child=1 4 -3 -2 -1
right_child=3 2 -4 -5 -6
leaf_value=0.0013647004856033912 0.0011889944432430454 0.00052855993531976679 -4.5169050255242039e-05 0.00020000989026603216 7.4979240626744728e-05
leaf_weight=41 41 76 1808 79 40
leaf_count=41 41 76 1808 79 40
internal_value=-6.70819e-05 -0.000579563 -0.00103924 0.00819672 0.00987952
internal_weight=2085 1965 1884 120 81
internal_count=2085 1965 1884 120 81
is_linear=0
shrinkage=0.04


Tree=69
num_leaves=8
num_cat=0
split_feature=6 37 100 86 24 42 98
split_gain=5.7387 7.25796 7.15492 6.19845 4.90826 2.28068 2.11607
threshold=0.15342657837441645 -0.88765758537251938 0.55267692440769711 0.9534078843949968 0.70489112184986091 0.32650076757301788 0.08328569188086464
decision_type=2 2 2 2 2 2 2
left_child=1 6 4 -3 -2 -4 -1
right_child=2 3 5 -5 -6 -7 -8
leaf_value=0.00024349400761797507 2.6561465383616869e-05 -2.1942146312464525e-05 -0.001286208488575335 0.0005985494358529042 -0.00033421318844330478 -0.00015310552145569951 0.00082925804547269693
leaf_weight=48 536 1004 79 140 183 46 49
leaf_count=48 536 1004 79 140 183 46 49
internal_value=-0.000201246 0.00152856 -0.00274232 0.000628272 -0.00119279 -0.0114961 0.0119192
internal_weight=2085 1241 844 1144 719 125 97
internal_count=2085 1241 844 1144 719 125 97
is_linear=0
shrinkage=0.04


Tree=70
num_leaves=6
num_cat=0
split_feature=37 110 63 29 28
split_gain=5.34452 6.09096 7.72332 5.84609 2.27313
threshold=-1.0707390354836321 0.23794266999777094 -0.50447237053919525 0.11444563165900627 -0.60269168785696592
decision_type=2 2 2 2 2
left_child=4 3 -3 -2 -1
right_child=1 2 -4 -5 -6
leaf_value=0.0013090500075639108 -1.3837299087506114e-06 -6.4500266921174666e-05 0.00029781299938822046 -0.00028640287469664102 4.0948245883467187e-05
leaf_weight=41 695 315 528 466 40
leaf_count=41 695 315 528 466 40
internal_value=-6.70819e-05 -0.000478564 0.00210651 -0.00235598 0.00987952
internal_weight=2085 2004 843 1161 81
internal_count=2085 2004 843 1161 81
is_linear=0
shrinkage=0.04


Tree=71
num_leaves=7
num_cat=0
split_feature=115 111 28 31 113 116
split_gain=4.99578 5.00478 5.51162 3.57197 3.39458 1.69641
threshold=1.0124237152404831 -0.77176596383318086 1.3734701584168008 0.22376072930601454 0.71469325580813348 0.99673449119602808
decision_type=2 2 2 2 2 2
left_child=1 3 -3 -1 5 -2
right_child=4 2 -4 -5 -6 -7
leaf_value=0.00051622524901571206 -0.0011394854641063048 9.5295862747157845e-06 -0.00046787923308115153 -4.1036725166999289e-05 7.440159800852289e-06 -0.00011676186074348921
leaf_weight=121 63 1651 83 44 78 45
leaf_count=121 63 1651 83 44 78 45
internal_value=-0.000162913 0.000452393 -0.000184332 0.00706587 -0.00638298 -0.0109091
internal_weight=2085 1899 1734 165 186 108
internal_count=2085 1899 1734 165 186 108
is_linear=0
shrinkage=0.04


Tree=72
num_leaves=5
num_cat=0
split_feature=36 115 82 96
split_gain=5.42902 5.25044 4.5665 3.83511
threshold=-1.3884823975790663 1.0124237152404831 -0.54158157737510759 0.76678290249358727
decision_type=2 2 2 2
left_child=-1 2 -2 -3
right_child=1 3 -4 -5
leaf_value=0.00061053134854391236 -0.00048324755832979512 -0.00074181752243926034 2.4523516463732866e-05 0.00024212799667720249
leaf_weight=54 147 129 1712 43
leaf_count=54 147 129 1712 43
internal_value=-0.000143747 -0.000482046 0.00013971 -0.00712644
internal_weight=2085 2031 1859 172
internal_count=2085 2031 1859 172
is_linear=0
shrinkage=0.04


Tree=73
num_leaves=6
num_cat=0
split_feature=35 67 79 37 61
split_gain=4.91778 5.91495 5.91027 4.58957 3.18529
threshold=-1.2657511492603042 -0.27538285167771887 0.34923225448728568 -1.0707390354836321 -1.2890882280933702
decision_type=2 2 2 2 2
left_child=4 2 -2 -3 -1
right_child=1 3 -4 -5 -6
leaf_value=0.00083509913404800106 -0.00029822508561112523 0.00071338420347059894 5.9534961080400311e-05 1.7680369319625216e-05 4.4941289553583478e-05
leaf_weight=40 428 66 275 1235 41
leaf_count=40 428 66 275 1235 41
internal_value=-0.000143747 -0.000538385 -0.00348936 0.00105909 0.00939759
internal_weight=2085 2004 703 1301 81
internal_count=2085 2004 703 1301 81
is_linear=0
shrinkage=0.04


Tree=74
num_leaves=8
num_cat=0
split_feature=114 68 3 14 11 100 98
split_gain=4.63998 5.08108 6.38725 5.57917 2.97409 2.82323 2.17562
threshold=-0.88709814746380966 -0.42725735714947299 0.27721551242790832 -0.60271508358551551 0.2174299545302619 -0.56438266613321664 0.012284586833611996
decision_type=2 2 2 2 2 2 2
left_child=4 3 -3 -2 6 -6 -1
right_child=1 2 -4 -5 5 -7 -8
leaf_value=3.5192479870984892e-05 -0.00017330053002209621 -6.5855161988286756e-06 -0.00024587166347086873 0.00039252036115132243 -0.00091313239800193261 0.00015080983606150547 0.0005199060690668745
leaf_weight=56 129 910 410 348 47 71 114
leaf_count=56 129 910 410 348 47 71 114
internal_value=-0.000143747 -0.0009005 -0.00217852 0.00263048 0.00455172 -0.000333333 0.00790698
internal_weight=2085 1797 1320 477 288 118 170
internal_count=2085 1797 1320 477 288 118 170
is_linear=0
shrinkage=0.04


Tree=75
num_leaves=5
num_cat=0
split_feature=36 67 17 28
split_gain=4.06667 4.43963 6.0978 5.86349
threshold=-1.4187375039237675 -0.27538285167771887 -0.44086140806317947 1.2117955248760517
decision_type=2 2 2 2
left_child=-1 2 -2 -3
right_child=1 3 -4 -5
leaf_value=0.00061109260640900399 5.7416983285137456e-05 9.1094241148078535e-05 -0.00027355192378240997 -0.00071026785643770157
leaf_weight=45 287 1230 435 88
leaf_count=45 287 1230 435 88
internal_value=-0.000143747 -0.000411361 -0.00292818 0.000969697
internal_weight=2085 2040 722 1318
internal_count=2085 2040 722 1318
is_linear=0
shrinkage=0.04


Tree=76
num_leaves=7
num_cat=0
split_feature=114 116 68 11 99 62
split_gain=4.96361 4.63618 4.10202 2.14059 2.98214 2.90401
threshold=-0.88709814746380966 -0.81579967419121313 -0.46302482333132949 0.2174299545302619 0.040009596367936308 -0.43743550365803835
decision_type=2 2 2 2 2 2
left_child=3 -2 -3 5 -5 -1
right_child=1 2 -4 4 -6 -7
leaf_value=0.00073381708377893984 -0.00074163141003277464 0.00023398861336109127 -5.5033274320601106e-05 -0.00065681212929819693 0.00016861646692307644 0.00020664218737136698
leaf_weight=43 42 387 1368 61 57 127
leaf_count=43 42 387 1368 61 57 127
internal_value=-2.87494e-05 -0.000811562 -0.000489471 0.00482759 0.000666667 0.00767442
internal_weight=2085 1797 1755 288 118 170
internal_count=2085 1797 1755 288 118 170
is_linear=0
shrinkage=0.04


Tree=77
num_leaves=8
num_cat=0
split_feature=115 11 14 4 79 53 82
split_gain=5.0569 6.03392 5.42468 6.40022 4.82042 4.81832 3.99465
threshold=-0.21303195289804835 -0.035434451373332107 -0.13502995103116136 -0.66705626035290411 -0.75810673728599864 -0.74999999999999989 -0.24550773243683352
decision_type=2 2 2 2 2 2 2
left_child=1 6 3 -2 -3 -4 -1
right_child=2 4 5 -5 -6 -7 -8
leaf_value=-6.5590293244726232e-05 5.5953520167815259e-05 0.00039250718169504296 0.0012584285805021043 -0.0003795609653169456 -0.00017156719439169514 -1.0899776709653516e-06 0.00043242128326164043
leaf_weight=90 173 105 45 388 351 666 267
leaf_count=90 173 105 45 388 351 666 267
internal_value=6.70819e-05 0.00252761 -0.00150706 -0.0044405 -0.000524017 0.000813464 0.00640669
internal_weight=2085 813 1272 561 456 711 357
internal_count=2085 813 1272 561 456 711 357
is_linear=0
shrinkage=0.04


Tree=78
num_leaves=7
num_cat=0
split_feature=87 91 29 40 63 42
split_gain=4.37387 5.50243 6.16267 3.06663 2.40051 2.35863
threshold=1.30229723990204 0.76890332358814983 -0.0067322866481209524 -0.29421279803853656 -0.68719095522295215 -0.28319515380447863
decision_type=2 2 2 2 2 2
left_child=1 2 -1 -3 -2 -6
right_child=4 3 -4 -5 5 -7
leaf_value=0.00012326820413350163 -5.877088618830991e-05 1.6511071760004302e-05 -0.0001055388944346762 -0.00081112327894550436 0.00047541221426813804 9.5978184891156403e-05
leaf_weight=845 40 40 856 95 101 108
leaf_count=845 40 40 856 95 101 108
internal_value=6.70819e-05 -0.000609358 1.1744e-05 -0.00832117 0.00501992 0.00672986
internal_weight=2085 1836 1701 135 249 209
internal_count=2085 1836 1701 135 249 209
is_linear=0
shrinkage=0.04


Tree=79
num_leaves=8
num_cat=0
split_feature=21 86 80 100 59 116 44
split_gain=4.01936 6.98838 6.39605 6.28308 5.62435 2.7848 2.45599
threshold=0.091994060231404121 0.98128356300104735 -0.87226323750379986 0.57576742579156981 0.049595759070836951 0.91754295176633838 0.10119406952405692
decision_type=2 2 2 2 2 2 2
left_child=1 2 -1 4 -2 -5 -3
right_child=3 6 -4 5 -6 -7 -8
leaf_value=0.00054311565931347593 -0.00012630665471089446 0.00014015690269909096 -5.5975805347316386e-06 -0.0010636460548689667 0.00015504884984517131 -3.0769692994799122e-05 0.00068157127124790571
leaf_weight=52 464 43 997 86 343 41 59
leaf_count=52 464 43 997 86 343 41 59
internal_value=6.70819e-05 0.00164788 0.000666032 -0.00188034 -0.000568603 -0.0100775 0.0115385
internal_weight=2085 1151 1049 934 807 127 102
internal_count=2085 1151 1049 934 807 127 102
is_linear=0
shrinkage=0.04


Tree=80
num_leaves=7
num_cat=0
split_feature=114 63 5 53 46 11
split_gain=4.77773 5.00425 5.69892 4.91942 3.35069 3.36404
threshold=-0.90649925326685554 0.04893920203440473 -0.18385475436593651 0.25000000000000006 1.0089966932216219 0.2174299545302619
decision_type=2 2 2 2 2 2
left_child=4 2 -2 -3 5 -1
right_child=1 3 -4 -5 -6 -7
leaf_value=0.00036488950788959819 2.830255385833748e-05 0.0002761545879718384 -0.00026604000057391401 -0.00013869889939706088 0.00079974235612628925 -0.00020314005162973202
leaf_weight=145 406 474 529 397 41 93
leaf_count=145 406 474 529 397 41 93
internal_value=0.000201246 -0.000553097 -0.00258271 0.00162658 0.00505338 0.00316667
internal_weight=2085 1806 935 871 279 238
internal_count=2085 1806 935 871 279 238
is_linear=0
shrinkage=0.04


Tree=81
num_leaves=7
num_cat=0
split_feature=74 69 81 68 98 35
split_gain=4.26048 7.83741 7.31674 6.88481 5.14086 5.0101
threshold=-0.36569544142853777 0.74401550600428357 0.080692665806781652 -0.39610337722966299 -0.26013427308488929 -1.2657511492603042
decision_type=2 2 2 2 2 2
left_child=1 4 3 -2 -1 -4
right_child=2 -3 5 -5 -6 -7
leaf_value=8.8711391152379586e-07 0.00015920045731278955 -0.00068205263716234062 0.00066781168401010174 -0.0003532136169024741 0.00034917214472198892 2.7214594750650453e-05
leaf_weight=249 147 66 56 603 315 649
leaf_count=249 147 66 56 603 315 649
internal_value=0.000105414 0.0028481 -0.00108442 -0.00382979 0.00438163 0.00183876
internal_weight=2085 630 1455 750 564 705
internal_count=2085 630 1455 750 564 705
is_linear=0
shrinkage=0.04


Tree=82
num_leaves=8
num_cat=0
split_feature=110 57 25 46 28 80 117
split_gain=4.16964 5.20936 4.81052 5.47839 4.84865 4.48047 4.4115
threshold=0.43884562412512734 0.25658938389814051 0.42961836715946994 -0.1029060250326561 -0.52028938264926894 -0.010320977546566407 -0.7867910740353864
decision_type=2 2 2 2 2 2 2
left_child=1 5 4 -4 -2 -1 -3
right_child=2 6 3 -5 -6 -7 -8
leaf_value=0.00010876982199284878 -0.00026442899656142999 0.00023568762478335254 0.00011888770198585663 -0.00054227895513362496 0.00039771675725130658 -0.00016634910438841703 -0.00021391058779490589
leaf_weight=465 62 45 118 108 375 483 429
leaf_count=465 62 45 118 108 375 483 429
internal_value=0.00018208 -0.00103933 0.00279699 -0.00192982 0.00523918 0.000673684 -0.00445378
internal_weight=2085 1422 663 226 437 948 474
internal_count=2085 1422 663 226 437 948 474
is_linear=0
shrinkage=0.04


Tree=83
num_leaves=8
num_cat=0
split_feature=115 14 63 14 20 14 64
split_gain=4.29153 8.26525 5.15802 7.67764 7.3305 4.59338 3.47329
threshold=-0.5506716690305492 -0.17212901368459632 -0.0054945284715601167 -0.55526870064805633 -1.0829828713123251 1.3354515887860838 -1.089808485648027
decision_type=2 2 2 2 2 2 2
left_child=1 6 4 -4 -2 -3 -1
right_child=2 5 3 -5 -6 -7 -8
leaf_value=-7.8040915528156398e-05 0.00043229065675337325 -0.00015562724951957078 -0.00046662422716793026 0.00020609404178519649 -0.00022951907714130471 0.00023679847539138048 0.00046086597776457842
leaf_weight=41 47 230 134 696 740 47 150
leaf_count=41 47 230 134 696 740 47 150
internal_value=0.000124581 0.00348936 -0.000852378 0.00134615 -0.00316857 -0.0009319 0.00984456
internal_weight=2085 468 1617 830 787 277 191
internal_count=2085 468 1617 830 787 277 191
is_linear=0
shrinkage=0.04


Tree=84
num_leaves=7
num_cat=0
split_feature=3 37 28 10 63 98
split_gain=4.21032 6.04881 7.34399 4.20529 5.14574 2.34578
threshold=0.15525834240205968 -0.88765758537251938 -0.56648555608403339 1.9466774799400752 0.028370034950308706 0.10068783659584407
decision_type=2 2 2 2 2 2
left_child=1 5 -3 4 -2 -1
right_child=3 2 -4 -5 -6 -7
leaf_value=0.00023387499565744895 -0.00027570768922667869 -0.00028760749308151957 7.9205894062961413e-05 0.0013183399608112842 6.6205407988426457e-06 0.00072019756196844227
leaf_weight=51 381 173 971 54 409 46
leaf_count=51 381 173 971 54 409 46
internal_value=0.000143747 0.0016251 0.000802792 -0.0020331 -0.00277778 0.0111111
internal_weight=2085 1241 1144 844 790 97
internal_count=2085 1241 1144 844 790 97
is_linear=0
shrinkage=0.04


Tree=85
num_leaves=8
num_cat=0
split_feature=110 63 80 28 57 45 60
split_gain=4.42363 5.96073 5.64116 6.74296 5.56457 5.43775 4.06644
threshold=0.1017195755950103 -0.55834225436924989 -0.047581621426358335 -0.20083182127551122 0.22801804056803773 -1.2133736588448205 0.67134889226385541
decision_type=2 2 2 2 2 2 2
left_child=2 6 4 -4 -1 -3 -2
right_child=1 5 3 -5 -6 -7 -8
leaf_value=0.00019801488107751004 -2.1229190118944241e-06 0.00050896061905676346 -0.00067309952038314058 -9.849688216706043e-05 -0.00013921553090925383 0.00014261671834870813 -0.00061144722515894974
leaf_weight=369 260 80 182 358 243 534 59
leaf_count=369 260 80 182 358 243 534 59
internal_value=0.000201246 0.00224599 -0.00145581 -0.00442804 0.00117264 0.00454545 -0.00218069
internal_weight=2085 933 1152 540 612 614 319
internal_count=2085 933 1152 540 612 614 319
is_linear=0
shrinkage=0.04


Tree=86
num_leaves=6
num_cat=0
split_feature=35 74 37 104 60
split_gain=4.13873 5.60453 6.57655 5.51163 3.02241
threshold=-1.2657511492603042 -0.2320950875513072 -1.0144064928843555 -1.0249904899992524 -0.67339917332469779
decision_type=2 2 2 2 2
left_child=4 3 -3 -2 -1
right_child=1 2 -4 -5 -6
leaf_value=0.00072271949988711741 -0.00026793180061687814 0.00038880574791785806 -9.7037101254985122e-05 0.00017222175768645751 2.1630840391948063e-05
leaf_weight=41 126 77 1188 613 40
leaf_count=41 126 77 1188 613 40
internal_value=0.000162913 -0.000199402 -0.00181531 0.0025641 0.00891566
internal_weight=2085 2004 1265 739 81
internal_count=2085 2004 1265 739 81
is_linear=0
shrinkage=0.04


Tree=87
num_leaves=6
num_cat=0
split_feature=35 74 37 59 61
split_gain=4.19325 4.87393 6.05099 4.72864 2.80978
threshold=-1.2657511492603042 -0.221368017023748 -1.0144064928843555 0.043364019731247989 -1.2890882280933702
decision_type=2 2 2 2 2
left_child=4 3 -3 -2 -1
right_child=1 2 -4 -5 -6
leaf_value=0.00070366015404244172 1.1075652379430703e-05 0.0003732535180011437 -9.3813686925236573e-05 0.0004022202425146915 3.5031991233529933e-05
leaf_weight=40 548 75 1181 200 41
leaf_count=40 548 75 1181 200 41
internal_value=0.000105414 -0.000259222 -0.0017806 0.00229333 0.00891566
internal_weight=2085 2004 1256 748 81
internal_count=2085 2004 1256 748 81
is_linear=0
shrinkage=0.04


Tree=88
num_leaves=8
num_cat=0
split_feature=6 117 86 80 7 11 28
split_gain=4.09771 5.8759 5.60497 6.52173 5.01946 3.63646 2.51837
threshold=0.15342657837441645 -0.64866063517085792 0.9534078843949968 -0.87226323750379986 0.13010352397973293 -0.23440914661661427 -0.12531852062684645
decision_type=2 2 2 2 2 2 2
left_child=2 5 3 -1 -3 -2 -4
right_child=1 4 6 -5 -6 -7 -8
leaf_value=0.00047188261269287448 0.00026908609124373845 -0.00031992862336859294 -1.1068826714054278e-05 -1.0184496673912572e-05 -1.2682477903415563e-05 2.03150662983358e-05 0.00068934779346937829
leaf_weight=58 57 326 40 1030 345 116 113
leaf_count=58 57 326 40 1030 345 116 113
internal_value=6.70819e-05 -0.00208038 0.00152856 0.000513761 -0.00377415 0.00445714 0.00864516
internal_weight=2085 844 1241 1088 671 173 153
internal_count=2085 844 1241 1088 671 173 153
is_linear=0
shrinkage=0.04


Tree=89
num_leaves=7
num_cat=0
split_feature=114 30 91 64 46 41
split_gain=3.97667 4.19065 6.8547 4.95913 2.58842 2.80876
threshold=-0.88709814746380966 0.052987412988517883 0.10656471759098406 0.60822234872206649 1.0089966932216219 -0.61755650583871746
decision_type=2 2 2 2 2 2
left_child=4 2 -2 -3 5 -1
right_child=1 3 -4 -5 -6 -7
leaf_value=-0.0005016286178395529 0.00029587886184943114 -0.00020073624140873656 -7.5067870658950174e-05 0.00015432500344412069 0.00077090762581948156 0.00014272389029621843
leaf_weight=40 458 670 508 161 41 207
leaf_count=40 458 670 508 161 41 207
internal_value=6.70819e-05 -0.000633685 0.00115702 -0.00271309 0.00441379 0.00281124
internal_weight=2085 1797 966 831 288 247
internal_count=2085 1797 966 831 288 247
is_linear=0
shrinkage=0.04


Tree=90
num_leaves=8
num_cat=0
split_feature=81 74 42 28 103 41 118
split_gain=4.05237 6.09732 11.0091 6.0594 5.89654 4.8841 4.68073
threshold=0.12368591020608756 -0.19360712480422163 0.53168980186275128 -0.248517098801079 0.37113839376728036 -0.69286481261013988 0.43915898961541394
decision_type=2 2 2 2 2 2 2
left_child=1 2 -1 4 -2 -5 -3
right_child=3 6 -4 5 -6 -7 -8
leaf_value=0.00032693443778164044 1.6234997171093098e-05 -4.4683032550502311e-05 -0.00032888926019221555 -4.8133595806471137e-05 -0.00079197608385277076 0.00031560707835064246 -0.00054492199690714675
leaf_weight=312 204 450 186 176 75 451 231
leaf_count=312 204 450 186 176 75 451 231
internal_value=0.000105414 -0.00143946 0.00192 0.00211454 -0.0027758 0.00429253 -0.00389458
internal_weight=2085 1179 498 906 279 627 681
internal_count=2085 1179 498 906 279 627 681
is_linear=0
shrinkage=0.04


Tree=91
num_leaves=6
num_cat=0
split_feature=35 74 111 59 60
split_gain=3.79893 4.2338 5.73398 5.5017 2.66545
threshold=-1.2657511492603042 -0.221368017023748 -0.44554979234429187 0.043364019731247989 -0.67339917332469779
decision_type=2 2 2 2 2
left_child=4 3 -3 -2 -1
right_child=1 2 -4 -5 -6
leaf_value=0.00064161225598888868 -1.5863667569782774e-06 -0.00026331575774127855 -4.3339286345930523e-06 0.00037188504919878087 2.4630754387382908e-05
leaf_weight=41 548 334 922 200 40
leaf_count=41 548 334 922 200 40
internal_value=4.79157e-05 -0.000299103 -0.00171701 0.00208 0.00843373
internal_weight=2085 2004 1256 748 81
internal_count=2085 2004 1256 748 81
is_linear=0
shrinkage=0.04


Tree=92
num_leaves=5
num_cat=0
split_feature=87 3 117 82
split_gain=3.67372 4.05579 5.33013 3.77268
threshold=2.4967628346504003 0.4352643185675959 -0.68916937366494535 -0.53591239326548157
decision_type=2 2 2 2
left_child=1 3 -3 -1
right_child=-2 2 -4 -5
leaf_value=-0.00045021446609040281 0.00019947228979918491 7.9873003104561041e-05 -0.00019503887087790972 5.042368814889342e-05
leaf_weight=122 60 108 434 1361
leaf_count=122 60 108 434 1361
internal_value=8.62482e-05 -0.000207203 -0.00316176 0.000875421
internal_weight=2085 2025 542 1483
internal_count=2085 2025 542 1483
is_linear=0
shrinkage=0.04


Tree=93
num_leaves=7
num_cat=0
split_feature=31 80 74 114 56 20
split_gain=3.67245 3.76972 4.49018 2.59303 2.31082 1.45141
threshold=1.0085809777609429 2.7860779252242747 -0.33210227643755713 -0.3851011772356186 0.55047849646970859 0.8182562288269345
decision_type=2 2 2 2 2 2
left_child=1 2 -1 -2 -3 -5
right_child=3 4 -4 5 -6 -7
leaf_value=0.0001505510338650733 2.9045921043168231e-05 0.001110092949464594 -4.0740484146285162e-05 -0.00074089493764019332 8.9983372152921409e-07 -0.0004227518949133089
leaf_weight=556 54 63 1265 62 41 44
leaf_count=556 54 63 1265 62 41 44
internal_value=0.000105414 0.000591593 0.000164564 -0.00567901 0.00792453 -0.00925926
internal_weight=2085 1925 1821 160 104 106
internal_count=2085 1925 1821 160 104 106
is_linear=0
shrinkage=0.04


Tree=94
num_leaves=6
num_cat=0
split_feature=57 6 100 37 2
split_gain=3.65699 5.56077 4.99732 4.59397 2.52083
threshold=1.0406756030252384 0.27327311285239614 0.57576742579156981 -0.88765758537251938 0.49123916183328287
decision_type=2 2 2 2 2
left_child=1 3 -3 -1 -2
right_child=4 2 -4 -5 -6
leaf_value=0.00044119323747413567 0.00044629920410296233 -3.8166528208393413e-05 -0.00097965444019565266 8.4895818860099634e-06 3.0554411512262805e-06
leaf_weight=120 46 550 89 1236 44
leaf_count=120 46 550 89 1236 44
internal_value=2.87494e-05 -0.000330496 -0.00340094 0.00111929 0.00782609
internal_weight=2085 1995 639 1356 90
internal_count=2085 1995 639 1356 90
is_linear=0
shrinkage=0.04


Tree=95
num_leaves=8
num_cat=0
split_feature=81 28 16 87 68 41 63
split_gain=3.5439 5.42359 5.65763 5.3234 5.93028 4.36192 2.07377
threshold=0.12368591020608756 -0.248517098801079 -0.12161335553333844 1.4793506058958481 -0.39610337722966299 -0.8695775317663702 -0.2619700307804898
decision_type=2 2 2 2 2 2 2
left_child=3 2 -2 4 -1 -3 -5
right_child=1 5 -4 6 -6 -7 -8
leaf_value=7.0926854156339142e-05 0.00014959066657415759 -0.00017624823633658859 -0.0005086107218686181 0.0002261493746125748 -0.00023506883989339591 0.0002858274510923668 0.0001129895594814577
leaf_weight=300 128 116 151 51 762 511 66
leaf_count=300 128 116 151 51 762 511 66
internal_value=-2.87494e-05 0.00185022 -0.0027758 -0.00147333 -0.00236842 0.00391097 0.00655462
internal_weight=2085 906 279 1179 1062 627 117
internal_count=2085 906 279 1179 1062 627 117
is_linear=0
shrinkage=0.04


Tree=96
num_leaves=5
num_cat=0
split_feature=37 110 63 14
split_gain=3.6423 4.29846 5.43407 5.36676
threshold=-1.0808654942806764 0.1017195755950103 -0.50447237053919525 -0.66943788734997456
decision_type=2 2 2 2
left_child=-1 3 -3 -2
right_child=1 2 -4 -5
leaf_value=0.00043696930443907751 -0.00042063139662466424 -5.9501797316652979e-05 0.00022490978705349732 -2.5182708147449439e-05
leaf_weight=72 198 325 590 900
leaf_count=72 198 325 590 900
internal_value=-6.70819e-05 -0.000387097 0.00163577 -0.00207273
internal_weight=2085 2013 915 1098
internal_count=2085 2013 915 1098
is_linear=0
shrinkage=0.04


Tree=97
num_leaves=6
num_cat=0
split_feature=35 64 112 79 60
split_gain=3.52359 4.02741 6.41524 5.13536 2.3309
threshold=-1.2657511492603042 -0.10413683702856578 -1.091721854154809 1.199036016949482 -0.67339917332469779
decision_type=2 2 2 2 2
left_child=4 2 -2 -3 -1
right_child=1 3 -4 -5 -6
leaf_value=0.00059479136478795408 0.00017193994368337005 2.2359985892005679e-05 -0.00020720518500040385 0.00079382783626000502 2.6993892287578566e-05
leaf_weight=41 138 1066 758 42 40
leaf_count=41 138 1066 758 42 40
internal_value=-0.000124581 -0.000458624 -0.00244989 0.00115315 0.00795181
internal_weight=2085 2004 896 1108 81
internal_count=2085 2004 896 1108 81
is_linear=0
shrinkage=0.04


Tree=98
num_leaves=8
num_cat=0
split_feature=6 106 10 109 41 45 64
split_gain=3.54272 4.55003 4.94939 3.94953 4.4496 2.27345 0.429733
threshold=0.27327311285239614 0.66420032159377707 1.9466774799400752 1.0006598974331371 -0.18163540590788915 0.085715858018045057 0.17677231998676229
decision_type=2 2 2 2 2 2 2
left_child=3 2 -2 4 -1 -5 -3
right_child=1 6 -4 5 -6 -7 -8
leaf_value=-5.8164740526089573e-05 -4.5254033493813826e-05 -0.0013974606242743853 0.001363658391420475 0.00010731166723818144 0.00012169572627871973 0.00067110436131878279 -0.00034266892874936861
leaf_weight=624 585 40 47 73 608 68 40
leaf_count=624 585 40 47 73 608 68 40
internal_value=-6.70819e-05 -0.00235294 -0.00119874 0.00112 0.000388979 0.00741259 -0.0112195
internal_weight=2085 712 632 1373 1232 141 80
internal_count=2085 712 632 1373 1232 141 80
is_linear=0
shrinkage=0.04


Tree=99
num_leaves=5
num_cat=0
split_feature=36 72 106 6
split_gain=3.46864 3.44154 5.29154 4.23087
threshold=-1.4187375039237675 0.016324403508168196 0.66901059700014753 -0.33166859669642229
decision_type=2 2 2 2
left_child=-1 2 -2 -3
right_child=1 3 -4 -5
leaf_value=0.0003999941472059321 7.4338325278146546e-05 5.9987998689948217e-05 -0.00053121540467970579 -0.00017933888449117642
leaf_weight=45 979 411 86 564
leaf_count=45 979 411 86 564
internal_value=-0.000105414 -0.000352595 0.00121837 -0.00206755
internal_weight=2085 2040 1065 975
internal_count=2085 2040 1065 975
is_linear=0
shrinkage=0.04


Tree=100
num_leaves=8
num_cat=0
split_feature=6 117 97 42 79 11 44
split_gain=3.49574 4.43468 6.17493 4.2838 4.16422 3.83226 2.94223
threshold=-0.013991675670482465 -0.68916937366494535 -0.5560089173723739 0.30472306359176021 1.1914929579783733 -0.29231813730049494 -0.22452129279929431
decision_type=2 2 2 2 2 2 2
left_child=3 5 -3 4 -1 -2 -5
right_child=1 2 -4 6 -6 -7 -8
leaf_value=-2.7088232246946889e-05 0.00023628943566208899 -0.00041473866960142688 -3.1103312217956123e-05 0.00057360496756909875 0.00048023066082594128 -5.4898931934431464e-06 0.00018608059404182065
leaf_weight=683 67 183 675 70 61 134 212
leaf_count=683 67 183 675 70 61 134 212
internal_value=-6.70819e-05 -0.00167766 -0.00293023 0.00159533 0 0.00364532 0.00577465
internal_weight=2085 1059 858 1026 744 201 282
internal_count=2085 1059 858 1026 744 201 282
is_linear=0
shrinkage=0.04


Tree=101
num_leaves=5
num_cat=0
split_feature=116 39 28 76
split_gain=3.93392 3.47365 6.9144 5.35063
threshold=-0.81579967419121313 -0.2958711921329224 -0.33715717726544808 -0.061349052534714309
decision_type=2 2 2 2
left_child=-1 3 -3 -2
right_child=1 2 -4 -5
leaf_value=-0.00059531263428577914 1.0655222888809047e-05 -0.00041279237248026374 1.6083761182909379e-05 0.00034587185108029438
leaf_weight=45 443 263 1140 194
leaf_count=45 443 263 1140 194
internal_value=-4.79157e-05 0.000215475 -0.000896797 0.00266041
internal_weight=2085 2040 1403 637
internal_count=2085 2040 1403 637
is_linear=0
shrinkage=0.04


Tree=102
num_leaves=7
num_cat=0
split_feature=63 62 60 88 84 74
split_gain=3.49356 5.57494 5.21584 5.90765 4.97822 2.92661
threshold=-0.12120234018204222 -0.057524720162397444 -1.2186476267706456 0.35328098494041654 0.84253742118627872 0.052641413874609265
decision_type=2 2 2 2 2 2
left_child=1 4 -2 -4 -1 -3
right_child=2 5 3 -5 -6 -7
leaf_value=-2.0619460039735615e-05 0.0010074173055785987 -3.6794664427915702e-05 0.00011420321299035183 -0.00018435215191877542 0.00037476444698571979 -0.00050806839626484513
leaf_weight=360 56 271 743 380 85 190
leaf_count=360 56 271 743 380 85 190
internal_value=-2.87494e-05 -0.00189427 0.00140559 0.0008 0.00129754 -0.0049676
internal_weight=2085 906 1179 1123 445 461
internal_count=2085 906 1179 1123 445 461
is_linear=0
shrinkage=0.04


Tree=103
num_leaves=7
num_cat=0
split_feature=82 10 36 53 42 40
split_gain=4.04975 3.94009 3.82623 7.65528 5.67012 1.57086
threshold=-0.54158157737510759 -0.48556716026888452 0.28587722329172194 -0.58333333333333315 0.31639850057551094 -0.22302900148276683
decision_type=2 2 2 2 2 2
left_child=1 -1 4 -4 -2 -3
right_child=2 5 3 -5 -6 -7
leaf_value=0.00013900102475649577 4.121407902762096e-06 -0.00040318049376875331 0.00048808755347928238 -0.00020142232414197114 0.00026593290330862162 -0.00076581706005015486
leaf_weight=46 977 41 120 502 336 63
leaf_count=46 977 41 120 502 336 63
internal_value=-2.87494e-05 -0.00631579 0.000464636 -0.00211538 0.00168821 -0.010566
internal_weight=2085 150 1935 622 1313 104
internal_count=2085 150 1935 622 1313 104
is_linear=0
shrinkage=0.04


Tree=104
num_leaves=7
num_cat=0
split_feature=80 4 64 38 25 113
split_gain=4.37362 3.86028 4.31014 3.55899 2.60522 0.945478
threshold=1.965585791529137 1.1214005917831804 0.0072775934158174288 0.2925120231449474 -0.065961880501229905 -0.19015572143034173
decision_type=2 2 2 2 2 2
left_child=1 2 -1 -2 -5 -3
right_child=3 5 -4 4 -6 -7
leaf_value=-6.9333626429940494e-05 -3.1001262344856922e-05 -0.00031020212221648122 7.4895602102325185e-05 0.00018650928464800987 0.0013025262633366513 -0.00046021191637204539
leaf_weight=890 70 41 931 69 41 43
leaf_count=890 70 41 931 69 41 43
internal_value=9.58313e-06 -0.000555847 -0.000164564 0.00593407 0.0103571 -0.00883721
internal_weight=2085 1905 1821 180 110 84
internal_count=2085 1905 1821 180 110 84
is_linear=0
shrinkage=0.04


Tree=105
num_leaves=7
num_cat=0
split_feature=114 68 28 36 46 46
split_gain=3.86523 3.50349 9.53298 4.52766 2.1545 3.24735
threshold=-0.88709814746380966 -0.46302482333132949 0.99112884697797277 -0.5857427536070331 1.0089966932216219 0.337388838047529
decision_type=2 2 2 2 2 2
left_child=4 2 -2 -3 5 -1
right_child=1 3 -4 -5 -6 -7
leaf_value=0.00016486884348943326 0.00032913591717072472 6.6793937378147375e-05 -0.0011364355869779191 -0.00010864995776240276 0.0006779960887874167 -0.00037865883536542492
leaf_weight=185 345 368 51 1033 41 62
leaf_count=185 345 368 51 1033 41 62
internal_value=-9.58313e-06 -0.000700389 0.00261307 -0.00163934 0.00427586 0.00281124
internal_weight=2085 1797 396 1401 288 247
internal_count=2085 1797 396 1401 288 247
is_linear=0
shrinkage=0.04


Tree=106
num_leaves=6
num_cat=0
split_feature=35 46 74 80 60
split_gain=3.5069 4.10993 7.08737 5.83422 2.3309
threshold=-1.2657511492603042 0.013489553906150835 1.2394029757560017 0.86256748308481546 -0.67339917332469779
decision_type=2 2 2 2 2
left_child=4 3 -3 -2 -1
right_child=1 2 -4 -5 -6
leaf_value=0.00054077535332813743 1.8711088552472722e-06 -3.3005887233751393e-05 -0.00066131846669463036 0.00044066027788408141 1.5051803025001968e-05
leaf_weight=41 897 862 104 141 40
leaf_count=41 897 862 104 141 40
internal_value=-0.000105414 -0.000438684 -0.00231405 0.00130769 0.00795181
internal_weight=2085 2004 966 1038 81
internal_count=2085 2004 966 1038 81
is_linear=0
shrinkage=0.04


Tree=107
num_leaves=8
num_cat=0
split_feature=80 99 4 73 102 46 1
split_gain=3.44762 3.77393 7.05433 4.61881 3.0394 2.91511 1.11912
threshold=2.3641092008223885 0.94711209551478259 -0.65655778720926261 -0.1667463197838944 0.29914380105425808 0.092983375659870568 0.19130793402684712
decision_type=2 2 2 2 2 2 2
left_child=1 3 -3 -1 5 -2 -6
right_child=4 2 -4 -5 6 -7 -8
leaf_value=8.2248332748606246e-05 0.00014972611935662911 0.00038004025323881517 -0.00060913272360505811 -6.4669119861261447e-05 0.0010092210946773578 -0.00023129576431671155 0.00033275031950018042
leaf_weight=687 44 40 185 1005 41 40 43
leaf_count=687 44 40 185 1005 41 40 43
internal_value=-4.79157e-05 -0.000531527 -0.00537445 0.000118064 0.00541176 0 0.0106977
internal_weight=2085 1917 225 1692 168 84 84
internal_count=2085 1917 225 1692 168 84 84
is_linear=0
shrinkage=0.04


Tree=108
num_leaves=7
num_cat=0
split_feature=63 112 20 60 112 11
split_gain=3.42221 6.03701 6.60682 5.24616 5.20468 2.31652
threshold=-0.12120234018204222 -1.091721854154809 -0.99212300705166012 -1.2186476267706456 -0.55010730157245102 0.41763707813165829
decision_type=2 2 2 2 2 2
left_child=1 5 -3 -2 -5 -1
right_child=3 2 -4 4 -6 -7
leaf_value=8.0875713986995614e-07 0.00090810219175018522 0.00027226815362710674 -0.00021198280329595261 -0.00032324278947268358 7.6792731510787334e-05 0.00020783741288356319
leaf_weight=70 56 76 679 246 877 81
leaf_count=70 56 76 679 246 877 81
internal_value=-4.79157e-05 -0.00189427 -0.00335535 0.00137172 0.000764444 0.00535948
internal_weight=2085 906 755 1179 1123 151
internal_count=2085 906 755 1179 1123 151
is_linear=0
shrinkage=0.04


Tree=109
num_leaves=7
num_cat=0
split_feature=80 86 115 43 25 62
split_gain=3.37545 3.20486 4.06326 2.68223 2.556 2.4515
threshold=2.3641092008223885 -0.76969279078929975 0.96212715829920559 -0.6003425066072412 -0.065961880501229905 0.1702252873648086
decision_type=2 2 2 2 2 2
left_child=1 3 -3 -1 5 -2
right_child=4 2 -4 -5 -6 -7
leaf_value=0.0001979258628961296 0.00043586159922766348 2.3553882286520416e-05 -0.00028639761127852967 -0.00036434353546208195 0.00065306132437072096 -7.9293988683182823e-05
leaf_weight=42 46 1515 201 159 73 49
leaf_count=42 46 1515 201 159 73 49
internal_value=9.58313e-06 -0.000468994 9.31315e-05 -0.00522167 0.00541176 0.00103093
internal_weight=2085 1917 1716 201 168 95
internal_count=2085 1917 1716 201 168 95
is_linear=0
shrinkage=0.04


Tree=110
num_leaves=5
num_cat=0
split_feature=36 57 57 63
split_gain=3.48101 3.23338 3.67191 2.59377
threshold=-1.4187375039237675 1.0406756030252384 0.23635330155679674 0.2132862085533466
decision_type=2 2 2 2
left_child=-1 2 -2 -3
right_child=1 3 -4 -5
leaf_value=0.00037611208990613403 2.0554475806671481e-05 3.0202639005417858e-05 -6.5320673031804311e-05 0.0004324156278958298
leaf_weight=45 1273 50 677 40
leaf_count=45 1273 50 677 40
internal_value=-0.000124581 -0.000372184 -0.000717213 0.00695652
internal_weight=2085 2040 1950 90
internal_count=2085 2040 1950 90
is_linear=0
shrinkage=0.04


Tree=111
num_leaves=5
num_cat=0
split_feature=87 42 29 115
split_gain=2.90618 3.23078 5.31367 3.92973
threshold=2.4967628346504003 0.30472306359176021 -0.13472464172936946 0.96212715829920559
decision_type=2 2 2 2
left_child=1 3 -3 -1
right_child=-2 2 -4 -5
leaf_value=-1.4778283695576213e-05 0.00018659980283088559 0.00047820309597937247 -2.6130855392428322e-06 -0.00048350604138797847
leaf_weight=1162 60 194 547 122
leaf_count=1162 60 194 547 122
internal_value=-0.000143747 -0.000404539 0.00169583 -0.00161742
internal_weight=2085 2025 741 1284
internal_count=2085 2025 741 1284
is_linear=0
shrinkage=0.04


Tree=112
num_leaves=5
num_cat=0
split_feature=35 72 21 106
split_gain=2.9751 3.45257 4.41884 4.02073
threshold=-1.3740202387274054 0.016324403508168196 -0.34106525329957893 0.66901059700014753
decision_type=2 2 2 2
left_child=-1 3 -3 -2
right_child=1 2 -4 -5
leaf_value=0.00036572453596654257 7.5026211315451082e-05 3.5525918466080517e-05 -0.00016073736258633744 -0.00042955050661402304
leaf_weight=45 980 404 569 87
leaf_count=45 980 404 569 87
internal_value=-0.000162913 -0.000391773 -0.00211282 0.00117867
internal_weight=2085 2040 973 1067
internal_count=2085 2040 973 1067
is_linear=0
shrinkage=0.04


Tree=113
num_leaves=7
num_cat=0
split_feature=34 110 28 80 98 118
split_gain=2.92159 4.08211 4.60385 4.22749 3.45512 3.27109
threshold=1.0148500413688053 0.48454296428867433 -0.43128875229604446 -0.21496736945922532 -0.051055648816810136 -0.41136075370740044
decision_type=2 2 2 2 2 2
left_child=1 3 -3 -1 5 -2
right_child=4 2 -4 -5 -6 -7
leaf_value=5.0413972782077242e-05 0.00030861553987535469 -0.0001432553146536382 0.00025492874448514418 -0.00012658507294981844 -0.00086116425029302945 -0.0002737222475262771
leaf_weight=601 40 90 440 762 73 79
leaf_count=601 40 90 440 762 73 79
internal_value=-6.70819e-05 0.000411609 0.00338346 -0.000747253 -0.00474227 -0.000495868
internal_weight=2085 1893 530 1363 192 119
internal_count=2085 1893 530 1363 192 119
is_linear=0
shrinkage=0.04


Tree=114
num_leaves=5
num_cat=0
split_feature=116 51 28 113
split_gain=3.48101 3.1854 3.89906 2.61049
threshold=-0.81579967419121313 -1.2891604577080338 1.159426984735443 -0.20783792972879758
decision_type=2 2 2 2
left_child=-1 3 -3 -2
right_child=1 2 -4 -5
leaf_value=-0.00049577172335719152 0.00045876099027714458 8.5500816713643408e-06 -0.00027048883298176569 6.6557946860382682e-05
leaf_weight=45 50 1730 140 120
leaf_count=45 50 1730 140 120
internal_value=0.000124581 0.000372184 -0.000106838 0.0055814
internal_weight=2085 2040 1870 170
internal_count=2085 2040 1870 170
is_linear=0
shrinkage=0.04


Tree=115
num_leaves=7
num_cat=0
split_feature=110 80 4 42 33 13
split_gain=2.91739 4.3355 5.48862 5.28455 4.15739 3.80248
threshold=0.48454296428867433 -0.010320977546566407 -0.89135995065359541 0.30472306359176021 1.1762002617934009 1.540098724205581
decision_type=2 2 2 2 2 2
left_child=1 3 -3 -1 5 -2
right_child=4 2 -4 -5 -6 -7
leaf_value=-3.0259052051708324e-05 7.5842035753431354e-05 0.00025914645043516581 -0.0002670518441667437 0.00015771045510795171 -0.00031206843149572726 0.0013927460395200444
leaf_weight=483 488 143 541 300 70 60
leaf_count=483 488 143 541 300 70 60
internal_value=8.62482e-05 -0.000884956 -0.003207 0.0011465 0.0023871 0.00356364
internal_weight=2085 1467 684 783 618 548
internal_count=2085 1467 684 783 618 548
is_linear=0
shrinkage=0.04


Tree=116
num_leaves=5
num_cat=0
split_feature=35 46 108 118
split_gain=3.28563 3.46363 6.90233 4.84599
threshold=-1.3740202387274054 0.013489553906150835 0.84254305367002946 0.26399313593722679
decision_type=2 2 2 2
left_child=-1 3 -3 -2
right_child=1 2 -4 -5
leaf_value=0.0003454510961616124 0.00011267611491036795 -1.1893557063793019e-05 -0.00041848770099600099 -5.3403072533383349e-05
leaf_weight=45 660 860 127 393
leaf_count=45 660 860 127 393
internal_value=0.00018208 -5.87659e-05 -0.00175935 0.00153555
internal_weight=2085 2040 987 1053
internal_count=2085 2040 987 1053
is_linear=0
shrinkage=0.04


Tree=117
num_leaves=7
num_cat=0
split_feature=82 46 110 26 35 112
split_gain=2.93176 5.63299 3.53476 5.15895 5.03006 1.48699
threshold=-0.54158157737510759 -0.5738668536420114 0.48454296428867433 0.94432363124898955 0.84380489362949318 -0.75396526079154025
decision_type=2 2 2 2 2 2
left_child=1 -1 3 -2 -4 -3
right_child=2 5 4 -5 -6 -7
leaf_value=0.00012470724071369482 5.5854325897670981e-07 -0.0008356455902738697 0.00021580630233031402 -0.00066055896123555654 -0.00039155441343842983 -0.00039610717228327091
leaf_weight=45 1289 57 487 91 68 48
leaf_count=45 1289 57 487 91 68 48
internal_value=8.62482e-05 -0.00526316 0.000505937 -0.000578871 0.00319569 -0.0102804
internal_weight=2085 150 1935 1380 555 105
internal_count=2085 150 1935 1380 555 105
is_linear=0
shrinkage=0.04


Tree=118
num_leaves=7
num_cat=0
split_feature=14 94 53 57 57 2
split_gain=2.94086 4.82406 4.46838 3.68411 5.25502 1.63995
threshold=0.95248300997073942 0.15429108571403252 0.91666666666666685 1.0406756030252384 0.2403289685993415 0.45559246646242602
decision_type=2 2 2 2 2 2
left_child=3 2 -2 4 -1 -5
right_child=1 -3 -4 5 -6 -7
leaf_value=2.1677495512506545e-05 0.00033254295284509635 -0.00069384486189127915 -0.00031564327744753955 0.00044050656627969025 -0.00011219486841754969 9.1010277610446889e-05
leaf_weight=1180 151 41 40 40 593 40
leaf_count=1180 151 41 40 40 593 40
internal_value=4.79157e-05 0.0042735 0.00694301 -0.000485175 -0.000867606 0.00780488
internal_weight=2085 232 191 1853 1773 80
internal_count=2085 232 191 1853 1773 80
is_linear=0
shrinkage=0.04


Tree=119
num_leaves=5
num_cat=0
split_feature=116 115 11 14
split_gain=3.51825 3.26517 6.16295 5.14054
threshold=-0.81579967419121313 -0.21303195289804835 -0.19537353109052161 -0.13502995103116136
decision_type=2 2 2 2
left_child=-1 2 -2 -3
right_child=1 3 -4 -5
leaf_value=-0.00046549888852972593 0.00025052393905973129 -0.00014827519028437071 -7.9406223900710389e-06 5.2255551630095464e-05
leaf_weight=45 272 555 502 711
leaf_count=45 272 555 502 711
internal_value=0.00018208 0.00043095 0.00247423 -0.000820189
internal_weight=2085 2040 774 1266
internal_count=2085 2040 774 1266
is_linear=0
shrinkage=0.04


end of trees

feature_importances:
Column_115=42
Column_36=33
Column_74=32
Column_82=26
Column_87=25
Column_28=22
Column_68=21
Column_80=21
Column_86=20
Column_81=19
Column_35=18
Column_37=18
Column_63=17
Column_117=17
Column_110=16
Column_14=15
Column_46=14
Column_31=12
Column_42=12
Column_25=11
Column_73=11
Column_114=11
Column_6=10
Column_11=10
Column_64=10
Column_60=9
Column_33=8
Column_47=8
Column_57=8
Column_106=8
Column_4=7
Column_9=7
Column_10=6
Column_79=6
Column_98=6
Column_104=6
Column_116=6
Column_20=5
Column_29=5
Column_34=5
Column_41=5
Column_62=5
Column_70=5
Column_91=5
Column_112=5
Column_3=4
Column_26=4
Column_39=4
Column_48=4
Column_53=4
Column_59=4
Column_100=4
Column_118=4
Column_2=3
Column_7=3
Column_15=3
Column_21=3
Column_24=3
Column_30=3
Column_38=3
Column_40=3
Column_61=3
Column_67=3
Column_72=3
Column_93=3
Column_94=3
Column_99=3
Column_113=3
Column_1=2
Column_16=2
Column_17=2
Column_44=2
Column_45=2
Column_75=2
Column_76=2
Column_78=2
Column_96=2
Column_97=2
Column_111=2
Column_5=1
Column_13=1
Column_23=1
Column_32=1
Column_43=1
Column_51=1
Column_56=1
Column_66=1
Column_69=1
Column_84=1
Column_88=1
Column_90=1
Column_92=1
Column_102=1
Column_103=1
Column_108=1
Column_109=1

parameters:
[boosting: gbdt]
[objective: quantile]
[metric: quantile]
[tree_learner: serial]
[device_type: cpu]
[data_sample_strategy: bagging]
[data: ]
[valid: ]
[num_iterations: 120]
[learning_rate: 0.04]
[num_leaves: 15]
[num_threads: 2]
[seed: 42]
[deterministic: 0]
[force_col_wise: 0]
[force_row_wise: 0]
[histogram_pool_size: -1]
[max_depth: 3]
[min_data_in_leaf: 40]
[min_sum_hessian_in_leaf: 0.001]
[bagging_fraction: 0.85]
[pos_bagging_fraction: 1]
[neg_bagging_fraction: 1]
[bagging_freq: 0]
[bagging_seed: 400]
[bagging_by_query: 0]
[feature_fraction: 0.8]
[feature_fraction_bynode: 1]
[feature_fraction_seed: 30056]
[extra_trees: 0]
[extra_seed: 12879]
[early_stopping_round: 0]
[early_stopping_min_delta: 0]
[first_metric_only: 0]
[max_delta_step: 0]
[lambda_l1: 0]
[lambda_l2: 2]
[linear_lambda: 0]
[min_gain_to_split: 0]
[drop_rate: 0.1]
[max_drop: 50]
[skip_drop: 0.5]
[xgboost_dart_mode: 0]
[uniform_drop: 0]
[drop_seed: 17869]
[top_rate: 0.2]
[other_rate: 0.1]
[min_data_per_group: 100]
[max_cat_threshold: 32]
[cat_l2: 10]
[cat_smooth: 10]
[max_cat_to_onehot: 4]
[top_k: 20]
[monotone_constraints: ]
[monotone_constraints_method: basic]
[monotone_penalty: 0]
[feature_contri: ]
[forcedsplits_filename: ]
[refit_decay_rate: 0.9]
[cegb_tradeoff: 1]
[cegb_penalty_split: 0]
[cegb_penalty_feature_lazy: ]
[cegb_penalty_feature_coupled: ]
[path_smooth: 0]
[interaction_constraints: ]
[verbosity: -1]
[saved_feature_importance_type: 0]
[use_quantized_grad: 0]
[num_grad_quant_bins: 4]
[quant_train_renew_leaf: 0]
[stochastic_rounding: 1]
[linear_tree: 0]
[max_bin: 255]
[max_bin_by_feature: ]
[min_data_in_bin: 3]
[bin_construct_sample_cnt: 200000]
[data_random_seed: 175]
[is_enable_sparse: 1]
[enable_bundle: 1]
[use_missing: 1]
[zero_as_missing: 0]
[feature_pre_filter: 1]
[pre_partition: 0]
[two_round: 0]
[header: 0]
[label_column: ]
[weight_column: ]
[group_column: ]
[ignore_column: ]
[categorical_feature: ]
[forcedbins_filename: ]
[precise_float_parser: 0]
[parser_config_file: ]
[objective_seed: 16083]
[num_class: 1]
[is_unbalance: 0]
[scale_pos_weight: 1]
[sigmoid: 1]
[boost_from_average: 1]
[reg_sqrt: 0]
[alpha: 0.5]
[fair_c: 1]
[poisson_max_delta_step: 0.7]
[tweedie_variance_power: 1.5]
[lambdarank_truncation_level: 30]
[lambdarank_norm: 1]
[label_gain: ]
[lambdarank_position_bias_regularization: 0]
[eval_at: ]
[multi_error_top_k: 1]
[auc_mu_weights: ]
[num_machines: 1]
[local_listen_port: 12400]
[time_out: 120]
[machine_list_filename: ]
[machines: ]
[gpu_platform_id: -1]
[gpu_device_id: -1]
[gpu_device_id_list: ]
[gpu_use_dp: 0]
[num_gpu: 1]

end of parameters

pandas_categorical:null
