tree
version=v4
num_class=1
num_tree_per_iteration=1
label_index=0
max_feature_idx=118
objective=quantile
feature_names=Column_0 Column_1 Column_2 Column_3 Column_4 Column_5 Column_6 Column_7 Column_8 Column_9 Column_10 Column_11 Column_12 Column_13 Column_14 Column_15 Column_16 Column_17 Column_18 Column_19 Column_20 Column_21 Column_22 Column_23 Column_24 Column_25 Column_26 Column_27 Column_28 Column_29 Column_30 Column_31 Column_32 Column_33 Column_34 Column_35 Column_36 Column_37 Column_38 Column_39 Column_40 Column_41 Column_42 Column_43 Column_44 Column_45 Column_46 Column_47 Column_48 Column_49 Column_50 Column_51 Column_52 Column_53 Column_54 Column_55 Column_56 Column_57 Column_58 Column_59 Column_60 Column_61 Column_62 Column_63 Column_64 Column_65 Column_66 Column_67 Column_68 Column_69 Column_70 Column_71 Column_72 Column_73 Column_74 Column_75 Column_76 Column_77 Column_78 Column_79 Column_80 Column_81 Column_82 Column_83 Column_84 Column_85 Column_86 Column_87 Column_88 Column_89 Column_90 Column_91 Column_92 Column_93 Column_94 Column_95 Column_96 Column_97 Column_98 Column_99 Column_100 Column_101 Column_102 Column_103 Column_104 Column_105 Column_106 Column_107 Column_108 Column_109 Column_110 Column_111 Column_112 Column_113 Column_114 Column_115 Column_116 Column_117 Column_118
feature_infos=[-4.5969260725983823:5.9717472420034587] [-3.8140656809580125:4.0332807769352064] [-3.6764333905559714:3.6230031309258055] [-3.4523423105559599:3.2446195174179744] [-3.1754389793186371:2.6073851629493112] [-2.2456650070790509:2.5054460700505676] [-3.3953426927768948:3.3148094222667459] [-1.1943047967813787:4.7505619739096083] [-1.6074318493911546:1.623891197413516] [-3.0923264281035112:2.6725873828954216] [-1.2533028676263747:3.8418998230220662] [-2.4632766354487177:2.7377195202795344] [-2.2172559262632161:2.5297928166912644] [-1.3401905173725908:2.8063958678809957] [-2.5216669171210175:3.0539411303371846] [-1.7755812578925376:1.4610197507897764] [-1.882954106048953:1.8040260427112333] [-1.0296049359425399:0.67221525912980584] [-1.0881523275449041:0.70344587824186777] [-1.0296049359425399:0.67221525912980584] [-2.314758470534255:2.8918465293338813] [-3.1966015814979691:3.502647510864461] [-2.8630668222228226:2.8554181672310928] [-2.0191725319841702:2.8302893836445233] [-2.2234626710026633:1.8950054723037961] [-2.0685011139666361:1.9034265659780625] [-3.2572314127447228:2.2100291145753519] [-1.7669761313057319:1.5712811622778342] [-0.95420120148754806:2.8350924184692614] [-3.5227892576103921:3.3345623498452839] [-3.2632237495637439:2.9477782810588908] [-2.501815188825268:2.2300028106553267] [-2.4693303197413274:2.39365188605563] [-2.0158501569862848:2.473902063118564] [-2.147304561145476:2.3153648123633355] [-1.9176778592712509:2.006052098995732] [-2.0140847740495813:2.1999646798579882] [-1.2335571406752162:3.1496575853887419] [-1.2542007238286972:3.708595531346873] [-1.3606422194060679:2.73466134746129] [-1.1970425308262294:1.8886154567052564] [-2.0401892139137918:1.5936638180969969] [-1.7881814640668188:1.690570794106383] [-1.9762822880624371:11.763228316693253] [-592.34900162461486:94.472992063301447] [-504.12872110776766:104.93570413984918] [-670.81036576105691:49.332341072158549] [-1.1158395561057595:3.2297180046950675] [-1.8670706792289515:1.7369668553866799] [-1.1662231554739275:6.2222031532662658] [-3.8182482811338843:4.5305445547875518] [-10.164523188198546:8.4341419400454587] [-1:1] [-0.83333333333333337:1] [0:1] [0:1] [-3.5522341267027921:4.2916118602013782] [-3.9983157595637526:2.3158064580871107] [-2.3551806905370163:1.615271265722414] [-1.0484721638248378:2.4202840633711373] [-2.4158777397193139:1.3601474891640368] [-1.7376570541565435:0.32779925691795064] [-3.1124324236931944:3.5543834086310544] [-2.6304441509653094:2.4504302127391693] [-2.1307844820777873:1.8778157095906256] [-3.0291520467325452:3.9739286154097271] [-3.3275223981785125:2.2429828041326281] [-2.4339024901525597:1.702383703544015] [-1.0163977075638724:2.347956210718618] [-2.1947065667211967:1.3454766005409768] [-1.5574243691307628:0.3232481435839834] [-4.4786308711395364:7.7635914708319165] [-4.0610246122456832:5.5725045111138991] [-2.3871009150553677:4.0518774175364678] [-1.3470440077611796:4.6604564616536184] [-1.2052313639444794:7.7222147775551315] [-1.2246786529492741:2.3689238410852709] [-6.5874079312585785:6.792319954590039] [-4.6027803244588243:3.5776767725178216] [-2.7132146368713737:3.8077618163929139] [-1.235420241411102:3.6181176260882273] [-1.8055348089113594:4.5386756815773293] [-0.81282107753013222:2.288477753719985] [-11.010458718877427:10.788514345771336] [-5.9039300919708504:5.1147549922947011] [-3.525666066394086:3.77073770892836] [-1.0341650181614435:3.1684559574195501] [-2.1028558901327745:3.9255406034994276] [-1.2891842034651837:0.6389135990138477] [-3.9008191559820173:2.9265298616362738] [-3.4101272784101053:3.0110621163638904] [-2.5394254121886077:1.7342731261692754] [-1.3833128392726841:3.1963337809384234] [-2.0768668676214883:1.8740814081479262] [-1.5695431311559285:0.46436617027428928] [-5.4842763679009092:3.2262412415199848] [-4.2576652288242993:3.6513305256949398] [-1.9148889847559423:2.8955291891107509] [-1.272561921261826:4.0508628191722327] [-1.7896866277276253:4.5972320144007934] [-1.6843120636977835:1.358444846359792] [-4.3809904394627832:2.6529774664914609] [-3.879846811745276:3.6110639018679032] [-1.9582494038412193:2.6594692969266909] [-1.3097142563057409:3.8664223828537052] [-1.6370261112682691:3.9635344855001815] [-1.7503686072783486:1.3033264515618348] [-3.2899382321684163:3.5059095281063297] [-2.2371335169627562:2.6176124315583311] [-1.9579410530967885:1.9651136793922956] [-1.5811215862680283:2.0708556733963177] [-1.4835475995911935:1.934589178772014] [-2.4817685288860312:0.639431941761339] [-3.2908821207686505:3.5336358506631296] [-2.8225756550846914:3.6953002710048271] [-1.6913813003607923:2.533362356493897] [-0.73674172606197585:2.7559993217003713] [-1.4674871639431584:2.4386680850331808] [-1.4371484664665022:0.92366389788908021]
tree_sizes=660 681 775 682 763 688 766 858 859 775 774 866 765 766 781 778 689 776 770 770 772 779 777 771 869 866 696 864 772 782 782 777 695 693 776 771 779 779 604 864 785 692 782 606 521 519 784 696 517 611 609 865 785 783 780 698 781 694 784 785 689 870 607 781 787 775 609 608 604 691 783 781 608 600 875 781 782 783 781 777 863 687 863 520 868 868 871 868 617 872 867 877 867 780 782 784 782 699 877 783 791 776 779 689 788 782 693 867 691 783 770 872 695 780 869 692 695 792 781 784

Tree=0
num_leaves=6
num_cat=0
split_feature=69 78 80 110 35
split_gain=19.1136 4.76131 4.87799 4.29279 3.35701
threshold=-1.2334354374459067 1.8081560902752136 -0.97647228623228643 0.525327752973061 -0.67986315612901826
decision_type=2 2 2 2 2
left_child=3 2 -2 4 -1
right_child=1 -3 -4 -5 -6
leaf_value=0.026201745867729186 0.026783701777458192 0.026490907594561578 0.025938261598348618 0.027524026036262514 0.028033103719353678
leaf_weight=81 60 51 2085 57 66
leaf_count=81 60 51 2085 57 66
internal_value=0.0260765 0.0249846 0.0246932 0.037727 0.0339289
internal_weight=2400 2196 2145 204 147
internal_count=2400 2196 2145 204 147
is_linear=0
shrinkage=1


Tree=1
num_leaves=6
num_cat=0
split_feature=69 80 70 110 35
split_gain=18.8416 4.54464 4.74746 4.29279 3.35701
threshold=-1.2334354374459067 -0.97647228623228643 -1.3474536520030818 0.525327752973061 -0.67986315612901826
decision_type=2 2 2 2 2
left_child=3 -2 -3 4 -1
right_child=1 2 -4 -5 -6
leaf_value=0.00012022233009338385 0.00067890000343322752 0.00046906842589378357 -0.0001378892667591572 0.0013896112918853759 0.001878325867652893
leaf_weight=81 60 72 2064 57 66
leaf_count=81 60 72 2064 57 66
internal_value=8.32639e-05 -0.00100091 -0.00130964 0.0116505 0.00785235
internal_weight=2400 2196 2136 204 147
internal_count=2400 2196 2136 204 147
is_linear=0
shrinkage=0.04


Tree=2
num_leaves=7
num_cat=0
split_feature=69 35 94 70 110 35
split_gain=17.6501 4.21433 4.28193 4.20206 4.02709 3.03704
threshold=-1.2334354374459067 0.47611680427527936 0.14224332194772074 -1.3474536520030818 0.525327752973061 -0.67986315612901826
decision_type=2 2 2 2 2 2
left_child=4 3 -3 -2 5 -1
right_child=1 2 -4 -5 -6 -7
leaf_value=0.00011541343688964854 0.00053942469108104703 -0.00047872601848840721 4.4243211030960132e-05 -3.3518200635909992e-05 0.0013340268402099609 0.0018031928329467772
leaf_weight=81 55 345 204 1592 57 66
leaf_count=81 55 345 204 1592 57 66
internal_value=6.66112e-05 -0.000982712 -0.00401089 3.03214e-05 0.0112621 0.00758389
internal_weight=2400 2196 549 1647 204 147
internal_count=2400 2196 549 1647 204 147
is_linear=0
shrinkage=0.04


Tree=3
num_leaves=6
num_cat=0
split_feature=69 78 105 110 35
split_gain=17.493 4.63105 4.26755 4.02709 3.03704
threshold=-1.2334354374459067 1.8081560902752136 -0.95350755721748404 0.525327752973061 -0.67986315612901826
decision_type=2 2 2 2 2
left_child=3 2 -2 4 -1
right_child=1 -3 -4 -5 -6
leaf_value=0.00011079689941406262 0.00037398303836166859 0.00040467388654828073 -0.000129417829733789 0.0012806657666015625 0.0017310651196289061
leaf_weight=81 183 51 1962 57 66
leaf_count=81 183 51 1962 57 66
internal_value=0.00011657 -0.000928116 -0.00121565 0.0112621 0.00758389
internal_weight=2400 2196 2145 204 147
internal_count=2400 2196 2145 204 147
is_linear=0
shrinkage=0.04


Tree=4
num_leaves=7
num_cat=0
split_feature=69 110 87 78 68 46
split_gain=14.8176 4.1465 4.10881 4.36825 3.10054 1.5402
threshold=-1.2334354374459067 0.529088201486834 1.7606796695102236 1.8081560902752136 0.76617405058159305 -0.13914693284712312
decision_type=2 2 2 2 2 2
left_child=1 4 3 -2 -1 -4
right_child=2 -3 5 -5 -6 -7
leaf_value=0.0015825461747721672 -0.0001452273336483359 0.0012572417969987872 0.00091036858171718109 0.00038848693108634952 0.00011833471644258506 0.00033338558204637768
leaf_weight=51 2028 54 49 51 99 68
leaf_count=51 2028 54 49 51 99 68
internal_value=3.33056e-05 0.0102913 -0.000928116 -0.0013407 0.00671053 0.00630252
internal_weight=2400 204 2196 2079 150 117
internal_count=2400 204 2196 2079 150 117
is_linear=0
shrinkage=0.04


Tree=5
num_leaves=6
num_cat=0
split_feature=69 80 70 47 59
split_gain=12.4287 4.43254 4.61011 2.48533 2.69726
threshold=-1.2766857761056274 -0.97647228623228643 -1.3474536520030818 -0.29808857898413649 1.7599675498097924
decision_type=2 2 2 2 2
left_child=3 -2 -3 -1 -5
right_child=1 2 -4 4 -6
leaf_value=0.00017806007379844466 0.00061533072427903039 0.00045429243221978467 -0.00011418785730858514 0.0014078694708878365 0.00025891022412644212
leaf_weight=50 60 75 2073 101 41
leaf_count=50 60 75 2073 101 41
internal_value=-1.66528e-05 -0.000868778 -0.00117209 0.00969072 0.0123611
internal_weight=2400 2208 2148 192 142
internal_count=2400 2208 2148 192 142
is_linear=0
shrinkage=0.04


Tree=6
num_leaves=7
num_cat=0
split_feature=69 70 78 88 41 74
split_gain=10.8156 4.23702 4.15345 2.51251 1.91769 1.55568
threshold=-1.2766857761056274 -1.3474536520030818 1.8081560902752136 0.38454463392842658 -0.86539325558497426 0.74017776907765731
decision_type=2 2 2 2 2 2
left_child=3 -2 -3 5 -5 -1
right_child=1 2 -4 4 -6 -7
leaf_value=0.0015803366930082796 0.0004361207349309932 -0.00011104089848861576 0.00038039174906242005 0.0014776092647324291 4.5316855944283195e-05 0.00092499211827016506
leaf_weight=42 75 2079 54 40 65 45
leaf_count=42 75 2079 54 40 65 45
internal_value=1.66528e-05 -0.000778281 -0.00111007 0.00907216 0.00476636 0.0140449
internal_weight=2400 2208 2133 192 105 87
internal_count=2400 2208 2133 192 105 87
is_linear=0
shrinkage=0.04


Tree=7
num_leaves=8
num_cat=0
split_feature=67 87 68 25 82 36 49
split_gain=8.96448 4.16139 3.57767 4.03021 2.84742 2.63548 2.29018
threshold=-1.0336268101305928 1.7606796695102236 0.76617405058159305 -0.7974823905220696 -0.65880442554174035 -0.35641957902889149 0.38340127238144966
decision_type=2 2 2 2 2 2 2
left_child=2 4 5 -4 -2 -1 -3
right_child=1 6 3 -5 -6 -7 -8
leaf_value=0.00062462864843933837 -0.00070214333170512183 0.00025548790976141485 0.0010218205725761288 -0.00020290636260274144 -8.6985348357348225e-05 0.0011686303386795479 0.00086254232229690834
leaf_weight=64 87 56 77 106 1893 62 55
leaf_count=64 87 56 77 106 1893 62 55
internal_value=-6.66112e-05 -0.00100812 0.0062701 0.00264865 -0.0014329 0.0114062 0.00646018
internal_weight=2400 2091 309 183 1980 126 111
internal_count=2400 2091 309 183 1980 126 111
is_linear=0
shrinkage=0.04


Tree=8
num_leaves=8
num_cat=0
split_feature=67 87 78 68 87 35 49
split_gain=7.99465 3.75588 3.32094 3.25285 3.37773 2.1234 2.01662
threshold=-1.0336268101305928 1.7606796695102236 1.8081560902752136 0.76617405058159305 0.83932059749326271 -0.67986315612901826 0.38340127238144966
decision_type=2 2 2 2 2 2 2
left_child=3 2 -2 5 -5 -1 -3
right_child=1 6 -4 4 -6 -7 -8
leaf_value=0.00059964350250176477 -0.00016403873855456218 0.00024526839337095824 0.00029906703896651011 -0.00087646382382810444 0.00090408104369125238 0.00089923599180651091 0.00082804062940503205
leaf_weight=44 1929 56 51 75 108 82 55
leaf_count=44 1929 56 51 75 108 82 55
internal_value=-9.99167e-05 -0.000989011 -0.00139253 0.00588424 0.00243243 0.0107813 0.00610619
internal_weight=2400 2091 1980 309 183 126 111
internal_count=2400 2091 1980 309 183 126 111
is_linear=0
shrinkage=0.04


Tree=9
num_leaves=7
num_cat=0
split_feature=87 78 35 13 13 29
split_gain=7.53626 6.19189 3.64893 3.34258 2.5021 2.17053
threshold=1.8372749763537886 1.1801731666830124 0.47611680427527936 0.59139691828964713 -0.32751017618066114 0.74304187005049593
decision_type=2 2 2 2 2 2
left_child=1 2 -1 -2 -3 -5
right_child=3 4 -4 5 -6 -7
leaf_value=-3.0322942916913425e-05 -2.9248954334825315e-05 -0.00018885863418182853 -0.00026689827586016181 0.0012621700630571651 0.00057910925571451213 0.0003798770651179871
leaf_weight=1535 55 40 523 84 122 41
leaf_count=1535 55 40 523 84 122 41
internal_value=-0.000133222 -0.000774077 -0.00136893 0.00769231 0.00670732 0.0112598
internal_weight=2400 2220 2058 180 162 125
internal_count=2400 2220 2058 180 162 125
is_linear=0
shrinkage=0.04


Tree=10
num_leaves=7
num_cat=0
split_feature=87 78 35 39 96 46
split_gain=7.15351 5.43818 3.52282 3.40084 2.68968 2.47031
threshold=1.7606796695102236 1.1801731666830124 0.47942790234171706 0.69172296367611386 0.45656202853390476 -0.24711759429276059
decision_type=2 2 2 2 2 2
left_child=1 2 -1 -2 -5 -3
right_child=3 5 -4 4 -6 -7
leaf_value=-3.5406509522515894e-05 -3.2325230838478604e-06 0.00057223773168878201 -0.0002573534174661743 0.0010559470092471341 0.00076226182190138687 0.00022018161262991138
leaf_weight=1536 65 66 513 83 41 96
leaf_count=1536 65 66 513 83 41 96
internal_value=-0.000149875 -0.000790782 -0.00135056 0.00727749 0.0111111 0.00621951
internal_weight=2400 2211 2049 189 124 162
internal_count=2400 2211 2049 189 124 162
is_linear=0
shrinkage=0.04


Tree=11
num_leaves=8
num_cat=0
split_feature=67 94 105 42 93 59 42
split_gain=6.27513 4.0427 3.28671 4.86428 4.09161 2.46891 2.31413
threshold=-1.2636699581126283 0.35160735006231519 -0.95350755721748404 0.64097448223106535 -0.68708229609997618 1.1931369608676328 -0.28059460118660734
decision_type=2 2 2 2 2 2 2
left_child=1 6 4 -4 -2 -3 -1
right_child=2 5 3 -5 -6 -7 -8
leaf_value=0.0010275896103614393 -0.0003814350240965485 0.0011583734027012748 -2.0809169726848516e-05 -0.00031345456187445458 0.00069191614722647211 -0.00069763533002311783 0.00036326047422775203
leaf_weight=60 66 51 1583 412 123 57 48
leaf_count=60 66 51 1583 412 123 57 48
internal_value=-0.000233139 0.00623853 -0.000878317 -0.00135704 0.00413613 0.000727273 0.0116364
internal_weight=2400 216 2184 1995 189 108 108
internal_count=2400 216 2184 1995 189 108 108
is_linear=0
shrinkage=0.04


Tree=12
num_leaves=7
num_cat=0
split_feature=87 73 35 13 102 0
split_gain=6.14202 5.22114 3.2012 2.92581 2.38818 1.80594
threshold=1.7606796695102236 1.4841433705705793 0.88250736842502919 0.59139691828964713 0.40464047525471397 0.30948800018191974
decision_type=2 2 2 2 2 2
left_child=1 2 -1 -2 -5 -3
right_child=3 5 -4 4 -6 -7
leaf_value=-4.9498834483413664e-05 -8.2043295330173633e-05 0.0011963257188253866 -0.00050729034392413817 0.0010174182281663809 0.00065530893724525738 0.00022970073295583052
leaf_weight=1981 60 41 146 82 47 43
leaf_count=1981 60 41 146 82 47 43
internal_value=-0.000233139 -0.000826932 -0.00121653 0.00664921 0.01 0.00883721
internal_weight=2400 2211 2127 189 129 84
internal_count=2400 2211 2127 189 129 84
is_linear=0
shrinkage=0.04


Tree=13
num_leaves=7
num_cat=0
split_feature=87 73 35 13 102 0
split_gain=6.08278 5.18225 3.24382 2.92581 2.38818 1.80594
threshold=1.7606796695102236 1.4841433705705793 0.88250736842502919 0.59139691828964713 0.40464047525471397 0.30948800018191974
decision_type=2 2 2 2 2 2
left_child=1 2 -1 -2 -5 -3
right_child=3 5 -4 4 -6 -7
leaf_value=-4.7518881104077064e-05 -7.8761563516966678e-05 0.0011484726900723712 -0.00048699873016717259 0.00097672149903972583 0.0006290965797554471 0.00022051270363759737
leaf_weight=1981 60 41 146 82 47 43
leaf_count=1981 60 41 146 82 47 43
internal_value=-0.000199833 -0.000790782 -0.00117896 0.00664921 0.01 0.00883721
internal_weight=2400 2211 2127 189 129 84
internal_count=2400 2211 2127 189 129 84
is_linear=0
shrinkage=0.04


Tree=14
num_leaves=7
num_cat=0
split_feature=69 35 94 100 88 44
split_gain=5.70683 3.44036 4.06639 3.75767 3.00112 1.62621
threshold=-1.3081978961800098 0.47942790234171706 0.14224332194772074 0.82744456176950598 0.38454463392842658 0.768848647571026
decision_type=2 2 2 2 2 2
left_child=4 3 -3 -2 -1 -6
right_child=1 2 -4 -5 5 -7
leaf_value=0.0010007280462903802 7.2179897994555765e-05 -0.00037041028131302675 6.6616113852980836e-05 -0.00087114848165613184 0.00083909537293849984 -0.00024365397972312796
leaf_weight=75 1510 340 205 165 64 41
leaf_count=75 1510 340 205 165 64 41
internal_value=-0.000216486 -0.000774077 -0.00352834 0.000125224 0.00659341 0.00214953
internal_weight=2400 2220 545 1675 180 105
internal_count=2400 2220 545 1675 180 105
is_linear=0
shrinkage=0.04


Tree=15
num_leaves=7
num_cat=0
split_feature=87 41 80 80 13 102
split_gain=5.65121 4.42337 4.38504 3.59371 2.51019 2.22331
threshold=1.8372749763537886 -0.83324352310149641 0.26775903500978293 2.8868655517567627 0.59139691828964713 0.40464047525471397
decision_type=2 2 2 2 2 2
left_child=1 2 -1 -3 -2 -6
right_child=4 3 -4 -5 5 -7
leaf_value=3.5906967444760544e-05 -6.1651297874779011e-05 -0.00014036691674893705 0.0010418450727031328 0.00037825407270847483 0.00093525201406304394 0.00060104552064544692
leaf_weight=181 55 1854 82 103 78 47
leaf_count=181 55 1854 82 103 78 47
internal_value=-0.000183181 -0.000738074 0.00411321 -0.00139357 0.00659341 0.00968504
internal_weight=2400 2220 263 1957 180 125
internal_count=2400 2220 263 1957 180 125
is_linear=0
shrinkage=0.04


Tree=16
num_leaves=6
num_cat=0
split_feature=69 14 78 62 40
split_gain=5.56828 3.47346 3.29507 3.10974 2.30288
threshold=-1.3081978961800098 0.39255088860498782 1.8081560902752136 -1.3995526285767852 0.82926537208622531
decision_type=2 2 2 2 2
left_child=1 4 3 -2 -1
right_child=2 -3 -4 -5 -6
leaf_value=-0.0001616636738024018 0.00060957975130796383 0.0014709892767199668 0.00032095626906935502 -9.1823798845649127e-05 0.00083447229890770604
leaf_weight=60 100 47 57 2063 73
leaf_count=60 100 47 57 2063 73
internal_value=-0.000133222 0.00659341 -0.000684068 -0.000937644 0.00318519
internal_weight=2400 180 2220 2163 133
internal_count=2400 180 2220 2163 133
is_linear=0
shrinkage=0.04


Tree=17
num_leaves=7
num_cat=0
split_feature=87 78 35 13 13 102
split_gain=5.70683 4.006 3.16225 2.51019 2.23641 2.22331
threshold=1.8372749763537886 1.1801731666830124 0.48454746394366893 0.59139691828964713 -0.32751017618066114 0.40464047525471397
decision_type=2 2 2 2 2 2
left_child=1 2 -1 -2 -3 -5
right_child=3 4 -4 5 -6 -7
leaf_value=-2.1595974042196847e-05 -5.5512294005961795e-05 -0.00017785391308903879 -0.00022773142864253735 0.00090108395239107443 0.00053043132089759966 0.000580676651773455
leaf_weight=1551 55 40 507 78 122 47
leaf_count=1551 55 40 507 78 122 47
internal_value=-0.000216486 -0.000774077 -0.00125243 0.00659341 0.0052439 0.00968504
internal_weight=2400 2220 2058 180 162 125
internal_count=2400 2220 2058 180 162 125
is_linear=0
shrinkage=0.04


Tree=18
num_leaves=7
num_cat=0
split_feature=87 73 35 13 102 79
split_gain=5.6235 3.73647 3.12169 2.51019 2.22331 2.16644
threshold=1.8372749763537886 1.4318922019062696 0.88250736842502919 0.59139691828964713 0.40464047525471397 0.46024488731394492
decision_type=2 2 2 2 2 2
left_child=1 2 -1 -2 -5 -3
right_child=3 5 -4 4 -6 -7
leaf_value=-3.3021115761462659e-05 -5.3291802245723291e-05 0.0001321926397296873 -0.000435109853365878 0.00086504059429543152 0.00055744958570251688 0.0010027265236197548
leaf_weight=1983 55 42 147 78 47 48
leaf_count=1983 55 42 147 78 47 48
internal_value=-0.000166528 -0.000720072 -0.00106004 0.00659341 0.00968504 0.00717391
internal_weight=2400 2220 2130 180 125 90
internal_count=2400 2220 2130 180 125 90
is_linear=0
shrinkage=0.04


Tree=19
num_leaves=7
num_cat=0
split_feature=87 73 35 13 29 79
split_gain=5.26377 3.71949 3.14274 2.35799 2.2185 2.16644
threshold=1.8372749763537886 1.4318922019062696 0.88250736842502919 0.59139691828964713 0.74304187005049593 0.46024488731394492
decision_type=2 2 2 2 2 2
left_child=1 2 -1 -2 -5 -3
right_child=3 5 -4 4 -6 -7
leaf_value=-3.17002711310041e-05 -5.1160130155894422e-05 0.00012690493414049971 -0.00041770545923124292 0.00091844525516116221 0.00013646412481393643 0.00096261746267496467
leaf_weight=1983 55 42 147 84 41 48
leaf_count=1983 55 42 147 84 41 48
internal_value=-0.000166528 -0.00070207 -0.00104128 0.00637363 0.00937008 0.00717391
internal_weight=2400 2220 2130 180 125 90
internal_count=2400 2220 2130 180 125 90
is_linear=0
shrinkage=0.04


Tree=20
num_leaves=7
num_cat=0
split_feature=87 73 10 13 79 102
split_gain=4.91593 3.70255 2.94226 2.21054 2.16644 1.83532
threshold=1.8372749763537886 1.4318922019062696 -0.92683232344564903 0.59139691828964713 0.46024488731394492 0.40464047525471397
decision_type=2 2 2 2 2 2
left_child=1 2 -1 -2 -3 -5
right_child=3 4 -4 5 -6 -7
leaf_value=0.00019738081157955487 -4.9113724949658642e-05 0.00012182873677487979 -0.00010604380658555346 0.00079370116031716792 0.00092411276416796604 0.0005140534146749143
leaf_weight=99 55 42 2031 78 48 47
leaf_count=99 55 42 2031 78 48 47
internal_value=-0.000166528 -0.000684068 -0.00102251 0.00615385 0.00717391 0.00905512
internal_weight=2400 2220 2130 180 90 125
internal_count=2400 2220 2130 180 90 125
is_linear=0
shrinkage=0.04


Tree=21
num_leaves=7
num_cat=0
split_feature=87 35 64 19 40 67
split_gain=4.94184 3.11446 2.92348 2.18006 2.83812 0.775926
threshold=1.8372749763537886 0.88250736842502919 0.54691841872323543 0.41623714619737412 0.84239724542720362 0.055350304131597361
decision_type=2 2 2 2 2 2
left_child=1 2 -1 4 -2 -3
right_child=3 5 -4 -5 -6 -7
leaf_value=-7.616907755016736e-05 0.00060191147559022747 -0.00027914590601239853 0.00020278417460682261 -0.0001387013345612235 0.00089209763606076906 -0.00051369845664277669
leaf_weight=1609 71 69 460 52 57 82
leaf_count=1609 71 69 460 52 57 82
internal_value=-0.000183181 -0.00070207 -0.000294544 0.00615385 0.00892308 -0.00620915
internal_weight=2400 2220 2069 180 128 151
internal_count=2400 2220 2069 180 128 151
is_linear=0
shrinkage=0.04


Tree=22
num_leaves=7
num_cat=0
split_feature=87 41 40 82 102 10
split_gain=4.5563 3.44223 3.40896 3.00288 2.28746 1.75745
threshold=1.9130917420245157 -0.89076524487940445 -0.42399420308438224 -0.62411680829903105 0.40464047525471397 1.0357051178390464
decision_type=2 2 2 2 2 2
left_child=1 2 -1 -3 5 -2
right_child=4 3 -4 -5 -6 -7
leaf_value=-0.0002840416351335205 0.00043716703915301283 -0.00053482704201712316 0.00078296144723579374 -3.8816899912877021e-05 4.0051506982701629e-05 0.0010026881452825831
leaf_weight=71 62 108 151 1908 60 40
leaf_count=71 62 108 151 1908 60 40
internal_value=-0.000216486 -0.0006875 0.00401786 -0.00120912 0.00621951 0.00980769
internal_weight=2400 2238 222 2016 162 102
internal_count=2400 2238 222 2016 162 102
is_linear=0
shrinkage=0.04


Tree=23
num_leaves=7
num_cat=0
split_feature=67 101 105 98 45 0
split_gain=4.34559 3.34389 3.23975 3.95637 2.7977 2.10799
threshold=-1.0336268101305928 -0.76928185302190921 -1.0567031995072804 1.3084414510619207 1.6523156959085961 0.87916788319700445
decision_type=2 2 2 2 2 2
left_child=1 -1 3 -2 -4 -3
right_child=2 5 4 -5 -6 -7
leaf_value=0.00086831071132421834 4.616417838512951e-05 0.00038482191028817164 -0.00013007606493546813 0.00094678589749719116 0.00017747012294840555 -0.0002167449002391618
leaf_weight=66 89 192 1738 42 222 51
leaf_count=66 89 192 1738 42 222 51
internal_value=-0.000199833 0.00421222 -0.000855232 0.00518797 -0.00126402 0.002
internal_weight=2400 309 2091 131 1960 243
internal_count=2400 309 2091 131 1960 243
is_linear=0
shrinkage=0.04


Tree=24
num_leaves=8
num_cat=0
split_feature=67 82 99 94 42 59 34
split_gain=4.24175 3.05937 4.13894 2.58549 1.92096 1.90991 0.134717
threshold=-1.2636699581126283 -0.65880442554174035 -0.96520740053577669 0.35160735006231519 -0.30451390115272503 1.1931369608676328 0.18775162166073181
decision_type=2 2 2 2 2 2 2
left_child=3 6 -3 4 -1 -5 -2
right_child=1 2 -4 5 -6 -7 -8
leaf_value=0.00085493354724168556 -0.00069066523477165429 0.00035234369145879004 -4.7450713765735191e-05 0.00083322724865329714 0.00018148976423662527 -0.00073933932581186045 -0.00059715229551095001
leaf_weight=56 40 182 1915 51 52 57 47
leaf_count=56 40 182 1915 51 52 57 47
internal_value=-0.000183181 -0.000713632 -0.000404955 0.00513761 0.00945455 0.000727273 -0.00797753
internal_weight=2400 2184 2097 216 108 108 87
internal_count=2400 2184 2097 216 108 108 87
is_linear=0
shrinkage=0.04


Tree=25
num_leaves=8
num_cat=0
split_feature=67 80 0 82 94 41 96
split_gain=4.18887 2.8902 3.09981 2.5972 2.58549 1.87727 1.71589
threshold=-1.2636699581126283 -0.94406615964634522 -0.0089692065100001519 -0.66948034188559979 0.35160735006231519 -0.71013696220766309 -0.11499472534268639
decision_type=2 2 2 2 2 2 2
left_child=4 2 -2 -3 5 -1 -6
right_child=1 3 -4 -5 6 -7 -8
leaf_value=0.0013192364538499202 0.00060610126868761421 -0.00068868882076458804 -0.00016706181659666074 -3.0196775620078831e-05 0.00072742167566660981 0.00018105958118321588 -0.00063158672479183577
leaf_weight=42 40 75 44 2025 60 66 48
leaf_count=42 40 75 44 2025 60 66 48
internal_value=-0.000149875 -0.000677036 0.00651163 -0.000970504 0.00513761 0.00945455 0.000727273
internal_weight=2400 2184 84 2100 216 108 108
internal_count=2400 2184 84 2100 216 108 108
is_linear=0
shrinkage=0.04


Tree=26
num_leaves=6
num_cat=0
split_feature=42 39 62 41 64
split_gain=4.11083 4.35337 3.61443 3.34407 2.58409
threshold=-0.75453726991361159 -0.56439812351756702 -1.4593634306949503 -0.79539859054896966 -0.92746076160901236
decision_type=2 2 2 2 2
left_child=1 -1 -2 -3 -4
right_child=2 3 4 -5 -6
leaf_value=-0.00049963721422966898 0.00071992695131822132 0.00085010039969292937 0.00010433390936898435 0.00024162582350222144 -0.00012214323602364536
leaf_weight=65 79 82 203 163 1808
leaf_count=65 79 82 203 163 1808
internal_value=-0.00011657 0.00416667 -0.000755258 0.00659919 -0.00108793
internal_weight=2400 310 2090 245 2011
internal_count=2400 310 2090 245 2011
is_linear=0
shrinkage=0.04


Tree=27
num_leaves=8
num_cat=0
split_feature=37 102 45 39 2 10 46
split_gain=3.71517 3.16818 2.70656 3.57309 2.70079 2.58796 1.81333
threshold=1.0786974802132709 -0.32313143451406667 1.6523156959085961 0.45656512198311139 0.7387600927207858 1.4460515134729668 1.2887562938719366
decision_type=2 2 2 2 2 2 2
left_child=2 5 4 -4 -1 -2 -3
right_child=1 6 3 -5 -6 -7 -8
leaf_value=-2.6105014877483013e-05 0.00075819580561610185 0.00062415603512154711 0.00039575305200654348 -0.00036249889795679377 -0.00036080716509514306 0.00016695011185254184 -0.00062287714744786813
leaf_weight=1627 74 131 173 55 221 51 68
leaf_count=1627 74 131 173 55 221 51 68
internal_value=-0.000166528 0.00380368 -0.00078922 0.00330435 -0.0012973 0.00874016 0.000646766
internal_weight=2400 324 2076 228 1848 125 199
internal_count=2400 324 2076 228 1848 125 199
is_linear=0
shrinkage=0.04


Tree=28
num_leaves=7
num_cat=0
split_feature=87 78 42 42 93 38
split_gain=4.57997 3.25212 2.67878 2.15582 1.96575 1.917
threshold=1.8372749763537886 1.1801731666830124 -0.83353505814623807 -0.44715773177035661 0.86888688305253325 0.24308645532801668
decision_type=2 2 2 2 2 2
left_child=1 2 -1 -2 -5 -3
right_child=3 5 -4 4 -6 -7
leaf_value=0.00024715000373399008 0.001023298508217392 0.00049674092944406746 -0.00010444443441176829 0.00058221878599193702 -0.00021063829578417105 -9.337051516282238e-06
leaf_weight=209 43 95 1849 93 44 67
leaf_count=209 43 95 1849 93 44 67
internal_value=-0.000166528 -0.000666067 -0.00109709 0.00593407 0.00338129 0.0047561
internal_weight=2400 2220 2058 180 137 162
internal_count=2400 2220 2058 180 137 162
is_linear=0
shrinkage=0.04


Tree=29
num_leaves=7
num_cat=0
split_feature=67 82 99 94 42 79
split_gain=3.62758 2.83675 3.47943 2.58999 1.6777 1.55155
threshold=-1.2636699581126283 -0.66948034188559979 -0.96520740053577669 0.35160735006231519 -0.30451390115272503 0.68463589552916893
decision_type=2 2 2 2 2 2
left_child=3 -2 -3 4 -1 -5
right_child=1 2 -4 5 -6 -7
leaf_value=0.00074520841329235566 -0.00064433951751713544 0.00033889417115130646 -4.7594339145818896e-05 -0.00074915601567098562 0.00015293047396861277 0.00070852652582314079
leaf_weight=56 75 182 1927 60 52 48
leaf_count=56 75 182 1927 60 52 48
internal_value=-0.000149875 -0.000640439 -0.000364756 0.00477064 0.00909091 0.000363636
internal_weight=2400 2184 2109 216 108 108
internal_count=2400 2184 2109 216 108 108
is_linear=0
shrinkage=0.04


Tree=30
num_leaves=7
num_cat=0
split_feature=35 45 37 80 75 115
split_gain=3.44972 4.11606 4.17131 3.00879 1.09604 1.90811
threshold=0.88250736842502919 0.61230304236414856 1.0389685213266251 0.44471366154068664 -0.10582806204909663 0.089296861353420159
decision_type=2 2 2 2 2 2
left_child=1 2 -1 -3 -2 -6
right_child=4 3 -4 -5 5 -7
leaf_value=-9.5166740933285771e-05 -0.00055651461146758526 7.2903476790012192e-05 0.00037743144741279866 0.00074577609240945061 0.00013865010106293993 -0.00053153343770513803
leaf_weight=1555 72 300 211 163 55 44
leaf_count=1555 72 300 211 163 55 44
internal_value=-4.99584e-05 0.00037203 -0.00050905 0.00372043 -0.00549133 -0.00267327
internal_weight=2400 2229 1766 463 171 99
internal_count=2400 2229 1766 463 171 99
is_linear=0
shrinkage=0.04


Tree=31
num_leaves=7
num_cat=0
split_feature=87 35 64 88 47 11
split_gain=3.47554 2.7467 2.60607 1.71909 2.37782 0.764947
threshold=1.9130917420245157 0.8906191082011764 0.54691841872323543 0.41095073724267911 -0.033132857672483584 -0.335093383817684
decision_type=2 2 2 2 2 2
left_child=1 2 -1 -2 -5 -3
right_child=3 5 -4 4 -6 -7
leaf_value=-5.9696284231115368e-05 0.0006340292819243384 -0.00027246957298871047 0.00018581489514059941 0.00073355197209048226 -0.00022167459639497214 -0.00080813082780620445
leaf_weight=1627 42 64 465 66 54 82
leaf_count=1627 42 64 465 66 54 82
internal_value=-0.000133222 -0.000544643 -0.00017192 0.0054878 0.00295082 -0.00581081
internal_weight=2400 2238 2092 162 120 146
internal_count=2400 2238 2092 162 120 146
is_linear=0
shrinkage=0.04


Tree=32
num_leaves=6
num_cat=0
split_feature=87 78 84 42 100
split_gain=3.5168 2.75699 2.38469 2.33357 1.48611
threshold=1.9130917420245157 1.8081560902752136 -0.045765958139706166 -0.36608366349545818 -0.27666555882437494
decision_type=2 2 2 2 2
left_child=1 2 -1 -2 -5
right_child=3 -3 -4 4 -6
leaf_value=2.4167956999294681e-05 0.00094950629067651392 0.00028105264966183903 -0.00014894089964799935 -0.00014729095363156947 0.00060150366149878357
leaf_weight=1046 46 63 1129 57 59
leaf_count=1046 46 63 1129 57 59
internal_value=-0.000166528 -0.000580357 -0.000822232 0.0054878 0.00237288
internal_weight=2400 2238 2175 162 116
internal_count=2400 2238 2175 162 116
is_linear=0
shrinkage=0.04


Tree=33
num_leaves=6
num_cat=0
split_feature=70 63 80 100 110
split_gain=3.17056 3.11849 3.08314 4.02849 3.7075
threshold=-1.4132590721838723 -0.18430524120713812 0.8294054830425498 0.73986770252141409 0.089786389905852845
decision_type=2 2 2 2 2
left_child=1 -1 4 -4 -2
right_child=2 -3 3 -5 -6
leaf_value=0.0005886973620144694 1.0159389401189281e-05 -8.9303854899889371e-07 0.00036353944091069041 -0.00084346335408383259 -0.00022448150791012366
leaf_weight=40 1206 44 327 87 696
leaf_count=40 1206 44 327 87 696
internal_value=-9.99167e-05 0.00744186 -0.000379638 0.00274038 -0.00106092
internal_weight=2400 84 2316 414 1902
internal_count=2400 84 2316 414 1902
is_linear=0
shrinkage=0.04


Tree=34
num_leaves=7
num_cat=0
split_feature=76 14 40 115 98 116
split_gain=3.06363 3.57702 3.9311 2.92772 3.62591 2.66003
threshold=1.29446441703266 0.43919600306214607 0.84239724542720362 0.43752642588190299 1.3486472084378924 -0.51096459965517649
decision_type=2 2 2 2 2 2
left_child=3 2 -2 4 -1 -5
right_child=1 -3 -4 5 -6 -7
leaf_value=-2.9089733056219399e-06 -0.00037603166764012849 0.0010512572068387144 0.00065758214526356439 0.0002881282216184654 0.00085579232952994746 -0.00046784806405031522
leaf_weight=1548 105 69 69 87 57 465
leaf_count=1548 105 69 69 87 57 465
internal_value=-0.00011657 0.00412245 0.00102273 -0.000597499 0.000267579 -0.00310469
internal_weight=2400 243 174 2157 1605 552
internal_count=2400 243 174 2157 1605 552
is_linear=0
shrinkage=0.04


Tree=35
num_leaves=7
num_cat=0
split_feature=87 78 63 38 50 57
split_gain=3.04419 2.66984 2.32209 2.18494 1.77479 1.53911
threshold=1.9130917420245157 1.1801731666830124 1.0444050560116815 0.24308645532801668 -0.51981573354986377 -0.13729061904704246
decision_type=2 2 2 2 2 2
left_child=1 2 -1 -3 -2 -6
right_child=4 3 -4 -5 5 -7
leaf_value=-9.8367004674812731e-05 0.00067976471050388307 0.000477383241507927 0.0002893010360832514 -1.7932728587701578e-05 0.0005494756691263805 -0.00017695258098318078
leaf_weight=1914 47 95 162 67 55 60
leaf_count=1914 47 95 162 67 55 60
internal_value=-1.66528e-05 -0.000401786 -0.00078922 0.0045122 0.0052439 0.00247863
internal_weight=2400 2238 2076 162 162 115
internal_count=2400 2238 2076 162 162 115
is_linear=0
shrinkage=0.04


Tree=36
num_leaves=7
num_cat=0
split_feature=37 38 100 45 100 70
split_gain=2.99377 4.58629 4.63126 3.08566 3.62404 2.97013
threshold=0.73897161933871536 0.1007761700411131 0.82744456176950598 1.6523156959085961 0.82744456176950598 0.1983139234268701
decision_type=2 2 2 2 2 2
left_child=3 -2 -3 4 -1 -5
right_child=1 2 -4 5 -6 -7
leaf_value=-3.8218789183106301e-05 0.0010297912317437305 0.00027068736550461754 -0.00074116468484653971 0.00041369700393908374 -0.0010257308005580505 -0.00017834411171406038
leaf_weight=1562 40 408 74 103 124 89
leaf_count=1562 40 408 74 103 124 89
internal_value=-0.00011657 0.00255725 0.00144628 -0.000861702 -0.00140995 0.00391753
internal_weight=2400 522 482 1878 1686 192
internal_count=2400 522 482 1878 1686 192
is_linear=0
shrinkage=0.04


Tree=37
num_leaves=7
num_cat=0
split_feature=42 39 41 38 11 87
split_gain=3.02356 4.25874 3.43144 2.52662 5.04949 2.9378
threshold=-0.76578116767894933 -0.56439812351756702 -0.79539859054896966 -0.62546565279834876 -0.69159899389799084 1.2205259224797791
decision_type=2 2 2 2 2 2
left_child=1 -1 -3 4 -2 -5
right_child=3 2 -4 5 -6 -7
leaf_value=-0.00046731038448377302 0.00040278744113445063 0.00070960271613666151 0.00019017379474545689 -0.00018481799732163594 1.4830981537458238e-05 0.0001859036938602219
leaf_weight=64 51 80 156 1484 297 268
leaf_count=64 51 80 156 1484 297 268
internal_value=-0.000166528 0.00357616 0.00605042 -0.000704091 0.0024 -0.00132269
internal_weight=2400 300 236 2100 348 1752
internal_count=2400 300 236 2100 348 1752
is_linear=0
shrinkage=0.04


Tree=38
num_leaves=5
num_cat=0
split_feature=70 73 100 63
split_gain=2.53869 2.29472 2.32976 2.22681
threshold=-1.3985110644756591 1.778736004919639 0.82744456176950598 -0.20018030460020045
decision_type=2 2 2 2
left_child=3 2 -2 -1
right_child=1 -3 -4 -5
leaf_value=0.00053898707677430002 -5.1973120308252896e-06 0.00055415085213277482 -0.00059825920941031891 8.7535340697234012e-07
leaf_weight=43 2028 45 231 53
leaf_count=43 2028 45 231 53
internal_value=-0.000183181 -0.000450997 -0.000632464 0.00612245
internal_weight=2400 2304 2259 96
internal_count=2400 2304 2259 96
is_linear=0
shrinkage=0.04


Tree=39
num_leaves=8
num_cat=0
split_feature=41 79 100 63 82 101 35
split_gain=2.48005 3.55395 2.62242 4.84502 2.97183 2.19596 1.99946
threshold=-0.89076524487940445 0.39618029852553793 0.82744456176950598 -0.75255383483738292 -0.62411680829903105 0.010128495935198637 -0.58915087338368943
decision_type=2 2 2 2 2 2 2
left_child=1 6 4 -4 -2 -3 -1
right_child=2 5 3 -5 -6 -7 -8
leaf_value=-0.00044841007662318902 -0.00041120974664470163 0.0012099289800793578 0.00024326381378170101 -0.000893897785519687 1.2447655642109992e-05 0.0003031718043060923 0.00039187495352956808
leaf_weight=76 108 45 45 166 1831 42 87
leaf_count=76 108 45 45 166 1831 42 87
internal_value=-0.000183181 0.00357143 -0.000622677 -0.00483568 -0.000159711 0.01 6.06061e-05
internal_weight=2400 250 2150 211 1939 87 163
internal_count=2400 250 2150 211 1939 87 163
is_linear=0
shrinkage=0.04


Tree=40
num_leaves=7
num_cat=0
split_feature=53 42 40 102 11 77
split_gain=2.47682 3.5314 3.59481 3.35604 1.11385 0.567392
threshold=0.91666666666666685 -0.83353505814623807 0.97270184349837918 -0.083556304608286044 -0.69159899389799084 0.45202500715419619
decision_type=2 2 2 2 2 2
left_child=1 3 -3 -1 -2 -6
right_child=4 2 -4 -5 5 -7
leaf_value=0.00066228434482752728 9.1118119696808608e-05 -6.1803089684968752e-05 0.000464617147977478 4.9422170017570933e-05 -0.00048207149715798165 -0.00017282533275661337
leaf_weight=99 49 1806 200 109 94 43
leaf_count=99 49 1806 200 109 94 43
internal_value=-0.000166528 0.000207581 -0.000308765 0.00514286 -0.00457447 -0.00640288
internal_weight=2400 2214 2006 208 186 137
internal_count=2400 2214 2006 208 186 137
is_linear=0
shrinkage=0.04


Tree=41
num_leaves=6
num_cat=0
split_feature=82 105 40 70 2
split_gain=2.51831 2.73733 2.88326 2.83719 0.592692
threshold=-0.62411680829903105 -1.0794219760584107 0.7372231831713697 -1.4132590721838723 -0.32460304306419063
decision_type=2 2 2 2 2
left_child=4 2 -2 -3 -1
right_child=1 3 -4 -5 -6
leaf_value=-0.00024218396800276931 0.00014300076981692248 0.00043129665686190847 0.00082663631178403224 -2.0736887913840458e-05 -0.00053752636114310422
leaf_weight=40 78 78 44 2089 71
leaf_count=40 78 78 44 2089 71
internal_value=-9.99167e-05 0.000187691 0.00596774 -0.000142923 -0.0059292
internal_weight=2400 2289 122 2167 111
internal_count=2400 2289 122 2167 111
is_linear=0
shrinkage=0.04


Tree=42
num_leaves=7
num_cat=0
split_feature=35 45 53 64 2 90
split_gain=2.91086 3.35814 3.32375 2.82317 0.977375 0.476122
threshold=0.8906191082011764 0.61230304236414856 0.91666666666666685 0.54691841872323543 -0.024494745737083122 -0.13541299167812612
decision_type=2 2 2 2 2 2
left_child=1 3 -3 -1 -2 -6
right_child=4 2 -4 -5 5 -7
leaf_value=-0.00010173260804164308 -0.00018596805536427174 0.00030405428043015078 -0.00023832465884654 0.00021075215611427418 -0.00024433466092358178 -0.00054247762705736825
leaf_weight=1385 45 422 44 387 58 59
leaf_count=1385 45 422 44 387 58 59
internal_value=-9.99167e-05 0.000276786 0.0032906 -0.000518602 -0.0052439 -0.00714286
internal_weight=2400 2238 466 1772 162 117
internal_count=2400 2238 466 1772 162 117
is_linear=0
shrinkage=0.04


Tree=43
num_leaves=5
num_cat=0
split_feature=82 99 66 37
split_gain=2.51623 2.90757 2.7049 2.55962
threshold=-0.68018358152390557 -0.96520740053577669 0.1035181264310339 0.73897161933871536
decision_type=2 2 2 2
left_child=-1 2 -2 -3
right_child=1 3 -4 -5
leaf_value=-0.00082930415253994584 -1.6312944225647942e-05 -5.3691864521410763e-05 0.00051914097374790703 0.00019590855656393208
leaf_weight=63 96 1702 98 441
leaf_count=63 96 1702 98 441
internal_value=-8.32639e-05 0.000132535 0.00479592 -0.000293706
internal_weight=2400 2337 194 2143
internal_count=2400 2337 194 2143
is_linear=0
shrinkage=0.04


Tree=44
num_leaves=4
num_cat=0
split_feature=82 105 42
split_gain=2.46256 2.82417 2.41196
threshold=-0.68018358152390557 -1.2135720835298633 0.66105655978598887
decision_type=2 2 2
left_child=-1 -2 -3
right_child=1 2 -4
leaf_value=-0.00079613198643834794 0.00070057053181865917 1.7006675593407433e-05 -0.00018088918851600966
leaf_weight=63 74 1834 429
leaf_count=63 74 1834 429
internal_value=-0.000166528 4.70286e-05 -0.000207506
internal_weight=2400 2337 2263
internal_count=2400 2337 2263
is_linear=0
shrinkage=0.04


Tree=45
num_leaves=4
num_cat=0
split_feature=82 105 75
split_gain=2.47325 2.53221 2.45739
threshold=-0.68018358152390557 -1.281656238895877 -0.55180000408833241
decision_type=2 2 2
left_child=-1 -2 -3
right_child=1 2 -4
leaf_value=-0.00076428670698081404 0.00076623505766855785 -0.00020490502602721089 2.1506077121815489e-05
leaf_weight=63 53 349 1935
leaf_count=63 53 349 1935
internal_value=-0.000149875 6.413e-05 -0.000139983
internal_weight=2400 2337 2284
internal_count=2400 2337 2284
is_linear=0
shrinkage=0.04


Tree=46
num_leaves=7
num_cat=0
split_feature=35 45 53 27 78 27
split_gain=2.35099 2.95849 3.16132 2.69573 0.906448 0.761242
threshold=0.8906191082011764 0.61230304236414856 0.91666666666666685 0.67765388031642171 -0.5771364088646147 0.41630125752862807
decision_type=2 2 2 2 2 2
left_child=1 3 -3 -1 -2 -6
right_child=4 2 -4 -5 5 -7
leaf_value=-8.5268854297457931e-06 -7.4137608330088199e-06 0.00029209062711080014 -0.00023456188492067246 -0.00033349994152239397 -0.00021854864740222983 -0.00046613204909694994
leaf_weight=1663 43 422 44 109 40 79
leaf_count=1663 43 422 44 109 40 79
internal_value=-0.000133222 0.000205357 0.00303419 -0.00054115 -0.0047561 -0.00652893
internal_weight=2400 2238 466 1772 162 119
internal_count=2400 2238 466 1772 162 119
is_linear=0
shrinkage=0.04


Tree=47
num_leaves=6
num_cat=0
split_feature=27 82 105 30 20
split_gain=2.66342 2.57763 3.04859 1.41232 0.809261
threshold=0.67765388031642171 -0.68018358152390557 -0.95350755721748404 0.7243170183944917 0.91348829904173579
decision_type=2 2 2 2 2
left_child=1 -1 -3 -2 -5
right_child=3 2 -4 4 -6
leaf_value=-0.00066270861143282551 6.5701377844069319e-05 0.00041392237426612552 -3.0257975726429717e-06 -0.00032025282839419578 -0.00035248059889607082
leaf_weight=61 41 169 1990 91 48
leaf_count=61 41 169 1990 91 48
internal_value=-0.000183181 0.00019802 0.000430356 -0.00483516 -0.00673759
internal_weight=2400 2220 2159 180 139
internal_count=2400 2220 2159 180 139
is_linear=0
shrinkage=0.04


Tree=48
num_leaves=4
num_cat=0
split_feature=82 105 45
split_gain=2.47325 2.53221 2.28037
threshold=-0.68018358152390557 -1.281656238895877 0.78115306745910396
decision_type=2 2 2
left_child=-1 -2 -3
right_child=1 2 -4
leaf_value=-0.00070686581882707861 0.00071173834005159187 -3.000420923712433e-05 0.00017638417421338555
leaf_weight=63 53 1818 466
leaf_count=63 53 1818 466
internal_value=-0.000149875 6.413e-05 -0.000139983
internal_weight=2400 2337 2284
internal_count=2400 2337 2284
is_linear=0
shrinkage=0.04


Tree=49
num_leaves=5
num_cat=0
split_feature=82 35 28 13
split_gain=2.43063 2.19206 2.32877 0.993185
threshold=-0.68018358152390557 0.8906191082011764 -0.65827841442520163 0.82338555199417995
decision_type=2 2 2 2
left_child=-1 2 -2 -3
right_child=1 3 -4 -5
leaf_value=-0.00067859118607399549 -0.00026830510437776553 -0.00041783202517986246 3.3427658557008409e-05 9.7726366697526567e-06
leaf_weight=63 147 121 2029 40
leaf_count=63 147 121 2029 40
internal_value=-0.000216486 -4.27533e-06 0.000330579 -0.00447853
internal_weight=2400 2337 2176 161
internal_count=2400 2337 2176 161
is_linear=0
shrinkage=0.04


Tree=50
num_leaves=5
num_cat=0
split_feature=82 35 109 13
split_gain=2.46256 2.24257 2.29192 0.993185
threshold=-0.68018358152390557 0.8906191082011764 0.4728716988324364 0.82338555199417995
decision_type=2 2 2 2
left_child=-1 2 -2 -3
right_child=1 3 -4 -5
leaf_value=-0.00065144753863103559 -1.1170571763297679e-05 -0.00040111874417266799 0.00017755571000257101 9.3817312029626299e-06
leaf_weight=63 1628 121 548 40
leaf_count=63 1628 121 548 40
internal_value=-0.000166528 4.70286e-05 0.000385675 -0.00447853
internal_weight=2400 2337 2176 161
internal_count=2400 2337 2176 161
is_linear=0
shrinkage=0.04


Tree=51
num_leaves=8
num_cat=0
split_feature=41 79 101 38 8 63 35
split_gain=2.09853 3.40949 2.54836 2.4349 4.21923 2.99385 2.24002
threshold=-0.89076524487940445 0.39618029852553793 0.010128495935198637 -0.62546565279834876 -0.60061052180483909 1.0444050560116815 -0.58915087338368943
decision_type=2 2 2 2 2 2 2
left_child=1 6 -3 4 -2 -5 -1
right_child=3 2 -4 5 -6 -7 -8
leaf_value=-0.00043292320517041195 0.00057321683390002714 0.001118535155381908 0.00024106823992188609 -0.00011965308953729701 1.2726082054281829e-05 0.00044539376859866267 0.0004138151828502993
leaf_weight=76 64 45 42 1667 305 114 87
leaf_count=76 64 45 42 1667 305 114 87
internal_value=-0.000199833 0.00325397 0.00955056 -0.000604089 0.00234501 -0.00121705 -0.000181818
internal_weight=2400 250 87 2150 369 1781 163
internal_count=2400 250 87 2150 369 1781 163
is_linear=0
shrinkage=0.04


Tree=52
num_leaves=7
num_cat=0
split_feature=42 39 96 40 2 10
split_gain=2.25378 3.41761 2.94076 2.38726 3.86564 2.88332
threshold=-0.83353505814623807 -0.56439812351756702 0.054591730247072603 0.97270184349837918 0.84759821508381694 -0.62636501465143002
decision_type=2 2 2 2 2 2
left_child=1 -1 -3 5 -5 -2
right_child=3 2 -4 4 -6 -7
leaf_value=-0.00056903640521481632 7.4566525330917456e-05 0.00059506897724378961 -1.4893215226263399e-05 0.00058632167037084824 -0.00026615357049914487 -0.00014193372338802649
leaf_weight=54 353 113 83 158 60 1579
leaf_count=54 353 113 83 158 60 1579
internal_value=-0.000166528 0.0034127 0.00585859 -0.000585502 0.00336364 -0.00103413
internal_weight=2400 250 196 2150 218 1932
internal_count=2400 250 196 2150 218 1932
is_linear=0
shrinkage=0.04


Tree=53
num_leaves=7
num_cat=0
split_feature=41 40 59 100 63 80
split_gain=2.15024 3.34034 2.71848 2.32575 4.536 2.30976
threshold=-0.89076524487940445 -0.42399420308438224 0.10197569627920054 0.82744456176950598 -0.75255383483738292 0.8294054830425498
decision_type=2 2 2 2 2 2
left_child=1 -1 -3 5 -5 -2
right_child=3 2 -4 4 -6 -7
leaf_value=-0.00026573666807522229 -2.7462132781258843e-05 0.0011595481461216168 0.00035872414057536091 0.00021623508248462973 -0.00083531245345786376 0.00022347335096451122
leaf_weight=72 1642 42 136 45 166 297
leaf_count=72 1642 42 136 45 166 297
internal_value=-8.32639e-05 0.0034127 0.00633333 -0.000492565 -0.00446009 -5.66718e-05
internal_weight=2400 250 178 2150 211 1939
internal_count=2400 250 178 2150 211 1939
is_linear=0
shrinkage=0.04


Tree=54
num_leaves=7
num_cat=0
split_feature=35 45 105 105 13 21
split_gain=2.12553 2.4465 3.03109 2.65029 1.00345 0.982606
threshold=0.8906191082011764 0.61230304236414856 0.27904493752664844 -1.281656238895877 0.82338555199417995 0.15222010862987212
decision_type=2 2 2 2 2 2
left_child=1 3 -3 -1 5 -2
right_child=4 2 -4 -5 -6 -7
leaf_value=0.00070372533219933227 -0.00013476982918364272 1.2233973364203163e-06 0.00037517793081565803 -3.5137250800097167e-05 1.2358680573819613e-05 -0.00043804853038945129
leaf_weight=43 41 286 180 1729 40 81
leaf_count=43 41 286 180 1729 40 81
internal_value=-0.00011657 0.000205357 0.00277778 -0.000473506 -0.0045122 -0.00629032
internal_weight=2400 2238 466 1772 162 122
internal_count=2400 2238 466 1772 162 122
is_linear=0
shrinkage=0.04


Tree=55
num_leaves=6
num_cat=0
split_feature=27 76 42 37 118
split_gain=2.04459 2.52334 2.88637 1.82417 1.92817
threshold=0.67765388031642171 -0.94148168741670923 -0.76578116767894933 0.24403431767820574 -0.12311283398627967
decision_type=2 2 2 2 2
left_child=1 -1 -3 4 -2
right_child=3 2 -4 -5 -6
leaf_value=-0.00043413491034887904 -0.00026893775233301237 0.00031484847095208305 -5.8925605568162236e-06 -0.00056330384291620778 0.00032772596636951876
leaf_weight=66 67 267 1887 61 52
leaf_count=66 67 267 1887 61 52
internal_value=-9.99167e-05 0.000234023 0.000473098 -0.00417582 -0.00123967
internal_weight=2400 2220 2154 180 119
internal_count=2400 2220 2154 180 119
is_linear=0
shrinkage=0.04


Tree=56
num_leaves=7
num_cat=0
split_feature=27 109 91 70 37 118
split_gain=2.21854 2.34705 4.26537 2.93268 1.63615 1.58303
threshold=0.67765388031642171 0.4728716988324364 -1.1564010332936274 -1.3985110644756591 0.25903811628629925 -0.12311283398627967
decision_type=2 2 2 2 2 2
left_child=1 3 -3 -1 5 -2
right_child=4 2 -4 -5 -6 -7
leaf_value=0.00047410769368541567 -0.00025818024223969185 -0.00052232754778156105 0.00025461758761008023 -4.9643013162809227e-05 -0.00057368092543520419 0.00030812505085517459
leaf_weight=74 67 82 492 1572 60 53
leaf_count=74 67 82 492 1572 60 53
internal_value=-0.000149875 0.00019802 0.00239583 -0.000570388 -0.0043956 -0.00163934
internal_weight=2400 2220 574 1646 180 120
internal_count=2400 2220 574 1646 180 120
is_linear=0
shrinkage=0.04


Tree=57
num_leaves=6
num_cat=0
split_feature=10 53 37 64 0
split_gain=2.19023 2.82913 2.54191 1.60332 0.8248
threshold=-0.94225205988944749 0.91666666666666685 0.73897161933871536 0.37745536867583446 -0.43245983423142659
decision_type=2 2 2 2 2
left_child=3 2 -2 -1 -3
right_child=1 4 -4 -5 -6
leaf_value=0.00026930069660169136 -3.3650087361055196e-05 -6.3806411031950492e-05 0.00020028035663036876 -5.9026323795323826e-05 -0.00036290297277825667
leaf_weight=47 1651 50 497 43 112
leaf_count=47 1651 50 497 43 112
internal_value=-0.000183181 -0.000423875 -3.72093e-05 0.00586957 -0.0054878
internal_weight=2400 2310 2148 90 162
internal_count=2400 2310 2148 90 162
is_linear=0
shrinkage=0.04


Tree=58
num_leaves=7
num_cat=0
split_feature=41 75 40 106 63 25
split_gain=2.2281 3.31181 2.67823 2.21553 2.17908 2.06883
threshold=-0.83324352310149641 -0.21027660614698715 -0.35911225495278576 0.99872341173595158 1.0444050560116815 0.73459737980007567
decision_type=2 2 2 2 2 2
left_child=1 -1 -3 4 -2 -5
right_child=3 2 -4 5 -6 -7
leaf_value=-0.00060231618055736776 -2.9485859352221812e-05 -0.00012170285576639371 0.00065500466573938012 -0.00089148895074741804 0.00031579704749157153 5.3887716637859333e-05
leaf_weight=48 1801 75 177 98 157 44
leaf_count=48 1801 75 177 98 157 44
internal_value=-0.000166528 0.00304636 0.00488189 -0.000627973 -0.00027551 -0.00541667
internal_weight=2400 300 252 2100 1958 142
internal_count=2400 300 252 2100 1958 142
is_linear=0
shrinkage=0.04


Tree=59
num_leaves=7
num_cat=0
split_feature=27 105 18 75 37 118
split_gain=2.13241 2.39637 3.80105 3.11339 1.63615 1.58303
threshold=0.67765388031642171 -1.0794219760584107 -0.19623432984948844 -0.44986454512999269 0.25903811628629925 -0.12311283398627967
decision_type=2 2 2 2 2 2
left_child=1 2 -1 -3 5 -2
right_child=4 3 -4 -5 -6 -7
leaf_value=-0.00016251317886519539 -0.00024532759468157318 -0.00019939545253940588 0.00061737645015073742 2.8734090605094658e-05 -0.00054820825054926494 0.00029832548668949871
leaf_weight=63 67 418 54 1685 60 53
leaf_count=63 67 418 54 1685 60 53
internal_value=-0.000233139 0.000108011 0.00563025 -0.000204276 -0.0043956 -0.00163934
internal_weight=2400 2220 117 2103 180 120
internal_count=2400 2220 117 2103 180 120
is_linear=0
shrinkage=0.04


Tree=60
num_leaves=6
num_cat=0
split_feature=10 37 10 117 64
split_gain=2.20228 2.114 5.15755 2.75354 1.60332
threshold=-0.94225205988944749 0.73897161933871536 0.084142798331325722 0.65739805367131976 0.37745536867583446
decision_type=2 2 2 2 2
left_child=4 3 -3 -2 -1
right_child=1 2 -4 -5 -6
leaf_value=0.00025316691156582064 -2.051461144185335e-05 0.00085035559211662473 2.7161994124138e-05 -0.00052973689439205168 -5.5430458271214511e-05
leaf_weight=47 1601 40 482 187 43
leaf_count=47 1601 40 482 187 43
internal_value=-0.000199833 -0.000441176 0.00179389 -0.00109497 0.00586957
internal_weight=2400 2310 522 1788 90
internal_count=2400 2310 522 1788 90
is_linear=0
shrinkage=0.04


Tree=61
num_leaves=8
num_cat=0
split_feature=42 88 44 7 69 107 117
split_gain=1.92939 3.54272 2.36182 2.23169 4.1323 3.23012 1.68536
threshold=-0.83353505814623807 0.4262835862428816 -0.098123703138739887 -0.16183340103590643 0.83184198900750383 -0.74138461218188889 0.23898487671929727
decision_type=2 2 2 2 2 2 2
left_child=1 2 -1 5 -5 -2 -3
right_child=3 6 -4 4 -6 -7 -8
leaf_value=0.00065935646588197064 0.0003452846982220628 -0.00035868856649932143 5.2092832169942651e-05 -0.00015569072365840528 0.00058401437614196468 6.7359800181299175e-08 0.00029486399698375513
leaf_weight=77 113 60 51 1249 45 743 62
leaf_count=77 113 60 51 1249 45 743 62
internal_value=-0.000216486 0.00309524 0.00769231 -0.000604089 -0.00165123 0.000979021 -0.00177419
internal_weight=2400 250 128 2150 1294 856 122
internal_count=2400 250 128 2150 1294 856 122
is_linear=0
shrinkage=0.04


Tree=62
num_leaves=5
num_cat=0
split_feature=73 106 62 24
split_gain=2.18883 2.59062 2.58025 1.72496
threshold=1.778736004919639 0.99872341173595158 -1.3995526285767852 0.5724295828169037
decision_type=2 2 2 2
left_child=1 2 -1 -3
right_child=-2 3 -4 -5
leaf_value=0.00045580231629831647 0.00039825704696891699 -0.00079780005669643594 -1.3106341849071224e-05 4.2546772547504967e-05
leaf_weight=104 45 117 2083 51
leaf_count=104 45 117 2083 51
internal_value=-0.000249792 -0.000420025 -5.02513e-05 -0.00517647
internal_weight=2400 2355 2187 168
internal_count=2400 2355 2187 168
is_linear=0
shrinkage=0.04


Tree=63
num_leaves=7
num_cat=0
split_feature=41 77 63 94 38 92
split_gain=2.25048 3.33978 2.86344 4.03121 3.29067 2.55475
threshold=-0.67187220568422001 -1.0607472581413979 1.0444050560116815 -0.15174376771866463 -0.38864363498035276 0.86516226029668675
decision_type=2 2 2 2 2 2
left_child=1 -1 4 -4 -2 -3
right_child=2 5 3 -5 -6 -7
leaf_value=0.00054263552489214166 5.5004980313557094e-05 -2.1344527129438621e-05 -9.6573506867479316e-05 0.00053914085231726106 -0.00016549458927989015 0.0011747053617716925
leaf_weight=48 552 338 74 79 1255 54
leaf_count=48 552 338 74 79 1255 54
internal_value=-0.000316403 0.00226244 -0.000897044 0.00432258 -0.00134328 0.00101523
internal_weight=2400 440 1960 153 1807 392
internal_count=2400 440 1960 153 1807 392
is_linear=0
shrinkage=0.04


Tree=64
num_leaves=7
num_cat=0
split_feature=41 11 79 106 82 64
split_gain=2.33834 3.28008 2.93649 2.33724 2.33529 2.10746
threshold=-0.89076524487940445 -0.47305004771745757 0.39618029852553793 0.99872341173595158 -0.68018358152390557 -0.49166930172225337
decision_type=2 2 2 2 2 2
left_child=1 -1 -3 4 -2 -5
right_child=3 2 -4 5 -6 -7
leaf_value=-0.00032292920680697889 -0.00068490690949395475 3.4263538915024484e-05 0.00078412497829524362 7.3430111923019145e-05 -4.0239834759196739e-06 -0.00077700402026368166
leaf_weight=68 62 105 77 43 1937 108
leaf_count=68 62 105 77 43 1937 108
internal_value=-0.000233139 0.0034127 0.00619565 -0.000659851 -0.000294853 -0.00542484
internal_weight=2400 250 182 2150 1999 151
internal_count=2400 250 182 2150 1999 151
is_linear=0
shrinkage=0.04


Tree=65
num_leaves=7
num_cat=0
split_feature=27 80 42 70 37 118
split_gain=2.13241 2.30495 3.09609 2.31949 1.63615 1.58303
threshold=0.67765388031642171 2.8868655517567627 -0.31039530216127004 -1.3177619876254412 0.25903811628629925 -0.12311283398627967
decision_type=2 2 2 2 2 2
left_child=1 3 -3 -1 5 -2
right_child=4 2 -4 -5 -6 -7
leaf_value=0.00029196054008470695 -0.00023621158702818586 0.00049495547424358618 -7.1580767258119522e-05 -2.209088929732237e-05 -0.0005083920685441726 0.00029961069680359265
leaf_weight=134 67 57 61 1968 60 53
leaf_count=134 67 57 61 1968 60 53
internal_value=-0.000233139 0.000108011 0.0055 -0.00019962 -0.0043956 -0.00163934
internal_weight=2400 2220 118 2102 180 120
internal_count=2400 2220 118 2102 180 120
is_linear=0
shrinkage=0.04


Tree=66
num_leaves=5
num_cat=0
split_feature=78 41 75 26
split_gain=2.14804 2.17193 3.17974 2.74046
threshold=1.8081560902752136 -0.67187220568422001 -0.22033639406377878 -0.69822343640431817
decision_type=2 2 2 2
left_child=1 2 -1 -3
right_child=-2 3 -4 -5
leaf_value=-0.00033399756128312268 0.00020185633050323352 -0.00044475501129093349 0.00030281924802965656 -1.5645742047650513e-05
leaf_weight=85 63 191 340 1721
leaf_count=85 63 191 340 1721
internal_value=-0.000249792 -0.00044891 0.00213115 -0.00102403
internal_weight=2400 2337 425 1912
internal_count=2400 2337 425 1912
is_linear=0
shrinkage=0.04


Tree=67
num_leaves=5
num_cat=0
split_feature=78 64 116 100
split_gain=2.14804 2.07426 3.56242 2.63676
threshold=1.8081560902752136 -0.74211027037990729 0.75504087816988252 0.87759521637071558
decision_type=2 2 2 2
left_child=1 2 -1 -3
right_child=-2 3 -4 -5
leaf_value=6.0372653754473681e-06 0.00019378207728310408 -1.489466166253485e-05 0.00084653210093406351 -0.00062419665414400593
leaf_weight=304 63 1779 78 176
leaf_count=304 63 1779 78 176
internal_value=-0.000249792 -0.00044891 0.00223958 -0.000975984
internal_weight=2400 2337 382 1955
internal_count=2400 2337 382 1955
is_linear=0
shrinkage=0.04


Tree=68
num_leaves=5
num_cat=0
split_feature=78 41 77 10
split_gain=2.168 2.07284 2.97882 2.68091
threshold=1.8081560902752136 -0.67187220568422001 -1.0514450448867005 -0.38139818062008363
decision_type=2 2 2 2
left_child=1 2 -1 -3
right_child=-2 3 -4 -5
leaf_value=0.0004925048576842557 0.00018603079419177978 5.3901521173740155e-05 6.2470440127336028e-05 -0.00013878979811089405
leaf_weight=53 63 606 372 1306
leaf_count=53 63 606 372 1306
internal_value=-0.000283097 -0.000483112 0.00203747 -0.00104493
internal_weight=2400 2337 425 1912
internal_count=2400 2337 425 1912
is_linear=0
shrinkage=0.04


Tree=69
num_leaves=6
num_cat=0
split_feature=10 42 69 0 8
split_gain=1.9318 2.41749 2.72371 2.11752 1.73501
threshold=-0.94225205988944749 0.80095794517750507 0.81707548079331638 -0.48185192349280925 -0.31473040155556603
decision_type=2 2 2 2 2
left_child=4 2 -2 -3 -1
right_child=1 3 -4 -5 -6
leaf_value=0.00025722312032059284 -1.2412772647783926e-05 0.00025471233961957095 0.00035366002324453428 -0.00027363928448579956 -3.1302596521273764e-07
leaf_weight=40 1923 54 93 240 50
leaf_count=40 1923 54 93 240 50
internal_value=-0.000249792 -0.000475779 1.98216e-05 -0.00385135 0.00543478
internal_weight=2400 2310 2016 294 90
internal_count=2400 2310 2016 294 90
is_linear=0
shrinkage=0.04


Tree=70
num_leaves=7
num_cat=0
split_feature=27 115 81 104 28 43
split_gain=2.18792 2.22546 3.10405 2.91637 1.60731 0.299832
threshold=0.69163310647590481 0.47015899030489167 1.0355402229158257 1.0843928904872544 -0.12641894340829102 0.73917990181493687
decision_type=2 2 2 2 2 2
left_child=1 3 -3 -1 -2 -6
right_child=4 2 -4 -5 5 -7
leaf_value=1.1933829692478589e-05 -3.2455974537620724e-06 -0.00020709863534730408 0.00074600214717576913 0.00057921450881648492 -0.00042440691695034937 -7.8206014558297455e-05
leaf_weight=1506 72 564 56 103 59 40
leaf_count=1506 72 564 56 103 59 40
internal_value=-0.000233139 0.000103093 -0.00192926 0.000887647 -0.00456647 -0.00782178
internal_weight=2400 2229 620 1609 171 99
internal_count=2400 2229 620 1609 171 99
is_linear=0
shrinkage=0.04


Tree=71
num_leaves=7
num_cat=0
split_feature=35 109 98 73 14 117
split_gain=2.23397 2.21217 4.13728 2.58134 0.965773 0.529135
threshold=0.8906191082011764 0.4728716988324364 0.42669826963596275 1.778736004919639 -0.61877834687748978 -0.048522747022986486
decision_type=2 2 2 2 2 2
left_child=1 3 -3 -1 -2 -6
right_child=4 2 -4 -5 5 -7
leaf_value=-3.0019993659110707e-05 2.159473533550723e-05 1.0236076819670272e-05 0.00060945346050713561 0.00036748514844206818 -0.000170463104041386 -0.00056550741553210442
leaf_weight=1629 42 422 143 44 47 73
leaf_count=1629 42 422 143 44 47 73
internal_value=-0.000249792 8.03571e-05 0.00223986 -0.000650746 -0.0047561 -0.00655738
internal_weight=2400 2238 565 1673 162 120
internal_count=2400 2238 565 1673 162 120
is_linear=0
shrinkage=0.04


Tree=72
num_leaves=5
num_cat=0
split_feature=78 27 109 28
split_gain=2.18804 1.90454 2.04013 1.61561
threshold=1.8081560902752136 0.67765388031642171 0.4728716988324364 -0.12641894340829102
decision_type=2 2 2 2
left_child=1 2 -1 -3
right_child=-2 3 -4 -5
leaf_value=-3.0856559299410338e-05 0.00016390931420463814 -4.8162906334081599e-06 0.00012257224457176209 -0.00031090651751274886
leaf_weight=1599 63 77 562 99
leaf_count=1599 63 77 562 99
internal_value=-0.000316403 -0.000517315 -0.000189552 -0.00449438
internal_weight=2400 2337 2161 176
internal_count=2400 2337 2161 176
is_linear=0
shrinkage=0.04


Tree=73
num_leaves=5
num_cat=0
split_feature=78 45 62 2
split_gain=1.83184 1.82699 1.97677 1.93827
threshold=1.8081560902752136 6.6661131081125431 0.019899449622334257 1.012563406155085
decision_type=2 2 2 2
left_child=1 3 -3 -1
right_child=-2 2 -4 -5
leaf_value=-1.0658953921792447e-05 0.0001573529416364526 0.00081984939723338257 -4.1546852844875814e-05 -0.00024866783561260547
leaf_weight=2081 63 40 40 176
leaf_count=2081 63 40 40 176
internal_value=-0.000316403 -0.000500214 0.00536585 -0.000712705
internal_weight=2400 2337 80 2257
internal_count=2400 2337 80 2257
is_linear=0
shrinkage=0.04


Tree=74
num_leaves=8
num_cat=0
split_feature=64 88 76 53 40 0 46
split_gain=1.81797 3.25471 4.85133 2.62649 9.33688 2.66841 1.34227
threshold=0.52802752679214893 0.39053728659120795 -0.093355723193255802 -0.74999999999999989 0.32725294425667861 0.66389407342663365 -0.21197770640706001
decision_type=2 2 2 2 2 2 2
left_child=3 2 -2 4 -1 -5 -3
right_child=1 6 -4 5 -6 -7 -8
leaf_value=-1.9839655868748029e-05 -1.5198077595666784e-05 4.4070328460503564e-05 0.00053680717646980138 -2.8576732364425478e-05 0.00092619406351305937 -0.00026440089015993473 -0.00043624089041290309
leaf_weight=144 204 50 182 1364 48 313 95
leaf_count=144 204 50 182 1364 48 313 95
internal_value=-0.000316403 0.00174484 0.00365979 -0.00090326 0.00350515 -0.00141155 -0.00333333
internal_weight=2400 531 386 1869 192 1677 145
internal_count=2400 531 386 1869 192 1677 145
is_linear=0
shrinkage=0.04


Tree=75
num_leaves=7
num_cat=0
split_feature=87 64 76 117 50 49
split_gain=2.02502 2.13428 2.6578 2.61446 1.55682 1.1105
threshold=1.9130917420245157 0.54691841872323543 -0.093355723193255802 1.1946972771078881 -0.51981573354986377 0.88073401194792156
decision_type=2 2 2 2 2 2
left_child=1 3 -3 -1 -2 -6
right_child=4 2 -4 -5 5 -7
leaf_value=-3.8858053510965576e-05 0.00049955027296650083 -2.4120573212022962e-05 0.00033550122078597727 -0.00097883573136703979 -3.0575071651159775e-05 0.00042872376279964094
leaf_weight=1662 47 269 221 86 75 40
leaf_count=1662 47 269 221 86 75 40
internal_value=-0.000266445 -0.000580357 0.00174797 -0.00123429 0.00402439 0.00145299
internal_weight=2400 2238 490 1748 162 115
internal_count=2400 2238 490 1748 162 115
is_linear=0
shrinkage=0.04


Tree=76
num_leaves=7
num_cat=0
split_feature=70 112 67 101 44 29
split_gain=1.87428 1.99775 2.39861 1.64729 1.45178 2.20439
threshold=-1.3177619876254412 -1.4267365076715535 -1.3777473118530383 -0.55528848348841398 0.36649237615188213 0.34956627576146865
decision_type=2 2 2 2 2 2
left_child=4 3 -3 -2 5 -1
right_child=1 2 -4 -5 -6 -7
leaf_value=0.00073365712846826291 4.1755681526178532e-05 0.0004588435654729964 -1.9247746738655649e-05 -0.00081986835297576631 -9.1487378182600856e-06 1.0913202033367987e-05
leaf_weight=43 48 117 1965 126 60 41
leaf_count=43 48 117 1965 126 60 41
internal_value=-0.000283097 -0.000566873 -0.000220729 -0.00465909 0.00410959 0.00744186
internal_weight=2400 2256 2082 174 144 84
internal_count=2400 2256 2082 174 144 84
is_linear=0
shrinkage=0.04


Tree=77
num_leaves=7
num_cat=0
split_feature=87 64 108 117 0 99
split_gain=2.04075 2.15346 3.20759 2.77315 1.65362 1.49208
threshold=1.9130917420245157 0.52802752679214893 -0.79788192793305901 0.98621278201982387 -0.072495052225615267 -0.059543072207638555
decision_type=2 2 2 2 2 2
left_child=1 3 -3 -1 -2 -6
right_child=4 2 -4 -5 5 -7
leaf_value=-3.5676177175159515e-05 0.00048603041979046664 0.00062327460809636661 6.9892695860218625e-06 -0.00089036052893434693 -0.00025036984101335993 0.00031261738157348668
leaf_weight=1608 73 71 435 124 46 43
leaf_count=1608 73 71 435 124 46 43
internal_value=-0.000283097 -0.000598214 0.00169291 -0.00126874 0.00402439 0.00032967
internal_weight=2400 2238 506 1732 162 89
internal_count=2400 2238 506 1732 162 89
is_linear=0
shrinkage=0.04


Tree=78
num_leaves=7
num_cat=0
split_feature=76 14 36 100 45 91
split_gain=1.8332 3.59357 2.13526 2.10228 2.59453 2.30517
threshold=1.29446441703266 0.43919600306214607 -0.48159024363992181 0.81524608869324344 0.72959038213939864 0.77971169285830555
decision_type=2 2 2 2 2 2
left_child=3 2 -2 5 -5 -1
right_child=1 -3 -4 4 -6 -7
leaf_value=1.5071272612196541e-06 -0.00044324279087570493 0.00072078277373805095 0.00029057161520124145 -0.00076564548648543204 0.00016205040598974248 -0.00039079935297184744
leaf_weight=1857 88 69 86 128 40 132
leaf_count=1857 88 69 86 128 40 132
internal_value=-0.00029975 0.00297959 -0.000113636 -0.000671607 -0.00494118 -0.000306379
internal_weight=2400 243 174 2157 168 1989
internal_count=2400 243 174 2157 168 1989
is_linear=0
shrinkage=0.04


Tree=79
num_leaves=7
num_cat=0
split_feature=106 80 18 68 38 8
split_gain=1.8757 2.12297 2.68765 2.08409 1.86406 0.0341283
threshold=1.035410284492942 0.8294054830425498 0.5290222090620611 1.2234672294208819 0.16452908606866976 0.37154794064269692
decision_type=2 2 2 2 2 2
left_child=1 3 -3 -1 -2 -6
right_child=4 2 -4 -5 5 -7
leaf_value=-6.3409457855395643e-06 2.1814616599698801e-05 0.00034724764207191909 -0.00059911303118340804 -0.0002348827940181711 -0.00092370317810820646 -0.00064222684680302828
leaf_weight=1740 75 296 58 144 47 40
leaf_count=1740 75 296 58 144 47 40
internal_value=-0.000383014 -8.03571e-05 0.00275281 -0.000615058 -0.0045122 -0.00842697
internal_weight=2400 2238 354 1884 162 87
internal_count=2400 2238 354 1884 162 87
is_linear=0
shrinkage=0.04


Tree=80
num_leaves=8
num_cat=0
split_feature=27 105 26 75 28 82 14
split_gain=1.78607 1.97388 3.51453 2.47983 1.85691 1.20349 0.146347
threshold=0.67765388031642171 -1.0794219760584107 -0.13833112482747886 -0.22033639406377878 -0.050928112062670436 -0.09149082729516915 0.25665359068581589
decision_type=2 2 2 2 2 2 2
left_child=1 2 -1 -3 5 -2 -6
right_child=4 3 -4 -5 6 -7 -8
leaf_value=-0.00017426170132586784 -0.00021810400611481097 -9.8597575260276905e-05 0.00053306623842098685 3.3934854576775227e-05 -0.00033518569631514459 0.00014809071244825182 -0.00027389634582787321
leaf_weight=54 41 713 63 1390 52 47 40
leaf_count=54 41 713 63 1390 52 47 40
internal_value=-0.000366361 -5.40054e-05 0.00495798 -0.000337292 -0.00417582 0 -0.00808511
internal_weight=2400 2220 117 2103 180 88 92
internal_count=2400 2220 117 2103 180 88 92
is_linear=0
shrinkage=0.04


Tree=81
num_leaves=6
num_cat=0
split_feature=70 10 94 69 63
split_gain=1.88849 1.92374 2 1.9114 1.52398
threshold=-1.3177619876254412 -0.92683232344564903 -0.074249277200854322 0.81707548079331638 -0.20714866669430368
decision_type=2 2 2 2 2
left_child=4 2 -2 -3 -1
right_child=1 3 -4 -5 -6
leaf_value=0.00036584147760701903 -4.0558880651353489e-06 -4.6819382582322688e-05 0.00033431411841951145 0.00023484476716857902 -4.8377840058517687e-06
leaf_weight=69 51 2048 45 112 75
leaf_count=69 51 2048 45 112 75
internal_value=-0.00029975 -0.000584588 0.00489796 -0.000832562 0.00410959
internal_weight=2400 2256 96 2160 144
internal_count=2400 2256 96 2160 144
is_linear=0
shrinkage=0.04


Tree=82
num_leaves=8
num_cat=0
split_feature=53 110 12 70 62 3 1
split_gain=2.03489 2.62759 5.62838 2.72746 0.98239 1.18931 0.578392
threshold=0.91666666666666685 1.024624073420956 -0.19565457240891657 -1.3985110644756591 0.034019439966928126 0.28699699298071657 -0.55903091913779213
decision_type=2 2 2 2 2 2 2
left_child=1 3 -3 -1 6 -6 -2
right_child=4 2 -4 -5 5 -7 -8
leaf_value=0.000398774869576843 -0.00016453386552576666 0.0007585886432207613 -7.7031005195797001e-05 -2.39753630483581e-05 0.00024909476371224936 -8.5781526971986797e-05 -0.00053131685686308948
leaf_weight=75 40 89 142 1908 40 40 66
leaf_count=75 40 89 142 1908 40 40 66
internal_value=-0.000366361 -2.70758e-05 0.00399142 -0.000498741 -0.0043617 -0.00097561 -0.00685185
internal_weight=2400 2214 231 1983 186 80 106
internal_count=2400 2214 231 1983 186 80 106
is_linear=0
shrinkage=0.04


Tree=83
num_leaves=4
num_cat=0
split_feature=82 105 75
split_gain=1.6305 1.86721 1.80981
threshold=-0.68018358152390557 -1.281656238895877 -0.56176960493519223
decision_type=2 2 2
left_child=-1 -2 -3
right_child=1 2 -4
leaf_value=-0.00057133406537090113 0.00050218937668956604 -0.00015955991864748936 5.0509573527782182e-06
leaf_weight=63 53 331 1953
leaf_count=63 53 331 1953
internal_value=-0.000366361 -0.00019239 -0.000367454
internal_weight=2400 2337 2284
internal_count=2400 2337 2284
is_linear=0
shrinkage=0.04


Tree=84
num_leaves=8
num_cat=0
split_feature=53 110 12 105 62 3 30
split_gain=2.06896 2.58063 5.62838 2.49336 0.98239 1.18931 0.500827
threshold=0.91666666666666685 1.024624073420956 -0.19565457240891657 -1.281656238895877 0.034019439966928126 0.28699699298071657 -0.51411472206846387
decision_type=2 2 2 2 2 2 2
left_child=1 3 -3 -1 6 -6 -2
right_child=4 2 -4 -5 5 -7 -8
leaf_value=0.00060012268210653003 -0.00024253226286274614 0.00072804305919781955 -7.4151803282076315e-05 -1.8904254483001411e-05 0.00023892893486964826 -7.5967869147207791e-05 -0.00063848127347560413
leaf_weight=41 54 89 142 1942 40 40 52
leaf_count=41 54 89 142 1942 40 40 52
internal_value=-0.000333056 9.02527e-06 0.00399142 -0.000458438 -0.0043617 -0.00097561 -0.00685185
internal_weight=2400 2214 231 1983 186 80 106
internal_count=2400 2214 231 1983 186 80 106
is_linear=0
shrinkage=0.04


Tree=85
num_leaves=8
num_cat=0
split_feature=53 110 12 40 62 0 1
split_gain=2.0861 2.55731 5.62838 2.51263 0.98239 1.71312 0.578392
threshold=0.91666666666666685 1.024624073420956 -0.19565457240891657 0.97270184349837918 0.034019439966928126 0.26385087956300995 -0.55903091913779213
decision_type=2 2 2 2 2 2 2
left_child=1 3 -3 -1 6 -6 -2
right_child=4 2 -4 -5 5 -7 -8
leaf_value=-3.7299667874403957e-05 -0.00014186882364432662 0.00069892133682990687 -7.1185731150793206e-05 0.00025334077629551242 0.00011863581769074875 -0.00015586453539624846 -0.00050553631456153525
leaf_weight=1780 40 89 142 203 40 40 66
leaf_count=1780 40 89 142 203 40 40 66
internal_value=-0.000316403 2.70758e-05 0.00399142 -0.000438287 -0.0043617 -0.00097561 -0.00685185
internal_weight=2400 2214 231 1983 186 80 106
internal_count=2400 2214 231 1983 186 80 106
is_linear=0
shrinkage=0.04


Tree=86
num_leaves=8
num_cat=0
split_feature=42 41 88 2 109 13 94
split_gain=1.72553 3.06866 4.07953 2.95376 2.80574 2.76666 1.25038
threshold=0.75918513270005672 0.40956500220821007 -0.58235496680439469 0.0054656833755349554 0.73488266419517034 -0.34011393673788243 0.11240662335028853
decision_type=2 2 2 2 2 2 2
left_child=1 4 -3 5 -1 -2 -5
right_child=3 2 -4 6 -6 -7 -8
leaf_value=-7.8335941850403443e-05 0.00023871376625902451 0.00025708890879952819 8.6355685748445708e-05 -0.00036701208271700344 0.00017712612318447659 -0.00014235215307384288 -4.83705462140218e-05
leaf_weight=1313 78 93 357 162 259 60 78
leaf_count=1313 78 93 357 162 259 60 78
internal_value=-0.000316403 0.000148221 0.0030531 -0.00278947 -0.00068615 0.00185714 -0.00545455
internal_weight=2400 2022 450 378 1572 138 240
internal_count=2400 2022 450 378 1572 138 240
is_linear=0
shrinkage=0.04


Tree=87
num_leaves=8
num_cat=0
split_feature=53 110 5 40 62 0 1
split_gain=1.84002 2.62759 5.387 2.13283 1.15857 1.44019 0.578392
threshold=0.91666666666666685 1.024624073420956 -0.19365821188329538 0.97270184349837918 0.034019439966928126 0.26385087956300995 -0.55903091913779213
decision_type=2 2 2 2 2 2 2
left_child=1 3 -3 -1 6 -6 -2
right_child=4 2 -4 -5 5 -7 -8
leaf_value=-3.581487416590069e-05 -0.00014327911562593264 0.00066330683526077744 -6.0226171173150824e-05 0.00023633825335273246 0.00011385332557604069 -0.00014086954781672136 -0.00048218142430505776
leaf_weight=1780 40 90 141 203 40 40 66
leaf_count=1780 40 90 141 203 40 40 66
internal_value=-0.000349709 -2.70758e-05 0.00399142 -0.000498741 -0.00414894 -0.000487805 -0.00685185
internal_weight=2400 2214 231 1983 186 80 106
internal_count=2400 2214 231 1983 186 80 106
is_linear=0
shrinkage=0.04


Tree=88
num_leaves=5
num_cat=0
split_feature=82 106 44 93
split_gain=1.61314 2.05421 4.34182 2.67875
threshold=-0.68018358152390557 -0.3884530575360588 -0.078954447748725662 -0.40634477647153205
decision_type=2 2 2 2
left_child=-1 2 -2 -3
right_child=1 3 -4 -5
leaf_value=-0.00053635818336812376 0.00023209281948086038 -0.00024165936173292727 -8.7788343509062619e-05 -4.8357028031044411e-06
leaf_weight=63 343 327 350 1317
leaf_count=63 343 327 350 1317
internal_value=-0.000399667 -0.000226593 0.00159712 -0.000996355
internal_weight=2400 2337 693 1644
internal_count=2400 2337 693 1644
is_linear=0
shrinkage=0.04


Tree=89
num_leaves=8
num_cat=0
split_feature=42 41 10 2 13 41 45
split_gain=1.89541 3.06951 3.79883 2.60264 2.57831 2.20005 1.28392
threshold=0.80095794517750507 0.42188058058046368 -0.3991341675894346 0.042432949207933265 -0.34011393673788243 -0.89076524487940445 1.1616669132281177
decision_type=2 2 2 2 2 2 2
left_child=1 5 -3 4 -2 -1 -5
right_child=3 2 -4 6 -6 -7 -8
leaf_value=0.00021773810529840135 0.00022211794327556115 0.00033060537701062968 6.3707465589606103e-06 -0.00027753923557685136 -0.00014065609980057236 -5.7702486675021325e-05 3.4284168185090318e-05
leaf_weight=247 73 168 279 170 57 1364 42
leaf_count=247 73 168 279 170 57 1364 42
internal_value=-0.000333056 0.000126214 0.00305122 -0.0030814 0.00136364 -0.000688159 -0.00579439
internal_weight=2400 2058 447 342 130 1611 212
internal_count=2400 2058 447 342 130 1611 212
is_linear=0
shrinkage=0.04


Tree=90
num_leaves=8
num_cat=0
split_feature=53 105 42 7 62 21 1
split_gain=1.85619 2.14619 1.95614 1.39141 1.15857 1.44019 0.578392
threshold=0.91666666666666685 -1.1534112678416972 0.66105655978598887 0.20350661709478138 0.034019439966928126 0.28923466322952857 -0.55903091913779213
decision_type=2 2 2 2 2 2 2
left_child=1 3 -3 -1 6 -6 -2
right_child=4 2 -4 -5 5 -7 -8
leaf_value=2.2094265217177388e-05 -0.0001317283177935319 8.0316089561410092e-06 -0.00015289695044167859 0.00078413854346390103 0.00021253649740058652 -4.5378581242471219e-05 -0.00047102514273577266
leaf_weight=40 40 1744 390 40 40 40 66
leaf_count=40 40 1744 390 40 40 40 66
internal_value=-0.000333056 -9.02527e-06 -0.000252809 0.00634146 -0.00414894 -0.000487805 -0.00685185
internal_weight=2400 2214 2134 80 186 80 106
internal_count=2400 2214 2134 80 186 80 106
is_linear=0
shrinkage=0.04


Tree=91
num_leaves=8
num_cat=0
split_feature=42 41 28 110 65 50 116
split_gain=1.56726 2.653 3.89192 2.06059 1.71578 2.86999 1.31746
threshold=0.80095794517750507 0.40956500220821007 -0.12079357016552232 1.0653922298850322 -0.0659655421418575 0.31191484181464202 -0.018066551875530305
decision_type=2 2 2 2 2 2 2
left_child=1 3 -3 -1 5 -2 -6
right_child=4 2 -4 -5 6 -7 -8
leaf_value=-6.1129206681857234e-05 0.00016661297554834519 0.00035643734184128545 1.5280474827476799e-06 0.00015686003440992208 -0.00025311148516333148 -0.0001739602801618927 -3.9525468836306737e-05
leaf_weight=1369 88 162 303 224 103 47 104
leaf_count=1369 88 162 303 224 103 47 104
internal_value=-0.000349709 6.79612e-05 0.00271949 -0.000708464 -0.00284884 0.000656934 -0.00511962
internal_weight=2400 2058 465 1593 342 135 207
internal_count=2400 2058 465 1593 342 135 207
is_linear=0
shrinkage=0.04


Tree=92
num_leaves=8
num_cat=0
split_feature=53 110 5 2 63 86 108
split_gain=1.8079 2.45324 4.88618 1.76581 1.08434 1.53079 0.290863
threshold=0.91666666666666685 1.024624073420956 -0.05994162251286806 0.95719747701172453 0.23704328119426202 -0.45551845772227267 0.013341521285189849
decision_type=2 2 2 2 2 2 2
left_child=1 3 -3 -1 6 -6 -2
right_child=4 2 -4 -5 5 -7 -8
leaf_value=-4.045064611124458e-06 -0.00023046206443308578 0.00060664534214484474 -0.00015776562743387732 -0.00017800441687833602 -0.00014091682051715727 0.00016437037659809445 -0.00024037539437770283
leaf_weight=1811 43 107 124 172 48 40 55
leaf_count=1811 43 107 124 172 48 40 55
internal_value=-0.000383014 -6.31769e-05 0.00381974 -0.000518892 -0.00414894 -0.000888889 -0.007
internal_weight=2400 2214 231 1983 186 88 98
internal_count=2400 2214 231 1983 186 88 98
is_linear=0
shrinkage=0.04


Tree=93
num_leaves=7
num_cat=0
split_feature=53 42 96 40 90 62
split_gain=1.74449 2.47912 2.88286 2.17124 0.856932 0.443493
threshold=0.91666666666666685 -0.83353505814623807 0.027225195576285274 0.97270184349837918 0.28979617224766824 0.048413399704685077
decision_type=2 2 2 2 2 2
left_child=1 2 -1 -3 5 -2
right_child=4 3 -4 -5 -6 -7
leaf_value=0.000414899616052731 -0.00041391555963322377 -3.3797242572963027e-05 -0.0001038634296041252 0.00027944044148017706 3.3806742988284899e-06 -1.146993934083549e-05
leaf_weight=113 85 1806 95 200 45 56
leaf_count=113 85 1806 95 200 45 56
internal_value=-0.000449625 -0.000135379 0.004 -0.000567729 -0.00414894 -0.00566434
internal_weight=2400 2214 208 2006 186 141
internal_count=2400 2214 208 2006 186 141
is_linear=0
shrinkage=0.04


Tree=94
num_leaves=7
num_cat=0
split_feature=2 118 40 14 73 44
split_gain=1.82512 3.03113 2.48622 4.66275 2.29661 1.09214
threshold=0.95719747701172453 0.7540164541125054 1.000192097122244 0.15230091834367868 -1.1300526246966716 0.85409088298823177
decision_type=2 2 2 2 2 2
left_child=2 5 4 -4 -1 -2
right_child=1 -3 3 -5 -6 -7
leaf_value=-0.00048627313523415857 -0.00044085071704050212 0.00032276556247823974 0.00056146752703205424 -0.0003403504875322058 -3.217981821254934e-06 -3.7542068686309028e-05
leaf_weight=118 123 40 119 64 1892 44
leaf_count=118 123 40 119 64 1892 44
internal_value=-0.000399667 -0.00397129 -5.92255e-05 0.00437838 -0.000467197 -0.00633136
internal_weight=2400 207 2193 183 2010 167
internal_count=2400 207 2193 183 2010 167
is_linear=0
shrinkage=0.04


Tree=95
num_leaves=7
num_cat=0
split_feature=10 71 11 41 11 84
split_gain=2.20612 2.96176 2.80856 2.48565 2.50866 2.0135
threshold=-0.62636501465143002 -0.53317450661579102 -0.040522251877780281 -0.86539325558497426 -0.48316165686211104 -0.59886959954986374
decision_type=2 2 2 2 2 2
left_child=1 -1 -3 4 -2 -5
right_child=3 2 -4 5 -6 -7
leaf_value=-0.00015316112147327455 -0.00035387622767473078 0.00030392702599183467 5.3451855827119088e-06 6.8784853406163578e-05 0.0004855785907330209 -9.7675616452660988e-05
leaf_weight=72 57 142 186 374 180 1389
leaf_count=72 57 142 186 374 180 1389
internal_value=-0.000316403 0.00238806 0.004 -0.000859141 0.00297071 -0.00137677
internal_weight=2400 400 328 2000 237 1763
internal_count=2400 400 328 2000 237 1763
is_linear=0
shrinkage=0.04


Tree=96
num_leaves=7
num_cat=0
split_feature=76 14 35 59 47 116
split_gain=1.78114 3.22438 2.6114 2.11633 3.00691 1.82925
threshold=1.29446441703266 0.43919600306214607 -0.29205587061902066 0.65459697187965593 -0.6783181625317708 0.0060814298465074303
decision_type=2 2 2 2 2 2
left_child=3 2 -2 4 -1 -5
right_child=1 -3 -4 5 -6 -7
leaf_value=0.00029391752578875274 -0.00044184147515356471 0.00064580715560005387 0.00031696885403514972 7.9376179513287326e-05 -1.6938351012113946e-05 -0.00031259086038954923
leaf_weight=169 96 69 78 45 1592 351
leaf_count=169 96 69 78 45 1592 351
internal_value=-0.00041632 0.00281633 -0.000113636 -0.00078277 -0.000187181 -0.00341709
internal_weight=2400 243 174 2157 1761 396
internal_count=2400 243 174 2157 1761 396
is_linear=0
shrinkage=0.04


Tree=97
num_leaves=6
num_cat=0
split_feature=10 64 42 41 2
split_gain=1.75761 2.29786 2.19925 2.79716 2.10259
threshold=-0.92683232344564903 0.37745536867583446 0.80095794517750507 0.42188058058046368 -0.010703239088237967
decision_type=2 2 2 2 2
left_child=1 -1 3 -2 -4
right_child=2 -3 4 -5 -6
leaf_value=0.00026334940220666502 -3.7812500363892663e-05 -4.1500704083735216e-05 2.730038531890088e-05 0.00014438796498191048 -0.00024490955864773129
leaf_weight=52 1581 48 100 429 190
leaf_count=52 1581 48 100 429 190
internal_value=-0.000432973 0.00470588 -0.000660295 -0.000188867 -0.00390411
internal_weight=2400 100 2300 2010 290
internal_count=2400 100 2300 2010 290
is_linear=0
shrinkage=0.04


Tree=98
num_leaves=8
num_cat=0
split_feature=42 41 28 109 65 50 46
split_gain=1.68676 2.40163 4.75219 2.61489 2.10143 2.34737 1.24219
threshold=0.75918513270005672 0.42188058058046368 -0.065313957293904143 0.51914625636791067 -0.19680311544925666 0.25507072106591439 -0.55119964839415669
decision_type=2 2 2 2 2 2 2
left_child=1 3 -3 -1 5 -2 -6
right_child=4 2 -4 -5 6 -7 -8
leaf_value=-7.6255702032504145e-05 0.00028511637549335849 0.00046156707215867494 -8.7392373581090744e-06 8.6552440464407468e-05 -2.3787175060998312e-05 -8.64468401074775e-05 -0.00029882012087338513
leaf_weight=1243 72 158 275 346 95 41 170
leaf_count=1243 72 158 275 346 95 41 170
internal_value=-0.000449625 9.88142e-06 0.00264368 -0.000710245 -0.00289474 0.00165217 -0.00483146
internal_weight=2400 2022 433 1589 378 113 265
internal_count=2400 2022 433 1589 378 113 265
is_linear=0
shrinkage=0.04


Tree=99
num_leaves=7
num_cat=0
split_feature=64 106 82 36 10 53
split_gain=1.68724 3.68952 3.81865 2.9666 2.28926 2.84039
threshold=0.52802752679214893 -0.43957826144186596 -0.32414634527406277 -1.1797566293135195 -0.92683232344564903 -0.74999999999999989
decision_type=2 2 2 2 2 2
left_child=4 2 -2 -3 -1 -6
right_child=1 3 -4 -5 5 -7
leaf_value=0.00019446779648254575 9.6905139720737843e-06 -0.00072874332082147996 0.00066056742215898348 6.3622155402383624e-05 0.00031455450813977297 -8.8451175775499662e-05
leaf_weight=66 66 67 68 330 185 1618
leaf_count=66 66 67 68 330 185 1618
internal_value=-0.000466278 0.0015197 0.00720588 -0.000426065 -0.00103153 -0.00130194
internal_weight=2400 531 134 397 1869 1803
internal_count=2400 531 134 397 1869 1803
is_linear=0
shrinkage=0.04


Tree=100
num_leaves=7
num_cat=0
split_feature=35 64 76 46 56 75
split_gain=1.72738 1.55865 3.97447 2.50031 0.877808 0.577869
threshold=0.8906191082011764 0.54691841872323543 -0.093355723193255802 0.55437601139656656 -0.37820690310578176 -0.10582806204909663
decision_type=2 2 2 2 2 2
left_child=1 3 -3 -1 -2 -6
right_child=4 2 -4 -5 5 -7
leaf_value=-5.7491720891066909e-05 1.1909757492679258e-05 -2.3383737078768313e-05 0.00034466917155401565 0.00010557674245293844 -0.00046859938307646914 -0.00013724373077951587
leaf_weight=1381 42 269 218 370 59 61
leaf_count=1381 42 269 218 370 59 61
internal_value=-0.000549542 -0.000258929 0.00173824 -0.000815744 -0.0045122 -0.00622951
internal_weight=2400 2238 487 1751 162 120
internal_count=2400 2238 487 1751 162 120
is_linear=0
shrinkage=0.04


Tree=101
num_leaves=7
num_cat=0
split_feature=109 69 6 109 111 69
split_gain=1.68131 1.82062 3.08152 2.00832 1.63471 1.15764
threshold=-1.1963059355385883 0.81707548079331638 0.34400721730566092 0.73488266419517034 -1.2612701229289391 -0.46413989337546419
decision_type=2 2 2 2 2 2
left_child=4 3 -3 -2 -1 -6
right_child=1 2 -4 -5 5 -7
leaf_value=-2.6686681557677207e-05 -6.063239020394025e-05 0.0004563051510841633 -0.00019528887730912449 5.4941101523729061e-05 0.00047465135354222136 2.8244731650256469e-05
leaf_weight=48 1695 70 47 444 42 54
leaf_count=48 1695 70 47 444 42 54
internal_value=-0.0005995 -0.000868025 0.00394958 -0.00113498 0.00356164 0.00653061
internal_weight=2400 2256 117 2139 144 96
internal_count=2400 2256 117 2139 144 96
is_linear=0
shrinkage=0.04


Tree=102
num_leaves=7
num_cat=0
split_feature=0 40 14 115 118 64
split_gain=1.71724 2.39024 3.12247 2.26073 1.94726 1.37788
threshold=0.76530214886936443 0.97270184349837918 0.15230091834367868 0.51556774177923814 0.86682089198719037 0.43453151221852032
decision_type=2 2 2 2 2 2
left_child=1 3 -3 -1 5 -2
right_child=4 2 -4 -5 -6 -7
leaf_value=7.2633514490366699e-06 -0.00024417666178912039 0.00055460288115088009 -0.0001036102835860922 -0.00021515952952166407 0.00020625690462610163 6.4494055108441779e-06
leaf_weight=1405 242 107 61 449 50 86
leaf_count=1405 242 107 61 449 50 86
internal_value=-0.000532889 -6.917e-05 0.00447059 -0.000484914 -0.003 -0.00412121
internal_weight=2400 2022 168 1854 378 328
internal_count=2400 2022 168 1854 378 328
is_linear=0
shrinkage=0.04


Tree=103
num_leaves=6
num_cat=0
split_feature=70 49 110 75 10
split_gain=1.56788 3.06378 1.57224 3.01484 2.74877
threshold=-1.3985110644756591 0.51062229034352435 1.024624073420956 -0.3896636202244132 0.86434472527895545
decision_type=2 2 2 2 2
left_child=1 -1 4 -4 -2
right_child=2 -3 3 -5 -6
leaf_value=-7.3632875845374419e-05 -1.1044841769369645e-05 0.00057748244806885983 -0.00011860558286771288 0.00040037993600767065 -0.00037398182400439907
leaf_weight=46 1724 50 123 180 277
leaf_count=46 1724 50 123 180 277
internal_value=-0.000466278 0.0044898 -0.000676496 0.002 -0.00108337
internal_weight=2400 96 2304 303 2001
internal_count=2400 96 2304 303 2001
is_linear=0
shrinkage=0.04


Tree=104
num_leaves=7
num_cat=0
split_feature=35 109 33 112 108 115
split_gain=1.5902 1.64594 3.40792 2.28038 0.824441 1.07354
threshold=0.8906191082011764 0.4728716988324364 -0.11867483622752825 0.26816889666682903 0.35023013056804136 1.0000000180025095e-35
decision_type=2 2 2 2 2 2
left_child=1 3 -3 -1 5 -2
right_child=4 2 -4 -5 -6 -7
leaf_value=-1.9128920207709192e-06 0.00014328200345828406 0.00047182434100327691 -3.3822940285567103e-05 -0.00014520433796245486 -0.0003404676467149694 -0.00055624896513293968
leaf_weight=1304 43 247 318 369 77 42
leaf_count=1304 43 247 318 369 77 42
internal_value=-0.000466278 -0.0001875 0.00167549 -0.00081791 -0.00426829 -0.00149425
internal_weight=2400 2238 565 1673 162 85
internal_count=2400 2238 565 1673 162 85
is_linear=0
shrinkage=0.04


Tree=105
num_leaves=7
num_cat=0
split_feature=109 45 71 38 69 92
split_gain=1.78343 3.44083 1.69988 1.69482 2.0121 1.9614
threshold=-1.1963059355385883 0.50412201342190655 -0.14628598062217377 -0.92957767333907226 0.81707548079331638 0.016157411063031358
decision_type=2 2 2 2 2 2
left_child=1 2 -1 5 -5 -2
right_child=3 -3 -4 4 -6 -7
leaf_value=-0.00016122848691962053 0.00022198731423685527 0.00039140810182232416 0.00012203836081947625 -3.6878802804808757e-05 0.00018670912959688725 -6.5535958103482212e-06
leaf_weight=41 44 52 51 2044 112 56
leaf_count=41 44 52 51 2044 112 56
internal_value=-0.000449625 0.00383562 -0.000851064 -0.000726306 -0.000963855 0.00431373
internal_weight=2400 144 92 2256 2156 100
internal_count=2400 144 92 2256 2156 100
is_linear=0
shrinkage=0.04


Tree=106
num_leaves=6
num_cat=0
split_feature=108 76 14 115 38
split_gain=1.60103 1.69265 2.93136 2.26625 0.975348
threshold=1.4117430446245551 1.29446441703266 0.45492771810554822 0.51556774177923814 0.22069122573385938
decision_type=2 2 2 2 2
left_child=1 3 -3 -1 -2
right_child=4 2 -4 -5 -6
leaf_value=4.9939628223284734e-07 -2.8195805759049371e-05 1.238128890546572e-06 0.00065287334088239089 -0.00027435793867131876 -0.00045793390889297981
leaf_weight=1617 53 163 65 456 46
leaf_count=1617 53 163 65 456 46
internal_value=-0.000516236 -0.000299609 0.00295652 -0.000660241 -0.00544554
internal_weight=2400 2301 228 2073 99
internal_count=2400 2301 228 2073 99
is_linear=0
shrinkage=0.04


Tree=107
num_leaves=8
num_cat=0
split_feature=105 62 103 75 94 7 80
split_gain=1.6686 2.56235 2.38968 1.91597 1.59111 1.6601 0.655684
threshold=1.1502060813527282 -1.3995526285767852 -0.051290915161776356 -0.22380596724248822 0.28169008485293329 0.4575590886059443 0.081184857138706656
decision_type=2 2 2 2 2 2 2
left_child=1 2 -1 -3 6 -6 -2
right_child=4 3 -4 -5 5 -7 -8
leaf_value=1.2148381109018531e-05 -0.00019396404834731392 -5.4262678426502954e-05 0.00099249177122255595 1.2190238272510174e-05 0.00061041204122044346 -0.00054255069945870768 -0.00083098392074348415
leaf_weight=59 54 789 40 1296 46 44 72
leaf_count=59 54 789 40 1296 46 44 72
internal_value=-0.000516236 -0.000182983 0.0060396 -0.000483948 -0.00385321 0.000217391 -0.00671875
internal_weight=2400 2184 99 2085 216 90 126
internal_count=2400 2184 99 2085 216 90 126
is_linear=0
shrinkage=0.04


Tree=108
num_leaves=6
num_cat=0
split_feature=10 64 70 49 63
split_gain=1.78042 2.29786 1.76911 2.35962 1.93616
threshold=-0.92683232344564903 0.37745536867583446 -1.3985110644756591 0.51062229034352435 1.0444050560116815
decision_type=2 2 2 2 2
left_child=1 -1 3 -2 -4
right_child=2 -3 4 -5 -6
leaf_value=0.00025053280684103943 -8.494379714324409e-05 -5.1938891919162086e-05 -3.4299655613349998e-05 0.00053469137612021603 0.00018879317713991686
leaf_weight=52 42 48 2060 50 148
leaf_count=52 42 48 2060 50 148
internal_value=-0.000466278 0.00470588 -0.000695048 0.00468085 -0.000923077
internal_weight=2400 100 2300 92 2208
internal_count=2400 100 2300 92 2208
is_linear=0
shrinkage=0.04


Tree=109
num_leaves=7
num_cat=0
split_feature=0 40 14 115 118 2
split_gain=1.84281 2.91148 2.47515 2.0254 2.00372 1.0359
threshold=0.76530214886936443 0.97270184349837918 0.062595028725734816 0.51556774177923814 0.86682089198719037 0.9909534937789809
decision_type=2 2 2 2 2 2
left_child=1 3 -3 -1 5 -2
right_child=4 2 -4 -5 -6 -7
leaf_value=6.5836223867213329e-06 -9.7258096236334246e-05 0.00054177311025381124 -4.4418299348549103e-05 -0.00021794170366357086 0.00017258069399769314 -0.00034466608095998859
leaf_weight=1405 233 101 67 449 50 95
leaf_count=1405 233 101 67 449 50 95
internal_value=-0.000549542 -6.917e-05 0.00494118 -0.000528017 -0.00310526 -0.00424242
internal_weight=2400 2022 168 1854 378 328
internal_count=2400 2022 168 1854 378 328
is_linear=0
shrinkage=0.04


Tree=110
num_leaves=7
num_cat=0
split_feature=109 45 64 14 53 71
split_gain=1.96037 2.62557 1.69265 4.1358 2.74303 1.64546
threshold=-1.1963059355385883 0.50412201342190655 0.54691841872323543 0.74479393093374568 -0.74999999999999989 -0.14628598062217377
decision_type=2 2 2 2 2 2
left_child=1 5 4 -4 -2 -1
right_child=2 -3 3 -5 -6 -7
leaf_value=-0.00014198150447812308 0.0002453907108042372 0.00038344854274477799 6.6947878595268604e-06 0.00074302168454242032 -7.7542867278962633e-05 0.00012876557398835495
leaf_weight=41 193 52 435 52 1576 51
leaf_count=41 193 52 435 52 1576 51
internal_value=-0.000383014 0.00410959 -0.000673162 0.00141104 -0.00124788 0
internal_weight=2400 144 2256 487 1769 92
internal_count=2400 144 2256 487 1769 92
is_linear=0
shrinkage=0.04


Tree=111
num_leaves=8
num_cat=0
split_feature=42 2 13 41 22 14 45
split_gain=1.66386 2.72594 2.52738 2.3312 4.22954 2.31534 1.81685
threshold=0.75918513270005672 0.0054656833755349554 -0.34011393673788243 0.40956500220821007 -0.16010940433754209 0.69925824295692363 1.1616669132281177
decision_type=2 2 2 2 2 2 2
left_child=3 2 -2 5 -5 -1 -3
right_child=1 6 -4 4 -6 -7 -8
leaf_value=-4.9669061494010542e-05 0.00022550360706371359 -0.0002501590429427273 -0.00010798452808953776 0.00068122879674917345 4.6055861906695929e-05 0.00014458301674459434 5.5741015169766261e-06
leaf_weight=1307 78 191 60 46 404 265 49
leaf_count=1307 78 191 60 46 404 265 49
internal_value=-0.000466278 -0.00289474 0.00157143 -9.88142e-06 0.00252212 -0.000736976 -0.00545455
internal_weight=2400 378 138 2022 450 1572 240
internal_count=2400 378 138 2022 450 1572 240
is_linear=0
shrinkage=0.04


Tree=112
num_leaves=6
num_cat=0
split_feature=38 93 69 6 41
split_gain=1.48906 2.38869 1.75222 2.66024 1.65361
threshold=-0.92957767333907226 -0.63586798025671454 0.81707548079331638 0.016869065879920261 -0.67187220568422001
decision_type=2 2 2 2 2
left_child=1 -1 4 -4 -2
right_child=2 -3 3 -5 -6
leaf_value=-3.6259476707269958e-05 6.2053992853003734e-05 0.0002665095585317108 0.00058509410577161421 -1.9978215733780087e-05 -4.0396903714151822e-05
leaf_weight=44 426 56 43 69 1762
leaf_count=44 426 56 43 69 1762
internal_value=-0.00041632 0.00431373 -0.000625543 0.00421053 -0.000876712
internal_weight=2400 100 2300 112 2188
internal_count=2400 100 2300 112 2188
is_linear=0
shrinkage=0.04


Tree=113
num_leaves=7
num_cat=0
split_feature=1 80 105 63 14 105
split_gain=1.46605 2.33076 2.48338 1.56916 2.26017 1.80634
threshold=0.314977920911297 -0.96251385747421514 0.94313706581859091 0.3856426000647814 0.54793735502099439 -0.76675824001277093
decision_type=2 2 2 2 2 2
left_child=1 -1 -3 5 -5 -2
right_child=3 2 -4 4 -6 -7
leaf_value=0.00040485955789042915 3.229218880627407e-05 2.0317177309736486e-05 -0.00033896366504914234 -1.4803379916682805e-05 0.0005099259932795253 -0.0001288896326331053
leaf_weight=48 66 1358 194 180 49 505
leaf_count=48 66 1358 194 180 49 505
internal_value=-0.000399667 0.000299625 2.574e-05 -0.00179551 0.000995671 -0.00291449
internal_weight=2400 1600 1552 800 229 571
internal_count=2400 1600 1552 800 229 571
is_linear=0
shrinkage=0.04


Tree=114
num_leaves=8
num_cat=0
split_feature=42 41 9 24 2 39 45
split_gain=1.5596 2.60978 3.69217 2.32893 1.97189 2.08343 1.40612
threshold=0.75918513270005672 0.40956500220821007 -0.16715393704533305 0.5724295828169037 0.073353027322314412 -0.35102114248517996 1.1616669132281177
decision_type=2 2 2 2 2 2 2
left_child=1 3 -3 -1 5 -2 -6
right_child=4 2 -4 -5 6 -7 -8
leaf_value=-3.5660266355438777e-05 0.0002092851897945175 0.00066363299515352799 5.4676521535000634e-05 0.00018131715786704185 -0.00023338121977112798 -0.00012148464893174991 1.2434832992237467e-05
leaf_weight=1456 89 45 405 116 175 67 47
leaf_count=1456 89 45 405 116 175 67 47
internal_value=-0.000333056 0.000108696 0.00278761 -0.000660737 -0.00268421 0.000759494 -0.00508929
internal_weight=2400 2022 450 1572 378 156 222
internal_count=2400 2022 450 1572 378 156 222
is_linear=0
shrinkage=0.04


Tree=115
num_leaves=6
num_cat=0
split_feature=35 36 106 7 98
split_gain=1.60552 2.99683 2.27114 1.62575 2.53038
threshold=0.75723976252966174 0.81880458442422566 0.99872341173595158 0.52927775187060555 0.18423186006163453
decision_type=2 2 2 2 2
left_child=1 2 -1 4 -2
right_child=3 -3 -4 -5 -6
leaf_value=3.403304685782038e-06 -9.2112033139617828e-05 0.00050431939573683136 -0.00043831473819238599 -0.00083687782549197369 0.00024734048581082194
leaf_weight=1955 144 53 140 67 41
leaf_count=1955 144 53 140 67 41
internal_value=-0.00029975 5.5814e-05 -0.00018598 -0.00330709 -0.0013369
internal_weight=2400 2148 2095 252 185
internal_count=2400 2148 2095 252 185
is_linear=0
shrinkage=0.04


Tree=116
num_leaves=6
num_cat=0
split_feature=10 94 63 13 53
split_gain=1.93944 2.37561 1.608 4.52346 2.28908
threshold=-0.92683232344564903 -0.074249277200854322 1.0444050560116815 0.3993041960073796 -0.74999999999999989
decision_type=2 2 2 2 2
left_child=1 -1 4 -4 -2
right_child=2 -3 3 -5 -6
leaf_value=-1.3729346394732099e-05 0.00031774074246436012 0.00024316738485477551 -1.6827567892857346e-05 0.00065143097429304602 -4.1505104459244013e-05
leaf_weight=55 206 45 104 44 1946
leaf_count=55 206 45 104 44 1946
internal_value=-0.00029975 0.00509804 -0.000538662 0.00346667 -0.000817084
internal_weight=2400 100 2300 148 2152
internal_count=2400 100 2300 148 2152
is_linear=0
shrinkage=0.04


Tree=117
num_leaves=7
num_cat=0
split_feature=35 41 82 44 41 69
split_gain=1.74084 2.62938 4.14167 1.99829 1.91282 1.9058
threshold=0.75723976252966174 0.42626805523987688 -0.015520453309279458 -0.66576501141723698 -0.67187220568422001 -0.12010754174219596
decision_type=2 2 2 2 2 2
left_child=1 4 -3 -2 -1 -5
right_child=3 2 -4 5 -6 -7
leaf_value=6.2292674876482653e-05 0.00014637398128915924 -1.6479103345623735e-05 0.00020278717268740039 -2.3963532400483601e-05 -5.6832744789619559e-05 -0.00050388807509613902
leaf_weight=438 45 279 242 91 1189 116
leaf_count=438 45 279 242 91 1189 116
internal_value=-0.000333056 3.72093e-05 0.00250478 -0.00346457 -0.000755064 -0.00511962
internal_weight=2400 2148 521 252 1627 207
internal_count=2400 2148 521 252 1627 207
is_linear=0
shrinkage=0.04


Tree=118
num_leaves=7
num_cat=0
split_feature=35 36 106 7 104 1
split_gain=1.68574 2.16651 1.98346 1.73615 1.73112 0.284598
threshold=0.75723976252966174 0.81880458442422566 0.99872341173595158 0.18502867236063361 0.26547386771068221 0.18696769496773122
decision_type=2 2 2 2 2 2
left_child=1 2 -1 4 -2 -5
right_child=3 -3 -4 5 -6 -7
leaf_value=2.2166576283622065e-06 -9.1364498183093683e-05 0.00047955470046031013 -0.00042030341378172223 -0.0007241166962287485 0.00021759647677322205 -0.00078976466290810437
leaf_weight=1955 116 53 140 40 42 54
leaf_count=1955 116 53 140 40 42 54
internal_value=-0.000383014 -1.86047e-05 -0.00022413 -0.00346457 -0.000875 -0.00770833
internal_weight=2400 2148 2095 252 158 94
internal_count=2400 2148 2095 252 158 94
is_linear=0
shrinkage=0.04


Tree=119
num_leaves=7
num_cat=0
split_feature=2 105 53 81 11 46
split_gain=1.66714 2.04237 2.04527 1.85626 1.29735 0.681667
threshold=0.95719747701172453 1.1502060813527282 0.91666666666666685 0.3924208540730304 -0.27607068699063114 0.60124299902226086
decision_type=2 2 2 2 2 2
left_child=1 2 -1 5 -3 -2
right_child=3 4 -4 -5 -6 -7
leaf_value=2.0656965660561107e-05 -0.00032865348854885153 -0.00076426302796114484 -7.0040138202196839e-05 4.5525785292658343e-05 -4.7730598179339394e-05 -4.2415831347653587e-05
leaf_weight=1816 98 47 184 69 146 40
leaf_count=1816 98 47 184 69 146 40
internal_value=-0.000366361 -4.10023e-05 0.00033966 -0.0037799 -0.00394872 -0.00642857
internal_weight=2400 2193 2000 207 193 138
internal_count=2400 2193 2000 207 193 138
is_linear=0
shrinkage=0.04


end of trees

feature_importances:
Column_35=31
Column_41=26
Column_42=25
Column_87=22
Column_82=20
Column_105=19
Column_78=18
Column_10=17
Column_13=17
Column_64=17
Column_69=17
Column_40=16
Column_53=16
Column_45=15
Column_70=15
Column_2=14
Column_14=13
Column_63=13
Column_80=13
Column_110=13
Column_0=12
Column_62=11
Column_94=11
Column_109=11
Column_27=10
Column_37=10
Column_38=10
Column_75=10
Column_100=10
Column_67=9
Column_73=9
Column_102=9
Column_76=8
Column_106=8
Column_11=7
Column_46=7
Column_79=7
Column_115=7
Column_118=7
Column_1=6
Column_28=6
Column_39=6
Column_44=6
Column_88=6
Column_7=5
Column_36=5
Column_49=5
Column_59=5
Column_117=5
Column_50=4
Column_68=4
Column_93=4
Column_96=4
Column_98=4
Column_99=4
Column_101=4
Column_108=4
Column_116=4
Column_8=3
Column_12=3
Column_29=3
Column_47=3
Column_71=3
Column_77=3
Column_3=2
Column_5=2
Column_6=2
Column_18=2
Column_21=2
Column_24=2
Column_25=2
Column_26=2
Column_30=2
Column_65=2
Column_81=2
Column_84=2
Column_90=2
Column_91=2
Column_92=2
Column_104=2
Column_112=2
Column_9=1
Column_19=1
Column_20=1
Column_22=1
Column_33=1
Column_34=1
Column_43=1
Column_56=1
Column_57=1
Column_66=1
Column_74=1
Column_86=1
Column_103=1
Column_107=1
Column_111=1

parameters:
[boosting: gbdt]
[objective: quantile]
[metric: quantile]
[tree_learner: serial]
[device_type: cpu]
[data_sample_strategy: bagging]
[data: ]
[valid: ]
[num_iterations: 120]
[learning_rate: 0.04]
[num_leaves: 15]
[num_threads: 2]
[seed: 42]
[deterministic: 0]
[force_col_wise: 0]
[force_row_wise: 0]
[histogram_pool_size: -1]
[max_depth: 3]
[min_data_in_leaf: 40]
[min_sum_hessian_in_leaf: 0.001]
[bagging_fraction: 0.85]
[pos_bagging_fraction: 1]
[neg_bagging_fraction: 1]
[bagging_freq: 0]
[bagging_seed: 400]
[bagging_by_query: 0]
[feature_fraction: 0.8]
[feature_fraction_bynode: 1]
[feature_fraction_seed: 30056]
[extra_trees: 0]
[extra_seed: 12879]
[early_stopping_round: 0]
[early_stopping_min_delta: 0]
[first_metric_only: 0]
[max_delta_step: 0]
[lambda_l1: 0]
[lambda_l2: 2]
[linear_lambda: 0]
[min_gain_to_split: 0]
[drop_rate: 0.1]
[max_drop: 50]
[skip_drop: 0.5]
[xgboost_dart_mode: 0]
[uniform_drop: 0]
[drop_seed: 17869]
[top_rate: 0.2]
[other_rate: 0.1]
[min_data_per_group: 100]
[max_cat_threshold: 32]
[cat_l2: 10]
[cat_smooth: 10]
[max_cat_to_onehot: 4]
[top_k: 20]
[monotone_constraints: ]
[monotone_constraints_method: basic]
[monotone_penalty: 0]
[feature_contri: ]
[forcedsplits_filename: ]
[refit_decay_rate: 0.9]
[cegb_tradeoff: 1]
[cegb_penalty_split: 0]
[cegb_penalty_feature_lazy: ]
[cegb_penalty_feature_coupled: ]
[path_smooth: 0]
[interaction_constraints: ]
[verbosity: -1]
[saved_feature_importance_type: 0]
[use_quantized_grad: 0]
[num_grad_quant_bins: 4]
[quant_train_renew_leaf: 0]
[stochastic_rounding: 1]
[linear_tree: 0]
[max_bin: 255]
[max_bin_by_feature: ]
[min_data_in_bin: 3]
[bin_construct_sample_cnt: 200000]
[data_random_seed: 175]
[is_enable_sparse: 1]
[enable_bundle: 1]
[use_missing: 1]
[zero_as_missing: 0]
[feature_pre_filter: 1]
[pre_partition: 0]
[two_round: 0]
[header: 0]
[label_column: ]
[weight_column: ]
[group_column: ]
[ignore_column: ]
[categorical_feature: ]
[forcedbins_filename: ]
[precise_float_parser: 0]
[parser_config_file: ]
[objective_seed: 16083]
[num_class: 1]
[is_unbalance: 0]
[scale_pos_weight: 1]
[sigmoid: 1]
[boost_from_average: 1]
[reg_sqrt: 0]
[alpha: 0.75]
[fair_c: 1]
[poisson_max_delta_step: 0.7]
[tweedie_variance_power: 1.5]
[lambdarank_truncation_level: 30]
[lambdarank_norm: 1]
[label_gain: ]
[lambdarank_position_bias_regularization: 0]
[eval_at: ]
[multi_error_top_k: 1]
[auc_mu_weights: ]
[num_machines: 1]
[local_listen_port: 12400]
[time_out: 120]
[machine_list_filename: ]
[machines: ]
[gpu_platform_id: -1]
[gpu_device_id: -1]
[gpu_device_id_list: ]
[gpu_use_dp: 0]
[num_gpu: 1]

end of parameters

pandas_categorical:null
