tree
version=v4
num_class=1
num_tree_per_iteration=1
label_index=0
max_feature_idx=118
objective=quantile
feature_names=Column_0 Column_1 Column_2 Column_3 Column_4 Column_5 Column_6 Column_7 Column_8 Column_9 Column_10 Column_11 Column_12 Column_13 Column_14 Column_15 Column_16 Column_17 Column_18 Column_19 Column_20 Column_21 Column_22 Column_23 Column_24 Column_25 Column_26 Column_27 Column_28 Column_29 Column_30 Column_31 Column_32 Column_33 Column_34 Column_35 Column_36 Column_37 Column_38 Column_39 Column_40 Column_41 Column_42 Column_43 Column_44 Column_45 Column_46 Column_47 Column_48 Column_49 Column_50 Column_51 Column_52 Column_53 Column_54 Column_55 Column_56 Column_57 Column_58 Column_59 Column_60 Column_61 Column_62 Column_63 Column_64 Column_65 Column_66 Column_67 Column_68 Column_69 Column_70 Column_71 Column_72 Column_73 Column_74 Column_75 Column_76 Column_77 Column_78 Column_79 Column_80 Column_81 Column_82 Column_83 Column_84 Column_85 Column_86 Column_87 Column_88 Column_89 Column_90 Column_91 Column_92 Column_93 Column_94 Column_95 Column_96 Column_97 Column_98 Column_99 Column_100 Column_101 Column_102 Column_103 Column_104 Column_105 Column_106 Column_107 Column_108 Column_109 Column_110 Column_111 Column_112 Column_113 Column_114 Column_115 Column_116 Column_117 Column_118
feature_infos=[-4.5969260725983823:5.9717472420034587] [-3.8140656809580125:4.0332807769352064] [-3.6764333905559714:3.6230031309258055] [-3.4523423105559599:3.2446195174179744] [-3.1754389793186371:2.6073851629493112] [-2.2456650070790509:2.5054460700505676] [-3.3953426927768948:3.3148094222667459] [-1.1943047967813787:4.7505619739096083] [-1.6074318493911546:1.623891197413516] [-3.0923264281035112:2.6725873828954216] [-1.2533028676263747:3.8418998230220662] [-2.4632766354487177:2.7377195202795344] [-2.2172559262632161:2.5297928166912644] [-1.3401905173725908:2.8063958678809957] [-2.5216669171210175:3.0539411303371846] [-1.7755812578925376:1.4610197507897764] [-1.882954106048953:1.8040260427112333] [-1.0296049359425399:0.67221525912980584] [-1.0881523275449041:0.70344587824186777] [-1.0296049359425399:0.67221525912980584] [-2.314758470534255:2.8918465293338813] [-3.1966015814979691:3.502647510864461] [-2.8630668222228226:2.8554181672310928] [-2.0191725319841702:2.8302893836445233] [-2.2234626710026633:1.8950054723037961] [-2.0685011139666361:1.9034265659780625] [-3.2572314127447228:2.2100291145753519] [-1.7669761313057319:1.5712811622778342] [-0.95420120148754806:2.8350924184692614] [-3.5227892576103921:3.3345623498452839] [-3.2632237495637439:2.9477782810588908] [-2.501815188825268:2.2300028106553267] [-2.4693303197413274:2.39365188605563] [-2.0158501569862848:2.473902063118564] [-2.147304561145476:2.3153648123633355] [-1.9176778592712509:2.006052098995732] [-2.0140847740495813:2.1999646798579882] [-1.2335571406752162:3.1496575853887419] [-1.2542007238286972:3.708595531346873] [-1.3606422194060679:2.73466134746129] [-1.1970425308262294:1.8886154567052564] [-2.0401892139137918:1.5936638180969969] [-1.7881814640668188:1.690570794106383] [-1.9762822880624371:11.763228316693253] [-592.34900162461486:94.472992063301447] [-504.12872110776766:104.93570413984918] [-670.81036576105691:49.332341072158549] [-1.1158395561057595:3.2297180046950675] [-1.8670706792289515:1.7369668553866799] [-1.1662231554739275:6.2222031532662658] [-3.8182482811338843:4.5305445547875518] [-10.164523188198546:8.4341419400454587] [-1:1] [-0.83333333333333337:1] [0:1] [0:1] [-3.5522341267027921:4.2916118602013782] [-3.9983157595637526:2.3158064580871107] [-2.3551806905370163:1.615271265722414] [-1.0484721638248378:2.4202840633711373] [-2.4158777397193139:1.3601474891640368] [-1.7376570541565435:0.32779925691795064] [-3.1124324236931944:3.5543834086310544] [-2.6304441509653094:2.4504302127391693] [-2.1307844820777873:1.8778157095906256] [-3.0291520467325452:3.9739286154097271] [-3.3275223981785125:2.2429828041326281] [-2.4339024901525597:1.702383703544015] [-1.0163977075638724:2.347956210718618] [-2.1947065667211967:1.3454766005409768] [-1.5574243691307628:0.3232481435839834] [-4.4786308711395364:7.7635914708319165] [-4.0610246122456832:5.5725045111138991] [-2.3871009150553677:4.0518774175364678] [-1.3470440077611796:4.6604564616536184] [-1.2052313639444794:7.7222147775551315] [-1.2246786529492741:2.3689238410852709] [-6.5874079312585785:6.792319954590039] [-4.6027803244588243:3.5776767725178216] [-2.7132146368713737:3.8077618163929139] [-1.235420241411102:3.6181176260882273] [-1.8055348089113594:4.5386756815773293] [-0.81282107753013222:2.288477753719985] [-11.010458718877427:10.788514345771336] [-5.9039300919708504:5.1147549922947011] [-3.525666066394086:3.77073770892836] [-1.0341650181614435:3.1684559574195501] [-2.1028558901327745:3.9255406034994276] [-1.2891842034651837:0.6389135990138477] [-3.9008191559820173:2.9265298616362738] [-3.4101272784101053:3.0110621163638904] [-2.5394254121886077:1.7342731261692754] [-1.3833128392726841:3.1963337809384234] [-2.0768668676214883:1.8740814081479262] [-1.5695431311559285:0.46436617027428928] [-5.4842763679009092:3.2262412415199848] [-4.2576652288242993:3.6513305256949398] [-1.9148889847559423:2.8955291891107509] [-1.272561921261826:4.0508628191722327] [-1.7896866277276253:4.5972320144007934] [-1.6843120636977835:1.358444846359792] [-4.3809904394627832:2.6529774664914609] [-3.879846811745276:3.6110639018679032] [-1.9582494038412193:2.6594692969266909] [-1.3097142563057409:3.8664223828537052] [-1.6370261112682691:3.9635344855001815] [-1.7503686072783486:1.3033264515618348] [-3.2899382321684163:3.5059095281063297] [-2.2371335169627562:2.6176124315583311] [-1.9579410530967885:1.9651136793922956] [-1.5811215862680283:2.0708556733963177] [-1.4835475995911935:1.934589178772014] [-2.4817685288860312:0.639431941761339] [-3.2908821207686505:3.5336358506631296] [-2.8225756550846914:3.6953002710048271] [-1.6913813003607923:2.533362356493897] [-0.73674172606197585:2.7559993217003713] [-1.4674871639431584:2.4386680850331808] [-1.4371484664665022:0.92366389788908021]
tree_sizes=746 770 863 779 775 860 860 780 776 776 690 771 872 773 780 868 782 786 785 776 873 776 782 689 775 781 784 783 779 778 692 783 781 781 691 779 783 783 780 700 616 694 782 785 784 784 785 776 781 781 777 876 773 698 780 697 696 876 700 696 787 869 704 782 611 612 609 699 700 611 612 783 615 614 613 613 613 784 871 787 694 786 873 779 782 703 787 784 783 782 704 698 703 698 695 784 699 784 789 876 780 790 887 872 704 882 788 790 700 879 791 791 790 875 789 791 793 793 790 874

Tree=0
num_leaves=7
num_cat=0
split_feature=60 40 14 110 80 44
split_gain=12.1159 3.3156 3.10146 3.08465 2.44879 1.88372
threshold=-1.2016600904157912 1.0234086693243769 0.48833181153266264 1.0000000180025095e-35 0.612880444774485 0.85409088298823177
decision_type=2 2 2 2 2 2
left_child=2 4 5 -3 -2 -1
right_child=1 3 -4 -5 -6 -7
leaf_value=0.047788108795970674 0.046398501031254098 0.047597150114978358 0.048698741141413746 0.04677018448810271 0.047057517812547439 0.046741988538049881
leaf_weight=124 1588 60 51 96 428 53
leaf_count=124 1588 60 51 96 428 53
internal_value=0.0467835 0.0458599 0.055514 0.0514418 0.0454238 0.0528841
internal_weight=2400 2172 228 156 2016 177
internal_count=2400 2172 228 156 2016 177
is_linear=0
shrinkage=1


Tree=1
num_leaves=7
num_cat=0
split_feature=69 98 115 44 73 24
split_gain=11.334 3.24782 4.87322 2.77457 3.63255 2.18776
threshold=-1.2234593240546516 1.3084414510619207 0.86524785484788846 0.86814747969574857 0.69316693340710256 -0.5343590126422626
decision_type=2 2 2 2 2 2
left_child=3 5 -3 4 -1 -2
right_child=1 2 -4 -5 -6 -7
leaf_value=0.00089863452230996182 0.00022207321619262171 0.00088565327899077907 -0.00048885336048637136 0.0010837982382102828 0.0017703372780377223 -0.0003716600896035474
leaf_weight=59 394 78 78 71 86 1634
leaf_count=59 394 78 78 71 86 1634
internal_value=-9.5288e-10 -0.000867339 0.00465823 0.00869725 0.0118367 -0.00129655
internal_weight=2400 2184 156 216 145 2028
internal_count=2400 2184 156 216 145 2028
is_linear=0
shrinkage=0.04


Tree=2
num_leaves=8
num_cat=0
split_feature=37 76 80 68 36 61 45
split_gain=9.96113 3.69969 2.15954 1.95686 1.55743 2.7275 1.41557
threshold=0.73897161933871536 1.29446441703266 0.8294054830425498 0.89891581532991738 -0.27830794032152489 -0.34059349951192081 1.6523156959085961
decision_type=2 2 2 2 2 2 2
left_child=4 2 -2 -3 5 -1 -6
right_child=1 3 -4 -5 6 -7 -8
leaf_value=0.00045436628918353871 9.7930286995238575e-05 0.0018013109759490401 0.00072863305244597932 0.0011759890871155089 -0.00047070398123710166 -0.00022362047118219098 0.00021109935051081706
leaf_weight=159 268 56 65 133 1185 368 166
leaf_count=159 268 56 65 133 1185 368 166
internal_value=-8.32649e-05 0.00479389 0.00223283 0.0092356 -0.00144255 0.000400755 -0.00216112
internal_weight=2400 522 333 189 1878 527 1351
internal_count=2400 522 333 189 1878 527 1351
is_linear=0
shrinkage=0.04


Tree=3
num_leaves=7
num_cat=0
split_feature=69 104 115 44 73 34
split_gain=9.74155 2.94809 3.25767 2.18212 2.67287 2.09739
threshold=-1.2234593240546516 0.50252196253173698 0.7450506656360143 0.86814747969574857 0.69316693340710256 -0.84192015039132106
decision_type=2 2 2 2 2 2
left_child=3 5 -3 4 -1 -2
right_child=1 2 -4 -5 -6 -7
leaf_value=0.00081564957793294282 0.00049025688547463253 0.00060570119983590243 -0.00036958435846899538 0.00096839391138864978 0.0016389460757620731 -0.00032102452010992008
leaf_weight=59 130 186 150 71 86 1718
leaf_count=59 130 186 150 71 86 1718
internal_value=-9.99177e-05 -0.000903935 0.00253254 0.0079633 0.0107483 -0.00153081
internal_weight=2400 2184 336 216 145 1848
internal_count=2400 2184 336 216 145 1848
is_linear=0
shrinkage=0.04


Tree=4
num_leaves=7
num_cat=0
split_feature=69 87 87 17 17 33
split_gain=9.74155 2.53755 2.48239 2.19491 1.76229 1.64614
threshold=-1.2234593240546516 1.1810210358065631 1.7606796695102236 -0.47994746366745283 -0.6991866362101723 -0.13689108837875541
decision_type=2 2 2 2 2 2
left_child=2 5 4 -3 -1 -2
right_child=1 3 -4 -5 -6 -7
leaf_value=-0.00013415803359626807 2.9038839634562575e-06 0.00079271014143545955 0.0017064529185119798 0.00014562307756946748 0.0010680502413316824 -0.00042481523225114414
leaf_weight=54 747 44 78 172 84 1221
leaf_count=54 747 44 78 172 84 1221
internal_value=-9.99177e-05 -0.000903935 0.0079633 0.00319266 0.00462857 -0.00135635
internal_weight=2400 2184 216 216 138 1968
internal_count=2400 2184 216 216 138 1968
is_linear=0
shrinkage=0.04


Tree=5
num_leaves=8
num_cat=0
split_feature=37 76 14 80 104 63 26
split_gain=8.52579 3.63978 2.81652 1.65793 1.60199 2.43197 1.45753
threshold=0.73897161933871536 1.29446441703266 0.46605033877692431 0.95095131338562489 0.47406855276182697 -0.58537839307251671 1.2949957563336632
decision_type=2 2 2 2 2 2 2
left_child=4 3 -3 -2 6 -6 -1
right_child=1 2 -4 -5 5 -7 -8
leaf_value=-0.00032471563033526835 0.00019224031579865864 0.00085881214358148657 0.0017237642106835646 0.00047304929798063742 0.0015788945967845258 -1.4296405965104581e-05 0.0005409036896679018
leaf_weight=1609 292 136 53 41 40 188 41
leaf_count=1609 292 136 53 41 40 188 41
internal_value=-9.99177e-05 0.00441221 0.00881675 0.00187463 -0.00135745 0.00177391 -0.00179177
internal_weight=2400 522 189 333 1878 228 1650
internal_count=2400 522 189 333 1878 228 1650
is_linear=0
shrinkage=0.04


Tree=6
num_leaves=8
num_cat=0
split_feature=37 69 14 70 104 78 45
split_gain=8.42622 2.9495 2.72998 1.78006 1.46996 2.35443 1.28086
threshold=0.73897161933871536 -1.2234593240546516 0.46605033877692431 -0.78862321303429661 0.47406855276182697 0.36278426049182128 1.6523156959085961
decision_type=2 2 2 2 2 2 2
left_child=4 2 -2 -3 6 -6 -1
right_child=1 3 -4 -5 5 -7 -8
leaf_value=-0.00033715887269252794 0.0006807955167480906 -0.00013333946412932512 0.0015311898492443542 0.00075814631847858954 -0.00011959287075462927 0.00057904622271365302 0.00024801283544186189
leaf_weight=1483 141 180 50 151 167 61 167
leaf_count=1483 141 180 50 151 167 61 167
internal_value=-0.000149876 0.00433588 0.00826943 0.00203003 -0.0014 0.0016 -0.00181598
internal_weight=2400 522 191 331 1878 228 1650
internal_count=2400 522 191 331 1878 228 1650
is_linear=0
shrinkage=0.04


Tree=7
num_leaves=7
num_cat=0
split_feature=37 118 11 60 36 25
split_gain=7.60424 3.16038 2.84868 1.95623 1.62817 1.43675
threshold=0.99419589457475566 0.65478195000282002 0.22283985215560059 -1.2847978637357473 -0.32959588837878651 -0.30157666963653379
decision_type=2 2 2 2 2 2
left_child=3 4 -3 -1 -2 -5
right_child=1 2 -4 5 -6 -7
leaf_value=0.00085632597910968917 -0.00015561028951313225 0.00060542934024533732 0.0018583194741224754 3.2916674761346354e-05 0.00082667923869216952 -0.00029492228313607316
leaf_weight=41 139 68 45 570 108 1429
leaf_count=41 139 68 45 570 108 1429
internal_value=-0.000149876 0.00519337 0.0106783 -0.00109696 0.00261847 -0.00127736
internal_weight=2400 360 113 2040 247 1999
internal_count=2400 360 113 2040 247 1999
is_linear=0
shrinkage=0.04


Tree=8
num_leaves=7
num_cat=0
split_feature=37 118 96 60 36 45
split_gain=7.03368 3.01655 2.38768 1.55167 1.45144 1.43663
threshold=0.99419589457475566 0.65478195000282002 0.054591730247072603 -1.2732008408879825 -0.32959588837878651 1.6523156959085961
decision_type=2 2 2 2 2 2
left_child=3 4 -3 -1 -2 -5
right_child=1 2 -4 5 -6 -7
leaf_value=0.00078941959477985728 -0.0001493858779326071 0.001222725206912243 0.0012627826169745802 -0.00023937339700609784 0.00079361206914448285 0.00024566897371217208
leaf_weight=47 139 65 48 1782 108 211
leaf_count=47 139 65 48 1782 108 211
internal_value=-0.000166529 0.00497237 0.0103304 -0.00107738 0.00245783 -0.00124912
internal_weight=2400 360 113 2040 247 1993
internal_count=2400 360 113 2040 247 1993
is_linear=0
shrinkage=0.04


Tree=9
num_leaves=7
num_cat=0
split_feature=37 98 70 24 53 40
split_gain=6.64485 2.16651 2.19686 1.46451 2.27134 1.91466
threshold=0.92755745652302701 1.5137245164698037 -1.3985110644756591 -0.5343590126422626 -0.74999999999999989 -0.16695823961083697
decision_type=2 2 2 2 2 2
left_child=3 2 -2 4 -1 -5
right_child=1 -3 -4 5 -6 -7
leaf_value=0.00069794680712027563 0.0013262403710466708 0.00098954993459116742 0.00030676682108137513 -0.00044421061449984424 2.0168176604363736e-06 -3.7602613383538409e-05
leaf_weight=42 60 44 310 808 286 850
leaf_count=42 60 44 310 808 286 850
internal_value=-0.00011657 0.00448077 0.00344086 -0.00107847 0.00135757 -0.00156145
internal_weight=2400 414 370 1986 328 1658
internal_count=2400 414 370 1986 328 1658
is_linear=0
shrinkage=0.04


Tree=10
num_leaves=6
num_cat=0
split_feature=37 31 87 116 83
split_gain=5.47191 2.48546 2.14622 1.73791 1.16823
threshold=1.2778685975544599 -1.3836962922534617 1.7606796695102236 0.76204596725424201 -0.78679085305343832
decision_type=2 2 2 2 2
left_child=1 -1 4 -3 -2
right_child=2 3 -4 -5 -6
leaf_value=0.00071299861357950389 0.00094368107025749994 -0.0002309353411705218 0.0011211118255808309 0.00033715166855936493 0.00024333828416056713
leaf_weight=60 40 1800 75 315 110
leaf_count=60 40 1800 75 315 110
internal_value=-0.000183182 -0.000799266 0.00572687 -0.00102976 0.00289474
internal_weight=2400 2175 225 2115 150
internal_count=2400 2175 225 2115 150
is_linear=0
shrinkage=0.04


Tree=11
num_leaves=7
num_cat=0
split_feature=69 14 24 42 40 36
split_gain=5.26518 1.94494 1.586 2.47941 1.71724 1.29149
threshold=-1.2234593240546516 0.52831220921758371 -0.5343590126422626 0.186919567954105 -0.16695823961083697 -0.66504551720136751
decision_type=2 2 2 2 2 2
left_child=1 5 3 -2 -4 -1
right_child=2 -3 4 -5 -6 -7
leaf_value=2.0905513859495073e-05 3.7011118431471913e-05 0.001288726609161601 -0.00041535282971599726 0.00069492937007777089 -1.9459701103584935e-05 0.00086624712736581364
leaf_weight=86 399 49 806 48 931 81
leaf_count=86 399 49 806 48 931 81
internal_value=-0.000166529 0.00576147 -0.000757549 0.00136303 -0.0013042 0.0036213
internal_weight=2400 216 2184 447 1737 167
internal_count=2400 216 2184 447 1737 167
is_linear=0
shrinkage=0.04


Tree=12
num_leaves=8
num_cat=0
split_feature=37 41 14 36 41 106 116
split_gain=4.59974 2.49343 1.94863 1.47439 2.18306 1.44716 1.08737
threshold=0.73897161933871536 -0.86539325558497426 0.24638198491896987 -0.26525364866039675 0.42626805523987688 -0.64541832474995031 -0.66887966512435681
decision_type=2 2 2 2 2 2 2
left_child=3 2 -2 4 -1 -3 -5
right_child=1 5 -4 6 -6 -7 -8
leaf_value=-2.8709639220058638e-05 0.00075160884497248062 -0.00032192394650444383 0.0014325862295581594 0.00066078371307103177 0.00047800684069598316 0.00063047876085505872 -0.00034396192662088072
leaf_weight=473 72 130 40 50 71 280 1284
leaf_count=473 72 130 40 50 71 280 1284
internal_value=-0.000199834 0.0031145 0.00835088 -0.00112341 0.000630036 0.00165048 -0.00183832
internal_weight=2400 522 112 1878 544 410 1334
internal_count=2400 522 112 1878 544 410 1334
is_linear=0
shrinkage=0.04


Tree=13
num_leaves=7
num_cat=0
split_feature=87 32 73 38 80 19
split_gain=4.47596 3.94341 2.10435 2.32066 1.43248 1.11569
threshold=1.7606796695102236 -0.97293425503987885 1.4318922019062696 0.64614417234628629 0.612880444774485 0.44152217534474741
decision_type=2 2 2 2 2 2
left_child=2 -2 4 -4 -1 -3
right_child=1 5 3 -5 -6 -7
leaf_value=-0.00023808347198089696 0.0015624314200112263 0.00041483884534163052 0.00083784212652366632 -2.8452091851696467e-05 0.00023238816553344997 -0.00020938004082056826
leaf_weight=1668 45 93 41 49 453 51
leaf_count=1668 45 93 41 49 453 51
internal_value=-0.000199834 0.00567539 -0.000706734 0.00521739 -0.000962789 0.00235616
internal_weight=2400 189 2211 90 2121 144
internal_count=2400 189 2211 90 2121 144
is_linear=0
shrinkage=0.04


Tree=14
num_leaves=7
num_cat=0
split_feature=69 42 80 105 42 70
split_gain=3.34747 1.57464 1.52042 1.63191 1.60887 0.981542
threshold=-1.2234593240546516 -0.64924599166145713 0.612880444774485 -0.97473577165673719 -0.68199728543635496 -1.2131664389113819
decision_type=2 2 2 2 2 2
left_child=1 -1 3 -2 -4 -3
right_child=2 5 4 -5 -6 -7
leaf_value=0.0012763295877318169 0.00011367851892246662 -1.5883638139953342e-05 0.00071771464596809764 -0.0002645595246958795 0.00011430384560886759 0.00077108167643664027
leaf_weight=51 165 76 53 1581 385 89
leaf_count=51 165 76 53 1581 385 89
internal_value=-0.000249793 0.00447706 -0.000720952 -0.00124943 0.00138182 0.00251497
internal_weight=2400 216 2184 1746 438 165
internal_count=2400 216 2184 1746 438 165
is_linear=0
shrinkage=0.04


Tree=15
num_leaves=8
num_cat=0
split_feature=37 41 14 104 35 99 100
split_gain=3.21328 2.40933 1.81324 1.44169 1.32335 1.36957 0.443784
threshold=0.73897161933871536 -0.86539325558497426 0.24638198491896987 1.2948750403155092 0.47288770582795719 0.84903471033570477 0.40512194197253665
decision_type=2 2 2 2 2 2 2
left_child=4 2 -2 -3 5 -1 -6
right_child=1 3 -4 -5 6 -7 -8
leaf_value=2.9782340610714137e-06 0.00071461637323303069 -2.180864025899355e-06 0.0012891117254062463 0.00074023841044180722 -0.00062636785706657902 -0.00048706468843521465 -0.00019866819580291594
leaf_weight=1218 72 341 40 69 382 192 86
leaf_count=1218 72 341 40 69 382 192 86
internal_value=-0.000266446 0.00250382 0.00764912 0.00106796 -0.0010383 -0.00042493 -0.0028766
internal_weight=2400 522 112 410 1878 1410 468
internal_count=2400 522 112 410 1878 1410 468
is_linear=0
shrinkage=0.04


Tree=16
num_leaves=7
num_cat=0
split_feature=31 40 2 63 24 85
split_gain=3.20251 1.92484 1.7872 1.56218 1.23254 0.757259
threshold=-1.3599614483728713 -0.16695823961083697 -1.0077085093908942 -0.61527625166745714 -0.56821220178170573 0.25882847867982256
decision_type=2 2 2 2 2 2
left_child=2 4 5 -3 -2 -1
right_child=1 3 -4 -5 -6 -7
leaf_value=-0.00041037252540328711 0.00024311497483550768 0.00070120940279317712 0.00081753232208668679 -2.3283400870051337e-05 -0.00038656180664961939 0.0010049004242884563
leaf_weight=40 117 288 50 1043 822 40
leaf_count=40 117 288 50 1043 822 40
internal_value=-0.000299751 -0.000651409 0.00575757 0.000327081 -0.00203613 0.00195122
internal_weight=2400 2270 130 1331 939 80
internal_count=2400 2270 130 1331 939 80
is_linear=0
shrinkage=0.04


Tree=17
num_leaves=7
num_cat=0
split_feature=76 41 35 106 40 39
split_gain=3.01061 2.97494 1.6527 1.49361 1.08211 0.481635
threshold=1.29446441703266 -0.86539325558497426 0.47288770582795719 0.76806049054723824 0.35776819378980435 0.57475901099796722
decision_type=2 2 2 2 2 2
left_child=2 -2 3 -1 -3 -4
right_child=1 4 5 -5 -6 -7
leaf_value=2.8562049241915194e-05 0.0014676565555567672 -0.00051084317157745426 -0.00059989761018708983 -0.00058747612607929606 0.00062999967887861035 -1.1865158207454664e-05
leaf_weight=1451 73 51 428 168 119 110
leaf_count=1451 73 51 428 168 119 110
internal_value=-0.000333057 0.00386939 -0.000809635 -0.000170266 0.000930232 -0.00272593
internal_weight=2400 243 2157 1619 170 538
internal_count=2400 243 2157 1619 170 538
is_linear=0
shrinkage=0.04


Tree=18
num_leaves=7
num_cat=0
split_feature=76 42 35 106 11 100
split_gain=2.98683 3.25002 1.55827 1.30205 1.07676 0.579676
threshold=1.29446441703266 -0.78705713547448453 0.47288770582795719 0.76806049054723824 0.56971948531925587 0.34087591635196907
decision_type=2 2 2 2 2 2
left_child=2 -2 3 -1 -3 -4
right_child=1 4 5 -5 -6 -7
leaf_value=2.7419567272238717e-05 0.0010823043752466843 8.2396526977811745e-05 -0.00053958951364385243 -0.00056397708103612411 0.0017542952185706407 -0.00017270325188793192
leaf_weight=1451 41 161 407 168 41 131
leaf_count=1451 41 161 407 168 41 131
internal_value=-0.000316404 0.00386939 -0.000791108 -0.000170266 0.00172549 -0.00265185
internal_weight=2400 243 2157 1619 202 538
internal_count=2400 243 2157 1619 202 538
is_linear=0
shrinkage=0.04


Tree=19
num_leaves=7
num_cat=0
split_feature=60 14 62 95 80 44
split_gain=2.55173 2.39649 1.83653 2.94891 1.30874 1.0785
threshold=-1.2847978637357473 0.48833181153266264 -1.2644452733256051 1.0000000180025095e-35 0.612880444774485 0.27625917109807435
decision_type=2 2 2 2 2 2
left_child=1 5 3 -2 -4 -1
right_child=2 -3 4 -5 -6 -7
leaf_value=0.00086094936050212301 0.00065477509193967334 0.0010138119011578563 -0.00020421524594621695 -0.00033608649275040383 0.0001615101189040712 -8.7289740758426194e-05
leaf_weight=68 76 43 1632 63 437 81
leaf_count=68 76 43 1632 63 437 81
internal_value=-0.000316404 0.00408247 -0.000702263 0.00371631 -0.00100242 0.00161589
internal_weight=2400 192 2208 139 2069 149
internal_count=2400 192 2208 139 2069 149
is_linear=0
shrinkage=0.04


Tree=20
num_leaves=8
num_cat=0
split_feature=37 41 46 35 45 64 49
split_gain=2.36918 1.885 1.87767 1.26281 1.71832 1.01871 0.562774
threshold=0.73897161933871536 -0.86539325558497426 0.14223236532729586 0.47288770582795719 1.6523156959085961 0.52802752679214893 0.26147418588880189
decision_type=2 2 2 2 2 2 2
left_child=3 2 -2 4 -1 -3 -5
right_child=1 5 -4 6 -6 -7 -8
leaf_value=-6.9060680265128942e-05 0.0015492363919613458 -4.1963182797968864e-05 0.00066030833809542088 -0.00058261306420999154 0.00049484583834652669 0.00067940763934486105 -0.00019489929676942862
leaf_weight=1273 40 302 72 362 137 108 106
leaf_count=1273 40 302 72 362 137 108 106
internal_value=-0.000333057 0.0020458 0.00659649 -0.000995746 -0.000396602 0.000776698 -0.00279149
internal_weight=2400 522 112 1878 1410 410 468
internal_count=2400 522 112 1878 1410 410 468
is_linear=0
shrinkage=0.04


Tree=21
num_leaves=7
num_cat=0
split_feature=69 14 62 95 40 80
split_gain=2.09146 1.88399 1.6247 2.95522 1.49618 1.08312
threshold=-1.4127136146476991 0.46605033877692431 -1.2644452733256051 1.0000000180025095e-35 0.86069072069262442 0.612880444774485
decision_type=2 2 2 2 2 2
left_child=1 4 3 -2 -1 -4
right_child=2 -3 5 -5 -6 -7
leaf_value=-0.00033608047464995025 0.0006208387044949774 0.0009379037070695041 -0.0001772252740232357 -0.00030897881129474212 0.00089296816476802144 0.00016321745431948436
leaf_weight=47 78 40 1671 67 57 440
leaf_count=47 78 40 1671 67 57 440
internal_value=-0.000366362 0.00427397 -0.000666077 0.00340136 0.00135849 -0.000948416
internal_weight=2400 144 2256 145 104 2111
internal_count=2400 144 2256 145 104 2111
is_linear=0
shrinkage=0.04


Tree=22
num_leaves=7
num_cat=0
split_feature=69 14 40 35 109 60
split_gain=2.09146 2.13217 1.25869 1.17528 1.28186 1.13858
threshold=-1.4127136146476991 0.39255088860498782 0.86069072069262442 0.47288770582795719 0.11109084198241023 -0.63254127187487941
decision_type=2 2 2 2 2 2
left_child=1 2 -1 4 -2 -5
right_child=3 -3 -4 5 -6 -7
leaf_value=-0.00044250689302239823 -0.00011540185725354775 0.00089842250481666434 0.00085724943817730046 0.00052790986665585463 0.00011445496136548701 -0.00045198845166661742
leaf_weight=45 933 42 57 65 754 504
leaf_count=45 933 42 57 65 754 504
internal_value=-0.000366362 0.00427397 0.00107692 -0.000666077 -0.000134992 -0.00223468
internal_weight=2400 144 102 2256 1687 569
internal_count=2400 144 102 2256 1687 569
is_linear=0
shrinkage=0.04


Tree=23
num_leaves=6
num_cat=0
split_feature=76 41 105 24 43
split_gain=1.95447 2.31448 1.4066 1.45286 0.772148
threshold=1.29446441703266 -0.86539325558497426 -1.281656238895877 -0.5343590126422626 0.59721065045080846
decision_type=2 2 2 2 2
left_child=2 -2 -1 -4 -3
right_child=1 4 3 -5 -6
leaf_value=0.00068570220719622735 0.0011990657110828894 -7.1360315057694731e-05 0.00011017841945107985 -0.00021182446977129855 0.00063389423557717254
leaf_weight=53 73 112 442 1662 58
leaf_count=53 73 112 442 1662 58
internal_value=-0.000333057 0.00305306 -0.000717 -0.000881293 0.000465115
internal_weight=2400 243 2157 2104 170
internal_count=2400 243 2157 2104 170
is_linear=0
shrinkage=0.04


Tree=24
num_leaves=7
num_cat=0
split_feature=69 42 42 80 45 99
split_gain=1.88006 1.54322 1.23364 1.17516 1.08108 0.59168
threshold=-1.4127136146476991 -0.5440456074122334 0.75918513270005672 0.5555266558925801 0.94234970032062237 -0.66008234628146789
decision_type=2 2 2 2 2 2
left_child=1 -1 3 -2 -3 -4
right_child=2 4 5 -5 -6 -7
leaf_value=0.0012519447308444699 -7.1009778766727616e-05 -0.00019165621514366537 3.9095390052066964e-05 0.00032377509443084123 0.0006947910809978671 -0.00056313268901806237
leaf_weight=40 1456 55 56 431 49 313
leaf_count=40 1456 55 56 431 49 313
internal_value=-0.000399668 0.004 -0.000683792 -0.000268926 0.00135849 -0.00279245
internal_weight=2400 144 2256 1887 104 369
internal_count=2400 144 2256 1887 104 369
is_linear=0
shrinkage=0.04


Tree=25
num_leaves=7
num_cat=0
split_feature=69 14 62 50 63 98
split_gain=2.04674 1.88399 1.37525 1.44887 1.15248 1.11787
threshold=-1.4127136146476991 0.46605033877692431 -1.2644452733256051 -0.78310836184851407 -0.21136630030458553 0.27545302651001075
decision_type=2 2 2 2 2 2
left_child=1 4 3 -2 -1 -4
right_child=2 -3 5 -5 -6 -7
leaf_value=0.00073861230956003888 -0.00028015057445791982 0.00077942659481067722 -0.00024880220714333748 0.00051397870636665723 -0.00017707682789193252 2.4111701968947041e-05
leaf_weight=41 63 40 1418 82 63 693
leaf_count=41 63 40 1418 82 63 693
internal_value=-0.000316404 0.00427397 -0.000612933 0.00312925 0.00135849 -0.000872694
internal_weight=2400 144 2256 145 104 2111
internal_count=2400 144 2256 145 104 2111
is_linear=0
shrinkage=0.04


Tree=26
num_leaves=7
num_cat=0
split_feature=35 40 59 80 24 92
split_gain=1.62172 2.40903 2.69729 1.33257 0.41681 0.0766619
threshold=0.69255167675375329 0.91462185901100446 1.2827586051892406 0.20907552097030077 1.0803335274458361 -0.74958343836296304
decision_type=2 2 2 2 2 2
left_child=1 3 -3 -1 5 -2
right_child=4 2 -4 -5 -6 -7
leaf_value=-0.00015952322443631321 -0.00055527358828507344 0.00072859907827443036 -3.2241434514471352e-05 0.00017698451711637572 -0.00025375882098282613 -0.00038230616386461524
leaf_weight=1160 40 88 102 735 59 216
leaf_count=1160 40 88 102 735 59 216
internal_value=-0.000299751 0.000105414 0.004375 -0.000326833 -0.0029653 -0.00365892
internal_weight=2400 2085 190 1895 315 256
internal_count=2400 2085 190 1895 315 256
is_linear=0
shrinkage=0.04


Tree=27
num_leaves=7
num_cat=0
split_feature=76 14 40 35 109 49
split_gain=1.71613 1.83152 2.10498 1.32015 1.31024 0.558175
threshold=1.29446441703266 0.46605033877692431 0.86069072069262442 0.47288770582795719 0.11109084198241023 0.21028294091261915
decision_type=2 2 2 2 2 2
left_child=3 2 -2 4 -1 -5
right_child=1 -3 -4 5 -6 -7
leaf_value=-0.00010717864951132947 -0.0001569562191352807 0.00073380744070856724 0.0007514463259181292 -0.00052324760561283626 0.00011068412938234438 -0.00010663618597439501
leaf_weight=915 113 66 64 369 704 169
leaf_count=915 113 66 64 369 704 169
internal_value=-0.000283098 0.00288979 0.000737429 -0.000642891 -7.15617e-05 -0.00235556
internal_weight=2400 243 177 2157 1619 538
internal_count=2400 243 177 2157 1619 538
is_linear=0
shrinkage=0.04


Tree=28
num_leaves=7
num_cat=0
split_feature=87 17 78 28 25 68
split_gain=1.74768 2.49964 1.16613 2.0291 1.09032 0.792291
threshold=1.7606796695102236 -0.47994746366745283 0.19402501083498672 1.2159858578864671 -0.87745440714271838 0.88133645987102593
decision_type=2 2 2 2 2 2
left_child=2 -2 4 -4 -1 -3
right_child=1 5 3 -5 -6 -7
leaf_value=0.00039984218184047722 0.0011538553340347158 0.0001085439218388342 5.6773479311677299e-08 0.00055769157501841843 -0.00028100878506811709 -0.00010644286202926338
leaf_weight=151 58 47 852 47 1161 84
leaf_count=151 58 47 852 47 1161 84
internal_value=-0.000299751 0.00337173 -0.000616359 0.000492785 -0.00137595 0.000270676
internal_weight=2400 189 2211 899 1312 131
internal_count=2400 189 2211 899 1312 131
is_linear=0
shrinkage=0.04


Tree=29
num_leaves=7
num_cat=0
split_feature=87 2 78 28 25 68
split_gain=1.74768 3.00656 1.07456 1.65263 1.06962 1.04689
threshold=1.7606796695102236 -0.73675307313919025 0.19402501083498672 1.2159858578864671 -0.87745440714271838 0.88133645987102593
decision_type=2 2 2 2 2 2
left_child=2 -2 4 -4 -1 -3
right_child=1 5 3 -5 -6 -7
leaf_value=0.00038384849456685812 0.00091665297649961034 0.00047735762001750595 5.4502540139133348e-08 0.0005353839120176816 -0.00026976843366539253 -0.00011150167633250162
leaf_weight=151 42 59 852 47 1161 88
leaf_count=151 42 59 852 47 1161 88
internal_value=-0.000299751 0.00337173 -0.000616359 0.00044839 -0.00134551 0.000617449
internal_weight=2400 189 2211 899 1312 147
internal_count=2400 189 2211 899 1312 147
is_linear=0
shrinkage=0.04


Tree=30
num_leaves=6
num_cat=0
split_feature=69 14 105 42 63
split_gain=1.6003 1.67788 1.35157 1.3443 0.9133
threshold=-1.4127136146476991 0.46605033877692431 -1.281656238895877 0.77635077080215609 -0.21136630030458553
decision_type=2 2 2 2 2
left_child=1 4 -2 -4 -1
right_child=2 -3 3 -5 -6
leaf_value=0.00059747932638622115 0.00065302785661409306 0.00069167652914562761 -3.1610792759815879e-05 -0.00042274051110084373 -0.00020029631411936369
leaf_weight=41 53 40 1861 342 63
leaf_count=41 53 40 1861 342 63
internal_value=-0.000333057 0.00372603 -0.000595218 -0.000749207 0.000981131
internal_weight=2400 144 2256 2203 104
internal_count=2400 144 2256 2203 104
is_linear=0
shrinkage=0.04


Tree=31
num_leaves=7
num_cat=0
split_feature=32 14 82 64 108 116
split_gain=1.61164 2.39844 1.57087 1.0865 1.83433 1.27102
threshold=-0.97293425503987885 0.4048978472849874 0.29403701809495902 0.52802752679214893 -0.8644912329671568 -0.66887966512435681
decision_type=2 2 2 2 2 2
left_child=1 2 -1 5 -5 -2
right_child=3 -3 -4 4 -6 -7
leaf_value=-0.00044489130038207945 0.0010765789861757597 0.00059978224288066966 0.00040175405605016748 0.00054509740658911126 -1.3593155933638728e-05 -0.00015694054160578683
leaf_weight=106 47 57 97 63 413 1617
leaf_count=106 47 57 97 63 413 1617
internal_value=-0.000366362 0.00259542 0.000526828 -0.000728292 0.000953974 -0.00121008
internal_weight=2400 260 203 2140 476 1664
internal_count=2400 260 203 2140 476 1664
is_linear=0
shrinkage=0.04


Tree=32
num_leaves=7
num_cat=0
split_feature=32 14 77 78 37 45
split_gain=1.61164 2.39844 1.85604 0.982216 2.465 0.996709
threshold=-0.97293425503987885 0.4048978472849874 0.66756207651395194 0.14296229823436382 1.1570424266705011 2.574476737159598
decision_type=2 2 2 2 2 2
left_child=1 2 -1 5 -5 -2
right_child=3 -3 -4 4 -6 -7
leaf_value=-0.00023778165331751221 -0.00019915477701705245 0.00057579095316544291 0.00046339872122763568 -6.8684187178921495e-06 0.00096216612007360425 0.00045760972221343623
leaf_weight=148 1169 57 55 809 53 109
leaf_count=148 1169 57 55 809 53 109
internal_value=-0.000366362 0.00259542 0.000526828 -0.000728292 0.000314814 -0.00143125
internal_weight=2400 260 203 2140 862 1278
internal_count=2400 260 203 2140 862 1278
is_linear=0
shrinkage=0.04


Tree=33
num_leaves=7
num_cat=0
split_feature=76 42 14 35 109 100
split_gain=1.63052 1.7896 1.51031 1.32007 1.34541 0.495661
threshold=1.29446441703266 -0.78705713547448453 0.46605033877692431 0.47288770582795719 0.11109084198241023 0.31051138424689578
decision_type=2 2 2 2 2 2
left_child=3 -2 -3 4 -1 -5
right_child=1 2 -4 5 -6 -7
leaf_value=-0.00011855158743780711 0.00072756503039885791 -0.00011431896618978755 0.00059803375574786965 -0.00038456381296768659 0.00010478839608452623 -0.00012775502116146157
leaf_weight=915 41 147 55 392 704 146
leaf_count=915 41 147 55 392 704 146
internal_value=-0.000366362 0.00272653 0.00113725 -0.000717 -0.00014559 -0.00242963
internal_weight=2400 243 202 2157 1619 538
internal_count=2400 243 202 2157 1619 538
is_linear=0
shrinkage=0.04


Tree=34
num_leaves=6
num_cat=0
split_feature=104 10 105 58 87
split_gain=1.45642 2.25325 1.42788 1.34103 1.12102
threshold=0.47406855276182697 -0.33948882823309817 -1.1895690539091999 -1.2463303557794874 1.4384104267731541
decision_type=2 2 2 2 2
left_child=3 -2 -3 -1 -5
right_child=1 2 -4 4 -6
leaf_value=0.0003221671264908601 0.0012020119170190074 0.00059612930703087689 -2.4771974273014499e-05 -0.00018578315550309203 0.00031538339086131572
leaf_weight=69 53 45 394 1776 63
leaf_count=69 53 45 394 1776 63
internal_value=-0.000333057 0.00160324 0.00064399 -0.000833509 -0.00104074
internal_weight=2400 492 439 1908 1839
internal_count=2400 492 439 1908 1839
is_linear=0
shrinkage=0.04


Tree=35
num_leaves=7
num_cat=0
split_feature=35 76 35 41 86 88
split_gain=1.41448 1.53887 1.38845 1.28837 0.311058 0.104412
threshold=0.69255167675375329 1.29446441703266 0.26953282388881522 0.42188058058046368 0.91433298884157033 -0.60097564408771253
decision_type=2 2 2 2 2 2
left_child=1 3 -3 -1 5 -2
right_child=4 2 -4 -5 -6 -7
leaf_value=-8.4266302596395717e-05 -0.00033951442446664002 0.00032601408089966421 0.00068282972388891152 8.122837900590991e-05 -7.8816735339030944e-05 -0.000330885642609431
leaf_weight=1392 60 165 43 485 67 188
leaf_count=1392 60 165 43 485 67 188
internal_value=-0.00034971 2.87484e-05 0.00327619 -0.000334221 -0.00283912 -0.003488
internal_weight=2400 2085 208 1877 315 248
internal_count=2400 2085 208 1877 315 248
is_linear=0
shrinkage=0.04


Tree=36
num_leaves=7
num_cat=0
split_feature=77 30 67 28 42 36
split_gain=1.36081 1.61983 0.940241 0.920774 0.892286 0.722676
threshold=0.28289516741157056 -1.3032233101410287 -1.3504613220246984 1.2159858578864671 0.69181476759415295 -0.22980940666452748
decision_type=2 2 2 2 2 2
left_child=2 -2 5 -3 -4 -1
right_child=1 3 4 -5 -6 -7
leaf_value=-3.4266471693644828e-06 0.00048156448754927653 4.5814723453943328e-06 -8.6436385399512173e-05 0.0004863376778991751 -0.00034788366543195694 0.00051784652478111914
leaf_weight=62 70 748 1145 43 292 40
leaf_count=62 70 748 1145 43 292 40
internal_value=-0.00034971 0.000922363 -0.00106165 0.000398486 -0.00132592 0.00261538
internal_weight=2400 861 1539 791 1437 102
internal_count=2400 861 1539 791 1437 102
is_linear=0
shrinkage=0.04


Tree=37
num_leaves=7
num_cat=0
split_feature=35 76 35 41 0 100
split_gain=1.38477 1.44945 1.38845 1.25349 0.382143 0.168272
threshold=0.69255167675375329 1.29446441703266 0.26953282388881522 0.42188058058046368 -0.42842528459706691 0.45399005922018426
decision_type=2 2 2 2 2 2
left_child=1 3 -3 -1 -2 -6
right_child=4 2 -4 -5 5 -7
leaf_value=-8.0340637058688645e-05 -1.1429725207481573e-05 0.00029371093816170645 0.00063596369768027686 7.7795984951857592e-05 -0.0002972677431429984 -0.00023037894863373707
leaf_weight=1392 56 165 43 485 192 67
leaf_count=1392 56 165 43 485 192 67
internal_value=-0.000249793 0.00012458 0.00327619 -0.000227782 -0.00271293 -0.00335632
internal_weight=2400 2085 208 1877 315 259
internal_count=2400 2085 208 1877 315 259
is_linear=0
shrinkage=0.04


Tree=38
num_leaves=7
num_cat=0
split_feature=35 69 14 37 0 113
split_gain=1.2823 1.52905 1.01705 1.01448 0.35065 0.302914
threshold=0.69255167675375329 -1.4127136146476991 0.41537689825485091 1.6803823674229152 -0.42842528459706691 0.8056505945304554
decision_type=2 2 2 2 2 2
left_child=1 2 -1 -3 -2 -6
right_child=4 3 -4 -5 5 -7
leaf_value=0.00029994224244046574 -1.0972536199182187e-05 -1.9242720269804211e-05 0.00053704549657004278 0.00045445711911019622 -0.00032147096229984378 -6.4995196659545294e-05
leaf_weight=82 56 1913 40 50 219 40
leaf_count=82 56 1913 40 50 219 40
internal_value=-0.000216487 0.000143746 0.00445161 -0.000128245 -0.00258675 -0.00320307
internal_weight=2400 2085 122 1963 315 259
internal_count=2400 2085 122 1963 315 259
is_linear=0
shrinkage=0.04


Tree=39
num_leaves=6
num_cat=0
split_feature=62 95 35 114 111
split_gain=1.28162 1.81613 1.02212 1.23518 0.398333
threshold=-1.4593634306949503 -0.059029512824438461 0.75723976252966174 1.2371960157333368 -0.73060369396431313
decision_type=2 2 2 2 2
left_child=1 -1 3 -2 -4
right_child=2 -3 4 -5 -6
leaf_value=0.00047073164214902292 -2.9217424638180845e-05 -0.00034903408849319218 9.6839957060743765e-06 0.00039298935201663345 -0.00047085361413915275
leaf_weight=59 1923 51 43 117 207
leaf_count=59 1923 51 43 117 207
internal_value=-0.000249793 0.00392857 -0.000453753 -0.00015671 -0.00285714
internal_weight=2400 110 2290 2040 250
internal_count=2400 110 2290 2040 250
is_linear=0
shrinkage=0.04


Tree=40
num_leaves=5
num_cat=0
split_feature=105 99 40 48
split_gain=1.20965 1.10382 1.92638 0.848233
threshold=-1.281656238895877 0.091480587661819809 -0.49475017095754897 -0.86807818604856712
decision_type=2 2 2 2
left_child=-1 3 -3 -2
right_child=1 2 -4 -5
leaf_value=0.00060309583874953684 0.00010593743975726284 -0.00027524733639982033 0.00016654714027774823 -0.00019605182659602506
leaf_weight=59 140 286 830 1085
leaf_count=59 140 286 830 1085
internal_value=-0.000249793 -0.000394367 0.000515205 -0.00122249
internal_weight=2400 2341 1116 1225
internal_count=2400 2341 1116 1225
is_linear=0
shrinkage=0.04


Tree=41
num_leaves=6
num_cat=0
split_feature=87 2 37 53 68
split_gain=1.27515 2.43471 0.940735 1.01374 0.469647
threshold=1.9130917420245157 -0.60100592856651447 1.6295739663420445 -0.74999999999999989 0.88133645987102593
decision_type=2 2 2 2 2
left_child=2 -2 3 -1 -3
right_child=1 4 -4 -5 -6
leaf_value=0.00026171571956574638 0.00089772085267549463 0.00041460366916839532 0.00042673251288057002 -0.00011368419791888171 -6.9430639275079749e-05
leaf_weight=234 40 49 69 1935 73
leaf_count=234 40 49 69 1935 73
internal_value=-0.000283098 0.00312195 -0.000532144 -0.000679872 0.000258064
internal_weight=2400 162 2238 2169 122
internal_count=2400 162 2238 2169 122
is_linear=0
shrinkage=0.04


Tree=42
num_leaves=7
num_cat=0
split_feature=35 76 40 106 24 58
split_gain=1.36612 1.29615 1.57477 1.17602 0.350334 0.179107
threshold=0.69255167675375329 1.29446441703266 0.86069072069262442 0.74119606466784427 1.0803335274458361 0.42720388451495112
decision_type=2 2 2 2 2 2
left_child=1 3 -3 -1 5 -2
right_child=4 2 -4 -5 -6 -7
leaf_value=3.5383093475609634e-06 -0.0002572725556822171 0.00018764320220050095 0.00078108292307448729 -0.00047416158867299969 -0.00014720630876078483 -0.0001621279334914533
leaf_weight=1698 192 166 42 179 59 64
leaf_count=1698 192 166 42 179 59 64
internal_value=-0.000266446 0.000105414 0.00308571 -0.000227782 -0.00271293 -0.00334884
internal_weight=2400 2085 208 1877 315 256
internal_count=2400 2085 208 1877 315 256
is_linear=0
shrinkage=0.04


Tree=43
num_leaves=7
num_cat=0
split_feature=62 95 94 35 69 111
split_gain=1.29923 2.48228 1.2819 0.97803 1.05623 0.397624
threshold=-1.2644452733256051 1.0000000180025095e-35 0.039360713934987919 0.75723976252966174 -1.4127136146476991 -0.73060369396431313
decision_type=2 2 2 2 2 2
left_child=1 2 -1 4 -2 -5
right_child=3 -3 -4 5 -6 -7
leaf_value=6.3389803407777872e-05 0.00045572313563865547 -0.00028315280979452484 0.00044601792414562547 2.8171194198085623e-05 -3.8543363299359163e-05 -0.00043017533608037217
leaf_weight=46 110 72 42 43 1881 206
leaf_count=46 110 72 42 43 1881 206
internal_value=-0.000249793 0.00320988 0.00764444 -0.000499555 -0.00020271 -0.00285259
internal_weight=2400 160 88 2240 1991 249
internal_count=2400 160 88 2240 1991 249
is_linear=0
shrinkage=0.04


Tree=44
num_leaves=7
num_cat=0
split_feature=62 101 105 35 114 111
split_gain=1.47797 1.699 1.26829 0.97803 1.08932 0.397624
threshold=-1.2644452733256051 -0.060396277678552136 -0.16308187559152382 0.75723976252966174 1.2371960157333368 -0.73060369396431313
decision_type=2 2 2 2 2 2
left_child=1 2 -1 4 -2 -5
right_child=3 -3 -4 5 -6 -7
leaf_value=8.0952653318812061e-05 -3.7390296053393863e-05 -0.00025139559664508822 0.00045138996095322049 2.7044346430162081e-05 0.00034792123984680784 -0.00041296832263715738
leaf_weight=41 1875 71 48 43 116 206
leaf_count=41 1875 71 48 43 116 206
internal_value=-0.00023314 0.00345679 0.00707692 -0.000499555 -0.00020271 -0.00285259
internal_weight=2400 160 89 2240 1991 249
internal_count=2400 160 89 2240 1991 249
is_linear=0
shrinkage=0.04


Tree=45
num_leaves=7
num_cat=0
split_feature=32 116 35 64 69 13
split_gain=1.35396 1.48108 1.02381 1.15281 0.691401 0.322101
threshold=-1.2495858859110558 0.28217971425289595 0.69255167675375329 0.52802752679214893 -1.4127136146476991 0.93379155417050208
decision_type=2 2 2 2 2 2
left_child=1 -1 3 -2 -3 -4
right_child=2 4 5 -5 -6 -7
leaf_value=0.00031009337056848638 -5.6587886589112847e-05 0.00041992067043388073 -0.00030983244985045329 0.00014900511759537399 -0.00038644133658569861 -2.6396083915507663e-05
leaf_weight=52 1507 43 239 428 55 76
leaf_count=52 1507 43 239 428 55 76
internal_value=-0.00023314 0.00342105 -0.000479575 -0.000134229 0.000479999 -0.00258675
internal_weight=2400 150 2250 1935 98 315
internal_count=2400 150 2250 1935 98 315
is_linear=0
shrinkage=0.04


Tree=46
num_leaves=7
num_cat=0
split_feature=104 94 105 105 39 11
split_gain=1.1546 2.00602 1.47236 1.31946 1.44893 0.480034
threshold=0.3939133300557271 -0.89370061669264067 -1.1209872388569517 -0.16308187559152382 -0.64135526294831047 -1.008903256090701
decision_type=2 2 2 2 2 2
left_child=3 -2 -3 5 -5 -1
right_child=1 2 -4 4 -6 -7
leaf_value=3.5580062810213493e-05 0.00074473362769583251 0.00055319195882202511 -2.1441153454519586e-05 -0.00028772957501364013 0.00010765812070445325 -0.00029206318647359211
leaf_weight=71 48 72 477 260 820 652
leaf_count=71 48 72 477 260 820 652
internal_value=-0.00023314 0.00128881 0.000588021 -0.000737951 0.000147873 -0.00205793
internal_weight=2400 597 549 1803 1080 723
internal_count=2400 597 549 1803 1080 723
is_linear=0
shrinkage=0.04


Tree=47
num_leaves=7
num_cat=0
split_feature=62 95 94 80 45 35
split_gain=1.31174 2.01117 1.53218 1.16404 1.78242 1.31252
threshold=-1.2644452733256051 1.0000000180025095e-35 0.039360713934987919 0.44471366154068664 3.3652452200563459 0.38652382628785315
decision_type=2 2 2 2 2 2
left_child=1 2 -1 5 -5 -2
right_child=3 -3 -4 4 -6 -7
leaf_value=5.2047091452756241e-05 -2.0606207945400098e-05 -0.00027271096725735322 0.00040661206001095301 9.6399876339767768e-06 0.00076846463843366938 -0.00025803010754334849
leaf_weight=46 1131 72 42 579 63 467
leaf_count=46 1131 72 42 579 63 467
internal_value=-0.000266446 0.00320988 0.0072 -0.000517396 0.000919254 -0.001095
internal_weight=2400 160 88 2240 642 1598
internal_count=2400 160 88 2240 642 1598
is_linear=0
shrinkage=0.04


Tree=48
num_leaves=7
num_cat=0
split_feature=32 87 107 78 37 80
split_gain=1.18527 2.05149 1.21848 1.05574 1.20272 0.965305
threshold=-0.97293425503987885 1.6868658408884432 0.23645864880368786 0.043376339069798563 1.1570424266705011 0.81079389596608775
decision_type=2 2 2 2 2 2
left_child=1 2 -1 5 -5 -2
right_child=3 -3 -4 4 -6 -7
leaf_value=-0.00025879440599135866 -0.00017926164947325342 0.00048902718350109415 0.00028372103394435326 4.1274921914146505e-07 0.00074004322175002829 0.00011937435390680821
leaf_weight=123 958 49 88 909 60 213
leaf_count=123 958 49 88 909 60 213
internal_value=-0.000249793 0.00229008 0.0005446 -0.000560225 0.000416065 -0.00136743
internal_weight=2400 260 211 2140 969 1171
internal_count=2400 260 211 2140 969 1171
is_linear=0
shrinkage=0.04


Tree=49
num_leaves=7
num_cat=0
split_feature=62 95 94 42 76 80
split_gain=1.23753 2.01117 1.53218 1.02886 1.15552 0.97011
threshold=-1.2644452733256051 1.0000000180025095e-35 0.039360713934987919 0.63062195512526864 -0.67518760137479072 -0.76326747800366135
decision_type=2 2 2 2 2 2
left_child=1 2 -1 4 -2 -5
right_child=3 -3 -4 5 -6 -7
leaf_value=5.7135673773576179e-05 -0.00021975559851887479 -0.00026377352935746419 0.00039792885828673089 7.8988330669683539e-05 2.4996884717614472e-05 -0.00033344014024888749
leaf_weight=46 283 72 42 40 1468 449
leaf_count=46 283 72 42 40 1468 449
internal_value=-0.000166529 0.00320988 0.0072 -0.000410349 4.33533e-05 -0.00202851
internal_weight=2400 160 88 2240 1751 489
internal_count=2400 160 88 2240 1751 489
is_linear=0
shrinkage=0.04


Tree=50
num_leaves=7
num_cat=0
split_feature=32 87 84 64 105 116
split_gain=1.1698 2.05149 1.18758 1.06211 1.57969 1.19582
threshold=-0.97293425503987885 1.6868658408884432 0.077257572722532239 0.52802752679214893 -1.0794219760584107 -0.66887966512435681
decision_type=2 2 2 2 2 2
left_child=1 2 -1 5 -5 -2
right_child=3 -3 -4 4 -6 -7
leaf_value=0.000138016534847141 0.0010652283785925647 0.00047770688724160906 -0.00025888701573202979 0.00048350256516442808 1.9916535060783434e-05 -0.00011165788936317685
leaf_weight=81 47 49 130 45 431 1617
leaf_count=81 47 49 130 45 431 1617
internal_value=-0.00023314 0.00229008 0.0005446 -0.000541551 0.00112134 -0.00101801
internal_weight=2400 260 211 2140 476 1664
internal_count=2400 260 211 2140 476 1664
is_linear=0
shrinkage=0.04


Tree=51
num_leaves=8
num_cat=0
split_feature=42 40 37 49 78 38 2
split_gain=1.23813 1.0986 1.69268 0.615744 0.797912 0.281505 0.00239823
threshold=0.75918513270005672 -0.70363028447235754 -0.69146777070255094 0.18832872691770255 0.19402501083498672 -0.94307314303169898 0.10712008146100602
decision_type=2 2 2 2 2 2 2
left_child=1 6 -3 5 -5 -2 -1
right_child=3 2 -4 4 -6 -7 -8
leaf_value=-0.00044720074048215652 -3.0655137903672257e-05 0.00035765491144224893 8.9572465692589213e-06 -0.00041704050519329635 0.00020729757650562184 -0.00042569460110587114 -0.00076420120291213365
leaf_weight=74 43 51 1857 59 41 235 40
leaf_count=74 43 51 1857 59 41 235 40
internal_value=-0.000199834 0.000193675 0.000423036 -0.00229474 0.000392156 -0.00325714 -0.00358621
internal_weight=2400 2022 1908 378 100 278 114
internal_count=2400 2022 1908 378 100 278 114
is_linear=0
shrinkage=0.04


Tree=52
num_leaves=7
num_cat=0
split_feature=24 82 42 78 59 64
split_gain=1.12616 2.25644 1.5098 1.30242 1.70902 0.918443
threshold=-0.5343590126422626 -0.35405354333808653 0.186919567954105 0.029271985277670807 -0.64562513081411599 0.9616841961281839
decision_type=2 2 2 2 2 2
left_child=1 -1 -3 5 -5 -2
right_child=3 2 -4 4 -6 -7
leaf_value=0.0013446246486836925 -0.00022946987093230866 -2.4113202825534049e-05 0.00048315596630651162 0.0004736124835181714 3.336914104918111e-07 0.00021550244652263602
leaf_weight=45 897 480 54 46 807 71
leaf_count=45 897 480 54 46 807 71
internal_value=-0.000149876 0.00138382 0.00064179 -0.000638509 0.000500584 -0.00164124
internal_weight=2400 579 534 1821 853 968
internal_count=2400 579 534 1821 853 968
is_linear=0
shrinkage=0.04


Tree=53
num_leaves=6
num_cat=0
split_feature=75 110 29 63 0
split_gain=1.03267 1.60535 1.04683 0.658801 0.00715916
threshold=-0.69232676946530847 1.5068767997366315 0.67856616054195695 0.76099134745250674 -0.6112272125877819
decision_type=2 2 2 2 2
left_child=3 2 -2 4 -1
right_child=1 -3 -4 -5 -6
leaf_value=-0.00064933112238180169 1.4920045808415222e-05 0.00063254929251048853 -0.0002222153823685579 4.3804885495737122e-05 -0.00047865149073497102
leaf_weight=40 1760 72 322 53 153
leaf_count=40 1760 72 322 53 153
internal_value=-0.00023314 4.82365e-05 -0.000157391 -0.00267742 -0.00375385
internal_weight=2400 2154 2082 246 193
internal_count=2400 2154 2082 246 193
is_linear=0
shrinkage=0.04


Tree=54
num_leaves=7
num_cat=0
split_feature=104 10 114 53 40 68
split_gain=1.08922 2.35015 1.24166 1.21436 2.29086 0.972276
threshold=0.47406855276182697 -0.33948882823309817 1.2371960157333368 -0.74999999999999989 0.35176450685710142 -0.8276871591181757
decision_type=2 2 2 2 2 2
left_child=3 -2 -3 4 -1 -5
right_child=1 2 -4 5 -6 -7
leaf_value=1.2443570561909897e-05 0.0011723798716345576 -1.6594424731488147e-05 0.00050606367084217604 0.00029353272723506188 0.00049109464102407472 -0.00013344205350854899
leaf_weight=200 53 372 67 60 40 1608
leaf_count=200 53 372 67 60 40 1608
internal_value=-0.00023314 0.00144129 0.000462584 -0.00066597 0.00198347 -0.0010491
internal_weight=2400 492 439 1908 240 1668
internal_count=2400 492 439 1908 240 1668
is_linear=0
shrinkage=0.04


Tree=55
num_leaves=6
num_cat=0
split_feature=35 67 78 57 8
split_gain=1.12529 1.14062 0.995552 0.366872 0.233693
threshold=0.69255167675375329 -1.844596439743414 0.36431961676721319 0.93328415232139761 -0.29434035512767959
decision_type=2 2 2 2 2
left_child=1 -1 -3 4 -2
right_child=3 2 -4 -5 -6
leaf_value=0.00044954852819534605 -8.62248131767618e-05 -4.8186800240140533e-05 0.00010091248043480702 1.1056505881425175e-05 -0.00037100542507239779
leaf_weight=41 96 1407 637 40 179
leaf_count=41 96 1407 637 40 179
internal_value=-0.000366362 -2.87504e-05 -0.000164224 -0.00258675 -0.00310469
internal_weight=2400 2085 2044 315 275
internal_count=2400 2085 2044 315 275
is_linear=0
shrinkage=0.04


Tree=56
num_leaves=6
num_cat=0
split_feature=81 109 77 59 72
split_gain=1.08968 1.11662 1.5228 1.45455 0.292962
threshold=-1.0188238553870124 0.4728716988324364 0.87594627170436479 -0.64562513081411599 -0.41264417173634438
decision_type=2 2 2 2 2
left_child=4 3 -3 -2 -1
right_child=1 2 -4 -5 -6
leaf_value=-8.2482088766592764e-05 0.00040123223700575406 2.1493155008663053e-05 0.00039747628687251984 -7.5498399937014212e-05 -0.00036890504789649378
leaf_weight=42 105 459 78 1560 156
leaf_count=42 105 459 78 1560 156
internal_value=-0.000333057 -7.6226e-05 0.00150649 -0.000587883 -0.00316
internal_weight=2400 2202 537 1665 198
internal_count=2400 2202 537 1665 198
is_linear=0
shrinkage=0.04


Tree=57
num_leaves=8
num_cat=0
split_feature=76 64 10 49 53 114 63
split_gain=1.00237 1.68478 2.00732 1.91305 0.813185 1.1545 0.791314
threshold=-0.077952251806680917 0.52802752679214893 -0.79106370228430578 0.66508462073851959 -0.74999999999999989 0.35425611217633796 -1.1915959577329187
decision_type=2 2 2 2 2 2 2
left_child=4 2 -2 -3 5 -1 -6
right_child=1 3 -4 -5 6 -7 -8
leaf_value=-5.8027440354019516e-05 0.00030006955204872539 7.0926229889354791e-05 -4.9718762879372969e-05 0.00045839004155182739 0.00018829613531423772 0.00067198016497218487 -0.00018287727874423922
leaf_weight=102 57 169 1014 83 57 48 870
leaf_count=102 57 169 1014 83 57 48 870
internal_value=-0.00023314 0.00050415 -0.000190122 0.00343307 -0.00113809 0.00157895 -0.00158019
internal_weight=2400 1323 1071 252 1077 150 927
internal_count=2400 1323 1071 252 1077 150 927
is_linear=0
shrinkage=0.04


Tree=58
num_leaves=6
num_cat=0
split_feature=70 35 78 28 79
split_gain=1.25656 1.61201 1.07841 1.19707 0.964232
threshold=-1.4132590721838723 -0.13501184488359882 0.047553203707917817 0.95884350454442335 -1.0203850964809094
decision_type=2 2 2 2 2
left_child=1 -1 4 -4 -2
right_child=2 -3 3 -5 -6
leaf_value=0.00065547372172928002 -0.00034690345430952177 -0.0001128734332473627 -3.1630133846416439e-06 0.00040586054221864343 -5.5760616329626429e-05
leaf_weight=42 204 42 957 128 1027
leaf_count=42 204 42 957 128 1027
internal_value=-0.000283098 0.00446512 -0.000459017 0.000459981 -0.00126845
internal_weight=2400 84 2316 1085 1231
internal_count=2400 84 2316 1085 1231
is_linear=0
shrinkage=0.04


Tree=59
num_leaves=6
num_cat=0
split_feature=105 47 75 14 71
split_gain=1.2897 1.78233 1.38464 1.05764 0.31391
threshold=-1.0794219760584107 0.078782646805882109 -0.57302823461480845 0.8146937397722035 0.4049856454819718
decision_type=2 2 2 2 2
left_child=1 -1 4 -4 -2
right_child=2 -3 3 -5 -6
leaf_value=0.00042481549667611266 -0.00042299597482910097 -0.0002582043114746603 -3.1042948582117503e-05 0.00032879444004536065 -3.8613136168900064e-06
leaf_weight=75 259 56 1723 236 51
leaf_count=75 259 56 1723 236 51
internal_value=-0.000249793 0.00357895 -0.000473801 -7.95522e-05 -0.00294872
internal_weight=2400 131 2269 1959 310
internal_count=2400 131 2269 1959 310
is_linear=0
shrinkage=0.04


Tree=60
num_leaves=7
num_cat=0
split_feature=18 104 68 59 28 45
split_gain=1.02053 1.03357 1.56527 0.971509 0.297401 0.261617
threshold=0.53233460325276927 0.3939133300557271 0.80440948517395017 -0.75521003144571475 -0.065313957293904143 3.0241753341851259
decision_type=2 2 2 2 2 2
left_child=1 3 -3 -1 -2 -6
right_child=4 2 -4 -5 5 -7
leaf_value=0.00034022756705784851 -6.5793547970888268e-05 0.000410028228977173 -1.928708082923305e-05 -5.0786952338828082e-05 -0.00041862461337758758 -6.8837492594304124e-05
leaf_weight=61 72 256 260 1499 211 41
leaf_count=61 72 256 260 1499 211 41
internal_value=-0.000299751 2.6948e-05 0.00157529 -0.000486557 -0.00238037 -0.00302362
internal_weight=2400 2076 516 1560 324 252
internal_count=2400 2076 516 1560 324 252
is_linear=0
shrinkage=0.04


Tree=61
num_leaves=8
num_cat=0
split_feature=35 67 81 41 8 73 9
split_gain=1.1593 1.17249 1.50864 1.01188 0.503946 0.598202 0.00750374
threshold=0.69255167675375329 -1.3504613220246984 0.86060614330257079 0.44192975604528989 -0.29434035512767959 0.10967148497688668 1.0008272898305435
decision_type=2 2 2 2 2 2 2
left_child=1 2 -1 -3 5 -2 -6
right_child=4 3 -4 -5 6 -7 -8
leaf_value=1.6894168378492777e-05 5.7261048649764968e-05 -6.5782301071357096e-05 0.00043210369250745522 6.1064684672220961e-05 -0.00020587866300351873 -0.00016532818702744563 -0.0003861959232685336
leaf_weight=115 66 1456 43 471 163 46 40
leaf_count=115 66 1456 43 471 163 46 40
internal_value=-0.000333057 9.58218e-06 0.0033 -0.00026335 -0.00258675 -0.000421054 -0.00376585
internal_weight=2400 2085 158 1927 315 112 203
internal_count=2400 2085 158 1927 315 112 203
is_linear=0
shrinkage=0.04


Tree=62
num_leaves=6
num_cat=0
split_feature=20 75 14 105 43
split_gain=0.959361 0.965381 2.42062 1.27852 0.161693
threshold=0.73856539120775666 -0.28350854216688903 0.99539937371300546 -0.97473577165673719 1.2845687479225096
decision_type=2 2 2 2 2
left_child=1 3 -3 -1 -2
right_child=4 2 -4 -5 -6
leaf_value=0.00015906620126100222 -0.00033700524103072888 8.4367674200456348e-07 0.00058810290407936862 -0.00025069748290643004 -5.8393112514266772e-05
leaf_weight=106 122 1419 114 599 40
leaf_count=106 122 1419 114 599 40
internal_value=-0.000266446 -5.0001e-05 0.000513354 -0.00127299 -0.00321951
internal_weight=2400 2238 1533 705 162
internal_count=2400 2238 1533 705 162
is_linear=0
shrinkage=0.04


Tree=63
num_leaves=7
num_cat=0
split_feature=18 64 49 26 36 94
split_gain=1.01451 1.11122 1.57787 1.21692 0.471869 0.373732
threshold=0.53233460325276927 0.52802752679214893 1.334497071720637 -1.6780427533575368 -0.13385161393262238 0.27870876537942507
decision_type=2 2 2 2 2 2
left_child=1 3 -3 -1 -2 -6
right_child=4 2 -4 -5 5 -7
leaf_value=0.00029402174825250758 1.9389027776051577e-05 5.5531958214724737e-05 0.00038486284414683401 -4.2568766924907379e-05 -0.00034776418017092069 1.8741691035721666e-05
leaf_weight=60 42 397 41 1578 238 44
leaf_count=60 42 397 41 1578 238 44
internal_value=-0.000183182 0.000142444 0.00192727 -0.000336586 -0.00225767 -0.00284507
internal_weight=2400 2076 438 1638 324 282
internal_count=2400 2076 438 1638 324 282
is_linear=0
shrinkage=0.04


Tree=64
num_leaves=5
num_cat=0
split_feature=20 82 70 43
split_gain=0.948569 0.928583 0.927759 0.161693
threshold=0.73856539120775666 -0.64348335304468762 -1.4132590721838723 1.2845687479225096
decision_type=2 2 2 2
left_child=1 -1 -3 -2
right_child=3 2 -4 -5
leaf_value=-0.00080767648258922304 -0.00032413307862635266 0.00034138670638106822 -1.411349947841286e-06 -5.6561816103620761e-05
leaf_weight=94 122 75 2069 40
leaf_count=94 122 75 2069 40
internal_value=-0.000283098 -6.78581e-05 0.000104379 -0.00321951
internal_weight=2400 2238 2144 162
internal_count=2400 2238 2144 162
is_linear=0
shrinkage=0.04


Tree=65
num_leaves=5
num_cat=0
split_feature=20 82 70 43
split_gain=0.948569 0.928583 0.927759 0.161693
threshold=0.73856539120775666 -0.64348335304468762 -1.4132590721838723 1.2845687479225096
decision_type=2 2 2 2
left_child=1 -1 -3 -2
right_child=3 2 -4 -5
leaf_value=-0.00077536942328565396 -0.00031116775548129856 0.00032773123812582564 -1.3548959499276334e-06 -5.4299343459476005e-05
leaf_weight=94 122 75 2069 40
leaf_count=94 122 75 2069 40
internal_value=-0.000283098 -6.78581e-05 0.000104379 -0.00321951
internal_weight=2400 2238 2144 162
internal_count=2400 2238 2144 162
is_linear=0
shrinkage=0.04


Tree=66
num_leaves=5
num_cat=0
split_feature=20 67 80 43
split_gain=0.937837 0.855898 0.852146 0.161693
threshold=0.73856539120775666 -1.844596439743414 3.3839095949579963 1.2845687479225096
decision_type=2 2 2 2
left_child=1 -1 -3 -2
right_child=3 2 -4 -5
leaf_value=0.00041561437870005652 -0.00029872104526204655 -1.5730829764692672e-05 0.00044238251062793659 -5.2127369721096929e-05
leaf_weight=47 122 2143 48 40
leaf_count=47 122 2143 48 40
internal_value=-0.000299751 -8.57152e-05 -0.000202463 -0.00321951
internal_weight=2400 2238 2191 162
internal_count=2400 2238 2191 162
is_linear=0
shrinkage=0.04


Tree=67
num_leaves=6
num_cat=0
split_feature=81 81 109 13 72
split_gain=0.874787 1.2191 1.11259 0.603179 0.169148
threshold=-0.9603853835318088 -0.84900881242309723 0.4728716988324364 0.72085287778409157 -0.42905926515594855
decision_type=2 2 2 2 2
left_child=3 -2 -3 4 -1
right_child=1 2 -4 -5 -6
leaf_value=-0.00082071610379499547 0.00035073300852799964 -5.7385082262478222e-05 0.0001118038822487288 3.7432250685225796e-05 -0.00042954503766775556
leaf_weight=41 75 1590 489 40 165
leaf_count=41 75 1590 489 40 165
internal_value=-0.000266446 -7.4221e-06 -0.000190294 -0.00251613 -0.00338462
internal_weight=2400 2154 2079 246 206
internal_count=2400 2154 2079 246 206
is_linear=0
shrinkage=0.04


Tree=68
num_leaves=6
num_cat=0
split_feature=35 67 41 111 49
split_gain=0.991851 1.10699 0.806735 0.406837 0.307843
threshold=0.69255167675375329 -1.844596439743414 0.44192975604528989 -0.73060369396431313 0.45513982601401787
decision_type=2 2 2 2 2
left_child=1 -1 -3 -2 -5
right_child=3 2 -4 4 -6
leaf_value=0.00040819646784518235 9.8821705933472144e-06 -4.1413880685284273e-05 5.8610309486936258e-05 -0.00023266039714916114 -2.0861022561667912e-05
leaf_weight=41 47 1568 476 195 73
leaf_count=41 47 1568 476 195 73
internal_value=-0.000249793 6.7081e-05 -6.64721e-05 -0.00233439 -0.00293333
internal_weight=2400 2085 2044 315 268
internal_count=2400 2085 2044 315 268
is_linear=0
shrinkage=0.04


Tree=69
num_leaves=5
num_cat=0
split_feature=82 29 40 118
split_gain=0.904211 1.00886 1.46328 0.696939
threshold=-0.64348335304468762 0.53228129927644174 0.90798728872358125 0.87979786593714182
decision_type=2 2 2 2
left_child=-1 2 -2 -3
right_child=1 3 -4 -5
leaf_value=-0.00071669426794269465 2.9996700084557023e-06 -0.00020752862680775314 0.00043939006782251801 0.00023282821820296994
leaf_weight=99 1641 441 165 54
leaf_count=99 1641 441 165 54
internal_value=-0.000216487 -5.38438e-05 0.000384955 -0.0016499
internal_weight=2400 2301 1806 495
internal_count=2400 2301 1806 495
is_linear=0
shrinkage=0.04


Tree=70
num_leaves=5
num_cat=0
split_feature=82 18 61 36
split_gain=0.879975 0.941273 1.00607 0.477864
threshold=-0.64348335304468762 0.53233460325276927 -0.3554782908777348 -0.13385161393262238
decision_type=2 2 2 2
left_child=-1 2 -2 -3
right_child=1 3 -4 -5
leaf_value=-0.00068802649722498699 0.00012875001575264668 2.9110442647341745e-05 -3.1612276833937448e-05 -0.00028746234625542656
leaf_weight=99 645 40 1336 280
leaf_count=99 645 40 1336 280
internal_value=-0.000266446 -0.00010595 0.000219868 -0.0021118
internal_weight=2400 2301 1981 320
internal_count=2400 2301 1981 320
is_linear=0
shrinkage=0.04


Tree=71
num_leaves=7
num_cat=0
split_feature=53 28 24 63 111 31
split_gain=0.889246 1.37808 1.0391 0.962134 3.03217 0.992026
threshold=-0.74999999999999989 1.0802967436196889 -0.52647970227897356 1.0444050560116815 -0.32262548746976855 0.4529338258862679
decision_type=2 2 2 2 2 2
left_child=1 2 -1 5 -5 -2
right_child=3 -3 -4 4 -6 -7
leaf_value=0.0005694048384101586 -1.8328355205684728e-05 0.00040458716866686236 -0.0001221356162535516 0.00042208161001098512 -0.00011237472170143346 -0.0001893425170903892
leaf_weight=43 1538 40 157 48 98 476
leaf_count=43 1538 40 157 48 98 476
internal_value=-0.000316404 0.00198347 0.000594058 -0.000573544 0.00254054 -0.000801588
internal_weight=2400 240 200 2160 146 2014
internal_count=2400 240 200 2160 146 2014
is_linear=0
shrinkage=0.04


Tree=72
num_leaves=5
num_cat=0
split_feature=82 35 41 111
split_gain=0.863997 0.919903 1.01517 0.584618
threshold=-0.64348335304468762 0.69255167675375329 0.44192975604528989 -0.73060369396431313
decision_type=2 2 2 2
left_child=-1 2 -2 -3
right_child=1 3 -4 -5
leaf_value=-0.00065645046107239309 -1.8474253784185429e-05 1.1364522250859918e-05 9.5092770352201954e-05 -0.00016160802431613744
leaf_weight=99 1533 47 460 261
leaf_count=99 1533 47 460 261
internal_value=-0.000299751 -0.000140687 0.000174435 -0.00216774
internal_weight=2400 2301 1993 308
internal_count=2400 2301 1993 308
is_linear=0
shrinkage=0.04


Tree=73
num_leaves=5
num_cat=0
split_feature=82 18 41 52
split_gain=0.871968 0.813087 1.03855 0.363009
threshold=-0.64348335304468762 0.53233460325276927 0.44192975604528989 -0.74999999999999989
decision_type=2 2 2 2
left_child=-1 2 -2 -3
right_child=1 3 -4 -5
leaf_value=-0.00063019244262949752 -1.3266507139573095e-05 1.3025929136872241e-05 0.00013159117753516286 -0.00027332409205600586
leaf_weight=99 1606 57 375 263
leaf_count=99 1606 57 375 263
internal_value=-0.000283098 -0.000123318 0.000179525 -0.00198758
internal_weight=2400 2301 1981 320
internal_count=2400 2301 1981 320
is_linear=0
shrinkage=0.04


Tree=74
num_leaves=5
num_cat=0
split_feature=82 53 40 20
split_gain=0.871968 0.885367 2.21995 0.93993
threshold=-0.64348335304468762 -0.74999999999999989 0.33025947031912467 0.73856539120775666
decision_type=2 2 2 2
left_child=-1 2 -2 -3
right_child=1 3 -4 -5
leaf_value=-0.00060498474492431758 7.4169986119273126e-06 -9.4102650889635736e-06 0.00042508036969648392 -0.00028033976285878981
leaf_weight=99 187 1939 44 131
leaf_count=99 187 1939 44 131
internal_value=-0.000283098 -0.000123318 0.00221459 -0.000386101
internal_weight=2400 2301 231 2070
internal_count=2400 2301 231 2070
is_linear=0
shrinkage=0.04


Tree=75
num_leaves=5
num_cat=0
split_feature=82 18 92 17
split_gain=0.871968 0.925052 0.991142 0.411364
threshold=-0.64348335304468762 0.53233460325276927 -0.97334113305359504 0.57223298571295766
decision_type=2 2 2 2
left_child=-1 2 -2 -3
right_child=1 3 -4 -5
leaf_value=-0.00058078535512734485 0.0005167817558728526 -1.3833899676926821e-05 1.0875997738906904e-06 -0.00026782006365395737
leaf_weight=99 48 134 1933 186
leaf_count=99 48 134 1933 186
internal_value=-0.000283098 -0.000123318 0.000199696 -0.0021118
internal_weight=2400 2301 1981 320
internal_count=2400 2301 1981 320
is_linear=0
shrinkage=0.04


Tree=76
num_leaves=5
num_cat=0
split_feature=82 61 94 70
split_gain=0.863997 0.883582 1.31167 1.111
threshold=-0.64348335304468762 -0.31512946376857381 -1.0858864890728352 0.037427179179395927
decision_type=2 2 2 2
left_child=-1 2 -2 -3
right_child=1 3 -4 -5
leaf_value=-0.00055755394092225105 0.00069489888527890693 -0.00027052499044088096 4.5988313891214461e-06 -2.6155431135487005e-06
leaf_weight=99 87 417 687 1110
leaf_count=99 87 417 687 1110
internal_value=-0.000299751 -0.000140687 0.000958762 -0.000698497
internal_weight=2400 2301 774 1527
internal_count=2400 2301 774 1527
is_linear=0
shrinkage=0.04


Tree=77
num_leaves=7
num_cat=0
split_feature=42 37 99 111 85 101
split_gain=0.932582 1.1244 1.1086 1.03476 0.761416 0.314532
threshold=0.65287008357001397 -0.70392210724383786 -0.10752351279112411 -0.38599357960055619 0.8350876763201015 0.69336034796634383
decision_type=2 2 2 2 2 2
left_child=1 -1 -3 4 -2 -5
right_child=3 2 -4 5 -6 -7
leaf_value=0.00024459697659163089 0.00021441710705478808 -7.3781597257001076e-05 7.3967117457191439e-05 -0.00027603063099274831 -5.8420248926156488e-05 -7.9843739271304981e-05
leaf_weight=58 45 868 997 346 40 46
leaf_count=58 45 868 997 346 40 46
internal_value=-0.000316404 7.68822e-05 -9.64123e-05 -0.00189562 0.00206896 -0.00276142
internal_weight=2400 1923 1865 477 85 392
internal_count=2400 1923 1865 477 85 392
is_linear=0
shrinkage=0.04


Tree=78
num_leaves=8
num_cat=0
split_feature=50 1 90 62 28 95 59
split_gain=0.862653 1.43183 1.09401 1.00121 0.820356 0.807907 0.753769
threshold=-1.075410941987142 -0.87433813630007973 -0.13541299167812612 -1.2644452733256051 -0.050928112062670436 1.0000000180025095e-35 1.0607444837958682
decision_type=2 2 2 2 2 2 2
left_child=1 6 -3 5 -5 -2 -1
right_child=3 2 -4 4 -6 -7 -8
leaf_value=-0.00036750325010534923 0.0002508610114442215 5.0777167407935098e-07 0.00040873529234690241 4.4673938583703941e-06 -9.3465323605318378e-05 -0.00025999021652551061 0.00031793144687249162
leaf_weight=92 62 42 56 1008 1059 41 40
leaf_count=92 62 42 56 1008 1059 41 40
internal_value=-0.000249793 0.00206896 0.00568 -0.000497239 -0.000690189 0.00331428 -0.000656717
internal_weight=2400 230 98 2170 2067 103 132
internal_count=2400 230 98 2170 2067 103 132
is_linear=0
shrinkage=0.04


Tree=79
num_leaves=7
num_cat=0
split_feature=87 1 81 21 11 25
split_gain=0.935921 1.73172 0.873642 0.952183 0.641378 0.30644
threshold=1.9130917420245157 -0.51867289584178222 -1.0188238553870124 0.50765959889893864 -0.044484453666889474 -0.31319423858046874
decision_type=2 2 2 2 2 2
left_child=2 -2 5 -4 -3 -1
right_child=1 4 3 -5 -6 -7
leaf_value=-5.2275932724292465e-05 0.00094867577019967179 0.00029344568584040924 6.7528694893300074e-06 -0.0001857765574412262 -0.00011454178926974175 -0.00038962292749121697
leaf_weight=40 44 46 1574 478 72 146
leaf_count=40 44 46 1574 478 72 146
internal_value=-0.000283098 0.00263415 -0.00049643 -0.00025706 6.66657e-05 -0.00310638
internal_weight=2400 162 2238 2052 118 186
internal_count=2400 162 2238 2052 118 186
is_linear=0
shrinkage=0.04


Tree=80
num_leaves=6
num_cat=0
split_feature=64 14 99 116 24
split_gain=0.932518 2.45534 2.31359 1.07394 1.2066
threshold=0.52802752679214893 0.8146937397722035 -0.92458306481793107 -0.66887966512435681 -0.5343590126422626
decision_type=2 2 2 2 2
left_child=3 2 -2 -1 -5
right_child=1 -3 -4 4 -6
leaf_value=0.0010166439574291412 0.00036817589806597336 0.00062066660794027643 -6.2015659880191256e-05 5.531343240864275e-05 -0.00012061072664161191
leaf_weight=47 72 40 419 444 1378
leaf_count=47 72 40 419 444 1378
internal_value=-0.000283098 0.00119324 0.000397565 -0.000703368 -0.00085965
internal_weight=2400 531 491 1869 1822
internal_count=2400 531 491 1869 1822
is_linear=0
shrinkage=0.04


Tree=81
num_leaves=7
num_cat=0
split_feature=42 37 1 111 41 8
split_gain=0.836195 1.34674 0.911738 0.693267 0.886684 0.407056
threshold=0.63062195512526864 -0.70392210724383786 0.010969231094332338 -0.38599357960055619 0.44192975604528989 -0.29434035512767959
decision_type=2 2 2 2 2 2
left_child=1 -1 -3 4 -2 -5
right_child=3 2 -4 5 -6 -7
leaf_value=0.00029388564649627131 -3.8814285098725306e-05 3.4501732633182169e-05 -7.446220621301954e-05 -0.00011183021302245787 0.00019656187982046425 -0.00030600214630793006
leaf_weight=54 41 993 858 133 48 273
leaf_count=54 41 993 858 133 48 273
internal_value=-0.00034971 3.14621e-05 -0.000153266 -0.00181087 0.00136264 -0.0025098
internal_weight=2400 1905 1851 495 89 406
internal_count=2400 1905 1851 495 89 406
is_linear=0
shrinkage=0.04


Tree=82
num_leaves=8
num_cat=0
split_feature=75 27 86 105 64 57 57
split_gain=0.832614 1.11211 1.37569 0.932536 1.32237 0.741248 0.374471
threshold=-0.35230047587318147 0.57619860859639138 1.0215247228760036 -1.0357162629265766 0.59547178382581956 -0.53206291455758736 -0.42640064321953924
decision_type=2 2 2 2 2 2 2
left_child=3 2 -2 4 -1 -5 -3
right_child=1 6 -4 5 -6 -7 -8
leaf_value=-9.6906084660290927e-05 3.6577959391358134e-06 9.4342334460970681e-06 0.00031102531396642766 5.2641585081373378e-05 0.00036794899069613558 -0.00018673283785357236 -0.00028109610291184809
leaf_weight=48 1414 42 114 48 41 529 164
leaf_count=48 1414 42 114 48 41 529 164
internal_value=-0.000333057 0.000129031 0.00050196 -0.00153294 0.00224176 -0.0021209 -0.00261539
internal_weight=2400 1734 1528 666 89 577 206
internal_count=2400 1734 1528 666 89 577 206
is_linear=0
shrinkage=0.04


Tree=83
num_leaves=7
num_cat=0
split_feature=64 99 14 99 4 68
split_gain=0.781328 1.64548 1.75226 1.17813 1.72122 1.21379
threshold=0.52802752679214893 -0.99630063721425344 0.74479393093374568 0.2735636282593526 -1.1911131618081054 -0.81405908128204751
decision_type=2 2 2 2 2 2
left_child=3 -2 -3 5 -5 -1
right_child=1 2 -4 4 -6 -7
leaf_value=0.00056070417137977591 0.00031777640950270798 -5.4850629853393283e-05 0.00054263284513934764 0.00033466720753694181 1.7906884338941091e-06 -0.0001116049851507707
leaf_weight=43 64 419 48 50 640 1136
leaf_count=43 64 419 48 50 640 1136
internal_value=-0.00023314 0.0011182 0.000281449 -0.000617852 0.000693641 -0.00138527
internal_weight=2400 531 467 1869 690 1179
internal_count=2400 531 467 1869 690 1179
is_linear=0
shrinkage=0.04


Tree=84
num_leaves=7
num_cat=0
split_feature=53 28 40 18 92 28
split_gain=0.967302 1.72716 1.15713 1.09075 1.177 0.307333
threshold=-0.74999999999999989 1.0802967436196889 0.25003494010423682 0.52414720226646305 -0.97334113305359504 -0.17746167656274425
decision_type=2 2 2 2 2 2
left_child=1 2 -1 4 -2 -5
right_child=3 -3 -4 5 -6 -7
leaf_value=-0.00011453494130028664 0.00051469925584871935 0.00037831275919618905 0.0003925203507871459 8.7494362406351618e-06 -1.8760530375213156e-05 -0.00026236897236609017
leaf_weight=159 47 40 41 48 1817 248
leaf_count=159 47 40 41 48 1817 248
internal_value=-0.000249793 0.00214876 0.000594058 -0.00051804 -0.000158629 -0.0027651
internal_weight=2400 240 200 2160 1864 296
internal_count=2400 240 200 2160 1864 296
is_linear=0
shrinkage=0.04


Tree=85
num_leaves=6
num_cat=0
split_feature=81 81 109 13 35
split_gain=0.836361 1.09891 0.849731 0.603179 0.158567
threshold=-0.9603853835318088 -0.86081376044367441 0.4728716988324364 0.72085287778409157 -0.59726121565685131
decision_type=2 2 2 2 2
left_child=3 -2 -3 4 -1
right_child=1 2 -4 -5 -6
leaf_value=-0.00013635815962200252 0.00029505484718837961 -3.4657063764325976e-05 6.7367763594882794e-05 3.6910801000546548e-05 -0.00041716744762769156
leaf_weight=43 66 1599 489 40 163
leaf_count=43 66 1599 489 40 163
internal_value=-0.000316404 -6.30807e-05 -0.000225838 -0.00251613 -0.00338462
internal_weight=2400 2154 2088 246 206
internal_count=2400 2154 2088 246 206
is_linear=0
shrinkage=0.04


Tree=86
num_leaves=7
num_cat=0
split_feature=18 64 13 41 52 36
split_gain=0.905411 1.01209 1.67894 1.14695 0.368826 0.234995
threshold=0.52414720226646305 0.52802752679214893 0.735240063170847 0.71521575772384038 -0.74999999999999989 -0.11188478342565823
decision_type=2 2 2 2 2 2
left_child=1 3 -3 -1 -2 -6
right_child=4 2 -4 -5 5 -7
leaf_value=-5.7028819588347564e-05 6.428329692069663e-06 8.5292950474288013e-06 0.00064226218062605578 0.00023043125797304586 -1.4049775527992308e-05 -0.00024795398143997094
leaf_weight=1487 61 350 85 136 40 241
leaf_count=1487 61 350 85 136 40 241
internal_value=-0.000333057 -1.55349e-05 0.00169336 -0.000475078 -0.00223256 -0.00284099
internal_weight=2400 2058 435 1623 342 281
internal_count=2400 2058 435 1623 342 281
is_linear=0
shrinkage=0.04


Tree=87
num_leaves=7
num_cat=0
split_feature=42 37 42 111 85 95
split_gain=0.817757 1.40035 1.13994 0.732649 0.598051 0.304055
threshold=0.65287008357001397 -0.70392210724383786 0.53350787210045736 -0.38599357960055619 0.8350876763201015 0.48610330268850455
decision_type=2 2 2 2 2 2
left_child=1 -1 -3 4 -2 -5
right_child=3 2 -4 5 -6 -7
leaf_value=0.00022857744937150977 0.0001990049873034869 -1.5261082225559323e-05 0.00031705151188426615 -0.00024186244030664655 -7.5965504980592046e-05 -9.289105171249338e-05
leaf_weight=58 45 1767 98 285 40 107
leaf_count=58 45 1767 98 285 40 107
internal_value=-0.000249793 0.000118441 -7.49876e-05 -0.0017286 0.00160919 -0.00245685
internal_weight=2400 1923 1865 477 85 392
internal_count=2400 1923 1865 477 85 392
is_linear=0
shrinkage=0.04


Tree=88
num_leaves=7
num_cat=0
split_feature=16 11 44 78 101 29
split_gain=0.938779 1.5206 1.33353 1.15714 0.750029 0.909928
threshold=-0.89517076605438473 0.027868391013784959 0.39273312327276205 0.41795999313657067 1.3724209806233643 0.75447932855053235
decision_type=2 2 2 2 2 2
left_child=1 3 -3 -1 5 -2
right_child=4 2 -4 -5 -6 -7
leaf_value=-0.00022443775993337864 -1.2571551098011894e-05 0.00030548472784726517 4.4719411902525682e-05 0.00019237994121293564 0.00025512597236769367 -0.00015927030153384009
leaf_weight=72 1825 40 44 64 47 308
leaf_count=72 1825 40 44 64 47 308
internal_value=-0.000316404 0.00216216 0.00632558 -0.000463769 -0.000568287 -0.000680095
internal_weight=2400 220 84 136 2180 2133
internal_count=2400 220 84 136 2180 2133
is_linear=0
shrinkage=0.04


Tree=89
num_leaves=7
num_cat=0
split_feature=79 104 43 29 59 13
split_gain=0.858784 1.0733 1.61503 0.884099 0.571926 0.17641
threshold=-1.0203850964809094 1.2948750403155092 -0.07338109833919447 0.53228129927644174 -0.70548461283045649 0.93379155417050208
decision_type=2 2 2 2 2 2
left_child=4 3 -3 -2 -1 -6
right_child=1 2 -4 -5 5 -7
leaf_value=0.00029071649900569516 1.259807246307023e-06 -8.7483057217879715e-05 0.00028640493331814432 -9.5071754331292428e-05 -0.0004400250565551233 -1.2914287386111025e-05
leaf_weight=42 1645 44 43 413 173 40
leaf_count=42 1645 44 43 413 173 40
internal_value=-0.000383015 -0.0001211 0.00417977 -0.000306797 -0.00256809 -0.00340465
internal_weight=2400 2145 87 2058 255 213
internal_count=2400 2145 87 2058 255 213
is_linear=0
shrinkage=0.04


Tree=90
num_leaves=6
num_cat=0
split_feature=81 81 43 72 13
split_gain=0.923155 1.11524 0.728735 0.606002 0.0719839
threshold=-0.9603853835318088 -0.86081376044367441 -0.39829538182665575 -0.51364853790761256 0.63523689063756572
decision_type=2 2 2 2 2
left_child=3 -2 -3 -1 -5
right_child=1 2 -4 4 -6
leaf_value=5.7140172582711772e-05 0.00027699770244640065 -7.0693462677767324e-05 4.150946686061147e-06 -0.00032603332148947457 -0.00020129785491521695
leaf_weight=42 66 584 1504 164 40
leaf_count=42 66 584 1504 164 40
internal_value=-0.000366362 -0.000100186 -0.000264116 -0.00267742 -0.00357282
internal_weight=2400 2154 2088 246 204
internal_count=2400 2154 2088 246 204
is_linear=0
shrinkage=0.04


Tree=91
num_leaves=6
num_cat=0
split_feature=70 1 28 13 79
split_gain=0.941396 1.16766 0.891174 2.20312 0.792285
threshold=-1.3474536520030818 0.20947436440363368 -0.045959848632211968 0.57792127712022234 0.42169457153983947
decision_type=2 2 2 2 2
left_child=1 -1 3 -2 -4
right_child=2 -3 4 -5 -6
leaf_value=0.00044636469389129873 -2.021971367568702e-06 -9.761870173340569e-05 -0.00017110890720512765 0.0013376923964576665 2.0601955378221031e-06
leaf_weight=73 1065 59 801 46 356
leaf_count=73 1065 59 801 46 356
internal_value=-0.000333057 0.00292537 -0.000525111 0.000283916 -0.00130112
internal_weight=2400 132 2268 1111 1157
internal_count=2400 132 2268 1111 1157
is_linear=0
shrinkage=0.04


Tree=92
num_leaves=6
num_cat=0
split_feature=81 81 109 43 45
split_gain=0.874787 1.07463 0.977481 0.415972 0.0789139
threshold=-0.9603853835318088 -0.86081376044367441 0.4728716988324364 -0.57211986946460047 0.36648615822293035
decision_type=2 2 2 2 2
left_child=3 -2 -3 -1 -5
right_child=1 2 -4 4 -6
leaf_value=1.6545716463095772e-05 0.00027276215063674994 -3.5031381227165623e-05 6.0289977092615928e-05 -0.00028784294151437353 -0.00038205563042671876
leaf_weight=51 66 1599 489 129 66
leaf_count=51 66 1599 489 129 66
internal_value=-0.000266446 -7.4221e-06 -0.000168422 -0.00251613 -0.00335025
internal_weight=2400 2154 2088 246 195
internal_count=2400 2154 2088 246 195
is_linear=0
shrinkage=0.04


Tree=93
num_leaves=6
num_cat=0
split_feature=70 30 70 105 82
split_gain=0.797236 1.09257 0.804218 1.00197 0.734362
threshold=-1.3744735372578727 -0.20845166825762981 -1.0829782565479305 -1.281656238895877 0.66202951783899178
decision_type=2 2 2 2 2
left_child=1 -1 4 -4 -2
right_child=2 -3 3 -5 -6
leaf_value=0.00047133895379110612 -0.00038884385205074077 -8.5098188008577921e-05 0.00028968713606468508 -7.1547406983369839e-06 0.00052448844238987358
leaf_weight=58 216 62 44 1975 45
leaf_count=58 216 62 44 1975 45
internal_value=-0.000199834 0.00295082 -0.000368099 -9.69826e-05 -0.00244867
internal_weight=2400 120 2280 2019 261
internal_count=2400 120 2280 2019 261
is_linear=0
shrinkage=0.04


Tree=94
num_leaves=6
num_cat=0
split_feature=87 104 53 28 26
split_gain=0.802713 1.30425 0.860334 1.42089 0.892493
threshold=2.0385343185858105 0.84113497681744021 -0.74999999999999989 1.0802967436196889 0.57940669347258
decision_type=2 2 2 2 2
left_child=2 -2 3 -1 -4
right_child=1 -3 4 -5 -6
leaf_value=1.4900771380567901e-05 0.00065957770230343476 -5.0459946652835018e-05 -1.6931709474559049e-05 0.00036088028296528526 -0.00016440140846085799
leaf_weight=197 72 63 1681 40 347
leaf_count=197 72 63 1681 40 347
internal_value=-0.000199834 0.00277372 -0.000379357 0.00189121 -0.000646306
internal_weight=2400 135 2265 237 2028
internal_count=2400 135 2265 237 2028
is_linear=0
shrinkage=0.04


Tree=95
num_leaves=7
num_cat=0
split_feature=2 116 40 47 41 48
split_gain=0.870397 1.17554 0.893926 1.31343 1.03493 0.311502
threshold=0.7387600927207858 0.92528737165095698 0.92353892891582967 -0.24314262427171282 0.62760518041154401 0.093834892890676438
decision_type=2 2 2 2 2 2
left_child=2 5 4 -4 -1 -2
right_child=1 -3 3 -5 -6 -7
leaf_value=-4.748821884841439e-05 -0.00018981726703478857 0.00052112703168462273 -2.6609670809365356e-05 0.00037604401259489807 5.2525382756574959e-05 -0.0004002654904676755
leaf_weight=1524 57 64 97 101 327 230
leaf_count=1524 57 64 97 101 327 230
internal_value=-0.000216487 -0.00205099 9.94627e-05 0.00264 -0.000174853 -0.00314187
internal_weight=2400 351 2049 198 1851 287
internal_count=2400 351 2049 198 1851 287
is_linear=0
shrinkage=0.04


Tree=96
num_leaves=6
num_cat=0
split_feature=42 37 53 105 110
split_gain=1.05891 1.56832 1.17746 0.632677 0.629452
threshold=0.63062195512526864 -0.70392210724383786 -0.74999999999999989 -1.0357162629265766 -0.68262737426947784
decision_type=2 2 2 2 2
left_child=1 -1 -3 -2 -5
right_child=3 2 -4 4 -6
leaf_value=0.00025157471308004528 3.1099297412802849e-05 0.00029944564449973946 -1.8518617870702872e-05 2.78037347937364e-05 -0.00022043693718873787
leaf_weight=54 49 164 1687 45 401
leaf_count=54 49 164 1687 45 401
internal_value=-0.000166529 0.000262191 6.26002e-05 -0.00181087 -0.00228572
internal_weight=2400 1905 1851 495 446
internal_count=2400 1905 1851 495 446
is_linear=0
shrinkage=0.04


Tree=97
num_leaves=7
num_cat=0
split_feature=42 49 40 38 80 0
split_gain=0.82351 0.894138 0.87827 1.29955 0.493833 0.000281484
threshold=0.63062195512526864 0.71598473954541209 -0.70363028447235754 -0.425298063591803 -0.71730213406578358 -0.19849041374462598
decision_type=2 2 2 2 2 2
left_child=2 4 5 -4 -2 -1
right_child=1 -3 3 -5 -6 -7
leaf_value=-0.00035209604514330623 1.8654337667270231e-05 6.2077296741396966e-05 0.0001427998920792445 -9.5314079394023737e-06 -0.00018793525867450068 -0.00053254432537114336
leaf_weight=40 40 56 346 1463 399 56
leaf_count=40 40 56 346 1463 399 56
internal_value=-0.000199834 -0.0016499 0.00017829 0.000377691 -0.0022585 -0.00351021
internal_weight=2400 495 1905 1809 439 96
internal_count=2400 495 1905 1809 439 96
is_linear=0
shrinkage=0.04


Tree=98
num_leaves=7
num_cat=0
split_feature=29 40 59 75 116 8
split_gain=0.934722 1.26203 1.39087 1.04778 0.733101 0.153967
threshold=0.75447932855053235 0.92353892891582967 1.2827586051892406 -0.35230047587318147 0.89071775963302324 -0.62811981729203736
decision_type=2 2 2 2 2 2
left_child=1 3 -3 -1 5 -2
right_child=4 2 -4 -5 -6 -7
leaf_value=-0.00011344562921224983 -3.1213949209764304e-05 0.00042994701461057113 -3.7138379040524459e-06 8.5105715292839888e-06 0.00010547536373242858 -0.00036260372667242235
leaf_weight=501 41 88 109 1378 78 205
leaf_count=501 41 88 109 1378 78 205
internal_value=-0.000266446 4.61973e-05 0.00307538 -0.000274323 -0.00225767 -0.00332258
internal_weight=2400 2076 197 1879 324 246
internal_count=2400 2076 197 1879 324 246
is_linear=0
shrinkage=0.04


Tree=99
num_leaves=8
num_cat=0
split_feature=42 40 38 8 38 99 2
split_gain=0.876368 1.0532 1.16725 0.508942 1.05455 0.309715 0.00239823
threshold=0.75918513270005672 -0.70363028447235754 -0.425298063591803 -0.35273409365918895 -0.56610312103039351 0.60984196993123274 0.10712008146100602
decision_type=2 2 2 2 2 2 2
left_child=1 6 -3 4 -2 -5 -1
right_child=3 2 -4 5 -6 -7 -8
leaf_value=-0.00035308036172132246 9.464154167038425e-05 0.00013555963894800241 -9.5057647873734144e-06 -0.00023158732477825139 -0.00028749062511100799 -2.8171560776511686e-06 -0.00064667571908535407
leaf_weight=74 43 379 1529 214 69 52 40
leaf_count=74 43 379 1529 214 69 52 40
internal_value=-0.000216487 0.000114624 0.000339266 -0.00197895 0.000280701 -0.00292537 -0.00358621
internal_weight=2400 2022 1908 378 112 266 114
internal_count=2400 2022 1908 378 112 266 114
is_linear=0
shrinkage=0.04


Tree=100
num_leaves=7
num_cat=0
split_feature=87 39 35 81 3 94
split_gain=0.925285 1.08731 1.08816 0.88565 0.875799 0.185459
threshold=1.9130917420245157 1.0986193815921419 -0.641464949045219 -1.0188238553870124 0.50125517226779637 0.24257717209346699
decision_type=2 2 2 2 2 2
left_child=3 2 -2 5 -5 -1
right_child=1 -3 -4 4 -6 -7
leaf_value=-0.0002809311838702311 5.1822067306541464e-06 -1.1139716271167169e-05 0.00077396049519552887 7.4252972953215404e-06 -0.00012621205218713979 -0.00017028706376179256
leaf_weight=129 51 70 41 1574 478 57
leaf_count=129 51 70 41 1574 478 57
internal_value=-0.000266446 0.00263415 0.00544681 -0.000478572 -0.000237586 -0.00310638
internal_weight=2400 162 92 2238 2052 186
internal_count=2400 162 92 2238 2052 186
is_linear=0
shrinkage=0.04


Tree=101
num_leaves=7
num_cat=0
split_feature=29 40 59 117 116 28
split_gain=0.837812 1.1001 1.21295 0.891418 0.680821 0.138046
threshold=0.75447932855053235 0.92353892891582967 1.2827586051892406 0.89434629863493587 0.89071775963302324 -0.16990003263251582
decision_type=2 2 2 2 2 2
left_child=1 3 -3 -1 5 -2
right_child=4 2 -4 -5 -6 -7
leaf_value=2.5787042905474578e-06 -0.00051605349316408828 0.0004128323527258305 -2.8700388484569831e-06 -0.00058047033982248182 0.00010346302800636683 -0.00018616657531079266
leaf_weight=1695 40 88 109 184 78 206
leaf_count=1695 40 88 109 184 78 206
internal_value=-0.000249793 4.61973e-05 0.00287437 -0.000253058 -0.00213497 -0.00316129
internal_weight=2400 2076 197 1879 324 246
internal_count=2400 2076 197 1879 324 246
is_linear=0
shrinkage=0.04


Tree=102
num_leaves=8
num_cat=0
split_feature=35 58 35 106 91 93 9
split_gain=0.988124 0.961136 1.37307 0.976916 0.351037 0.532262 0.00572469
threshold=0.68585049219557248 -1.3541484011680522 -0.67986315612901826 0.71636212269371224 -0.019388325580116095 -0.087042585914407875 0.15092060843351437
decision_type=2 2 2 2 2 2 2
left_child=1 2 -1 -3 5 -2 -6
right_child=4 3 -4 -5 6 -7 -8
leaf_value=-3.2883989232144909e-06 -0.0001428591316250081 4.0566839863913603e-06 0.00035453840603568939 -0.00028262355323903832 -8.511041567578488e-05 2.4223971341323132e-05 -0.00018450767909833899
leaf_weight=107 124 1683 61 225 40 40 120
leaf_count=107 124 1683 61 225 40 40 120
internal_value=-0.000333057 -1.15505e-05 0.00287059 -0.000268064 -0.00238037 -0.00106024 -0.0037037
internal_weight=2400 2076 168 1908 324 164 160
internal_count=2400 2076 168 1908 324 164 160
is_linear=0
shrinkage=0.04


Tree=103
num_leaves=8
num_cat=0
split_feature=75 14 4 110 105 115 27
split_gain=0.832614 1.64477 4.21166 1.10511 0.932536 1.50271 0.685162
threshold=-0.35230047587318147 0.99539937371300546 0.23884865153445137 1.1104041793441088 -1.0357162629265766 -0.87218539754083324 0.64094314649772544
decision_type=2 2 2 2 2 2 2
left_child=4 3 -3 -2 5 -1 -6
right_child=1 2 -4 -5 6 -7 -8
leaf_value=-0.00010281164296803544 -1.9108513601691525e-05 0.0011699484023903156 -0.00019133103572567707 0.00013261322028193723 -0.00019122156676431898 0.00044549903886009437 7.0557793842049451e-05
leaf_weight=44 1441 75 71 147 516 45 61
leaf_count=44 1441 75 71 147 516 45 61
internal_value=-0.000333057 0.000129031 0.00416216 -0.000246542 -0.00153294 0.00224176 -0.0021209
internal_weight=2400 1734 146 1588 666 89 577
internal_count=2400 1734 146 1588 666 89 577
is_linear=0
shrinkage=0.04


Tree=104
num_leaves=6
num_cat=0
split_feature=42 37 53 79 80
split_gain=0.836195 1.05033 0.97601 0.591794 0.520973
threshold=0.63062195512526864 -0.70392210724383786 -0.74999999999999989 0.90858896123575261 -0.43598482223685736
decision_type=2 2 2 2 2
left_child=1 -1 -3 4 -2
right_child=3 2 -4 -5 -6
leaf_value=0.00021769627083359348 -3.4294691320790191e-06 0.00027198909259207169 -1.7913705302983785e-05 2.0107446961025627e-05 -0.00021531869317449709
leaf_weight=54 152 164 1687 41 302
leaf_count=54 152 164 1687 41 302
internal_value=-0.00034971 3.14621e-05 -0.000131679 -0.00181087 -0.00222807
internal_weight=2400 1905 1851 495 454
internal_count=2400 1905 1851 495 454
is_linear=0
shrinkage=0.04


Tree=105
num_leaves=8
num_cat=0
split_feature=90 105 21 63 74 66 72
split_gain=0.878419 1.02788 1.74557 0.88972 1.68072 1.25757 0.500557
threshold=-0.50837873154823643 0.077646853699609761 -0.08193241074946167 -0.61527625166745714 -0.36477771564388334 0.31047783937390472 -0.74553103425678013
decision_type=2 2 2 2 2 2 2
left_child=1 6 -3 4 -2 -5 -1
right_child=3 2 -4 5 -6 -7 -8
leaf_value=2.24834113937123e-05 -0.00057101727373093391 0.00018791661513797346 -5.0473407488745183e-05 -6.8554487185787678e-05 0.00033465733606929726 9.6523700889765765e-05 -0.00018307728614954939
leaf_weight=66 79 69 153 1058 323 341 311
leaf_count=66 79 69 153 1058 323 341 311
internal_value=-0.000333057 -0.00165724 0.000499999 0.000108707 0.00176238 -0.000368309 -0.00292348
internal_weight=2400 599 222 1801 402 1399 377
internal_count=2400 599 222 1801 402 1399 377
is_linear=0
shrinkage=0.04


Tree=106
num_leaves=7
num_cat=0
split_feature=81 29 41 116 3 0
split_gain=0.917222 0.995026 0.929198 0.600001 0.175323 0.00486362
threshold=-1.0188238553870124 0.53228129927644174 0.63442021404969751 1.0047233640446531 0.4591752898938391 -0.6751616661700407
decision_type=2 2 2 2 2 2
left_child=4 2 -2 -3 5 -1
right_child=1 3 -4 -5 -6 -7
leaf_value=-0.00031668649652234906 -2.0770504568889829e-06 -9.8532022661824617e-05 0.00010430089845810287 0.00026729919038423792 -1.6270254620132126e-05 -0.0002690429707759936
leaf_weight=40 1501 417 234 50 53 105
leaf_count=40 1501 417 234 50 53 105
internal_value=-0.000366362 -0.000130672 0.00031088 -0.00176546 -0.00296 -0.00367347
internal_weight=2400 2202 1735 467 198 145
internal_count=2400 2202 1735 467 198 145
is_linear=0
shrinkage=0.04


Tree=107
num_leaves=7
num_cat=0
split_feature=18 38 80 13 28 103
split_gain=0.905411 0.842195 1.76908 1.19109 0.498646 0.456491
threshold=0.52414720226646305 -0.425298063591803 0.63067457049524089 -0.013109414593520186 -0.17746167656274425 0.87886337960448069
decision_type=2 2 2 2 2 2
left_child=1 2 -1 -3 -2 -6
right_child=4 3 -4 -5 5 -7
leaf_value=4.531822213741399e-06 1.2376239404210128e-05 -0.00020130965315191311 0.0012177032733719066 8.3796045528221376e-06 -0.0001801086456193177 -7.5412330879178112e-06
leaf_weight=421 52 563 55 1019 236 54
leaf_count=421 52 563 55 1019 236 54
internal_value=-0.000333057 -1.55349e-05 0.00145607 -0.000459597 -0.00223256 -0.00287671
internal_weight=2400 2058 476 1582 342 290
internal_count=2400 2058 476 1582 342 290
is_linear=0
shrinkage=0.04


Tree=108
num_leaves=6
num_cat=0
split_feature=70 29 1 81 85
split_gain=0.893987 0.90947 0.824551 0.785383 0.446106
threshold=-1.3474536520030818 0.75447932855053235 0.051991450240548416 -0.94891957051924225 -0.3344576637676358
decision_type=2 2 2 2 2
left_child=2 3 -1 -2 -3
right_child=1 4 -4 -5 -6
leaf_value=0.00026110526400668416 -0.00019184422497688279 2.385588899545435e-05 -1.9937905254152759e-05 2.417503399690311e-06 -0.00029538580011835401
leaf_weight=67 208 78 65 1764 218
leaf_count=67 208 78 65 1764 218
internal_value=-0.000249793 -0.000437005 0.00292537 -0.000125634 -0.00249665
internal_weight=2400 2268 132 1972 296
internal_count=2400 2268 132 1972 296
is_linear=0
shrinkage=0.04


Tree=109
num_leaves=8
num_cat=0
split_feature=28 41 118 14 112 53 15
split_gain=0.787752 1.72528 2.54933 2.12475 1.30571 1.25466 0.926693
threshold=-0.050928112062670436 0.62760518041154401 -0.29991730891897717 1.0869618765401476 -1.8195356614978351 -0.74999999999999989 -0.25762327429021531
decision_type=2 2 2 2 2 2 2
left_child=1 3 -3 -1 6 -6 -2
right_child=4 2 -4 -5 5 -7 -8
leaf_value=-3.891065526789127e-05 0.00074642946012990386 -3.8927627936858518e-05 0.00035848340429893265 0.00042890407438889915 6.5553448883915214e-05 -0.00010921130709783574 -7.8978679573421303e-08
leaf_weight=920 44 55 76 77 124 1029 75
leaf_count=920 44 55 76 77 124 1029 75
internal_value=-0.000266446 0.000502654 0.00478195 -6.8069e-05 -0.000948196 -0.00136104 0.00300826
internal_weight=2400 1128 131 997 1272 1153 119
internal_count=2400 1128 131 997 1272 1153 119
is_linear=0
shrinkage=0.04


Tree=110
num_leaves=7
num_cat=0
split_feature=29 40 14 115 116 2
split_gain=0.950419 1.08519 1.62772 0.983786 0.528505 0.182018
threshold=0.75447932855053235 0.92353892891582967 -0.038733569899813365 0.51556774177923814 0.89071775963302324 0.7387600927207858
decision_type=2 2 2 2 2 2
left_child=1 3 -3 -1 5 -2
right_child=4 2 -4 -5 -6 -7
leaf_value=3.1274162997182711e-06 -3.4052934297332017e-05 0.00049004058236691757 -5.522482629216405e-05 -0.00027979340670904797 9.3488014538760627e-05 -0.00036611976904014806
leaf_weight=1429 85 104 93 450 78 161
leaf_count=1429 85 104 93 450 78 161
internal_value=-0.000249793 6.54466e-05 0.00287437 -0.000231793 -0.00225767 -0.00316129
internal_weight=2400 2076 197 1879 324 246
internal_count=2400 2076 197 1879 324 246
is_linear=0
shrinkage=0.04


Tree=111
num_leaves=7
num_cat=0
split_feature=81 85 118 64 43 52
split_gain=0.849074 1.18784 1.52662 0.925406 0.490236 0.106133
threshold=-0.9603853835318088 -0.60338141326259831 -0.68726304717363618 -1.1495084041994799 -0.62032106507579443 -0.74999999999999989
decision_type=2 2 2 2 2 2
left_child=4 2 -2 -3 -1 -6
right_child=1 3 -4 -5 5 -7
leaf_value=0.00010681092328968813 0.00055651265567629516 0.00053071909727568862 2.0520756838142674e-05 -1.7926017684955318e-05 -0.00013289520620655043 -0.00036847660328525656
leaf_weight=46 54 48 228 1824 56 144
leaf_count=46 54 48 228 1824 56 144
internal_value=-0.000299751 -4.45279e-05 0.0023662 -0.00040982 -0.00251613 -0.00336634
internal_weight=2400 2154 282 1872 246 200
internal_count=2400 2154 282 1872 246 200
is_linear=0
shrinkage=0.04


Tree=112
num_leaves=7
num_cat=0
split_feature=87 1 104 38 104 84
split_gain=0.825513 1.03422 1.16138 0.896454 1.57615 1.13291
threshold=1.9130917420245157 -0.51867289584178222 0.84113497681744021 0.0087474542880357897 0.47406855276182697 -0.77269795502941496
decision_type=2 2 2 2 2 2
left_child=3 -2 -3 4 -1 -5
right_child=1 2 -4 5 -6 -7
leaf_value=-1.0900641267231818e-05 0.00072551489862013254 0.00036204589588171931 -4.3116963028160796e-05 0.00011892359431758797 0.00046166231295357907 -0.00013047517790033242
leaf_weight=1094 44 55 63 194 96 854
leaf_count=1094 44 55 63 194 96 854
internal_value=-0.00034971 0.00239024 0.000399999 -0.000550001 0.000201341 -0.00140191
internal_weight=2400 162 118 2238 1190 1048
internal_count=2400 162 118 2238 1190 1048
is_linear=0
shrinkage=0.04


Tree=113
num_leaves=8
num_cat=0
split_feature=30 67 94 68 116 9 115
split_gain=0.843012 0.897089 1.29395 0.959647 0.474291 0.307085 0.275544
threshold=0.70884492495802809 -1.4525893264012153 0.34667360279274845 0.2250320947821883 0.89071775963302324 0.91622239882782908 -0.58558977391463907
decision_type=2 2 2 2 2 2 2
left_child=1 2 -1 -3 6 -6 -2
right_child=4 3 -4 -5 5 -7 -8
leaf_value=0.00025022410690710606 4.9095945034620739e-06 4.7425149846131901e-06 -6.8326430086677355e-05 -7.206781562669414e-05 -2.7482074923327947e-05 0.00029467440056741998 -0.00016390718909840255
leaf_weight=53 40 1295 68 642 41 40 221
leaf_count=53 40 1295 68 642 41 40 221
internal_value=-0.000399668 -9.32048e-05 0.00321951 -0.00030325 -0.00223256 0.000433734 -0.00305704
internal_weight=2400 2058 121 1937 342 81 261
internal_count=2400 2058 121 1937 342 81 261
is_linear=0
shrinkage=0.04


Tree=114
num_leaves=7
num_cat=0
split_feature=79 87 47 85 59 95
split_gain=0.753005 0.902305 1.76443 1.00875 0.530858 0.213202
threshold=-1.0203850964809094 2.0385343185858105 0.078782646805882109 -0.60338141326259831 -0.70548461283045649 0.51994529859220051
decision_type=2 2 2 2 2 2
left_child=4 3 -3 -2 -1 -6
right_child=1 2 -4 -5 5 -7
leaf_value=0.00023353773966536766 0.00013745435563746762 0.00066063493843098386 -3.6357438312681158e-05 -2.3737462506126279e-05 -0.00025897972616555141 -0.00016270429296788631
leaf_weight=42 285 53 61 1746 159 54
leaf_count=42 285 53 61 1746 159 54
internal_value=-0.000366362 -0.0001211 0.00331034 -0.000316774 -0.00241245 -0.00321861
internal_weight=2400 2145 114 2031 255 213
internal_count=2400 2145 114 2031 255 213
is_linear=0
shrinkage=0.04


Tree=115
num_leaves=7
num_cat=0
split_feature=29 75 14 105 116 2
split_gain=0.79929 0.911234 1.57527 1.268 0.528505 0.182018
threshold=0.75447932855053235 -0.28350854216688903 0.99539937371300546 -0.97473577165673719 0.89071775963302324 0.7387600927207858
decision_type=2 2 2 2 2 2
left_child=1 3 -3 -1 5 -2
right_child=4 2 -4 -5 -6 -7
leaf_value=6.7709983596492298e-05 -3.4467003556293688e-05 1.1606196102933154e-06 0.00050649863202034641 -0.00016197755346028541 6.2105726603512196e-05 -0.00034281614686827814
leaf_weight=100 85 1319 104 553 78 161
leaf_count=100 85 1319 104 553 78 161
internal_value=-0.000416321 -0.000127046 0.000440701 -0.00136183 -0.00225767 -0.00316129
internal_weight=2400 2076 1423 653 324 246
internal_count=2400 2076 1423 653 324 246
is_linear=0
shrinkage=0.04


Tree=116
num_leaves=7
num_cat=0
split_feature=29 40 38 108 116 2
split_gain=0.843266 0.785087 1.28269 0.685999 0.528505 0.182018
threshold=0.75447932855053235 -0.67894683706795156 -0.425298063591803 -0.63165178931363741 0.89071775963302324 0.7387600927207858
decision_type=2 2 2 2 2 2
left_child=1 3 -3 -1 5 -2
right_child=4 2 -4 -5 -6 -7
leaf_value=0.00011935722868710941 -3.3088323414042067e-05 7.5808396821413663e-05 -9.2687261232441656e-06 -0.00019003511364882697 5.9621497539371861e-05 -0.00032910350099354702
leaf_weight=44 85 390 1441 201 78 161
leaf_count=44 85 390 1441 201 78 161
internal_value=-0.000366362 -6.92984e-05 0.000216038 -0.00218624 -0.00225767 -0.00316129
internal_weight=2400 2076 1831 245 324 246
internal_count=2400 2076 1831 245 324 246
is_linear=0
shrinkage=0.04


Tree=117
num_leaves=7
num_cat=0
split_feature=81 0 81 118 43 54
split_gain=0.811218 0.877371 1.12465 0.655529 0.490236 0.106133
threshold=-0.9603853835318088 0.69565130424156651 -0.86862446085280787 0.86682089198719037 -0.62032106507579443 1.0000000180025095e-35
decision_type=2 2 2 2 2 2
left_child=4 2 -2 -3 -1 -6
right_child=1 3 -4 -5 5 -7
leaf_value=9.2275684670463208e-05 0.00027159888926181394 -0.00022660992854485487 1.6430936957669215e-06 0.00017702334789297702 -0.00034054778078125564 -0.00011698743850428208
leaf_weight=46 45 338 1722 49 144 56
leaf_count=46 45 338 1722 49 144 56
internal_value=-0.00034971 -0.000100186 0.000278122 -0.00182005 -0.00251613 -0.00336634
internal_weight=2400 2154 1767 387 246 200
internal_count=2400 2154 1767 387 246 200
is_linear=0
shrinkage=0.04


Tree=118
num_leaves=7
num_cat=0
split_feature=1 70 80 28 110 71
split_gain=0.717538 1.17273 0.954857 1.05264 0.873544 0.611558
threshold=0.014166838048510365 -1.3474536520030818 0.44471366154068664 -0.35060365912366503 0.57689669387083231 -0.92558413408387985
decision_type=2 2 2 2 2 2
left_child=1 -1 5 -4 -3 -2
right_child=2 4 3 -5 -6 -7
leaf_value=0.00021072649691392976 2.422357421923326e-05 1.0890522729261583e-05 0.00070566527978426451 -3.0368107617449801e-05 -8.5618197324317753e-05 -0.00011461163253867501
leaf_weight=67 91 901 90 271 262 718
leaf_count=67 91 901 90 271 262 718
internal_value=-0.00034971 0.000324674 -0.00105802 0.000650137 2.40334e-05 -0.00181998
internal_weight=2400 1230 1170 361 1163 809
internal_count=2400 1230 1170 361 1163 809
is_linear=0
shrinkage=0.04


Tree=119
num_leaves=8
num_cat=0
split_feature=30 20 53 87 94 84 83
split_gain=0.711281 1.13118 1.87535 0.813722 0.510215 0.650937 0.243016
threshold=0.70884492495802809 0.55783928648411829 -0.24999999999999997 1.1548983705664269 0.20071130915640284 -0.073162130228470332 -0.54666874656303621
decision_type=2 2 2 2 2 2 2
left_child=1 3 -3 -1 6 -6 -2
right_child=4 2 -4 -5 5 -7 -8
leaf_value=-1.6867360322501951e-05 -6.2978983649569409e-05 -0.00017890903819680739 0.00013096816605756155 5.6146378314532608e-05 0.0002164607621936563 -7.0203704339935976e-05 -0.00029010152252401659
leaf_weight=1697 69 56 69 236 45 70 158
leaf_count=1697 69 56 69 236 45 70 158
internal_value=-0.000316404 -3.49524e-05 0.00362205 -0.000274936 -0.002 0.000170939 -0.0030917
internal_weight=2400 2058 125 1933 342 115 227
internal_count=2400 2058 125 1933 342 115 227
is_linear=0
shrinkage=0.04


end of trees

feature_importances:
Column_35=28
Column_14=24
Column_40=23
Column_37=20
Column_42=20
Column_41=17
Column_80=17
Column_81=17
Column_105=17
Column_87=16
Column_28=15
Column_69=14
Column_116=14
Column_53=12
Column_64=12
Column_70=12
Column_76=12
Column_82=12
Column_104=12
Column_29=11
Column_24=10
Column_43=10
Column_78=10
Column_2=9
Column_36=9
Column_45=9
Column_59=9
Column_62=9
Column_94=9
Column_95=9
Column_111=9
Column_13=8
Column_18=8
Column_38=8
Column_63=8
Column_68=8
Column_99=8
Column_1=7
Column_49=7
Column_75=7
Column_109=7
Column_0=6
Column_20=6
Column_32=6
Column_67=6
Column_85=6
Column_118=6
Column_8=5
Column_11=5
Column_44=5
Column_60=5
Column_79=5
Column_106=5
Column_110=5
Column_115=5
Column_17=4
Column_25=4
Column_30=4
Column_72=4
Column_73=4
Column_100=4
Column_114=4
Column_9=3
Column_10=3
Column_26=3
Column_31=3
Column_39=3
Column_47=3
Column_52=3
Column_57=3
Column_58=3
Column_61=3
Column_77=3
Column_84=3
Column_92=3
Column_98=3
Column_101=3
Column_3=2
Column_4=2
Column_21=2
Column_27=2
Column_48=2
Column_50=2
Column_71=2
Column_83=2
Column_86=2
Column_90=2
Column_108=2
Column_15=1
Column_16=1
Column_19=1
Column_33=1
Column_34=1
Column_46=1
Column_54=1
Column_66=1
Column_74=1
Column_88=1
Column_91=1
Column_93=1
Column_96=1
Column_103=1
Column_107=1
Column_112=1
Column_113=1
Column_117=1

parameters:
[boosting: gbdt]
[objective: quantile]
[metric: quantile]
[tree_learner: serial]
[device_type: cpu]
[data_sample_strategy: bagging]
[data: ]
[valid: ]
[num_iterations: 120]
[learning_rate: 0.04]
[num_leaves: 15]
[num_threads: 2]
[seed: 42]
[deterministic: 0]
[force_col_wise: 0]
[force_row_wise: 0]
[histogram_pool_size: -1]
[max_depth: 3]
[min_data_in_leaf: 40]
[min_sum_hessian_in_leaf: 0.001]
[bagging_fraction: 0.85]
[pos_bagging_fraction: 1]
[neg_bagging_fraction: 1]
[bagging_freq: 0]
[bagging_seed: 400]
[bagging_by_query: 0]
[feature_fraction: 0.8]
[feature_fraction_bynode: 1]
[feature_fraction_seed: 30056]
[extra_trees: 0]
[extra_seed: 12879]
[early_stopping_round: 0]
[early_stopping_min_delta: 0]
[first_metric_only: 0]
[max_delta_step: 0]
[lambda_l1: 0]
[lambda_l2: 2]
[linear_lambda: 0]
[min_gain_to_split: 0]
[drop_rate: 0.1]
[max_drop: 50]
[skip_drop: 0.5]
[xgboost_dart_mode: 0]
[uniform_drop: 0]
[drop_seed: 17869]
[top_rate: 0.2]
[other_rate: 0.1]
[min_data_per_group: 100]
[max_cat_threshold: 32]
[cat_l2: 10]
[cat_smooth: 10]
[max_cat_to_onehot: 4]
[top_k: 20]
[monotone_constraints: ]
[monotone_constraints_method: basic]
[monotone_penalty: 0]
[feature_contri: ]
[forcedsplits_filename: ]
[refit_decay_rate: 0.9]
[cegb_tradeoff: 1]
[cegb_penalty_split: 0]
[cegb_penalty_feature_lazy: ]
[cegb_penalty_feature_coupled: ]
[path_smooth: 0]
[interaction_constraints: ]
[verbosity: -1]
[saved_feature_importance_type: 0]
[use_quantized_grad: 0]
[num_grad_quant_bins: 4]
[quant_train_renew_leaf: 0]
[stochastic_rounding: 1]
[linear_tree: 0]
[max_bin: 255]
[max_bin_by_feature: ]
[min_data_in_bin: 3]
[bin_construct_sample_cnt: 200000]
[data_random_seed: 175]
[is_enable_sparse: 1]
[enable_bundle: 1]
[use_missing: 1]
[zero_as_missing: 0]
[feature_pre_filter: 1]
[pre_partition: 0]
[two_round: 0]
[header: 0]
[label_column: ]
[weight_column: ]
[group_column: ]
[ignore_column: ]
[categorical_feature: ]
[forcedbins_filename: ]
[precise_float_parser: 0]
[parser_config_file: ]
[objective_seed: 16083]
[num_class: 1]
[is_unbalance: 0]
[scale_pos_weight: 1]
[sigmoid: 1]
[boost_from_average: 1]
[reg_sqrt: 0]
[alpha: 0.9]
[fair_c: 1]
[poisson_max_delta_step: 0.7]
[tweedie_variance_power: 1.5]
[lambdarank_truncation_level: 30]
[lambdarank_norm: 1]
[label_gain: ]
[lambdarank_position_bias_regularization: 0]
[eval_at: ]
[multi_error_top_k: 1]
[auc_mu_weights: ]
[num_machines: 1]
[local_listen_port: 12400]
[time_out: 120]
[machine_list_filename: ]
[machines: ]
[gpu_platform_id: -1]
[gpu_device_id: -1]
[gpu_device_id_list: ]
[gpu_use_dp: 0]
[num_gpu: 1]

end of parameters

pandas_categorical:null
