tree
version=v4
num_class=1
num_tree_per_iteration=1
label_index=0
max_feature_idx=118
objective=quantile
feature_names=Column_0 Column_1 Column_2 Column_3 Column_4 Column_5 Column_6 Column_7 Column_8 Column_9 Column_10 Column_11 Column_12 Column_13 Column_14 Column_15 Column_16 Column_17 Column_18 Column_19 Column_20 Column_21 Column_22 Column_23 Column_24 Column_25 Column_26 Column_27 Column_28 Column_29 Column_30 Column_31 Column_32 Column_33 Column_34 Column_35 Column_36 Column_37 Column_38 Column_39 Column_40 Column_41 Column_42 Column_43 Column_44 Column_45 Column_46 Column_47 Column_48 Column_49 Column_50 Column_51 Column_52 Column_53 Column_54 Column_55 Column_56 Column_57 Column_58 Column_59 Column_60 Column_61 Column_62 Column_63 Column_64 Column_65 Column_66 Column_67 Column_68 Column_69 Column_70 Column_71 Column_72 Column_73 Column_74 Column_75 Column_76 Column_77 Column_78 Column_79 Column_80 Column_81 Column_82 Column_83 Column_84 Column_85 Column_86 Column_87 Column_88 Column_89 Column_90 Column_91 Column_92 Column_93 Column_94 Column_95 Column_96 Column_97 Column_98 Column_99 Column_100 Column_101 Column_102 Column_103 Column_104 Column_105 Column_106 Column_107 Column_108 Column_109 Column_110 Column_111 Column_112 Column_113 Column_114 Column_115 Column_116 Column_117 Column_118
feature_infos=[-4.5969260725983823:5.9717472420034587] [-3.8140656809580125:4.0332807769352064] [-3.6764333905559714:3.6230031309258055] [-3.4523423105559599:3.2446195174179744] [-3.1754389793186371:2.6073851629493112] [-2.2456650070790509:2.5054460700505676] [-3.3953426927768948:3.3148094222667459] [-1.1943047967813787:4.7505619739096083] [-1.6074318493911546:1.623891197413516] [-3.0923264281035112:2.6725873828954216] [-1.2533028676263747:3.8418998230220662] [-2.4632766354487177:2.7377195202795344] [-2.2172559262632161:2.5297928166912644] [-1.3401905173725908:2.8063958678809957] [-2.5216669171210175:3.0539411303371846] [-1.7755812578925376:1.4610197507897764] [-1.882954106048953:1.8040260427112333] [-1.0296049359425399:0.67221525912980584] [-1.0881523275449041:0.70344587824186777] [-1.0296049359425399:0.67221525912980584] [-2.314758470534255:2.8918465293338813] [-3.1966015814979691:3.502647510864461] [-2.8630668222228226:2.8554181672310928] [-2.0191725319841702:2.8302893836445233] [-2.2234626710026633:1.8950054723037961] [-2.0685011139666361:1.9034265659780625] [-3.2572314127447228:2.2100291145753519] [-1.7669761313057319:1.5712811622778342] [-0.95420120148754806:2.8350924184692614] [-3.5227892576103921:3.3345623498452839] [-3.2632237495637439:2.9477782810588908] [-2.501815188825268:2.2300028106553267] [-2.4693303197413274:2.39365188605563] [-2.0158501569862848:2.473902063118564] [-2.147304561145476:2.3153648123633355] [-1.9176778592712509:2.006052098995732] [-2.0140847740495813:2.1999646798579882] [-1.2335571406752162:3.1496575853887419] [-1.2542007238286972:3.708595531346873] [-1.3606422194060679:2.73466134746129] [-1.1970425308262294:1.8886154567052564] [-2.0401892139137918:1.5936638180969969] [-1.7881814640668188:1.690570794106383] [-1.9762822880624371:11.763228316693253] [-592.34900162461486:94.472992063301447] [-504.12872110776766:104.93570413984918] [-670.81036576105691:49.332341072158549] [-1.1158395561057595:3.2297180046950675] [-1.8670706792289515:1.7369668553866799] [-1.1662231554739275:6.2222031532662658] [-3.8182482811338843:4.5305445547875518] [-10.164523188198546:8.4341419400454587] [-1:1] [-0.83333333333333337:1] [0:1] [0:1] [-3.5522341267027921:4.2916118602013782] [-3.9983157595637526:2.3158064580871107] [-2.3551806905370163:1.615271265722414] [-1.0484721638248378:2.4202840633711373] [-2.4158777397193139:1.3601474891640368] [-1.7376570541565435:0.32779925691795064] [-3.1124324236931944:3.5543834086310544] [-2.6304441509653094:2.4504302127391693] [-2.1307844820777873:1.8778157095906256] [-3.0291520467325452:3.9739286154097271] [-3.3275223981785125:2.2429828041326281] [-2.4339024901525597:1.702383703544015] [-1.0163977075638724:2.347956210718618] [-2.1947065667211967:1.3454766005409768] [-1.5574243691307628:0.3232481435839834] [-4.4786308711395364:7.7635914708319165] [-4.0610246122456832:5.5725045111138991] [-2.3871009150553677:4.0518774175364678] [-1.3470440077611796:4.6604564616536184] [-1.2052313639444794:7.7222147775551315] [-1.2246786529492741:2.3689238410852709] [-6.5874079312585785:6.792319954590039] [-4.6027803244588243:3.5776767725178216] [-2.7132146368713737:3.8077618163929139] [-1.235420241411102:3.6181176260882273] [-1.8055348089113594:4.5386756815773293] [-0.81282107753013222:2.288477753719985] [-11.010458718877427:10.788514345771336] [-5.9039300919708504:5.1147549922947011] [-3.525666066394086:3.77073770892836] [-1.0341650181614435:3.1684559574195501] [-2.1028558901327745:3.9255406034994276] [-1.2891842034651837:0.6389135990138477] [-3.9008191559820173:2.9265298616362738] [-3.4101272784101053:3.0110621163638904] [-2.5394254121886077:1.7342731261692754] [-1.3833128392726841:3.1963337809384234] [-2.0768668676214883:1.8740814081479262] [-1.5695431311559285:0.46436617027428928] [-5.4842763679009092:3.2262412415199848] [-4.2576652288242993:3.6513305256949398] [-1.9148889847559423:2.8955291891107509] [-1.272561921261826:4.0508628191722327] [-1.7896866277276253:4.5972320144007934] [-1.6843120636977835:1.358444846359792] [-4.3809904394627832:2.6529774664914609] [-3.879846811745276:3.6110639018679032] [-1.9582494038412193:2.6594692969266909] [-1.3097142563057409:3.8664223828537052] [-1.6370261112682691:3.9635344855001815] [-1.7503686072783486:1.3033264515618348] [-3.2899382321684163:3.5059095281063297] [-2.2371335169627562:2.6176124315583311] [-1.9579410530967885:1.9651136793922956] [-1.5811215862680283:2.0708556733963177] [-1.4835475995911935:1.934589178772014] [-2.4817685288860312:0.639431941761339] [-3.2908821207686505:3.5336358506631296] [-2.8225756550846914:3.6953002710048271] [-1.6913813003607923:2.533362356493897] [-0.73674172606197585:2.7559993217003713] [-1.4674871639431584:2.4386680850331808] [-1.4371484664665022:0.92366389788908021]
tree_sizes=848 866 867 862 869 867 871 874 777 784 876 869 688 785 696 782 871 787 782 783 782 783 865 693 786 865 783 785 699 695 789 688 783 874 784 869 786 789 784 786 696 702 874 792 791 700 794 788 794 771 781 699 699 789 777 700 780 878 794 692 703 791 873 780 791 779 782 790 689 614 790 783 783 788 785 784 702 875 785 694 697 697 794 781 790 605 611 700 789 608 784 789 693 776 789 867 788 872 798 788 785 879 791 784 886 872 887 789 612 783 691 870 615 877 786 785 790 881 780 873

Tree=0
num_leaves=8
num_cat=0
split_feature=106 98 115 47 41 82 24
split_gain=6.30533 6.85392 4.52638 3.07902 2.92026 2.596 1.39801
threshold=0.77934272368800184 -0.43912814401616557 0.78321815269591577 -0.66964124695806582 0.080087988453306558 -0.62411680829903105 -0.08068652123270946
decision_type=2 2 2 2 2 2 2
left_child=2 6 5 -4 -3 -1 -2
right_child=1 4 3 -5 -6 -7 -8
leaf_value=-0.043855733715754318 -0.042481125850650163 -0.043814957126720296 -0.044853584465831847 -0.043551808439706803 -0.046060455427911907 -0.042789622630923015 -0.044541146007843667
leaf_weight=99 80 74 41 238 58 1752 58
leaf_count=99 80 74 41 238 58 1752 58
internal_value=-0.0432024 -0.0489377 -0.0424707 -0.0472024 -0.0553815 -0.041754 -0.0426882
internal_weight=2400 270 2130 279 132 1851 138
internal_count=2400 270 2130 279 132 1851 138
is_linear=0
shrinkage=1


Tree=1
num_leaves=8
num_cat=0
split_feature=106 98 115 86 102 82 24
split_gain=6.09354 6.53551 3.32789 3.21537 2.64007 2.54262 1.39801
threshold=0.77934272368800184 -0.43912814401616557 0.78321815269591577 0.19073795002926261 0.40970866878641771 -0.62411680829903105 -0.08068652123270946
decision_type=2 2 2 2 2 2 2
left_child=2 6 5 -4 -3 -1 -2
right_child=1 4 3 -5 -6 -7 -8
leaf_value=-0.00062716440511852687 0.00069245914538145967 -0.0012040571691888755 -0.0014391947168791676 -0.00016138797386642452 -0.002534697616749567 0.00039630223631951931 -0.0012851602055243042
leaf_weight=99 80 48 87 192 84 1752 58
leaf_count=99 80 48 87 192 84 1752 58
internal_value=4.99585e-05 -0.00558824 0.000769231 -0.00328826 -0.0118806 0.0013837 0.000514286
internal_weight=2400 270 2130 279 132 1851 138
internal_count=2400 270 2130 279 132 1851 138
is_linear=0
shrinkage=0.04


Tree=2
num_leaves=8
num_cat=0
split_feature=106 98 102 115 86 82 24
split_gain=5.31067 5.62573 3.28258 2.90572 2.6176 2.32974 1.39801
threshold=0.77934272368800184 -0.43912814401616557 0.29835383832522827 0.78321815269591577 0.19073795002926261 -0.65880442554174035 -0.08068652123270946
decision_type=2 2 2 2 2 2 2
left_child=3 6 -3 5 -5 -1 -2
right_child=1 2 -4 4 -6 -7 -8
leaf_value=-0.00062873099919258434 0.00066476077956620144 -0.00066451049780693998 -0.0022314178695669196 -0.0013816269282040008 -0.00015493245491176756 0.00037393851162972089 -0.0012337537973033318
leaf_weight=75 80 42 90 87 192 1776 58
leaf_count=75 80 42 90 87 192 1776 58
internal_value=0.00011657 -0.00514706 -0.0109851 0.000787993 -0.00300356 0.00136212 0.000514286
internal_weight=2400 270 132 2130 279 1851 138
internal_count=2400 270 132 2130 279 1851 138
is_linear=0
shrinkage=0.04


Tree=3
num_leaves=8
num_cat=0
split_feature=106 98 75 115 81 86 5
split_gain=4.48853 5.32891 2.92555 2.43274 2.18426 2.08125 1.32447
threshold=0.77934272368800184 -0.43912814401616557 0.17321545837745153 0.78321815269591577 -0.36100392684936949 0.19073795002926261 0.04695855018983322
decision_type=2 2 2 2 2 2 2
left_child=3 6 -3 4 -1 -5 -2
right_child=1 2 -4 5 -6 -7 -8
leaf_value=-0.00015299813193800805 0.00068268497847687735 -0.0026488629272956249 -0.0007987641625562717 -0.0013263618510758407 0.00043014198025586702 -0.00014873515671529698 -0.0011953142757999151
leaf_weight=642 84 42 90 87 1209 192 54
leaf_count=642 84 42 90 87 1209 192 54
internal_value=0.000133222 -0.00470588 -0.0103881 0.000750469 0.00127577 -0.00271886 0.0008
internal_weight=2400 270 132 2130 1851 279 138
internal_count=2400 270 132 2130 1851 279 138
is_linear=0
shrinkage=0.04


Tree=4
num_leaves=8
num_cat=0
split_feature=100 98 41 115 76 81 12
split_gain=4.31264 4.25922 2.87396 2.42375 2.07164 1.78724 1.6619
threshold=0.81524608869324344 -0.43912814401616557 0.080087988453306558 0.78321815269591577 1.4389048335166481 -0.36100392684936949 0.052975638548077103
decision_type=2 2 2 2 2 2 2
left_child=3 6 -3 5 -5 -1 -2
right_child=1 2 -4 4 -6 -7 -8
leaf_value=-0.00012831794195782519 0.00059258867152351595 -0.00032795330815528479 -0.0025109716426313291 -0.00086819964927180825 0.00038689454118114047 0.00038216103730650679 -0.0013324344448418252
leaf_weight=621 78 66 54 204 66 1254 57
leaf_count=621 78 66 54 204 66 1254 57
internal_value=0.000149875 -0.00474708 -0.0101639 0.000735911 -0.00279412 0.00124667 0.000145986
internal_weight=2400 255 120 2145 270 1875 135
internal_count=2400 255 120 2145 270 1875 135
is_linear=0
shrinkage=0.04


Tree=5
num_leaves=8
num_cat=0
split_feature=100 104 82 47 98 86 28
split_gain=4.16371 4.64792 2.60984 3.42046 2.62428 2.41593 1.58753
threshold=0.82744456176950598 -0.41156901237763138 -0.65880442554174035 -0.39957990090801376 0.89793408563573773 0.88450985773369994 0.0046923914651341037
decision_type=2 2 2 2 2 2 2
left_child=2 6 3 -1 -4 -3 -2
right_child=1 5 4 -5 -6 -7 -8
leaf_value=-0.0012393179952019933 -0.001479428093857972 -0.0022894278921716492 0.00033562362784164744 0.00042753967814255725 -0.00050673820357196306 -0.00050228115408760469 0.00053265596308170319
leaf_weight=44 41 57 1761 43 306 48 100
leaf_count=44 41 57 1761 43 306 48 100
internal_value=0.000166528 -0.00474194 0.000730983 -0.00597753 0.00101885 -0.011028 2.79722e-05
internal_weight=2400 246 2154 87 2067 105 141
internal_count=2400 246 2154 87 2067 105 141
is_linear=0
shrinkage=0.04


Tree=6
num_leaves=8
num_cat=0
split_feature=70 28 7 35 98 11 88
split_gain=3.79064 2.05518 2.36432 1.58677 2.66755 0.909299 0.413636
threshold=-0.019748644341055787 1.2400618601970643 -0.26111113503079869 0.88250736842502919 -0.69735763755026647 -1.3921462398225821 0.52071161186152526
decision_type=2 2 2 2 2 2 2
left_child=1 2 -1 5 -5 -2 -3
right_child=3 6 -4 4 -6 -7 -8
leaf_value=0.00027823112222340711 -0.00032451654062279177 0.0010014185113914828 -0.00069736326073493017 -0.0014110636732664944 0.00075301038754758997 0.00041671769059226489 -7.0418557760234906e-05
leaf_weight=207 60 132 803 49 44 1065 40
leaf_count=207 60 132 803 49 44 1065 40
internal_value=0.000166528 -0.00144595 -0.00213439 0.00173115 -0.00324211 0.00214729 0.00257471
internal_weight=2400 1182 1010 1218 93 1125 172
internal_count=2400 1182 1010 1218 93 1125 172
is_linear=0
shrinkage=0.04


Tree=7
num_leaves=8
num_cat=0
split_feature=70 18 94 99 88 11 81
split_gain=3.24726 2.10047 2.3539 1.26796 1.59676 0.983448 0.293411
threshold=-0.019748644341055787 -0.83391891340194346 -0.86958898758620562 0.79948403799794066 0.3334496179478687 -1.4528601863025854 -0.43719592930452261
decision_type=2 2 2 2 2 2 2
left_child=1 6 -3 5 -5 -2 -1
right_child=3 2 -4 4 -6 -7 -8
leaf_value=1.9886819827235012e-05 -0.00031778652971306944 0.00035347637472763925 -0.00072531819800800536 -0.0012108545331183307 0.00035150299418109792 0.00044992630937568465 0.00061277772855506936
leaf_weight=40 49 261 758 78 78 1013 123
leaf_count=40 49 261 758 78 78 1013 123
internal_value=0.000283098 -0.00120946 -0.00188443 0.00173115 -0.00162025 0.00222556 0.00298182
internal_weight=2400 1182 1019 1218 156 1062 163
internal_count=2400 1182 1019 1218 156 1062 163
is_linear=0
shrinkage=0.04


Tree=8
num_leaves=7
num_cat=0
split_feature=99 35 104 82 47 98
split_gain=3.14662 4.10675 2.75906 2.7449 3.42046 1.67633
threshold=0.79948403799794066 0.81312014226167617 -0.28454582567460313 -0.65880442554174035 -0.39957990090801376 0.89793408563573773
decision_type=2 2 2 2 2 2
left_child=3 2 -2 4 -1 -5
right_child=1 -3 -4 5 -6 -7
leaf_value=-0.001157490689777922 0.00020693578525067492 -0.00170262526675098 -0.0011954098578115127 0.00029489751887821277 0.00042484464586025754 -0.00031305816159086592
leaf_weight=44 228 48 102 1671 43 264
leaf_count=44 228 48 102 1671 43 264
internal_value=0.000266445 -0.00307368 -0.00144578 0.000893281 -0.00597753 0.00120805
internal_weight=2400 378 330 2022 87 1935
internal_count=2400 378 330 2022 87 1935
is_linear=0
shrinkage=0.04


Tree=9
num_leaves=7
num_cat=0
split_feature=100 104 70 116 5 11
split_gain=2.91773 3.95778 2.06548 2.38185 1.93663 1.01797
threshold=0.86828523068316144 -0.28454582567460313 -0.019748644341055787 -0.30241216892131362 0.0063273573107858229 -1.355477434797995
decision_type=2 2 2 2 2 2
left_child=2 4 3 -1 -2 -4
right_child=1 -3 5 -5 -6 -7
leaf_value=-0.0013547560059331692 0.00045656264748755222 -0.0020521836044456012 -0.00031062031763306628 1.9780548751783102e-06 -0.0013575950991226455 0.00038424590915610513
leaf_weight=87 87 69 70 915 72 1100
leaf_count=87 87 69 70 915 72 1100
internal_value=0.000249792 -0.00403478 0.000702852 -0.000629482 -0.000521739 0.001843
internal_weight=2400 228 2172 1002 159 1170
internal_count=2400 228 2172 1002 159 1170
is_linear=0
shrinkage=0.04


Tree=10
num_leaves=8
num_cat=0
split_feature=70 18 72 35 98 11 81
split_gain=2.81907 1.96763 2.13265 1.29092 2.36423 0.869143 0.293411
threshold=-0.019748644341055787 -0.83391891340194346 0.27348072818032076 0.88250736842502919 -0.69735763755026647 -1.3921462398225821 -0.43719592930452261
decision_type=2 2 2 2 2 2 2
left_child=1 6 -3 5 -5 -2 -1
right_child=3 2 -4 4 -6 -7 -8
leaf_value=1.3025873542440033e-05 -0.00029819550585916317 -0.00013659374138402382 -0.00080855182417968144 -0.0012335421044679076 0.00067772718254928616 0.00035541469825795501 0.00058260125069098574
leaf_weight=40 60 684 335 49 44 1065 123
leaf_count=40 60 684 335 49 44 1065 123
internal_value=0.000316403 -0.00107432 -0.00172772 0.00166557 -0.00282105 0.00204082 0.00298182
internal_weight=2400 1182 1019 1218 93 1125 163
internal_count=2400 1182 1019 1218 93 1125 163
is_linear=0
shrinkage=0.04


Tree=11
num_leaves=8
num_cat=0
split_feature=70 35 117 28 35 98 11
split_gain=2.62033 2.0558 2.3626 2.01227 1.23524 2.36423 0.829885
threshold=-0.019748644341055787 0.7446384234910739 0.51965291445252071 1.2159858578864671 0.88250736842502919 -0.69735763755026647 -1.3921462398225821
decision_type=2 2 2 2 2 2 2
left_child=1 3 -3 -1 6 -6 -2
right_child=4 2 -4 -5 5 -7 -8
leaf_value=-0.00031488533065699342 -0.00028626768562479673 -0.0013560318624503095 -2.6052501794481899e-05 0.00093141551475400873 -0.0011842004202891913 0.00065061809524731475 0.00034119811032763675
leaf_weight=916 60 53 60 153 49 44 1065
leaf_count=916 60 53 60 153 49 44 1065
internal_value=0.000266445 -0.00107432 -0.00615652 -0.00052661 0.00156721 -0.00282105 0.00193434
internal_weight=2400 1182 113 1069 1218 93 1125
internal_count=2400 1182 113 1069 1218 93 1125
is_linear=0
shrinkage=0.04


Tree=12
num_leaves=6
num_cat=0
split_feature=35 114 69 102 82
split_gain=2.64389 2.16542 1.97494 2.31887 2.30495
threshold=1.021310952984199 -0.19156063279855154 -0.53431600779430222 0.24780254668493887 -0.62411680829903105
decision_type=2 2 2 2 2
left_child=2 -2 3 -1 -4
right_child=1 -3 4 -5 -6
leaf_value=9.2167624462400328e-05 0.00012410415938327 -0.001320427158617985 -0.00051037277641018325 -0.00095955451929711881 0.00026470785314700209
leaf_weight=429 40 41 103 209 1578
leaf_count=429 40 41 103 209 1578
internal_value=0.000316403 -0.00669879 0.000566997 -0.001325 0.0012858
internal_weight=2400 81 2319 638 1681
internal_count=2400 81 2319 638 1681
is_linear=0
shrinkage=0.04


Tree=13
num_leaves=7
num_cat=0
split_feature=99 35 104 70 104 11
split_gain=2.4861 4.43841 2.11443 1.89965 2.04629 0.917328
threshold=0.79948403799794066 0.81312014226167617 -0.28454582567460313 -0.019748644341055787 -0.34667276776808992 -1.4528601863025854
decision_type=2 2 2 2 2 2
left_child=3 2 -2 4 -1 -5
right_child=1 -3 -4 5 -6 -7
leaf_value=-0.0011102503928500434 0.00021773583092747772 -0.0015637687055827809 -0.0010830145830370559 -0.00029165594304087411 8.8526773722478e-05 0.00036670931352941315
leaf_weight=126 228 48 102 49 834 1013
leaf_count=126 228 48 102 49 834 1013
internal_value=0.000316403 -0.00265263 -0.000963855 0.000873518 -0.0004158 0.00203759
internal_weight=2400 378 330 2022 960 1062
internal_count=2400 378 330 2022 960 1062
is_linear=0
shrinkage=0.04


Tree=14
num_leaves=6
num_cat=0
split_feature=35 114 70 28 99
split_gain=2.32822 2.51213 1.88646 1.81941 0.97662
threshold=1.021310952984199 -0.19156063279855154 -0.019748644341055787 1.2159858578864671 0.79948403799794066
decision_type=2 2 2 2 2
left_child=2 -2 3 -1 -4
right_child=1 -3 4 -5 -6
leaf_value=-0.00035676783911463907 0.00013589467882261252 -0.0012626286715813442 0.00034217102185888108 0.00090021069840992671 -0.00022414933330340553
leaf_weight=961 40 41 1039 168 151
leaf_count=961 40 41 1039 168 151
internal_value=0.000366362 -0.00621687 0.000601465 -0.000569407 0.00171141
internal_weight=2400 81 2319 1129 1190
internal_count=2400 81 2319 1129 1190
is_linear=0
shrinkage=0.04


Tree=15
num_leaves=7
num_cat=0
split_feature=35 99 69 18 7 82
split_gain=2.0632 2.92923 1.79199 2.30551 1.734 1.19666
threshold=0.77283903301989643 0.79948403799794066 -0.46413989337546419 -0.77794939421802078 0.20350661709478138 -0.51884761481865904
decision_type=2 2 2 2 2 2
left_child=2 4 3 -1 -2 -4
right_child=1 -3 5 -5 -6 -7
leaf_value=0.00040612589909136155 0.00059940028549654994 -0.0013571671403964267 -0.00036170914892584343 -0.00063061104080422675 -0.0005129196661297317 0.00028800619719311806
leaf_weight=182 123 54 161 481 57 1342
leaf_count=182 123 54 161 481 57 1342
internal_value=0.000399667 -0.00315254 0.000785978 -0.000944361 -0.00065934 0.0015495
internal_weight=2400 234 2166 663 180 1503
internal_count=2400 234 2166 663 180 1503
is_linear=0
shrinkage=0.04


Tree=16
num_leaves=8
num_cat=0
split_feature=98 104 45 81 69 92 112
split_gain=2.16197 2.75948 2.83146 1.99288 2.14784 1.43259 1.32291
threshold=0.92120627464906701 1.0843928904872544 -0.042502660836721336 -1.108113453404727 0.027113003119215769 -0.23271576650462078 -0.038575890465108238
decision_type=2 2 2 2 2 2 2
left_child=3 2 -2 4 -1 -5 -3
right_child=1 6 -4 5 -6 -7 -8
leaf_value=-0.00077698236553444934 -0.0018269752304939458 0.00032919887892920383 -7.2798280591538831e-05 0.00031539929378378821 0.00029403498997029669 2.03410894192061e-05 -0.00075212779032106272
leaf_weight=48 50 168 61 831 60 1140 42
leaf_count=48 50 168 61 831 60 1140 42
internal_value=0.000333056 -0.00271207 -0.00775221 0.000805382 -0.00443636 0.00109681 1.47606e-10
internal_weight=2400 321 111 2079 108 1971 210
internal_count=2400 321 111 2079 108 1971 210
is_linear=0
shrinkage=0.04


Tree=17
num_leaves=7
num_cat=0
split_feature=35 99 97 69 94 58
split_gain=2.02475 2.92923 1.57223 1.51839 2.16697 1.57017
threshold=0.77283903301989643 0.79948403799794066 -0.29952364456792824 -0.29149371236178218 -0.43678096290356655 -0.70664127319167191
decision_type=2 2 2 2 2 2
left_child=3 2 -2 4 -1 -5
right_child=1 -3 -4 5 -6 -7
leaf_value=0.00044246581936780105 -0.00075187738950778841 -0.0013036940983573379 0.00044376551213584365 -0.00078422145387153778 -0.00044338008720928537 0.00030271716665827928
leaf_weight=198 41 54 139 51 594 1323
leaf_count=198 41 54 139 51 594 1323
internal_value=0.000366362 -0.00315254 -0.00065934 0.000749078 -0.000644836 0.00155233
internal_weight=2400 234 180 2166 792 1374
internal_count=2400 234 180 2166 792 1374
is_linear=0
shrinkage=0.04


Tree=18
num_leaves=7
num_cat=0
split_feature=35 105 70 94 7 76
split_gain=1.8162 2.81923 1.53876 1.54323 1.39739 1.12343
threshold=0.77283903301989643 0.97325025432510737 0.095721118602564548 -0.43678096290356655 0.20350661709478138 -0.98998019651976521
decision_type=2 2 2 2 2 2
left_child=2 4 3 -1 -2 -4
right_child=1 -3 5 -5 -6 -7
leaf_value=0.00020153657287723921 0.00040590436958236272 -0.0016572901556588106 -0.00022926532465193718 -0.0002994715059280372 -0.00053357617767640822 0.00034940383877671245
leaf_weight=537 135 40 43 748 59 838
leaf_count=537 135 40 43 748 59 838
internal_value=0.000349709 -0.00298305 0.000712177 -0.00017094 -0.000938775 0.00199774
internal_weight=2400 234 2166 1285 194 881
internal_count=2400 234 2166 1285 194 881
is_linear=0
shrinkage=0.04


Tree=19
num_leaves=7
num_cat=0
split_feature=35 99 117 70 28 76
split_gain=1.93019 2.92923 1.56454 1.45621 1.58872 1.06195
threshold=0.77283903301989643 0.79948403799794066 -0.20215683460229608 0.062388224276556443 0.57060437395633901 -0.98998019651976521
decision_type=2 2 2 2 2 2
left_child=3 2 -2 4 -1 -5
right_child=1 -3 -4 5 -6 -7
leaf_value=-0.00033185320754797925 -0.00063468623447264548 -0.0011852547281966919 0.00046013698632484161 -0.0002200947116658597 0.00028781849991626449 0.00029416407373245983
leaf_weight=799 47 54 133 43 423 901
leaf_count=799 47 54 133 43 423 901
internal_value=0.000283098 -0.00315254 -0.00065934 0.000656827 -0.000254902 0.0018351
internal_weight=2400 234 180 2166 1222 944
internal_count=2400 234 180 2166 1222 944
is_linear=0
shrinkage=0.04


Tree=20
num_leaves=7
num_cat=0
split_feature=99 35 82 47 115 112
split_gain=1.68271 3.62231 1.85896 1.88215 1.76415 1.73449
threshold=0.79948403799794066 0.81312014226167617 -0.62411680829903105 -0.39957990090801376 1.1937175866585668 -0.29562589170017145
decision_type=2 2 2 2 2 2
left_child=2 5 3 -1 -4 -2
right_child=1 -3 4 -5 -6 -7
leaf_value=-0.00083122989559435796 -0.0014641519863523537 -0.001272929382699731 0.00019184824884472564 0.00045810302375904076 -0.00071606104104748284 7.483727711540891e-05
leaf_weight=56 42 48 1806 55 105 288
leaf_count=56 42 48 1806 55 105 288
internal_value=0.000316403 -0.00212632 0.000774704 -0.00421239 0.00106848 -0.000602409
internal_weight=2400 378 2022 111 1911 330
internal_count=2400 378 2022 111 1911 330
is_linear=0
shrinkage=0.04


Tree=21
num_leaves=7
num_cat=0
split_feature=35 46 85 69 94 112
split_gain=1.76223 2.83206 3.83956 1.32421 2.16697 1.11685
threshold=0.77283903301989643 1.6212836464456288 0.11713698386811679 -0.29149371236178218 -0.43678096290356655 -0.63245434447111837
decision_type=2 2 2 2 2 2
left_child=3 2 -2 4 -1 -5
right_child=1 -3 -4 5 -6 -7
leaf_value=0.00040333686624710022 1.0467822236624216e-06 0.0006734919585704676 -0.0011557649093053254 -0.00015149555333713222 -0.00039902538370988679 0.00028005857862270614
leaf_weight=198 93 67 74 213 594 1161
leaf_count=198 93 67 74 213 594 1161
internal_value=0.00029975 -0.00298305 -0.00575148 0.000656827 -0.000644836 0.00140698
internal_weight=2400 234 167 2166 792 1374
internal_count=2400 234 167 2166 792 1374
is_linear=0
shrinkage=0.04


Tree=22
num_leaves=8
num_cat=0
split_feature=100 12 33 115 82 64 7
split_gain=1.51139 2.40215 3.72324 1.75711 1.68063 1.5936 0.751984
threshold=0.86828523068316144 -0.13560599057765066 0.73557717944853729 1.2244498734740854 -0.66948034188559979 0.59174566370883108 0.47854449757211831
decision_type=2 2 2 2 2 2 2
left_child=3 6 -3 4 -1 -5 -2
right_child=1 2 -4 5 -6 -7 -8
leaf_value=-0.00056131286382529288 0.00026129289387121071 -0.0016582253316361796 4.9648658892930867e-05 -0.00071944247108792262 0.00016438455490260317 0.00023747421499128695 -0.00078230032571862144
leaf_weight=75 70 60 58 69 1980 48 40
leaf_count=75 70 60 58 69 1980 48 40
internal_value=0.000266445 -0.00281739 -0.00673333 0.000592456 0.000865338 -0.00413445 0.00142857
internal_weight=2400 228 118 2172 2055 117 110
internal_count=2400 228 118 2172 2055 117 110
is_linear=0
shrinkage=0.04


Tree=23
num_leaves=6
num_cat=0
split_feature=99 111 82 108 7
split_gain=1.4473 2.41404 1.62974 1.37455 0.901448
threshold=0.79948403799794066 -0.53389699002506419 -0.66948034188559979 0.60827330786285283 1.8739476997619577
decision_type=2 2 2 2 2
left_child=2 -2 -1 -3 -4
right_child=1 3 4 -5 -6
leaf_value=-0.00053886034927228129 -0.0015098758286823961 6.0564166989974296e-05 0.00016611955539474395 -0.00068060055682166252 -0.000618769768142842
leaf_weight=75 42 261 1870 75 77
leaf_count=75 42 261 1870 75 77
internal_value=0.000349709 -0.00191579 0.000774704 -0.000757396 0.000999487
internal_weight=2400 378 2022 336 1947
internal_count=2400 378 2022 336 1947
is_linear=0
shrinkage=0.04


Tree=24
num_leaves=7
num_cat=0
split_feature=99 35 112 82 47 66
split_gain=1.56279 3.44435 1.71278 1.36836 2.09121 0.977682
threshold=0.79948403799794066 0.89858696062287635 -0.29562589170017145 -0.62411680829903105 -0.41162391536519582 -0.57784950826121284
decision_type=2 2 2 2 2 2
left_child=3 2 -2 4 -1 -5
right_child=1 -3 -4 5 -6 -7
leaf_value=-0.00078134994115641385 -0.0012683113781685113 -0.0013798447083633706 4.9434454294830603e-05 -0.00014363972326823061 0.00042475003523446779 0.00024913094799065112
leaf_weight=54 42 42 294 441 57 1470
leaf_count=54 42 42 294 441 57 1470
internal_value=0.000333056 -0.00202105 -0.000639053 0.000774704 -0.00350442 0.00102666
internal_weight=2400 378 336 2022 111 1911
internal_count=2400 378 336 2022 111 1911
is_linear=0
shrinkage=0.04


Tree=25
num_leaves=8
num_cat=0
split_feature=35 63 82 69 102 58 25
split_gain=1.7267 2.15041 2.48478 1.15256 2.10779 1.46474 0.511505
threshold=0.77283903301989643 -0.13800534966591413 0.80314426260971705 -0.29149371236178218 0.24780254668493887 -0.70664127319167191 0.64487770071770079
decision_type=2 2 2 2 2 2 2
left_child=3 6 -3 4 -1 -5 -2
right_child=1 2 -4 5 -6 -7 -8
leaf_value=0.00015184372036757487 -0.00022421479370727325 -0.00087285471582600833 0.00079204089698989429 -0.00070177561827894841 -0.00064514818276200964 0.0002433215754305753 0.00095742167002600036
leaf_weight=533 40 90 46 51 259 1323 58
leaf_count=533 40 90 46 51 259 1323 58
internal_value=0.000266445 -0.00298305 -0.0062029 0.000619926 -0.000594458 0.00131977 0.00152
internal_weight=2400 234 136 2166 792 1374 98
internal_count=2400 234 136 2166 792 1374 98
is_linear=0
shrinkage=0.04


Tree=26
num_leaves=7
num_cat=0
split_feature=42 66 118 20 42 35
split_gain=1.48474 1.80753 2.46982 1.69575 0.769065 0.392199
threshold=-0.59800870334428236 -0.57784950826121284 0.16154541653225932 0.40039761991682177 -1.3596259848024963 0.5458133573439824
decision_type=2 2 2 2 2 2
left_child=4 3 -3 -2 -1 -6
right_child=1 2 -4 -5 5 -7
leaf_value=-0.0002080736921209785 -0.00026503114544049736 0.00032780979490456164 -0.00039128916669341088 -0.00067904064802259154 0.00047920362652084447 -5.6641619876096689e-05
leaf_weight=40 389 968 515 68 379 41
leaf_count=40 389 968 515 68 379 41
internal_value=0.00029975 -0.000185376 0.000492929 -0.00237908 0.00233766 0.0028436
internal_weight=2400 1940 1483 457 460 420
internal_count=2400 1940 1483 457 460 420
is_linear=0
shrinkage=0.04


Tree=27
num_leaves=7
num_cat=0
split_feature=99 35 112 18 64 98
split_gain=1.27569 3.58386 1.82431 1.10158 1.69571 0.966428
threshold=0.79948403799794066 0.89858696062287635 -0.29562589170017145 0.029861611688273462 0.50293024453871804 0.04574721792505583
decision_type=2 2 2 2 2 2
left_child=3 2 -2 4 -1 -5
right_child=1 -3 -4 5 -6 -7
leaf_value=-0.00017122623722257575 -0.0011727693403642762 -0.0012766797260016741 3.0119715990286466e-05 6.2451150888876008e-05 0.00053957121260193646 0.00046858618011425386
leaf_weight=818 42 42 294 509 222 473
leaf_count=818 42 42 294 509 222 473
internal_value=0.000316403 -0.00181053 -0.000402367 0.000715415 -0.000191938 0.0016748
internal_weight=2400 378 336 2022 1040 982
internal_count=2400 378 336 2022 1040 982
is_linear=0
shrinkage=0.04


Tree=28
num_leaves=6
num_cat=0
split_feature=82 39 94 91 63
split_gain=1.54205 1.49545 1.48272 3.23456 1.00545
threshold=-0.62411680829903105 0.084505429835711562 0.029252397770906283 -0.48940823924498184 -1.2560792875440239
decision_type=2 2 2 2 2
left_child=1 -1 4 -4 -2
right_child=2 -3 3 -5 -6
leaf_value=0.00043279356785381681 -0.0010748223136318724 -0.00039058541722421659 -0.00098860085960208424 3.0110364988241627e-06 0.00024236413319640523
leaf_weight=51 42 60 72 1059 1116
leaf_count=51 42 60 72 1059 1116
internal_value=0.000349709 -0.00421239 0.000574422 -0.000455428 0.00157931
internal_weight=2400 111 2289 1131 1158
internal_count=2400 111 2289 1131 1158
is_linear=0
shrinkage=0.04


Tree=29
num_leaves=6
num_cat=0
split_feature=82 47 99 35 115
split_gain=1.41257 2.37684 1.38859 3.06721 0.990206
threshold=-0.65880442554174035 -0.39957990090801376 0.79948403799794066 0.89858696062287635 1.1937175866585668
decision_type=2 2 2 2 2
left_child=1 -1 4 -4 -2
right_child=2 -3 3 -5 -6
leaf_value=-0.00082181747364892452 0.00017500530015040493 0.00049146477383314616 -4.6848952775769579e-05 -0.0011909923655569379 -0.00063979006372876705
leaf_weight=44 1830 43 336 42 105
leaf_count=44 1830 43 336 42 105
internal_value=0.000316403 -0.00462921 0.000506264 -0.00170526 0.000939597
internal_weight=2400 87 2313 378 1935
internal_count=2400 87 2313 378 1935
is_linear=0
shrinkage=0.04


Tree=30
num_leaves=7
num_cat=0
split_feature=42 69 94 112 42 35
split_gain=1.24316 1.60891 2.42543 1.19414 0.719292 0.572617
threshold=-0.59800870334428236 -0.29149371236178218 -0.43678096290356655 -0.63245434447111837 -1.3596259848024963 0.5458133573439824
decision_type=2 2 2 2 2 2
left_child=4 2 -2 -3 -1 -6
right_child=1 3 -4 -5 5 -7
leaf_value=-0.00020959647228110853 0.00037052854160459468 -0.00020680394820807193 -0.00057314101245302244 0.00018428223522444221 0.00046007600143488294 -5.4647560185911215e-05
leaf_weight=40 133 229 528 1050 379 41
leaf_count=40 133 229 528 1050 379 41
internal_value=0.00029975 -0.000144181 -0.00174359 0.000683841 0.0021645 0.00265403
internal_weight=2400 1940 661 1279 460 420
internal_count=2400 1940 661 1279 460 420
is_linear=0
shrinkage=0.04


Tree=31
num_leaves=6
num_cat=0
split_feature=81 33 118 91 87
split_gain=1.23688 2.20353 1.18767 2.51445 1.20401
threshold=-1.1817228940238584 0.31188369411875078 0.38450290425193262 -0.44671656794906617 0.63684797588910302
decision_type=2 2 2 2 2
left_child=1 -1 4 -4 -2
right_child=2 -3 3 -5 -6
leaf_value=0.00046974550742505459 0.00024590528624799317 -0.00046801510050260104 -0.0011157038230476264 3.5759607980877685e-07 -0.00028581129510779347
leaf_weight=57 1305 42 69 684 243
leaf_count=57 1305 42 69 684 243
internal_value=0.000333056 -0.004 0.000522796 -0.000778808 0.00115613
internal_weight=2400 99 2301 753 1548
internal_count=2400 99 2301 753 1548
is_linear=0
shrinkage=0.04


Tree=32
num_leaves=7
num_cat=0
split_feature=99 35 112 26 64 26
split_gain=1.2361 2.47229 1.71278 1.1392 1.60516 0.670854
threshold=0.79948403799794066 0.89858696062287635 -0.29562589170017145 0.16365821830652638 0.50293024453871804 1.0965849948617132
decision_type=2 2 2 2 2 2
left_child=3 2 -2 4 -1 -5
right_child=1 -3 -4 5 -6 -7
leaf_value=-0.00011600797532230919 -0.0010809261547759419 -0.0010842750121209978 3.2015219835796998e-05 0.00026852436865445854 0.00052623561855445018 -8.4122034499623026e-05
leaf_weight=957 42 42 294 692 239 134
leaf_count=957 42 42 294 692 239 134
internal_value=0.000283098 -0.00181053 -0.000639053 0.000675889 -0.000113522 0.00181643
internal_weight=2400 378 336 2022 1196 826
internal_count=2400 378 336 2022 1196 826
is_linear=0
shrinkage=0.04


Tree=33
num_leaves=8
num_cat=0
split_feature=66 42 68 75 111 64 0
split_gain=1.13088 1.46501 2.13232 0.949181 0.43765 0.655787 0.00652879
threshold=0.70617278014258289 -0.59800870334428236 -0.21904247964105852 -0.70406751420660807 -0.019498421392428699 0.33186653653911075 0.60585646849216868
decision_type=2 2 2 2 2 2 2
left_child=1 3 -3 -1 5 -2 -6
right_child=4 2 -4 -5 6 -7 -8
leaf_value=-0.0002303816822992263 0.00040852700773288844 0.0001432621963241834 -0.00029929934807575257 0.00044940779275366298 0.00072872606632407716 -0.0001804451927415763 0.00091775940807704631
leaf_weight=41 87 718 949 365 137 63 40
leaf_count=41 87 718 949 365 137 63 40
internal_value=0.000216486 -0.000129156 -0.000654284 0.00201961 0.00239514 0.000789474 0.00373184
internal_weight=2400 2073 1667 406 327 150 177
internal_count=2400 2073 1667 406 327 150 177
is_linear=0
shrinkage=0.04


Tree=34
num_leaves=7
num_cat=0
split_feature=99 35 112 82 47 94
split_gain=1.34299 2.41404 1.65828 1.30609 1.41282 1.10174
threshold=0.79948403799794066 0.89858696062287635 -0.29562589170017145 -0.62411680829903105 -0.39957990090801376 -0.43678096290356655
decision_type=2 2 2 2 2 2
left_child=3 2 -2 4 -1 -5
right_child=1 -3 -4 5 -6 -7
leaf_value=-0.0006091896303239701 -0.0010416493491787443 -0.0010307022849722553 3.0795533128209635e-05 0.00028167497432580503 0.00044605728215109424 3.6668788961008384e-05
leaf_weight=56 42 42 294 558 55 1353
leaf_count=56 42 42 294 558 55 1353
internal_value=0.000266445 -0.00191579 -0.000757396 0.000675889 -0.00350442 0.000922112
internal_weight=2400 378 336 2022 111 1911
internal_count=2400 378 336 2022 111 1911
is_linear=0
shrinkage=0.04


Tree=35
num_leaves=8
num_cat=0
split_feature=79 35 74 67 98 63 14
split_gain=1.19436 1.75929 3.33343 1.6391 1.0455 1.67345 0.901976
threshold=-0.12721809329466502 0.7446384234910739 -0.67391772592229526 -0.26169762868670771 0.92120627464906701 0.31809270261152556 0.66791606622561328
decision_type=2 2 2 2 2 2 2
left_child=1 3 -3 -1 6 -6 -2
right_child=4 2 -4 -5 5 -7 -8
leaf_value=-0.00046033444606868499 9.7798732808636148e-05 0.0010503319904817798 -0.0008691474658153092 0.00017378419473382701 -0.00074090635533254274 0.00048847018148207608 0.00077502943244429402
leaf_weight=265 961 45 92 633 91 77 236
leaf_count=265 961 45 92 633 91 77 236
internal_value=0.000233139 -0.000790742 -0.00497842 -0.000142222 0.00100951 -0.00192941 0.00142452
internal_weight=2400 1035 137 898 1365 168 1197
internal_count=2400 1035 137 898 1365 168 1197
is_linear=0
shrinkage=0.04


Tree=36
num_leaves=7
num_cat=0
split_feature=99 111 105 82 47 94
split_gain=1.19713 2.47229 1.46288 1.07172 1.35444 0.889279
threshold=0.79948403799794066 -0.53389699002506419 1.011551450684093 -0.62411680829903105 -0.41162391536519582 -0.43678096290356655
decision_type=2 2 2 2 2 2
left_child=3 -2 -3 4 -1 -5
right_child=1 2 -4 5 -6 -7
leaf_value=-0.00059325762733270372 -0.0010990564872807012 -0.00032140194410772377 9.9963334125829589e-05 0.00026436843058382089 0.00034668255509244592 3.0124130868599003e-05
leaf_weight=54 42 81 255 558 57 1353
leaf_count=54 42 81 255 558 57 1353
internal_value=0.000249792 -0.00181053 -0.000639053 0.000636364 -0.00315044 0.000859383
internal_weight=2400 378 336 2022 111 1911
internal_count=2400 378 336 2022 111 1911
is_linear=0
shrinkage=0.04


Tree=37
num_leaves=7
num_cat=0
split_feature=99 35 112 18 64 77
split_gain=1.21653 2.47229 1.71278 0.962375 1.50505 0.719747
threshold=0.79948403799794066 0.89858696062287635 -0.29562589170017145 0.029861611688273462 0.50293024453871804 0.16606069381530403
decision_type=2 2 2 2 2 2
left_child=3 2 -2 4 -1 -5
right_child=1 -3 -4 5 -6 -7
leaf_value=-0.00014466704868080338 -0.00094014421399048187 -0.00091554211766530446 2.3498420239390782e-05 0.00010778383981668146 0.00050061549762347979 0.00041031226070229382
leaf_weight=818 42 42 294 624 222 358
leaf_count=818 42 42 294 624 222 358
internal_value=0.000266445 -0.00181053 -0.000639053 0.000656127 -0.000191938 0.00155285
internal_weight=2400 378 336 2022 1040 982
internal_count=2400 378 336 2022 1040 982
is_linear=0
shrinkage=0.04


Tree=38
num_leaves=7
num_cat=0
split_feature=99 111 105 18 34 98
split_gain=1.19713 2.47229 1.46288 1.00524 1.33361 1.02362
threshold=0.79948403799794066 -0.53389699002506419 1.011551450684093 0.029861611688273462 -0.95663866831195266 0.04574721792505583
decision_type=2 2 2 2 2 2
left_child=3 -2 -3 4 -1 -5
right_child=1 2 -4 5 -6 -7
leaf_value=0.00045135442834482668 -0.001018374134637438 -0.00027192418611449713 9.5024863951220735e-05 5.8638687904371687e-05 -0.0001015811842474856 0.00041505422628805897
leaf_weight=168 42 81 255 509 872 473
leaf_count=168 42 81 255 509 872 473
internal_value=0.000249792 -0.00181053 -0.000639053 0.000636364 -0.000230326 0.00155285
internal_weight=2400 378 336 2022 1040 982
internal_count=2400 378 336 2022 1040 982
is_linear=0
shrinkage=0.04


Tree=39
num_leaves=7
num_cat=0
split_feature=32 66 117 45 87 11
split_gain=1.058 1.52945 1.56535 1.15328 0.131137 0.339905
threshold=-1.1017410604656337 -0.77061048672542309 0.18658835492295209 -0.23577852217770975 0.63684797588910302 -0.028624634606426582
decision_type=2 2 2 2 2 2
left_child=4 3 -3 -2 -1 -6
right_child=1 2 -4 -5 5 -7
leaf_value=0.00056119655066750056 -0.00080712556140324812 0.00018034562552935116 -9.1292977257065384e-05 -2.7709233481091569e-05 -0.00057573257758721538 0.0010530270037214606
leaf_weight=107 103 1199 649 249 40 53
leaf_count=107 103 1199 649 249 40 53
internal_value=0.000199834 -5.44958e-05 0.000406487 -0.00246328 0.0029703 0.00181053
internal_weight=2400 2200 1848 352 200 93
internal_count=2400 2200 1848 352 200 93
is_linear=0
shrinkage=0.04


Tree=40
num_leaves=6
num_cat=0
split_feature=28 11 86 86 115
split_gain=1.01123 1.63801 1.16499 2.62089 1.07996
threshold=-0.73458791210681917 0.35101699571818717 0.55027098246995465 0.75113841298891282 0.92746031311689159
decision_type=2 2 2 2 2
left_child=1 -1 4 -4 -2
right_child=2 -3 3 -5 -6
leaf_value=-0.00083888692912759675 0.00017353104179246268 0.00037031033504577731 -0.00070178062643793955 1.6746385996255435e-05 -0.00060447916487387909
leaf_weight=49 1600 41 117 451 142
leaf_count=49 1600 41 117 451 142
internal_value=0.000199834 -0.00391304 0.000363322 -0.00120702 0.000876147
internal_weight=2400 90 2310 568 1742
internal_count=2400 90 2310 568 1742
is_linear=0
shrinkage=0.04


Tree=41
num_leaves=6
num_cat=0
split_feature=19 19 37 26 1
split_gain=0.934254 1.10615 1.46814 1.16255 0.0615457
threshold=-0.92827504649535519 0.08539945158050917 -0.62945329076525292 0.68086186462967713 -0.69381269633759668
decision_type=2 2 2 2 2
left_child=4 2 -2 -3 -1
right_child=1 3 -4 -5 -6
leaf_value=0.00049890605576435171 -0.0005958791363884974 0.00026892271734804262 -3.8323181277724357e-05 -9.2266484414229284e-05 0.00045919673113944487
leaf_weight=100 42 732 1108 378 40
leaf_count=100 42 732 1108 378 40
internal_value=0.000233139 3.53671e-05 -0.000833333 0.000935252 0.00338028
internal_weight=2400 2260 1150 1110 140
internal_count=2400 2260 1150 1110 140
is_linear=0
shrinkage=0.04


Tree=42
num_leaves=8
num_cat=0
split_feature=79 86 86 35 96 98 89
split_gain=1.0488 1.79326 4.49604 1.59801 1.08869 1.15969 0.322058
threshold=-0.092932631924653494 0.48010074782029977 0.75113841298891282 0.63527268176903562 -0.4048146136227333 0.92120627464906701 0.23972484413952846
decision_type=2 2 2 2 2 2 2
left_child=1 3 -3 -1 6 -6 -2
right_child=4 2 -4 -5 5 -7 -8
leaf_value=0.00019112622243479729 0.00051436862680824579 -0.0011687638663125661 9.4775285652081741e-06 -0.00050948319245365786 5.7366773698611667e-05 -0.00057992694145337417 0.00039879565584901975
leaf_weight=677 239 96 189 127 805 102 165
leaf_count=677 239 96 189 127 805 102 165
internal_value=0.000216486 -0.000700275 -0.00341463 0.00026799 0.000977913 0.000206821 0.00269951
internal_weight=2400 1089 285 804 1311 907 404
internal_count=2400 1089 285 804 1311 907 404
is_linear=0
shrinkage=0.04


Tree=43
num_leaves=7
num_cat=0
split_feature=112 105 85 116 28 73
split_gain=1.00955 2.35764 1.42495 0.934117 2.02861 1.61108
threshold=-0.61602103303377931 0.85738531663817963 0.16110245968483053 -0.23702015028038817 -0.57072535797817758 0.7563551354829916
decision_type=2 2 2 2 2 2
left_child=1 2 -1 5 -5 -2
right_child=3 -3 -4 4 -6 -7
leaf_value=-0.0003157398411410657 5.0294679972820431e-05 -0.00093701476136430657 0.00018495600308978671 -0.00030763776389463151 0.00031589682824096016 -0.00067736879459999488
leaf_weight=192 618 45 381 153 891 120
leaf_count=192 618 45 381 153 891 120
internal_value=0.000216486 -0.00117419 -0.000466087 0.000699552 0.00146845 -0.000389189
internal_weight=2400 618 573 1782 1044 738
internal_count=2400 618 573 1782 1044 738
is_linear=0
shrinkage=0.04


Tree=44
num_leaves=7
num_cat=0
split_feature=92 28 106 30 14 85
split_gain=1.12303 2.56672 1.40834 0.979551 1.40632 0.217534
threshold=-0.17344165081967836 -0.73458791210681917 0.92420474031325961 -0.47429917618553863 0.60294506830544259 -0.40684992533436676
decision_type=2 2 2 2 2 2
left_child=3 -2 -3 5 -5 -1
right_child=1 2 -4 4 -6 -7
leaf_value=0.0001899512919286451 -0.00084985316310062689 1.9786150713737016e-05 -0.00072528912588771329 -4.3965049871306117e-05 0.00070443166963365803 0.00050455203352385363
leaf_weight=73 41 1240 81 564 179 222
leaf_count=73 41 1240 81 564 179 222
internal_value=0.000233139 -0.000521994 -0.000208617 0.00122308 0.000445638 0.00316498
internal_weight=2400 1362 1321 1038 743 295
internal_count=2400 1362 1321 1038 743 295
is_linear=0
shrinkage=0.04


Tree=45
num_leaves=6
num_cat=0
split_feature=19 66 68 26 1
split_gain=0.964152 1.20178 1.36847 0.443678 0.0615457
threshold=-0.92827504649535519 0.70617278014258289 -0.21904247964105852 1.1454906492859092 -0.69381269633759668
decision_type=2 2 2 2 2
left_child=4 2 -2 -3 -1
right_child=1 3 -4 -5 -6
leaf_value=0.00046543868410466027 7.9588298879495803e-05 0.00064781426929125154 -0.00017081266108535164 -4.8213871272061667e-05 0.00042126153841508723
leaf_weight=100 852 265 1087 56 40
leaf_count=100 852 265 1087 56 40
internal_value=0.000183181 -1.76833e-05 -0.000393611 0.00224149 0.00338028
internal_weight=2400 2260 1939 321 140
internal_count=2400 2260 1939 321 140
is_linear=0
shrinkage=0.04


Tree=46
num_leaves=7
num_cat=0
split_feature=79 105 112 112 85 100
split_gain=1.11756 1.7498 1.21722 1.00999 1.55311 0.913613
threshold=-0.036279201317865599 1.1884185918784866 0.488663265461033 -1.2083889032917252 -1.0000000180025095e-35 -0.033006776848541149
decision_type=2 2 2 2 2 2
left_child=1 2 -1 4 -2 -5
right_child=3 -3 -4 5 -6 -7
leaf_value=-9.2001056323377063e-05 -0.00068109003294855423 -0.00080268867956993816 0.00053083515388169223 0.00047151918433222125 0.00017117590826180447 3.6542512431423463e-05
leaf_weight=891 45 54 219 416 90 685
leaf_count=891 45 54 219 416 90 685
internal_value=0.000216486 -0.000672384 -0.000323741 0.00105331 -0.00218978 0.00145422
internal_weight=2400 1164 1110 1236 135 1101
internal_count=2400 1164 1110 1236 135 1101
is_linear=0
shrinkage=0.04


Tree=47
num_leaves=7
num_cat=0
split_feature=92 28 3 11 14 92
split_gain=1.02622 2.56672 1.40034 0.974563 2.26912 0.773864
threshold=-0.17344165081967836 -0.73458791210681917 -0.10585402750075572 0.57963809943561106 0.34676062309071148 -0.89761129386626648
decision_type=2 2 2 2 2 2
left_child=3 -2 -3 5 -5 -1
right_child=1 2 -4 4 -6 -7
leaf_value=-8.661904200663174e-05 -0.00079620245935411896 -0.00021372717420577858 0.00010542590407452656 -0.000786474318914628 0.00033289047745319018 0.00024976338739372914
leaf_weight=103 41 549 772 78 156 701
leaf_count=103 41 549 772 78 156 701
internal_value=0.000199834 -0.000521994 -0.000208617 0.00114615 -0.00111864 0.00180645
internal_weight=2400 1362 1321 1038 234 804
internal_count=2400 1362 1321 1038 234 804
is_linear=0
shrinkage=0.04


Tree=48
num_leaves=7
num_cat=0
split_feature=81 105 58 40 64 60
split_gain=0.925896 2.01534 1.52236 1.03022 2.44679 1.56637
threshold=0.078287104055446852 1.1884185918784866 -0.026834743564237977 -0.30370355387495845 -0.0031942195927945108 -0.93894443272279104
decision_type=2 2 2 2 2 2
left_child=1 2 -1 4 -2 -5
right_child=3 -3 -4 5 -6 -7
leaf_value=-0.00019313694474843075 -0.00055261057303971923 -0.00075581391899249162 0.00010285023815964341 -0.00010509121154283165 0.0002109648689426575 0.00042642118517303502
leaf_weight=519 148 42 729 232 271 459
leaf_count=519 148 42 729 232 271 459
internal_value=0.000233139 -0.000495356 -0.0001984 0.00107914 -0.00048456 0.00202597
internal_weight=2400 1290 1248 1110 419 691
internal_count=2400 1290 1248 1110 419 691
is_linear=0
shrinkage=0.04


Tree=49
num_leaves=7
num_cat=0
split_feature=32 115 63 97 47 34
split_gain=0.888698 1.3364 2.35831 1.26736 0.239579 0.0656894
threshold=-1.1017410604656337 1.2244498734740854 0.45016036318531 1.1527146080582089 -0.089767257927154412 -0.82835027745294931
decision_type=2 2 2 2 2 2
left_child=4 3 -3 -2 -1 -6
right_child=1 2 -4 -5 5 -7
leaf_value=1.2100821335702064e-05 3.4469241014430545e-05 -0.0010367547504451311 6.4957755180994055e-05 -0.00054429709024513744 0.0011039522004096848 0.00037871726397922903
leaf_weight=40 2012 66 58 64 120 40
leaf_count=40 2012 66 58 64 120 40
internal_value=0.000233139 1.48876e-10 -0.004 0.000242541 0.00277228 0.00345679
internal_weight=2400 2200 124 2076 200 160
internal_count=2400 2200 124 2076 200 160
is_linear=0
shrinkage=0.04


Tree=50
num_leaves=7
num_cat=0
split_feature=42 118 96 66 59 7
split_gain=0.898818 1.08807 1.78425 1.40513 0.946338 0.30396
threshold=-0.58967200677696641 0.29414774104072 -0.4048146136227333 -0.8902987826357821 -0.64562513081411599 1.5337851590291256
decision_type=2 2 2 2 2 2
left_child=4 3 -3 -2 -1 -6
right_child=1 2 -4 -5 5 -7
leaf_value=-0.00019076831569148539 -0.00029395388856815911 0.00031935015181246704 -0.00043171226926382532 0.00016780722973269957 0.00038742126350301795 1.1973817371390537e-05
leaf_weight=48 139 163 514 1114 380 42
leaf_count=48 139 163 514 1114 380 42
internal_value=0.00029975 -8.28156e-05 -0.00137261 0.00061514 0.00186441 0.0024717
internal_weight=2400 1930 677 1253 470 422
internal_count=2400 1930 677 1253 470 422
is_linear=0
shrinkage=0.04


Tree=51
num_leaves=6
num_cat=0
split_feature=92 28 81 81 11
split_gain=1.06016 2.61393 1.2104 1.18107 0.891804
threshold=-0.17344165081967836 -0.73458791210681917 -1.1817228940238584 0.078287104055446852 0.57963809943561106
decision_type=2 2 2 2 2
left_child=2 -2 -1 -3 -4
right_child=1 3 4 -5 -6
leaf_value=-0.00015057961519857353 -0.00071823208500626024 -0.00016299591841088305 0.00023667835273711216 0.00016465630954693678 -9.3348323939020778e-05
leaf_weight=72 41 692 750 629 216
leaf_count=72 41 692 750 629 216
internal_value=0.00029975 -0.000434017 0.00126154 -0.000117914 0.00163636
internal_weight=2400 1362 1038 1321 966
internal_count=2400 1362 1038 1321 966
is_linear=0
shrinkage=0.04


Tree=52
num_leaves=6
num_cat=0
split_feature=17 24 81 94 1
split_gain=0.885455 0.854361 1.11289 0.900095 0.0615457
threshold=-0.92827504649535519 0.63595343429361806 -1.1584304836884112 0.39877411510954192 -0.69381269633759668
decision_type=2 2 2 2 2
left_child=4 2 -2 -3 -1
right_child=1 3 -4 -5 -6
leaf_value=0.00042337549952880686 -0.00023432522505188004 0.00041344864805859828 -1.5970214128001146e-06 -0.00050763219564451095 0.00034541435457111731
leaf_weight=100 81 373 1766 40 40
leaf_count=100 81 373 1766 40 40
internal_value=0.000316403 0.000123784 -0.000244456 0.00176386 0.00338028
internal_weight=2400 2260 1847 413 140
internal_count=2400 2260 1847 413 140
is_linear=0
shrinkage=0.04


Tree=53
num_leaves=7
num_cat=0
split_feature=92 28 102 26 33 91
split_gain=0.874262 1.75931 1.07288 0.967916 2.85445 0.772426
threshold=-0.17344165081967836 -0.73458791210681917 -0.79580645083910295 0.68086186462967713 0.35790760998942822 -0.47408623934408256
decision_type=2 2 2 2 2 2
left_child=3 -2 -3 5 -5 -1
right_child=1 2 -4 4 -6 -7
leaf_value=-0.00011266357466249767 -0.00068943892074949792 0.00038426729977268816 -5.9748370808188494e-05 -0.0011064238396919293 0.00048453937226398508 0.00023502882931047045
leaf_weight=97 41 268 1053 40 57 844
leaf_count=97 41 268 1053 40 57 844
internal_value=0.000349709 -0.000316715 -5.74451e-05 0.00122308 -0.00254545 0.00161612
internal_weight=2400 1362 1321 1038 97 941
internal_count=2400 1362 1321 1038 97 941
is_linear=0
shrinkage=0.04


Tree=54
num_leaves=7
num_cat=0
split_feature=28 59 47 81 0 0
split_gain=0.884279 1.37511 3.26574 1.1801 0.267966 0.00510965
threshold=1.2400618601970643 1.0720135370624833 -0.6491134425386994 -0.39326209887150826 0.98522544466298811 -0.66955704973460717
decision_type=2 2 2 2 2 2
left_child=1 3 -3 -1 5 -2
right_child=4 2 -4 -5 -6 -7
leaf_value=-0.00010596171017996865 0.00084995623886905617 -0.0011022367761636118 -0.0003369554516448707 8.9733297931660831e-05 0.00018038116753657087 0.00103378244514211
leaf_weight=557 40 42 239 1373 40 109
leaf_count=557 40 42 239 1373 40 109
internal_value=0.00029975 7.41077e-05 -0.00253004 0.000455487 0.00291099 0.00368212
internal_weight=2400 2211 281 1930 189 149
internal_count=2400 2211 281 1930 189 149
is_linear=0
shrinkage=0.04


Tree=55
num_leaves=6
num_cat=0
split_feature=19 66 33 18 1
split_gain=0.895112 0.952857 0.994244 0.490025 0.0615457
threshold=-0.92827504649535519 0.70617278014258289 0.41678742166176191 0.58804672599307783 -0.69381269633759668
decision_type=2 2 2 2 2
left_child=4 2 -2 -3 -1
right_child=1 3 -4 -5 -6
leaf_value=0.00039426170581829853 -7.6057916164999748e-05 0.00054648778338717665 9.2262780633514067e-05 -3.4934745991699675e-05 0.00031978640341382856
leaf_weight=100 1361 270 578 51 40
leaf_count=100 1361 270 578 51 40
internal_value=0.00029975 0.000106101 -0.000228748 0.00211765 0.00338028
internal_weight=2400 2260 1939 321 140
internal_count=2400 2260 1939 321 140
is_linear=0
shrinkage=0.04


Tree=56
num_leaves=7
num_cat=0
split_feature=32 118 1 31 91 0
split_gain=1.00774 1.07426 1.7124 1.37218 0.17653 0.00498826
threshold=-1.1017410604656337 0.3629330169400497 -1.2727416665118629 -0.96684939359829525 -0.29954800864781894 -0.13515558710903294
decision_type=2 2 2 2 2 2
left_child=4 3 -3 -2 -1 -6
right_child=1 2 -4 -5 5 -7
leaf_value=8.6721089737286299e-05 -0.00024138861441868183 -0.00056927363996118411 -5.797489702533165e-05 8.1441185506642594e-05 0.00038640087756282548 0.00081305255444334267
leaf_weight=53 41 42 664 1453 107 40
leaf_count=53 41 42 664 1453 107 40
internal_value=0.000266445 1.81655e-05 -0.00126554 0.000625669 0.0029703 0.00367785
internal_weight=2400 2200 706 1494 200 147
internal_count=2400 2200 706 1494 200 147
is_linear=0
shrinkage=0.04


Tree=57
num_leaves=8
num_cat=0
split_feature=79 112 74 103 36 16 79
split_gain=0.912039 1.44885 1.50312 0.989088 1.14954 0.59651 0.268662
threshold=0.049491334757264312 0.4707339206548195 -0.21555883432709863 -0.51084012641488796 0.41662066381115265 0.18433485668494873 0.16675211780935587
decision_type=2 2 2 2 2 2 2
left_child=1 2 -1 6 -5 -3 -2
right_child=3 5 -4 4 -6 -7 -8
leaf_value=4.4224279683988089e-05 0.00024419515561169779 0.00083790892396023639 -0.00023211865652636953 -5.7347990608878894e-05 0.00035951021644181771 1.428462166464215e-05 0.00057953492946364378
leaf_weight=479 44 141 540 586 278 111 221
leaf_count=479 44 141 540 586 278 111 221
internal_value=0.000266445 -0.000468185 -0.00114006 0.00109284 0.00043418 0.00223622 0.00322097
internal_weight=2400 1271 1019 1129 864 252 265
internal_count=2400 1271 1019 1129 864 252 265
is_linear=0
shrinkage=0.04


Tree=58
num_leaves=7
num_cat=0
split_feature=92 28 94 11 40 92
split_gain=0.988051 1.73347 1.23438 0.927899 1.25648 0.822111
threshold=-0.17344165081967836 -0.73458791210681917 -0.81427356452442012 0.57963809943561106 -0.27470221247105869 -0.89761129386626648
decision_type=2 2 2 2 2 2
left_child=3 -2 -3 5 -5 -1
right_child=1 2 -4 4 -6 -7
leaf_value=-9.5369545982543289e-05 -0.00065403055431217938 0.00023401409078483985 -6.8101201548828995e-05 -0.00066392107723347584 0.0003890114064000115 0.000232344450950396
leaf_weight=103 41 348 973 124 110 701
leaf_count=103 41 348 973 124 110 701
internal_value=0.000333056 -0.000375366 -0.000117914 0.00126154 -0.000949152 0.00190571
internal_weight=2400 1362 1321 1038 234 804
internal_count=2400 1362 1321 1038 234 804
is_linear=0
shrinkage=0.04


Tree=59
num_leaves=6
num_cat=0
split_feature=102 7 46 73 50
split_gain=0.952877 0.976067 1.30991 0.347253 0.19719
threshold=-1.0316994322868143 1.9252359277233431 1.437407363028689 -0.75203011567380185 0.62372260328593077
decision_type=2 2 2 2 2
left_child=3 2 -2 -1 -5
right_child=1 -3 -4 4 -6
leaf_value=-0.00011754471446595028 -1.1372983119717195e-05 -0.00077952815731004653 0.0002577630437305334 0.00058714715762255487 0.00035426567820428926
leaf_weight=42 1805 62 278 156 57
leaf_count=42 1805 62 278 156 57
internal_value=0.000266445 -9.31517e-06 0.000140048 0.00256809 0.0032186
internal_weight=2400 2145 2083 255 213
internal_count=2400 2145 2083 255 213
is_linear=0
shrinkage=0.04


Tree=60
num_leaves=6
num_cat=0
split_feature=17 117 91 57 1
split_gain=0.924391 0.876772 1.51507 1.08335 0.0615457
threshold=-0.92827504649535519 0.18658835492295209 -0.44671656794906617 -0.75357483592028185 -0.69381269633759668
decision_type=2 2 2 2 2
left_child=4 3 -3 -2 -1
right_child=1 2 -4 -5 -6
leaf_value=0.00033453724631386843 -0.00031819484591646616 -0.00069345988403811843 -1.534268505504917e-05 0.00014915905130481502 0.00026975000814384836
leaf_weight=100 163 56 838 1203 40
leaf_count=100 163 56 838 1203 40
internal_value=0.000249792 5.30505e-05 -0.000919643 0.000690059 0.00338028
internal_weight=2400 2260 894 1366 140
internal_count=2400 2260 894 1366 140
is_linear=0
shrinkage=0.04


Tree=61
num_leaves=7
num_cat=0
split_feature=32 43 24 36 91 0
split_gain=0.842676 0.993281 1.26489 1.04873 0.25037 0.00467033
threshold=-1.1017410604656337 0.11674981648194312 -0.45471271877237479 -0.92521415595776024 -0.24442344766321128 -0.13515558710903294
decision_type=2 2 2 2 2 2
left_child=4 3 -3 -2 -1 -6
right_child=1 2 -4 -5 5 -7
leaf_value=4.8264965637796331e-05 -0.00038218116981114924 -0.00037477147947886333 -2.5264047967558596e-05 9.2833837703217514e-05 0.00036880600231377526 0.00077969048781024173
leaf_weight=58 117 168 748 1167 102 40
leaf_count=58 117 168 748 1167 102 40
internal_value=0.00029975 7.26614e-05 -0.000932462 0.000790047 0.00277228 0.00366667
internal_weight=2400 2200 916 1284 200 142
internal_count=2400 2200 916 1284 200 142
is_linear=0
shrinkage=0.04


Tree=62
num_leaves=8
num_cat=0
split_feature=45 46 73 28 64 76 61
split_gain=0.816122 1.57562 2.46116 1.20483 0.725122 1.21877 0.422473
threshold=0.04069409141512479 -0.19982783623268172 0.72642830512096779 -0.57812835199283608 -0.21971225204750341 -0.59518458088933157 0.32778393778691411
decision_type=2 2 2 2 2 2 2
left_child=1 3 -3 -1 6 -6 -2
right_child=4 2 -4 -5 5 -7 -8
leaf_value=-0.00062372443637303393 0.0002894847659239631 -2.8387897421674693e-05 -0.0010096398254865156 0.00026535002798687359 -0.00035698666486341053 7.944065297170989e-05 -5.8597990170633889e-05
leaf_weight=54 386 474 94 648 82 616 46
leaf_count=54 386 474 94 648 82 616 46
internal_value=0.000349709 -0.000345912 -0.00190877 0.000920455 0.00113074 0.000331429 0.00241475
internal_weight=2400 1270 568 702 1130 698 432
internal_count=2400 1270 568 702 1130 698 432
is_linear=0
shrinkage=0.04


Tree=63
num_leaves=7
num_cat=0
split_feature=34 35 118 92 44 3
split_gain=0.823517 1.08515 1.53503 0.786118 0.421695 0.00612282
threshold=-0.95663866831195266 -1.0400768274526315 0.16154541653225932 -0.17344165081967836 2.1155237661883288 -0.25202304761358507
decision_type=2 2 2 2 2 2
left_child=4 2 -2 -3 5 -1
right_child=1 3 -4 -5 -6 -7
leaf_value=0.000483366285767466 0.00059468213347132245 7.9870130594303213e-05 -0.000854519193537622 -3.7105404211235499e-05 -1.6579253454326979e-05 0.00070547881749749932
leaf_weight=128 51 995 44 1100 42 40
leaf_count=128 51 995 44 1100 42 40
internal_value=0.000449625 0.000218978 -0.00391753 0.00041011 0.00283019 0.00371765
internal_weight=2400 2190 95 2095 210 168
internal_count=2400 2190 95 2095 210 168
is_linear=0
shrinkage=0.04


Tree=64
num_leaves=7
num_cat=0
split_feature=34 88 81 81 78 3
split_gain=0.858473 0.968751 1.43731 1.01745 0.395077 0.00602678
threshold=-0.95663866831195266 0.0055555248824918418 -0.31241266008071888 -1.108113453404727 0.8245751038007284 -0.36268655780401349
decision_type=2 2 2 2 2 2
left_child=4 3 -3 -2 5 -1
right_child=1 2 -4 -5 -6 -7
leaf_value=0.00037811166176495922 -0.00013159365729875836 -0.00044285807871509864 1.803377562461756e-05 0.0001450671203960976 1.6802386232060863e-05 0.00067725966479759928
leaf_weight=126 123 285 737 1045 44 40
leaf_count=126 123 285 737 1045 44 40
internal_value=0.000399667 0.000164234 -0.000734375 0.000950427 0.00283019 0.00371429
internal_weight=2400 2190 1022 1168 210 166
internal_count=2400 2190 1022 1168 210 166
is_linear=0
shrinkage=0.04


Tree=65
num_leaves=7
num_cat=0
split_feature=32 115 63 97 91 0
split_gain=0.786849 1.04774 2.31604 0.921831 0.25037 0.00467033
threshold=-1.1017410604656337 1.1937175866585668 0.52184459954514784 1.1527146080582089 -0.24442344766321128 -0.13515558710903294
decision_type=2 2 2 2 2 2
left_child=4 3 -3 -2 -1 -6
right_child=1 2 -4 -5 5 -7
leaf_value=1.7863587121124248e-05 3.7035197646717752e-05 -0.0010014066838893233 0.00012887758752929638 -0.00042222017250979259 0.00034490808616461781 0.00073818383045451885
leaf_weight=58 2008 72 59 61 102 40
leaf_count=58 2008 72 59 61 102 40
internal_value=0.000383014 0.000163488 -0.0032782 0.000384356 0.00277228 0.00366667
internal_weight=2400 2200 131 2069 200 142
internal_count=2400 2200 131 2069 200 142
is_linear=0
shrinkage=0.04


Tree=66
num_leaves=7
num_cat=0
split_feature=102 92 79 26 43 93
split_gain=0.78199 1.06455 1.3248 0.886247 0.342785 0.172604
threshold=-1.0316994322868143 -0.17344165081967836 0.049491334757264312 0.76367062176836165 -0.36358068465769899 -0.8162325766771964
decision_type=2 2 2 2 2 2
left_child=4 3 -3 -2 -1 -6
right_child=1 2 -4 -5 5 -7
leaf_value=8.657334751344597e-05 0.00013464541063888403 -0.00027153670374379741 4.4485714116050451e-05 -0.00058684766569981031 5.745852946611775e-05 0.00057830370736199717
leaf_weight=58 901 605 565 74 40 157
leaf_count=58 901 605 565 74 40 157
internal_value=0.000482931 0.000232883 -0.000580205 0.00120778 0.00256809 0.00335678
internal_weight=2400 2145 1170 975 255 197
internal_count=2400 2145 1170 975 255 197
is_linear=0
shrinkage=0.04


Tree=67
num_leaves=7
num_cat=0
split_feature=34 88 81 81 78 0
split_gain=0.90511 0.933685 1.22088 0.867991 0.402763 0.00648568
threshold=-0.93375766811219674 0.0055555248824918418 -0.31241266008071888 -1.108113453404727 0.8245751038007284 -1.4806954795723306
decision_type=2 2 2 2 2 2
left_child=4 3 -3 -2 5 -1
right_child=1 2 -4 -5 -6 -7
leaf_value=8.7761050098100001e-05 -0.00011707645623450733 -0.00041620883449671473 1.8148656017990337e-05 0.0001300439996994993 1.3636318733291457e-05 0.00052883776921794389
leaf_weight=40 122 283 733 1042 44 136
leaf_count=40 122 283 733 1042 44 136
internal_value=0.000449625 0.00020165 -0.000683693 0.000974271 0.00288288 0.00373034
internal_weight=2400 2180 1016 1164 220 176
internal_count=2400 2180 1016 1164 220 176
is_linear=0
shrinkage=0.04


Tree=68
num_leaves=6
num_cat=0
split_feature=47 76 18 38 69
split_gain=0.74464 0.804536 1.2024 0.374687 0.583043
threshold=1.3308904255501559 -0.95493824313594 -0.90252685686269707 -0.44004117308974355 0.14303468712756459
decision_type=2 2 2 2 2
left_child=1 -1 -3 -2 -5
right_child=3 2 -4 4 -6
leaf_value=-0.00017844364569023758 0.0006602406439729625 0.00067531323735356842 3.1020635063978712e-06 0.00098201359617024219 -0.00012261439409250193
leaf_weight=43 136 156 1985 40 40
leaf_count=43 136 156 1985 40 40
internal_value=0.000449625 0.000226899 0.000337844 0.0026789 0.000487805
internal_weight=2400 2184 2141 216 80
internal_count=2400 2184 2141 216 80
is_linear=0
shrinkage=0.04


Tree=69
num_leaves=5
num_cat=0
split_feature=76 42 24 43
split_gain=0.779349 0.843348 0.987793 0.417984
threshold=-0.94148168741670923 -0.59800870334428236 0.63595343429361806 0.050688236328840085
decision_type=2 2 2 2
left_child=-1 3 -3 -2
right_child=1 2 -4 -5
leaf_value=-0.00015143490100525929 0.00054565878550282736 -1.9450278760027765e-05 0.00027984886103621701 3.5111276310113363e-05
leaf_weight=72 227 1541 363 197
leaf_count=72 227 1541 363 197
internal_value=0.000366362 0.000494421 0.000134313 0.00210329
internal_weight=2400 2328 1904 424
internal_count=2400 2328 1904 424
is_linear=0
shrinkage=0.04


Tree=70
num_leaves=7
num_cat=0
split_feature=28 69 41 110 67 1
split_gain=0.737779 1.27994 1.57361 0.962066 0.31908 0.00453702
threshold=1.2400618601970643 -0.71787734891722332 -0.044010115910575735 -0.28022081518990155 -0.008323173365151754 0.76568185151678492
decision_type=2 2 2 2 2 2
left_child=1 2 -1 -3 5 -2
right_child=4 3 -4 -5 -6 -7
leaf_value=-5.4903799943465178e-06 0.0010216846117068194 0.0002222529895860935 -0.0010288132893622899 -8.4258819174048526e-06 1.7257709069947459e-05 0.00088764061528761912
leaf_weight=276 100 728 129 1078 49 40
leaf_count=276 100 728 129 1078 49 40
internal_value=0.000316403 0.000110258 -0.00191646 0.000566372 0.00270157 0.00366197
internal_weight=2400 2211 405 1806 189 140
internal_count=2400 2211 405 1806 189 140
is_linear=0
shrinkage=0.04


Tree=71
num_leaves=7
num_cat=0
split_feature=28 69 7 28 67 0
split_gain=0.769021 1.21243 1.66603 0.930363 0.31908 0.00453702
threshold=1.2400618601970643 -0.71787734891722332 1.0000000180025095e-35 -0.72530528054434729 -0.008323173365151754 0.85539249012963026
decision_type=2 2 2 2 2 2
left_child=1 2 -1 -3 5 -2
right_child=4 3 -4 -5 -6 -7
leaf_value=0.00062917475001280894 0.0011470220723929828 -0.00020530462399971416 -0.00061798527315216835 5.3118637743615779e-05 1.6567400707149525e-05 0.00069795378322161329
leaf_weight=104 100 91 301 1715 49 40
leaf_count=104 100 91 301 1715 49 40
internal_value=0.000266445 5.60327e-05 -0.00191646 0.0005 0.00270157 0.00366197
internal_weight=2400 2211 405 1806 189 140
internal_count=2400 2211 405 1806 189 140
is_linear=0
shrinkage=0.04


Tree=72
num_leaves=7
num_cat=0
split_feature=102 28 92 73 50 35
split_gain=0.790239 1.07234 1.39916 0.530858 0.19719 0.160538
threshold=-1.0316994322868143 1.2400618601970643 -0.17344165081967836 -0.75203011567380185 0.62372260328593077 0.47611680427527936
decision_type=2 2 2 2 2 2
left_child=3 2 -2 -1 -5 -3
right_child=1 5 -4 4 -6 -7
leaf_value=-9.3788264274578394e-05 6.0169817210201493e-05 0.00090336275719295808 -0.0001184479662536914 0.00052381336422204297 0.00025627995313724333 0.00067687405981234783
leaf_weight=42 939 119 1047 156 57 40
leaf_count=42 939 119 1047 156 57 40
internal_value=0.000316403 6.52074e-05 -0.000189135 0.00241245 0.0032186 0.00320497
internal_weight=2400 2145 1986 255 213 159
internal_count=2400 2145 1986 255 213 159
is_linear=0
shrinkage=0.04


Tree=73
num_leaves=7
num_cat=0
split_feature=34 110 35 69 44 65
split_gain=0.808318 0.870486 1.11222 0.752173 0.378488 0.0670752
threshold=-0.95663866831195266 -0.29721350363711502 -1.0400768274526315 -0.74687862502896363 2.1155237661883288 -1.0609298072022131
decision_type=2 2 2 2 2 2
left_child=4 3 -3 -2 5 -1
right_child=1 2 -4 -5 -6 -7
leaf_value=0.0002421808968194231 -0.00046230527343996228 -0.00069919150458798613 -8.6172054279088356e-06 0.00017510202086760517 -1.4631686502191546e-05 0.00061137205322543393
leaf_weight=40 70 66 1344 710 42 128
leaf_count=40 70 66 1344 710 42 128
internal_value=0.000283098 5.47447e-05 -0.000538243 0.00112532 0.00264151 0.00348235
internal_weight=2400 2190 1410 780 210 168
internal_count=2400 2190 1410 780 210 168
is_linear=0
shrinkage=0.04


Tree=74
num_leaves=7
num_cat=0
split_feature=34 92 17 14 44 81
split_gain=0.907394 0.896742 1.84631 1.05207 0.34915 0.0681854
threshold=-0.93375766811219674 -0.17344165081967836 -0.41490090579843292 0.6582618937424517 2.1155237661883288 -0.39326209887150826
decision_type=2 2 2 2 2 2
left_child=4 3 -3 -2 5 -1
right_child=1 2 -4 -5 -6 -7
leaf_value=0.00010784548032446967 1.3314261394911553e-05 -0.00048086509208231733 9.0538523892160288e-06 0.00065460627985242635 -6.4993951730290432e-06 0.00057249444392804493
leaf_weight=40 803 252 933 192 45 135
leaf_count=40 803 252 933 192 45 135
internal_value=0.000266445 1.8332e-05 -0.000724515 0.000902708 0.0027027 0.00350282
internal_weight=2400 2180 1185 995 220 175
internal_count=2400 2180 1185 995 220 175
is_linear=0
shrinkage=0.04


Tree=75
num_leaves=7
num_cat=0
split_feature=34 79 92 97 44 56
split_gain=0.870555 0.814844 1.51097 1.39822 0.34915 0.0681854
threshold=-0.93375766811219674 0.12995681294770831 -0.23271576650462078 -0.54281706802523955 2.1155237661883288 -1.00534902503176
decision_type=2 2 2 2 2 2
left_child=4 2 -2 -3 5 -1
right_child=1 3 -4 -5 -6 -7
leaf_value=0.00030057466696839204 6.2042569977840425e-05 0.00046259488973490032 -0.00018979260941590919 7.4396960634639122e-06 -6.2394193661079892e-06 0.00050962080265087297
leaf_weight=40 535 215 709 721 45 135
leaf_count=40 535 215 709 721 45 135
internal_value=0.000316403 7.33274e-05 -0.000597111 0.000963753 0.0027027 0.00350282
internal_weight=2400 2180 1244 936 220 175
internal_count=2400 2180 1244 936 220 175
is_linear=0
shrinkage=0.04


Tree=76
num_leaves=6
num_cat=0
split_feature=19 66 76 98 80
split_gain=0.756587 0.854933 0.975258 0.550352 0.152089
threshold=-0.92827504649535519 0.70617278014258289 -0.86392556885783056 0.46296748477784938 -0.42403071042837542
decision_type=2 2 2 2 2
left_child=4 2 -2 -3 -1
right_child=1 3 -4 -5 -6
leaf_value=0.00023209156875284362 -0.00027783681260111113 0.00068042859846401355 -1.3180510203166157e-06 1.0565587549599832e-05 0.00036614824153528798
leaf_weight=40 85 192 1854 129 100
leaf_count=40 85 192 1854 129 100
internal_value=0.000266445 8.84175e-05 -0.000228748 0.00199381 0.00309859
internal_weight=2400 2260 1939 321 140
internal_count=2400 2260 1939 321 140
is_linear=0
shrinkage=0.04


Tree=77
num_leaves=8
num_cat=0
split_feature=81 67 59 27 102 47 68
split_gain=0.778698 1.56352 3.07524 1.50731 1.29827 1.06644 0.320725
threshold=-0.36100392684936949 -0.50722955076065179 0.2387159829881689 0.52501240209776012 -0.4151590638147844 1.0797628927408882 -0.59494080631243418
decision_type=2 2 2 2 2 2 2
left_child=1 2 -1 -3 6 -6 -2
right_child=4 3 -4 -5 5 -7 -8
leaf_value=-0.001032088520467345 1.6923743356299754e-05 0.00019555844680092693 0.00014726083382098437 -0.00019956040050288411 -2.2440738275937487e-05 0.00049213233492926124 0.00050121412915118144
leaf_weight=75 54 470 81 121 1036 147 416
leaf_count=75 54 470 81 121 1036 147 416
internal_value=0.000199834 -0.000870494 -0.00440506 7.41991e-05 0.000683988 -2.36285e-05 0.00245763
internal_weight=2400 747 156 591 1653 1183 470
internal_count=2400 747 156 591 1653 1183 470
is_linear=0
shrinkage=0.04


Tree=78
num_leaves=7
num_cat=0
split_feature=16 17 100 36 84 70
split_gain=0.740478 1.87899 2.78136 1.24218 0.797546 1.04482
threshold=-0.47710172421311109 -0.39911758272713471 -0.77708570685155076 -1.2001407581402528 -1.0112087256100124 0.2863728153495349
decision_type=2 2 2 2 2 2
left_child=4 2 -2 -3 -1 -6
right_child=1 3 -4 -5 5 -7
leaf_value=-0.00049706537583161549 0.00064811666829612581 -0.00056242300528166003 -0.00046018879643270358 4.6193462058012507e-05 0.0002081482463852941 -0.00015225603799083802
leaf_weight=47 57 53 162 1495 515 71
leaf_count=47 57 53 162 1495 515 71
internal_value=0.000233139 -0.000187677 -0.00363801 0.000304516 0.00140472 0.00180952
internal_weight=2400 1767 219 1548 633 586
internal_count=2400 1767 219 1548 633 586
is_linear=0
shrinkage=0.04


Tree=79
num_leaves=6
num_cat=0
split_feature=102 7 85 73 44
split_gain=0.712563 0.991059 1.22244 0.49131 0.219918
threshold=-1.0316994322868143 1.9252359277233431 0.99646816728326426 -0.75203011567380185 0.1430137137109245
decision_type=2 2 2 2 2
left_child=3 2 -2 -1 -5
right_child=1 -3 -4 4 -6
leaf_value=-5.6740399877041848e-05 -1.0018803316017911e-05 -0.00067739184943391747 0.00034672761023954831 0.00071214909784841104 0.00013644890642613427
leaf_weight=42 1740 62 343 141 72
leaf_count=42 1740 62 343 141 72
internal_value=0.000266445 2.79461e-05 0.000178417 0.00225681 0.00303256
internal_weight=2400 2145 2083 255 213
internal_count=2400 2145 2083 255 213
is_linear=0
shrinkage=0.04


Tree=80
num_leaves=6
num_cat=0
split_feature=17 47 37 10 80
split_gain=0.674907 0.751232 0.872175 0.576221 0.146669
threshold=-0.9358091253206664 1.1349375147772551 -0.40070040667990003 -0.44682375506624594 -0.417506415046007
decision_type=2 2 2 2 2
left_child=4 2 -2 -3 -1
right_child=1 3 -4 -5 -6
leaf_value=0.00021636673635886281 -9.9615502085941414e-05 0.00072660785783651405 1.1940744651307639e-05 7.1211787872013391e-05 0.00036697111997945796
leaf_weight=40 421 151 1592 106 90
leaf_count=40 421 151 1592 106 90
internal_value=0.000249792 8.80283e-05 -0.000172705 0.00211583 0.0030303
internal_weight=2400 2270 2013 257 130
internal_count=2400 2270 2013 257 130
is_linear=0
shrinkage=0.04


Tree=81
num_leaves=6
num_cat=0
split_feature=28 11 110 92 47
split_gain=0.635261 1.52058 0.695517 1.01472 0.83074
threshold=-0.73458791210681917 0.21427513825111949 -0.46932070091034478 -0.89761129386626648 0.48033483264062299
decision_type=2 2 2 2 2
left_child=1 -1 4 -4 -2
right_child=2 -3 3 -5 -6
leaf_value=-0.00050037344030039947 0.00012075326360390605 5.6869110253613755e-05 -0.00019833719687360637 6.1591959368780343e-06 0.00058142440576748242
leaf_weight=45 345 45 43 1756 166
leaf_count=45 345 45 43 1756 166
internal_value=0.000216486 -0.00304348 0.000346021 -2.44307e-05 0.00164522
internal_weight=2400 90 2310 1799 511
internal_count=2400 90 2310 1799 511
is_linear=0
shrinkage=0.04


Tree=82
num_leaves=7
num_cat=0
split_feature=92 28 81 11 90 92
split_gain=0.623109 1.74637 1.01117 0.955793 1.17487 0.865858
threshold=-0.17344165081967836 -0.73458791210681917 0.078287104055446852 0.57963809943561106 -0.21137525794102691 -0.89761129386626648
decision_type=2 2 2 2 2 2
left_child=3 -2 -3 5 -5 -1
right_child=1 2 -4 4 -6 -7
leaf_value=-0.00010256315621049242 -0.00049080746387031879 -0.00010975949726191885 0.00014687760548509759 -0.00064850778041528154 3.9486100800530088e-05 0.0001603964806353551
leaf_weight=103 41 692 629 64 170 701
leaf_count=103 41 692 629 64 170 701
internal_value=0.000216486 -0.000346041 -8.76794e-05 0.000953846 -0.00128814 0.00160794
internal_weight=2400 1362 1321 1038 234 804
internal_count=2400 1362 1321 1038 234 804
is_linear=0
shrinkage=0.04


Tree=83
num_leaves=7
num_cat=0
split_feature=96 28 26 72 50 75
split_gain=0.671997 0.930701 1.14995 0.493401 0.279498 0.169121
threshold=-0.92217478195702085 1.2400618601970643 1.0561155271011458 0.88312969468080149 0.62372260328593077 -0.075828186311898804
decision_type=2 2 2 2 2 2
left_child=3 2 -2 4 -1 -3
right_child=1 5 -4 -5 -6 -7
leaf_value=0.00057976950076326034 1.4465975202689465e-06 0.00041552221426970607 -0.0006335241579670677 -4.0745616999773407e-05 0.00012922650607720624 0.0012015734188455596
leaf_weight=171 1832 57 119 63 57 101
leaf_count=171 1832 57 119 63 57 101
internal_value=0.000266445 1.70537e-05 -0.000223246 0.00206143 0.00292174 0.00295
internal_weight=2400 2109 1951 291 228 158
internal_count=2400 2109 1951 291 228 158
is_linear=0
shrinkage=0.04


Tree=84
num_leaves=7
num_cat=0
split_feature=112 105 86 13 110 101
split_gain=0.64077 1.4827 1.13992 0.928082 1.02083 0.238555
threshold=-0.63245434447111837 0.85738531663817963 0.24955918914871489 0.72085287778409157 -0.27685910743127268 -0.57007588481183691
decision_type=2 2 2 2 2 2
left_child=1 2 -1 4 -2 -5
right_child=3 -3 -4 5 -6 -7
leaf_value=-0.00039239388193603537 0.00018299011778935556 -0.00059673578278287534 0.0001062375790520058 6.569921935643503e-05 -1.5212054460898652e-05 0.00065301314463532285
leaf_weight=168 636 42 390 45 950 169
leaf_count=168 636 42 390 45 950 169
internal_value=0.000199834 -0.000930232 -0.000371428 0.000577137 0.000241814 0.00303704
internal_weight=2400 600 558 1800 1586 214
internal_count=2400 600 558 1800 1586 214
is_linear=0
shrinkage=0.04


Tree=85
num_leaves=5
num_cat=0
split_feature=58 66 48 11
split_gain=0.645111 0.744526 0.813762 0.345735
threshold=1.074103270994166 0.74324412358385394 -0.79236462660958751 0.47535284989634979
decision_type=2 2 2 2
left_child=1 2 -1 -3
right_child=-2 3 -4 -5
leaf_value=0.00018015664340064488 -0.00018134239985616489 0.0005439306465297723 -8.003512405359926e-06 2.3021513248393661e-05
leaf_weight=336 47 196 1740 81
leaf_count=336 47 196 1740 81
internal_value=0.000216486 0.000310828 5.00483e-05 0.0022509
internal_weight=2400 2353 2076 277
internal_count=2400 2353 2076 277
is_linear=0
shrinkage=0.04


Tree=86
num_leaves=5
num_cat=0
split_feature=58 116 70 68
split_gain=0.626376 0.701293 2.03451 0.977735
threshold=1.074103270994166 -0.23702015028038817 -0.098430710824975481 0.25563183118016192
decision_type=2 2 2 2
left_child=1 2 -1 -3
right_child=-2 3 -4 -5
leaf_value=-0.00072483223275861253 -0.00017408870386191835 0.00015524184824589979 5.5371268039414354e-06 -1.2795589490380799e-05
leaf_weight=87 47 754 699 813
leaf_count=87 47 754 699 813
internal_value=0.000149875 0.000242888 -0.000730964 0.000731676
internal_weight=2400 2353 786 1567
internal_count=2400 2353 786 1567
is_linear=0
shrinkage=0.04


Tree=87
num_leaves=6
num_cat=0
split_feature=28 11 110 92 47
split_gain=0.712014 1.51981 0.742926 0.987532 0.832008
threshold=-0.72530528054434729 0.31645085973756254 -0.46932070091034478 -0.89761129386626648 0.48033483264062299
decision_type=2 2 2 2 2
left_child=1 -1 4 -4 -2
right_child=2 -3 3 -5 -6
leaf_value=-0.0004420355445911947 0.00011724139058960543 0.00020471920255485713 -0.00018374078137897547 3.9556451615152346e-06 0.00053435459230587916
leaf_weight=54 343 46 43 1750 164
leaf_count=54 343 46 43 1750 164
internal_value=0.000133222 -0.00313725 0.000278019 -0.000104735 0.00162672
internal_weight=2400 100 2300 1793 507
internal_count=2400 100 2300 1793 507
is_linear=0
shrinkage=0.04


Tree=88
num_leaves=7
num_cat=0
split_feature=46 100 5 82 34 35
split_gain=0.617601 1.47381 2.47782 1.14796 0.96488 0.861199
threshold=0.070802106773790188 0.81524608869324344 -0.015795288451279723 -0.49770905682480854 -0.84192015039132106 1.0455475381795158
decision_type=2 2 2 2 2 2
left_child=1 4 -3 -2 -1 -5
right_child=3 2 -4 5 -6 -7
leaf_value=0.00073763649346117899 -0.00066712625315981297 0.00010798238858060172 -0.0014286535633331588 0.00013210858602140878 -9.4287298223318362e-06 -0.00053774680212934306
leaf_weight=110 62 50 40 969 1110 59
leaf_count=110 62 50 40 969 1110 59
internal_value=0.000249792 -0.000335366 -0.00521739 0.000952381 3.27334e-05 0.00127379
internal_weight=2400 1310 90 1090 1220 1028
internal_count=2400 1310 90 1090 1220 1028
is_linear=0
shrinkage=0.04


Tree=89
num_leaves=5
num_cat=0
split_feature=58 82 75 14
split_gain=0.645111 0.714141 2.20402 0.966514
threshold=1.074103270994166 -0.15732881058973272 1.1320936162013635 -0.38954700220420546
decision_type=2 2 2 2
left_child=1 2 -1 -3
right_child=-2 3 -4 -5
leaf_value=-2.4038258098791119e-06 -0.00016690623232100895 0.00028812990316408495 -0.0010658855239004882 8.839467324724631e-06
leaf_weight=795 47 419 54 1085
leaf_count=795 47 419 54 1085
internal_value=0.000216486 0.000310828 -0.000615746 0.000833997
internal_weight=2400 2353 849 1504
internal_count=2400 2353 849 1504
is_linear=0
shrinkage=0.04


Tree=90
num_leaves=7
num_cat=0
split_feature=115 44 82 11 11 63
split_gain=0.670416 1.55385 0.761689 1.57983 0.845914 0.537636
threshold=1.2244498734740854 -0.14715204338801754 -0.15732881058973272 -1.2771421887662053 0.56971948531925587 0.3764849826082281
decision_type=2 2 2 2 2 2
left_child=2 -2 3 -1 -4 -3
right_child=1 5 4 -5 -6 -7
leaf_value=-0.00038516707387837825 -0.0010551387282409746 -4.5549560849723001e-05 0.00012250475099660372 -2.1351174114894451e-06 -2.9983386133390267e-05 0.00031532384669625256
leaf_weight=48 54 53 1066 813 320 46
leaf_count=48 54 53 1066 813 320 46
internal_value=0.00029975 -0.00224516 0.000474878 -0.000458864 0.00105476 0.000752475
internal_weight=2400 153 2247 861 1386 99
internal_count=2400 153 2247 861 1386 99
is_linear=0
shrinkage=0.04


Tree=91
num_leaves=7
num_cat=0
split_feature=28 69 41 70 0 0
split_gain=0.727508 1.30285 1.40309 0.836731 0.432089 0.00510965
threshold=1.2400618601970643 -0.71787734891722332 -0.037138278154241131 -1.2811784190435949 0.98522544466298811 -0.66955704973460717
decision_type=2 2 2 2 2 2
left_child=1 2 -1 -3 5 -2
right_child=4 3 -4 -5 -6 -7
leaf_value=-9.5050622240114773e-06 0.00045745505697112173 -0.00029325470078090082 -0.00087616131602349587 3.2245140949526119e-05 -2.0826232245625746e-05 0.00076940596847355962
leaf_weight=278 40 45 127 1761 40 109
leaf_count=278 40 45 127 1761 40 109
internal_value=0.000333056 0.000128333 -0.00191646 0.000588496 0.00270157 0.00368212
internal_weight=2400 2211 405 1806 189 149
internal_count=2400 2211 405 1806 189 149
is_linear=0
shrinkage=0.04


Tree=92
num_leaves=6
num_cat=0
split_feature=102 7 28 6 72
split_gain=0.658202 1.05179 0.960833 0.800684 1.26377
threshold=-0.55104524043595315 1.9252359277233431 1.2400618601970643 -0.62840465785698441 0.4900706615284624
decision_type=2 2 2 2 2
left_child=3 2 -2 -1 -5
right_child=1 -3 -4 4 -6
leaf_value=0.00026171506219864753 -4.8555142187106022e-06 -0.00082417099427047307 0.00080388782661631076 0.00026216785276409859 -0.00045973078147473794
leaf_weight=156 1657 54 135 325 73
leaf_count=156 1657 54 135 325 73
internal_value=0.000333056 -3.03029e-05 0.000138239 0.00153957 0.00058
internal_weight=2400 1846 1792 554 398
internal_count=2400 1846 1792 554 398
is_linear=0
shrinkage=0.04


Tree=93
num_leaves=7
num_cat=0
split_feature=100 12 33 78 7 58
split_gain=0.66152 1.6962 2.85177 0.631259 0.677763 0.473026
threshold=0.86828523068316144 -0.13560599057765066 0.55301508233836605 1.4411437724534981 1.647631754265533 -0.47974914811188074
decision_type=2 2 2 2 2 2
left_child=3 5 -3 4 -1 -2
right_child=1 2 -4 -5 -6 -7
leaf_value=2.5339237653792681e-05 0.00036395068560667233 -0.0012184858844265579 0.00019907411749314587 0.0006570744666787048 -0.0002306170445348435 -3.8555791820226621e-05
leaf_weight=1985 66 51 67 81 106 44
leaf_count=1985 66 51 67 81 106 44
internal_value=0.000266445 -0.00177391 -0.00506667 0.000482061 0.000345915 0.00178571
internal_weight=2400 228 118 2172 2091 110
internal_count=2400 228 118 2172 2091 110
is_linear=0
shrinkage=0.04


Tree=94
num_leaves=7
num_cat=0
split_feature=92 28 80 11 14 63
split_gain=0.717658 1.38371 1.0543 0.941827 2.1717 0.609334
threshold=-0.17344165081967836 -0.73458791210681917 2.6262594555067151 0.57963809943561106 0.60294506830544259 -0.21881544268489908
decision_type=2 2 2 2 2 2
left_child=3 -2 -3 5 -5 -1
right_child=1 2 -4 4 -6 -7
leaf_value=0.00023375740287564665 -0.00044529583378483459 9.9463620600885117e-06 -0.00028567698205090935 -0.00063908403026748497 0.00046837305655908441 4.8609539073275488e-05
leaf_weight=300 41 1267 54 122 112 504
leaf_count=300 41 1267 54 122 112 504
internal_value=0.000316403 -0.00028739 -5.74451e-05 0.00110769 -0.00111864 0.00175682
internal_weight=2400 1362 1321 1038 234 804
internal_count=2400 1362 1321 1038 234 804
is_linear=0
shrinkage=0.04


Tree=95
num_leaves=8
num_cat=0
split_feature=113 115 44 102 2 3 49
split_gain=0.676177 1.30353 2.05715 0.91387 0.440251 0.947924 0.204281
threshold=0.88100264670960005 1.2244498734740854 0.27625917109807435 0.47806441698552998 -0.53208418827093429 -0.7574591162947627 -0.28670232902170051
decision_type=2 2 2 2 2 2 2
left_child=1 3 -3 -1 5 -2 -6
right_child=4 2 -4 -5 6 -7 -8
leaf_value=6.5121215398015453e-05 0.0002351521795895195 -0.0012584984635120604 4.3291542028400614e-05 -4.8044146513644183e-05 1.5568525925563866e-05 -0.00030294044725790191 0.00052640559080699683
leaf_weight=1494 55 46 47 501 50 40 167
leaf_count=1494 55 46 47 501 50 40 167
internal_value=0.000333056 7.27274e-05 -0.00450526 0.000290436 0.00206369 -0.000206185 0.00305023
internal_weight=2400 2088 93 1995 312 95 217
internal_count=2400 2088 93 1995 312 95 217
is_linear=0
shrinkage=0.04


Tree=96
num_leaves=7
num_cat=0
split_feature=92 80 81 14 11 79
split_gain=0.685741 1.02052 1.09498 0.817454 2.01377 0.0708006
threshold=-0.17344165081967836 2.6262594555067151 -0.077686139926307393 0.6582618937424517 0.57963809943561106 -0.7246968033960961
decision_type=2 2 2 2 2 2
left_child=3 2 -2 4 -1 -5
right_child=1 -3 -4 5 -6 -7
leaf_value=6.3564819379897716e-05 -0.00014503791069964353 -0.00026926938049416687 0.00012429140473626214 0.0003205720701227328 -0.00061205156509789574 0.00066812061294109449
leaf_weight=712 594 54 714 40 132 154
leaf_count=712 594 54 714 40 132 154
internal_value=0.000449625 -0.000140762 8.54963e-05 0.00122308 0.000680851 0.00355102
internal_weight=2400 1362 1308 1038 844 194
internal_count=2400 1362 1308 1038 844 194
is_linear=0
shrinkage=0.04


Tree=97
num_leaves=8
num_cat=0
split_feature=102 96 92 81 114 7 7
split_gain=0.867676 1.3727 1.86467 1.23326 1.16347 0.890499 0.29111
threshold=-0.38521685071021122 -0.30407243098585879 0.40801188197620547 -0.36100392684936949 0.063837139262337014 1.8739476997619577 -0.1461667470867857
decision_type=2 2 2 2 2 2 2
left_child=3 2 -2 4 -1 -3 -5
right_child=1 5 -4 6 -6 -7 -8
leaf_value=-0.00034982376495700364 -2.8319377039248406e-05 2.501769290786759e-05 -0.00088196601974784657 0.0004589790624622669 0.0002731446508788215 -0.00077325763282201784 0.00015524289365004664
leaf_weight=168 93 1477 42 189 87 54 290
leaf_count=168 93 1477 42 189 87 54 290
internal_value=0.000399667 -0.000105515 -0.00394161 0.00154348 -0.000700389 0.000237443 0.00273597
internal_weight=2400 1666 135 734 255 1531 479
internal_count=2400 1666 135 734 255 1531 479
is_linear=0
shrinkage=0.04


Tree=98
num_leaves=7
num_cat=0
split_feature=102 76 112 81 114 46
split_gain=0.932711 1.05667 1.07232 0.868716 0.891157 0.237448
threshold=-0.38521685071021122 -0.9029258699620607 -0.65102991518816933 -0.36100392684936949 0.063837139262337014 -0.0065751396237244955
decision_type=2 2 2 2 2 2
left_child=3 -2 -3 4 -1 -5
right_child=1 2 -4 5 -6 -7
leaf_value=-0.00033583081435872337 -0.00022393874505552755 -0.00015052304660900619 3.1800556907797812e-05 9.1276351771160566e-05 0.00026221886484366873 0.0004469371470176608
leaf_weight=168 66 369 1231 256 87 223
leaf_count=168 66 369 1231 256 87 223
internal_value=0.000466278 -5.75538e-05 0.000149813 0.00165217 -0.000233463 0.00265281
internal_weight=2400 1666 1600 734 255 479
internal_count=2400 1666 1600 734 255 479
is_linear=0
shrinkage=0.04


Tree=99
num_leaves=7
num_cat=0
split_feature=45 46 111 11 49 63
split_gain=0.682916 1.21027 1.68996 0.836387 0.822968 0.56566
threshold=0.04069409141512479 -0.20525695039310907 -0.81207996091575785 -1.3216260847177772 1.5685593439668228 -0.21881544268489908
decision_type=2 2 2 2 2 2
left_child=1 4 -3 -2 -1 -5
right_child=3 2 -4 5 -6 -7
leaf_value=0.00015054517639767403 -0.00015118948970901125 -0.00087581120182995942 -2.5449095519519567e-05 0.00019392723477166203 -0.00038576451502767527 4.1637676767141014e-05
leaf_weight=648 66 41 532 417 49 647
leaf_count=648 66 41 532 417 49 647
internal_value=0.00041632 -0.000220126 -0.00157913 0.00113074 0.000898426 0.00140338
internal_weight=2400 1270 573 1130 697 1064
internal_count=2400 1270 573 1130 697 1064
is_linear=0
shrinkage=0.04


Tree=100
num_leaves=7
num_cat=0
split_feature=34 35 72 46 44 0
split_gain=0.667445 0.848024 1.42323 0.778199 0.701911 0.00626277
threshold=-0.93375766811219674 -1.0400768274526315 -0.33254073240095422 0.070802106773790188 1.8446305014138262 -1.3280443698574089
decision_type=2 2 2 2 2 2
left_child=4 2 -2 -3 5 -1
right_child=1 3 -4 -5 -6 -7
leaf_value=0.00021830393627088424 -0.00051328821143578314 -8.0916260253196546e-06 0.0002874472226128493 8.1396601739681647e-05 -8.9988949816003598e-06 0.00042186269553935165
leaf_weight=40 43 1195 46 896 49 131
leaf_count=40 43 1195 46 896 49 131
internal_value=0.000432973 0.000219982 -0.00356044 0.000384138 0.00252252 0.00372254
internal_weight=2400 2180 89 2091 220 171
internal_count=2400 2180 89 2091 220 171
is_linear=0
shrinkage=0.04


Tree=101
num_leaves=8
num_cat=0
split_feature=102 28 59 117 115 81 36
split_gain=0.787185 0.901195 1.36701 0.811095 1.39725 0.300138 0.148379
threshold=-0.38521685071021122 1.2400618601970643 1.1768865279581595 -0.47236248834119815 -0.62626486879578602 -0.99749974948357811 0.69810792934787436
decision_type=2 2 2 2 2 2 2
left_child=3 2 -2 4 -1 -5 -3
right_child=1 6 -4 5 -6 -7 -8
leaf_value=0.00011818972771928895 1.5766106244052463e-06 0.00079217379604722778 -0.00036578499906128451 -3.60096174648712e-06 -0.00063924044821586439 0.00029485716782816601 0.00061309551892757509
leaf_weight=161 1356 93 177 42 99 432 40
leaf_count=161 1356 93 177 42 99 432 40
internal_value=0.000399667 -8.15346e-05 -0.000357003 0.00148913 -0.000305343 0.00247059 0.00305185
internal_weight=2400 1666 1533 734 260 474 133
internal_count=2400 1666 1533 734 260 474 133
is_linear=0
shrinkage=0.04


Tree=102
num_leaves=7
num_cat=0
split_feature=102 79 7 13 40 25
split_gain=0.733654 0.998749 0.898947 1.02138 0.654103 0.209835
threshold=-0.38521685071021122 0.13783325578079905 1.9252359277233431 0.99205960876035559 -0.19396040227512379 -0.39532298288898965
decision_type=2 2 2 2 2 2
left_child=1 4 3 -2 -1 -3
right_child=2 5 -4 -5 -6 -7
leaf_value=0.00062200377884298922 -6.5801817158747063e-06 0.00013164015600529503 -0.00078186470919590259 0.00056792766507045398 -2.4065150447090405e-05 0.0004397046854504468
leaf_weight=106 1462 98 51 153 308 222
leaf_count=106 1462 98 51 153 308 222
internal_value=0.000383014 0.00143478 -8.15346e-05 8.65802e-05 0.000134616 0.00310559
internal_weight=2400 734 1666 1615 414 320
internal_count=2400 734 1666 1615 414 320
is_linear=0
shrinkage=0.04


Tree=103
num_leaves=7
num_cat=0
split_feature=102 28 26 73 35 44
split_gain=0.728676 0.851728 1.21411 0.315488 0.290765 0.219918
threshold=-1.0316994322868143 1.2400618601970643 1.0561155271011458 -0.75203011567380185 0.47611680427527936 0.1430137137109245
decision_type=2 2 2 2 2 2
left_child=3 2 -2 -1 -3 -5
right_child=1 4 -4 5 -6 -7
leaf_value=-1.3177884387955565e-06 7.6838865136169618e-06 0.00071090939711999934 -0.0006286754865799689 0.00061130391610570486 0.00057409095651256617 7.1096256601245906e-05
leaf_weight=42 1866 119 120 141 40 72
leaf_count=42 1866 119 120 141 40 72
internal_value=0.000399667 0.000158361 -6.84103e-05 0.00241245 0.00295652 0.00303256
internal_weight=2400 2145 1986 255 159 213
internal_count=2400 2145 1986 255 159 213
is_linear=0
shrinkage=0.04


Tree=104
num_leaves=8
num_cat=0
split_feature=102 81 108 88 96 93 46
split_gain=0.610868 0.894599 0.949912 0.845712 1.07442 0.978502 0.420189
threshold=-0.38521685071021122 -0.27168878946408653 0.35916759627171735 -0.019128133095458726 -0.29348712608249944 -1.1569787615498923 -0.0065751396237244955
decision_type=2 2 2 2 2 2 2
left_child=1 2 -1 5 -5 -2 -3
right_child=3 6 -4 4 -6 -7 -8
leaf_value=-0.00014686500998769558 -0.0001803651319062103 7.2977199394757083e-05 0.00066460929724760449 -0.00046094435892085915 -1.7664243087024338e-05 0.00011119935341416568 0.00042079557170657532
leaf_weight=228 90 237 63 75 765 736 206
leaf_count=228 90 237 63 75 765 736 206
internal_value=0.000366362 0.00132609 -0.000395904 -5.75538e-05 -0.000950119 0.000850242 0.00245393
internal_weight=2400 734 291 1666 840 826 443
internal_count=2400 734 291 1666 840 826 443
is_linear=0
shrinkage=0.04


Tree=105
num_leaves=8
num_cat=0
split_feature=110 45 111 63 44 95 63
split_gain=0.697059 0.968222 1.72108 1.30415 0.75747 1.02434 0.534886
threshold=-0.34291403107566726 0.04069409141512479 0.02632741565891919 -0.18430524120713812 1.9306896006220735 0.085590503376505297 -0.10274706161606299
decision_type=2 2 2 2 2 2 2
left_child=4 2 -2 -3 6 -6 -1
right_child=1 3 -4 -5 5 -7 -8
leaf_value=5.4004329412246043e-05 -0.00024671839227394829 0.0001509536652289651 2.5407525994166628e-05 -5.09303570577469e-06 0.00027539211930410583 -0.0007210372948530826 0.00028661416413744358
leaf_weight=286 356 319 507 477 43 40 372
leaf_count=286 356 319 507 477 43 40 372
internal_value=0.000333056 -0.000122817 -0.00104971 0.000882206 0.00135128 -0.00221176 0.00180606
internal_weight=2400 1659 863 796 741 83 658
internal_count=2400 1659 863 796 741 83 658
is_linear=0
shrinkage=0.04


Tree=106
num_leaves=8
num_cat=0
split_feature=102 11 82 112 81 72 46
split_gain=0.804985 1.01657 1.91405 1.0686 0.959357 0.928982 0.330072
threshold=-0.38521685071021122 -1.2439230114386373 -0.10701058021547849 -0.56772481283772758 -0.36100392684936949 1.0000000180025095e-35 -0.0065751396237244955
decision_type=2 2 2 2 2 2 2
left_child=4 2 -2 -3 5 -1 -6
right_child=1 3 -4 -5 6 -7 -8
leaf_value=0.00038925000086844318 -0.000425234679945811 -0.00010230792127626816 0.00016983415808809573 2.679169337548745e-05 8.3720790713372713e-05 -0.00028945828788964407 0.00038488705656931541
leaf_weight=102 44 375 61 1186 256 153 223
leaf_count=102 44 375 61 1186 256 153 223
internal_value=0.000333056 -0.000153477 -0.00392523 0.000104927 0.00143478 -0.000544747 0.00248649
internal_weight=2400 1666 105 1561 734 255 479
internal_count=2400 1666 105 1561 734 255 479
is_linear=0
shrinkage=0.04


Tree=107
num_leaves=7
num_cat=0
split_feature=34 59 110 104 44 1
split_gain=0.651784 0.965267 2.40481 0.848779 0.568132 0.00551077
threshold=-0.97908571610915696 1.0720135370624833 -0.091475493072920064 -0.16765147300815783 1.8446305014138262 -1.247185331318539
decision_type=2 2 2 2 2 2
left_child=4 3 -3 -2 5 -1
right_child=1 2 -4 -5 -6 -7
leaf_value=0.00030714844185487716 -1.0409207231193241e-05 -0.00081953507416881674 -9.5330115855112081e-06 7.1698003451142032e-05 -2.1004319737265619e-05 0.00039570607368134137
leaf_weight=40 998 47 233 922 44 116
leaf_count=40 998 47 233 922 44 116
internal_value=0.000399667 0.000199818 -0.00198582 0.000520292 0.00257426 0.0036962
internal_weight=2400 2200 280 1920 200 156
internal_count=2400 2200 280 1920 200 156
is_linear=0
shrinkage=0.04


Tree=108
num_leaves=5
num_cat=0
split_feature=76 18 18 102
split_gain=0.653592 0.828839 0.820364 0.532974
threshold=-0.98998019651976521 -0.83391891340194346 -0.73637498005545854 0.6767714609519272
decision_type=2 2 2 2
left_child=-1 3 -3 -2
right_child=1 2 -4 -5
leaf_value=-0.00012873878876305028 0.0003741374116331492 -0.0001587424637275812 1.4015429326242611e-05 -1.0651261451544053e-05
leaf_weight=48 231 119 1959 43
leaf_count=48 231 119 1959 43
internal_value=0.000366362 0.000462192 0.000188462 0.00252174
internal_weight=2400 2352 2078 274
internal_count=2400 2352 2078 274
is_linear=0
shrinkage=0.04


Tree=109
num_leaves=7
num_cat=0
split_feature=115 95 63 82 35 14
split_gain=0.661688 1.40423 1.15133 0.66061 1.97461 0.712992
threshold=1.2244498734740854 0.54416529217122445 0.45016036318531 -0.15732881058973272 0.63527268176903562 -0.38954700220420546
decision_type=2 2 2 2 2 2
left_child=3 2 -2 4 -1 -5
right_child=1 -3 -4 5 -6 -7
leaf_value=8.3154506170492077e-06 -0.00073534439750970514 0.00025860684008062202 7.0144632813209031e-05 0.00023439067147619969 -0.00030999569398616988 1.6293326537090774e-05
leaf_weight=745 60 51 42 389 116 997
leaf_count=745 60 51 42 389 116 997
internal_value=0.000283098 -0.00224516 -0.00492308 0.000457092 -0.000412514 0.000997118
internal_weight=2400 153 102 2247 861 1386
internal_count=2400 153 102 2247 861 1386
is_linear=0
shrinkage=0.04


Tree=110
num_leaves=6
num_cat=0
split_feature=28 26 111 17 67
split_gain=0.632922 1.2117 2.11486 1.02627 0.281699
threshold=1.3427330246323821 1.0561155271011458 0.05947658451390541 0.08539945158050917 -0.42620250539058752
decision_type=2 2 2 2 2
left_child=1 3 -3 -1 -2
right_child=4 2 -4 -5 -6
leaf_value=-7.3866232751670023e-06 0.00077826264956816233 -0.00090698585851841664 0.00028050512275171083 0.0001054095984739723 1.32970867650486e-05
leaf_weight=1211 106 71 68 888 56
leaf_count=1211 106 71 68 888 56
internal_value=0.000333056 0.000157143 -0.00343262 0.000397906 0.00273171
internal_weight=2400 2238 139 2099 162
internal_count=2400 2238 139 2099 162
is_linear=0
shrinkage=0.04


Tree=111
num_leaves=8
num_cat=0
split_feature=113 11 38 47 71 71 18
split_gain=0.65971 0.807587 1.62128 0.911555 0.344706 0.464491 0.139709
threshold=-0.86503009569153944 -1.2439230114386373 0.11791056942236015 1.0680650487711063 -0.48965402041662037 -0.70351563315398591 -0.76825679703555638
decision_type=2 2 2 2 2 2 2
left_child=4 2 -2 -3 5 -1 -6
right_child=1 3 -4 -5 6 -7 -8
leaf_value=0.0001845174579255918 -0.00046010644549123196 -2.3254198638585898e-06 0.00015359430564001192 0.00032591452490722609 1.4058098240556484e-05 -0.00014961621976750404 0.00035194693672549308
leaf_weight=45 50 1736 74 261 40 48 146
leaf_count=45 50 1736 74 261 40 48 146
internal_value=0.00029975 5.84081e-05 -0.00304762 0.000254127 0.002121 0.000126316 0.00310638
internal_weight=2400 2121 124 1997 279 93 186
internal_count=2400 2121 124 1997 279 93 186
is_linear=0
shrinkage=0.04


Tree=112
num_leaves=5
num_cat=0
split_feature=76 18 17 103
split_gain=0.634561 0.932007 0.674804 0.0879939
threshold=-0.98998019651976521 -0.90523601280253263 0.08539945158050917 0.39186583326317387
decision_type=2 2 2 2
left_child=-1 3 -3 -2
right_child=1 2 -4 -5
leaf_value=-0.00011147981009640864 0.00066196721440860075 -1.1621543993680864e-05 4.0059062172008512e-05 0.00016894371670891123
leaf_weight=48 109 1095 1089 59
leaf_count=48 109 1095 1089 59
internal_value=0.00029975 0.000394223 0.000172004 0.00324706
internal_weight=2400 2352 2184 168
internal_count=2400 2352 2184 168
is_linear=0
shrinkage=0.04


Tree=113
num_leaves=8
num_cat=0
split_feature=33 17 59 89 11 47 0
split_gain=0.605086 1.00978 1.28121 0.790446 0.632616 1.14156 0.00539977
threshold=-0.81603693657058007 0.08539945158050917 1.2038994207084575 0.31150441053779448 -0.015046903250953012 -0.15189803009658023 -1.1489683331081808
decision_type=2 2 2 2 2 2 2
left_child=4 2 -2 -3 5 -1 -6
right_child=1 3 -4 -5 6 -7 -8
leaf_value=-0.00022484260150516274 -9.4155557825469842e-06 0.00019777119378817197 -0.00052076708870250064 -2.440859191579618e-05 0.00015011486613236507 0.0003684517115860653 0.00061685133907701264
leaf_weight=56 888 743 93 356 40 110 114
leaf_count=56 888 743 93 356 40 110 114
internal_value=0.000249792 1.48868e-10 -0.000931841 0.000831971 0.00186335 0.000142857 0.00369231
internal_weight=2400 2080 981 1099 320 166 154
internal_count=2400 2080 981 1099 320 166 154
is_linear=0
shrinkage=0.04


Tree=114
num_leaves=7
num_cat=0
split_feature=28 26 64 26 7 1
split_gain=0.722664 0.939705 1.42686 0.7679 0.490864 0.00492635
threshold=1.1893436458935873 0.97309788194820179 0.43453151221852032 0.0058123803317897821 1.1760597549472191 0.63059881736317014
decision_type=2 2 2 2 2 2
left_child=1 3 -3 -1 5 -2
right_child=4 2 -4 -5 -6 -7
leaf_value=-8.8575492598418207e-06 0.00058388560335861516 -1.6405125907467039e-05 -0.0005190638167059179 8.1457236902037785e-05 -2.4034742442464113e-05 0.00051702063363663186
leaf_weight=1120 106 119 41 913 61 40
leaf_count=1120 106 119 41 913 61 40
internal_value=0.000183181 -3.09793e-05 -0.00296296 0.000202457 0.00243062 0.00367568
internal_weight=2400 2193 160 2033 207 146
internal_count=2400 2193 160 2033 207 146
is_linear=0
shrinkage=0.04


Tree=115
num_leaves=7
num_cat=0
split_feature=69 60 7 78 47 5
split_gain=0.700464 1.00538 2.09383 0.805565 0.486246 0.114682
threshold=-1.2234593240546516 -0.94742787811535212 0.40097076609826204 1.1801731666830124 -0.36516110272131558 -0.23847105524162601
decision_type=2 2 2 2 2 2
left_child=4 2 -2 -3 -1 -6
right_child=1 3 -4 -5 5 -7
leaf_value=-8.3282648222371213e-05 0.00016826943390016447 -1.4390874200367508e-07 -0.00064282676316399271 0.00043190327008666541 0.00078044794204712822 0.00035385008683244164
leaf_weight=44 79 1923 77 105 121 51
leaf_count=44 79 1923 77 105 121 51
internal_value=0.000149875 -6.58736e-05 -0.00313924 0.000173399 0.00231193 0.00326437
internal_weight=2400 2184 156 2028 216 172
internal_count=2400 2184 156 2028 216 172
is_linear=0
shrinkage=0.04


Tree=116
num_leaves=7
num_cat=0
split_feature=102 47 46 45 11 67
split_gain=0.773424 0.720297 0.894415 0.625864 0.312859 0.321721
threshold=-1.0316994322868143 1.3599780771219978 0.059121151619203845 0.80518061468595581 0.68873557608740932 0.33404424189899534
decision_type=2 2 2 2 2 2
left_child=4 2 -2 -3 5 -1
right_child=1 3 -4 -5 -6 -7
leaf_value=0.00039666884633182659 -2.5281753206068615e-05 0.00041849339849640973 2.3708185891668046e-05 -0.00010831999472175863 -4.7702849087362213e-05 1.6413766430524139e-05
leaf_weight=164 1043 140 900 62 40 51
leaf_count=164 1043 140 900 62 40 51
internal_value=0.000183181 -6.52071e-05 -0.000302313 0.00219608 0.00225681 0.00285714
internal_weight=2400 2145 1943 202 255 215
internal_count=2400 2145 1943 202 255 215
is_linear=0
shrinkage=0.04


Tree=117
num_leaves=8
num_cat=0
split_feature=113 46 85 63 71 10 89
split_gain=0.660467 0.867084 1.31064 1.01971 0.472966 0.307085 0.153842
threshold=-0.92649684781623709 0.070802106773790188 0.98378889206570419 -0.22429414386772104 -0.48965402041662037 0.27699629172179402 0.51774497306124123
decision_type=2 2 2 2 2 2 2
left_child=4 2 -2 -3 5 -1 -6
right_child=1 3 -4 -5 6 -7 -8
leaf_value=-0.00012568025153951575 -3.6545636953233772e-05 0.00018761049503112918 0.00037514116878473533 -7.5256821116103294e-06 0.0002545966391731692 0.00013106998517179106 0.00041156253662919451
leaf_weight=40 1009 408 163 568 129 41 42
leaf_count=40 1009 408 163 568 129 41 42
internal_value=0.000149875 -7.81394e-05 -0.000810903 0.000801636 0.00207874 -0.000433735 0.00326012
internal_weight=2400 2148 1172 976 252 81 171
internal_count=2400 2148 1172 976 252 81 171
is_linear=0
shrinkage=0.04


Tree=118
num_leaves=7
num_cat=0
split_feature=7 114 85 88 36 38
split_gain=0.642778 1.38141 0.905832 1.13585 0.401905 0.330195
threshold=1.647631754265533 -0.72037544668738007 1.0920445461757284 0.49461921083308241 -0.70381761322628911 1.562604732659808
decision_type=2 2 2 2 2 2
left_child=2 -2 3 -1 -4 -3
right_child=1 5 4 -5 -6 -7
leaf_value=1.2221298058099708e-05 -0.0004573162650928108 0.00045555354806654216 5.0484800189909437e-05 -9.4905668721434889e-05 0.00049895948999647915 -5.7877098368983411e-05
leaf_weight=1622 40 40 106 330 216 46
leaf_count=1622 40 40 106 330 216 46
internal_value=0.000133222 -0.002625 0.000288225 -3.68473e-05 0.00224691 0.000272727
internal_weight=2400 126 2274 1952 322 86
internal_count=2400 126 2274 1952 322 86
is_linear=0
shrinkage=0.04


Tree=119
num_leaves=8
num_cat=0
split_feature=110 28 103 47 70 105 0
split_gain=0.65363 0.893271 1.14156 0.753363 1.27151 0.67748 0.575249
threshold=-0.34291403107566726 1.1893436458935873 -0.57027319687104205 0.24951893474257883 0.25018327645967725 0.8317768500597893 0.967760652784044
decision_type=2 2 2 2 2 2 2
left_child=3 2 -2 4 -1 -5 -3
right_child=1 6 -4 5 -6 -7 -8
leaf_value=0.00010427932851406088 0.00013451241999761548 0.00059344554770826596 -3.3142807345992017e-05 0.0004828978681515078 -0.00017714916368039891 -5.6529003889788414e-05 -3.0060467195962219e-05
leaf_weight=321 400 149 1070 223 117 80 40
leaf_count=321 400 149 1070 223 117 80 40
internal_value=0.000149875 -0.000291391 -0.000625 0.00113594 7.27274e-05 0.0026623 0.00228272
internal_weight=2400 1659 1470 741 438 303 189
internal_count=2400 1659 1470 741 438 303 189
is_linear=0
shrinkage=0.04


end of trees

feature_importances:
Column_35=32
Column_28=30
Column_11=24
Column_81=24
Column_82=21
Column_102=21
Column_47=20
Column_92=20
Column_7=17
Column_99=17
Column_98=16
Column_112=16
Column_115=15
Column_0=13
Column_69=13
Column_70=13
Column_18=12
Column_63=12
Column_26=11
Column_34=11
Column_44=11
Column_46=11
Column_76=10
Column_94=10
Column_1=9
Column_66=9
Column_79=9
Column_86=9
Column_14=8
Column_17=8
Column_64=8
Column_100=8
Column_105=8
Column_110=8
Column_42=7
Column_58=7
Column_85=7
Column_91=7
Column_104=7
Column_111=7
Column_24=6
Column_33=6
Column_45=6
Column_59=6
Column_67=6
Column_73=6
Column_88=6
Column_19=5
Column_32=5
Column_36=5
Column_72=5
Column_96=5
Column_106=5
Column_114=5
Column_117=5
Column_118=5
Column_3=4
Column_5=4
Column_41=4
Column_68=4
Column_75=4
Column_78=4
Column_80=4
Column_97=4
Column_12=3
Column_38=3
Column_40=3
Column_43=3
Column_50=3
Column_71=3
Column_89=3
Column_103=3
Column_113=3
Column_116=3
Column_10=2
Column_13=2
Column_16=2
Column_25=2
Column_37=2
Column_49=2
Column_60=2
Column_74=2
Column_87=2
Column_93=2
Column_95=2
Column_108=2
Column_2=1
Column_6=1
Column_20=1
Column_27=1
Column_30=1
Column_31=1
Column_39=1
Column_48=1
Column_56=1
Column_57=1
Column_61=1
Column_65=1
Column_77=1
Column_84=1
Column_90=1
Column_101=1

parameters:
[boosting: gbdt]
[objective: quantile]
[metric: quantile]
[tree_learner: serial]
[device_type: cpu]
[data_sample_strategy: bagging]
[data: ]
[valid: ]
[num_iterations: 120]
[learning_rate: 0.04]
[num_leaves: 15]
[num_threads: 2]
[seed: 42]
[deterministic: 0]
[force_col_wise: 0]
[force_row_wise: 0]
[histogram_pool_size: -1]
[max_depth: 3]
[min_data_in_leaf: 40]
[min_sum_hessian_in_leaf: 0.001]
[bagging_fraction: 0.85]
[pos_bagging_fraction: 1]
[neg_bagging_fraction: 1]
[bagging_freq: 0]
[bagging_seed: 400]
[bagging_by_query: 0]
[feature_fraction: 0.8]
[feature_fraction_bynode: 1]
[feature_fraction_seed: 30056]
[extra_trees: 0]
[extra_seed: 12879]
[early_stopping_round: 0]
[early_stopping_min_delta: 0]
[first_metric_only: 0]
[max_delta_step: 0]
[lambda_l1: 0]
[lambda_l2: 2]
[linear_lambda: 0]
[min_gain_to_split: 0]
[drop_rate: 0.1]
[max_drop: 50]
[skip_drop: 0.5]
[xgboost_dart_mode: 0]
[uniform_drop: 0]
[drop_seed: 17869]
[top_rate: 0.2]
[other_rate: 0.1]
[min_data_per_group: 100]
[max_cat_threshold: 32]
[cat_l2: 10]
[cat_smooth: 10]
[max_cat_to_onehot: 4]
[top_k: 20]
[monotone_constraints: ]
[monotone_constraints_method: basic]
[monotone_penalty: 0]
[feature_contri: ]
[forcedsplits_filename: ]
[refit_decay_rate: 0.9]
[cegb_tradeoff: 1]
[cegb_penalty_split: 0]
[cegb_penalty_feature_lazy: ]
[cegb_penalty_feature_coupled: ]
[path_smooth: 0]
[interaction_constraints: ]
[verbosity: -1]
[saved_feature_importance_type: 0]
[use_quantized_grad: 0]
[num_grad_quant_bins: 4]
[quant_train_renew_leaf: 0]
[stochastic_rounding: 1]
[linear_tree: 0]
[max_bin: 255]
[max_bin_by_feature: ]
[min_data_in_bin: 3]
[bin_construct_sample_cnt: 200000]
[data_random_seed: 175]
[is_enable_sparse: 1]
[enable_bundle: 1]
[use_missing: 1]
[zero_as_missing: 0]
[feature_pre_filter: 1]
[pre_partition: 0]
[two_round: 0]
[header: 0]
[label_column: ]
[weight_column: ]
[group_column: ]
[ignore_column: ]
[categorical_feature: ]
[forcedbins_filename: ]
[precise_float_parser: 0]
[parser_config_file: ]
[objective_seed: 16083]
[num_class: 1]
[is_unbalance: 0]
[scale_pos_weight: 1]
[sigmoid: 1]
[boost_from_average: 1]
[reg_sqrt: 0]
[alpha: 0.1]
[fair_c: 1]
[poisson_max_delta_step: 0.7]
[tweedie_variance_power: 1.5]
[lambdarank_truncation_level: 30]
[lambdarank_norm: 1]
[label_gain: ]
[lambdarank_position_bias_regularization: 0]
[eval_at: ]
[multi_error_top_k: 1]
[auc_mu_weights: ]
[num_machines: 1]
[local_listen_port: 12400]
[time_out: 120]
[machine_list_filename: ]
[machines: ]
[gpu_platform_id: -1]
[gpu_device_id: -1]
[gpu_device_id_list: ]
[gpu_use_dp: 0]
[num_gpu: 1]

end of parameters

pandas_categorical:null
