tree
version=v4
num_class=1
num_tree_per_iteration=1
label_index=0
max_feature_idx=118
objective=regression
feature_names=Column_0 Column_1 Column_2 Column_3 Column_4 Column_5 Column_6 Column_7 Column_8 Column_9 Column_10 Column_11 Column_12 Column_13 Column_14 Column_15 Column_16 Column_17 Column_18 Column_19 Column_20 Column_21 Column_22 Column_23 Column_24 Column_25 Column_26 Column_27 Column_28 Column_29 Column_30 Column_31 Column_32 Column_33 Column_34 Column_35 Column_36 Column_37 Column_38 Column_39 Column_40 Column_41 Column_42 Column_43 Column_44 Column_45 Column_46 Column_47 Column_48 Column_49 Column_50 Column_51 Column_52 Column_53 Column_54 Column_55 Column_56 Column_57 Column_58 Column_59 Column_60 Column_61 Column_62 Column_63 Column_64 Column_65 Column_66 Column_67 Column_68 Column_69 Column_70 Column_71 Column_72 Column_73 Column_74 Column_75 Column_76 Column_77 Column_78 Column_79 Column_80 Column_81 Column_82 Column_83 Column_84 Column_85 Column_86 Column_87 Column_88 Column_89 Column_90 Column_91 Column_92 Column_93 Column_94 Column_95 Column_96 Column_97 Column_98 Column_99 Column_100 Column_101 Column_102 Column_103 Column_104 Column_105 Column_106 Column_107 Column_108 Column_109 Column_110 Column_111 Column_112 Column_113 Column_114 Column_115 Column_116 Column_117 Column_118
feature_infos=[-4.5969260725983823:5.9717472420034587] [-3.8140656809580125:4.0332807769352064] [-3.6764333905559714:3.6230031309258055] [-3.4523423105559599:3.2446195174179744] [-3.1754389793186371:2.6073851629493112] [-2.2456650070790509:2.5054460700505676] [-3.3953426927768948:3.3148094222667459] [-1.1943047967813787:4.7505619739096083] [-1.6074318493911546:1.623891197413516] [-3.0923264281035112:2.6725873828954216] [-1.2533028676263747:3.8418998230220662] [-2.4632766354487177:2.7377195202795344] [-2.2172559262632161:2.5297928166912644] [-1.3401905173725908:2.8063958678809957] [-2.5216669171210175:3.0539411303371846] [-1.7755812578925376:1.4610197507897764] [-1.882954106048953:1.8040260427112333] [-1.0296049359425399:0.67221525912980584] [-1.0881523275449041:0.70344587824186777] [-1.0296049359425399:0.67221525912980584] [-2.314758470534255:2.8918465293338813] [-3.1966015814979691:3.502647510864461] [-2.8630668222228226:2.8554181672310928] [-2.0191725319841702:2.8302893836445233] [-2.2234626710026633:1.8950054723037961] [-2.0685011139666361:1.9034265659780625] [-3.2572314127447228:2.2100291145753519] [-1.7669761313057319:1.5712811622778342] [-0.95420120148754806:2.8350924184692614] [-3.5227892576103921:3.3345623498452839] [-3.2632237495637439:2.9477782810588908] [-2.501815188825268:2.2300028106553267] [-2.4693303197413274:2.39365188605563] [-2.0158501569862848:2.473902063118564] [-2.147304561145476:2.3153648123633355] [-1.9176778592712509:2.006052098995732] [-2.0140847740495813:2.1999646798579882] [-1.2335571406752162:3.1496575853887419] [-1.2542007238286972:3.708595531346873] [-1.3606422194060679:2.73466134746129] [-1.1970425308262294:1.8886154567052564] [-2.0401892139137918:1.5936638180969969] [-1.7881814640668188:1.690570794106383] [-1.9762822880624371:11.763228316693253] [-592.34900162461486:94.472992063301447] [-504.12872110776766:104.93570413984918] [-670.81036576105691:49.332341072158549] [-1.1158395561057595:3.2297180046950675] [-1.8670706792289515:1.7369668553866799] [-1.1662231554739275:6.2222031532662658] [-3.8182482811338843:4.5305445547875518] [-10.164523188198546:8.4341419400454587] [-1:1] [-0.83333333333333337:1] [0:1] [0:1] [-3.5522341267027921:4.2916118602013782] [-3.9983157595637526:2.3158064580871107] [-2.3551806905370163:1.615271265722414] [-1.0484721638248378:2.4202840633711373] [-2.4158777397193139:1.3601474891640368] [-1.7376570541565435:0.32779925691795064] [-3.1124324236931944:3.5543834086310544] [-2.6304441509653094:2.4504302127391693] [-2.1307844820777873:1.8778157095906256] [-3.0291520467325452:3.9739286154097271] [-3.3275223981785125:2.2429828041326281] [-2.4339024901525597:1.702383703544015] [-1.0163977075638724:2.347956210718618] [-2.1947065667211967:1.3454766005409768] [-1.5574243691307628:0.3232481435839834] [-4.4786308711395364:7.7635914708319165] [-4.0610246122456832:5.5725045111138991] [-2.3871009150553677:4.0518774175364678] [-1.3470440077611796:4.6604564616536184] [-1.2052313639444794:7.7222147775551315] [-1.2246786529492741:2.3689238410852709] [-6.5874079312585785:6.792319954590039] [-4.6027803244588243:3.5776767725178216] [-2.7132146368713737:3.8077618163929139] [-1.235420241411102:3.6181176260882273] [-1.8055348089113594:4.5386756815773293] [-0.81282107753013222:2.288477753719985] [-11.010458718877427:10.788514345771336] [-5.9039300919708504:5.1147549922947011] [-3.525666066394086:3.77073770892836] [-1.0341650181614435:3.1684559574195501] [-2.1028558901327745:3.9255406034994276] [-1.2891842034651837:0.6389135990138477] [-3.9008191559820173:2.9265298616362738] [-3.4101272784101053:3.0110621163638904] [-2.5394254121886077:1.7342731261692754] [-1.3833128392726841:3.1963337809384234] [-2.0768668676214883:1.8740814081479262] [-1.5695431311559285:0.46436617027428928] [-5.4842763679009092:3.2262412415199848] [-4.2576652288242993:3.6513305256949398] [-1.9148889847559423:2.8955291891107509] [-1.272561921261826:4.0508628191722327] [-1.7896866277276253:4.5972320144007934] [-1.6843120636977835:1.358444846359792] [-4.3809904394627832:2.6529774664914609] [-3.879846811745276:3.6110639018679032] [-1.9582494038412193:2.6594692969266909] [-1.3097142563057409:3.8664223828537052] [-1.6370261112682691:3.9635344855001815] [-1.7503686072783486:1.3033264515618348] [-3.2899382321684163:3.5059095281063297] [-2.2371335169627562:2.6176124315583311] [-1.9579410530967885:1.9651136793922956] [-1.5811215862680283:2.0708556733963177] [-1.4835475995911935:1.934589178772014] [-2.4817685288860312:0.639431941761339] [-3.2908821207686505:3.5336358506631296] [-2.8225756550846914:3.6953002710048271] [-1.6913813003607923:2.533362356493897] [-0.73674172606197585:2.7559993217003713] [-1.4674871639431584:2.4386680850331808] [-1.4371484664665022:0.92366389788908021]
tree_sizes=773 794 794 791 796 787 796 792 789 788 798 796 795 792 798 797 795 704 799 701 792 795 791 703 792 799 790 701 794 706 801 703 791 701 802 706 704 795 701 801 798 614 789 881 801 794 793 702 700 620 789 800 704 621 703 889 878 799 615 792 620 709 790 706 704 802 702 794 797 709 620 705 610 701 702 616 888 702 801 801 706 794 800 792 622 703 804 706 701 889 707 795 615 889 790 896 803 800 887 880 619 701 703 801 790 705 801 713 617 892 618 702 709 892 886 711 792 895 796 706

Tree=0
num_leaves=7
num_cat=0
split_feature=69 106 115 38 110 68
split_gain=0.108298 0.108754 0.0681169 0.0448125 0.0357025 0.0468854
threshold=-1.2334354374459067 0.77934272368800184 0.82980913656727495 -0.045735268323753096 0.525327752973061 0.82604846348232319
decision_type=2 2 2 2 2 2
left_child=4 2 -2 -3 5 -1
right_child=1 3 -4 -5 -6 -7
leaf_value=0.0042012030471449266 0.0028341864615792447 0.0024955273918462304 0.0020100342106155892 0.0013022611021093705 0.004464784268378123 0.0027365436268564575
leaf_weight=54 1815 88 174 119 57 93
leaf_count=54 1815 88 174 119 57 93
internal_value=0.00275241 0.00267022 0.00276142 0.00180223 0.00362938 0.00328681
internal_weight=2400 2196 1989 207 204 147
internal_count=2400 2196 1989 207 204 147
is_linear=0
shrinkage=1


Tree=1
num_leaves=7
num_cat=0
split_feature=69 106 115 38 110 68
split_gain=0.100397 0.0963359 0.0619357 0.0429479 0.0379598 0.0399653
threshold=-1.2234593240546516 0.77934272368800184 0.82980913656727495 -0.045735268323753096 0.525327752973061 0.82604846348232319
decision_type=2 2 2 2 2 2
left_child=4 2 -2 -3 5 -1
right_child=1 3 -4 -5 -6 -7
leaf_value=0.0013024982349489325 7.2967369019927213e-05 -0.00023379683097251536 -0.00071301715130423621 -0.0014158110752509074 0.0016590336337685585 -1.2436975462196192e-05
leaf_weight=57 1809 87 174 114 60 99
leaf_count=57 1809 87 174 114 60 99
internal_value=2.59078e-08 -8.16053e-05 3.35158e-06 -0.000911537 0.000818584 0.000478426
internal_weight=2400 2184 1983 201 216 156
internal_count=2400 2184 1983 201 216 156
is_linear=0
shrinkage=0.04


Tree=2
num_leaves=7
num_cat=0
split_feature=87 78 106 42 102 25
split_gain=0.096981 0.0510007 0.0737469 0.0299764 0.0237806 0.0146627
threshold=1.8372749763537886 1.1801731666830124 0.77934272368800184 -0.34830349516818737 0.13076780965074228 -0.38854863095498665
decision_type=2 2 2 2 2 2
left_child=1 2 -1 -2 -5 -3
right_child=3 5 -4 4 -6 -7
leaf_value=-4.3633493679664674e-05 0.0016524862386939818 -2.6904180645942688e-05 -0.00081704793453474148 0.00095752889552754884 -0.00016528502050787211 0.00083179984446653461
leaf_weight=1839 55 43 219 77 48 119
leaf_count=1839 55 43 219 77 48 119
internal_value=4.68297e-08 -7.26642e-05 -0.000126649 0.00088776 0.000530555 0.000606324
internal_weight=2400 2220 2058 180 125 162
internal_count=2400 2220 2058 180 125 162
is_linear=0
shrinkage=0.04


Tree=3
num_leaves=7
num_cat=0
split_feature=69 100 115 14 110 68
split_gain=0.0901782 0.083043 0.0578628 0.0334064 0.0332009 0.0362438
threshold=-1.2234593240546516 0.81524608869324344 0.92746031311689159 -0.39686106626005851 0.525327752973061 0.82604846348232319
decision_type=2 2 2 2 2 2
left_child=4 2 -2 -3 5 -1
right_child=1 3 -4 -5 -6 -7
leaf_value=0.0012423674216872807 5.9526651755052724e-05 9.764985730567865e-05 -0.00077556514649707313 -0.0011515850079313775 0.0015620479346703617 -9.8886676962570377e-06
leaf_weight=57 1851 44 141 148 60 99
leaf_count=57 1851 44 141 148 60 99
internal_value=1.24524e-07 -7.7241e-05 -3.02372e-07 -0.000867247 0.000775908 0.000457601
internal_weight=2400 2184 1992 192 216 156
internal_count=2400 2184 1992 192 216 156
is_linear=0
shrinkage=0.04


Tree=4
num_leaves=7
num_cat=0
split_feature=87 59 110 67 114 42
split_gain=0.0855327 0.0476956 0.065514 0.0564807 0.0287296 0.0298241
threshold=1.7606796695102236 0.7384869597295961 1.0000000180025095e-35 -1.2636699581126283 -0.51280794148572417 -0.34830349516818737
decision_type=2 2 2 2 2 2
left_child=1 3 -3 -1 -2 -6
right_child=4 2 -4 -5 5 -7
leaf_value=0.0010960770921303413 -0.00010686459109737452 -0.0013188157644488405 -0.00014415974005762685 -3.1845158276239592e-05 0.0019014662250022715 0.00066582976565221594
leaf_weight=72 42 105 264 1770 46 101
leaf_count=72 42 105 264 1770 46 101
internal_value=1.53668e-07 -6.99411e-05 -0.000483719 1.3384e-05 0.000812297 0.00107282
internal_weight=2400 2211 369 1842 189 147
internal_count=2400 2211 369 1842 189 147
is_linear=0
shrinkage=0.04


Tree=5
num_leaves=7
num_cat=0
split_feature=69 100 82 14 14 35
split_gain=0.079805 0.078356 0.0502453 0.0300191 0.0267486 0.0222379
threshold=-1.2334354374459067 0.81524608869324344 -0.65880442554174035 -0.39686106626005851 0.48833181153266264 -0.67986315612901826
decision_type=2 2 2 2 2 2
left_child=4 2 -2 -3 5 -1
right_child=1 3 -4 -5 -6 -7
leaf_value=4.6811734375131144e-05 -0.0009238367664282409 8.0841390336764614e-05 4.8434829664186369e-05 -0.0010892833307866129 0.0015316258456979719 0.0010120097769633529
leaf_weight=86 87 45 1911 153 51 67
leaf_count=86 87 45 1911 153 51 67
internal_value=2.16179e-07 -7.0339e-05 5.21718e-06 -0.000825197 0.00075303 0.000477085
internal_weight=2400 2196 1998 198 204 153
internal_count=2400 2196 1998 198 204 153
is_linear=0
shrinkage=0.04


Tree=6
num_leaves=7
num_cat=0
split_feature=87 78 100 32 111 25
split_gain=0.0766638 0.0450827 0.0607837 0.0271016 0.0239317 0.0129762
threshold=1.7606796695102236 1.1801731666830124 0.86828523068316144 -0.97293425503987885 -0.73060369396431313 -0.38854863095498665
decision_type=2 2 2 2 2 2
left_child=1 2 -1 -2 -5 -3
right_child=3 5 -4 4 -6 -7
leaf_value=-4.9712322330008029e-05 0.0016077723149012062 -2.3632206436660555e-05 -0.0008213224761430617 0.00091052484608271378 -0.00012917443266382715 0.00078425430584976009
leaf_weight=1872 45 43 177 85 59 119
leaf_count=1872 45 43 177 85 59 119
internal_value=2.31068e-07 -6.61303e-05 -0.000117103 0.000769117 0.000488603 0.000572142
internal_weight=2400 2211 2049 189 144 162
internal_count=2400 2211 2049 189 144 162
is_linear=0
shrinkage=0.04


Tree=7
num_leaves=7
num_cat=0
split_feature=87 114 82 106 108 60
split_gain=0.0709945 0.0432968 0.0444958 0.0414405 0.0259603 0.0195079
threshold=1.8372749763537886 0.48870175028390556 -0.65880442554174035 0.97705631539002546 0.61371583927113771 -0.96007940769929989
decision_type=2 2 2 2 2 2
left_child=1 2 -1 -3 5 -2
right_child=4 3 -4 -5 -6 -7
leaf_value=-0.00091917034905605226 0.0014711767890824108 -0.00022511476063849834 8.4157855261046514e-05 -0.0012110419432865456 -0.00010751852490515872 0.00050222353701589301
leaf_weight=72 72 474 1596 78 42 66
leaf_count=72 72 474 1596 78 42 66
internal_value=2.97724e-07 -6.19137e-05 3.97998e-05 -0.0003683 0.000759821 0.00102156
internal_weight=2400 2220 1668 552 180 138
internal_count=2400 2220 1668 552 180 138
is_linear=0
shrinkage=0.04


Tree=8
num_leaves=7
num_cat=0
split_feature=87 59 47 67 108 60
split_gain=0.0655782 0.0413002 0.0592721 0.0569664 0.0239836 0.018017
threshold=1.8372749763537886 0.8859505379668261 -0.59627661575156166 -1.2636699581126283 0.61371583927113771 -0.96007940769929989
decision_type=2 2 2 2 2 2
left_child=1 3 -3 -1 5 -2
right_child=4 2 -4 -5 -6 -7
leaf_value=0.0010175345772146355 0.0014139201812370607 -0.0015682011542958209 -0.00020659138997606362 -3.6034060753292805e-05 -0.00010341324843466282 0.00048272544134627375
leaf_weight=84 72 62 259 1815 42 66
leaf_count=84 72 62 259 1815 42 66
internal_value=2.72314e-07 -5.9519e-05 -0.000477663 1.15908e-05 0.000730249 0.000981824
internal_weight=2400 2220 321 1899 180 138
internal_count=2400 2220 321 1899 180 138
is_linear=0
shrinkage=0.04


Tree=9
num_leaves=7
num_cat=0
split_feature=87 78 100 42 40 14
split_gain=0.0607922 0.0400859 0.0529754 0.0241812 0.0208819 0.0121288
threshold=1.7606796695102236 1.1801731666830124 0.86828523068316144 -0.34830349516818737 0.97270184349837918 0.26993378652657951
decision_type=2 2 2 2 2 2
left_child=1 2 -1 -2 -5 -3
right_child=3 5 -4 4 -6 -7
leaf_value=-4.395668550757016e-05 0.0013524417914838219 0.00025813474687851393 -0.00076429842443819353 8.9121265716201981e-06 0.0010628561377930253 0.00096906910005670329
leaf_weight=1872 58 99 177 87 44 63
leaf_count=1872 58 99 177 87 44 63
internal_value=2.94722e-07 -5.87994e-05 -0.000106867 0.000684979 0.000373568 0.000543055
internal_weight=2400 2211 2049 189 131 162
internal_count=2400 2211 2049 189 131 162
is_linear=0
shrinkage=0.04


Tree=10
num_leaves=7
num_cat=0
split_feature=69 106 82 38 94 12
split_gain=0.0625505 0.0603961 0.0417029 0.0360933 0.0274127 0.0189128
threshold=-1.2234593240546516 0.77934272368800184 -0.65880442554174035 -0.045735268323753096 0.44136488957944925 -0.87063435363670527
decision_type=2 2 2 2 2 2
left_child=4 2 -2 -3 5 -1
right_child=1 3 -4 -5 -6 -7
leaf_value=0.0014743666061520823 -0.00084303929921098354 -0.00010283077067664166 4.2889883121792622e-05 -0.0011831831867838729 -0.00010390754942032431 0.00056007758602408654
leaf_weight=59 87 87 1896 114 57 100
leaf_count=59 87 87 1896 114 57 100
internal_value=3.7762e-07 -6.40561e-05 3.21134e-06 -0.000721188 0.000646485 0.000913443
internal_weight=2400 2184 1983 201 216 159
internal_count=2400 2184 1983 201 216 159
is_linear=0
shrinkage=0.04


Tree=11
num_leaves=7
num_cat=0
split_feature=69 106 82 98 14 35
split_gain=0.0577856 0.0587327 0.0389032 0.0351896 0.0243991 0.0201913
threshold=-1.2334354374459067 0.77934272368800184 -0.65880442554174035 -0.43912814401616557 0.48833181153266264 -0.67986315612901826
decision_type=2 2 2 2 2 2
left_child=4 2 -2 -3 5 -1
right_child=1 3 -4 -5 -6 -7
leaf_value=-2.9428415759453361e-05 -0.00081007549509123553 -0.00021947610661676473 4.5539213930291639e-05 -0.0012666134690179638 0.0013833418360225996 0.00088852854535840728
leaf_weight=86 87 114 1902 93 51 67
leaf_count=86 87 114 1902 93 51 67
internal_value=3.57337e-07 -5.96804e-05 7.33799e-06 -0.000697548 0.000640951 0.000378831
internal_weight=2400 2196 1989 207 204 153
internal_count=2400 2196 1989 207 204 153
is_linear=0
shrinkage=0.04


Tree=12
num_leaves=7
num_cat=0
split_feature=69 115 106 86 14 96
split_gain=0.0536463 0.0541093 0.0481246 0.0386695 0.0277061 0.0239741
threshold=-1.2234593240546516 0.92746031311689159 0.74119606466784427 0.19073795002926261 0.48833181153266264 0.38620863530087052
decision_type=2 2 2 2 2 2
left_child=4 2 -2 -3 5 -1
right_child=1 3 -4 -5 -6 -7
leaf_value=0.000617806521091552 6.3024395409429888e-05 -0.001562873494961315 -0.00061406533091605921 -0.00031019757861737164 0.0013584024525909245 -0.00046776750559608145
leaf_weight=118 1821 57 183 123 55 43
leaf_count=118 1821 57 183 123 55 43
internal_value=3.42772e-07 -5.93288e-05 6.43762e-07 -0.000719694 0.000598698 0.000325689
internal_weight=2400 2184 2004 180 216 161
internal_count=2400 2184 2004 180 216 161
is_linear=0
shrinkage=0.04


Tree=13
num_leaves=7
num_cat=0
split_feature=87 59 110 67 32 40
split_gain=0.0506738 0.0375197 0.0611611 0.0472282 0.0227344 0.0204967
threshold=1.7606796695102236 0.8859505379668261 1.0000000180025095e-35 -1.2636699581126283 -0.97293425503987885 0.82926537208622531
decision_type=2 2 2 2 2 2
left_child=1 3 -3 -1 -2 -6
right_child=4 2 -4 -5 5 -7
leaf_value=0.00092957614684141738 0.0013921869049552194 -0.0013458457551478 -0.00010832946814859853 -2.9759600865862898e-05 -0.00014075049701943129 0.00080674163348784175
leaf_weight=84 45 87 228 1812 67 77
leaf_count=84 45 87 228 1812 67 77
internal_value=2.98573e-07 -5.36541e-05 -0.000456454 1.36774e-05 0.000625411 0.000370006
internal_weight=2400 2211 315 1896 189 144
internal_count=2400 2211 315 1896 189 144
is_linear=0
shrinkage=0.04


Tree=14
num_leaves=7
num_cat=0
split_feature=69 106 82 98 94 23
split_gain=0.0476698 0.0495414 0.0361529 0.0303462 0.0193465 0.0128784
threshold=-1.2766857761056274 0.77934272368800184 -0.62411680829903105 -0.43912814401616557 0.45189560341931145 -0.85931344893579042
decision_type=2 2 2 2 2 2
left_child=4 2 -2 -3 5 -1
right_child=1 3 -4 -5 -6 -7
leaf_value=0.0012862221451507786 -0.00068524132495070193 -0.00019082048816895973 5.1353677205112362e-05 -0.0011489793684628165 -0.00012033693004458984 0.00050504718583239158
leaf_weight=57 111 117 1884 96 45 90
leaf_count=57 111 117 1884 96 45 90
internal_value=3.36703e-07 -5.24375e-05 9.72497e-06 -0.000629338 0.000601524 0.000821151
internal_weight=2400 2208 1995 213 192 147
internal_count=2400 2208 1995 213 192 147
is_linear=0
shrinkage=0.04


Tree=15
num_leaves=7
num_cat=0
split_feature=87 35 114 88 114 42
split_gain=0.045116 0.0362863 0.0331934 0.0321713 0.0211682 0.021755
threshold=1.7606796695102236 0.88250736842502919 0.083415434465101038 1.0000000180025095e-35 -0.51280794148572417 -0.34830349516818737
decision_type=2 2 2 2 2 2
left_child=1 3 -3 -1 -2 -6
right_child=4 2 -4 -5 5 -7
leaf_value=0.00013928028138709755 -0.00019465694182806394 -0.00013286514984040909 -0.001331115083195842 -0.00017747343586054881 0.0015196054060167322 0.0004693449229381762
leaf_weight=1112 42 87 63 949 46 101
leaf_count=1112 42 87 63 949 46 101
internal_value=3.13155e-07 -5.05949e-05 -0.000647023 -6.60155e-06 0.00059015 0.000813984
internal_weight=2400 2211 150 2061 189 147
internal_count=2400 2211 150 2061 189 147
is_linear=0
shrinkage=0.04


Tree=16
num_leaves=7
num_cat=0
split_feature=69 100 66 14 14 96
split_gain=0.0427779 0.0420712 0.0333743 0.0258617 0.024983 0.0204592
threshold=-1.2234593240546516 0.81524608869324344 -0.93161357492258412 0.52831220921758371 -0.39686106626005851 0.38620863530087052
decision_type=2 2 2 2 2 2
left_child=3 2 -2 5 -3 -1
right_child=1 4 -4 -5 -6 -7
leaf_value=0.00055260020946618169 -0.00049249041177566418 0.00021410257984509528 5.5909587834244581e-05 0.0013246225515453547 -0.00086141893303016948 -0.00043656331271884724
leaf_weight=123 195 44 1797 49 148 44
leaf_count=123 195 44 1797 49 148 44
internal_value=3.10358e-07 -5.2975e-05 1.78573e-06 0.000534628 -0.000615279 0.0002899
internal_weight=2400 2184 1992 216 192 167
internal_count=2400 2184 1992 216 192 167
is_linear=0
shrinkage=0.04


Tree=17
num_leaves=6
num_cat=0
split_feature=70 42 118 39 10
split_gain=0.0418164 0.0366111 0.0370437 0.0307004 0.0166844
threshold=-1.4132590721838723 -0.75453726991361159 -0.21348482604023242 -0.56439812351756702 0.82857338354198073
decision_type=2 2 2 2 2
left_child=4 3 -3 -2 -1
right_child=1 2 -4 -5 -6
leaf_value=0.00029373481754899132 -0.00038062656868193581 0.0001112749582882983 -0.00023662579216357984 0.00059239625167673829 0.0014254441827828022
leaf_weight=43 65 832 1185 234 41
leaf_count=43 65 832 1185 234 41
internal_value=3.09826e-07 -3.1824e-05 -9.31508e-05 0.000379746 0.000866421
internal_weight=2400 2316 2017 299 84
internal_count=2400 2316 2017 299 84
is_linear=0
shrinkage=0.04


Tree=18
num_leaves=7
num_cat=0
split_feature=87 112 108 67 34 102
split_gain=0.0393581 0.0335961 0.0463186 0.0316098 0.0193947 0.0248622
threshold=1.7606796695102236 -0.62518460208144322 0.40745970276169047 -1.2636699581126283 -1.0370305208006123 0.49694315088638791
decision_type=2 2 2 2 2 2
left_child=1 2 -1 -3 -2 -6
right_child=4 3 -4 -5 5 -7
leaf_value=-0.00057923127927019132 0.0013131952141078988 0.00079522266672609973 0.00033577593220515228 -4.5973970062976285e-06 0.00064221220598598052 -0.00050349704678193943
leaf_weight=348 40 81 117 1665 109 40
leaf_count=348 40 81 117 1665 109 40
internal_value=3.57571e-07 -4.71911e-05 -0.000348552 3.33751e-05 0.000551272 0.000332044
internal_weight=2400 2211 465 1746 189 149
internal_count=2400 2211 465 1746 189 149
is_linear=0
shrinkage=0.04


Tree=19
num_leaves=6
num_cat=0
split_feature=70 35 114 82 10
split_gain=0.0375611 0.0350441 0.0335531 0.0325683 0.0147306
threshold=-1.4132590721838723 0.88250736842502919 0.13365030943251702 -0.68018358152390557 0.82857338354198073
decision_type=2 2 2 2 2
left_child=4 3 -3 -2 -1
right_child=1 2 -4 -5 -6
leaf_value=0.00028275776447521313 -0.00089781868027248341 -0.00012723320726083719 -0.0012898263395199497 3.9806944811251206e-05 0.0013466303119284296
leaf_weight=43 59 101 64 2092 41
leaf_count=43 59 101 64 2092 41
internal_value=4.09845e-07 -3.00452e-05 -0.000588225 1.32786e-05 0.00082127
internal_weight=2400 2316 165 2151 84
internal_count=2400 2316 165 2151 84
is_linear=0
shrinkage=0.04


Tree=20
num_leaves=7
num_cat=0
split_feature=42 100 28 115 39 73
split_gain=0.0352832 0.0382427 0.0414309 0.0389548 0.0307201 0.0253613
threshold=-0.75453726991361159 0.81524608869324344 1.2400618601970643 1.0270292417517906 -0.56439812351756702 0.405803995560791
decision_type=2 2 2 2 2 2
left_child=4 3 -3 -2 -1 -6
right_child=1 2 -4 -5 5 -7
leaf_value=-0.00036742552864684987 5.4231068098804166e-05 -0.0008139958117219881 0.00054686865448537794 -0.0006220294257965745 0.00026569205033592883 0.0010978154221671925
leaf_weight=65 1720 181 43 146 148 97
leaf_count=65 1720 181 43 146 148 97
internal_value=3.7195e-07 -5.88081e-05 -0.000550231 7.09606e-07 0.00039718 0.000601367
internal_weight=2400 2090 224 1866 310 245
internal_count=2400 2090 224 1866 310 245
is_linear=0
shrinkage=0.04


Tree=21
num_leaves=7
num_cat=0
split_feature=69 106 104 80 14 35
split_gain=0.0352572 0.0385899 0.0310018 0.0278048 0.0208857 0.0164178
threshold=-1.2766857761056274 0.97705631539002546 -0.41156901237763138 0.8294054830425498 0.52831220921758371 -0.42242865321952644
decision_type=2 2 2 2 2 2
left_child=4 3 -3 -2 5 -1
right_child=1 2 -4 -5 -6 -7
leaf_value=-4.9482197065772587e-05 -5.9802477784813369e-05 -0.00018879129663842281 -0.0013818063954743793 0.00036260396598814188 0.0012971357334145282 0.00079351992701225344
leaf_weight=91 1776 87 57 288 41 60
leaf_count=91 1776 87 57 288 41 60
internal_value=3.62435e-07 -4.50238e-05 -0.000673486 -5.68081e-07 0.000517388 0.00029148
internal_weight=2400 2208 144 2064 192 151
internal_count=2400 2208 144 2064 192 151
is_linear=0
shrinkage=0.04


Tree=22
num_leaves=7
num_cat=0
split_feature=87 59 47 81 17 111
split_gain=0.0340441 0.0301192 0.0386331 0.0323447 0.0172207 0.0164166
threshold=1.8372749763537886 0.7384869597295961 -0.59627661575156166 -0.36100392684936949 -0.47994746366745283 -0.70596559565254224
decision_type=2 2 2 2 2 2
left_child=1 3 -3 -1 -2 -6
right_child=4 2 -4 -5 5 -7
leaf_value=-0.00022807228760894334 0.001119113063101064 -0.0011428613712390263 -0.00015554605863681541 0.0001349329506718939 0.0006256294105337532 -0.00029199789905060946
leaf_weight=564 53 79 296 1281 77 50
leaf_count=564 53 79 296 1281 77 50
internal_value=3.73695e-07 -4.27068e-05 -0.0003685 2.38387e-05 0.00052633 0.000265433
internal_weight=2400 2220 375 1845 180 127
internal_count=2400 2220 375 1845 180 127
is_linear=0
shrinkage=0.04


Tree=23
num_leaves=6
num_cat=0
split_feature=70 78 106 10 48
split_gain=0.0329601 0.0294273 0.0391369 0.0124859 0.0124841
threshold=-1.4132590721838723 1.0755369012213902 0.97705631539002546 0.82857338354198073 -0.55089031010684375
decision_type=2 2 2 2 2
left_child=3 2 -2 -1 -3
right_child=1 4 -4 -5 -6
leaf_value=0.00027277086840735544 -2.3655964209899748e-05 2.4083690135739744e-05 -0.00070219872315248398 0.0012531506663274973 0.00070633013298910142
leaf_weight=43 1989 68 144 41 115
leaf_count=43 1989 68 144 41 115
internal_value=3.60788e-07 -2.81681e-05 -7.00796e-05 0.000769304 0.000455819
internal_weight=2400 2316 2133 84 183
internal_count=2400 2316 2133 84 183
is_linear=0
shrinkage=0.04


Tree=24
num_leaves=7
num_cat=0
split_feature=35 69 106 99 99 36
split_gain=0.0332135 0.0356397 0.0304195 0.0298034 0.0186967 0.0174251
threshold=0.8906191082011764 -1.4127136146476991 0.77934272368800184 0.79948403799794066 0.11135510019459975 -0.59626860615765631
decision_type=2 2 2 2 2 2
left_child=1 5 -3 4 -2 -1
right_child=3 2 -4 -5 -6 -7
leaf_value=0.00031997265007313607 -0.00087075814474807227 5.0070075102322053e-05 -0.00046837473586783745 -0.0014006096355498154 0.00016950783390501994 0.0012909821973880753
leaf_weight=82 41 1912 198 45 76 46
leaf_count=82 41 1912 198 45 76 46
internal_value=3.97328e-07 4.06268e-05 1.02234e-06 -0.000549083 -0.000203538 0.000683422
internal_weight=2400 2238 2110 162 117 128
internal_count=2400 2238 2110 162 117 128
is_linear=0
shrinkage=0.04


Tree=25
num_leaves=7
num_cat=0
split_feature=41 106 28 75 82 40
split_gain=0.0308908 0.0360164 0.0385914 0.030888 0.0306939 0.0233414
threshold=-0.86539325558497426 0.77934272368800184 1.2400618601970643 -0.21027660614698715 -0.68018358152390557 -0.45916444342714907
decision_type=2 2 2 2 2 2
left_child=3 4 -3 -1 -2 -5
right_child=1 2 -4 5 -6 -7
leaf_value=-0.00057528525971892207 -0.00085471215395955375 -0.00078137431729496834 0.00049704066128470009 -0.00011308248896720046 3.6368974025726673e-05 0.00081659242779122821
leaf_weight=42 62 183 46 57 1839 171
leaf_count=42 62 183 46 57 1839 171
internal_value=3.51157e-07 -5.08643e-05 -0.000522495 0.000401787 6.43915e-06 0.000585211
internal_weight=2400 2130 229 270 1901 228
internal_count=2400 2130 229 270 1901 228
is_linear=0
shrinkage=0.04


Tree=26
num_leaves=7
num_cat=0
split_feature=35 69 115 99 99 36
split_gain=0.0307155 0.0316583 0.0352713 0.0273793 0.0176972 0.0162201
threshold=0.8906191082011764 -1.4127136146476991 0.92746031311689159 0.79948403799794066 0.28705399839078044 -0.59626860615765631
decision_type=2 2 2 2 2 2
left_child=1 5 -3 4 -2 -1
right_child=3 2 -4 -5 -6 -7
leaf_value=0.00029462067795629125 -0.00062849736398906079 5.4332427605757105e-05 -0.00050518355575968142 -0.0013442843365904062 0.00034594059863593432 0.001230801337126953
leaf_weight=82 65 1913 197 45 52 46
leaf_count=82 65 1913 197 45 52 46
internal_value=3.04653e-07 3.89918e-05 1.66433e-06 -0.000528109 -0.000196878 0.00064482
internal_weight=2400 2238 2110 162 117 128
internal_count=2400 2238 2110 162 117 128
is_linear=0
shrinkage=0.04


Tree=27
num_leaves=6
num_cat=0
split_feature=70 35 7 109 10
split_gain=0.0288393 0.0271788 0.0288588 0.0264676 0.0108456
threshold=-1.4132590721838723 0.88250736842502919 0.20350661709478138 0.4728716988324364 0.82857338354198073
decision_type=2 2 2 2 2
left_child=4 3 -3 -2 -1
right_child=1 2 -4 -5 -6
leaf_value=0.00025662922098611794 -7.0330677376668373e-05 -0.00012684393902732567 -0.0012296515863420348 0.00025120090971997181 0.0011705238764650773
leaf_weight=43 1603 108 57 548 41
leaf_count=43 1603 108 57 548 41
internal_value=2.74075e-07 -2.64118e-05 -0.000517978 1.17416e-05 0.000719545
internal_weight=2400 2316 165 2151 84
internal_count=2400 2316 165 2151 84
is_linear=0
shrinkage=0.04


Tree=28
num_leaves=7
num_cat=0
split_feature=42 115 86 67 39 73
split_gain=0.0299739 0.0293567 0.0466449 0.0363253 0.0266302 0.0216608
threshold=-0.75453726991361159 1.0270292417517906 0.14545287844386948 -1.4054970124800963 -0.56439812351756702 0.405803995560791
decision_type=2 2 2 2 2 2
left_child=4 3 -3 -2 -1 -6
right_child=1 2 -4 -5 5 -7
leaf_value=-0.00034581253200825025 0.00086863817289879882 -0.0016520729888644483 -0.00017954110335604911 -4.127875482124081e-05 0.00024590208572335543 0.0010149342559217453
leaf_weight=65 71 43 149 1827 148 97
leaf_count=65 71 43 149 1827 148 97
internal_value=2.71489e-07 -5.42745e-05 -0.000522959 -6.36224e-06 0.000366008 0.000556129
internal_weight=2400 2090 192 1898 310 245
internal_count=2400 2090 192 1898 310 245
is_linear=0
shrinkage=0.04


Tree=29
num_leaves=6
num_cat=0
split_feature=42 28 106 75 75
split_gain=0.0276614 0.0291349 0.0447173 0.0250944 0.0155555
threshold=-0.75453726991361159 1.7540496111871748 0.99872341173595158 -0.57766032113393384 1.2580875473585154
decision_type=2 2 2 2 2
left_child=3 2 -2 -1 -5
right_child=1 -3 -4 4 -6
leaf_value=-0.00043767947781210147 -2.5716146479257525e-05 0.00084805142184320311 -0.00076409089615971429 0.00036519234018568466 0.0011837595372217828
leaf_weight=52 1897 54 139 214 44
leaf_count=52 1897 54 139 214 44
internal_value=2.57658e-07 -5.21419e-05 -7.68262e-05 0.000351602 0.000512825
internal_weight=2400 2090 2036 310 258
internal_count=2400 2090 2036 310 258
is_linear=0
shrinkage=0.04


Tree=30
num_leaves=7
num_cat=0
split_feature=87 112 102 61 34 102
split_gain=0.0262156 0.0278305 0.0390576 0.0308319 0.0148481 0.0210472
threshold=1.7606796695102236 -0.62518460208144322 -0.32313143451406667 -0.37773724288521821 -1.0370305208006123 0.13076780965074228
decision_type=2 2 2 2 2 2
left_child=1 2 -1 -3 -2 -6
right_child=4 3 -4 -5 5 -7
leaf_value=0.00011811645409011939 0.0011160748673275866 0.00048339177624777304 -0.00062260974745346597 -2.8073579008677362e-05 0.00061748790798446865 -0.00035476606542432455
leaf_weight=195 40 213 270 1533 94 55
leaf_count=195 40 213 270 1533 94 55
internal_value=2.86301e-07 -3.85199e-05 -0.000312807 3.48034e-05 0.000449907 0.000258657
internal_weight=2400 2211 465 1746 189 149
internal_count=2400 2211 465 1746 189 149
is_linear=0
shrinkage=0.04


Tree=31
num_leaves=6
num_cat=0
split_feature=70 80 68 110 10
split_gain=0.0254234 0.0253067 0.0373934 0.0339904 0.00891072
threshold=-1.4132590721838723 0.8294054830425498 0.82604846348232319 1.0653922298850322 0.82857338354198073
decision_type=2 2 2 2 2
left_child=4 2 -2 -3 -1
right_child=1 3 -4 -5 -6
leaf_value=0.00025470693668143619 -1.6423913477886108e-05 -3.350386177657143e-05 -0.00053521930618331218 0.00070612824496759166 0.0010847463398673681
leaf_weight=43 1647 252 255 162 41
leaf_count=43 1647 252 255 162 41
internal_value=3.19134e-07 -2.47366e-05 -8.64676e-05 0.000257921 0.00067565
internal_weight=2400 2316 1902 414 84
internal_count=2400 2316 1902 414 84
is_linear=0
shrinkage=0.04


Tree=32
num_leaves=7
num_cat=0
split_feature=42 115 86 105 39 75
split_gain=0.0253046 0.027075 0.0417249 0.036117 0.02372 0.0161264
threshold=-0.75453726991361159 1.0270292417517906 0.14545287844386948 1.1502060813527282 -0.56439812351756702 1.185075746226296
decision_type=2 2 2 2 2 2
left_child=4 3 -3 -2 -1 -6
right_child=1 2 -4 -5 5 -7
leaf_value=-0.00033523834602379086 4.7621790835234738e-05 -0.0015678011687446593 -0.00017498423350012759 -0.00059518494066890671 0.00035692063736009042 0.001194836108783341
leaf_weight=65 1748 43 149 150 201 44
leaf_count=65 1748 43 149 150 201 44
internal_value=3.55009e-07 -4.97627e-05 -0.000499864 -3.75262e-06 0.000336399 0.00051586
internal_weight=2400 2090 192 1898 310 245
internal_count=2400 2090 192 1898 310 245
is_linear=0
shrinkage=0.04


Tree=33
num_leaves=6
num_cat=0
split_feature=82 35 114 87 47
split_gain=0.024929 0.0269592 0.0240332 0.0237314 0.0169722
threshold=-0.65880442554174035 0.8906191082011764 0.083415434465101038 1.5617955539898876 -0.39957990090801376
decision_type=2 2 2 2 2
left_child=4 3 -3 -2 -1
right_child=1 2 -4 -5 -6
leaf_value=-0.0011908302427795917 2.0341212399912918e-05 -5.3170056429128935e-05 -0.0010374149791153985 0.00047580445892440323 -8.1385663089652855e-05
leaf_weight=44 1952 94 67 200 43
leaf_count=44 1952 94 67 200 43
internal_value=3.05048e-07 2.55608e-05 -0.000470466 6.3073e-05 -0.000656635
internal_weight=2400 2313 161 2152 87
internal_count=2400 2313 161 2152 87
is_linear=0
shrinkage=0.04


Tree=34
num_leaves=7
num_cat=0
split_feature=41 66 39 100 75 40
split_gain=0.0242792 0.0281991 0.0436165 0.0283115 0.0256767 0.0196949
threshold=-0.86539325558497426 -0.52992462739980961 1.1238046539581845 0.81524608869324344 -0.21027660614698715 -0.45916444342714907
decision_type=2 2 2 2 2 2
left_child=4 2 -2 -3 -1 -6
right_child=1 3 -4 -5 5 -7
leaf_value=-0.00053448764035816899 -0.00043562527255930399 8.1977059665708427e-05 0.00072183834610830492 -0.00057714019065315371 -0.00011761163357424282 0.00073596558504000396
leaf_weight=42 453 1510 57 110 57 171
leaf_count=42 453 1510 57 110 57 171
internal_value=2.30674e-07 -4.51742e-05 -0.000303947 3.65657e-05 0.000356123 0.000523404
internal_weight=2400 2130 510 1620 270 228
internal_count=2400 2130 510 1620 270 228
is_linear=0
shrinkage=0.04


Tree=35
num_leaves=6
num_cat=0
split_feature=82 35 57 70 13
split_gain=0.0231222 0.0245554 0.0226661 0.0219223 0.00970412
threshold=-0.62411680829903105 0.8906191082011764 0.57122687702018327 -1.4132590721838723 0.075000202534214369
decision_type=2 2 2 2 2
left_child=4 3 -3 -2 -1
right_child=1 2 -4 -5 -6
leaf_value=-0.00011386897728531336 0.00073559046313166621 -0.00071897501667930947 0.00036424530578404389 3.9292327905548867e-05 -0.00087143570819700315
leaf_weight=47 73 120 40 2056 64
leaf_count=47 73 120 40 2056 64
internal_value=2.17281e-07 2.77679e-05 -0.000447016 6.38352e-05 -0.000558357
internal_weight=2400 2289 160 2129 111
internal_count=2400 2289 160 2129 111
is_linear=0
shrinkage=0.04


Tree=36
num_leaves=6
num_cat=0
split_feature=42 28 106 75 81
split_gain=0.0223691 0.0258072 0.0363255 0.0216165 0.0179423
threshold=-0.75453726991361159 1.7540496111871748 0.99872341173595158 -0.57766032113393384 0.3924208540730304
decision_type=2 2 2 2 2
left_child=3 2 -2 -1 -5
right_child=1 -3 -4 4 -6
leaf_value=-0.00041620616482018877 -2.4098745102202348e-05 0.00080028824988403362 -0.0006895951020567684 0.00026089361975512775 0.001014566538256726
leaf_weight=52 1897 54 139 190 68
leaf_count=52 1897 54 139 190 68
internal_value=1.89765e-07 -4.69313e-05 -7.01651e-05 0.000316141 0.000465812
internal_weight=2400 2090 2036 310 258
internal_count=2400 2090 2036 310 258
is_linear=0
shrinkage=0.04


Tree=37
num_leaves=7
num_cat=0
split_feature=78 106 104 87 35 60
split_gain=0.0220425 0.0290956 0.0390945 0.0292543 0.0152659 0.021402
threshold=1.0026742855217996 0.97705631539002546 -0.28454582567460313 1.1810210358065631 -0.67986315612901826 -0.98217637770976729
decision_type=2 2 2 2 2 2
left_child=1 3 -3 -1 -2 -6
right_child=4 2 -4 -5 5 -7
leaf_value=-6.1232499934110615e-05 -0.00027163274930385145 -0.00012415340095425821 -0.0015350890829366574 0.00037055039158728249 0.0012943667859729865 0.00028164804044466179
leaf_weight=1752 44 96 45 291 44 128
leaf_count=1752 44 96 45 291 44 128
internal_value=2.13676e-07 -3.8036e-05 -0.000589624 5.71863e-07 0.000383762 0.000552616
internal_weight=2400 2184 141 2043 216 172
internal_count=2400 2184 141 2043 216 172
is_linear=0
shrinkage=0.04


Tree=38
num_leaves=6
num_cat=0
split_feature=82 99 70 47 84
split_gain=0.0212769 0.023016 0.0211166 0.0154761 0.01294
threshold=-0.65880442554174035 -0.93572729176021274 -1.4132590721838723 -0.39957990090801376 -0.35702722341867493
decision_type=2 2 2 2 2
left_child=3 4 -3 -1 -2
right_child=1 2 -4 -5 -6
leaf_value=-0.0011167609306437004 0.00099754706832903394 0.00063460227791461846 -4.0209694434362852e-05 -5.8360624644491409e-05 0.00024642980838443632
leaf_weight=44 47 75 2036 43 155
leaf_count=44 47 75 2036 43 155
internal_value=2.03611e-07 2.35362e-05 -1.56569e-05 -0.00060671 0.000429261
internal_weight=2400 2313 2111 87 202
internal_count=2400 2313 2111 87 202
is_linear=0
shrinkage=0.04


Tree=39
num_leaves=7
num_cat=0
split_feature=41 66 13 118 75 23
split_gain=0.0210317 0.0267369 0.0376601 0.0249484 0.0229769 0.0131325
threshold=-0.86539325558497426 -0.52992462739980961 1.1015119127607738 0.3629330169400497 -0.21027660614698715 -0.85931344893579042
decision_type=2 2 2 2 2 2
left_child=4 2 -2 -3 -1 -6
right_child=1 3 -4 -5 5 -7
leaf_value=-0.00051091294767419723 -0.00041986214716746719 0.00012846791716260162 0.00063291617045779867 -0.00023272537497778236 0.0007622196280221477 0.00015079906294565825
leaf_weight=42 450 1213 60 407 125 103
leaf_count=42 450 1213 60 407 125 103
internal_value=2.17559e-07 -4.20418e-05 -0.000294017 3.75486e-05 0.000331455 0.000489721
internal_weight=2400 2130 510 1620 270 228
internal_count=2400 2130 510 1620 270 228
is_linear=0
shrinkage=0.04


Tree=40
num_leaves=7
num_cat=0
split_feature=42 115 34 104 28 73
split_gain=0.0200002 0.0239237 0.0398841 0.0290462 0.020196 0.0183155
threshold=-0.75453726991361159 1.0270292417517906 0.44773593600231004 0.65057695294078421 -0.56738521626080407 0.405803995560791
decision_type=2 2 2 2 2 2
left_child=4 3 -3 -2 -1 -6
right_child=1 2 -4 -5 5 -7
leaf_value=-0.00043340876333269418 -5.8770448477727917e-05 -0.00082023621773353488 0.0004540400822985579 0.00042247257782340362 0.00016641064636663806 0.00085185931651512168
leaf_weight=49 1672 139 53 226 159 102
leaf_count=49 1672 139 53 226 159 102
internal_value=2.25875e-07 -4.43303e-05 -0.000467428 -1.08315e-06 0.00029898 0.000438728
internal_weight=2400 2090 192 1898 310 261
internal_count=2400 2090 192 1898 310 261
is_linear=0
shrinkage=0.04


Tree=41
num_leaves=5
num_cat=0
split_feature=82 70 59 47
split_gain=0.0195184 0.0191945 0.0190897 0.0144203
threshold=-0.62411680829903105 -1.4132590721838723 1.0720135370624833 -0.39957990090801376
decision_type=2 2 2 2
left_child=3 -2 -3 -1
right_child=1 2 -4 -5
leaf_value=-0.00095303355554592452 0.0006342246138956398 4.9368066330722659e-05 -0.00029723815384134967 -4.7179447454318664e-05
leaf_weight=56 78 1920 291 55
leaf_count=56 78 1920 291 55
internal_value=2.36236e-07 2.55489e-05 3.52221e-06 -0.000512966
internal_weight=2400 2289 2211 111
internal_count=2400 2289 2211 111
is_linear=0
shrinkage=0.04


Tree=42
num_leaves=7
num_cat=0
split_feature=35 57 82 24 114 47
split_gain=0.0201385 0.0209025 0.0199502 0.0211851 0.0155171 0.013362
threshold=0.8906191082011764 0.57122687702018327 -0.65880442554174035 0.64167566303809187 0.36921940912974427 -0.39957990090801376
decision_type=2 2 2 2 2 2
left_child=2 4 5 -4 -2 -1
right_child=1 -3 3 -5 -6 -7
leaf_value=-0.001040730276507222 -0.00031363299715199639 0.00035289146941241121 8.0241668106776855e-06 0.00038629151161307317 -0.0012409795730431773 -5.2128121256828315e-05
leaf_weight=43 75 40 1883 269 47 43
leaf_count=43 75 40 1883 269 47 43
internal_value=2.0634e-07 -0.00042766 3.15321e-05 5.56224e-05 -0.000685143 -0.000558848
internal_weight=2400 162 2238 2152 122 86
internal_count=2400 162 2238 2152 122 86
is_linear=0
shrinkage=0.04


Tree=43
num_leaves=8
num_cat=0
split_feature=41 66 39 79 94 100 86
split_gain=0.0188717 0.0249333 0.0303901 0.0204485 0.0230047 0.0204241 0.0100274
threshold=-0.86539325558497426 -0.77061048672542309 1.1238046539581845 0.42619388379825823 -0.1087764124699498 0.81524608869324344 0.76213784273625484
decision_type=2 2 2 2 2 2 2
left_child=3 2 -2 4 -1 -3 -5
right_child=1 5 -4 6 -6 -7 -8
leaf_value=0.00055400933732460374 -0.0004904440545416888 6.067859448888665e-05 0.00057483280301094057 0.00038679558203889511 -0.00035198204485097469 -0.00044770194310397518 0.0012340610157910057
leaf_weight=80 308 1639 48 51 97 135 42
leaf_count=80 308 1639 48 51 97 135 42
internal_value=1.34798e-07 -3.98957e-05 -0.000344402 0.000313902 5.91204e-05 2.15306e-05 0.000787356
internal_weight=2400 2130 356 270 177 1774 93
internal_count=2400 2130 356 270 177 1774 93
is_linear=0
shrinkage=0.04


Tree=44
num_leaves=7
num_cat=0
split_feature=35 117 105 109 16 79
split_gain=0.0184169 0.0238584 0.0274193 0.021096 0.0267935 0.0184532
threshold=0.7446384234910739 -0.31257369841782967 0.93121937914589836 0.4728716988324364 0.66021421938702696 -0.67388460713214349
decision_type=2 2 2 2 2 2
left_child=3 -2 -3 4 -1 -5
right_child=1 2 -4 5 -6 -7
leaf_value=-9.5502541800374254e-05 -0.0011546903511302339 8.4293457103293328e-05 -0.0010219932024030842 -0.00019697768895200391 0.00040604246997504891 0.00037219010296702591
leaf_weight=1401 43 175 43 114 192 432
leaf_count=1401 43 175 43 114 192 432
internal_value=1.80037e-07 -0.000315707 -0.000141226 3.89833e-05 -3.46193e-05 0.000253068
internal_weight=2400 261 218 2139 1593 546
internal_count=2400 261 218 2139 1593 546
is_linear=0
shrinkage=0.04


Tree=45
num_leaves=7
num_cat=0
split_feature=78 106 98 80 48 13
split_gain=0.0192514 0.0217956 0.0396135 0.0227859 0.0115217 0.0175054
threshold=1.0755369012213902 0.97705631539002546 -0.36525715634108308 0.8294054830425498 -0.55089031010684375 -0.013109414593520186
decision_type=2 2 2 2 2 2
left_child=1 3 -3 -1 -2 -6
right_child=4 2 -4 -5 5 -7
leaf_value=-5.2989612480724961e-05 -1.3608149224514695e-05 5.9213629588051591e-05 -0.0012724281022805841 0.00033102210165319469 7.3448577205891962e-05 0.0010545626849478194
leaf_weight=1782 72 84 60 285 52 65
leaf_count=1782 72 84 60 285 52 65
internal_value=1.19327e-07 -3.31352e-05 -0.000505467 2.27102e-07 0.000385418 0.000627075
internal_weight=2400 2211 144 2067 189 117
internal_count=2400 2211 144 2067 189 117
is_linear=0
shrinkage=0.04


Tree=46
num_leaves=7
num_cat=0
split_feature=78 115 98 86 35 69
split_gain=0.017866 0.0233544 0.0368139 0.0243924 0.0137485 0.0181067
threshold=1.0026742855217996 1.0270292417517906 1.3486472084378924 0.19073795002926261 -0.67986315612901826 -0.91113646101239931
decision_type=2 2 2 2 2 2
left_child=1 2 -1 -3 -2 -6
right_child=4 3 -4 -5 5 -7
leaf_value=-2.8049775829120581e-05 -0.00027600737136748179 -0.0011296541747337176 0.00084780361293087484 -0.00015813257547675052 0.0011406909116411436 0.00023859147458337249
leaf_weight=1908 44 57 78 141 49 123
leaf_count=1908 44 57 78 141 49 123
internal_value=1.20522e-07 -3.43153e-05 7.16761e-06 -0.000446313 0.000345426 0.000505742
internal_weight=2400 2184 1986 198 216 172
internal_count=2400 2184 1986 198 216 172
is_linear=0
shrinkage=0.04


Tree=47
num_leaves=6
num_cat=0
split_feature=42 28 115 39 75
split_gain=0.0177294 0.0218454 0.0292592 0.0187108 0.0127204
threshold=-0.75453726991361159 1.7540496111871748 1.0270292417517906 -0.56439812351756702 1.185075746226296
decision_type=2 2 2 2 2
left_child=3 2 -2 -1 -5
right_child=1 -3 -4 4 -6
leaf_value=-0.00031479033047277763 -1.628734062313691e-05 0.00073766446730587636 -0.00055312555886313244 0.00029994674803629772 0.0010435796931952885
leaf_weight=65 1860 54 176 201 44
leaf_count=65 1860 54 176 201 44
internal_value=1.36859e-07 -4.18137e-05 -6.31911e-05 0.00028142 0.000440866
internal_weight=2400 2090 2036 310 245
internal_count=2400 2090 2036 310 245
is_linear=0
shrinkage=0.04


Tree=48
num_leaves=6
num_cat=0
split_feature=70 80 59 110 63
split_gain=0.016946 0.018989 0.0384162 0.0286734 0.00705839
threshold=-1.4132590721838723 0.8294054830425498 1.0720135370624833 1.0653922298850322 -0.18430524120713812
decision_type=2 2 2 2 2
left_child=4 2 -2 -3 -1
right_child=1 3 -4 -5 -6
leaf_value=0.0009236458613581601 -8.1418424213922357e-06 -4.301042073817858e-05 -0.00056581550688828688 0.00063622974368982108 0.00018779218399330325
leaf_weight=40 1680 252 222 162 44
leaf_count=40 1680 252 222 162 44
internal_value=1.71251e-07 -2.02848e-05 -7.37591e-05 0.00022456 0.00055153
internal_weight=2400 2316 1902 414 84
internal_count=2400 2316 1902 414 84
is_linear=0
shrinkage=0.04


Tree=49
num_leaves=5
num_cat=0
split_feature=80 81 40 70
split_gain=0.0170602 0.0188831 0.0284012 0.02411
threshold=-0.97647228623228643 0.078287104055446852 -0.30370355387495845 0.046552306050426186
decision_type=2 2 2 2
left_child=-1 3 -3 -2
right_child=1 2 -4 -5
leaf_value=0.00065511387419856849 -0.00027150488199909046 -0.00015698857127559966 0.00025965348102043913 8.8450655382345055e-05
leaf_weight=60 729 419 691 501
leaf_count=60 729 419 691 501
internal_value=2.02059e-07 -1.71357e-05 0.000102381 -0.000124983
internal_weight=2400 2340 1110 1230
internal_count=2400 2340 1110 1230
is_linear=0
shrinkage=0.04


Tree=50
num_leaves=7
num_cat=0
split_feature=35 11 64 67 45 63
split_gain=0.0165573 0.0200099 0.0190372 0.027402 0.0268574 0.0167183
threshold=0.8906191082011764 -0.14033061636047964 0.52802752679214893 -1.0025443915602177 0.90938897178957279 -0.17637381368373903
decision_type=2 2 2 2 2 2
left_child=2 -2 4 -4 -1 -3
right_child=1 5 3 -5 -6 -7
leaf_value=-0.00010668055267338112 6.8883065687259666e-05 -0.00024656800786033273 0.0012232297399480429 0.0001551236148623997 0.00030780328645122797 -0.0013827361547875971
leaf_weight=1432 79 43 40 465 301 40
leaf_count=1432 79 43 40 465 301 40
internal_value=2.13118e-07 -0.00038775 2.86173e-05 0.000244218 -3.44182e-05 -0.00081377
internal_weight=2400 162 2238 505 1733 83
internal_count=2400 162 2238 505 1733 83
is_linear=0
shrinkage=0.04


Tree=51
num_leaves=7
num_cat=0
split_feature=41 66 39 75 105 40
split_gain=0.0162679 0.022516 0.0275507 0.0189768 0.0179778 0.0159876
threshold=-0.86539325558497426 -0.77061048672542309 1.1238046539581845 -0.21027660614698715 -1.0567031995072804 -0.45916444342714907
decision_type=2 2 2 2 2 2
left_child=3 2 -2 -1 -3 -5
right_child=1 4 -4 5 -6 -7
leaf_value=-0.00047380281273614276 -0.00046538802450560339 0.00051910588390288932 0.00054887872643303128 -0.00014111454898523072 -1.1118900691285111e-05 0.0006269785830891703
leaf_weight=42 308 107 48 57 1667 171
leaf_count=42 308 107 48 57 1667 171
internal_value=2.05228e-07 -3.69612e-05 -0.000326331 0.000291523 2.14105e-05 0.000435398
internal_weight=2400 2130 356 270 1774 228
internal_count=2400 2130 356 270 1774 228
is_linear=0
shrinkage=0.04


Tree=52
num_leaves=6
num_cat=0
split_feature=42 28 115 75 81
split_gain=0.0157084 0.0198989 0.0269945 0.017749 0.0136628
threshold=-0.75453726991361159 1.7540496111871748 1.0270292417517906 -0.57766032113393384 0.3924208540730304
decision_type=2 2 2 2 2
left_child=3 2 -2 -1 -5
right_child=1 -3 -4 4 -6
leaf_value=-0.0003982149322379242 -1.4622611601456347e-05 0.00070466855071052643 -0.00053026518467591359 0.00022194766354080759 0.00087948922570129599
leaf_weight=52 1860 54 176 190 68
leaf_count=52 1860 54 176 190 68
internal_value=2.17121e-07 -3.92701e-05 -5.96735e-05 0.000264983 0.000400685
internal_weight=2400 2090 2036 310 258
internal_count=2400 2090 2036 310 258
is_linear=0
shrinkage=0.04


Tree=53
num_leaves=5
num_cat=0
split_feature=80 79 88 102
split_gain=0.0156154 0.0186403 0.0416381 0.0261185
threshold=-0.97647228623228643 0.13783325578079905 -0.41491960592693622 -0.42190139988623054
decision_type=2 2 2 2
left_child=-1 2 -2 -3
right_child=1 3 -4 -5
leaf_value=0.00062680407678858646 0.00023179329195303797 0.00041990435097411313 -0.00026260116617824684 -1.9871290316410289e-05
leaf_weight=60 385 305 921 729
leaf_count=60 385 305 921 729
internal_value=2.37179e-07 -1.63502e-05 -0.000116725 0.00011041
internal_weight=2400 2340 1306 1034
internal_count=2400 2340 1306 1034
is_linear=0
shrinkage=0.04


Tree=54
num_leaves=6
num_cat=0
split_feature=70 59 110 40 64
split_gain=0.0153519 0.0173609 0.0386502 0.0256594 0.00652154
threshold=-1.4132590721838723 1.0720135370624833 -0.065271297959539634 0.94457603026883008 -0.17735982240872666
decision_type=2 2 2 2 2
left_child=4 3 -3 -2 -1
right_child=1 2 -4 -5 -6
leaf_value=0.00088267021102919467 -7.749896385982659e-06 -0.0011630862241660139 -7.1078334099953432e-05 0.00065598097325739819 0.00017569205045457118
leaf_weight=40 1899 63 258 96 44
leaf_count=40 1899 63 258 96 44
internal_value=2.60863e-07 -1.92094e-05 -0.000291272 2.4814e-05 0.000525046
internal_weight=2400 2316 321 1995 84
internal_count=2400 2316 321 1995 84
is_linear=0
shrinkage=0.04


Tree=55
num_leaves=8
num_cat=0
split_feature=35 7 104 109 41 98 117
split_gain=0.0152522 0.0284755 0.0270419 0.0182451 0.0217126 0.0181169 0.0169172
threshold=0.7446384234910739 0.18502867236063361 -0.66502907750650708 0.4728716988324364 0.44192975604528989 0.05778468503932415 0.55971723550455044
decision_type=2 2 2 2 2 2 2
left_child=3 2 -2 4 -1 -5 -3
right_child=1 6 -4 5 -6 -7 -8
leaf_value=-0.00010824643008407805 -0.00063815498241456229 -0.0012517425245644872 0.00042456990541293914 -2.9792142892430784e-06 0.00025562734181589652 0.00045723014300756568 -0.00019082564241464504
leaf_weight=1264 58 57 104 265 329 281 42
leaf_count=1264 58 57 104 265 329 281 42
internal_value=2.66163e-07 -0.000287202 4.09458e-05 3.55784e-05 -3.28698e-05 0.000234673 -0.000814348
internal_weight=2400 261 162 2139 1593 546 99
internal_count=2400 261 162 2139 1593 546 99
is_linear=0
shrinkage=0.04


Tree=56
num_leaves=8
num_cat=0
split_feature=16 63 115 39 92 24 116
split_gain=0.0148406 0.0174714 0.0246744 0.0171498 0.0137798 0.0279332 0.00396092
threshold=-0.89517076605438473 1.0444050560116815 1.446110457805929 0.32301128161218878 -0.21321283159279497 -0.87645639099450645 -0.057397895652617069
decision_type=2 2 2 2 2 2 2
left_child=4 2 -2 -3 6 -6 -1
right_child=1 3 -4 -5 5 -7 -8
leaf_value=0.0010024428940821617 -3.9586152372831187e-05 9.8139389223387831e-05 -0.0008698931252741713 0.00099149475786454813 0.00045643944732518384 -0.00073182611324963112 0.00041043570614419879
leaf_weight=40 1959 117 57 47 95 45 40
leaf_count=40 1959 117 57 47 95 45 40
internal_value=2.20396e-07 -3.14804e-05 -6.3901e-05 0.000363023 0.0003118 6.9569e-05 0.00072367
internal_weight=2400 2180 2016 164 220 140 80
internal_count=2400 2180 2016 164 220 140 80
is_linear=0
shrinkage=0.04


Tree=57
num_leaves=7
num_cat=0
split_feature=78 106 104 33 48 68
split_gain=0.0144779 0.0186863 0.0347025 0.018859 0.0114743 0.0150113
threshold=1.0755369012213902 0.97705631539002546 -0.28454582567460313 -0.95869828978525418 -0.55089031010684375 -0.035341701007213643
decision_type=2 2 2 2 2 2
left_child=1 3 -3 -1 -2 -6
right_child=4 2 -4 -5 5 -7
leaf_value=0.00042087994471965535 -6.2540697265806529e-05 -4.0195010963246448e-05 -0.0013609751257450974 -3.2504621857883668e-05 -4.2054880637848798e-05 0.00090133915309053973
leaf_weight=157 72 99 45 1910 41 76
leaf_count=157 72 99 45 1910 41 76
internal_value=2.55466e-07 -2.85831e-05 -0.000465928 2.30598e-06 0.000334388 0.000575597
internal_weight=2400 2211 144 2067 189 117
internal_count=2400 2211 144 2067 189 117
is_linear=0
shrinkage=0.04


Tree=58
num_leaves=5
num_cat=0
split_feature=82 99 45 84
split_gain=0.0143332 0.015083 0.016466 0.0125805
threshold=-0.68018358152390557 -0.93572729176021274 0.78115306745910396 -0.35702722341867493
decision_type=2 2 2 2
left_child=-1 3 -3 -2
right_child=1 2 -4 -5
leaf_value=-0.00058566203939083676 0.00090324507028396648 -7.1994307891532598e-05 0.00020170088846924471 0.00016649997231070303
leaf_weight=63 47 1690 442 158
leaf_count=63 47 1690 442 158
internal_value=2.3805e-07 1.65198e-05 -1.51168e-05 0.000342507
internal_weight=2400 2337 2132 205
internal_count=2400 2337 2132 205
is_linear=0
shrinkage=0.04


Tree=59
num_leaves=7
num_cat=0
split_feature=35 7 98 36 106 117
split_gain=0.0140776 0.026205 0.0231327 0.0183043 0.0191185 0.0152528
threshold=0.7446384234910739 0.18502867236063361 -0.64122082094729704 0.81880458442422566 0.76806049054723824 0.55971723550455044
decision_type=2 2 2 2 2 2
left_child=3 2 -2 4 -1 -3
right_child=1 5 -4 -5 -6 -7
leaf_value=5.8181023378616315e-05 -0.00058924367858950678 -0.0011969943024154942 0.00039367173843959978 0.00079052685098722584 -0.00033057827770513573 -0.00018911626983687959
leaf_weight=1866 58 57 104 48 225 42
leaf_count=1866 58 57 104 48 225 42
internal_value=2.48971e-07 -0.000275929 3.88694e-05 3.41743e-05 1.6073e-05 -0.000781622
internal_weight=2400 261 162 2139 2091 99
internal_count=2400 261 162 2139 2091 99
is_linear=0
shrinkage=0.04


Tree=60
num_leaves=5
num_cat=0
split_feature=80 79 88 112
split_gain=0.0138161 0.0159854 0.0380314 0.0298722
threshold=-0.97647228623228643 0.13783325578079905 -0.41491960592693622 0.45199525955678427
decision_type=2 2 2 2
left_child=-1 2 -2 -3
right_child=1 3 -4 -5
leaf_value=0.00058956582608985745 0.00022472243148184356 0.0002114919634918679 -0.00024776946155925485 -0.00031813166878012897
leaf_weight=60 385 821 921 213
leaf_count=60 385 821 921 213
internal_value=2.03591e-07 -1.53988e-05 -0.000108351 0.000101988
internal_weight=2400 2340 1306 1034
internal_count=2400 2340 1306 1034
is_linear=0
shrinkage=0.04


Tree=61
num_leaves=6
num_cat=0
split_feature=70 110 76 59 63
split_gain=0.0135677 0.0161102 0.0255346 0.0248382 0.00593193
threshold=-1.4132590721838723 1.0653922298850322 -0.075147038358360771 1.0720135370624833 -0.18430524120713812
decision_type=2 2 2 2 2
left_child=4 3 -3 -2 -1
right_child=1 2 -4 -5 -6
leaf_value=0.00083455001381004153 -3.5238267308606505e-06 -0.00019902347060734359 0.00055821309735518544 -0.00041630031378484471 0.00016075979169134213
leaf_weight=40 1755 117 177 267 44
leaf_count=40 1755 117 177 267 44
internal_value=2.10764e-07 -1.80931e-05 0.000257555 -5.83874e-05 0.000493559
internal_weight=2400 2316 294 2022 84
internal_count=2400 2316 294 2022 84
is_linear=0
shrinkage=0.04


Tree=62
num_leaves=7
num_cat=0
split_feature=69 115 98 113 14 40
split_gain=0.0135127 0.0205419 0.02688 0.0245473 0.0153444 0.0130797
threshold=-1.2334354374459067 0.92746031311689159 1.420139049703774 0.84700827375661958 0.52831220921758371 0.82926537208622531
decision_type=2 2 2 2 2 2
left_child=4 2 -2 -3 5 -1
right_child=1 3 -4 -5 -6 -7
leaf_value=-0.00023857911182681053 -1.642100793407595e-05 -0.00075182351303912582 0.00087236069338229893 0.00022623633002606973 0.00093670615645047902 0.00048078816384077071
leaf_weight=80 1959 123 54 60 46 78
leaf_count=80 1959 123 54 60 46 78
internal_value=2.33463e-07 -2.87992e-05 8.26333e-06 -0.000432169 0.000310007 0.000118122
internal_weight=2400 2196 2013 183 204 158
internal_count=2400 2196 2013 183 204 158
is_linear=0
shrinkage=0.04


Tree=63
num_leaves=6
num_cat=0
split_feature=42 28 115 28 88
split_gain=0.0134121 0.0181257 0.022369 0.0154016 0.013952
threshold=-0.75453726991361159 1.7540496111871748 1.0270292417517906 -0.56738521626080407 0.41095073724267911
decision_type=2 2 2 2 2
left_child=3 2 -2 -1 -5
right_child=1 -3 -4 4 -6
leaf_value=-0.00039434005985693898 -1.4675606630741175e-05 0.00067380284009102207 -0.00048406796131918747 0.00064223822252741148 5.7590747314933984e-05
leaf_weight=49 1860 54 176 137 124
leaf_count=49 1860 54 176 137 124
internal_value=2.74391e-07 -3.62128e-05 -5.5687e-05 0.000244924 0.000367025
internal_weight=2400 2090 2036 310 261
internal_count=2400 2090 2036 310 261
is_linear=0
shrinkage=0.04


Tree=64
num_leaves=6
num_cat=0
split_feature=64 26 13 117 116
split_gain=0.0134486 0.0232531 0.0235346 0.0193984 0.0252105
threshold=0.52802752679214893 0.88491444215090753 0.735240063170847 1.5171059116920229 0.75504087816988252
decision_type=2 2 2 2 2
left_child=3 2 -2 4 -1
right_child=1 -3 -4 -5 -6
leaf_value=-9.3396402109987328e-05 0.00013675708157663595 -0.00063619654187384777 0.00088501626197363687 -0.00074594408604166209 0.00030535923009817646
leaf_weight=1506 403 49 79 60 303
leaf_count=1506 403 49 79 60 303
internal_value=2.79421e-07 0.000177536 0.000262547 -5.02169e-05 -2.6343e-05
internal_weight=2400 531 482 1869 1809
internal_count=2400 531 482 1869 1809
is_linear=0
shrinkage=0.04


Tree=65
num_leaves=7
num_cat=0
split_feature=41 57 86 75 41 40
split_gain=0.0130855 0.0181851 0.0244778 0.015561 0.0147797 0.0143812
threshold=-0.86539325558497426 -0.37607368437679972 0.47046873224447855 -0.21027660614698715 -0.39366200966078341 -0.35911225495278576
decision_type=2 2 2 2 2 2
left_child=3 2 -2 -1 -3 -5
right_child=1 4 -4 5 -6 -7
leaf_value=-0.00043144308314698392 -5.2531166621650168e-05 -0.00021649476350444588 -0.00061183112175281905 -9.3799663574567867e-05 9.9672545879652994e-05 0.0005968369540893531
leaf_weight=42 418 290 177 68 1245 160
leaf_count=42 418 290 177 68 1245 160
internal_value=2.633e-07 -3.30702e-05 -0.000220403 0.000261537 3.97366e-05 0.000391833
internal_weight=2400 2130 595 270 1535 228
internal_count=2400 2130 595 270 1535 228
is_linear=0
shrinkage=0.04


Tree=66
num_leaves=6
num_cat=0
split_feature=1 87 64 64 83
split_gain=0.0128623 0.0151332 0.0190817 0.0154465 0.0132582
threshold=1.3213632171110399 1.2002164505361554 0.55190145932860923 0.62236404231444975 -0.020817908166209795
decision_type=2 2 2 2 2
left_child=1 2 -1 -3 -2
right_child=4 3 -4 -5 -6
leaf_value=-8.4929098009255062e-05 -3.6969579756259921e-06 0.00040062185156905159 0.00021469468669213062 -0.000421139964113705 -0.00096513053545178005
leaf_weight=1583 48 255 431 41 42
leaf_count=1583 48 255 431 41 42
internal_value=2.29136e-07 1.86855e-05 -2.06596e-05 0.000284734 -0.000463593
internal_weight=2400 2310 2014 296 90
internal_count=2400 2310 2014 296 90
is_linear=0
shrinkage=0.04


Tree=67
num_leaves=7
num_cat=0
split_feature=35 99 64 67 45 99
split_gain=0.0128427 0.0170111 0.0147483 0.0237827 0.0213519 0.0136589
threshold=0.8906191082011764 0.79948403799794066 0.52802752679214893 -1.0025443915602177 0.90938897178957279 0.11135510019459975
decision_type=2 2 2 2 2 2
left_child=2 5 4 -4 -1 -2
right_child=1 -3 3 -5 -6 -7
leaf_value=-9.4707121470327083e-05 -0.00065303098572807943 -0.00098441033713281799 0.0011269597022882886 0.00013203238503362922 0.00027486046354410087 0.00023516767833289357
leaf_weight=1432 41 45 40 465 301 76
leaf_count=1432 41 45 40 465 301 76
internal_value=1.91341e-07 -0.000341491 2.52072e-05 0.000214973 -3.02751e-05 -8.18257e-05
internal_weight=2400 162 2238 505 1733 117
internal_count=2400 162 2238 505 1733 117
is_linear=0
shrinkage=0.04


Tree=68
num_leaves=7
num_cat=0
split_feature=42 110 34 28 76 41
split_gain=0.0121106 0.0177164 0.0272399 0.0217856 0.0156307 0.0108945
threshold=-0.72439111958763169 1.1628597676680978 0.59839002881691361 1.2400618601970643 -0.84890151660712487 -1.136075805053131
decision_type=2 2 2 2 2 2
left_child=4 3 -3 -2 -1 -6
right_child=1 2 -4 -5 5 -7
leaf_value=-0.00050506480822583571 -0.00011234482065647414 0.00054926533518493716 -0.00054394154958030654 0.00043866760621786237 0.00089580969817729464 0.00021759758896687027
leaf_weight=40 1730 164 45 121 43 257
leaf_count=40 1730 164 45 121 43 257
internal_value=1.84916e-07 -3.63784e-05 0.000310961 -7.58905e-05 0.000220633 0.000320097
internal_weight=2400 2060 209 1851 340 300
internal_count=2400 2060 209 1851 340 300
is_linear=0
shrinkage=0.04


Tree=69
num_leaves=6
num_cat=0
split_feature=82 99 14 47 84
split_gain=0.0122658 0.0146797 0.0137172 0.0113128 0.0108225
threshold=-0.62411680829903105 -0.93572729176021274 0.67656381303860991 -0.39957990090801376 -0.076493474093229638
decision_type=2 2 2 2 2
left_child=3 4 -3 -1 -2
right_child=1 2 -4 -5 -6
leaf_value=-0.00079636069973965844 0.00070596237195494739 -5.9026317626055266e-05 0.00020517962659647167 4.2207345464511923e-06 9.9163491661250909e-05
leaf_weight=56 79 1713 383 55 114
leaf_count=56 79 1713 383 55 114
internal_value=2.08826e-07 2.0275e-05 -1.05987e-05 -0.000406622 0.000352235
internal_weight=2400 2289 2096 111 193
internal_count=2400 2289 2096 111 193
is_linear=0
shrinkage=0.04


Tree=70
num_leaves=5
num_cat=0
split_feature=80 79 88 112
split_gain=0.0121619 0.0131636 0.0336862 0.0267902
threshold=-0.97647228623228643 0.13783325578079905 -0.41491960592693622 0.45199525955678427
decision_type=2 2 2 2
left_child=-1 2 -2 -3
right_child=1 3 -4 -5
leaf_value=0.00055316296050741877 0.00021467753131603314 0.00019579896848695961 -0.00022999829193512533 -0.00030574961800465284
leaf_weight=60 385 821 921 213
leaf_count=60 385 821 921 213
internal_value=2.05773e-07 -1.44329e-05 -9.8783e-05 9.20911e-05
internal_weight=2400 2340 1306 1034
internal_count=2400 2340 1306 1034
is_linear=0
shrinkage=0.04


Tree=71
num_leaves=6
num_cat=0
split_feature=7 13 35 59 102
split_gain=0.0119568 0.0172783 0.0243172 0.0236501 0.0146552
threshold=1.7373409585310167 0.75322015627843386 -0.59726121565685131 0.98696244403745181 -0.31615909647016754
decision_type=2 2 2 2 2
left_child=1 3 -3 -1 -2
right_child=4 2 -4 -5 -6
leaf_value=1.1184667733819197e-05 0.00017285891525468535 -0.00011887978762388229 0.000542108516058128 -0.00052688704551765635 -0.00077050537507816709
leaf_weight=1788 42 150 215 139 66
leaf_count=1788 42 150 215 139 66
internal_value=2.11794e-07 1.9746e-05 0.000271302 -2.8134e-05 -0.000407169
internal_weight=2400 2292 365 1927 108
internal_count=2400 2292 365 1927 108
is_linear=0
shrinkage=0.04


Tree=72
num_leaves=5
num_cat=0
split_feature=35 72 5 109
split_gain=0.0118208 0.0208841 0.0161106 0.0156525
threshold=0.97868795625977378 -0.172774053751623 1.3667427703582919 0.4728716988324364
decision_type=2 2 2 2
left_child=2 -2 3 -1
right_child=1 -3 -4 -5
leaf_value=-5.7642530463582092e-05 0.00015118623208504038 -0.00094648177078592455 0.00074471339971447987 0.00018437692872309434
leaf_weight=1674 54 54 46 572
leaf_count=1674 54 54 46 572
internal_value=1.80337e-07 -0.000404878 1.96032e-05 4.10297e-06
internal_weight=2400 108 2292 2246
internal_count=2400 108 2292 2246
is_linear=0
shrinkage=0.04


Tree=73
num_leaves=6
num_cat=0
split_feature=1 66 69 85 11
split_gain=0.0116293 0.0131985 0.0155722 0.0119759 0.0108541
threshold=1.3213632171110399 0.94105785981067747 -1.2234593240546516 0.32131706476890892 -0.053484561153636714
decision_type=2 2 2 2 2
left_child=1 2 -1 -2 -3
right_child=3 4 -4 -5 -6
leaf_value=0.00033270261309244041 5.4570317390078508e-05 0.00069622361742221984 -4.3048972262421531e-05 -0.00085919713936746117 5.2891714612097523e-05
leaf_weight=192 42 78 1951 48 89
leaf_count=192 42 78 1951 48 89
internal_value=1.75661e-07 1.77252e-05 -9.10505e-06 -0.000440856 0.000358053
internal_weight=2400 2310 2143 90 167
internal_count=2400 2310 2143 90 167
is_linear=0
shrinkage=0.04


Tree=74
num_leaves=6
num_cat=0
split_feature=63 60 69 13 53
split_gain=0.0112854 0.0207035 0.0190206 0.0156228 0.0131906
threshold=1.0444050560116815 0.859526128258291 0.79586029130846192 0.3993041960073796 -1.0000000180025095e-35
decision_type=2 2 2 2 2
left_child=1 2 -1 4 -2
right_child=3 -3 -4 -5 -6
leaf_value=-2.8290236826303287e-05 -0.00048452378695153377 -0.00085459102638699906 0.00061991935521364216 0.00094316971388331661 0.00036558764498284747
leaf_weight=2111 42 45 73 44 85
leaf_count=2111 42 45 73 44 85
internal_value=1.76431e-07 -2.39575e-05 -6.07654e-06 0.000311404 8.12952e-05
internal_weight=2400 2229 2184 171 127
internal_count=2400 2229 2184 171 127
is_linear=0
shrinkage=0.04


Tree=75
num_leaves=5
num_cat=0
split_feature=80 79 112 109
split_gain=0.01134 0.0124511 0.0215172 0.0188369
threshold=-0.97647228623228643 0.464595050141837 0.45199525955678427 0.73488266419517034
decision_type=2 2 2 2
left_child=-1 3 -3 -2
right_child=1 2 -4 -5
leaf_value=0.00053413303148361943 -0.0001377297263204716 0.00026877748138859819 -0.00029093935343553311 0.00018490594335162313
leaf_weight=60 1358 475 141 366
leaf_count=60 1358 475 141 366
internal_value=1.88068e-07 -1.39473e-05 0.000140134 -6.91003e-05
internal_weight=2400 2340 616 1724
internal_count=2400 2340 616 1724
is_linear=0
shrinkage=0.04


Tree=76
num_leaves=8
num_cat=0
split_feature=35 7 104 109 16 98 43
split_gain=0.0114311 0.0226996 0.0228124 0.0144485 0.0204807 0.0142256 0.0087398
threshold=0.7446384234910739 0.18502867236063361 -0.66502907750650708 0.4728716988324364 0.66021421938702696 0.05778468503932415 0.27044768101996458
decision_type=2 2 2 2 2 2 2
left_child=3 2 -2 4 -1 -5 -3
right_child=1 6 -4 5 -6 -7 -8
leaf_value=-8.3370631011817786e-05 -0.00057960077047270419 -0.00036256104144022654 0.00039649903666083086 -2.6452660548944577e-06 0.00035512642623477413 0.00040515526435000644 -0.0011301447306354734
leaf_weight=1401 58 55 104 265 192 281 44
leaf_count=1401 58 55 104 265 192 281 44
internal_value=1.99167e-07 -0.000248668 4.42247e-05 3.07698e-05 -3.01407e-05 0.000207943 -0.000719333
internal_weight=2400 261 162 2139 1593 546 99
internal_count=2400 261 162 2139 1593 546 99
is_linear=0
shrinkage=0.04


Tree=77
num_leaves=6
num_cat=0
split_feature=70 59 14 40 63
split_gain=0.0112581 0.0143042 0.0336311 0.0204028 0.00596138
threshold=-1.4132590721838723 1.0720135370624833 -0.6803750401142804 0.94457603026883008 -0.18430524120713812
decision_type=2 2 2 2 2
left_child=4 3 -3 -2 -1
right_child=1 2 -4 -5 -6
leaf_value=0.00079094754121754145 -5.5946713418799072e-06 0.00079573225798889148 -0.00041880352289930923 0.00058625854043366048 0.00011830694355961422
leaf_weight=40 1899 40 281 96 44
leaf_count=40 1899 40 281 96 44
internal_value=1.57844e-07 -1.65154e-05 -0.000263469 2.34441e-05 0.000449557
internal_weight=2400 2316 321 1995 84
internal_count=2400 2316 321 1995 84
is_linear=0
shrinkage=0.04


Tree=78
num_leaves=7
num_cat=0
split_feature=16 18 63 100 47 80
split_gain=0.0114322 0.0193307 0.0232032 0.0157127 0.013367 0.012805
threshold=-0.62397340262108802 -0.38807221066228842 0.3856426000647814 0.81524608869324344 -0.49923744415533694 0.14187646318676952
decision_type=2 2 2 2 2 2
left_child=4 2 -2 -3 -1 -6
right_child=1 3 -4 -5 5 -7
leaf_value=-0.00043358310977197891 -0.00051706738640301252 6.1563532427174838e-05 0.00015951106395853764 -0.00035666080821556535 6.9714345804494499e-05 0.00052422508395912721
leaf_weight=49 252 1412 118 158 246 165
leaf_count=49 252 1412 118 158 246 165
internal_value=2.13707e-07 -4.2332e-05 -0.000301596 1.90745e-05 0.000179052 0.000253837
internal_weight=2400 1940 370 1570 460 411
internal_count=2400 1940 370 1570 460 411
is_linear=0
shrinkage=0.04


Tree=79
num_leaves=7
num_cat=0
split_feature=42 67 79 74 75 102
split_gain=0.0109809 0.0151991 0.0278906 0.0171321 0.0144144 0.012613
threshold=-0.75453726991361159 -0.2209509447101595 0.44531430217255491 1.9983489263039629 -0.57766032113393384 -0.083556304608286044
decision_type=2 2 2 2 2 2
left_child=4 2 -2 -3 -1 -6
right_child=1 3 -4 -5 5 -7
leaf_value=-0.00037579175171062901 -0.00034588829403475074 7.7737302738112727e-05 0.00015626819710340867 -0.00070814700928800126 0.00064262460866002056 8.2700986187890225e-05
leaf_weight=52 510 1267 269 44 119 139
leaf_count=52 510 1267 269 44 119 139
internal_value=1.88764e-07 -3.28261e-05 -0.00017253 5.03228e-05 0.000221557 0.000343917
internal_weight=2400 2090 779 1311 310 258
internal_count=2400 2090 779 1311 310 258
is_linear=0
shrinkage=0.04


Tree=80
num_leaves=6
num_cat=0
split_feature=7 114 13 45 35
split_gain=0.0110409 0.0171724 0.0151064 0.0228903 0.0211373
threshold=1.7373409585310167 -0.24688724755911498 0.75322015627843386 2.574476737159598 -0.59726121565685131
decision_type=2 2 2 2 2
left_child=2 -2 3 -1 -4
right_child=1 -3 4 -5 -6
leaf_value=-6.691933608463892e-05 -0.00090974906200261903 8.7685187512977149e-05 -0.00010963890327586438 0.00043554121962176707 0.00050662896851928524
leaf_weight=1771 51 57 150 156 215
leaf_count=1771 51 57 150 156 215
internal_value=1.65541e-07 -0.000391302 1.89367e-05 -2.58333e-05 0.000254151
internal_weight=2400 108 2292 1927 365
internal_count=2400 108 2292 1927 365
is_linear=0
shrinkage=0.04


Tree=81
num_leaves=7
num_cat=0
split_feature=35 7 104 36 106 117
split_gain=0.0112486 0.0208063 0.0205123 0.0147945 0.015339 0.0128799
threshold=0.7446384234910739 0.18502867236063361 -0.66502907750650708 0.83574472620917206 0.97705631539002546 0.55971723550455044
decision_type=2 2 2 2 2 2
left_child=3 2 -2 4 -1 -3
right_child=1 5 -4 -5 -6 -7
leaf_value=4.5352077044757939e-05 -0.00055763477785512807 -0.0010788878372286336 0.00036793266108944871 0.00074810453043836682 -0.00037060081729219937 -0.00015396493991250861
leaf_weight=1945 58 57 104 43 151 42
leaf_count=1945 58 57 104 43 151 42
internal_value=1.57039e-07 -0.000246715 3.37974e-05 3.04826e-05 1.50613e-05 -0.000697315
internal_weight=2400 261 162 2139 2096 99
internal_count=2400 261 162 2139 2096 99
is_linear=0
shrinkage=0.04


Tree=82
num_leaves=7
num_cat=0
split_feature=78 72 117 48 24 13
split_gain=0.0108538 0.0145899 0.0323368 0.014293 0.0100339 0.0150229
threshold=1.1801731666830124 0.91140067507113498 0.19412655286623129 -0.76665277361447604 -0.50759663158063006 -0.013109414593520186
decision_type=2 2 2 2 2 2
left_child=1 3 -3 -1 -2 -6
right_child=4 2 -4 -5 5 -7
leaf_value=0.00030667211207333197 -0.00022714330326943172 -0.00075574899677170325 6.4066878118110445e-05 -2.2657837469087791e-05 -1.6440387868153101e-05 0.00087293050606066067
leaf_weight=239 40 129 186 1684 53 69
leaf_count=239 40 129 186 1684 53 69
internal_value=1.17463e-07 -2.28802e-05 -0.000274317 1.8549e-05 0.000314231 0.000492531
internal_weight=2400 2238 315 1923 162 122
internal_count=2400 2238 315 1923 162 122
is_linear=0
shrinkage=0.04


Tree=83
num_leaves=7
num_cat=0
split_feature=35 11 63 24 100 109
split_gain=0.0104982 0.0149236 0.0138273 0.0128052 0.016337 0.015187
threshold=0.8906191082011764 -0.29144580151366378 -0.13306945289316149 0.64167566303809187 0.48795350410401733 0.4728716988324364
decision_type=2 2 2 2 2 2
left_child=3 -2 -3 5 -5 -1
right_child=1 2 -4 4 -6 -7
leaf_value=-7.8009858196557714e-05 0.00011432690598691504 -0.00018592735291367361 -0.0011841924309348021 9.317029867714018e-05 0.00078459350374917431 0.00017952578076145702
leaf_weight=1468 73 49 40 212 72 486
leaf_count=1468 73 49 40 212 72 486
internal_value=1.20147e-07 -0.000308804 -0.000650751 2.27377e-05 0.000272722 -1.38374e-05
internal_weight=2400 162 89 2238 284 1954
internal_count=2400 162 89 2238 284 1954
is_linear=0
shrinkage=0.04


Tree=84
num_leaves=5
num_cat=0
split_feature=73 66 118 28
split_gain=0.0104467 0.0147422 0.0213329 0.0122057
threshold=1.7031070882814923 -0.77061048672542309 -0.0033625900754207841 -0.72530528054434729
decision_type=2 2 2 2
left_child=1 2 -1 -3
right_child=-2 3 -4 -5
leaf_value=-0.00066691335463896402 0.00054003707361906499 -0.00041947656755647773 -3.7807084968157394e-05 5.5020559973038735e-05
leaf_weight=123 54 89 279 1855
leaf_count=123 54 89 279 1855
internal_value=1.06132e-07 -1.27714e-05 -0.000232643 3.28884e-05
internal_weight=2400 2346 402 1944
internal_count=2400 2346 402 1944
is_linear=0
shrinkage=0.04


Tree=85
num_leaves=6
num_cat=0
split_feature=70 110 76 66 63
split_gain=0.0103223 0.0115789 0.02034 0.01651 0.00564044
threshold=-1.4132590721838723 1.0653922298850322 -0.075147038358360771 0.3199695601676103 -0.18430524120713812
decision_type=2 2 2 2 2
left_child=4 3 -3 -2 -1
right_child=1 2 -4 -5 -6
leaf_value=0.00076241860953381367 -0.00012626580442347786 -0.00018954306586054664 0.00048618432410144611 0.00012098387717176229 0.00010854171752884135
leaf_weight=40 1399 117 177 623 44
leaf_count=40 1399 117 177 623 44
internal_value=8.42635e-08 -1.5881e-05 0.000217809 -5.00412e-05 0.000430401
internal_weight=2400 2316 294 2022 84
internal_count=2400 2316 294 2022 84
is_linear=0
shrinkage=0.04


Tree=86
num_leaves=7
num_cat=0
split_feature=16 20 63 118 47 104
split_gain=0.0102817 0.0177261 0.0171593 0.0149651 0.0122724 0.00956524
threshold=-0.62397340262108802 -0.64921698845251796 1.0444050560116815 0.52456696941409164 -0.51532924114926593 -0.38227602629593849
decision_type=2 2 2 2 2 2
left_child=4 3 -3 -2 -1 -6
right_child=1 2 -4 -5 5 -7
leaf_value=-0.00044465754700680953 -0.00019410670747641812 -4.1581148058759088e-05 0.00041229510392415625 -0.0010673081900717484 1.2722001210418084e-05 0.00040106590512888854
leaf_weight=45 108 1646 143 43 175 240
leaf_count=45 108 1646 143 43 175 240
internal_value=1.19605e-07 -4.02284e-05 -4.8816e-06 -0.000453468 0.00016972 0.000238153
internal_weight=2400 1940 1789 151 460 415
internal_count=2400 1940 1789 151 460 415
is_linear=0
shrinkage=0.04


Tree=87
num_leaves=6
num_cat=0
split_feature=10 41 63 40 46
split_gain=0.0100812 0.0113853 0.0152527 0.0134323 0.00838585
threshold=-0.92683232344564903 -0.86539325558497426 1.0444050560116815 -0.34397626772083018 -0.15770675618768468
decision_type=2 2 2 2 2
left_child=4 3 -3 -2 -1
right_child=1 2 -4 -5 -6
leaf_value=5.198454379161264e-05 -0.0002019627996515937 -7.9419174455535717e-05 0.00034903640142859528 0.00041303050887747417 0.00078164462832377307
leaf_weight=55 80 1893 141 186 45
leaf_count=55 80 1893 141 186 45
internal_value=8.41267e-08 -1.71583e-05 -4.94043e-05 0.000227943 0.00038922
internal_weight=2400 2300 2034 266 100
internal_count=2400 2300 2034 266 100
is_linear=0
shrinkage=0.04


Tree=88
num_leaves=6
num_cat=0
split_feature=7 114 78 72 14
split_gain=0.0106282 0.0159617 0.0135199 0.0148149 0.00771832
threshold=1.7373409585310167 -0.24688724755911498 1.1801731666830124 0.91140067507113498 0.26993378652657951
decision_type=2 2 2 2 2
left_child=2 -2 3 -1 -4
right_child=1 -3 4 -5 -6
leaf_value=3.587287051432253e-05 -0.00088377171645780041 7.8045783990646832e-05 0.00014922121520631916 -0.00026308327301916094 0.00073667947202920919
leaf_weight=1834 51 57 92 308 58
leaf_count=1834 51 57 92 308 58
internal_value=1.24537e-07 -0.000383956 1.85416e-05 -7.3196e-06 0.000383076
internal_weight=2400 108 2292 2142 150
internal_count=2400 108 2292 2142 150
is_linear=0
shrinkage=0.04


Tree=89
num_leaves=8
num_cat=0
split_feature=99 14 14 63 97 64 46
split_gain=0.00993686 0.0206938 0.0267126 0.0256074 0.0165338 0.0166673 0.0163429
threshold=0.79948403799794066 -0.36878484654714405 0.20307011797881327 0.19843579902934408 0.2850148261400533 0.9616841961281839 0.51429351539821655
decision_type=2 2 2 2 2 2 2
left_child=4 3 -3 -2 5 -1 -6
right_child=1 2 -4 -5 6 -7 -8
leaf_value=-5.5969926232293973e-05 0.00091592363815904646 -0.00088622483617375395 -5.5684469638762474e-05 -0.00024393030262954935 9.7357610321834978e-05 0.00047979354115221842 0.00064678732568882705
leaf_weight=1508 50 102 154 72 296 97 121
leaf_count=1508 50 102 154 72 296 97 121
internal_value=1.14658e-07 -0.000187571 -0.000390908 0.000238526 3.5352e-05 -2.30336e-05 0.000259111
internal_weight=2400 378 256 122 2022 1605 417
internal_count=2400 378 256 122 2022 1605 417
is_linear=0
shrinkage=0.04


Tree=90
num_leaves=6
num_cat=0
split_feature=7 114 24 46 118
split_gain=0.00987803 0.0146548 0.0134861 0.0173354 0.0165967
threshold=1.7373409585310167 -0.24688724755911498 -0.66602576878151309 1.437407363028689 -0.48816053983179292
decision_type=2 2 2 2 2
left_child=2 -2 4 -4 -1
right_child=1 -3 3 -5 -6
leaf_value=0.00091107866094680516 -0.00084904786683662962 7.2615484833338497e-05 -7.0618145687485534e-05 0.00030554195756128324 0.00013074779035150642
leaf_weight=48 51 57 1674 220 350
leaf_count=48 51 57 1674 220 350
internal_value=1.39981e-07 -0.000370138 1.78951e-05 -2.66486e-05 0.000228943
internal_weight=2400 108 2292 1894 398
internal_count=2400 108 2292 1894 398
is_linear=0
shrinkage=0.04


Tree=91
num_leaves=7
num_cat=0
split_feature=35 14 47 24 69 106
split_gain=0.00997072 0.0139247 0.0197997 0.0113839 0.0154717 0.0154672
threshold=0.8906191082011764 -0.64706588146387578 1.0680650487711063 0.64167566303809187 -0.36894044385671926 0.77934272368800184
decision_type=2 2 2 2 2 2
left_child=3 -2 -3 5 -5 -1
right_child=1 2 -4 4 -6 -7
leaf_value=2.6374035827869519e-05 0.00033472091724563925 -0.0009553520102053881 6.1905508700874635e-05 0.00081734280252168255 0.00010213703894266546 -0.0003392594122479148
leaf_weight=1749 40 68 54 60 224 205
leaf_count=1749 40 68 54 60 224 205
internal_value=1.51045e-07 -0.000300913 -0.000511354 2.21931e-05 0.000257896 -1.22933e-05
internal_weight=2400 162 122 2238 284 1954
internal_count=2400 162 122 2238 284 1954
is_linear=0
shrinkage=0.04


Tree=92
num_leaves=5
num_cat=0
split_feature=80 69 66 14
split_gain=0.0097263 0.0106766 0.0154932 0.0125704
threshold=-0.97647228623228643 -1.2334354374459067 -0.53271002422068015 0.52831220921758371
decision_type=2 2 2 2
left_child=-1 3 -3 -2
right_child=1 2 -4 -5
leaf_value=0.00049464408293246258 8.867686771009177e-05 -0.00023982803990137483 1.840521332809311e-05 0.00082921812689164655
leaf_weight=60 158 477 1659 46
leaf_count=60 158 477 1659 46
internal_value=1.46599e-07 -1.29444e-05 -3.94324e-05 0.000262091
internal_weight=2400 2340 2136 204
internal_count=2400 2340 2136 204
is_linear=0
shrinkage=0.04


Tree=93
num_leaves=8
num_cat=0
split_feature=35 7 104 40 14 98 117
split_gain=0.00952042 0.0184608 0.0176802 0.0122316 0.0345026 0.0212111 0.0111905
threshold=0.7446384234910739 0.18502867236063361 -0.66502907750650708 0.81361592884103862 -0.038733569899813365 0.89793408563573773 0.55971723550455044
decision_type=2 2 2 2 2 2 2
left_child=3 2 -2 5 -5 -1 -3
right_child=1 6 -4 4 -6 -7 -8
leaf_value=3.5829325246255084e-05 -0.00051193722077490147 -0.001007062905247055 0.00034737370376154464 0.00085055892323278109 -8.2124533080609469e-05 -0.000420810031740176 -0.00014484681091826962
leaf_weight=1697 58 57 104 102 162 178 42
leaf_count=1697 58 57 104 102 162 178 42
internal_value=1.80404e-07 -0.000226938 3.72279e-05 2.80794e-05 0.000281916 -7.92317e-06 -0.000651386
internal_weight=2400 261 162 2139 264 1875 99
internal_count=2400 261 162 2139 264 1875 99
is_linear=0
shrinkage=0.04


Tree=94
num_leaves=7
num_cat=0
split_feature=14 35 82 28 7 88
split_gain=0.0094495 0.024896 0.0191811 0.0158209 0.014358 0.013966
threshold=-0.66644699216075909 1.021310952984199 0.071246126846450972 -0.26491166639432123 1.7373409585310167 0.17106616624635818
decision_type=2 2 2 2 2 2
left_child=2 4 3 -1 -2 -4
right_child=1 -3 5 -5 -6 -7
leaf_value=0.00037905677660358093 1.2270728686208203e-05 -0.00089125190931605737 0.00028150077981580851 -0.00031124411914836838 -0.00048946689043608178 0.0011126649047878874
leaf_weight=80 1845 51 140 149 94 41
leaf_count=80 1845 51 140 149 94 41
internal_value=1.42114e-07 -3.59243e-05 0.000174521 -6.8897e-05 -1.25321e-05 0.000479878
internal_weight=2400 1990 410 229 1939 181
internal_count=2400 1990 410 229 1939 181
is_linear=0
shrinkage=0.04


Tree=95
num_leaves=8
num_cat=0
split_feature=42 38 118 41 75 24 87
split_gain=0.0094172 0.0138994 0.0200233 0.0158437 0.0138787 0.0123172 0.0100516
threshold=-0.75453726991361159 -0.46690135953778772 -0.72130587870998819 -0.29608300798756387 -0.18008140766307631 -0.29406580264672977 0.096621614830489075
decision_type=2 2 2 2 2 2 2
left_child=4 3 -3 -2 6 -6 -1
right_child=1 2 -4 -5 5 -7 -8
leaf_value=0.00023284516454543592 -0.00036034553687275598 0.00025878739950424296 -0.00014721927001443811 0.00024656841101895966 0.00056232065653148309 -0.00021367125318474359 -0.00051297117316684987
leaf_weight=55 80 225 1354 431 158 40 57
leaf_count=55 80 225 1354 431 158 40 57
internal_value=1.39544e-07 -3.04344e-05 -8.91111e-05 0.000150518 0.000205141 0.000404986 -0.000149062
internal_weight=2400 2090 1579 511 310 198 112
internal_count=2400 2090 1579 511 310 198 112
is_linear=0
shrinkage=0.04


Tree=96
num_leaves=7
num_cat=0
split_feature=87 88 81 45 63 74
split_gain=0.00915087 0.0140699 0.0255073 0.0250633 0.0107837 0.00986254
threshold=1.7606796695102236 1.0000000180025095e-35 -0.36100392684936949 4.3620788827165979 -0.55315330684408104 -0.18372855764991167
decision_type=2 2 2 2 2 2
left_child=1 3 -3 -1 -2 -6
right_child=4 2 -4 -5 5 -7
leaf_value=2.7135830518498859e-05 0.00083224698956612319 -0.00049679531585582995 -2.1911372216322743e-05 0.00085301389398556495 0.00041436385292607022 -0.00022872106606342102
leaf_weight=1140 40 234 777 60 77 72
leaf_count=1140 40 234 777 60 77 72
internal_value=1.36172e-07 -2.27911e-05 -0.000132589 6.97803e-05 0.000265779 0.000104698
internal_weight=2400 2211 1011 1200 189 149
internal_count=2400 2211 1011 1200 189 149
is_linear=0
shrinkage=0.04


Tree=97
num_leaves=7
num_cat=0
split_feature=16 18 64 81 47 80
split_gain=0.0090867 0.0153877 0.0218176 0.0135142 0.0112603 0.0114343
threshold=-0.62397340262108802 -0.38329433022933412 0.43453151221852032 -1.1817228940238584 -0.51532924114926593 0.14187646318676952
decision_type=2 2 2 2 2 2
left_child=4 2 -2 -3 -1 -6
right_child=1 3 -4 -5 5 -7
leaf_value=-0.00042883787818433856 -0.0004681758821796725 -0.0005176342912414435 0.00018779343536707682 4.3425721866201321e-05 5.1825137959094716e-05 0.00047894846748334379
leaf_weight=45 261 70 116 1493 248 167
leaf_count=45 261 70 116 1493 248 167
internal_value=1.76665e-07 -3.77543e-05 -0.000266413 1.76689e-05 0.000159617 0.000225176
internal_weight=2400 1940 377 1563 460 415
internal_count=2400 1940 377 1563 460 415
is_linear=0
shrinkage=0.04


Tree=98
num_leaves=8
num_cat=0
split_feature=99 14 82 63 105 63 26
split_gain=0.00910942 0.0181506 0.0248893 0.0233826 0.0139503 0.0132733 0.011919
threshold=0.79948403799794066 -0.36878484654714405 0.7203701808045907 0.19843579902934408 0.52698358311335258 1.0444050560116815 0.68086186462967713
decision_type=2 2 2 2 2 2 2
left_child=4 3 -3 -2 5 -1 -6
right_child=1 2 -4 -5 6 -7 -8
leaf_value=-3.4910982001708e-05 0.00086691325678167716 -0.00078802106027866137 -7.4089781997604761e-07 -0.00024130199895463757 0.00044253279275817837 0.00039412367111906627 -0.00029407335250356865
leaf_weight=1657 50 119 137 72 202 122 41
leaf_count=1657 50 119 137 72 202 122 41
internal_value=1.4786e-07 -0.000179554 -0.000369975 0.000219541 3.38861e-05 -5.07916e-06 0.000316863
internal_weight=2400 378 256 122 2022 1779 243
internal_count=2400 378 256 122 2022 1779 243
is_linear=0
shrinkage=0.04


Tree=99
num_leaves=8
num_cat=0
split_feature=66 97 88 87 11 92 63
split_gain=0.00913543 0.0133817 0.0123681 0.0115106 0.00933678 0.0106661 0.00819562
threshold=0.94105785981067747 1.1527146080582089 -0.090798289837204435 2.3194916472181135 -0.053484561153636714 0.55875339673564051 0.11416208045272506
decision_type=2 2 2 2 2 2 2
left_child=1 3 -3 -1 6 -6 -2
right_child=4 2 -4 -5 5 -7 -8
leaf_value=-1.7038008520776192e-05 0.00015366508425878627 -6.0210608490654884e-05 -0.00097804208518937241 0.00054956254288869902 0.00036177395542229837 -0.00047265948345992975 0.00094974311697296795
leaf_weight=2071 40 51 42 57 55 41 43
leaf_count=2071 40 51 42 57 55 41 43
internal_value=1.5342e-07 -2.20965e-05 -0.000486579 -1.35944e-06 0.000273421 3.02814e-06 0.000578734
internal_weight=2400 2221 93 2128 179 96 83
internal_count=2400 2221 93 2128 179 96 83
is_linear=0
shrinkage=0.04


Tree=100
num_leaves=5
num_cat=0
split_feature=73 106 61 87
split_gain=0.00907578 0.0107919 0.0196253 0.0129709
threshold=1.7031070882814923 0.97705631539002546 -0.41043713144080907 1.1810210358065631
decision_type=2 2 2 2
left_child=1 3 -3 -1
right_child=-2 2 -4 -5
leaf_value=-2.7167475493770503e-05 0.00050342037350804153 -0.00098315381588181486 -4.8823851837869018e-05 0.00025189914515184333
leaf_weight=1860 54 48 129 309
leaf_count=1860 54 48 129 309
internal_value=1.63497e-07 -1.18394e-05 -0.000310355 1.27843e-05
internal_weight=2400 2346 177 2169
internal_count=2400 2346 177 2169
is_linear=0
shrinkage=0.04


Tree=101
num_leaves=6
num_cat=0
split_feature=7 114 78 87 14
split_gain=0.00879754 0.013157 0.01197 0.0136953 0.00722329
threshold=1.7373409585310167 -0.24688724755911498 1.1801731666830124 1.2002164505361554 0.26993378652657951
decision_type=2 2 2 2 2
left_child=2 -2 3 -1 -4
right_child=1 -3 4 -5 -6
leaf_value=-4.6325115584613178e-05 -0.00080307648717074331 7.0181158945792886e-05 0.00013395939683640733 0.00025505678741251278 0.00070189656775134304
leaf_weight=1867 51 57 92 275 58
leaf_count=1867 51 57 92 275 58
internal_value=1.46836e-07 -0.000349294 1.69028e-05 -7.43046e-06 0.000359908
internal_weight=2400 108 2292 2142 150
internal_count=2400 108 2292 2142 150
is_linear=0
shrinkage=0.04


Tree=102
num_leaves=6
num_cat=0
split_feature=0 70 28 59 63
split_gain=0.00865693 0.0155527 0.0127372 0.00710705 0.00561314
threshold=1.1618258276950788 -1.3985110644756591 1.1893436458935873 0.68729538678104751 -0.20714866669430368
decision_type=2 2 2 2 2
left_child=1 -1 -3 4 -2
right_child=3 2 -4 -5 -6
leaf_value=0.00058753715340668954 0.0003040280780310981 -2.5042202852223315e-05 0.00035588755183282693 -0.00055874602860081697 -0.00030141672748549468
leaf_weight=73 41 2007 149 75 55
leaf_count=73 41 2007 149 75 55
internal_value=1.51345e-07 2.12884e-05 1.58908e-06 -0.000272433 -4.19137e-05
internal_weight=2400 2229 2156 171 96
internal_count=2400 2229 2156 171 96
is_linear=0
shrinkage=0.04


Tree=103
num_leaves=7
num_cat=0
split_feature=42 75 110 12 40 102
split_gain=0.00859119 0.0124597 0.0124469 0.0193523 0.0153806 0.0106941
threshold=-0.75453726991361159 -0.57766032113393384 1.1047577715668278 -0.19565457240891657 1.4994062671437645 -0.083556304608286044
decision_type=2 2 2 2 2 2
left_child=1 -1 4 -4 -2 -3
right_child=2 5 3 -5 -6 -7
leaf_value=-0.00035923402060655427 -8.7981720056643444e-05 0.00058479741073313584 0.00067066326842648032 -5.3137632690974186e-05 0.0005006770591559895 6.934921370413821e-05
leaf_weight=52 1775 119 97 146 72 139
leaf_count=52 1775 119 97 146 72 139
internal_value=1.57356e-07 0.000195962 -2.9045e-05 0.000238903 -6.45178e-05 0.000309764
internal_weight=2400 310 2090 243 1847 258
internal_count=2400 310 2090 243 1847 258
is_linear=0
shrinkage=0.04


Tree=104
num_leaves=7
num_cat=0
split_feature=66 35 12 11 92 63
split_gain=0.0084777 0.0127817 0.0126156 0.0085215 0.00827825 0.00787504
threshold=0.94105785981067747 1.0044928215116091 1.3424934246624993 -0.015046903250953012 0.46592545007293495 0.11416208045272506
decision_type=2 2 2 2 2 2
left_child=1 2 -1 5 -5 -2
right_child=3 -3 -4 4 -6 -7
leaf_value=-1.6614025633422062e-05 0.00012322881868881682 -0.00051447181058415195 0.00066774730941026716 0.0003275405025045734 -0.00043080757962473272 0.00087300327508710318
leaf_weight=2100 42 79 42 49 40 48
leaf_count=2100 42 79 42 49 40 48
internal_value=1.95197e-07 -2.12389e-05 -2.58479e-06 0.000263441 -1.52676e-05 0.000533394
internal_weight=2400 2221 2142 179 89 90
internal_count=2400 2221 2142 179 89 90
is_linear=0
shrinkage=0.04


Tree=105
num_leaves=6
num_cat=0
split_feature=1 83 66 97 11
split_gain=0.00815342 0.00991537 0.0094754 0.0113878 0.00773802
threshold=1.3213632171110399 -0.020817908166209795 0.94105785981067747 1.1527146080582089 -0.24011584670114736
decision_type=2 2 2 2 2
left_child=2 -2 3 -1 -4
right_child=1 -3 4 -5 -6
leaf_value=1.1235324458982735e-05 2.7395383175462488e-05 -0.00080281119116327971 0.00063331366537815539 -0.00045341749814476563 7.9497852502842842e-05
leaf_weight=2057 48 42 66 86 101
leaf_count=2057 48 42 66 86 101
internal_value=2.21681e-07 -0.000369064 1.49163e-05 -7.81688e-06 0.000303276
internal_weight=2400 90 2310 2143 167
internal_count=2400 90 2310 2143 167
is_linear=0
shrinkage=0.04


Tree=106
num_leaves=7
num_cat=0
split_feature=41 91 66 75 86 94
split_gain=0.00827114 0.0131157 0.0127083 0.0119374 0.00978547 0.00738326
threshold=-0.86539325558497426 0.96495694277589439 -0.52992462739980961 -0.21027660614698715 0.65339329336053409 0.44448687174017082
decision_type=2 2 2 2 2 2
left_child=3 2 -2 -1 -5 -3
right_child=1 5 -4 4 -6 -7
leaf_value=-0.00039859177248383109 -0.0001864535703671569 -0.00089101870854695639 4.8885469810931874e-05 0.00015448502235637741 0.00073405235928393345 -0.00013771222128222387
leaf_weight=42 477 40 1570 164 64 43
leaf_count=42 477 40 1570 164 64 43
internal_value=1.96001e-07 -2.63054e-05 -6.08263e-06 0.000207919 0.000322139 -0.000513175
internal_weight=2400 2130 2047 270 228 83
internal_count=2400 2130 2047 270 228 83
is_linear=0
shrinkage=0.04


Tree=107
num_leaves=6
num_cat=0
split_feature=10 74 74 11 94
split_gain=0.00824925 0.00895712 0.0302123 0.012805 0.00838886
threshold=-0.92683232344564903 0.43688332777447203 0.19962303638392528 -0.32786998957470287 -0.18944129899577264
decision_type=2 2 2 2 2
left_child=4 2 -2 -3 -1
right_child=1 3 -4 -5 -6
leaf_value=-9.5018711484347787e-05 1.4880504737275621e-05 0.0003508140293764369 -0.00043329182728904031 -1.4228515636463744e-05 0.00064374961019042997
leaf_weight=40 1306 225 293 476 60
leaf_count=40 1306 225 293 476 60
internal_value=1.65635e-07 -1.54317e-05 -6.76811e-05 0.000103604 0.000352173
internal_weight=2400 2300 1599 701 100
internal_count=2400 2300 1599 701 100
is_linear=0
shrinkage=0.04


Tree=108
num_leaves=5
num_cat=0
split_feature=73 66 117 1
split_gain=0.00809837 0.0104665 0.0200416 0.0106882
threshold=1.7031070882814923 -0.77061048672542309 -0.47236248834119815 1.3213632171110399
decision_type=2 2 2 2
left_child=1 2 -1 -3
right_child=-2 3 -4 -5
leaf_value=-0.00068441700780450714 0.00047556076207131684 4.5900978738776559e-05 -3.3541901305233907e-05 -0.00044424519323542518
leaf_weight=99 54 1872 303 72
leaf_count=99 54 1872 303 72
internal_value=1.74561e-07 -1.11636e-05 -0.000196427 2.73095e-05
internal_weight=2400 2346 402 1944
internal_count=2400 2346 402 1944
is_linear=0
shrinkage=0.04


Tree=109
num_leaves=8
num_cat=0
split_feature=102 98 114 81 40 40 114
split_gain=0.00813031 0.0176267 0.0188198 0.0169187 0.0151171 0.0142978 0.0105004
threshold=-0.32313143451406667 0.89793408563573773 0.15751715991411261 -0.41220900071381744 -0.23957248748434071 0.7372231831713697 1.1698863362485585
decision_type=2 2 2 2 2 2 2
left_child=3 4 -3 5 -2 -1 -5
right_child=1 2 -4 6 -6 -7 -8
leaf_value=-0.00039359541542569542 -0.00015289654371712251 0.00012977843710413093 -0.00070171270442428079 0.0001734952974916103 0.00011218501618990373 0.00022872761177319671 0.00081880654536441654
leaf_weight=161 608 66 123 521 788 91 42
leaf_count=161 608 66 123 521 788 91 42
internal_value=1.46237e-07 -5.26338e-05 -0.000413032 0.00010267 -3.31955e-06 -0.000168836 0.000224364
internal_weight=2400 1585 189 815 1396 252 563
internal_count=2400 1585 189 815 1396 252 563
is_linear=0
shrinkage=0.04


Tree=110
num_leaves=5
num_cat=0
split_feature=80 73 110 45
split_gain=0.00784951 0.00905133 0.0131563 0.0103433
threshold=-0.97647228623228643 -1.1785364332691226 1.0653922298850322 0.19003444893483259
decision_type=2 2 2 2
left_child=-1 3 -3 -2
right_child=1 2 -4 -5
leaf_value=0.00044438122895606346 -0.00060543924910811395 -2.9445410366762032e-05 0.00026750544338831204 0.00016593700395301417
leaf_weight=60 80 1949 270 41
leaf_count=60 80 1949 270 41
internal_value=1.47541e-07 -1.16128e-05 6.89486e-06 -0.000345616
internal_weight=2400 2340 2219 121
internal_count=2400 2340 2219 121
is_linear=0
shrinkage=0.04


Tree=111
num_leaves=6
num_cat=0
split_feature=7 114 78 87 14
split_gain=0.00803563 0.012339 0.0104293 0.0117689 0.00683787
threshold=1.7373409585310167 -0.24688724755911498 1.1801731666830124 1.2002164505361554 0.26993378652657951
decision_type=2 2 2 2 2
left_child=2 -2 3 -1 -4
right_child=1 -3 4 -5 -6
leaf_value=-4.2605788600670845e-05 -0.00077327987261529456 7.2270302354531776e-05 0.00011685534457160913 0.00023677691072771924 0.00066896916336069503
leaf_weight=1867 51 57 92 275 58
leaf_count=1867 51 57 92 275 58
internal_value=1.4973e-07 -0.000333817 1.61637e-05 -6.54991e-06 0.000336333
internal_weight=2400 108 2292 2142 150
internal_count=2400 108 2292 2142 150
is_linear=0
shrinkage=0.04


Tree=112
num_leaves=6
num_cat=0
split_feature=82 99 99 47 84
split_gain=0.0078988 0.0114339 0.0114147 0.01005 0.00890497
threshold=-0.65880442554174035 -0.93572729176021274 -0.068845652080120751 -0.41162391536519582 -0.35702722341867493
decision_type=2 2 2 2 2
left_child=3 4 -3 -1 -2
right_child=1 2 -4 -5 -6
leaf_value=-0.00079956299794668511 0.00077111629971150992 -0.00012429622416174342 6.4516665389635768e-05 4.8578192053877929e-05 0.00014957810314053337
leaf_weight=42 47 869 1242 45 155
leaf_count=42 47 869 1242 45 155
internal_value=1.53033e-07 1.43694e-05 -1.32529e-05 -0.000369636 0.000300336
internal_weight=2400 2313 2111 87 202
internal_count=2400 2313 2111 87 202
is_linear=0
shrinkage=0.04


Tree=113
num_leaves=8
num_cat=0
split_feature=80 81 42 39 88 24 112
split_gain=0.00769897 0.0184631 0.0172283 0.015505 0.0309276 0.0245267 0.015128
threshold=-0.39405799922565204 -0.36100392684936949 -0.36608366349545818 0.14669926922422702 -0.15369690858637619 -0.64486274186481807 -1.6587075672330696
decision_type=2 2 2 2 2 2 2
left_child=1 6 -3 5 -5 -2 -1
right_child=3 2 -4 4 -6 -7 -8
leaf_value=0.00047307801501967521 0.00047520573511560958 -3.6774311282849673e-05 0.000511005152267467 0.00042739840506788364 -9.8607870383807901e-05 -0.00022820919489913874 -0.00023314743727149273
leaf_weight=57 86 150 234 271 517 812 273
leaf_count=57 86 150 234 271 517 812 273
internal_value=1.50574e-07 0.000110061 0.000297947 -4.64703e-05 8.29143e-05 -0.000159938 -0.000109048
internal_weight=2400 714 384 1686 788 898 330
internal_count=2400 714 384 1686 788 898 330
is_linear=0
shrinkage=0.04


Tree=114
num_leaves=8
num_cat=0
split_feature=99 64 39 103 97 46 64
split_gain=0.00825438 0.0142119 0.0235617 0.0156105 0.0139033 0.0136232 0.0135788
threshold=0.79948403799794066 0.20264530738438258 0.70047521475170205 1.1455997730177008 0.2850148261400533 0.51429351539821655 0.9799035875746861
decision_type=2 2 2 2 2 2 2
left_child=4 3 -3 -2 6 -6 -1
right_child=1 2 -4 -5 5 -7 -8
leaf_value=-4.9827010792312074e-05 0.00033579375641050907 -0.00083380169541768666 7.129493240892432e-05 -0.00039943839126738579 8.9802177827610146e-05 0.00059144647040960908 0.00045065881041607457
leaf_weight=1515 124 99 84 71 296 121 90
leaf_count=1515 124 99 84 71 296 121 90
internal_value=1.87512e-07 -0.000170873 -0.000422068 6.67564e-05 3.23034e-05 0.000237492 -2.12364e-05
internal_weight=2400 378 183 195 2022 417 1605
internal_count=2400 378 183 195 2022 417 1605
is_linear=0
shrinkage=0.04


Tree=115
num_leaves=6
num_cat=0
split_feature=35 117 18 36 106
split_gain=0.00791949 0.0143846 0.0144765 0.0128562 0.0132432
threshold=0.69255167675375329 -0.47236248834119815 0.34792131986528158 0.77445646650301547 0.97705631539002546
decision_type=2 2 2 2 2
left_child=3 -2 -3 4 -1
right_child=1 2 -4 -5 -6
leaf_value=4.2651405981506011e-05 -0.00084871797698239486 -0.00041821421239444093 0.00016953410918250252 0.00071296948207228252 -0.00034776826908200747
leaf_weight=1896 43 113 159 41 148
leaf_count=1896 43 113 159 41 148
internal_value=1.88536e-07 -0.000186094 -7.59111e-05 2.84834e-05 1.407e-05
internal_weight=2400 315 272 2085 2044
internal_count=2400 315 272 2085 2044
is_linear=0
shrinkage=0.04


Tree=116
num_leaves=7
num_cat=0
split_feature=26 87 85 64 13 87
split_gain=0.00770409 0.0184805 0.0165998 0.0116021 0.0152557 0.0144781
threshold=1.0561155271011458 -0.7219260401861175 0.99646816728326426 0.52802752679214893 0.735240063170847 1.1548983705664269
decision_type=2 2 2 2 2 2
left_child=3 -2 -3 5 -5 -1
right_child=1 2 -4 4 -6 -7
leaf_value=-7.0190056507130644e-05 0.00050258197489061528 -0.000853631007604492 -1.3992908728929859e-05 9.0259892557206995e-05 0.00067921791928443685 0.00029266777258367735
leaf_weight=1517 40 76 73 414 83 197
leaf_count=1517 40 76 73 414 83 197
internal_value=1.58029e-07 -0.000243582 -0.000447899 2.11947e-05 0.000190945 -2.81922e-05
internal_weight=2400 189 149 2211 497 1714
internal_count=2400 189 149 2211 497 1714
is_linear=0
shrinkage=0.04


Tree=117
num_leaves=8
num_cat=0
split_feature=35 117 19 111 24 33 85
split_gain=0.00777779 0.0228073 0.0142629 0.0127327 0.0142751 0.0100029 0.00620962
threshold=0.6061947338071324 -0.47236248834119815 -0.17113946905244506 0.78640575644483568 0.64167566303809187 -0.26589219041237105 -0.16911460550423882
decision_type=2 2 2 2 2 2 2
left_child=3 6 -3 4 -1 -5 -2
right_child=1 2 -4 5 -6 -7 -8
leaf_value=-4.5466328573266043e-05 -0.00038232997281264277 -0.00068871835246682174 9.0246428848452832e-05 0.00060030936129002398 0.00033192001601847608 9.3477013169045498e-05 -0.0010900598550437107
leaf_weight=1539 44 41 298 101 177 160 40
leaf_count=1539 44 41 298 101 177 160 40
internal_value=1.72589e-07 -0.000155084 -7.4515e-06 3.35145e-05 -6.19903e-06 0.000292681 -0.000736857
internal_weight=2400 423 339 1977 1716 261 84
internal_count=2400 423 339 1977 1716 261 84
is_linear=0
shrinkage=0.04


Tree=118
num_leaves=7
num_cat=0
split_feature=35 14 47 35 25 117
split_gain=0.0076424 0.0115539 0.0159725 0.00964398 0.0207298 0.0177417
threshold=0.88250736842502919 -0.6803750401142804 1.0680650487711063 -0.58915087338368943 -0.91197141532417636 1.5171059116920229
decision_type=2 2 2 2 2 2
left_child=3 -2 -3 5 -5 -1
right_child=1 2 -4 4 -6 -7
leaf_value=-5.1398957724302362e-05 0.00032733447810945413 -0.00082188028249268732 6.0125082304390765e-05 0.00086226408743623681 4.3129027671316024e-05 -0.00082727489536269937
leaf_weight=510 40 73 58 49 1620 50
leaf_count=510 40 73 58 49 1620 50
internal_value=1.2936e-07 -0.000255985 -0.000436342 1.99893e-05 6.81812e-05 -0.000123371
internal_weight=2400 171 131 2229 1669 560
internal_count=2400 171 131 2229 1669 560
is_linear=0
shrinkage=0.04


Tree=119
num_leaves=6
num_cat=0
split_feature=0 70 66 4 107
split_gain=0.00755723 0.0135475 0.00986096 0.00714486 0.0073718
threshold=1.1618258276950788 -1.3985110644756591 -0.52992462739980961 -0.21384931036242288 -0.14124866575175463
decision_type=2 2 2 2 2
left_child=1 -1 -3 -2 -5
right_child=3 2 -4 4 -6
leaf_value=0.00054834553263305376 -0.00059864119510166347 -0.00014619403624306548 5.093823324176674e-05 -0.00041909183160967979 0.00022575481849798962
leaf_weight=73 60 540 1616 49 62
leaf_count=73 60 540 1616 49 62
internal_value=1.10608e-07 1.98596e-05 1.474e-06 -0.000254573 -6.12865e-05
internal_weight=2400 2229 2156 171 111
internal_count=2400 2229 2156 171 111
is_linear=0
shrinkage=0.04


end of trees

feature_importances:
Column_35=32
Column_14=23
Column_87=22
Column_106=22
Column_42=19
Column_63=18
Column_69=18
Column_82=17
Column_70=16
Column_40=15
Column_66=15
Column_75=15
Column_115=15
Column_80=14
Column_99=14
Column_114=14
Column_7=13
Column_28=13
Column_47=13
Column_110=13
Column_41=12
Column_78=12
Column_39=11
Column_59=11
Column_64=11
Column_117=11
Column_98=10
Column_100=10
Column_13=9
Column_24=9
Column_88=9
Column_102=9
Column_104=9
Column_67=8
Column_81=8
Column_10=7
Column_11=7
Column_73=7
Column_79=7
Column_86=7
Column_109=7
Column_16=6
Column_45=6
Column_112=6
Column_118=6
Column_36=5
Column_68=5
Column_94=5
Column_1=4
Column_34=4
Column_38=4
Column_46=4
Column_48=4
Column_60=4
Column_74=4
Column_84=4
Column_97=4
Column_105=4
Column_12=3
Column_18=3
Column_25=3
Column_26=3
Column_57=3
Column_72=3
Column_76=3
Column_85=3
Column_92=3
Column_108=3
Column_111=3
Column_0=2
Column_23=2
Column_32=2
Column_33=2
Column_61=2
Column_83=2
Column_96=2
Column_116=2
Column_4=1
Column_5=1
Column_17=1
Column_19=1
Column_20=1
Column_43=1
Column_53=1
Column_91=1
Column_103=1
Column_107=1
Column_113=1

parameters:
[boosting: gbdt]
[objective: regression]
[metric: l2]
[tree_learner: serial]
[device_type: cpu]
[data_sample_strategy: bagging]
[data: ]
[valid: ]
[num_iterations: 120]
[learning_rate: 0.04]
[num_leaves: 15]
[num_threads: 2]
[seed: 42]
[deterministic: 1]
[force_col_wise: 1]
[force_row_wise: 0]
[histogram_pool_size: -1]
[max_depth: 3]
[min_data_in_leaf: 40]
[min_sum_hessian_in_leaf: 0.001]
[bagging_fraction: 0.85]
[pos_bagging_fraction: 1]
[neg_bagging_fraction: 1]
[bagging_freq: 0]
[bagging_seed: 400]
[bagging_by_query: 0]
[feature_fraction: 0.8]
[feature_fraction_bynode: 1]
[feature_fraction_seed: 30056]
[extra_trees: 0]
[extra_seed: 12879]
[early_stopping_round: 0]
[early_stopping_min_delta: 0]
[first_metric_only: 0]
[max_delta_step: 0]
[lambda_l1: 0]
[lambda_l2: 2]
[linear_lambda: 0]
[min_gain_to_split: 0]
[drop_rate: 0.1]
[max_drop: 50]
[skip_drop: 0.5]
[xgboost_dart_mode: 0]
[uniform_drop: 0]
[drop_seed: 17869]
[top_rate: 0.2]
[other_rate: 0.1]
[min_data_per_group: 100]
[max_cat_threshold: 32]
[cat_l2: 10]
[cat_smooth: 10]
[max_cat_to_onehot: 4]
[top_k: 20]
[monotone_constraints: ]
[monotone_constraints_method: basic]
[monotone_penalty: 0]
[feature_contri: ]
[forcedsplits_filename: ]
[refit_decay_rate: 0.9]
[cegb_tradeoff: 1]
[cegb_penalty_split: 0]
[cegb_penalty_feature_lazy: ]
[cegb_penalty_feature_coupled: ]
[path_smooth: 0]
[interaction_constraints: ]
[verbosity: -1]
[saved_feature_importance_type: 0]
[use_quantized_grad: 0]
[num_grad_quant_bins: 4]
[quant_train_renew_leaf: 0]
[stochastic_rounding: 1]
[linear_tree: 0]
[max_bin: 255]
[max_bin_by_feature: ]
[min_data_in_bin: 3]
[bin_construct_sample_cnt: 200000]
[data_random_seed: 175]
[is_enable_sparse: 1]
[enable_bundle: 1]
[use_missing: 1]
[zero_as_missing: 0]
[feature_pre_filter: 1]
[pre_partition: 0]
[two_round: 0]
[header: 0]
[label_column: ]
[weight_column: ]
[group_column: ]
[ignore_column: ]
[categorical_feature: ]
[forcedbins_filename: ]
[precise_float_parser: 0]
[parser_config_file: ]
[objective_seed: 16083]
[num_class: 1]
[is_unbalance: 0]
[scale_pos_weight: 1]
[sigmoid: 1]
[boost_from_average: 1]
[reg_sqrt: 0]
[alpha: 0.9]
[fair_c: 1]
[poisson_max_delta_step: 0.7]
[tweedie_variance_power: 1.5]
[lambdarank_truncation_level: 30]
[lambdarank_norm: 1]
[label_gain: ]
[lambdarank_position_bias_regularization: 0]
[eval_at: ]
[multi_error_top_k: 1]
[auc_mu_weights: ]
[num_machines: 1]
[local_listen_port: 12400]
[time_out: 120]
[machine_list_filename: ]
[machines: ]
[gpu_platform_id: -1]
[gpu_device_id: -1]
[gpu_device_id_list: ]
[gpu_use_dp: 0]
[num_gpu: 1]

end of parameters

pandas_categorical:null
